energy_ev,total_up,total_down,Mn_p_up,Mn_p_down,Mn_d_up,Mn_d_down,N_s_up,N_s_down,N_p_up,N_p_down,Ni_p_up,Ni_p_down,Ni_d_up,Ni_d_down,S_s_up,S_s_down,S_p_up,S_p_down
-6.00000000,0.45176685,-0.45149778,0.18816607,-0.18804007,0.01418954,-0.01418988,0.00030234,-0.00030293,0.04114319,-0.04111643,0.07090810,-0.07086757,0.06587733,-0.06582534,0.00349157,-0.00348910,0.23048287,-0.23035421
-5.99399700,0.46260076,-0.46238330,0.19284095,-0.19273840,0.01429317,-0.01429381,0.00030224,-0.00030286,0.04216236,-0.04213988,0.07259490,-0.07256106,0.06760828,-0.06756412,0.00355178,-0.00354971,0.23602890,-0.23592739
-5.98799400,0.47097682,-0.47081539,0.19637447,-0.19629731,0.01441949,-0.01442054,0.00030270,-0.00030334,0.04295942,-0.04294166,0.07393636,-0.07391001,0.06894258,-0.06890686,0.00359812,-0.00359648,0.24031100,-0.24023878
-5.98199100,0.47670259,-0.47659981,0.19868848,-0.19863798,0.01455608,-0.01455754,0.00030333,-0.00030400,0.04351821,-0.04350544,0.07490358,-0.07488516,0.06985788,-0.06983098,0.00362822,-0.00362702,0.24323213,-0.24319039
-5.97598799,0.47967845,-0.47963498,0.19973924,-0.19971595,0.01469684,-0.01469860,0.00030388,-0.00030457,0.04383123,-0.04382350,0.07548424,-0.07547382,0.07034399,-0.07032600,0.00364053,-0.00363978,0.24474208,-0.24473107
-5.96998499,0.47990114,-0.47991567,0.19951904,-0.19952275,0.01484191,-0.01484377,0.00030420,-0.00030491,0.04389991,-0.04389711,0.07568316,-0.07568046,0.07040353,-0.07039430,0.00363436,-0.00363405,0.24483946,-0.24485842
-5.96398199,0.47746511,-0.47753431,0.19805684,-0.19808660,0.01499760,-0.01499923,0.00030428,-0.00030499,0.04373475,-0.04373655,0.07552252,-0.07552687,0.07005225,-0.07005133,0.00360984,-0.00360996,0.24357238,-0.24361956
-5.95797899,0.47256122,-0.47267986,0.19541789,-0.19547201,0.01517622,-0.01517719,0.00030418,-0.00030489,0.04335517,-0.04336106,0.07504172,-0.07505213,0.06931889,-0.06932555,0.00356792,-0.00356842,0.24103794,-0.24111062
-5.95197599,0.46547313,-0.46563413,0.19170231,-0.19177842,0.01539589,-0.01539569,0.00030408,-0.00030479,0.04278915,-0.04279844,0.07429691,-0.07431200,0.06824468,-0.06825795,0.00351027,-0.00351111,0.23738044,-0.23747501
-5.94597299,0.45657121,-0.45676587,0.18704264,-0.18713775,0.01568032,-0.01567833,0.00030425,-0.00030493,0.04207261,-0.04208444,0.07336003,-0.07337813,0.06688250,-0.06690115,0.00343927,-0.00344037,0.23278839,-0.23290040
-5.93996998,0.44630443,-0.44652259,0.18160062,-0.18171118,0.01605849,-0.01605403,0.00030500,-0.00030565,0.04124858,-0.04126195,0.07231762,-0.07233680,0.06529565,-0.06531825,0.00335788,-0.00335919,0.22749047,-0.22761476
-5.93396698,0.43519026,-0.43542058,0.17556316,-0.17568519,0.01656434,-0.01655666,0.00030674,-0.00030734,0.04036622,-0.04038000,0.07126924,-0.07128730,0.06355632,-0.06358128,0.00326959,-0.00327102,0.22175052,-0.22188137
-5.92796398,0.42380315,-0.42403342,0.16913782,-0.16926702,0.01723638,-0.01722468,0.00030989,-0.00031043,0.03947955,-0.03949255,0.07032560,-0.07034015,0.06174390,-0.06176948,0.00317828,-0.00317975,0.21586188,-0.21599311
-5.92196098,0.41276197,-0.41297940,0.16254789,-0.16267973,0.01811724,-0.01810068,0.00031491,-0.00031538,0.03864622,-0.03865715,0.06960644,-0.06961498,0.05994303,-0.05996742,0.00308814,-0.00308955,0.21014109,-0.21026628
-5.91595798,0.40271669,-0.40290824,0.15602733,-0.15615721,0.01925320,-0.01923093,0.00032227,-0.00032266,0.03792597,-0.03793354,0.06923828,-0.06923821,0.05824159,-0.05826295,0.00300351,-0.00300478,0.20492145,-0.20503406
-5.90995498,0.39433489,-0.39448764,0.14981573,-0.14993906,0.02069370,-0.02066488,0.00033244,-0.00033275,0.03737923,-0.03738213,0.06935190,-0.06934061,0.05672866,-0.05674515,0.00292882,-0.00292986,0.20054633,-0.20063989
-5.90395198,0.38828847,-0.38838991,0.14415343,-0.14426578,0.02249076,-0.02245458,0.00034585,-0.00034607,0.03706552,-0.03706252,0.07007983,-0.07005476,0.05549250,-0.05550234,0.00286842,-0.00286915,0.19736278,-0.19743106
-5.89794897,0.38524080,-0.38527919,0.13927701,-0.13937420,0.02469842,-0.02465411,0.00036290,-0.00036302,0.03704199,-0.03703191,0.07155375,-0.07151245,0.05461863,-0.05462016,0.00282653,-0.00282687,0.19571531,-0.19575246
-5.89194597,0.38583474,-0.38579940,0.13541519,-0.13549342,0.02737218,-0.02731905,0.00038392,-0.00038395,0.03736194,-0.03734371,0.07390182,-0.07384201,0.05418807,-0.05417978,0.00280709,-0.00280697,0.19594018,-0.19594090
-5.88594297,0.39068168,-0.39056324,0.13278530,-0.13284120,0.03056835,-0.03050580,0.00040917,-0.00040909,0.03807339,-0.03804610,0.07724612,-0.07716576,0.05427574,-0.05425632,0.00281370,-0.00281306,0.19836021,-0.19831987
-5.87993997,0.40035171,-0.40014237,0.13159030,-0.13162100,0.03434347,-0.03427103,0.00043880,-0.00043863,0.03921782,-0.03918071,0.08170008,-0.08159743,0.05494914,-0.05491748,0.00284955,-0.00284835,0.20328023,-0.20319498
-5.87393697,0.41536512,-0.41505886,0.13201625,-0.13201947,0.03875370,-0.03867103,0.00047287,-0.00047261,0.04082900,-0.04078151,0.08736599,-0.08723966,0.05626714,-0.05622242,0.00291733,-0.00291555,0.21098309,-0.21084998
-5.86793397,0.43618506,-0.43577778,0.13423045,-0.13420452,0.04385416,-0.04376110,0.00051131,-0.00051098,0.04293196,-0.04287375,0.09433267,-0.09418167,0.05827920,-0.05822084,0.00301922,-0.00301683,0.22172631,-0.22154336
-5.86193097,0.46321146,-0.46270110,0.13837993,-0.13832381,0.04969837,-0.04959492,0.00055395,-0.00055356,0.04554217,-0.04547311,0.10267320,-0.10249699,0.06102467,-0.06095238,0.00315682,-0.00315384,0.23573927,-0.23550548
-5.85592796,0.49677592,-0.49616256,0.14459029,-0.14450360,0.05633757,-0.05622391,0.00060047,-0.00060004,0.04866483,-0.04858506,0.11244290,-0.11224141,0.06453239,-0.06444617,0.00333117,-0.00332760,0.25322078,-0.25293623
-5.84992496,0.53713762,-0.53642346,0.15296486,-0.15284786,0.06382004,-0.06369660,0.00065044,-0.00064997,0.05229449,-0.05220438,0.12367743,-0.12345111,0.06882050,-0.06872065,0.00354269,-0.00353858,0.27433705,-0.27400285
-5.84392196,0.58447989,-0.58366926,0.16358393,-0.16343750,0.07219049,-0.07205785,0.00070328,-0.00070281,0.05641479,-0.05631495,0.13639116,-0.13614099,0.07389641,-0.07378352,0.00379126,-0.00378665,0.29921980,-0.29883809
-5.83791896,0.63890739,-0.63800666,0.17650403,-0.17632970,0.08148922,-0.08134820,0.00075833,-0.00075788,0.06099844,-0.06088972,0.15057582,-0.15030328,0.07975694,-0.07963184,0.00407616,-0.00407111,0.32796448,-0.32753842
-5.83191596,0.70044359,-0.69946108,0.19175723,-0.19155707,0.09175142,-0.09160302,0.00081481,-0.00081440,0.06600750,-0.06589098,0.16619937,-0.16590647,0.08638854,-0.08625232,0.00439613,-0.00439072,0.36062843,-0.36016212
-5.82591296,0.76902855,-0.76797438,0.20935019,-0.20912681,0.10300617,-0.10285160,0.00087186,-0.00087151,0.07139385,-0.07127081,0.18320528,-0.18289455,0.09376766,-0.09362160,0.00474943,-0.00474374,0.39722889,-0.39672732
-5.81990995,0.84451675,-0.84340263,0.22926308,-0.22901958,0.11527554,-0.11511617,0.00092857,-0.00092831,0.07709991,-0.07697179,0.20151216,-0.20118658,0.10186102,-0.10170662,0.00513382,-0.00512795,0.43774085,-0.43720978
-5.81390695,0.92667497,-0.92551401,0.25144837,-0.25118827,0.12857345,-0.12841080,0.00098396,-0.00098381,0.08305959,-0.08292799,0.22101376,-0.22067675,0.11062610,-0.11046497,0.00554665,-0.00554069,0.48209452,-0.48154041
-5.80790395,1.01518019,-1.01398666,0.27582931,-0.27555652,0.14290447,-0.14274021,0.00103708,-0.00103707,0.08919948,-0.08906610,0.24157944,-0.24123476,0.12001145,-0.11984533,0.00598489,-0.00597894,0.53017272,-0.52960261
-5.80190095,1.10961763,-1.10840667,0.30229844,-0.30201715,0.15826252,-0.15809840,0.00108696,-0.00108711,0.09544017,-0.09530679,0.26305499,-0.26270671,0.12995705,-0.12978775,0.00644517,-0.00643934,0.58180800,-0.58122939
-5.79589795,1.20947896,-1.20826633,0.33071600,-0.33043066,0.17462944,-0.17446731,0.00113270,-0.00113301,0.10169784,-0.10156625,0.28526405,-0.28491645,0.14039465,-0.14022401,0.00692387,-0.00691825,0.63677978,-0.63620050
-5.78989495,1.31416108,-1.31296285,0.36090849,-0.36062373,0.19197363,-0.19181536,0.00117344,-0.00117394,0.10788584,-0.10775782,0.30800982,-0.30766733,0.15124807,-0.15107792,0.00741713,-0.00741183,0.69481160,-0.69423968
-5.78389195,1.42296560,-1.42179789,0.39266753,-0.39238806,0.21024858,-0.21009606,0.00120843,-0.00120912,0.11391650,-0.11379377,0.33107736,-0.33074443,0.16243347,-0.16226559,0.00792094,-0.00791604,0.75556880,-0.75501235
-5.77788894,1.53509953,-1.53397820,0.42574914,-0.42547972,0.22939155,-0.22924665,0.00123704,-0.00123793,0.11970285,-0.11958702,0.35423622,-0.35391725,0.17385970,-0.17369581,0.00843120,-0.00842678,0.81865683,-0.81812389
-5.77188594,1.64967748,-1.64861789,0.45987377,-0.45961912,0.24932246,-0.24918698,0.00125876,-0.00125986,0.12516043,-0.12505298,0.37724354,-0.37694280,0.18542865,-0.18527036,0.00894377,-0.00893990,0.88362055,-0.88311900
-5.76588294,1.76572596,-1.76474266,0.49472711,-0.49449185,0.26994301,-0.26981869,0.00127324,-0.00127454,0.13020899,-0.13011121,0.39984748,-0.39956899,0.19703571,-0.19688452,0.00945457,-0.00945131,0.94994495,-0.94948234
-5.75987994,1.88219002,-1.88129656,0.52996201,-0.52975057,0.29113624,-0.29102466,0.00128027,-0.00128176,0.13477411,-0.13468710,0.42179104,-0.42153847,0.20857045,-0.20842768,0.00995965,-0.00995704,1.01705737,-1.01664084
-5.75387694,1.99794284,-1.99715151,0.56520159,-0.56501815,0.31276653,-0.31266917,0.00127982,-0.00128149,0.13878870,-0.13871333,0.44281603,-0.44259270,0.21991736,-0.21978420,0.01045527,-0.01045335,1.08433179,-1.08396795
-5.74787394,2.11179837,-2.11112001,0.60004361,-0.59989203,0.33468032,-0.33459847,0.00127200,-0.00127383,0.14219427,-0.14213117,0.46266745,-0.46247616,0.23095698,-0.23083446,0.01093803,-0.01093681,1.15109529,-1.15079007
-5.74187094,2.22252739,-2.22197124,0.63406627,-0.63395002,0.35670744,-0.35664218,0.00125708,-0.00125905,0.14494203,-0.14489158,0.48109780,-0.48094086,0.24156726,-0.24145619,0.01140494,-0.01140441,1.21663678,-1.21639541
-5.73586793,2.32887690,-2.32845041,0.66683530,-0.66675739,0.37866321,-0.37861541,0.00123546,-0.00123755,0.14699375,-0.14695608,0.49787166,-0.49775078,0.25162511,-0.25152616,0.01185354,-0.01185370,1.28021825,-1.28004509
-5.72986493,2.42959273,-2.42930145,0.69791235,-0.69787528,0.40035136,-0.40032167,0.00120767,-0.00120986,0.14832236,-0.14829736,0.51277009,-0.51268640,0.26100849,-0.26092212,0.01228203,-0.01228283,1.34108819,-1.34098667
-5.72386193,2.52344499,-2.52329250,0.72686442,-0.72687010,0.42156773,-0.42155654,0.00117436,-0.00117663,0.14891232,-0.14889965,0.52559504,-0.52554905,0.26959854,-0.26952503,0.01268935,-0.01269076,1.39849719,-1.39846978
-5.71785893,2.60925582,-2.60924363,0.75327413,-0.75332388,0.44210465,-0.44211208,0.00113626,-0.00113857,0.14875969,-0.14875881,0.53617347,-0.53616510,0.27728211,-0.27722159,0.01307531,-0.01307725,1.45171525,-1.45176335
-5.71185593,2.68592853,-2.68605608,0.77675057,-0.77684500,0.46175594,-0.46178185,0.00109417,-0.00109650,0.14787204,-0.14788221,0.54436124,-0.54438979,0.28395446,-0.28390686,0.01344063,-0.01344304,1.50005031,-1.50017420
-5.70585293,2.75247735,-2.75274198,0.79694015,-0.79707922,0.48032239,-0.48036635,0.00104894,-0.00105127,0.14626799,-0.14628833,0.55004644,-0.55011066,0.28952200,-0.28948709,0.01378708,-0.01378987,1.54286730,-1.54306614
-5.69984992,2.80805646,-2.80845345,0.81353734,-0.81372028,0.49761742,-0.49767874,0.00100147,-0.00100376,0.14397667,-0.14400616,0.55315235,-0.55325046,0.29390506,-0.29388244,0.01411743,-0.01412050,1.57960719,-1.57987898
-5.69384692,2.85198718,-2.85250984,0.82629452,-0.82651986,0.51347287,-0.51355058,0.00095265,-0.00095489,0.14103689,-0.14107442,0.55363963,-0.55376937,0.29704053,-0.29702966,0.01443552,-0.01443877,1.60980497,-1.61014660
-5.68784392,2.88378213,-2.88442186,0.83503077,-0.83529635,0.52774444,-0.52783730,0.00090338,-0.00090555,0.13749618,-0.13754056,0.55150785,-0.55166654,0.29888428,-0.29888444,0.01474617,-0.01474948,1.63310603,-1.63351324
-5.68184092,2.90316499,-2.90391150,0.83963907,-0.83994205,0.54031669,-0.54042325,0.00085457,-0.00085665,0.13340964,-0.13345966,0.54679618,-0.54698080,0.29941317,-0.29942352,0.01505513,-0.01505839,1.64927987,-1.64974740
-5.67583792,2.91008499,-2.91092639,0.84009147,-0.84042842,0.55110733,-0.55122590,0.00080708,-0.00080906,0.12883872,-0.12889316,0.53958321,-0.53979046,0.29862658,-0.29864613,0.01536891,-0.01537201,1.65823072,-1.65875231
-5.66983492,2.90472497,-2.90564808,0.83644216,-0.83680908,0.56007038,-0.56019911,0.00076176,-0.00076363,0.12384989,-0.12390754,0.52998587,-0.53021224,0.29654739,-0.29657505,0.01569463,-0.01569744,1.66000417,-1.66057274
-5.66383192,2.88750258,-2.88849311,0.82882797,-0.82922040,0.56719834,-0.56733521,0.00071942,-0.00072117,0.11851321,-0.11857291,0.51815740,-0.51839926,0.29322227,-0.29325682,0.01603977,-0.01604218,1.65478964,-1.65539735
-5.65782891,2.85906413,-2.86010703,0.81746640,-0.81787951,0.57252284,-0.57266576,0.00068085,-0.00068247,0.11290094,-0.11296158,0.50428448,-0.50453814,0.28872123,-0.28876139,0.01641190,-0.01641381,1.64291812,-1.64355659
-5.65182591,2.82027111,-2.82135081,0.80265112,-0.80307978,0.57611403,-0.57626084,0.00064678,-0.00064827,0.10708609,-0.10714664,0.48858345,-0.48884523,0.28313653,-0.28318091,0.01681838,-0.01681970,1.62485546,-1.62551594
-5.64582291,2.77217959,-2.77328038,0.78474496,-0.78518391,0.57807850,-0.57822706,0.00061792,-0.00061928,0.10114101,-0.10120054,0.47129580,-0.47156214,0.27658076,-0.27662795,0.01726607,-0.01726672,1.60119106,-1.60186456
-5.63981991,2.71601331,-2.71711963,0.76417087,-0.76461480,0.57855582,-0.57870403,0.00059495,-0.00059617,0.09513608,-0.09519376,0.45268310,-0.45295055,0.26918438,-0.26923293,0.01776097,-0.01776087,1.57262246,-1.57330000
-5.63381691,2.65313119,-2.65422794,0.74140083,-0.74184447,0.57771389,-0.57785977,0.00057848,-0.00057958,0.08913848,-0.08919356,0.43302126,-0.43328661,0.26109257,-0.26114102,0.01830791,-0.01830701,1.53993632,-1.54060913
-5.62781391,2.58499051,-2.58606341,0.71694336,-0.71738165,0.57574325,-0.57588497,0.00056912,-0.00057010,0.08321101,-0.08326289,0.41259467,-0.41285493,0.25246165,-0.25250858,0.01891027,-0.01890855,1.50398658,-1.50464626
-5.62181091,2.51310723,-2.51414308,0.69132999,-0.69175813,0.57285055,-0.57298650,0.00056740,-0.00056826,0.07741119,-0.07745934,0.39169000,-0.39194250,0.24345518,-0.24349920,0.01956973,-0.01956718,1.46567047,-1.46630920
-5.61580790,2.43901475,-2.44000168,0.66510113,-0.66551472,0.56925156,-0.56938035,0.00057382,-0.00057457,0.07179041,-0.07183443,0.37059014,-0.37083251,0.23423976,-0.23427957,0.02028607,-0.02028271,1.42590340,-1.42651406
-5.60980490,2.36422279,-2.36515047,0.63879196,-0.63918703,0.56516390,-0.56528445,0.00058880,-0.00058945,0.06639330,-0.06643288,0.34956829,-0.34979853,0.22498089,-0.22501527,0.02105703,-0.02105291,1.38559357,-1.38616994
-5.60380190,2.29017774,-2.29103756,0.61291863,-0.61329175,0.56079991,-0.56091141,0.00061271,-0.00061326,0.06125735,-0.06129228,0.32888250,-0.32909894,0.21583878,-0.21586663,0.02187826,-0.02187343,1.34561735,-1.34615418
-5.59779890,2.21822606,-2.21901123,0.58796549,-0.58831379,0.55635984,-0.55646181,0.00064582,-0.00064627,0.05641264,-0.05644283,0.30877065,-0.30897200,0.20696448,-0.20698487,0.02274333,-0.02273788,1.30679615,-1.30728924
-5.59179590,2.14958178,-2.15028740,0.56437352,-0.56469472,0.55202572,-0.55211797,0.00068829,-0.00068866,0.05188189,-0.05190728,0.28944619,-0.28963150,0.19849637,-0.19850848,0.02364384,-0.02363787,1.26987567,-1.27032195
-5.58579290,2.08529922,-2.08592227,0.54253051,-0.54282292,0.54795604,-0.54803870,0.00074018,-0.00074047,0.04768054,-0.04770119,0.27109462,-0.27126328,0.19055703,-0.19056023,0.02456958,-0.02456322,1.23550818,-1.23590570
-5.57978989,2.02625169,-2.02679099,0.52276308,-0.52302561,0.54428156,-0.54435503,0.00080140,-0.00080162,0.04381721,-0.04383322,0.25387087,-0.25402260,0.18325074,-0.18324456,0.02550881,-0.02550218,1.20423836,-1.20458626
-5.57378689,1.97311676,-1.97357288,0.50533097,-0.50556311,0.54110221,-0.54116713,0.00087170,-0.00087186,0.04029414,-0.04030566,0.23789755,-0.23803236,0.17666159,-0.17664576,0.02644850,-0.02644175,1.17649298,-1.17679147
-5.56778389,1.92636824,-1.92674333,0.49042359,-0.49062534,0.53848530,-0.53854252,0.00095068,-0.00095078,0.03710786,-0.03711510,0.22326422,-0.22338237,0.17085227,-0.17082668,0.02737473,-0.02736802,1.15257487,-1.15282514
-5.56178089,1.88627501,-1.88657267,0.47815883,-0.47833069,0.53646492,-0.53651547,0.00103772,-0.00103778,0.03424996,-0.03425316,0.21002752,-0.21012951,0.16586350,-0.16582821,0.02827308,-0.02826656,1.13266094,-1.13286506
-5.55577789,1.85290641,-1.85313143,0.46858431,-0.46872719,0.53504266,-0.53508769,0.00113203,-0.00113205,0.03170792,-0.03170734,0.19821221,-0.19829874,0.16171420,-0.16166943,0.02912898,-0.02912279,1.11680449,-1.11696528
-5.54977489,1.82614376,-1.82630194,0.46168073,-0.46179590,0.53418944,-0.53423014,0.00123262,-0.00123261,0.02946596,-0.02946189,0.18781313,-0.18788503,0.15840227,-0.15834840,0.02992813,-0.02992243,1.10494131,-1.10506223
-5.54377189,1.80569739,-1.80579526,0.45736728,-0.45745628,0.53384836,-0.53388597,0.00133828,-0.00133824,0.02750594,-0.02749867,0.17879777,-0.17885600,0.15590604,-0.15584359,0.03065690,-0.03065182,1.09689943,-1.09698441
-5.53776888,1.79112836,-1.79117297,0.45550886,-0.45557346,0.53393850,-0.53397422,0.00144762,-0.00144756,0.02580824,-0.02579805,0.17110962,-0.17115522,0.15418620,-0.15411579,0.03130264,-0.03129830,1.09241197,-1.09246529
-5.53176588,1.78187404,-1.78187269,0.45592474,-0.45596685,0.53435940,-0.53439436,0.00155907,-0.00155899,0.02435254,-0.02433970,0.16467198,-0.16470602,0.15318823,-0.15311057,0.03185403,-0.03185053,1.09113259,-1.09115871
-5.52576288,1.77727643,-1.77723645,0.45839839,-0.45841998,0.53499610,-0.53503133,0.00167090,-0.00167081,0.02311856,-0.02310336,0.15939216,-0.15941574,0.15284515,-0.15276105,0.03230130,-0.03229874,1.09265291,-1.09265633
-5.51975988,1.77661226,-1.77654081,0.46268802,-0.46269108,0.53572450,-0.53576088,0.00178127,-0.00178117,0.02208678,-0.02206945,0.15516598,-0.15518015,0.15308058,-0.15299089,0.03263651,-0.03263494,1.09652126,-1.09650641
-5.51375688,1.77912361,-1.77902747,0.46853746,-0.46852394,0.53641691,-0.53645516,0.00188825,-0.00188815,0.02123889,-0.02121966,0.15188233,-0.15188810,0.15381190,-0.15371748,0.03285361,-0.03285309,1.10226199,-1.10223309
-5.50775388,1.78404819,-1.78393362,0.47568699,-0.47565874,0.53694743,-0.53698809,0.00198987,-0.00198978,0.02055830,-0.02053738,0.14942768,-0.14942599,0.15495340,-0.15485512,0.03294861,-0.03294914,1.10939478,-1.10935573
-5.50175088,1.79064789,-1.79052048,0.48388356,-0.48384231,0.53719717,-0.53724060,0.00208418,-0.00208410,0.02003041,-0.02000795,0.14769041,-0.14768209,0.15641937,-0.15631811,0.03291955,-0.03292115,1.11745295,-1.11740727
-5.49574787,1.79823485,-1.79809943,0.49289014,-0.49283746,0.53705897,-0.53710534,0.00216930,-0.00216924,0.01964281,-0.01961896,0.14656478,-0.14655056,0.15812696,-0.15802353,0.03276654,-0.03276918,1.12600050,-1.12595125
-5.48974487,1.80619397,-1.80605455,0.50249378,-0.50243108,0.53644146,-0.53649079,0.00224345,-0.00224341,0.01938534,-0.01936020,0.14595446,-0.14593494,0.15999867,-0.15989385,0.03249166,-0.03249531,1.13464679,-1.13459652
-5.48374187,1.81400120,-1.81386092,0.51251204,-0.51244053,0.53527245,-0.53532457,0.00230506,-0.00230504,0.01925005,-0.01922370,0.14577538,-0.14575104,0.16196448,-0.16185895,0.03209886,-0.03210347,1.14305876,-1.14300950
-5.47773887,1.82123687,-1.82109806,0.52279757,-0.52271831,0.53350131,-0.53355593,0.00235276,-0.00235276,0.01923108,-0.01920356,0.14595799,-0.14592918,0.16396343,-0.16385782,0.03159381,-0.03159929,1.15096991,-1.15092318
-5.47173587,1.82759386,-1.82745802,0.53324076,-0.53315465,0.53110049,-0.53115719,0.00238546,-0.00238549,0.01932439,-0.01929570,0.14644871,-0.14641564,0.16594468,-0.16583952,0.03098370,-0.03098998,1.15818602,-1.15814283
-5.46573287,1.83288019,-1.83274808,0.54377025,-0.54367805,0.52806591,-0.52812421,0.00240237,-0.00240243,0.01952745,-0.01949758,0.14721055,-0.14717331,0.16786806,-0.16776380,0.03027707,-0.03028405,1.16458721,-1.16454812
-5.45972986,1.83701631,-1.83688808,0.55435153,-0.55425388,0.52441643,-0.52447579,0.00240305,-0.00240314,0.01983892,-0.01980782,0.14822296,-0.14818154,0.16970398,-0.16960097,0.02948353,-0.02949112,1.17012661,-1.17009179
-5.45372686,1.84002730,-1.83990257,0.56498359,-0.56488107,0.52019230,-0.52025216,0.00238740,-0.00238751,0.02025819,-0.02022580,0.14948083,-0.14943512,0.17143291,-0.17133141,0.02861356,-0.02862165,1.17482557,-1.17479484
-5.44772386,1.84203059,-1.84190856,0.57569401,-0.57558716,0.51545272,-0.51551253,0.00235567,-0.00235581,0.02078498,-0.02075123,0.15099281,-0.15094263,0.17304433,-0.17294453,0.02767825,-0.02768673,1.17876593,-1.17873889
-5.44172086,1.84321982,-1.84309945,0.58653271,-0.58642207,0.51027268,-0.51033195,0.00230846,-0.00230863,0.02141891,-0.02138371,0.15277891,-0.15272401,0.17453537,-0.17443737,0.02668900,-0.02669777,1.18207979,-1.18205587
-5.43571786,1.84384600,-1.84372613,0.59756478,-0.59745093,0.50473921,-0.50479750,0.00224671,-0.00224690,0.02215908,-0.02212232,0.15486757,-0.15480768,0.17590918,-0.17581305,0.02565734,-0.02566630,1.18493728,-1.18491585
-5.42971486,1.84419686,-1.84407633,0.60886279,-0.60874636,0.49894728,-0.49900424,0.00217162,-0.00217183,0.02300366,-0.02296524,0.15729233,-0.15722717,0.17717318,-0.17707891,0.02459462,-0.02460368,1.18753319,-1.18751361
-5.42371186,1.84457551,-1.84445329,0.62049898,-0.62038069,0.49299547,-0.49305085,0.00208468,-0.00208490,0.02394961,-0.02390942,0.16008828,-0.16001760,0.17833723,-0.17824479,0.02351183,-0.02352090,1.19007296,-1.19005470
-5.41770885,1.84527962,-1.84515487,0.63253779,-0.63241848,0.48698178,-0.48703545,0.00198754,-0.00198778,0.02499238,-0.02495031,0.16328837,-0.16321193,0.17941201,-0.17932132,0.02241938,-0.02242838,1.19275903,-1.19274167
-5.41170585,1.84658207,-1.84645423,0.64502910,-0.64490970,0.48099965,-0.48105157,0.00188205,-0.00188229,0.02612574,-0.02608169,0.16691981,-0.16683747,0.18040747,-0.18031843,0.02132691,-0.02133577,1.19577793,-1.19576127
-5.40570285,1.84871401,-1.84858285,0.65800243,-0.65788399,0.47513440,-0.47518464,0.00177011,-0.00177036,0.02734169,-0.02729555,0.17100084,-0.17091252,0.18133173,-0.18124421,0.02024319,-0.02025185,1.19928896,-1.19927300
-5.39969985,1.85185107,-1.85171668,0.67146240,-0.67134606,0.46946035,-0.46950905,0.00165368,-0.00165393,0.02863044,-0.02858214,0.17553775,-0.17544348,0.18219021,-0.18210407,0.01917596,-0.01918438,1.20341487,-1.20339982
-5.39369685,1.85610326,-1.85596602,0.68538558,-0.68527257,0.46403851,-0.46408588,0.00153469,-0.00153494,0.02998058,-0.02993003,0.18052257,-0.18042249,0.18298523,-0.18290030,0.01813193,-0.01814006,1.20823475,-1.20822103
-5.38769385,1.86150875,-1.86136928,0.69971882,-0.69961039,0.45891517,-0.45896146,0.00141501,-0.00141524,0.03137922,-0.03132634,0.18593142,-0.18582579,0.18371600,-0.18363206,0.01711671,-0.01712452,1.21377954,-1.21376774
-5.38169085,1.86803166,-1.86789075,0.71437895,-0.71427636,0.45412113,-0.45416658,0.00129636,-0.00129658,0.03281234,-0.03275707,0.19172354,-0.19161274,0.18437895,-0.18429576,0.01613484,-0.01614230,1.22003007,-1.22002091
-5.37568784,1.87556368,-1.87542217,0.72925385,-0.72915834,0.44967173,-0.44971658,0.00118035,-0.00118055,0.03426518,-0.03420745,0.19784119,-0.19772572,0.18496845,-0.18488570,0.01518985,-0.01519695,1.22691756,-1.22691179
-5.36968484,1.88392906,-1.88378776,0.74420475,-0.74411746,0.44556752,-0.44561193,0.00106836,-0.00106854,0.03572271,-0.03566244,0.20421034,-0.20409079,0.18547773,-0.18539505,0.01428435,-0.01429106,1.23432633,-1.23432472
-5.36368184,1.89289256,-1.89275209,0.75906939,-0.75899135,0.44179546,-0.44183952,0.00096160,-0.00096176,0.03717011,-0.03710723,0.21074212,-0.21061917,0.18589999,-0.18581692,0.01342013,-0.01342644,1.24209853,-1.24210174
-5.35767884,1.90216968,-1.90203037,0.77366615,-0.77359821,0.43833056,-0.43837425,0.00086103,-0.00086117,0.03859341,-0.03852783,0.21733504,-0.21720945,0.18622960,-0.18614559,0.01259827,-0.01260417,1.25004029,-1.25004883
-5.35167584,1.91143856,-1.91130032,0.78779854,-0.78774134,0.43513783,-0.43518100,0.00076742,-0.00076753,0.03997998,-0.03991159,0.22387787,-0.22375043,0.18646326,-0.18637764,0.01181934,-0.01182482,1.25792920,-1.25794334
-5.34567284,1.92035283,-1.92021509,0.80126025,-0.80121421,0.43217435,-0.43221669,0.00068128,-0.00068137,0.04131913,-0.04124780,0.23025301,-0.23012453,0.18660104,-0.18651305,0.01108348,-0.01108853,1.26552242,-1.26554213
-5.33966983,1.92855495,-1.92841656,0.81384030,-0.81380556,0.42939146,-0.42943251,0.00060295,-0.00060300,0.04260259,-0.04252817,0.23634031,-0.23621157,0.18664732,-0.18655606,0.01039057,-0.01039516,1.27256529,-1.27259020
-5.33366683,1.93568940,-1.93554858,0.82532832,-0.82530475,0.42673687,-0.42677604,0.00053255,-0.00053258,0.04382499,-0.04374730,0.24202109,-0.24189284,0.18661135,-0.18651584,0.00974033,-0.00974446,1.27880005,-1.27882941
-5.32766383,1.94141532,-1.94126967,0.83551988,-0.83550706,0.42415675,-0.42419328,0.00047004,-0.00047005,0.04498416,-0.04490301,0.24718235,-0.24705523,0.18650769,-0.18640682,0.00913245,-0.00913609,1.28397441,-1.28400709
-5.32166083,1.94541845,-1.94526493,0.84422165,-0.84421887,0.42159757,-0.42163060,0.00041525,-0.00041523,0.04608146,-0.04599660,0.25172079,-0.25159536,0.18635622,-0.18624880,0.00856663,-0.00856976,1.28784984,-1.28788431
-5.31565783,1.94742195,-1.94725695,0.85125658,-0.85126288,0.41900793,-0.41903649,0.00036786,-0.00036781,0.04712179,-0.04703297,0.25554674,-0.25542342,0.18618194,-0.18606672,0.00804266,-0.00804527,1.29020941,-1.29024378
-5.30965483,1.94719613,-1.94701556,0.85646890,-0.85648304,0.41634017,-0.41636322,0.00032747,-0.00032739,0.04811369,-0.04802063,0.25858766,-0.25846669,0.18601449,-0.18589020,0.00756046,-0.00756251,1.29086514,-1.29089719
-5.30365183,1.94456707,-1.94436645,0.85972903,-0.85974955,0.41355184,-0.41356833,0.00029359,-0.00029350,0.04906909,-0.04897152,0.26079115,-0.26067262,0.18588745,-0.18575282,0.00712002,-0.00712149,1.28966478,-1.28969204
-5.29764882,1.93942392,-1.93919849,0.86093821,-0.86096345,0.41060717,-0.41061603,0.00026572,-0.00026560,0.05000311,-0.04990074,0.26212740,-0.26201122,0.18583744,-0.18569122,0.00672144,-0.00672232,1.28649798,-1.28651776
-5.29164582,1.93172504,-1.93146995,0.86003297,-0.86006110,0.40747830,-0.40747854,0.00024330,-0.00024316,0.05093361,-0.05082616,0.26259096,-0.26247684,0.18590311,-0.18574417,0.00636484,-0.00636511,1.28130175,-1.28131121
-5.28564282,1.92150287,-1.92121331,0.85698921,-0.85701826,0.40414653,-0.40413724,0.00022576,-0.00022561,0.05188070,-0.05176790,0.26220175,-0.26208920,0.18612413,-0.18595145,0.00605033,-0.00604997,1.27406516,-1.27406146
-5.27963982,1.90886750,-1.90853883,0.85182568,-0.85185362,0.40060340,-0.40058381,0.00021257,-0.00021240,0.05286617,-0.05274780,0.26100530,-0.26089367,0.18654009,-0.18635283,0.00577791,-0.00577694,1.26483321,-1.26481351
-5.27363682,1.89400873,-1.89363668,0.84460696,-0.84463166,0.39685173,-0.39682123,0.00020320,-0.00020302,0.05391288,-0.05378875,0.25907227,-0.25896075,0.18718957,-0.18698707,0.00554744,-0.00554585,1.25370956,-1.25367118
-5.26763382,1.87719665,-1.87677741,0.83544538,-0.83546471,0.39290636,-0.39286455,0.00019715,-0.00019695,0.05504412,-0.05491408,0.25649719,-0.25638480,0.18810921,-0.18789108,0.00535853,-0.00535635,1.24085815,-1.24079857
-5.26163082,1.85878045,-1.85831078,0.82450199,-0.82451383,0.38879480,-0.38874148,0.00019395,-0.00019376,0.05628302,-0.05614698,0.25339650,-0.25328214,0.18933302,-0.18909913,0.00521050,-0.00520776,1.22650329,-1.22642028
-5.25562781,1.83918532,-1.83866268,0.81198623,-0.81198852,0.38455752,-0.38449274,0.00019321,-0.00019301,0.05765205,-0.05750997,0.24990598,-0.24978844,0.19089184,-0.19064231,0.00510232,-0.00509907,1.21092827,-1.21081993
-5.24962481,1.81890741,-1.81832996,0.79815418,-0.79814491,0.38024792,-0.38017197,0.00019456,-0.00019436,0.05917257,-0.05902445,0.24617763,-0.24605563,0.19281295,-0.19254819,0.00503260,-0.00502888,1.19447214,-1.19433694
-5.24362181,1.79850662,-1.79787325,0.78330520,-0.78328247,0.37593197,-0.37584535,0.00019767,-0.00019747,0.06086456,-0.06071044,0.24237613,-0.24224830,0.19511998,-0.19484066,0.00499953,-0.00499542,1.17752469,-1.17736150
-5.23761881,1.77859726,-1.77790753,0.76777705,-0.76773909,0.37168734,-0.37159076,0.00020228,-0.00020209,0.06274646,-0.06258642,0.23867490,-0.23853988,0.19783293,-0.19753994,0.00500093,-0.00499651,1.16051947,-1.16032757
-5.23161581,1.75983667,-1.75909080,0.75193937,-0.75188455,0.36760216,-0.36749653,0.00020817,-0.00020799,0.06483525,-0.06466934,0.23525207,-0.23510846,0.20096844,-0.20066286,0.00503425,-0.00502959,1.14392500,-1.14370407
-5.22561281,1.74291200,-1.74211071,0.73618569,-0.73611252,0.36377336,-0.36365974,0.00021516,-0.00021500,0.06714658,-0.06697486,0.23228621,-0.23213260,0.20454020,-0.20422324,0.00509662,-0.00509182,1.12823425,-1.12798436
-5.21960980,1.72852528,-1.72766968,0.72092406,-0.72083125,0.36030465,-0.36018417,0.00022314,-0.00022300,0.06969517,-0.06951762,0.22995212,-0.22978713,0.20855946,-0.20823241,0.00518491,-0.00518007,1.11395263,-1.11367422
-5.21360680,1.71737734,-1.71646875,0.70656676,-0.70645319,0.35730408,-0.35717793,0.00023200,-0.00023188,0.07249527,-0.07231180,0.22841677,-0.22823906,0.21303574,-0.21269986,0.00529583,-0.00529104,1.10158487,-1.10127866
-5.20760380,1.71015089,-1.70919066,0.69351914,-0.69338386,0.35488150,-0.35475085,0.00024172,-0.00024162,0.07556121,-0.07537159,0.22783535,-0.22764362,0.21797744,-0.21763390,0.00542600,-0.00542135,1.09162115,-1.09128812
-5.20160080,1.70749335,-1.70648269,0.68216819,-0.68201050,0.35314581,-0.35301177,0.00025229,-0.00025220,0.07890801,-0.07871187,0.22834771,-0.22814072,0.22339252,-0.22304234,0.00557207,-0.00556763,1.08452292,-1.08416424
-5.19559780,1.70999995,-1.70893973,0.67287123,-0.67269060,0.35220224,-0.35206577,0.00026373,-0.00026366,0.08255197,-0.08234877,0.23007511,-0.22985167,0.22928915,-0.22893308,0.00573078,-0.00572665,1.08070910,-1.08032605
-5.18959480,1.71819770,-1.71708834,0.66594499,-0.66574113,0.35214966,-0.35201152,0.00027613,-0.00027608,0.08651120,-0.08630018,0.23311736,-0.23287637,0.23567614,-0.23531465,0.00589914,-0.00589536,1.08054297,-1.08013689
-5.18359180,1.73253081,-1.73137209,0.66165573,-0.66142857,0.35307819,-0.35293890,0.00028959,-0.00028955,0.09080593,-0.09058615,0.23755046,-0.23729091,0.24256330,-0.24219647,0.00607448,-0.00607109,1.08432041,-1.08389266
-5.17758879,1.75334788,-1.75213892,0.66021062,-0.65996035,0.35506703,-0.35492685,0.00030425,-0.00030421,0.09545876,-0.09522905,0.24342481,-0.24314580,0.24996149,-0.24958899,0.00625453,-0.00625156,1.09226001,-1.09181190
-5.17158579,1.78089158,-1.77963081,0.66175087,-0.66147790,0.35818278,-0.35804163,0.00032027,-0.00032023,0.10049451,-0.10025352,0.25076380,-0.25046457,0.25788248,-0.25750359,0.00643754,-0.00643499,1.10449530,-1.10402807
-5.16558279,1.81529095,-1.81397610,0.66634672,-0.66605173,0.36247816,-0.36233563,0.00033785,-0.00033780,0.10593990,-0.10568610,0.25956308,-0.25924303,0.26633849,-0.26595208,0.00662231,-0.00662017,1.12106958,-1.12058437
-5.15957979,1.85655658,-1.85518483,0.67399469,-0.67367864,0.36799118,-0.36784654,0.00035721,-0.00035714,0.11182278,-0.11155453,0.26979033,-0.26944904,0.27534150,-0.27494605,0.00680824,-0.00680646,1.14193355,-1.14143144
-5.15357679,1.90457891,-1.90314704,0.68461709,-0.68428121,0.37474490,-0.37459709,0.00037857,-0.00037848,0.11817119,-0.11788679,0.28138551,-0.28102281,0.28490220,-0.28449590,0.00699535,-0.00699387,1.16694583,-1.16642779
-5.14757379,1.95912957,-1.95763419,0.69806380,-0.69770963,0.38274758,-0.38259527,0.00040218,-0.00040206,0.12501199,-0.12470975,0.29426179,-0.29387777,0.29502878,-0.29460958,0.00718426,-0.00718299,1.19587632,-1.19534328
-5.14157079,2.01986568,-2.01830349,0.71411638,-0.71374575,0.39199333,-0.39183493,0.00042828,-0.00042812,0.13236926,-0.13204759,0.30830681,-0.30790189,0.30572550,-0.30529122,0.00737616,-0.00737502,1.22841238,-1.22786528
-5.13556778,2.08633693,-2.08470508,0.73249424,-0.73210927,0.40246301,-0.40229678,0.00045711,-0.00045690,0.14026250,-0.13992001,0.32338458,-0.32295952,0.31699113,-0.31653959,0.00757275,-0.00757162,1.26416751,-1.26360737
-5.12956478,2.15799518,-2.15629158,0.75286265,-0.75246578,0.41412554,-0.41394964,0.00048888,-0.00048861,0.14870465,-0.14834024,0.33933773,-0.33889371,0.32881735,-0.32834651,0.00777616,-0.00777492,1.30269224,-1.30212016
-5.12356178,2.23420613,-2.23242983,0.77484240,-0.77443634,0.42693932,-0.42675186,0.00052377,-0.00052344,0.15770011,-0.15731308,0.35599017,-0.35552880,0.34118724,-0.34069530,0.00798881,-0.00798735,1.34348665,-1.34290397
-5.11755878,2.31426274,-2.31241427,0.79802062,-0.79760835,0.44085368,-0.44065288,0.00056194,-0.00056153,0.16724282,-0.16683294,0.37315016,-0.37267352,0.35407391,-0.35355946,0.00821334,-0.00821153,1.38601434,-1.38542262
-5.11155578,2.39739995,-2.39548166,0.82196244,-0.82154720,0.45581042,-0.45559466,0.00060347,-0.00060299,0.17731448,-0.17688209,0.39061358,-0.39012425,0.36743937,-0.36690151,0.00845240,-0.00845014,1.42971690,-1.42911806
-5.10555278,2.48281014,-2.48082644,0.84622308,-0.84580833,0.47174519,-0.47151311,0.00064838,-0.00064782,0.18788310,-0.18742919,0.40816754,-0.40766858,0.38123379,-0.38067223,0.00870853,-0.00870572,1.47402868,-1.47342502
-5.09954977,2.56965905,-2.56761662,0.87035994,-0.86994931,0.48858865,-0.48833925,0.00069661,-0.00069599,0.19890196,-0.19842818,0.42559406,-0.42508902,0.39539514,-0.39481028,0.00898401,-0.00898057,1.51839116,-1.51778539
-5.09354677,2.65710152,-2.65500946,0.89394427,-0.89354150,0.50626748,-0.50600019,0.00074802,-0.00074733,0.21030905,-0.20981775,0.44267392,-0.44216683,0.40984942,-0.40924241,0.00928065,-0.00927653,1.56226638,-1.56166168
-5.08754377,2.74429695,-2.74216678,0.91657202,-0.91618093,0.52470507,-0.52441984,0.00080236,-0.00080162,0.22202708,-0.22152130,0.45919055,-0.45868581,0.42451133,-0.42388406,0.00959971,-0.00959488,1.60514909,-1.60454908
-5.08154077,2.83042392,-2.82826950,0.93787369,-0.93749810,0.54382196,-0.54351930,0.00085929,-0.00085850,0.23396419,-0.23344763,0.47493379,-0.47443618,0.43928557,-0.43864065,0.00994170,-0.00993615,1.64657720,-1.64598598
-5.07553777,2.91469389,-2.91253125,0.95752267,-0.95716632,0.56353608,-0.56321709,0.00091834,-0.00091753,0.24601527,-0.24549221,0.48970370,-0.48921824,0.45406863,-0.45340936,0.01030630,-0.01030007,1.68614031,-1.68556237
-5.06953477,2.99636373,-2.99421078,0.97524213,-0.97490861,0.58376276,-0.58342916,0.00097896,-0.00097814,0.25806398,-0.25753918,0.50331407,-0.50284596,0.46875115,-0.46808141,0.01069228,-0.01068542,1.72348613,-1.72292631
-5.06353177,3.07474705,-3.07262315,0.99081005,-0.99050273,0.60441467,-0.60406880,0.00104050,-0.00103969,0.26998538,-0.26946397,0.51559583,-0.51515032,0.48322066,-0.48254481,0.01109743,-0.01109004,1.75832473,-1.75778817
-5.05752876,3.14922419,-3.14714972,1.00406265,-1.00378458,0.62540174,-0.62504652,0.00110219,-0.00110142,0.28164916,-0.28113646,0.52640013,-0.52598235,0.49736475,-0.49668744,0.01151858,-0.01151076,1.79043081,-1.78992278
-5.05152576,3.21925106,-3.21724681,1.01489588,-1.01464974,0.64663117,-0.64627004,0.00116322,-0.00116251,0.29292324,-0.29242464,0.53560105,-0.53521594,0.51107435,-0.51040039,0.01195159,-0.01194348,1.81964396,-1.81916981
-5.04552276,3.28436662,-3.28245322,1.02326543,-1.02305341,0.66800760,-0.66764448,0.00122269,-0.00122208,0.30367783,-0.30319859,0.54309805,-0.54275016,0.52424729,-0.52358145,0.01239148,-0.01238325,1.84586734,-1.84543232
-5.03951976,3.34419931,-3.34239654,1.02918502,-1.02900881,0.68943365,-0.68907282,0.00127970,-0.00127920,0.31378952,-0.31333460,0.54881788,-0.54851126,0.53679170,-0.53613853,0.01283251,-0.01282432,1.86906497,-1.86867408
-5.03351676,3.39847227,-3.39679847,1.03272347,-1.03258415,0.71081071,-0.71045672,0.00133329,-0.00133295,0.32314547,-0.32271934,0.55271610,-0.55245418,0.54862928,-0.54799294,0.01326838,-0.01326041,1.88925794,-1.88891578
-5.02751376,3.44700751,-3.44547890,1.03400058,-1.03389857,0.73204025,-0.73169776,0.00138256,-0.00138239,0.33164739,-0.33125388,0.55477806,-0.55456351,0.55969830,-0.55908239,0.01369236,-0.01368480,1.90651995,-1.90623057
-5.02151076,3.48972884,-3.48835894,1.03318203,-1.03311706,0.75302545,-0.75269916,0.00142663,-0.00142666,0.33921511,-0.33885728,0.55501932,-0.55485394,0.56995608,-0.56936349,0.01409759,-0.01409061,1.92097244,-1.92073916
-5.01550775,3.52666362,-3.52546277,1.03047366,-1.03044476,0.77367334,-0.77336781,0.00146470,-0.00146494,0.34578965,-0.34546967,0.55348550,-0.55337018,0.57938096,-0.57881373,0.01447727,-0.01447103,1.93277956,-1.93260485
-5.00950475,3.55794306,-3.55691799,1.02611526,-1.02612071,0.79389724,-0.79361677,0.00149604,-0.00149651,0.35133563,-0.35105470,0.55025150,-0.55018612,0.58797351,-0.58743281,0.01482492,-0.01481956,1.94214322,-1.94202856
-5.00350175,3.58380100,-3.58295455,1.02037402,-1.02041139,0.81361940,-0.81336790,0.00152007,-0.00152079,0.35584276,-0.35560104,0.54542008,-0.54540354,0.59575710,-0.59524313,0.01513461,-0.01513025,1.94929835,-1.94924412
-4.99749875,3.60457084,-3.60390181,1.01353794,-1.01360411,0.83277387,-0.83255476,0.00153635,-0.00153732,0.35932647,-0.35912312,0.53911980,-0.53915000,0.60277756,-0.60228955,0.01540120,-0.01539794,1.95450831,-1.95451375
-4.99149575,3.62068054,-3.62018368,1.00590918,-1.00600039,0.85130922,-0.85112533,0.00154457,-0.00154579,0.36182758,-0.36166076,0.53150231,-0.53157621,0.60910207,-0.60863832,0.01562053,-0.01561842,1.95806068,-1.95812383
-4.98549275,3.63264535,-3.63231148,0.99779762,-0.99790953,0.86919112,-0.86904462,0.00154461,-0.00154608,0.36341093,-0.36327787,0.52273907,-0.52285275,0.61481723,-0.61437517,0.01578955,-0.01578863,1.96026305,-1.96038076
-4.97948974,3.64105828,-3.64087459,0.98951456,-0.98964236,0.88640453,-0.88629687,0.00153652,-0.00153823,0.36416312,-0.36406023,0.51301747,-0.51316628,0.62002636,-0.61960265,0.01590648,-0.01590674,1.96143894,-1.96160697
-4.97348674,3.64657820,-3.64652868,0.98136672,-0.98150524,0.90295529,-0.90288720,0.00152051,-0.00152243,0.36418936,-0.36411236,0.50253657,-0.50271519,0.62484619,-0.62443686,0.01597080,-0.01597221,1.96192358,-1.96213664
-4.96748374,3.64991565,-3.64998160,0.97365060,-0.97379441,0.91887101,-0.91884250,0.00149694,-0.00149907,0.36360964,-0.36355371,0.49150238,-0.49170504,0.62940294,-0.62900352,0.01598331,-0.01598579,1.96205944,-1.96231137
-4.96148074,3.65181662,-3.65197729,0.96664706,-0.96679067,0.93420119,-0.93421157,0.00146634,-0.00146864,0.36255435,-0.36251428,0.48012304,-0.48034364,0.63382808,-0.63343376,0.01594602,-0.01594948,1.96219137,-1.96247531
-4.95547774,3.65304454,-3.65327783,0.96061649,-0.96075442,0.94901632,-0.94906430,0.00142934,-0.00143178,0.36115954,-0.36112992,0.46860388,-0.46883618,0.63825382,-0.63785962,0.01586209,-0.01586641,1.96266129,-1.96296992
-4.94947474,3.65436117,-3.65464432,0.95579421,-0.95592124,0.96340607,-0.96348981,0.00138670,-0.00138925,0.35956209,-0.35953749,0.45714265,-0.45738043,0.64280862,-0.64240954,0.01573564,-0.01574069,1.96380244,-1.96412818
-4.94347174,3.65650669,-3.65681705,0.95238654,-0.95249776,0.97747649,-0.97759372,0.00133922,-0.00134186,0.35789506,-0.35787015,0.44592501,-0.44616224,0.64761287,-0.64720403,0.01557157,-0.01557720,1.96593304,-1.96626833
-4.93746873,3.66018002,-3.66049567,0.95056723,-0.95065825,0.99134634,-0.99149445,0.00128779,-0.00129049,0.35628332,-0.35625303,0.43512064,-0.43535160,0.65277491,-0.65235171,0.01537536,-0.01538143,1.96934973,-1.96968727
-4.93146573,3.66601978,-3.66632020,0.95047467,-0.95054172,1.00514246,-1.00531864,0.00123330,-0.00123602,0.35483984,-0.35479948,0.42487988,-0.42509930,0.65838767,-0.65794585,0.01515286,-0.01515921,1.97432066,-1.97465366
-4.92546273,3.67458689,-3.67485341,0.95220963,-0.95224966,1.01899458,-1.01919594,0.00117664,-0.00117936,0.35366271,-0.35360803,0.41533132,-0.41553448,0.66452593,-0.66406166,0.01491003,-0.01491651,1.98107862,-1.98140097
-4.91945973,3.68634935,-3.68656558,0.95583379,-0.95584455,1.03302954,-1.03325319,0.00111867,-0.00112135,0.35283309,-0.35276034,0.40658029,-0.40676306,0.67124450,-0.67075440,0.01465277,-0.01465925,1.98981429,-1.99012081
-4.91345673,3.70166982,-3.70182188,0.96136905,-0.96134909,1.04736507,-1.04760827,0.00106020,-0.00106282,0.35241414,-0.35232010,0.39870835,-0.39886722,0.67857720,-0.67805836,0.01438674,-0.01439309,2.00067002,-2.00095654
-4.90745373,3.72079653,-3.72087316,0.96879755,-0.96874628,1.06210362,-1.06236379,0.00100198,-0.00100451,0.35245103,-0.35233298,0.39177382,-0.39190593,0.68653689,-0.68598685,0.01411721,-0.01412332,2.01373426,-2.01399773
-4.90145073,3.74385777,-3.74385027,0.97806259,-0.97798024,1.07732609,-1.07760093,0.00094466,-0.00094710,0.35297190,-0.35282759,0.38581331,-0.38591637,0.69511635,-0.69453302,0.01384895,-0.01385472,2.02903688,-2.02927537
-4.89544772,3.77086016,-3.77076225,0.98907030,-0.98895783,1.09308603,-1.09337354,0.00088883,-0.00089115,0.35398979,-0.35381735,0.38084410,-0.38091636,0.70429002,-0.70367161,0.01358620,-0.01359153,2.04654571,-2.04675838
-4.88944472,3.80169058,-3.80149805,1.00169196,-1.00155098,1.10940433,-1.10970283,0.00083498,-0.00083717,0.35550529,-0.35530319,0.37686732,-0.37690747,0.71401650,-0.71336145,0.01333261,-0.01333744,2.06616432,-2.06635138
-4.88344172,3.83612159,-3.83583195,1.01576710,-1.01559978,1.12626475,-1.12657283,0.00078350,-0.00078555,0.35750984,-0.35727675,0.37387156,-0.37387867,0.72424162,-0.72354847,0.01309132,-0.01309558,2.08773136,-2.08789386
-4.87743872,3.87382005,-3.87343209,1.03110706,-1.03091598,1.14361038,-1.14392693,0.00073470,-0.00073662,0.35998933,-0.35972405,0.37183694,-0.37181031,0.73490194,-0.73416926,0.01286497,-0.01286861,2.11102133,-2.11116107
-4.87143572,3.91435838,-3.91387168,1.04749910,-1.04728709,1.16134144,-1.16166557,0.00068883,-0.00069061,0.36292780,-0.36262916,0.37073910,-0.37067818,0.74592844,-0.74515471,0.01265579,-0.01265876,2.13574710,-2.13586638
-4.86543272,3.95722803,-3.95664249,1.06471075,-1.06448078,1.17931435,-1.17964535,0.00064605,-0.00064769,0.36631109,-0.36597787,0.37055305,-0.37045738,0.75725023,-0.75643378,0.01246571,-0.01246796,2.16156399,-2.16166539
-4.85942971,4.00185457,-4.00116997,1.08249452,-1.08224954,1.19734241,-1.19767966,0.00060650,-0.00060799,0.37013002,-0.36976090,0.37125665,-0.37112571,0.76879808,-0.76793703,0.01229641,-0.01229791,2.18807543,-2.18816164
-4.85342671,4.04761389,-4.04682954,1.10059269,-1.10033552,1.21519806,-1.21554097,0.00057023,-0.00057159,0.37438308,-0.37397657,0.37283340,-0.37266660,0.78050764,-0.77959988,0.01214947,-0.01215017,2.21484033,-2.21491390
-4.84742371,4.09384906,-4.09296351,1.11874222,-1.11847544,1.23261680,-1.23296475,0.00053729,-0.00053853,0.37907837,-0.37863282,0.37527450,-0.37507110,0.79232217,-0.79136535,0.01202636,-0.01202623,2.24138173,-2.24144493
-4.84142071,4.13988744,-4.13889826,1.13667963,-1.13640552,1.24930285,-1.24965512,0.00050772,-0.00050882,0.38423477,-0.38374833,0.37858006,-0.37833917,0.80419471,-0.80318627,0.01192856,-0.01192754,2.26719701,-2.26725167
-4.83541771,4.18505769,-4.18396143,1.15414593,-1.15386640,1.26493627,-1.26529200,0.00048151,-0.00048250,0.38988216,-0.38935284,0.38275947,-0.38248002,0.81608969,-0.81502690,0.01185750,-0.01185557,2.29176919,-2.29181658
-4.82941471,4.22870664,-4.22749880,1.17089146,-1.17060803,1.27918161,-1.27953974,0.00045869,-0.00045956,0.39606102,-0.39548669,0.38783093,-0.38751169,0.82798398,-0.82686401,0.01181462,-0.01181174,2.31457930,-2.31462010
-4.82341171,4.27021569,-4.26889078,1.18668070,-1.18639453,1.29169767,-1.29205697,0.00043924,-0.00044001,0.40282117,-0.40219961,0.39382036,-0.39345991,0.83986740,-0.83868740,0.01180126,-0.01179741,2.33511955,-2.33515382
-4.81740870,4.30901675,-4.30756851,1.20129707,-1.20100894,1.30214828,-1.30250729,0.00042320,-0.00042386,0.41022007,-0.40954900,0.40075971,-0.40035652,0.85174285,-0.85050003,0.01181866,-0.01181381,2.35290701,-2.35293423
-4.81140570,4.34460784,-4.34302934,1.21454757,-1.21425795,1.31021350,-1.31057058,0.00041058,-0.00041113,0.41832077,-0.41759786,0.40868515,-0.40823751,0.86362620,-0.86231785,0.01186781,-0.01186196,2.36749744,-2.36751658
-4.80540270,4.37656800,-4.37485182,1.22626743,-1.22597652,1.31560105,-1.31595440,0.00040141,-0.00040185,0.42718974,-0.42641264,0.41763510,-0.41714116,0.87554597,-0.87416955,0.01194943,-0.01194257,2.37849904,-2.37850864
-4.79939970,4.40457168,-4.40271008,1.23632450,-1.23603229,1.31805740,-1.31840512,0.00039570,-0.00039604,0.43689491,-0.43606120,0.42764858,-0.42710627,0.88754314,-0.88609627,0.01206383,-0.01205598,2.38558544,-2.38558375
-4.79339670,4.42840241,-4.42638738,1.24462346,-1.24432976,1.31737815,-1.31771828,0.00039352,-0.00039375,0.44750398,-0.44661114,0.43876393,-0.43817091,0.89967103,-0.89815148,0.01221087,-0.01220207,2.38850780,-2.38849289
-4.78739370,4.44796536,-4.44578865,1.25110959,-1.25081408,1.31341708,-1.31374766,0.00039489,-0.00039501,0.45908338,-0.45812869,0.45101821,-0.45037181,0.91199552,-0.91040113,0.01238992,-0.01238020,2.38710525,-2.38707516
-4.78139070,4.46329861,-4.46095164,1.25577201,-1.25547429,1.30609371,-1.30641284,0.00039986,-0.00039986,0.47169788,-0.47067828,0.46444731,-0.46374438,0.92459549,-0.92292407,0.01259980,-0.01258921,2.38131347,-2.38126630
-4.77538769,4.47458258,-4.47205622,1.25864616,-1.25834572,1.29539873,-1.29570466,0.00040849,-0.00040836,0.48541089,-0.48432289,0.47908685,-0.47832363,0.93756365,-0.93581284,0.01283883,-0.01282743,2.37117075,-2.37110477
-4.76938469,4.48214691,-4.47943128,1.25981531,-1.25951156,1.28139726,-1.28168839,0.00042083,-0.00042055,0.50028555,-0.49912503,0.49497373,-0.49414573,0.95100757,-0.94917467,0.01310487,-0.01309272,2.35682130,-2.35673501
-4.76338169,4.48647440,-4.48355850,1.25941089,-1.25910313,1.26422951,-1.26450447,0.00043694,-0.00043651,0.51638643,-0.51514846,0.51214827,-0.51125010,0.96505079,-0.96313256,0.01339541,-0.01338256,2.33851539,-2.33840757
-4.75737869,4.48820097,-4.48507240,1.25761135,-1.25729877,1.24410896,-1.24436662,0.00045691,-0.00045631,0.53378152,-0.53246026,0.53065664,-0.52968191,0.97983390,-0.97782639,0.01370767,-0.01369418,2.31660614,-2.31647586
-4.75137569,4.48811125,-4.48475583,1.25463952,-1.25432114,1.22131792,-1.22155744,0.00048084,-0.00048004,0.55254451,-0.55113305,0.55055324,-0.54949446,0.99551526,-0.99341362,0.01403881,-0.01402469,2.29154280,-2.29138944
-4.74537269,4.48712874,-4.48353036,1.25075814,-1.25043282,1.19620074,-1.19642151,0.00050884,-0.00050781,0.57275670,-0.57124703,0.57190270,-0.57075129,1.01227102,-1.01006941,0.01438600,-0.01437126,2.26386067,-2.26368383
-4.73936968,4.48630045,-4.48244093,1.24626367,-1.24593008,1.16915476,-1.16935644,0.00054105,-0.00053978,0.59450843,-0.59289143,0.59478112,-0.59352743,1.03029431,-1.02798583,0.01474665,-0.01473127,2.23416762,-2.23396711
-4.73336668,4.48677513,-4.48263438,1.24147829,-1.24113495,1.14061946,-1.14080192,0.00057764,-0.00057609,0.61789950,-0.61616508,0.61927606,-0.61790955,1.04979308,-1.04736982,0.01511856,-0.01510248,2.20312763,-2.20290345
-4.72736368,4.48977536,-4.48533172,1.23674027,-1.23638556,1.11106413,-1.11122746,0.00061882,-0.00061696,0.64303824,-0.64117553,0.64548503,-0.64399451,1.07098650,-1.06843969,0.01550001,-0.01548313,2.17144186,-2.17119412
-4.72136068,4.49656329,-4.49179420,1.23239283,-1.23202506,1.08097458,-1.08111901,0.00066481,-0.00066261,0.67003895,-0.66803670,0.67351216,-0.67188622,1.09409950,-1.09141982,0.01588990,-0.01587210,2.13982758,-2.13955652
-4.71535768,4.50840066,-4.50328363,1.22877193,-1.22838948,1.05083923,-1.05096515,0.00071586,-0.00071329,0.69901754,-0.69686458,0.70346290,-0.70169037,1.11935559,-1.11653357,0.01628780,-0.01626891,2.10899583,-2.10870179
-4.70935468,4.52650371,-4.52101766,1.22619335,-1.22579476,1.02113531,-1.02124317,0.00077223,-0.00076926,0.73008511,-0.72777098,0.73543672,-0.73350730,1.14696759,-1.14399419,0.01669392,-0.01667375,2.07962845,-2.07931194
-4.70335168,4.55199433,-4.54612120,1.22493946,-1.22452360,0.99231534,-0.99240571,0.00083419,-0.00083079,0.76333973,-0.76085536,0.76951788,-0.76742288,1.17712672,-1.17399403,0.01710908,-0.01708744,2.05235527,-2.05201701
-4.69734867,4.58584866,-4.57957531,1.22524637,-1.22481263,0.96479459,-0.96486811,0.00090198,-0.00089813,0.79885636,-0.79619498,0.80576464,-0.80349779,1.20999000,-1.20669211,0.01753459,-0.01751127,2.02773229,-2.02737337
-4.69134567,4.62884521,-4.62216548,1.22729194,-1.22684040,0.93893976,-0.93899718,0.00097581,-0.00097149,0.83667555,-0.83383352,0.84419734,-0.84175558,1.24566664,-1.24220047,0.01797211,-0.01794689,2.00622170,-2.00584368
-4.68534267,4.68151430,-4.67443125,1.23118519,-1.23071686,0.91505923,-0.91510143,0.00105582,-0.00105102,0.87679117,-0.87376888,0.88478582,-0.88217022,1.28420364,-1.28056994,0.01842335,-0.01839606,1.98817433,-1.98777944
-4.67933967,4.74409137,-4.73661944,1.23695781,-1.23647478,0.89339517,-0.89342322,0.00114206,-0.00113680,0.91913790,-0.91594071,0.92743712,-0.92465364,1.32557158,-1.32177589,0.01888993,-0.01886043,1.97381547,-1.97340677
-4.67333667,4.81647626,-4.80864330,1.24455810,-1.24406369,0.87411770,-0.87413294,0.00123447,-0.00122876,0.96357935,-0.96021836,0.97198399,-0.96904422,1.36965116,-1.36570469,0.01937301,-0.01934121,1.96323436,-1.96281597
-4.66733367,4.89820088,-4.89004998,1.25384772,-1.25334662,0.85732121,-0.85732529,0.00133283,-0.00132669,1.00989736,-1.00639011,1.01817527,-1.01509695,1.41622141,-1.41214185,0.01987307,-0.01983896,1.95637804,-1.95595531
-4.66133067,4.98840764,-4.97999840,1.26460172,-1.26410004,0.84302288,-0.84301788,0.00143673,-0.00143023,1.05778355,-1.05415451,1.06566874,-1.06247622,1.46495044,-1.46076253,0.02038960,-0.02035326,1.95304979,-1.95262940
-4.65532766,5.08584022,-5.07724959,1.27651173,-1.27601703,0.83116348,-0.83115194,0.00154561,-0.00153881,1.10683380,-1.10311461,1.11402740,-1.11075171,1.51538949,-1.51112542,0.02092090,-0.02088250,1.95291220,-1.95250234
-4.64932466,5.18884865,-5.18017101,1.28919250,-1.28871374,0.82161025,-0.82159531,0.00165864,-0.00165162,1.15654635,-1.15277580,1.16271958,-1.15939834,1.56697113,-1.56267060,0.02146386,-0.02142368,1.95549510,-1.95510550
-4.64332166,5.29540927,-5.28675581,1.30219156,-1.30173894,0.81416198,-0.81414736,0.00177481,-0.00176767,1.20632410,-1.20254780,1.21112350,-1.20780050,1.61901206,-1.61472208,0.02201382,-0.02197225,1.96020800,-1.95984987
-4.63731866,5.40316036,-5.39465759,1.31500165,-1.31458643,0.80855587,-0.80854593,0.00189286,-0.00188573,1.25548155,-1.25175126,1.25853634,-1.25526080,1.67072115,-1.66649541,0.02256453,-0.02252209,1.96635669,-1.96604265
-4.63131566,5.50945283,-5.50124031,1.32707554,-1.32670982,0.80447616,-0.80447587,0.00201133,-0.00200432,1.30325636,-1.29962898,1.30418795,-1.30101351,1.72121260,-1.71711056,0.02310819,-0.02306547,1.97316362,-1.97290751
-4.62531266,5.61141521,-5.60364243,1.33784274,-1.33753909,0.80156425,-0.80157917,0.00212856,-0.00212183,1.34882552,-1.34536181,1.34725880,-1.34424224,1.76952438,-1.76560996,0.02363550,-0.02359322,1.97979131,-1.97960791
-4.61930965,5.70603093,-5.69885351,1.34672734,-1.34649847,0.79943000,-0.79946616,0.00224274,-0.00223643,1.39132576,-1.38808874,1.38690174,-1.38410141,1.81464146,-1.81098140,0.02413593,-0.02409487,1.98536809,-1.98527278
-4.61330665,5.79022561,-5.78380089,1.35316637,-1.35302475,0.79766394,-0.79772772,0.00235192,-0.00234619,1.42987743,-1.42693056,1.42226664,-1.41974079,1.85552314,-1.85218515,0.02459795,-0.02455895,1.98901531,-1.98902362
-4.60730365,5.86096124,-5.85544343,1.35662804,-1.35658546,0.79584999,-0.79594797,0.00245411,-0.00244912,1.46361108,-1.46101634,1.45252707,-1.45033203,1.89113357,-1.88818427,0.02500938,-0.02497331,1.98987509,-1.99000224
-4.60130065,5.91533374,-5.91086883,1.35662898,-1.35669616,0.79357847,-0.79371720,0.00254730,-0.00254318,1.49169563,-1.48951146,1.47690787,-1.47509615,1.92047440,-1.91797710,0.02535782,-0.02532555,1.98713769,-1.98739806
-4.59529765,5.95066993,-5.94739065,1.35275003,-1.35293626,0.79045881,-0.79064460,0.00262952,-0.00262643,1.51336687,-1.51164614,1.49471228,-1.49333079,1.94261803,-1.94063056,0.02563103,-0.02560342,1.98006756,-1.98047417
-4.58929465,5.96462019,-5.96264105,1.34464993,-1.34496268,0.78613179,-0.78637047,0.00269895,-0.00269699,1.52795501,-1.52674312,1.50534747,-1.50443581,1.95674025,-1.95531280,0.02581747,-0.02579531,1.96802722,-1.96859121
-4.58329165,5.95524253,-5.95465549,1.33207642,-1.33252104,0.78028078,-0.78057743,0.00275392,-0.00275321,1.53491003,-1.53424321,1.50834723,-1.50793623,1.96215058,-1.96132382,0.02590666,-0.02589068,1.95049806,-1.95122820
-4.57728864,5.92107488,-5.92194550,1.31487437,-1.31545389,0.77264168,-0.77300044,0.00279302,-0.00279363,1.53382358,-1.53372742,1.50339076,-1.50350128,1.95831912,-1.95812247,0.02588968,-0.02588047,1.92709752,-1.92799976
-4.57128564,5.86119199,-5.86355656,1.29299087,-1.29370580,0.76301123,-0.76343507,0.00281515,-0.00281714,1.52444635,-1.52493476,1.49031663,-1.49095865,1.94489845,-1.94534884,0.02575950,-0.02575753,1.89759186,-1.89866900
-4.56528264,5.77524488,-5.77910845,1.26647694,-1.26732519,0.75125344,-0.75174394,0.00281953,-0.00282292,1.50670009,-1.50777456,1.46913119,-1.47030336,1.92173965,-1.92284062,0.02551134,-0.02551692,1.86190434,-1.86315577
-4.55927964,5.66348077,-5.66881630,1.23548613,-1.23646300,0.73730375,-0.73786101,0.00280578,-0.00281056,1.48068366,-1.48233306,1.44001118,-1.44170071,1.88890168,-1.89064294,0.02514284,-0.02515613,1.82011841,-1.82153993
-4.55327664,5.52674280,-5.53349146,1.20026993,-1.20136818,0.72117104,-0.72179356,0.00277388,-0.00278002,1.44667283,-1.44887356,1.40330025,-1.40548324,1.84665346,-1.84901101,0.02465428,-0.02467525,1.77247584,-1.77405966
-4.54727364,5.36644966,-5.37452216,1.16117045,-1.16238047,0.70293715,-0.70362180,0.00272423,-0.00273167,1.40511384,-1.40783052,1.35949974,-1.36214184,1.79546881,-1.79840547,0.02404857,-0.02407701,1.71937003,-1.72110485
-4.54127064,5.18455595,-5.19383500,1.11861057,-1.11992057,0.68275403,-0.68349609,0.00265762,-0.00266625,1.35661113,-1.35979759,1.30925406,-1.31231155,1.73601435,-1.73948078,0.02333123,-0.02336677,1.66133461,-1.66320581
-4.53526763,4.98349521,-4.99383887,1.07308199,-1.07447829,0.66083872,-0.66163194,0.00257519,-0.00258489,1.30190970,-1.30551039,1.25333152,-1.25675265,1.66913092,-1.67306702,0.02251023,-0.02255235,1.59902789,-1.60101785
-4.52926463,4.76610812,-4.77735388,1.02513166,-1.02659902,0.63746606,-0.63830281,0.00247840,-0.00248904,1.24187311,-1.24582477,1.19260141,-1.19632798,1.59580943,-1.60014614,0.02159581,-0.02164382,1.53321364,-1.53530218
-4.52326163,4.53555901,-4.54752848,0.97534709,-0.97686908,0.61295964,-0.61383110,0.00236900,-0.00238041,1.17745810,-1.18169166,1.12800850,-1.13197761,1.51716236,-1.52182359,0.02060010,-0.02065322,1.46473899,-1.46690379
-4.51725863,4.29524417,-4.30774810,0.92434094,-0.92590031,0.58768126,-0.58857762,0.00224895,-0.00226096,1.10968703,-1.11412958,1.06054603,-1.06469189,1.43439195,-1.43929681,0.01953683,-0.01959416,1.39451004,-1.39672724
-4.51125563,4.04869584,-4.06153928,0.87273553,-0.87431460,0.56201913,-0.56292987,0.00212036,-0.00213280,1.03961931,-1.04419613,0.99122834,-0.99548414,1.34875679,-1.35382175,0.01842092,-0.01848149,1.32346625,-1.32571099
-4.50525263,3.79948544,-3.81247284,0.82114754,-0.82272860,0.53637540,-0.53728954,0.00198545,-0.00199814,0.96832310,-0.97295966,0.92106442,-0.92536403,1.26153787,-1.26667902,0.01726804,-0.01733083,1.25255417,-1.25480123
-4.49924962,3.55112992,-3.56406992,0.77017349,-0.77173916,0.51115343,-0.51205982,0.00184645,-0.00185922,0.89684836,-0.90147215,0.85103307,-0.85531271,1.17400574,-1.17914080,0.01609421,-0.01615819,1.18270169,-1.18492600
-4.49324662,3.30700430,-3.31971410,0.72037632,-0.72190989,0.48674516,-0.48763273,0.00170557,-0.00171825,0.82620223,-0.83074441,0.78206083,-0.78626050,1.08738975,-1.09244001,0.01491537,-0.01497952,1.11479326,-1.11697053
-4.48724362,3.07026323,-3.08257237,0.67227342,-0.67375915,0.46351910,-0.46437714,0.00156492,-0.00157735,0.75732748,-0.76172431,0.71500312,-0.71906780,1.00285054,-1.00774247,0.01374706,-0.01381037,1.04964724,-1.05175441
-4.48124062,2.84377396,-2.85552742,0.62632631,-0.62774969,0.44180934,-0.44262771,0.00142646,-0.00143850,0.69108479,-0.69527874,0.65062918,-0.65450976,0.92145652,-0.92612314,0.01260401,-0.01266553,0.98799565,-0.99001135
-4.47523762,2.63006216,-2.64112274,0.58293238,-0.58428032,0.42190598,-0.42267529,0.00129198,-0.00130352,0.62823893,-0.63217956,0.58961094,-0.59326491,0.84416487,-0.84854675,0.01149995,-0.01155879,0.93046725,-0.93237214
-4.46923462,2.43127166,-2.44152159,0.54241859,-0.54367962,0.40404712,-0.40475896,0.00116308,-0.00117401,0.56944921,-0.57309369,0.53251587,-0.53590774,0.77180739,-0.77585343,0.01044730,-0.01050266,0.87757416,-0.87935123
-4.46323162,2.24913831,-2.25848016,0.50503746,-0.50620179,0.38841298,-0.38905994,0.00104110,-0.00105134,0.51526395,-0.51857733,0.47980373,-0.48290518,0.70508122,-0.70874901,0.00945711,-0.00950824,0.82970249,-0.83133725
-4.45722861,2.08497779,-2.09333472,0.47096517,-0.47202479,0.37512193,-0.37569776,0.00092715,-0.00093664,0.46611875,-0.46907401,0.43182675,-0.43461658,0.64454423,-0.64780019,0.00853886,-0.00858514,0.78710709,-0.78858769
-4.45122561,1.93968652,-1.94700192,0.44030193,-0.44125055,0.36422885,-0.36472845,0.00082211,-0.00083080,0.42233817,-0.42491599,0.38883295,-0.39129677,0.59061468,-0.59343397,0.00770052,-0.00774139,0.74991053,-0.75122775
-4.44522261,1.81375433,-1.81999098,0.41307425,-0.41390734,0.35572564,-0.35614508,0.00072661,-0.00073447,0.38414021,-0.38632857,0.35097188,-0.35310174,0.54357478,-0.54594094,0.00694845,-0.00698346,0.71810613,-0.71925337
-4.43921961,1.70728748,-1.71242634,0.38923930,-0.38995399,0.34954382,-0.34988029,0.00064107,-0.00064810,0.35164306,-0.35343675,0.31830244,-0.32009629,0.50357727,-0.50548177,0.00628755,-0.00631634,0.69156487,-0.69253803
-4.43321661,1.62004012,-1.62407879,0.36869076,-0.36928576,0.34555914,-0.34581091,0.00056570,-0.00057190,0.32487350,-0.32627351,0.29080199,-0.29226304,0.47065463,-0.47209623,0.00572127,-0.00574354,0.67004579,-0.67084310
-4.42721361,1.55145228,-1.55440338,0.35126626,-0.35174175,0.34359791,-0.34376423,0.00050054,-0.00050594,0.30377639,-0.30478920,0.26837630,-0.26951238,0.44473003,-0.44571414,0.00525172,-0.00526726,0.65320940,-0.65383126
-4.42121061,1.50069256,-1.50258192,0.33675585,-0.33711333,0.34344477,-0.34352581,0.00044548,-0.00045009,0.28822467,-0.28886161,0.25086986,-0.25169276,0.42562954,-0.42616750,0.00487976,-0.00488845,0.64063354,-0.64108225
-4.41520760,1.46670351,-1.46756844,0.32491130,-0.32515347,0.34485161,-0.34484831,0.00040024,-0.00040412,0.27802948,-0.27830599,0.23807610,-0.23860085,0.41309490,-0.41320325,0.00460515,-0.00460693,0.63183107,-0.63211061
-4.40920460,1.44824817,-1.44813572,0.31545587,-0.31558650,0.34754719,-0.34746118,0.00036449,-0.00036767,0.27295001,-0.27288500,0.22974712,-0.22999143,0.40679649,-0.40649628,0.00442658,-0.00442146,0.62626861,-0.62638441
-4.40320160,1.44395607,-1.44292142,0.30809423,-0.30811803,0.35124719,-0.35108065,0.00033775,-0.00034030,0.27270283,-0.27231809,0.22560287,-0.22558650,0.40634600,-0.40566212,0.00434179,-0.00432986,0.62338577,-0.62334442
-4.39719860,1.45236751,-1.45047244,0.30252215,-0.30244462,0.35566414,-0.35541976,0.00031952,-0.00032148,0.27697062,-0.27629018,0.22533944,-0.22508369,0.41130862,-0.41026915,0.00434763,-0.00432904,0.62261401,-0.62242310
-4.39119560,1.47197503,-1.46928655,0.29843574,-0.29826306,0.36051708,-0.36019788,0.00030922,-0.00031065,0.28541008,-0.28445971,0.22863655,-0.22816374,0.42121453,-0.41985015,0.00444009,-0.00441507,0.62339465,-0.62306251
-4.38519260,1.50126131,-1.49785036,0.29553984,-0.29527875,0.36554032,-0.36514964,0.00030622,-0.00030718,0.29765916,-0.29646588,0.23516412,-0.23449717,0.43556954,-0.43391296,0.00461435,-0.00458320,0.62519524,-0.62473076
-4.37918959,1.53873284,-1.53467312,0.29355546,-0.29321316,0.37049134,-0.37003268,0.00030988,-0.00031043,0.31334367,-0.31193527,0.24458800,-0.24375005,0.45386504,-0.45195044,0.00486478,-0.00482788,0.62752398,-0.62693643
-4.37318659,1.58294919,-1.57831603,0.29222603,-0.29181007,0.37515721,-0.37463424,0.00031951,-0.00031970,0.33208322,-0.33048785,0.25657503,-0.25558906,0.47558701,-0.47344954,0.00518495,-0.00514276,0.62994162,-0.62924051
-4.36718359,1.63254757,-1.62741690,0.29132231,-0.29084050,0.37935975,-0.37877618,0.00033441,-0.00033430,0.35349679,-0.35174253,0.27079738,-0.26968592,0.50022443,-0.49789967,0.00556765,-0.00552072,0.63207065,-0.63126558
-4.36118059,1.68626275,-1.68071009,0.29064602,-0.29010631,0.38295896,-0.38231852,0.00035385,-0.00035351,0.37720779,-0.37532229,0.28693636,-0.28572118,0.52727691,-0.52480034,0.00600490,-0.00595385,0.63360164,-0.63270216
-4.35517759,1.74294247,-1.73704190,0.29003194,-0.28944236,0.38585491,-0.38516127,0.00037708,-0.00037656,0.40284892,-0.40085898,0.30468571,-0.30338758,0.55626173,-0.55366823,0.00648799,-0.00643353,0.63429659,-0.63331214
-4.34917459,1.80155844,-1.79538171,0.28934884,-0.28871736,0.38798808,-0.38724481,0.00040336,-0.00040272,0.43006657,-0.42799782,0.32375450,-0.32239296,0.58672022,-0.58404356,0.00700752,-0.00695044,0.63398955,-0.63292930
-4.34317159,1.86121334,-1.85482884,0.28849904,-0.28783350,0.38933813,-0.38854864,0.00043191,-0.00043119,0.45852499,-0.45640152,0.34386953,-0.34246268,0.61822354,-0.61549584,0.00755351,-0.00749464,0.63258449,-0.63145727
-4.33716858,1.92114380,-1.91461573,0.28741697,-0.28672497,0.38992140,-0.38908893,0.00046195,-0.00046121,0.48791000,-0.48575407,0.36477733,-0.36334169,0.65037765,-0.64762892,0.00811548,-0.00805573,0.63005095,-0.62886517
-4.33116558,1.98071994,-1.97410748,0.28606667,-0.28535545,0.38978725,-0.38891476,0.00049270,-0.00049199,0.51793214,-0.51576389,0.38624561,-0.38479599,0.68282756,-0.68008523,0.00868264,-0.00862294,0.62641759,-0.62518115
-4.32516258,2.03944148,-2.03279800,0.28443858,-0.28371496,0.38901339,-0.38810361,0.00052339,-0.00052276,0.54832919,-0.54616645,0.40806423,-0.40661367,0.71526053,-0.71254907,0.00924405,-0.00918535,0.62176425,-0.62048447
-4.31915958,2.09693069,-2.09030320,0.28254578,-0.28181603,0.38770063,-0.38675595,0.00055326,-0.00055275,0.57886786,-0.57672599,0.43004541,-0.42860516,0.74740829,-0.74474882,0.00978885,-0.00973208,0.61621277,-0.61489636
-4.31315658,2.15292254,-2.14635127,0.28041979,-0.27968956,0.38596706,-0.38498955,0.00058159,-0.00058123,0.60934449,-0.60723631,0.45202332,-0.45060291,0.77904785,-0.77645795,0.01030649,-0.01025255,0.60991722,-0.60857020
-4.30715358,2.20725220,-2.20077029,0.27810615,-0.27738039,0.38394206,-0.38293349,0.00060768,-0.00060752,0.63958465,-0.63752045,0.47385284,-0.47246018,0.81000112,-0.80749463,0.01078701,-0.01073674,0.60305369,-0.60168141
-4.30115058,2.25984012,-2.25347368,0.27566005,-0.27494297,0.38176029,-0.38072210,0.00063090,-0.00063097,0.66944157,-0.66742922,0.49540758,-0.49404917,0.84013297,-0.83772000,0.01122131,-0.01117545,0.59581023,-0.59441739
-4.29514757,2.31067520,-2.30444348,0.27314201,-0.27243701,0.37955590,-0.37848925,0.00065070,-0.00065101,0.69879340,-0.69683856,0.51657710,-0.51525824,0.86934787,-0.86703484,0.01160140,-0.01156058,0.58837726,-0.58696792
-4.28914457,2.35979627,-2.35371216,0.27061384,-0.26992353,0.37745700,-0.37636283,0.00066658,-0.00066716,0.72753926,-0.72564567,0.53726347,-0.53598857,0.89758510,-0.89537495,0.01192068,-0.01188536,0.58093861,-0.57951629
-4.28314157,2.40727255,-2.40134327,0.26813500,-0.26746119,0.37558081,-0.37445990,0.00067815,-0.00067901,0.75559440,-0.75376421,0.55737722,-0.55615014,0.92481265,-0.92270521,0.01217412,-0.01214462,0.57366358,-0.57223134
-4.27713857,2.45318359,-2.44741155,0.26575938,-0.26510310,0.37402921,-0.37288230,0.00068511,-0.00068626,0.78288446,-0.78111869,0.57683299,-0.57565738,0.95102020,-0.94901252,0.01235849,-0.01233493,0.56670009,-0.56526067
-4.27113557,2.49759943,-2.49198335,0.26353267,-0.26289424,0.37288522,-0.37171309,0.00068730,-0.00068872,0.80933937,-0.80763831,0.59554502,-0.59442469,0.97621115,-0.97429809,0.01247249,-0.01245477,0.56016915,-0.55872512
-4.26513257,2.54056179,-2.53509783,0.26149029,-0.26086934,0.37221010,-0.37101373,0.00068463,-0.00068632,0.83488699,-0.83325072,0.61342278,-0.61236201,1.00039447,-0.99856922,0.01251676,-0.01250462,0.55416066,-0.55271458
-4.25912956,2.58206707,-2.57675006,0.25965594,-0.25905154,0.37204134,-0.37082201,0.00067714,-0.00067909,0.85944717,-0.85787598,0.63036707,-0.62937094,1.02357649,-1.02183116,0.01249400,-0.01248693,0.54873062,-0.54728520
-4.25312656,2.62205203,-2.61687669,0.25804088,-0.25745158,0.37239150,-0.37115097,0.00066499,-0.00066717,0.88292636,-0.88142118,0.64626687,-0.64534145,1.04575329,-1.04407953,0.01240882,-0.01240613,0.54389977,-0.54245806
-4.24712356,2.66038301,-2.65534505,0.25664375,-0.25606769,0.37324787,-0.37198848,0.00064842,-0.00065081,0.90521348,-0.90377616,0.66099719,-0.66014969,1.06690400,-1.06529357,0.01226765,-0.01226847,0.53965363,-0.53821914
-4.24112056,2.69684928,-2.69194639,0.25545115,-0.25488609,0.37457305,-0.37329783,0.00062778,-0.00063035,0.92617707,-0.92481068,0.67441825,-0.67365706,1.08698554,-1.08543083,0.01207855,-0.01208186,0.53594393,-0.53452075
-4.23511756,2.73116116,-2.72639380,0.25443870,-0.25388214,0.37630627,-0.37501909,0.00060348,-0.00060620,0.94566435,-0.94437329,0.68637604,-0.68571065,1.10592910,-1.10442357,0.01185097,-0.01185561,0.53269124,-0.53128412
-4.22911456,2.76295327,-2.75832515,0.25357272,-0.25302194,0.37836560,-0.37707118,0.00057603,-0.00057886,0.96350211,-0.96229212,0.69670445,-0.69614529,1.12363865,-1.12217719,0.01159543,-0.01160015,0.52978887,-0.52840322
-4.22311156,2.79179284,-2.78731124,0.25281242,-0.25226447,0.38065079,-0.37935476,0.00054594,-0.00054884,0.97949969,-0.97837773,0.70522898,-0.70478709,1.13999159,-1.13857078,0.01132321,-0.01132669,0.52710771,-0.52574959
-4.21710855,2.81719311,-2.81286885,0.25211231,-0.25156413,0.38304686,-0.38175572,0.00051379,-0.00051672,0.99345387,-0.99242793,0.71177178,-0.71145846,1.15484162,-1.15345982,0.01104595,-0.01104689,0.52450204,-0.52317807
-4.21110555,2.83863117,-2.83447832,0.25142504,-0.25087340,0.38542811,-0.38414923,0.00048015,-0.00048308,1.00515555,-1.00423430,0.71615804,-0.71598434,1.16802361,-1.16668105,0.01077533,-0.01077242,0.52181588,-0.52053309
-4.20510255,2.85556940,-2.85160481,0.25070425,-0.25014581,0.38766266,-0.38640414,0.00044559,-0.00044848,1.01439787,-1.01359027,0.71822321,-0.71819945,1.17936034,-1.17805903,0.01052263,-0.01051467,0.51888993,-0.51765556
-4.19909955,2.86747972,-2.86372226,0.24990741,-0.24933871,0.38961720,-0.38838774,0.00041066,-0.00041348,1.02098542,-1.02030025,0.71782086,-0.71795606,1.18867066,-1.18741420,0.01029843,-0.01028432,0.51556851,-0.51438982
-4.19309655,2.87386915,-2.87033892,0.24899851,-0.24841604,0.39116185,-0.38997058,0.00037588,-0.00037860,1.02474388,-1.02418925,0.71483064,-0.71513195,1.19577849,-1.19457193,0.01011224,-0.01009103,0.51170660,-0.51059054
-4.18709355,2.87430548,-2.87102288,0.24795042,-0.24735061,0.39217500,-0.39103126,0.00034171,-0.00034431,1.02552970,-1.02511260,0.70916588,-0.70963812,1.20052240,-1.19937193,0.00997222,-0.00994316,0.50717635,-0.50612935
-4.18109055,2.86844160,-2.86542635,0.24674672,-0.24612606,0.39254780,-0.39146091,0.00030859,-0.00031104,1.02323917,-1.02296500,0.70078047,-0.70142563,1.20276493,-1.20167758,0.00988492,-0.00984750,0.50187303,-0.50090071
-4.17508754,2.85603711,-2.85330739,0.24538300,-0.24473811,0.39218840,-0.39116739,0.00027684,-0.00027914,1.01781629,-1.01768849,0.68967445,-0.69049141,1.20240117,-1.20138459,0.00985513,-0.00980906,0.49572000,-0.49482693
-4.16908454,2.83697600,-2.83454763,0.24386749,-0.24319526,0.39102539,-0.39007875,0.00024677,-0.00024890,1.00925906,-1.00927881,0.67589808,-0.67688233,1.19936621,-1.19842832,0.00988568,-0.00983096,0.48867266,-0.48786213
-4.16308154,2.81127943,-2.80916516,0.24222087,-0.24151861,0.38901072,-0.38814613,0.00021860,-0.00022055,0.99762367,-0.99778968,0.65955403,-0.66069759,1.19364084,-1.19278961,0.00997747,-0.00991434,0.48072094,-0.47999482
-4.15707854,2.77911280,-2.77732177,0.24047537,-0.23974105,0.38612163,-0.38534570,0.00019248,-0.00019426,0.98302643,-0.98333488,0.64079748,-0.64208896,1.18525530,-1.18449848,0.01012937,-0.01005836,0.47189040,-0.47124903
-4.15107554,2.74078671,-2.73932410,0.23867319,-0.23790558,0.38236173,-0.38167977,0.00016851,-0.00017011,0.96564326,-0.96608778,0.61983420,-0.62125893,1.17429087,-1.17363581,0.01033836,-0.01026026,0.46224186,-0.46168400
-4.14507254,2.69675196,-2.69561869,0.23686414,-0.23606308,0.37776106,-0.37717687,0.00014672,-0.00014815,0.94570670,-0.94627846,0.59691647,-0.59845685,1.16087922,-1.16033263,0.01059960,-0.01051544,0.45186945,-0.45139232
-4.13906953,2.64758852,-2.64678118,0.23510290,-0.23426949,0.37237525,-0.37189095,0.00012710,-0.00012837,0.92350067,-0.92418859,0.57233719,-0.57397309,1.14519962,-1.14476741,0.01090665,-0.01081766,0.44089729,-0.44049666
-4.13306653,2.59398943,-2.59350027,0.23344573,-0.23258254,0.36628369,-0.36589959,0.00010960,-0.00011071,0.89935319,-0.90014418,0.54642236,-0.54813161,1.12747424,-1.12716133,0.01125164,-0.01115926,0.42947487,-0.42914522
-4.12706353,2.53674036,-2.53655732,0.23194710,-0.23105832,0.35958688,-0.35930140,0.00009413,-0.00009510,0.87362753,-0.87450678,0.51952224,-0.52128124,1.10796179,-1.10777189,0.01162559,-0.01153140,0.41777140,-0.41750609
-4.12106053,2.47669588,-2.47680273,0.23065626,-0.22974779,0.35240308,-0.35221270,0.00008056,-0.00008140,0.84671210,-0.84766335,0.49200177,-0.49378607,1.08695001,-1.08688543,0.01201868,-0.01192435,0.40596933,-0.40576088
-4.11505753,2.41475381,-2.41513024,0.22961397,-0.22869347,0.34486429,-0.34476360,0.00006876,-0.00006948,0.81900974,-0.82001562,0.46423047,-0.46601541,1.06474735,-1.06480872,0.01242055,-0.01232780,0.39425736,-0.39409768
-4.10905453,2.35182874,-2.35245045,0.22884968,-0.22792648,0.33711187,-0.33709362,0.00005858,-0.00005920,0.79092682,-0.79196912,0.43657252,-0.43833380,1.04167427,-1.04186030,0.01282067,-0.01273122,0.38282325,-0.38270395
-4.10305153,2.28882608,-2.28966484,0.22837915,-0.22746419,0.32929193,-0.32934717,0.00004986,-0.00005038,0.76286272,-0.76392261,0.40937721,-0.41109146,1.01805470,-1.01836192,0.01320861,-0.01312414,0.37184681,-0.37175944
-4.09704852,2.22661761,-2.22764137,0.22820291,-0.22730843,0.32155054,-0.32166880,0.00004244,-0.00004288,0.73519999,-0.73625827,0.38297033,-0.38461559,0.99420801,-0.99463045,0.01357441,-0.01349649,0.36149321,-0.36142954
-4.09104552,2.16601963,-2.16719258,0.22830537,-0.22744464,0.31402914,-0.31419867,0.00003615,-0.00003653,0.70829574,-0.70933298,0.35764669,-0.35920286,0.97044169,-0.97097066,0.01390884,-0.01383888,0.35190710,-0.35185935
-4.08504252,2.10777431,-2.10905696,0.22865485,-0.22784178,0.30686015,-0.30706821,0.00003086,-0.00003118,0.68247434,-0.68347106,0.33366417,-0.33511325,0.94704512,-0.94766902,0.01420369,-0.01414292,0.34320762,-0.34316864
-4.07903952,2.05253472,-2.05388411,0.22920441,-0.22845308,0.30016302,-0.30039617,0.00002643,-0.00002670,0.65802175,-0.65895854,0.31123920,-0.31256560,0.92428448,-0.92498866,0.01445197,-0.01440139,0.33548447,-0.33544791
-4.07303652,2.00085382,-2.00222385,0.22989356,-0.22921772,0.29404081,-0.29428528,0.00002272,-0.00002295,0.63518144,-0.63603909,0.29054401,-0.29173467,0.90239886,-0.90316561,0.01464811,-0.01460845,0.32879530,-0.32875575
-4.06703352,1.95317751,-1.95451932,0.23065058,-0.23006313,0.28857730,-0.28881939,0.00001962,-0.00001982,0.61415193,-0.61491158,0.27170544,-0.27274989,0.88159755,-0.88240620,0.01478809,-0.01475983,0.32316441,-0.32311742
-4.06103052,1.90984126,-1.91110399,0.23139550,-0.23090796,0.28383495,-0.28406136,0.00001703,-0.00001721,0.59508586,-0.59572918,0.25480526,-0.25569563,0.86205840,-0.86288557,0.01486951,-0.01485281,0.31858265,-0.31852481
-4.05502751,1.87107037,-1.87220195,0.23204345,-0.23166550,0.27985340,-0.28005168,0.00001486,-0.00001502,0.57809033,-0.57859974,0.23988191,-0.24061287,0.84392703,-0.84474710,0.01489159,-0.01488636,0.31500870,-0.31493761
-4.04902451,1.83698300,-1.83793130,0.23250836,-0.23224736,0.27664889,-0.27680779,0.00001304,-0.00001318,0.56322842,-0.56358740,0.22693338,-0.22750203,0.82731689,-0.82810254,0.01485517,-0.01486103,0.31237142,-0.31228567
-4.04302151,1.80759579,-1.80830988,0.23270661,-0.23256725,0.27421425,-0.27432408,0.00001150,-0.00001163,0.55052164,-0.55071504,0.21592099,-0.21632675,0.81230983,-0.81303281,0.01476259,-0.01477888,0.31057325,-0.31047232
-4.03701851,1.78283132,-1.78326295,0.23256064,-0.23254469,0.27251970,-0.27257265,0.00001019,-0.00001031,0.53995301,-0.53996743,0.20677390,-0.20701835,0.79895704,-0.79958903,0.01461753,-0.01464341,0.30949439,-0.30937859
-4.03101551,1.76252698,-1.76263215,0.23200229,-0.23210840,0.27151421,-0.27150464,0.00000907,-0.00000918,0.53147064,-0.53129484,0.19939404,-0.19948075,0.78728039,-0.78779395,0.01442489,-0.01445928,0.30899762,-0.30886800
-4.02501251,1.74644486,-1.74618542,0.23097567,-0.23119932,0.27112746,-0.27105208,0.00000810,-0.00000820,0.52499163,-0.52461695,0.19366128,-0.19359564,0.77727384,-0.77764341,0.01419049,-0.01423220,0.30893350,-0.30879171
-4.01900950,1.73428226,-1.73362745,0.22943953,-0.22977309,0.27127232,-0.27113034,0.00000726,-0.00000735,0.52040614,-0.51982690,0.18943858,-0.18922765,0.76890511,-0.76910801,0.01392089,-0.01396862,0.30914582,-0.30899399
-4.01300650,1.72568260,-1.72461035,0.22736896,-0.22780187,0.27184761,-0.27164080,0.00000653,-0.00000661,0.51758155,-0.51679538,0.18657706,-0.18622936,0.76211746,-0.76213480,0.01362314,-0.01367550,0.30947688,-0.30931751
-4.00700350,1.72024652,-1.71874456,0.22475646,-0.22527546,0.27274127,-0.27247393,0.00000589,-0.00000596,0.51636666,-0.51537473,0.18492073,-0.18444607,0.75683178,-0.75664922,0.01330446,-0.01336009,0.30977271,-0.30960854
-4.00100050,1.71754318,-1.71560968,0.22161228,-0.22220180,0.27383366,-0.27351252,0.00000532,-0.00000539,0.51659596,-0.51540310,0.18431096,-0.18372019,0.75294885,-0.75255719,0.01297206,-0.01302961,0.30988775,-0.30972161
-3.99499750,1.71712164,-1.71476541,0.21796412,-0.21860667,0.27500101,-0.27463498,0.00000482,-0.00000488,0.51809383,-0.51670849,0.18459041,-0.18389525,0.75035212,-0.74974763,0.01263290,-0.01269110,0.30968906,-0.30952377
-3.98899450,1.71852244,-1.71576257,0.21385616,-0.21453282,0.27611882,-0.27571874,0.00000439,-0.00000444,0.52067902,-0.51911299,0.18560667,-0.18481936,0.74891086,-0.74809531,0.01229346,-0.01235115,0.30905986,-0.30889808
-3.98299150,1.72128926,-1.71815416,0.20934760,-0.21003849,0.27706519,-0.27664346,0.00000401,-0.00000406,0.52416899,-0.52243702,0.18721536,-0.18634841,0.74848391,-0.74746433,0.01195963,-0.01201576,0.30790230,-0.30774644
-3.97698849,1.72498077,-1.72150666,0.20451066,-0.20519545,0.27772404,-0.27729420,0.00000369,-0.00000373,0.52838457,-0.52650365,0.18928290,-0.18834870,0.74892395,-0.74771199,0.01163651,-0.01169023,0.30613950,-0.30599156
-3.97098549,1.72918245,-1.72541127,0.19942823,-0.20008666,0.27798807,-0.27756428,0.00000343,-0.00000346,0.53315459,-0.53114318,0.19168884,-0.19069932,0.75008226,-0.74869337,0.01132843,-0.01137901,0.30371677,-0.30357827
-3.96498249,1.73351847,-1.72949532,0.19419132,-0.19480363,0.27776134,-0.27735794,0.00000321,-0.00000324,0.53832061,-0.53619761,0.19432791,-0.19329406,0.75181403,-0.75026628,0.01103882,-0.01108571,0.30060205,-0.30047390
-3.95897949,1.73766310,-1.73343332,0.18889622,-0.18944364,0.27696167,-0.27659260,0.00000305,-0.00000307,0.54374168,-0.54152527,0.19711165,-0.19604311,0.75398387,-0.75229659,0.01077025,-0.01081307,0.29678561,-0.29666806
-3.95297649,1.74135160,-1.73695761,0.18364172,-0.18410681,0.27552247,-0.27520076,0.00000294,-0.00000295,0.54929883,-0.54700531,0.19996984,-0.19887441,0.75647142,-0.75466375,0.01052450,-0.01056300,0.29227919,-0.29217171
-3.94697349,1.74439010,-1.73986819,0.17852631,-0.17889334,0.27339426,-0.27313156,0.00000289,-0.00000288,0.55489942,-0.55254194,0.20285159,-0.20173478,0.75917696,-0.75726624,0.01030254,-0.01033663,0.28711439,-0.28701569
-3.94097049,1.74666400,-1.74204126,0.17364546,-0.17390068,0.27054564,-0.27035178,0.00000288,-0.00000287,0.56048087,-0.55806826,0.20572603,-0.20459065,0.76202641,-0.76002670,0.01010472,-0.01013440,0.28134072,-0.28124869
-3.93496748,1.74814460,-1.74343610,0.16908915,-0.16922103,0.26696387,-0.26684647,0.00000293,-0.00000290,0.56601384,-0.56354956,0.20858286,-0.20742860,0.76497575,-0.76289648,0.00993078,-0.00995617,0.27502325,-0.27493498
-3.92896448,1.74889324,-1.74409974,0.16493955,-0.16493897,0.26265490,-0.26261907,0.00000303,-0.00000299,0.57150443,-0.56898568,0.21143231,-0.21025550,0.76801446,-0.76585921,0.00978004,-0.00980130,0.26823990,-0.26815173
-3.92296148,1.74906286,-1.74416913,0.16126908,-0.16112946,0.25764295,-0.25769111,0.00000318,-0.00000313,0.57699543,-0.57441255,0.21430491,-0.21309825,0.77116761,-0.76893326,0.00965145,-0.00966882,0.26107864,-0.26098624
-3.91695848,1.74889635,-1.74387027,0.15813872,-0.15785607,0.25196959,-0.25210136,0.00000338,-0.00000333,0.58256628,-0.57990236,0.21725060,-0.21600315,0.77449661,-0.77217283,0.00954371,-0.00955744,0.25363455,-0.25353302
-3.91095548,1.74872166,-1.74351419,0.15559664,-0.15516965,0.24569243,-0.24590467,0.00000364,-0.00000358,0.58833168,-0.58556265,0.22033754,-0.21903473,0.77809824,-0.77566741,0.00945537,-0.00946574,0.24600693,-0.24589096
-3.90495248,1.74894355,-1.74348959,0.15367729,-0.15310729,0.23888336,-0.23917025,0.00000395,-0.00000388,0.59443888,-0.59153385,0.22365027,-0.22227414,0.78210213,-0.77953962,0.00938486,-0.00939216,0.23829646,-0.23816049
-3.89894947,1.75003194,-1.74425212,0.15240079,-0.15169169,0.23162646,-0.23197972,0.00000432,-0.00000423,0.60106347,-0.59798548,0.22728735,-0.22581698,0.78666646,-0.78394142,0.00933058,-0.00933510,0.23060251,-0.23044090
-3.89294647,1.75250722,-1.74631056,0.15177265,-0.15093087,0.22401555,-0.22442479,0.00000474,-0.00000464,0.60840386,-0.60511100,0.23135856,-0.22977055,0.79197215,-0.78904868,0.00929091,-0.00929294,0.22302065,-0.22282794
-3.88694347,1.75692281,-1.75021015,0.15178397,-0.15081830,0.21615160,-0.21660467,0.00000521,-0.00000510,0.61667452,-0.61312139,0.23598141,-0.23425064,0.79821571,-0.79505434,0.00926423,-0.00926406,0.21564046,-0.21541154
-3.88094047,1.76384547,-1.75651361,0.15241195,-0.15133332,0.20813993,-0.20862336,0.00000573,-0.00000561,0.62609814,-0.62223754,0.24127735,-0.23937784,0.80560089,-0.80216044,0.00924890,-0.00924682,0.20854358,-0.20827392
-3.87493747,1.77383414,-1.76578042,0.15362067,-0.15244200,0.20008730,-0.20058683,0.00000630,-0.00000616,0.63689702,-0.63268196,0.24736748,-0.24527335,0.81432957,-0.81056923,0.00924326,-0.00923957,0.20180211,-0.20148792
-3.86893447,1.78741792,-1.77854510,0.15536231,-0.15409820,0.19209911,-0.19260017,0.00000690,-0.00000676,0.64928392,-0.64466969,0.25436802,-0.25205457,0.82459229,-0.82047375,0.00924559,-0.00924063,0.19547731,-0.19511577
-3.86293147,1.80507394,-1.79529530,0.15757860,-0.15624503,0.18427662,-0.18476485,0.00000755,-0.00000740,0.66345266,-0.65839907,0.26238556,-0.25983041,0.83655861,-0.83204832,0.00925412,-0.00924822,0.18961869,-0.18920808
-3.85692846,1.82720615,-1.81645036,0.16020245,-0.15881648,0.17671438,-0.17717615,0.00000822,-0.00000807,0.67956890,-0.67404242,0.27151230,-0.26869656,0.85036790,-0.84543920,0.00926697,-0.00926052,0.18426347,-0.18380325
-3.85092546,1.85412554,-1.84234135,0.16315992,-0.16173928,0.16949791,-0.16992075,0.00000892,-0.00000877,0.69776133,-0.69173723,0.28182142,-0.27873081,0.86612083,-0.86075600,0.00928215,-0.00927555,0.17943628,-0.17892722
-3.84492246,1.88603274,-1.87319311,0.16637214,-0.16493493,0.16270172,-0.16307474,0.00000964,-0.00000948,0.71811365,-0.71157791,0.29336267,-0.28998860,0.88387189,-0.87806392,0.00929758,-0.00929127,0.17514928,-0.17459346
-3.83891946,1.92300353,-1.90910916,0.16975747,-0.16832172,0.15638768,-0.15670191,0.00001036,-0.00001020,0.74065763,-0.73360863,0.30615849,-0.30249901,0.90362331,-0.89737737,0.00931105,-0.00930550,0.17140257,-0.17080337
-3.83291646,1.96497778,-1.95005988,0.17323352,-0.17181688,0.15060380,-0.15085247,0.00001108,-0.00001092,0.76536755,-0.75781739,0.32020064,-0.31626125,0.92532051,-0.91865507,0.00932026,-0.00931598,0.16818482,-0.16754688
-3.82691346,2.01175234,-1.99587444,0.17671920,-0.17533853,0.14538347,-0.14556220,0.00001178,-0.00001162,0.79215612,-0.78413167,0.33544762,-0.33124192,0.94884930,-0.94179681,0.00932287,-0.00932036,0.16547415,-0.16480332
-3.82091046,2.06297801,-2.04623685,0.18013654,-0.17880766,0.14074517,-0.14085205,0.00001245,-0.00001230,0.82087222,-0.81241563,0.35182300,-0.34737303,0.97403492,-0.96664211,0.00931651,-0.00931630,0.16323926,-0.16254243
-3.81490745,2.11816078,-2.10068617,0.18341237,-0.18214976,0.13669248,-0.13672815,0.00001308,-0.00001295,0.85130043,-0.84246928,0.36921464,-0.36455107,1.00064290,-0.99297060,0.00929887,-0.00930147,0.16144062,-0.16072561
-3.80890445,2.17666732,-2.15862098,0.18647970,-0.18529631,0.13321469,-0.13318221,0.00001367,-0.00001355,0.88316248,-0.87402942,0.38747506,-0.38263705,1.02838183,-1.02050433,0.00926771,-0.00927362,0.16003179,-0.15930720
-3.80290145,2.23773458,-2.21930796,0.18927883,-0.18818592,0.13028762,-0.13019241,0.00001419,-0.00001408,0.91612060,-0.90677252,0.40642286,-0.40145764,1.05690776,-1.04891177,0.00922096,-0.00923065,0.15896081,-0.15823584
-3.79689845,2.30048321,-2.28189439,0.19175809,-0.19076514,0.12787490,-0.12772449,0.00001465,-0.00001456,0.94978272,-0.94031945,0.42584522,-0.42080743,1.08583023,-1.07781344,0.00915677,-0.00917067,0.15817158,-0.15745588
-3.79089545,2.36393448,-2.34542416,0.19387425,-0.19298896,0.12592937,-0.12573319,0.00001502,-0.00001495,0.98370936,-0.97424196,0.44550151,-0.44045225,1.11471972,-1.10678900,0.00907357,-0.00909202,0.15760524,-0.15690869
-3.78489245,2.42703016,-2.40885694,0.19559263,-0.19482095,0.12439490,-0.12416395,0.00001531,-0.00001526,1.01742209,-1.00807075,0.46512790,-0.46013353,1.14311629,-1.13538555,0.00897008,-0.00899337,0.15720141,-0.15653403
-3.77888944,2.48865503,-2.47108996,0.19688685,-0.19623311,0.12320815,-0.12295468,0.00001551,-0.00001548,1.05041338,-1.04130493,0.48444278,-0.47957351,1.17053914,-1.16312700,0.00884540,-0.00887375,0.15689951,-0.15627121
-3.77288644,2.54766114,-2.53098182,0.19773836,-0.19720536,0.12230063,-0.12203775,0.00001561,-0.00001560,1.08215749,-1.07342268,0.50315303,-0.49848133,1.19649695,-1.18952418,0.00869901,-0.00873253,0.15663976,-0.15606026
-3.76688344,2.60289342,-2.58737777,0.19813568,-0.19772493,0.12160063,-0.12134196,0.00001561,-0.00001562,1.11212217,-1.10389275,0.52096073,-0.51655962,1.22049864,-1.21408542,0.00853077,-0.00856949,0.15636429,-0.15584292
-3.76088044,2.65321593,-2.63913577,0.19807360,-0.19778548,0.12103523,-0.12079452,0.00001551,-0.00001555,1.13978088,-1.13218651,0.53757028,-0.53351157,1.24206425,-1.23632753,0.00834094,-0.00838482,0.15601795,-0.15556357
-3.75487744,2.69753797,-2.68515255,0.19755218,-0.19738614,0.12053222,-0.12032296,0.00001532,-0.00001538,1.16462511,-1.15779031,0.55269569,-0.54904813,1.26073580,-1.25578651,0.00813018,-0.00817907,0.15554917,-0.15516999
-3.74887444,2.73483936,-2.72438922,0.19657579,-0.19653057,0.12002190,-0.11985697,0.00001504,-0.00001512,1.18617648,-1.18021760,0.56606767,-0.56289521,1.27608776,-1.27202822,0.00789948,-0.00795317,0.15491057,-0.15461407
-3.74287144,2.76419440,-2.75589544,0.19515218,-0.19522597,0.11943872,-0.11933003,0.00001467,-0.00001477,1.20399833,-1.19902066,0.57744045,-0.57480061,1.28773680,-1.28465828,0.00765020,-0.00770837,0.15405957,-0.15385236
-3.73686843,2.78479352,-2.77883176,0.19329167,-0.19348223,0.11872273,-0.11868097,0.00001423,-0.00001434,1.21770625,-1.21380149,0.58659799,-0.58454035,1.29535075,-1.29333122,0.00738393,-0.00744623,0.15295885,-0.15284658
-3.73086543,2.79596225,-2.79248923,0.19100642,-0.19131121,0.11782083,-0.11785518,0.00001371,-0.00001384,1.22697753,-1.22422145,0.59335945,-0.59192437,1.29865630,-1.29775856,0.00710256,-0.00716855,0.15157676,-0.15156402
-3.72486243,2.79717690,-2.79630594,0.18830994,-0.18872616,0.11668776,-0.11680568,0.00001313,-0.00001328,1.23155891,-1.23000949,0.59758363,-0.59680124,1.29744543,-1.29771556,0.00680811,-0.00687733,0.14988762,-0.14997788
-3.71885943,2.78807633,-2.78987987,0.18521671,-0.18574137,0.11528686,-0.11549394,0.00001251,-0.00001266,1.23127256,-1.23096865,0.59917234,-0.59906183,1.29158019,-1.29304641,0.00650280,-0.00657473,0.14787199,-0.14806744
-3.71285643,2.76846973,-2.77297757,0.18174207,-0.18237190,0.11359052,-0.11389037,0.00001184,-0.00001200,1.22602014,-1.22698055,0.59807251,-0.59864171,1.28099585,-1.28366783,0.00618890,-0.00626302,0.14551672,-0.14581833
-3.70685343,2.73833981,-2.74553868,0.17790214,-0.17863362,0.11158042,-0.11197464,0.00001115,-0.00001131,1.21578456,-1.21800776,0.59427702,-0.59552234,1.26570212,-1.26957083,0.00586874,-0.00594450,0.14281513,-0.14322250
-3.70085043,2.69784165,-2.70767578,0.17371404,-0.17454327,0.10924749,-0.10973569,0.00001044,-0.00001060,1.20062974,-1.20409411,0.58782423,-0.58973090,1.24578266,-1.25082059,0.00554464,-0.00562149,0.13976686,-0.14027827
-3.69484742,2.64729703,-2.65966989,0.16919603,-0.17011871,0.10659162,-0.10717146,0.00000971,-0.00000988,1.18069808,-1.18536267,0.57879621,-0.58133884,1.22139256,-1.22755454,0.00521889,-0.00529629,0.13637783,-0.13699022
-3.68884442,2.58718451,-2.60196160,0.16436785,-0.16537914,0.10362114,-0.10428848,0.00000899,-0.00000916,1.15620590,-1.16201172,0.56731582,-0.57045927,1.19275421,-1.19997857,0.00489371,-0.00497111,0.13265992,-0.13336894
-3.68284142,2.51812564,-2.53513827,0.15925095,-0.16034545,0.10035212,-0.10110116,0.00000828,-0.00000845,1.12743703,-1.13430882,0.55354270,-0.55724317,1.16015136,-1.16836159,0.00457119,-0.00464810,0.12863069,-0.12943073
-3.67683842,2.44086785,-2.45991766,0.15386880,-0.15504046,0.09680747,-0.09763098,0.00000759,-0.00000775,1.09473472,-1.10258310,0.53766841,-0.54187473,1.12392191,-1.13302857,0.00425332,-0.00432925,0.12431288,-0.12519720
-3.67083542,2.35626449,-2.37712864,0.14824704,-0.14948914,0.09301593,-0.09390549,0.00000692,-0.00000707,1.05849234,-1.06721618,0.51991090,-0.52456598,1.08444934,-1.09435235,0.00394192,-0.00401642,0.11973387,-0.12069471
-3.66483242,2.26525289,-2.28768969,0.14241353,-0.14371871,0.08901096,-0.08995720,0.00000627,-0.00000642,1.01914294,-1.02863208,0.50050844,-0.50555082,1.04215334,-1.05274442,0.00363866,-0.00371131,0.11492504,-0.11595376
-3.65882941,2.16883116,-2.19258596,0.13639839,-0.13775864,0.08482957,-0.08582246,0.00000566,-0.00000580,0.97714839,-0.98728636,0.47971341,-0.48507883,0.99747987,-1.00864505,0.00334501,-0.00341544,0.10992103,-0.11100828
-3.65282641,2.06803452,-2.09284559,0.13023376,-0.13164051,0.08051114,-0.08154025,0.00000508,-0.00000522,0.93298824,-0.94365504,0.45778601,-0.46340893,0.95089091,-0.96251314,0.00306229,-0.00313017,0.10475896,-0.10589488
-3.64682341,1.96391200,-1.98951627,0.12395359,-0.12539780,0.07609625,-0.07715102,0.00000455,-0.00000467,0.88714881,-0.89822358,0.43498820,-0.44080331,0.90285441,-0.91481607,0.00279159,-0.00285664,0.09947762,-0.10065201
-3.64082041,1.85750418,-1.88364267,0.11759316,-0.11906545,0.07162557,-0.07269558,0.00000404,-0.00000416,0.84011276,-0.85147631,0.41157805,-0.41752161,0.85383460,-0.86601986,0.00253385,-0.00259581,0.09411661,-0.09531914
-3.63481741,1.74982279,-1.77624544,0.11118865,-0.11267945,0.06713892,-0.06821408,0.00000358,-0.00000369,0.79234960,-0.80388669,0.38780464,-0.39381568,0.80428306,-0.81658002,0.00228978,-0.00234848,0.08871556,-0.08993597
-3.62881441,1.64183249,-1.66830249,0.10477658,-0.10627624,0.06267427,-0.06374505,0.00000316,-0.00000326,0.74430723,-0.75590854,0.36390367,-0.36992497,0.75463072,-0.76693334,0.00205994,-0.00211523,0.08331329,-0.08454157
-3.62281141,1.53443552,-1.56073280,0.09839318,-0.09989218,0.05826710,-0.05932469,0.00000278,-0.00000286,0.69640486,-0.70796864,0.34009380,-0.34607275,0.70528109,-0.71749072,0.00184469,-0.00189647,0.07794717,-0.07917373
-3.61680840,1.42845926,-1.45438327,0.09207380,-0.09356289,0.05394972,-0.05498613,0.00000243,-0.00000251,0.64902732,-0.66046061,0.31657387,-0.32246303,0.65660470,-0.66863136,0.00164421,-0.00169243,0.07265242,-0.07386822
-3.61080540,1.32464702,-1.35001868,0.08585236,-0.08732270,0.04975085,-0.05075905,0.00000211,-0.00000218,0.60252078,-0.61374038,0.29352095,-0.29927844,0.60893494,-0.62069818,0.00145854,-0.00150318,0.06746159,-0.06865831
-3.60480240,1.22365188,-1.24831484,0.07976076,-0.08120406,0.04569533,-0.04666927,0.00000183,-0.00000190,0.55719008,-0.56812306,0.27108915,-0.27667887,0.56256527,-0.57399476,0.00128756,-0.00132864,0.06240418,-0.06357425
-3.59879940,1.12603359,-1.14985465,0.07382846,-0.07523707,0.04180394,-0.04273859,0.00000158,-0.00000164,0.51329730,-0.52388123,0.24940925,-0.25480088,0.51774771,-0.52878346,0.00113099,-0.00116858,0.05750622,-0.05864297
-3.59279640,1.03225816,-1.05512717,0.06808205,-0.06944909,0.03809343,-0.03898475,0.00000136,-0.00000141,0.47106167,-0.48124452,0.22858894,-0.23375780,0.47469256,-0.48528491,0.00098844,-0.00102263,0.05279018,-0.05388779
-3.58679340,0.94269989,-0.96452900,0.06254498,-0.06386437,0.03457657,-0.03542149,0.00000116,-0.00000121,0.43066050,-0.44040038,0.20871363,-0.21364045,0.43356919,-0.44367847,0.00085942,-0.00089033,0.04827480,-0.04932840
-3.58079040,0.85764536,-0.87836788,0.05723734,-0.05850387,0.03126235,-0.03205874,0.00000099,-0.00000103,0.39223115,-0.40149569,0.18984775,-0.19451828,0.39450769,-0.40410376,0.00074333,-0.00077111,0.04397512,-0.04498074
-3.57478739,0.77729898,-0.79686790,0.05217576,-0.05338508,0.02815630,-0.02890283,0.00000084,-0.00000088,0.35587351,-0.36463926,0.17203635,-0.17644093,0.35760127,-0.36666286,0.00063950,-0.00066431,0.03990256,-0.04085712
-3.56878439,0.70178979,-0.72017602,0.04737337,-0.04852203,0.02526074,-0.02595687,0.00000071,-0.00000074,0.32165312,-0.32990476,0.15530690,-0.15944002,0.32290918,-0.33142316,0.00054720,-0.00056921,0.03606512,-0.03696637
-3.56278139,0.63117884,-0.64836937,0.04283987,-0.04392527,0.02257519,-0.02322104,0.00000060,-0.00000062,0.28960461,-0.29733406,0.13967131,-0.14353110,0.29045996,-0.29842046,0.00046564,-0.00048506,0.03246754,-0.03331404
-3.55677839,0.56546705,-0.58146305,0.03858165,-0.03960202,0.02009675,-0.02069301,0.00000050,-0.00000052,0.25973514,-0.26694078,0.12512788,-0.12871562,0.26025486,-0.26766250,0.00039403,-0.00041105,0.02911163,-0.02990264
-3.55077539,0.50460307,-0.51941798,0.03460194,-0.03555628,0.01782043,-0.01836828,0.00000042,-0.00000044,0.23202802,-0.23871382,0.11166325,-0.11498292,0.23227136,-0.23913235,0.00033154,-0.00034636,0.02599652,-0.02673196
-3.54477239,0.44849094,-0.46214866,0.03090106,-0.03178911,0.01573958,-0.01624060,0.00000035,-0.00000036,0.20644612,-0.21262084,0.09925427,-0.10231211,0.20646654,-0.21279189,0.00027736,-0.00029018,0.02311896,-0.02379933
-3.53876938,0.39699734,-0.40953055,0.02747664,-0.02829879,0.01384617,-0.01430225,0.00000029,-0.00000030,0.18293508,-0.18861152,0.08786971,-0.09067382,0.18278034,-0.18858511,0.00023069,-0.00024171,0.02047367,-0.02109999
-3.53276638,0.34995833,-0.36140691,0.02432390,-0.02508116,0.01213117,-0.01254445,0.00000023,-0.00000025,0.16142634,-0.16662066,0.07747184,-0.08003179,0.16113859,-0.16644116,0.00019074,-0.00020015,0.01805360,-0.01862732
-3.52676338,0.30718551,-0.31759512,0.02143593,-0.02212982,0.01058479,-0.01095759,0.00000019,-0.00000020,0.14183985,-0.14657095,0.06801779,-0.07034435,0.14145577,-0.14627720,0.00015676,-0.00016475,0.01585025,-0.01637319
-3.52076038,0.26847146,-0.27789230,0.01880395,-0.01943648,0.00919673,-0.00953148,0.00000016,-0.00000016,0.12408649,-0.12837546,0.05946078,-0.06156561,0.12363750,-0.12800096,0.00012807,-0.00013479,0.01385396,-0.01432824
-3.51475738,0.23359470,-0.24208037,0.01641764,-0.01699120,0.00795643,-0.00825564,0.00000013,-0.00000013,0.10807028,-0.11193989,0.05175122,-0.05364665,0.10758278,-0.11151305,0.00010399,-0.00010962,0.01205411,-0.01248209
-3.50875438,0.20232399,-0.20993049,0.01426536,-0.01478267,0.00685323,-0.00711943,0.00000010,-0.00000011,0.09369025,-0.09716452,0.04483760,-0.04653639,0.09318599,-0.09670895,0.00008391,-0.00008860,0.01043943,-0.01082366
-3.50275138,0.17442210,-0.18120695,0.01233446,-0.01279850,0.00587651,-0.00611222,0.00000008,-0.00000009,0.08084219,-0.08394600,0.03866730,-0.04018249,0.08033860,-0.08348088,0.00006730,-0.00007116,0.00899814,-0.00934131
-3.49674837,0.14964916,-0.15567061,0.01061150,-0.01102547,0.00501584,-0.00522355,0.00000006,-0.00000007,0.06942012,-0.07217883,0.03318730,-0.03453201,0.06893073,-0.07171930,0.00005363,-0.00005680,0.00771822,-0.00802310
-3.49074537,0.12776557,-0.13308191,0.00908253,-0.00944976,0.00426107,-0.00444321,0.00000005,-0.00000005,0.05931763,-0.06175680,0.02834474,-0.02953206,0.05885251,-0.06131437,0.00004247,-0.00004505,0.00658754,-0.00685694
-3.48474237,0.10853455,-0.11320349,0.00773329,-0.00805720,0.00360242,-0.00376134,0.00000004,-0.00000004,0.05042903,-0.05257413,0.02408748,-0.02513033,0.04999526,-0.05215715,0.00003342,-0.00003551,0.00559399,-0.00583075
-3.47873937,0.09172441,-0.09580251,0.00654944,-0.00683347,0.00303053,-0.00316848,0.00000003,-0.00000003,0.04265045,-0.04452656,0.02036455,-0.02127557,0.04225253,-0.04414067,0.00002613,-0.00002781,0.00472570,-0.00493260
-3.47273637,0.07711045,-0.08065264,0.00551671,-0.00576430,0.00253655,-0.00265565,0.00000002,-0.00000003,0.03588075,-0.03751235,0.01712654,-0.01791800,0.03552105,-0.03716091,0.00002030,-0.00002163,0.00397109,-0.00415086
-3.46673337,0.06447667,-0.06753583,0.00462114,-0.00483567,0.00211209,-0.00221437,0.00000002,-0.00000002,0.03002228,-0.03143306,0.01432598,-0.01500966,0.02970147,-0.03111757,0.00001566,-0.00001672,0.00331897,-0.00347427
-3.46073037,0.05361719,-0.05624377,0.00384918,-0.00403392,0.00174936,-0.00183670,0.00000001,-0.00000002,0.02498167,-0.02619431,0.01191759,-0.01250473,0.02469907,-0.02591480,0.00001201,-0.00001284,0.00275869,-0.00289205
-3.45472736,0.04433737,-0.04657910,0.00318783,-0.00334593,0.00144110,-0.00151526,0.00000001,-0.00000001,0.02067034,-0.02170639,0.00985856,-0.01035978,0.02042427,-0.02146175,0.00000915,-0.00000980,0.00228016,-0.00239398
-3.44872436,0.03645480,-0.03835641,0.00262477,-0.00275920,0.00118061,-0.00124322,0.00000001,-0.00000001,0.01700501,-0.01788473,0.00810873,-0.00853400,0.01679308,-0.01767305,0.00000692,-0.00000743,0.00187389,-0.00197045
-3.44272136,0.02979988,-0.03140297,0.00214840,-0.00226199,0.00096177,-0.00101431,0.00000001,-0.00000001,0.01390804,-0.01465034,0.00663073,-0.00698933,0.01372740,-0.01446915,0.00000520,-0.00000559,0.00153108,-0.00161248
-3.43671836,0.02421630,-0.02555919,0.00174796,-0.00184331,0.00077901,-0.00082283,0.00000000,-0.00000000,0.01130767,-0.01193004,0.00539011,-0.00569058,0.01115524,-0.01177653,0.00000388,-0.00000418,0.00124363,-0.00131181
-3.43071536,0.01956116,-0.02067887,0.00141353,-0.00149304,0.00062731,-0.00066363,0.00000000,-0.00000000,0.00913819,-0.00965661,0.00435533,-0.00460547,0.00901079,-0.00952784,0.00000288,-0.00000311,0.00100411,-0.00106085
-3.42471236,0.01570499,-0.01662922,0.00113607,-0.00120193,0.00050216,-0.00053208,0.00000000,-0.00000000,0.00733989,-0.00776890,0.00349779,-0.00370467,0.00723441,-0.00766191,0.00000212,-0.00000229,0.00080581,-0.00085272
-3.41870935,0.01253146,-0.01329066,0.00090739,-0.00096158,0.00039956,-0.00042405,0.00000000,-0.00000000,0.00585905,-0.00621170,0.00279177,-0.00296175,0.00577250,-0.00612363,0.00000155,-0.00000168,0.00064270,-0.00068124
-3.41270635,0.00993695,-0.01055642,0.00072019,-0.00076447,0.00031599,-0.00033590,0.00000000,-0.00000000,0.00464772,-0.00493565,0.00221436,-0.00235308,0.00457734,-0.00486380,0.00000113,-0.00000122,0.00050943,-0.00054087
-3.40670335,0.00783000,-0.00833203,0.00056798,-0.00060391,0.00024836,-0.00026445,0.00000000,-0.00000000,0.00366352,-0.00389701,0.00174528,-0.00185772,0.00360677,-0.00383891,0.00000081,-0.00000088,0.00040126,-0.00042673
-3.40070035,0.00613053,-0.00653462,0.00044507,-0.00047403,0.00019398,-0.00020689,0.00000000,-0.00000000,0.00286928,-0.00305732,0.00136679,-0.00145731,0.00282392,-0.00301075,0.00000058,-0.00000063,0.00031405,-0.00033455
-3.39469735,0.00476908,-0.00509209,0.00034650,-0.00036968,0.00015056,-0.00016085,0.00000000,-0.00000000,0.00223274,-0.00238313,0.00106349,-0.00113586,0.00219678,-0.00234611,0.00000042,-0.00000045,0.00024422,-0.00026061
-3.38869435,0.00368593,-0.00394233,0.00026800,-0.00028642,0.00011611,-0.00012425,0.00000000,-0.00000000,0.00172612,-0.00184555,0.00082212,-0.00087957,0.00169784,-0.00181637,0.00000029,-0.00000032,0.00018869,-0.00020170
-3.38269135,0.00283016,-0.00303228,0.00020593,-0.00022046,0.00008896,-0.00009537,0.00000000,-0.00000000,0.00132570,-0.00141989,0.00063137,-0.00067666,0.00130365,-0.00139707,0.00000021,-0.00000023,0.00014484,-0.00015509
-3.37668834,0.00215877,-0.00231697,0.00015719,-0.00016857,0.00006772,-0.00007272,0.00000000,-0.00000000,0.00101144,-0.00108520,0.00048167,-0.00051713,0.00099438,-0.00106750,0.00000014,-0.00000016,0.00011045,-0.00011847
-3.37068534,0.00163574,-0.00175868,0.00011918,-0.00012804,0.00005122,-0.00005509,0.00000000,-0.00000000,0.00076655,-0.00082389,0.00036503,-0.00039259,0.00075346,-0.00081027,0.00000010,-0.00000011,0.00008367,-0.00008990
-3.36468234,0.00123115,-0.00132601,0.00008976,-0.00009660,0.00003848,-0.00004146,0.00000000,-0.00000000,0.00057707,-0.00062133,0.00027478,-0.00029605,0.00056710,-0.00061093,0.00000007,-0.00000008,0.00006296,-0.00006777
-3.35867934,0.00092042,-0.00099309,0.00006715,-0.00007239,0.00002871,-0.00003100,0.00000000,-0.00000000,0.00043150,-0.00046542,0.00020546,-0.00022175,0.00042396,-0.00045755,0.00000005,-0.00000005,0.00004706,-0.00005074
-3.35267634,0.00068347,-0.00073875,0.00004989,-0.00005389,0.00002129,-0.00002302,0.00000000,-0.00000000,0.00032047,-0.00034628,0.00015258,-0.00016498,0.00031482,-0.00034036,0.00000003,-0.00000003,0.00003493,-0.00003774
-3.34667334,0.00050408,-0.00054582,0.00003682,-0.00003984,0.00001567,-0.00001698,0.00000000,-0.00000000,0.00023639,-0.00025589,0.00011255,-0.00012191,0.00023219,-0.00025148,0.00000002,-0.00000002,0.00002576,-0.00002788
-3.34067034,0.00036924,-0.00040053,0.00002699,-0.00002925,0.00001146,-0.00001244,0.00000000,-0.00000000,0.00017318,-0.00018780,0.00008245,-0.00008947,0.00017008,-0.00018454,0.00000001,-0.00000002,0.00001887,-0.00002045
-3.33466733,0.00026862,-0.00029191,0.00001964,-0.00002133,0.00000833,-0.00000905,0.00000000,-0.00000000,0.00012601,-0.00013689,0.00005999,-0.00006521,0.00012373,-0.00013449,0.00000001,-0.00000001,0.00001372,-0.00001490
-3.32866433,0.00019408,-0.00021129,0.00001420,-0.00001545,0.00000601,-0.00000654,0.00000000,-0.00000000,0.00009105,-0.00009909,0.00004334,-0.00004720,0.00008940,-0.00009735,0.00000001,-0.00000001,0.00000991,-0.00001079
-3.32266133,0.00013926,-0.00015188,0.00001019,-0.00001111,0.00000430,-0.00000470,0.00000000,-0.00000000,0.00006534,-0.00007124,0.00003110,-0.00003393,0.00006415,-0.00006998,0.00000000,-0.00000000,0.00000711,-0.00000775
-3.31665833,0.00009923,-0.00010842,0.00000727,-0.00000794,0.00000306,-0.00000335,0.00000000,-0.00000000,0.00004656,-0.00005086,0.00002216,-0.00002423,0.00004571,-0.00004995,0.00000000,-0.00000000,0.00000507,-0.00000553
-3.31065533,0.00007022,-0.00007686,0.00000515,-0.00000563,0.00000216,-0.00000237,0.00000000,-0.00000000,0.00003295,-0.00003606,0.00001569,-0.00001718,0.00003235,-0.00003541,0.00000000,-0.00000000,0.00000359,-0.00000392
-3.30465233,0.00004934,-0.00005411,0.00000362,-0.00000396,0.00000152,-0.00000167,0.00000000,-0.00000000,0.00002316,-0.00002539,0.00001102,-0.00001209,0.00002273,-0.00002493,0.00000000,-0.00000000,0.00000252,-0.00000276
-3.29864932,0.00003444,-0.00003783,0.00000253,-0.00000277,0.00000106,-0.00000116,0.00000000,-0.00000000,0.00001616,-0.00001775,0.00000769,-0.00000845,0.00001586,-0.00001743,0.00000000,-0.00000000,0.00000176,-0.00000193
-3.29264632,0.00002387,-0.00002627,0.00000175,-0.00000193,0.00000073,-0.00000081,0.00000000,-0.00000000,0.00001120,-0.00001232,0.00000533,-0.00000587,0.00001100,-0.00001211,0.00000000,-0.00000000,0.00000122,-0.00000134
-3.28664332,0.00001643,-0.00001811,0.00000121,-0.00000133,0.00000050,-0.00000056,0.00000000,-0.00000000,0.00000771,-0.00000850,0.00000367,-0.00000405,0.00000757,-0.00000835,0.00000000,-0.00000000,0.00000084,-0.00000092
-3.28064032,0.00001124,-0.00001241,0.00000082,-0.00000091,0.00000035,-0.00000038,0.00000000,-0.00000000,0.00000527,-0.00000582,0.00000251,-0.00000277,0.00000519,-0.00000573,0.00000000,-0.00000000,0.00000057,-0.00000063
-3.27463732,0.00000764,-0.00000845,0.00000056,-0.00000062,0.00000024,-0.00000026,0.00000000,-0.00000000,0.00000357,-0.00000395,0.00000170,-0.00000188,0.00000354,-0.00000391,0.00000000,-0.00000000,0.00000039,-0.00000043
-3.26863432,0.00000518,-0.00000573,0.00000038,-0.00000042,0.00000016,-0.00000018,0.00000000,-0.00000000,0.00000241,-0.00000267,0.00000115,-0.00000127,0.00000241,-0.00000266,0.00000000,-0.00000000,0.00000026,-0.00000029
-3.26263132,0.00000351,-0.00000389,0.00000026,-0.00000028,0.00000011,-0.00000013,0.00000000,-0.00000000,0.00000161,-0.00000179,0.00000077,-0.00000086,0.00000166,-0.00000183,0.00000000,-0.00000000,0.00000018,-0.00000019
-3.25662831,0.00000241,-0.00000266,0.00000017,-0.00000019,0.00000009,-0.00000009,0.00000000,-0.00000000,0.00000107,-0.00000119,0.00000052,-0.00000057,0.00000117,-0.00000128,0.00000000,-0.00000000,0.00000012,-0.00000013
-3.25062531,0.00000171,-0.00000187,0.00000012,-0.00000013,0.00000007,-0.00000007,0.00000000,-0.00000000,0.00000071,-0.00000079,0.00000035,-0.00000039,0.00000088,-0.00000095,0.00000000,-0.00000000,0.00000008,-0.00000009
-3.24462231,0.00000130,-0.00000140,0.00000008,-0.00000009,0.00000007,-0.00000007,0.00000000,-0.00000000,0.00000046,-0.00000052,0.00000024,-0.00000026,0.00000075,-0.00000078,0.00000000,-0.00000000,0.00000005,-0.00000006
-3.23861931,0.00000114,-0.00000118,0.00000006,-0.00000007,0.00000008,-0.00000008,0.00000000,-0.00000000,0.00000030,-0.00000034,0.00000017,-0.00000019,0.00000075,-0.00000076,0.00000000,-0.00000000,0.00000004,-0.00000004
-3.23261631,0.00000118,-0.00000118,0.00000006,-0.00000006,0.00000010,-0.00000010,0.00000000,-0.00000000,0.00000019,-0.00000022,0.00000014,-0.00000015,0.00000089,-0.00000087,0.00000000,-0.00000000,0.00000003,-0.00000003
-3.22661331,0.00000143,-0.00000139,0.00000006,-0.00000006,0.00000015,-0.00000014,0.00000000,-0.00000000,0.00000012,-0.00000014,0.00000013,-0.00000013,0.00000119,-0.00000114,0.00000000,-0.00000000,0.00000002,-0.00000002
-3.22061031,0.00000193,-0.00000185,0.00000008,-0.00000007,0.00000022,-0.00000020,0.00000000,-0.00000000,0.00000008,-0.00000009,0.00000014,-0.00000014,0.00000170,-0.00000161,0.00000000,-0.00000000,0.00000002,-0.00000002
-3.21460730,0.00000276,-0.00000263,0.00000010,-0.00000010,0.00000032,-0.00000030,0.00000000,-0.00000000,0.00000005,-0.00000006,0.00000018,-0.00000017,0.00000249,-0.00000236,0.00000000,-0.00000000,0.00000002,-0.00000002
-3.20860430,0.00000403,-0.00000382,0.00000015,-0.00000014,0.00000048,-0.00000045,0.00000000,-0.00000000,0.00000003,-0.00000004,0.00000025,-0.00000023,0.00000367,-0.00000348,0.00000000,-0.00000000,0.00000003,-0.00000003
-3.20260130,0.00000593,-0.00000561,0.00000021,-0.00000020,0.00000071,-0.00000067,0.00000000,-0.00000000,0.00000002,-0.00000002,0.00000035,-0.00000033,0.00000542,-0.00000513,0.00000000,-0.00000000,0.00000004,-0.00000004
-3.19659830,0.00000869,-0.00000823,0.00000031,-0.00000029,0.00000104,-0.00000098,0.00000000,-0.00000000,0.00000001,-0.00000001,0.00000051,-0.00000048,0.00000797,-0.00000755,0.00000000,-0.00000000,0.00000006,-0.00000006
-3.19059530,0.00001269,-0.00001203,0.00000045,-0.00000043,0.00000152,-0.00000144,0.00000000,-0.00000000,0.00000001,-0.00000001,0.00000074,-0.00000070,0.00001165,-0.00001104,0.00000000,-0.00000000,0.00000009,-0.00000008
-3.18459230,0.00001841,-0.00001747,0.00000065,-0.00000062,0.00000220,-0.00000209,0.00000000,-0.00000000,0.00000000,-0.00000001,0.00000107,-0.00000102,0.00001690,-0.00001603,0.00000000,-0.00000000,0.00000013,-0.00000012
-3.17858929,0.00002653,-0.00002519,0.00000094,-0.00000090,0.00000318,-0.00000302,0.00000000,-0.00000000,0.00000000,-0.00000000,0.00000154,-0.00000146,0.00002436,-0.00002313,0.00000000,-0.00000000,0.00000018,-0.00000017
-3.17258629,0.00003796,-0.00003608,0.00000135,-0.00000128,0.00000454,-0.00000432,0.00000000,-0.00000000,0.00000000,-0.00000000,0.00000220,-0.00000209,0.00003486,-0.00003313,0.00000001,-0.00000001,0.00000026,-0.00000025
-3.16658329,0.00005393,-0.00005131,0.00000192,-0.00000183,0.00000646,-0.00000615,0.00000000,-0.00000000,0.00000000,-0.00000000,0.00000313,-0.00000298,0.00004953,-0.00004711,0.00000001,-0.00000001,0.00000037,-0.00000035
-3.16058029,0.00007608,-0.00007245,0.00000270,-0.00000258,0.00000911,-0.00000868,0.00000000,-0.00000000,0.00000000,-0.00000000,0.00000441,-0.00000421,0.00006986,-0.00006652,0.00000001,-0.00000001,0.00000052,-0.00000050
-3.15457729,0.00010654,-0.00010157,0.00000378,-0.00000361,0.00001276,-0.00001217,0.00000000,-0.00000000,0.00000000,-0.00000000,0.00000618,-0.00000590,0.00009784,-0.00009326,0.00000002,-0.00000001,0.00000073,-0.00000070
-3.14857429,0.00014814,-0.00014138,0.00000526,-0.00000503,0.00001774,-0.00001694,0.00000000,-0.00000000,0.00000000,-0.00000000,0.00000859,-0.00000821,0.00013603,-0.00012980,0.00000002,-0.00000002,0.00000102,-0.00000097
-3.14257129,0.00020451,-0.00019537,0.00000727,-0.00000696,0.00002448,-0.00002341,0.00000000,-0.00000000,0.00000000,-0.00000000,0.00001186,-0.00001134,0.00018779,-0.00017937,0.00000003,-0.00000003,0.00000140,-0.00000134
-3.13656828,0.00028029,-0.00026804,0.00000996,-0.00000955,0.00003356,-0.00003212,0.00000000,-0.00000000,0.00000000,-0.00000000,0.00001626,-0.00001555,0.00025738,-0.00024609,0.00000004,-0.00000004,0.00000192,-0.00000184
-3.13056528,0.00038140,-0.00036512,0.00001356,-0.00001301,0.00004567,-0.00004375,0.00000000,-0.00000000,0.00000000,-0.00000000,0.00002212,-0.00002119,0.00035022,-0.00033522,0.00000005,-0.00000005,0.00000262,-0.00000251
-3.12456228,0.00051528,-0.00049378,0.00001833,-0.00001760,0.00006170,-0.00005917,0.00000000,-0.00000000,0.00000000,-0.00000000,0.00002989,-0.00002865,0.00047315,-0.00045334,0.00000007,-0.00000007,0.00000353,-0.00000339
-3.11855928,0.00069116,-0.00066300,0.00002459,-0.00002364,0.00008277,-0.00007946,0.00000000,-0.00000000,0.00000000,-0.00000000,0.00004009,-0.00003847,0.00063464,-0.00060870,0.00000010,-0.00000010,0.00000474,-0.00000456
-3.11255628,0.00092044,-0.00088385,0.00003277,-0.00003153,0.00011023,-0.00010593,0.00000000,-0.00000000,0.00000000,-0.00000000,0.00005338,-0.00005128,0.00084516,-0.00081144,0.00000013,-0.00000013,0.00000631,-0.00000607
-3.10655328,0.00121700,-0.00116983,0.00004336,-0.00004175,0.00014577,-0.00014023,0.00000000,-0.00000000,0.00000000,-0.00000000,0.00007057,-0.00006786,0.00111745,-0.00107397,0.00000017,-0.00000017,0.00000834,-0.00000804
-3.10055028,0.00159762,-0.00153728,0.00005696,-0.00005491,0.00019138,-0.00018430,0.00000000,-0.00000000,0.00000000,-0.00000000,0.00009263,-0.00008916,0.00146690,-0.00141127,0.00000023,-0.00000022,0.00001095,-0.00001056
-3.09454727,0.00208230,-0.00200571,0.00007430,-0.00007170,0.00024948,-0.00024049,0.00000000,-0.00000000,0.00000000,-0.00000000,0.00012072,-0.00011632,0.00191187,-0.00184126,0.00000030,-0.00000029,0.00001427,-0.00001378
-3.08854427,0.00269465,-0.00259820,0.00009624,-0.00009297,0.00032291,-0.00031160,0.00000000,-0.00000000,0.00000000,-0.00000000,0.00015619,-0.00015066,0.00247402,-0.00238508,0.00000039,-0.00000037,0.00001846,-0.00001784
-3.08254127,0.00346221,-0.00334172,0.00012380,-0.00011972,0.00041498,-0.00040087,0.00000000,-0.00000000,0.00000000,-0.00000000,0.00020065,-0.00019373,0.00317860,-0.00306747,0.00000050,-0.00000048,0.00002371,-0.00002294
-3.07653827,0.00441671,-0.00426739,0.00015814,-0.00015309,0.00052954,-0.00051207,0.00000000,-0.00000000,0.00000001,-0.00000001,0.00025591,-0.00024735,0.00405472,-0.00391697,0.00000063,-0.00000061,0.00003024,-0.00002929
-3.07053527,0.00559430,-0.00541071,0.00020063,-0.00019442,0.00067096,-0.00064949,0.00000000,-0.00000000,0.00000001,-0.00000001,0.00032406,-0.00031354,0.00513548,-0.00496609,0.00000080,-0.00000078,0.00003829,-0.00003713
-3.06453227,0.00703555,-0.00681162,0.00025280,-0.00024523,0.00084417,-0.00081802,0.00000000,-0.00000000,0.00000001,-0.00000001,0.00040743,-0.00039460,0.00645804,-0.00625140,0.00000101,-0.00000098,0.00004813,-0.00004672
-3.05852926,0.00878537,-0.00851446,0.00031637,-0.00030723,0.00105466,-0.00102306,0.00000001,-0.00000001,0.00000002,-0.00000002,0.00050860,-0.00049308,0.00806352,-0.00781346,0.00000126,-0.00000122,0.00006008,-0.00005838
-3.05252626,0.01089282,-0.01056771,0.00039329,-0.00038232,0.00130845,-0.00127058,0.00000001,-0.00000001,0.00000003,-0.00000003,0.00063035,-0.00061175,0.00999673,-0.00969657,0.00000156,-0.00000152,0.00007445,-0.00007242
-3.04652326,0.01341052,-0.01302354,0.00048569,-0.00047264,0.00161207,-0.00156706,0.00000001,-0.00000001,0.00000005,-0.00000005,0.00077569,-0.00075358,0.01230570,-0.01194833,0.00000192,-0.00000187,0.00009161,-0.00008920
-3.04052026,0.01639401,-0.01593717,0.00059590,-0.00058050,0.00197248,-0.00191943,0.00000002,-0.00000002,0.00000008,-0.00000008,0.00094776,-0.00092168,0.01504102,-0.01461900,0.00000235,-0.00000229,0.00011192,-0.00010909
-3.03451726,0.01990078,-0.01936589,0.00072646,-0.00070843,0.00239699,-0.00233500,0.00000003,-0.00000002,0.00000012,-0.00000012,0.00114978,-0.00111928,0.01825488,-0.01776059,0.00000285,-0.00000278,0.00013576,-0.00013246
-3.02851426,0.02398903,-0.02336794,0.00088010,-0.00085917,0.00289317,-0.00282135,0.00000003,-0.00000003,0.00000018,-0.00000017,0.00138499,-0.00134962,0.02199991,-0.02142573,0.00000344,-0.00000335,0.00016351,-0.00015969
-3.02251126,0.02871624,-0.02800106,0.00105976,-0.00103565,0.00346874,-0.00338624,0.00000005,-0.00000005,0.00000027,-0.00000026,0.00165652,-0.00161585,0.02632778,-0.02566633,0.00000412,-0.00000402,0.00019553,-0.00019117
-3.01650825,0.03413753,-0.03332089,0.00126859,-0.00124104,0.00413141,-0.00403746,0.00000007,-0.00000006,0.00000040,-0.00000038,0.00196733,-0.00192097,0.03128756,-0.03053190,0.00000490,-0.00000478,0.00023219,-0.00022724
-3.01050525,0.04030382,-0.03937918,0.00150996,-0.00147874,0.00488878,-0.00478274,0.00000009,-0.00000009,0.00000059,-0.00000057,0.00232004,-0.00226766,0.03692396,-0.03606790,0.00000578,-0.00000566,0.00027378,-0.00026821
-3.00450225,0.04725998,-0.04622193,0.00178752,-0.00175242,0.00574825,-0.00562963,0.00000012,-0.00000012,0.00000086,-0.00000083,0.00271686,-0.00265818,0.04327544,-0.04231376,0.00000678,-0.00000664,0.00032056,-0.00031436
-2.99849925,0.05504296,-0.05388749,0.00210524,-0.00206609,0.00671690,-0.00658541,0.00000017,-0.00000016,0.00000125,-0.00000120,0.00315939,-0.00309425,0.05037226,-0.04930104,0.00000791,-0.00000775,0.00037272,-0.00036588
-2.99249625,0.06368003,-0.06240484,0.00246753,-0.00242420,0.00780148,-0.00765707,0.00000022,-0.00000022,0.00000179,-0.00000172,0.00364856,-0.00357689,0.05823469,-0.05705152,0.00000916,-0.00000898,0.00043038,-0.00042291
-2.98649325,0.07318732,-0.07179207,0.00287933,-0.00283175,0.00900847,-0.00885133,0.00000029,-0.00000029,0.00000256,-0.00000246,0.00418448,-0.00410634,0.06687131,-0.06557554,0.00001054,-0.00001034,0.00049355,-0.00048547
-2.98049025,0.08356874,-0.08205523,0.00334634,-0.00329447,0.01034416,-0.01017479,0.00000039,-0.00000038,0.00000364,-0.00000350,0.00476636,-0.00468195,0.07627768,-0.07487058,0.00001205,-0.00001184,0.00056216,-0.00055350
-2.97448724,0.09481548,-0.09318777,0.00387522,-0.00381908,0.01181493,-0.01163414,0.00000051,-0.00000050,0.00000513,-0.00000493,0.00539245,-0.00530211,0.08643541,-0.08492031,0.00001371,-0.00001348,0.00063602,-0.00062683
-2.96848424,0.10690609,-0.10517052,0.00447390,-0.00441355,0.01342763,-0.01323652,0.00000066,-0.00000065,0.00000718,-0.00000691,0.00605998,-0.00596420,0.09731183,-0.09569408,0.00001551,-0.00001526,0.00071483,-0.00070519
-2.96248124,0.11980754,-0.11797265,0.00515197,-0.00508751,0.01519005,-0.01499004,0.00000085,-0.00000084,0.00000998,-0.00000962,0.00676522,-0.00666464,0.10886026,-0.10714720,0.00001746,-0.00001720,0.00079821,-0.00078820
-2.95647824,0.13347698,-0.13155329,0.00592111,-0.00585264,0.01711165,-0.01690444,0.00000110,-0.00000107,0.00001379,-0.00001329,0.00750354,-0.00739891,0.12102105,-0.11922182,0.00001956,-0.00001928,0.00088568,-0.00087539
-2.95047524,0.14786465,-0.14586435,0.00679562,-0.00672326,0.01920441,-0.01899191,0.00000140,-0.00000137,0.00001891,-0.00001825,0.00826948,-0.00816170,0.13372345,-0.13184869,0.00002183,-0.00002153,0.00097670,-0.00096624
-2.94447224,0.16291763,-0.16085409,0.00779302,-0.00771684,0.02148380,-0.02126811,0.00000177,-0.00000174,0.00002577,-0.00002489,0.00905702,-0.00894705,0.14688830,-0.14494972,0.00002429,-0.00002397,0.00107069,-0.00106018
-2.93846923,0.17858461,-0.17647184,0.00893473,-0.00885475,0.02396997,-0.02375328,0.00000223,-0.00000219,0.00003487,-0.00003371,0.00985976,-0.00974862,0.16043150,-0.15844138,0.00002694,-0.00002660,0.00116711,-0.00115664
-2.93246623,0.19482154,-0.19267341,0.01024677,-0.01016293,0.02668907,-0.02647355,0.00000279,-0.00000274,0.00004688,-0.00004535,0.01067123,-0.01055997,0.17426821,-0.17223877,0.00002984,-0.00002948,0.00126542,-0.00125512
-2.92646323,0.21159782,-0.20942741,0.01176061,-0.01167268,0.02967458,-0.02946229,0.00000346,-0.00000340,0.00006260,-0.00006061,0.01148526,-0.01137489,0.18831766,-0.18626042,0.00003302,-0.00003263,0.00136523,-0.00135518
-2.92046023,0.22890322,-0.22672186,0.01351389,-0.01342149,0.03296875,-0.03276152,0.00000427,-0.00000420,0.00008302,-0.00008045,0.01229635,-0.01218779,0.20250842,-0.20043344,0.00003655,-0.00003613,0.00146631,-0.00145658
-2.91445723,0.24675478,-0.24457126,0.01555131,-0.01545381,0.03662407,-0.03642335,0.00000523,-0.00000515,0.00010937,-0.00010608,0.01310010,-0.01299415,0.21678389,-0.21469901,0.00004052,-0.00004006,0.00156867,-0.00155931
-2.90845423,0.26520375,-0.26302349,0.01792539,-0.01782189,0.04070457,-0.04051130,0.00000636,-0.00000628,0.00014313,-0.00013893,0.01389362,-0.01379090,0.23110770,-0.22901787,0.00004502,-0.00004451,0.00167262,-0.00166364
-2.90245123,0.28434212,-0.28216634,0.02069721,-0.02058650,0.04528706,-0.04510155,0.00000769,-0.00000760,0.00018605,-0.00018075,0.01467599,-0.01457690,0.24546892,-0.24337553,0.00005020,-0.00004962,0.00177885,-0.00177022
-2.89644822,0.30430824,-0.30213335,0.02393707,-0.02381756,0.05046209,-0.05028386,0.00000924,-0.00000913,0.00024024,-0.00023360,0.01544864,-0.01535330,0.25988660,-0.25778695,0.00005622,-0.00005557,0.00188852,-0.00188015
-2.89044522,0.32529147,-0.32310848,0.02772505,-0.02759475,0.05633466,-0.05616236,0.00001103,-0.00001091,0.00030816,-0.00029990,0.01621576,-0.01612398,0.27441358,-0.27230044,0.00006329,-0.00006255,0.00200328,-0.00199505
-2.88444222,0.34753516,-0.34532936,0.03215135,-0.03200783,0.06302453,-0.06285581,0.00001308,-0.00001294,0.00039267,-0.00038247,0.01698454,-0.01689582,0.28913905,-0.28700043,0.00007165,-0.00007079,0.00212537,-0.00211709
-2.87843922,0.37133802,-0.36908886,0.03731648,-0.03715683,0.07066607,-0.07049755,0.00001541,-0.00001526,0.00049706,-0.00048456,0.01776547,-0.01767895,0.30418985,-0.30200900,0.00008160,-0.00008060,0.00225764,-0.00224905
-2.87243622,0.39705336,-0.39473456,0.04333120,-0.04315205,0.07940769,-0.07923488,0.00001804,-0.00001788,0.00062507,-0.00060987,0.01857243,-0.01848695,0.31973030,-0.31748585,0.00009346,-0.00009230,0.00240358,-0.00239437
-2.86643322,0.42508616,-0.42266605,0.05031621,-0.05011369,0.08941064,-0.08922796,0.00002099,-0.00002082,0.00078088,-0.00076255,0.01942275,-0.01933681,0.33596032,-0.33362670,0.00010763,-0.00010628,0.00256736,-0.00255717
-2.86043022,0.45588783,-0.45333002,0.05840146,-0.05817127,0.10084732,-0.10064811,0.00002427,-0.00002409,0.00096917,-0.00094722,0.02033713,-0.02024897,0.35311190,-0.35065996,0.00012454,-0.00012296,0.00275379,-0.00274221
-2.85442721,0.48994861,-0.48721284,0.06772525,-0.06746262,0.11389889,-0.11367552,0.00002789,-0.00002771,0.00119503,-0.00116895,0.02133939,-0.02124702,0.37144385,-0.36884172,0.00014467,-0.00014282,0.00296833,-0.00295490
-2.84842421,0.52778777,-0.52483106,0.07843283,-0.07813265,0.12875247,-0.12849645,0.00003186,-0.00003167,0.00146397,-0.00143321,0.02245620,-0.02235745,0.39123507,-0.38844915,0.00016854,-0.00016640,0.00321701,-0.00320124
-2.84242121,0.56994160,-0.56671957,0.09067467,-0.09033155,0.14559763,-0.14529978,0.00003617,-0.00003598,0.00178184,-0.00174585,0.02371655,-0.02360918,0.41277624,-0.40977244,0.00019673,-0.00019426,0.00350634,-0.00348772
-2.83641821,0.61694962,-0.61341801,0.10460435,-0.10421273,0.16462249,-0.16427316,0.00004083,-0.00004064,0.00215477,-0.00211299,0.02515119,-0.02503297,0.43636038,-0.43310536,0.00022984,-0.00022701,0.00384325,-0.00382128
-2.83041521,0.66933913,-0.66545543,0.12037599,-0.11993027,0.18600930,-0.18559865,0.00004582,-0.00004563,0.00258904,-0.00254090,0.02679194,-0.02666072,0.46227240,-0.45873500,0.00026850,-0.00026527,0.00423493,-0.00420911
-2.82441221,0.72760861,-0.72333381,0.13814121,-0.13763593,0.20992966,-0.20944799,0.00005114,-0.00005096,0.00309097,-0.00303594,0.02867085,-0.02852467,0.49077809,-0.48693069,0.00031335,-0.00030971,0.00468867,-0.00465854
-2.81840920,0.79221028,-0.78751058,0.15804573,-0.15747577,0.23653950,-0.23597757,0.00005676,-0.00005659,0.00366673,-0.00360431,0.03081928,-0.03065651,0.52211275,-0.51793263,0.00036505,-0.00036096,0.00521169,-0.00517684
-2.81240620,0.86353236,-0.85838092,0.18022551,-0.17958633,0.26597381,-0.26532324,0.00006266,-0.00006250,0.00432221,-0.00425195,0.03326697,-0.03308636,0.55646992,-0.55194054,0.00042423,-0.00041968,0.00581093,-0.00577102
-2.80640320,0.94188147,-0.93626000,0.20480254,-0.20409042,0.29834130,-0.29759496,0.00006882,-0.00006867,0.00506276,-0.00498430,0.03604098,-0.03584178,0.59399066,-0.58910279,0.00049148,-0.00048647,0.00649285,-0.00644764
-2.80040020,1.02746564,-1.02136587,0.23188025,-0.23109257,0.33371909,-0.33287155,0.00007520,-0.00007508,0.00589300,-0.00580606,0.03916464,-0.03894667,0.63475357,-0.62950622,0.00056736,-0.00056189,0.00726315,-0.00721250
-2.79439720,1.12037854,-1.11380346,0.26153868,-0.26067420,0.37214754,-0.37119547,0.00008178,-0.00008169,0.00681657,-0.00672100,0.04265649,-0.04242023,0.67876617,-0.67316731,0.00065235,-0.00064643,0.00812658,-0.00807049
-2.78839420,1.22058532,-1.21355016,0.29382947,-0.29288861,0.41362535,-0.41256793,0.00008853,-0.00008847,0.00783592,-0.00773169,0.04652929,-0.04627589,0.72595781,-0.72002480,0.00074683,-0.00074049,0.00908667,-0.00902528
-2.78239120,1.32791064,-1.32044354,0.32877075,-0.32775591,0.45810504,-0.45694431,0.00009542,-0.00009539,0.00895207,-0.00883928,0.05078900,-0.05052036,0.77617443,-0.76993419,0.00085106,-0.00084435,0.01014552,-0.01007912
-2.77638819,1.44202929,-1.43417161,0.36634220,-0.36525797,0.50548896,-0.50423015,0.00010243,-0.00010244,0.01016437,-0.01004329,0.05543402,-0.05515276,0.82917561,-0.82266446,0.00096520,-0.00095815,0.01130356,-0.01123258
-2.77038519,1.56245993,-1.55426613,0.40648029,-0.40533373,0.55562600,-0.55427777,0.00010954,-0.00010958,0.01147033,-0.01134140,0.06045440,-0.06016386,0.88463391,-0.87789711,0.00108920,-0.00108189,0.01255938,-0.01248441
-2.76438219,1.68856223,-1.68009947,0.44907411,-0.44787488,0.60830910,-0.60688369,0.00011672,-0.00011681,0.01286545,-0.01272927,0.06583133,-0.06553554,0.94213684,-0.93522780,0.00122290,-0.00121540,0.01390955,-0.01383135
-2.75837919,1.81953793,-1.81088510,0.49396174,-0.49272223,0.66327379,-0.66178711,0.00012398,-0.00012411,0.01434313,-0.01420045,0.07153681,-0.07124041,1.00119138,-0.99417062,0.00136590,-0.00135830,0.01534854,-0.01526800
-2.75237619,1.95443596,-1.94568239,0.54092773,-0.53966307,0.72019786,-0.71866937,0.00013132,-0.00013149,0.01589458,-0.01574633,0.07753358,-0.07724172,1.06123120,-1.05416503,0.00151764,-0.00151005,0.01686865,-0.01678679
-2.74637319,2.09216182,-2.08340563,0.58970162,-0.58842963,0.77870232,-0.77715490,0.00013873,-0.00013896,0.01750883,-0.01735607,0.08377526,-0.08349351,1.12162642,-1.11458539,0.00167737,-0.00166988,0.01846001,-0.01837798
-2.74037019,2.23149150,-2.22283752,0.63995797,-0.63869897,0.83835393,-0.83681351,0.00014626,-0.00014652,0.01917284,-0.01901676,0.09020686,-0.08994106,1.18169574,-1.17475296,0.00184413,-0.00183685,0.02011069,-0.02002968
-2.73436718,2.37108968,-2.36264712,0.69131801,-0.69009453,0.89866920,-0.89716430,0.00015392,-0.00015423,0.02087156,-0.02071346,0.09676552,-0.09652163,1.24072070,-1.23395000,0.00201678,-0.00200983,0.02180680,-0.02172808
-2.72836418,2.50953228,-2.50141217,0.74335299,-0.74218940,0.95912019,-0.95768133,0.00016176,-0.00016211,0.02258825,-0.02242950,0.10338158,-0.10316551,1.29796177,-1.29143581,0.00219402,-0.00218750,0.02353272,-0.02345759
-2.72236118,2.64533294,-2.63764535,0.79558958,-0.79451154,1.01914200,-1.01780100,0.00016983,-0.00017022,0.02430467,-0.02414671,0.10997993,-0.10979740,1.35267577,-1.34646419,0.00237439,-0.00236840,0.02527145,-0.02520118
-2.71635818,2.77697301,-2.76982424,0.84751710,-0.84655096,1.07814208,-1.07693122,0.00017820,-0.00017862,0.02600152,-0.02584580,0.11648163,-0.11633795,1.40413421,-1.39830183,0.00255632,-0.00255097,0.02700491,-0.02694073
-2.71035518,2.90293451,-2.89642423,0.89859664,-0.89776876,1.13551112,-1.13446222,0.00018695,-0.00018740,0.02765880,-0.02750677,0.12280571,-0.12270567,1.45164204,-1.44624717,0.00273815,-0.00273353,0.02871444,-0.02865747
-2.70435218,3.02173523,-3.01595373,0.94827204,-0.94760801,1.19063555,-1.18977901,0.00019617,-0.00019663,0.02925633,-0.02910936,0.12887123,-0.12881891,1.49455615,-1.48964910,0.00291820,-0.00291437,0.03038123,-0.03033249
-2.69834917,3.13196501,-3.12699064,0.99598219,-0.99550600,1.24291117,-1.24227499,0.00020596,-0.00020643,0.03077419,-0.03063361,0.13459938,-0.13459800,1.53230319,-1.52792502,0.00309476,-0.00309177,0.03198691,-0.03194723
-2.69234617,3.23232240,-3.22821920,1.04117458,-1.04090786,1.29175778,-1.29136659,0.00021644,-0.00021691,0.03219331,-0.03206032,0.13991561,-0.13996745,1.56439607,-1.56057757,0.00326617,-0.00326405,0.03351407,-0.03348411
-2.68634317,3.32165025,-3.31846599,1.08331955,-1.08328070,1.33663425,-1.33650834,0.00022772,-0.00022818,0.03349598,-0.03337165,0.14475181,-0.14485809,1.59044868,-1.58720962,0.00343085,-0.00342962,0.03494686,-0.03492704
-2.68034017,3.39896933,-3.39673385,1.12192468,-1.12212816,1.37705349,-1.37720803,0.00023996,-0.00024039,0.03466636,-0.03455159,0.14904828,-0.14920911,1.61018837,-1.60753706,0.00358739,-0.00358703,0.03627155,-0.03626203
-2.67433717,3.46350864,-3.46223265,1.15654880,-1.15700445,1.41259693,-1.41304116,0.00025328,-0.00025367,0.03569098,-0.03558649,0.15275558,-0.15296989,1.62346575,-1.62139887,0.00373450,-0.00373498,0.03747708,-0.03747773
-2.66833417,3.51473128,-3.51440563,1.18681506,-1.18752753,1.44292759,-1.44366430,0.00026785,-0.00026818,0.03655918,-0.03646549,0.15583602,-0.15610161,1.63026166,-1.62876434,0.00387114,-0.00387239,0.03855551,-0.03856593
-2.66233117,3.55235483,-3.55295022,1.21242238,-1.21339076,1.46780150,-1.46882663,0.00028383,-0.00028408,0.03726353,-0.03718090,0.15826490,-0.15857843,1.63069099,-1.62973713,0.00399649,-0.00399844,0.03950251,-0.03952196
-2.65632816,3.57636534,-3.57783250,1.23315482,-1.23437234,1.48707659,-1.48837898,0.00030138,-0.00030153,0.03780004,-0.03772855,0.16003128,-0.16038838,1.62500332,-1.62455612,0.00411001,-0.00411255,0.04031763,-0.04034507
-2.65032516,3.58702417,-3.58929450,1.24888833,-1.25034232,1.50071869,-1.50228013,0.00032066,-0.00032069,0.03816848,-0.03810791,0.16113839,-0.16153369,1.61358035,-1.61359302,0.00421139,-0.00421441,0.04100462,-0.04103869
-2.64432216,3.58486725,-3.58785390,1.25959452,-1.26126651,1.50880424,-1.51059968,0.00034183,-0.00034173,0.03837238,-0.03832231,0.16160351,-0.16203080,1.59693033,-1.59734686,0.00430065,-0.00430400,0.04157149,-0.04161051
-2.63831916,3.57069645,-3.57429576,1.26534125,-1.26720725,1.51151935,-1.51351732,0.00036505,-0.00036479,0.03841915,-0.03837888,0.16145741,-0.16190976,1.57567950,-1.57643562,0.00437803,-0.00438158,0.04203056,-0.04207255
-2.63231616,3.54556331,-3.54965659,1.26628988,-1.26832089,1.50915518,-1.51131845,0.00039044,-0.00039001,0.03831986,-0.03828848,0.16074338,-0.16121330,1.55056096,-1.55158510,0.00444405,-0.00444764,0.04239833,-0.04244101
-2.62631316,3.51074530,-3.51520096,1.26268929,-1.26485191,1.50209968,-1.50438605,0.00041814,-0.00041751,0.03808912,-0.03806547,0.15951584,-0.15999543,1.52240117,-1.52361549,0.00449943,-0.00450289,0.04269524,-0.04273607
-2.62031016,3.46771549,-3.47239138,1.25486689,-1.25712410,1.49082591,-1.49318922,0.00044822,-0.00044738,0.03774473,-0.03772743,0.15783858,-0.15831972,1.49210446,-1.49342592,0.00454507,-0.00454826,0.04294527,-0.04298147
-2.61430715,3.41810643,-3.42285236,1.24321699,-1.24552906,1.47587742,-1.47826860,0.00048073,-0.00047967,0.03730728,-0.03729475,0.15578274,-0.15625723,1.46063593,-1.46197738,0.00458203,-0.00458478,0.04317550,-0.04320409
-2.60830415,3.36366947,-3.36832997,1.22818705,-1.23051248,1.45785122,-1.46021948,0.00051569,-0.00051440,0.03679967,-0.03679017,0.15342461,-0.15388437,1.42900315,-1.43027443,0.00461144,-0.00461362,0.04341544,-0.04343329
-2.60230115,3.30623088,-3.31064798,1.21026242,-1.21255898,1.43737905,-1.43967312,0.00055306,-0.00055152,0.03624654,-0.03623817,0.15084328,-0.15128047,1.39823690,-1.39934606,0.00463449,-0.00463595,0.04369639,-0.04370027
-2.59629815,3.24764619,-3.25166231,1.18995023,-1.19217600,1.41510783,-1.41727721,0.00059273,-0.00059096,0.03567368,-0.03566446,0.14811832,-0.14852553,1.36937149,-1.37022600,0.00465235,-0.00465298,0.04405064,-0.04403727
-2.59029515,3.18975431,-3.19321523,1.16776317,-1.16987755,1.39168004,-1.39367617,0.00063456,-0.00063254,0.03510741,-0.03509525,0.14532753,-0.14569787,1.34342497,-1.34393304,0.00466615,-0.00466584,0.04451060,-0.04447672
-2.58429215,3.13433287,-3.13709062,1.14420392,-1.14616857,1.36771496,-1.36949237,0.00067833,-0.00067608,0.03457387,-0.03455669,0.14254479,-0.14287206,1.32137943,-1.32145141,0.00467692,-0.00467559,0.04510796,-0.04505042
-2.57828914,3.08305628,-3.08497200,1.11975073,-1.12153048,1.34379144,-1.34530881,0.00072375,-0.00072128,0.03409840,-0.03407413,0.13983826,-0.14011700,1.30416188,-1.30371179,0.00468557,-0.00468314,0.04587274,-0.04578858
-2.57228614,3.03745752,-3.03840432,1.09484489,-1.09640848,1.32043314,-1.32165418,0.00077050,-0.00076782,0.03370488,-0.03367154,0.13726875,-0.13749435,1.29262594,-1.29157308,0.00469286,-0.00468928,0.04683244,-0.04671894
-2.56628314,2.99889495,-2.99876054,1.06988037,-1.07120111,1.29809643,-1.29899069,0.00081817,-0.00081531,0.03341516,-0.03337091,0.13488849,-0.13505727,1.28753450,-1.28580515,0.00469936,-0.00469461,0.04801108,-0.04786591
-2.56028014,2.96852476,-2.96721399,1.04519617,-1.04625245,1.27716174,-1.27770517,0.00086634,-0.00086332,0.03324844,-0.03319163,0.13274028,-0.13284948,1.28954382,-1.28707301,0.00470550,-0.00469957,0.04942846,-0.04924972
-2.55427714,2.94727950,-2.94471670,1.02107124,-1.02184688,1.25792816,-1.25810358,0.00091452,-0.00091137,0.03322085,-0.03315008,0.13085689,-0.13090477,1.29918907,-1.29592242,0.00471153,-0.00470442,0.05109931,-0.05088564
-2.54827414,2.93585312,-2.93198418,0.99772226,-0.99820677,1.24061160,-1.24040899,0.00096222,-0.00095897,0.03334494,-0.03325915,0.12926095,-0.12924678,1.31687171,-1.31276721,0.00471755,-0.00470928,0.05303267,-0.05278334
-2.54227114,2.93469228,-2.92948642,0.97530400,-0.97549259,1.22534611,-1.22476270,0.00100895,-0.00100562,0.03362945,-0.03352789,0.12796510,-0.12788912,1.34284882,-1.33787860,0.00472350,-0.00471413,0.05523131,-0.05494630
-2.53626813,2.94399369,-2.93744493,0.95391198,-0.95380558,1.21218813,-1.21122838,0.00105420,-0.00105083,0.03407895,-0.03396131,0.12697237,-0.12683583,1.37722463,-1.37137655,0.00472926,-0.00471883,0.05769130,-0.05737133
-2.53026513,2.96370709,-2.95583531,0.93358716,-0.93319219,1.20112305,-1.19979846,0.00109751,-0.00109414,0.03469377,-0.03456015,0.12627689,-0.12608200,1.41994438,-1.41322345,0.00473460,-0.00472318,0.06040171,-0.06004833
-2.52426213,2.99354310,-2.98439467,0.91432215,-0.91365025,1.19207363,-1.19040245,0.00113845,-0.00113511,0.03546988,-0.03532087,0.12586472,-0.12561462,1.47079074,-1.46322027,0.00473924,-0.00472691,0.06334451,-0.06296013
-2.51825913,3.03298534,-3.02263325,0.89606842,-0.89513609,1.18490945,-1.18291629,0.00117666,-0.00117338,0.03639899,-0.03623565,0.12571481,-0.12541351,1.52938292,-1.52100530,0.00474289,-0.00472973,0.06649461,-0.06608247
-2.51225613,3.08130597,-3.06984953,0.87874419,-0.87757230,1.17945691,-1.17717227,0.00121185,-0.00120865,0.03746866,-0.03729252,0.12580006,-0.12545235,1.59517858,-1.58605569,0.00474526,-0.00473137,0.06982009,-0.06938429
-2.50625313,3.13758406,-3.12514797,0.86224229,-0.86085562,1.17550910,-1.17296879,0.00124379,-0.00124069,0.03866251,-0.03847556,0.12608832,-0.12569976,1.66747872,-1.65769184,0.00474606,-0.00473156,0.07328263,-0.07282806
-2.50025013,3.20072596,-3.18745888,0.84643782,-0.84486445,1.17283499,-1.17007952,0.00127235,-0.00126938,0.03996060,-0.03976528,0.12654343,-0.12612021,1.74543552,-1.73508480,0.00474506,-0.00473006,0.07683807,-0.07637036
-2.49424712,3.26948735,-3.25555989,0.83119510,-0.82946584,1.17118756,-1.16826150,0.00129749,-0.00129465,0.04133980,-0.04113893,0.12712623,-0.12667511,1.82806333,-1.81726662,0.00474204,-0.00472667,0.08043725,-0.07996267
-2.48824412,3.34249633,-3.32809851,0.81637373,-0.81452152,1.17031058,-1.16726190,0.00131923,-0.00131655,0.04277429,-0.04257103,0.12779538,-0.12732358,1.91425257,-1.90314385,0.00473680,-0.00472119,0.08402688,-0.08355224
-2.48224112,3.41827743,-3.40361558,0.80183365,-0.79989289,1.16994404,-1.16682329,0.00133768,-0.00133517,0.04423608,-0.04403386,0.12850824,-0.12802331,2.00278672,-1.99151390,0.00472917,-0.00471347,0.08755068,-0.08708315
-2.47623812,3.49527633,-3.48056953,0.78743901,-0.78544499,1.16982795,-1.16668760,0.00135302,-0.00135068,0.04569567,-0.04549811,0.12922150,-0.12873123,2.09236206,-2.08108436,0.00471898,-0.00470335,0.09095055,-0.09049754
-2.47023512,3.57188524,-3.55736131,0.77306108,-0.77104931,1.16970508,-1.16659868,0.00136546,-0.00136331,0.04712263,-0.04693346,0.12989192,-0.12940420,2.18161009,-2.17049494,0.00470603,-0.00469062,0.09416786,-0.09373685
-2.46423212,3.64646892,-3.63236004,0.75858006,-0.75658569,1.16932253,-1.16630389,0.00137525,-0.00137329,0.04848632,-0.04830928,0.13047680,-0.12999951,2.26912223,-2.25834182,0.00469007,-0.00467507,0.09714484,-0.09674315
-2.45822911,3.71739150,-3.70392956,0.74388620,-0.74194343,1.16843270,-1.16555507,0.00138266,-0.00138089,0.04975652,-0.04959528,0.13093460,-0.13047544,2.35347649,-2.34320401,0.00467079,-0.00465639,0.09982589,-0.09946056
-2.45222611,3.78304391,-3.77045571,0.72888026,-0.72702175,1.16679403,-1.16410919,0.00138792,-0.00138636,0.05090417,-0.05076223,0.13122535,-0.13079176,2.43326557,-2.42367133,0.00464783,-0.00463421,0.10215896,-0.10183652
-2.44622311,3.84187212,-3.83037445,0.71347361,-0.71172996,1.16417176,-1.16172916,0.00139127,-0.00138992,0.05190195,-0.05178255,0.13131122,-0.13091021,2.50712596,-2.49837333,0.00462069,-0.00460805,0.10409681,-0.10382316
-2.44022011,3.89240587,-3.88220067,0.69758808,-0.69598734,1.16033923,-1.15818507,0.00139290,-0.00139177,0.05272495,-0.05263100,0.13115697,-0.13079500,2.57376721,-2.56600871,0.00458882,-0.00457736,0.10559820,-0.10537842
-2.43421711,3.93328762,-3.92455735,0.68115595,-0.67972316,1.15507994,-1.15325625,0.00139293,-0.00139204,0.05335121,-0.05328520,0.13073047,-0.13041335,2.63200084,-2.62537431,0.00455156,-0.00454148,0.10662892,-0.10646715
-2.42821411,3.96330133,-3.95620461,0.66411998,-0.66287674,1.14819055,-1.14673433,0.00139145,-0.00139080,0.05376221,-0.05372615,0.13000324,-0.12973599,2.68076808,-2.67539317,0.00450821,-0.00449969,0.10716266,-0.10706200
-2.42221111,3.98140053,-3.97606823,0.64643372,-0.64539791,1.13948494,-1.13842728,0.00138845,-0.00138807,0.05394328,-0.05393867,0.12895094,-0.12873774,2.71916556,-2.71514058,0.00445798,-0.00445120,0.10718165,-0.10714408
-2.41620810,3.98673473,-3.98326664,0.62806219,-0.62724765,1.12879924,-1.12816456,0.00138389,-0.00138379,0.05388394,-0.05391171,0.12755397,-0.12739803,2.74646839,-2.74386764,0.00440009,-0.00439522,0.10667713,-0.10670346
-2.41020510,3.97867357,-3.97713569,0.60898277,-0.60839912,1.11599778,-1.11580314,0.00137767,-0.00137787,0.05357809,-0.05363861,0.12579795,-0.12570149,2.76214955,-2.76102125,0.00433379,-0.00433097,0.10564951,-0.10573938
-2.40420210,3.95682762,-3.95725027,0.58918638,-0.58883890,1.10097950,-1.10123403,0.00136966,-0.00137017,0.05302416,-0.05311721,0.12367418,-0.12363837,2.76589520,-2.76626005,0.00425839,-0.00425772,0.10410839,-0.10426030
-2.39819910,3.92106491,-3.92344164,0.56867879,-0.56856841,1.08368476,-1.08438924,0.00135970,-0.00136053,0.05222508,-0.05234985,0.12118009,-0.12120504,2.75761507,-2.75946550,0.00417330,-0.00417486,0.10207227,-0.10228360
-2.39219610,3.87152233,-3.87580976,0.54748195,-0.54760529,1.06410178,-1.06524836,0.00134763,-0.00134879,0.05118818,-0.05134334,0.11831953,-0.11840428,2.73744754,-2.74074771,0.00407809,-0.00408193,0.09956804,-0.09983515
-2.38619310,3.80861101,-3.81472956,0.52563515,-0.52598470,1.04227253,-1.04384475,0.00133333,-0.00133482,0.04992503,-0.05010872,0.11510293,-0.11524551,2.70575900,-2.71044555,0.00397253,-0.00397865,0.09663032,-0.09694867
-2.38019010,3.73301518,-3.74085071,0.50319598,-0.50376031,1.01829758,-1.02027045,0.00131671,-0.00131853,0.04845109,-0.04866100,0.11154742,-0.11174487,2.66313746,-2.66912095,0.00385660,-0.00386496,0.09330056,-0.09366483
-2.37418709,3.64568385,-3.65509023,0.48024079,-0.48100491,0.99233938,-0.99467979,0.00129775,-0.00129988,0.04678533,-0.04701874,0.10767663,-0.10792510,2.61038023,-2.61754726,0.00373054,-0.00374106,0.08962605,-0.09003025
-2.36818409,3.54781540,-3.55861785,0.45686466,-0.45781039,0.96462371,-0.96729101,0.00127655,-0.00127897,0.04494977,-0.04520364,0.10352045,-0.10381531,2.54847603,-2.55669205,0.00359486,-0.00360742,0.08565874,-0.08609642
-2.36218109,3.44083507,-3.45283426,0.43318078,-0.43428723,0.93543913,-0.93838592,0.00125329,-0.00125596,0.04296898,-0.04323999,0.09911458,-0.09945048,2.47858205,-2.48769461,0.00345032,-0.00346478,0.08145412,-0.08191848
-2.35617809,3.32636578,-3.33934255,0.40931910,-0.41056321,0.90513409,-0.90830720,0.00122828,-0.00123116,0.04086948,-0.04115413,0.09449986,-0.09487089,2.40199640,-2.41183893,0.00329798,-0.00331413,0.07706991,-0.07755398
-2.35017509,3.20619318,-3.21991363,0.38542442,-0.38678148,0.87411186,-0.87745351,0.00120194,-0.00120498,0.03867915,-0.03897384,0.08972149,-0.09012136,2.32012693,-2.33052278,0.00313912,-0.00315673,0.07256483,-0.07306162
-2.34417209,3.08222568,-3.09644672,0.36165374,-0.36309798,0.84282325,-0.84627231,0.00117486,-0.00117799,0.03642663,-0.03672773,0.08482816,-0.08525025,2.23445737,-2.24522403,0.00297523,-0.00299406,0.06799745,-0.06850010
-2.33816908,2.95645104,-2.97092593,0.33817317,-0.33967837,0.81175743,-0.81525078,0.00114770,-0.00115085,0.03414076,-0.03444465,0.07987098,-0.08030858,2.14651187,-2.15746529,0.00280800,-0.00282778,0.06342501,-0.06392690
-2.33216608,2.83089065,-2.84537458,0.31515435,-0.31669437,0.78143105,-0.78490501,0.00112126,-0.00112436,0.03184994,-0.03215314,0.07490241,-0.07534881,2.05781911,-2.06877787,0.00263926,-0.00265971,0.05890243,-0.05939732
-2.32616308,2.70755333,-2.72180873,0.29277062,-0.29431995,0.75237614,-0.75576791,0.00109642,-0.00109939,0.02958167,-0.02988086,0.06997517,-0.07042381,1.96987716,-1.98066645,0.00247091,-0.00249174,0.05448138,-0.05496349
-2.32016008,2.58838995,-2.60219146,0.27119298,-0.27272727,0.72512727,-0.72837625,0.00107413,-0.00107688,0.02736200,-0.02765408,0.06514113,-0.06558574,1.88412025,-1.89457548,0.00230489,-0.00232582,0.05020955,-0.05067363
-2.31415708,2.47525066,-2.48838951,0.25058613,-0.25208261,0.70020830,-0.70325746,0.00105535,-0.00105780,0.02521517,-0.02549733,0.06045025,-0.06088495,1.80188856,-1.81185855,0.00214316,-0.00216392,0.04613000,-0.04657139
-2.30815408,2.36984589,-2.38213370,0.23110469,-0.23254254,0.67811943,-0.68091645,0.00104106,-0.00104314,0.02316326,-0.02343296,0.05594962,-0.05636903,1.72440185,-1.73375143,0.00198759,-0.00200790,0.04228075,-0.04269542
-2.30215108,2.27371256,-2.28498433,0.21288966,-0.21425033,0.65932481,-0.66182312,0.00103221,-0.00103384,0.02122585,-0.02148093,0.05168267,-0.05208195,1.65273780,-1.66134980,0.00183994,-0.00185958,0.03869446,-0.03907903
-2.29614807,2.18818624,-2.19830262,0.19606538,-0.19733284,0.64424128,-0.64640093,0.00102966,-0.00103078,0.01941992,-0.01965854,0.04768837,-0.04806335,1.58781549,-1.59559213,0.00170185,-0.00172060,0.03539830,-0.03575002
-2.29014507,2.11438018,-2.12322881,0.18073703,-0.18189789,0.63322854,-0.63501688,0.00103417,-0.00103473,0.01775966,-0.01798034,0.04400081,-0.04434794,1.53038434,-1.53724794,0.00157477,-0.00159244,0.03241395,-0.03273069
-2.28414207,2.05317121,-2.06066736,0.16698864,-0.16803227,0.62658107,-0.62797320,0.00104636,-0.00104632,0.01625643,-0.01645806,0.04064871,-0.04096514,1.48101865,-1.48691169,0.00145996,-0.00147638,0.02975772,-0.03003795
-2.27813907,2.00519295,-2.01127930,0.15488188,-0.15580038,0.62452194,-0.62550099,0.00106668,-0.00106602,0.01491880,-0.01510061,0.03765534,-0.03793889,1.44011735,-1.44500198,0.00135845,-0.00137351,0.02744078,-0.02768352
-2.27213607,1.97083569,-1.97548146,0.14445532,-0.14524350,0.62719867,-0.62775589,0.00109538,-0.00109409,0.01375257,-0.01391413,0.03503838,-0.03528753,1.40790873,-1.41176575,0.00127107,-0.00128465,0.02546948,-0.02567425
-2.26613307,1.95025259,-1.95345211,0.13572447,-0.13637972,0.63468119,-0.63481584,0.00113249,-0.00113060,0.01276095,-0.01290214,0.03281009,-0.03302394,1.38445944,-1.38728689,0.00119839,-0.00121043,0.02384573,-0.02401250
-2.26013007,1.94337141,-1.94514213,0.12868224,-0.12920440,0.64696174,-0.64668080,0.00117784,-0.00117536,0.01194465,-0.01206564,0.03097755,-0.03115578,1.36968701,-1.37149839,0.00114080,-0.00115126,0.02256741,-0.02269655
-2.25412706,1.94991070,-1.95029092,0.12330005,-0.12369119,0.66395670,-0.66327447,0.00123100,-0.00122799,0.01130209,-0.01140332,0.02954301,-0.02968580,1.36337507,-1.36419738,0.00109848,-0.00110734,0.02162880,-0.02172102
-2.24812406,1.96939959,-1.96844590,0.11952924,-0.11979346,0.68551008,-0.68444763,0.00129133,-0.00128784,0.01082964,-0.01091176,0.02850429,-0.02861229,1.36519037,-1.36506207,0.00107142,-0.00107869,0.02102103,-0.02107734
-2.24212106,2.00119995,-1.99898461,0.11730295,-0.11744611,0.71139846,-0.70998298,0.00135797,-0.00135409,0.01052177,-0.01058562,0.02785530,-0.02792954,1.37470062,-1.37366956,0.00105945,-0.00106514,0.02073247,-0.02075415
-2.23611806,2.04452993,-2.04113820,0.11653815,-0.11656764,0.74133722,-0.73960126,0.00142987,-0.00142569,0.01037129,-0.01041790,0.02758653,-0.02762837,1.39139254,-1.38951399,0.00106228,-0.00106643,0.02074914,-0.02073766
-2.23011506,2.09848800,-2.09401558,0.11713787,-0.11706236,0.77498755,-0.77296828,0.00150580,-0.00150144,0.01036963,-0.01040014,0.02768553,-0.02769660,1.41468919,-1.41202404,0.00107951,-0.00108216,0.02105502,-0.02101204
-2.22411206,2.16207652,-2.15662711,0.11899362,-0.11882278,0.81196428,-0.80970262,0.00158443,-0.00157999,0.01050697,-0.01052263,0.02813744,-0.02811954,1.44396618,-1.44057931,0.00111065,-0.00111185,0.02163237,-0.02155972
-2.21810905,2.23422434,-2.22790741,0.12198766,-0.12173193,0.85184406,-0.84938377,0.00166431,-0.00165990,0.01077255,-0.01077466,0.02892536,-0.02888044,1.47856628,-1.47452523,0.00115519,-0.00115499,0.02246196,-0.02236159
-2.21210605,2.31380796,-2.30673672,0.12599538,-0.12566569,0.89417365,-0.89156049,0.00174395,-0.00173969,0.01115482,-0.01114473,0.03003076,-0.02996088,1.51781230,-1.51318611,0.00121259,-0.00121103,0.02352327,-0.02339727
-2.20610305,2.39967086,-2.39196043,0.13088749,-0.13049508,0.93847824,-0.93575910,0.00182186,-0.00181786,0.01164167,-0.01162073,0.03143379,-0.03134104,1.56101818,-1.55587650,0.00128231,-0.00127942,0.02479466,-0.02464524
-2.20010005,2.49064118,-2.48240692,0.13653217,-0.13608834,0.98426957,-0.98149155,0.00189658,-0.00189296,0.01222069,-0.01219022,0.03311351,-0.03300001,1.60749843,-1.60191075,0.00136384,-0.00135966,0.02625351,-0.02608297
-2.19409705,2.58554758,-2.57690360,0.14279697,-0.14231289,1.03105365,-1.02826322,0.00196675,-0.00196360,0.01287931,-0.01284058,0.03504805,-0.03491589,1.65657610,-1.65061118,0.00145671,-0.00145126,0.02787632,-0.02768708
-2.18809405,2.68323367,-2.67429143,0.14955064,-0.14903716,1.07833807,-1.07558024,0.00203114,-0.00202854,0.01360504,-0.01355926,0.03721472,-0.03706599,1.70758981,-1.70131512,0.00156055,-0.00155381,0.02963886,-0.02943343
-2.18209105,2.78257121,-2.77343817,0.15666466,-0.15613214,1.12563880,-1.12295632,0.00208867,-0.00208670,0.01438570,-0.01433396,0.03959007,-0.03942679,1.75989996,-1.75338118,0.00167500,-0.00166698,0.03151626,-0.03129722
-2.17608804,2.88247247,-2.87325079,0.16401472,-0.16347289,1.17248643,-1.16991908,0.00213847,-0.00213718,0.01520958,-0.01515286,0.04214988,-0.04197404,1.81289483,-1.80619527,0.00179984,-0.00179050,0.03348320,-0.03325319
-2.17008504,2.98190194,-2.97268719,0.17148191,-0.17093973,1.21843198,-1.21601584,0.00217989,-0.00217931,0.01606567,-0.01600482,0.04486920,-0.04468272,1.86599651,-1.85917653,0.00193489,-0.00192417,0.03551407,-0.03527579
-2.16408204,3.07988786,-3.07076765,0.17895379,-0.17841936,1.26305207,-1.26081895,0.00221250,-0.00221264,0.01694383,-0.01687953,0.04772226,-0.04752703,1.91866731,-1.91178356,0.00208005,-0.00206791,0.03758322,-0.03733938
-2.15807904,3.17553343,-3.16658615,0.18632532,-0.18580576,1.30595372,-1.30393063,0.00223612,-0.00223697,0.01783495,-0.01776772,0.05068255,-0.05048038,1.97041648,-1.96352109,0.00223532,-0.00222167,0.03966528,-0.03941855
-2.15207604,3.26802805,-3.25932159,0.19349957,-0.19300099,1.34677872,-1.34498743,0.00225080,-0.00225233,0.01873110,-0.01866130,0.05372277,-0.05351546,2.02080737,-2.01394701,0.00240073,-0.00238548,0.04173541,-0.04148840
-2.14607304,3.35665833,-3.34824881,0.20038839,-0.19991583,1.38520759,-1.38366432,0.00225681,-0.00225897,0.01962563,-0.01955345,0.05681497,-0.05660424,2.06946484,-2.06267976,0.00257635,-0.00255942,0.04376979,-0.04352499
-2.14007004,3.44081868,-3.43274939,0.20691290,-0.20647031,1.42096317,-1.41967840,0.00225462,-0.00225737,0.02051328,-0.02043874,0.05993063,-0.05971817,2.11608272,-2.10940575,0.00276231,-0.00274358,0.04574595,-0.04550568
-2.13406703,3.52002118,-3.51232165,0.21300390,-0.21259415,1.45381394,-1.45279231,0.00224490,-0.00224816,0.02139014,-0.02131314,0.06304086,-0.06282833,2.16043081,-2.15388646,0.00295869,-0.00293807,0.04764330,-0.04740965
-2.12806403,3.59390431,-3.58658968,0.21860214,-0.21822708,1.48357686,-1.48281725,0.00222844,-0.00223213,0.02225372,-0.02217399,0.06611670,-0.06590571,2.20236112,-2.19596473,0.00316560,-0.00314298,0.04944356,-0.04921833
-2.12206103,3.66223998,-3.65531063,0.22365861,-0.22331907,1.51011985,-1.50961558,0.00220616,-0.00221019,0.02310281,-0.02302001,0.06912942,-0.06892154,2.24181272,-2.23556988,0.00338306,-0.00335836,0.05113123,-0.05091589
-2.11605803,3.72493846,-3.71838005,0.22813459,-0.22783050,1.53336375,-1.53310287,0.00217905,-0.00218332,0.02393739,-0.02385110,0.07205095,-0.07184769,2.27881482,-2.27272100,0.00361105,-0.00358419,0.05269401,-0.05248965
-2.11005503,3.78205050,-3.77583446,0.23200176,-0.23173222,1.55328363,-1.55324940,0.00214815,-0.00215256,0.02475848,-0.02466824,0.07485432,-0.07465712,2.31348755,-2.30752806,0.00384943,-0.00382036,0.05412321,-0.05393048
-2.10405203,3.83376646,-3.82785083,0.23524215,-0.23500555,1.56990933,-1.57008077,0.00211447,-0.00211894,0.02556790,-0.02547328,0.07751417,-0.07732441,2.34604021,-2.34019051,0.00409793,-0.00406663,0.05541404,-0.05523316
-2.09804902,3.88041186,-3.87474265,0.23784804,-0.23764213,1.58332509,-1.58367764,0.00207903,-0.00208346,0.02636807,-0.02626867,0.08000730,-0.07982626,2.37676665,-2.37099305,0.00435616,-0.00432263,0.05656588,-0.05639658
-2.09204602,3.92243926,-3.91695219,0.23982169,-0.23964378,1.59366808,-1.59417436,0.00204279,-0.00204710,0.02716169,-0.02705721,0.08231320,-0.08214204,2.40603783,-2.40029849,0.00462352,-0.00458781,0.05758232,-0.05742386
-2.08604302,3.96041639,-3.95503897,0.24117509,-0.24102211,1.60112572,-1.60175637,0.00200661,-0.00201073,0.02795149,-0.02784176,0.08441457,-0.08425431,2.43429156,-2.42853787,0.00489926,-0.00486145,0.05847125,-0.05832243
-2.08004002,3.99501058,-3.98966456,0.24192951,-0.24179816,1.60593168,-1.60665617,0.00197128,-0.00197515,0.02873997,-0.02862498,0.08629778,-0.08614930,2.46201964,-2.45619792,0.00518242,-0.00514263,0.05924464,-0.05910382
-2.07403702,4.02696990,-4.02157386,0.24211495,-0.24200180,1.60836053,-1.60914804,0.00193747,-0.00194103,0.02952908,-0.02940901,0.08795334,-0.08781732,2.48975294,-2.48380632,0.00547184,-0.00543025,0.05991834,-0.05978350
-2.06803402,4.05710136,-4.05157346,0.24176951,-0.24167110,1.60872092,-1.60954122,0.00190573,-0.00190894,0.03032002,-0.03019528,0.08937620,-0.08925312,2.51804474,-2.51191518,0.00576615,-0.00572299,0.06051166,-0.06038044
-2.06203102,4.08624687,-4.08050757,0.24093856,-0.24085152,1.60734763,-1.60817186,0.00187651,-0.00187935,0.03111304,-0.03098427,0.09056601,-0.09045614,2.54745304,-2.54108348,0.00606380,-0.00601935,0.06104685,-0.06091663
-2.05602801,4.11525762,-4.10923238,0.23967391,-0.23959502,1.60459241,-1.60539385,0.00185014,-0.00185259,0.03190731,-0.03177536,0.09152721,-0.09143058,2.57852247,-2.57185889,0.00636308,-0.00631763,0.06154852,-0.06141649
-2.05002501,4.14496787,-4.13858960,0.23803275,-0.23795899,1.60081400,-1.60156874,0.00182685,-0.00182890,0.03270079,-0.03256674,0.09226908,-0.09218546,2.61176638,-2.60475981,0.00666210,-0.00661601,0.06204286,-0.06190612
-2.04402201,4.17616890,-4.16938018,0.23607657,-0.23600517,1.59636771,-1.59705518,0.00180675,-0.00180841,0.03349028,-0.03335540,0.09280558,-0.09273448,2.64764982,-2.64025821,0.00695884,-0.00691252,0.06255692,-0.06241258
-2.03801901,4.20958415,-4.20233909,0.23386997,-0.23379847,1.59159485,-1.59219824,0.00178989,-0.00179118,0.03427142,-0.03413714,0.09315508,-0.09309576,2.68657399,-2.67876377,0.00725123,-0.00720507,0.06311776,-0.06296304
-2.03201601,4.24584636,-4.23811208,0.23147945,-0.23140566,1.58681256,-1.58731918,0.00177622,-0.00177717,0.03503884,-0.03490673,0.09334001,-0.09329150,2.72886251,-2.72060996,0.00753712,-0.00749156,0.06375164,-0.06358393
-2.02601301,4.28547761,-4.27723534,0.22897212,-0.22889419,1.58230459,-1.58270592,0.00176562,-0.00176627,0.03578635,-0.03565803,0.09338639,-0.09334745,2.77475001,-2.76604231,0.00781433,-0.00776982,0.06448316,-0.06430015
-2.02001001,4.32887290,-4.32011863,0.22641447,-0.22633084,1.57831336,-1.57860510,0.00175791,-0.00175831,0.03650714,-0.03638428,0.09332322,-0.09329240,2.82437332,-2.81520931,0.00808075,-0.00803773,0.06533450,-0.06513427
-2.01400700,4.37628804,-4.36703272,0.22387115,-0.22378055,1.57503386,-1.57521574,0.00175288,-0.00175308,0.03719410,-0.03707832,0.09318183,-0.09315752,2.87776525,-2.86815587,0.00833432,-0.00829323,0.06632470,-0.06610578
-2.00800400,4.42783199,-4.41810140,0.22140384,-0.22130530,1.57260978,-1.57268527,0.00175023,-0.00175030,0.03784011,-0.03773295,0.09299524,-0.09297565,2.93485128,-2.92481977,0.00857308,-0.00853434,0.06746904,-0.06723048
-2.00200100,4.48346434,-4.47329854,0.21907018,-0.21896302,1.57113213,-1.57110803,0.00174966,-0.00174966,0.03843838,-0.03834123,0.09279738,-0.09278062,2.99544894,-2.98503069,0.00879523,-0.00875922,0.06877851,-0.06851995
-1.99599800,4.54299766,-4.53245013,0.21692293,-0.21680672,1.57064053,-1.57052638,0.00175078,-0.00175080,0.03898271,-0.03889677,0.09262240,-0.09260652,3.05926983,-3.04851208,0.00899910,-0.00896620,0.07025947,-0.06998116
-1.98999500,4.60610493,-4.59524141,0.21500923,-0.21488380,1.57112721,-1.57093465,0.00175322,-0.00175333,0.03946789,-0.03939413,0.09250395,-0.09248698,3.12592428,-3.11488553,0.00918325,-0.00915377,0.07191343,-0.07161626
-1.98399200,4.67233168,-4.66122879,0.21337004,-0.21323549,1.57254356,-1.57228564,0.00175654,-0.00175682,0.03988989,-0.03982902,0.09247454,-0.09245455,3.19492833,-3.18367758,0.00934640,-0.00932062,0.07373696,-0.07342245
-1.97798899,4.74111250,-4.72985607,0.21203985,-0.21189650,1.57480905,-1.57449946,0.00176028,-0.00176082,0.04024612,-0.04019856,0.09256495,-0.09254007,3.26571299,-3.25432876,0.00948750,-0.00946565,0.07572185,-0.07539215
-1.97198599,4.81179136,-4.80047467,0.21104654,-0.21089497,1.57782207,-1.57747434,0.00176395,-0.00176483,0.04053564,-0.04050150,0.09280368,-0.09277219,3.33763549,-3.32620467,0.00960568,-0.00958795,0.07785540,-0.07751321
-1.96598299,4.88364507,-4.87236685,0.21041150,-0.21025251,1.58147207,-1.58109881,0.00176704,-0.00176836,0.04075920,-0.04073830,0.09321655,-0.09317690,3.40999236,-3.39860890,0.00970028,-0.00968679,0.08012085,-0.07976941
-1.95997999,4.95590909,-4.94477147,0.21014995,-0.20998458,1.58565256,-1.58526475,0.00176905,-0.00177089,0.04091936,-0.04091124,0.09382633,-0.09377718,3.48203422,-3.47079760,0.00977081,-0.00976166,0.08249803,-0.08214102
-1.95397699,5.02780476,-5.01691110,0.21027142,-0.21010088,1.59027411,-1.58988042,0.00176945,-0.00177188,0.04102045,-0.04102438,0.09465253,-0.09459277,3.55298180,-3.54199537,0.00981697,-0.00981219,0.08496415,-0.08460556
-1.94797399,5.09856708,-5.08801972,0.21078042,-0.21060613,1.59527666,-1.59488294,0.00176773,-0.00177083,0.04106851,-0.04108350,0.09571120,-0.09563999,3.62204315,-3.61141231,0.00983860,-0.00983820,0.08749462,-0.08713870
-1.94197099,5.16747183,-5.15736990,0.21167723,-0.21150072,1.60064053,-1.60024932,0.00176341,-0.00176724,0.04107112,-0.04109601,0.09701485,-0.09693164,3.68843153,-3.67826175,0.00983572,-0.00983965,0.09006410,-0.08971517
-1.93596798,5.23386130,-5.22429849,0.21295871,-0.21278162,1.60639527,-1.60600558,0.00175606,-0.00176066,0.04103727,-0.04107071,0.09857250,-0.09847702,3.75138366,-3.74177841,0.00980848,-0.00981666,0.09264747,-0.09230982
-1.92996498,5.29716729,-5.28822975,0.21461922,-0.21444327,1.61262604,-1.61223318,0.00174528,-0.00175070,0.04097705,-0.04101758,0.10038965,-0.10028193,3.81017781,-3.80123640,0.00975720,-0.00976951,0.09522089,-0.09489866
-1.92396198,5.35693070,-5.34869509,0.21665148,-0.21647837,1.61947676,-1.61907245,0.00173079,-0.00173704,0.04090145,-0.04094754,0.10246843,-0.10234877,3.86415132,-3.85596675,0.00968235,-0.00969863,0.09776279,-0.09745979
-1.91795898,5.41281676,-5.40534848,0.21904728,-0.21887864,1.62714999,-1.62672256,0.00171237,-0.00171945,0.04082203,-0.04087212,0.10480766,-0.10467665,3.91271687,-3.90537370,0.00958460,-0.00960465,0.10025480,-0.09997442
-1.91195598,5.46462519,-5.45797690,0.22179810,-0.22163550,1.63590322,-1.63543806,0.00168994,-0.00169783,0.04075059,-0.04080312,0.10740299,-0.10726149,3.95537711,-3.94894943,0.00946479,-0.00948838,0.10268252,-0.10242759
-1.90595298,5.51229483,-5.50650533,0.22489562,-0.22474044,1.64604173,-1.64552186,0.00166354,-0.00167219,0.04069886,-0.04075233,0.11024701,-0.11009612,3.99173693,-3.98628651,0.00932401,-0.00935087,0.10503615,-0.10480887
-1.89994997,5.55590251,-5.55099596,0.22833181,-0.22818529,1.65790815,-1.65731494,0.00163336,-0.00164271,0.04067813,-0.04073114,0.11332935,-0.11317038,4.02151308,-4.01708781,0.00916358,-0.00919341,0.10731089,-0.10711273
-1.89394697,5.59565611,-5.59164164,0.23209899,-0.23196213,1.67186914,-1.67118319,0.00159975,-0.00160971,0.04069899,-0.04075024,0.11663671,-0.11647120,4.04454071,-4.04117323,0.00898511,-0.00901756,0.10950714,-0.10933879
-1.88794397,5.63188204,-5.62875383,0.23618950,-0.23606309,1.68829975,-1.68750183,0.00156324,-0.00157368,0.04077092,-0.04081929,0.12015294,-0.11998261,4.06077645,-4.05848325,0.00879050,-0.00882519,0.11163037,-0.11149175
-1.88194097,5.66500785,-5.66274559,0.24059513,-0.24047977,1.70756615,-1.70663820,0.00152450,-0.00153530,0.04090209,-0.04094660,0.12385903,-0.12368576,4.07029814,-4.06907894,0.00858196,-0.00861846,0.11369082,-0.11358108
-1.87593797,5.69554061,-5.69411037,0.24530641,-0.24520252,1.73000747,-1.72893359,0.00148441,-0.00149541,0.04109901,-0.04113886,0.12773311,-0.12755895,4.07330115,-4.07313875,0.00836200,-0.00839987,0.11570294,-0.11562047
-1.86993497,5.72404231,-5.72339769,0.25031168,-0.25021952,1.75591765,-1.75468506,0.00144399,-0.00145500,0.04136632,-0.04140093,0.13175049,-0.13157761,4.07009155,-4.07095199,0.00813345,-0.00817220,0.11768455,-0.11762708
-1.86393197,5.75110339,-5.75118695,0.25559599,-0.25551576,1.78552814,-1.78412803,0.00140444,-0.00141527,0.04170662,-0.04173558,0.13588361,-0.13571430,4.06107652,-4.06290966,0.00789943,-0.00793854,0.11965584,-0.11962053
-1.85792896,5.77731584,-5.77806072,0.26114012,-0.26107198,1.81899230,-1.81742056,0.00136710,-0.00137754,0.04212026,-0.04214338,0.14010218,-0.13993879,4.04675254,-4.04949292,0.00766326,-0.00770220,0.12163832,-0.12162185
-1.85192596,5.80324724,-5.80457880,0.26691949,-0.26686363,1.85637239,-1.85463013,0.00133343,-0.00134325,0.04260529,-0.04262254,0.14437322,-0.14421819,4.02769197,-4.03125997,0.00742849,-0.00746673,0.12365354,-0.12365226
-1.84592296,5.82941714,-5.83125465,0.27290329,-0.27285999,1.89762965,-1.89572355,0.00130501,-0.00131397,0.04315737,-0.04316894,0.14866132,-0.14851710,4.00452861,-4.00883184,0.00719878,-0.00723576,0.12572195,-0.12573197
-1.83991996,5.85627693,-5.85853515,0.27905379,-0.27902351,1.94261828,-1.94056064,0.00128350,-0.00129137,0.04376985,-0.04377608,0.15292888,-0.15279793,3.97794301,-3.98287783,0.00697781,-0.00701303,0.12786167,-0.12787905
-1.83391696,5.88419422,-5.88678484,0.28532599,-0.28530935,1.99108343,-1.98889205,0.00127060,-0.00127714,0.04443382,-0.04443519,0.15713658,-0.15702129,3.94864799,-3.95410116,0.00676925,-0.00680218,0.13008751,-0.13010834
-1.82791396,5.91344244,-5.91627531,0.29166757,-0.29166541,2.04266361,-2.04036135,0.00126804,-0.00127301,0.04513825,-0.04513538,0.16124383,-0.16114651,3.91737491,-3.92322533,0.00657661,-0.00660678,0.13241005,-0.13243059
-1.82191096,5.94419592,-5.94718008,0.29801922,-0.29803260,2.09689737,-2.09451155,0.00127753,-0.00128071,0.04587028,-0.04586388,0.16520941,-0.16513226,3.88486108,-3.89098154,0.00640315,-0.00643015,0.13483499,-0.13485177
-1.81590795,5.97653047,-5.97957506,0.30431544,-0.30434562,2.15323401,-2.15079556,0.00130073,-0.00130190,0.04661544,-0.04660631,0.16899222,-0.16893723,3.85183836,-3.85809737,0.00625181,-0.00627527,0.13736271,-0.13737264
-1.80990495,6.01042907,-6.01344402,0.31048571,-0.31053411,2.21104792,-2.20859043,0.00133918,-0.00133816,0.04735807,-0.04734705,0.17255202,-0.17252095,3.81902314,-3.82528676,0.00612510,-0.00614473,0.13998817,-0.13998857
-1.80390195,6.04579176,-6.04868847,0.31645602,-0.31652416,2.26965585,-2.26721453,0.00139431,-0.00139092,0.04808169,-0.04806962,0.17585024,-0.17584460,3.78710744,-3.79324113,0.00602505,-0.00604063,0.14270095,-0.14268961
-1.79789895,6.08244891,-6.08514086,0.32215071,-0.32224016,2.32833647,-2.32594701,0.00146734,-0.00146144,0.04876944,-0.04875715,0.17885084,-0.17887184,3.75675094,-3.76262149,0.00595308,-0.00596449,0.14548561,-0.14546084
-1.79189595,6.12017633,-6.12257983,0.32749460,-0.32760689,2.38635100,-2.38404856,0.00155926,-0.00155074,0.04940459,-0.04939288,0.18152103,-0.18156955,3.72857351,-3.73405104,0.00591004,-0.00591723,0.14832226,-0.14828289
-1.78589295,6.15871113,-6.16074621,0.33241521,-0.33255175,2.44296441,-2.44078260,0.00167080,-0.00165960,0.04997100,-0.04996058,0.18383200,-0.18390859,3.70314805,-3.70810806,0.00589608,-0.00589911,0.15118725,-0.15113263
-1.77988994,6.19776673,-6.19935824,0.33684507,-0.33700705,2.49746574,-2.49543586,0.00180236,-0.00178844,0.05045360,-0.05044510,0.18575943,-0.18586432,3.68099311,-3.68531861,0.00591073,-0.00590974,0.15405400,-0.15398401
-1.77388694,6.23704592,-6.23812490,0.34072392,-0.34091226,2.54918700,-2.54733737,0.00195398,-0.00193736,0.05083887,-0.05083279,0.18728393,-0.18741703,3.66256508,-3.66614883,0.00595285,-0.00594807,0.15689391,-0.15680892
-1.76788394,6.27625098,-6.27675630,0.34400083,-0.34421607,2.59751965,-2.59587524,0.00212529,-0.00210603,0.05111521,-0.05111191,0.18839122,-0.18855218,3.64824992,-3.65099666,0.00602068,-0.00601241,0.15967720,-0.15957805
-1.76188094,6.31509001,-6.31497022,0.34663597,-0.34687824,2.64192800,-2.64051025,0.00231551,-0.00229374,0.05127332,-0.05127304,0.18907218,-0.18926043,3.63835423,-3.64018295,0.00611188,-0.00610050,0.16237375,-0.16226174
-1.75587794,6.35327927,-6.35249465,0.34860213,-0.34887112,2.68195917,-2.68078607,0.00252340,-0.00249928,0.05130645,-0.05130927,0.18932268,-0.18953746,3.63309615,-3.63394224,0.00622361,-0.00620955,0.16495381,-0.16483070
-1.74987494,6.39054157,-6.38906622,0.34988581,-0.35018069,2.71724932,-2.71633563,0.00274725,-0.00272101,0.05121064,-0.05121649,0.18914321,-0.18938367,3.63259618,-3.63241341,0.00635260,-0.00633635,0.16738866,-0.16725660
-1.74387194,6.42660120,-6.42442506,0.35048790,-0.35080733,2.74752602,-2.74688378,0.00298489,-0.00295681,0.05098475,-0.05099344,0.18853843,-0.18880369,3.63686873,-3.63563103,0.00649526,-0.00647734,0.16965098,-0.16951252
-1.73786893,6.46117625,-6.45830691,0.35042385,-0.35076598,2.77260721,-2.77224622,0.00323371,-0.00320412,0.05063052,-0.05064172,0.18751657,-0.18780574,3.64581495,-3.64351774,0.00664780,-0.00662871,0.17171524,-0.17157329
-1.73186593,6.49396948,-6.49043357,0.34972351,-0.35008597,2.79239695,-2.79232538,0.00349065,-0.00345993,0.05015244,-0.05016573,0.18608877,-0.18640103,3.65921765,-3.65587873,0.00680630,-0.00678658,0.17355782,-0.17341563
-1.72586293,6.52465908,-6.52050315,0.34843046,-0.34881038,2.80687860,-2.80710358,0.00375230,-0.00372085,0.04955758,-0.04957243,0.18426844,-0.18460310,3.67673909,-3.67239899,0.00696688,-0.00694701,0.17515714,-0.17501826
-1.71985993,6.55289087,-6.54818146,0.34660102,-0.34699503,2.81610625,-2.81663431,0.00401489,-0.00398317,0.04885531,-0.04887115,0.18207067,-0.18242713,3.69792249,-3.69264404,0.00712579,-0.00710625,0.17649362,-0.17636183
-1.71385693,6.57827313,-6.57309612,0.34430290,-0.34470715,2.82019493,-2.82103233,0.00427443,-0.00424291,0.04805702,-0.04807324,0.17951171,-0.17988953,3.72219763,-3.71606499,0.00727955,-0.00726073,0.17754966,-0.17742892
-1.70785393,6.60037555,-6.59483453,0.34161359,-0.34202376,2.81931059,-2.82046345,0.00452674,-0.00449592,0.04717569,-0.04719165,0.17660862,-0.17700744,3.74889139,-3.74200811,0.00742504,-0.00740729,0.17830963,-0.17820402
-1.70185093,6.61873311,-6.61294680,0.33861860,-0.33902993,2.81366042,-2.81513463,0.00476761,-0.00473796,0.04622550,-0.04624058,0.17337908,-0.17379858,3.77724294,-3.76972946,0.00755960,-0.00754320,0.17875992,-0.17867349
-1.69584792,6.63285547,-6.62695423,0.33540950,-0.33581678,2.80348419,-2.80528502,0.00499284,-0.00496486,0.04522143,-0.04523505,0.16984130,-0.17028117,3.80642400,-3.79841429,0.00768115,-0.00766626,0.17888900,-0.17882571
-1.68984492,6.64224209,-6.63636358,0.33208186,-0.33247949,2.78904696,-2.79117851,0.00519842,-0.00517256,0.04417881,-0.04419042,0.16601424,-0.16647407,3.83556341,-3.82720101,0.00778820,-0.00777491,0.17868771,-0.17865126
-1.68384192,6.64640271,-6.64068686,0.32873324,-0.32911523,2.77063358,-2.77309799,0.00538059,-0.00535729,0.04311296,-0.04312209,0.16191783,-0.16239702,3.86377556,-3.85520913,0.00787994,-0.00786825,0.17814952,-0.17814323
-1.67783892,6.64488236,-6.63946577,0.32546112,-0.32582113,2.74854489,-2.75134139,0.00553600,-0.00551564,0.04203882,-0.04204504,0.15757340,-0.15807108,3.89019171,-3.88157010,0.00795627,-0.00794607,0.17727102,-0.17729769
-1.67183592,6.63728972,-6.63229983,0.32236083,-0.32269229,2.72309563,-2.72621958,0.00566178,-0.00564468,0.04097061,-0.04097359,0.15300414,-0.15351906,3.91399287,-3.90546004,0.00801776,-0.00800885,0.17605241,-0.17611414
-1.66583292,6.62332720,-6.61887643,0.31952367,-0.31981981,2.69461376,-2.69805558,0.00575566,-0.00574207,0.03992164,-0.03992111,0.14823559,-0.14876606,3.93444310,-3.92613297,0.00806564,-0.00805775,0.17449811,-0.17459619
-1.65982991,6.60282101,-6.59900111,0.31703502,-0.31728899,2.66344069,-2.66718500,0.00581603,-0.00580614,0.03890404,-0.03889981,0.14329607,-0.14383987,3.95092153,-3.94295303,0.00810178,-0.00809455,0.17261730,-0.17275209
-1.65382691,6.57574914,-6.57262614,0.31497259,-0.31517760,2.62993211,-2.63395691,0.00584200,-0.00583591,0.03792868,-0.03792061,0.13821704,-0.13877138,3.96295181,-3.95542423,0.00812856,-0.00812161,0.17042454,-0.17059533
-1.64782391,6.54226547,-6.53987538,0.31340482,-0.31355432,2.59445862,-2.59873483,0.00583345,-0.00583118,0.03700504,-0.03699305,0.13303328,-0.13359480,3.97022736,-3.96321636,0.00814883,-0.00814170,0.16794018,-0.16814516
-1.64182091,6.50271813,-6.50106372,0.31238946,-0.31247729,2.55740589,-2.56189710,0.00579102,-0.00579250,0.03614119,-0.03612524,0.12778291,-0.12834768,3.97263128,-3.96618558,0.00816573,-0.00815797,0.16519072,-0.16542693
-1.63581791,6.45766068,-6.45670942,0.31197234,-0.31199295,2.51917377,-2.52383642,0.00571613,-0.00572120,0.03534379,-0.03532388,0.12250720,-0.12307076,3.97024973,-3.96438874,0.00818262,-0.00817377,0.16220897,-0.16247228
-1.62981491,6.40785495,-6.40753840,0.31218637,-0.31213502,2.48017398,-2.48495782,0.00561087,-0.00561932,0.03461812,-0.03459430,0.11725017,-0.11780762,3.96337801,-3.95809046,0.00820288,-0.00819251,0.15903395,-0.15931914
-1.62381191,6.35426494,-6.35447945,0.31305080,-0.31292376,2.44082629,-2.44567530,0.00547805,-0.00548956,0.03396816,-0.03394047,0.11205791,-0.11260399,3.95251889,-3.94776258,0.00822982,-0.00821753,0.15571063,-0.15601143
-1.61780890,6.29804152,-6.29865051,0.31457088,-0.31436561,2.40155308,-2.40640665,0.00532099,-0.00533521,0.03339663,-0.03336513,0.10697781,-0.10750705,3.93837302,-3.93407566,0.00826647,-0.00825196,0.15228932,-0.15259857
-1.61180590,6.24049850,-6.24133594,0.31673775,-0.31645308,2.36277242,-2.36756683,0.00514353,-0.00516005,0.03290507,-0.03286986,0.10205758,-0.10256442,3.92182161,-3.91788287,0.00831552,-0.00829855,0.14882491,-0.14913473
-1.60580290,6.18308061,-6.18395588,0.31952888,-0.31916511,2.32488993,-2.32956011,0.00494984,-0.00496822,0.03249395,-0.03245514,0.09734414,-0.09782309,3.90390202,-3.90019663,0.00837916,-0.00835959,0.14537585,-0.14567780
-1.59979990,6.12732505,-6.12802880,0.32290876,-0.32246775,2.28828998,-2.29277129,0.00474433,-0.00476410,0.03216271,-0.03212043,0.09288249,-0.09332830,3.88577713,-3.88215897,0.00845896,-0.00843677,0.14200292,-0.14228824
-1.59379690,6.07481786,-6.07512871,0.32683016,-0.32631533,2.25332655,-2.25755670,0.00453155,-0.00455221,0.03190985,-0.03186426,0.08871460,-0.08912236,3.86869955,-3.86500659,0.00855589,-0.00853115,0.13876785,-0.13902774
-1.58779390,6.02714722,-6.02683909,0.33123576,-0.33065203,2.22031442,-2.22423530,0.00431598,-0.00433706,0.03173298,-0.03168429,0.08487830,-0.08524364,3.85397205,-3.85003200,0.00867018,-0.00864311,0.13573192,-0.13595770
-1.58179090,5.98585560,-5.98470528,0.33606008,-0.33541378,2.18952136,-2.19308067,0.00410202,-0.00412305,0.03162891,-0.03157738,0.08140631,-0.08172550,3.84290567,-3.83854215,0.00880142,-0.00877233,0.13295437,-0.13313780
-1.57578789,5.95239263,-5.95018747,0.34123185,-0.34053052,2.16116163,-2.16431439,0.00389379,-0.00391433,0.03159370,-0.03153963,0.07832549,-0.07859553,3.83677697,-3.83181596,0.00894854,-0.00891784,0.13049097,-0.13062446
-1.56978489,5.92807068,-5.92461597,0.34667661,-0.34592876,2.13539143,-2.13810113,0.00369508,-0.00371472,0.03162272,-0.03156648,0.07565616,-0.07587487,3.83678600,-3.83106237,0.00910990,-0.00907808,0.12839251,-0.12846936
-1.56378189,5.91402471,-5.90915062,0.35231933,-0.35153418,2.11230655,-2.11454600,0.00350924,-0.00352764,0.03171072,-0.03165277,0.07341175,-0.07357781,3.84401620,-3.83738016,0.00928342,-0.00925105,0.12670354,-0.12671811
-1.55777889,5.91117770,-5.90474554,0.35808721,-0.35727439,2.09194241,-2.09369420,0.00333915,-0.00335599,0.03185193,-0.03179278,0.07159860,-0.07171159,3.85939775,-3.85172092,0.00946669,-0.00943436,0.12546116,-0.12540906
-1.55177589,5.92021281,-5.91212036,0.36391225,-0.36308146,2.07427641,-2.07553306,0.00318715,-0.00320218,0.03204011,-0.03198036,0.07021605,-0.07027640,3.88367519,-3.87485616,0.00965716,-0.00962549,0.12469400,-0.12457224
-1.54577289,5.94155262,-5.93173851,0.36973360,-0.36889431,2.05923258,-2.05999632,0.00305498,-0.00306802,0.03226869,-0.03220899,0.06925662,-0.06926563,3.91738040,-3.90734958,0.00985231,-0.00982189,0.12442148,-0.12422855
-1.53976988,5.97534609,-5.96379300,0.37549951,-0.37466069,2.04668809,-2.04697034,0.00294384,-0.00295476,0.03253083,-0.03247192,0.06870654,-0.06866629,3.96081145,-3.94953510,0.01004983,-0.01002122,0.12465319,-0.12438914
-1.53376688,6.02146277,-6.00819949,0.38116877,-0.38033865,2.03648118,-2.03630184,0.00285432,-0.00286305,0.03281953,-0.03276220,0.06854629,-0.06845958,4.01401784,-4.00150109,0.01024781,-0.01022148,0.12538859,-0.12505506
-1.52776388,6.07949424,-6.06459651,0.38671151,-0.38589740,2.02842010,-2.02780654,0.00278648,-0.00279301,0.03312777,-0.03307285,0.06875133,-0.06862159,4.07679243,-4.06308120,0.01044489,-0.01042123,0.12661688,-0.12621706
-1.52176088,6.14876201,-6.13235218,0.39210934,-0.39131754,2.02229220,-2.02127827,0.00273984,-0.00274422,0.03344854,-0.03339690,0.06929288,-0.06912408,4.14866997,-4.13385181,0.01064041,-0.01061969,0.12831711,-0.12785571
-1.51575788,6.22833139,-6.21057683,0.39735472,-0.39659050,2.01787291,-2.01649777,0.00271345,-0.00271577,0.03377500,-0.03372752,0.07013879,-0.06993533,4.22893238,-4.21313602,0.01083453,-0.01081687,0.13045848,-0.12994166
-1.50975488,6.31703030,-6.29814075,0.40244970,-0.40171735,2.01493366,-2.01324074,0.00270591,-0.00270633,0.03410048,-0.03405807,0.07125437,-0.07102095,4.31662043,-4.30001417,0.01102825,-0.01101364,0.13300088,-0.13243612
-1.50375188,6.41347267,-6.39369646,0.40740392,-0.40670687,2.01324865,-2.01128453,0.00271549,-0.00271418,0.03441862,-0.03438215,0.07260322,-0.07234476,4.41055153,-4.39334044,0.01122348,-0.01121178,0.13589558,-0.13529153
-1.49774887,6.51608531,-6.49570461,0.41223212,-0.41157316,2.01259977,-2.01041328,0.00274015,-0.00273733,0.03472331,-0.03469364,0.07414807,-0.07386960,4.50934340,-4.49176530,0.01142298,-0.01141389,0.13908609,-0.13845241
-1.49174587,6.62313806,-6.60246317,0.41695123,-0.41633271,2.01277970,-2.01042105,0.00277763,-0.00277353,0.03500878,-0.03498673,0.07585151,-0.07555802,4.61144298,-4.59376334,0.01163028,-0.01162337,0.14250919,-0.14185638
-1.48574287,6.73277650,-6.71213933,0.42157724,-0.42100133,2.01359300,-2.01111309,0.00282554,-0.00282042,0.03526958,-0.03525593,0.07767668,-0.07737308,4.71516016,-4.69766605,0.01184954,-0.01184427,0.14609611,-0.14543523
-1.47973987,6.84305679,-6.82280364,0.42612200,-0.42559099,2.01485544,-2.01230525,0.00288141,-0.00287552,0.03550056,-0.03549602,0.07958789,-0.07927889,4.81870568,-4.80169879,0.01208537,-0.01208113,0.14977378,-0.14911629
-1.47373687,6.95198258,-6.93246630,0.43059026,-0.43010677,2.01639171,-2.01382179,0.00294280,-0.00293641,0.03569689,-0.03570209,0.08155122,-0.08124123,4.92023243,-4.90402145,0.01234264,-0.01233872,0.15346625,-0.15282374
-1.46773387,7.05754335,-7.03911511,0.43497711,-0.43454428,2.01803209,-2.01549219,0.00300740,-0.00300073,0.03585396,-0.03586946,0.08353500,-0.08322806,5.01787944,-5.00277188,0.01262619,-0.01262187,0.15709619,-0.15648014
-1.46173087,7.15775405,-7.14075486,0.43926599,-0.43888763,2.01960850,-2.01714711,0.00307305,-0.00306632,0.03596746,-0.03599370,0.08551025,-0.08520996,5.10981733,-5.09611113,0.01294061,-0.01293516,0.16058643,-0.16000794
-1.45572786,7.25069552,-7.23544771,0.44342747,-0.44310813,2.02095049,-2.01861455,0.00313786,-0.00313126,0.03603329,-0.03607063,0.08745111,-0.08716057,5.19429440,-5.18226951,0.01328996,-0.01328268,0.16386159,-0.16333116
-1.44972486,7.33455515,-7.32135403,0.44741898,-0.44716387,2.02188192,-2.01971635,0.00320029,-0.00319396,0.03604763,-0.03609631,0.08933516,-0.08905692,5.26968193,-5.25959213,0.01367751,-0.01366778,0.16684966,-0.16637696
-1.44372186,7.40766707,-7.39677308,0.45118543,-0.45100035,2.02221867,-2.02026594,0.00325920,-0.00325323,0.03600693,-0.03606705,0.09114375,-0.09087973,5.33451740,-5.32658269,0.01410555,-0.01409280,0.16948366,-0.16907727
-1.43771886,7.46855091,-7.46018245,0.45466092,-0.45455201,2.02176800,-2.02006762,0.00331390,-0.00330833,0.03590797,-0.03597950,0.09286222,-0.09261372,5.38754418,-5.38194403,0.01457514,-0.01455895,0.17170314,-0.17137040
-1.43171586,7.51594810,-7.51027540,0.45777128,-0.45774473,2.02032986,-2.01891781,0.00336422,-0.00335902,0.03574792,-0.03583070,0.09448010,-0.09424778,5.42774638,-5.42461404,0.01508605,-0.01506610,0.17345566,-0.17320247
-1.42571286,7.54885461,-7.54599474,0.46043754,-0.46049929,2.01770036,-2.01660840,0.00341053,-0.00340560,0.03552443,-0.03561816,0.09599128,-0.09577512,5.45437733,-5.45379556,0.01563660,-0.01561272,0.17469808,-0.17452877
-1.41970985,7.56654865,-7.56656212,0.46258007,-0.46273538,2.01367727,-2.01293232,0.00345375,-0.00344893,0.03523574,-0.03533995,0.09739396,-0.09719335,5.46698056,-5.46897888,0.01622368,-0.01619585,0.17539767,-0.17531492
-1.41370685,7.56861234,-7.57150123,0.46412315,-0.46437620,2.00806770,-2.00769110,0.00349536,-0.00349041,0.03488074,-0.03499484,0.09869072,-0.09850442,5.46540221,-5.46995590,0.01684282,-0.01681114,0.17553301,-0.17553779
-1.40770385,7.55494597,-7.56065393,0.46499983,-0.46535335,2.00069720,-2.00070409,0.00353739,-0.00353201,0.03445914,-0.03458236,0.09988828,-0.09971451,5.44979412,-5.45682497,0.01748825,-0.01745296,0.17509457,-0.17518615
-1.40170085,7.52577405,-7.53418805,0.46515668,-0.46561162,1.99142014,-1.99181885,0.00358239,-0.00357621,0.03397148,-0.03410295,0.10099729,-0.10083380,5.42060724,-5.42998615,0.01815313,-0.01811459,0.17408509,-0.17426106
-1.39569785,7.48164235,-7.49259628,0.46455836,-0.46511355,1.98013061,-1.98092220,0.00363334,-0.00362592,0.03341926,-0.03355798,0.10203193,-0.10187609,5.37857540,-5.39012662,0.01882973,-0.01878841,0.17251947,-0.17277586
-1.38969485,7.42340558,-7.43668556,0.46319147,-0.46384347,1.96677303,-1.96795103,0.00369358,-0.00368447,0.03280499,-0.03294983,0.10300945,-0.10285833,5.32468979,-5.33819680,0.01950977,-0.01946619,0.17042454,-0.17075593
-1.38369185,7.35220587,-7.36755705,0.46106777,-0.46181073,1.95135206,-1.95290232,0.00376678,-0.00375544,0.03213215,-0.03228194,0.10394948,-0.10380000,5.26016522,-5.27537785,0.02018465,-0.02013940,0.16783828,-0.16823802
-1.37768884,7.26944237,-7.28657698,0.45822625,-0.45905197,1.93394070,-1.93584159,0.00385672,-0.00384264,0.03140524,-0.03155872,0.10487338,-0.10472241,5.18639925,-5.20304190,0.02084584,-0.02079952,0.16480891,-0.16526930
-1.37168584,7.17673295,-7.19533934,0.45473421,-0.45563221,1.91468631,-1.91690903,0.00396727,-0.00394990,0.03062967,-0.03078556,0.10580340,-0.10564792,5.10492598,-5.12270645,0.02148515,-0.02143836,0.16139359,-0.16190611
-1.36568284,7.07586935,-7.09562151,0.45068698,-0.45164478,1.89381369,-1.89632294,0.00410220,-0.00408100,0.02981168,-0.02996870,0.10676180,-0.10659899,5.01736635,-5.03598503,0.02209506,-0.02204836,0.15765690,-0.15821248
-1.35967984,6.96876714,-6.98933447,0.44620649,-0.44720992,1.87162500,-1.87437984,0.00426505,-0.00423952,0.02895822,-0.02911512,0.10776995,-0.10759735,4.92537707,-4.94453594,0.02266897,-0.02262290,0.15366913,-0.15425841
-1.35367684,6.85741262,-6.87846943,0.44143856,-0.44247217,1.84849623,-1.85145117,0.00445899,-0.00442868,0.02807675,-0.02823236,0.10884738,-0.10866299,4.83060020,-4.85001145,0.02320146,-0.02315647,0.14950439,-0.15011801
-1.34767384,6.74380843,-6.76504286,0.43654901,-0.43759662,1.82487012,-1.82797636,0.00468673,-0.00465123,0.02717510,-0.02732833,0.11001095,-0.10981332,4.73461554,-4.75400932,0.02368842,-0.02364489,0.14523878,-0.14586756
-1.34167084,6.62991998,-6.65104194,0.43171893,-0.43276407,1.80124566,-1.80445250,0.00495031,-0.00490930,0.02626125,-0.02641111,0.11127399,-0.11106232,4.63889775,-4.65802880,0.02412720,-0.02408542,0.14094832,-0.14158355
-1.33566783,6.51762454,-6.53837244,0.42713896,-0.42816549,1.77816450,-1.78142079,0.00525108,-0.00520433,0.02534310,-0.02548876,0.11264558,-0.11241975,4.54477960,-4.56343255,0.02451664,-0.02447681,0.13670717,-0.13734077
-1.32966483,6.40866482,-6.42881085,0.42300311,-0.42399572,1.75619465,-1.75945029,0.00558956,-0.00553695,0.02442830,-0.02456908,0.11413002,-0.11389065,4.45342284,-4.47141601,0.02485705,-0.02481928,0.13258578,-0.13321049
-1.32366183,6.30460846,-6.32396229,0.41950220,-0.42044693,1.73591212,-1.73911952,0.00596541,-0.00590692,0.02352406,-0.02365942,0.11572639,-0.11547482,4.36579734,-4.38298494,0.02515013,-0.02511446,0.12864931,-0.12925878
-1.31765883,6.20681468,-6.22522550,0.41681721,-0.41770188,1.71788124,-1.72099666,0.00637739,-0.00631312,0.02263694,-0.02276652,0.11742837,-0.11716661,4.28266892,-4.29894174,0.02539886,-0.02536524,0.12495617,-0.12554508
-1.31165583,6.11640879,-6.13376575,0.41511280,-0.41592740,1.70263431,-1.70561906,0.00682336,-0.00675353,0.02177278,-0.02189637,0.11922418,-0.11895490,4.20459589,-4.21988044,0.02560732,-0.02557563,0.12155686,-0.12212095
-1.30565283,6.03426519,-6.05049632,0.41453123,-0.41526820,1.69065157,-1.69347298,0.00730032,-0.00722526,0.02093653,-0.02105407,0.12109684,-0.12082325,4.13193370,-4.14619013,0.02578048,-0.02575057,0.11849303,-0.11902909
-1.29964982,5.96099885,-5.97606859,0.41518699,-0.41584137,1.68234217,-1.68497440,0.00780447,-0.00772462,0.02013224,-0.02024381,0.12302453,-0.12275030,4.06484707,-4.07806585,0.02592399,-0.02589566,0.11579686,-0.11630271
-1.29364682,5.89696512,-5.91087077,0.41716218,-0.41773170,1.67802715,-1.68045164,0.00833138,-0.00824726,0.01936298,-0.01946879,0.12498126,-0.12471037,4.00332837,-4.01552617,0.02604400,-0.02601702,0.11349065,-0.11396504
-1.28764382,5.84226758,-5.85503473,0.42050297,-0.42098803,1.67792493,-1.68013063,0.00887603,-0.00878825,0.01863092,-0.01873125,0.12693761,-0.12667423,3.94722103,-3.95843597,0.02614689,-0.02612102,0.11158674,-0.11202928
-1.28164082,5.79677310,-5.80845049,0.42521723,-0.42562071,1.68214032,-1.68412357,0.00943308,-0.00934228,0.01793733,-0.01803256,0.12886172,-0.12861006,3.89624671,-3.90653320,0.02623916,-0.02621413,0.11008768,-0.11049872
-1.27563782,5.76013358,-5.77078743,0.43127338,-0.43160045,1.69065725,-1.69242147,0.00999697,-0.00990385,0.01728273,-0.01737324,0.13072036,-0.13048453,3.85003471,-3.85945823,0.02632721,-0.02630275,0.10898669,-0.10936717
-1.26963482,5.73181331,-5.74152157,0.43860059,-0.43885834,1.70333607,-1.70489104,0.01056220,-0.01046743,0.01666694,-0.01675316,0.13248010,-0.13226392,3.80815251,-3.81678446,0.02641727,-0.02639310,0.10826831,-0.10861960
-1.26363182,5.71112134,-5.71996790,0.44709031,-0.44728737,1.71991529,-1.72127629,0.01112350,-0.01102775,0.01608929,-0.01617162,0.13410848,-0.13391539,3.77013611,-3.77804896,0.02651530,-0.02649113,0.10790927,-0.10823304
-1.25762881,5.69724780,-5.70531690,0.45659909,-0.45674519,1.74001829,-1.74120493,0.01167606,-0.01157993,0.01554877,-0.01562759,0.13557530,-0.13540820,3.73551929,-3.74278219,0.02662697,-0.02660249,0.10787959,-0.10817767
-1.25162581,5.68930333,-5.69667434,0.46695270,-0.46705815,1.76316457,-1.76419952,0.01221575,-0.01211975,0.01504419,-0.01511981,0.13685377,-0.13671492,3.70386104,-3.71053593,0.02675764,-0.02673252,0.10814387,-0.10841805
-1.24562281,5.68636076,-5.69310341,0.47795132,-0.47802656,1.78878568,-1.78969318,0.01273928,-0.01264384,0.01457441,-0.01464707,0.13792163,-0.13781254,3.67477039,-3.68090875,0.02691239,-0.02688627,0.10866260,-0.10891454
-1.23961981,5.68749814,-5.69366832,0.48937575,-0.48943080,1.81624498,-1.81704931,0.01324440,-0.01314979,0.01413848,-0.01420832,0.13876219,-0.13868358,3.64792853,-3.65356875,0.02709607,-0.02706857,0.10939370,-0.10962481
-1.23361681,5.69184218,-5.69747830,0.50099442,-0.50103844,1.84486104,-1.84558494,0.01373005,-0.01363640,0.01373588,-0.01380293,0.13936518,-0.13931690,3.62310761,-3.62827299,0.02731337,-0.02728407,0.11029410,-0.11050540
-1.22761381,5.69861090,-5.70373097,0.51257093,-0.51261177,1.87393353,-1.87459662,0.01419641,-0.01410369,0.01336661,-0.01343079,0.13972749,-0.13970849,3.60018638,-3.60488377,0.02756888,-0.02753732,0.11132127,-0.11151332
-1.22161081,5.70715467,-5.71175398,0.52387194,-0.52391576,1.90277085,-1.90338818,0.01464504,-0.01455302,0.01303144,-0.01309254,0.13985366,-0.13986201,3.57916238,-3.58338139,0.02786716,-0.02783283,0.11243486,-0.11260771
-1.21560780,5.71699406,-5.72104369,0.53467500,-0.53472597,1.93071838,-1.93129907,0.01507884,-0.01498714,0.01273194,-0.01278963,0.13975622,-0.13978912,3.56016068,-3.56387343,0.02821279,-0.02817515,0.11359813,-0.11375127
-1.20960480,5.72785340,-5.73129941,0.54477623,-0.54483630,1.95718610,-1.95773220,0.01550206,-0.01541010,0.01247066,-0.01252447,0.13945576,-0.13950960,3.54343909,-3.54660052,0.02861040,-0.02856887,0.11477943,-0.11491174
-1.20360180,5.73968856,-5.74245195,0.55399728,-0.55406606,1.98167446,-1.98218007,0.01592024,-0.01582728,0.01225114,-0.01230048,0.13898083,-0.13905122,3.52938965,-3.53193830,0.02906467,-0.02901864,0.11595332,-0.11606313
-1.19759880,5.75270732,-5.75468492,0.56219153,-0.56226625,2.00379721,-2.00424791,0.01634008,-0.01624524,0.01207797,-0.01212214,0.13836753,-0.13844942,3.51853629,-3.52039558,0.02958034,-0.02952919,0.11710163,-0.11718671
-1.19159580,5.76738119,-5.76844733,0.56924907,-0.56932467,2.02330010,-2.02367272,0.01676935,-0.01667161,0.01195677,-0.01199494,0.13765895,-0.13774671,3.51152833,-3.51260833,0.03016210,-0.03010522,0.11821414,-0.11827178
-1.18559280,5.78444715,-5.78445624,0.57510036,-0.57516962,2.04007432,-2.04033706,0.01721667,-0.01711490,0.01189411,-0.01192537,0.13690431,-0.13699183,3.50912968,-3.50932935,0.03081460,-0.03075137,0.11928900,-0.11931609
-1.17958979,5.80489816,-5.80368829,0.57971821,-0.57977207,2.05416396,-2.05427699,0.01769131,-0.01758431,0.01189743,-0.01192078,0.13615794,-0.13623881,3.51220336,-3.51141331,0.03154222,-0.03147207,0.12033280,-0.12032591
-1.17358679,5.82996191,-5.82735922,0.58311815,-0.58314603,2.06576674,-2.06568312,0.01820301,-0.01808955,0.01197487,-0.01198924,0.13547806,-0.13554566,3.52169129,-3.51979697,0.03234905,-0.03227146,0.12136022,-0.12131575
-1.16758379,5.86106704,-5.85689118,0.58535700,-0.58534725,2.07522779,-2.07489486,0.01876169,-0.01864052,0.01213508,-0.01213937,0.13492532,-0.13497300,3.53858914,-3.53547459,0.03323865,-0.03315316,0.12239336,-0.12230770
-1.16158079,5.89979736,-5.89386762,0.58652965,-0.58647006,2.08302641,-2.08238750,0.01937723,-0.01924714,0.01238693,-0.01238003,0.13456128,-0.13458250,3.56391639,-3.55946838,0.03421387,-0.03412012,0.12346069,-0.12333035
-1.15557779,5.94783428,-5.93997658,0.58676427,-0.58664258,2.08975612,-2.08875264,0.02005919,-0.01991904,0.01273927,-0.01272007,0.13444672,-0.13443523,3.59868188,-3.59279447,0.03527670,-0.03517443,0.12459566,-0.12441746
-1.14957479,6.00688914,-5.99694356,0.58621596,-0.58602048,2.09609866,-2.09467240,0.02081654,-0.02066529,0.01320056,-0.01316799,0.13463986,-0.13458986,3.64384536,-3.63642477,0.03642803,-0.03631710,0.12583500,-0.12560621
-1.14357179,6.07862704,-6.06645574,0.58505927,-0.58477944,2.10279293,-2.10088860,0.02165743,-0.02149419,0.01377851,-0.01373161,0.13519459,-0.13510087,3.70027585,-3.69124556,0.03766746,-0.03754787,0.12721681,-0.12693536
-1.13756878,6.16458465,-6.15007998,0.58347979,-0.58310672,2.11060007,-2.10816791,0.02258889,-0.02241294,0.01447974,-0.01441763,0.13615865,-0.13601680,3.76870787,-3.75801376,0.03899309,-0.03886497,0.12877850,-0.12844313
-1.13156578,6.26608506,-6.24917752,0.58166521,-0.58119222,2.12026619,-2.11726462,0.02361659,-0.02342744,0.01530936,-0.01523133,0.13757195,-0.13737846,3.84969688,-3.83731230,0.04040131,-0.04026498,0.13055464,-0.13016504
-1.12556278,6.38415283,-6.36481866,0.57979626,-0.57921933,2.13248435,-2.12888249,0.02474462,-0.02454199,0.01627064,-0.01617616,0.13946493,-0.13921735,3.94357554,-3.92950606,0.04188669,-0.04174262,0.13257484,-0.13213177
-1.11955978,6.51943306,-6.49770100,0.57803795,-0.57735612,2.14785758,-2.14363754,0.02597523,-0.02575913,0.01736463,-0.01725339,0.14185711,-0.14155420,4.05041238,-4.03470016,0.04344176,-0.04329060,0.13486178,-0.13436719
-1.11355678,6.67211786,-6.64807495,0.57653157,-0.57574720,2.16686449,-2.16202341,0.02730861,-0.02707932,0.01858994,-0.01846188,0.14475592,-0.14439770,4.16997499,-4.15270229,0.04505699,-0.04489956,0.13742938,-0.13688648
-1.10755378,6.84188418,-6.81568013,0.57538763,-0.57450657,2.18982927,-2.18438090,0.02874271,-0.02850082,0.01994245,-0.01979777,0.14815573,-0.14774359,4.30169923,-4.28299119,0.04672065,-0.04655796,0.14028139,-0.13969466
-1.10155078,7.02784613,-6.99969602,0.57468036,-0.57371200,2.21689743,-2.21087325,0.03027306,-0.03001948,0.02141519,-0.02125439,0.15203720,-0.15157396,4.44466663,-4.42469284,0.04841886,-0.04825208,0.14341021,-0.14278539
-1.09554777,7.22852483,-7.19870992,0.57444379,-0.57340096,2.24801849,-2.24146822,0.03189262,-0.03162859,0.02299832,-0.02282219,0.15636710,-0.15585698,4.59759134,-4.57656623,0.05013562,-0.04996611,0.14679627,-0.14614033
-1.08954477,7.44183809,-7.41070457,0.57466967,-0.57356847,2.28293654,-2.27592810,0.03359168,-0.03331878,0.02467917,-0.02448879,0.16109835,-0.16054701,4.75881815,-4.73699993,0.05185294,-0.05168221,0.15040779,-0.14972881
-1.08354177,7.66511159,-7.63306711,0.57530740,-0.57416682,2.32118922,-2.31380801,0.03535781,-0.03507794,0.02644243,-0.02623917,0.16617059,-0.16558503,4.92633256,-4.90402072,0.05355104,-0.05338076,0.15420105,-0.15350812
-1.07753877,7.89511238,-7.86262033,0.57626581,-0.57510730,2.36211526,-2.35446285,0.03717584,-0.03689123,0.02827043,-0.02805592,0.17151116,-0.17089961,5.09778353,-5.07531483,0.05520863,-0.05504058,0.15812121,-0.15742423
-1.07153577,8.12810452,-8.09567615,0.57741685,-0.57626377,2.40487047,-2.39706261,0.03902793,-0.03874110,0.03014360,-0.02991968,0.17703636,-0.17640820,5.27051908,-5.24826204,0.05680324,-0.05663933,0.16210348,-0.16141297
-1.06553277,8.35992593,-8.32811039,0.57860088,-0.57747787,2.44845147,-2.44061561,0.04089369,-0.04060747,0.03204096,-0.03180965,0.18265330,-0.18201880,5.44163433,-5.41998234,0.05831163,-0.05815386,0.16607479,-0.16540165
-1.05952976,8.58608454,-8.55545711,0.57963345,-0.57856574,2.49172642,-2.48399865,0.04275042,-0.04246788,0.03394073,-0.03370418,0.18826189,-0.18763207,5.60803119,-5.58739427,0.05971034,-0.05956074,0.16995578,-0.16931107
-1.05352676,8.80187091,-8.77301966,0.58031308,-0.57932578,2.53347133,-2.52599303,0.04457339,-0.04429780,0.03582108,-0.03558148,0.19375730,-0.19314364,5.76648809,-5.74728369,0.06097617,-0.06083680,0.17366306,-0.17305771
-1.04752376,9.00248391,-8.97599527,0.58042988,-0.57954722,2.57241085,-2.56532489,0.04633623,-0.04607102,0.03766081,-0.03742035,0.19903258,-0.19844675,5.91373805,-5.89638098,0.06208679,-0.06195968,0.17711169,-0.17655626
-1.04152076,9.18316523,-9.15960878,0.57977443,-0.57901906,2.60726154,-2.60070845,0.04801142,-0.04776013,0.03944019,-0.03920094,0.20398150,-0.20343505,6.04655273,-6.03144457,0.06302136,-0.06290847,0.18021776,-0.17972215
-1.03551776,9.33933823,-9.31925126,0.57814673,-0.57753902,2.63677635,-2.63089032,0.04957084,-0.04933702,0.04114167,-0.04090556,0.20850141,-0.20800551,6.16182964,-6.14934800,0.06376113,-0.06366428,0.18290093,-0.18247417
-1.02951476,9.46674612,-9.45061853,0.57536467,-0.57492212,2.65978826,-2.65469332,0.05098639,-0.05077355,0.04275065,-0.04251935,0.21249627,-0.21206132,6.25667972,-6.24716766,0.06429005,-0.06421089,0.18508690,-0.18473692
-1.02351176,9.56158469,-9.54984462,0.57127181,-0.57100850,2.67525168,-2.67105801,0.05223070,-0.05204222,0.04425614,-0.04403100,0.21587943,-0.21551479,6.32851214,-6.32226817,0.06459530,-0.06453526,0.18670980,-0.18644319
-1.01750875,9.62062447,-9.61362534,0.56574415,-0.56567030,2.68227998,-2.67908061,0.05327783,-0.05311686,0.04565131,-0.04543331,0.21857635,-0.21829006,6.37511329,-6.37238229,0.06466782,-0.06462806,0.18771416,-0.18753605
-1.01150575,9.64131801,-9.63932728,0.55869555,-0.55881723,2.68017770,-2.67804567,0.05410404,-0.05397343,0.04693393,-0.04672361,0.22052707,-0.22032553,6.39471689,-6.39568224,0.06450266,-0.06448401,0.18805672,-0.18797063
-1.00550275,9.62188806,-9.62507828,0.55008177,-0.55040066,2.66846655,-2.66745259,0.05468847,-0.05459067,0.04810669,-0.04790413,0.22168827,-0.22157604,6.38606247,-6.39083986,0.06409933,-0.06410226,0.18770775,-0.18771551
-0.99949975,9.56139321,-9.56983568,0.53990289,-0.54041625,2.64690404,-2.64703491,0.05501385,-0.05495087,0.04917731,-0.04898209,0.22203500,-0.22201458,6.34844001,-6.35707303,0.06346190,-0.06348650,0.18665209,-0.18675378
-0.99349675,9.45976846,-9.47342978,0.52820415,-0.52890487,2.61549433,-2.61677190,0.05506714,-0.05504041,0.05015850,-0.04996971,0.22156184,-0.22163356,6.28171863,-6.29417637,0.06259907,-0.06264501,0.18488960,-0.18508358
-0.98749375,9.31783896,-9.33658060,0.51507520,-0.51595196,2.57449094,-2.57689193,0.05483995,-0.05485035,0.05106770,-0.05088394,0.22028358,-0.22044550,6.18635808,-6.20253502,0.06152404,-0.06159059,0.18243533,-0.18271825
-0.98149075,9.13730607,-9.16088715,0.50064775,-0.50168537,2.52439124,-2.52786777,0.05432903,-0.05437676,0.05192668,-0.05174612,0.21823531,-0.21848321,6.06340241,-6.08312043,0.06025422,-0.06034025,0.17931910,-0.17968601
-0.97548774,8.92070629,-8.94878935,0.48509194,-0.48627175,2.46592307,-2.47040397,0.05353644,-0.05362106,0.05276094,-0.05258135,0.21547183,-0.21579930,5.91445572,-5.93746832,0.05881085,-0.05891482,0.17558477,-0.17602924
-0.96948474,8.67134399,-8.70350376,0.46861138,-0.46991174,2.40002404,-2.40541676,0.05246963,-0.05259004,0.05359895,-0.05341778,0.21206659,-0.21246511,5.74164068,-5.76763926,0.05721843,-0.05733846,0.17128907,-0.17180336
-0.96348174,8.39320050,-8.42893527,0.45143720,-0.45283407,2.32781411,-2.33400740,0.05114140,-0.05129584,0.05447120,-0.05428567,0.20810984,-0.20856903,5.54754123,-5.57616326,0.05550406,-0.05563797,0.16650006,-0.16707532
-0.95747874,8.09082253,-8.12956777,0.43382130,-0.43528889,2.25056271,-2.25742973,0.04956959,-0.04975570,0.05540916,-0.05521637,0.20370638,-0.20421422,5.33513139,-5.36597010,0.05369672,-0.05384208,0.16129533,-0.16192179
-0.95147574,7.76919379,-7.81033759,0.41602903,-0.41754047,2.16965122,-2.17705322,0.04777667,-0.04799153,0.05644416,-0.05624119,0.19897265,-0.19951586,5.10769271,-5.14030805,0.05182643,-0.05198062,0.15575988,-0.15642714
-0.94547274,7.43359432,-7.47649411,0.39833151,-0.39985955,2.08653246,-2.09432267,0.04578917,-0.04602938,0.05760616,-0.05739022,0.19403350,-0.19459789,4.86872328,-4.90265375,0.04992337,-0.05008370,0.14998393,-0.15068117
-0.93946973,7.08945247,-7.13345239,0.38099794,-0.38251565,2.00268816,-2.01071594,0.04363699,-0.04389877,0.05892247,-0.05869101,0.18901853,-0.18958942,4.62184162,-4.65661648,0.04801709,-0.04818084,0.14406047,-0.14477673
-0.93346673,6.74219454,-6.78664291,0.36428800,-0.36576944,1.91958616,-1.92770120,0.04135260,-0.04163188,0.06041656,-0.06016741,0.18405815,-0.18462084,4.37068870,-4.40584025,0.04613566,-0.04630018,0.13808281,-0.13880727
-0.92746373,6.39709732,-6.44136357,0.34844470,-0.34986558,1.83863851,-1.84669496,0.03897019,-0.03926271,0.06210686,-0.06183833,0.17927965,-0.17981986,4.11883176,-4.15390715,0.04430489,-0.04446766,0.13214223,-0.13286443
-0.92146073,6.05914844,-6.10263900,0.33368776,-0.33502601,1.76116196,-1.76902231,0.03652474,-0.03682617,0.06400562,-0.06371666,0.17480313,-0.17530745,3.86967301,-3.90424525,0.04254768,-0.04270642,0.12632559,-0.12703567
-0.91545773,5.73291920,-5.77509173,0.32020782,-0.32144412,1.68834205,-1.69588067,0.03405117,-0.03435724,0.06611800,-0.06580827,0.17073764,-0.17119399,3.62636636,-3.66004412,0.04088348,-0.04103618,0.12071314,-0.12140207
-0.90945473,5.42245395,-5.46282955,0.30816157,-0.30927976,1.62120188,-1.62830814,0.03158347,-0.03189003,0.06844130,-0.06811122,0.16717763,-0.16757566,3.39174484,-3.42418083,0.03932786,-0.03947283,0.11537657,-0.11603635
-0.90345173,5.13117936,-5.16935231,0.29766794,-0.29865535,1.56057671,-1.56715752,0.02915388,-0.02945705,0.07096434,-0.07061521,0.16419978,-0.16453119,3.16826084,-3.19915841,0.03789222,-0.03802817,0.11037735,-0.11100111
-0.89744872,4.86183627,-4.89748116,0.28880549,-0.28965317,1.50709495,-1.51307665,0.02679224,-0.02708843,0.07366727,-0.07330123,0.16186037,-0.16211923,2.95794081,-2.98705871,0.03658372,-0.03670975,0.10576529,-0.10634749
-0.89144572,4.61643582,-4.64931180,0.28161098,-0.28231383,1.46116621,-1.46649581,0.02452536,-0.02481140,0.07652148,-0.07614155,0.16019337,-0.16037629,2.76235549,-2.78951064,0.03540532,-0.03552091,0.10157760,-0.10211403
-0.88544272,4.39624063,-4.42619275,0.27607928,-0.27663604,1.42297666,-1.42762236,0.02237656,-0.02264971,0.07948997,-0.07910000,0.15920920,-0.15931546,2.58260590,-2.60767421,0.03435597,-0.03446101,0.09783827,-0.09832613
-0.87943972,4.20177081,-4.22872866,0.27216449,-0.27257764,1.39249181,-1.39644281,0.02036535,-0.02062336,0.08252801,-0.08213258,0.15889439,-0.15892595,2.41932512,-2.44224041,0.03343095,-0.03352569,0.09455783,-0.09499573
-0.87343672,4.03283399,-4.05680757,0.26978227,-0.27005781,1.36946633,-1.37273197,0.01850724,-0.01874834,0.08558406,-0.08518842,0.15921201,-0.15917345,2.27269473,-2.29344592,0.03262234,-0.03270736,0.09173364,-0.09212152
-0.86743372,3.88857706,-3.90965040,0.26881327,-0.26896044,1.35346058,-1.35606887,0.01681365,-0.01703659,0.08860113,-0.08821100,0.16010302,-0.16000136,2.14247495,-2.16110164,0.03191954,-0.03199571,0.08935045,-0.08968953
-0.86143072,3.76755731,-3.78588001,0.26910763,-0.26913846,1.34386308,-1.34585861,0.01529197,-0.01549598,0.09151829,-0.09113975,0.16148843,-0.16133286,2.02804635,-2.04463314,0.03130996,-0.03137835,0.08738146,-0.08767411
-0.85542771,3.66782940,-3.68360651,0.27049015,-0.27041907,1.33991788,-1.34135937,0.01394575,-0.01413050,0.09427256,-0.09391182,0.16327220,-0.16307374,1.92846126,-1.94313104,0.03077962,-0.03084146,0.08578964,-0.08603922
-0.84942471,3.58704436,-3.60052514,0.27276626,-0.27260951,1.34075578,-1.34171319,0.01277488,-0.01294050,0.09680087,-0.09646406,0.16534476,-0.16511585,1.84250240,-1.85540889,0.03031384,-0.03037045,0.08452940,-0.08474011
-0.84342171,3.52255657,-3.53402252,0.27572828,-0.27550340,1.34542815,-1.34597962,0.01177601,-0.01192295,0.09904221,-0.09873520,0.16758712,-0.16734115,1.76874611,-1.78006602,0.02989789,-0.02995063,0.08354845,-0.08372512
-0.83741871,3.47153423,-3.48128692,0.27916187,-0.27888712,1.35294188,-1.35317050,0.01094284,-0.01107189,0.10093980,-0.10066791,0.16987528,-0.16962608,1.70562774,-1.71555284,0.02951762,-0.02956780,0.08278986,-0.08293775
-0.83141571,3.43106916,-3.43941822,0.28285250,-0.28254632,1.36229411,-1.36228483,0.01026656,-0.01037879,0.10244318,-0.10221105,0.17208483,-0.17184613,1.65150666,-1.66023601,0.02915994,-0.02920876,0.08219419,-0.08231877
-0.82541271,3.39828167,-3.40553350,0.28659155,-0.28627198,1.37250552,-1.37234203,0.00973632,-0.00983299,0.10351021,-0.10332153,0.17409548,-0.17388049,1.60472843,-1.61246106,0.02881329,-0.02886181,0.08170159,-0.08180838
-0.81940970,3.37041684,-3.37686436,0.29018190,-0.28986613,1.38265064,-1.38241267,0.00933960,-0.00942212,0.10410881,-0.10396621,0.17579553,-0.17561633,1.56368213,-1.57061049,0.02846794,-0.02851707,0.08125389,-0.08134822
-0.81340670,3.34492898,-3.35084266,0.29344288,-0.29314677,1.39188437,-1.39164523,0.00906270,-0.00913257,0.10421842,-0.10412330,0.17708573,-0.17695294,1.52685104,-1.53315520,0.02811624,-0.02816664,0.08079650,-0.08088336
-0.80740370,3.31955152,-3.32517212,0.29621429,-0.29595204,1.39946360,-1.39928818,0.00889111,-0.00894987,0.10383104,-0.10378347,0.17788277,-0.17780511,1.49285522,-1.49869819,0.02775268,-0.02780483,0.08028010,-0.08036400
-0.80140070,3.29235072,-3.29788367,0.29835950,-0.29814333,1.40476339,-1.40470665,0.00880991,-0.00885911,0.10295190,-0.10295059,0.17812191,-0.17810598,1.46048498,-1.46600903,0.02737390,-0.02742801,0.07966207,-0.07974689
-0.79539770,3.26176183,-3.26737358,0.29976751,-0.29960747,1.40728731,-1.40739325,0.00880413,-0.00884525,0.10159959,-0.10164188,0.17775893,-0.17780895,1.42872471,-1.43404895,0.02697851,-0.02703462,0.07890760,-0.07899649
-0.78939470,3.22660771,-3.23242383,0.30035396,-0.30025781,1.40667183,-1.40697302,0.00885906,-0.00889353,0.09980578,-0.09988768,0.17677114,-0.17688888,1.39676693,-1.40198592,0.02656693,-0.02662485,0.07799040,-0.07808577
-0.78339170,3.18610022,-3.19220532,0.30006112,-0.30003431,1.40268505,-1.40320259,0.00896052,-0.00898965,0.09761439,-0.09773070,0.17515744,-0.17534221,1.36401680,-1.36920027,0.02614107,-0.02620045,0.07689317,-0.07699662
-0.77738869,3.13982578,-3.14626508,0.29885701,-0.29890270,1.39522016,-1.39596416,0.00909515,-0.00912011,0.09508035,-0.09522479,0.17293760,-0.17318636,1.33008769,-1.33528128,0.02570396,-0.02576430,0.07560756,-0.07571990
-0.77138569,3.08771700,-3.09449933,0.29673369,-0.29685286,1.38428437,-1.38525483,0.00925056,-0.00927240,0.09226795,-0.09243335,0.17015068,-0.17045821,1.29478895,-1.30001582,0.02525941,-0.02532012,0.07413395,-0.07425523
-0.76538269,3.03001278,-3.03711471,0.29370489,-0.29389653,1.36998428,-1.37117227,0.00941554,-0.00943513,0.08924883,-0.08942734,0.16685272,-0.16721191,1.25810699,-1.26337008,0.02481161,-0.02487203,0.07248077,-0.07261035
-0.75937969,2.96720964,-2.97458058,0.28980320,-0.29006452,1.35250866,-1.35389773,0.00958018,-0.00959825,0.08609973,-0.08628309,0.16311392,-0.16351605,1.22018105,-1.22546600,0.02436475,-0.02442417,0.07066367,-0.07080029
-0.75337669,2.90000743,-2.90757530,0.28507701,-0.28540366,1.33210972,-1.33367754,0.00973596,-0.00975307,0.08290009,-0.08307987,0.15901532,-0.15945048,1.18127545,-1.18655380,0.02392269,-0.02398044,0.06870441,-0.06884634
-0.74737369,2.82925240,-2.83692957,0.27958730,-0.27997364,1.30908405,-1.31080404,0.00987584,-0.00989239,0.07972955,-0.07989742,0.15464535,-0.15510282,1.14174958,-1.14698226,0.02348868,-0.02354412,0.06662966,-0.06677475
-0.74137069,2.75588056,-2.76356985,0.27340450,-0.27384387,1.28375426,-1.28559722,0.00999424,-0.01001049,0.07666550,-0.07681351,0.15009623,-0.15056488,1.10202744,-1.10716824,0.02306516,-0.02311771,0.06446964,-0.06461550
-0.73536768,2.68086420,-2.68846459,0.26660562,-0.26709059,1.25645222,-1.25838788,0.01008710,-0.01010315,0.07378080,-0.07390160,0.14546057,-0.14592928,1.06256803,-1.06756700,0.02265356,-0.02270274,0.06225681,-0.06240091
-0.72936468,2.60516379,-2.61257557,0.25927164,-0.25979426,1.22750464,-1.22950303,0.01015179,-0.01016766,0.07114166,-0.07122873,0.14082817,-0.14128617,1.02383789,-1.02864444,0.02225431,-0.02229973,0.06002456,-0.06016432
-0.72336168,2.52968715,-2.53681648,0.25148540,-0.25203739,1.19722168,-1.19925428,0.01018712,-0.01020267,0.06880589,-0.06885374,0.13628335,-0.13672055,0.98628689,-0.99085255,0.02186678,-0.02190819,0.05780596,-0.05793892
-0.71735868,2.45525736,-2.46201988,0.24332986,-0.24390280,1.16588882,-1.16792944,0.01019320,-0.01020823,0.06682150,-0.06682578,0.13190266,-0.13230993,0.95032801,-0.95460877,0.02148941,-0.02152665,0.05563271,-0.05575657
-0.71135568,2.38259005,-2.38891362,0.23488689,-0.23547237,1.13376210,-1.13578754,0.01017139,-0.01018561,0.06522573,-0.06518335,0.12775335,-0.12812270,0.91632181,-0.92027983,0.02111984,-0.02115287,0.05353425,-0.05364698
-0.70535268,2.31228051,-2.31810694,0.22623649,-0.22682623,1.10106686,-1.10305722,0.01012418,-0.01013722,0.06404454,-0.06395369,0.12389234,-0.12421705,0.88456568,-0.88817058,0.02075512,-0.02078400,0.05153703,-0.05163691
-0.69934967,2.24480011,-2.25008588,0.21745639,-0.21804232,1.06799934,-1.06993814,0.01005506,-0.01006651,0.06329256,-0.06315271,0.12036594,-0.12064061,0.85528807,-0.85851760,0.02039194,-0.02041680,0.04966407,-0.04974971
-0.69334667,2.18050144,-2.18521756,0.20862201,-0.20919632,1.03473106,-1.03660505,0.00996841,-0.00997783,0.06297352,-0.06278535,0.11721007,-0.11743061,0.82864741,-0.83148761,0.02002689,-0.02004794,0.04793468,-0.04800506
-0.68734367,2.11963099,-2.12376197,0.19980659,-0.20036179,1.00141512,-1.00321393,0.00986941,-0.00987630,0.06308112,-0.06284639,0.11445113,-0.11461468,0.80473536,-0.80718020,0.01965676,-0.01967422,0.04636445,-0.04641890
-0.68134067,2.06234783,-2.06588997,0.19108153,-0.19161043,0.96819394,-0.96990958,0.00976389,-0.00976775,0.06360026,-0.06332164,0.11210721,-0.11221202,0.78358369,-0.78563433,0.01927874,-0.01929288,0.04496542,-0.04500356
-0.67533767,2.00874670,-2.01170581,0.18251671,-0.18301247,0.93520772,-0.93683392,0.00965826,-0.00965855,0.06450862,-0.06418951,0.11018976,-0.11023499,0.76517415,-0.76683781,0.01889072,-0.01890180,0.04374640,-0.04376815
-0.66933467,1.95888370,-1.96127244,0.17418082,-0.17463694,0.90260285,-0.90413440,0.00955941,-0.00955558,0.06577850,-0.06542278,0.10870538,-0.10869088,0.74945051,-0.75073910,0.01849147,-0.01849970,0.04271351,-0.04271897
-0.66333167,1.91280272,-1.91463778,0.16614151,-0.16655183,0.87053974,-0.87197178,0.00947468,-0.00946614,0.06737882,-0.06699060,0.10765773,-0.10758384,0.73633180,-0.73726040,0.01808080,-0.01808635,0.04187077,-0.04186019
-0.65732866,1.87056102,-1.87186020,0.15846542,-0.15882415,0.83919949,-0.84052684,0.00941176,-0.00939791,0.06927718,-0.06886054,0.10704944,-0.10691675,0.72572600,-0.72631126,0.01765965,-0.01766264,0.04122074,-0.04119440
-0.65132566,1.83225224,-1.83303172,0.15121792,-0.15151968,0.80878887,-0.81000547,0.00937868,-0.00935888,0.07144190,-0.07100066,0.10688381,-0.10669292,0.71754326,-0.71780185,0.01723017,-0.01723065,0.04076523,-0.04072341
-0.64532266,1.79802551,-1.79829748,0.14446266,-0.14470251,0.77954340,-0.78064183,0.00938377,-0.00935733,0.07384394,-0.07338141,0.10716629,-0.10691765,0.71170785,-0.71165502,0.01679572,-0.01679364,0.04050595,-0.04044884
-0.63931966,1.76809968,-1.76787029,0.13826084,-0.13843435,0.75172819,-0.75269936,0.00943566,-0.00940186,0.07645862,-0.07597739,0.10790562,-0.10759933,0.70816825,-0.70781665,0.01636077,-0.01635601,0.04044510,-0.04037271
-0.63331666,1.74277167,-1.74203969,0.13267026,-0.13277359,0.72563667,-0.72646962,0.00954321,-0.00950130,0.07926698,-0.07876879,0.10911452,-0.10875025,0.70690480,-0.70626350,0.01593081,-0.01592316,0.04058582,-0.04049799
-0.62731366,1.72241876,-1.72117474,0.12774417,-0.12777417,0.70158699,-0.70226892,0.00971555,-0.00966469,0.08225684,-0.08174247,0.11081001,-0.11038689,0.70793444,-0.70700836,0.01551218,-0.01550136,0.04093259,-0.04082891
-0.62131066,1.70749441,-1.70572060,0.12353000,-0.12348430,0.67991656,-0.68043298,0.00996196,-0.00990129,0.08542340,-0.08489258,0.11301320,-0.11252983,0.71131243,-0.71010208,0.01511187,-0.01509757,0.04149135,-0.04137118
-0.61530765,1.69851799,-1.69618892,0.12006795,-0.11994510,0.66097483,-0.66130987,0.01029183,-0.01022046,0.08876937,-0.08822084,0.11574871,-0.11520319,0.71713088,-0.71563249,0.01473732,-0.01471915,0.04226949,-0.04213197
-0.60930465,1.69605892,-1.69314265,0.11738965,-0.11718919,0.64511467,-0.64525151,0.01071458,-0.01063159,0.09230469,-0.09173624,0.11904360,-0.11843363,0.72551419,-0.72372023,0.01439611,-0.01437367,0.04327569,-0.04311977
-0.60330165,1.70071594,-1.69717584,0.11551677,-0.11523940,0.63268281,-0.63260430,0.01123949,-0.01114395,0.09604572,-0.09545434,0.12292611,-0.12224909,0.73661171,-0.73451173,0.01409574,-0.01406866,0.04451950,-0.04434399
-0.59729865,1.71309251,-1.70888966,0.11445988,-0.11410748,0.62400983,-0.62369908,0.01187557,-0.01176658,0.10001410,-0.09939614,0.12742393,-0.12667719,0.75058796,-0.74816974,0.01384340,-0.01381130,0.04601078,-0.04581444
-0.59129565,1.73376966,-1.72886550,0.11421743,-0.11379318,0.61939999,-0.61884110,0.01263131,-0.01250801,0.10423516,-0.10358657,0.13256253,-0.13174346,0.76761091,-0.76486183,0.01364565,-0.01360822,0.04775905,-0.04754068
-0.58529265,1.76327747,-1.75763676,0.11477501,-0.11428341,0.61912159,-0.61830034,0.01351444,-0.01337606,0.10873618,-0.10805278,0.13836317,-0.13746951,0.78783899,-0.78474760,0.01350829,-0.01346528,0.04977263,-0.04953117
-0.57928964,1.80206662,-1.79566047,0.11610496,-0.11555183,0.62339797,-0.62230253,0.01453166,-0.01437757,0.11354433,-0.11282206,0.14484118,-0.14387122,0.81140751,-0.80796510,0.01343610,-0.01338737,0.05205781,-0.05179245
-0.57328664,1.85048139,-1.84329019,0.11816632,-0.11755881,0.63239986,-0.63102145,0.01568833,-0.01551805,0.11868466,-0.11791987,0.15200415,-0.15095694,0.83841507,-0.83461731,0.01343273,-0.01337824,0.05461793,-0.05432821
-0.56728364,1.90873537,-1.90075150,0.12090517,-0.12025164,0.64623913,-0.64457253,0.01698809,-0.01680139,0.12417805,-0.12336776,0.15985045,-0.15872606,0.86891083,-0.86475930,0.01350058,-0.01344041,0.05745256,-0.05713846
-0.56128064,1.97689106,-1.96812123,0.12425541,-0.12356532,0.66496426,-0.66300829,0.01843262,-0.01822950,0.13003931,-0.12918147,0.16836801,-0.16716768,0.90288326,-0.89838672,0.01364073,-0.01357509,0.06055668,-0.06021875
-0.55527764,2.05484444,-2.04531149,0.12813988,-0.12742366,0.68855772,-0.68631556,0.02002121,-0.01980199,0.13627561,-0.13536926,0.17753343,-0.17625972,0.94025088,-0.93542636,0.01385293,-0.01378219,0.06392011,-0.06355948
-0.54927464,2.14231507,-2.13205919,0.13247190,-0.13174070,0.71693531,-0.71441467,0.02175054,-0.02151587,0.14288511,-0.14193058,0.18731146,-0.18596840,0.98085561,-0.97572915,0.01413567,-0.01406028,0.06752702,-0.06714548
-0.54327164,2.23884246,-2.22792168,0.13715715,-0.13642262,0.74994744,-0.74716055,0.02361435,-0.02336526,0.14985616,-0.14885511,0.19765490,-0.19624803,1.02445905,-1.01906606,0.01448620,-0.01440677,0.07135572,-0.07095574
-0.53726863,2.34378877,-2.33227876,0.14209576,-0.14136982,0.78738222,-0.78434576,0.02560330,-0.02534123,0.15716687,-0.15612230,0.20850493,-0.20704133,1.07074192,-1.06512713,0.01490069,-0.01481791,0.07537872,-0.07496338
-0.53126563,2.45634786,-2.44434097,0.14718477,-0.14647926,0.82897034,-0.82570510,0.02770481,-0.02743159,0.16478514,-0.16370140,0.21979177,-0.21828002,1.11930680,-1.11352382,0.01537437,-0.01528903,0.07956298,-0.07913600
-0.52526263,2.57556033,-2.56316395,0.15232053,-0.15164696,0.87439138,-0.87092186,0.02990303,-0.02962088,0.17266933,-0.17155193,0.23143574,-0.22988583,1.16968407,-1.16379453,0.01590172,-0.01581466,0.08387056,-0.08343615
-0.51925963,2.70033401,-2.68766825,0.15740133,-0.15677059,0.92328127,-0.91963518,0.03217888,-0.03189045,0.18076923,-0.17962469,0.24334861,-0.24177183,1.22134087,-1.21541318,0.01647667,-0.01638875,0.08825945,-0.08782221
-0.51325663,2.82946908,-2.81666390,0.16232988,-0.16175193,0.97524077,-0.97144841,0.03451028,-0.03421854,0.18902756,-0.18786319,0.25543519,-0.25384393,1.27369276,-1.26780052,0.01709279,-0.01700488,0.09268466,-0.09224948
-0.50725363,2.96168682,-2.94887873,0.16701574,-0.16649940,1.02984444,-1.02593800,0.03687239,-0.03658063,0.19738182,-0.19620539,0.26759515,-0.26600270,1.32611761,-1.32033779,0.01774355,-0.01765648,0.09709962,-0.09667148
-0.50125063,3.09566102,-3.08298943,0.17137751,-0.17093020,1.08664991,-1.08266277,0.03923803,-0.03894978,0.20576637,-0.20458585,0.27972490,-0.27814520,1.37797119,-1.37238204,0.01842246,-0.01833701,0.10145766,-0.10104146
-0.49524762,3.23005071,-3.21765413,0.17534479,-0.17497234,1.14520705,-1.14117306,0.04157817,-0.04129717,0.21411473,-0.21293790,0.29171964,-0.29016699,1.42860394,-1.42328280,0.01912335,-0.01904019,0.10571365,-0.10531402
-0.48924462,3.36353328,-3.35154549,0.17885975,-0.17856629,1.20506682,-1.20101961,0.04386259,-0.04359264,0.22236195,-0.22119611,0.30347530,-0.30196407,1.47737818,-1.47239929,0.01984048,-0.01976016,0.10982574,-0.10944685
-0.48324162,3.49483660,-3.48338289,0.18187834,-0.18166620,1.26578955,-1.26176183,0.04606051,-0.04580540,0.23044695,-0.22929856,0.31489054,-0.31343489,1.52368526,-1.51911750,0.02056875,-0.02049166,0.11375701,-0.11340239
-0.47723862,3.62276934,-3.61196305,0.18437113,-0.18424081,1.32695230,-1.32297533,0.04814134,-0.04790478,0.23831474,-0.23718916,0.32586864,-0.32448213,1.56696193,-1.56286679,0.02130378,-0.02123018,0.11747716,-0.11714952
-0.47123562,3.74624838,-3.73618773,0.18632369,-0.18627386,1.38815539,-1.38425841,0.05007552,-0.04986100,0.24591847,-0.24481965,0.33631921,-0.33501459,1.60670546,-1.60313513,0.02204209,-0.02197202,0.12096396,-0.12066503
-0.46523262,3.86432262,-3.85508809,0.18773650,-0.18776408,1.44902778,-1.44523757,0.05183525,-0.05164595,0.25322113,-0.25215145,0.34615989,-0.34494871,1.64248698,-1.63948274,0.02278110,-0.02271442,0.12420455,-0.12393498
-0.45922961,3.97619249,-3.96784468,0.18862455,-0.18872480,1.50923123,-1.50557181,0.05339529,-0.05323398,0.26019695,-0.25915705,0.35531774,-0.35421011,1.67396264,-1.67155358,0.02351925,-0.02345564,0.12719641,-0.12695566
-0.45322661,4.08122485,-4.07380299,0.18901646,-0.18918314,1.56846347,-1.56495579,0.05473367,-0.05460262,0.26683242,-0.26582109,0.36373055,-0.36273490,1.70088226,-1.69908432,0.02425601,-0.02419494,0.12994811,-0.12973438
-0.44722361,4.17896278,-4.17248389,0.18895332,-0.18917889,1.62646003,-1.62312184,0.05583231,-0.05573325,0.27312678,-0.27214099,0.37134792,-0.37047073,1.72309526,-1.72191070,0.02499186,-0.02493263,0.13247953,-0.13228982
-0.44122061,4.26913029,-4.26358896,0.18848725,-0.18876303,1.68299504,-1.67984078,0.05667762,-0.05661163,0.27909222,-0.27812713,0.37813210,-0.37737778,1.74055371,-1.73997099,0.02572831,-0.02567003,0.13482186,-0.13465193
-0.43521761,4.35163185,-4.34700075,0.18767964,-0.18799608,1.73788096,-1.73492174,0.05726082,-0.05722833,0.28475347,-0.28380259,0.38405868,-0.38342939,1.75331251,-1.75330657,0.02646781,-0.02640946,0.13701704,-0.13686153
-0.42921461,4.42654687,-4.42277786,0.18659934,-0.18694624,1.79096728,-1.78821091,0.05757827,-0.05757902,0.29014710,-0.28920245,0.38911695,-0.38861253,1.76152664,-1.76205965,0.02721371,-0.02715416,0.13911682,-0.13896938
-0.42321161,4.49411942,-4.49114527,0.18532059,-0.18568734,1.84213828,-1.83958938,0.05763155,-0.05766461,0.29532029,-0.29437270,0.39331009,-0.39292804,1.76544578,-1.76646817,0.02797016,-0.02790818,0.14118145,-0.14103489
-0.41720860,4.55474335,-4.55248003,0.18392102,-0.18429685,1.89130997,-1.88897010,0.05742742,-0.05749120,0.30032932,-0.29936869,0.39665500,-0.39639054,1.76540623,-1.76685819,0.02874197,-0.02867629,0.14327789,-0.14312441
-0.41120560,4.60894347,-4.60729288,0.18247952,-0.18285374,1.93842624,-1.93629409,0.05697759,-0.05706990,0.30523764,-0.30425332,0.39918194,-0.39902807,1.76182063,-1.76363382,0.02953446,-0.02946379,0.14547777,-0.14530921
-0.40520260,4.65735296,-4.65620616,0.18107424,-0.18143648,1.98345438,-1.98152598,0.05629839,-0.05641648,0.31011368,-0.30909487,0.40093380,-0.40088148,1.75516557,-1.75726518,0.03035324,-0.03027635,0.14785498,-0.14766306
-0.39919960,4.70068787,-4.69992853,0.17978062,-0.18012104,2.02637999,-2.02464900,0.05541021,-0.05555089,0.31502848,-0.31396464,0.40196507,-0.40200346,1.74596753,-1.74827444,0.03120401,-0.03111975,0.15048311,-0.15025974
-0.39319660,4.73971918,-4.73922733,0.17866959,-0.17897909,2.06720157,-2.06565956,0.05433696,-0.05449667,0.32005307,-0.31893432,0.40234053,-0.40245723,1.73478745,-1.73722063,0.03209229,-0.03199967,0.15343264,-0.15317022
-0.38719360,4.77524331,-4.77489922,0.17780592,-0.17807632,2.10592489,-2.10456168,0.05310525,-0.05328018,0.32525576,-0.32407336,0.40213363,-0.40231503,1.72220446,-1.72468335,0.03302313,-0.03292132,0.15676823,-0.15645994
-0.38119060,4.80805188,-4.80773991,0.17724678,-0.17747099,2.14255737,-2.14136143,0.05174370,-0.05192987,0.33069949,-0.32944620,0.40142461,-0.40165628,1.70879899,-1.71124590,0.03400077,-0.03388922,0.16054595,-0.16018605
-0.37518759,4.83890169,-4.83851409,0.17704055,-0.17721270,2.17710276,-2.17606160,0.05028199,-0.05047541,0.33643910,-0.33510959,0.40029840,-0.40056545,1.69513592,-1.69747835,0.03502831,-0.03490675,0.16481070,-0.16439479
-0.36918459,4.86848598,-4.86792648,0.17722589,-0.17734146,2.20955651,-2.20865708,0.04875010,-0.04894687,0.34251890,-0.34111006,0.39884235,-0.39912985,1.68174813,-1.68392093,0.03610740,-0.03597590,0.16959394,-0.16911919
-0.36318159,4.89740816,-4.89659517,0.17783120,-0.17788708,2.23990199,-2.23913115,0.04717741,-0.04737381,0.34897034,-0.34748157,0.39714386,-0.39743728,1.66912097,-1.67106829,0.03723788,-0.03709688,0.17491174,-0.17437707
-0.35717859,4.92615903,-4.92502841,0.17887430,-0.17886885,2.26810811,-2.26745303,0.04559193,-0.04578454,0.35581013,-0.35424352,0.39528804,-0.39557366,1.65767820,-1.65935511,0.03841751,-0.03826783,0.18076331,-0.18016957
-0.35117559,4.95509872,-4.95360602,0.18036264,-0.18029567,2.29412857,-2.29357713,0.04401952,-0.04420530,0.36303871,-0.36139919,0.39335544,-0.39362070,1.64776974,-1.64914353,0.03964170,-0.03948458,0.18713012,-0.18648014
-0.34517259,4.98444437,-4.98256629,0.18229373,-0.18216650,2.31790303,-2.31744416,0.04248330,-0.04265966,0.37063933,-0.36893464,0.39141997,-0.39165382,1.63966189,-1.64071296,0.04090333,-0.04074042,0.19397564,-0.19327421
-0.33916958,5.01426442,-5.01199962,0.18465610,-0.18447122,2.33936056,-2.33898449,0.04100306,-0.04116794,0.37857767,-0.37681828,0.38954714,-0.38974032,1.63353019,-1.63425250,0.04219271,-0.04202603,0.20124572,-0.20049959
-0.33316658,5.04448028,-5.04184923,0.18743064,-0.18719194,2.35842524,-2.35812370,0.03959488,-0.03974674,0.38680214,-0.38500106,0.38779268,-0.38793791,1.62945550,-1.62985656,0.04349755,-0.04332948,0.20886969,-0.20808738
-0.32716358,5.07487559,-5.07191964,0.19059224,-0.19030460,2.37502422,-2.37479045,0.03827081,-0.03840871,0.39524493,-0.39341740,0.38620159,-0.38629374,1.62742333,-1.62752372,0.04480313,-0.04463635,0.21676216,-0.21595381
-0.32116058,5.10511324,-5.10189281,0.19411185,-0.19378101,2.38909775,-2.38892646,0.03703877,-0.03716233,0.40382373,-0.40198679,0.38480780,-0.38484389,1.62732667,-1.62715907,0.04609257,-0.04593000,0.22482545,-0.22400250
-0.31515758,5.13475971,-5.13135159,0.19795880,-0.19759108,2.40061113,-2.40049827,0.03590254,-0.03601193,0.41244422,-0.41061620,0.38363427,-0.38361344,1.62897227,-1.62858006,0.04734723,-0.04719193,0.23295264,-0.23212752
-0.30915458,5.16331590,-5.15980985,0.20210329,-0.20170534,2.40956786,-2.40951031,0.03486191,-0.03495782,0.42100315,-0.41920305,0.38269373,-0.38261709,1.63209018,-1.63152566,0.04854724,-0.04840232,0.24103100,-0.24021677
-0.30315158,5.19025324,-5.18674790,0.20651903,-0.20609751,2.41602345,-2.41601856,0.03391294,-0.03399655,0.42939202,-0.42763885,0.38198987,-0.38186031,1.63634629,-1.63566855,0.04967212,-0.04954064,0.24894591,-0.24815580
-0.29714857,5.21505344,-5.21165178,0.21118578,-0.21074707,2.42009905,-2.42014412,0.03304842,-0.03312127,0.43750116,-0.43581326,0.38151896,-0.38134085,1.64135738,-1.64062989,0.05070152,-0.05058638,0.25658481,-0.25583186
-0.29114557,5.23724985,-5.23405436,0.21609178,-0.21564169,2.42199403,-2.42208574,0.03225831,-0.03232228,0.44522415,-0.44361840,0.38127187,-0.38105072,1.64670809,-1.64599617,0.05161602,-0.05151982,0.26384133,-0.26313790
-0.28514257,5.25646841,-5.25357611,0.22123588,-0.22077934,2.42199654,-2.42213034,0.03153038,-0.03158760,0.45246220,-0.45095336,0.38123620,-0.38097826,1.65196904,-1.65133721,0.05239789,-0.05232285,0.27061911,-0.26997648
-0.27913957,5.27246558,-5.26996331,0.22662915,-0.22617003,2.42049111,-2.42066071,0.03085086,-0.03090357,0.45912858,-0.45772857,0.38139848,-0.38111039,1.65671544,-1.65622484,0.05303196,-0.05297980,0.27683538,-0.27626340
-0.27313657,5.28516127,-5.28312121,0.23229596,-0.23183685,2.41796256,-2.41815940,0.03020510,-0.03025563,0.46515255,-0.46386988,0.38174632,-0.38143468,1.66054518,-1.66025113,0.05350630,-0.05347817,0.28242396,-0.28193071
-0.26713357,5.29466421,-5.29314011,0.23827430,-0.23781641,2.41499519,-2.41520814,0.02957829,-0.02962890,0.47048291,-0.46932214,0.38227019,-0.38194119,1.66309571,-1.66304549,0.05381294,-0.05380930,0.28733764,-0.28692917
-0.26113057,5.30128823,-5.30031239,0.24461531,-0.24415844,2.41226705,-2.41248219,0.02895613,-0.02900898,0.47509067,-0.47405210,0.38296485,-0.38262397,1.66405885,-1.66428990,0.05394836,-0.05396899,0.29154971,-0.29122990
-0.25512756,5.30555772,-5.30513891,0.25138192,-0.25092449,2.41053867,-2.41073935,0.02832547,-0.02838249,0.47897099,-0.47805037,0.38383021,-0.38348192,1.66319289,-1.66373132,0.05391387,-0.05395782,0.29505467,-0.29482513
-0.24912456,5.30820144,-5.30832394,0.25864659,-0.25818578,2.41063638,-2.41080339,0.02767482,-0.02773767,0.48214398,-0.48133251,0.38487160,-0.38451920,1.66033142,-1.66119105,0.05371583,-0.05378141,0.29786796,-0.29772803
-0.24312156,5.31013429,-5.31075804,0.26648819,-0.26602021,2.41343034,-2.41354240,0.02699485,-0.02706486,0.48465446,-0.48393891,0.38609929,-0.38574479,1.65538838,-1.65657034,0.05336564,-0.05345045,0.30002478,-0.29997165
-0.23711856,5.31242733,-5.31348924,0.27498815,-0.27450845,2.41980781,-2.41984220,0.02627872,-0.02635686,0.48657067,-0.48593363,0.38752743,-0.38717155,1.64835942,-1.64985218,0.05287950,-0.05298053,0.30157803,-0.30160695
-0.23111556,5.31626701,-5.31768333,0.28422586,-0.28372955,2.43064255,-2.43057597,0.02552230,-0.02560915,0.48798177,-0.48740217,0.38917233,-0.38881454,1.63931929,-1.64109929,0.05227804,-0.05239171,0.30259545,-0.30269999
-0.22511256,5.32290517,-5.32457493,0.29427367,-0.29375593,2.44676131,-2.44657084,0.02472428,-0.02482001,0.48899450,-0.48844823,0.39105022,-0.39068894,1.62841564,-1.63044836,0.05158574,-0.05170801,0.30315611,-0.30332849
-0.21910955,5.33360190,-5.33541112,0.30519166,-0.30464816,2.46890863,-2.46857288,0.02388610,-0.02399051,0.48972884,-0.48918952,0.39317472,-0.39280746,1.61585958,-1.61810104,0.05083012,-0.05095665,0.30334642,-0.30357793
-0.21310655,5.34956393,-5.35139050,0.31702234,-0.31644966,2.49771158,-2.49721179,0.02301183,-0.02312436,0.49031317,-0.48975303,0.39555399,-0.39517767,1.60191355,-1.60431219,0.05004090,-0.05016716,0.30325581,-0.30353719
-0.20710355,5.37188130,-5.37360024,0.32978566,-0.32918174,2.53364569,-2.53296692,0.02210790,-0.02222766,0.49087884,-0.49026965,0.39818804,-0.39779925,1.58687720,-1.58937597,0.04924898,-0.04937043,0.30297234,-0.30329426
-0.20110055,5.40146543,-5.40295439,0.34347462,-0.34283909,2.57700393,-2.57613608,0.02118271,-0.02130854,0.49155458,-0.49086873,0.40106615,-0.40066145,1.57107205,-1.57361073,0.04848541,-0.04859765,0.30257848,-0.30293190
-0.19509755,5.43899174,-5.44013633,0.35805152,-0.35738604,2.62786990,-2.62680870,0.02024621,-0.02037674,0.49246102,-0.49167246,0.40416480,-0.40374103,1.55482568,-1.55734322,0.04778032,-0.04787923,0.30214712,-0.30252370
-0.18909455,5.48484953,-5.48554839,0.37344543,-0.37275387,2.68609695,-2.68484468,0.01930945,-0.01944314,0.49370540,-0.49279066,0.40744617,-0.40700067,1.53845637,-1.54089319,0.04716189,-0.04724379,0.30173818,-0.30213061
-0.18309155,5.53910197,-5.53927128,0.38955077,-0.38883929,2.75129419,-2.74986026,0.01838402,-0.01851925,0.49537687,-0.49431597,0.41085741,-0.41038828,1.52225870,-1.52455891,0.04665537,-0.04671715,0.30139586,-0.30179816
-0.17708854,5.60145826,-5.60103551,0.40622724,-0.40550436,2.82282052,-2.82122172,0.01748156,-0.01761669,0.49754246,-0.49631973,0.41433077,-0.41383697,1.50649106,-1.50860442,0.04628219,-0.04632145,0.30114672,-0.30155439
-0.17108554,5.67125956,-5.67020649,0.42330126,-0.42257766,2.89978725,-2.89804774,0.01661330,-0.01674672,0.50024405,-0.49884878,0.41778462,-0.41726610,1.49136531,-1.49324895,0.04605929,-0.04607440,0.30099860,-0.30140878
-0.16508254,5.74747986,-5.74578433,0.44056876,-0.43985711,2.98106971,-2.97922077,0.01578959,-0.01591979,0.50349618,-0.50192320,0.42112540,-0.42058311,1.47703918,-1.47865893,0.04599848,-0.04598867,0.30094050,-0.30135196
-0.15907954,5.82874190,-5.82641882,0.45779940,-0.45711398,3.06532776,-3.06340717,0.01501956,-0.01514516,0.50728514,-0.50553510,0.42425031,-0.42368616,1.46361148,-1.46494290,0.04610610,-0.04607149,0.30094333,-0.30135648
-0.15307654,5.91334801,-5.91043915,0.47474196,-0.47409826,3.15103488,-3.14908612,0.01431078,-0.01443058,0.51156901,-0.50964858,0.42705075,-0.42646754,1.45112031,-1.45214926,0.04638281,-0.04632442,0.30096161,-0.30137830
-0.14707354,5.99932462,-5.99589745,0.49113078,-0.49054504,3.23651497,-3.23458615,0.01366908,-0.01378208,0.51627888,-0.51420069,0.42941627,-0.42881751,1.43954410,-1.44026702,0.04682359,-0.04674332,0.30093578,-0.30135917
-0.14107054,6.08447895,-6.08062449,0.50669303,-0.50618168,3.31998590,-3.31812852,0.01309840,-0.01320382,0.52132102,-0.51910345,0.43123873,-0.43062854,1.42880534,-1.42922905,0.04741796,-0.04731852,0.30079534,-0.30122962
-0.13506753,6.16646546,-6.16229541,0.52115637,-0.52073550,3.39960826,-3.39787575,0.01260073,-0.01269802,0.52658000,-0.52424673,0.43241662,-0.43179950,1.41877657,-1.41891778,0.04815037,-0.04803522,0.30046231,-0.30091243
-0.12906453,6.24285969,-6.23850276,0.53425691,-0.53394176,3.47353760,-3.47198392,0.01217621,-0.01226504,0.53192252,-0.52950196,0.43285910,-0.43223983,1.40928828,-1.40917278,0.04900076,-0.04887396,0.29985514,-0.30032647
-0.12306153,6.31123622,-6.30683404,0.54574695,-0.54555137,3.53997854,-3.53865659,0.01182318,-0.01190345,0.53720181,-0.53472637,0.43248976,-0.43187319,1.40013823,-1.39979984,0.04994527,-0.04981140,0.29889263,-0.29939065
-0.11705853,6.36924780,-6.36495044,0.55540230,-0.55533836,3.59723843,-3.59619856,0.01153838,-0.01161018,0.54226247,-0.53976766,0.43124958,-0.43064056,1.39110160,-1.39058092,0.05095713,-0.05082110,0.29749786,-0.29802785
-0.11105553,6.41470244,-6.41066376,0.56302892,-0.56310649,3.64377880,-3.64306740,0.01131717,-0.01138079,0.54694544,-0.54446897,0.42909929,-0.42850259,1.38194162,-1.38128460,0.05200754,-0.05187444,0.29560195,-0.29616867
-0.10505253,6.44563532,-6.44200840,0.56846856,-0.56869503,3.67826256,-3.67792074,0.01115381,-0.01120966,0.55109303,-0.54867376,0.42602073,-0.42544097,1.37241997,-1.37167644,0.05306675,-0.05294168,0.29314727,-0.29375473
-0.09904952,6.46037288,-6.45730552,0.57160319,-0.57198332,3.69959514,-3.69965761,0.01104166,-0.01109030,0.55455373,-0.55223064,0.42201726,-0.42145895,1.36230667,-1.36152881,0.05410500,-0.05399291,0.29009033,-0.29074151
-0.09304652,6.45758639,-6.45521701,0.57235825,-0.57289404,3.70695801,-3.70745217,0.01097355,-0.01101563,0.55718670,-0.55499789,0.41711320,-0.41658082,1.35138903,-1.35062985,0.05509365,-0.05499914,0.28640390,-0.28710060
-0.08704352,6.43633336,-6.43478735,0.57070442,-0.57139510,3.69983334,-3.70077855,0.01094199,-0.01097823,0.55886576,-0.55684741,0.41135247,-0.41085047,1.33947925,-1.33879118,0.05600603,-0.05593327,0.28207848,-0.28282121
-0.08104052,6.39608516,-6.39547173,0.56665796,-0.56750010,3.67801880,-3.67942596,0.01093944,-0.01097060,0.55948277,-0.55766828,0.40479625,-0.40432920,1.32642066,-1.32585421,0.05681846,-0.05677096,0.27712304,-0.27791094
-0.07503752,6.33674018,-6.33714990,0.56027980,-0.56126746,3.64163214,-3.64350355,0.01095856,-0.01098540,0.55895034,-0.55736949,0.39752013,-0.39709279,1.31209216,-1.31169472,0.05751089,-0.05749150,0.27156500,-0.27239584
-0.06903452,6.25862233,-6.26012528,0.55167319,-0.55279817,3.59110538,-3.59343476,0.01099235,-0.01101565,0.55720376,-0.55588203,0.38961074,-0.38922817,1.29641115,-1.29622598,0.05806765,-0.05807837,0.26544951,-0.26631972
-0.06303152,6.16246542,-6.16511007,0.54098034,-0.54223242,3.52716899,-3.52994185,0.01103438,-0.01105486,0.55420223,-0.55316026,0.38116210,-0.38082968,1.27933467,-1.27940002,0.05847781,-0.05851982,0.25883800,-0.25974279
-0.05702851,6.04938434,-6.05319707,0.52837791,-0.52974521,3.45082686,-3.45402102,0.01107883,-0.01109718,0.54992924,-0.54918242,0.37227192,-0.37199541,1.26085905,-1.26120749,0.05873551,-0.05880911,0.25180624,-0.25273973
-0.05102551,5.92083475,-5.92582005,0.51407184,-0.51554114,3.36332311,-3.36690949,0.01112067,-0.01113752,0.54439232,-0.54395057,0.36303800,-0.36282351,1.24101814,-1.24167608,0.05884004,-0.05894468,0.24444186,-0.24539725
-0.04502251,5.77856317,-5.78470436,0.49829150,-0.49984857,3.26610235,-3.27004584,0.01115560,-0.01117150,0.53762209,-0.53748976,0.35355501,-0.35340891,1.21988034,-1.22086772,0.05879570,-0.05893000,0.23684147,-0.23781126
-0.03901951,5.62454980,-5.63181031,0.48128348,-0.48291345,3.16076489,-3.16502539,0.01118016,-0.01119561,0.52967072,-0.52984669,0.34391166,-0.34384045,1.19754471,-1.19887485,0.05861148,-0.05877333,0.22910764,-0.23008382
-0.03301651,5.46094662,-5.46927162,0.46330518,-0.46499286,3.04901884,-3.05355233,0.01119169,-0.01120707,0.52060995,-0.52108778,0.33418845,-0.33419862,1.17413637,-1.17581596,0.05830063,-0.05848728,0.22134565,-0.22231997
-0.02701351,5.29001327,-5.29933168,0.44461855,-0.44634869,2.93263096,-2.93739067,0.01118829,-0.01120392,0.51052867,-0.51129701,0.32445614,-0.32455391,1.14980147,-1.15183075,0.05787996,-0.05808812,0.21366034,-0.21462448
-0.02101051,5.11405333,-5.12428001,0.42548388,-0.42724149,2.81337822,-2.81831571,0.01116880,-0.01118489,0.49953036,-0.50057332,0.31477483,-0.31496589,1.12470205,-1.12707502,0.05736912,-0.05759510,0.20615301,-0.20709886
-0.01500750,4.93535344,-4.94639150,0.40615422,-0.40792478,2.69300171,-2.69806791,0.01113273,-0.01114943,0.48773029,-0.48902796,0.30519374,-0.30548300,1.09901086,-1.10171569,0.05678972,-0.05702958,0.19891864,-0.19983848
-0.00900450,4.75612732,-4.76787041,0.38687017,-0.38863983,2.57316458,-2.57831077,0.01108021,-0.01109757,0.47525270,-0.47678176,0.29575161,-0.29614291,1.07290665,-1.07592604,0.05616441,-0.05641410,0.19204335,-0.19293002
-0.00300150,4.57846650,-4.59080114,0.36785549,-0.36961123,2.45541539,-2.46059399,0.01101196,-0.01102995,0.46222809,-0.46396242,0.28647772,-0.28697352,1.04656972,-1.04988143,0.05551601,-0.05577149,0.18560237,-0.18644943
0.00300150,4.40429939,-4.41710706,0.34931347,-0.35104321,2.34115781,-2.34632308,0.01092919,-0.01094769,0.44879070,-0.45070195,0.27739325,-0.27799439,1.02017824,-1.02375563,0.05486652,-0.05512391,0.17965837,-0.18046023
0.00900450,4.23535942,-4.24851854,0.33142417,-0.33311688,2.23162753,-2.23673609,0.01083359,-0.01085241,0.43507608,-0.43713436,0.26851309,-0.26921860,0.99390520,-0.99771775,0.05423636,-0.05449204,0.17426037,-0.17501236
0.01500750,4.07316301,-4.08655067,0.31434258,-0.31598832,2.12787672,-2.13288785,0.01072726,-0.01074615,0.42121915,-0.42339361,0.25984781,-0.26065471,0.96791612,-0.97193003,0.05364362,-0.05389434,0.16944311,-0.17014154
0.02101051,3.91899742,-3.93249086,0.29819775,-0.29978765,2.03076600,-2.03564186,0.01061272,-0.01063134,0.40735243,-0.40961180,0.25140573,-0.25230894,0.94236755,-0.94654630,0.05310343,-0.05334637,0.16522703,-0.16586919
0.02701351,3.77391802,-3.78739588,0.28309275,-0.28461908,1.94096383,-1.94566945,0.01049288,-0.01051083,0.39360471,-0.39591785,0.24319501,-0.24418729,0.91740629,-0.92171122,0.05262753,-0.05286037,0.16161866,-0.16220281
0.03301651,3.63875445,-3.65209780,0.26910561,-0.27056166,1.85895263,-1.86345583,0.01037101,-0.01038784,0.38009999,-0.38243633,0.23522550,-0.23629751,0.89316927,-0.89756017,0.05222401,-0.05244494,0.15861152,-0.15913684
0.03901951,3.51412449,-3.52721760,0.25629090,-0.25767100,1.78504074,-1.78931191,0.01025077,-0.01026598,0.36695684,-0.36928677,0.22751050,-0.22865086,0.86978408,-0.87421974,0.05189716,-0.05210488,0.15618746,-0.15665394
0.04502251,3.40045415,-3.41318516,0.24468214,-0.24598154,1.71937931,-1.72339116,0.01013625,-0.01014926,0.35428787,-0.35658312,0.22006809,-0.22126356,0.84736989,-0.85180864,0.05164759,-0.05184132,0.15431829,-0.15472666
0.05102551,3.29800268,-3.31026412,0.23429461,-0.23550942,1.66198288,-1.66571011,0.01003192,-0.01004211,0.34219966,-0.34443353,0.21292216,-0.21415790,0.82603868,-0.83043892,0.05147244,-0.05165187,0.15296772,-0.15331933
0.05702851,3.20689052,-3.21857970,0.22512860,-0.22625571,1.61275226,-1.61617126,0.00994270,-0.00994942,0.33079261,-0.33294024,0.20610307,-0.20736284,0.80589670,-0.81021744,0.05136580,-0.05153103,0.15209352,-0.15239016
0.06303152,3.12712848,-3.13814795,0.21717290,-0.21820988,1.57149849,-1.57458713,0.00987399,-0.00987653,0.32016103,-0.32219955,0.19964781,-0.20091436,0.78704585,-0.79124717,0.05131916,-0.05147064,0.15164966,-0.15189348
0.06903452,3.05864648,-3.06890444,0.21040822,-0.21135326,1.53796653,-1.54070394,0.00983164,-0.00982928,0.31039320,-0.31230188,0.19359978,-0.19485516,0.76958492,-0.77362846,0.05132209,-0.05146056,0.15158856,-0.15178189
0.07503752,3.00132009,-3.01073092,0.20481056,-0.20566236,1.51185746,-1.51422400,0.00982201,-0.00981397,0.30157136,-0.30333168,0.18800819,-0.18923414,0.75361049,-0.75745995,0.05136283,-0.05148922,0.15186320,-0.15200844
0.08104052,2.95499339,-2.96347825,0.20035416,-0.20111190,1.49284815,-1.49482545,0.00985191,-0.00983742,0.29377153,-0.29536727,0.18292702,-0.18410535,0.73921743,-0.74283896,0.05142900,-0.05154439,0.15242900,-0.15252853
0.08704352,2.91949712,-2.92698466,0.19701403,-0.19767732,1.48060744,-1.48217859,0.00992860,-0.00990685,0.28706321,-0.28848054,0.17841368,-0.17952663,0.72649873,-0.72986137,0.05150826,-0.05161378,0.15324554,-0.15330155
0.09304652,2.89466096,-2.90108820,0.19476781,-0.19533665,1.47480829,-1.47595820,0.01005973,-0.01002993,0.28150885,-0.28273631,0.17452734,-0.17555798,0.71554477,-0.71862085,0.05158891,-0.05168568,0.15427781,-0.15429230
0.09904952,2.88031963,-2.88563294,0.19359695,-0.19407175,1.47513543,-1.47585126,0.01025327,-0.01021461,0.27716298,-0.27819155,0.17132703,-0.17225959,0.70644184,-0.70920736,0.05166046,-0.05174954,0.15549719,-0.15547187
0.10505253,2.87631258,-2.88046878,0.19348713,-0.19386868,1.48128840,-1.48156017,0.01051737,-0.01046908,0.27407123,-0.27489437,0.16886959,-0.16968981,0.69927005,-0.70170500,0.05171401,-0.05179636,0.15688196,-0.15681826
0.11105553,2.88247754,-2.88544502,0.19442785,-0.19471738,1.49298023,-1.49280144,0.01086028,-0.01080159,0.27226907,-0.27288273,0.16720748,-0.16790288,0.69410055,-0.69618924,0.05174261,-0.05181905,0.15841739,-0.15831644
0.11705853,2.89863867,-2.90039855,0.19641132,-0.19661054,1.50993211,-1.50930045,0.01129013,-0.01122033,0.27178039,-0.27218301,0.16638659,-0.16694671,0.69099229,-0.69272359,0.05174143,-0.05181262,0.16009548,-0.15995812
0.12306153,2.92459023,-2.92513746,0.19943069,-0.19954180,1.53186479,-1.53078284,0.01181476,-0.01173320,0.27261601,-0.27280859,0.16644405,-0.16686071,0.68998837,-0.69135596,0.05170778,-0.05177423,0.16191419,-0.16174107
0.12906453,2.96007721,-2.95942156,0.20347772,-0.20350349,1.55848761,-1.55696347,0.01244154,-0.01234762,0.27477221,-0.27475827,0.16740626,-0.16767370,0.69111231,-0.69211480,0.05164110,-0.05170313,0.16387654,-0.16366810
0.13506753,3.00477449,-3.00294126,0.20854005,-0.20848388,1.58948616,-1.58753397,0.01317709,-0.01307032,0.27822940,-0.27801495,0.16928707,-0.16940207,0.69436425,-0.69500528,0.05154272,-0.05160052,0.16598926,-0.16574590
0.14107054,3.05826613,-3.05529667,0.21459840,-0.21446432,1.62450974,-1.62215008,0.01402709,-0.01390707,0.28295095,-0.28254450,0.17208630,-0.17204825,0.69971753,-0.70000580,0.05141561,-0.05146924,0.16826146,-0.16798353
0.14707354,3.12002681,-3.11597859,0.22162362,-0.22141634,1.66315978,-1.66041984,0.01499606,-0.01486249,0.28888247,-0.28829492,0.17578861,-0.17559954,0.70711586,-0.70706502,0.05126405,-0.05131346,0.17070309,-0.17039105
0.15307654,3.18940679,-3.18435310,0.22957419,-0.22929905,1.70498028,-1.70189382,0.01608710,-0.01593981,0.29595150,-0.29519599,0.18036287,-0.18002737,0.71647115,-0.71609966,0.05109322,-0.05113829,0.17332353,-0.17297798
0.15907954,3.26562219,-3.25965139,0.23839392,-0.23805693,1.74945138,-1.74605839,0.01730172,-0.01714071,0.30406773,-0.30315954,0.18576196,-0.18528714,0.72766251,-0.72699334,0.05090884,-0.05094939,0.17613025,-0.17575200
0.16508254,3.34775176,-3.34096592,0.24801052,-0.24761823,1.79598671,-1.79233285,0.01863971,-0.01846508,0.31312392,-0.31208020,0.19192322,-0.19131851,0.74053631,-0.73959657,0.05071676,-0.05075262,0.17912767,-0.17871783
0.17108554,3.43474097,-3.42725415,0.25833476,-0.25789419,1.84393523,-1.84007094,0.02009894,-0.01991099,0.32299737,-0.32183691,0.19876938,-0.19804633,0.75490761,-0.75372810,0.05052266,-0.05055364,0.18231637,-0.18187632
0.17708854,3.52541398,-3.51734991,0.26926060,-0.26877912,1.89258779,-1.88856716,0.02167534,-0.02147452,0.33355215,-0.33229504,0.20621012,-0.20538216,0.77056295,-0.76917753,0.05033175,-0.05035769,0.18569254,-0.18522399
0.18309155,3.61849349,-3.60998289,0.28066631,-0.28015145,1.94118851,-1.93706792,0.02336287,-0.02314980,0.34464189,-0.34330919,0.21414419,-0.21322629,0.78726448,-0.78570945,0.05014858,-0.05016936,0.18924789,-0.18875286
0.18909455,3.71262802,-3.70380550,0.29241641,-0.29187571,1.98895056,-1.98478712,0.02515349,-0.02492897,0.35611317,-0.35472645,0.22246201,-0.22147031,0.80475538,-0.80306870,0.04997693,-0.04999250,0.19296992,-0.19245066
0.19509755,3.80642564,-3.79742638,0.30436469,-0.30380549,2.03507588,-2.03092576,0.02703732,-0.02680232,0.36780928,-0.36639025,0.23104868,-0.23000014,0.82276636,-0.82098685,0.04981984,-0.04983018,0.19684249,-0.19630147
0.20110055,3.89849291,-3.88944916,0.31635786,-0.31578708,2.07877793,-2.07469459,0.02900272,-0.02875839,0.37957437,-0.37814441,0.23978740,-0.23869936,0.84102303,-0.83918954,0.04967963,-0.04968476,0.20084686,-0.20028666
0.20710355,3.98747729,-3.97851483,0.32823998,-0.32766392,2.11930650,-2.11533899,0.03103652,-0.03078418,0.39125771,-0.38983739,0.24856307,-0.24745282,0.85925389,-0.85740444,0.04955810,-0.04955807,0.20496292,-0.20438612
0.21310655,4.07211107,-4.06334588,0.33985729,-0.33928142,2.15597331,-2.15216458,0.03312425,-0.03286539,0.40271780,-0.40132654,0.25726598,-0.25615032,0.87719856,-0.87536950,0.04945674,-0.04945165,0.20917067,-0.20857977
0.21910955,4.15125487,-4.14278997,0.35106327,-0.35049206,2.18817715,-2.18456261,0.03525043,-0.03498668,0.41382645,-0.41248203,0.26579543,-0.26469026,0.89461589,-0.89284112,0.04937704,-0.04936696,0.21345184,-0.21284913
0.22511256,4.22393837,-4.21586118,0.36172378,-0.36116056,2.21542729,-2.21203357,0.03739888,-0.03713203,0.42447226,-0.42319052,0.27406319,-0.27298311,0.91129166,-0.90960192,0.04932075,-0.04930574,0.21779157,-0.21717902
0.23111556,4.28939656,-4.28177664,0.37172189,-0.37116872,2.23736396,-2.23420795,0.03955312,-0.03928509,0.43456360,-0.43335818,0.28199662,-0.28095458,0.92704542,-0.92546768,0.04929022,-0.04927031,0.22218000,-0.22155916
0.23711856,4.34709930,-4.33998691,0.38096230,-0.38041991,2.25377466,-2.25086297,0.04169671,-0.04142952,0.44403088,-0.44291297,0.28954121,-0.28854822,0.94173621,-0.94029319,0.04928867,-0.04926385,0.22661378,-0.22598567
0.24312156,4.39677303,-4.39019826,0.38937507,-0.38884286,2.26460557,-2.26193435,0.04381364,-0.04354940,0.45282795,-0.45180620,0.29666267,-0.29572757,0.95526691,-0.95397676,0.04932042,-0.04929061,0.23109727,-0.23046235
0.24912456,4.43841312,-4.43238592,0.39691858,-0.39639466,2.26996735,-2.26752254,0.04588874,-0.04562963,0.46093259,-0.46001310,0.30334820,-0.30247748,0.96758691,-0.96646302,0.04939109,-0.04935616,0.23564353,-0.23500160
0.25512756,4.47228641,-4.46679727,0.40358141,-0.40306267,2.27013481,-2.26789280,0.04790804,-0.04765625,0.46834617,-0.46753251,0.30960702,-0.30880481,0.97869303,-0.97774407,0.04950763,-0.04946739,0.24027482,-0.23962506
0.26113057,4.49892340,-4.49394492,0.40938328,-0.40886557,2.26554051,-2.26346923,0.04985913,-0.04961685,0.47509224,-0.47438566,0.31547014,-0.31473814,0.98862866,-0.98785872,0.04967833,-0.04963255,0.24502277,-0.24436374
0.26713357,4.51910052,-4.51458959,0.41437480,-0.41385308,2.25676235,-2.25482267,0.05173146,-0.05150082,0.48121448,-0.48061411,0.32098922,-0.32032685,0.99748104,-0.99688999,0.04991270,-0.04986112,0.24992804,-0.24925773
0.27313657,4.53381291,-4.52971356,0.41863619,-0.41810479,2.24450570,-2.24265313,0.05351661,-0.05329966,0.48677376,-0.48627691,0.32623471,-0.32563928,1.00537690,-1.00496082,0.05022120,-0.05016355,0.25503951,-0.25435544
0.27913957,4.54423893,-4.54048562,0.42227494,-0.42172778,2.22958060,-2.22776732,0.05520849,-0.05500714,0.49184469,-0.49144724,0.33129319,-0.33076015,1.01247651,-1.01222834,0.05061492,-0.05055098,0.26041300,-0.25971235
0.28514257,4.55169760,-4.54821889,0.42542250,-0.42485340,2.21287516,-2.21105207,0.05680348,-0.05661947,0.49651173,-0.49620850,0.33626412,-0.33578737,1.01896650,-1.01887671,0.05110512,-0.05103474,0.26610956,-0.26538930
0.29114557,4.55760084,-4.55432320,0.42823018,-0.42763312,2.19532603,-2.19344493,0.05830043,-0.05813528,0.50086507,-0.50065022,0.34125596,-0.34082822,1.02505166,-1.02510902,0.05170277,-0.05162590,0.27219332,-0.27145041
0.29714857,4.56340214,-4.56025382,0.43086437,-0.43023377,2.17788714,-2.17590284,0.05970063,-0.05955559,0.50499642,-0.50486386,0.34638199,-0.34599518,1.03094609,-1.03113844,0.05241793,-0.05233468,0.27872898,-0.27796061
0.30315158,4.57054374,-4.56745844,0.43350119,-0.43283215,2.16149789,-2.15937019,0.06100760,-0.06088366,0.50899495,-0.50893871,0.35175573,-0.35140144,1.03686404,-1.03717907,0.05325921,-0.05316986,0.28577914,-0.28498285
0.30915458,4.58040419,-4.57732444,0.43632084,-0.43560941,2.14705199,-2.14474745,0.06222687,-0.06212471,0.51294349,-0.51295805,0.35748640,-0.35715625,1.04301075,-1.04343676,0.05423314,-0.05413819,0.29340127,-0.29257525
0.31515758,4.59424815,-4.59112819,0.43950175,-0.43874514,2.13536796,-2.13286139,0.06336560,-0.06328557,0.51691521,-0.51699582,0.36367432,-0.36336042,1.04957376,-1.05010029,0.05534365,-0.05524383,0.30164473,-0.30078798
0.32116058,4.61318010,-4.60998824,0.44321477,-0.44241145,2.12716237,-2.12443795,0.06443205,-0.06437421,0.52097082,-0.52111366,0.37040659,-0.37010190,1.05671481,-1.05733322,0.05659158,-0.05648786,0.31054777,-0.30966028
0.32716358,4.63810359,-4.63482387,0.44761736,-0.44676727,2.12302664,-2.12007866,0.06543513,-0.06539920,0.52515640,-0.52535875,0.37775317,-0.37745183,1.06456282,-1.06526671,0.05797425,-0.05786786,0.32013461,-0.31921757
0.33316658,4.66968706,-4.66632023,0.45284828,-0.45195282,2.12340800,-2.12024118,0.06638372,-0.06636916,0.52950191,-0.52976222,0.38576337,-0.38546098,1.07320802,-1.07399355,0.05948519,-0.05937758,0.33041286,-0.32946873
0.33916958,4.70833748,-4.70490118,0.45902248,-0.45808460,2.12859523,-2.12522462,0.06728611,-0.06729210,0.53402042,-0.53433828,0.39446312,-0.39415696,1.08269750,-1.08356351,0.06111397,-0.06100680,0.34137120,-0.34040382
0.34517259,4.75418226,-4.75071056,0.46622669,-0.46525086,2.13870937,-2.13515989,0.06814929,-0.06817481,0.53870793,-0.53908402,0.40385290,-0.40354204,1.09303227,-1.09398032,0.06284620,-0.06274128,0.35297760,-0.35199224
0.35117559,4.80705998,-4.80360223,0.47451561,-0.47350774,2.15369966,-2.15000526,0.06897842,-0.06902228,0.54354394,-0.54397985,0.41390649,-0.41359191,1.10416591,-1.10520011,0.06466361,-0.06456288,0.36517805,-0.36418135
0.35717859,4.86652009,-4.86313913,0.48390879,-0.48287616,2.17334458,-2.16954707,0.06977631,-0.06983720,0.54849245,-0.54899051,0.42457071,-0.42425519,1.11600483,-1.11713159,0.06654435,-0.06644982,0.37789598,-0.37689592
0.36318159,4.93183134,-4.92860127,0.49438843,-0.49333956,2.19725790,-2.19340561,0.07054294,-0.07061949,0.55350345,-0.55406652,0.43576589,-0.43545401,1.12841010,-1.12963776,0.06846341,-0.06837707,0.39103240,-0.39003812
0.36918459,5.00199876,-4.99900232,0.50589806,-0.50484253,2.22489945,-2.22104559,0.07127530,-0.07136612,0.55851484,-0.55914605,0.44738746,-0.44708535,1.14120073,-1.14253907,0.07039316,-0.07031694,0.40446678,-0.40348843
0.37518759,5.07578861,-5.07311422,0.51834218,-0.51729046,2.25559008,-2.25179112,0.07196719,-0.07207094,0.56345456,-0.56415703,0.45930821,-0.45902336,1.15415836,-1.15561812,0.07230398,-0.07223967,0.41805879,-0.41710730
0.38119060,5.15176050,-5.14949925,0.53158698,-0.53055024,2.28853057,-2.28484448,0.07260939,-0.07272477,0.56824285,-0.56901949,0.47138148,-0.47112245,1.16703319,-1.16862544,0.07416504,-0.07411424,0.43165084,-0.43073762
0.38719360,5.22830584,-5.22654840,0.54546214,-0.54445201,2.32282370,-2.31930827,0.07318989,-0.07331572,0.57279471,-0.57364796,0.48344499,-0.48322108,1.17955086,-1.18128646,0.07594509,-0.07590912,0.44507139,-0.44420803
0.39319660,5.30369175,-5.30252535,0.55976372,-0.55879207,2.35749901,-2.35421023,0.07369443,-0.07382963,0.57702226,-0.57795390,0.49532529,-0.49514619,1.19142027,-1.19330929,0.07761330,-0.07759321,0.45813902,-0.45733694
0.39919960,5.37610898,-5.37561460,0.57425816,-0.57333685,2.39153957,-2.38853018,0.07410710,-0.07425074,0.58083705,-0.58184804,0.50684263,-0.50671803,1.20234197,-1.20439312,0.07914018,-0.07913668,0.47066713,-0.46993724
0.40520260,5.44372279,-5.44397260,0.58868733,-0.58782799,2.42391004,-2.42122814,0.07441124,-0.07456247,0.58415233,-0.58524269,0.51781609,-0.51775535,1.21201690,-1.21423708,0.08049843,-0.08051185,0.48246914,-0.48182149
0.41120560,5.50472539,-5.50578048,0.60277459,-0.60198833,2.45358527,-2.45127324,0.07459032,-0.07474840,0.58688508,-0.58805380,0.52806881,-0.52808058,1.22015535,-1.22254920,0.08166373,-0.08169403,0.49336412,-0.49280754
0.41720860,5.55738828,-5.55929678,0.61623167,-0.61552887,2.47957877,-2.47767233,0.07462895,-0.07479322,0.58895790,-0.59020295,0.53743311,-0.53752504,1.22648571,-1.22905527,0.08261554,-0.08266230,0.50318248,-0.50272426
0.42321161,5.60011313,-5.60290880,0.62876628,-0.62815630,2.50097014,-2.49949762,0.07451394,-0.07468377,0.59030069,-0.59161901,0.54575538,-0.54593384,1.23076291,-1.23350736,0.08333779,-0.08340023,0.51177175,-0.51141736
0.42921461,5.63147952,-5.63518066,0.64009017,-0.63958115,2.51693079,-2.51591265,0.07423523,-0.07441000,0.59085213,-0.59223967,0.55290042,-0.55317027,1.23277611,-1.23569163,0.08381941,-0.08389641,0.51900198,-0.51875483
0.43521761,5.65028790,-5.65489678,0.64992744,-0.64952607,2.52674711,-2.52619566,0.07378675,-0.07396583,0.59056089,-0.59201276,0.55875520,-0.55911964,1.23235557,-1.23543527,0.08405484,-0.08414494,0.52477066,-0.52463193
0.44122061,5.65559629,-5.66109901,0.65802278,-0.65773412,2.52984035,-2.52975964,0.07316718,-0.07334984,0.58938669,-0.59089718,0.56323186,-0.56369234,1.22937832,-1.23261225,0.08404424,-0.08414574,0.52900694,-0.52897545
0.44722361,5.64674922,-5.65311601,0.66414937,-0.66397666,2.52578253,-2.52616846,0.07238036,-0.07256581,0.58730095,-0.58886377,0.56626978,-0.56682599,1.22377235,-1.22714767,0.08379370,-0.08390463,0.53167477,-0.53174696
0.45322661,5.62339766,-5.63058362,0.66811603,-0.66806058,2.51430771,-2.51514836,0.07143557,-0.07162291,0.58428735,-0.58589570,0.56783671,-0.56848661,1.21551935,-1.21902054,0.08331512,-0.08343335,0.53277491,-0.53294490
0.45922961,5.58550900,-5.59345526,0.66977343,-0.66983457,2.49531833,-2.49659436,0.07034747,-0.07053570,0.58034198,-0.58198876,0.56792889,-0.56866882,1.20465556,-1.20826472,0.08262601,-0.08274929,0.53234562,-0.53260531
0.46523262,5.53336631,-5.54200150,0.66901902,-0.66919404,2.46888597,-2.47057130,0.06913575,-0.06932376,0.57547330,-0.57715124,0.56657013,-0.56739499,1.19127082,-1.19496809,0.08174905,-0.08187506,0.53046182,-0.53080114
0.47123562,5.46755660,-5.47679879,0.66580039,-0.66608458,2.43524674,-2.43730932,0.06782454,-0.06801113,0.56970168,-0.57140351,0.56380998,-0.56471344,1.17550575,-1.17926974,0.08071149,-0.08083786,0.52723284,-0.52764001
0.47723862,5.38894831,-5.39870717,0.66011693,-0.66050371,2.39479114,-2.39719380,0.06644150,-0.06662542,0.56305875,-0.56477735,0.55972095,-0.56069569,1.15754702,-1.16135535,0.07954428,-0.07966871,0.52279859,-0.52326051
0.48324162,5.29865866,-5.30883783,0.65201977,-0.65250081,2.34804871,-2.35075022,0.06501671,-0.06519669,0.55558641,-0.55731489,0.55439501,-0.55543301,1.13762094,-1.14145077,0.07828118,-0.07840148,0.51732447,-0.51782713
0.48924462,5.19801182,-5.20851160,0.64160971,-0.64217518,2.29566810,-2.29862428,0.06358140,-0.06375620,0.54733551,-0.54906740,0.54793946,-0.54903232,1.11598553,-1.11981415,0.07695761,-0.07707174,0.51099500,-0.51152393
0.49524762,5.08848974,-5.09920972,0.62903355,-0.62967237,2.23839322,-2.24155809,0.06216660,-0.06233505,0.53836437,-0.54009367,0.54047243,-0.54161161,1.09292130,-1.09672672,0.07560948,-0.07571560,0.50400653,-0.50454732
0.50125063,4.97167750,-4.98251927,0.61447874,-0.61517889,2.17703646,-2.18036343,0.06080164,-0.06096270,0.52873703,-0.53045828,0.53211805,-0.53329520,1.06872124,-1.07248275,0.07427188,-0.07436843,0.49655932,-0.49709807
0.50725363,4.84920541,-4.86007519,0.59816660,-0.59891548,2.11244999,-2.11589308,0.05951287,-0.05966568,0.51852139,-0.52022976,0.52300173,-0.52420888,1.04368031,-1.04737900,0.07297782,-0.07306356,0.48884934,-0.48937319
0.51325663,4.72269069,-4.73350174,0.58034462,-0.58112939,2.04549659,-2.04901154,0.05832231,-0.05846622,0.50778731,-0.50947859,0.51324553,-0.51447537,1.01808498,-1.02170421,0.07175701,-0.07183103,0.48106020,-0.48155772
0.51925963,4.59368120,-4.60435595,0.56127790,-0.56208585,1.97702094,-1.98056629,0.05724663,-0.05738126,0.49660463,-0.49827526,0.50296395,-0.50420997,0.99220322,-0.99572902,0.07063465,-0.07069645,0.47335558,-0.47381720
0.52526263,4.46360380,-4.47407560,0.54124047,-0.54205934,1.90782297,-1.91136098,0.05629629,-0.05642153,0.48504146,-0.48668849,0.49226037,-0.49351700,0.96627548,-0.96969685,0.06963053,-0.06968001,0.46587262,-0.46629088
0.53126563,4.33371999,-4.34393436,0.52050658,-0.52132488,1.83863417,-1.84213157,0.05547498,-0.05559103,0.47316251,-0.47478359,0.48122409,-0.48248677,0.94050715,-0.94381624,0.06875818,-0.06879564,0.45871654,-0.45908633
0.53726863,4.20509065,-4.21500605,0.49934259,-0.50014987,1.77009806,-1.77352660,0.05477944,-0.05488676,0.46102781,-0.46262112,0.46992827,-0.47119348,0.91506272,-0.91825485,0.06802432,-0.06805050,0.45195682,-0.45227548
0.54327164,4.07855168,-4.08813968,0.47799972,-0.47878674,1.70275550,-1.70609228,0.05419950,-0.05429885,0.44869179,-0.45025593,0.45842883,-0.45969403,0.89006205,-0.89313570,0.06742868,-0.06744468,0.44562526,-0.44589255
0.54927464,3.95470156,-3.96394641,0.45670798,-0.45746686,1.63703542,-1.64026302,0.05371861,-0.05381097,0.43620268,-0.43773660,0.44676420,-0.44802780,0.86557899,-0.86853555,0.06696395,-0.06697126,0.43971582,-0.43993381
0.55527764,3.83390117,-3.84279885,0.43567145,-0.43639574,1.57325133,-1.57635762,0.05331449,-0.05340108,0.42360250,-0.42510537,0.43495604,-0.43621725,0.84164225,-0.84448569,0.06661624,-0.06661662,0.43418652,-0.43435933
0.56128064,3.71628572,-3.72484238,0.41506520,-0.41574983,1.51160331,-1.51458112,0.05296025,-0.05304242,0.41092741,-0.41239849,0.42301088,-0.42426954,0.81823863,-0.82097509,0.06636569,-0.06636116,0.42896311,-0.42909660
0.56728364,3.60178773,-3.61001779,0.39503367,-0.39567493,1.45218545,-1.45503197,0.05262556,-0.05270475,0.39820852,-0.39964703,0.41092239,-0.41217882,0.79531828,-0.79795552,0.06618744,-0.06618018,0.42394446,-0.42404578
0.57328664,3.49016962,-3.49809346,0.37569073,-0.37628607,1.39499773,-1.39771377,0.05227808,-0.05235576,0.38547311,-0.38687808,0.39867440,-0.39992918,0.77280186,-0.77534867,0.06605282,-0.06604506,0.41900929,-0.41908642
0.57928964,3.38106385,-3.38870527,0.35712096,-0.35766886,1.33996183,-1.34255097,0.05188488,-0.05196252,0.37274610,-0.37411627,0.38624427,-0.38749804,0.75058898,-0.75305455,0.06593072,-0.06592468,0.41402394,-0.41408516
0.58529265,3.27401799,-3.28140166,0.33938231,-0.33988202,1.28693947,-1.28940711,0.05141402,-0.05149296,0.36005177,-0.36138544,0.37360659,-0.37485984,0.72856765,-0.73096092,0.06578904,-0.06578683,0.40885070,-0.40890405
0.59129565,3.16854222,-3.17569112,0.32250952,-0.32296087,1.23575242,-1.23810485,0.05083585,-0.05091730,0.34741553,-0.34871049,0.36073688,-0.36198979,0.70662400,-0.70895306,0.06559626,-0.06559977,0.40335626,-0.40340907
0.59729865,3.06415631,-3.07108941,0.30651829,-0.30692144,1.18620267,-1.18844617,0.05012438,-0.05020936,0.33486565,-0.33611910,0.34761516,-0.34886741,0.68465190,-0.68692342,0.06532290,-0.06533372,0.39741989,-0.39747826
0.60330165,2.96043339,-2.96716372,0.29140965,-0.29176486,1.13809184,-1.14023182,0.04925833,-0.04934760,0.32243479,-0.32364330,0.33422922,-0.33547987,0.66256179,-0.66478059,0.06494290,-0.06496226,0.39094075,-0.39100917
0.60930465,2.85703814,-2.86357124,0.27717437,-0.27748185,1.09123853,-1.09327894,0.04822198,-0.04831606,0.31016123,-0.31132077,0.32057735,-0.32182474,0.64028836,-0.64245705,0.06443482,-0.06446351,0.38384403,-0.38392512
0.61530765,2.75375726,-2.76009024,0.26379705,-0.26405683,1.04549285,-1.04743566,0.04700575,-0.04710490,0.29808969,-0.29919563,0.30667045,-0.30791214,0.61779655,-0.61991529,0.06378273,-0.06382110,0.37608568,-0.37617996
0.62131066,2.65052075,-2.65664193,0.25125971,-0.25147152,1.00074744,-1.00259238,0.04560651,-0.04571068,0.28627162,-0.28731883,0.29253340,-0.29376616,0.59508560,-0.59715208,0.06297694,-0.06302486,0.36765528,-0.36776111
0.62731366,2.54741296,-2.55330214,0.23954457,-0.23970785,0.95694443,-0.95868891,0.04402753,-0.04413641,0.27476493,-0.27574794,0.27820566,-0.27942551,0.57219103,-0.57420053,0.06201428,-0.06207113,0.35857712,-0.35869076
0.63331666,2.44467331,-2.45030267,0.22863611,-0.22875003,0.91407828,-0.91571758,0.04227821,-0.04239127,0.26363321,-0.26454635,0.26374105,-0.26494334,0.54918432,-0.55112995,0.06089807,-0.06096285,0.34890937,-0.34902516
0.63931966,2.34268685,-2.34802234,0.21852214,-0.21858569,0.87219460,-0.87372220,0.04037356,-0.04049006,0.25294434,-0.25378196,0.24920678,-0.25038628,0.52617059,-0.52804365,0.05963788,-0.05970916,0.33874140,-0.33885208
0.64532266,2.24196569,-2.24696898,0.20919405,-0.20920618,0.83138521,-0.83279337,0.03833344,-0.03845246,0.24276866,-0.24352533,0.23468183,-0.23583287,0.50328419,-0.50507466,0.05824879,-0.05832486,0.32818960,-0.32828664
0.65132566,2.14312283,-2.14775352,0.20064636,-0.20060613,0.79178017,-0.79306053,0.03618165,-0.03630214,0.23317674,-0.23384750,0.22025466,-0.22137129,0.48068280,-0.48237988,0.05675057,-0.05682953,0.31739169,-0.31746582
0.65732866,2.04684021,-2.05105834,0.19287551,-0.19278230,0.75353733,-0.75468169,0.03394490,-0.03406574,0.22423695,-0.22481753,0.20602057,-0.20709675,0.45854014,-0.46013290,0.05516658,-0.05524639,0.30650018,-0.30654190
0.66333167,1.95383323,-1.95760177,0.18587832,-0.18573204,0.71683039,-0.71783145,0.03165173,-0.03177177,0.21601285,-0.21649993,0.19207884,-0.19310858,0.43703801,-0.43851599,0.05352252,-0.05360113,0.29567514,-0.29567523
0.66933467,1.86481401,-1.86810132,0.17965018,-0.17945143,0.68183630,-0.68268844,0.02933142,-0.02944952,0.20856081,-0.20895216,0.17852961,-0.17950716,0.41635798,-0.41771180,0.05184513,-0.05192060,0.28507681,-0.28502688
0.67533767,1.78045572,-1.78323773,0.17418321,-0.17393347,0.64872290,-0.64942282,0.02701298,-0.02712805,0.20192772,-0.20222238,0.16547102,-0.16639101,0.39667319,-0.39789516,0.05016092,-0.05023151,0.27485834,-0.27475136
0.68134067,1.70136022,-1.70362224,0.16946461,-0.16916635,0.61763772,-0.61818499,0.02472416,-0.02483521,0.19614928,-0.19634763,0.15299647,-0.15385403,0.37814096,-0.37922549,0.04849496,-0.04855918,0.26515926,-0.26498997
0.68734367,1.62803076,-1.62976879,0.16547541,-0.16513218,0.58869842,-0.58909588,0.02249067,-0.02259682,0.19124873,-0.19135252,0.14119232,-0.14198314,0.36089631,-0.36184029,0.04686976,-0.04692650,0.25609974,-0.25586503
0.69334667,1.56085136,-1.56207280,0.16218972,-0.16180614,0.56198579,-0.56223972,0.02033547,-0.02043600,0.18723636,-0.18724864,0.13013603,-0.13085645,0.34504693,-0.34584998,0.04530442,-0.04535296,0.24777616,-0.24747528
0.69934967,1.50007391,-1.50079763,0.15957460,-0.15915636,0.53753933,-0.53765946,0.01827831,-0.01837264,0.18410973,-0.18403470,0.11989494,-0.12054192,0.33066988,-0.33133436,0.04381397,-0.04385402,0.24025796,-0.23989271
0.70535268,1.44581347,-1.44606926,0.15759067,-0.15714436,0.51535590,-0.51535516,0.01633536,-0.01642309,0.18185468,-0.18169751,0.11052560,-0.11109668,0.31780991,-0.31834088,0.04240893,-0.04244064,0.23358616,-0.23316085
0.71135568,1.39805195,-1.39787928,0.15619332,-0.15572630,0.49539120,-0.49528532,0.01451909,-0.01459997,0.18044714,-0.18021362,0.10207373,-0.10256698,0.30647972,-0.30688469,0.04109520,-0.04111915,0.22777325,-0.22729459
0.71735868,1.35664958,-1.35609581,0.15533465,-0.15485478,0.47756413,-0.47737105,0.01283825,-0.01291219,0.17985564,-0.17955187,0.09457479,-0.09498868,0.29666193,-0.29695047,0.03987413,-0.03989127,0.22280464,-0.22228153
0.72336168,1.32136334,-1.32048145,0.15496588,-0.15448128,0.46176347,-0.46150258,0.01129797,-0.01136504,0.18004436,-0.17967630,0.08805506,-0.08838831,0.28831258,-0.28849582,0.03874289,-0.03875451,0.21864148,-0.21808463
0.72936468,1.29187106,-1.29071697,0.15504019,-0.15455890,0.44785653,-0.44754780,0.00990012,-0.00996049,0.18097666,-0.18054972,0.08253305,-0.08278448,0.28136597,-0.28145603,0.03769499,-0.03770263,0.21522458,-0.21464606
0.73536768,1.26779959,-1.26642929,0.15551579,-0.15504548,0.43569916,-0.43536229,0.00864354,-0.00869751,0.18261877,-0.18213736,0.07802128,-0.07818966,0.27574046,-0.27574976,0.03672097,-0.03672634,0.21247920,-0.21189197
0.74137069,1.24875524,-1.24722187,0.15635903,-0.15590664,0.42514647,-0.42479992,0.00752456,-0.00757252,0.18494354,-0.18441061,0.07452818,-0.07461206,0.27134489,-0.27128550,0.03580924,-0.03581413,0.21032055,-0.20973786
0.74737369,1.23435467,-1.23270565,0.15754732,-0.15711878,0.41606360,-0.41572375,0.00653742,-0.00657981,0.18793381,-0.18735053,0.07205990,-0.07205749,0.26808516,-0.26796814,0.03494695,-0.03495313,0.20865946,-0.20809430
0.75337669,1.22425432,-1.22252877,0.15907171,-0.15867169,0.40833593,-0.40801630,0.00567473,-0.00571205,0.19158539,-0.19095081,0.07062209,-0.07053113,0.26587067,-0.26570546,0.03412083,-0.03412999,0.20740817,-0.20687270
0.75937969,1.21817660,-1.21640320,0.16093898,-0.16057062,0.40187805,-0.40158863,0.00492800,-0.00496076,0.19590927,-0.19522013,0.07022121,-0.07003895,0.26462012,-0.26441400,0.03331810,-0.03333172,0.20648574,-0.20599075
0.76538269,1.21593138,-1.21412674,0.16317290,-0.16283771,0.39664108,-0.39638789,0.00428801,-0.00431672,0.20093280,-0.20018350,0.07086552,-0.07058872,0.26426639,-0.26402411,0.03252717,-0.03254651,0.20582290,-0.20537735
0.77138569,1.21743138,-1.21559909,0.16581479,-0.16551252,0.39261787,-0.39240264,0.00374532,-0.00377048,0.20669991,-0.20588251,0.07256551,-0.07219049,0.26476018,-0.26448374,0.03173836,-0.03176434,0.20536614,-0.20497679
0.77738869,1.22270064,-1.22083106,0.16892308,-0.16865175,0.38984568,-0.38966581,0.00329054,-0.00331264,0.21326992,-0.21237445,0.07533365,-0.07485642,0.26607230,-0.26576085,0.03094436,-0.03097755,0.20508081,-0.20475193
0.78339170,1.23187540,-1.22994618,0.17257195,-0.17232791,0.38840640,-0.38825512,0.00291473,-0.00293418,0.22071524,-0.21973002,0.07918359,-0.07860008,0.26819430,-0.26784425,0.03014059,-0.03018120,0.20495309,-0.20468627
0.78939470,1.24519732,-1.24317474,0.17684897,-0.17662706,0.38842400,-0.38829073,0.00260958,-0.00262676,0.22911769,-0.22802994,0.08412863,-0.08343495,0.27113755,-0.27074286,0.02932540,-0.02937327,0.20499083,-0.20478496
0.79539770,1.26299927,-1.26084022,0.18185189,-0.18164566,0.39005951,-0.38993040,0.00236763,-0.00238288,0.23856371,-0.23736021,0.09017969,-0.08937247,0.27493075,-0.27448341,0.02850010,-0.02855469,0.20522319,-0.20507455
0.80140070,1.28568432,-1.28333896,0.18768458,-0.18748657,0.39350353,-0.39336225,0.00218242,-0.00219600,0.24913865,-0.24780653,0.09734267,-0.09641945,0.27961607,-0.27910669,0.02766881,-0.02772927,0.20569923,-0.20560164
0.80740370,1.31369895,-1.31111392,0.19445230,-0.19425438,0.39896683,-0.39879537,0.00204857,-0.00206068,0.26092018,-0.25944783,0.10561556,-0.10457515,0.28524408,-0.28466262,0.02683821,-0.02690340,0.20648537,-0.20643049
0.81340670,1.34750192,-1.34462375,0.20225652,-0.20205024,0.40666918,-0.40644884,0.00196179,-0.00197257,0.27397141,-0.27234941,0.11498517,-0.11382814,0.29186778,-0.29120438,0.02601720,-0.02608574,0.20766210,-0.20763982
0.81940970,1.38753016,-1.38430900,0.21118937,-0.21096638,0.41682707,-0.41653947,0.00191888,-0.00192844,0.28833389,-0.28655592,0.12542404,-0.12415306,0.29953617,-0.29878199,0.02521641,-0.02528676,0.20931993,-0.20931881
0.82541271,1.43416367,-1.43055693,0.22132815,-0.22108053,0.42964086,-0.42926890,0.00191773,-0.00192609,0.30402088,-0.30208463,0.13688733,-0.13550758,0.30828751,-0.30743560,0.02444770,-0.02451823,0.21155491,-0.21156268
0.83141571,1.48769114,-1.48366687,0.23272993,-0.23245056,0.44528181,-0.44481062,0.00195718,-0.00196433,0.32101144,-0.31891936,0.14931023,-0.14782968,0.31814304,-0.31718912,0.02372368,-0.02379272,0.21446389,-0.21446797
0.83741871,1.54827814,-1.54381810,0.24542666,-0.24510954,0.46387970,-0.46329748,0.00203694,-0.00204283,0.33924559,-0.33700550,0.16260598,-0.16103561,0.32910110,-0.32804431,0.02305716,-0.02312307,0.21813979,-0.21812777
0.84342171,1.61593973,-1.61104177,0.25942088,-0.25906139,0.48551163,-0.48481029,0.00215752,-0.00216207,0.35862093,-0.35624643,0.17666461,-0.17501850,0.34113249,-0.33997585,0.02246064,-0.02252190,0.22266701,-0.22262716
0.84942471,1.69051901,-1.68519877,0.27468244,-0.27427754,0.51019241,-0.50936814,0.00232002,-0.00232312,0.37899106,-0.37650175,0.19135272,-0.18964804,0.35417689,-0.35292778,0.02194595,-0.02200115,0.22811734,-0.22803904
0.85542771,1.77167286,-1.76596462,0.29114626,-0.29069463,0.53786721,-0.53692076,0.00252604,-0.00252756,0.40016601,-0.39758733,0.20651432,-0.20477114,0.36814109,-0.36681136,0.02152380,-0.02157174,0.23454633,-0.23442045
0.86143072,1.85886602,-1.85282264,0.30871138,-0.30821347,0.56840682,-0.56734359,0.00277751,-0.00277731,0.42191476,-0.41927769,0.22197277,-0.22021379,0.38289872,-0.38150463,0.02120357,-0.02124324,0.24199053,-0.24180973
0.86743372,1.95137394,-1.94506587,0.32724147,-0.32669945,0.60160581,-0.60043572,0.00307653,-0.00307446,0.44396992,-0.44131027,0.23753400,-0.23578404,0.39829187,-0.39685386,0.02099302,-0.02102369,0.25046543,-0.25022436
0.87343672,2.04829470,-2.04180807,0.34656672,-0.34598441,0.63718389,-0.63592103,0.00342522,-0.00342115,0.46603441,-0.46339194,0.25299070,-0.25127611,0.41413445,-0.41267659,0.02089825,-0.02091940,0.25996438,-0.25965979
0.87943972,2.14856962,-2.14200354,0.36648733,-0.36587001,0.67479048,-0.67345259,0.00382559,-0.00381940,0.48778996,-0.48520723,0.26812752,-0.26647552,0.43021714,-0.42876643,0.02092361,-0.02093496,0.27045835,-0.27008915
0.88544272,2.25101193,-2.24447512,0.38677839,-0.38613257,0.71401255,-0.71262028,0.00427938,-0.00427094,0.50890705,-0.50642809,0.28272710,-0.28116496,0.44631366,-0.44489918,0.02107169,-0.02107321,0.28189664,-0.28146386
0.89144572,2.35434239,-2.34794924,0.40719613,-0.40652926,0.75438543,-0.75296152,0.00478790,-0.00477713,0.52905593,-0.52672477,0.29657659,-0.29513076,0.46218827,-0.46084017,0.02134345,-0.02133530,0.29420841,-0.29371503
0.89744872,2.45723032,-2.45109660,0.42748534,-0.42680553,0.79540637,-0.79397471,0.00535197,-0.00533882,0.54791811,-0.54577724,0.30947442,-0.30816970,0.47760381,-0.47635223,0.02173830,-0.02172084,0.30730495,-0.30675575
0.90345173,2.55833827,-2.55257680,0.44738777,-0.44670339,0.83655034,-0.83513500,0.00597178,-0.00595622,0.56519785,-0.56328674,0.32123706,-0.32009574,0.49233016,-0.49120414,0.02225423,-0.02222797,0.32108257,-0.32048389
0.90945473,2.65636853,-2.65108484,0.46665116,-0.46597054,0.87728755,-0.87591179,0.00664683,-0.00662888,0.58063308,-0.57898668,0.33170529,-0.33074637,0.50615248,-0.50517887,0.02288796,-0.02285353,0.33542604,-0.33478547
0.91545773,2.75010915,-2.74539749,0.48503862,-0.48436970,0.91710195,-0.91578730,0.00737587,-0.00735557,0.59400511,-0.59265263,0.34074989,-0.33998839,0.51887895,-0.51808145,0.02363509,-0.02359325,0.35021229,-0.34953841
0.92146073,2.83847758,-2.83441742,0.50233805,-0.50168805,0.95551003,-0.95427545,0.00815689,-0.00813434,0.60514672,-0.60411054,0.34827617,-0.34772263,0.53034755,-0.52974582,0.02449024,-0.02444180,0.36531438,-0.36461643
0.92746373,2.92055988,-2.91721309,0.51837099,-0.51774615,0.99207906,-0.99094022,0.00898711,-0.00896245,0.61394825,-0.61324307,0.35422741,-0.35388748,0.54043152,-0.54004052,0.02544713,-0.02539298,0.38060547,-0.37989306
0.93346673,2.99564367,-2.99305243,0.53300089,-0.53240619,1.02644406,-1.02541281,0.00986307,-0.00983647,0.62036112,-0.61999355,0.35858674,-0.35846102,0.54904334,-0.54887281,0.02649873,-0.02643976,0.39596264,-0.39524547
0.93946973,3.06324338,-3.06142902,0.54613993,-0.54557896,1.05832260,-1.05740656,0.01078064,-0.01075233,0.62439898,-0.62436731,0.36137751,-0.36146154,0.55613687,-0.55619113,0.02763726,-0.02757440,0.41127056,-0.41055814
0.94547274,3.12311652,-3.12207923,0.55775455,-0.55722933,1.08752679,-1.08672921,0.01173522,-0.01170544,0.62613606,-0.62643050,0.36266208,-0.36294655,0.56170782,-0.56198569,0.02885426,-0.02878845,0.42642458,-0.42572602
0.95147574,3.17527027,-3.17498976,0.56786887,-0.56737985,1.11397180,-1.11329154,0.01272181,-0.01269083,0.62570306,-0.62630619,0.36253903,-0.36301020,0.56579225,-0.56628727,0.03014064,-0.03007283,0.44133352,-0.44065732
0.95747874,3.21995804,-3.22039500,0.57656621,-0.57611220,1.13768041,-1.13711217,0.01373518,-0.01370331,0.62328063,-0.62416824,0.36113897,-0.36177922,0.56846349,-0.56916433,0.03148668,-0.03141779,0.45592168,-0.45527558
0.96348174,3.25766600,-3.25876434,0.58398814,-0.58356645,1.15878318,-1.15831789,0.01477010,-0.01473764,0.61909095,-0.62023309,0.35861913,-0.35940767,0.56982748,-0.57071852,0.03288200,-0.03281298,0.47013032,-0.46952119
0.96948474,3.28909022,-3.29077994,0.59033124,-0.58993779,1.17751420,-1.17713954,0.01582146,-0.01578874,0.61338758,-0.61474985,0.35515698,-0.35607067,0.57001682,-0.57107895,0.03431566,-0.03424744,0.48391829,-0.48335204
0.97548774,3.31510515,-3.31730571,0.59584150,-0.59547099,1.19420226,-1.19390336,0.01688449,-0.01685182,0.60644444,-0.60798934,0.35094315,-0.35195739,0.56918394,-0.57039539,0.03577609,-0.03570961,0.49726198,-0.49674356
0.98149075,3.33672491,-3.33934888,0.60080637,-0.60045258,1.20925777,-1.20901794,0.01795493,-0.01792261,0.59854407,-0.60023254,0.34617405,-0.34726366,0.56749362,-0.56883085,0.03725121,-0.03718739,0.51015452,-0.50968789
0.98749375,3.35505874,-3.35801561,0.60554491,-0.60520095,1.22315578,-1.22295739,0.01902911,-0.01899742,0.58996607,-0.59175891,0.34104447,-0.34218461,0.56511521,-0.56655393,0.03872841,-0.03866817,0.52260418,-0.52219236
0.99349675,3.37126258,-3.37446252,0.61039612,-0.61005475,1.23641571,-1.23624101,0.02010411,-0.02007330,0.58097606,-0.58283537,0.33574045,-0.33690747,0.56221503,-0.56373111,0.04019469,-0.04013895,0.53463220,-0.53427733
0.99949975,3.38648853,-3.38984598,0.61570607,-0.61536005,1.24957851,-1.24941047,0.02117774,-0.02114804,0.57181560,-0.57370608,0.33043288,-0.33160503,0.55894916,-0.56051948,0.04163673,-0.04158638,0.54626996,-0.54597340
1.00550275,3.40183443,-3.40527130,0.62181415,-0.62145661,1.26318218,-1.26300533,0.02224858,-0.02222017,0.56269378,-0.56458380,0.32527182,-0.32642994,0.55545701,-0.55706026,0.04304100,-0.04299692,0.55755575,-0.55731817
1.01150575,3.41829533,-3.42174381,0.62903924,-0.62866396,1.27773664,-1.27753777,0.02331589,-0.02328891,0.55378036,-0.55564292,0.32038206,-0.32151002,0.55185580,-0.55347313,0.04439389,-0.04435693,0.56853115,-0.56835268
1.01750875,3.43671915,-3.44012387,0.63766609,-0.63726789,1.29369905,-1.29346781,0.02437946,-0.02435402,0.54520112,-0.54701447,0.31585978,-0.31694485,0.54823635,-0.54985185,0.04568191,-0.04565285,0.57923738,-0.57911772
1.02351176,3.45776804,-3.46108765,0.64793289,-0.64750783,1.31145056,-1.31117999,0.02543944,-0.02541561,0.53703526,-0.53878327,0.31177060,-0.31280363,0.54466006,-0.54626115,0.04689176,-0.04687137,0.58971160,-0.58965013
1.02951476,3.48188729,-3.48509541,0.66002023,-0.65956590,1.33127574,-1.33096259,0.02649614,-0.02647396,0.52931490,-0.53098727,0.30814892,-0.30912436,0.54115741,-0.54273500,0.04801058,-0.04799953,0.59998348,-0.59997940
1.03551776,3.50928312,-3.51236849,0.67404240,-0.67355805,1.35334559,-1.35299050,0.02754971,-0.02752920,0.52202676,-0.52361886,0.30499857,-0.30591435,0.53772782,-0.53927633,0.04902608,-0.04902496,0.61007229,-0.61012471
1.04152076,3.53991026,-3.54287639,0.69004115,-0.68952779,1.37770494,-1.37731246,0.02859992,-0.02858108,0.51511561,-0.51662815,0.30229470,-0.30315196,0.53434089,-0.53585813,0.04992671,-0.04993602,0.61998456,-0.62009255
1.04752376,3.57347027,-3.57633432,0.70798255,-0.70744296,1.40426512,-1.40384356,0.02964589,-0.02962870,0.50848945,-0.50992795,0.29998665,-0.30078939,0.53093897,-0.53242586,0.05070182,-0.05072198,0.62971256,-0.62987527
1.05352676,3.60942052,-3.61221175,0.72775704,-0.72719571,1.43280225,-1.43236337,0.03068581,-0.03067026,0.50202595,-0.50340004,0.29800177,-0.29875639,0.52744084,-0.52890102,0.05134190,-0.05137319,0.63923383,-0.63945043
1.05952976,3.64699394,-3.64975165,0.74918274,-0.74860567,1.46296152,-1.46252005,0.03171679,-0.03170289,0.49557994,-0.49690253,0.29624996,-0.29696473,0.52374634,-0.52518572,0.05183869,-0.05188127,0.64851159,-0.64878131
1.06553277,3.68522876,-3.68799982,0.77201202,-0.77142658,1.49426733,-1.49384040,0.03273475,-0.03272248,0.48899152,-0.49027789,0.29462861,-0.29531312,0.51974184,-0.52116802,0.05218536,-0.05223927,0.65749632,-0.65781837
1.07153577,3.72300711,-3.72584331,0.79594112,-0.79535566,1.52613914,-1.52574557,0.03373429,-0.03372369,0.48209443,-0.48336131,0.29302785,-0.29369243,0.51530612,-0.51672781,0.05237673,-0.05244187,0.66612829,-0.66650179
1.07753877,3.75910110,-3.76205633,0.82062220,-0.82004575,1.55791235,-1.55757186,0.03470881,-0.03469993,0.47472429,-0.47598890,0.29133575,-0.29199095,0.51031663,-0.51174304,0.05240938,-0.05248551,0.67434098,-0.67476487
1.08354177,3.79222429,-3.79535171,0.84567754,-0.84511941,1.58886344,-1.58859584,0.03565062,-0.03564353,0.46672649,-0.46800567,0.28944345,-0.29009947,0.50465564,-0.50609590,0.05228184,-0.05236860,0.68206519,-0.68253811
1.08954477,3.82108653,-3.82443586,0.87071499,-0.87018436,1.61823824,-1.61806259,0.03655111,-0.03654591,0.45796332,-0.45927268,0.28724979,-0.28791607,0.49821620,-0.49967879,0.05199474,-0.05209161,0.68923363,-0.68975379
1.09554777,3.84444956,-3.84806454,0.89534407,-0.89484959,1.64528222,-1.64521600,0.03740111,-0.03739790,0.44832007,-0.44967330,0.28466544,-0.28535022,0.49090763,-0.49239990,0.05155088,-0.05165722,0.69578561,-0.69635067
1.10155078,3.86118091,-3.86509714,0.91919172,-0.91874114,1.66927123,-1.66932960,0.03819117,-0.03819008,0.43771009,-0.43911835,0.28161634,-0.28232638,0.48266017,-0.48418791,0.05095536,-0.05107041,0.70167158,-0.70227856
1.10755378,3.87030357,-3.87454671,0.94191715,-0.94151696,1.68954143,-1.68973655,0.03891200,-0.03891317,0.42607841,-0.42754991,0.27804628,-0.27878663,0.47342877,-0.47499589,0.05021561,-0.05033849,0.70685714,-0.70750233
1.11355678,3.87103901,-3.87562347,0.96322472,-0.96287988,1.70551692,-1.70585740,0.03955483,-0.03955840,0.41340403,-0.41494371,0.27391865,-0.27469249,0.46319584,-0.46480415,0.04934134,-0.04947106,0.71132621,-0.71200510
1.11955978,3.86284158,-3.86776970,0.98287441,-0.98258818,1.71673371,-1.71722422,0.04011182,-0.04011792,0.39970078,-0.40131021,0.26921723,-0.27002585,0.45197267,-0.45362175,0.04834450,-0.04847999,0.71508307,-0.71579038
1.12556278,3.84542242,-3.85068422,1.00068928,-1.00046306,1.72285901,-1.72350000,0.04057635,-0.04058511,0.38501684,-0.38669416,0.26394608,-0.26478890,0.43979973,-0.44148694,0.04723907,-0.04737919,0.71815310,-0.71888281
1.13156578,3.81876197,-3.82433537,1.01655947,-1.01639280,1.72370476,-1.72449238,0.04094337,-0.04095490,0.36943284,-0.37117297,0.25812853,-0.25900322,0.42674565,-0.42846618,0.04604088,-0.04618443,0.72058200,-0.72132746
1.13756878,3.78311024,-3.78896187,1.03044273,-1.03033336,1.71923491,-1.72016111,0.04120951,-0.04122390,0.35305897,-0.35485386,0.25180543,-0.25270810,0.41290502,-0.41465214,0.04476724,-0.04491300,0.72243361,-0.72318765
1.14357179,3.73897524,-3.74506159,1.04236143,-1.04230544,1.70956613,-1.71061888,0.04137320,-0.04139051,0.33603098,-0.33786997,0.24503265,-0.24595806,0.39839517,-0.40016043,0.04343661,-0.04358334,0.72378629,-0.72454141
1.14957479,3.68709990,-3.69336893,1.05239628,-1.05238832,1.69496189,-1.69612553,0.04143467,-0.04145494,0.31850549,-0.32037577,0.23787807,-0.23881994,0.38335200,-0.38512559,0.04206809,-0.04221457,0.72472805,-0.72547663
1.15557779,3.62842914,-3.63482215,1.06067733,-1.06071087,1.67582041,-1.67707622,0.04139579,-0.04141903,0.30065466,-0.30254180,0.23041822,-0.23136949,0.36792514,-0.36969624,0.04068092,-0.04082599,0.72535082,-0.72608536
1.16158079,3.56406872,-3.57052235,1.06737272,-1.06744037,1.65265716,-1.65398389,0.04125990,-0.04128610,0.28266064,-0.28454912,0.22273465,-0.22368782,0.35227269,-0.35402990,0.03929397,-0.03943650,0.72574415,-0.72645749
1.16758379,3.49523808,-3.50168655,1.07267596,-1.07276980,1.62608280,-1.62745738,0.04103148,-0.04106061,0.26470993,-0.26658371,0.21491034,-0.21585777,0.33655575,-0.33828746,0.03792515,-0.03806410,0.72598876,-0.72667430
1.17358679,3.42321991,-3.42959707,1.07679263,-1.07690452,1.59677779,-1.59817599,0.04071585,-0.04074787,0.24698782,-0.24883087,0.20702623,-0.20796041,0.32093305,-0.32262785,0.03659087,-0.03672533,0.72615037,-0.72680230
1.17958979,3.34930877,-3.35555017,1.07992713,-1.08004904,1.56546497,-1.56686211,0.04031877,-0.04035361,0.22967326,-0.23147010,0.19915809,-0.20007192,0.30555589,-0.30720294,0.03530555,-0.03543470,0.72627435,-0.72688781
1.18559280,3.27476154,-3.28080626,1.08227038,-1.08239464,1.53288144,-1.53425309,0.03984607,-0.03988366,0.21293424,-0.21467033,0.19137380,-0.19226079,0.29056364,-0.29215299,0.03408118,-0.03420435,0.72638141,-0.72695264
1.19159580,3.20075202,-3.20654429,1.08398921,-1.08410874,1.49975108,-1.50107366,0.03930335,-0.03934361,0.19692373,-0.19858594,0.18373126,-0.18458573,0.27608001,-0.27760286,0.03292695,-0.03304358,0.72646483,-0.72699124
1.19759880,3.12833167,-3.13382213,1.08521777,-1.08532627,1.46675900,-1.46801038,0.03869564,-0.03873848,0.18177654,-0.18335340,0.17627688,-0.17709410,0.26221010,-0.26365902,0.03184899,-0.03195870,0.72648934,-0.72696952
1.20360180,3.05839808,-3.06354477,1.08605162,-1.08614368,1.43452888,-1.43568882,0.03802721,-0.03807253,0.16760679,-0.16908878,0.16904481,-0.16982103,0.24903848,-0.25040753,0.03085028,-0.03095281,0.72639173,-0.72682547
1.20960480,2.99167225,-2.99644130,1.08654454,-1.08661569,1.40360415,-1.40465475,0.03730143,-0.03734913,0.15450634,-0.15588600,0.16205677,-0.16278932,0.23662819,-0.23791302,0.02993062,-0.03002584,0.72608333,-0.72647152
1.21560780,2.92868521,-2.93305110,1.08670803,-1.08675479,1.37443354,-1.37535954,0.03652077,-0.03657073,0.14254393,-0.14381595,0.15532263,-0.15600984,0.22502072,-0.22621858,0.02908675,-0.02917467,0.72545404,-0.72579856
1.22161081,2.86977378,-2.87371948,1.08651356,-1.08653340,1.34736145,-1.34815043,0.03568680,-0.03573890,0.13176505,-0.13292628,0.14884142,-0.14948261,0.21423676,-0.21534646,0.02831261,-0.02839336,0.72437775,-0.72468133
1.22761381,2.81508513,-2.81860183,1.08589694,-1.08588828,1.32262303,-1.32326560,0.03480038,-0.03485446,0.12219249,-0.12324188,0.14260290,-0.14319829,0.20427780,-0.20529962,0.02759972,-0.02767352,0.72271881,-0.72298488
1.23361681,2.76458895,-2.76767571,1.08476467,-1.08472677,1.30034399,-1.30083384,0.03386183,-0.03391773,0.11382741,-0.11476587,0.13658948,-0.13714006,0.19512823,-0.19606378,0.02693762,-0.02700477,0.72033915,-0.72057166
1.23961981,2.71809602,-2.72075925,1.08300148,-1.08293443,1.28054467,-1.28087861,0.03287124,-0.03292876,0.10665087,-0.10748111,0.13077827,-0.13128571,0.18675782,-0.18760993,0.02631439,-0.02637525,0.71710546,-0.71730872
1.24562281,2.67528167,-2.67753445,1.08047866,-1.08038332,1.26314782,-1.26332574,0.03182876,-0.03188768,0.10062566,-0.10135200,0.12514330,-0.12560976,0.17912457,-0.17989706,0.02571723,-0.02577222,0.71289630,-0.71307481
1.25162581,2.63571243,-2.63757382,1.07706257,-1.07694054,1.24798947,-1.24801429,0.03073485,-0.03079492,0.09569841,-0.09632655,0.11965767,-0.12008571,0.17217748,-0.17287502,0.02513307,-0.02518263,0.70760830,-0.70776665
1.25762881,2.59887422,-2.60036856,1.07262280,-1.07247635,1.23483217,-1.23470966,0.02959064,-0.02965158,0.09180177,-0.09233858,0.11429547,-0.11468788,0.16585934,-0.16648726,0.02454913,-0.02459371,0.70116153,-0.70130428
1.26363182,2.56420080,-2.56535697,1.06703947,-1.06687161,1.22337970,-1.22311842,0.02839812,-0.02845962,0.08885673,-0.08930998,0.10903355,-0.10939325,0.16010926,-0.16067336,0.02395348,-0.02399351,0.69350343,-0.69363503
1.26963482,2.53110094,-2.53195166,1.06020955,-1.06002398,1.21329279,-1.21290386,0.02716037,-0.02722209,0.08677487,-0.08715301,0.10385285,-0.10418278,0.15486494,-0.15537134,0.02333549,-0.02337142,0.68461134,-0.68473608
1.27563782,2.49898341,-2.49956457,1.05205170,-1.05185283,1.20420494,-1.20370180,0.02588166,-0.02594325,0.08546062,-0.08577255,0.09873945,-0.09904247,0.15006459,-0.15051957,0.02268631,-0.02271854,0.67449345,-0.67461544
1.28164082,2.46727907,-2.46762902,1.04250975,-1.04230269,1.19573779,-1.19513601,0.02456749,-0.02462857,0.08481336,-0.08506822,0.09368513,-0.09396398,0.14564839,-0.14605826,0.02199910,-0.02202799,0.66318823,-0.66331144
1.28764382,2.43545941,-2.43561835,1.03155468,-1.03134523,1.18751569,-1.18683260,0.02322457,-0.02328477,0.08472951,-0.08493648,0.08868767,-0.08894487,0.14155968,-0.14193068,0.02126928,-0.02129518,0.65076258,-0.65089078
1.29364682,2.40305155,-2.40306084,1.01918529,-1.01897992,1.17917885,-1.17843325,0.02186074,-0.02191969,0.08510449,-0.08527260,0.08375063,-0.08398848,0.13774574,-0.13808391,0.02049464,-0.02051784,0.63730869,-0.63744553
1.29964982,2.36964950,-2.36955102,1.00542768,-1.00523341,1.17039497,-1.16960674,0.02048473,-0.02054207,0.08583450,-0.08597250,0.07888294,-0.07910351,0.13415826,-0.13446938,0.01967531,-0.01969606,0.62294010,-0.62308907
1.30565283,2.33492210,-2.33475752,0.99033377,-0.99015809,1.16086901,-1.16005869,0.01910602,-0.01916141,0.08681831,-0.08693449,0.07409825,-0.07430333,0.13075356,-0.13104307,0.01881367,-0.01883220,0.60778713,-0.60795159
1.31165583,2.29861765,-2.29842780,0.97397913,-0.97382983,1.15035105,-1.14953938,0.01773451,-0.01778764,0.08795878,-0.08806088,0.06941396,-0.06960514,0.12749269,-0.12776565,0.01791419,-0.01793067,0.59199198,-0.59217515
1.31765883,2.26056591,-2.26039001,0.95646025,-0.95634527,1.13864218,-1.13784963,0.01638025,-0.01643084,0.08916441,-0.08925949,0.06485033,-0.06502895,0.12434134,-0.12460234,0.01698313,-0.01699773,0.57570388,-0.57590879
1.32366183,2.22067764,-2.22055262,0.93789166,-0.93781880,1.12559840,-1.12484471,0.01505317,-0.01510100,0.09035060,-0.09044500,0.06042939,-0.06059660,0.12126968,-0.12152285,0.01602828,-0.01604114,0.55907442,-0.55930390
1.32966483,2.17894217,-2.17890196,0.91840281,-0.91837955,1.11113258,-1.11043628,0.01376279,-0.01380767,0.09144089,-0.09154011,0.05617397,-0.05633073,0.11825220,-0.11850117,0.01505858,-0.01506981,0.54225340,-0.54251000
1.33566783,2.13542331,-2.13549820,0.89813508,-0.89816831,1.09521464,-1.09459258,0.01251796,-0.01255977,0.09236789,-0.09247660,0.05210673,-0.05225387,0.11526756,-0.11551542,0.01408381,-0.01409352,0.52538523,-0.52567114
1.34167084,2.09025382,-2.09046987,0.87723888,-0.87733462,1.07786994,-1.07733693,0.01132665,-0.01136530,0.09307411,-0.09319611,0.04824937,-0.04838758,0.11229839,-0.11254770,0.01311419,-0.01312248,0.50860599,-0.50892296
1.34767384,2.04362881,-2.04400739,0.85587084,-0.85603406,1.05917617,-1.05874460,0.01019578,-0.01023124,0.09351255,-0.09365075,0.04462190,-0.04475177,0.10933118,-0.10958394,0.01216008,-0.01216706,0.49204122,-0.49239052
1.35367684,1.99579810,-1.99635551,0.83419125,-0.83442564,1.03925877,-1.03893839,0.00913108,-0.00916338,0.09364698,-0.09380343,0.04124211,-0.04136415,0.10635609,-0.10661380,0.01123170,-0.01123745,0.47580439,-0.47618671
1.35967984,1.94705783,-1.94780507,0.81236156,-0.81266939,1.01828524,-1.01808296,0.00813707,-0.00816627,0.09345209,-0.09362799,0.03812520,-0.03823986,0.10336686,-0.10363049,0.01033883,-0.01034345,0.45999599,-0.46041139
1.36568284,1.89774134,-1.89868408,0.79054205,-0.79092408,0.99645838,-0.99637821,0.00721699,-0.00724319,0.09291326,-0.09310905,0.03528348,-0.03539116,0.10036063,-0.10063065,0.00949062,-0.00949422,0.44470307,-0.44515095
1.37168584,1.84820960,-1.84934826,0.76888955,-0.76934497,0.97400885,-0.97405191,0.00637286,-0.00639620,0.09202619,-0.09224157,0.03272631,-0.03282736,0.09733769,-0.09761411,0.00869546,-0.00869816,0.42999929,-0.43047838
1.37768884,1.79884124,-1.80017129,0.74755521,-0.74808171,0.95118723,-0.95135189,0.00560555,-0.00562619,0.09079623,-0.09103027,0.03046002,-0.03055479,0.09430124,-0.09458367,0.00796087,-0.00796277,0.41594519,-0.41645357
1.38369185,1.75002256,-1.75153491,0.72668243,-0.72727625,0.92825583,-0.92853792,0.00491485,-0.00493299,0.08923752,-0.08948873,0.02848802,-0.02857683,0.09125708,-0.09154476,0.00729344,-0.00729465,0.40258873,-0.40312384
1.38969485,1.70213757,-1.70381913,0.70640477,-0.70706085,0.90548064,-0.90587374,0.00429967,-0.00431550,0.08737199,-0.08763842,0.02681093,-0.02689409,0.08821318,-0.08850506,0.00669882,-0.00669948,0.38996589,-0.39052462
1.39569785,1.65555842,-1.65739274,0.68684410,-0.68755627,0.88312352,-0.88361931,0.00375810,-0.00377184,0.08522822,-0.08550756,0.02542671,-0.02550452,0.08517929,-0.08547406,0.00618179,-0.00618202,0.37810135,-0.37868016
1.40170085,1.61063655,-1.61260455,0.66810887,-0.66887007,0.86143502,-0.86202364,0.00328766,-0.00329950,0.08284017,-0.08312985,0.02433088,-0.02440364,0.08216642,-0.08246260,0.00574626,-0.00574618,0.36700929,-0.36760425
1.40770385,1.56769474,-1.56977547,0.65029273,-0.65109527,0.84064795,-0.84131846,0.00288533,-0.00289549,0.08024597,-0.08054325,0.02351672,-0.02358473,0.07918635,-0.07948235,0.00539538,-0.00539511,0.35669406,-0.35730099
1.41370685,1.52702046,-1.52919183,0.63347345,-0.63430922,0.82097200,-0.82171277,0.00254782,-0.00255651,0.07748664,-0.07778870,0.02297541,-0.02303897,0.07625115,-0.07654533,0.00513158,-0.00513125,0.34715099,-0.34776559
1.41970985,1.48886054,-1.49110006,0.61771227,-0.61857302,0.80258943,-0.80338850,0.00227162,-0.00227901,0.07460491,-0.07490896,0.02269624,-0.02275566,0.07337274,-0.07366344,0.00495668,-0.00495639,0.33836719,-0.33898515
1.42571286,1.45341758,-1.45570298,0.60305377,-0.60393132,0.78565201,-0.78649750,0.00205311,-0.00205939,0.07164415,-0.07194748,0.02266678,-0.02272236,0.07056241,-0.07084805,0.00487189,-0.00487174,0.33032248,-0.33093958
1.43171586,1.42084806,-1.42315787,0.58952621,-0.59041262,0.77027924,-0.77115959,0.00188872,-0.00189404,0.06864737,-0.06894741,0.02287299,-0.02292505,0.06783062,-0.06810971,0.00487788,-0.00487796,0.32299040,-0.32360260
1.43771886,1.39126216,-1.39357615,0.57714240,-0.57803019,0.75655775,-0.75746203,0.00177492,-0.00177943,0.06565638,-0.06595077,0.02329942,-0.02334827,0.06518666,-0.06545784,0.00497476,-0.00497515,0.31633930,-0.31694284
1.44372186,1.36472535,-1.36702486,0.56590112,-0.56678334,0.74454203,-0.74546005,0.00170832,-0.00171214,0.06271114,-0.06299775,0.02392932,-0.02397527,0.06263860,-0.06290069,0.00516207,-0.00516283,0.31033370,-0.31092513
1.44972486,1.34126150,-1.34352966,0.55578896,-0.55665928,0.73425605,-0.73517853,0.00168569,-0.00168893,0.05984919,-0.06012615,0.02474480,-0.02478814,0.06019329,-0.06044525,0.00543873,-0.00543991,0.30493564,-0.30551186
1.45572786,1.32085741,-1.32307923,0.54678256,-0.54763530,0.72569599,-0.72661458,0.00170394,-0.00170669,0.05710527,-0.05737098,0.02572702,-0.02576805,0.05785637,-0.05809738,0.00580297,-0.00580458,0.30010626,-0.30066456
1.46173087,1.30346836,-1.30563073,0.53885110,-0.53968127,0.71883360,-0.71974088,0.00176017,-0.00176250,0.05451103,-0.05476417,0.02685636,-0.02689536,0.05563254,-0.05586195,0.00625222,-0.00625428,0.29580741,-0.29634545
1.46773387,1.28902450,-1.29111612,0.53195897,-0.53276220,0.71362014,-0.71450957,0.00185163,-0.00185359,0.05209487,-0.05233439,0.02811267,-0.02814988,0.05352575,-0.05374311,0.00678304,-0.00678552,0.29200327,-0.29251907
1.47373687,1.27743764,-1.27944883,0.52606845,-0.52684095,0.70999074,-0.71085659,0.00197567,-0.00197730,0.04988185,-0.05010696,0.02947546,-0.02951110,0.05153952,-0.05174454,0.00739101,-0.00739388,0.28866197,-0.28915388
1.47973987,1.26860804,-1.27053060,0.52114225,-0.52188076,0.70786879,-0.70870597,0.00212980,-0.00213112,0.04789367,-0.04810381,0.03092421,-0.03095847,0.04967724,-0.04986977,0.00807064,-0.00807384,0.28575702,-0.28622370
1.48574287,1.26243098,-1.26425794,0.51714577,-0.51784747,0.70717025,-0.70797428,0.00231159,-0.00231262,0.04614862,-0.04634347,0.03243866,-0.03247168,0.04794242,-0.04812249,0.00881533,-0.00881878,0.28326857,-0.28370891
1.49174587,1.25880255,-1.26052796,0.51404896,-0.51471139,0.70780781,-0.70857462,0.00251871,-0.00251946,0.04466166,-0.04484108,0.03399909,-0.03403097,0.04633900,-0.04650675,0.00961733,-0.00962092,0.28118432,-0.28159745
1.49774887,1.25762452,-1.25924327,0.51182765,-0.51244867,0.70969437,-0.71042026,0.00274893,-0.00274937,0.04344439,-0.04360842,0.03558666,-0.03561746,0.04487147,-0.04502715,0.01046776,-0.01047138,0.27950011,-0.27988533
1.50375188,1.25880782,-1.26031550,0.51046421,-0.51104195,0.71274613,-0.71342763,0.00300007,-0.00300020,0.04250501,-0.04265385,0.03718368,-0.03721341,0.04354499,-0.04368894,0.01135669,-0.01136020,0.27821995,-0.27857674
1.50975488,1.26227466,-1.26366741,0.50994757,-0.51048037,0.71688472,-0.71751858,0.00327009,-0.00326987,0.04184834,-0.04198234,0.03877396,-0.03880258,0.04236532,-0.04249796,0.01227324,-0.01227650,0.27735567,-0.27768362
1.51575788,1.26795879,-1.26923330,0.51027242,-0.51075884,0.72203862,-0.72262176,0.00355706,-0.00355647,0.04147572,-0.04159533,0.04034302,-0.04037045,0.04133870,-0.04146054,0.01320579,-0.01320864,0.27692593,-0.27722478
1.52176088,1.27580415,-1.27695763,0.51143767,-0.51187652,0.72814355,-0.72867307,0.00385922,-0.00385823,0.04138491,-0.04149069,0.04187831,-0.04190446,0.04047159,-0.04058317,0.01414217,-0.01414443,0.27695473,-0.27722435
1.52776388,1.28576170,-1.28679193,0.51344426,-0.51383459,0.73514194,-0.73561518,0.00417500,-0.00417357,0.04156998,-0.04166261,0.04336942,-0.04339414,0.03977025,-0.03987218,0.01506994,-0.01507145,0.27746939,-0.27770979
1.53376688,1.29778449,-1.29868995,0.51629222,-0.51663338,0.74298149,-0.74339606,0.00450306,-0.00450117,0.04202119,-0.04210142,0.04480811,-0.04483125,0.03924032,-0.03933326,0.01597670,-0.01597729,0.27849811,-0.27870948
1.53976988,1.31182139,-1.31260138,0.51997725,-0.52026896,0.75161269,-0.75196659,0.00484231,-0.00483993,0.04272488,-0.04279356,0.04618836,-0.04620975,0.03888625,-0.03897089,0.01685040,-0.01684991,0.28006706,-0.28024977
1.54577289,1.32780939,-1.32846417,0.52448694,-0.52472935,0.76098573,-0.76127744,0.00519196,-0.00518906,0.04366338,-0.04372144,0.04750628,-0.04752578,0.03871068,-0.03878776,0.01767968,-0.01767795,0.28219730,-0.28235195
1.55177589,1.34566512,-1.34619610,0.52979674,-0.52999049,0.77104660,-0.77127519,0.00555147,-0.00554804,0.04481497,-0.04486339,0.04875997,-0.04877743,0.03871390,-0.03878420,0.01845413,-0.01845103,0.28490152,-0.28502899
1.55777889,1.36527588,-1.36568575,0.53586599,-0.53601226,0.78173279,-0.78189804,0.00592058,-0.00591660,0.04615390,-0.04619374,0.04994923,-0.04996453,0.03889322,-0.03895755,0.01916464,-0.01916005,0.28818083,-0.28828226
1.56378189,1.38649065,-1.38678356,0.54263417,-0.54273476,0.79296877,-0.79307125,0.00629924,-0.00629471,0.04765051,-0.04768290,0.05107527,-0.05108833,0.03924250,-0.03930170,0.01980355,-0.01979740,0.29202176,-0.29209859
1.56978489,1.40911175,-1.40929337,0.55001763,-0.55007498,0.80466141,-0.80470257,0.00668755,-0.00668249,0.04927146,-0.04929756,0.05214027,-0.05215105,0.03975172,-0.03980667,0.02036491,-0.02035712,0.29639357,-0.29644759
1.57578789,1.43288757,-1.43296513,0.55790712,-0.55792430,0.81669584,-0.81667806,0.00708569,-0.00708012,0.05098006,-0.05100108,0.05314691,-0.05315544,0.04040675,-0.04045833,0.02084448,-0.02083502,0.30124621,-0.30127952
1.58179090,1.45750703,-1.45748935,0.56616614,-0.56614688,0.82893183,-0.82885843,0.00749381,-0.00748775,0.05273675,-0.05275391,0.05409793,-0.05410425,0.04118920,-0.04123829,0.02123985,-0.02122871,0.30650891,-0.30652392
1.58779390,1.48259623,-1.48249360,0.57463051,-0.57457914,0.84120111,-0.84107637,0.00791186,-0.00790536,0.05449967,-0.05451422,0.05499551,-0.05499976,0.04207651,-0.04212399,0.02155031,-0.02153752,0.31208959,-0.31208899
1.59379690,1.50771780,-1.50754189,0.58310920,-0.58303059,0.85330588,-0.85313497,0.00833951,-0.00833263,0.05622546,-0.05623861,0.05584087,-0.05584323,0.04304222,-0.04308897,0.02177676,-0.02176239,0.31787523,-0.31786197
1.59979990,1.53237330,-1.53213692,0.59138654,-0.59128598,0.86501876,-0.86480765,0.00877597,-0.00876878,0.05787006,-0.05788299,0.05663372,-0.05663442,0.04405645,-0.04410330,0.02192153,-0.02190567,0.32373321,-0.32371043
1.60580290,1.55600881,-1.55572567,0.59922574,-0.59910888,0.87608430,-0.87583965,0.00921985,-0.00921244,0.05938967,-0.05940351,0.05737194,-0.05737126,0.04508654,-0.04513427,0.02198810,-0.02197088,0.32951362,-0.32948459
1.61180590,1.57802387,-1.57770829,0.60637386,-0.60624654,0.88622223,-0.88595125,0.00966908,-0.00966152,0.06074180,-0.06075758,0.05805122,-0.05804947,0.04609782,-0.04614715,0.02198083,-0.02196240,0.33505257,-0.33502061
1.61780890,1.59778370,-1.59745023,0.61256791,-0.61243603,0.89513243,-0.89484267,0.01012075,-0.01011316,0.06188630,-0.06190498,0.05866492,-0.05866245,0.04705463,-0.04710618,0.02190468,-0.02188521,0.34017630,-0.34014470
1.62381191,1.61463423,-1.61429732,0.61754204,-0.61741140,0.90250152,-0.90220074,0.01057112,-0.01056360,0.06278650,-0.06280888,0.05920400,-0.05920118,0.04792129,-0.04797560,0.02176487,-0.02174455,0.34470603,-0.34467797
1.62981491,1.62791967,-1.62759330,0.62103543,-0.62091157,0.90801095,-0.90770687,0.01101554,-0.01100819,0.06341014,-0.06343689,0.05965713,-0.05965433,0.04866322,-0.04872070,0.02156663,-0.02154567,0.34846338,-0.34844184
1.63581791,1.63700193,-1.63669922,0.62280064,-0.62268871,0.91134631,-0.91104644,0.01144852,-0.01144146,0.06373040,-0.06376204,0.06001096,-0.06000856,0.04924803,-0.04930898,0.02131492,-0.02129355,0.35127602,-0.35126371
1.64182091,1.64128106,-1.64101396,0.62261210,-0.62251669,0.91220746,-0.91191888,0.01186379,-0.01185713,0.06372669,-0.06376355,0.06025052,-0.06024887,0.04964656,-0.04971115,0.02101427,-0.02099270,0.35298352,-0.35298279
1.64782391,1.64021593,-1.63999490,0.62027419,-0.62019927,0.91031908,-0.91004828,0.01225444,-0.01224830,0.06338528,-0.06342753,0.06035975,-0.06035917,0.04983385,-0.04990211,0.02066860,-0.02064706,0.35344293,-0.35345573
1.65382691,1.63334421,-1.63317799,0.61562882,-0.61557758,0.90544121,-0.90519393,0.01261312,-0.01260759,0.06269978,-0.06274741,0.06032214,-0.06032294,0.04978992,-0.04986176,0.02028118,-0.02025990,0.35253397,-0.35256177
1.65982991,1.62030069,-1.62019609,0.60856183,-0.60853665,0.89737922,-0.89716034,0.01293223,-0.01292741,0.06167135,-0.06172418,0.06012150,-0.06012391,0.04950046,-0.04957565,0.01985460,-0.01983378,0.35016356,-0.35020735
1.66583292,1.60083314,-1.60079494,0.59900816,-0.59901057,0.88599281,-0.88580618,0.01320422,-0.01320019,0.06030871,-0.06036641,0.05974269,-0.05974692,0.04895724,-0.04903543,0.01939085,-0.01937069,0.34626947,-0.34632974
1.67183592,1.57481484,-1.57484570,0.58695540,-0.58698605,0.87120342,-0.87105188,0.01342183,-0.01341866,0.05862788,-0.05868996,0.05917247,-0.05917864,0.04815833,-0.04823908,0.01889138,-0.01887205,0.34082301,-0.34089974
1.67783892,1.54225320,-1.54235370,0.57244556,-0.57250425,0.85299992,-0.85288520,0.01357840,-0.01357613,0.05665168,-0.05671754,0.05840019,-0.05840840,0.04710812,-0.04719089,0.01835732,-0.01833898,0.33383048,-0.33392314
1.68384192,1.50329407,-1.50346275,0.55557503,-0.55566077,0.83144200,-0.83136477,0.01366812,-0.01366680,0.05440906,-0.05447798,0.05741853,-0.05742879,0.04581710,-0.04590126,0.01778961,-0.01777240,0.32533348,-0.32544111
1.68984492,1.45822134,-1.45845488,0.53649266,-0.53660371,0.80666132,-0.80662118,0.01368634,-0.01368597,0.05193419,-0.05200540,0.05622404,-0.05623632,0.04430139,-0.04438629,0.01718923,-0.01717324,0.31540801,-0.31552922
1.69584792,1.40745210,-1.40774543,0.51539607,-0.51553003,0.77886008,-0.77885566,0.01362972,-0.01363032,0.04926546,-0.04933812,0.05481760,-0.05483181,0.04258219,-0.04266713,0.01655736,-0.01654268,0.30416239,-0.30429545
1.70185093,1.35152716,-1.35187377,0.49252635,-0.49268030,0.74830731,-0.74833632,0.01349647,-0.01349801,0.04644434,-0.04651759,0.05320467,-0.05322065,0.04068499,-0.04076927,0.01589561,-0.01588228,0.29173420,-0.29187707
1.70785393,1.29109782,-1.29148993,0.46816152,-0.46833210,0.71533281,-0.71539219,0.01328642,-0.01328885,0.04351420,-0.04358718,0.05139539,-0.05141294,0.03863872,-0.03872163,0.01520611,-0.01519415,0.27828626,-0.27843668
1.71385693,1.22690902,-1.22733788,0.44260879,-0.44279230,0.68031920,-0.68040518,0.01300106,-0.01300433,0.04051914,-0.04059103,0.04940445,-0.04942336,0.03647479,-0.03655566,0.01449166,-0.01448108,0.26400196,-0.26415752
1.71985993,1.15978004,-1.16023618,0.41619622,-0.41638880,0.64369225,-0.64380053,0.01264358,-0.01264762,0.03750284,-0.03757285,0.04725088,-0.04727086,0.03422614,-0.03430436,0.01375580,-0.01374655,0.24908009,-0.24923830
1.72586293,1.09058317,-1.09105669,0.38926405,-0.38946170,0.60591010,-0.60603596,0.01221873,-0.01222345,0.03450753,-0.03457495,0.04495753,-0.04497831,0.03192630,-0.03200129,0.01300277,-0.01299481,0.23372942,-0.23388776
1.73186593,1.02022163,-1.02070244,0.36215592,-0.36235470,0.56745165,-0.56759006,0.01173270,-0.01173802,0.03157306,-0.03163724,0.04255054,-0.04257180,0.02960844,-0.02967971,0.01223754,-0.01223079,0.21816323,-0.21831921
1.73786893,0.94960727,-0.95008533,0.33521056,-0.33540660,0.52880470,-0.52895048,0.01119294,-0.01119876,0.02873610,-0.02879651,0.04005859,-0.04008001,0.02730459,-0.02737172,0.01146571,-0.01146008,0.20259401,-0.20274525
1.74387194,0.87963917,-0.88010468,0.30875403,-0.30894365,0.49045431,-0.49060224,0.01060790,-0.01061410,0.02602957,-0.02608573,0.03751214,-0.03753340,0.02504489,-0.02510755,0.01069335,-0.01068873,0.18722850,-0.18737274
1.74987494,0.81118357,-0.81162719,0.28309281,-0.28327260,0.45287170,-0.45301663,0.00998676,-0.00999324,0.02348214,-0.02353371,0.03494258,-0.03496336,0.02285701,-0.02291495,0.00992690,-0.00992318,0.17226328,-0.17239846
1.75587794,0.74505608,-0.74546905,0.25850801,-0.25867484,0.41650417,-0.41664112,0.00933914,-0.00934580,0.02111802,-0.02116474,0.03238140,-0.03240141,0.02076566,-0.02081871,0.00917298,-0.00917004,0.15788095,-0.15800517
1.76188094,0.68200625,-0.68238056,0.23525065,-0.23540172,0.38176620,-0.38189043,0.00867486,-0.00868159,0.01895682,-0.01899853,0.02985940,-0.02987834,0.01879228,-0.01884035,0.00843820,-0.00843591,0.14424699,-0.14435861
1.76788394,0.62270514,-0.62303361,0.21353815,-0.21367106,0.34903207,-0.34913917,0.00800361,-0.00801031,0.01701359,-0.01705020,0.02740591,-0.02742352,0.01695482,-0.01699791,0.00772899,-0.00772722,0.13150739,-0.13160499
1.77388694,0.56773578,-0.56801214,0.19355204,-0.19366474,0.31862990,-0.31871590,0.00733469,-0.00734129,0.01529894,-0.01533047,0.02504815,-0.02506420,0.01526768,-0.01530585,0.00705143,-0.00705005,0.11978698,-0.11986939
1.77988994,0.51758662,-0.51780559,0.17543668,-0.17552755,0.29083749,-0.29089884,0.00667686,-0.00668327,0.01381931,-0.01384584,0.02281067,-0.02282495,0.01374172,-0.01377508,0.00641110,-0.00640998,0.10918845,-0.10925475
1.78589295,0.47264778,-0.47280513,0.15929911,-0.15936691,0.26587947,-0.26591315,0.00603809,-0.00604424,0.01257728,-0.01259895,0.02071496,-0.02072729,0.01238437,-0.01241310,0.00581293,-0.00581196,0.09979203,-0.09984156
1.79189595,0.43320992,-0.43330250,0.14520961,-0.14525351,0.24392607,-0.24392962,0.00542545,-0.00543130,0.01157187,-0.01158888,0.01877912,-0.01878935,0.01119983,-0.01122415,0.00526115,-0.00526022,0.09165564,-0.09168801
1.79789895,0.39946538,-0.39949116,0.13320304,-0.13322263,0.22509312,-0.22506470,0.00484506,-0.00485055,0.01079892,-0.01081152,0.01701770,-0.01702573,0.01018930,-0.01020948,0.00475918,-0.00475820,0.08481564,-0.08483070
1.80390195,0.37151120,-0.37146931,0.12328071,-0.12327597,0.20944319,-0.20938157,0.00430199,-0.00430710,0.01025141,-0.01025991,0.01544172,-0.01544747,0.00935128,-0.00936760,0.00430966,-0.00430853,0.07928777,-0.07928564
1.80990495,0.34935379,-0.34924453,0.11541264,-0.11538395,0.19698766,-0.19689230,0.00380033,-0.00380504,0.00991983,-0.00992456,0.01405870,-0.01406213,0.00868181,-0.00869459,0.00391440,-0.00391305,0.07506850,-0.07504954
1.81590795,0.33291477,-0.33273965,0.10954007,-0.10948820,0.18768961,-0.18756065,0.00334323,-0.00334752,0.00979242,-0.00979375,0.01287288,-0.01287399,0.00817479,-0.00818438,0.00357445,-0.00357282,0.07213652,-0.07210138
1.82191096,0.32203785,-0.32179955,0.10557813,-0.10550427,0.18146728,-0.18130557,0.00293296,-0.00293683,0.00985546,-0.00985380,0.01188549,-0.01188431,0.00782229,-0.00782904,0.00329018,-0.00328822,0.07045438,-0.07040395
1.82791396,0.31649631,-0.31619874,0.10341868,-0.10332439,0.17819804,-0.17800515,0.00257106,-0.00257452,0.01009352,-0.01008929,0.01109511,-0.01109171,0.00761480,-0.00761907,0.00306134,-0.00305902,0.06997023,-0.06990566
1.83391696,0.31600118,-0.31564939,0.10293307,-0.10282028,0.17772274,-0.17750094,0.00225846,-0.00226152,0.01048961,-0.01048326,0.01049806,-0.01049252,0.00754150,-0.00754368,0.00288722,-0.00288450,0.07061957,-0.07054225
1.83991996,0.32020964,-0.31980982,0.10397507,-0.10384606,0.17985035,-0.17960261,0.00199564,-0.00199831,0.01102545,-0.01101745,0.01008881,-0.01008126,0.00759053,-0.00759099,0.00276672,-0.00276360,0.07232708,-0.07223864
1.84592296,0.32873397,-0.32829337,0.10638372,-0.10624113,0.18436287,-0.18409281,0.00178275,-0.00178506,0.01168164,-0.01167246,0.00986050,-0.00985108,0.00774918,-0.00774830,0.00269856,-0.00269503,0.07500847,-0.07491076
1.85192596,0.34115064,-0.34067743,0.10998636,-0.10983309,0.19102048,-0.19073230,0.00161981,-0.00162177,0.01243784,-0.01242797,0.00980529,-0.00979419,0.00800416,-0.00800232,0.00268137,-0.00267743,0.07857231,-0.07846740
1.85792896,0.35700975,-0.35651295,0.11460163,-0.11444086,0.19956682,-0.19926529,0.00150678,-0.00150842,0.01327309,-0.01326303,0.00991490,-0.00990229,0.00834176,-0.00833935,0.00271389,-0.00270955,0.08292199,-0.08281208
1.86393197,0.37584469,-0.37533393,0.12004268,-0.11987776,0.20973460,-0.20942487,0.00144375,-0.00144508,0.01416603,-0.01415627,0.01018094,-0.01016703,0.00874812,-0.00874550,0.00279509,-0.00279035,0.08795757,-0.08784503
1.86993497,0.39718198,-0.39666734,0.12612042,-0.12595486,0.22125115,-0.22093870,0.00143098,-0.00143202,0.01509528,-0.01508629,0.01059534,-0.01058033,0.00920937,-0.00920690,0.00292431,-0.00291920,0.09357778,-0.09346503
1.87593797,0.42055115,-0.42004292,0.13264694,-0.13248429,0.23384417,-0.23353467,0.00146899,-0.00146974,0.01603977,-0.01603202,0.01115063,-0.01113475,0.00971188,-0.00970991,0.00310146,-0.00309598,0.09968190,-0.09957143
1.88194097,0.44549466,-0.44500305,0.13943902,-0.13928279,0.24724751,-0.24694664,0.00155861,-0.00155909,0.01697921,-0.01697311,0.01184031,-0.01182375,0.01024246,-0.01024130,0.00332706,-0.00332122,0.10617172,-0.10606597
1.88794397,0.47157747,-0.47111234,0.14632157,-0.14617518,0.26120670,-0.26092001,0.00170100,-0.00170121,0.01789452,-0.01789046,0.01265899,-0.01264195,0.01078854,-0.01078850,0.00360243,-0.00359623,0.11295333,-0.11285466
1.89394697,0.49839613,-0.49796672,0.15313120,-0.15299781,0.27548437,-0.27521713,0.00189764,-0.00189757,0.01876832,-0.01876663,0.01360261,-0.01358525,0.01133839,-0.01133972,0.00392973,-0.00392316,0.11993883,-0.11984946
1.89994997,0.52558721,-0.52520183,0.15971943,-0.15960194,0.28986522,-0.28962221,0.00215027,-0.00214992,0.01958545,-0.01958640,0.01466851,-0.01465100,0.01188129,-0.01188422,0.00431208,-0.00430511,0.12704791,-0.12696982
1.90595298,0.55283460,-0.55250035,0.16595584,-0.16585673,0.30416041,-0.30394579,0.00246088,-0.00246022,0.02033339,-0.02033719,0.01585551,-0.01583796,0.01240769,-0.01241242,0.00475355,-0.00474614,0.13420907,-0.13414398
1.91195598,0.57987551,-0.57959804,0.17173066,-0.17165196,0.31821129,-0.31802844,0.00283158,-0.00283058,0.02100278,-0.02100954,0.01716387,-0.01714636,0.01290939,-0.01291606,0.00525920,-0.00525128,0.14136065,-0.14130996
1.91795898,0.60650490,-0.60628820,0.17695700,-0.17690018,0.33189223,-0.33174365,0.00326451,-0.00326314,0.02158768,-0.02159745,0.01859520,-0.01857776,0.01337961,-0.01338833,0.00583507,-0.00582657,0.14845153,-0.14841622
1.92396198,0.63257822,-0.63242442,0.18157231,-0.18153827,0.34511253,-0.34499971,0.00376175,-0.00375996,0.02208598,-0.02209869,0.02015233,-0.02013497,0.01381313,-0.01382394,0.00648809,-0.00647889,0.15544134,-0.15542202
1.92996498,0.65801212,-0.65792145,0.18553923,-0.18552824,0.35781722,-0.35774058,0.00432519,-0.00432294,0.02249946,-0.02251497,0.02183916,-0.02182180,0.01420628,-0.01421918,0.00722600,-0.00721598,0.16230048,-0.16229729
1.93596798,0.68278339,-0.68275406,0.18884563,-0.18885735,0.36998687,-0.36994571,0.00495642,-0.00495364,0.02283391,-0.02285199,0.02366039,-0.02364292,0.01455699,-0.01457194,0.00805719,-0.00804620,0.16900962,-0.16902226
1.94197099,0.70692591,-0.70695419,0.19150384,-0.19153729,0.38163626,-0.38162881,0.00565657,-0.00565321,0.02309899,-0.02311935,0.02562131,-0.02560357,0.01486474,-0.01488163,0.00899050,-0.00897836,0.17555894,-0.17558667
1.94797399,0.73052602,-0.73060628,0.19354904,-0.19360268,0.39281219,-0.39283561,0.00642626,-0.00642224,0.02330804,-0.02333030,0.02772751,-0.02770929,0.01513048,-0.01514918,0.01003501,-0.01002155,0.18194712,-0.18198878
1.95397699,0.75371629,-0.75384122,0.19503698,-0.19510875,0.40359035,-0.40364081,0.00726545,-0.00726069,0.02347763,-0.02350135,0.02998464,-0.02996568,0.01535657,-0.01537690,0.01119975,-0.01118477,0.18818009,-0.18823413
1.95997999,0.77666832,-0.77682909,0.19604097,-0.19612833,0.41407159,-0.41414440,0.00817336,-0.00816780,0.02362708,-0.02365178,0.03239814,-0.03237817,0.01554663,-0.01556837,0.01249341,-0.01247669,0.19426971,-0.19433424
1.96598299,0.79958466,-0.79977122,0.19664832,-0.19674841,0.42437769,-0.42446742,0.00914843,-0.00914200,0.02377780,-0.02380298,0.03497301,-0.03495171,0.01570541,-0.01572832,0.01392395,-0.01390529,0.20023242,-0.20030527
1.97198599,0.82269040,-0.82289178,0.19695645,-0.19706614,0.43464680,-0.43474748,0.01018827,-0.01018089,0.02395253,-0.02397766,0.03771361,-0.03769065,0.01583861,-0.01586243,0.01549831,-0.01547749,0.20608796,-0.20616676
1.97798899,0.84622481,-0.84642946,0.19706872,-0.19718472,0.44502895,-0.44513419,0.01128960,-0.01128120,0.02417453,-0.02419910,0.04062348,-0.04059853,0.01595278,-0.01597723,0.01722196,-0.01719880,0.21185833,-0.21194057
1.98399200,0.87043330,-0.87062947,0.19709017,-0.19720919,0.45568150,-0.45578475,0.01244829,-0.01243883,0.02446672,-0.02449025,0.04370524,-0.04367796,0.01605511,-0.01607990,0.01909860,-0.01907293,0.21756687,-0.21764996
1.98999500,0.89556006,-0.89573611,0.19712352,-0.19724232,0.46676496,-0.46685966,0.01365937,-0.01364880,0.02485081,-0.02487284,0.04696045,-0.04693053,0.01615332,-0.01617819,0.02112977,-0.02110145,0.22323770,-0.22331909
1.99599800,0.92184154,-0.92198632,0.19726530,-0.19738083,0.47843913,-0.47851890,0.01491706,-0.01490536,0.02534644,-0.02536658,0.05038962,-0.05035677,0.01625553,-0.01628019,0.02331455,-0.02328346,0.22889543,-0.22897264
2.00200100,0.94950088,-0.94960404,0.19760251,-0.19771201,0.49085965,-0.49091849,0.01621486,-0.01620201,0.02597043,-0.02598836,0.05399211,-0.05395609,0.01637011,-0.01639433,0.02564925,-0.02561534,0.23456511,-0.23463582
2.00800400,0.97874327,-0.97879558,0.19820981,-0.19831088,0.50417494,-0.50420738,0.01754557,-0.01753159,0.02673609,-0.02675157,0.05776616,-0.05772678,0.01650562,-0.01652915,0.02812722,-0.02809049,0.24027245,-0.24033455
2.01400700,1.00975225,-1.00974579,0.19914734,-0.19923800,0.51852349,-0.51852472,0.01890144,-0.01888636,0.02765268,-0.02766555,0.06170885,-0.06166598,0.01667064,-0.01669328,0.03073871,-0.03069920,0.24604419,-0.24609583
2.02001001,1.04268663,-1.04261503,0.20045925,-0.20053798,0.53403146,-0.53399746,0.02027421,-0.02025809,0.02872500,-0.02873520,0.06581605,-0.06576961,0.01687373,-0.01689530,0.03347078,-0.03342860,0.25190855,-0.25194819
2.02601301,1.07767793,-1.07753649,0.20217291,-0.20223869,0.55081035,-0.55073797,0.02165523,-0.02163816,0.02995315,-0.02996072,0.07008234,-0.07003235,0.01712326,-0.01714364,0.03630735,-0.03626267,0.25789567,-0.25792209
2.03201601,1.11482807,-1.11461387,0.20429881,-0.20435113,0.56895477,-0.56884179,0.02303555,-0.02301763,0.03133251,-0.03133755,0.07450092,-0.07444747,0.01742735,-0.01744644,0.03922929,-0.03918235,0.26403796,-0.26405027
2.03801901,1.15420714,-1.15391904,0.20683115,-0.20686998,0.58854010,-0.58838527,0.02440598,-0.02438735,0.03285382,-0.03285654,0.07906340,-0.07900666,0.01779369,-0.01781142,0.04221467,-0.04216575,0.27037020,-0.27036788
2.04402201,1.19585094,-1.19548961,0.20974899,-0.20977475,0.60962004,-0.60942308,0.02575720,-0.02573802,0.03450349,-0.03450416,0.08375959,-0.08369982,0.01822939,-0.01824575,0.04523904,-0.04518850,0.27692949,-0.27691234
2.05002501,1.23975841,-1.23932624,0.21301778,-0.21303132,0.63222397,-0.63198554,0.02707983,-0.02706028,0.03626408,-0.03626303,0.08857721,-0.08851474,0.01874082,-0.01875584,0.04827580,-0.04822404,0.28375483,-0.28372299
2.05602801,1.28588878,-1.28538977,0.21659148,-0.21659400,0.65635418,-0.65607586,0.02836447,-0.02834475,0.03811482,-0.03811244,0.09350155,-0.09343679,0.01933338,-0.01934712,0.05129670,-0.05124415,0.29088649,-0.29084041
2.06203102,1.33415867,-1.33359828,0.22041477,-0.22040777,0.68198312,-0.68166735,0.02960176,-0.02958208,0.04003240,-0.04002910,0.09851511,-0.09844853,0.02001134,-0.02002391,0.05427228,-0.05421942,0.29836513,-0.29830553
2.06803402,1.38443931,-1.38382432,0.22442553,-0.22441073,0.70905078,-0.70870077,0.03078242,-0.03076301,0.04199169,-0.04198790,0.10359726,-0.10352940,0.02077757,-0.02078911,0.05717246,-0.05711979,0.30623073,-0.30615858
2.07403702,1.43655435,-1.43589265,0.22855744,-0.22853670,0.73746249,-0.73708211,0.03189731,-0.03187839,0.04396661,-0.04396275,0.10872390,-0.10865537,0.02163338,-0.02164406,0.05996710,-0.05991512,0.31452155,-0.31443802
2.08004002,1.49027861,-1.48957894,0.23274245,-0.23271774,0.76708736,-0.76668107,0.03293743,-0.03291923,0.04593094,-0.04592745,0.11386724,-0.11379869,0.02257832,-0.02258835,0.06262650,-0.06257572,0.32327310,-0.32317953
2.08604302,1.54533820,-1.54460998,0.23691338,-0.23688666,0.79775777,-0.79733048,0.03389396,-0.03387670,0.04785923,-0.04785649,0.11899564,-0.11892774,0.02361003,-0.02361965,0.06512203,-0.06507294,0.33251742,-0.33241530
2.09204602,1.60141269,-1.60066578,0.24100617,-0.24097937,0.82927011,-0.82882707,0.03475833,-0.03474223,0.04972752,-0.04972589,0.12407363,-0.12400710,0.02472421,-0.02473368,0.06742654,-0.06737963,0.34228275,-0.34217363
2.09804902,1.65813963,-1.65738403,0.24496218,-0.24493711,0.86138710,-0.86093377,0.03552226,-0.03550752,0.05151410,-0.05151388,0.12906213,-0.12899767,0.02591453,-0.02592412,0.06951489,-0.06947059,0.35259363,-0.35247910
2.10405203,1.71512173,-1.71436741,0.24873011,-0.24870843,0.89384199,-0.89338390,0.03617782,-0.03616461,0.05320013,-0.05320157,0.13391883,-0.13385718,0.02717279,-0.02718280,0.07136431,-0.07132304,0.36347172,-0.36335338
2.11005503,1.77193707,-1.77119371,0.25226784,-0.25225102,0.92634451,-0.92588712,0.03671749,-0.03670597,0.05477018,-0.05477346,0.13859891,-0.13854078,0.02848904,-0.02849975,0.07295475,-0.07291685,0.37493719,-0.37481661
2.11605803,1.82815219,-1.82742891,0.25554393,-0.25553323,0.95858889,-0.95813749,0.03713432,-0.03712462,0.05621260,-0.05621784,0.14305588,-0.14300195,0.02985186,-0.02986357,0.07426914,-0.07423493,0.38701084,-0.38688950
2.12206103,1.88333779,-1.88264300,0.25853898,-0.25853541,0.99026360,-0.98982313,0.03742199,-0.03741421,0.05751982,-0.05752707,0.14724275,-0.14719367,0.03124874,-0.03126173,0.07529363,-0.07526335,0.39971674,-0.39959600
2.12806403,1.93708679,-1.93642794,0.26124658,-0.26125090,1.02106258,-1.02063754,0.03757500,-0.03756921,0.05868847,-0.05869771,0.15111333,-0.15106969,0.03266649,-0.03268105,0.07601772,-0.07599156,0.41308527,-0.41296634
2.13406703,1.98903369,-1.98841710,0.26367408,-0.26368681,1.05069764,-1.05029195,0.03758878,-0.03758501,0.05971941,-0.05973058,0.15462375,-0.15458609,0.03409181,-0.03410817,0.07643437,-0.07641246,0.42715639,-0.42704030
2.14007004,2.03887454,-2.03830525,0.26584301,-0.26586440,1.07891128,-1.07852819,0.03745988,-0.03745814,0.06061764,-0.06063061,0.15773401,-0.15770278,0.03551179,-0.03553019,0.07654005,-0.07652246,0.44198283,-0.44187043
2.14607304,2.08638623,-2.08586788,0.26778908,-0.26781915,1.10548946,-1.10513146,0.03718614,-0.03718641,0.06139206,-0.06140664,0.16040963,-0.16038519,0.03691451,-0.03693513,0.07633475,-0.07632150,0.45763290,-0.45752478
2.15207604,2.13144390,-2.13097862,0.26956185,-0.26960041,1.13027347,-1.12994219,0.03676684,-0.03676905,0.06205512,-0.06207111,0.16262313,-0.16260575,0.03828958,-0.03831258,0.07582197,-0.07581301,0.47419243,-0.47408897
2.15807904,2.17403507,-2.17362346,0.27122395,-0.27127059,1.15317012,-1.15286633,0.03620284,-0.03620693,0.06262246,-0.06263962,0.16435547,-0.16434532,0.03962865,-0.03965415,0.07500867,-0.07500389,0.49176577,-0.49166709
2.16408204,2.21426939,-2.21391046,0.27284976,-0.27290388,1.17415958,-1.17388310,0.03549675,-0.03550260,0.06311234,-0.06313041,0.16559715,-0.16559426,0.04092580,-0.04095387,0.07390512,-0.07390438,0.51047526,-0.51038125
2.17008504,2.25238262,-2.25207389,0.27452362,-0.27458449,1.19330008,-1.19304988,0.03465295,-0.03466044,0.06354512,-0.06356383,0.16634900,-0.16635332,0.04217786,-0.04220853,0.07252485,-0.07252794,0.53045906,-0.53036939
2.17608804,2.28873421,-2.28847177,0.27633751,-0.27640426,1.21072906,-1.21050320,0.03367772,-0.03368670,0.06394259,-0.06396168,0.16662261,-0.16663393,0.04338452,-0.04341777,0.07088442,-0.07089110,0.55186711,-0.55178122
2.18209105,2.32379778,-2.32357642,0.27838821,-0.27845988,1.22666021,-1.22645600,0.03257917,-0.03258948,0.06432730,-0.06434652,0.16644020,-0.16645823,0.04454832,-0.04458410,0.06900325,-0.06901324,0.57485518,-0.57477237
2.18809405,2.35814425,-2.35795769,0.28077400,-0.28084954,1.24137643,-1.24119045,0.03136722,-0.03137868,0.06472186,-0.06474099,0.16583413,-0.16585846,0.04567449,-0.04571271,0.06690333,-0.06691631,0.59957706,-0.59949647
2.19409705,2.39241809,-2.39225915,0.28359088,-0.28366920,1.25521857,-1.25504684,0.03005348,-0.03006591,0.06514820,-0.06516706,0.16484580,-0.16487592,0.04677053,-0.04681107,0.06460893,-0.06462457,0.62617512,-0.62609579
2.20010005,2.42730720,-2.42716808,0.28692856,-0.28700858,1.26857048,-1.26840860,0.02865106,-0.02866429,0.06562689,-0.06564533,0.16352418,-0.16355948,0.04784576,-0.04788847,0.06214624,-0.06216418,0.65476949,-0.65469041
2.20610305,2.46350765,-2.46338024,0.29086627,-0.29094690,1.28184070,-1.28168403,0.02717438,-0.02718821,0.06617644,-0.06619438,0.16192386,-0.16196367,0.04891059,-0.04895531,0.05954293,-0.05956280,0.68544646,-0.68536663
2.21210605,2.50168493,-2.50156108,0.29546853,-0.29554872,1.29544189,-1.29528569,0.02563884,-0.02565309,0.06681269,-0.06683008,0.16010282,-0.16014641,0.04997582,-0.05002236,0.05682774,-0.05684915,0.71824667,-0.71816515
2.21810905,2.54243352,-2.54230535,0.30078112,-0.30085989,1.30976856,-1.30960824,0.02406055,-0.02407504,0.06754822,-0.06756507,0.15812000,-0.15816659,0.05105177,-0.05109994,0.05402995,-0.05405252,0.75315367,-0.75306959
2.22411206,2.58623683,-2.58609705,0.30682754,-0.30690398,1.32517467,-1.32500592,0.02245597,-0.02247052,0.06839190,-0.06840830,0.15603272,-0.15608151,0.05214748,-0.05219710,0.05117891,-0.05120227,0.79008364,-0.78999629
2.23011506,2.63342996,-2.63327211,0.31360595,-0.31367925,1.34195183,-1.34177084,0.02084154,-0.02085600,0.06934857,-0.06936465,0.15389421,-0.15394439,0.05326989,-0.05332079,0.04830348,-0.04832725,0.82887708,-0.82878591
2.23611806,2.68416725,-2.68398597,0.32108699,-0.32115644,1.36030969,-1.36011328,0.01923332,-0.01924754,0.07041880,-0.07043474,0.15175127,-0.15180206,0.05442315,-0.05447515,0.04543156,-0.04545539,0.86929291,-0.86919760
2.24212106,2.73839674,-2.73818799,0.32921262,-0.32927763,1.38035928,-1.38014506,0.01764666,-0.01766051,0.07159882,-0.07161485,0.14964227,-0.14969291,0.05560799,-0.05566094,0.04258959,-0.04261315,0.91100591,-0.91090634
2.24812406,2.79584333,-2.79560449,0.33789600,-0.33795609,1.40210054,-1.40186702,0.01609590,-0.01610926,0.07288063,-0.07289702,0.14759553,-0.14764531,0.05682134,-0.05687512,0.03980213,-0.03982512,0.95360764,-0.95350391
2.25412706,2.85600178,-2.85573182,0.34702267,-0.34707748,1.42541468,-1.42516135,0.01459401,-0.01460679,0.07425225,-0.07426931,0.14562830,-0.14567656,0.05805613,-0.05811061,0.03709153,-0.03711366,0.99661127,-0.99650374
2.26013007,2.91814064,-2.91784011,0.35645295,-0.35650222,1.45006196,-1.44978932,0.01315246,-0.01316458,0.07569810,-0.07571614,0.14374617,-0.14379233,0.05930125,-0.05935634,0.03447757,-0.03449858,1.03946050,-1.03934971
2.26613307,2.98131697,-2.98098804,0.36602550,-0.36606908,1.47568508,-1.47539470,0.01178097,-0.01179237,0.07719955,-0.07721891,0.14194320,-0.14198675,0.06054185,-0.06059747,0.03197731,-0.03199697,1.08154217,-1.08142887
2.27213607,3.04440191,-3.04404824,0.37556209,-0.37559991,1.50181829,-1.50151272,0.01048745,-0.01049807,0.07873561,-0.07875661,0.14020260,-0.14024310,0.06175972,-0.06181582,0.02960499,-0.02962310,1.12220241,-1.12208751
2.27813907,3.10611583,-3.10574250,0.38487329,-0.38490534,1.52790168,-1.52758442,0.00927791,-0.00928773,0.08028365,-0.08030660,0.13849794,-0.13853504,0.06293404,-0.06299056,0.02737196,-0.02738835,1.16076579,-1.16065031
2.28414207,3.16507178,-3.16468507,0.39376482,-0.39379116,1.55330022,-1.55297563,0.00815649,-0.00816550,0.08182025,-0.08184545,0.13679488,-0.13682830,0.06404211,-0.06409903,0.02528678,-0.02530130,1.19655643,-1.19644148
2.29014507,3.21982527,-3.21943247,0.40204446,-0.40206518,1.57732660,-1.57699975,0.00712553,-0.00713373,0.08332210,-0.08334979,0.13505325,-0.13508280,0.06506040,-0.06511768,0.02335536,-0.02336787,1.22892057,-1.22880731
2.29614807,3.26892810,-3.26853726,0.40952910,-0.40954431,1.59926685,-1.59894340,0.00618567,-0.00619307,0.08476677,-0.08479717,0.13322942,-0.13325498,0.06596552,-0.06602315,0.02158115,-0.02159155,1.25724927,-1.25713883
2.30215108,3.31098373,-3.31060339,0.41605158,-0.41606140,1.61840761,-1.61809360,0.00533603,-0.00534265,0.08613364,-0.08616690,0.13127881,-0.13130032,0.06673534,-0.06679328,0.01996538,-0.01997358,1.28100037,-1.28089382
2.30815408,3.34470175,-3.34434064,0.42146714,-0.42147167,1.63406373,-1.63376541,0.00457438,-0.00458026,0.08740459,-0.08744081,0.12915836,-0.12917582,0.06734997,-0.06740820,0.01850739,-0.01851332,1.29971862,-1.29961694
2.31415708,3.36894876,-3.36861549,0.42565906,-0.42565838,1.64560501,-1.64532865,0.00389737,-0.00390255,0.08856468,-0.08860391,0.12682892,-0.12684238,0.06779281,-0.06785128,0.01720489,-0.01720848,1.31305304,-1.31295707
2.32016008,3.38279352,-3.38249630,0.42854329,-0.42853746,1.65248092,-1.65223259,0.00330076,-0.00330528,0.08960267,-0.08964488,0.12425735,-0.12426693,0.06805127,-0.06810994,0.01605428,-0.01605548,1.32077071,-1.32068112
2.32616308,3.38554425,-3.38529061,0.43007186,-0.43006090,1.65424215,-1.65402752,0.00277963,-0.00278353,0.09051140,-0.09055652,0.12141837,-0.12142420,0.06811755,-0.06817637,0.01505092,-0.01504970,1.32276628,-1.32268353
2.33216608,3.37677666,-3.37657317,0.43023489,-0.43021879,1.65055821,-1.65038234,0.00232861,-0.00233194,0.09128801,-0.09133591,0.11829584,-0.11829810,0.06798902,-0.06804792,0.01418945,-0.01418580,1.31906680,-1.31899112
2.33816908,3.35635143,-3.35620348,0.42906122,-0.42903993,1.64123028,-1.64109748,0.00194213,-0.00194493,0.09193402,-0.09198453,0.11488369,-0.11488260,0.06766851,-0.06772740,0.01346399,-0.01345790,1.30983163,-1.30976301
2.34417209,3.32442074,-3.32433234,0.42661747,-0.42659093,1.62619906,-1.62611270,0.00161456,-0.00161688,0.09245519,-0.09250807,0.11118634,-0.11118213,0.06716430,-0.06722310,0.01286838,-0.01285985,1.29534752,-1.29528569
2.35017509,3.28142378,-3.28139738,0.42300586,-0.42297398,1.60554715,-1.60550954,0.00134046,-0.00134233,0.09286129,-0.09291629,0.10721861,-0.10721151,0.06648993,-0.06654854,0.01239635,-0.01238543,1.27601898,-1.27596344
2.35617809,3.22807161,-3.22810803,0.41836068,-0.41832337,1.57949630,-1.57950860,0.00111468,-0.00111612,0.09316565,-0.09322250,0.10300515,-0.10299543,0.06566374,-0.06572205,0.01204171,-0.01202843,1.25235469,-1.25230469
2.36218109,3.16532255,-3.16542090,0.41284374,-0.41280093,1.54839961,-1.54846173,0.00093250,-0.00093355,0.09338473,-0.09344312,0.09857959,-0.09856750,0.06470829,-0.06476619,0.01179845,-0.01178289,1.22495023,-1.22490480
2.36818409,3.09434929,-3.09450696,0.40663905,-0.40659065,1.51272920,-1.51283981,0.00078978,-0.00079044,0.09353742,-0.09359705,0.09398320,-0.09396901,0.06364957,-0.06370695,0.01166090,-0.01164315,1.19446835,-1.19442633
2.37418709,3.01649937,-3.01671212,0.39994680,-0.39989277,1.47306014,-1.47321666,0.00068300,-0.00068328,0.09364442,-0.09370499,0.08926347,-0.08924744,0.06251607,-0.06257283,0.01162386,-0.01160402,1.16161735,-1.16157743
2.38019010,2.93325109,-2.93351312,0.39297723,-0.39291757,1.43005123,-1.43024991,0.00060935,-0.00060924,0.09372753,-0.09378877,0.08447242,-0.08445480,0.06133788,-0.06139390,0.01168269,-0.01166089,1.12712868,-1.12708944
2.38619310,2.84616652,-2.84647067,0.38594436,-0.38587909,1.38442368,-1.38465965,0.00056677,-0.00056626,0.09380893,-0.09387057,0.07966491,-0.07964594,0.06014559,-0.06020080,0.01183346,-0.01180984,1.09173469,-1.09169465
2.39219610,2.75684384,-2.75718177,0.37905996,-0.37898917,1.33693844,-1.33720589,0.00055398,-0.00055303,0.09391052,-0.09397233,0.07489693,-0.07487683,0.05896937,-0.05902370,0.01207307,-0.01204778,1.05614736,-1.05610504
2.39819910,2.66687073,-2.66723316,0.37252802,-0.37245181,1.28837329,-1.28866559,0.00057046,-0.00056903,0.09405327,-0.09411504,0.07022401,-0.07020295,0.05783796,-0.05789135,0.01239942,-0.01237260,1.02103875,-1.02099270
2.40420210,2.57778041,-2.57815743,0.36653971,-0.36645823,1.23950026,-1.23981018,0.00061648,-0.00061452,0.09425667,-0.09431823,0.06569975,-0.06567790,0.05677780,-0.05683024,0.01281151,-0.01278332,0.98702392,-0.98697283
2.41020510,2.49101196,-2.49139329,0.36126915,-0.36118258,1.19106446,-1.19138437,0.00069304,-0.00069049,0.09453825,-0.09459948,0.06137458,-0.06135207,0.05581230,-0.05586380,0.01330962,-0.01328019,0.95464675,-0.95458944
2.41620810,2.40787567,-2.40825100,0.35686994,-0.35677847,1.14376475,-1.14408684,0.00080186,-0.00079863,0.09491323,-0.09497402,0.05729473,-0.05727164,0.05496116,-0.05501175,0.01389541,-0.01386485,0.92436887,-0.92430440
2.42221111,2.32952459,-2.32988385,0.35347244,-0.35337629,1.09823686,-1.09855336,0.00094528,-0.00094129,0.09539419,-0.09545449,0.05350141,-0.05347777,0.05423991,-0.05428967,0.01457197,-0.01454037,0.89656207,-0.89648977
2.42821411,2.25693232,-2.25726602,0.35118184,-0.35108121,1.05503933,-1.05534277,0.00112618,-0.00112133,0.09599091,-0.09605068,0.05003023,-0.05000605,0.05365956,-0.05370860,0.01534390,-0.01531133,0.87150394,-0.87142344
2.43421711,2.19087743,-2.19117693,0.35007689,-0.34997198,1.01464255,-1.01492594,0.00134790,-0.00134210,0.09671023,-0.09676945,0.04691085,-0.04688608,0.05322642,-0.05327487,0.01621728,-0.01618373,0.84937666,-0.84928792
2.44022011,2.13193422,-2.13219199,0.35020919,-0.35010020,0.97742090,-0.97767795,0.00161410,-0.00160723,0.09755596,-0.09761464,0.04416681,-0.04414137,0.05294203,-0.05299007,0.01719950,-0.01716495,0.83026873,-0.83017209
2.44622311,2.08046941,-2.08067926,0.35160301,-0.35149012,0.94364808,-0.94387337,0.00192861,-0.00192056,0.09852890,-0.09858708,0.04181545,-0.04178921,0.05280330,-0.05285112,0.01829907,-0.01826346,0.81417908,-0.81407525
2.45222611,2.03664420,-2.03680146,0.35425535,-0.35413876,0.91349536,-0.91368449,0.00229523,-0.00228591,0.09962683,-0.09968454,0.03986801,-0.03984084,0.05280265,-0.05285049,0.01952531,-0.01948853,0.80102336,-0.80091341
2.45822911,2.00042102,-2.00052272,0.35813636,-0.35801629,0.88703265,-0.88718236,0.00271761,-0.00270691,0.10084445,-0.10090175,0.03832978,-0.03830151,0.05292839,-0.05297651,0.02088788,-0.02084978,0.79064169,-0.79052712
2.46423212,1.97157425,-1.97161921,0.36318984,-0.36306656,0.86423210,-0.86434033,0.00319895,-0.00318678,0.10217344,-0.10223039,0.03720028,-0.03717073,0.05316506,-0.05321372,0.02239622,-0.02235665,0.78280773,-0.78269036
2.47023512,1.94970408,-1.94969299,0.36933393,-0.36920780,0.84497378,-0.84503974,0.00374184,-0.00372814,0.10360239,-0.10365906,0.03647345,-0.03644247,0.05349390,-0.05354338,0.02405892,-0.02401770,0.77723838,-0.77712037
2.47623812,1.93425300,-1.93418846,0.37646189,-0.37633338,0.82905330,-0.82907747,0.00434802,-0.00433273,0.10511671,-0.10517319,0.03613786,-0.03610531,0.05389338,-0.05394396,0.02588292,-0.02583990,0.77360387,-0.77348771
2.48224112,1.92452417,-1.92441062,0.38444304,-0.38431279,0.81619093,-0.81617503,0.00501812,-0.00500121,0.10669862,-0.10675501,0.03617689,-0.03614267,0.05433972,-0.05439168,0.02787278,-0.02782782,0.77153806,-0.77142649
2.48824412,1.91970128,-1.91954497,0.39312387,-0.39299271,0.80604188,-0.80598878,0.00575146,-0.00573295,0.10832702,-0.10838346,0.03656890,-0.03653296,0.05480747,-0.05486108,0.03002978,-0.02998279,0.77064846,-0.77054445
2.49424712,1.91886948,-1.91867838,0.40232949,-0.40219851,0.79820753,-0.79812122,0.00654585,-0.00652577,0.10997746,-0.11003411,0.03728741,-0.03724977,0.05527009,-0.05532560,0.03235115,-0.03230212,0.77052610,-0.77043279
2.50025013,1.92103724,-1.92082082,0.41186545,-0.41173601,0.79224734,-0.79213274,0.00739743,-0.00737587,0.11162215,-0.11167921,0.03830127,-0.03826203,0.05570057,-0.05575820,0.03482935,-0.03477835,0.77075493,-0.77067556
2.50625313,1.92515864,-1.92492774,0.42152005,-0.42139380,0.78769110,-0.78755394,0.00830052,-0.00827760,0.11322999,-0.11328770,0.03957491,-0.03953427,0.05607198,-0.05613193,0.03745139,-0.03739859,0.77092083,-0.77085870
2.51225613,1.93015630,-1.92992283,0.43106725,-0.43094615,0.78405140,-0.78389806,0.00924759,-0.00922348,0.11476680,-0.11482544,0.04106863,-0.04102687,0.05635812,-0.05642052,0.04019843,-0.04014411,0.77062015,-0.77057852
2.51825913,1.93494445,-1.93472115,0.44027021,-0.44015652,0.78083606,-0.78067338,0.01022922,-0.01020412,0.11619560,-0.11625551,0.04273898,-0.04269650,0.05653402,-0.05659899,0.04304546,-0.04299005,0.76946778,-0.76944982
2.52426213,1.93845223,-1.93825237,0.44888553,-0.44878175,0.77756034,-0.77739541,0.01123418,-0.01120835,0.11747714,-0.11753870,0.04453926,-0.04449654,0.05657659,-0.05664418,0.04596138,-0.04590541,0.76710468,-0.76711337
2.53026513,1.93964682,-1.93948381,0.45666809,-0.45657697,0.77375866,-0.77359865,0.01224959,-0.01222332,0.11857051,-0.11863415,0.04642015,-0.04637779,0.05646509,-0.05653529,0.04890917,-0.04885333,0.76320497,-0.76324303
2.53626813,1.93755605,-1.93744312,0.46337650,-0.46330093,0.76899570,-0.76884762,0.01326111,-0.01323473,0.11943399,-0.11950016,0.04833049,-0.04828913,0.05618164,-0.05625440,0.05184655,-0.05179161,0.75748230,-0.75755211
2.54227114,1.93129024,-1.93124005,0.46877901,-0.46872196,0.76287654,-0.76274709,0.01425326,-0.01422712,0.12002606,-0.12009523,0.05021814,-0.05017853,0.05571168,-0.05578688,0.05472672,-0.05467358,0.74969561,-0.74979915
2.54827414,1.92006260,-1.92008689,0.47265960,-0.47262401,0.75505578,-0.75495113,0.01520980,-0.01518426,0.12030650,-0.12037914,0.05203106,-0.05199395,0.05504431,-0.05512178,0.05749957,-0.05744918,0.73965406,-0.73979279
2.55427714,1.90320773,-1.90331695,0.47482416,-0.47481286,0.74524521,-0.74517086,0.01611410,-0.01608955,0.12023762,-0.12031417,0.05371835,-0.05368454,0.05417263,-0.05425213,0.06011294,-0.06006630,0.72722092,-0.72739578
2.56028014,1.88019756,-1.88040054,0.47510644,-0.47512201,0.73322001,-0.73318063,0.01694968,-0.01692649,0.11978555,-0.11986644,0.05523151,-0.05520178,0.05309394,-0.05317519,0.06251422,-0.06247236,0.71231646,-0.71252776
2.56628314,1.85065415,-1.85095783,0.47337349,-0.47341817,0.71882316,-0.71882249,0.01770065,-0.01767918,0.11892151,-0.11900708,0.05652559,-0.05650068,0.05180983,-0.05189248,0.06465198,-0.06461590,0.69491943,-0.69516686
2.57228614,1.81435884,-1.81476799,0.46953033,-0.46960590,0.70196800,-0.70200873,0.01835221,-0.01833280,0.11762301,-0.11771353,0.05756034,-0.05754095,0.05032617,-0.05040985,0.06647771,-0.06644834,0.67506733,-0.67534992
2.57828914,1.77125715,-1.77177423,0.46352360,-0.46363131,0.68263877,-0.68272252,0.01889117,-0.01887413,0.11587488,-0.11597051,0.05830136,-0.05828808,0.04865301,-0.04873729,0.06794748,-0.06792567,0.65285504,-0.65317113
2.58429215,1.72145921,-1.72208428,0.45534404,-0.45548451,0.66088917,-0.66101647,0.01930636,-0.01929195,0.11367018,-0.11377097,0.05872101,-0.05871431,0.04680431,-0.04688874,0.06902355,-0.06901001,0.62843201,-0.62877935
2.59029515,1.66523559,-1.66596623,0.44502753,-0.44520072,0.63683898,-0.63700925,0.01958902,-0.01957745,0.11101079,-0.11111665,0.05879918,-0.05879942,0.04479760,-0.04488172,0.06967578,-0.06967105,0.60199803,-0.60237374
2.59629815,1.60300838,-1.60383981,0.43265469,-0.43285988,0.61066876,-0.61088042,0.01973312,-0.01972454,0.10790775,-0.10801844,0.05852387,-0.05853125,0.04265351,-0.04273684,0.06988273,-0.06988720,0.57379754,-0.57419821
2.60230115,1.53533796,-1.53626313,0.41834901,-0.41858476,0.58261300,-0.58286347,0.01973556,-0.01973004,0.10438126,-0.10449641,0.05789148,-0.05790605,0.04039522,-0.04047727,0.06963256,-0.06964639,0.54411274,-0.54453449
2.60830415,1.46290578,-1.46391559,0.40227352,-0.40253776,0.55295176,-0.55323764,0.01959628,-0.01959385,0.10046035,-0.10057945,0.05690685,-0.05692849,0.03804783,-0.03812813,0.06892351,-0.06894667,0.51325577,-0.51369437
2.61430715,1.38649376,-1.38757735,0.38462621,-0.38491622,0.52200134,-0.52231850,0.01931826,-0.01931888,0.09618226,-0.09630466,0.05558300,-0.05561144,0.03563770,-0.03571582,0.06776398,-0.06779620,0.48156010,-0.48201106
2.62031016,1.30696123,-1.30810630,0.36563427,-0.36594680,0.49010414,-0.49044789,0.01890745,-0.01891099,0.09159150,-0.09171645,0.05394065,-0.05397548,0.03319177,-0.03326728,0.06617228,-0.06621312,0.44937160,-0.44983027
2.62631316,1.22522010,-1.22641328,0.34554751,-0.34587887,0.45761830,-0.45798354,0.01837249,-0.01837880,0.08673863,-0.08686527,0.05200744,-0.05204810,0.03073683,-0.03080936,0.06417602,-0.06422484,0.41703950,-0.41750122
2.63231616,1.14220941,-1.14343665,0.32463122,-0.32497739,0.42490726,-0.42528864,0.01772448,-0.01773332,0.08167887,-0.08180628,0.04981699,-0.04986280,0.02829893,-0.02836815,0.06181110,-0.06186708,0.38490764,-0.38536783
2.63831916,1.05887004,-1.06011702,0.30315870,-0.30351544,0.39232989,-0.39272197,0.01697654,-0.01698765,0.07647057,-0.07659778,0.04740772,-0.04745793,0.02590271,-0.02596834,0.05912050,-0.05918271,0.35330630,-0.35376056
2.64432216,0.97612071,-0.97737324,0.28140385,-0.28176684,0.36023125,-0.36062867,0.01614340,-0.01615649,0.07117354,-0.07129957,0.04482164,-0.04487542,0.02357091,-0.02363273,0.05615280,-0.05622018,0.32254485,-0.32298910
2.65032516,0.89483590,-0.89608029,0.25963408,-0.25999902,0.32893452,-0.32933212,0.01524092,-0.01525565,0.06584748,-0.06597136,0.04210301,-0.04215949,0.02132392,-0.02138177,0.05296057,-0.05303200,0.29290559,-0.29333612
2.65632816,0.81582654,-0.81704992,0.23810380,-0.23846653,0.29873408,-0.29912707,0.01428557,-0.01430160,0.06055039,-0.06067119,0.03929698,-0.03935528,0.01917944,-0.01923321,0.04959866,-0.04967299,0.26463869,-0.26505222
2.66233117,0.73982388,-0.74101452,0.21704868,-0.21740532,0.26989018,-0.27027417,0.01329395,-0.01331094,0.05533715,-0.05545400,0.03644838,-0.03650762,0.01715225,-0.01720191,0.04612257,-0.04619863,0.23795853,-0.23835231
2.66833417,0.66746707,-0.66861457,0.19668098,-0.19702797,0.24262491,-0.24299606,0.01228233,-0.01229994,0.05025822,-0.05037034,0.03360041,-0.03365977,0.01525410,-0.01529965,0.04258676,-0.04266344,0.21304144,-0.21341324
2.67433717,0.59929439,-0.60038987,0.17718586,-0.17752006,0.21711986,-0.21747488,0.01126620,-0.01128412,0.04535868,-0.04546539,0.03079368,-0.03085237,0.01349366,-0.01353518,0.03904328,-0.03911951,0.19002471,-0.19037283
2.68034017,0.53573834,-0.53677454,0.15871887,-0.15903761,0.19351510,-0.19385131,0.01025993,-0.01027785,0.04067736,-0.04077811,0.02806523,-0.02812256,0.01187664,-0.01191423,0.03554039,-0.03561521,0.16900677,-0.16933008
2.68634317,0.47712419,-0.47809551,0.14140461,-0.14170573,0.17190954,-0.17222489,0.00927645,-0.00929409,0.03624639,-0.03634073,0.02544785,-0.02550319,0.01040592,-0.01043974,0.03212161,-0.03219415,0.15004860,-0.15034643
2.69234617,0.42367188,-0.42457439,0.12533646,-0.12561828,0.15236244,-0.15265546,0.00832701,-0.00834415,0.03209088,-0.03217851,0.02296951,-0.02302235,0.00908179,-0.00911203,0.02882486,-0.02889438,0.13317585,-0.13344804
2.69834917,0.37550071,-0.37633201,0.11057721,-0.11083858,0.13489586,-0.13516564,0.00742107,-0.00743750,0.02822895,-0.02830969,0.02065308,-0.02070300,0.00790223,-0.00792909,0.02568196,-0.02574784,0.11838177,-0.11862857
2.70435218,0.33263626,-0.33339544,0.09716070,-0.09740096,0.11949787,-0.11974403,0.00656620,-0.00658177,0.02467193,-0.02474572,0.01851615,-0.01856283,0.00686322,-0.00688695,0.02271835,-0.02278014,0.10563063,-0.10585267
2.71035518,0.29501923,-0.29570667,0.08509403,-0.08531294,0.10612629,-0.10634892,0.00576809,-0.00578266,0.02142480,-0.02149169,0.01657105,-0.01661428,0.00595908,-0.00597992,0.01995312,-0.02001046,0.09486138,-0.09505959
2.71635818,0.26251535,-0.26313257,0.07436033,-0.07455806,0.09471275,-0.09491231,0.00503060,-0.00504410,0.01848674,-0.01854689,0.01482507,-0.01486473,0.00518281,-0.00520103,0.01739913,-0.01745183,0.08599147,-0.08616701
2.72236118,0.23492612,-0.23547559,0.06492194,-0.06509902,0.08516685,-0.08534413,0.00435590,-0.00436827,0.01585186,-0.01590551,0.01328075,-0.01331679,0.00452643,-0.00454228,0.01506348,-0.01511143,0.07892062,-0.07907482
2.72836418,0.21199976,-0.21248468,0.05672373,-0.05688097,0.07738032,-0.07753636,0.00374461,-0.00375582,0.01350998,-0.01355744,0.01193624,-0.01196871,0.00398127,-0.00399500,0.01294798,-0.01299122,0.07353441,-0.07366871
2.73436718,0.19344194,-0.19386606,0.04969653,-0.04983497,0.07123099,-0.07136701,0.00319599,-0.00320606,0.01144743,-0.01148908,0.01078587,-0.01081487,0.00353827,-0.00355012,0.01104987,-0.01108848,0.06970762,-0.06982351
2.74037019,0.17892618,-0.17929359,0.04376042,-0.04388126,0.06658655,-0.06670388,0.00270816,-0.00271711,0.00964790,-0.00968414,0.00982062,-0.00984629,0.00318820,-0.00319840,0.00936243,-0.00939660,0.06730733,-0.06740630
2.74637319,0.16810336,-0.16841837,0.03882791,-0.03893246,0.06330788,-0.06340790,0.00227831,-0.00228620,0.00809320,-0.00812447,0.00902866,-0.00905121,0.00292192,-0.00293069,0.00787582,-0.00790579,0.06619561,-0.06627911
2.75237619,0.16061056,-0.16087750,0.03480680,-0.03489644,0.06125213,-0.06133625,0.00190292,-0.00190981,0.00676404,-0.00679079,0.00839596,-0.00841560,0.00273050,-0.00273805,0.00657776,-0.00660382,0.06623192,-0.06630130
2.75837919,0.15607879,-0.15630191,0.03160279,-0.03167891,0.06027540,-0.06034496,0.00157798,-0.00158394,0.00564063,-0.00566332,0.00790681,-0.00792378,0.00260542,-0.00261192,0.00545424,-0.00547670,0.06727519,-0.06733171
2.76438219,0.15413982,-0.15432318,0.02912169,-0.02918566,0.06023499,-0.06029127,0.00129912,-0.00130423,0.00470331,-0.00472238,0.00754433,-0.00755887,0.00253859,-0.00254421,0.00449019,-0.00450937,0.06918567,-0.06923045
2.77038519,0.15443202,-0.15457943,0.02727133,-0.02732447,0.06099141,-0.06103560,0.00106187,-0.00106621,0.00393296,-0.00394884,0.00729097,-0.00730333,0.00252249,-0.00252737,0.00367001,-0.00368626,0.07182644,-0.07186048
2.77638819,0.15660532,-0.15672027,0.02596307,-0.02600662,0.06241002,-0.06244321,0.00086171,-0.00086537,0.00331139,-0.00332448,0.00712896,-0.00713937,0.00255017,-0.00255444,0.00297812,-0.00299178,0.07506485,-0.07508900
2.78239120,0.16032522,-0.16041089,0.02511302,-0.02514812,0.06436244,-0.06438558,0.00069426,-0.00069732,0.00282160,-0.00283227,0.00704069,-0.00704939,0.00261530,-0.00261906,0.00239933,-0.00241071,0.07877366,-0.07878865
2.78839420,0.16527612,-0.16533533,0.02464290,-0.02467060,0.06672764,-0.06674160,0.00055533,-0.00055786,0.00244793,-0.00245654,0.00700911,-0.00701631,0.00271211,-0.00271546,0.00191916,-0.00192855,0.08283214,-0.08283857
2.79439720,0.17116384,-0.17119910,0.02448070,-0.02450194,0.06939290,-0.06939843,0.00044102,-0.00044310,0.00217614,-0.00218301,0.00701801,-0.00702390,0.00283543,-0.00283844,0.00152406,-0.00153176,0.08712693,-0.08712533
2.80040020,0.17771751,-0.17773106,0.02456101,-0.02457663,0.07225451,-0.07225226,0.00034772,-0.00034941,0.00199346,-0.00199887,0.00705228,-0.00705704,0.00298060,-0.00298335,0.00120161,-0.00120787,0.09155284,-0.09154364
2.80640320,0.18469083,-0.18468465,0.02482522,-0.02483596,0.07521824,-0.07520880,0.00027219,-0.00027356,0.00188847,-0.00189267,0.00709816,-0.00710195,0.00314347,-0.00314602,0.00094059,-0.00094564,0.09601348,-0.09599707
2.81240620,0.19186275,-0.19183862,0.02522147,-0.02522799,0.07819969,-0.07818360,0.00021154,-0.00021264,0.00185102,-0.00185424,0.00714340,-0.00714635,0.00332031,-0.00332271,0.00073098,-0.00073502,0.10042168,-0.10039840
2.81840920,0.19903756,-0.19899712,0.02570453,-0.02570739,0.08112443,-0.08110217,0.00016322,-0.00016409,0.00187211,-0.00187456,0.00717736,-0.00717960,0.00350776,-0.00351006,0.00056401,-0.00056721,0.10469975,-0.10466998
2.82441221,0.20604450,-0.20598931,0.02623549,-0.02623518,0.08392789,-0.08389995,0.00012504,-0.00012573,0.00194370,-0.00194557,0.00719117,-0.00719280,0.00370279,-0.00370504,0.00043205,-0.00043457,0.10877964,-0.10874374
2.83041521,0.21273688,-0.21266847,0.02678136,-0.02677835,0.08655515,-0.08652201,0.00009510,-0.00009564,0.00205858,-0.00206002,0.00717771,-0.00717882,0.00390260,-0.00390483,0.00032859,-0.00033056,0.11260268,-0.11256110
2.83641821,0.21899074,-0.21891064,0.02731469,-0.02730936,0.08896051,-0.08892267,0.00007181,-0.00007223,0.00221013,-0.00221129,0.00713163,-0.00713230,0.00410457,-0.00410682,0.00024812,-0.00024964,0.11611937,-0.11607258
2.84242121,0.22470315,-0.22461294,0.02781298,-0.02780571,0.09110686,-0.09106486,0.00005384,-0.00005416,0.00239223,-0.00239325,0.00704934,-0.00704962,0.00430621,-0.00430853,0.00018601,-0.00018718,0.11928875,-0.11923733
2.84842421,0.22979023,-0.22969160,0.02825823,-0.02824934,0.09296500,-0.09291944,0.00004007,-0.00004032,0.00259909,-0.00260008,0.00692889,-0.00692884,0.00450511,-0.00450754,0.00013845,-0.00013934,0.12207775,-0.12202237
2.85442721,0.23418498,-0.23407968,0.02863630,-0.02862612,0.09451283,-0.09446433,0.00002961,-0.00002980,0.00282513,-0.00282619,0.00676987,-0.00676955,0.00469890,-0.00470148,0.00010231,-0.00010298,0.12446039,-0.12440180
2.86043022,0.23783497,-0.23772488,0.02893643,-0.02892528,0.09573437,-0.09568363,0.00002173,-0.00002187,0.00306490,-0.00306613,0.00657330,-0.00657275,0.00488519,-0.00488796,0.00007506,-0.00007557,0.12641682,-0.12635586
2.86643322,0.24070010,-0.24058719,0.02915071,-0.02913887,0.09661893,-0.09656670,0.00001583,-0.00001593,0.00331302,-0.00331451,0.00634142,-0.00634067,0.00506158,-0.00506459,0.00005468,-0.00005506,0.12793244,-0.12787004
2.87243622,0.24275052,-0.24263686,0.02927354,-0.02926132,0.09716019,-0.09710724,0.00001145,-0.00001153,0.00356414,-0.00356597,0.00607750,-0.00607659,0.00522566,-0.00522895,0.00003955,-0.00003983,0.12899700,-0.12893415
2.87843922,0.24396475,-0.24385243,0.02930127,-0.02928895,0.09735538,-0.09730253,0.00000822,-0.00000828,0.00381298,-0.00381521,0.00578566,-0.00578462,0.00537498,-0.00537859,0.00002841,-0.00002862,0.12960379,-0.12954156
2.88444222,0.24432813,-0.24421930,0.02923175,-0.02921961,0.09720458,-0.09715267,0.00000586,-0.00000591,0.00405433,-0.00405703,0.00547063,-0.00546947,0.00550713,-0.00551110,0.00002027,-0.00002041,0.12974903,-0.12968848
2.89044522,0.24383177,-0.24372852,0.02906406,-0.02905238,0.09671017,-0.09666003,0.00000415,-0.00000418,0.00428314,-0.00428636,0.00513754,-0.00513630,0.00561975,-0.00562411,0.00001436,-0.00001447,0.12943136,-0.12937358
2.89644822,0.24247182,-0.24237617,0.02879829,-0.02878732,0.09587641,-0.09582884,0.00000292,-0.00000294,0.00449457,-0.00449834,0.00479175,-0.00479045,0.00571055,-0.00571533,0.00001011,-0.00001019,0.12865161,-0.12859766
2.90245123,0.24024925,-0.24016309,0.02843533,-0.02842530,0.09470922,-0.09466500,0.00000204,-0.00000205,0.00468410,-0.00468845,0.00443860,-0.00443725,0.00577746,-0.00578268,0.00000709,-0.00000714,0.12741273,-0.12736360
2.90845423,0.23717002,-0.23709507,0.02797682,-0.02796794,0.09321613,-0.09317596,0.00000141,-0.00000143,0.00484762,-0.00485257,0.00408328,-0.00408191,0.00581860,-0.00582427,0.00000495,-0.00000499,0.12571995,-0.12567654
2.91445723,0.23324562,-0.23318336,0.02742507,-0.02741753,0.09140635,-0.09137085,0.00000097,-0.00000098,0.00498156,-0.00498711,0.00373067,-0.00372930,0.00583241,-0.00583853,0.00000347,-0.00000350,0.12358107,-0.12354420
2.92046023,0.22849382,-0.22844545,0.02678312,-0.02677707,0.08929097,-0.08926067,0.00000067,-0.00000067,0.00508294,-0.00508908,0.00338522,-0.00338386,0.00581770,-0.00582427,0.00000246,-0.00000248,0.12100694,-0.12097725
2.92646323,0.22293958,-0.22290600,0.02605475,-0.02605031,0.08688324,-0.08685855,0.00000045,-0.00000046,0.00514950,-0.00515620,0.00305085,-0.00304951,0.00577372,-0.00578072,0.00000180,-0.00000181,0.11801192,-0.11798992
2.93246623,0.21661596,-0.21659774,0.02524457,-0.02524180,0.08419884,-0.08418004,0.00000031,-0.00000031,0.00517972,-0.00518694,0.00273088,-0.00272958,0.00570020,-0.00570761,0.00000141,-0.00000142,0.11461439,-0.11460041
2.93846923,0.20956493,-0.20956228,0.02435805,-0.02435700,0.08125619,-0.08124343,0.00000021,-0.00000021,0.00517289,-0.00518059,0.00242803,-0.00242677,0.00559740,-0.00560517,0.00000124,-0.00000124,0.11083721,-0.11083140
2.94447224,0.20183795,-0.20185073,0.02340162,-0.02340227,0.07807663,-0.07806994,0.00000014,-0.00000014,0.00512915,-0.00513727,0.00214436,-0.00214316,0.00546612,-0.00547420,0.00000126,-0.00000126,0.10670801,-0.10671034
2.95047524,0.19349618,-0.19352391,0.02238267,-0.02238499,0.07468456,-0.07468382,0.00000009,-0.00000009,0.00504943,-0.00505789,0.00188135,-0.00188020,0.00530769,-0.00531602,0.00000148,-0.00000147,0.10225937,-0.10226961
2.95647824,0.18461035,-0.18465223,0.02130958,-0.02131346,0.07110738,-0.07111235,0.00000006,-0.00000006,0.00493545,-0.00494418,0.00163987,-0.00163879,0.00512397,-0.00513250,0.00000193,-0.00000191,0.09752868,-0.09754645
2.96248124,0.17526018,-0.17531510,0.02019163,-0.02019696,0.06737535,-0.06738568,0.00000004,-0.00000004,0.00478967,-0.00479858,0.00142030,-0.00141927,0.00491733,-0.00492599,0.00000267,-0.00000264,0.09255793,-0.09258269
2.96848424,0.16553329,-0.16559992,0.01903900,-0.01904561,0.06352119,-0.06353642,0.00000003,-0.00000003,0.00461518,-0.00462419,0.00122253,-0.00122157,0.00469053,-0.00469924,0.00000379,-0.00000374,0.08739311,-0.08742418
2.97448724,0.15552383,-0.15560059,0.01786259,-0.01787030,0.05957965,-0.05959924,0.00000002,-0.00000002,0.00441562,-0.00442464,0.00104610,-0.00104520,0.00444670,-0.00445539,0.00000543,-0.00000536,0.08208346,-0.08212006
2.98049025,0.14533061,-0.14541580,0.01667394,-0.01668252,0.05558684,-0.05561019,0.00000002,-0.00000002,0.00419510,-0.00420403,0.00089025,-0.00088941,0.00418924,-0.00419784,0.00000779,-0.00000769,0.07668056,-0.07672182
2.98649325,0.13505515,-0.13514692,0.01548503,-0.01549425,0.05157952,-0.05160599,0.00000001,-0.00000001,0.00395802,-0.00396678,0.00075398,-0.00075319,0.00392172,-0.00393015,0.00001113,-0.00001099,0.07123726,-0.07128225
2.99249625,0.12479941,-0.12489589,0.01430816,-0.01431776,0.04759434,-0.04762325,0.00000002,-0.00000002,0.00370902,-0.00371752,0.00063619,-0.00063543,0.00364777,-0.00365597,0.00001583,-0.00001562,0.06580645,-0.06585421
2.99849925,0.11466365,-0.11476294,0.01315580,-0.01316551,0.04366698,-0.04369765,0.00000002,-0.00000002,0.00345284,-0.00346099,0.00053572,-0.00053498,0.00337102,-0.00337892,0.00002236,-0.00002208,0.06043994,-0.06048951
3.00450225,0.10474429,-0.10484451,0.01204052,-0.01205003,0.03983138,-0.03986314,0.00000002,-0.00000002,0.00319424,-0.00320196,0.00045141,-0.00045068,0.00309495,-0.00310251,0.00003138,-0.00003099,0.05518733,-0.05523776
3.01050525,0.09513205,-0.09523139,0.01097487,-0.01098387,0.03611903,-0.03615125,0.00000003,-0.00000003,0.00293791,-0.00294512,0.00038224,-0.00038149,0.00282288,-0.00283004,0.00004373,-0.00004320,0.05009491,-0.05014531
3.01650825,0.08591040,-0.08600713,0.00997144,-0.00997958,0.03255835,-0.03259042,0.00000004,-0.00000004,0.00268843,-0.00269506,0.00032735,-0.00032655,0.00255781,-0.00256454,0.00006051,-0.00005979,0.04520486,-0.04525436
3.02251126,0.07715442,-0.07724689,0.00904294,-0.00904984,0.02917416,-0.02920554,0.00000006,-0.00000006,0.00245026,-0.00245623,0.00028612,-0.00028522,0.00230246,-0.00230873,0.00008314,-0.00008217,0.04055452,-0.04060234
3.02851426,0.06893012,-0.06901680,0.00820236,-0.00820760,0.02598739,-0.02601758,0.00000008,-0.00000007,0.00222771,-0.00223294,0.00025822,-0.00025719,0.00205913,-0.00206492,0.00011342,-0.00011213,0.03617598,-0.03622140
3.03451726,0.06129428,-0.06137372,0.00746322,-0.00746633,0.02301488,-0.02304343,0.00000010,-0.00000010,0.00202500,-0.00202941,0.00024372,-0.00024249,0.00182977,-0.00183506,0.00015362,-0.00015191,0.03209589,-0.03213827
3.04052026,0.05429483,-0.05436563,0.00683995,-0.00684041,0.02026939,-0.02029592,0.00000014,-0.00000014,0.00184631,-0.00184980,0.00024310,-0.00024160,0.00161590,-0.00162070,0.00020657,-0.00020432,0.02833550,-0.02837425
3.04652326,0.04797159,-0.04803243,0.00634833,-0.00634550,0.01775975,-0.01778393,0.00000018,-0.00000018,0.00169585,-0.00169832,0.00025735,-0.00025550,0.00141867,-0.00142296,0.00027579,-0.00027286,0.02491097,-0.02494556
3.05252626,0.04235763,-0.04240715,0.00600598,-0.00599915,0.01549119,-0.01551272,0.00000024,-0.00000024,0.00157801,-0.00157935,0.00028802,-0.00028572,0.00123884,-0.00124264,0.00036557,-0.00036178,0.02183388,-0.02186382
3.05852926,0.03748079,-0.03751761,0.00583295,-0.00582128,0.01346570,-0.01348434,0.00000032,-0.00000032,0.00149745,-0.00149751,0.00033730,-0.00033442,0.00107686,-0.00108018,0.00048109,-0.00047622,0.01911191,-0.01913675
3.06453227,0.03336562,-0.03338828,0.00585235,-0.00583485,0.01168266,-0.01169818,0.00000042,-0.00000041,0.00145928,-0.00145790,0.00040804,-0.00040443,0.00093287,-0.00093572,0.00062856,-0.00062237,0.01674969,-0.01676899
3.07053527,0.03003541,-0.03004232,0.00609090,-0.00606645,0.01013933,-0.01015152,0.00000054,-0.00000053,0.00146918,-0.00146616,0.00050386,-0.00049935,0.00080679,-0.00080919,0.00081535,-0.00080753,0.01474972,-0.01476302
3.07653827,0.02751426,-0.02750365,0.00657961,-0.00654688,0.00883150,-0.00884016,0.00000070,-0.00000069,0.00153352,-0.00152863,0.00062917,-0.00062357,0.00069834,-0.00070031,0.00105006,-0.00104026,0.01311330,-0.01312013
3.08254127,0.02582912,-0.02579902,0.00735422,-0.00731171,0.00775414,-0.00775906,0.00000089,-0.00000088,0.00165954,-0.00165253,0.00078924,-0.00078232,0.00060714,-0.00060868,0.00134261,-0.00133043,0.01184152,-0.01184136
3.08854427,0.02501160,-0.02495976,0.00845561,-0.00840162,0.00690194,-0.00690290,0.00000113,-0.00000112,0.00185542,-0.00184598,0.00099018,-0.00098167,0.00053269,-0.00053382,0.00170435,-0.00168933,0.01093609,-0.01092836
3.09454727,0.02509945,-0.02502338,0.00993007,-0.00986270,0.00626988,-0.00626662,0.00000143,-0.00000141,0.00213037,-0.00211816,0.00123897,-0.00122859,0.00047448,-0.00047522,0.00214801,-0.00212964,0.01040012,-0.01038417
3.10055028,0.02613760,-0.02603455,0.01182926,-0.01174641,0.00585361,-0.00584586,0.00000179,-0.00000176,0.00249462,-0.00247926,0.00154344,-0.00153086,0.00043202,-0.00043238,0.00268773,-0.00266544,0.01023870,-0.01021384
3.10655328,0.02817875,-0.02804568,0.01420996,-0.01410937,0.00564985,-0.00563730,0.00000222,-0.00000219,0.00295941,-0.00294049,0.00191218,-0.00189707,0.00040484,-0.00040482,0.00333890,-0.00331209,0.01045935,-0.01042479
3.11255628,0.03128318,-0.03111685,0.01713351,-0.01701276,0.00565654,-0.00563886,0.00000274,-0.00000271,0.00353688,-0.00351396,0.00235447,-0.00233645,0.00039257,-0.00039217,0.00411805,-0.00408606,0.01107210,-0.01102702
3.11855928,0.03551799,-0.03531497,0.02066481,-0.02052138,0.00587298,-0.00584980,0.00000335,-0.00000331,0.00423990,-0.00421253,0.00288007,-0.00285878,0.00039488,-0.00039411,0.00504255,-0.00500469,0.01208951,-0.01203300
3.12456228,0.04095548,-0.04071227,0.02487100,-0.02470233,0.00629970,-0.00627064,0.00000407,-0.00000403,0.00508178,-0.00504949,0.00349909,-0.00347412,0.00041155,-0.00041041,0.00613027,-0.00608583,0.01352619,-0.01345737
3.13056528,0.04767088,-0.04738399,0.02981966,-0.02962323,0.00693829,-0.00690296,0.00000492,-0.00000486,0.00607594,-0.00603828,0.00422165,-0.00419262,0.00044244,-0.00044092,0.00739908,-0.00734738,0.01539829,-0.01531625
3.13656828,0.05573919,-0.05540527,0.03557664,-0.03535002,0.00779107,-0.00774908,0.00000589,-0.00000583,0.00723546,-0.00719200,0.00505759,-0.00502412,0.00048745,-0.00048556,0.00886638,-0.00880674,0.01772250,-0.01762639
3.14257129,0.06523138,-0.06484739,0.04220344,-0.04194442,0.00886058,-0.00881159,0.00000701,-0.00000694,0.00857257,-0.00852293,0.00601610,-0.00597786,0.00054654,-0.00054427,0.01054836,-0.01048016,0.02051494,-0.02040401
3.14857429,0.07620996,-0.07577331,0.04975426,-0.04946097,0.01014907,-0.01009278,0.00000828,-0.00000820,0.01009805,-0.01004191,0.00710529,-0.00706198,0.00061966,-0.00061700,0.01245930,-0.01238200,0.02378980,-0.02366343
3.15457729,0.08872401,-0.08823275,0.05827276,-0.05794379,0.01165780,-0.01159399,0.00000971,-0.00000962,0.01182054,-0.01175769,0.00833171,-0.00828310,0.00070672,-0.00070368,0.01461075,-0.01452390,0.02755778,-0.02741556
3.16058029,0.10280390,-0.10225695,0.06778868,-0.06742318,0.01338633,-0.01331486,0.00001131,-0.00001120,0.01374591,-0.01367624,0.00969988,-0.00964581,0.00080755,-0.00080415,0.01701066,-0.01691399,0.03182443,-0.03166621
3.16658329,0.11845595,-0.11785325,0.07831432,-0.07791215,0.01533178,-0.01525265,0.00001307,-0.00001295,0.01587651,-0.01580007,0.01121177,-0.01115221,0.00092186,-0.00091811,0.01966254,-0.01955595,0.03658847,-0.03641439
3.17258629,0.13565713,-0.13499981,0.08984123,-0.08940305,0.01748811,-0.01740147,0.00001500,-0.00001486,0.01821051,-0.01812750,0.01286638,-0.01280139,0.00104919,-0.00104512,0.02256463,-0.02244820,0.04184010,-0.04165068
3.17858929,0.15435023,-0.15364082,0.10233708,-0.10186451,0.01984541,-0.01975158,0.00001709,-0.00001694,0.02074126,-0.02065206,0.01465921,-0.01458900,0.00118887,-0.00118450,0.02570910,-0.02558316,0.04755945,-0.04735564
3.18459230,0.17443972,-0.17368222,0.11574310,-0.11523873,0.02238935,-0.02228882,0.00001933,-0.00001917,0.02345676,-0.02336197,0.01658199,-0.01650690,0.00133996,-0.00133535,0.02908141,-0.02894656,0.05371529,-0.05349846
3.19059530,0.19578856,-0.19498857,0.12997205,-0.12943957,0.02510065,-0.02499414,0.00002171,-0.00002153,0.02633927,-0.02623968,0.01862231,-0.01854285,0.00150126,-0.00149645,0.03265985,-0.03251694,0.06026394,-0.06003594
3.19659830,0.21821633,-0.21738109,0.14490716,-0.14435133,0.02795483,-0.02784326,0.00002420,-0.00002401,0.02936507,-0.02926170,0.02076352,-0.02068036,0.00167126,-0.00166632,0.03641520,-0.03626539,0.06714869,-0.06691186
3.20260130,0.24149882,-0.24063716,0.16040191,-0.15982858,0.03092210,-0.03080658,0.00002679,-0.00002659,0.03250442,-0.03239849,0.02298470,-0.02289866,0.00184814,-0.00184314,0.04031079,-0.04015550,0.07429960,-0.07405675
3.20860430,0.26536936,-0.26449166,0.17628108,-0.17569710,0.03396745,-0.03384931,0.00002945,-0.00002923,0.03572178,-0.03561471,0.02526080,-0.02517285,0.00202978,-0.00202481,0.04430267,-0.04414360,0.08163388,-0.08138825
3.21460730,0.28952197,-0.28863994,0.19234288,-0.19175602,0.03705105,-0.03693179,0.00003213,-0.00003190,0.03897624,-0.03886962,0.02756293,-0.02747419,0.00221378,-0.00220893,0.04834021,-0.04817930,0.08905681,-0.08881204
3.22061031,0.31361633,-0.31274288,0.20836237,-0.20778120,0.04012883,-0.04001011,0.00003481,-0.00003457,0.04222220,-0.04211775,0.02985890,-0.02977058,0.00239748,-0.00239285,0.05236693,-0.05220633,0.09646324,-0.09622331
3.22661331,0.33728466,-0.33643354,0.22409610,-0.22352975,0.04315332,-0.04303691,0.00003744,-0.00003719,0.04541030,-0.04530986,0.03211384,-0.03202727,0.00257804,-0.00257374,0.05632169,-0.05616371,0.10373972,-0.10350881
3.23261631,0.36014019,-0.35932570,0.23928778,-0.23874574,0.04607473,-0.04596249,0.00003997,-0.00003972,0.04848859,-0.04839406,0.03429105,-0.03420760,0.00275248,-0.00274860,0.06014012,-0.05998719,0.11076700,-0.11054944
3.23861931,0.38178709,-0.38102367,0.25367491,-0.25316678,0.04884219,-0.04873598,0.00004238,-0.00004212,0.05140388,-0.05131714,0.03635293,-0.03627398,0.00291774,-0.00291439,0.06375626,-0.06361084,0.11742313,-0.11722327
3.24462231,0.40183146,-0.40113330,0.26699617,-0.26653136,0.05140513,-0.05130681,0.00004460,-0.00004434,0.05410321,-0.05402611,0.03826202,-0.03818896,0.00307080,-0.00306808,0.06710447,-0.06696900,0.12358682,-0.12340886
3.25062531,0.41989301,-0.41927357,0.27899915,-0.27858662,0.05371477,-0.05362611,0.00004661,-0.00004635,0.05653542,-0.05646968,0.03998218,-0.03991632,0.00320874,-0.00320674,0.07012131,-0.06999814,0.12914098,-0.12898890
3.25662831,0.43561684,-0.43508847,0.28944827,-0.28909622,0.05572561,-0.05564825,0.00004835,-0.00004810,0.05865278,-0.05859997,0.04147965,-0.04142221,0.00332884,-0.00332764,0.07274758,-0.07263888,0.13397639,-0.13385376
3.26263132,0.44868499,-0.44825851,0.29813239,-0.29784803,0.05739691,-0.05733228,0.00004981,-0.00004955,0.06041248,-0.06037395,0.04272417,-0.04267622,0.00342866,-0.00342833,0.07493024,-0.07483794,0.13799518,-0.13790510
3.26863432,0.45882702,-0.45851133,0.30487195,-0.30466118,0.05869403,-0.05864334,0.00005093,-0.00005069,0.06177816,-0.06175497,0.04369002,-0.04365245,0.00350614,-0.00350671,0.07662415,-0.07654987,0.14111415,-0.14105908
3.27463732,0.46582930,-0.46563110,0.30952507,-0.30939236,0.05958959,-0.05955376,0.00005171,-0.00005147,0.06272105,-0.06271398,0.04435686,-0.04433036,0.00355963,-0.00356115,0.07779367,-0.07773867,0.14326755,-0.14324926
3.28064032,0.46954244,-0.46946598,0.31199256,-0.31194073,0.06006446,-0.06004412,0.00005212,-0.00005190,0.06322105,-0.06323054,0.04471049,-0.04469551,0.00358799,-0.00359047,0.07841385,-0.07837900,0.14440941,-0.14442892
3.28664332,0.46988661,-0.46993353,0.31222140,-0.31225155,0.06010840,-0.06010384,0.00005216,-0.00005195,0.06326742,-0.06329354,0.04474330,-0.04474006,0.00359061,-0.00359403,0.07847139,-0.07845712,0.14451518,-0.14457267
3.29264632,0.46685432,-0.46702361,0.31020665,-0.31031812,0.05972046,-0.05973162,0.00005182,-0.00005163,0.06285917,-0.06290164,0.04445458,-0.04446305,0.00356744,-0.00357177,0.07796503,-0.07797134,0.14358253,-0.14367739
3.29864932,0.46051074,-0.46079877,0.30599164,-0.30618202,0.05890896,-0.05893544,0.00005112,-0.00005094,0.06200505,-0.06206325,0.04385056,-0.04387043,0.00351896,-0.00352416,0.07690568,-0.07693211,0.14163150,-0.14176231
3.30465233,0.45099132,-0.45139197,0.29966637,-0.29993160,0.05769121,-0.05773231,0.00005006,-0.00004990,0.06072333,-0.06079629,0.04294412,-0.04297487,0.00344621,-0.00345222,0.07531594,-0.07536163,0.13870374,-0.13886833
3.31065533,0.43849701,-0.43900187,0.29136438,-0.29169889,0.05609291,-0.05614763,0.00004868,-0.00004853,0.05904105,-0.05912752,0.04175440,-0.04179528,0.00335074,-0.00335746,0.07322940,-0.07329307,0.13486105,-0.13505656
3.31665833,0.42328716,-0.42388586,0.28125802,-0.28165490,0.05414725,-0.05421431,0.00004699,-0.00004686,0.05699313,-0.05709161,0.04030610,-0.04035616,0.00323451,-0.00324185,0.07068935,-0.07076940,0.13018320,-0.13040618
3.32266133,0.40567063,-0.40635115,0.26955250,-0.27000379,0.05189373,-0.05197165,0.00004503,-0.00004492,0.05462117,-0.05472992,0.03862863,-0.03868677,0.00309990,-0.00310775,0.06774738,-0.06784192,0.12476517,-0.12501170
3.32866433,0.38599533,-0.38674443,0.25647900,-0.25697590,0.04937685,-0.04946398,0.00004285,-0.00004275,0.05197201,-0.05208917,0.03675512,-0.03682012,0.00294955,-0.00295780,0.06446159,-0.06456850,0.11871396,-0.11897979
3.33466733,0.36463682,-0.36544047,0.24228708,-0.24282027,0.04664466,-0.04673924,0.00004048,-0.00004040,0.04909621,-0.04921982,0.03472134,-0.03479187,0.00278634,-0.00279487,0.06089470,-0.06101173,0.11214508,-0.11242573
3.34067034,0.34198653,-0.34283031,0.22723681,-0.22779672,0.04374721,-0.04384744,0.00003796,-0.00003790,0.04604648,-0.04617454,0.03256454,-0.03263927,0.00261326,-0.00262194,0.05711209,-0.05723688,0.10517891,-0.10546983
3.34667334,0.31843991,-0.31930946,0.21159097,-0.21216806,0.04073511,-0.04083917,0.00003535,-0.00003530,0.04287607,-0.04300660,0.03032240,-0.03039996,0.00243333,-0.00244206,0.05317978,-0.05330998,0.09793707,-0.09823377
3.35267634,0.29438520,-0.29526663,0.19560753,-0.19619256,0.03765802,-0.03776413,0.00003268,-0.00003264,0.03963724,-0.03976836,0.02803187,-0.02811096,0.00224952,-0.00225818,0.04916262,-0.04929594,0.09053897,-0.09083712
3.35867934,0.27019322,-0.27107342,0.17953288,-0.18011715,0.03456336,-0.03466986,0.00003000,-0.00002997,0.03637993,-0.03650987,0.02572828,-0.02580765,0.00206466,-0.00207315,0.04512254,-0.04525679,0.08309866,-0.08339421
3.36468234,0.24620844,-0.24707541,0.16359590,-0.16417143,0.03149521,-0.03160055,0.00002734,-0.00002732,0.03315052,-0.03327766,0.02344441,-0.02352291,0.00188138,-0.00188962,0.04111706,-0.04125022,0.07572207,-0.07601135
3.37068534,0.22274166,-0.22358472,0.14800311,-0.14856281,0.02849332,-0.02859613,0.00002474,-0.00002473,0.02999085,-0.03011379,0.02120987,-0.02128648,0.00170206,-0.00170996,0.03719808,-0.03732836,0.06850479,-0.06878456
3.37668834,0.20006448,-0.20087447,0.13293498,-0.13347275,0.02559243,-0.02569153,0.00002223,-0.00002223,0.02693750,-0.02705502,0.01905051,-0.01912435,0.00152878,-0.00153628,0.03341096,-0.03353679,0.06153036,-0.06179788
3.38269135,0.17840564,-0.17917501,0.11854348,-0.11905431,0.02282181,-0.02291620,0.00001984,-0.00001984,0.02402125,-0.02413240,0.01698813,-0.01705846,0.00136327,-0.00137032,0.02979391,-0.02991397,0.05486912,-0.05512216
3.38869435,0.15794914,-0.15867196,0.10495088,-0.10543083,0.02020500,-0.02029389,0.00001759,-0.00001760,0.02126690,-0.02137091,0.01504025,-0.01510647,0.00120696,-0.00121351,0.02637765,-0.02649090,0.04857767,-0.04881452
3.39469735,0.13883409,-0.13950608,0.09224961,-0.09269582,0.01775978,-0.01784260,0.00001550,-0.00001551,0.01869315,-0.01878951,0.01322010,-0.01328180,0.00106089,-0.00106693,0.02318540,-0.02329107,0.04269878,-0.04291824
3.40070035,0.12115609,-0.12177450,0.08050317,-0.08091382,0.01549838,-0.01557475,0.00001358,-0.00001359,0.01631289,-0.01640129,0.01153681,-0.01159370,0.00092580,-0.00093132,0.02023314,-0.02033069,0.03726187,-0.03746322
3.40670335,0.10496993,-0.10553343,0.06974795,-0.07012215,0.01342782,-0.01349753,0.00001185,-0.00001186,0.01413349,-0.01421381,0.00999559,-0.01004752,0.00080212,-0.00080711,0.01753001,-0.01761915,0.03228378,-0.03246676
3.41270635,0.09029329,-0.09080184,0.05999567,-0.06033340,0.01155035,-0.01161337,0.00001032,-0.00001033,0.01215732,-0.01222962,0.00859814,-0.00864507,0.00068997,-0.00069445,0.01507895,-0.01515961,0.02776995,-0.02793467
3.41870935,0.07711123,-0.07756589,0.05123639,-0.05153835,0.00986406,-0.00992048,0.00000901,-0.00000901,0.01038237,-0.01044686,0.00734304,-0.00738505,0.00058924,-0.00059322,0.01287747,-0.01294976,0.02371578,-0.02386272
3.42471236,0.06538115,-0.06578390,0.04344174,-0.04370925,0.00836350,-0.00841354,0.00000792,-0.00000792,0.00880288,-0.00885989,0.00622625,-0.00626351,0.00049960,-0.00050311,0.01091845,-0.01098262,0.02010818,-0.02023807
3.43071536,0.05503796,-0.05539150,0.03656842,-0.03680327,0.00704033,-0.00708431,0.00000708,-0.00000707,0.00741008,-0.00746003,0.00524161,-0.00527435,0.00042057,-0.00042363,0.00919099,-0.00924744,0.01692713,-0.01704093
3.43671836,0.04599922,-0.04630681,0.03056157,-0.03076592,0.00588400,-0.00592231,0.00000653,-0.00000651,0.00619286,-0.00623624,0.00438129,-0.00440979,0.00035150,-0.00035415,0.00768133,-0.00773053,0.01414727,-0.01424611
3.44272136,0.03817011,-0.03843535,0.02535805,-0.02553431,0.00488237,-0.00491545,0.00000629,-0.00000626,0.00513842,-0.00517578,0.00363630,-0.00366089,0.00029167,-0.00029395,0.00637359,-0.00641610,0.01173946,-0.01182455
3.44872436,0.03144792,-0.03167465,0.02088947,-0.02104019,0.00402230,-0.00405060,0.00000644,-0.00000639,0.00423290,-0.00426480,0.00299693,-0.00301795,0.00024030,-0.00024224,0.00525060,-0.00528700,0.00967210,-0.00974472
3.45472736,0.02572618,-0.02591828,0.01708486,-0.01721264,0.00329013,-0.00331413,0.00000707,-0.00000699,0.00346192,-0.00348892,0.00245312,-0.00247091,0.00019658,-0.00019822,0.00429454,-0.00432544,0.00791246,-0.00797390
3.46073037,0.02089810,-0.02105943,0.01387297,-0.01398039,0.00267218,-0.00269237,0.00000829,-0.00000817,0.00281103,-0.00283370,0.00199480,-0.00200972,0.00015968,-0.00016105,0.00348751,-0.00351351,0.00642770,-0.00647923
3.46673337,0.01685950,-0.01699376,0.01118419,-0.01127375,0.00215510,-0.00217193,0.00001027,-0.00001010,0.00226612,-0.00228500,0.00161221,-0.00162457,0.00012882,-0.00012995,0.00281204,-0.00283374,0.00518579,-0.00522862
3.47273637,0.01351107,-0.01362176,0.00895205,-0.00902609,0.00172614,-0.00174004,0.00001323,-0.00001300,0.00181373,-0.00182931,0.00129607,-0.00130619,0.00010323,-0.00010416,0.00225146,-0.00226940,0.00415622,-0.00419148
3.47873937,0.01076015,-0.01085048,0.00711431,-0.00717500,0.00137338,-0.00138475,0.00001745,-0.00001714,0.00144122,-0.00145399,0.00103780,-0.00104596,0.00008220,-0.00008296,0.00179015,-0.00180486,0.00331049,-0.00333923
3.48474237,0.00852186,-0.00859474,0.00561372,-0.00566307,0.00108591,-0.00109512,0.00002333,-0.00002290,0.00113700,-0.00114737,0.00082963,-0.00083607,0.00006508,-0.00006570,0.00141379,-0.00142574,0.00262254,-0.00264570
3.49074537,0.00671990,-0.00677791,0.00439852,-0.00443831,0.00085385,-0.00086123,0.00003133,-0.00003076,0.00089055,-0.00089891,0.00066470,-0.00066964,0.00005130,-0.00005179,0.00110942,-0.00111904,0.00206893,-0.00208733
3.49674837,0.00528688,-0.00533225,0.00342255,-0.00345436,0.00066848,-0.00067431,0.00004208,-0.00004132,0.00069251,-0.00069919,0.00053710,-0.00054070,0.00004033,-0.00004072,0.00086553,-0.00087319,0.00162897,-0.00164334
3.50275138,0.00416432,-0.00419896,0.00264526,-0.00267046,0.00052218,-0.00052670,0.00005636,-0.00005536,0.00053464,-0.00053995,0.00044189,-0.00044429,0.00003173,-0.00003203,0.00067202,-0.00067804,0.00128474,-0.00129568
3.50875438,0.00330252,-0.00332799,0.00203149,-0.00205128,0.00040839,-0.00041182,0.00007512,-0.00007381,0.00040980,-0.00041397,0.00037512,-0.00037641,0.00002512,-0.00002534,0.00052019,-0.00052485,0.00102101,-0.00102902
3.51475738,0.00266012,-0.00267768,0.00155115,-0.00156653,0.00032161,-0.00032412,0.00009955,-0.00009785,0.00031185,-0.00031511,0.00033383,-0.00033406,0.00002017,-0.00002032,0.00040262,-0.00040616,0.00082513,-0.00083061
3.52076038,0.00220361,-0.00221421,0.00117881,-0.00119062,0.00025729,-0.00025901,0.00013108,-0.00012891,0.00023561,-0.00023814,0.00031598,-0.00031515,0.00001663,-0.00001673,0.00031311,-0.00031572,0.00068689,-0.00069014
3.52676338,0.00190680,-0.00191112,0.00089325,-0.00090220,0.00021175,-0.00021278,0.00017145,-0.00016868,0.00017673,-0.00017867,0.00032048,-0.00031856,0.00001429,-0.00001434,0.00024655,-0.00024839,0.00059833,-0.00059956
3.53276638,0.00175020,-0.00174864,0.00067697,-0.00068363,0.00018212,-0.00018255,0.00022270,-0.00021920,0.00013162,-0.00013310,0.00034713,-0.00034406,0.00001301,-0.00001301,0.00019882,-0.00020000,0.00055357,-0.00055290
3.53876938,0.00172043,-0.00171317,0.00051575,-0.00052058,0.00016626,-0.00016612,0.00028725,-0.00028285,0.00009731,-0.00009843,0.00039663,-0.00039227,0.00001267,-0.00001263,0.00016666,-0.00016728,0.00054862,-0.00054610
3.54477239,0.00180968,-0.00179664,0.00039816,-0.00040152,0.00016264,-0.00016197,0.00036787,-0.00036241,0.00007143,-0.00007227,0.00047046,-0.00046466,0.00001321,-0.00001312,0.00014756,-0.00014768,0.00058120,-0.00057680
3.55077539,0.00201512,-0.00199605,0.00031517,-0.00031734,0.00017034,-0.00016913,0.00046778,-0.00046103,0.00005206,-0.00005269,0.00057095,-0.00056352,0.00001459,-0.00001447,0.00013968,-0.00013934,0.00065058,-0.00064421
3.55677839,0.00233843,-0.00231287,0.00025975,-0.00026095,0.00018892,-0.00018716,0.00059057,-0.00058231,0.00003767,-0.00003813,0.00070118,-0.00069186,0.00001683,-0.00001666,0.00014174,-0.00014097,0.00075739,-0.00074890
3.56278139,0.00278533,-0.00275266,0.00022657,-0.00022694,0.00021841,-0.00021606,0.00074026,-0.00073024,0.00002706,-0.00002740,0.00086491,-0.00085344,0.00001996,-0.00001974,0.00015294,-0.00015174,0.00090348,-0.00089266
3.56878439,0.00336506,-0.00332453,0.00021165,-0.00021132,0.00025921,-0.00025623,0.00092127,-0.00090921,0.00001930,-0.00001955,0.00106658,-0.00105265,0.00002403,-0.00002375,0.00017290,-0.00017126,0.00109177,-0.00107836
3.57478739,0.00409000,-0.00404071,0.00021217,-0.00021121,0.00031211,-0.00030844,0.00113834,-0.00112394,0.00001366,-0.00001384,0.00131117,-0.00129444,0.00002912,-0.00002878,0.00020156,-0.00019947,0.00132604,-0.00130976
3.58079040,0.00497516,-0.00491612,0.00022622,-0.00022467,0.00037819,-0.00037375,0.00139650,-0.00137946,0.00000961,-0.00000973,0.00160413,-0.00158425,0.00003532,-0.00003492,0.00023917,-0.00023659,0.00161081,-0.00159133
3.58679340,0.00603772,-0.00596789,0.00025262,-0.00025051,0.00045882,-0.00045353,0.00170097,-0.00168096,0.00000670,-0.00000680,0.00195126,-0.00192786,0.00004275,-0.00004228,0.00028619,-0.00028309,0.00195113,-0.00192810
3.59279640,0.00729654,-0.00721484,0.00029083,-0.00028816,0.00055562,-0.00054940,0.00205702,-0.00203374,0.00000465,-0.00000471,0.00235854,-0.00233125,0.00005151,-0.00005096,0.00034330,-0.00033963,0.00235238,-0.00232546
3.59879940,0.00877165,-0.00867701,0.00034075,-0.00033751,0.00067042,-0.00066318,0.00246985,-0.00244299,0.00000320,-0.00000324,0.00283195,-0.00280041,0.00006173,-0.00006110,0.00041129,-0.00040702,0.00282006,-0.00278891
3.60480240,0.01048365,-0.01037506,0.00040269,-0.00039887,0.00080526,-0.00079691,0.00294439,-0.00291367,0.00000218,-0.00000221,0.00337730,-0.00334117,0.00007352,-0.00007280,0.00049108,-0.00048616,0.00335956,-0.00332385
3.61080540,0.01245318,-0.01232971,0.00047731,-0.00047287,0.00096234,-0.00095281,0.00348510,-0.00345029,0.00000148,-0.00000150,0.00399998,-0.00395895,0.00008699,-0.00008617,0.00058368,-0.00057807,0.00397586,-0.00393532
3.61680840,0.01470025,-0.01456115,0.00056548,-0.00056042,0.00114404,-0.00113325,0.00409576,-0.00405667,0.00000100,-0.00000101,0.00470468,-0.00465853,0.00010223,-0.00010131,0.00069011,-0.00068378,0.00467333,-0.00462773
3.62281141,0.01724373,-0.01708844,0.00066834,-0.00066263,0.00135287,-0.00134075,0.00477921,-0.00473572,0.00000067,-0.00000068,0.00549521,-0.00544376,0.00011932,-0.00011830,0.00081143,-0.00080435,0.00545540,-0.00540457
3.62881441,0.02010071,-0.01992890,0.00078721,-0.00078083,0.00159147,-0.00157798,0.00553715,-0.00548923,0.00000044,-0.00000045,0.00637418,-0.00631735,0.00013830,-0.00013718,0.00094868,-0.00094084,0.00632428,-0.00626817
3.63481741,0.02328598,-0.02309766,0.00092361,-0.00091654,0.00186265,-0.00184775,0.00636986,-0.00631757,0.00000029,-0.00000030,0.00734274,-0.00728058,0.00015919,-0.00015797,0.00110289,-0.00109429,0.00728073,-0.00721938
3.64082041,0.02681161,-0.02660710,0.00107920,-0.00107146,0.00216932,-0.00215301,0.00727600,-0.00721952,0.00000019,-0.00000020,0.00840042,-0.00833308,0.00018195,-0.00018064,0.00127502,-0.00126567,0.00832378,-0.00825736
3.64682341,0.03068657,-0.03046660,0.00125586,-0.00124744,0.00251457,-0.00249686,0.00825245,-0.00819207,0.00000013,-0.00000013,0.00954484,-0.00947262,0.00020653,-0.00020513,0.00146600,-0.00145592,0.00945055,-0.00937936
3.65282641,0.03491653,-0.03468220,0.00145562,-0.00144654,0.00290166,-0.00288259,0.00929411,-0.00923025,0.00000008,-0.00000009,0.01077164,-0.01069498,0.00023281,-0.00023134,0.00167668,-0.00166592,0.01065607,-0.01058057
3.65882941,0.03950376,-0.03925660,0.00168071,-0.00167100,0.00333404,-0.00331367,0.01039386,-0.01032707,0.00000006,-0.00000006,0.01207437,-0.01199386,0.00026063,-0.00025910,0.00190785,-0.00189649,0.01193318,-0.01185397
3.66483242,0.04444723,-0.04418918,0.00193357,-0.00192327,0.00381539,-0.00379380,0.01154251,-0.01147348,0.00000004,-0.00000004,0.01344443,-0.01336082,0.00028978,-0.00028820,0.00216028,-0.00214838,0.01327256,-0.01319039
3.67083542,0.04974283,-0.04947623,0.00221685,-0.00220602,0.00434962,-0.00432693,0.01272889,-0.01265843,0.00000004,-0.00000004,0.01487122,-0.01478540,0.00032000,-0.00031840,0.00243467,-0.00242234,0.01466272,-0.01457849
3.67683842,0.05538379,-0.05511131,0.00253343,-0.00252211,0.00494091,-0.00491726,0.01393995,-0.01386898,0.00000004,-0.00000004,0.01634222,-0.01625520,0.00035099,-0.00034939,0.00273171,-0.00271905,0.01609021,-0.01600494
3.68284142,0.06136112,-0.06108575,0.00288637,-0.00287465,0.00559370,-0.00556923,0.01516098,-0.01509052,0.00000005,-0.00000005,0.01784325,-0.01775617,0.00038240,-0.00038084,0.00305208,-0.00303922,0.01753984,-0.01745467
3.68884442,0.06766422,-0.06738917,0.00327895,-0.00326690,0.00631269,-0.00628758,0.01637595,-0.01630710,0.00000008,-0.00000008,0.01935880,-0.01927288,0.00041388,-0.00041237,0.00339645,-0.00338353,0.01899499,-0.01891115
3.69484742,0.07428147,-0.07401013,0.00371462,-0.00370232,0.00710278,-0.00707719,0.01756787,-0.01750177,0.00000011,-0.00000011,0.02087239,-0.02078893,0.00044502,-0.00044359,0.00376553,-0.00375269,0.02043803,-0.02035680
3.70085043,0.08120080,-0.08093658,0.00419691,-0.00418445,0.00796899,-0.00794311,0.01871920,-0.01865700,0.00000017,-0.00000017,0.02236704,-0.02228733,0.00047541,-0.00047410,0.00416004,-0.00414742,0.02185080,-0.02177350
3.70685343,0.08841010,-0.08815639,0.00472939,-0.00471685,0.00891637,-0.00889038,0.01981238,-0.01975523,0.00000026,-0.00000026,0.02382572,-0.02375108,0.00050466,-0.00050348,0.00458068,-0.00456843,0.02321508,-0.02314301
3.71285643,0.09589753,-0.09565758,0.00531555,-0.00530302,0.00994980,-0.00992387,0.02083032,-0.02077931,0.00000040,-0.00000039,0.02523186,-0.02516354,0.00053235,-0.00053134,0.00502816,-0.00501641,0.02451317,-0.02444756
3.71885943,0.10365152,-0.10342835,0.00595868,-0.00594623,0.01107381,-0.01104811,0.02175693,-0.02171307,0.00000060,-0.00000059,0.02656986,-0.02650902,0.00055812,-0.00055731,0.00550310,-0.00549198,0.02572836,-0.02567038
3.72486243,0.11166053,-0.11145683,0.00666166,-0.00664939,0.01229229,-0.01226697,0.02257762,-0.02254178,0.00000089,-0.00000089,0.02782548,-0.02777316,0.00058164,-0.00058103,0.00600602,-0.00599564,0.02684549,-0.02679616
3.73086543,0.11991245,-0.11973052,0.00742686,-0.00741483,0.01360818,-0.01358339,0.02327975,-0.02325268,0.00000133,-0.00000132,0.02898630,-0.02894337,0.00060259,-0.00060222,0.00653722,-0.00652768,0.02785134,-0.02781153
3.73686843,0.12839371,-0.12823537,0.00825590,-0.00824417,0.01502316,-0.01499901,0.02385305,-0.02383530,0.00000196,-0.00000195,0.03004196,-0.03000913,0.00062075,-0.00062062,0.00709667,-0.00708805,0.02873506,-0.02870544
3.74287144,0.13708803,-0.13695462,0.00914943,-0.00913807,0.01653722,-0.01651382,0.02428990,-0.02428184,0.00000287,-0.00000285,0.03098446,-0.03096222,0.00063593,-0.00063605,0.00768396,-0.00767633,0.02948839,-0.02946943
3.74887444,0.14597497,-0.14586728,0.01010702,-0.01009608,0.01814833,-0.01812577,0.02458557,-0.02458738,0.00000417,-0.00000415,0.03180822,-0.03179682,0.00064801,-0.00064838,0.00829813,-0.00829151,0.03010586,-0.03009779
3.75487744,0.15502827,-0.15494660,0.01112691,-0.01111644,0.01985205,-0.01983041,0.02473835,-0.02474996,0.00000602,-0.00000599,0.03251007,-0.03250957,0.00065694,-0.00065756,0.00893754,-0.00893197,0.03058484,-0.03058767
3.76088044,0.16421417,-0.16415830,0.01220594,-0.01219598,0.02164118,-0.02162053,0.02474946,-0.02477062,0.00000864,-0.00000859,0.03308921,-0.03309940,0.00066273,-0.00066359,0.00959982,-0.00959530,0.03092546,-0.03093897
3.76688344,0.17348979,-0.17345904,0.01333944,-0.01333004,0.02350552,-0.02348593,0.02462303,-0.02465328,0.00001230,-0.00001224,0.03354693,-0.03356741,0.00066544,-0.00066654,0.01028171,-0.01027822,0.03113048,-0.03115422
3.77288644,0.18280174,-0.18279507,0.01452132,-0.01451251,0.02543169,-0.02541322,0.02436583,-0.02440451,0.00001739,-0.00001730,0.03388640,-0.03391656,0.00066522,-0.00066653,0.01097902,-0.01097655,0.03120498,-0.03123830
3.77888944,0.19208521,-0.19210123,0.01574411,-0.01573592,0.02740301,-0.02738574,0.02398695,-0.02403327,0.00002440,-0.00002428,0.03411232,-0.03415138,0.00066222,-0.00066373,0.01168664,-0.01168515,0.03115605,-0.03119812
3.78489245,0.20126351,-0.20130058,0.01699922,-0.01699167,0.02939964,-0.02938365,0.02349746,-0.02355049,0.00003400,-0.00003383,0.03423053,-0.03427756,0.00065667,-0.00065836,0.01239853,-0.01239796,0.03099242,-0.03104227
3.79089545,0.21024836,-0.21030469,0.01827731,-0.01827042,0.03139875,-0.03138413,0.02290998,-0.02296868,0.00004703,-0.00004680,0.03424770,-0.03430165,0.00064881,-0.00065064,0.01310780,-0.01310812,0.03072403,-0.03078056
3.79689845,0.21894101,-0.21901471,0.01956879,-0.01956255,0.03337494,-0.03336179,0.02223821,-0.02230146,0.00006458,-0.00006428,0.03417098,-0.03423074,0.00063891,-0.00064086,0.01380690,-0.01380805,0.03036165,-0.03042370
3.80290145,0.22723418,-0.22732334,0.02086445,-0.02085884,0.03530075,-0.03528920,0.02149648,-0.02156316,0.00008806,-0.00008765,0.03400776,-0.03407215,0.00062724,-0.00062928,0.01448782,-0.01448975,0.02991650,-0.02998286
3.80890445,0.23501487,-0.23511762,0.02215626,-0.02215122,0.03714745,-0.03713761,0.02069938,-0.02076834,0.00011921,-0.00011867,0.03376543,-0.03383330,0.00061409,-0.00061619,0.01514239,-0.01514504,0.02939999,-0.02946944
3.81490745,0.24216810,-0.24228263,0.02343826,-0.02343370,0.03888580,-0.03887781,0.01986130,-0.01993144,0.00016021,-0.00015950,0.03345139,-0.03352155,0.00059974,-0.00060188,0.01576260,-0.01576591,0.02882345,-0.02889482
3.82091046,0.24858125,-0.24870586,0.02470761,-0.02470338,0.04048710,-0.04048108,0.01899621,-0.01906648,0.00021377,-0.00021284,0.03307296,-0.03314432,0.00058448,-0.00058662,0.01634105,-0.01634496,0.02819803,-0.02827018
3.82691346,0.25414914,-0.25428222,0.02596566,-0.02596156,0.04192419,-0.04192025,0.01811732,-0.01818675,0.00028319,-0.00028199,0.03263760,-0.03270911,0.00056859,-0.00057071,0.01687136,-0.01687579,0.02753466,-0.02760653
3.83291646,0.25877934,-0.25891936,0.02721914,-0.02721487,0.04317258,-0.04317082,0.01723700,-0.01730471,0.00037245,-0.00037092,0.03215309,-0.03222378,0.00055232,-0.00055441,0.01734865,-0.01735352,0.02684411,-0.02691474
3.83891946,0.26239770,-0.26254321,0.02848123,-0.02847644,0.04421151,-0.04421199,0.01636662,-0.01643186,0.00048634,-0.00048439,0.03162787,-0.03169686,0.00053596,-0.00053799,0.01777001,-0.01777522,0.02613714,-0.02620568
3.84492246,0.26495371,-0.26510328,0.02977274,-0.02976694,0.04502496,-0.04502771,0.01551662,-0.01557874,0.00063049,-0.00062802,0.03107136,-0.03113789,0.00051978,-0.00052173,0.01813496,-0.01814039,0.02542469,-0.02549040
3.85092546,0.26642539,-0.26657754,0.03112300,-0.03111562,0.04560260,-0.04560758,0.01469651,-0.01475498,0.00081150,-0.00080841,0.03049444,-0.03055782,0.00050406,-0.00050591,0.01844582,-0.01845134,0.02471821,-0.02478047
3.85692846,0.26682344,-0.26697664,0.03257071,-0.03256103,0.04594048,-0.04594761,0.01391499,-0.01396941,0.00103698,-0.00103313,0.02990980,-0.02996943,0.00048909,-0.00049084,0.01870809,-0.01871353,0.02402988,-0.02408817
3.86293147,0.26619447,-0.26634707,0.03416445,-0.03415166,0.04604162,-0.04605075,0.01318014,-0.01323020,0.00131558,-0.00131083,0.02933229,-0.02938767,0.00047518,-0.00047681,0.01893068,-0.01893585,0.02337293,-0.02342685
3.86893447,0.26462290,-0.26477307,0.03596295,-0.03594611,0.04591630,-0.04592721,0.01249952,-0.01254502,0.00165706,-0.00165124,0.02877927,-0.02882994,0.00046266,-0.00046418,0.01912604,-0.01913071,0.02276187,-0.02281109
3.87493747,0.26223151,-0.26237724,0.03803495,-0.03801298,0.04558208,-0.04559449,0.01188038,-0.01192121,0.00207217,-0.00206512,0.02827075,-0.02831633,0.00045190,-0.00045330,0.01931017,-0.01931407,0.02221266,-0.02225694
3.88094047,0.25918038,-0.25931945,0.04045861,-0.04043034,0.04506360,-0.04507714,0.01132980,-0.01136591,0.00257268,-0.00256418,0.02782945,-0.02786961,0.00044330,-0.00044456,0.01950248,-0.01950532,0.02174278,-0.02178196
3.88694347,0.25566432,-0.25579431,0.04332047,-0.04328464,0.04439201,-0.04440627,0.01085479,-0.01088620,0.00317114,-0.00316099,0.02748074,-0.02751517,0.00043727,-0.00043840,0.01972546,-0.01972694,0.02137124,-0.02140519
3.89294647,0.25190866,-0.25202695,0.04671386,-0.04666914,0.04360421,-0.04361872,0.01046236,-0.01048914,0.00388074,-0.00386872,0.02725232,-0.02728073,0.00043425,-0.00043525,0.02000430,-0.02000407,0.02111836,-0.02114701
3.89894947,0.24816351,-0.24826736,0.05073681,-0.05068183,0.04274181,-0.04275605,0.01015954,-0.01018178,0.00471502,-0.00470090,0.02717382,-0.02719594,0.00043471,-0.00043558,0.02036621,-0.02036391,0.02100549,-0.02102883
3.90495248,0.24469677,-0.24478334,0.05548935,-0.05542277,0.04184984,-0.04186328,0.00995332,-0.00997114,0.00568753,-0.00567108,0.02727617,-0.02729176,0.00043913,-0.00043987,0.02083968,-0.02083497,0.02105460,-0.02107260
3.91095548,0.24178591,-0.24185235,0.06107035,-0.06099088,0.04097537,-0.04098746,0.00985052,-0.00986407,0.00681135,-0.00679235,0.02759085,-0.02759965,0.00044797,-0.00044858,0.02145365,-0.02144616,0.02128763,-0.02130033
3.91695848,0.23970898,-0.23975251,0.06757391,-0.06748035,0.04016593,-0.04017613,0.00985766,-0.00986708,0.00809865,-0.00807690,0.02814898,-0.02815076,0.00046168,-0.00046217,0.02223642,-0.02222582,0.02172585,-0.02173329
3.92296148,0.23873502,-0.23875305,0.07508526,-0.07497658,0.03946791,-0.03947571,0.00998069,-0.00998613,0.00956010,-0.00953540,0.02898035,-0.02897489,0.00048067,-0.00048104,0.02321467,-0.02320066,0.02238902,-0.02239128
3.92896448,0.23911434,-0.23910456,0.08367649,-0.08355191,0.03892492,-0.03892987,0.01022473,-0.01022633,0.01120423,-0.01117644,0.03011231,-0.03009941,0.00050531,-0.00050557,0.02441226,-0.02439458,0.02329456,-0.02329175
3.93496748,0.24106897,-0.24102944,0.09340212,-0.09326111,0.03857627,-0.03857795,0.01059381,-0.01059173,0.01303683,-0.01300583,0.03156876,-0.03154825,0.00053586,-0.00053602,0.02584919,-0.02582764,0.02445662,-0.02444887
3.94097049,0.24478360,-0.24471288,0.10429466,-0.10413705,0.03845544,-0.03845354,0.01109053,-0.01108492,0.01506024,-0.01502599,0.03336909,-0.03334082,0.00057252,-0.00057258,0.02754041,-0.02751487,0.02588519,-0.02587269
3.94697349,0.25039759,-0.25029480,0.11636042,-0.11618645,0.03858887,-0.03858318,0.01171582,-0.01170683,0.01727278,-0.01723526,0.03552725,-0.03549112,0.00061535,-0.00061532,0.02949492,-0.02946534,0.02758528,-0.02756825
3.95297649,0.25799816,-0.25786307,0.12957580,-0.12938614,0.03899485,-0.03898525,0.01246863,-0.01245641,0.01966811,-0.01962741,0.03805092,-0.03800687,0.00066429,-0.00066418,0.03171479,-0.03168124,0.02955613,-0.02953487
3.95897949,0.26761522,-0.26744829,0.14388413,-0.14367995,0.03968273,-0.03966922,0.01334575,-0.01333047,0.02223480,-0.02219108,0.04094097,-0.04088900,0.00071912,-0.00071895,0.03419457,-0.03415719,0.03179066,-0.03176550
3.96498249,0.27921805,-0.27902048,0.15919349,-0.15897644,0.04065242,-0.04063513,0.01434170,-0.01432352,0.02495595,-0.02490944,0.04419106,-0.04413122,0.00077948,-0.00077927,0.03692070,-0.03687976,0.03427499,-0.03424633
3.97098549,0.29271412,-0.29248781,0.17537548,-0.17514774,0.04189418,-0.04187335,0.01544863,-0.01542774,0.02780900,-0.02776004,0.04778760,-0.04771999,0.00084485,-0.00084460,0.03987138,-0.03982726,0.03698828,-0.03695657
3.97698849,0.30795006,-0.30769762,0.19226534,-0.19202958,0.04338881,-0.04336481,0.01665640,-0.01663298,0.03076573,-0.03071473,0.05170995,-0.05163471,0.00091453,-0.00091427,0.04301658,-0.04296977,0.03990274,-0.03986850
3.98299150,0.32471493,-0.32443962,0.20966332,-0.20942268,0.04510812,-0.04508141,0.01795270,-0.01792695,0.03379246,-0.03373992,0.05593100,-0.05584831,0.00098770,-0.00098744,0.04631847,-0.04626953,0.04298397,-0.04294776
3.98899450,0.34274579,-0.34245142,0.22733760,-0.22709563,0.04701575,-0.04698691,0.01932332,-0.01929545,0.03685050,-0.03679699,0.06041800,-0.06032807,0.00106339,-0.00106314,0.04973203,-0.04968164,0.04619152,-0.04615394
3.99499750,0.36173529,-0.36142611,0.24502859,-0.24478918,0.04906834,-0.04903800,0.02075253,-0.02072275,0.03989681,-0.03984298,0.06513372,-0.06503678,0.00114049,-0.00114028,0.05320614,-0.05315502,0.04947977,-0.04944145
4.00100050,0.38134122,-0.38102181,0.26245466,-0.26222195,0.05121689,-0.05118574,0.02222346,-0.02219200,0.04288495,-0.04283150,0.07003784,-0.06993412,0.00121785,-0.00121770,0.05668480,-0.05663373,0.05279903,-0.05276061
4.00700350,0.40119759,-0.40087266,0.27931914,-0.27909742,0.05340841,-0.05337717,0.02371871,-0.02368576,0.04576611,-0.04571378,0.07508855,-0.07497825,0.00129424,-0.00129415,0.06010870,-0.06005850,0.05609683,-0.05605895
4.01300650,0.42092686,-0.42060113,0.29531838,-0.29511193,0.05558770,-0.05555711,0.02522082,-0.02518660,0.04849049,-0.04844003,0.08024418,-0.08012749,0.00136839,-0.00136839,0.06341698,-0.06336846,0.05931949,-0.05928275
4.01900950,0.44015291,-0.43983094,0.31015060,-0.30996361,0.05769926,-0.05767004,0.02671297,-0.02667766,0.05100865,-0.05096081,0.08546501,-0.08534206,0.00143909,-0.00143920,0.06654909,-0.06650305,0.06241364,-0.06237860
4.02501251,0.45851408,-0.45820010,0.32352521,-0.32336161,0.05968922,-0.05966203,0.02817950,-0.02814327,0.05327305,-0.05322855,0.09071482,-0.09058570,0.00150517,-0.00150539,0.06944675,-0.06940393,0.06532792,-0.06529511
4.03101551,0.47567594,-0.47537371,0.33517221,-0.33503557,0.06150720,-0.06148264,0.02960650,-0.02956950,0.05523957,-0.05519909,0.09596244,-0.09582719,0.00156556,-0.00156590,0.07205588,-0.07201696,0.06801461,-0.06798445
4.03701851,0.49134300,-0.49105567,0.34485135,-0.34474471,0.06310807,-0.06308665,0.03098229,-0.03094465,0.05686896,-0.05683312,0.10118294,-0.10104156,0.00161932,-0.00161979,0.07432845,-0.07429401,0.07043113,-0.07040397
4.04302151,0.50526901,-0.50499903,0.35236055,-0.35228636,0.06445351,-0.06443563,0.03229779,-0.03225961,0.05812826,-0.05809757,0.10635856,-0.10621098,0.00166571,-0.00166630,0.07622415,-0.07619466,0.07254141,-0.07251751
4.04902451,0.51726538,-0.51701443,0.35754331,-0.35750330,0.06551331,-0.06549925,0.03354685,-0.03350820,0.05899198,-0.05896685,0.11147914,-0.11132529,0.00170414,-0.00170487,0.07771179,-0.07768758,0.07431702,-0.07429652
4.05502751,0.52720731,-0.52697623,0.36029472,-0.36028985,0.06626637,-0.06625628,0.03472629,-0.03468722,0.05944306,-0.05942377,0.11654223,-0.11638204,0.00173429,-0.00173515,0.07877041,-0.07875168,0.07573800,-0.07572095
4.06103052,0.53503736,-0.53482622,0.36056590,-0.36059628,0.06670135,-0.06669524,0.03583596,-0.03579651,0.05947361,-0.05946032,0.12155269,-0.12138610,0.00175603,-0.00175701,0.07939002,-0.07937683,0.07679339,-0.07677973
4.06703352,0.54076652,-0.54057456,0.35836654,-0.35843144,0.06681696,-0.06681471,0.03687849,-0.03683868,0.05908533,-0.05907805,0.12652188,-0.12634890,0.00176948,-0.00177056,0.07957197,-0.07956423,0.07748141,-0.07747101
4.07303652,0.54447256,-0.54429836,0.35376566,-0.35386351,0.06662188,-0.06662324,0.03785907,-0.03781892,0.05828958,-0.05828819,0.13146649,-0.13128722,0.00177497,-0.00177615,0.07932891,-0.07932639,0.07780929,-0.07780195
4.07903952,0.54629615,-0.54613766,0.34689038,-0.34701880,0.06613435,-0.06613895,0.03878491,-0.03874444,0.05710721,-0.05711143,0.13640710,-0.13622176,0.00177305,-0.00177431,0.07868438,-0.07868674,0.07779286,-0.07778828
4.08504252,0.54643484,-0.54628948,0.33792301,-0.33807887,0.06538140,-0.06538878,0.03966480,-0.03962405,0.05556803,-0.05557746,0.14136658,-0.14117554,0.00176444,-0.00176577,0.07767205,-0.07767883,0.07745571,-0.07745359
4.09104552,0.54513539,-0.54500023,0.32709650,-0.32727597,0.06439794,-0.06440755,0.04050849,-0.04046752,0.05371002,-0.05372414,0.14636843,-0.14617224,0.00175003,-0.00175141,0.07633466,-0.07634529,0.07682831,-0.07682829
4.09704852,0.54268514,-0.54255699,0.31468854,-0.31488721,0.06322549,-0.06323672,0.04132608,-0.04128495,0.05157839,-0.05159656,0.15143527,-0.15123470,0.00173082,-0.00173225,0.07472274,-0.07473660,0.07594681,-0.07594854
4.10305153,0.53940277,-0.53927829,0.30101475,-0.30122772,0.06191096,-0.06192315,0.04212744,-0.04208628,0.04922435,-0.04924584,0.15658761,-0.15638358,0.00170791,-0.00170936,0.07289319,-0.07290959,0.07485185,-0.07485499
4.10905453,0.53562925,-0.53550506,0.28642110,-0.28664311,0.06050524,-0.06051773,0.04292173,-0.04288068,0.04670387,-0.04672787,0.16184291,-0.16163655,0.00168243,-0.00168388,0.07090776,-0.07092598,0.07358736,-0.07359157
4.11505753,0.53171935,-0.53159211,0.27127611,-0.27150163,0.05906197,-0.05907406,0.04371697,-0.04367620,0.04407633,-0.04410197,0.16721526,-0.16700785,0.00165552,-0.00165697,0.06883154,-0.06885083,0.07219935,-0.07220433
4.12106053,0.52803442,-0.52790086,0.25596303,-0.25618636,0.05763624,-0.05764726,0.04451979,-0.04447949,0.04140319,-0.04142957,0.17271555,-0.17250847,0.00162831,-0.00162975,0.06673155,-0.06675117,0.07073487,-0.07074036
4.12706353,0.52493657,-0.52479351,0.24087235,-0.24108774,0.05628362,-0.05629291,0.04533528,-0.04529566,0.03874670,-0.03877288,0.17835227,-0.17814697,0.00160188,-0.00160329,0.06467545,-0.06469467,0.06924117,-0.06924693
4.13306653,0.52278466,-0.52262896,0.22639488,-0.22659660,0.05505925,-0.05506617,0.04616709,-0.04612838,0.03616874,-0.03619378,0.18413292,-0.18393081,0.00157723,-0.00157861,0.06273041,-0.06274850,0.06776501,-0.06777082
4.13906953,0.52193203,-0.52176056,0.21291551,-0.21309797,0.05401721,-0.05402117,0.04701762,-0.04698003,0.03372974,-0.03375269,0.19006586,-0.18986828,0.00155528,-0.00155662,0.06096221,-0.06097847,0.06635218,-0.06635784
4.14507254,0.52272591,-0.52253545,0.20080785,-0.20096561,0.05321011,-0.05321054,0.04788839,-0.04785209,0.03148773,-0.03150767,0.19616264,-0.19597073,0.00153686,-0.00153817,0.05943451,-0.05944826,0.06504729,-0.06505261
4.15107554,0.52550821,-0.52529539,0.19042954,-0.19055741,0.05268883,-0.05268520,0.04878049,-0.04874563,0.02949763,-0.02951368,0.20244042,-0.20225507,0.00152270,-0.00152397,0.05820833,-0.05821891,0.06389369,-0.06389846
4.15707854,0.53061724,-0.53037838,0.18211843,-0.18221151,0.05250250,-0.05249428,0.04969517,-0.04966182,0.02781058,-0.02782189,0.20892454,-0.20874627,0.00151347,-0.00151470,0.05734170,-0.05734846,0.06293357,-0.06293755
4.16308154,0.53838968,-0.53812074,0.17618920,-0.17624293,0.05269847,-0.05268514,0.05063434,-0.05060252,0.02647343,-0.02647918,0.21565067,-0.21547959,0.00150973,-0.00151093,0.05688932,-0.05689165,0.06220805,-0.06221097
4.16908454,0.54916240,-0.54885891,0.17293052,-0.17294071,0.05332239,-0.05330347,0.05160115,-0.05157077,0.02552831,-0.02552775,0.22266663,-0.22250238,0.00151201,-0.00151318,0.05690239,-0.05689966,0.06175747,-0.06175899
4.17508754,0.56327314,-0.56293014,0.17260231,-0.17256519,0.05441828,-0.05439327,0.05260043,-0.05257132,0.02501228,-0.02500473,0.23003336,-0.22987508,0.00152078,-0.00152192,0.05742831,-0.05741992,0.06162142,-0.06162115
4.18109055,0.58105966,-0.58067175,0.17543302,-0.17534527,0.05602837,-0.05599677,0.05363895,-0.05361083,0.02495702,-0.02494186,0.23782499,-0.23767131,0.00153650,-0.00153760,0.05851036,-0.05849570,0.06183884,-0.06183631
4.18709355,0.60285662,-0.60241800,0.18161672,-0.18147555,0.05819287,-0.05815418,0.05472557,-0.05469808,0.02538846,-0.02536516,0.24612776,-0.24597684,0.00155959,-0.00156066,0.06018719,-0.06016571,0.06244783,-0.06244252
4.19309655,0.62898983,-0.62849448,0.19130988,-0.19111308,0.06094942,-0.06090317,0.05587110,-0.05584379,0.02632648,-0.02629460,0.25503775,-0.25488730,0.00159048,-0.00159153,0.06249224,-0.06246337,0.06348532,-0.06347666
4.19909955,0.65976771,-0.65920954,0.20462772,-0.20437372,0.06433238,-0.06427810,0.05708795,-0.05706031,0.02778447,-0.02774366,0.26465725,-0.26450468,0.00162960,-0.00163062,0.06545283,-0.06541608,0.06498651,-0.06497387
4.20510255,0.69546977,-0.69484290,0.22164021,-0.22132817,0.06837165,-0.06830891,0.05838958,-0.05836104,0.02976896,-0.02971900,0.27509002,-0.27493249,0.00167739,-0.00167837,0.06908918,-0.06904410,0.06698401,-0.06696676
4.21110555,0.73633254,-0.73563161,0.24236778,-0.24199766,0.07309139,-0.07301984,0.05978960,-0.05975958,0.03227911,-0.03221990,0.28643537,-0.28626997,0.00173426,-0.00173521,0.07341321,-0.07335944,0.06950685,-0.06948435
4.21710855,0.78253333,-0.78175388,0.26677692,-0.26634955,0.07850842,-0.07842777,0.06130082,-0.06126875,0.03530625,-0.03523783,0.29878146,-0.29860536,0.00180061,-0.00180152,0.07842726,-0.07836455,0.07257926,-0.07255093
4.22311156,0.83417262,-0.83331144,0.29477598,-0.29429317,0.08463044,-0.08454053,0.06293409,-0.06289944,0.03883347,-0.03875602,0.31219806,-0.31200867,0.00187681,-0.00187769,0.08412276,-0.08405101,0.07621935,-0.07618466
4.22911456,0.89125604,-0.89031153,0.32621148,-0.32567604,0.09145419,-0.09135502,0.06469706,-0.06465940,0.04283517,-0.04274904,0.32672910,-0.32652426,0.00196316,-0.00196400,0.09047900,-0.09039824,0.08043775,-0.08039628
4.23511756,0.95367692,-0.95264950,0.36086531,-0.36028112,0.09896367,-0.09885541,0.06659299,-0.06655199,0.04727685,-0.04718256,0.34238556,-0.34216369,0.00205988,-0.00206069,0.09746200,-0.09737246,0.08523628,-0.08518776
4.24112056,1.02120090,-1.02009326,0.39845321,-0.39782522,0.10712849,-0.10701151,0.06861965,-0.06857511,0.05211500,-0.05201322,0.35913906,-0.35889929,0.00216710,-0.00216786,0.10502368,-0.10492579,0.09060681,-0.09055113
4.24712356,1.09345350,-1.09227086,0.43862489,-0.43795912,0.11590249,-0.11577741,0.07076832,-0.07072023,0.05729719,-0.05718879,0.37691655,-0.37665890,0.00228478,-0.00228552,0.11310145,-0.11299585,0.09653028,-0.09646750
4.25312656,1.16991204,-1.16866233,0.48096619,-0.48026968,0.12522284,-0.12509052,0.07302317,-0.07297169,0.06276252,-0.06264853,0.39559675,-0.39532215,0.00241277,-0.00241348,0.12161818,-0.12150572,0.10297607,-0.10290648
4.25912956,1.24990293,-1.24859676,0.52500346,-0.52428416,0.13500963,-0.13487117,0.07536083,-0.07530631,0.06844228,-0.06832385,0.41500834,-0.41471872,0.00255073,-0.00255143,0.13048276,-0.13036451,0.10990174,-0.10982582
4.26513257,1.33260490,-1.33125554,0.57021028,-0.56947692,0.14516608,-0.14502285,0.07775044,-0.07769343,0.07426094,-0.07413938,0.43493051,-0.43462877,0.00269815,-0.00269885,0.13959125,-0.13946847,0.11725320,-0.11717164
4.27113557,1.41705894,-1.41568206,0.61601658,-0.61527853,0.15557952,-0.15543311,0.08015405,-0.08009526,0.08013756,-0.08001427,0.45509582,-0.45478579,0.00285435,-0.00285505,0.14882856,-0.14870271,0.12496528,-0.12487897
4.27713857,1.50218490,-1.50079823,0.66182001,-0.66108702,0.16612301,-0.16597522,0.08252743,-0.08246775,0.08598737,-0.08586383,0.47519541,-0.47488178,0.00301845,-0.00301919,0.15807080,-0.15794347,0.13296284,-0.13287286
4.28314157,1.58680455,-1.58542743,0.70699930,-0.70628128,0.17665770,-0.17651050,0.08482130,-0.08476174,0.09172372,-0.09160145,0.49488664,-0.49457478,0.00318943,-0.00319021,0.16718803,-0.16706089,0.14116217,-0.14106973
4.28914457,1.66967050,-1.66832329,0.75092901,-0.75023576,0.18703590,-0.18689138,0.08698294,-0.08692458,0.09726020,-0.09714071,0.51380267,-0.51349845,0.00336610,-0.00336696,0.17604746,-0.17592228,0.14947284,-0.14937930
4.29514757,1.74949992,-1.74820334,0.79299545,-0.79233638,0.19710465,-0.19696496,0.08895800,-0.08890198,0.10251294,-0.10239768,0.53156378,-0.53127339,0.00354716,-0.00354810,0.18451702,-0.18439553,0.15779981,-0.15770657
4.30115058,1.82501171,-1.82378616,0.83261273,-0.83199658,0.20670976,-0.20657705,0.09069261,-0.09064006,0.10740285,-0.10729319,0.54778996,-0.54751962,0.00373117,-0.00373223,0.19246889,-0.19235280,0.16604563,-0.16595414
4.30715358,1.89496558,-1.89383039,0.86923861,-0.86867318,0.21570012,-0.21557645,0.09213557,-0.09208756,0.11185793,-0.11175509,0.56211412,-0.56186987,0.00391664,-0.00391784,0.19978317,-0.19967406,0.17411285,-0.17402456
4.31315658,1.95820126,-1.95717397,0.90238910,-0.90188102,0.22393207,-0.22381938,0.09324048,-0.09319798,0.11581535,-0.11572039,0.57419536,-0.57398280,0.00410200,-0.00410336,0.20635125,-0.20625057,0.18190627,-0.18182257
4.31915958,2.01367588,-2.01277160,0.93165141,-0.93120593,0.23127368,-0.23117368,0.09396788,-0.09393169,0.11922330,-0.11913705,0.58373169,-0.58355576,0.00428566,-0.00428720,0.21207889,-0.21198787,0.18933513,-0.18925731
4.32516258,2.06049797,-2.05972878,0.95669442,-0.95631523,0.23760869,-0.23752286,0.09428700,-0.09425774,0.12204246,-0.12196552,0.59047157,-0.59033630,0.00446601,-0.00446776,0.21688870,-0.21680835,0.19631496,-0.19624420
4.33116558,2.09795616,-2.09733064,0.97727629,-0.97696547,0.24284003,-0.24276950,0.09417735,-0.09415541,0.12424708,-0.12417980,0.59422361,-0.59413201,0.00464145,-0.00464342,0.22072211,-0.22065316,0.20276925,-0.20270658
4.33716858,2.12554140,-2.12506431,0.99324883,-0.99300680,0.24689258,-0.24683813,0.09362980,-0.09361532,0.12582557,-0.12576803,0.59486420,-0.59481806,0.00481040,-0.00481261,0.22354055,-0.22348346,0.20863061,-0.20857687
4.34317159,2.14296154,-2.14263368,1.00455848,-1.00438400,0.24971518,-0.24967724,0.09264723,-0.09264009,0.12678057,-0.12673256,0.59234235,-0.59234223,0.00497131,-0.00497377,0.22532591,-0.22528085,0.21384163,-0.21379748
4.34917459,2.15014765,-2.14996583,1.01124385,-1.01113415,0.25128187,-0.25126043,0.09124469,-0.09124451,0.12712848,-0.12708958,0.58668190,-0.58672705,0.00512266,-0.00512539,0.22608021,-0.22604708,0.21835530,-0.21832122
4.35517759,2.14725190,-2.14720913,1.01343009,-1.01338102,0.25159201,-0.25158673,0.08944903,-0.08945519,0.12689856,-0.12686808,0.57798070,-0.57806912,0.00526300,-0.00526600,0.22582461,-0.22580305,0.22213511,-0.22211136
4.36118059,2.13463716,-2.13472296,1.01132039,-1.01132662,0.25066974,-0.25067989,0.08729806,-0.08730970,0.12613148,-0.12610856,0.56640705,-0.56653556,0.00539094,-0.00539422,0.22459776,-0.22458717,0.22515475,-0.22514143
4.36718359,2.11285904,-2.11305996,1.00518516,-1.00524043,0.24856239,-0.24858691,0.08483921,-0.08485531,0.12487760,-0.12486120,0.55219347,-0.55235786,0.00550512,-0.00550869,0.22245353,-0.22245314,0.22739767,-0.22739471
4.37318659,2.08264147,-2.08294162,0.99534948,-0.99544689,0.24533826,-0.24537581,0.08212793,-0.08214730,0.12319487,-0.12318384,0.53562828,-0.53582347,0.00560432,-0.00560818,0.21945853,-0.21946740,0.22885644,-0.22886360
4.37918959,2.04484700,-2.04522879,0.98217955,-0.98231184,0.24108373,-0.24113275,0.07922565,-0.07924699,0.12114658,-0.12113971,0.51704533,-0.51726556,0.00568736,-0.00569151,0.21568921,-0.21570631,0.22953196,-0.22954887
4.38519260,2.00044365,-2.00088847,0.96606871,-0.96622859,0.23589993,-0.23595872,0.07619763,-0.07621962,0.11879902,-0.11879508,0.49681247,-0.49705151,0.00575322,-0.00575765,0.21122895,-0.21125318,0.22943284,-0.22945899
4.39119560,1.95046972,-1.95095874,0.94742393,-0.94760434,0.22989912,-0.22996586,0.07311078,-0.07313206,0.11621921,-0.11621700,0.47531927,-0.47557072,0.00580102,-0.00580572,0.20616521,-0.20619549,0.22857465,-0.22860945
4.39719860,1.89599865,-1.89651350,0.92665323,-0.92684758,0.22320098,-0.22327383,0.07003135,-0.07005064,0.11347271,-0.11347109,0.45296477,-0.45322217,0.00583003,-0.00583500,0.20058688,-0.20062213,0.22697951,-0.22702225
4.40320160,1.83810515,-1.83862861,0.90415453,-0.90435697,0.21592892,-0.21600607,0.06702295,-0.06703902,0.11062169,-0.11061964,0.43014546,-0.43040262,0.00583978,-0.00584500,0.19458189,-0.19462111,0.22467570,-0.22472558
4.40920460,1.77783447,-1.77835103,0.88030652,-0.88051208,0.20820667,-0.20828642,0.06414465,-0.06415641,0.10772334,-0.10772000,0.40724444,-0.40749554,0.00583003,-0.00583548,0.18823527,-0.18827757,0.22169756,-0.22175369
4.41520760,1.71617582,-1.71667216,0.85546161,-0.85566633,0.20015522,-0.20023600,0.06144945,-0.06145595,0.10482862,-0.10482327,0.38462185,-0.38486162,0.00580082,-0.00580648,0.18162766,-0.18167224,0.21808549,-0.21814689
4.42121061,1.65404096,-1.65450620,0.82994122,-0.83014220,0.19189022,-0.19197063,0.05898316,-0.05898360,0.10198147,-0.10197354,0.36260703,-0.36283088,0.00575255,-0.00575839,0.17483422,-0.17488043,0.21388621,-0.21395179
4.42721361,1.59224851,-1.59267444,0.80403329,-0.80422871,0.18351990,-0.18359874,0.05678363,-0.05677738,0.09921836,-0.09920747,0.34149270,-0.34169675,0.00568595,-0.00569193,0.16792414,-0.16797144,0.20915300,-0.20922156
4.43321661,1.53151435,-1.53189539,0.77799194,-0.77818099,0.17514357,-0.17521986,0.05488046,-0.05486704,0.09656840,-0.09655430,0.32153112,-0.32171227,0.00560215,-0.00560824,0.16096043,-0.16100842,0.20394614,-0.20401634
4.43921961,1.47244793,-1.47278099,0.75203896,-0.75222175,0.16685075,-0.16692373,0.05329512,-0.05327416,0.09405373,-0.09403632,0.30293238,-0.30308824,0.00550268,-0.00550883,0.15400026,-0.15404865,0.19833321,-0.19840357
4.44522261,1.41555412,-1.41583834,0.72636687,-0.72654425,0.15872077,-0.15878988,0.05204141,-0.05201266,0.09169036,-0.09166958,0.28586456,-0.28599343,0.00538948,-0.00539564,0.14709544,-0.14714401,0.19238936,-0.19245823
4.45122561,1.36124004,-1.36147633,0.70114304,-0.70131645,0.15082293,-0.15088777,0.05112638,-0.05108966,0.08948918,-0.08946506,0.27045562,-0.27055641,0.00526487,-0.00527099,0.14029325,-0.14034185,0.18619748,-0.18626302
4.45722861,1.30982582,-1.31001642,0.67651458,-0.67668582,0.14321698,-0.14327732,0.05055141,-0.05050653,0.08745731,-0.08742985,0.25679683,-0.25686888,0.00513155,-0.00513756,0.13363734,-0.13368585,0.17984803,-0.17990821
4.46323162,1.26155841,-1.26170631,0.65261351,-0.65278450,0.13595409,-0.13600980,0.05031351,-0.05026028,0.08559951,-0.08556868,0.24494716,-0.24499015,0.00499255,-0.00499841,0.12716867,-0.12721698,0.17343873,-0.17349133
4.46923462,1.21662728,-1.21673563,0.62956173,-0.62973431,0.12907785,-0.12912886,0.05040673,-0.05034491,0.08391961,-0.08388528,0.23493847,-0.23495228,0.00485120,-0.00485682,0.12092648,-0.12097444,0.16707385,-0.16711645
4.47523762,1.17518080,-1.17525237,0.60747562,-0.60765134,0.12262553,-0.12267181,0.05082357,-0.05075280,0.08242196,-0.08238388,0.22678112,-0.22676568,0.00471103,-0.00471635,0.11494907,-0.11499649,0.16086322,-0.16089324
4.48124062,1.13734229,-1.13737891,0.58646986,-0.58664977,0.11662934,-0.11667084,0.05155627,-0.05147608,0.08111271,-0.08107043,0.22046943,-0.22042456,0.00457571,-0.00458067,0.10927447,-0.10932107,0.15492090,-0.15493559
4.48724362,1.10322457,-1.10322673,0.56666014,-0.56684465,0.11111758,-0.11115419,0.05259795,-0.05250774,0.08000084,-0.07995376,0.21598684,-0.21591221,0.00444897,-0.00445350,0.10394084,-0.10398624,0.14936343,-0.14935995
4.49324662,1.07294234,-1.07290881,0.54816486,-0.54835363,0.10611568,-0.10614721,0.05394347,-0.05384250,0.07909899,-0.07904629,0.21331049,-0.21320549,0.00433452,-0.00433855,0.09898664,-0.09903036,0.14430787,-0.14428333
4.49924962,1.04662142,-1.04654912,0.53110549,-0.53129735,0.10164703,-0.10167322,0.05558999,-0.05547739,0.07842392,-0.07836460,0.21241477,-0.21227850,0.00423591,-0.00423938,0.09445054,-0.09449202,0.13986947,-0.13982100
4.50525263,1.02440459,-1.02428848,0.51560568,-0.51579864,0.09773359,-0.09775402,0.05753714,-0.05741196,0.07799661,-0.07792950,0.21327397,-0.21310523,0.00415647,-0.00415934,0.09037107,-0.09040961,0.13615908,-0.13608394
4.51125563,1.00645356,-1.00628676,0.50178927,-0.50198053,0.09439613,-0.09441030,0.05978687,-0.05964811,0.07784199,-0.07776579,0.21586369,-0.21566102,0.00409920,-0.00410142,0.08678591,-0.08682075,0.13328044,-0.13317607
4.51725863,0.99294707,-0.99272116,0.48977713,-0.48996317,0.09165431,-0.09166159,0.06234288,-0.06218958,0.07798826,-0.07790161,0.22016118,-0.21992292,0.00406669,-0.00406822,0.08373106,-0.08376136,0.13132725,-0.13119144
4.52326163,0.98407538,-0.98378075,0.47968315,-0.47985992,0.08952635,-0.08952603,0.06520976,-0.06504105,0.07846595,-0.07836746,0.22614449,-0.22586892,0.00406100,-0.00406183,0.08123970,-0.08126461,0.13038029,-0.13021125
4.52926463,0.98003129,-0.97965770,0.47160962,-0.47177264,0.08802854,-0.08801985,0.06839177,-0.06820696,0.07930655,-0.07919494,0.23379075,-0.23347622,0.00408364,-0.00408376,0.07934095,-0.07935960,0.13050449,-0.13030097
4.53526763,0.98099845,-0.98053564,0.46564210,-0.46578673,0.08717447,-0.08715663,0.07189147,-0.07169017,0.08054098,-0.08041509,0.24307354,-0.24271865,0.00413544,-0.00413486,0.07805847,-0.07807005,0.13174616,-0.13150762
4.54127064,0.98713758,-0.98657597,0.46184421,-0.46196586,0.08697412,-0.08694637,0.07570822,-0.07549038,0.08219779,-0.08205674,0.25395976,-0.25356352,0.00421656,-0.00421532,0.07740908,-0.07741286,0.13413052,-0.13385718
4.54727364,0.99857131,-0.99790270,0.46025255,-0.46034689,0.08743285,-0.08739449,0.07983654,-0.07960257,0.08430139,-0.08414461,0.26640608,-0.26596810,0.00432644,-0.00432458,0.07740130,-0.07739668,0.13765952,-0.13735247
4.55327664,1.01536873,-1.01458703,0.46087200,-0.46093525,0.08855027,-0.08850071,0.08426468,-0.08401552,0.08687013,-0.08669750,0.28035533,-0.27987598,0.00446376,-0.00446135,0.07803408,-0.07802062,0.14231011,-0.14197139
4.55927964,1.03753032,-1.03663217,0.46367179,-0.46370089,0.09031917,-0.09025801,0.08897328,-0.08871044,0.08991461,-0.08972646,0.29573305,-0.29521363,0.00462650,-0.00462362,0.07929564,-0.07927312,0.14803313,-0.14766577
4.56528264,1.06497426,-1.06395963,0.46858232,-0.46857516,0.09272460,-0.09265161,0.09393429,-0.09365990,0.09343602,-0.09323324,0.31244443,-0.31188728,0.00481190,-0.00480866,0.08116259,-0.08113102,0.15475281,-0.15436084
4.57128564,1.09752493,-1.09639753,0.47549328,-0.47544883,0.09574292,-0.09565814,0.09911024,-0.09882707,0.09742494,-0.09720897,0.33037186,-0.32978048,0.00501655,-0.00501307,0.08359931,-0.08355897,0.16236706,-0.16195549
4.57728864,1.13490426,-1.13367184,0.48425283,-0.48417130,0.09934124,-0.09924498,0.10445397,-0.10416539,0.10186026,-0.10163315,0.34937334,-0.34875236,0.00523646,-0.00523287,0.08655776,-0.08650920,0.17074853,-0.17032331
4.58329165,1.17672648,-1.17540095,0.49466833,-0.49455120,0.10347696,-0.10336983,0.10990878,-0.10961871,0.10670871,-0.10647305,0.36928170,-0.36863696,0.00546711,-0.00546357,0.08997764,-0.08992167,0.17974653,-0.17931442
4.58929465,1.22249671,-1.22109411,0.50650828,-0.50635830,0.10809772,-0.10798062,0.11540900,-0.11512186,0.11192471,-0.11168361,0.38990492,-0.38924335,0.00570359,-0.00570023,0.09378702,-0.09372473,0.18918978,-0.18875823
4.59529765,1.27161362,-1.27015385,0.51950573,-0.51932694,0.11314153,-0.11301566,0.12088113,-0.12060172,0.11745068,-0.11720773,0.41102747,-0.41035704,0.00594066,-0.00593767,0.09790346,-0.09783619,0.19888999,-0.19846696
4.60130065,1.32337612,-1.32188255,0.53336295,-0.53316055,0.11853733,-0.11840422,0.12624533,-0.12597871,0.12321793,-0.12297708,0.43241269,-0.43174219,0.00617296,-0.00617048,0.10223553,-0.10216483,0.20864611,-0.20823984
4.60730365,1.37699399,-1.37549291,0.54775728,-0.54753750,0.12420588,-0.12406728,0.13141731,-0.13116864,0.12914782,-0.12891329,0.45380606,-0.45314497,0.00639507,-0.00639327,0.10668472,-0.10661231,0.21824922,-0.21786806
4.61330665,1.43160215,-1.43012204,0.56234787,-0.56211780,0.13006085,-0.12991877,0.13631051,-0.13608491,0.13515349,-0.13492965,0.47493940,-0.47429764,0.00660170,-0.00660072,0.11114781,-0.11107556,0.22748794,-0.22714006
4.61930965,1.48627799,-1.48484876,0.57678329,-0.57655067,0.13601032,-0.13586696,0.14083848,-0.14064085,0.14114179,-0.14093303,0.49553578,-0.49492346,0.00678779,-0.00678777,0.11551945,-0.11544927,0.23615400,-0.23584716
4.62531266,1.54006132,-1.53871345,0.59070951,-0.59048250,0.14195848,-0.14181618,0.14491732,-0.14475219,0.14701556,-0.14682614,0.51531493,-0.51474210,0.00694868,-0.00694974,0.11969492,-0.11962875,0.24404800,-0.24378932
4.63131566,1.59197613,-1.59073976,0.60377820,-0.60356513,0.14780751,-0.14766869,0.14846819,-0.14833956,0.15267606,-0.15251002,0.53399907,-0.53347543,0.00708022,-0.00708245,0.12357305,-0.12351276,0.25098500,-0.25078068
4.63731866,1.64105346,-1.63995753,0.61565493,-0.61546407,0.15345963,-0.15332676,0.15141957,-0.15133079,0.15802552,-0.15788648,0.55131892,-0.55085359,0.00717886,-0.00718233,0.12705903,-0.12700640,0.25679966,-0.25665487
4.64332166,1.68635465,-1.68542605,0.62602708,-0.62586637,0.15881927,-0.15869477,0.15370940,-0.15366303,0.16296959,-0.16286073,0.56701964,-0.56662089,0.00724176,-0.00724652,0.13006720,-0.13002384,0.26135096,-0.26126959
4.64932466,1.72699412,-1.72625692,0.63461115,-0.63448801,0.16379516,-0.16368136,0.15528687,-0.15528461,0.16741985,-0.16734376,0.58086669,-0.58054175,0.00726687,-0.00727294,0.13252341,-0.13249073,0.26452604,-0.26451064
4.65532766,1.76216104,-1.76163585,0.64115934,-0.64108042,0.16830248,-0.16820156,0.15611380,-0.15615644,0.17129601,-0.17125460,0.59265121,-0.59240607,0.00725295,-0.00726031,0.13436722,-0.13434635,0.26624319,-0.26629486
4.66133067,1.79113915,-1.79084253,0.64546500,-0.64543606,0.17226480,-0.17217873,0.15616565,-0.15625302,0.17452791,-0.17452243,0.60219500,-0.60203427,0.00719960,-0.00720822,0.13555347,-0.13554526,0.26645376,-0.26657214
4.66733367,1.81332412,-1.81326823,0.64736713,-0.64739282,0.17561590,-0.17554641,0.15543201,-0.15556306,0.17705721,-0.17708817,0.60935470,-0.60928151,0.00710726,-0.00711706,0.13605344,-0.13605845,0.26514301,-0.26532631
4.67333667,1.82823806,-1.82843034,0.64675342,-0.64683725,0.17830132,-0.17824982,0.15391674,-0.15408950,0.17883874,-0.17890592,0.61402538,-0.61404131,0.00697716,-0.00698805,0.13585545,-0.13587391,0.26232984,-0.26257491
4.67933967,1.83554061,-1.83598371,0.64356211,-0.64370634,0.18027959,-0.18024718,0.15163753,-0.15184924,0.17984137,-0.17994385,0.61614310,-0.61624817,0.00681129,-0.00682316,0.13496481,-0.13499662,0.25806536,-0.25836783
4.68534267,1.83503650,-1.83572828,0.63778243,-0.63798803,0.18152321,-0.18151061,0.14862515,-0.14887236,0.18004853,-0.18018474,0.61568662,-0.61587931,0.00661229,-0.00662501,0.13340326,-0.13344804,0.25243057,-0.25278499
4.69134567,1.82667924,-1.82761294,0.62945371,-0.62972039,0.18201912,-0.18202670,0.14492237,-0.14520103,0.17945831,-0.17962609,0.61267809,-0.61295542,0.00638340,-0.00639683,0.13120787,-0.13126494,0.24553308,-0.24593313
4.69734867,1.81057102,-1.81173553,0.61866326,-0.61898950,0.18176889,-0.18179664,0.14058247,-0.14088808,0.17808312,-0.17827980,0.60718276,-0.60754039,0.00612832,-0.00614229,0.12842943,-0.12849787,0.23750312,-0.23794181
4.70335168,1.78695874,-1.78833899,0.60554304,-0.60592616,0.18078848,-0.18083601,0.13566767,-0.13599543,0.17594896,-0.17617142,0.59930764,-0.59973998,0.00585110,-0.00586546,0.12513050,-0.12520916,0.22848905,-0.22895894
4.70935468,1.75622647,-1.75780391,0.59026529,-0.59070154,0.17910758,-0.17917414,0.13024731,-0.13059224,0.17309434,-0.17333918,0.58919921,-0.58969959,0.00555603,-0.00557061,0.12138309,-0.12147065,0.21865251,-0.21914594
4.71535768,1.71888449,-1.72063762,0.57303729,-0.57352198,0.17676858,-0.17685310,0.12439600,-0.12475311,0.16956894,-0.16983250,0.57704012,-0.57760098,0.00524752,-0.00526216,0.11726619,-0.11736120,0.20816340,-0.20867272
4.72136068,1.67555532,-1.67746027,0.55409537,-0.55462304,0.17382526,-0.17392636,0.11819174,-0.11855612,0.16543191,-0.16571043,0.56304517,-0.56365821,0.00492996,-0.00494453,0.11286322,-0.11296416,0.19719505,-0.19771281
4.72736368,1.62695723,-1.62898838,0.53369848,-0.53426302,0.17034111,-0.17045714,0.11171410,-0.11208107,0.16075009,-0.16103976,0.54745637,-0.54811279,0.00460768,-0.00462202,0.10825948,-0.10836477,0.18591950,-0.18643862
4.73336668,1.57388560,-1.57601622,0.51212139,-0.51271621,0.16638746,-0.16651656,0.10504248,-0.10540768,0.15559602,-0.15589310,0.53053749,-0.53122816,0.00428478,-0.00429876,0.10353969,-0.10364776,0.17450324,-0.17501717
4.73936968,1.51719295,-1.51939580,0.48964778,-0.49026600,0.16204144,-0.16218158,0.09825454,-0.09861398,0.15004589,-0.15034680,0.51256805,-0.51328373,0.00396508,-0.00397860,0.09878581,-0.09889512,0.16310349,-0.16360635
4.74537269,1.45776796,-1.46001589,0.46656350,-0.46719808,0.15738384,-0.15753288,0.09142476,-0.09177491,0.14417758,-0.14447892,0.49383708,-0.49456859,0.00365208,-0.00366504,0.09407504,-0.09418414,0.15186507,-0.15235172
4.75137569,1.39651432,-1.39878083,0.44315004,-0.44379400,0.15249698,-0.15265271,0.08462322,-0.08496105,0.13806865,-0.13836730,0.47463662,-0.47537501,0.00334886,-0.00336118,0.08947824,-0.08958579,0.14091794,-0.14138402
4.75737869,1.33432997,-1.33658968,0.41967857,-0.42032508,0.14746258,-0.14762278,0.07791462,-0.07823761,0.13179458,-0.13208773,0.45525534,-0.45599209,0.00305811,-0.00306973,0.08505866,-0.08516344,0.13037545,-0.13081744
4.76338169,1.27208719,-1.27431637,0.39640450,-0.39704709,0.14235978,-0.14252230,0.07135741,-0.07166355,0.12542708,-0.12571227,0.43597235,-0.43669948,0.00278203,-0.00279291,0.08087106,-0.08097198,0.12033323,-0.12074842
4.76938469,1.21061433,-1.21279118,0.37356292,-0.37419552,0.13726339,-0.13742615,0.06500327,-0.06529104,0.11903277,-0.11930788,0.41705137,-0.41776156,0.00252242,-0.00253252,0.07696116,-0.07705730,0.11086878,-0.11125524
4.77538769,1.15067928,-1.15278433,0.35136475,-0.35198186,0.13224229,-0.13240334,0.05889666,-0.05916503,0.11267199,-0.11293530,0.39873542,-0.39942215,0.00228061,-0.00228993,0.07336548,-0.07345606,0.10204154,-0.10239809
4.78139070,1.09297544,-1.09499173,0.32999391,-0.33059067,0.12735814,-0.12751572,0.05307466,-0.05332302,0.10639803,-0.10664816,0.38124225,-0.38189982,0.00205753,-0.00206607,0.07011146,-0.07019587,0.09389355,-0.09421969
4.78739370,1.03811010,-1.04002336,0.30960539,-0.31017759,0.12266440,-0.12281694,0.04756693,-0.04779509,0.10025658,-0.10049252,0.36476039,-0.36538404,0.00185372,-0.00186149,0.06721783,-0.06729560,0.08645048,-0.08674628
4.79339670,0.98659564,-0.98839436,0.29032416,-0.29086833,0.11820563,-0.11835178,0.04239590,-0.04260400,0.09428548,-0.09450655,0.34944617,-0.35003204,0.00166935,-0.00167637,0.06469514,-0.06476596,0.07972294,-0.07998899
4.79939970,0.93884345,-0.94051890,0.27224506,-0.27275848,0.11401707,-0.11415570,0.03757702,-0.03776549,0.08851485,-0.08872067,0.33542151,-0.33596669,0.00150428,-0.00151059,0.06254650,-0.06261019,0.07370804,-0.07394537
4.80540270,0.89516063,-0.89670683,0.25543344,-0.25591409,0.11012451,-0.11025476,0.03311920,-0.03328873,0.08296732,-0.08315781,0.32277267,-0.32327517,0.00135811,-0.00136374,0.06076832,-0.06082482,0.06839110,-0.06860106
4.81140570,0.85574932,-0.85716289,0.23992645,-0.24037302,0.10654444,-0.10666568,0.02902533,-0.02917678,0.07765866,-0.07783395,0.31154980,-0.31200853,0.00123019,-0.00123519,0.05935112,-0.05940047,0.06374736,-0.06393156
4.81740870,0.82070839,-0.82198842,0.22573497,-0.22614683,0.10328438,-0.10339619,0.02529286,-0.02542727,0.07259841,-0.07275886,0.30176743,-0.30218212,0.00111967,-0.00112408,0.05828028,-0.05832264,0.05974373,-0.05990396
4.82341171,0.79003741,-0.79118525,0.21284605,-0.21322314,0.10034336,-0.10044557,0.02191454,-0.02203302,0.06779078,-0.06793689,0.29340562,-0.29377678,0.00102555,-0.00102943,0.05753677,-0.05757238,0.05634044,-0.05647861
4.82941471,0.76364252,-0.76466154,0.20122557,-0.20156837,0.09771267,-0.09780530,0.01887902,-0.01898276,0.06323555,-0.06336798,0.28641196,-0.28674079,0.00094672,-0.00095011,0.05709780,-0.05712695,0.05349261,-0.05361067
4.83541771,0.74134398,-0.74223929,0.19082125,-0.19113070,0.09537656,-0.09545980,0.01617171,-0.01626190,0.05892906,-0.05904853,0.28070410,-0.28099240,0.00088196,-0.00088491,0.05693731,-0.05696038,0.05115169,-0.05125159
4.84142071,0.72288507,-0.72366325,0.18156572,-0.18184313,0.09331311,-0.09338733,0.01377540,-0.01385325,0.05486511,-0.05497240,0.27617294,-0.27642303,0.00083002,-0.00083258,0.05702648,-0.05704389,0.04926676,-0.04935041
4.84742371,0.70794221,-0.70861104,0.17337968,-0.17362663,0.09149518,-0.09156087,0.01167106,-0.01173774,0.05103589,-0.05113182,0.27268630,-0.27290090,0.00078957,-0.00079179,0.05733410,-0.05734633,0.04778573,-0.04785496
4.85342671,0.69613596,-0.69670408,0.16617498,-0.16639326,0.08989128,-0.08994905,0.00983852,-0.00989514,0.04743280,-0.04751817,0.27009294,-0.27027509,0.00075932,-0.00076124,0.05782690,-0.05783443,0.04665638,-0.04671290
4.85942971,0.68704272,-0.68751939,0.15985762,-0.16004914,0.08846657,-0.08851710,0.00825711,-0.00830471,0.04404720,-0.04412277,0.26822698,-0.26837993,0.00073796,-0.00073962,0.05846984,-0.05847322,0.04582728,-0.04587267
4.86543272,0.68020700,-0.68060179,0.15433070,-0.15449740,0.08718382,-0.08722784,0.00690628,-0.00694580,0.04087098,-0.04093746,0.26691257,-0.26703970,0.00072419,-0.00072562,0.05922648,-0.05922625,0.04524872,-0.04528440
4.87143572,0.67515402,-0.67547651,0.14949715,-0.14964091,0.08600437,-0.08604265,0.00576615,-0.00579845,0.03789712,-0.03795516,0.26596870,-0.26607341,0.00071677,-0.00071802,0.06005925,-0.06005597,0.04487342,-0.04490066
4.87743872,0.67140242,-0.67166198,0.14526231,-0.14538491,0.08488909,-0.08492242,0.00481799,-0.00484380,0.03512007,-0.03517020,0.26521410,-0.26529973,0.00071451,-0.00071561,0.06092993,-0.06092417,0.04465735,-0.04467722
4.88344172,0.66847705,-0.66868258,0.14153641,-0.14163942,0.08379939,-0.08382852,0.00404464,-0.00406460,0.03253604,-0.03257871,0.26447215,-0.26454188,0.00071630,-0.00071726,0.06180011,-0.06179243,0.04456037,-0.04457377
4.88944472,0.66592142,-0.66608111,0.13823678,-0.13832154,0.08269810,-0.08272377,0.00343088,-0.00344550,0.03014323,-0.03017877,0.26357561,-0.26363241,0.00072108,-0.00072193,0.06263180,-0.06262274,0.04454694,-0.04455456
4.89544772,0.66330976,-0.66343090,0.13528998,-0.13535753,0.08155046,-0.08157336,0.00296371,-0.00297336,0.02794198,-0.02797058,0.26237120,-0.26241772,0.00072789,-0.00072865,0.06338808,-0.06337815,0.04458676,-0.04458908
4.90145073,0.66025834,-0.66034715,0.13263362,-0.13268465,0.08032496,-0.08034570,0.00263254,-0.00263750,0.02593481,-0.02595655,0.26072372,-0.26076230,0.00073589,-0.00073658,0.06403387,-0.06402355,0.04465537,-0.04465267
4.90745373,0.65643580,-0.65649725,0.13021800,-0.13025284,0.07899419,-0.07901330,0.00242942,-0.00242982,0.02412648,-0.02414131,0.25851988,-0.25855241,0.00074434,-0.00074496,0.06453678,-0.06452648,0.04473468,-0.04472703
4.91345673,0.65157218,-0.65160988,0.12800751,-0.12802606,0.07753557,-0.07755349,0.00234907,-0.00234493,0.02252397,-0.02253168,0.25567134,-0.25569930,0.00075261,-0.00075317,0.06486791,-0.06485800,0.04481352,-0.04480075
4.91945973,0.64546637,-0.64548248,0.12598157,-0.12598335,0.07593197,-0.07594904,0.00238896,-0.00238019,0.02113640,-0.02113668,0.25211729,-0.25214164,0.00076022,-0.00076072,0.06500275,-0.06499350,0.04488797,-0.04486970
4.92546273,0.63799173,-0.63798691,0.12413538,-0.12411947,0.07417223,-0.07418869,0.00254928,-0.00253568,0.01997495,-0.01996735,0.24782611,-0.24784732,0.00076681,-0.00076726,0.06492192,-0.06491352,0.04496167,-0.04493730
4.93146573,0.62909957,-0.62907294,0.12248004,-0.12244513,0.07225148,-0.07226744,0.00283287,-0.00281412,0.01905274,-0.01903668,0.24279626,-0.24281429,0.00077218,-0.00077256,0.06461188,-0.06460444,0.04504594,-0.04501466
4.93746873,0.61882033,-0.61876953,0.12104232,-0.12098672,0.07017129,-0.07018678,0.00324508,-0.00322075,0.01838458,-0.01835939,0.23705631,-0.23707060,0.00077624,-0.00077655,0.06406549,-0.06405900,0.04515976,-0.04512054
4.94347174,0.60726235,-0.60718359,0.11986381,-0.11978554,0.06793964,-0.06795455,0.00379357,-0.00376317,0.01798676,-0.01795167,0.23066411,-0.23067359,0.00077906,-0.00077929,0.06328236,-0.06327672,0.04532950,-0.04528112
4.94947474,0.59460809,-0.59449630,0.11899955,-0.11889633,0.06557063,-0.06558477,0.00448806,-0.00445101,0.01787671,-0.01783087,0.22370502,-0.22370816,0.00078085,-0.00078100,0.06226900,-0.06226401,0.04558849,-0.04552956
4.95547774,0.58110800,-0.58095698,0.11851600,-0.11838540,0.06308407,-0.06309717,0.00534003,-0.00529569,0.01807256,-0.01801508,0.21628946,-0.21628429,0.00078195,-0.00078198,0.06103875,-0.06103410,0.04597638,-0.04590535
4.96148074,0.56707204,-0.56687467,0.11848850,-0.11832801,0.06050482,-0.06051652,0.00636232,-0.00631001,0.01859267,-0.01852263,0.20854969,-0.20853384,0.00078278,-0.00078270,0.05961142,-0.05960673,0.04653823,-0.04645343
4.96748374,0.55285910,-0.55260761,0.11899812,-0.11880529,0.05786192,-0.05787181,0.00756869,-0.00750771,0.01945501,-0.01937152,0.20063596,-0.20060674,0.00078391,-0.00078368,0.05801276,-0.05800756,0.04732342,-0.04722312
4.97348674,0.53886481,-0.53855106,0.12012812,-0.11990067,0.05518768,-0.05519531,0.00897336,-0.00890301,0.02067650,-0.02057869,0.19271231,-0.19266677,0.00078595,-0.00078556,0.05627362,-0.05626740,0.04838441,-0.04826682
4.97948974,0.52550790,-0.52512372,0.12195995,-0.12169592,0.05251657,-0.05252148,0.01059046,-0.01051005,0.02227222,-0.02215933,0.18495198,-0.18488697,0.00078958,-0.00078902,0.05442899,-0.05442119,0.04977523,-0.04963858
4.98549275,0.51321583,-0.51275336,0.12456906,-0.12426695,0.04988408,-0.04988580,0.01243340,-0.01234232,0.02425459,-0.02412599,0.17753269,-0.17744495,0.00079554,-0.00079478,0.05251679,-0.05250686,0.05154999,-0.05139256
4.99149575,0.50241009,-0.50186212,0.12802057,-0.12767950,0.04732555,-0.04732365,0.01451434,-0.01441204,0.02663253,-0.02648777,0.17063196,-0.17051822,0.00080454,-0.00080358,0.05057668,-0.05056406,0.05376115,-0.05358137
4.99749875,0.49349167,-0.49285200,0.13236507,-0.13198492,0.04487508,-0.04486918,0.01684350,-0.01672955,0.02941060,-0.02924944,0.16442254,-0.16427959,0.00081732,-0.00081613,0.04864869,-0.04863286,0.05645792,-0.05625439
5.00350175,0.48682743,-0.48609121,0.13763470,-0.13721624,0.04256443,-0.04255421,0.01942858,-0.01930269,0.03258813,-0.03241059,0.15906821,-0.15889301,0.00083455,-0.00083313,0.04677191,-0.04675242,0.05968460,-0.05945613
5.00950475,0.48273767,-0.48190168,0.14383967,-0.14338465,0.04042212,-0.04040735,0.02227416,-0.02213619,0.03615850,-0.03596492,0.15471992,-0.15450965,0.00085686,-0.00085521,0.04498328,-0.04495975,0.06347898,-0.06322470
5.01550775,0.48148550,-0.48054845,0.15096548,-0.15047676,0.03847266,-0.03845322,0.02538113,-0.02523114,0.04010854,-0.03989955,0.15151243,-0.15126460,0.00088480,-0.00088291,0.04331638,-0.04328855,0.06787094,-0.06759033
5.02151076,0.48326843,-0.48223114,0.15897104,-0.15845256,0.03673596,-0.03671184,0.02874624,-0.02858450,0.04441796,-0.04419458,0.14956151,-0.14927407,0.00091881,-0.00091669,0.04180052,-0.04176825,0.07288124,-0.07257417
5.02751376,0.48821234,-0.48707793,0.16778770,-0.16724457,0.03522700,-0.03519831,0.03236170,-0.03218870,0.04905922,-0.04882280,0.14896176,-0.14863312,0.00095924,-0.00095689,0.04045995,-0.04042323,0.07852047,-0.07818724
5.03351676,0.49636824,-0.49514217,0.17731956,-0.17675796,0.03395569,-0.03392267,0.03621487,-0.03603134,0.05399737,-0.05374965,0.14978494,-0.14941409,0.00100630,-0.00100373,0.03931329,-0.03927224,0.08478837,-0.08442974
5.03951976,0.50771171,-0.50640182,0.18744485,-0.18687198,0.03292696,-0.03288996,0.04028810,-0.04009500,0.05919039,-0.05893345,0.15207896,-0.15166550,0.00106010,-0.00105733,0.03837327,-0.03832818,0.09167336,-0.09129057
5.04552276,0.52214521,-0.52076160,0.19801866,-0.19744260,0.03214111,-0.03210060,0.04455867,-0.04435722,0.06458966,-0.06432591,0.15586735,-0.15541156,0.00112062,-0.00111767,0.03764669,-0.03759796,0.09915241,-0.09874723
5.05152576,0.53950289,-0.53805783,0.20887680,-0.20830632,0.03159434,-0.03155088,0.04899892,-0.04879057,0.07014075,-0.06987288,0.16114920,-0.16065212,0.00118771,-0.00118461,0.03713461,-0.03708278,0.10719129,-0.10676595
5.05752876,0.55955789,-0.55806556,0.21984078,-0.21928514,0.03127944,-0.03123368,0.05357642,-0.05336286,0.07578448,-0.07551544,0.16789967,-0.16736309,0.00126114,-0.00125792,0.03683281,-0.03677854,0.11574498,-0.11530223
5.06353177,0.58203169,-0.58050790,0.23072376,-0.23019244,0.03118670,-0.03113934,0.05825440,-0.05803748,0.08145824,-0.08119115,0.17607067,-0.17549719,0.00134059,-0.00133729,0.03673240,-0.03667645,0.12475854,-0.12430157
5.06953477,0.60660501,-0.60506689,0.24133716,-0.24083961,0.03130483,-0.03125662,0.06299215,-0.06277394,0.08709745,-0.08683556,0.18559207,-0.18498513,0.00142566,-0.00142232,0.03682067,-0.03676386,0.13416811,-0.13370054
5.07553777,0.63292996,-0.63139556,0.25149777,-0.25104310,0.03162200,-0.03157368,0.06774566,-0.06752836,0.09263724,-0.09238382,0.19637305,-0.19573690,0.00151590,-0.00151256,0.03708195,-0.03702516,0.14390217,-0.14342800
5.08154077,0.66064284,-0.65913073,0.26103499,-0.26063168,0.03212688,-0.03207919,0.07246830,-0.07225423,0.09801413,-0.09777241,0.20830378,-0.20764350,0.00161084,-0.00160755,0.03749865,-0.03744277,0.15388301,-0.15340657
5.08754377,0.68937695,-0.68790581,0.26979791,-0.26945354,0.03280960,-0.03276323,0.07711154,-0.07690309,0.10316775,-0.10294086,0.22125723,-0.22057870,0.00171001,-0.00170681,0.03805227,-0.03799820,0.16402827,-0.16355419
5.09354677,0.71877514,-0.71736333,0.27766181,-0.27738279,0.03366267,-0.03361826,0.08162578,-0.08142539,0.10804257,-0.10783342,0.23509129,-0.23440112,0.00181296,-0.00180990,0.03872435,-0.03867295,0.17425266,-0.17378575
5.09954977,0.74850130,-0.74716646,0.28453385,-0.28432520,0.03468174,-0.03463983,0.08596120,-0.08577130,0.11258937,-0.11240064,0.24965095,-0.24895645,0.00191926,-0.00191638,0.03949745,-0.03944953,0.18446960,-0.18401479
5.10555278,0.77825058,-0.77700924,0.29035759,-0.29022280,0.03586614,-0.03582717,0.09006859,-0.08989157,0.11676662,-0.11660062,0.26477078,-0.26407984,0.00202856,-0.00202592,0.04035592,-0.04031222,0.19459293,-0.19415523
5.11155578,0.80775779,-0.80662508,0.29511608,-0.29505695,0.03721925,-0.03718355,0.09390024,-0.09373839,0.12054153,-0.12040022,0.28027754,-0.27959853,0.00214057,-0.00213821,0.04128657,-0.04124772,0.20453855,-0.20412292
5.11755878,0.83680381,-0.83579311,0.29883338,-0.29884999,0.03874860,-0.03871635,0.09741077,-0.09726625,0.12389083,-0.12377573,0.29599294,-0.29533457,0.00225508,-0.00225305,0.04227914,-0.04224568,0.21422594,-0.21383724
5.12356178,0.86521971,-0.86434240,0.30157425,-0.30166495,0.04046570,-0.04043697,0.10055789,-0.10043272,0.12680123,-0.12671341,0.31173658,-0.31110774,0.00237198,-0.00237031,0.04332664,-0.04329896,0.22357960,-0.22322248
5.12956478,0.89288843,-0.89215374,0.30344214,-0.30360365,0.04238558,-0.04236031,0.10330325,-0.10319920,0.12926947,-0.12920953,0.32732905,-0.32673862,0.00249122,-0.00248995,0.04442538,-0.04440378,0.23253026,-0.23220907
5.13556778,0.91974419,-0.91915900,0.30457543,-0.30480294,0.04452612,-0.04450412,0.10561306,-0.10553169,0.13130206,-0.13127013,0.34259503,-0.34205170,0.00261284,-0.00261200,0.04557492,-0.04555955,0.24101596,-0.24073468
5.14157079,0.94576952,-0.94533833,0.30514203,-0.30542938,0.04690705,-0.04688803,0.10745882,-0.10740139,0.13291468,-0.13291044,0.35736650,-0.35687854,0.00273692,-0.00273655,0.04677776,-0.04676865,0.24898290,-0.24874505
5.14757379,0.97099028,-0.97071511,0.30533262,-0.30567255,0.04954882,-0.04953239,0.10881779,-0.10878528,0.13413129,-0.13415395,0.37148581,-0.37106085,0.00286361,-0.00286373,0.04803886,-0.04803593,0.25638605,-0.25619460
5.15357679,0.99546885,-0.99534931,0.30535277,-0.30573719,0.05247121,-0.05245692,0.10967354,-0.10966657,0.13498289,-0.13503128,0.38480867,-0.38445352,0.00299304,-0.00299367,0.04936510,-0.04936814,0.26318954,-0.26304684
5.15957979,1.01929597,-1.01932928,0.30541440,-0.30583463,0.05569193,-0.05567925,0.11001628,-0.11003515,0.13550626,-0.13557883,0.39720696,-0.39692734,0.00312535,-0.00312651,0.05076450,-0.05077321,0.26936680,-0.26927452
5.16558279,1.04258164,-1.04276271,0.30572681,-0.30617388,0.05922506,-0.05921345,0.10984313,-0.10988776,0.13574236,-0.13583723,0.40857111,-0.40837153,0.00326063,-0.00326232,0.05224552,-0.05225951,0.27490048,-0.27485956
5.17158579,1.06544555,-1.06576712,0.30648783,-0.30695277,0.06307966,-0.06306856,0.10915825,-0.10922821,0.13573482,-0.13584985,0.41881222,-0.41869575,0.00339888,-0.00340112,0.05381626,-0.05383506,0.27978215,-0.27979274
5.17758879,1.08800769,-1.08846050,0.30787554,-0.30834964,0.06725836,-0.06724723,0.10797282,-0.10806730,0.13552838,-0.13566119,0.42786366,-0.42783187,0.00354001,-0.00354279,0.05548368,-0.05550675,0.28401178,-0.28407323
5.18359180,1.11037963,-1.11095255,0.31004084,-0.31051589,0.07175626,-0.07174458,0.10630492,-0.10642275,0.13516741,-0.13531545,0.43568224,-0.43573504,0.00368379,-0.00368710,0.05725297,-0.05727971,0.28759707,-0.28770796
5.18959480,1.13265700,-1.13333728,0.31310142,-0.31356987,0.07656007,-0.07654736,0.10417918,-0.10431887,0.13469458,-0.13485518,0.44224881,-0.44238447,0.00382982,-0.00383364,0.05912695,-0.05915674,0.29055274,-0.29071081
5.19559780,1.15491376,-1.15568718,0.31713732,-0.31759247,0.08164759,-0.08163343,0.10162637,-0.10178611,0.13414973,-0.13432017,0.44756849,-0.44778361,0.00397752,-0.00398185,0.06110570,-0.06113789,0.29289962,-0.29310188
5.20160080,1.17719850,-1.17804964,0.32218838,-0.32262444,0.08698762,-0.08697165,0.09868280,-0.09886049,0.13356902,-0.13374653,0.45167035,-0.45195991,0.00412615,-0.00413096,0.06318636,-0.06322024,0.29466383,-0.29490658
5.20760380,1.19953335,-1.20044579,0.32825367,-0.32866585,0.09254030,-0.09252223,0.09538955,-0.09558287,0.13298432,-0.13316616,0.45460677,-0.45496424,0.00427478,-0.00428003,0.06536308,-0.06539797,0.29587600,-0.29615491
5.21360680,1.22191537,-1.22287192,0.33529310,-0.33567758,0.09825800,-0.09823758,0.09179170,-0.09199812,0.13242289,-0.13260639,0.45645252,-0.45687001,0.00442230,-0.00442795,0.06762731,-0.06766248,0.29657058,-0.29688078
5.21960980,1.24432067,-1.24530360,0.34323090,-0.34358480,0.10408652,-0.10406357,0.08793735,-0.08815423,0.13190742,-0.13209000,0.45730357,-0.45777202,0.00456746,-0.00457349,0.06996818,-0.07000292,0.29678530,-0.29712145
5.22561281,1.26671103,-1.26770228,0.35196108,-0.35228237,0.10996691,-0.10994127,0.08387666,-0.08410126,0.13145627,-0.13163548,0.45727586,-0.45778521,0.00470893,-0.00471529,0.07237315,-0.07240675,0.29656080,-0.29691725
5.23161581,1.28904258,-1.29002399,0.36135435,-0.36164176,0.11583745,-0.11580899,0.07966085,-0.07989042,0.13108401,-0.13125753,0.45650391,-0.45704335,0.00484530,-0.00485194,0.07482885,-0.07486058,0.29594049,-0.29631137
5.23761881,1.31127618,-1.31222968,0.37126635,-0.37151920,0.12163609,-0.12160470,0.07534121,-0.07557301,0.13080209,-0.13096781,0.45513945,-0.45569770,0.00497515,-0.00498203,0.07732194,-0.07735109,0.29497057,-0.29534991
5.24362181,1.33338863,-1.33429644,0.38154656,-0.38176464,0.12730293,-0.12726847,0.07096813,-0.07119955,0.13061972,-0.13077570,0.45335007,-0.45391558,0.00509714,-0.00510419,0.07984014,-0.07986601,0.29370017,-0.29408202
5.24962481,1.35538401,-1.35622887,0.39204756,-0.39223095,0.13278274,-0.13274505,0.06659029,-0.06681882,0.13054472,-0.13068923,0.45131774,-0.45187895,0.00521002,-0.00521720,0.08237319,-0.08239509,0.29218165,-0.29256021
5.25562781,1.37730425,-1.37806954,0.40263398,-0.40278294,0.13802742,-0.13798628,0.06225386,-0.06247720,0.13058440,-0.13071593,0.44923729,-0.44978287,0.00531275,-0.00532000,0.08491380,-0.08493104,0.29047084,-0.29084057
5.26163082,1.39923776,-1.39990777,0.41319075,-0.41330555,0.14299813,-0.14295328,0.05800190,-0.05821794,0.13074629,-0.13086357,0.44731464,-0.44783370,0.00540450,-0.00541176,0.08745836,-0.08747030,0.28862727,-0.28898295
5.26763382,1.42132559,-1.42188565,0.42363005,-0.42371090,0.14766704,-0.14761816,0.05387386,-0.05408077,0.13103875,-0.13114073,0.44576471,-0.44624700,0.00548473,-0.00549195,0.09000758,-0.09001360,0.28671414,-0.28705102
5.27363682,1.44376387,-1.44420058,0.43389660,-0.43394353,0.15201856,-0.15196525,0.04990526,-0.05010146,0.13147128,-0.13155717,0.44480885,-0.44524491,0.00555324,-0.00556037,0.09256675,-0.09256628,0.28479810,-0.28511192
5.27963982,1.46680223,-1.46710365,0.44397085,-0.44398370,0.15604990,-0.15599174,0.04612750,-0.04631170,0.13205458,-0.13212382,0.44467171,-0.44505302,0.00561015,-0.00561713,0.09514574,-0.09513827,0.28294857,-0.28323564
5.28564282,1.49073760,-1.49089348,0.45387003,-0.45384839,0.15977101,-0.15970750,0.04256778,-0.04273897,0.13280025,-0.13285254,0.44557733,-0.44589646,0.00565593,-0.00566272,0.09775866,-0.09774376,0.28123668,-0.28149392
5.29164582,1.51590329,-1.51590527,0.46364662,-0.46358992,0.16320368,-0.16313431,0.03924917,-0.03940660,0.13372020,-0.13375548,0.44774459,-0.44799526,0.00569138,-0.00569793,0.10042316,-0.10040051,0.27973369,-0.27995870
5.29764882,1.54265353,-1.54249540,0.47338466,-0.47329216,0.16638001,-0.16630429,0.03619072,-0.03633392,0.13482573,-0.13484421,0.45138176,-0.45155894,0.00571759,-0.00572386,0.10315946,-0.10312884,0.27850900,-0.27870003
5.30365183,1.57134396,-1.57102188,0.48319369,-0.48306458,0.16934022,-0.16925771,0.03340766,-0.03353638,0.13612640,-0.13612853,0.45668041,-0.45678038,0.00573589,-0.00574186,0.10598901,-0.10595033,0.27762763,-0.27778364
5.30965483,1.60230899,-1.60182169,0.49320087,-0.49303439,0.17212992,-0.17204023,0.03091162,-0.03102586,0.13762865,-0.13761512,0.46380869,-0.46382908,0.00574779,-0.00575344,0.10893297,-0.10888632,0.27714746,-0.27726808
5.31565783,1.63583689,-1.63518594,0.50354155,-0.50333714,0.17479691,-0.17469979,0.02871087,-0.02881081,0.13933435,-0.13930610,0.47290423,-0.47284405,0.00575490,-0.00576021,0.11201055,-0.11195618,0.27711616,-0.27720170
5.32166083,1.67214429,-1.67133422,0.51434893,-0.51410630,0.17738783,-0.17728318,0.02681047,-0.02689647,0.14123935,-0.14119757,0.48406690,-0.48392657,0.00575883,-0.00576379,0.11523725,-0.11517561,0.27756808,-0.27761953
5.32766383,1.71135123,-1.71038971,0.52574315,-0.52546250,0.17994471,-0.17983264,0.02521251,-0.02528507,0.14333216,-0.14327824,0.49735182,-0.49713318,0.00576112,-0.00576573,0.11862321,-0.11855493,0.27852137,-0.27854034
5.33366683,1.75345855,-1.75235646,0.53782074,-0.53750284,0.18250171,-0.18238255,0.02391614,-0.02397588,0.14559285,-0.14552838,0.51276291,-0.51246917,0.00576313,-0.00576740,0.12217158,-0.12209751,0.27997526,-0.27996397
5.33966983,1.79832903,-1.79710048,0.55064470,-0.55029103,0.18508220,-0.18495652,0.02291767,-0.02296531,0.14799222,-0.14791899,0.53024741,-0.52988319,0.00576598,-0.00576994,0.12587727,-0.12579846,0.28190805,-0.28186926
5.34567284,1.84567362,-1.84433587,0.56423608,-0.56384894,0.18769633,-0.18756500,0.02221055,-0.02224690,0.15049148,-0.15041144,0.54969173,-0.54926298,0.00577048,-0.00577414,0.12972597,-0.12964366,0.28427567,-0.28421266
5.35167584,1.89504393,-1.89361726,0.57856730,-0.57814985,0.19033939,-0.19020352,0.02178531,-0.02181123,0.15304233,-0.15295754,0.57091906,-0.57043300,0.00577705,-0.00578046,0.13369353,-0.13360913,0.28701119,-0.28692767
5.35767884,1.94583185,-1.94433929,0.59355778,-0.59311414,0.19299080,-0.19285181,0.02162952,-0.02164593,0.15558759,-0.15550020,0.59368887,-0.59315392,0.00578572,-0.00578893,0.13774583,-0.13766093,0.29002532,-0.28992538
5.36368184,1.99727662,-1.99574363,0.60907214,-0.60860735,0.19561413,-0.19547367,0.02172768,-0.02173554,0.15806231,-0.15797454,0.61769867,-0.61712433,0.00579611,-0.00579916,0.14183916,-0.14175547,0.29320788,-0.29309588
5.36968484,2.04847950,-2.04693349,0.62492098,-0.62444098,0.19815790,-0.19801786,0.02206116,-0.02206144,0.16039541,-0.16030947,0.64258810,-0.64198478,0.00580743,-0.00581038,0.14592100,-0.14584031,0.29643036,-0.29631087
5.37568784,2.09842555,-2.09689541,0.64086443,-0.64037601,0.20055722,-0.20041967,0.02260820,-0.02260191,0.16251169,-0.16242976,0.66794525,-0.66732415,0.00581850,-0.00582141,0.14993125,-0.14985541,0.29954940,-0.29942709
5.38169085,2.14601184,-2.14452728,0.65661815,-0.65612881,0.20273625,-0.20260338,0.02334393,-0.02333209,0.16433421,-0.16425839,0.69331532,-0.69268820,0.00582782,-0.00583075,0.15380391,-0.15373478,0.30241119,-0.30229072
5.38769385,2.19008075,-2.18867167,0.67186163,-0.67137948,0.20461121,-0.20448531,0.02424056,-0.02422419,0.16578686,-0.16571912,0.71821114,-0.71759010,0.00583364,-0.00583664,0.15746901,-0.15740838,0.30485643,-0.30474237
5.39369685,2.22945709,-2.22815289,0.68624836,-0.68578192,0.20609398,-0.20597735,0.02526760,-0.02524772,0.16679708,-0.16673924,0.74212548,-0.74152274,0.00583399,-0.00583713,0.16085477,-0.16080435,0.30672582,-0.30662254
5.39969985,2.26298725,-2.26181613,0.69941736,-0.69897541,0.20709587,-0.20699074,0.02639223,-0.02636986,0.16729846,-0.16725212,0.76454452,-0.76397211,0.00582685,-0.00583018,0.16388989,-0.16385126,0.30786572,-0.30777731
5.40570285,2.28957873,-2.28856696,0.71100567,-0.71059699,0.20753155,-0.20744005,0.02757986,-0.02755599,0.16723324,-0.16719977,0.78496209,-0.78443163,0.00581014,-0.00581371,0.16650587,-0.16648042,0.30813377,-0.30806389
5.41170585,2.30823808,-2.30740937,0.72066106,-0.72029423,0.20732284,-0.20724692,0.02879468,-0.02877027,0.16655445,-0.16653498,0.80289421,-0.80241660,0.00578190,-0.00578576,0.16863921,-0.16862808,0.30740409,-0.30735596
5.41770885,2.31810583,-2.31748069,0.72805456,-0.72773776,0.20640225,-0.20634359,0.03000046,-0.02997644,0.16522774,-0.16522310,0.81789322,-0.81747841,0.00574032,-0.00574451,0.17023343,-0.17023751,0.30557204,-0.30554833
5.42371186,2.31848666,-2.31808189,0.73289227,-0.73263303,0.20471598,-0.20467598,0.03116135,-0.03113857,0.16323263,-0.16324337,0.82956118,-0.82921789,0.00568384,-0.00568838,0.17124080,-0.17126070,0.30255813,-0.30256090
5.42971486,2.30887379,-2.30870204,0.73492588,-0.73473089,0.20222637,-0.20220609,0.03224278,-0.03222204,0.16056333,-0.16058970,0.83756178,-0.83729731,0.00561120,-0.00561613,0.17162380,-0.17165980,0.29831096,-0.29834165
5.43571786,2.28896656,-2.28903602,0.73396172,-0.73383660,0.19891366,-0.19891378,0.03321240,-0.03319439,0.15722890,-0.15727087,0.84163064,-0.84145063,0.00552152,-0.00552684,0.17135614,-0.17140820,0.29280918,-0.29286855
5.44172086,2.25868076,-2.25899493,0.72986778,-0.72981696,0.19477695,-0.19479778,0.03404098,-0.03402632,0.15325299,-0.15331026,0.84158333,-0.84149165,0.00541428,-0.00542000,0.17042338,-0.17049116,0.28606221,-0.28615037
5.44772386,2.21815139,-2.21870905,0.72257888,-0.72260541,0.18983441,-0.18987585,0.03470332,-0.03469249,0.14867298,-0.14874497,0.83732109,-0.83731973,0.00528940,-0.00529551,0.16882322,-0.16890605,0.27810996,-0.27822637
5.45372686,2.16772833,-2.16852354,0.71209953,-0.71220498,0.18412279,-0.18418434,0.03517906,-0.03517242,0.14353874,-0.14362462,0.82883404,-0.82892304,0.00514720,-0.00515370,0.16656531,-0.16666224,0.26902145,-0.26916493
5.45972986,2.10796509,-2.10898741,0.69850479,-0.69868919,0.17769612,-0.17777691,0.03545336,-0.03545114,0.13791096,-0.13800972,0.81620181,-0.81637925,0.00498842,-0.00499527,0.16367083,-0.16378062,0.25889243,-0.25906122
5.46573287,2.03960182,-2.04083656,0.68193919,-0.68220096,0.17062393,-0.17072275,0.03551750,-0.03551977,0.13185932,-0.13196973,0.79959167,-0.79985371,0.00481415,-0.00482134,0.16017164,-0.16029283,0.24784228,-0.24803411
5.47173587,1.96354339,-1.96497198,0.66261374,-0.66294969,0.16298897,-0.16310428,0.03536925,-0.03537597,0.12546042,-0.12558110,0.77925446,-0.77959546,0.00462585,-0.00463333,0.15610938,-0.15624030,0.23601022,-0.23622236
5.47773887,1.88083385,-1.88243432,0.64080156,-0.64120692,0.15488454,-0.15501453,0.03501316,-0.03502411,0.11879565,-0.11892509,0.75551843,-0.75593104,0.00442526,-0.00443299,0.15153424,-0.15167305,0.22355122,-0.22378055
5.48374187,1.79262849,-1.79437596,0.61683219,-0.61730066,0.14641161,-0.14655427,0.03446057,-0.03447538,0.11194918,-0.11208575,0.72878142,-0.72925677,0.00421436,-0.00422229,0.14650371,-0.14664848,0.21063152,-0.21087463
5.48974487,1.70016485,-1.70203213,0.59108509,-0.59160894,0.13767597,-0.13782909,0.03372949,-0.03374768,0.10500595,-0.10514796,0.69950176,-0.70002966,0.00399533,-0.00400342,0.14108132,-0.14123002,0.19742438,-0.19767762
5.49574787,1.60473389,-1.60669202,0.56398250,-0.56455268,0.12878527,-0.12894654,0.03284439,-0.03286532,0.09804997,-0.09819567,0.66818831,-0.66875745,0.00377049,-0.00377867,0.13533536,-0.13548594,0.18410580,-0.18436538
5.50175088,1.50765238,-1.50967123,0.53598211,-0.53658836,0.11984639,-0.12001343,0.03183567,-0.03185860,0.09116284,-0.09131044,0.63538994,-0.63598815,0.00354222,-0.00355043,0.12933768,-0.12948809,0.17085074,-0.17111278
5.50775388,1.41023746,-1.41228625,0.50756964,-0.50820069,0.11096298,-0.11113341,0.03073918,-0.03076326,0.08442250,-0.08457019,0.60168506,-0.60229950,0.00331293,-0.00332112,0.12316260,-0.12331084,0.15782976,-0.15809039
5.51375688,1.31378411,-1.31583197,0.47925180,-0.47989550,0.10223336,-0.10240482,0.02959553,-0.02961981,0.07790233,-0.07804833,0.56767127,-0.56828869,0.00308503,-0.00309313,0.11688597,-0.11703010,0.14520622,-0.14546159
5.51975988,1.21954603,-1.22156246,0.45154950,-0.45219299,0.09374885,-0.09391906,0.02844935,-0.02847281,0.07167056,-0.07181308,0.53395563,-0.53456258,0.00286082,-0.00286878,0.11058434,-0.11072252,0.13313414,-0.13338051
5.52576288,1.12872013,-1.13067540,0.42499164,-0.42562156,0.08559244,-0.08575923,0.02734847,-0.02737003,0.06578993,-0.06592722,0.50114565,-0.50172866,0.00264254,-0.00265030,0.10433426,-0.10446478,0.12175669,-0.12199046
5.53176588,1.04243469,-1.04430021,0.40010941,-0.40071204,0.07783795,-0.07799928,0.02634310,-0.02636165,0.06031758,-0.06044792,0.46984112,-0.47038689,0.00243228,-0.00243978,0.09821178,-0.09833305,0.11120528,-0.11142298
5.53776888,0.96174105,-0.96348962,0.37743106,-0.37799252,0.07054951,-0.07070351,0.02548495,-0.02549933,0.05530519,-0.05542690,0.44062684,-0.44112243,0.00223196,-0.00223915,0.09229200,-0.09240253,0.10159918,-0.10179755
5.54377189,0.88760830,-0.88921436,0.35747703,-0.35798344,0.06378146,-0.06392644,0.02482634,-0.02483541,0.05079924,-0.05091068,0.41406621,-0.41449914,0.00204333,-0.00205018,0.08664866,-0.08674714,0.09304570,-0.09322166
5.54977489,0.82092063,-0.82236041,0.34075536,-0.34119299,0.05757855,-0.05771299,0.02441927,-0.02442190,0.04684133,-0.04694094,0.39069555,-0.39105393,0.00186797,-0.00187442,0.08135393,-0.08143914,0.08564062,-0.08579128
5.55577789,0.76247657,-0.76372818,0.32775706,-0.32811255,0.05197634,-0.05209893,0.02431454,-0.02430963,0.04346866,-0.04355489,0.37101894,-0.37129157,0.00170723,-0.00171326,0.07647806,-0.07654891,0.07946888,-0.07959157
5.56178089,0.71298944,-0.71403296,0.31895139,-0.31921186,0.04700186,-0.04711146,0.02456075,-0.02454727,0.04071431,-0.04078570,0.35550345,-0.35567994,0.00156229,-0.00156786,0.07208910,-0.07214461,0.07460544,-0.07469768
5.56778389,0.67308832,-0.67390584,0.31478069,-0.31493392,0.04267431,-0.04276998,0.02520334,-0.02518032,0.03860765,-0.03866280,0.34457440,-0.34464525,0.00143409,-0.00143919,0.06825261,-0.06829188,0.07111600,-0.07117553
5.57378689,0.64331885,-0.64389453,0.31565469,-0.31568930,0.03900591,-0.03908686,0.02628353,-0.02625012,0.03717451,-0.03721207,0.33861067,-0.33856735,0.00132340,-0.00132802,0.06503119,-0.06505341,0.06905769,-0.06908244
5.57978989,0.62414325,-0.62446333,0.32194404,-0.32184965,0.03600264,-0.03606827,0.02783729,-0.02779276,0.03643725,-0.03645599,0.33793954,-0.33777463,0.00123079,-0.00123490,0.06248404,-0.06248848,0.06847936,-0.06846752
5.58579290,0.61593902,-0.61599189,0.33397314,-0.33374054,0.03366500,-0.03371486,0.02989420,-0.02983798,0.03641473,-0.03641347,0.34283128,-0.34253854,0.00115659,-0.00116021,0.06066634,-0.06065231,0.06942172,-0.06937169
5.59179590,0.61899602,-0.61877231,0.35201203,-0.35163340,0.03198867,-0.03202246,0.03247632,-0.03240803,0.03712199,-0.03709968,0.35349317,-0.35306769,0.00110099,-0.00110412,0.05962850,-0.05959540,0.07191689,-0.07182736
5.59779890,0.63351174,-0.63300441,0.37626770,-0.37573677,0.03096499,-0.03098255,0.03559706,-0.03551651,0.03856987,-0.03852556,0.37006318,-0.36950151,0.00106396,-0.00106660,0.05941539,-0.05936266,0.07598767,-0.07585762
5.60380190,0.65958476,-0.65878928,0.40687475,-0.40618699,0.03058139,-0.03058270,0.03926002,-0.03916728,0.04076439,-0.04069729,0.39260336,-0.39190367,0.00104526,-0.00104745,0.06006533,-0.05999249,0.08164635,-0.08147510
5.60980490,0.69720658,-0.69612108,0.44388586,-0.44303873,0.03082157,-0.03080674,0.04345801,-0.04335340,0.04370608,-0.04361557,0.42109318,-0.42025539,0.00104450,-0.00104626,0.06160908,-0.06151572,0.08889310,-0.08868037
5.61580790,0.74625228,-0.74487780,0.48726240,-0.48625550,0.03166564,-0.03163489,0.04817208,-0.04805619,0.04738912,-0.04727478,0.45542320,-0.45444914,0.00106107,-0.00106242,0.06406872,-0.06395454,0.09771414,-0.09746010
5.62181091,0.80647044,-0.80481115,0.53686559,-0.53570084,0.03309003,-0.03304375,0.05337082,-0.05324456,0.05180052,-0.05166213,0.49538945,-0.49428301,0.00109417,-0.00109516,0.06745646,-0.06732129,0.10807965,-0.10778496
5.62781391,0.87747312,-0.87553655,0.59244880,-0.59113065,0.03506742,-0.03500611,0.05900989,-0.05887446,0.05691919,-0.05675681,0.54068893,-0.53945620,0.00114282,-0.00114349,0.07177354,-0.07161734,0.11994160,-0.11960748
5.63381691,0.95872663,-0.95652394,0.65365153,-0.65218704,0.03756649,-0.03749078,0.06503186,-0.06488876,0.06271516,-0.06252912,0.59091691,-0.58956622,0.00120586,-0.00120624,0.07700903,-0.07683196,0.13323166,-0.13285992
5.63981991,1.04954399,-1.04709014,0.71999553,-0.71839451,0.04055173,-0.04046241,0.07136645,-0.07121749,0.06914886,-0.06893982,0.64556617,-0.64410820,0.00128191,-0.00128207,0.08313889,-0.08294133,0.14785931,-0.14745241
5.64582291,1.14907984,-1.14639381,0.79088379,-0.78915880,0.04398319,-0.04388119,0.07793116,-0.07777841,0.07617057,-0.07593955,0.70402894,-0.70247671,0.00136946,-0.00136943,0.09012503,-0.08990760,0.16371033,-0.16327142
5.65182591,1.25632875,-1.25343360,0.86560254,-0.86376891,0.04781636,-0.04770277,0.08463242,-0.08447820,0.08372014,-0.08346851,0.76560173,-0.76397049,0.00146679,-0.00146664,0.09791467,-0.09767827,0.18064581,-0.18017870
5.65782891,1.37012757,-1.36705047,0.94332689,-0.94140263,0.05200209,-0.05187813,0.09136718,-0.09121401,0.09172692,-0.09145645,0.82949318,-0.82780037,0.00157207,-0.00157185,0.10643990,-0.10618576,0.19850180,-0.19801100
5.66383192,1.48916233,-1.48593450,1.02313012,-1.02113578,0.05648663,-0.05635371,0.09802495,-0.09787548,0.10011003,-0.09982288,0.89483532,-0.89310030,0.00168332,-0.00168308,0.11561765,-0.11534732,0.21708974,-0.21658043
5.66983492,1.61198027,-1.60863674,1.10399678,-1.10195521,0.06121189,-0.06107152,0.10449027,-0.10434726,0.10877897,-0.10847772,0.96069778,-0.95894162,0.00179844,-0.00179824,0.12534993,-0.12506532,0.23619779,-0.23567574
5.67583792,1.73700694,-1.73358627,1.18483936,-1.18277540,0.06611577,-0.06596962,0.11064560,-0.11051179,0.11763458,-0.11732220,1.02610507,-1.02435018,0.00191530,-0.00191519,0.13552452,-0.13522788,0.25559297,-0.25506451
5.68184092,1.86256849,-1.85911231,1.26451832,-1.26245846,0.07113277,-0.07098264,0.11637438,-0.11625246,0.12657034,-0.12625015,1.09005630,-1.08832603,0.00203168,-0.00203171,0.14601611,-0.14571007,0.27502428,-0.27449618
5.68784392,1.98691865,-1.98347107,1.34186491,-1.33983681,0.07619476,-0.07604252,0.12156430,-0.12145681,0.13547397,-0.13514966,1.15154678,-1.14986502,0.00214540,-0.00214562,0.15668789,-0.15637539,0.29422669,-0.29370606
5.69384692,2.10827000,-2.10487696,1.41570622,-1.41373824,0.08123185,-0.08107947,0.12611063,-0.12601988,0.14422939,-0.14390493,1.20959098,-1.20798160,0.00225431,-0.00225475,0.16739357,-0.16707787,0.31292588,-0.31242002
5.69984992,2.22482859,-2.22153700,1.48489158,-1.48301221,0.08617355,-0.08602304,0.12991939,-0.12984741,0.15271888,-0.15239847,1.26324582,-1.26173220,0.00235633,-0.00235704,0.17797990,-0.17766451,0.33084369,-0.33035996
5.70585293,2.33483096,-2.33168785,1.54831953,-1.54655680,0.09094990,-0.09080329,0.13291031,-0.13285875,0.16082542,-0.16051340,1.31163362,-1.31023813,0.00244953,-0.00245054,0.18828947,-0.18797809,0.34770407,-0.34724970
5.71185593,2.43658238,-2.43363393,1.60496434,-1.60334525,0.09549281,-0.09535209,0.13501937,-0.13498947,0.16843512,-0.16813595,1.35396372,-1.35270718,0.00253215,-0.00253348,0.19816396,-0.19786043,0.36323933,-0.36282130
5.71785893,2.52849509,-2.52578563,1.65390121,-1.65245112,0.09973734,-0.09960446,0.13620086,-0.13619340,0.17543978,-0.17515787,1.38955203,-1.38845323,0.00260263,-0.00260430,0.20744759,-0.20715580,0.37719655,-0.37682138
5.72386193,2.60912508,-2.60669609,1.69432919,-1.69307123,0.10362307,-0.10349986,0.13642887,-0.13644415,0.18173927,-0.18147894,1.41783762,-1.41691291,0.00265967,-0.00266168,0.21599070,-0.21571449,0.38934381,-0.38901743
5.72986493,2.67720624,-2.67509539,1.72559098,-1.72454552,0.10709527,-0.10698344,0.13569805,-0.13573586,0.18724384,-0.18700918,1.43839587,-1.43765873,0.00270222,-0.00270459,0.22365343,-0.22339650,0.39947614,-0.39920370
5.73586793,2.73168053,-2.72992075,1.74718893,-1.74637309,0.11010610,-0.11000718,0.13402366,-0.13408331,0.19187622,-0.19167101,1.45094754,-1.45040830,0.00272956,-0.00273227,0.23030928,-0.23007510,0.40742079,-0.40720658
5.74187094,2.77172304,-2.77034170,1.75879660,-1.75822384,0.11261559,-0.11253089,0.13144098,-0.13152133,0.19557335,-0.19540095,1.45536347,-1.45502907,0.00274126,-0.00274430,0.23584843,-0.23564012,0.41304186,-0.41288918
5.74787394,2.79676103,-2.79577927,1.76026557,-1.75994535,0.11459239,-0.11452300,0.12800393,-0.12810341,0.19828784,-0.19815112,1.45166490,-1.45153877,0.00273720,-0.00274056,0.24018075,-0.24000103,0.41624386,-0.41615490
5.75387694,2.80648619,-2.80591836,1.75162721,-1.75156476,0.11601434,-0.11596108,0.12378318,-0.12389986,0.19998894,-0.19989017,1.44001925,-1.44010127,0.00271759,-0.00272123,0.24323833,-0.24308939,0.41697420,-0.41695005
5.75987994,2.80085965,-2.80071296,1.73308944,-1.73328567,0.11686877,-0.11683219,0.11886363,-0.11899526,0.20066309,-0.20060391,1.42073187,-1.42101842,0.00268291,-0.00268681,0.24497738,-0.24486083,0.41522452,-0.41526510
5.76588294,2.78010951,-2.78038386,1.70502867,-1.70548010,0.11715252,-0.11713291,0.11334154,-0.11348566,0.20031400,-0.20029535,1.39423391,-1.39471804,0.00263394,-0.00263806,0.24537947,-0.24529631,0.41103069,-0.41113478
5.77188594,2.74472106,-2.74540908,1.66797726,-1.66867616,0.11687175,-0.11686909,0.10732139,-0.10747540,0.19896224,-0.19898435,1.36106712,-1.36173876,0.00257170,-0.00257600,0.24445202,-0.24440259,0.40447163,-0.40463690
5.77788894,2.69541998,-2.69650726,1.62260701,-1.62354161,0.11604140,-0.11605541,0.10091259,-0.10107382,0.19664440,-0.19670675,1.32186599,-1.32271231,0.00249741,-0.00250184,0.24222801,-0.24221198,0.39566682,-0.39588992
5.78389195,2.63314925,-2.63461479,1.56970940,-1.57086421,0.11468452,-0.11471466,0.09422622,-0.09439200,0.19341176,-0.19351314,1.27733826,-1.27834401,0.00241247,-0.00241701,0.23876483,-0.23878121,0.38477281,-0.38504946
5.78989495,2.55904058,-2.56085741,1.51017322,-1.51152943,0.11283135,-0.11287684,0.08737183,-0.08753958,0.18932869,-0.18946720,1.22824429,-1.22939222,0.00231841,-0.00232301,0.23414241,-0.23418960,0.37197863,-0.37230374
5.79589795,2.47438153,-2.47651747,1.44496055,-1.44649653,0.11051826,-0.11057812,0.08045465,-0.08062195,0.18447064,-0.18464378,1.17537623,-1.17664760,0.00221686,-0.00222146,0.22846065,-0.22853649,0.35750050,-0.35786832
5.80190095,2.38057947,-2.38299809,1.37508180,-1.37677367,0.10778657,-0.10785964,0.07357302,-0.07373764,0.17892197,-0.17912668,1.11953779,-1.12091283,0.00210944,-0.00211403,0.22183623,-0.22193806,0.34157581,-0.34198009
5.80790395,2.27912383,-2.28178539,1.30157078,-1.30339301,0.10468132,-0.10476630,0.06681636,-0.06697631,0.17277358,-0.17300637,1.06152508,-1.06298346,0.00199783,-0.00200235,0.21439888,-0.21452368,0.32445687,-0.32489102
5.81390695,2.17154786,-2.17441044,1.22546048,-1.22738650,0.10125005,-0.10134552,0.06026352,-0.06041711,0.16612053,-0.16637754,1.00210923,-1.00363054,0.00188362,-0.00188804,0.20628744,-0.20643188,0.30640437,-0.30686162
5.81990995,2.05939139,-2.06241192,1.14776044,-1.14976331,0.09754155,-0.09764605,0.05398176,-0.05412757,0.15905962,-0.15933678,0.94202131,-0.94358552,0.00176833,-0.00177263,0.19764564,-0.19780623,0.28768099,-0.28815456
5.82591296,1.94416568,-1.94730104,1.06943619,-1.07148918,0.09360481,-0.09371681,0.04802613,-0.04816307,0.15168715,-0.15198024,0.88193975,-0.88352759,0.00165338,-0.00165754,0.18861796,-0.18879113,0.26854530,-0.26902857
5.83191596,1.82732163,-1.83052964,0.99139143,-0.99346863,0.08948795,-0.08960595,0.04243936,-0.04256662,0.14409680,-0.14440159,0.82248058,-0.82407389,0.00154006,-0.00154404,0.17934558,-0.17952785,0.24924611,-0.24973273
5.83791896,1.71022216,-1.71346250,0.91445324,-0.91653005,0.08523740,-0.08535993,0.03725223,-0.03736928,0.13637779,-0.13669014,0.76419056,-0.76577258,0.00142947,-0.00143327,0.16996279,-0.17015081,0.23001752,-0.23050155
5.84392196,1.59411950,-1.59735446,0.83936062,-0.84141423,0.08089720,-0.08102283,0.03248420,-0.03259077,0.12861334,-0.12892927,0.70754313,-0.70909872,0.00132260,-0.00132621,0.16059371,-0.16078438,0.21107471,-0.21155072
5.84992496,1.48013778,-1.48333296,0.76675647,-0.76876624,0.07650846,-0.07663587,0.02814443,-0.02824051,0.12087940,-0.12119523,0.65293708,-0.65445289,0.00122024,-0.00122364,0.15134973,-0.15154028,0.19261067,-0.19307382
5.85592796,1.36926133,-1.37238610,0.69718298,-0.69913070,0.07210906,-0.07223700,0.02423302,-0.02431877,0.11324382,-0.11355617,0.60069769,-0.60216224,0.00112300,-0.00112619,0.14232754,-0.14251557,0.17479378,-0.17523987
5.86193097,1.26232833,-1.26535613,0.63108032,-0.63295040,0.06773339,-0.06786073,0.02074233,-0.02081807,0.10576580,-0.10607168,0.55108002,-0.55248370,0.00103136,-0.00103434,0.13360788,-0.13379141,0.15776639,-0.15819191
5.86793397,1.16002978,-1.16293834,0.56878826,-0.57056787,0.06341234,-0.06353806,0.01765843,-0.01772463,0.09849566,-0.09879248,0.50427399,-0.50560906,0.00094562,-0.00094840,0.12525502,-0.12543250,0.14164429,-0.14204638
5.87393697,1.06291327,-1.06568455,0.51055057,-0.51222959,0.05917339,-0.05929659,0.01496255,-0.01501976,0.09147498,-0.09176060,0.46041084,-0.46167130,0.00086597,-0.00086855,0.11731692,-0.11748722,0.12651699,-0.12689349
5.87993997,0.97139075,-0.97401085,0.45652157,-0.45809257,0.05504073,-0.05516062,0.01263246,-0.01268129,0.08473696,-0.08500966,0.41957057,-0.42075206,0.00079246,-0.00079485,0.10982603,-0.10998843,0.11244881,-0.11279817
5.88594297,0.88574976,-0.88820867,0.40677449,-0.40823253,0.05103553,-0.05115144,0.01064380,-0.01068489,0.07830701,-0.07856547,0.38178993,-0.38288956,0.00072505,-0.00072727,0.10280065,-0.10295479,0.09948053,-0.09980181
5.89194597,0.80616708,-0.80845828,0.36131111,-0.36265360,0.04717620,-0.04728755,0.00897120,-0.00900519,0.07220347,-0.07244678,0.34707056,-0.34808672,0.00066363,-0.00066568,0.09624667,-0.09639249,0.08763161,-0.08792439
5.89794897,0.73272399,-0.73484410,0.32007220,-0.32129862,0.04347866,-0.04358499,0.00758930,-0.00761683,0.06643853,-0.06666613,0.31538697,-0.31631913,0.00060802,-0.00060991,0.09015971,-0.09029740,0.07690272,-0.07716705
5.90395198,0.66542236,-0.66737063,0.28294833,-0.28405994,0.03995666,-0.04005757,0.00647362,-0.00649527,0.06101912,-0.06123073,0.28669395,-0.28754244,0.00055800,-0.00055974,0.08452735,-0.08465729,0.06727853,-0.06751485
5.90995498,0.60420057,-0.60597845,0.24979047,-0.25079005,0.03662197,-0.03671717,0.00560115,-0.00561747,0.05594782,-0.05614345,0.26093322,-0.26169907,0.00051335,-0.00051495,0.07933146,-0.07945413,0.05873055,-0.05893962
5.91595798,0.54894877,-0.55055940,0.22042023,-0.22131176,0.03348467,-0.03357392,0.00495086,-0.00496233,0.05122380,-0.05140367,0.23803909,-0.23872385,0.00047382,-0.00047529,0.07455045,-0.07466639,0.05122002,-0.05140284
5.92196098,0.49952270,-0.50097049,0.19463922,-0.19542759,0.03055325,-0.03063638,0.00450397,-0.00451101,0.04684359,-0.04700809,0.21794303,-0.21854858,0.00043916,-0.00044052,0.07016132,-0.07027105,0.04470054,-0.04485828
5.92796398,0.45575563,-0.45704587,0.17223740,-0.17292815,0.02783480,-0.02791169,0.00424413,-0.00424710,0.04280187,-0.04295149,0.20057693,-0.20110538,0.00040918,-0.00041042,0.06614143,-0.06624542,0.03912056,-0.03925452
5.93396698,0.41746819,-0.41860670,0.15300025,-0.15359933,0.02533502,-0.02540562,0.00415733,-0.00415654,0.03909201,-0.03922734,0.18587515,-0.18632876,0.00038365,-0.00038479,0.06246990,-0.06256852,0.03442561,-0.03453713
5.93996998,0.38447579,-0.38546866,0.13671457,-0.13722813,0.02305832,-0.02312261,0.00423184,-0.00422752,0.03570657,-0.03582826,0.17377541,-0.17415647,0.00036243,-0.00036347,0.05912869,-0.05922218,0.03056008,-0.03065053
5.94597299,0.35659366,-0.35744704,0.12317302,-0.12360723,0.02100782,-0.02106582,0.00445791,-0.00445026,0.03263768,-0.03274637,0.16421838,-0.16452921,0.00034536,-0.00034630,0.05610315,-0.05619163,0.02746877,-0.02753948
5.95197599,0.33363952,-0.33435949,0.11217733,-0.11253822,0.01918528,-0.01923705,0.00482743,-0.00481661,0.02987725,-0.02997358,0.15714639,-0.15738933,0.00033231,-0.00033317,0.05338225,-0.05346570,0.02509799,-0.02515026
5.95797899,0.31543420,-0.31602672,0.10354028,-0.10383368,0.01759115,-0.01763679,0.00533355,-0.00531971,0.02741707,-0.02750168,0.15250118,-0.15267860,0.00032320,-0.00032397,0.05095840,-0.05103667,0.02339637,-0.02343140
5.96398199,0.30180041,-0.30227127,0.09708665,-0.09731809,0.01622449,-0.01626413,0.00597024,-0.00595348,0.02524888,-0.02532237,0.15022101,-0.15033536,0.00031792,-0.00031861,0.04882690,-0.04889975,0.02231533,-0.02233426
5.96998499,0.29256004,-0.29291492,0.09265326,-0.09282794,0.01508297,-0.01511678,0.00673175,-0.00671219,0.02336433,-0.02342724,0.15023731,-0.15029116,0.00031640,-0.00031701,0.04698517,-0.04705227,0.02180928,-0.02181315
5.97598799,0.28753050,-0.28777504,0.09008828,-0.09021106,0.01416285,-0.01419101,0.00761219,-0.00758996,0.02175483,-0.02180770,0.15247111,-0.15246724,0.00031854,-0.00031908,0.04543172,-0.04549273,0.02183557,-0.02182534
5.98199100,0.28652045,-0.28666032,0.08925002,-0.08932542,0.01345901,-0.01348173,0.00860509,-0.00858032,0.02041152,-0.02045484,0.15682949,-0.15677094,0.00032425,-0.00032472,0.04416507,-0.04421964,0.02235431,-0.02233087
5.98799400,0.28932542,-0.28936644,0.09000545,-0.09003766,0.01296499,-0.01298251,0.00970292,-0.00967578,0.01932507,-0.01935931,0.16320236,-0.16309249,0.00033340,-0.00033382,0.04318259,-0.04323041,0.02332805,-0.02329223
5.99399700,0.29572381,-0.29567203,0.09222853,-0.09222145,0.01267305,-0.01268563,0.01089678,-0.01086748,0.01848562,-0.01851121,0.17145971,-0.17130227,0.00034586,-0.00034621,0.04247939,-0.04252023,0.02472141,-0.02467395
6.00000000,0.30547360,-0.30533538,0.09579867,-0.09575594,0.01257429,-0.01258219,0.01217615,-0.01214493,0.01788262,-0.01790000,0.18144963,-0.18124879,0.00036143,-0.00036173,0.04204735,-0.04208106,0.02650061,-0.02644225
