energy_ev,total_up,Sb_p_up,Sb_d_up,Se_s_up,Se_p_up,Zr_p_up,Zr_d_up
-6.00000000,1.16540438,0.11134613,0.00157619,0.01380818,0.74938178,0.49056324,0.46043736
-5.99399700,1.21251623,0.11703534,0.00165787,0.01407846,0.77941393,0.51251932,0.47855390
-5.98799400,1.25711861,0.12270132,0.00174046,0.01428143,0.80755374,0.53381148,0.49551714
-5.98199100,1.29861118,0.12831863,0.00182342,0.01441290,0.83337097,0.55412190,0.51108054
-5.97598799,1.33649404,0.13387285,0.00190625,0.01447045,0.85649638,0.57317279,0.52503493
-5.96998499,1.37038012,0.13936163,0.00198853,0.01445355,0.87663047,0.59073388,0.53721319
-5.96398199,1.40000469,0.14479519,0.00206991,0.01436350,0.89355055,0.60662878,0.54749406
-5.95797899,1.42523171,0.15019650,0.00215009,0.01420341,0.90711592,0.62073981,0.55580474
-5.95197599,1.44605666,0.15560078,0.00222886,0.01397805,0.91727109,0.63301122,0.56212242
-5.94597299,1.46260579,0.16105470,0.00230608,0.01369372,0.92404673,0.64345062,0.56647448
-5.93996998,1.47513164,0.16661492,0.00238166,0.01335804,0.92755832,0.65212835,0.56893748
-5.93396698,1.48400485,0.17234627,0.00245561,0.01297966,0.92800248,0.65917485,0.56963482
-5.92796398,1.48970238,0.17831942,0.00252798,0.01256806,0.92565098,0.66477584,0.56873317
-5.92196098,1.49279236,0.18460830,0.00259891,0.01213323,0.92084244,0.66916559,0.56643770
-5.91595798,1.49391585,0.19128713,0.00266860,0.01168539,0.91397206,0.67261819,0.56298618
-5.90995498,1.49376608,0.19842729,0.00273732,0.01123471,0.90547942,0.67543714,0.55864211
-5.90395198,1.49306561,0.20609416,0.00280536,0.01079102,0.89583482,0.67794359,0.55368707
-5.89794897,1.49254208,0.21434391,0.00287310,0.01036360,0.88552444,0.68046354,0.54841237
-5.89194597,1.49290333,0.22322046,0.00294092,0.00996093,0.87503484,0.68331451,0.54311041
-5.88594297,1.49481266,0.23275273,0.00300923,0.00959049,0.86483721,0.68679211,0.53806575
-5.87993997,1.49886512,0.24295224,0.00307845,0.00925861,0.85537200,0.69115714,0.53354642
-5.87393697,1.50556553,0.25381117,0.00314897,0.00897037,0.84703432,0.69662367,0.52979555
-5.86793397,1.51530928,0.26530112,0.00322114,0.00872952,0.84016084,0.70334870,0.52702367
-5.86193097,1.52836647,0.27737234,0.00329524,0.00853840,0.83501853,0.71142386,0.52540193
-5.85592796,1.54487020,0.28995381,0.00337147,0.00839798,0.83179573,0.72086956,0.52505658
-5.84992496,1.56480947,0.30295399,0.00344991,0.00830789,0.83059604,0.73163194,0.52606471
-5.84392196,1.58802714,0.31626224,0.00353052,0.00826649,0.83143516,0.74358281,0.52845172
-5.83791896,1.61422309,0.32975099,0.00361310,0.00827098,0.83424100,0.75652269,0.53219040
-5.83191596,1.64296257,0.34327846,0.00369728,0.00831751,0.83885700,0.77018682,0.53720188
-5.82591296,1.67368960,0.35669186,0.00378251,0.00840138,0.84504869,0.78425404,0.54335826
-5.81990995,1.70574489,0.36983108,0.00386810,0.00851719,0.85251321,0.79835809,0.55048713
-5.81390695,1.73838774,0.38253248,0.00395315,0.00865905,0.86089143,0.81210099,0.55837759
-5.80790395,1.77082100,0.39463291,0.00403664,0.00882078,0.86978231,0.82506777,0.56678769
-5.80190095,1.80221827,0.40597357,0.00411742,0.00899611,0.87875884,0.83684211,0.57545309
-5.79589795,1.83175221,0.41640381,0.00419420,0.00917888,0.88738496,0.84702207,0.58409648
-5.78989495,1.85862286,0.42578452,0.00426568,0.00936329,0.89523277,0.85523521,0.59243753
-5.78389195,1.88208490,0.43399113,0.00433050,0.00954399,0.90189935,0.86115260,0.60020293
-5.77788894,1.90147268,0.44091616,0.00438735,0.00971631,0.90702236,0.86450093,0.60713612
-5.77188594,1.91622227,0.44647118,0.00443496,0.00987635,0.91029402,0.86507234,0.61300634
-5.76588294,1.92588942,0.45058825,0.00447220,0.01002108,0.91147259,0.86273156,0.61761668
-5.75987994,1.93016307,0.45322082,0.00449809,0.01014839,0.91039118,0.85742006,0.62081071
-5.75387694,1.92887380,0.45434405,0.00451186,0.01025712,0.90696332,0.84915713,0.62247753
-5.74787394,1.92199704,0.45395475,0.00451296,0.01034702,0.90118534,0.83803804,0.62255505
-5.74187094,1.90965122,0.45207085,0.00450112,0.01041870,0.89313526,0.82422919,0.62103128
-5.73586793,1.89209086,0.44873056,0.00447633,0.01047351,0.88296861,0.80796094,0.61794387
-5.72986493,1.86969531,0.44399130,0.00443885,0.01051340,0.87091124,0.78951815,0.61337765
-5.72386193,1.84295366,0.43792833,0.00438925,0.01054080,0.85724968,0.76922927,0.60746061
-5.71785893,1.81244664,0.43063334,0.00432834,0.01055841,0.84231948,0.74745430,0.60035845
-5.71185593,1.77882635,0.42221284,0.00425716,0.01056902,0.82649222,0.72457232,0.59226798
-5.70585293,1.74279497,0.41278653,0.00417699,0.01057536,0.81016182,0.70096915,0.58340976
-5.69984992,1.70508310,0.40248555,0.00408924,0.01057989,0.79373082,0.67702566,0.57402034
-5.69384692,1.66642899,0.39145077,0.00399548,0.01058466,0.77759726,0.65310718,0.56434453
-5.68784392,1.62755924,0.37983089,0.00389733,0.01059124,0.76214286,0.62955453,0.55462801
-5.68184092,1.58917185,0.36778067,0.00379646,0.01060055,0.74772284,0.60667682,0.54511057
-5.67583792,1.55192216,0.35545899,0.00369452,0.01061291,0.73465790,0.58474632,0.53602043
-5.66983492,1.51641197,0.34302697,0.00359312,0.01062796,0.72322856,0.56399540,0.52756970
-5.66383192,1.48318229,0.33064606,0.00349378,0.01064475,0.71367198,0.54461564,0.51995107
-5.65782891,1.45270940,0.31847617,0.00339790,0.01066181,0.70618120,0.52675879,0.51333597
-5.65182591,1.42540435,0.30667382,0.00330674,0.01067725,0.70090667,0.51053949,0.50787394
-5.64582291,1.40161526,0.29539040,0.00322143,0.01068892,0.69795964,0.49603939,0.50369323
-5.63981991,1.38163211,0.28477056,0.00314293,0.01069455,0.69741717,0.48331227,0.50090232
-5.63381691,1.36569322,0.27495067,0.00307206,0.01069196,0.69932800,0.47238983,0.49959214
-5.62781391,1.35399279,0.26605753,0.00300949,0.01067920,0.70371899,0.46328763,0.49983872
-5.62181091,1.34668862,0.25820715,0.00295577,0.01065471,0.71060135,0.45601078,0.50170581
-5.61580790,1.34390929,0.25150370,0.00291136,0.01061748,0.71997625,0.45055912,0.50524728
-5.60980490,1.34576013,0.24603864,0.00287660,0.01056717,0.73183917,0.44693128,0.51050894
-5.60380190,1.35232715,0.24188986,0.00285179,0.01050418,0.74618275,0.44512765,0.51752940
-5.59779890,1.36367868,0.23912092,0.00283715,0.01042968,0.76299767,0.44515184,0.52634001
-5.59179590,1.37986425,0.23778031,0.00283289,0.01034567,0.78227156,0.44701065,0.53696353
-5.58579290,1.40091059,0.23790062,0.00283918,0.01025488,0.80398582,0.45071255,0.54941159
-5.57978989,1.42681492,0.23949768,0.00285615,0.01016076,0.82811054,0.45626468,0.56368113
-5.57378689,1.45753580,0.24256965,0.00288392,0.01006734,0.85459779,0.46366875,0.57974979
-5.56778389,1.49298213,0.24709594,0.00292255,0.00997913,0.88337376,0.47291588,0.59757066
-5.56178089,1.53300087,0.25303620,0.00297206,0.00990092,0.91433022,0.48398099,0.61706672
-5.55577789,1.57736453,0.26032922,0.00303237,0.00983769,0.94731603,0.49681695,0.63812532
-5.54977489,1.62575934,0.26889196,0.00310330,0.00979437,0.98212927,0.51134902,0.66059328
-5.54377189,1.67777508,0.27861885,0.00318454,0.00977570,1.01851073,0.52747001,0.68427287
-5.53776888,1.73289765,0.28938129,0.00327562,0.00978609,1.05613947,0.54503654,0.70891939
-5.53176588,1.79050530,0.30102769,0.00337587,0.00982942,1.09463089,0.56386686,0.73424045
-5.52576288,1.84986933,0.31338414,0.00348443,0.00990896,1.13353796,0.58374039,0.75989751
-5.51975988,1.91015988,0.32625569,0.00360021,0.01002721,1.17235567,0.60439936,0.78550972
-5.51375688,1.97045712,0.33942853,0.00372188,0.01018588,1.21052918,0.62555258,0.81066031
-5.50775388,2.02976802,0.35267304,0.00384791,0.01038574,1.24746529,0.64688128,0.83490535
-5.50175088,2.08704832,0.36574768,0.00397655,0.01062668,1.28254716,0.66804710,0.85778476
-5.49574787,2.14122935,0.37840386,0.00410586,0.01090763,1.31515186,0.68870177,0.87883526
-5.48974487,2.19124871,0.39039145,0.00423379,0.01122660,1.34467002,0.70849830,0.89760476
-5.48374187,2.23608391,0.40146509,0.00435816,0.01158073,1.37052690,0.72710322,0.91366769
-5.47773887,2.27478742,0.41139086,0.00447680,0.01196629,1.39220401,0.74420931,0.92664061
-5.47173587,2.30652197,0.41995320,0.00458755,0.01237884,1.40926028,0.75954839,0.93619737
-5.46573287,2.33059436,0.42696180,0.00468838,0.01281325,1.42135190,0.77290345,0.94208320
-5.45972986,2.34648630,0.43225817,0.00477743,0.01326386,1.42824979,0.78411967,0.94412704
-5.45372686,2.35388094,0.43572158,0.00485315,0.01372458,1.42985402,0.79311373,0.94225148
-5.44772386,2.35268361,0.43727410,0.00491428,0.01418901,1.42620420,0.79988094,0.93647981
-5.44172086,2.34303581,0.43688453,0.00496001,0.01465065,1.41748552,0.80449973,0.92693983
-5.43571786,2.32532150,0.43457089,0.00498999,0.01510298,1.40402984,0.80713329,0.91386409
-5.42971486,2.30016538,0.43040149,0.00500438,0.01553968,1.38631174,0.80802803,0.89758660
-5.42371186,2.26842274,0.42449432,0.00500388,0.01595474,1.36493956,0.80750886,0.87853594
-5.41770885,2.23116116,0.41701479,0.00498974,0.01634268,1.34064151,0.80597130,0.85722506
-5.41170585,2.18963455,0.40817192,0.00496379,0.01669863,1.31424753,0.80387058,0.83423815
-5.40570285,2.14525027,0.39821299,0.00492835,0.01701852,1.28666710,0.80170803,0.81021491
-5.39969985,2.09953044,0.38741686,0.00488623,0.01729917,1.25886415,0.80001517,0.78583303
-5.39369685,2.05406854,0.37608623,0.00484065,0.01753838,1.23182953,0.79933602,0.76178920
-5.38769385,2.01048303,0.36453901,0.00479516,0.01773500,1.20655221,0.80020811,0.73877955
-5.38169085,1.97036924,0.35309923,0.00475354,0.01788897,1.18399008,0.80314307,0.71748008
-5.37568784,1.93525128,0.34208758,0.00471970,0.01800129,1.16504119,0.80860718,0.69852764
-5.36968484,1.90653551,0.33181218,0.00469751,0.01807398,1.15051658,0.81700294,0.68250223
-5.36368184,1.88546709,0.32255966,0.00469075,0.01811002,1.14111538,0.82865210,0.66991098
-5.35767884,1.87309103,0.31458687,0.00470292,0.01811321,1.13740310,0.84378093,0.66117434
-5.35167584,1.87021891,0.30811361,0.00473716,0.01808803,1.13979368,0.86250839,0.65661476
-5.34567284,1.87740255,0.30331644,0.00479608,0.01803949,1.14853597,0.88483761,0.65644827
-5.33966983,1.89491515,0.30032381,0.00488171,0.01797293,1.16370500,0.91065118,0.66077900
-5.33366683,1.92274089,0.29921264,0.00499538,0.01789385,1.18519831,0.93971053,0.66959674
-5.32766383,1.96057305,0.30000643,0.00513764,0.01780769,1.21273753,0.97165947,0.68277768
-5.32166083,2.00782079,0.30267498,0.00530826,0.01771970,1.24587514,1.00603191,0.70008809
-5.31565783,2.06362465,0.30713558,0.00550615,0.01763476,1.28400619,1.04226356,0.72119086
-5.30965483,2.12687993,0.31325576,0.00572941,0.01755727,1.32638473,1.07970730,0.74565477
-5.30365183,2.19626764,0.32085748,0.00597534,0.01749103,1.37214434,1.11765157,0.77296613
-5.29764882,2.27029183,0.32972254,0.00624052,0.01743923,1.42032230,1.15534139,0.80254246
-5.29164582,2.34732226,0.33959912,0.00652087,0.01740437,1.46988656,1.19200097,0.83374794
-5.28564282,2.42564105,0.35020929,0.00681179,0.01738836,1.51976463,1.22685738,0.86591009
-5.27963982,2.50349192,0.36125717,0.00710827,0.01739249,1.56887365,1.25916414,0.89833741
-5.27363682,2.57913030,0.37243756,0.00740505,0.01741755,1.61615054,1.28822412,0.93033725
-5.26763382,2.65087283,0.38344481,0.00769675,0.01746393,1.66058131,1.31341070,0.96123366
-5.26163082,2.71714452,0.39398157,0.00797808,0.01753170,1.70122853,1.33418650,0.99038458
-5.25562781,2.77652213,0.40376732,0.00824395,0.01762073,1.73725619,1.35011909,1.01719783
-5.24962481,2.82777220,0.41254619,0.00848967,0.01773079,1.76795093,1.36089299,1.04114551
-5.24362181,2.86988255,0.42009407,0.00871103,0.01786164,1.79273915,1.36631771,1.06177636
-5.23761881,2.90208619,0.42622456,0.00890449,0.01801308,1.81119923,1.36633146,1.07872560
-5.23161581,2.92387685,0.43079379,0.00906723,0.01818499,1.82306868,1.36100072,1.09172196
-5.22561281,2.93501568,0.43370373,0.00919723,0.01837732,1.82824594,1.35051546,1.10059179
-5.21960980,2.93552901,0.43490405,0.00929330,0.01859010,1.82678686,1.33518057,1.10525995
-5.21360680,2.92569730,0.43439238,0.00935511,0.01882334,1.81889602,1.31540373,1.10574765
-5.20760380,2.90603597,0.43221302,0.00938315,0.01907699,1.80491350,1.29168038,1.10216719
-5.20160080,2.87726881,0.42845411,0.00937867,0.01935084,1.78529753,1.26457630,1.09471406
-5.19559780,2.84029535,0.42324339,0.00934359,0.01964443,1.76060383,1.23470856,1.08365648
-5.18959480,2.79615328,0.41674269,0.00928042,0.01995691,1.73146265,1.20272556,1.06932317
-5.18359180,2.74597788,0.40914149,0.00919210,0.02028703,1.69855431,1.16928686,1.05208949
-5.17758879,2.69095974,0.40064953,0.00908190,0.02063301,1.66258439,1.13504347,1.03236298
-5.17158579,2.63230276,0.39148912,0.00895325,0.02099253,1.62425957,1.10061944,1.01056848
-5.16558279,2.57118399,0.38188712,0.00880963,0.02136270,1.58426492,1.06659498,0.98713381
-5.15957979,2.50871676,0.37206710,0.00865439,0.02174011,1.54324371,1.03349202,0.96247631
-5.15357679,2.44591854,0.36224193,0.00849069,0.02212089,1.50178025,1.00176222,0.93699085
-5.14757379,2.38368457,0.35260703,0.00832137,0.02250079,1.46038640,0.97177797,0.91103978
-5.14157079,2.32276789,0.34333456,0.00814887,0.02287530,1.41949206,0.94382638,0.88494496
-5.13556778,2.26376643,0.33456875,0.00797521,0.02323979,1.37943968,0.91810637,0.85898219
-5.12956478,2.20711709,0.32642252,0.00780191,0.02358967,1.34048286,0.89472872,0.83337799
-5.12356178,2.15309663,0.31897537,0.00763007,0.02392055,1.30278873,0.87371899,0.80830872
-5.11755878,2.10182883,0.31227271,0.00746031,0.02422835,1.26644362,0.85502295,0.78390183
-5.11155578,2.05329719,0.30632646,0.00729288,0.02450945,1.23146159,0.83851420,0.76023897
-5.10555278,2.00736216,0.30111694,0.00712768,0.02476078,1.19779503,0.82400370,0.73736055
-5.09954977,1.96378179,0.29659573,0.00696436,0.02497990,1.16534685,0.81125051,0.71527159
-5.09354677,1.92223462,0.29268951,0.00680238,0.02516503,1.13398338,0.79997362,0.69394808
-5.08754377,1.88234373,0.28930459,0.00664112,0.02531504,1.10354740,0.78986413,0.67334391
-5.08154077,1.84370074,0.28633180,0.00647992,0.02542944,1.07387074,0.78059759,0.65339763
-5.07553777,1.80588884,0.28365174,0.00631821,0.02550835,1.04478585,0.77184592,0.63403894
-5.06953477,1.76850406,0.28113994,0.00615553,0.02555238,1.01613611,0.76328869,0.61519464
-5.06353177,1.73117399,0.27867188,0.00599160,0.02556261,0.98778444,0.75462341,0.59679380
-5.05752876,1.69357362,0.27612765,0.00582635,0.02554050,0.95962015,0.74557459,0.57877213
-5.05152576,1.65543796,0.27339607,0.00565998,0.02548780,0.93156398,0.73590150,0.56107540
-5.04552276,1.61657130,0.27037821,0.00549291,0.02540654,0.90357128,0.72540428,0.54366199
-5.03951976,1.57685319,0.26699027,0.00532585,0.02529897,0.87563363,0.71392861,0.52650460
-5.03351676,1.53624125,0.26316563,0.00515972,0.02516757,0.84777882,0.70136874,0.50959118
-5.02751376,1.49477098,0.25885626,0.00499566,0.02501504,0.82006953,0.68766895,0.49292517
-5.02151076,1.45255301,0.25403337,0.00483499,0.02484434,0.79260095,0.67282349,0.47652516
-5.01550775,1.40976792,0.24868733,0.00467916,0.02465868,0.76549735,0.65687510,0.46042399
-5.00950475,1.36665907,0.24282709,0.00452972,0.02446160,0.73890793,0.63991226,0.44466748
-5.00350175,1.32352365,0.23647890,0.00438824,0.02425696,0.71300211,0.62206512,0.42931274
-4.99749875,1.28070244,0.22968465,0.00425629,0.02404890,0.68796427,0.60350050,0.41442613
-4.99149575,1.23856831,0.22249974,0.00413538,0.02384189,0.66398819,0.58441594,0.40008102
-4.98549275,1.19751402,0.21499076,0.00402690,0.02364057,0.64127121,0.56503299,0.38635523
-4.97948974,1.15793948,0.20723279,0.00393206,0.02344969,0.62000835,0.54559007,0.37332827
-4.97348674,1.12023876,0.19930670,0.00385187,0.02327396,0.60038628,0.52633494,0.36107852
-4.96748374,1.08478738,0.19129634,0.00378709,0.02311786,0.58257754,0.50751702,0.34968023
-4.96148074,1.05192991,0.18328580,0.00373818,0.02298545,0.56673496,0.48937997,0.33920062
-4.95547774,1.02196863,0.17535679,0.00370530,0.02288009,0.55298650,0.47215448,0.32969705
-4.94947474,0.99515331,0.16758625,0.00368824,0.02280430,0.54143074,0.45605171,0.32121444
-4.94347174,0.97167269,0.16004423,0.00368644,0.02275946,0.53213310,0.44125753,0.31378308
-4.93746873,0.95164792,0.15279210,0.00369900,0.02274567,0.52512306,0.42792771,0.30741688
-4.93146573,0.93512831,0.14588123,0.00372466,0.02276162,0.52039245,0.41618432,0.30211227
-4.92546273,0.92208957,0.13935206,0.00376180,0.02280443,0.51789503,0.40611338,0.29784777
-4.91945973,0.91243479,0.13323369,0.00380854,0.02286972,0.51754733,0.39776388,0.29458435
-4.91345673,0.90599801,0.12754386,0.00386272,0.02295159,0.51923087,0.39114820,0.29226659
-4.90745373,0.90255059,0.12228954,0.00392196,0.02304275,0.52279571,0.38624389,0.29082466
-4.90145073,0.90180990,0.11746778,0.00398375,0.02313476,0.52806517,0.38299673,0.29017699
-4.89544772,0.90345019,0.11306705,0.00404551,0.02321824,0.53484172,0.38132493,0.29023366
-4.88944472,0.90711515,0.10906884,0.00410465,0.02328319,0.54291367,0.38112425,0.29090030
-4.88344172,0.91243177,0.10544951,0.00415865,0.02331939,0.55206250,0.38227395,0.29208227
-4.87743872,0.91902473,0.10218221,0.00420519,0.02331672,0.56207055,0.38464312,0.29368915
-4.87143572,0.92653103,0.09923886,0.00424212,0.02326557,0.57272883,0.38809729,0.29563908
-4.86543272,0.93461399,0.09659215,0.00426765,0.02315719,0.58384442,0.39250499,0.29786294
-4.85942971,0.94297625,0.09421726,0.00428031,0.02298407,0.59524758,0.39774406,0.30030807
-4.85342671,0.95137130,0.09209343,0.00427908,0.02274021,0.60679788,0.40370734,0.30294145
-4.84742371,0.95961288,0.09020529,0.00426335,0.02242132,0.61838945,0.41030778,0.30575211
-4.84142071,0.96758229,0.08854372,0.00423302,0.02202505,0.62995509,0.41748254,0.30875272
-4.83541771,0.97523312,0.08710653,0.00418843,0.02155105,0.64146896,0.42519619,0.31198034
-4.82941471,0.98259336,0.08589864,0.00413041,0.02100098,0.65294805,0.43344277,0.31549609
-4.82341171,0.98976497,0.08493198,0.00406023,0.02037846,0.66445215,0.44224673,0.31938412
-4.81740870,0.99692095,0.08422507,0.00397958,0.01968895,0.67608247,0.45166282,0.32374952
-4.81140570,1.00430000,0.08380229,0.00389050,0.01893954,0.68797896,0.46177482,0.32871556
-4.80540270,1.01219916,0.08369293,0.00379534,0.01813872,0.70031633,0.47269334,0.33442019
-4.79939970,1.02096460,0.08393009,0.00369668,0.01729611,0.71329897,0.48455261,0.34101197
-4.79339670,1.03098097,0.08454944,0.00359729,0.01642212,0.72715486,0.49750653,0.34864562
-4.78739370,1.04265958,0.08558792,0.00350003,0.01552769,0.74212869,0.51172404,0.35747722
-4.78139070,1.05642584,0.08708249,0.00340780,0.01462388,0.75847422,0.52738389,0.36765923
-4.77538769,1.07270632,0.08906883,0.00332343,0.01372168,0.77644625,0.54466905,0.37933557
-4.76938469,1.09191568,0.09158025,0.00324967,0.01283160,0.79629225,0.56376088,0.39263679
-4.76338169,1.11444399,0.09464664,0.00318913,0.01196355,0.81824396,0.58483319,0.40767541
-4.75737869,1.14064463,0.09829362,0.00314415,0.01112651,0.84250911,0.60804638,0.42454173
-4.75137569,1.17082313,0.10254180,0.00311687,0.01032846,0.86926350,0.63354183,0.44330002
-4.74537269,1.20522723,0.10740630,0.00310913,0.00957619,0.89864375,0.66143658,0.46398533
-4.73936968,1.24403844,0.11289638,0.00312243,0.00887527,0.93074078,0.69181869,0.48660091
-4.73336668,1.28736531,0.11901527,0.00315800,0.00823002,0.96559440,0.72474309,0.51111640
-4.72736368,1.33523853,0.12576023,0.00321669,0.00764348,1.00318909,0.76022837,0.53746675
-4.72136068,1.38760817,0.13312262,0.00329906,0.00711753,1.04345120,0.79825436,0.56555203
-4.71535768,1.44434290,0.14108829,0.00340534,0.00665294,1.08624771,0.83876072,0.59523804
-4.70935468,1.50523148,0.14963796,0.00353550,0.00624949,1.13138657,0.88164650,0.62635782
-4.70335168,1.56998621,0.15874769,0.00368920,0.00590607,1.17861873,0.92677079,0.65871403
-4.69734867,1.63824849,0.16838952,0.00386591,0.00562089,1.22764180,0.97395435,0.69208203
-4.69134567,1.70959600,0.17853199,0.00406487,0.00539156,1.27810534,1.02298215,0.72621384
-4.68534267,1.78355160,0.18914080,0.00428517,0.00521525,1.32961750,1.07360685,0.76084264
-4.67933967,1.85959324,0.20017928,0.00452575,0.00508884,1.38175298,1.12555291,0.79568781
-4.67333667,1.93716491,0.21160887,0.00478549,0.00500904,1.43406195,1.17852139,0.83046041
-4.66733367,2.01568783,0.22338945,0.00506317,0.00497247,1.48607967,1.23219500,0.86486880
-4.66133067,2.09457170,0.23547952,0.00535754,0.00497576,1.53733652,1.28624341,0.89862434
-4.65532766,2.17322557,0.24783618,0.00566733,0.00501561,1.58736802,1.34032855,0.93144694
-4.64932466,2.25106770,0.26041489,0.00599125,0.00508880,1.63572461,1.39410959,0.96307028
-4.64332166,2.32753428,0.27316910,0.00632797,0.00519226,1.68198067,1.44724765,0.99324647
-4.63731866,2.40208664,0.28604960,0.00667617,0.00532303,1.72574265,1.49940975,1.02175015
-4.63131566,2.47421665,0.29900376,0.00703445,0.00547822,1.76665596,1.55027223,1.04838165
-4.62531266,2.54345031,0.31197459,0.00740135,0.00565504,1.80441033,1.59952330,1.07296936
-4.61930965,2.60934957,0.32489980,0.00777528,0.00585071,1.83874364,1.64686486,1.09537111
-4.61330665,2.67151234,0.33771089,0.00815452,0.00606241,1.86944410,1.69201353,1.11547456
-4.60730365,2.72957121,0.35033229,0.00853713,0.00628729,1.89635071,1.73470106,1.13319678
-4.60130065,2.78319099,0.36268076,0.00892094,0.00652239,1.91935229,1.77467426,1.14848286
-4.59529765,2.83206570,0.37466520,0.00930354,0.00676460,1.93838504,1.81169465,1.16130399
-4.58929465,2.87591536,0.38618671,0.00968219,0.00701070,1.95342910,1.84553806,1.17165489
-4.58329165,2.91448323,0.39713933,0.01005387,0.00725730,1.96450423,1.87599440,1.17955106
-4.57728864,2.94753390,0.40741125,0.01041527,0.00750090,1.97166503,1.90286790,1.18502581
-4.57128564,2.97485266,0.41688665,0.01076281,0.00773791,1.97499615,1.92597804,1.18812747
-4.56528264,2.99624658,0.42544813,0.01109270,0.00796470,1.97460754,1.94516125,1.18891688
-4.55927964,3.01154736,0.43297968,0.01140102,0.00817767,1.97063033,1.96027359,1.18746531
-4.55327664,3.02061608,0.43937009,0.01168379,0.00837334,1.96321341,1.97119432,1.18385300
-4.54727364,3.02334963,0.44451669,0.01193709,0.00854842,1.95252093,1.97783040,1.17816831
-4.54127064,3.01968860,0.44832925,0.01215719,0.00869990,1.93873075,1.98012157,1.17050743
-4.53526763,3.00962602,0.45073383,0.01234068,0.00882518,1.92203377,1.97804600,1.16097482
-4.52926463,2.99321646,0.45167636,0.01248459,0.00892211,1.90263417,1.97162582,1.14968392
-4.52326163,2.97058462,0.45112579,0.01258655,0.00898908,1.88075017,1.96093247,1.13675828
-4.51725863,2.94193288,0.44907656,0.01264485,0.00902509,1.85661511,1.94609118,1.12233270
-4.51125563,2.90754679,0.44555020,0.01265860,0.00902976,1.83047858,1.92728427,1.10655426
-4.50525263,2.86779807,0.44059604,0.01262773,0.00900340,1.80260722,1.90475282,1.08958301
-4.49924962,2.82314444,0.43429072,0.01255309,0.00894695,1.77328489,1.87879642,1.07159216
-4.49324662,2.77412604,0.42673674,0.01243641,0.00886200,1.74281194,1.84977078,1.05276745
-4.48724362,2.72135809,0.41805986,0.01228028,0.00875068,1.71150344,1.81808304,1.03330591
-4.48124062,2.66552020,0.40840560,0.01208810,0.00861564,1.67968629,1.78418488,1.01341361
-4.47523762,2.60734238,0.39793485,0.01186393,0.00845997,1.64769508,1.74856362,0.99330281
-4.46923462,2.54758851,0.38681895,0.01161242,0.00828702,1.61586708,1.71173166,0.97318828
-4.46323162,2.48703793,0.37523438,0.01133862,0.00810039,1.58453636,1.67421461,0.95328317
-4.45722861,2.42646613,0.36335726,0.01104783,0.00790374,1.55402743,1.63653879,0.93379468
-4.45122561,2.36662539,0.35135816,0.01074541,0.00770072,1.52464887,1.59921859,0.91491955
-4.44522261,2.30822657,0.33939718,0.01043663,0.00749487,1.49668709,1.56274438,0.89683993
-4.43921961,2.25192269,0.32761974,0.01012653,0.00728951,1.47040093,1.52757153,0.87971966
-4.43321661,2.19829536,0.31615320,0.00981973,0.00708768,1.44601713,1.49411099,0.86370128
-4.42721361,2.14784448,0.30510439,0.00952035,0.00689206,1.42372712,1.46272194,0.84890397
-4.42121061,2.10098162,0.29455825,0.00923191,0.00670497,1.40368521,1.43370665,0.83542239
-4.41520760,2.05802726,0.28457745,0.00895727,0.00652832,1.38600829,1.40730775,0.82332664
-4.40920460,2.01921167,0.27520304,0.00869860,0.00636363,1.37077679,1.38370781,0.81266308
-4.40320160,1.98467904,0.26645597,0.00845739,0.00621203,1.35803700,1.36303101,0.80345601
-4.39719860,1.95449441,0.25833941,0.00823447,0.00607426,1.34780412,1.34534665,0.79571006
-4.39119560,1.92865246,0.25084152,0.00803005,0.00595078,1.34006598,1.33067392,0.78941290
-4.38519260,1.90708758,0.24393869,0.00784382,0.00584173,1.33478682,1.31898762,0.78453817
-4.37918959,1.88968420,0.23759883,0.00767501,0.00574703,1.33191094,1.31022423,0.78104832
-4.37318659,1.87628676,0.23178469,0.00752248,0.00566638,1.33136568,1.30428784,0.77889712
-4.36718359,1.86670861,0.22645684,0.00738481,0.00559934,1.33306365,1.30105565,0.77803166
-4.36118059,1.86073932,0.22157633,0.00726042,0.00554533,1.33690390,1.30038264,0.77839377
-4.35517759,1.85815029,0.21710689,0.00714759,0.00550367,1.34277215,1.30210527,0.77992074
-4.34917459,1.85869833,0.21301644,0.00704458,0.00547358,1.35054003,1.30604416,0.78254543
-4.34317159,1.86212760,0.20927815,0.00694968,0.00545421,1.36006362,1.31200592,0.78619582
-4.33716858,1.86817012,0.20587088,0.00686126,0.00544465,1.37118157,1.31978411,0.79079417
-4.33116558,1.87654531,0.20277907,0.00677781,0.00544391,1.38371320,1.32915986,0.79625601
-4.32516258,1.88695906,0.19999227,0.00669796,0.00545090,1.39745697,1.33990234,0.80248919
-4.31915958,1.89910307,0.19750425,0.00662051,0.00546451,1.41218974,1.35176935,0.80939316
-4.31315658,1.91265477,0.19531201,0.00654442,0.00548351,1.42766710,1.36450852,0.81685871
-4.30715358,1.92727837,0.19341450,0.00646887,0.00550662,1.44362513,1.37785921,0.82476832
-4.30115058,1.94262733,0.19181148,0.00639318,0.00553252,1.45978362,1.39155529,0.83299718
-4.29514757,1.95834825,0.19050231,0.00631689,0.00555983,1.47585078,1.40532881,0.84141495
-4.28914457,1.97408628,0.18948499,0.00623968,0.00558717,1.49152931,1.41891456,0.84988802
-4.28314157,1.98949160,0.18875523,0.00616144,0.00561319,1.50652348,1.43205515,0.85828242
-4.27713857,2.00422669,0.18830582,0.00608219,0.00563655,1.52054678,1.44450642,0.86646681
-4.27113557,2.01797379,0.18812611,0.00600211,0.00565605,1.53332980,1.45604281,0.87431566
-4.26513257,2.03044190,0.18820176,0.00592150,0.00567058,1.54462751,1.46646212,0.88171206
-4.25912956,2.04137290,0.18851450,0.00584077,0.00567919,1.55422573,1.47558954,0.88855010
-4.25312656,2.05054597,0.18904219,0.00576045,0.00568113,1.56194598,1.48328031,0.89473647
-4.24712356,2.05778009,0.18975884,0.00568107,0.00567585,1.56764861,1.48942097,0.90019119
-4.24112056,2.06293434,0.19063479,0.00560326,0.00566301,1.57123370,1.49392895,0.90484736
-4.23511756,2.06590576,0.19163690,0.00552758,0.00564252,1.57263986,1.49675053,0.90864983
-4.22911456,2.06662508,0.19272890,0.00545461,0.00561447,1.57184087,1.49785737,0.91155311
-4.22311156,2.06505065,0.19387174,0.00538481,0.00557918,1.56884049,1.49724176,0.91351840
-4.21710855,2.06116102,0.19502404,0.00531856,0.00553712,1.56366584,1.49491120,0.91451032
-4.21110555,2.05494684,0.19614268,0.00525611,0.00548889,1.55635990,1.49088257,0.91449340
-4.20510255,2.04640295,0.19718357,0.00519753,0.00543520,1.54697374,1.48517660,0.91342879
-4.19909955,2.03552129,0.19810248,0.00514274,0.00537680,1.53555919,1.47781308,0.91127165
-4.19309655,2.02228545,0.19885616,0.00509147,0.00531444,1.52216242,1.46880720,0.90796926
-4.18709355,2.00666734,0.19940356,0.00504328,0.00524887,1.50681923,1.45816766,0.90346042
-4.18109055,1.98862655,0.19970720,0.00499760,0.00518074,1.48955221,1.44589639,0.89767615
-4.17508754,1.96811247,0.19973474,0.00495368,0.00511062,1.47037025,1.43199034,0.89054178
-4.16908454,1.94506928,0.19946048,0.00491071,0.00503899,1.44927029,1.41644494,0.88198037
-4.16308154,1.91944339,0.19886699,0.00486780,0.00496622,1.42624139,1.39925921,0.87191746
-4.15707854,1.89119292,0.19794651,0.00482409,0.00489256,1.40127060,1.38044190,0.86028666
-4.15107554,1.86029854,0.19670229,0.00477871,0.00481820,1.37435044,1.36001828,0.84703590
-4.14507254,1.82677482,0.19514954,0.00473091,0.00474326,1.34548710,1.33803695,0.83213383
-4.13906953,1.79068115,0.19331609,0.00468009,0.00466785,1.31470902,1.31457597,0.81557604
-4.13306653,1.75213151,0.19124253,0.00462580,0.00459209,1.28207492,1.28974788,0.79739052
-4.12706353,1.71130205,0.18898194,0.00456782,0.00451615,1.24768076,1.26370293,0.77764200
-4.12106053,1.66843595,0.18659903,0.00450618,0.00444031,1.21166506,1.23663032,0.75643490
-4.11505753,1.62384505,0.18416871,0.00444113,0.00436498,1.17421210,1.20875701,0.73391452
-4.10905453,1.57790791,0.18177428,0.00437322,0.00429072,1.13555272,1.18034432,0.71026634
-4.10305153,1.53106429,0.17950502,0.00430319,0.00421824,1.09596256,1.15168215,0.68571348
-4.09704852,1.48380625,0.17745349,0.00423205,0.00414848,1.05575792,1.12308139,0.66051231
-4.09104552,1.43666637,0.17571251,0.00416097,0.00408252,1.01528926,1.09486480,0.63494640
-4.08504252,1.39020344,0.17437205,0.00409126,0.00402161,0.97493294,1.06735687,0.60931918
-4.07903952,1.34498669,0.17351599,0.00402436,0.00396711,0.93508140,1.04087345,0.58394556
-4.07303652,1.30157908,0.17321907,0.00396174,0.00392048,0.89613255,1.01571156,0.55914299
-4.06703352,1.26052054,0.17354398,0.00390487,0.00388322,0.85847883,0.99214010,0.53522230
-4.06103052,1.22231209,0.17453883,0.00385514,0.00385678,0.82249643,0.97039189,0.51247882
-4.05502751,1.18740129,0.17623505,0.00381384,0.00384254,0.78853529,0.95065746,0.49118405
-4.04902451,1.15616986,0.17864578,0.00378209,0.00384173,0.75691027,0.93308084,0.47157834
-4.04302151,1.12892362,0.18176481,0.00376079,0.00385535,0.72789372,0.91775748,0.45386465
-4.03701851,1.10588527,0.18556614,0.00375062,0.00388412,0.70170976,0.90473412,0.43820379
-4.03101551,1.08718997,0.19000420,0.00375194,0.00392844,0.67853032,0.89401074,0.42471103
-4.02501251,1.07288375,0.19501456,0.00376485,0.00398830,0.65847290,0.88554392,0.41345426
-4.01900950,1.06292459,0.20051536,0.00378913,0.00406331,0.64160004,0.87925155,0.40445366
-4.01300650,1.05718589,0.20640917,0.00382423,0.00415262,0.62792028,0.87501836,0.39768267
-4.00700350,1.05546215,0.21258542,0.00386935,0.00425496,0.61739031,0.87270190,0.39307022
-4.00100050,1.05747630,0.21892320,0.00392337,0.00436861,0.60991833,0.87213850,0.39050416
-3.99499750,1.06288867,0.22529444,0.00398496,0.00449147,0.60536816,0.87314910,0.38983545
-3.98899450,1.07130690,0.23156731,0.00405254,0.00462107,0.60356398,0.87554438,0.39088322
-3.98299150,1.08229682,0.23760984,0.00412443,0.00475465,0.60429560,0.87912941,0.39344036
-3.97698849,1.09539385,0.24329359,0.00419878,0.00488921,0.60732404,0.88370743,0.39727948
-3.97098549,1.11011469,0.24849726,0.00427376,0.00502164,0.61238728,0.88908299,0.40215922
-3.96498249,1.12596927,0.25311021,0.00434750,0.00514877,0.61920632,0.89506444,0.40783057
-3.95897949,1.14247246,0.25703569,0.00441825,0.00526747,0.62749124,0.90146592,0.41404323
-3.95297649,1.15915571,0.26019375,0.00448438,0.00537481,0.63694740,0.90810907,0.42055186
-3.94697349,1.17557810,0.26252365,0.00454447,0.00546809,0.64728172,0.91482458,0.42712201
-3.94097049,1.19133678,0.26398581,0.00459735,0.00554498,0.65820889,0.92145370,0.43353565
-3.93496748,1.20607651,0.26456300,0.00464213,0.00560359,0.66945753,0.92784984,0.43959631
-3.92896448,1.21949801,0.26426095,0.00467827,0.00564256,0.68077612,0.93388038,0.44513343
-3.92296148,1.23136492,0.26310818,0.00470556,0.00566110,0.69193856,0.93942856,0.45000612
-3.91695848,1.24150904,0.26115512,0.00472415,0.00565904,0.70274924,0.94439542,0.45410597
-3.91095548,1.24983361,0.25847240,0.00473454,0.00563684,0.71304735,0.94870175,0.45735889
-3.90495248,1.25631450,0.25514860,0.00473754,0.00559560,0.72271021,0.95228975,0.45972596
-3.89894947,1.26099904,0.25128724,0.00473429,0.00553700,0.73165559,0.95512442,0.46120317
-3.89294647,1.26400248,0.24700334,0.00472612,0.00546333,0.73984264,0.95719426,0.46181999
-3.88694347,1.26550213,0.24241957,0.00471458,0.00537733,0.74727145,0.95851136,0.46163691
-3.88094047,1.26572930,0.23766213,0.00470135,0.00528218,0.75398111,0.95911066,0.46074184
-3.87493747,1.26495912,0.23285659,0.00468815,0.00518138,0.76004637,0.95904829,0.45924567
-3.86893447,1.26349893,0.22812381,0.00467668,0.00507864,0.76557281,0.95839909,0.45727694
-3.86293147,1.26167528,0.22357603,0.00466857,0.00497777,0.77069087,0.95725337,0.45497598
-3.85692846,1.25982037,0.21931350,0.00466529,0.00488257,0.77554880,0.95571290,0.45248862
-3.85092546,1.25825828,0.21542156,0.00466810,0.00479673,0.78030496,0.95388665,0.44995979
-3.84492246,1.25729174,0.21196835,0.00467801,0.00472369,0.78511971,0.95188609,0.44752722
-3.83891946,1.25718986,0.20900335,0.00469574,0.00466657,0.79014732,0.94982074,0.44531553
-3.83291646,1.25817746,0.20655662,0.00472168,0.00462805,0.79552814,0.94779382,0.44343094
-3.82691346,1.26042636,0.20463885,0.00475592,0.00461034,0.80138160,0.94589858,0.44195685
-3.82091046,1.26404901,0.20324218,0.00479822,0.00461509,0.80780015,0.94421522,0.44095041
-3.81490745,1.26909470,0.20234173,0.00484804,0.00464333,0.81484443,0.94280875,0.44044026
-3.80890445,1.27554828,0.20189763,0.00490455,0.00469549,0.82253993,0.94172760,0.44042550
-3.80290145,1.28333161,0.20185767,0.00496671,0.00477135,0.83087519,0.94100331,0.44087596
-3.79689845,1.29230718,0.20216014,0.00503327,0.00487005,0.83980149,0.94065084,0.44173360
-3.79089545,1.30228396,0.20273693,0.00510284,0.00499014,0.84923407,0.94066964,0.44291508
-3.78489245,1.31302480,0.20351663,0.00517395,0.00512957,0.85905463,0.94104514,0.44431532
-3.77888944,1.32425506,0.20442747,0.00524507,0.00528578,0.86911502,0.94175054,0.44581177
-3.77288644,1.33567202,0.20540005,0.00531467,0.00545572,0.87924173,0.94274852,0.44726932
-3.76688344,1.34695446,0.20636965,0.00538128,0.00563597,0.88924107,0.94399284,0.44854549
-3.76088044,1.35777209,0.20727813,0.00544350,0.00582277,0.89890459,0.94542960,0.44949576
-3.75487744,1.36779438,0.20807532,0.00550002,0.00601214,0.90801469,0.94699793,0.44997871
-3.74887444,1.37669854,0.20871984,0.00554967,0.00619995,0.91635001,0.94863023,0.44986090
-3.74287144,1.38417649,0.20917950,0.00559140,0.00638205,0.92369051,0.95025196,0.44902116
-3.73686843,1.38994066,0.20943118,0.00562429,0.00655432,0.92982212,0.95178089,0.44735436
-3.73086543,1.39372867,0.20946039,0.00564756,0.00671284,0.93454087,0.95312632,0.44477430
-3.72486243,1.39530698,0.20926047,0.00566056,0.00685390,0.93765646,0.95418813,0.44121591
-3.71885943,1.39447372,0.20883165,0.00566271,0.00697417,0.93899537,0.95485622,0.43663668
-3.71285643,1.39106084,0.20818006,0.00565358,0.00707076,0.93840344,0.95501032,0.43101726
-3.70685343,1.38493576,0.20731671,0.00563280,0.00714129,0.93574818,0.95452068,0.42436145
-3.70085043,1.37600291,0.20625661,0.00560007,0.00718398,0.93092072,0.95324961,0.41669549
-3.69484742,1.36420500,0.20501811,0.00555519,0.00719769,0.92383760,0.95105414,0.40806696
-3.68884442,1.34952452,0.20362241,0.00549799,0.00718200,0.91444236,0.94778976,0.39854313
-3.68284142,1.33198514,0.20209343,0.00542840,0.00713718,0.90270711,0.94331528,0.38820913
-3.67683842,1.31165314,0.20045776,0.00534640,0.00706427,0.88863388,0.93749855,0.37716582
-3.67083542,1.28863877,0.19874499,0.00525208,0.00696500,0.87225577,0.93022285,0.36552753
-3.66483242,1.26309720,0.19698804,0.00514561,0.00684184,0.85363795,0.92139360,0.35341970
-3.65882941,1.23522896,0.19522361,0.00502726,0.00669790,0.83287815,0.91094501,0.34097644
-3.65282641,1.20527946,0.19349254,0.00489744,0.00653691,0.81010672,0.89884618,0.32833811
-3.64682341,1.17353745,0.19184004,0.00475669,0.00636310,0.78548600,0.88510619,0.31564875
-3.64082041,1.14033202,0.19031564,0.00460571,0.00618116,0.75920896,0.86977786,0.30305353
-3.63481741,1.10602809,0.18897283,0.00444533,0.00599608,0.73149696,0.85295965,0.29069614
-3.62881441,1.07102017,0.18786819,0.00427655,0.00581308,0.70259658,0.83479554,0.27871606
-3.62281141,1.03572446,0.18706022,0.00410052,0.00563746,0.67277553,0.81547268,0.26724588
-3.61680840,1.00056938,0.18660752,0.00391852,0.00547445,0.64231772,0.79521681,0.25640849
-3.61080540,0.96598472,0.18656671,0.00373195,0.00532912,0.61151752,0.77428539,0.24631433
-3.60480240,0.93238985,0.18698991,0.00354232,0.00520622,0.58067348,0.75295901,0.23705870
-3.59879940,0.90018136,0.18792194,0.00335120,0.00511004,0.55008162,0.73153110,0.22871929
-3.59279640,0.86972073,0.18939751,0.00316019,0.00504428,0.52002870,0.71029671,0.22135384
-3.58679340,0.84132261,0.19143836,0.00297092,0.00501196,0.49078566,0.68954073,0.21499831
-3.58079040,0.81524435,0.19405067,0.00278496,0.00501531,0.46260146,0.66952640,0.20966546
-3.57478739,0.79167723,0.19722294,0.00260383,0.00505566,0.43569788,0.65048445,0.20534401
-3.56878439,0.77074022,0.20092432,0.00242897,0.00513340,0.41026513,0.63260381,0.20199858
-3.56278139,0.75247635,0.20510379,0.00226168,0.00524791,0.38645895,0.61602413,0.19957029
-3.55677839,0.73685226,0.20969017,0.00210313,0.00539758,0.36439886,0.60083076,0.19797828
-3.55077539,0.72376100,0.21459305,0.00195433,0.00557978,0.34416808,0.58705233,0.19712195
-3.54477239,0.71302798,0.21970466,0.00181613,0.00579094,0.32581481,0.57466125,0.19688407
-3.53876938,0.70441995,0.22490271,0.00168923,0.00602658,0.30935483,0.56357691,0.19713455
-3.53276638,0.69765668,0.23005410,0.00157414,0.00628142,0.29477543,0.55367160,0.19773481
-3.52676338,0.69242465,0.23501930,0.00147127,0.00654954,0.28204020,0.54477863,0.19854254
-3.52076038,0.68839225,0.23965727,0.00138084,0.00682450,0.27109447,0.53670241,0.19941679
-3.51475738,0.68522566,0.24383080,0.00130300,0.00709952,0.26187118,0.52922965,0.20022293
-3.50875438,0.68260463,0.24741179,0.00123778,0.00736770,0.25429659,0.52214134,0.20083759
-3.50275138,0.68023733,0.25028647,0.00118514,0.00762220,0.24829575,0.51522463,0.20115303
-3.49674837,0.67787354,0.25236013,0.00114497,0.00785647,0.24379719,0.50828406,0.20108096
-3.49074537,0.67531551,0.25356126,0.00111712,0.00806445,0.24073663,0.50115155,0.20055559
-3.48474237,0.67242596,0.25384479,0.00110138,0.00824078,0.23905961,0.49369462,0.19953569
-3.47873937,0.66913279,0.25319431,0.00109751,0.00838099,0.23872263,0.48582249,0.19800567
-3.47273637,0.66543037,0.25162325,0.00110526,0.00848165,0.23969306,0.47748969,0.19597558
-3.46673337,0.66137733,0.24917479,0.00112429,0.00854048,0.24194760,0.46869730,0.19348010
-3.46073037,0.65709114,0.24592072,0.00115424,0.00855647,0.24546962,0.45949156,0.19057653
-3.45472736,0.65273975,0.24195912,0.00119468,0.00852993,0.25024533,0.44996029,0.18734191
-3.44872436,0.64853081,0.23741110,0.00124510,0.00846247,0.25625938,0.44022724,0.18386947
-3.44272136,0.64469913,0.23241674,0.00130490,0.00835695,0.26348989,0.43044493,0.18026456
-3.43671836,0.64149313,0.22713039,0.00137338,0.00821745,0.27190347,0.42078625,0.17664023
-3.43071536,0.63916089,0.22171548,0.00144971,0.00804905,0.28145047,0.41143546,0.17311272
-3.42471236,0.63793661,0.21633924,0.00153298,0.00785775,0.29206092,0.40257916,0.16979702
-3.41870935,0.63802821,0.21116736,0.00162213,0.00765020,0.30364134,0.39439749,0.16680273
-3.41270635,0.63960650,0.20635885,0.00171600,0.00743352,0.31607281,0.38705625,0.16423032
-3.40670335,0.64279658,0.20206130,0.00181336,0.00721502,0.32921032,0.38070006,0.16216797
-3.40070035,0.64767160,0.19840666,0.00191288,0.00700197,0.34288375,0.37544706,0.16068897
-3.39469735,0.65424925,0.19550768,0.00201320,0.00680134,0.35690019,0.37138510,0.15984992
-3.38869435,0.66249084,0.19345505,0.00211292,0.00661957,0.37104779,0.36856960,0.15968954
-3.38269135,0.67230294,0.19231529,0.00221070,0.00646231,0.38510089,0.36702306,0.16022814
-3.37668834,0.68354138,0.19212942,0.00230523,0.00633428,0.39882606,0.36673596,0.16146778
-3.37068534,0.69601711,0.19291243,0.00239530,0.00623907,0.41198899,0.36766901,0.16339292
-3.36468234,0.70950366,0.19465343,0.00247982,0.00617903,0.42436174,0.36975641,0.16597154
-3.35867934,0.72374564,0.19731653,0.00255788,0.00615520,0.43572996,0.37290980,0.16915666
-3.35267634,0.73846785,0.20084223,0.00262873,0.00616729,0.44589983,0.37702269,0.17288808
-3.34667334,0.75338448,0.20514950,0.00269181,0.00621366,0.45470429,0.38197503,0.17709439
-3.34067034,0.76820801,0.21013820,0.00274678,0.00629145,0.46200827,0.38763761,0.18169497
-3.33466733,0.78265752,0.21569193,0.00279351,0.00639663,0.46771265,0.39387619,0.18660219
-3.32866433,0.79646596,0.22168124,0.00283204,0.00652421,0.47175688,0.40055501,0.19172343
-3.32266133,0.80938631,0.22796697,0.00286261,0.00666836,0.47412003,0.40753975,0.19696320
-3.31665833,0.82119659,0.23440385,0.00288558,0.00682271,0.47482028,0.41469973,0.20222508
-3.31065533,0.83170340,0.24084413,0.00290146,0.00698052,0.47391308,0.42190952,0.20741360
-3.30465233,0.84074448,0.24714119,0.00291082,0.00713493,0.47148793,0.42904979,0.21243601
-3.29864932,0.84818994,0.25315313,0.00291429,0.00727927,0.46766407,0.43600781,0.21720395
-3.29264632,0.85394274,0.25874617,0.00291252,0.00740719,0.46258540,0.44267744,0.22163497
-3.28664332,0.85793832,0.26379787,0.00290613,0.00751300,0.45641490,0.44895895,0.22565393
-3.28064032,0.86014369,0.26819996,0.00289569,0.00759177,0.44932874,0.45475884,0.22919429
-3.27463732,0.86055625,0.27186095,0.00288171,0.00763956,0.44151060,0.45998963,0.23219929
-3.26863432,0.85920239,0.27470821,0.00286462,0.00765349,0.43314626,0.46457005,0.23462290
-3.26263132,0.85613607,0.27668963,0.00284474,0.00763187,0.42441880,0.46842536,0.23643075
-3.25662831,0.85143750,0.27777474,0.00282233,0.00757421,0.41550457,0.47148827,0.23760076
-3.25062531,0.84521192,0.27795537,0.00279757,0.00748123,0.40656996,0.47370010,0.23812369
-3.24462231,0.83758846,0.27724567,0.00277057,0.00735481,0.39776908,0.47501238,0.23800345
-3.23861931,0.82871908,0.27568165,0.00274143,0.00719786,0.38924228,0.47538867,0.23725721
-3.23261631,0.81877745,0.27332018,0.00271023,0.00701429,0.38111543,0.47480660,0.23591527
-3.22661331,0.80795759,0.27023744,0.00267707,0.00680874,0.37349971,0.47325980,0.23402070
-3.22061031,0.79647218,0.26652700,0.00264213,0.00658652,0.36649193,0.47075970,0.23162873
-3.21460730,0.78455039,0.26229733,0.00260566,0.00635335,0.36017496,0.46733692,0.22880585
-3.20860430,0.77243495,0.25766910,0.00256802,0.00611516,0.35461827,0.46304206,0.22562863
-3.20260130,0.76037859,0.25277210,0.00252970,0.00587798,0.34987822,0.45794575,0.22218230
-3.19659830,0.74863947,0.24774189,0.00249134,0.00564765,0.34599815,0.45213794,0.21855905
-3.19059530,0.73747594,0.24271639,0.00245369,0.00542973,0.34300799,0.44572610,0.21485601
-3.18459230,0.72714033,0.23783232,0.00241766,0.00522930,0.34092353,0.43883262,0.21117312
-3.17858929,0.71787223,0.23322166,0.00238429,0.00505086,0.33974529,0.43159122,0.20761070
-3.17258629,0.70989130,0.22900825,0.00235467,0.00489822,0.33945709,0.42414267,0.20426694
-3.16658329,0.70338979,0.22530447,0.00233001,0.00477441,0.34002455,0.41662979,0.20123529
-3.16058029,0.69852536,0.22220831,0.00231149,0.00468166,0.34139352,0.40919221,0.19860183
-3.15457729,0.69541433,0.21980072,0.00230030,0.00462135,0.34348895,0.40196095,0.19644273
-3.14857429,0.69412578,0.21814341,0.00229756,0.00459405,0.34621413,0.39505314,0.19482187
-3.14257129,0.69467690,0.21727717,0.00230426,0.00459952,0.34945067,0.38856735,0.19378869
-3.13656828,0.69702997,0.21722079,0.00232123,0.00463680,0.35305938,0.38257956,0.19337642
-3.13056528,0.70109101,0.21797059,0.00234909,0.00470425,0.35688220,0.37714014,0.19360067
-3.12456228,0.70671062,0.21950058,0.00238820,0.00479963,0.36074507,0.37227214,0.19445860
-3.11855928,0.71368679,0.22176339,0.00243865,0.00492023,0.36446206,0.36797075,0.19592862
-3.11255628,0.72176993,0.22469172,0.00250022,0.00506296,0.36784028,0.36420422,0.19797063
-3.10655328,0.73066986,0.22820060,0.00257236,0.00522445,0.37068580,0.36091618,0.20052698
-3.10055028,0.74006457,0.23219004,0.00265419,0.00540118,0.37281001,0.35802908,0.20352398
-3.09454727,0.74961050,0.23654832,0.00274453,0.00558955,0.37403643,0.35544886,0.20687400
-3.08854427,0.75895391,0.24115559,0.00284187,0.00578603,0.37420745,0.35307032,0.21047814
-3.08254127,0.76774292,0.24588779,0.00294446,0.00598722,0.37319073,0.35078312,0.21422930
-3.07653827,0.77563969,0.25062063,0.00305030,0.00618992,0.37088510,0.34847800,0.21801564
-3.07053527,0.78233232,0.25523368,0.00315723,0.00639123,0.36722532,0.34605290,0.22172424
-3.06453227,0.78754590,0.25961420,0.00326296,0.00658855,0.36218582,0.34341865,0.22524494
-3.05852926,0.79105239,0.26366077,0.00336515,0.00677965,0.35578298,0.34050402,0.22847404
-3.05252626,0.79267879,0.26728645,0.00346148,0.00696266,0.34807588,0.33725972,0.23131795
-3.04652326,0.79231340,0.27042141,0.00354973,0.00713609,0.33916558,0.33366136,0.23369639
-3.04052026,0.78990990,0.27301496,0.00362779,0.00729878,0.32919279,0.32971107,0.23554533
-3.03451726,0.78548905,0.27503682,0.00369381,0.00744986,0.31833417,0.32543782,0.23681922
-3.02851426,0.77913808,0.27647771,0.00374620,0.00758873,0.30679738,0.32089643,0.23749268
-3.02251126,0.77100775,0.27734913,0.00378370,0.00771499,0.29481503,0.31616535,0.23756140
-3.01650825,0.76130717,0.27768239,0.00380539,0.00782837,0.28263793,0.31134334,0.23704240
-3.01050525,0.75029671,0.27752697,0.00381075,0.00792864,0.27052772,0.30654531,0.23597338
-3.00450225,0.73827920,0.27694825,0.00379966,0.00801561,0.25874938,0.30189736,0.23441140
-2.99849925,0.72558975,0.27602461,0.00377238,0.00808900,0.24756366,0.29753159,0.23243082
-2.99249625,0.71258460,0.27484424,0.00372957,0.00814845,0.23721991,0.29358057,0.23012061
-2.98649325,0.69962946,0.27350153,0.00367219,0.00819345,0.22794933,0.29017207,0.22758109
-2.98049025,0.68708757,0.27209337,0.00360156,0.00822334,0.21995898,0.28742397,0.22492029
-2.97448724,0.67530804,0.27071539,0.00351922,0.00823730,0.21342665,0.28543989,0.22224993
-2.96848424,0.66461486,0.26945830,0.00342691,0.00823438,0.20849662,0.28430540,0.21968138
-2.96248124,0.65529680,0.26840449,0.00332652,0.00821356,0.20527659,0.28408518,0.21732152
-2.95647824,0.64759865,0.26762499,0.00322002,0.00817373,0.20383557,0.28482114,0.21526881
-2.95047524,0.64171402,0.26717684,0.00310936,0.00811385,0.20420295,0.28653146,0.21360966
-2.94447224,0.63777989,0.26710102,0.00299649,0.00803296,0.20636860,0.28921076,0.21241526
-2.93846923,0.63587312,0.26742100,0.00288324,0.00793027,0.21028404,0.29283110,0.21173893
-2.93246623,0.63600890,0.26814186,0.00277130,0.00780528,0.21586456,0.29734397,0.21161413
-2.92646323,0.63814130,0.26925010,0.00266218,0.00765779,0.22299225,0.30268297,0.21205323
-2.92046023,0.64216577,0.27071409,0.00255721,0.00748803,0.23151981,0.30876721,0.21304702
-2.91445723,0.64792346,0.27248514,0.00245749,0.00729663,0.24127507,0.31550514,0.21456499
-2.90845423,0.65520736,0.27449914,0.00236389,0.00708472,0.25206600,0.32279871,0.21655639
-2.90245123,0.66376978,0.27667875,0.00227705,0.00685390,0.26368620,0.33054774,0.21895204
-2.89644822,0.67333114,0.27893598,0.00219741,0.00660622,0.27592060,0.33865423,0.22166675
-2.89044522,0.68358962,0.28117526,0.00212521,0.00634416,0.28855126,0.34702657,0.22460230
-2.88444222,0.69423146,0.28329666,0.00206048,0.00607055,0.30136306,0.35558346,0.22765093
-2.87843922,0.70494138,0.28519935,0.00200313,0.00578852,0.31414922,0.36425738,0.23069907
-2.87243622,0.71541308,0.28678519,0.00195289,0.00550139,0.32671638,0.37299770,0.23363130
-2.86643322,0.72535919,0.28796218,0.00190941,0.00521257,0.33888913,0.38177315,0.23633439
-2.86043022,0.73452053,0.28864792,0.00187224,0.00492547,0.35051396,0.39057376,0.23870113
-2.85442721,0.74267449,0.28877270,0.00184087,0.00464341,0.36146240,0.39941221,0.24063404
-2.84842421,0.74964205,0.28828237,0.00181475,0.00436949,0.37163339,0.40832459,0.24204867
-2.84242121,0.75529354,0.28714078,0.00179330,0.00410656,0.38095483,0.41737061,0.24287645
-2.83641821,0.75955278,0.28533168,0.00177596,0.00385710,0.38938426,0.42663328,0.24306697
-2.83041521,0.76239972,0.28286015,0.00176217,0.00362324,0.39690880,0.43621804,0.24258969
-2.82441221,0.76387136,0.27975336,0.00175140,0.00340665,0.40354430,0.44625142,0.24143493
-2.81840920,0.76406110,0.27606073,0.00174316,0.00320862,0.40933384,0.45687921,0.23961421
-2.81240620,0.76311642,0.27185346,0.00173704,0.00303000,0.41434561,0.46826404,0.23715990
-2.80640320,0.76123515,0.26722333,0.00173267,0.00287126,0.41867033,0.48058251,0.23412426
-2.80040020,0.75866022,0.26228100,0.00172978,0.00273254,0.42241818,0.49402163,0.23057777
-2.79439720,0.75567314,0.25715358,0.00172817,0.00261368,0.42571542,0.50877457,0.22660702
-2.78839420,0.75258627,0.25198172,0.00172774,0.00251427,0.42870063,0.52503579,0.22231205
-2.78239120,0.74973411,0.24691622,0.00172849,0.00243374,0.43152075,0.54299527,0.21780336
-2.77638819,0.74746361,0.24211425,0.00173050,0.00237142,0.43432694,0.56283201,0.21319856
-2.77038519,0.74612395,0.23773521,0.00173395,0.00232655,0.43727011,0.58470677,0.20861887
-2.76438219,0.74605568,0.23393649,0.00173911,0.00229836,0.44049646,0.60875418,0.20418552
-2.75837919,0.74757978,0.23086905,0.00174632,0.00228610,0.44414287,0.63507425,0.20001619
-2.75237619,0.75098668,0.22867311,0.00175600,0.00228906,0.44833226,0.66372376,0.19622151
-2.74637319,0.75652563,0.22747398,0.00176860,0.00230659,0.45316905,0.69470769,0.19290184
-2.74037019,0.76439485,0.22737818,0.00178461,0.00233809,0.45873483,0.72797109,0.19014431
-2.73436718,0.77473263,0.22847002,0.00180451,0.00238301,0.46508437,0.76339198,0.18802033
-2.72836418,0.78760988,0.23080867,0.00182877,0.00244082,0.47224220,0.80077563,0.18658352
-2.72236118,0.80302444,0.23442591,0.00185783,0.00251102,0.48019984,0.83985084,0.18586819
-2.71635818,0.82089753,0.23932462,0.00189205,0.00259306,0.48891397,0.88026851,0.18588849
-2.71035518,0.84107247,0.24547801,0.00193170,0.00268636,0.49830572,0.92160317,0.18663808
-2.70435218,0.86331603,0.25282981,0.00197695,0.00279028,0.50826109,0.96335740,0.18809050
-2.69834917,0.88732247,0.26129525,0.00202786,0.00290408,0.51863277,1.00496967,0.19020017
-2.69234617,0.91272015,0.27076289,0.00208433,0.00302690,0.52924330,1.04582526,0.19290398
-2.68634317,0.93908075,0.28109724,0.00214615,0.00315780,0.53988957,1.08527023,0.19612339
-2.68034017,0.96593073,0.29214221,0.00221296,0.00329568,0.55034854,1.12262808,0.19976701
-2.67433717,0.99276476,0.30372501,0.00228430,0.00343938,0.56038406,1.15721844,0.20373359
-2.66833417,1.01906048,0.31566068,0.00235955,0.00358764,0.56975449,1.18837716,0.20791517
-2.66233117,1.04429419,0.32775686,0.00243803,0.00373911,0.57822083,1.21547695,0.21220051
-2.65632816,1.06795687,0.33981882,0.00251897,0.00389245,0.58555499,1.23794776,0.21647843
-2.65032516,1.08956966,0.35165441,0.00260153,0.00404629,0.59154793,1.25529584,0.22064114
-2.64432216,1.10869853,0.36307896,0.00268486,0.00419932,0.59601716,1.26712075,0.22458728
-2.63831916,1.12496725,0.37391980,0.00276809,0.00435029,0.59881337,1.27312949,0.22822481
-2.63231616,1.13806841,0.38402042,0.00285038,0.00449808,0.59982590,1.27314708,0.23147337
-2.62631316,1.14777196,0.39324405,0.00293093,0.00464173,0.59898666,1.26712313,0.23426636
-2.62031016,1.15393112,0.40147662,0.00300898,0.00478043,0.59627259,1.25513420,0.23655243
-2.61430715,1.15648550,0.40862911,0.00308388,0.00491361,0.59170642,1.23738174,0.23829665
-2.60830415,1.15546144,0.41463916,0.00315507,0.00504093,0.58535577,1.21418600,0.23948106
-2.60230115,1.15096976,0.41947201,0.00322206,0.00516229,0.57733077,1.18597607,0.24010492
-2.59629815,1.14320118,0.42312082,0.00328450,0.00527786,0.56778033,1.15327667,0.24018450
-2.59029515,1.13241973,0.42560630,0.00334216,0.00538805,0.55688731,1.11669242,0.23975247
-2.58429215,1.11895452,0.42697583,0.00339491,0.00549356,0.54486281,1.07689025,0.23885707
-2.57828914,1.10319035,0.42730210,0.00344274,0.00559533,0.53193998,1.03458079,0.23756095
-2.57228614,1.08555755,0.42668124,0.00348578,0.00569452,0.51836758,0.99049954,0.23593980
-2.56628314,1.06652141,0.42523058,0.00352424,0.00579253,0.50440347,0.94538850,0.23408074
-2.56028014,1.04657147,0.42308610,0.00355849,0.00589092,0.49030850,0.89997902,0.23208057
-2.55427714,1.02621110,0.42039949,0.00358899,0.00599141,0.47634066,0.85497628,0.23004380
-2.54827414,1.00594728,0.41733497,0.00361633,0.00609580,0.46274997,0.81104574,0.22808052
-2.54227114,0.98628095,0.41406579,0.00364119,0.00620597,0.44977381,0.76880203,0.22630411
-2.53626813,0.96769780,0.41077053,0.00366439,0.00632376,0.43763303,0.72880007,0.22482871
-2.53026513,0.95065953,0.40762911,0.00368685,0.00645094,0.42652865,0.69152864,0.22376656
-2.52426213,0.93559560,0.40481859,0.00370957,0.00658913,0.41663902,0.65740611,0.22322521
-2.51825913,0.92289547,0.40250886,0.00373369,0.00673970,0.40811760,0.62677820,0.22330450
-2.51225613,0.91290117,0.40085820,0.00376039,0.00690374,0.40109102,0.59991740,0.22409365
-2.50625313,0.90590042,0.40000885,0.00379095,0.00708191,0.39565754,0.57702386,0.22566815
-2.50025013,0.90212027,0.40008272,0.00382670,0.00727442,0.39188573,0.55822741,0.22808694
-2.49424712,0.90172142,0.40117732,0.00386900,0.00748097,0.38981341,0.54359037,0.23138970
-2.48824412,0.90479342,0.40336220,0.00391922,0.00770062,0.38944685,0.53311104,0.23559448
-2.48224112,0.91135096,0.40667586,0.00397872,0.00793185,0.39076028,0.52672762,0.24069589
-2.47623812,0.92133159,0.41112354,0.00404884,0.00817246,0.39369573,0.52432241,0.24666385
-2.47023512,0.93459497,0.41667584,0.00413080,0.00841963,0.39816334,0.52572628,0.25344301
-2.46423212,0.95092410,0.42326846,0.00422577,0.00866991,0.40404219,0.53072328,0.26095310
-2.45822911,0.97002851,0.43080306,0.00433474,0.00891933,0.41118181,0.53905549,0.26909007
-2.45222611,0.99154967,0.43914934,0.00445857,0.00916341,0.41940437,0.55042808,0.27772821
-2.44622311,1.01506858,0.44814834,0.00459790,0.00939737,0.42850761,0.56451454,0.28672307
-2.44022011,1.04011543,0.45761681,0.00475314,0.00961615,0.43826860,0.58096225,0.29591530
-2.43421711,1.06618114,0.46735273,0.00492448,0.00981467,0.44844821,0.59939821,0.30513509
-2.42821411,1.09273043,0.47714153,0.00511178,0.00998789,0.45879624,0.61943513,0.31420724
-2.42221111,1.11921607,0.48676300,0.00531463,0.01013105,0.46905710,0.64067759,0.32295647
-2.41620810,1.14509369,0.49599848,0.00553227,0.01023978,0.47897588,0.66272838,0.33121298
-2.41020510,1.16983666,0.50463814,0.00576363,0.01031030,0.48830464,0.68519489,0.33881775
-2.40420210,1.19295049,0.51248795,0.00600726,0.01033950,0.49680859,0.70769535,0.34562758
-2.39819910,1.21398609,0.51937604,0.00626138,0.01032509,0.50427211,0.72986484,0.35151957
-2.39219610,1.23255144,0.52515834,0.00652385,0.01026565,0.51050428,0.75136105,0.35639470
-2.38619310,1.24832126,0.52972296,0.00679220,0.01016070,0.51534367,0.77186939,0.36018065
-2.38019010,1.26104421,0.53299344,0.00706365,0.01001072,0.51866233,0.79110758,0.36283340
-2.37418709,1.27054749,0.53493058,0.00733515,0.00981708,0.52036880,0.80882946,0.36433790
-2.36818409,1.27673874,0.53553275,0.00760342,0.00958206,0.52040993,0.82482797,0.36470752
-2.36218109,1.27960519,0.53483488,0.00786501,0.00930871,0.51877159,0.83893717,0.36398255
-2.35617809,1.27921022,0.53290597,0.00811639,0.00900076,0.51547819,0.85103340,0.36222765
-2.35017509,1.27568769,0.52984549,0.00835399,0.00866250,0.51059109,0.86103529,0.35952868
-2.34417209,1.26923414,0.52577869,0.00857433,0.00829866,0.50420591,0.86890291,0.35598876
-2.33816908,1.26009948,0.52085107,0.00877408,0.00791421,0.49644891,0.87463584,0.35172402
-2.33216608,1.24857652,0.51522238,0.00895019,0.00751428,0.48747260,0.87827039,0.34685915
-2.32616308,1.23498972,0.50906026,0.00909994,0.00710399,0.47745074,0.87987591,0.34152291
-2.32016008,1.21968373,0.50253393,0.00922107,0.00668832,0.46657284,0.87955039,0.33584391
-2.31415708,1.20301211,0.49580805,0.00931183,0.00627203,0.45503852,0.87741547,0.32994673
-2.30815408,1.18532662,0.48903709,0.00937104,0.00585952,0.44305176,0.87361096,0.32394849
-2.30215108,1.16696732,0.48236043,0.00939817,0.00545482,0.43081540,0.86828907,0.31795618
-2.29614807,1.14825404,0.47589826,0.00939332,0.00506148,0.41852582,0.86160860,0.31206453
-2.29014507,1.12947906,0.46974844,0.00935729,0.00468259,0.40636828,0.85372924,0.30635463
-2.28414207,1.11090153,0.46398453,0.00929149,0.00432074,0.39451277,0.84480616,0.30089329
-2.27813907,1.09274346,0.45865480,0.00919796,0.00397801,0.38311061,0.83498518,0.29573303
-2.27213607,1.07518742,0.45378243,0.00907932,0.00365604,0.37229186,0.82439868,0.29091264
-2.26613307,1.05837585,0.44936664,0.00893863,0.00335602,0.36216357,0.81316231,0.28645829
-2.26013007,1.04241199,0.44538488,0.00877940,0.00307874,0.35280885,0.80137277,0.28238503
-2.25412706,1.02736206,0.44179567,0.00860543,0.00282465,0.34428670,0.78910670,0.27869855
-2.24812406,1.01325877,0.43854221,0.00842071,0.00259389,0.33663266,0.77642061,0.27539717
-2.24212106,1.00010561,0.43555636,0.00822936,0.00238635,0.32986004,0.76335193,0.27247376
-2.23611806,0.98788187,0.43276284,0.00803550,0.00220172,0.32396172,0.74992106,0.26991769
-2.23011506,0.97654794,0.43008352,0.00784314,0.00203953,0.31891232,0.73613427,0.26771657
-2.22411206,0.96605066,0.42744148,0.00765615,0.00189919,0.31467068,0.72198727,0.26585766
-2.21810905,0.95632838,0.42476475,0.00747809,0.00178002,0.31118241,0.70746924,0.26432901
-2.21210605,0.94731548,0.42198945,0.00731225,0.00168130,0.30838251,0.69256702,0.26312012
-2.20610305,0.93894604,0.41906227,0.00716151,0.00160225,0.30619782,0.67726935,0.26222218
-2.20010005,0.93115663,0.41594222,0.00702832,0.00154210,0.30454929,0.66157073,0.26162792
-2.19409705,0.92388792,0.41260154,0.00691470,0.00150003,0.30335396,0.64547483,0.26133092
-2.18809405,0.91708531,0.40902569,0.00682217,0.00147523,0.30252670,0.62899721,0.26132469
-2.18209105,0.91069833,0.40521269,0.00675176,0.00146686,0.30198154,0.61216722,0.26160126
-2.17608804,0.90467929,0.40117168,0.00670401,0.00147404,0.30163279,0.59502898,0.26214975
-2.17008504,0.89898111,0.39692090,0.00667896,0.00149587,0.30139591,0.57764154,0.26295471
-2.16408204,0.89355470,0.39248536,0.00667617,0.00153136,0.30118819,0.56007809,0.26399455
-2.15807904,0.88834631,0.38789418,0.00669474,0.00157947,0.30092938,0.54242444,0.26524010
-2.15207604,0.88329491,0.38317797,0.00673333,0.00163905,0.30054224,0.52477690,0.26665353
-2.14607304,0.87833027,0.37836639,0.00679024,0.00170885,0.29995327,0.50723968,0.26818755
-2.14007004,0.87337178,0.37348600,0.00686339,0.00178753,0.29909347,0.48992206,0.26978529
-2.13406703,0.86832832,0.36855869,0.00695044,0.00187359,0.29789934,0.47293546,0.27138062
-2.12806403,0.86309942,0.36360063,0.00704884,0.00196546,0.29631406,0.45639070,0.27289921
-2.12206103,0.85757770,0.35862196,0.00715591,0.00206143,0.29428885,0.44039545,0.27426015
-2.11605803,0.85165262,0.35362715,0.00726891,0.00215974,0.29178446,0.42505213,0.27537822
-2.11005503,0.84521529,0.34861598,0.00738517,0.00225856,0.28877271,0.41045627,0.27616663
-2.10405203,0.83816422,0.34358517,0.00750214,0.00235602,0.28523808,0.39669536,0.27654026
-2.09804902,0.83041166,0.33853029,0.00761752,0.00245027,0.28117905,0.38384812,0.27641906
-2.09204602,0.82188997,0.33344812,0.00772933,0.00253954,0.27660929,0.37198423,0.27573163
-2.08604302,0.81255782,0.32833890,0.00783598,0.00262213,0.27155838,0.36116427,0.27441866
-2.08004002,0.80240556,0.32320860,0.00793633,0.00269649,0.26607211,0.35143991,0.27243612
-2.07403702,0.79145942,0.31807075,0.00802976,0.00276129,0.26021215,0.34285400,0.26975796
-2.06803402,0.77978409,0.31294783,0.00811612,0.00281538,0.25405515,0.33544064,0.26637821
-2.06203102,0.76748346,0.30787200,0.00819581,0.00285791,0.24769112,0.32922494,0.26231226
-2.05602801,0.75469923,0.30288504,0.00826964,0.00288830,0.24122113,0.32422244,0.25759732
-2.05002501,0.74160737,0.29803754,0.00833885,0.00290625,0.23475452,0.32043824,0.25229193
-2.04402201,0.72841243,0.29338723,0.00840497,0.00291177,0.22840545,0.31786564,0.24647448
-2.03801901,0.71534001,0.28899661,0.00846970,0.00290517,0.22228913,0.31648454,0.24024093
-2.03201601,0.70262751,0.28492991,0.00853485,0.00288700,0.21651780,0.31625962,0.23370162
-2.02601301,0.69051375,0.28124965,0.00860210,0.00285805,0.21119660,0.31713840,0.22697742
-2.02001001,0.67922790,0.27801283,0.00867296,0.00281933,0.20641956,0.31904945,0.22019537
-2.01400700,0.66897828,0.27526715,0.00874854,0.00277197,0.20226583,0.32190094,0.21348397
-2.00800400,0.65994163,0.27304734,0.00882952,0.00271721,0.19879640,0.32557964,0.20696833
-2.00200100,0.65225330,0.27137196,0.00891599,0.00265634,0.19605138,0.32995065,0.20076545
-1.99599800,0.64599915,0.27024072,0.00900740,0.00259064,0.19404805,0.33485800,0.19497974
-1.98999500,0.64120926,0.26963266,0.00910250,0.00252133,0.19277969,0.34012621,0.18969907
-1.98399200,0.63785409,0.26950520,0.00919939,0.00244955,0.19221530,0.34556284,0.18499147
-1.97798899,0.63584310,0.26979415,0.00929549,0.00237630,0.19230019,0.35096213,0.18090257
-1.97198599,0.63502605,0.27041480,0.00938765,0.00230243,0.19295748,0.35610949,0.17745406
-1.96598299,0.63519687,0.27126396,0.00947222,0.00222863,0.19409038,0.36078685,0.17464296
-1.95997999,0.63610001,0.27222289,0.00954523,0.00215539,0.19558519,0.36477852,0.17244194
-1.95397699,0.63743884,0.27316102,0.00960249,0.00208304,0.19731494,0.36787745,0.17080059
-1.94797399,0.63888591,0.27394026,0.00963978,0.00201175,0.19914338,0.36989152,0.16964754
-1.94197099,0.64009441,0.27441971,0.00965302,0.00194155,0.20092942,0.37064959,0.16889331
-1.93596798,0.64071052,0.27446057,0.00963844,0.00187236,0.20253154,0.37000699,0.16843395
-1.92996498,0.64038591,0.27393101,0.00959273,0.00180397,0.20381226,0.36785028,0.16815499
-1.92396198,0.63879006,0.27271080,0.00951317,0.00173617,0.20464239,0.36410083,0.16793585
-1.91795898,0.63562178,0.27069547,0.00939777,0.00166868,0.20490490,0.35871740,0.16765432
-1.91195598,0.63061947,0.26779988,0.00924534,0.00160123,0.20449839,0.35169720,0.16719103
-1.90595298,0.62356981,0.26396111,0.00905555,0.00153359,0.20333987,0.34307572,0.16643368
-1.89994997,0.61431460,0.25914038,0.00882892,0.00146557,0.20136693,0.33292517,0.16528096
-1.89394697,0.60275545,0.25332421,0.00856684,0.00139702,0.19853925,0.32135170,0.16364584
-1.88794397,0.58885626,0.24652464,0.00827154,0.00132790,0.19483920,0.30849154,0.16145838
-1.88194097,0.57264358,0.23877851,0.00794596,0.00125825,0.19027190,0.29450623,0.15866771
-1.87593797,0.55420473,0.23014611,0.00759369,0.00118815,0.18486440,0.27957725,0.15524330
-1.86993497,0.53368413,0.22070893,0.00721887,0.00111781,0.17866433,0.26390020,0.15117545
-1.86393197,0.51127776,0.21056699,0.00682606,0.00104748,0.17173787,0.24767889,0.14647499
-1.85792896,0.48722636,0.19983568,0.00642009,0.00097746,0.16416735,0.23111953,0.14117229
-1.85192596,0.46180750,0.18864227,0.00600594,0.00090812,0.15604840,0.21442525,0.13531563
-1.84592296,0.43532698,0.17712236,0.00558866,0.00083985,0.14748693,0.19779118,0.12896899
-1.83991996,0.40810994,0.16541633,0.00517320,0.00077305,0.13859590,0.18140021,0.12220945
-1.83391696,0.38049196,0.15366591,0.00476436,0.00070811,0.12949218,0.16541953,0.11512435
-1.82791396,0.35281064,0.14201106,0.00436667,0.00064544,0.12029346,0.14999809,0.10780819
-1.82191096,0.32539779,0.13058721,0.00398437,0.00058541,0.11111544,0.13526488,0.10035966
-1.81590795,0.29857263,0.11952298,0.00362137,0.00052834,0.10206922,0.12132817,0.09287862
-1.80990495,0.27263601,0.10893833,0.00328118,0.00047453,0.09325922,0.10827547,0.08546348
-1.80390195,0.24786600,0.09894327,0.00296697,0.00042425,0.08478134,0.09617430,0.07820878
-1.79789895,0.22451468,0.08963711,0.00268156,0.00037771,0.07672172,0.08507353,0.07120322
-1.79189595,0.20280623,0.08110805,0.00242743,0.00033507,0.06915584,0.07500529,0.06452811
-1.78589295,0.18293623,0.07343336,0.00220677,0.00029648,0.06214811,0.06598720,0.05825630
-1.77988994,0.16507201,0.06667976,0.00202155,0.00026204,0.05575178,0.05802488,0.05245156
-1.77388694,0.14935393,0.06090407,0.00187350,0.00023184,0.05000929,0.05111457,0.04716839
-1.76788394,0.13589722,0.05615411,0.00176424,0.00020595,0.04495276,0.04524579,0.04245221
-1.76188094,0.12479440,0.05246952,0.00169521,0.00018444,0.04060482,0.04040387,0.03833986
-1.75587794,0.11611776,0.04988261,0.00166782,0.00016740,0.03697939,0.03657223,0.03486039
-1.74987494,0.10992197,0.04841905,0.00168333,0.00015492,0.03408270,0.03373451,0.03203594
-1.74387194,0.10624626,0.04809841,0.00174299,0.00014713,0.03191412,0.03187622,0.02988279
-1.73786893,0.10511635,0.04893434,0.00184790,0.00014421,0.03046704,0.03098607,0.02841239
-1.73186593,0.10654574,0.05093453,0.00199907,0.00014635,0.02972954,0.03105687,0.02763228
-1.72586293,0.11053637,0.05410038,0.00219733,0.00015382,0.02968496,0.03208593,0.02754693
-1.71985993,0.11707863,0.05842634,0.00244328,0.00016695,0.03031229,0.03407504,0.02815846
-1.71385693,0.12615068,0.06389902,0.00273721,0.00018609,0.03158637,0.03703003,0.02946705
-1.70785393,0.13771722,0.07049615,0.00307904,0.00021167,0.03347805,0.04095980,0.03147122
-1.70185093,0.15172772,0.07818542,0.00346823,0.00024415,0.03595404,0.04587503,0.03416783
-1.69584792,0.16811438,0.08692327,0.00390366,0.00028402,0.03897691,0.05178654,0.03755191
-1.68984492,0.18678989,0.09665387,0.00438363,0.00033180,0.04250488,0.05870331,0.04161626
-1.68384192,0.20764529,0.10730821,0.00490571,0.00038800,0.04649176,0.06663026,0.04635089
-1.67783892,0.23054795,0.11880351,0.00546673,0.00045312,0.05088685,0.07556598,0.05174239
-1.67183592,0.25534008,0.13104302,0.00606278,0.00052760,0.05563508,0.08550026,0.05777316
-1.66583292,0.28183781,0.14391620,0.00668914,0.00061183,0.06067719,0.09641176,0.06442064
-1.65982991,0.30983091,0.15729945,0.00734035,0.00070609,0.06595017,0.10826572,0.07165660
-1.65382691,0.33908349,0.17105726,0.00801022,0.00081054,0.07138784,0.12101206,0.07944649
-1.64782391,0.36933549,0.18504392,0.00869197,0.00092519,0.07692170,0.13458360,0.08774890
-1.64182091,0.40030515,0.19910557,0.00937828,0.00104986,0.08248186,0.14889494,0.09651530
-1.63581791,0.43169241,0.21308276,0.01006143,0.00118416,0.08799823,0.16384171,0.10568987
-1.62981491,0.46318309,0.22681320,0.01073348,0.00132751,0.09340175,0.17930052,0.11520976
-1.62381191,0.49445390,0.24013481,0.01138644,0.00147905,0.09862578,0.19512954,0.12500552
-1.61780890,0.52517811,0.25288881,0.01201243,0.00163772,0.10360746,0.21116978,0.13500196
-1.61180590,0.55503166,0.26492288,0.01260387,0.00180219,0.10828909,0.22724716,0.14511929
-1.60580290,0.58369972,0.27609419,0.01315370,0.00197090,0.11261945,0.24317517,0.15527466
-1.59979990,0.61088338,0.28627230,0.01365550,0.00214209,0.11655496,0.25875837,0.16538397
-1.59379690,0.63630644,0.29534177,0.01410372,0.00231382,0.12006082,0.27379630,0.17536404
-1.58779390,0.65972210,0.30320451,0.01449380,0.00248399,0.12311183,0.28808807,0.18513508
-1.58179090,0.68091937,0.30978184,0.01482229,0.00265041,0.12569320,0.30143715,0.19462329
-1.57578789,0.69972913,0.31501613,0.01508693,0.00281084,0.12780100,0.31365656,0.20376369
-1.56978489,0.71602963,0.31887219,0.01528679,0.00296306,0.12944253,0.32457396,0.21250293
-1.56378189,0.72975138,0.32133824,0.01542223,0.00310492,0.13063648,0.33403670,0.22080211
-1.55777889,0.74088123,0.32242673,0.01549498,0.00323441,0.13141291,0.34191652,0.22863938
-1.55177589,0.74946554,0.32217466,0.01550809,0.00334974,0.13181302,0.34811384,0.23601229
-1.54577289,0.75561230,0.32064383,0.01546590,0.00344937,0.13188882,0.35256126,0.24293969
-1.53976988,0.75949213,0.31792069,0.01537397,0.00353211,0.13170261,0.35522639,0.24946307
-1.53376688,0.76133788,0.31411594,0.01523899,0.00359712,0.13132633,0.35611369,0.25564729
-1.52776388,0.76144297,0.30936391,0.01506870,0.00364398,0.13084069,0.35526528,0.26158047
-1.52176088,0.76015803,0.30382151,0.01487172,0.00367271,0.13033421,0.35276069,0.26737306
-1.51575788,0.75788613,0.29766687,0.01465745,0.00368380,0.12990200,0.34871555,0.27315603
-1.50975488,0.75507621,0.29109751,0.01443587,0.00367817,0.12964435,0.34327921,0.27907806
-1.50375188,0.75221499,0.28432806,0.01421742,0.00365718,0.12966518,0.33663128,0.28530192
-1.49774887,0.74981720,0.27758743,0.01401276,0.00362262,0.13007008,0.32897741,0.29199992
-1.49174587,0.74841437,0.27111540,0.01383262,0.00357664,0.13096432,0.32054415,0.29934866
-1.48574287,0.74854228,0.26515860,0.01368758,0.00352168,0.13245049,0.31157327,0.30752319
-1.47973987,0.75072730,0.25996591,0.01358788,0.00346047,0.13462594,0.30231568,0.31669072
-1.47373687,0.75547204,0.25578321,0.01354315,0.00339588,0.13758011,0.29302495,0.32700412
-1.46773387,0.76324045,0.25284779,0.01356227,0.00333090,0.14139171,0.28395093,0.33859545
-1.46173087,0.77444305,0.25138212,0.01365307,0.00326849,0.14612578,0.27533343,0.35156978
-1.45572786,0.78942250,0.25158758,0.01382218,0.00321158,0.15183094,0.26739617,0.36599944
-1.44972486,0.80844019,0.25363797,0.01407480,0.00316292,0.15853658,0.26034136,0.38191913
-1.44372186,0.83166422,0.25767320,0.01441448,0.00312503,0.16625050,0.25434473,0.39932192
-1.43771886,0.85915927,0.26379330,0.01484300,0.00310015,0.17495676,0.24955154,0.41815643
-1.43171586,0.89087890,0.27205314,0.01536021,0.00309013,0.18461409,0.24607332,0.43832535
-1.42571286,0.92666051,0.28245794,0.01596392,0.00309644,0.19515494,0.24398560,0.45968530
-1.41970985,0.96622355,0.29495998,0.01664980,0.00312011,0.20648509,0.24332676,0.48204829
-1.41370685,1.00917091,0.30945666,0.01741141,0.00316174,0.21848422,0.24409771,0.50518452
-1.40770385,1.05499396,0.32579014,0.01824020,0.00322145,0.23100716,0.24626279,0.52882669
-1.40170085,1.10308103,0.34374874,0.01912559,0.00329897,0.24388611,0.24975155,0.55267559
-1.39569785,1.15272935,0.36307013,0.02005512,0.00339359,0.25693366,0.25446145,0.57640686
-1.38969485,1.20316030,0.38344636,0.02101464,0.00350426,0.26994665,0.26026146,0.59967872
-1.38369185,1.25353739,0.40453073,0.02198858,0.00362965,0.28271073,0.26699632,0.62214041
-1.37768884,1.30298681,0.42594622,0.02296022,0.00376816,0.29500554,0.27449145,0.64344115
-1.37168584,1.35061974,0.44729538,0.02391210,0.00391804,0.30661039,0.28255825,0.66323924
-1.36568284,1.39555584,0.46817134,0.02482637,0.00407746,0.31731008,0.29099973,0.68121114
-1.35967984,1.43694721,0.48816949,0.02568523,0.00424455,0.32690095,0.29961627,0.69706007
-1.35367684,1.47400192,0.50689956,0.02647138,0.00441751,0.33519667,0.30821130,0.71052411
-1.34767384,1.50600648,0.52399747,0.02716846,0.00459463,0.34203367,0.31659678,0.72138322
-1.34167084,1.53234622,0.53913666,0.02776148,0.00477440,0.34727604,0.32459833,0.72946527
-1.33566783,1.55252314,0.55203826,0.02823724,0.00495552,0.35081961,0.33205984,0.73465073
-1.32966483,1.56617033,0.56247987,0.02858469,0.00513693,0.35259511,0.33884749,0.73687579
-1.32366183,1.57306254,0.57030242,0.02879527,0.00531786,0.35257026,0.34485295,0.73613411
-1.31765883,1.57312253,0.57541499,0.02886314,0.00549782,0.35075074,0.34999595,0.73247677
-1.31165583,1.56642297,0.57779725,0.02878539,0.00567661,0.34717993,0.35422582,0.72601084
-1.30565283,1.55318377,0.57749960,0.02856212,0.00585428,0.34193757,0.35752237,0.71689623
-1.29964982,1.53376509,0.57464087,0.02819645,0.00603116,0.33513726,0.35989585,0.70534135
-1.29364682,1.50865629,0.56940389,0.02769445,0.00620777,0.32692303,0.36138615,0.69159739
-1.28764382,1.47846127,0.56202897,0.02706498,0.00638485,0.31746510,0.36206131,0.67595168
-1.28164082,1.44388086,0.55280572,0.02631948,0.00656327,0.30695497,0.36201535,0.65872026
-1.27563782,1.40569290,0.54206356,0.02547161,0.00674401,0.29560013,0.36136565,0.64023995
-1.26963482,1.36473088,0.53016131,0.02453695,0.00692815,0.28361848,0.36024981,0.62086023
-1.26363182,1.32186184,0.51747619,0.02353257,0.00711678,0.27123286,0.35882217,0.60093512
-1.25762881,1.27796433,0.50439286,0.02247657,0.00731099,0.25866564,0.35725011,0.58081540
-1.25162581,1.23390725,0.49129263,0.02138767,0.00751183,0.24613370,0.35571012,0.56084135
-1.24562281,1.19053005,0.47854333,0.02028476,0.00772029,0.23384400,0.35438373,0.54133625
-1.23961981,1.14862490,0.46649015,0.01918644,0.00793722,0.22198953,0.35345340,0.52260067
-1.23361681,1.10892128,0.45544747,0.01811064,0.00816336,0.21074614,0.35309835,0.50490779
-1.22761381,1.07207311,0.44569209,0.01707427,0.00839925,0.20026988,0.35349034,0.48849971
-1.22161081,1.03864860,0.43745772,0.01609287,0.00864521,0.19069506,0.35478952,0.47358475
-1.21560780,1.00912283,0.43093083,0.01518037,0.00890134,0.18213297,0.35714029,0.46033571
-1.20960480,0.98387294,0.42624791,0.01434883,0.00916743,0.17467110,0.36066725,0.44888899
-1.20360180,0.96317567,0.42349398,0.01360838,0.00944298,0.16837292,0.36547131,0.43934448
-1.19759880,0.94720713,0.42270228,0.01296703,0.00972714,0.16327804,0.37162602,0.43176609
-1.19159580,0.93604434,0.42385510,0.01243064,0.01001871,0.15940271,0.37917417,0.42618279
-1.18559280,0.92966845,0.42688561,0.01200294,0.01031610,0.15674066,0.38812488,0.42258999
-1.17958979,0.92796930,0.43168060,0.01168556,0.01061737,0.15526411,0.39845127,0.42095132
-1.17358679,0.93075104,0.43808410,0.01147808,0.01092018,0.15492500,0.41008872,0.42120049
-1.16758379,0.93773875,0.44590163,0.01137818,0.01122187,0.15565641,0.42293417,0.42324334
-1.16158079,0.94858588,0.45490531,0.01138173,0.01151943,0.15737419,0.43684629,0.42696009
-1.15557779,0.96288239,0.46483946,0.01148294,0.01180962,0.15997868,0.45164680,0.43220757
-1.14957479,0.98016366,0.47542678,0.01167458,0.01208899,0.16335677,0.46712310,0.43882171
-1.14357179,0.99991994,0.48637498,0.01194810,0.01235396,0.16738409,0.48303202,0.44662010
-1.13756878,1.02160654,0.49738380,0.01229388,0.01260089,0.17192746,0.49910496,0.45540482
-1.13156578,1.04465453,0.50815220,0.01270140,0.01282622,0.17684761,0.51505416,0.46496549
-1.12556278,1.06848198,0.51838567,0.01315950,0.01302651,0.18200207,0.53058011,0.47508258
-1.11955978,1.09250563,0.52780347,0.01365655,0.01319856,0.18724825,0.54537977,0.48553097
-1.11355678,1.11615276,0.53614558,0.01418071,0.01333948,0.19244674,0.55915555,0.49608386
-1.10755378,1.13887314,0.54317920,0.01472016,0.01344679,0.19746454,0.57162454,0.50651675
-1.10155078,1.16015079,0.54870459,0.01526333,0.01351846,0.20217838,0.58252780,0.51661180
-1.09554777,1.17951517,0.55256006,0.01579911,0.01355299,0.20647781,0.59163937,0.52616205
-1.08954477,1.19655171,0.55462597,0.01631710,0.01354942,0.21026814,0.59877452,0.53497574
-1.08354177,1.21091106,0.55482757,0.01680778,0.01350737,0.21347297,0.60379697,0.54288047
-1.07753877,1.22231703,0.55313653,0.01726277,0.01342704,0.21603626,0.60662481,0.54972696
-1.07153577,1.23057278,0.54957125,0.01767491,0.01330919,0.21792388,0.60723472,0.55539252
-1.06553277,1.23556494,0.54419577,0.01803848,0.01315511,0.21912449,0.60566438,0.55978385
-1.05952976,1.23726573,0.53711741,0.01834928,0.01296661,0.21964973,0.60201293,0.56283918
-1.05352676,1.23573256,0.52848322,0.01860469,0.01274595,0.21953373,0.59643928,0.56452958
-1.04752376,1.23110548,0.51847531,0.01880376,0.01249581,0.21883185,0.58915850,0.56485945
-1.04152076,1.22360208,0.50730532,0.01894712,0.01221919,0.21761871,0.58043616,0.56386595
-1.03551776,1.21351022,0.49520811,0.01903700,0.01191942,0.21598565,0.57058096,0.56161758
-1.02951476,1.20117866,0.48243493,0.01907708,0.01160004,0.21403753,0.55993578,0.55821171
-1.02351176,1.18700584,0.46924630,0.01907237,0.01126475,0.21188912,0.54886744,0.55377126
-1.01750875,1.17142706,0.45590474,0.01902897,0.01091739,0.20966113,0.53775560,0.54844051
-1.01150575,1.15490054,0.44266769,0.01895391,0.01056183,0.20747600,0.52698099,0.54238022
-1.00550275,1.13789274,0.42978059,0.01885484,0.01020195,0.20545361,0.51691357,0.53576218
-0.99949975,1.12086329,0.41747059,0.01873973,0.00984157,0.20370711,0.50790084,0.52876345
-0.99349675,1.10425021,0.40594074,0.01861662,0.00948440,0.20233885,0.50025669,0.52156029
-0.98749375,1.08845569,0.39536506,0.01849326,0.00913399,0.20143679,0.49425131,0.51432226
-0.98149075,1.07383310,0.38588440,0.01837684,0.00879366,0.20107124,0.49010236,0.50720652
-0.97548774,1.06067556,0.37760329,0.01827369,0.00846647,0.20129230,0.48796770,0.50035262
-0.96948474,1.04920661,0.37058785,0.01818904,0.00815518,0.20212791,0.48794006,0.49387800
-0.96348174,1.03957324,0.36486475,0.01812679,0.00786218,0.20358270,0.49004371,0.48787438
-0.95747874,1.03184168,0.36042125,0.01808938,0.00758949,0.20563767,0.49423342,0.48240513
-0.95147574,1.02599607,0.35720644,0.01807765,0.00733869,0.20825067,0.50039562,0.47750393
-0.94547274,1.02194020,0.35513346,0.01809084,0.00711092,0.21135772,0.50835194,0.47317450
-0.93946973,1.01950225,0.35408285,0.01812659,0.00690690,0.21487525,0.51786486,0.46939170
-0.93346673,1.01844244,0.35390679,0.01818105,0.00672685,0.21870291,0.52864549,0.46610382
-0.92746373,1.01846333,0.35443420,0.01824903,0.00657057,0.22272725,0.54036310,0.46323599
-0.92146073,1.01922236,0.35547657,0.01832426,0.00643743,0.22682575,0.55265619,0.46069453
-0.91545773,1.02034620,0.35683431,0.01839961,0.00632641,0.23087137,0.56514463,0.45837219
-0.90945473,1.02144640,0.35830340,0.01846740,0.00623610,0.23473726,0.57744242,0.45615385
-0.90345173,1.02213547,0.35968218,0.01851977,0.00616483,0.23830154,0.58917074,0.45392255
-0.89744872,1.02204299,0.36077804,0.01854899,0.00611062,0.24145184,0.59997055,0.45156562
-0.89144572,1.02083086,0.36141365,0.01854779,0.00607133,0.24408958,0.60951441,0.44898038
-0.88544272,1.01820712,0.36143270,0.01850968,0.00604463,0.24613361,0.61751701,0.44607948
-0.87943972,1.01393763,0.36070474,0.01842921,0.00602814,0.24752320,0.62374389,0.44279535
-0.87343672,1.00785525,0.35912904,0.01830223,0.00601941,0.24822013,0.62801811,0.43908370
-0.86743372,0.99986595,0.35663732,0.01812600,0.00601602,0.24820982,0.63022455,0.43492591
-0.86143072,0.98995174,0.35319515,0.01789934,0.00601561,0.24750143,0.63031168,0.43033007
-0.85542771,0.97817021,0.34880209,0.01762264,0.00601591,0.24612698,0.62829080,0.42533090
-0.84942471,0.96465088,0.34349061,0.01729780,0.00601479,0.24413940,0.62423281,0.41998823
-0.84342171,0.94958845,0.33732368,0.01692816,0.00601026,0.24160972,0.61826277,0.41438450
-0.83741871,0.93323352,0.33039134,0.01651831,0.00600051,0.23862352,0.61055251,0.40862111
-0.83141571,0.91588109,0.32280641,0.01607391,0.00598394,0.23527673,0.60131177,0.40281401
-0.82541271,0.89785767,0.31469949,0.01560139,0.00595915,0.23167115,0.59077826,0.39708877
-0.81940970,0.87950748,0.30621353,0.01510771,0.00592496,0.22790976,0.57920732,0.39157524
-0.81340670,0.86117863,0.29749824,0.01460009,0.00588040,0.22409212,0.56686153,0.38640227
-0.80740370,0.84320986,0.28870467,0.01408571,0.00582475,0.22031019,0.55400091,0.38169260
-0.80140070,0.82591850,0.27998005,0.01357144,0.00575754,0.21664462,0.54087408,0.37755831
-0.79539770,0.80959029,0.27146329,0.01306367,0.00567851,0.21316175,0.52771084,0.37409695
-0.78939470,0.79447133,0.26328113,0.01256806,0.00558769,0.20991153,0.51471644,0.37138853
-0.78339170,0.78076263,0.25554530,0.01208945,0.00548533,0.20692636,0.50206763,0.36949358
-0.77738869,0.76861737,0.24835052,0.01163175,0.00537194,0.20422090,0.48991065,0.36845231
-0.77138569,0.75814071,0.24177361,0.01119789,0.00524828,0.20179287,0.47836107,0.36828475
-0.76538269,0.74939221,0.23587342,0.01078985,0.00511532,0.19962468,0.46750524,0.36899209
-0.75937969,0.74239039,0.23069176,0.01040874,0.00497428,0.19768586,0.45740319,0.37055878
-0.75337669,0.73711913,0.22625499,0.01005485,0.00482655,0.19593606,0.44809255,0.37295557
-0.74737369,0.73353532,0.22257622,0.00972777,0.00467370,0.19432840,0.43959322,0.37614296
-0.74137069,0.73157718,0.21965790,0.00942661,0.00451743,0.19281309,0.43191217,0.38007506
-0.73536768,0.73117281,0.21749457,0.00915003,0.00435954,0.19134087,0.42504825,0.38470355
-0.72936468,0.73224820,0.21607564,0.00889652,0.00420185,0.18986632,0.41899641,0.38998144
-0.72336168,0.73473433,0.21538790,0.00866442,0.00404620,0.18835072,0.41375117,0.39586642
-0.71735868,0.73857280,0.21541771,0.00845214,0.00389436,0.18676426,0.40930899,0.40232360
-0.71135568,0.74371971,0.21615253,0.00825821,0.00374797,0.18508763,0.40566952,0.40932740
-0.70535268,0.75014753,0.21758194,0.00808135,0.00360853,0.18331286,0.40283557,0.41686255
-0.69934967,0.75784486,0.21969784,0.00792054,0.00347730,0.18144338,0.40081198,0.42492401
-0.69334667,0.76681412,0.22249397,0.00777501,0.00335529,0.17949337,0.39960336,0.43351585
-0.68734367,0.77706739,0.22596473,0.00764424,0.00324324,0.17748643,0.39921113,0.44264913
-0.68134067,0.78862064,0.23010331,0.00752791,0.00314153,0.17545385,0.39962995,0.45233889
-0.67533767,0.80148671,0.23489944,0.00742585,0.00305025,0.17343232,0.40084401,0.46260039
-0.66933467,0.81566772,0.24033666,0.00733796,0.00296914,0.17146159,0.40282341,0.47344483
-0.66333167,0.83114711,0.24638956,0.00726415,0.00289761,0.16958197,0.40552102,0.48487484
-0.65732866,0.84788216,0.25302099,0.00720425,0.00283482,0.16783196,0.40887008,0.49687992
-0.65132566,0.86579735,0.26017957,0.00715793,0.00277962,0.16624617,0.41278284,0.50943225
-0.64532266,0.88477906,0.26779770,0.00712464,0.00273068,0.16485348,0.41715028,0.52248309
-0.63931966,0.90467209,0.27579016,0.00710356,0.00268650,0.16367580,0.42184316,0.53595998
-0.63331666,0.92527818,0.28405361,0.00709360,0.00264551,0.16272716,0.42671434,0.54976508
-0.62731366,0.94635686,0.29246699,0.00709332,0.00260606,0.16201344,0.43160216,0.56377468
-0.62131066,0.96762859,0.30089289,0.00710101,0.00256659,0.16153249,0.43633501,0.57784017
-0.61530765,0.98878013,0.30918000,0.00711468,0.00252561,0.16127472,0.44073655,0.59179024
-0.60930465,1.00947201,0.31716641,0.00713209,0.00248178,0.16122403,0.44463154,0.60543453
-0.60330165,1.02934770,0.32468381,0.00715087,0.00243399,0.16135903,0.44785186,0.61856848
-0.59729865,1.04804414,0.33156240,0.00716850,0.00238137,0.16165443,0.45024240,0.63097913
-0.59129565,1.06520312,0.33763615,0.00718248,0.00232333,0.16208247,0.45166659,0.64245177
-0.58529265,1.08048297,0.34274842,0.00719033,0.00225961,0.16261434,0.45201123,0.65277712
-0.57928964,1.09357006,0.34675738,0.00718976,0.00219022,0.16322149,0.45119043,0.66175858
-0.57328664,1.10418958,0.34954127,0.00717865,0.00211550,0.16387680,0.44914844,0.66921936
-0.56728364,1.11211509,0.35100296,0.00715519,0.00203609,0.16455547,0.44586131,0.67500920
-0.56128064,1.11717646,0.35107377,0.00711794,0.00195289,0.16523572,0.44133733,0.67901019
-0.55527764,1.11926587,0.34971631,0.00706584,0.00186702,0.16589922,0.43561627,0.68114162
-0.54927464,1.11834166,0.34692609,0.00699829,0.00177982,0.16653130,0.42876744,0.68136358
-0.54327164,1.11442991,0.34273207,0.00691516,0.00169276,0.16712092,0.42088693,0.67967914
-0.53726863,1.10762371,0.33719580,0.00681681,0.00160743,0.16766052,0.41209386,0.67613508
-0.53126563,1.09808038,0.33040957,0.00670407,0.00152548,0.16814569,0.40252621,0.67082122
-0.52526263,1.08601658,0.32249329,0.00657825,0.00144858,0.16857480,0.39233614,0.66386823
-0.51925963,1.07170187,0.31359063,0.00644111,0.00137839,0.16894858,0.38168523,0.65544427
-0.51325663,1.05545079,0.30386432,0.00629483,0.00131649,0.16926972,0.37073971,0.64575047
-0.50725363,1.03761405,0.29349101,0.00614195,0.00126439,0.16954245,0.35966589,0.63501549
-0.50125063,1.01856897,0.28265587,0.00598530,0.00122351,0.16977224,0.34862598,0.62348948
-0.49524762,0.99870973,0.27154712,0.00582799,0.00119511,0.16996554,0.33777435,0.61143745
-0.48924462,0.97843758,0.26035085,0.00567330,0.00118030,0.17012958,0.32725428,0.59913254
-0.48324162,0.95815148,0.24924614,0.00552461,0.00118006,0.17027218,0.31719532,0.58684924
-0.47723862,0.93823913,0.23840077,0.00538532,0.00119518,0.17040168,0.30771121,0.57485672
-0.47123562,0.91906885,0.22796763,0.00525880,0.00122629,0.17052680,0.29889827,0.56341252
-0.46523262,0.90098217,0.21808175,0.00514826,0.00127381,0.17065655,0.29083440,0.55275669
-0.45922961,0.88428737,0.20885827,0.00505670,0.00133801,0.17080000,0.28357840,0.54310645
-0.45322661,0.86925387,0.20039101,0.00498680,0.00141897,0.17096612,0.27716972,0.53465142
-0.44722361,0.85610756,0.19275185,0.00494088,0.00151656,0.17116345,0.27162853,0.52754955
-0.44122061,0.84502697,0.18599077,0.00492080,0.00163048,0.17139970,0.26695605,0.52192373
-0.43521761,0.83614042,0.18013639,0.00492791,0.00176026,0.17168133,0.26313510,0.51785909
-0.42921461,0.82952394,0.17519710,0.00496299,0.00190524,0.17201304,0.26013086,0.51540119
-0.42321161,0.82520023,0.17116245,0.00502620,0.00206461,0.17239720,0.25789191,0.51455488
-0.41720860,0.82313854,0.16800499,0.00511708,0.00223740,0.17283342,0.25635138,0.51528416
-0.41120560,0.82325564,0.16568221,0.00523452,0.00242253,0.17331800,0.25542844,0.51751294
-0.40520260,0.82541790,0.16413872,0.00537678,0.00261880,0.17384368,0.25503001,0.52112671
-0.39919960,0.82944458,0.16330853,0.00554150,0.00282496,0.17439937,0.25505277,0.52597535
-0.39319660,0.83511243,0.16311738,0.00572580,0.00303972,0.17497020,0.25538549,0.53187690
-0.38719360,0.84216154,0.16348506,0.00592626,0.00326177,0.17553776,0.25591163,0.53862235
-0.38119060,0.85030249,0.16432784,0.00613912,0.00348987,0.17608053,0.25651228,0.54598148
-0.37518759,0.85922457,0.16556073,0.00636030,0.00372281,0.17657464,0.25706929,0.55370946
-0.36918459,0.86860512,0.16709975,0.00658553,0.00395951,0.17699480,0.25746860,0.56155424
-0.36318159,0.87811941,0.16886407,0.00681053,0.00419899,0.17731546,0.25760367,0.56926433
-0.35717859,0.88745103,0.17077799,0.00703110,0.00444043,0.17751201,0.25737877,0.57659687
-0.35117559,0.89630218,0.17277272,0.00724324,0.00468311,0.17756220,0.25671226,0.58332560
-0.34517259,0.90440359,0.17478786,0.00744333,0.00492646,0.17744743,0.25553940,0.58924841
-0.33916958,0.91152349,0.17677266,0.00762821,0.00517001,0.17715400,0.25381482,0.59419411
-0.33316658,0.91747525,0.17868681,0.00779531,0.00541332,0.17667414,0.25151438,0.59802823
-0.32716358,0.92212329,0.18050089,0.00794270,0.00565601,0.17600690,0.24863631,0.60065736
-0.32116058,0.92538699,0.18219641,0.00806919,0.00589761,0.17515861,0.24520162,0.60203203
-0.31515758,0.92724228,0.18376533,0.00817431,0.00613759,0.17414305,0.24125363,0.60214776
-0.30915458,0.92772085,0.18520924,0.00825838,0.00637523,0.17298125,0.23685673,0.60104441
-0.30315158,0.92690703,0.18653810,0.00832242,0.00660959,0.17170089,0.23209425,0.59880365
-0.29714857,0.92493244,0.18776866,0.00836814,0.00683946,0.17033535,0.22706564,0.59554489
-0.29114557,0.92196866,0.18892256,0.00839781,0.00706334,0.16892248,0.22188295,0.59141962
-0.28514257,0.91821839,0.19002431,0.00841423,0.00727938,0.16750301,0.21666684,0.58660470
-0.27913957,0.91390539,0.19109914,0.00842053,0.00748542,0.16611894,0.21154220,0.58129470
-0.27313657,0.90926391,0.19217091,0.00842007,0.00767903,0.16481169,0.20663359,0.57569383
-0.26713357,0.90452793,0.19326007,0.00841629,0.00785750,0.16362030,0.20206067,0.57000784
-0.26113057,0.89992096,0.19438194,0.00841258,0.00801796,0.16257971,0.19793384,0.56443612
-0.25512756,0.89564662,0.19554523,0.00841212,0.00815745,0.16171919,0.19435017,0.55916460
-0.24912456,0.89188074,0.19675098,0.00841773,0.00827302,0.16106098,0.19138988,0.55435959
-0.24312156,0.88876500,0.19799189,0.00843180,0.00836186,0.16061925,0.18911346,0.55016287
-0.23711856,0.88640255,0.19925216,0.00845617,0.00842139,0.16039934,0.18755954,0.54668814
-0.23111556,0.88485573,0.20050780,0.00849204,0.00844940,0.16039743,0.18674356,0.54401904
-0.22511256,0.88414579,0.20172734,0.00853996,0.00844414,0.16060055,0.18665740,0.54220865
-0.21910955,0.88425459,0.20287304,0.00859977,0.00840442,0.16098689,0.18726984,0.54128033
-0.21310655,0.88512814,0.20390246,0.00867066,0.00832967,0.16152659,0.18852794,0.54122996
-0.20710355,0.88668164,0.20477024,0.00875115,0.00821999,0.16218279,0.19035928,0.54202913
-0.20110055,0.88880575,0.20543027,0.00883919,0.00807620,0.16291290,0.19267490,0.54362916
-0.19509755,0.89137360,0.20583779,0.00893224,0.00789980,0.16367022,0.19537298,0.54596567
-0.18909455,0.89424832,0.20595174,0.00902736,0.00769295,0.16440566,0.19834298,0.54896326
-0.18309155,0.89729055,0.20573688,0.00912132,0.00745846,0.16506955,0.20147013,0.55254019
-0.17708854,0.90036555,0.20516584,0.00921077,0.00719967,0.16561356,0.20464021,0.55661264
-0.17108554,0.90334960,0.20422093,0.00929232,0.00692040,0.16599252,0.20774424,0.56109837
-0.16508254,0.90613543,0.20289558,0.00936268,0.00662483,0.16616618,0.21068302,0.56591958
-0.15907954,0.90863621,0.20119546,0.00941879,0.00631743,0.16610079,0.21337134,0.57100483
-0.15307654,0.91078831,0.19913909,0.00945792,0.00600284,0.16577046,0.21574163,0.57629001
-0.14707354,0.91255240,0.19675800,0.00947778,0.00568580,0.16515821,0.21774687,0.58171827
-0.14107054,0.91391303,0.19409633,0.00947653,0.00537104,0.16425674,0.21936273,0.58723913
-0.13506753,0.91487690,0.19121004,0.00945291,0.00506319,0.16306878,0.22058874,0.59280670
-0.12906453,0.91546976,0.18816550,0.00940619,0.00476676,0.16160718,0.22144848,0.59837749
-0.12306153,0.91573238,0.18503770,0.00933620,0.00448606,0.15989448,0.22198879,0.60390775
-0.11705853,0.91571574,0.18190812,0.00924333,0.00422512,0.15796223,0.22227794,0.60935086
-0.11105553,0.91547594,0.17886220,0.00912843,0.00398772,0.15584993,0.22240296,0.61465480
-0.10505253,0.91506895,0.17598671,0.00899281,0.00377733,0.15360375,0.22246614,0.61976022
-0.09904952,0.91454579,0.17336690,0.00883813,0.00359706,0.15127488,0.22258088,0.62459901
-0.09304652,0.91394825,0.17108378,0.00866635,0.00344968,0.14891786,0.22286709,0.62909390
-0.08704352,0.91330546,0.16921141,0.00847963,0.00333758,0.14658876,0.22344629,0.63315884
-0.08104052,0.91263161,0.16781444,0.00828023,0.00326274,0.14434326,0.22443664,0.63670055
-0.07503752,0.91192472,0.16694602,0.00807051,0.00322671,0.14223484,0.22594812,0.63962083
-0.06903452,0.91116661,0.16664601,0.00785277,0.00323056,0.14031306,0.22807796,0.64181986
-0.06303152,0.91032406,0.16693970,0.00762925,0.00327488,0.13862198,0.23090665,0.64320009
-0.05702851,0.90935085,0.16783700,0.00740210,0.00335968,0.13719875,0.23449449,0.64367050
-0.05102551,0.90819062,0.16933212,0.00717330,0.00348443,0.13607251,0.23887895,0.64315115
-0.04502251,0.90678033,0.17140375,0.00694468,0.00364795,0.13526348,0.24407282,0.64157744
-0.03901951,0.90505391,0.17401574,0.00671788,0.00384841,0.13478236,0.25006326,0.63890411
-0.03301651,0.90294609,0.17711815,0.00649441,0.00408332,0.13463008,0.25681171,0.63510856
-0.02701351,0.90039604,0.18064869,0.00627558,0.00434951,0.13479773,0.26425468,0.63019339
-0.02101051,0.89735068,0.18453451,0.00606260,0.00464313,0.13526689,0.27230539,0.62418794
-0.01500750,0.89376759,0.18869410,0.00585653,0.00495969,0.13601016,0.28085612,0.61714899
-0.00900450,0.88961752,0.19303949,0.00565835,0.00529411,0.13699203,0.28978125,0.60916041
-0.00300150,0.88488639,0.19747840,0.00546895,0.00564083,0.13816997,0.29894092,0.60033203
0.00300150,0.87957698,0.20191657,0.00528920,0.00599383,0.13949572,0.30818507,0.59079783
0.00900450,0.87371038,0.20625989,0.00511993,0.00634683,0.14091682,0.31735791,0.58071362
0.01500750,0.86732730,0.21041663,0.00496199,0.00669341,0.14237831,0.32630253,0.57025448
0.02101051,0.86048934,0.21429945,0.00481625,0.00702716,0.14382456,0.33486572,0.55961212
0.02701351,0.85328034,0.21782731,0.00468366,0.00734186,0.14520112,0.34290265,0.54899240
0.03301651,0.84580791,0.22092722,0.00456523,0.00763166,0.14645672,0.35028146,0.53861303
0.03901951,0.83820487,0.22353582,0.00446212,0.00789126,0.14754510,0.35688752,0.52870169
0.04502251,0.83063083,0.22560075,0.00437558,0.00811604,0.14842686,0.36262730,0.51949440
0.05102551,0.82327342,0.22708179,0.00430707,0.00830228,0.14907103,0.36743166,0.51123420
0.05702851,0.81634913,0.22795180,0.00425818,0.00844723,0.14945653,0.37125852,0.50416986
0.06303152,0.81010340,0.22819733,0.00423071,0.00854922,0.14957319,0.37409467,0.49855455
0.06903452,0.80480963,0.22781901,0.00422662,0.00860772,0.14942246,0.37595677,0.49464419
0.07503752,0.80076682,0.22683156,0.00424804,0.00862338,0.14901771,0.37689137,0.49269514
0.08104052,0.79829558,0.22526350,0.00429725,0.00859799,0.14838406,0.37697392,0.49296119
0.08704352,0.79773226,0.22315648,0.00437660,0.00853444,0.14755765,0.37630669,0.49568942
0.09304652,0.79942115,0.22056425,0.00448849,0.00843660,0.14658454,0.37501582,0.50111503
0.09904952,0.80370469,0.21755120,0.00463524,0.00830918,0.14551908,0.37324722,0.50945494
0.10505253,0.81091197,0.21419060,0.00481907,0.00815759,0.14442187,0.37116176,0.52090034
0.11105553,0.82134563,0.21056243,0.00504190,0.00798772,0.14335735,0.36892962,0.53560829
0.11705853,0.83526783,0.20675102,0.00530531,0.00780573,0.14239122,0.36672418,0.55369272
0.12306153,0.85288569,0.20284235,0.00561037,0.00761785,0.14158759,0.36471556,0.57521525
0.12906453,0.87433703,0.19892129,0.00595753,0.00743012,0.14100621,0.36306405,0.60017621
0.13506753,0.89967711,0.19506876,0.00634652,0.00724825,0.14069974,0.36191385,0.62850660
0.14107054,0.92886719,0.19135902,0.00677623,0.00707733,0.14071126,0.36138721,0.66006133
0.14707354,0.96176567,0.18785704,0.00724467,0.00692177,0.14107224,0.36157936,0.69461456
0.15307654,0.99812266,0.18461635,0.00774887,0.00678508,0.14180087,0.36255459,0.73185741
0.15907954,1.03757849,0.18167718,0.00828493,0.00666982,0.14290104,0.36434346,0.77139871
0.16508254,1.07966657,0.17906517,0.00884803,0.00657753,0.14436199,0.36694155,0.81276892
0.17108554,1.12382110,0.17679078,0.00943248,0.00650874,0.14615864,0.37030981,0.85542759
0.17708854,1.16938938,0.17484922,0.01003192,0.00646296,0.14825262,0.37437648,0.89877409
0.18309155,1.21564873,0.17322120,0.01063942,0.00643881,0.15059402,0.37904071,0.94216175
0.18909455,1.26182751,0.17187431,0.01124771,0.00643407,0.15312370,0.38417754,0.98491477
0.19509755,1.30712949,0.17076503,0.01184947,0.00644588,0.15577620,0.38964435,1.02634761
0.20110055,1.35076078,0.16984130,0.01243754,0.00647086,0.15848301,0.39528824,1.06578599
0.20710355,1.39195827,0.16904558,0.01300527,0.00650531,0.16117607,0.40095416,1.10258884
0.21310655,1.43001828,0.16831808,0.01354680,0.00654540,0.16379141,0.40649345,1.13617027
0.21910955,1.46432436,0.16760028,0.01405735,0.00658739,0.16627267,0.41177223,1.16602070
0.22511256,1.49437289,0.16683829,0.01453349,0.00662776,0.16857434,0.41667948,1.19172619
0.23111556,1.51979539,0.16598608,0.01497340,0.00666340,0.17066465,0.42113420,1.21298520
0.23711856,1.54037654,0.16500828,0.01537703,0.00669179,0.17252784,0.42509139,1.22962200
0.24312156,1.55606689,0.16388249,0.01574627,0.00671105,0.17416580,0.42854669,1.24159612
0.24912456,1.56698993,0.16260097,0.01608500,0.00672007,0.17559894,0.43153916,1.24900753
0.25512756,1.57344287,0.16117150,0.01639911,0.00671852,0.17686627,0.43415240,1.25209701
0.26113057,1.57589118,0.15961757,0.01669637,0.00670689,0.17802473,0.43651372,1.25124201
0.26713357,1.57495708,0.15797774,0.01698633,0.00668648,0.17914766,0.43879150,1.24694785
0.27313657,1.57140230,0.15630419,0.01728008,0.00665928,0.18032270,0.44119085,1.23983468
0.27913957,1.56610576,0.15466063,0.01758992,0.00662796,0.18164897,0.44394770,1.23062066
0.28514257,1.56003717,0.15311962,0.01792902,0.00659569,0.18323383,0.44732173,1.22010193
0.29114557,1.55422730,0.15175943,0.01831100,0.00656609,0.18518932,0.45158813,1.20913009
0.29714857,1.54973616,0.15066053,0.01874949,0.00654303,0.18762833,0.45702886,1.19858789
0.30315158,1.54762006,0.14990204,0.01925762,0.00653050,0.19066073,0.46392339,1.18936405
0.30915458,1.54889881,0.14955811,0.01984757,0.00653250,0.19438959,0.47253946,1.18232777
0.31515758,1.55452396,0.14969450,0.02053010,0.00655286,0.19890758,0.48312395,1.17830394
0.32116058,1.56534911,0.15036553,0.02131404,0.00659512,0.20429363,0.49589433,1.17804957
0.32716358,1.58210320,0.15161146,0.02220593,0.00666242,0.21061002,0.51103063,1.18223214
0.33316658,1.60536734,0.15345636,0.02320963,0.00675738,0.21789990,0.52866833,1.19141046
0.33916958,1.63555594,0.15590672,0.02432601,0.00688205,0.22618528,0.54889226,1.20601839
0.34517259,1.67290242,0.15895065,0.02555278,0.00703781,0.23546554,0.57173144,1.22635189
0.35117559,1.71744982,0.16255785,0.02688431,0.00722530,0.24571653,0.59715533,1.25255968
0.35717859,1.76904657,0.16668013,0.02831164,0.00744445,0.25689010,0.62507109,1.28463753
0.36318159,1.82734724,0.17125270,0.02982251,0.00769442,0.26891426,0.65532239,1.32242656
0.36918459,1.89181832,0.17619595,0.03140155,0.00797362,0.28169376,0.68768944,1.36561529
0.37518759,1.96174880,0.18141772,0.03303053,0.00827972,0.29511126,0.72189051,1.41374553
0.38119060,2.03626520,0.18681599,0.03468876,0.00860970,0.30902892,0.75758493,1.46622197
0.38719360,2.11435073,0.19228180,0.03635349,0.00895988,0.32329046,0.79437757,1.52232516
0.39319660,2.19486800,0.19770240,0.03800048,0.00932601,0.33772367,0.83182480,1.58122769
0.39919960,2.27658490,0.20296440,0.03960458,0.00970333,0.35214334,0.86944197,1.64201310
0.40520260,2.35820284,0.20795692,0.04114039,0.01008667,0.36635452,0.90671226,1.70369723
0.41120560,2.43838682,0.21257455,0.04258287,0.01047054,0.38015619,0.94309682,1.76525128
0.41720860,2.51579653,0.21672013,0.04390810,0.01084926,0.39334512,0.97804603,1.82562624
0.42321161,2.58911767,0.22030717,0.04509387,0.01121711,0.40572004,1.01101173,1.88377788
0.42921461,2.65709284,0.22326195,0.04612037,0.01156837,0.41708584,1.04145992,1.93869186
0.43521761,2.71855108,0.22552521,0.04697070,0.01189758,0.42725792,1.06888390,1.98940802
0.44122061,2.77243532,0.22705341,0.04763144,0.01219957,0.43606639,1.09281728,2.03504342
0.44722361,2.81782706,0.22781956,0.04809298,0.01246966,0.44336022,1.11284644,2.07481334
0.45322661,2.85396754,0.22781363,0.04834990,0.01270376,0.44901095,1.12862223,2.10804972
0.45922961,2.88027497,0.22704254,0.04840104,0.01289850,0.45291618,1.13987030,2.13421649
0.46523262,2.89635716,0.22552977,0.04824963,0.01305136,0.45500242,1.14639976,2.15292129
0.47123562,2.90201941,0.22331465,0.04790319,0.01316071,0.45522738,1.14810989,2.16392338
0.47723862,2.89726740,0.22045130,0.04737327,0.01322593,0.45358157,1.14499451,2.16713744
0.48324162,2.88230495,0.21700729,0.04667519,0.01324743,0.45008909,1.13714386,2.16263320
0.48924462,2.85752695,0.21306216,0.04582753,0.01322668,0.44480761,1.12474390,2.15063106
0.49524762,2.82350742,0.20870561,0.04485163,0.01316621,0.43782745,1.10807289,2.13149363
0.50125063,2.78098344,0.20403561,0.04377096,0.01306955,0.42926992,1.08749535,2.10571392
0.50725363,2.73083506,0.19915634,0.04261045,0.01294116,0.41928462,1.06345355,2.07390015
0.51325663,2.67406207,0.19417604,0.04139581,0.01278637,0.40804619,1.03645671,2.03675803
0.51925963,2.61175821,0.18920470,0.04015278,0.01261119,0.39575014,1.00706826,1.99507093
0.52526263,2.54508352,0.18435177,0.03890647,0.01242221,0.38260823,0.97589148,1.94967867
0.53126563,2.47523566,0.17972375,0.03768069,0.01222639,0.36884328,0.94355387,1.90145546
0.53726863,2.40342098,0.17542176,0.03649739,0.01203088,0.35468372,0.91069095,1.85128780
0.54327164,2.33082612,0.17153918,0.03537607,0.01184279,0.34035790,0.87792971,1.80005288
0.54927464,2.25859091,0.16815926,0.03433346,0.01166899,0.32608848,0.84587234,1.74859817
0.55527764,2.18778323,0.16535294,0.03338309,0.01151586,0.31208687,0.81508084,1.69772262
0.56128064,2.11937656,0.16317671,0.03253516,0.01138914,0.29854817,0.78606278,1.64816005
0.56728364,2.05423068,0.16167086,0.03179641,0.01129367,0.28564649,0.75925882,1.60056505
0.57328664,1.99307603,0.16085789,0.03117013,0.01123323,0.27353098,0.73503239,1.55550173
0.57928964,1.93650207,0.16074143,0.03065625,0.01121045,0.26232266,0.71366177,1.51343541
0.58529265,1.88494986,0.16130553,0.03025160,0.01122661,0.25211216,0.69533485,1.47472743
0.59129565,1.83870886,0.16251454,0.02995014,0.01128165,0.24295834,0.68014677,1.43963297
0.59729865,1.79791800,0.16431356,0.02974336,0.01137413,0.23488804,0.66810046,1.40830188
0.60330165,1.76257089,0.16662948,0.02962067,0.01150124,0.22789679,0.65911003,1.38078220
0.60930465,1.73252461,0.16937265,0.02956982,0.01165888,0.22195043,0.65300679,1.35702617
0.61530765,1.70751201,0.17243922,0.02957740,0.01184181,0.21698777,0.64954777,1.33689842
0.62131066,1.68715667,0.17571395,0.02962928,0.01204380,0.21292394,0.64842622,1.32018583
0.62731366,1.67099024,0.17907359,0.02971105,0.01225780,0.20965444,0.64928375,1.30660888
0.63331666,1.65847125,0.18239065,0.02980847,0.01247624,0.20705966,0.65172361,1.29583384
0.63931966,1.64900495,0.18553736,0.02990780,0.01269122,0.20500980,0.65532457,1.28748552
0.64532266,1.64196335,0.18838988,0.02999616,0.01289480,0.20336981,0.65965481,1.28116022
0.65132566,1.63670500,0.19083234,0.03006182,0.01307926,0.20200431,0.66428542,1.27643839
0.65732866,1.63259379,0.19276082,0.03009439,0.01323734,0.20078231,0.66880290,1.27289681
0.66333167,1.62901638,0.19408685,0.03008497,0.01336248,0.19958149,0.67282041,1.27011992
0.66933467,1.62539779,0.19474051,0.03002630,0.01344903,0.19829192,0.67598723,1.26771019
0.67533767,1.62121483,0.19467289,0.02991274,0.01349238,0.19681910,0.67799643,1.26529720
0.68134067,1.61600720,0.19385782,0.02974031,0.01348913,0.19508638,0.67859047,1.26254550
0.68734367,1.60938609,0.19229277,0.02950662,0.01343715,0.19303641,0.67756479,1.25916102
0.69334667,1.60104022,0.18999906,0.02921078,0.01333563,0.19063197,0.67476935,1.25489596
0.69934967,1.59073940,0.18702114,0.02885328,0.01318502,0.18785592,0.67010842,1.24955230
0.70535268,1.57833560,0.18342516,0.02843588,0.01298707,0.18471050,0.66353870,1.24298375
0.71135568,1.56376183,0.17929681,0.02796141,0.01274466,0.18121593,0.65506611,1.23509620
0.71735868,1.54702874,0.17473860,0.02743365,0.01246172,0.17740855,0.64474150,1.22584677
0.72336168,1.52821938,0.16986659,0.02685715,0.01214308,0.17333846,0.63265558,1.21524137
0.72936468,1.50748209,0.16480684,0.02623703,0.01179428,0.16906689,0.61893327,1.20333091
0.73536768,1.48502194,0.15969157,0.02557888,0.01142143,0.16466334,0.60372784,1.19020616
0.74137069,1.46109073,0.15465530,0.02488856,0.01103097,0.16020265,0.58721499,1.17599147
0.74737369,1.43597600,0.14983101,0.02417206,0.01062952,0.15576211,0.56958699,1.16083740
0.75337669,1.40998916,0.14534655,0.02343538,0.01022365,0.15141863,0.55104704,1.14491250
0.75937969,1.38345320,0.14132117,0.02268436,0.00981977,0.14724616,0.53180399,1.12839441
0.76538269,1.35669012,0.13786262,0.02192461,0.00942386,0.14331328,0.51206743,1.11146079
0.77138569,1.33000870,0.13506454,0.02116137,0.00904141,0.13968119,0.49204317,1.09428009
0.77738869,1.30369277,0.13300435,0.02039941,0.00867725,0.13640197,0.47192919,1.07700283
0.78339170,1.27799061,0.13174172,0.01964299,0.00833543,0.13351724,0.45191205,1.05975371
0.78939470,1.25310574,0.13131744,0.01889576,0.00801918,0.13105716,0.43216376,1.04262482
0.79539770,1.22918964,0.13175286,0.01816072,0.00773079,0.12903988,0.41283924,1.02567056
0.80140070,1.20633665,0.13304978,0.01744024,0.00747164,0.12747133,0.39407426,1.00890446
0.80740370,1.18458134,0.13519077,0.01673601,0.00724218,0.12634536,0.37598398,0.99229810
0.81340670,1.16389868,0.13813993,0.01604908,0.00704195,0.12564424,0.35866212,0.97578246
0.81940970,1.14420689,0.14184392,0.01537995,0.00686967,0.12533953,0.34218080,0.95925165
0.82541271,1.12537299,0.14623340,0.01472858,0.00672332,0.12539310,0.32659097,0.94256877
0.83141571,1.10722090,0.15122461,0.01409452,0.00660021,0.12575857,0.31192356,0.92557401
0.83741871,1.08954168,0.15672125,0.01347704,0.00649721,0.12638280,0.29819118,0.90809428
0.84342171,1.07210545,0.16261645,0.01287519,0.00641082,0.12720759,0.28539038,0.88995415
0.84942471,1.05467449,0.16879496,0.01228801,0.00633738,0.12817146,0.27350444,0.87098738
0.85542771,1.03701683,0.17513530,0.01171460,0.00627321,0.12921149,0.26250632,0.85104856
0.86143072,1.01891962,0.18151210,0.01115427,0.00621481,0.13026512,0.25236200,0.83002416
0.86743372,1.00020177,0.18779836,0.01060666,0.00615901,0.13127188,0.24303369,0.80784233
0.87343672,0.98072499,0.19386783,0.01007184,0.00610307,0.13217500,0.23448302,0.78448104
0.87943972,0.96040293,0.19959732,0.00955036,0.00604487,0.13292290,0.22667383,0.75997394
0.88544272,0.93920778,0.20486892,0.00904333,0.00598295,0.13347042,0.21957466,0.73441370
0.89144572,0.91717411,0.20957229,0.00855244,0.00591656,0.13377987,0.21316053,0.70795263
0.89744872,0.89439978,0.21360673,0.00807993,0.00584573,0.13382182,0.20741417,0.68080037
0.90345173,0.87104389,0.21688317,0.00762858,0.00577121,0.13357562,0.20232654,0.65321900
0.90945473,0.84732191,0.21932605,0.00720163,0.00569445,0.13302967,0.19789657,0.62551558
0.91545773,0.82349823,0.22087489,0.00680272,0.00561749,0.13218143,0.19413028,0.59803258
0.92146073,0.79987662,0.22148564,0.00643575,0.00554287,0.13103721,0.19103923,0.57113666
0.92746373,0.77678890,0.22113178,0.00610481,0.00547350,0.12961165,0.18863852,0.54520630
0.93346673,0.75458254,0.21980499,0.00581400,0.00541248,0.12792709,0.18694431,0.52061886
0.93946973,0.73360761,0.21751545,0.00556736,0.00536299,0.12601271,0.18597122,0.49773765
0.94547274,0.71420377,0.21429180,0.00536867,0.00532808,0.12390348,0.18572964,0.47689955
0.95147574,0.69668776,0.21018053,0.00522140,0.00531059,0.12163911,0.18622315,0.45840369
0.95747874,0.68134192,0.20524502,0.00512853,0.00531293,0.11926278,0.18744628,0.44250164
0.96348174,0.66840419,0.19956416,0.00509248,0.00533708,0.11681992,0.18938271,0.42938936
0.96948474,0.65805987,0.19323053,0.00511503,0.00538439,0.11435692,0.19200398,0.41920129
0.97548774,0.65043553,0.18634824,0.00519722,0.00545564,0.11191993,0.19526903,0.41200660
0.98149075,0.64559505,0.17903058,0.00533931,0.00555091,0.10955363,0.19912431,0.40780772
0.98749375,0.64353801,0.17139734,0.00554073,0.00566971,0.10730018,0.20350479,0.40654105
0.99349675,0.64420037,0.16357219,0.00580008,0.00581094,0.10519829,0.20833556,0.40807971
0.99949975,0.64745722,0.15567991,0.00611510,0.00597298,0.10328237,0.21353422,0.41223819
1.00550275,0.65312760,0.14784376,0.00648271,0.00615381,0.10158193,0.21901373,0.41877860
1.01150575,0.66098097,0.14018306,0.00689904,0.00635111,0.10012111,0.22468567,0.42741816
1.01750875,0.67074513,0.13281091,0.00735946,0.00656238,0.09891848,0.23046374,0.43783780
1.02351176,0.68211522,0.12583230,0.00785867,0.00678506,0.09798690,0.23626726,0.44969136
1.02951476,0.69476338,0.11934247,0.00839076,0.00701666,0.09733370,0.24202449,0.46261514
1.03551776,0.70834888,0.11342570,0.00894934,0.00725488,0.09696092,0.24767557,0.47623762
1.04152076,0.72252810,0.10815433,0.00952760,0.00749767,0.09686572,0.25317487,0.49018886
1.04752376,0.73696426,0.10358826,0.01011849,0.00774335,0.09704089,0.25849258,0.50410954
1.05352676,0.75133643,0.09977457,0.01071480,0.00799061,0.09747543,0.26361546,0.51765932
1.05952976,0.76534754,0.09674750,0.01130936,0.00823853,0.09815517,0.26854662,0.53052438
1.06553277,0.77873137,0.09452858,0.01189512,0.00848660,0.09906334,0.27330431,0.54242401
1.07153577,0.79125800,0.09312688,0.01246537,0.00873463,0.10018118,0.27791977,0.55311612
1.07753877,0.80273792,0.09253942,0.01301382,0.00898272,0.10148840,0.28243424,0.56240163
1.08354177,0.81302456,0.09275155,0.01353476,0.00923114,0.10296362,0.28689512,0.57012761
1.08954477,0.82201525,0.09373748,0.01402319,0.00948023,0.10458468,0.29135178,0.57618925
1.09554777,0.82965073,0.09546069,0.01447494,0.00973029,0.10632881,0.29585086,0.58053053
1.10155078,0.83591322,0.09787451,0.01488671,0.00998145,0.10817278,0.30043167,0.58314366
1.10755378,0.84082315,0.10092265,0.01525613,0.01023357,0.11009283,0.30512168,0.58406732
1.11355678,0.84443490,0.10453986,0.01558184,0.01048609,0.11206469,0.30993253,0.58338367
1.11955978,0.84683148,0.10865261,0.01586342,0.01073800,0.11406341,0.31485679,0.58121433
1.12556278,0.84811857,0.11317999,0.01610138,0.01098776,0.11606324,0.31986560,0.57771526
1.13156578,0.84841808,0.11803471,0.01629709,0.01123325,0.11803751,0.32490747,0.57307074
1.13756878,0.84786140,0.12312435,0.01645266,0.01147178,0.11995856,0.32990821,0.56748659
1.14357179,0.84658263,0.12835266,0.01657084,0.01170016,0.12179773,0.33477222,0.56118274
1.14957479,0.84471205,0.13362122,0.01665485,0.01191473,0.12352544,0.33938494,0.55438547
1.15557779,0.84236995,0.13883115,0.01670821,0.01211145,0.12511139,0.34361644,0.54731937
1.16158079,0.83966108,0.14388493,0.01673459,0.01228610,0.12652485,0.34732602,0.54019939
1.16758379,0.83666982,0.14868840,0.01673761,0.01243432,0.12773511,0.35036751,0.53322323
1.17358679,0.83345633,0.15315258,0.01672069,0.01255187,0.12871196,0.35259506,0.52656426
1.17958979,0.83005370,0.15719562,0.01668689,0.01263472,0.12942631,0.35386921,0.52036530
1.18559280,0.82646626,0.16074445,0.01663877,0.01267927,0.12985089,0.35406272,0.51473351
1.19159580,0.82266901,0.16373631,0.01657831,0.01268243,0.12996087,0.35306607,0.50973651
1.19759880,0.81860835,0.16611993,0.01650681,0.01264183,0.12973466,0.35079228,0.50540009
1.20360180,0.81420394,0.16785645,0.01642489,0.01255585,0.12915446,0.34718081,0.50170744
1.20960480,0.80935180,0.16891992,0.01633243,0.01242374,0.12820696,0.34220031,0.49860009
1.21560780,0.80392843,0.16929750,0.01622868,0.01224564,0.12688381,0.33585029,0.49598054
1.22161081,0.79779596,0.16898924,0.01611231,0.01202257,0.12518202,0.32816137,0.49371657
1.22761381,0.79080806,0.16800759,0.01598150,0.01175643,0.12310424,0.31919446,0.49164691
1.23361681,0.78281657,0.16637654,0.01583411,0.01144993,0.12065891,0.30903872,0.48958827
1.23961981,0.77367849,0.16413062,0.01566784,0.01110649,0.11786026,0.29780847,0.48734344
1.24562281,0.76326325,0.16131367,0.01548037,0.01073014,0.11472819,0.28563945,0.48470997
1.25162581,0.75145988,0.15797758,0.01526960,0.01032542,0.11128800,0.27268435,0.48148933
1.25762881,0.73818384,0.15418089,0.01503379,0.00989720,0.10757006,0.25910810,0.47749597
1.26363182,0.72338334,0.14998751,0.01477175,0.00945061,0.10360937,0.24508306,0.47256604
1.26963482,0.70704480,0.14546543,0.01448299,0.00899088,0.09944499,0.23078430,0.46656537
1.27563782,0.68919718,0.14068558,0.01416786,0.00852323,0.09511958,0.21638530,0.45939635
1.28164082,0.66991519,0.13572074,0.01382762,0.00805277,0.09067869,0.20205415,0.45100349
1.28764382,0.64932091,0.13064459,0.01346455,0.00758443,0.08617027,0.18795037,0.44137738
1.29364682,0.62758408,0.12553083,0.01308189,0.00712287,0.08164400,0.17422250,0.43055699
1.29964982,0.60492064,0.12045243,0.01268388,0.00667247,0.07715074,0.16100650,0.41863019
1.30565283,0.58158996,0.11548086,0.01227569,0.00623728,0.07274201,0.14842483,0.40573247
1.31165583,0.55789048,0.11068545,0.01186327,0.00582098,0.06846945,0.13658637,0.39204406
1.31765883,0.53415419,0.10613262,0.01145323,0.00542695,0.06438444,0.12558691,0.37778554
1.32366183,0.51074002,0.10188526,0.01105269,0.00505822,0.06053765,0.11551026,0.36321217
1.32966483,0.48802649,0.09800206,0.01066906,0.00471752,0.05697873,0.10642978,0.34860727
1.33566783,0.46640384,0.09453675,0.01030986,0.00440728,0.05375607,0.09841023,0.33427488
1.34167084,0.44626596,0.09153757,0.00998248,0.00412969,0.05091655,0.09150987,0.32053204
1.34767384,0.42800247,0.08904657,0.00969400,0.00388669,0.04850536,0.08578253,0.30770101
1.35367684,0.41199119,0.08709923,0.00945098,0.00368003,0.04656595,0.08127971,0.29610169
1.35967984,0.39859113,0.08572401,0.00925934,0.00351123,0.04513985,0.07805253,0.28604446
1.36568284,0.38813641,0.08494223,0.00912413,0.00338167,0.04426661,0.07615330,0.27782372
1.37168584,0.38093097,0.08476805,0.00904949,0.00329255,0.04398372,0.07563687,0.27171210
1.37768884,0.37724438,0.08520873,0.00903857,0.00324489,0.04432647,0.07656140,0.26795557
1.38369185,0.37730845,0.08626509,0.00909346,0.00323954,0.04532775,0.07898872,0.26676943
1.38969485,0.38131484,0.08793221,0.00921518,0.00327717,0.04701783,0.08298401,0.26833506
1.39569785,0.38941338,0.09020034,0.00940377,0.00335824,0.04942394,0.08861496,0.27279745
1.40170085,0.40171097,0.09305595,0.00965825,0.00348297,0.05256984,0.09595014,0.28026341
1.40770385,0.41827094,0.09648291,0.00997678,0.00365130,0.05647523,0.10505685,0.29080024
1.41370685,0.43911267,0.10046371,0.01035670,0.00386287,0.06115500,0.11599825,0.30443492
1.41970985,0.46421127,0.10498067,0.01079462,0.00411695,0.06661837,0.12882994,0.32115351
1.42571286,0.49349727,0.11001702,0.01128659,0.00441241,0.07286802,0.14359595,0.34090089
1.43171586,0.52685626,0.11555782,0.01182810,0.00474766,0.07989899,0.16032448,0.36358064
1.43771886,0.56412840,0.12159070,0.01241426,0.00512058,0.08769770,0.17902325,0.38905518
1.44372186,0.60510793,0.12810623,0.01303982,0.00552850,0.09624095,0.19967487,0.41714612
1.44972486,0.64954274,0.13509805,0.01369929,0.00596816,0.10549494,0.22223235,0.44763497
1.45572786,0.69713424,0.14256258,0.01438692,0.00643568,0.11541456,0.24661494,0.48026429
1.46173087,0.74753755,0.15049850,0.01509683,0.00692653,0.12594279,0.27270465,0.51473938
1.46773387,0.80036257,0.15890578,0.01582300,0.00743556,0.13701046,0.30034357,0.55073068
1.47373687,0.85517572,0.16778455,0.01655927,0.00795703,0.14853631,0.32933237,0.58787701
1.47973987,0.91150290,0.17713364,0.01729945,0.00848465,0.16042741,0.35942997,0.62578972
1.48574287,0.96883369,0.18694903,0.01803725,0.00901165,0.17258001,0.39035480,0.66405778
1.49174587,1.02662687,0.19722213,0.01876640,0.00953094,0.18488086,0.42178749,0.70225391
1.49774887,1.08431732,0.20793809,0.01948064,0.01003514,0.19720884,0.45337526,0.73994160
1.50375188,1.14132426,0.21907417,0.02017378,0.01051682,0.20943704,0.48473784,0.77668302
1.50975488,1.19706074,0.23059820,0.02083980,0.01096862,0.22143511,0.51547480,0.81204751
1.51575788,1.25094404,0.24246733,0.02147289,0.01138344,0.23307198,0.54517426,0.84562065
1.52176088,1.30240686,0.25462699,0.02206759,0.01175461,0.24421863,0.57342257,0.87701343
1.52776388,1.35090893,0.26701022,0.02261884,0.01207609,0.25475101,0.59981465,0.90587138
1.53376688,1.39594863,0.27953744,0.02312215,0.01234263,0.26455298,0.62396480,0.93188330
1.53976988,1.43707434,0.29211656,0.02357369,0.01254996,0.27351909,0.64551739,0.95478936
1.54577289,1.47389518,0.30464371,0.02397042,0.01269487,0.28155724,0.66415719,0.97438822
1.55177589,1.50609068,0.31700431,0.02431019,0.01277537,0.28859096,0.67961879,0.99054296
1.55777889,1.53341931,0.32907481,0.02459192,0.01279076,0.29456147,0.69169494,1.00318574
1.56378189,1.55572540,0.34072478,0.02481565,0.01274166,0.29942930,0.70024333,1.01232078
1.56978489,1.57294445,0.35181958,0.02498264,0.01263000,0.30317540,0.70519169,1.01802590
1.57578789,1.58510659,0.36222341,0.02509549,0.01245905,0.30580195,0.70654086,1.02045231
1.58179090,1.59233814,0.37180272,0.02515816,0.01223328,0.30733254,0.70436589,1.01982277
1.58779390,1.59486122,0.38042991,0.02517604,0.01195830,0.30781201,0.69881503,1.01642825
1.59379690,1.59299137,0.38798713,0.02515593,0.01164071,0.30730572,0.69010668,1.01062290
1.59979990,1.58713314,0.39437016,0.02510604,0.01128798,0.30589845,0.67852446,1.00281775
1.60580290,1.57777371,0.39949206,0.02503592,0.01090821,0.30369284,0.66441043,0.99347296
1.61180590,1.56547459,0.40328663,0.02495637,0.01051000,0.30080741,0.64815689,0.98308890
1.61780890,1.55086129,0.40571129,0.02487932,0.01010221,0.29737414,0.63019688,0.97219612
1.62381191,1.53461119,0.40674940,0.02481761,0.00969379,0.29353583,0.61099369,0.96134427
1.62981491,1.51743953,0.40641178,0.02478475,0.00929353,0.28944292,0.59102973,0.95109028
1.63581791,1.50008392,0.40473737,0.02479469,0.00890995,0.28525021,0.57079504,0.94198570
1.64182091,1.48328725,0.40179294,0.02486144,0.00855104,0.28111319,0.55077581,0.93456367
1.64782391,1.46777969,0.39767175,0.02499870,0.00822414,0.27718430,0.53144312,0.92932555
1.65382691,1.45425987,0.39249138,0.02521949,0.00793581,0.27360904,0.51324224,0.92672757
1.65982991,1.44337597,0.38639056,0.02553571,0.00769166,0.27052211,0.49658288,0.92716793
1.66583292,1.43570722,0.37952532,0.02595766,0.00749629,0.26804375,0.48183037,0.93097457
1.67183592,1.43174658,0.37206455,0.02649367,0.00735325,0.26627626,0.46929835,0.93839423
1.67783892,1.43188527,0.36418521,0.02714969,0.00726491,0.26530103,0.45924281,0.94958322
1.68384192,1.43639996,0.35606737,0.02792890,0.00723256,0.26517608,0.45185803,0.96460028
1.68984492,1.44544340,0.34788945,0.02883149,0.00725634,0.26593438,0.44727417,0.98340226
1.69584792,1.45903904,0.33982369,0.02985442,0.00733530,0.26758294,0.44555688,1.00584266
1.70185093,1.47708021,0.33203228,0.03099135,0.00746753,0.27010293,0.44670890,1.03167372
1.70785393,1.49933419,0.32466414,0.03223270,0.00765017,0.27345069,0.45067345,1.06055197
1.71385693,1.52545124,0.31785251,0.03356580,0.00787959,0.27755986,0.45733956,1.09204740
1.71985993,1.55497846,0.31171349,0.03497517,0.00815147,0.28234446,0.46654907,1.12565613
1.72586293,1.58737799,0.30634539,0.03644297,0.00846099,0.28770276,0.47810497,1.16081616
1.73186593,1.62204885,0.30182884,0.03794951,0.00880297,0.29352206,0.49178099,1.19692573
1.73786893,1.65835157,0.29822765,0.03947390,0.00917198,0.29968381,0.50733184,1.23336358
1.74387194,1.69563422,0.29559009,0.04099473,0.00956255,0.30606921,0.52450383,1.26951028
1.74987494,1.73325881,0.29395043,0.04249079,0.00996926,0.31256464,0.54304540,1.30476960
1.75587794,1.77062650,0.29333066,0.04394183,0.01038688,0.31906695,0.56271699,1.33858913
1.76188094,1.80720030,0.29374198,0.04532924,0.01081046,0.32548811,0.58329985,1.37047879
1.76788394,1.84252418,0.29518604,0.04663666,0.01123539,0.33175904,0.60460335,1.40002667
1.77388694,1.87623726,0.29765570,0.04785055,0.01165750,0.33783238,0.62647035,1.42691114
1.77988994,1.90808249,0.30113530,0.04896052,0.01207302,0.34368398,0.64878039,1.45090870
1.78589295,1.93790934,0.30560036,0.04995961,0.01247859,0.34931300,0.67145040,1.47189716
1.79189595,1.96567019,0.31101679,0.05084435,0.01287126,0.35474070,0.69443295,1.48985394
1.79789895,1.99141096,0.31733965,0.05161466,0.01324842,0.36000773,0.71771206,1.50484972
1.80390195,2.01525633,0.32451170,0.05227357,0.01360773,0.36517030,0.74129665,1.51703775
1.80990495,2.03739065,0.33246191,0.05282684,0.01394706,0.37029528,0.76521219,1.52663942
1.81590795,2.05803571,0.34110406,0.05328242,0.01426445,0.37545455,0.78949074,1.53392704
1.82191096,2.07742677,0.35033577,0.05364977,0.01455798,0.38071885,0.81416007,1.53920468
1.82791396,2.09578833,0.36003816,0.05393926,0.01482581,0.38615171,0.83923252,1.54278833
1.83391696,2.11331122,0.37007620,0.05416142,0.01506607,0.39180347,0.86469421,1.54498631
1.83991996,2.13013233,0.38030003,0.05432626,0.01527692,0.39770609,0.89049521,1.54608111
1.84592296,2.14631837,0.39054727,0.05444272,0.01545649,0.40386884,0.91654152,1.54631359
1.85192596,2.16185447,0.40064624,0.05451808,0.01560300,0.41027527,0.94268917,1.54587033
1.85792896,2.17663837,0.41042021,0.05455763,0.01571477,0.41688159,0.96874119,1.54487470
1.86393197,2.19048057,0.41969228,0.05456444,0.01579032,0.42361657,0.99444744,1.54338201
1.86993497,2.20311022,0.42829095,0.05453922,0.01582845,0.43038309,1.01950775,1.54137884
1.87593797,2.21418643,0.43605595,0.05448048,0.01582837,0.43706109,1.04357815,1.53878634
1.88194097,2.22331423,0.44284404,0.05438466,0.01578976,0.44351197,1.06628003,1.53546717
1.88794397,2.23006407,0.44853457,0.05424656,0.01571290,0.44958403,1.08721191,1.53123555
1.89394697,2.23399380,0.45303438,0.05405977,0.01559872,0.45511876,1.10596314,1.52586948
1.89994997,2.23467154,0.45628175,0.05381718,0.01544884,0.45995761,1.12212895,1.51912463
1.90595298,2.23169829,0.45824922,0.05351159,0.01526561,0.46394880,1.13532610,1.51074877
1.91195598,2.22472880,0.45894493,0.05313623,0.01505212,0.46695395,1.14520823,1.50049602
1.91795898,2.21348956,0.45841251,0.05268532,0.01481208,0.46885396,1.15148019,1.48814015
1.92396198,2.19779293,0.45672931,0.05215452,0.01454982,0.46955407,1.15391053,1.47348627
1.92996498,2.17754668,0.45400311,0.05154127,0.01427012,0.46898757,1.15234155,1.45638027
1.93596798,2.15275849,0.45036735,0.05084509,0.01397809,0.46711832,1.14669630,1.43671587
1.94197099,2.12353536,0.44597512,0.05006765,0.01367899,0.46394157,1.13698223,1.41443895
1.94797399,2.09007806,0.44099217,0.04921274,0.01337808,0.45948347,1.12329131,1.38954910
1.95397699,2.05267117,0.43558922,0.04828618,0.01308039,0.45379902,1.10579660,1.36209879
1.95997999,2.01166939,0.42993404,0.04729548,0.01279055,0.44696884,1.08474562,1.33219012
1.96598299,1.96748105,0.42418357,0.04624953,0.01251263,0.43909482,1.06045066,1.29996981
1.97198599,1.92055001,0.41847661,0.04515816,0.01224997,0.43029506,1.03327693,1.26562277
1.97798899,1.87133680,0.41292732,0.04403165,0.01200507,0.42069826,1.00362891,1.22936472
1.98399200,1.82030046,0.40762000,0.04288026,0.01177949,0.41043805,0.97193581,1.19143452
1.98999500,1.76788185,0.40260527,0.04171376,0.01157379,0.39964746,0.93863696,1.15208653
1.99599800,1.71448945,0.39789803,0.04054105,0.01138754,0.38845384,0.90416770,1.11158353
2.00200100,1.66048841,0.39347715,0.03936978,0.01121937,0.37697462,0.86894665,1.07019056
2.00800400,1.60619325,0.38928701,0.03820618,0.01106699,0.36531390,0.83336492,1.02816989
2.01400700,1.55186470,0.38524076,0.03705486,0.01092739,0.35356023,0.79777763,0.98577735
2.02001001,1.49771038,0.38122517,0.03591885,0.01079693,0.34178551,0.76249814,0.94326016
2.02601301,1.44388946,0.37710678,0.03479970,0.01067159,0.33004511,0.72779517,0.90085607
2.03201601,1.39052064,0.37273907,0.03369763,0.01054710,0.31837901,0.69389263,0.85879393
2.03801901,1.33769294,0.36797025,0.03261188,0.01041922,0.30681402,0.66097214,0.81729534
2.04402201,1.28547855,0.36265126,0.03154103,0.01028392,0.29536675,0.62917786,0.77657733
2.05002501,1.23394687,0.35664369,0.03048340,0.01013763,0.28404719,0.59862307,0.73685561
2.05602801,1.18317898,0.34982705,0.02943750,0.00997739,0.27286261,0.56939822,0.69834829
2.06203102,1.13328143,0.34210516,0.02840236,0.00980108,0.26182156,0.54157966,0.66127961
2.06803402,1.08439888,0.33341141,0.02737799,0.00960752,0.25093778,0.51523854,0.62588347
2.07403702,1.03672455,0.32371256,0.02636560,0.00939656,0.24023365,0.49044939,0.59240652
2.08004002,0.99050813,0.31301093,0.02536789,0.00916921,0.22974312,0.46729777,0.56111041
2.08604302,0.94606059,0.30134514,0.02438916,0.00892758,0.21951393,0.44588650,0.53227318
2.09204602,0.90375562,0.28878908,0.02343539,0.00867490,0.20960892,0.42634035,0.50618943
2.09804902,0.86402772,0.27544960,0.02251410,0.00841543,0.20010651,0.40880868,0.48316934
2.10405203,0.82736678,0.26146274,0.02163431,0.00815436,0.19110024,0.39346606,0.46353628
2.11005503,0.79430955,0.24698905,0.02080617,0.00789769,0.18269734,0.38051075,0.44762313
2.11605803,0.76542810,0.23220800,0.02004075,0.00765201,0.17501659,0.37016117,0.43576720
2.12206103,0.74131588,0.21731199,0.01934961,0.00742432,0.16818532,0.36265050,0.42830390
2.12806403,0.72257167,0.20250008,0.01874437,0.00722187,0.16233588,0.35821955,0.42555920
2.13406703,0.70978205,0.18797184,0.01823631,0.00705186,0.15760153,0.35710829,0.42784105
2.14007004,0.70350284,0.17392149,0.01783592,0.00692129,0.15411208,0.35954634,0.43542988
2.14607304,0.70424016,0.16053260,0.01755246,0.00683670,0.15198928,0.36574268,0.44856840
2.15207604,0.71243148,0.14797348,0.01739359,0.00680397,0.15134220,0.37587507,0.46745103
2.15807904,0.72842733,0.13639337,0.01736503,0.00682817,0.15226270,0.39007945,0.49221300
2.16408204,0.75247408,0.12591954,0.01747027,0.00691335,0.15482113,0.40843975,0.52291969
2.17008504,0.78469829,0.11665531,0.01771035,0.00706239,0.15906244,0.43097846,0.55955639
2.17608804,0.82509305,0.10867889,0.01808373,0.00727691,0.16500273,0.45764828,0.60201887
2.18209105,0.87350694,0.10204315,0.01858620,0.00755719,0.17262647,0.48832523,0.65010518
2.18809405,0.92963572,0.09677607,0.01921089,0.00790205,0.18188444,0.52280349,0.70350907
2.19409705,0.99301753,0.09288190,0.01994832,0.00830889,0.19269240,0.56079223,0.76181552
2.20010005,1.06303173,0.09034284,0.02078659,0.00877369,0.20493080,0.60191486,0.82449867
2.20610305,1.13890187,0.08912127,0.02171152,0.00929103,0.21844539,0.64571056,0.89092267
2.21210605,1.21970304,0.08916219,0.02270697,0.00985420,0.23304888,0.69163865,0.96034565
2.21810905,1.30437372,0.09039602,0.02375511,0.01045531,0.24852369,0.73908549,1.03192726
2.22411206,1.39173235,0.09274157,0.02483681,0.01108546,0.26462576,0.78737422,1.10473966
2.23011506,1.48049842,0.09610898,0.02593205,0.01173495,0.28108933,0.83577700,1.17778230
2.23611806,1.56931794,0.10040277,0.02702035,0.01239347,0.29763282,0.88352967,1.25000020
2.24212106,1.65679270,0.10552472,0.02808122,0.01305039,0.31396540,0.92984850,1.32030541
2.24812406,1.74151284,0.11137665,0.02909470,0.01369503,0.32979428,0.97394854,1.38760138
2.25412706,1.82209182,0.11786295,0.03004178,0.01431696,0.34483252,1.01506306,1.45080948
2.26013007,1.89720263,0.12489278,0.03090493,0.01490630,0.35880699,1.05246346,1.50889690
2.26613307,1.96561430,0.13238198,0.03166854,0.01545401,0.37146623,1.08547903,1.56090514
2.27213607,2.02622712,0.14025452,0.03231937,0.01595219,0.38258809,1.11351563,1.60597788
2.27813907,2.07810550,0.14844348,0.03284691,0.01639432,0.39198656,1.13607273,1.64338739
2.28414207,2.12050684,0.15689160,0.03324369,0.01677547,0.39951771,1.15275813,1.67255818
2.29014507,2.15290537,0.16555122,0.03350553,0.01709249,0.40508444,1.16329946,1.69308701
2.29614807,2.17500976,0.17438385,0.03363167,0.01734410,0.40863970,1.16755233,1.70475837
2.30215108,2.18677364,0.18335925,0.03362481,0.01753096,0.41018815,1.16550436,1.70755445
2.30815408,2.18839847,0.19245405,0.03349104,0.01765558,0.40978610,1.15727520,1.70165937
2.31415708,2.18032846,0.20165019,0.03323966,0.01772232,0.40753964,1.14311221,1.68745704
2.32016008,2.16323766,0.21093310,0.03288289,0.01773712,0.40360115,1.12338228,1.66552288
2.32616308,2.13800968,0.22028984,0.03243548,0.01770735,0.39816418,1.09855983,1.63660941
2.33216608,2.10571070,0.22970733,0.03191423,0.01764151,0.39145698,1.06921169,1.60162631
2.33816908,2.06755707,0.23917077,0.03133742,0.01754886,0.38373492,1.03597944,1.56161565
2.34417209,2.02487849,0.24866240,0.03072423,0.01743915,0.37527211,0.99955996,1.51772323
2.35017509,1.97907848,0.25816071,0.03009411,0.01732220,0.36635256,0.96068505,1.47116702
2.35617809,1.93159355,0.26764014,0.02946612,0.01720755,0.35726121,0.92010078,1.42320391
2.36218109,1.88385262,0.27707129,0.02885831,0.01710415,0.34827521,0.87854756,1.37509603
2.36818409,1.83723805,0.28642169,0.02828720,0.01702001,0.33965576,0.83674156,1.32807760
2.37418709,1.79304976,0.29565704,0.02776722,0.01696198,0.33164078,0.79535798,1.28332353
2.38019010,1.75247324,0.30474272,0.02731031,0.01693553,0.32443861,0.75501685,1.24192071
2.38619310,1.71655248,0.31364566,0.02692566,0.01694461,0.31822303,0.71627146,1.20484260
2.39219610,1.68616824,0.32233613,0.02661942,0.01699159,0.31312957,0.67959982,1.17292795
2.39819910,1.66202197,0.33078955,0.02639468,0.01707720,0.30925315,0.64539889,1.14686385
2.40420210,1.64462546,0.33898789,0.02625146,0.01720063,0.30664722,0.61398179,1.12717339
2.41020510,1.63429588,0.34692065,0.02618683,0.01735963,0.30532409,0.58557741,1.11420802
2.41620810,1.63115608,0.35458527,0.02619519,0.01755061,0.30525649,0.56033242,1.10814446
2.42221111,1.63513938,0.36198678,0.02626851,0.01776886,0.30638016,0.53831511,1.10898593
2.42821411,1.64599861,0.36913680,0.02639676,0.01800876,0.30859729,0.51952073,1.11656750
2.43421711,1.66331852,0.37605173,0.02656829,0.01826396,0.31178070,0.50387800,1.13056510
2.44022011,1.68653129,0.38275034,0.02677032,0.01852763,0.31577852,0.49125631,1.15050784
2.44622311,1.71493436,0.38925087,0.02698934,0.01879266,0.32041919,0.48147341,1.17579332
2.45222611,1.74771033,0.39556779,0.02721165,0.01905184,0.32551672,0.47430327,1.20570535
2.45822911,1.78394844,0.40170838,0.02742371,0.01929807,0.33087602,0.46948395,1.23943387
2.46423212,1.82266727,0.40766961,0.02761259,0.01952444,0.33629807,0.46672526,1.27609660
2.47023512,1.86283839,0.41343526,0.02776629,0.01972444,0.34158510,0.46571628,1.31476190
2.47623812,1.90341072,0.41897379,0.02787409,0.01989201,0.34654543,0.46613250,1.35447260
2.48224112,1.94333512,0.42423696,0.02792675,0.02002162,0.35099799,0.46764276,1.39427011
2.48824412,1.98158904,0.42915960,0.02791676,0.02010835,0.35477656,0.46991574,1.43321858
2.49424712,2.01720070,0.43366037,0.02783844,0.02014793,0.35773348,0.47262631,1.47042828
2.50025013,2.04927245,0.43764377,0.02768804,0.02013676,0.35974292,0.47546142,1.50507785
2.50625313,2.07700254,0.44100322,0.02746380,0.02007198,0.36070353,0.47812569,1.53643470
2.51225613,2.09970501,0.44362518,0.02716590,0.01995146,0.36054057,0.48034657,1.56387299
2.51825913,2.11682678,0.44539410,0.02679647,0.01977384,0.35920732,0.48187901,1.58688863
2.52426213,2.12796148,0.44619792,0.02635943,0.01953853,0.35668576,0.48250957,1.60511065
2.53026513,2.13285940,0.44593389,0.02586041,0.01924577,0.35298654,0.48205978,1.61830866
2.53626813,2.13143295,0.44451443,0.02530660,0.01889661,0.34814820,0.48038881,1.62639588
2.54227114,2.12375738,0.44187255,0.02470650,0.01849290,0.34223558,0.47739513,1.62942761
2.54827414,2.11006641,0.43796674,0.02406979,0.01803734,0.33533748,0.47301733,1.62759512
2.55427714,2.09074281,0.43278486,0.02340702,0.01753338,0.32756370,0.46723379,1.62121504
2.56028014,2.06630412,0.42634697,0.02272938,0.01698525,0.31904141,0.46006146,1.61071462
2.56628314,2.03738382,0.41870679,0.02204843,0.01639785,0.30991102,0.45155351,1.59661340
2.57228614,2.00470880,0.40995178,0.02137578,0.01577670,0.30032169,0.44179613,1.57950190
2.57828914,1.96907366,0.40020188,0.02072285,0.01512781,0.29042667,0.43090444,1.56001825
2.58429215,1.93131315,0.38960685,0.02010054,0.01445760,0.28037848,0.41901781,1.53882362
2.59029515,1.89227366,0.37834238,0.01951894,0.01377272,0.27032437,0.40629461,1.51657747
2.59629815,1.85278495,0.36660529,0.01898712,0.01307993,0.26040195,0.39290668,1.49391373
2.60230115,1.81363344,0.35460786,0.01851282,0.01238595,0.25073537,0.37903381,1.47141872
2.60830415,1.77553803,0.34257170,0.01810233,0.01169729,0.24143214,0.36485818,1.44961190
2.61430715,1.73912945,0.33072144,0.01776028,0.01102014,0.23258059,0.35055936,1.42893002
2.62031016,1.70493407,0.31927840,0.01748954,0.01036021,0.22424831,0.33630963,1.40971547
2.62631316,1.67336262,0.30845466,0.01729120,0.00972263,0.21648130,0.32227009,1.39220909
2.63231616,1.64470420,0.29844754,0.01716455,0.00911190,0.20930418,0.30858747,1.37654766
2.63831916,1.61912568,0.28943492,0.01710716,0.00853177,0.20272112,0.29539184,1.36276606
2.64432216,1.59667622,0.28157121,0.01711499,0.00798526,0.19671763,0.28279507,1.35080377
2.65032516,1.57729644,0.27498436,0.01718259,0.00747464,0.19126304,0.27089028,1.34051531
2.65632816,1.56083163,0.26977361,0.01730329,0.00700147,0.18631346,0.25975187,1.33168385
2.66233117,1.54704797,0.26600817,0.01746944,0.00656664,0.18181518,0.24943634,1.32403739
2.66833417,1.53565096,0.26372668,0.01767274,0.00617045,0.17770825,0.23998362,1.31726641
2.67433717,1.52630481,0.26293732,0.01790444,0.00581269,0.17393007,0.23141871,1.31104220
2.68034017,1.51865177,0.26361851,0.01815566,0.00549276,0.17041887,0.22375367,1.30503481
2.68634317,1.51233050,0.26572013,0.01841767,0.00520971,0.16711686,0.21698957,1.29892992
2.69234617,1.50699236,0.26916506,0.01868205,0.00496242,0.16397291,0.21111847,1.29244353
2.69834917,1.50231507,0.27385109,0.01894098,0.00474959,0.16094470,0.20612519,1.28533415
2.70435218,1.49801312,0.27965304,0.01918730,0.00456989,0.15800018,0.20198875,1.27741175
2.71035518,1.49384461,0.28642513,0.01941469,0.00442197,0.15511837,0.19868351,1.26854323
2.71635818,1.48961442,0.29400359,0.01961770,0.00430451,0.15228944,0.19617996,1.25865440
2.72236118,1.48517395,0.30220949,0.01979176,0.00421624,0.14951414,0.19444508,1.24772836
2.72836418,1.48041761,0.31085184,0.01993316,0.00415592,0.14680259,0.19344239,1.23580085
2.73436718,1.47527677,0.31973099,0.02003900,0.00412233,0.14417258,0.19313172,1.22295265
2.74037019,1.46971168,0.32864231,0.02010711,0.00411424,0.14164748,0.19346875,1.20930004
2.74637319,1.46370222,0.33738022,0.02013590,0.00413032,0.13925384,0.19440454,1.19498361
2.75237619,1.45723821,0.34574237,0.02012433,0.00416915,0.13701890,0.19588496,1.18015650
2.75837919,1.45031005,0.35353414,0.02007173,0.00422914,0.13496815,0.19785031,1.16497256
2.76438219,1.44290044,0.36057318,0.01997776,0.00430844,0.13312298,0.20023514,1.14957539
2.77038519,1.43497773,0.36669386,0.01984232,0.00440498,0.13149872,0.20296833,1.13408871
2.77638819,1.42649139,0.37175158,0.01966545,0.00451637,0.13010297,0.20597357,1.11860884
2.78239120,1.41736993,0.37562669,0.01944736,0.00463994,0.12893452,0.20917018,1.10319942
2.78839420,1.40752129,0.37822783,0.01918840,0.00477276,0.12798274,0.21247431,1.08788893
2.79439720,1.39683576,0.37949448,0.01888908,0.00491160,0.12722755,0.21580058,1.07267081
2.80040020,1.38519118,0.37939865,0.01855007,0.00505310,0.12664002,0.21906394,1.05750630
2.80640320,1.37245993,0.37794557,0.01817233,0.00519375,0.12618343,0.22218184,1.04232966
2.81240620,1.35851745,0.37517314,0.01775711,0.00533003,0.12581481,0.22507643,1.02705537
2.81840920,1.34325154,0.37115038,0.01730604,0.00545851,0.12548697,0.22767698,1.01158687
2.82441221,1.32657192,0.36597475,0.01682121,0.00557597,0.12515067,0.22992199,0.99582624
2.83041521,1.30841947,0.35976840,0.01630519,0.00567952,0.12475711,0.23176135,0.97968421
2.83641821,1.28877447,0.35267370,0.01576112,0.00576670,0.12426040,0.23315799,0.96308980
2.84242121,1.26766349,0.34484802,0.01519274,0.00583563,0.12362000,0.23408935,0.94599917
2.84842421,1.24516439,0.33645822,0.01460435,0.00588506,0.12280297,0.23454832,0.92840300
2.85442721,1.22140928,0.32767492,0.01400085,0.00591446,0.12178597,0.23454377,0.91033209
2.86043022,1.19658515,0.31866699,0.01338769,0.00592410,0.12055686,0.23410054,0.89186088
2.86643322,1.17093233,0.30959642,0.01277083,0.00591504,0.11911590,0.23325913,0.87310862
2.87243622,1.14474069,0.30061381,0.01215662,0.00588914,0.11747648,0.23207484,0.85423837
2.87843922,1.11834402,0.29185480,0.01155178,0.00584904,0.11566532,0.23061664,0.83545373
2.88444222,1.09211277,0.28343737,0.01096325,0.00579809,0.11372226,0.22896585,0.81699374
2.89044522,1.06644560,0.27546026,0.01039809,0.00574029,0.11169949,0.22721449,0.79912614
2.89644822,1.04176023,0.26800255,0.00986336,0.00568015,0.10966044,0.22546371,0.78213950
2.90245123,1.01848398,0.26112418,0.00936600,0.00562264,0.10767823,0.22382206,0.76633461
2.90845423,0.99704441,0.25486752,0.00891270,0.00557300,0.10583393,0.22240391,0.75201577
2.91445723,0.97786061,0.24925961,0.00850982,0.00553664,0.10421447,0.22132790,0.73948219
2.92046023,0.96133518,0.24431515,0.00816322,0.00551903,0.10291051,0.22071546,0.72902016
2.92646323,0.94784747,0.24003973,0.00787823,0.00552555,0.10201416,0.22068949,0.72089618
2.93246623,0.93774780,0.23643322,0.00765949,0.00556139,0.10161669,0.22137304,0.71535136
2.93846923,0.93135313,0.23349313,0.00751092,0.00563148,0.10180631,0.22288803,0.71259716
2.94447224,0.92894366,0.23121748,0.00743564,0.00574034,0.10266598,0.22535384,0.71281264
2.95047524,0.93076053,0.22960733,0.00743590,0.00589209,0.10427135,0.22888583,0.71614294
2.95647824,0.93700413,0.22866841,0.00751303,0.00609037,0.10668882,0.23359364,0.72269894
2.96248124,0.94783297,0.22841215,0.00766742,0.00633827,0.10997373,0.23957919,0.73255783
2.96848424,0.96336253,0.22885569,0.00789847,0.00663834,0.11416871,0.24693438,0.74576421
2.97448724,0.98366402,0.23002109,0.00820456,0.00699255,0.11930223,0.25573847,0.76233138
2.98049025,1.00876269,0.23193376,0.00858307,0.00740227,0.12538723,0.26605519,0.78224258
2.98649325,1.03863552,0.23462003,0.00903031,0.00786824,0.13242002,0.27792953,0.80545167
2.99249625,1.07320824,0.23810431,0.00954159,0.00839056,0.14037934,0.29138442,0.83188327
2.99849925,1.11235160,0.24240576,0.01011117,0.00896864,0.14922573,0.30641745,0.86143191
3.00450225,1.15587724,0.24753471,0.01073233,0.00960117,0.15890110,0.32299762,0.89396036
3.01050525,1.20353312,0.25348925,0.01139737,0.01028609,0.16932870,0.34106257,0.92929711
3.01650825,1.25499913,0.26025191,0.01209773,0.01102050,0.18041344,0.36051624,0.96723316
3.02251126,1.30988325,0.26778691,0.01282401,0.01180067,0.19204269,0.38122738,1.00751847
3.02851426,1.36771865,0.27603794,0.01356609,0.01262196,0.20408748,0.40302890,1.04985837
3.03451726,1.42796247,0.28492687,0.01431332,0.01347883,0.21640428,0.42571840,1.09391039
3.04052026,1.48999660,0.29435327,0.01505458,0.01436478,0.22883730,0.44905988,1.13928206
3.04652326,1.55313097,0.30419493,0.01577857,0.01527242,0.24122125,0.47278678,1.18553002
3.05252626,1.61660973,0.31430950,0.01647392,0.01619347,0.25338468,0.49660625,1.23216094
3.05852926,1.67962047,0.32453695,0.01712951,0.01711885,0.26515363,0.52020472,1.27863462
3.06453227,1.74130653,0.33470307,0.01773464,0.01803883,0.27635573,0.54325455,1.32436949
3.07053527,1.80078231,0.34462365,0.01827931,0.01894311,0.28682444,0.56542163,1.36875060
3.07653827,1.85715122,0.35410933,0.01875447,0.01982106,0.29640339,0.58637360,1.41114006
3.08254127,1.90952577,0.36297085,0.01915224,0.02066191,0.30495059,0.60578848,1.45088984
3.08854427,1.95704909,0.37102445,0.01946613,0.02145499,0.31234252,0.62336338,1.48735638
3.09454727,1.99891732,0.37809728,0.01969124,0.02218997,0.31847761,0.63882293,1.51991676
3.10055028,2.03440165,0.38403257,0.01982437,0.02285715,0.32327932,0.65192701,1.54798564
3.10655328,2.06286939,0.38869424,0.01986415,0.02344767,0.32669836,0.66247771,1.57103236
3.11255628,2.08380313,0.39197095,0.01981110,0.02395379,0.32871418,0.67032501,1.58859750
3.11855928,2.09681692,0.39377923,0.01966757,0.02436904,0.32933547,0.67537103,1.60030812
3.12456228,2.10166914,0.39406580,0.01943774,0.02468847,0.32859972,0.67757279,1.60589098
3.13056528,2.09827109,0.39280875,0.01912748,0.02490869,0.32657186,0.67694326,1.60518321
3.13656828,2.08669114,0.39001776,0.01874417,0.02502803,0.32334197,0.67355080,1.59813975
3.14257129,2.06715422,0.38573330,0.01829654,0.02504652,0.31902219,0.66751690,1.58483734
3.14857429,2.04003652,0.38002487,0.01779437,0.02496587,0.31374289,0.65901253,1.56547481
3.15457729,2.00585574,0.37298837,0.01724828,0.02478940,0.30764846,0.64825314,1.54036952
3.16058029,1.96525725,0.36474281,0.01666942,0.02452190,0.30089255,0.63549256,1.50995021
3.16658329,1.91899674,0.35542638,0.01606922,0.02416947,0.29363339,0.62101615,1.47474637
3.17258629,1.86791999,0.34519219,0.01545908,0.02373936,0.28602899,0.60513329,1.43537468
3.17858929,1.81294065,0.33420376,0.01485019,0.02323967,0.27823269,0.58816976,1.39252294
3.18459230,1.75501675,0.32263055,0.01425323,0.02267919,0.27038906,0.57046003,1.34693219
3.19059530,1.69512695,0.31064347,0.01367826,0.02206717,0.26263045,0.55233984,1.29937758
3.19659830,1.63424716,0.29841086,0.01313455,0.02141301,0.25507413,0.53413935,1.25064879
3.20260130,1.57332843,0.28609468,0.01263048,0.02072617,0.24782028,0.51617695,1.20153059
3.20860430,1.51327668,0.27384741,0.01217351,0.02001588,0.24095069,0.49875385,1.15278425
3.21460730,1.45493491,0.26180934,0.01177015,0.01929104,0.23452829,0.48214970,1.10513031
3.22061031,1.39906810,0.25010664,0.01142605,0.01856007,0.22859743,0.46661919,1.05923329
3.22661331,1.34635130,0.23884995,0.01114600,0.01783082,0.22318480,0.45238953,1.01568862
3.23261631,1.29736082,0.22813367,0.01093407,0.01711048,0.21830093,0.43965904,0.97501211
3.23861931,1.25256860,0.21803582,0.01079370,0.01640556,0.21394209,0.42859648,0.93763215
3.24462231,1.21233961,0.20861833,0.01072785,0.01572188,0.21009251,0.41934113,0.90388470
3.25062531,1.17693205,0.19992792,0.01073909,0.01506455,0.20672675,0.41200358,0.87401088
3.25662831,1.14649999,0.19199719,0.01082972,0.01443799,0.20381200,0.40666684,0.84815725
3.26263132,1.12109809,0.18484597,0.01100187,0.01384598,0.20131040,0.40338778,0.82637834
3.26863432,1.10068808,0.17848285,0.01125755,0.01329165,0.19918099,0.40219870,0.80864133
3.27463732,1.08514651,0.17290673,0.01159868,0.01277757,0.19738149,0.40310880,0.79483245
3.28064032,1.07427334,0.16810822,0.01202709,0.01230571,0.19586961,0.40610553,0.78476482
3.28664332,1.06780123,0.16407100,0.01254447,0.01187751,0.19460408,0.41115566,0.77818739
3.29264632,1.06540500,0.16077294,0.01315229,0.01149386,0.19354529,0.41820591,0.77479466
3.29864932,1.06671112,0.15818694,0.01385165,0.01115517,0.19265557,0.42718336,0.77423682
3.30465233,1.07130706,0.15628155,0.01464317,0.01086130,0.19189924,0.43799537,0.77613012
3.31065533,1.07875033,0.15502131,0.01552676,0.01061163,0.19124247,0.45052924,0.78006712
3.31665833,1.08857716,0.15436691,0.01650144,0.01040504,0.19065298,0.46465170,0.78562671
3.32266133,1.10031082,0.15427511,0.01756512,0.01023993,0.19009974,0.48020831,0.79238365
3.32866433,1.11346953,0.15469866,0.01871442,0.01011424,0.18955274,0.49702299,0.79991751
3.33466733,1.12757402,0.15558614,0.01994442,0.01002553,0.18898282,0.51489786,0.80782103
3.34067034,1.14215487,0.15688190,0.02124856,0.00997096,0.18836168,0.53361356,0.81570754
3.34667334,1.15675951,0.15852623,0.02261847,0.00994745,0.18766213,0.55293037,0.82321775
3.35267634,1.17095907,0.16045569,0.02404391,0.00995173,0.18685848,0.57259012,0.83002556
3.35867934,1.18435502,0.16260382,0.02551278,0.00998046,0.18592713,0.59231924,0.83584315
3.36468234,1.19658563,0.16490227,0.02701116,0.01003039,0.18484734,0.61183294,0.84042510
3.37068534,1.20733219,0.16728220,0.02852344,0.01009848,0.18360208,0.63084058,0.84357175
3.37668834,1.21632493,0.16967613,0.03003260,0.01018210,0.18217891,0.64905226,0.84513171
3.38269135,1.22334853,0.17202016,0.03152045,0.01027915,0.18057080,0.66618652,0.84500360
3.38869435,1.22824715,0.17425636,0.03296805,0.01038827,0.17877695,0.68197888,0.84313697
3.39469735,1.23092878,0.17633534,0.03435614,0.01050896,0.17680330,0.69619112,0.83953251
3.40070035,1.23136865,0.17821890,0.03566567,0.01064175,0.17466288,0.70862082,0.83424148
3.40670335,1.22961175,0.17988247,0.03687831,0.01078829,0.17237592,0.71911091,0.82736439
3.41270635,1.22577402,0.18131731,0.03797705,0.01095144,0.16996957,0.72755857,0.81904904
3.41870935,1.22004217,0.18253231,0.03894676,0.01113528,0.16747739,0.73392330,0.80948774
3.42471236,1.21267191,0.18355513,0.03977474,0.01134515,0.16493851,0.73823345,0.79891381
3.43071536,1.20398458,0.18443271,0.04045118,0.01158753,0.16239657,0.74059081,0.78759745
3.43671836,1.19436179,0.18523094,0.04096967,0.01186998,0.15989836,0.74117302,0.77584070
3.44272136,1.18423844,0.18603346,0.04132744,0.01220091,0.15749237,0.74023319,0.76397183
3.44872436,1.17409370,0.18693961,0.04152568,0.01258938,0.15522724,0.73809676,0.75233891
3.45472736,1.16444041,0.18806148,0.04156959,0.01304478,0.15315018,0.73515537,0.74130277
3.46073037,1.15581278,0.18952015,0.04146836,0.01357654,0.15130542,0.73185772,0.73122933
3.46673337,1.14875274,0.19144134,0.04123504,0.01419372,0.14973282,0.72869769,0.72248135
3.47273637,1.14379526,0.19395037,0.04088622,0.01490459,0.14846657,0.72619989,0.71540990
3.47873937,1.14145290,0.19716695,0.04044161,0.01571624,0.14753424,0.72490322,0.71034542
3.48474237,1.14220013,0.20119970,0.03992351,0.01663412,0.14695594,0.72534277,0.70758888
3.49074537,1.14645784,0.20614082,0.03935621,0.01766165,0.14674381,0.72803092,0.70740299
3.49674837,1.15457850,0.21206104,0.03876522,0.01879981,0.14690182,0.73343819,0.71000385
3.50275138,1.16683259,0.21900525,0.03817660,0.02004681,0.14742579,0.74197467,0.71555324
3.50875438,1.18339673,0.22698870,0.03761611,0.02139782,0.14830362,0.75397273,0.72415192
3.51475738,1.20434405,0.23599439,0.03710852,0.02284480,0.14951584,0.76967174,0.73583403
3.52076038,1.22963715,0.24597137,0.03667679,0.02437640,0.15103625,0.78920556,0.75056300
3.52676338,1.25912409,0.25683441,0.03634147,0.02597798,0.15283279,0.81259312,0.76822917
3.53276638,1.29253767,0.26846489,0.03612003,0.02763178,0.15486843,0.83973288,0.78864921
3.53876938,1.32949806,0.28071302,0.03602637,0.02931715,0.15710225,0.87040111,0.81156757
3.54477239,1.36951897,0.29340127,0.03607044,0.03101098,0.15949042,0.90425442,0.83665998
3.55077539,1.41201712,0.30632894,0.03625792,0.03268819,0.16198738,0.94083637,0.86353903
3.55677839,1.45632490,0.31927775,0.03659009,0.03432234,0.16454682,0.97958799,0.89176161
3.56278139,1.50170579,0.33201814,0.03706379,0.03588632,0.16712275,1.01986191,0.92083831
3.56878439,1.54737211,0.34431614,0.03767151,0.03735311,0.16967047,1.06093961,0.95024426
3.57478739,1.59250454,0.35594049,0.03840162,0.03869655,0.17214751,1.10205109,0.97943128
3.58079040,1.63627279,0.36666972,0.03923868,0.03989215,0.17451446,1.14239640,1.00784095
3.58679340,1.67785661,0.37629888,0.04016389,0.04091783,0.17673570,1.18116815,1.03491809
3.59279640,1.71646658,0.38464578,0.04115558,0.04175461,0.17878007,1.21757423,1.06012440
3.59879940,1.75136390,0.39155625,0.04218982,0.04238724,0.18062142,1.25086000,1.08295159
3.60480240,1.78187849,0.39690852,0.04324106,0.04280463,0.18223895,1.28032907,1.10293377
3.61080540,1.80742484,0.40061622,0.04428281,0.04300023,0.18361753,1.30536209,1.11965857
3.61680840,1.82751513,0.40263022,0.04528833,0.04297221,0.18474775,1.32543292,1.13277662
3.62281141,1.84176917,0.40293907,0.04623135,0.04272344,0.18562588,1.34012161,1.14200919
3.62881441,1.84992095,0.40156813,0.04708674,0.04226138,0.18625361,1.34912399,1.14715372
3.63481741,1.85182169,0.39857742,0.04783117,0.04159775,0.18663764,1.35225744,1.14808693
3.64082041,1.84743935,0.39405846,0.04844368,0.04074810,0.18678912,1.34946301,1.14476585
3.64682341,1.83685484,0.38813015,0.04890618,0.03973120,0.18672284,1.34080374,1.13722633
3.65282641,1.82025515,0.38093389,0.04920391,0.03856841,0.18645642,1.32645946,1.12557952
3.65882941,1.79792372,0.37262835,0.04932571,0.03728293,0.18600930,1.30671846,1.11000629
3.66483242,1.77022872,0.36338393,0.04926428,0.03589903,0.18540169,1.28196628,1.09075004
3.67083542,1.73760955,0.35337726,0.04901623,0.03444129,0.18465353,1.25267218,1.06810798
3.67683842,1.70056224,0.34278598,0.04858207,0.03293388,0.18378344,1.21937391,1.04242145
3.68284142,1.65962429,0.33178386,0.04796605,0.03139989,0.18280778,1.18266124,1.01406561
3.68884442,1.61535961,0.32053668,0.04717593,0.02986073,0.18173987,1.14315892,0.98343878
3.69484742,1.56834398,0.30919865,0.04622264,0.02833566,0.18058938,1.10150964,0.95095193
3.70085043,1.51915160,0.29790978,0.04511980,0.02684145,0.17936196,1.05835754,0.91701869
3.70685343,1.46834309,0.28679400,0.04388332,0.02539214,0.17805914,1.01433278,0.88204605
3.71285643,1.41645537,0.27595819,0.04253079,0.02399892,0.17667854,0.97003770,0.84642626
3.71885943,1.36399356,0.26549201,0.04108098,0.02267019,0.17521437,0.92603479,0.81052991
3.72486243,1.31142511,0.25546839,0.03955333,0.02141161,0.17365824,0.88283693,0.77470051
3.73086543,1.25917610,0.24594481,0.03796738,0.02022642,0.17200020,0.84090003,0.73925056
3.73686843,1.20762988,0.23696496,0.03634236,0.01911565,0.17023000,0.80061814,0.70445924
3.74287144,1.15712747,0.22856093,0.03469674,0.01807854,0.16833854,0.76232102,0.67057144
3.74887444,1.10796996,0.22075555,0.03304795,0.01711289,0.16631938,0.72627419,0.63779829
3.75487744,1.06042212,0.21356496,0.03141207,0.01621550,0.16417018,0.69268111,0.60631875
3.76088044,1.01471710,0.20700105,0.02980370,0.01538253,0.16189417,0.66168722,0.57628226
3.76688344,0.97106169,0.20107381,0.02823580,0.01460989,0.15950127,0.63338562,0.54781192
3.77288644,0.92964166,0.19579339,0.02671971,0.01389356,0.15700906,0.60782375,0.52100823
3.77888944,0.89062672,0.19117172,0.02526516,0.01322986,0.15444328,0.58501084,0.49595275
3.78489245,0.85417472,0.18722369,0.02388030,0.01261567,0.15183799,0.56492548,0.47271173
3.79089545,0.82043465,0.18396769,0.02257184,0.01204856,0.14923517,0.54752291,0.45133912
3.79689845,0.78954823,0.18142565,0.02134512,0.01152686,0.14668389,0.53274170,0.43187907
3.80290145,0.76164980,0.17962233,0.02020427,0.01104966,0.14423897,0.52050929,0.41436749
3.80890445,0.73686454,0.17858407,0.01915228,0.01061674,0.14195918,0.51074626,0.39883272
3.81490745,0.71530497,0.17833699,0.01819108,0.01022849,0.13990507,0.50336909,0.38529524
3.82091046,0.69706605,0.17890466,0.01732167,0.00988568,0.13813645,0.49829129,0.37376645
3.82691346,0.68221899,0.18030541,0.01654407,0.00958936,0.13670971,0.49542314,0.36424670
3.83291646,0.67080440,0.18254950,0.01585740,0.00934056,0.13567511,0.49466999,0.35672269
3.83891946,0.66282511,0.18563620,0.01525987,0.00914015,0.13507405,0.49592954,0.35116454
3.84492246,0.65823929,0.18955096,0.01474876,0.00898862,0.13493666,0.49908844,0.34752272
3.85092546,0.65695451,0.19426304,0.01432042,0.00888589,0.13527968,0.50401865,0.34572535
3.85692846,0.65882323,0.19972360,0.01397025,0.00883118,0.13610490,0.51057398,0.34567585
3.86293147,0.66364024,0.20586450,0.01369275,0.00882293,0.13739810,0.51858728,0.34725159
3.86893447,0.67114261,0.21259798,0.01348152,0.00885871,0.13912881,0.52786886,0.35030346
3.87493747,0.68101230,0.21981732,0.01332938,0.00893530,0.14125072,0.53820618,0.35465687
3.88094047,0.69288173,0.22739850,0.01322850,0.00904871,0.14370287,0.54936547,0.36011392
3.88694347,0.70634218,0.23520292,0.01317052,0.00919429,0.14641158,0.56109503,0.36645715
3.89294647,0.72095492,0.24308108,0.01314679,0.00936697,0.14929306,0.57313047,0.37345454
3.89894947,0.73626462,0.25087716,0.01314860,0.00956142,0.15225656,0.58520165,0.38086564
3.90495248,0.75181461,0.25843424,0.01316745,0.00977231,0.15520797,0.59704098,0.38844877
3.91095548,0.76716317,0.26560004,0.01319532,0.00999459,0.15805368,0.60839277,0.39596871
3.91695848,0.78190018,0.27223281,0.01322499,0.01022376,0.16070457,0.61902300,0.40320466
3.92296148,0.79566324,0.27820715,0.01325023,0.01045613,0.16307979,0.62872905,0.40995810
3.92896448,0.80815234,0.28341943,0.01326614,0.01068909,0.16511036,0.63734870,0.41605999
3.93496748,0.81914241,0.28779251,0.01326927,0.01092123,0.16674220,0.64476779,0.42137701
3.94097049,0.82849286,0.29127952,0.01325779,0.01115261,0.16793855,0.65092610,0.42581647
3.94697349,0.83615361,0.29386642,0.01323157,0.01138474,0.16868160,0.65582092,0.42932953
3.95297649,0.84216711,0.29557322,0.01319217,0.01162063,0.16897329,0.65950806,0.43191266
3.95897949,0.84666624,0.29645376,0.01314275,0.01186475,0.16883513,0.66210001,0.43360701
3.96498249,0.84986799,0.29659390,0.01308796,0.01212282,0.16830718,0.66376149,0.43449591
3.97098549,0.85206318,0.29610842,0.01303368,0.01240165,0.16744606,0.66470228,0.43470044
3.97698849,0.85360266,0.29513645,0.01298674,0.01270876,0.16632228,0.66516781,0.43437335
3.98299150,0.85488067,0.29383588,0.01295459,0.01305210,0.16501686,0.66542799,0.43369168
3.98899450,0.85631602,0.29237688,0.01294497,0.01343956,0.16361744,0.66576476,0.43284822
3.99499750,0.85833220,0.29093478,0.01296547,0.01387856,0.16221414,0.66645905,0.43204260
4.00100050,0.86133712,0.28968285,0.01302321,0.01437558,0.16089531,0.66777782,0.43147206
4.00700350,0.86570373,0.28878505,0.01312443,0.01493571,0.15974336,0.66996187,0.43132273
4.01300650,0.87175228,0.28838933,0.01327425,0.01556221,0.15883090,0.67321500,0.43176147
4.01900950,0.87973511,0.28862159,0.01347632,0.01625616,0.15821740,0.67769508,0.43292900
4.02501251,0.88982470,0.28958072,0.01373272,0.01701618,0.15794650,0.68350747,0.43493438
4.03101551,0.90210551,0.29133485,0.01404377,0.01783818,0.15804398,0.69070104,0.43785111
4.03701851,0.91656988,0.29391901,0.01440803,0.01871531,0.15851672,0.69926693,0.44171513
4.04302151,0.93311817,0.29733423,0.01482235,0.01963797,0.15935248,0.70914002,0.44652449
4.04902451,0.95156304,0.30154813,0.01528195,0.02059395,0.16052047,0.72020297,0.45224080
4.05502751,0.97163750,0.30649690,0.01578064,0.02156870,0.16197296,0.73229253,0.45879227
4.06103052,0.99300622,0.31208861,0.01631105,0.02254572,0.16364738,0.74520765,0.46607803
4.06703352,1.01527958,0.31820749,0.01686492,0.02350701,0.16546929,0.75871892,0.47397343
4.07303652,1.03802948,0.32471917,0.01743336,0.02443366,0.16735559,0.77257884,0.48233604
4.07903952,1.06080626,0.33147640,0.01800724,0.02530647,0.16921822,0.78653227,0.49101198
4.08504252,1.08315580,0.33832514,0.01857739,0.02610658,0.17096794,0.80032662,0.49984206
4.09104552,1.10463585,0.34511055,0.01913497,0.02681612,0.17251797,0.81372118,0.50866767
4.09704852,1.12483113,0.35168280,0.01967165,0.02741886,0.17378758,0.82649529,0.51733590
4.10305153,1.14336625,0.35790231,0.02017981,0.02790075,0.17470524,0.83845494,0.52570379
4.10905453,1.15991619,0.36364429,0.02065267,0.02825040,0.17521128,0.84943764,0.53364157
4.11505753,1.17421393,0.36880244,0.02108438,0.02845950,0.17526001,0.85931557,0.54103472
4.12106053,1.18605516,0.37329167,0.02147001,0.02852303,0.17482122,0.86799687,0.54778507
4.12706353,1.19530004,0.37704985,0.02180557,0.02843942,0.17388096,0.87542537,0.55381085
4.13306653,1.20187236,0.38003860,0.02208788,0.02821054,0.17244174,0.88157894,0.55904588
4.13906953,1.20575632,0.38224318,0.02231454,0.02784159,0.17052206,0.88646669,0.56343831
4.14507254,1.20699149,0.38367160,0.02248376,0.02734082,0.16815538,0.89012550,0.56694878
4.15107554,1.20566640,0.38435303,0.02259426,0.02671918,0.16538863,0.89261600,0.56954865
4.15707854,1.20191129,0.38433580,0.02264517,0.02598993,0.16228037,0.89401853,0.57121816
4.16308154,1.19589062,0.38368491,0.02263594,0.02516808,0.15889857,0.89442910,0.57194505
4.16908454,1.18779564,0.38247945,0.02256626,0.02426992,0.15531832,0.89395579,0.57172342
4.17508754,1.17783748,0.38080978,0.02243603,0.02331243,0.15161936,0.89271542,0.57055329
4.18109055,1.16624089,0.37877477,0.02224540,0.02231276,0.14788372,0.89083073,0.56844056
4.18709355,1.15323888,0.37647909,0.02199475,0.02128778,0.14419326,0.88842790,0.56539747
4.19309655,1.13906809,0.37403048,0.02168479,0.02025355,0.14062756,0.88563430,0.56144344
4.19909955,1.12396494,0.37153714,0.02131663,0.01922503,0.13726177,0.88257634,0.55660601
4.20510255,1.10816224,0.36910516,0.02089188,0.01821570,0.13416483,0.87937716,0.55092194
4.21110555,1.09188618,0.36683600,0.02041272,0.01723738,0.13139781,0.87615406,0.54443789
4.21710855,1.07535342,0.36482391,0.01988201,0.01630004,0.12901257,0.87301556,0.53721095
4.22311156,1.05876804,0.36315338,0.01930330,0.01541175,0.12705057,0.87005791,0.52930842
4.22911456,1.04231833,0.36189662,0.01868093,0.01457868,0.12554204,0.86736119,0.52080709
4.23511756,1.02617325,0.36111103,0.01801995,0.01380512,0.12450535,0.86498505,0.51179177
4.24112056,1.01047877,0.36083680,0.01732614,0.01309364,0.12394664,0.86296427,0.50235316
4.24712356,0.99535403,0.36109476,0.01660590,0.01244521,0.12385975,0.86130452,0.49258514
4.25312656,0.98088773,0.36188442,0.01586616,0.01185937,0.12422647,0.85997852,0.48258167
4.25912956,0.96713489,0.36318264,0.01511421,0.01133449,0.12501700,0.85892311,0.47243343
4.26513257,0.95411447,0.36494276,0.01435758,0.01086794,0.12619078,0.85803750,0.46222451
4.27113557,0.94180795,0.36709447,0.01360388,0.01045635,0.12769761,0.85718317,0.45202927
4.27713857,0.93015936,0.36954458,0.01286061,0.01009581,0.12947898,0.85618544,0.44190974
4.28314157,0.91907687,0.37217858,0.01213501,0.00978209,0.13146975,0.85483721,0.43191371
4.28914457,0.90843606,0.37486318,0.01143393,0.00951085,0.13360001,0.85290461,0.42207355
4.29514757,0.89808487,0.37744977,0.01076373,0.00927778,0.13579701,0.85013464,0.41240605
4.30115058,0.88785016,0.37977862,0.01013018,0.00907881,0.13798739,0.84626443,0.40291313
4.30715358,0.87754553,0.38168382,0.00953845,0.00891019,0.14009921,0.84103186,0.39358349
4.31315658,0.86698012,0.38299871,0.00899302,0.00876860,0.14206407,0.83418700,0.38439499
4.31915958,0.85596795,0.38356154,0.00849780,0.00865125,0.14381904,0.82550377,0.37531765
4.32516258,0.84433721,0.38322126,0.00805605,0.00855585,0.14530837,0.81479126,0.36631707
4.33116558,0.83193908,0.38184295,0.00767056,0.00848067,0.14648492,0.80190404,0.35735801
4.33716858,0.81865558,0.37931287,0.00734361,0.00842449,0.14731122,0.78675097,0.34840786
4.34317159,0.80440588,0.37554278,0.00707713,0.00838656,0.14776021,0.76930185,0.33943981
4.34917459,0.78915089,0.37047332,0.00687270,0.00836649,0.14781550,0.74959167,0.33043556
4.35517759,0.77289574,0.36407633,0.00673164,0.00836423,0.14747129,0.72772213,0.32138729
4.36118059,0.75569016,0.35635610,0.00665504,0.00837989,0.14673187,0.70386032,0.31229888
4.36718359,0.73762656,0.34734928,0.00664376,0.00841366,0.14561080,0.67823458,0.30318637
4.37318659,0.71883619,0.33712383,0.00669839,0.00846567,0.14412983,0.65112785,0.29407749
4.37918959,0.69948345,0.32577668,0.00681927,0.00853593,0.14231759,0.62286863,0.28501049
4.38519260,0.67975872,0.31343062,0.00700632,0.00862414,0.14020812,0.59382027,0.27603235
4.39119560,0.65987020,0.30023033,0.00725903,0.00872968,0.13783938,0.56436887,0.26719641
4.39719860,0.64003506,0.28633781,0.00757626,0.00885148,0.13525175,0.53491044,0.25855970
4.40320160,0.62047052,0.27192752,0.00795618,0.00898800,0.13248661,0.50583808,0.25018006
4.40920460,0.60138513,0.25718130,0.00839609,0.00913718,0.12958503,0.47752938,0.24211334
4.41520760,0.58297085,0.24228338,0.00889233,0.00929642,0.12658665,0.45033500,0.23441066
4.42121061,0.56539603,0.22741559,0.00944013,0.00946262,0.12352877,0.42456856,0.22711612
4.42721361,0.54879983,0.21275300,0.01003360,0.00963221,0.12044559,0.40049835,0.22026485
4.43321661,0.53328804,0.19846002,0.01066561,0.00980121,0.11736767,0.37834111,0.21388159
4.43921961,0.51893059,0.18468709,0.01132788,0.00996528,0.11432168,0.35825803,0.20797994
4.44522261,0.50576066,0.17156809,0.01201098,0.01011986,0.11133015,0.34035302,0.20256211
4.45122561,0.49377538,0.15921833,0.01270447,0.01026022,0.10841152,0.32467320,0.19761930
4.45722861,0.48293807,0.14773319,0.01339708,0.01038165,0.10558027,0.31121147,0.19313265
4.46323162,0.47318178,0.13718750,0.01407695,0.01047951,0.10284710,0.29991094,0.18907462
4.46923462,0.46441390,0.12763533,0.01473189,0.01054939,0.10021925,0.29067099,0.18541088
4.47523762,0.45652175,0.11911047,0.01534972,0.01058723,0.09770088,0.28335448,0.18210236
4.48124062,0.44937869,0.11162723,0.01591860,0.01058945,0.09529345,0.27779593,0.17910765
4.48724362,0.44285058,0.10518177,0.01642742,0.01055305,0.09299614,0.27381022,0.17638535
4.49324662,0.43680237,0.09975368,0.01686617,0.01047569,0.09080636,0.27120135,0.17389647
4.49924962,0.43110441,0.09530788,0.01722623,0.01035580,0.08872015,0.26977107,0.17160667
4.50525263,0.42563839,0.09179680,0.01750076,0.01019263,0.08673275,0.26932686,0.16948822
4.51125563,0.42030256,0.08916268,0.01768486,0.00998630,0.08483905,0.26968917,0.16752162
4.51725863,0.41501612,0.08734004,0.01777586,0.00973780,0.08303411,0.27069744,0.16569689
4.52326163,0.40972269,0.08625827,0.01777335,0.00944900,0.08131362,0.27221490,0.16401426
4.52926463,0.40439253,0.08584419,0.01767924,0.00912261,0.07967441,0.27413197,0.16248445
4.53526763,0.39902374,0.08602464,0.01749770,0.00876211,0.07811489,0.27636812,0.16112840
4.54127064,0.39364223,0.08672894,0.01723500,0.00837170,0.07663539,0.27887226,0.15997653
4.54727364,0.38830058,0.08789125,0.01689929,0.00795616,0.07523855,0.28162177,0.15906749
4.55327664,0.38307584,0.08945258,0.01650030,0.00752078,0.07392955,0.28462015,0.15844660
4.55927964,0.37806642,0.09136263,0.01604897,0.00707119,0.07271626,0.28789363,0.15816390
4.56528264,0.37338826,0.09358114,0.01555707,0.00661324,0.07160927,0.29148689,0.15827205
4.57128564,0.36917034,0.09607884,0.01503677,0.00615287,0.07062188,0.29545810,0.15882410
4.57728864,0.36554990,0.09883791,0.01450027,0.00569598,0.06976988,0.29987367,0.15987130
4.58329165,0.36266750,0.10185188,0.01395933,0.00524827,0.06907123,0.30480292,0.16146100
4.58929465,0.36066203,0.10512497,0.01342496,0.00481519,0.06854569,0.31031295,0.16363481
4.59529765,0.35966604,0.10867097,0.01290712,0.00440178,0.06821426,0.31646396,0.16642701
4.60130065,0.35980141,0.11251151,0.01241444,0.00401264,0.06809857,0.32330531,0.16986336
4.60730365,0.36117556,0.11667393,0.01195406,0.00365184,0.06822017,0.33087238,0.17396025
4.61330665,0.36387820,0.12118882,0.01153156,0.00332293,0.06859978,0.33918443,0.17872429
4.61930965,0.36797885,0.12608728,0.01115091,0.00302889,0.06925644,0.34824350,0.18415222
4.62531266,0.37352496,0.13139799,0.01081454,0.00277214,0.07020676,0.35803436,0.19023116
4.63131566,0.38054070,0.13714438,0.01052345,0.00255458,0.07146400,0.36852547,0.19693910
4.63731866,0.38902646,0.14334186,0.01027740,0.00237762,0.07303730,0.37967079,0.20424554
4.64332166,0.39895880,0.14999534,0.01007512,0.00224223,0.07493092,0.39141249,0.21211226
4.64932466,0.41029106,0.15709716,0.00991455,0.00214903,0.07714356,0.40368415,0.22049406
4.65532766,0.42295431,0.16462550,0.00979314,0.00209831,0.07966771,0.41641445,0.22933943
4.66133067,0.43685879,0.17254343,0.00970805,0.00209013,0.08248924,0.42953120,0.23859122
4.66733367,0.45189563,0.18079859,0.00965650,0.00212441,0.08558703,0.44296535,0.24818702
4.67333667,0.46793896,0.18932353,0.00963594,0.00220096,0.08893285,0.45665502,0.25805960
4.67933967,0.48484838,0.19803686,0.00964428,0.00231958,0.09249140,0.47054929,0.26813718
4.68534267,0.50247167,0.20684494,0.00968012,0.00248012,0.09622058,0.48461173,0.27834370
4.69134567,0.52064793,0.21564426,0.00974282,0.00268250,0.10007203,0.49882343,0.28859919
4.69734867,0.53921097,0.22432433,0.00983266,0.00292681,0.10399187,0.51318558,0.29882020
4.70335168,0.55799305,0.23277097,0.00995086,0.00321328,0.10792172,0.52772146,0.30892056
4.70935468,0.57682887,0.24086985,0.01009965,0.00354234,0.11179996,0.54247780,0.31881231
4.71535768,0.59555977,0.24851016,0.01028217,0.00391458,0.11556321,0.55752532,0.32840710
4.72136068,0.61403787,0.25558828,0.01050248,0.00433075,0.11914798,0.57295857,0.33761782
4.72736368,0.63213025,0.26201115,0.01076542,0.00479172,0.12249245,0.58889477,0.34636058
4.73336668,0.64972269,0.26769934,0.01107645,0.00529836,0.12553832,0.60547170,0.35455695
4.73936968,0.66672290,0.27258961,0.01144153,0.00585153,0.12823272,0.62284446,0.36213635
4.74537269,0.68306299,0.27663678,0.01186686,0.00645187,0.13052989,0.64118113,0.36903842
4.75137569,0.69870088,0.27981487,0.01235862,0.00709972,0.13239284,0.66065710,0.37521524
4.75737869,0.71362049,0.28211751,0.01292275,0.00779494,0.13379470,0.68144836,0.38063322
4.76338169,0.72783061,0.28355740,0.01356463,0.00853674,0.13471971,0.70372353,0.38527448
4.76938469,0.74136224,0.28416503,0.01428877,0.00932350,0.13516390,0.72763500,0.38913770
4.77538769,0.75426458,0.28398666,0.01509846,0.01015261,0.13513526,0.75330925,0.39223803
4.78139070,0.76659967,0.28308158,0.01599556,0.01102030,0.13465346,0.78083688,0.39460643
4.78739370,0.77843603,0.28151890,0.01698009,0.01192153,0.13374919,0.81026255,0.39628801
4.79339670,0.78984150,0.27937397,0.01805008,0.01284987,0.13246292,0.84157556,0.39733973
4.79939970,0.80087580,0.27672471,0.01920132,0.01379750,0.13084339,0.87470139,0.39782745
4.80540270,0.81158329,0.27364792,0.02042722,0.01475520,0.12894572,0.90949500,0.39782246
4.81140570,0.82198640,0.27021587,0.02171882,0.01571247,0.12682926,0.94573630,0.39739785
4.81740870,0.83208033,0.26649344,0.02306478,0.01665768,0.12455540,0.98312839,0.39662478
4.82341171,0.84182936,0.26253577,0.02445157,0.01757834,0.12218527,1.02129894,0.39556903
4.82941471,0.85116535,0.25838673,0.02586376,0.01846140,0.11977759,1.05980504,0.39428798
4.83541771,0.85998852,0.25407832,0.02728435,0.01929363,0.11738670,1.09814161,0.39282831
4.84142071,0.86817073,0.24963083,0.02869533,0.02006211,0.11506087,1.13575330,0.39122452
4.84742371,0.87556132,0.24505397,0.03007821,0.02075466,0.11284103,1.17204970,0.38949839
4.85342671,0.88199509,0.24034875,0.03141472,0.02136038,0.11075987,1.20642321,0.38765945
4.85942971,0.88730222,0.23551010,0.03268749,0.02187013,0.10884140,1.23826914,0.38570640
4.86543272,0.89131968,0.23052988,0.03388081,0.02227703,0.10710100,1.26700709,0.38362943
4.87143572,0.89390324,0.22540029,0.03498132,0.02257685,0.10554587,1.29210270,0.38141316
4.87743872,0.89493970,0.22011725,0.03597873,0.02276840,0.10417585,1.31308891,0.37904018
4.88344172,0.89435830,0.21468372,0.03686633,0.02285376,0.10298456,1.32958552,0.37649474
4.88944472,0.89214082,0.20911250,0.03764156,0.02283842,0.10196075,1.34131634,0.37376646
4.89544772,0.88832950,0.20342853,0.03830626,0.02273136,0.10108980,1.34812287,0.37085378
4.90145073,0.88303233,0.19767035,0.03886689,0.02254487,0.10035525,1.34997394,0.36776684
4.90745373,0.87642518,0.19189076,0.03933450,0.02229434,0.09974022,1.34697073,0.36452955
4.91345673,0.86875057,0.18615639,0.03972450,0.02199789,0.09922870,1.33934688,0.36118087
4.91945973,0.86031291,0.18054645,0.04005628,0.02167589,0.09880662,1.32746358,0.35777490
4.92546273,0.85147034,0.17515041,0.04035263,0.02135035,0.09846264,1.31179981,0.35437997
4.93146573,0.84262345,0.17006495,0.04063903,0.02104428,0.09818853,1.29293813,0.35107668
4.93746873,0.83420133,0.16539022,0.04094272,0.02078091,0.09797934,1.27154647,0.34795482
4.94347174,0.82664546,0.16122556,0.04129177,0.02058297,0.09783309,1.24835673,0.34510962
4.94947474,0.82039229,0.15766501,0.04171402,0.02047188,0.09775033,1.22414097,0.34263720
4.95547774,0.81585512,0.15479276,0.04223600,0.02046704,0.09773326,1.19968618,0.34062968
4.96148074,0.81340629,0.15267879,0.04288190,0.02058511,0.09778478,1.17576848,0.33917006
4.96748374,0.81336022,0.15137497,0.04367256,0.02083938,0.09790741,1.15312779,0.33832734
4.97348674,0.81595843,0.15091178,0.04462455,0.02123927,0.09810215,1.13244389,0.33815184
4.97948974,0.82135687,0.15129587,0.04574943,0.02178988,0.09836741,1.11431458,0.33867131
4.98549275,0.82961638,0.15250857,0.04705311,0.02249177,0.09869805,1.09923683,0.33988782
4.99149575,0.84069669,0.15450543,0.04853540,0.02334076,0.09908468,1.08759142,0.34177570
4.99749875,0.85445410,0.15721687,0.05018982,0.02432800,0.09951316,1.07963160,0.34428065
5.00350175,0.87064324,0.16054993,0.05200353,0.02544014,0.09996446,1.07547604,0.34732010
5.00950475,0.88892260,0.16439095,0.05395752,0.02665958,0.10041483,1.07510630,0.35078482
5.01550775,0.90886380,0.16860924,0.05602701,0.02796502,0.10083625,1.07836878,0.35454168
5.02151076,0.92996424,0.17306139,0.05818202,0.02933195,0.10119728,1.08498109,0.35843759
5.02751376,0.95166252,0.17759620,0.06038813,0.03073340,0.10146413,1.09454262,0.36230430
5.03351676,0.97335621,0.18205990,0.06260740,0.03214065,0.10160195,1.10654878,0.36596392
5.03951976,0.99442113,0.18630142,0.06479942,0.03352411,0.10157624,1.12040868,0.36923493
5.04552276,1.01423148,0.19017754,0.06692245,0.03485412,0.10135444,1.13546540,0.37193843
5.05152576,1.03218013,0.19355769,0.06893463,0.03610183,0.10090736,1.15101841,0.37390427
5.05752876,1.04769809,0.19632807,0.07079524,0.03724001,0.10021064,1.16634732,0.37497696
5.06353177,1.06027277,0.19839508,0.07246593,0.03824382,0.09924596,1.18073621,0.37502091
5.06953477,1.06946408,0.19968778,0.07391193,0.03909144,0.09800211,1.19349774,0.37392497
5.07553777,1.07491799,0.20015938,0.07510318,0.03976470,0.09647569,1.20399630,0.37160605
5.08154077,1.07637713,0.19978771,0.07601531,0.04024942,0.09467152,1.21166939,0.36801161
5.08754377,1.07368791,0.19857462,0.07663054,0.04053579,0.09260279,1.21604646,0.36312102
5.09354677,1.06680426,0.19654446,0.07693831,0.04061842,0.09029076,1.21676470,0.35694586
5.09954977,1.05578763,0.19374171,0.07693580,0.04049638,0.08776421,1.21358096,0.34952897
5.10555278,1.04080361,0.19022790,0.07662812,0.04017301,0.08505862,1.20637968,0.34094255
5.11155578,1.02211514,0.18607805,0.07602830,0.03965564,0.08221506,1.19517615,0.33128532
5.11755878,1.00007279,0.18137675,0.07515707,0.03895516,0.07927895,1.18011522,0.32067888
5.12356178,0.97510244,0.17621422,0.07404223,0.03808554,0.07629861,1.16146531,0.30926355
5.12956478,0.94769080,0.17068240,0.07271798,0.03706322,0.07332387,1.13960801,0.29719371
5.13556778,0.91836947,0.16487132,0.07122383,0.03590652,0.07040453,1.11502344,0.28463303
5.14157079,0.88769798,0.15886600,0.06960342,0.03463499,0.06758895,1.08827210,0.27174964
5.14757379,0.85624641,0.15274382,0.06790312,0.03326880,0.06492272,1.05997377,0.25871137
5.15357679,0.82457827,0.14657259,0.06617055,0.03182815,0.06244749,1.03078430,0.24568144
5.15957979,0.79323412,0.14040932,0.06445301,0.03033278,0.06019989,1.00137109,0.23281448
5.16558279,0.76271653,0.13429968,0.06279592,0.02880145,0.05821073,0.97238844,0.22025309
5.17158579,0.73347667,0.12827806,0.06124126,0.02725163,0.05650432,0.94445359,0.20812504
5.17758879,0.70590319,0.12236834,0.05982622,0.02569921,0.05509810,0.91812441,0.19654111
5.18359180,0.68031339,0.11658500,0.05858191,0.02415831,0.05400239,0.89387982,0.18559361
5.18959480,0.65694721,0.11093465,0.05753238,0.02264117,0.05322038,0.87210350,0.17535552
5.19559780,0.63596386,0.10541786,0.05669384,0.02115816,0.05274832,0.85307177,0.16588034
5.20160080,0.61744135,0.10003099,0.05607421,0.01971785,0.05257587,0.83694595,0.15720247
5.20760380,0.60137873,0.09476807,0.05567299,0.01832708,0.05268663,0.82376951,0.14933817
5.21360680,0.58770091,0.08962255,0.05548143,0.01699112,0.05305883,0.81347021,0.14228695
5.21960980,0.57626587,0.08458879,0.05548302,0.01571391,0.05366611,0.80586687,0.13603341
5.22561281,0.56687389,0.07966340,0.05565431,0.01449818,0.05447849,0.80068055,0.13054939
5.23161581,0.55927843,0.07484607,0.05596591,0.01334572,0.05546333,0.79754962,0.12579633
5.23761881,0.55319835,0.07014029,0.05638382,0.01225755,0.05658648,0.79604789,0.12172790
5.24362181,0.54833090,0.06555356,0.05687081,0.01123411,0.05781341,0.79570516,0.11829267
5.24962481,0.54436512,0.06109742,0.05738800,0.01027544,0.05911046,0.79602907,0.11543688
5.25562781,0.54099514,0.05678717,0.05789641,0.00938130,0.06044602,0.79652756,0.11310716
5.26163082,0.53793298,0.05264140,0.05835853,0.00855135,0.06179176,0.79673080,0.11125328
5.26763382,0.53492051,0.04868139,0.05873981,0.00778523,0.06312385,0.79621179,0.10983067
5.27363682,0.53174001,0.04493039,0.05900997,0.00708267,0.06442407,0.79460490,0.10880289
5.27963982,0.52822336,0.04141290,0.05914423,0.00644357,0.06568090,0.79162157,0.10814383
5.28564282,0.52425924,0.03815394,0.05912417,0.00586811,0.06689040,0.78706269,0.10783965
5.29164582,0.51979843,0.03517841,0.05893846,0.00535680,0.06805705,0.78082729,0.10789048
5.29764882,0.51485707,0.03251054,0.05858329,0.00491059,0.06919433,0.77291735,0.10831174
5.30365183,0.50951764,0.03017338,0.05806251,0.00453093,0.07032513,0.76343861,0.10913503
5.30965483,0.50392795,0.02818851,0.05738747,0.00421985,0.07148187,0.75259763,0.11040861
5.31565783,0.49829794,0.02657580,0.05657671,0.00398007,0.07270642,0.74069513,0.11219747
5.32166083,0.49289465,0.02535327,0.05565526,0.00381507,0.07404964,0.72811619,0.11458273
5.32766383,0.48803530,0.02453707,0.05465386,0.00372915,0.07557069,0.71531763,0.11766067
5.33366683,0.48407887,0.02414155,0.05360791,0.00372753,0.07733596,0.70281305,0.12154101
5.33966983,0.48141622,0.02417929,0.05255633,0.00381635,0.07941772,0.69115620,0.12634477
5.34567284,0.48045921,0.02466123,0.05154030,0.00400275,0.08189243,0.68092315,0.13220146
5.35167584,0.48162880,0.02559678,0.05060191,0.00429481,0.08483880,0.67269386,0.13924577
5.35767884,0.48534274,0.02699384,0.04978278,0.00470151,0.08833555,0.66703374,0.14761375
5.36368184,0.49200283,0.02885887,0.04912277,0.00523264,0.09245902,0.66447563,0.15743854
5.36968484,0.50198222,0.03119679,0.04865863,0.00589864,0.09728054,0.66550273,0.16884576
5.37568784,0.51561304,0.03401087,0.04842275,0.00671039,0.10286383,0.67053298,0.18194872
5.38169085,0.53317459,0.03730245,0.04844211,0.00767896,0.10926228,0.67990512,0.19684344
5.38769385,0.55488243,0.04107063,0.04873728,0.00881523,0.11651643,0.69386692,0.21360378
5.39369685,0.58087865,0.04531182,0.04932162,0.01012955,0.12465151,0.71256579,0.23227674
5.39969985,0.61122367,0.05001918,0.05020067,0.01163128,0.13367533,0.73604198,0.25287820
5.40570285,0.64588976,0.05518196,0.05137179,0.01332834,0.14357651,0.76422458,0.27538914
5.41170585,0.68475654,0.06078486,0.05282397,0.01522665,0.15432313,0.79693045,0.29975265
5.41770885,0.72760876,0.06680724,0.05453790,0.01732968,0.16586192,0.83386604,0.32587175
5.42371186,0.77413635,0.07322238,0.05648634,0.01963790,0.17811805,0.87463219,0.35360831
5.42971486,0.82393710,0.07999679,0.05863461,0.02214834,0.19099553,0.91873176,0.38278299
5.43571786,0.87652176,0.08708957,0.06094143,0.02485417,0.20437828,0.96557987,0.41317641
5.44172086,0.93132171,0.09445193,0.06335992,0.02774434,0.21813186,1.01451664,0.44453159
5.44772386,0.98769907,0.10202691,0.06583878,0.03080339,0.23210579,1.06482200,0.47655752
5.45372686,1.04495896,0.10974937,0.06832364,0.03401136,0.24613656,1.11573215,0.50893386
5.45972986,1.10236373,0.11754624,0.07075854,0.03734380,0.26005101,1.16645736,0.54131678
5.46573287,1.15914887,0.12533712,0.07308745,0.04077202,0.27367026,1.21620045,0.57334556
5.47173587,1.21453998,0.13303531,0.07525586,0.04426346,0.28681383,1.26417556,0.60465003
5.47773887,1.26777048,0.14054913,0.07721230,0.04778221,0.29930401,1.30962651,0.63485833
5.48374187,1.31809959,0.14778373,0.07890979,0.05128979,0.31097021,1.35184435,0.66360512
5.48974487,1.36482981,0.15464308,0.08030719,0.05474593,0.32165325,1.39018347,0.69053962
5.49574787,1.40732365,0.16103244,0.08137033,0.05810962,0.33120927,1.42407599,0.71533357
5.50175088,1.44501885,0.16686086,0.08207295,0.06134011,0.33951347,1.45304382,0.73768861
5.50775388,1.47744187,0.17204392,0.08239740,0.06439805,0.34646309,1.47670830,0.75734304
5.51375688,1.50421898,0.17650644,0.08233507,0.06724666,0.35198003,1.49479713,0.77407776
5.51975988,1.52508488,0.18018498,0.08188653,0.06985274,0.35601262,1.50714850,0.78772112
5.52576288,1.53988848,0.18303024,0.08106143,0.07218771,0.35853679,1.51371247,0.79815275
5.53176588,1.54859577,0.18500894,0.07987811,0.07422847,0.35955645,1.51454965,0.80530615
5.53776888,1.55128973,0.18610535,0.07836296,0.07595810,0.35910315,1.50982745,0.80917016
5.54377189,1.54816738,0.18632211,0.07654964,0.07736635,0.35723506,1.49981407,0.80978908
5.54977489,1.53953415,0.18568055,0.07447804,0.07844988,0.35403532,1.48487052,0.80726182
5.55577789,1.52579567,0.18422021,0.07219320,0.07921233,0.34960982,1.46544106,0.80173975
5.56178089,1.50744754,0.18199779,0.06974405,0.07966400,0.34408450,1.44204236,0.79342364
5.56778389,1.48506305,0.17908543,0.06718222,0.07982147,0.33760225,1.41525154,0.78255960
5.57378689,1.45927959,0.17556837,0.06456072,0.07970682,0.33031960,1.38569364,0.76943418
5.57978989,1.43078380,0.17154226,0.06193277,0.07934680,0.32240311,1.35402855,0.75436867
5.58579290,1.40029604,0.16711000,0.05935063,0.07877173,0.31402574,1.32093762,0.73771278
5.59179590,1.36855436,0.16237847,0.05686452,0.07801437,0.30536318,1.28711032,0.71983773
5.59779890,1.33629851,0.15745517,0.05452165,0.07710871,0.29659024,1.25323084,0.70112891
5.60380190,1.30425405,0.15244495,0.05236538,0.07608873,0.28787737,1.21996502,0.68197814
5.60980490,1.27311708,0.14744697,0.05043444,0.07498721,0.27938733,1.18794753,0.66277577
5.61580790,1.24353973,0.14255204,0.04876237,0.07383468,0.27127214,1.15776968,0.64390264
5.62181091,1.21611673,0.13784036,0.04737694,0.07265847,0.26367028,1.12996780,0.62572220
5.62781391,1.19137336,0.13337985,0.04629983,0.07148195,0.25670425,1.10501267,0.60857273
5.63381691,1.16975487,0.12922498,0.04554628,0.07032400,0.25047843,1.08330002,0.59276023
5.63981991,1.15161795,0.12541625,0.04512494,0.06919869,0.24507743,1.06514251,0.57855172
5.64582291,1.13722411,0.12198017,0.04503781,0.06811527,0.24056487,1.05076349,0.56616960
5.65182591,1.12673557,0.11892979,0.04528024,0.06707833,0.23698257,1.04029282,0.55578704
5.65782891,1.12021362,0.11626571,0.04584113,0.06608823,0.23435043,1.03376509,0.54752465
5.66383192,1.11761978,0.11397741,0.04670312,0.06514179,0.23266673,1.03112049,0.54144868
5.66983492,1.11881986,0.11204500,0.04784307,0.06423312,0.23190908,1.03220854,0.53757083
5.67583792,1.12359094,0.11044100,0.04923254,0.06335465,0.23203593,1.03679483,0.53584987
5.68184092,1.13163123,0.10913243,0.05083843,0.06249819,0.23298870,1.04457066,0.53619493
5.68784392,1.14257273,0.10808280,0.05262381,0.06165618,0.23469438,1.05516567,0.53847067
5.69384692,1.15599639,0.10725409,0.05454882,0.06082284,0.23706867,1.06816290,0.54250400
5.69984992,1.17144933,0.10660870,0.05657171,0.05999530,0.24001948,1.08311610,0.54809229
5.70585293,1.18846366,0.10611114,0.05864998,0.05917472,0.24345071,1.09956859,0.55501277
5.71185593,1.20657624,0.10572957,0.06074157,0.05836711,0.24726623,1.11707303,0.56303274
5.71785893,1.22534864,0.10543712,0.06280609,0.05758410,0.25137372,1.13521123,0.57192020
5.72386193,1.24438651,0.10521289,0.06480607,0.05684338,0.25568847,1.15361319,0.58145455
5.72986493,1.26335740,0.10504280,0.06670813,0.05616895,0.26013677,1.17197448,0.59143662
5.73586793,1.28200633,0.10491998,0.06848403,0.05559098,0.26465870,1.19007101,0.60169791
5.74187094,1.30016819,0.10484505,0.07011162,0.05514551,0.26921039,1.20777042,0.61210820
5.74787394,1.31777624,0.10482603,0.07157560,0.05487369,0.27376535,1.22503944,0.62258146
5.75387694,1.33486626,0.10487794,0.07286792,0.05482083,0.27831494,1.24194659,0.63307947
5.75987994,1.35157575,0.10502220,0.07398810,0.05503515,0.28286788,1.25865993,0.64361306
5.76588294,1.36813818,0.10528575,0.07494308,0.05556626,0.28744877,1.27543986,0.65424074
5.77188594,1.38487223,0.10569992,0.07574688,0.05646346,0.29209574,1.29262698,0.66506481
5.77788894,1.40216635,0.10629910,0.07641994,0.05777394,0.29685722,1.31062547,0.67622506
5.78389195,1.42045930,0.10711931,0.07698810,0.05954077,0.30178803,1.32988273,0.68789019
5.78989495,1.44021723,0.10819653,0.07748150,0.06180104,0.30694504,1.35086604,0.70024755
5.79589795,1.46190863,0.10956505,0.07793312,0.06458394,0.31238252,1.37403742,0.71349158
5.80190095,1.48597804,0.11125582,0.07837727,0.06790900,0.31814746,1.39982771,0.72781146
5.80790395,1.51281990,0.11329474,0.07884805,0.07178462,0.32427514,1.42861136,0.74337871
5.81390695,1.54275388,0.11570120,0.07937773,0.07620679,0.33078521,1.46068304,0.76033541
5.81990995,1.57600290,0.11848675,0.07999528,0.08115823,0.33767845,1.49623729,0.77878344
5.82591296,1.61267507,0.12165393,0.08072504,0.08660792,0.34493444,1.53535232,0.79877567
5.83191596,1.65275052,0.12519555,0.08158564,0.09251111,0.35251029,1.57797884,0.82030929
5.83791896,1.69607388,0.12909421,0.08258914,0.09880981,0.36034055,1.62393442,0.84332179
5.84392196,1.74235287,0.13332218,0.08374056,0.10543376,0.36833821,1.67290390,0.86768981
5.84992496,1.79116330,0.13784173,0.08503771,0.11230189,0.37639693,1.72444570,0.89323093
5.85592796,1.84196008,0.14260580,0.08647137,0.11932426,0.38439425,1.77800377,0.91970828
5.86193097,1.89409394,0.14755904,0.08802582,0.12640437,0.39219569,1.83292472,0.94683780
5.86793397,1.94683293,0.15263923,0.08967966,0.13344176,0.39965952,1.88847900,0.97429767
5.87393697,1.99938769,0.15777888,0.09140684,0.14033488,0.40664197,1.94388528,1.00173943
5.87993997,2.05093916,0.16290717,0.09317795,0.14698402,0.41300256,1.99833669,1.02880024
5.88594297,2.10066744,0.16795190,0.09496157,0.15329425,0.41860933,2.05102758,1.05511550
5.89194597,2.14778014,0.17284163,0.09672563,0.15917824,0.42334371,2.10117951,1.08033131
5.89794897,2.19153909,0.17750766,0.09843885,0.16455878,0.42710473,2.14806517,1.10411594
5.90395198,2.23128381,0.18188602,0.10007190,0.16937094,0.42981241,2.19102917,1.12616993
5.90995498,2.26645096,0.18591919,0.10159850,0.17356381,0.43141026,2.22950478,1.14623417
5.91595798,2.29658863,0.18955761,0.10299626,0.17710161,0.43186656,2.26302595,1.16409567
5.92196098,2.32136526,0.19276084,0.10424725,0.17996428,0.43117474,2.29123427,1.17959090
5.92796398,2.34057268,0.19549844,0.10533829,0.18214746,0.42935253,2.31388086,1.19260649
5.93396698,2.35412369,0.19775040,0.10626093,0.18366181,0.42644026,2.33082341,1.20307753
5.93996998,2.36204449,0.19950726,0.10701128,0.18453187,0.42249825,2.34201881,1.21098373
5.94597299,2.36446266,0.20076981,0.10758947,0.18479438,0.41760362,2.34751224,1.21634366
5.95197599,2.36159180,0.20154851,0.10799900,0.18449624,0.41184658,2.34742363,1.21920777
5.95797899,2.35371379,0.20186257,0.10824603,0.18369219,0.40532657,2.34193232,1.21965054
5.96398199,2.34115996,0.20173878,0.10833846,0.18244232,0.39814836,2.33126124,1.21776237
5.96998499,2.32429227,0.20121022,0.10828515,0.18080962,0.39041833,2.31566149,1.21364179
5.97598799,2.30348561,0.20031476,0.10809516,0.17885758,0.38224119,2.29539822,1.20738841
5.98199100,2.27911218,0.19909356,0.10777702,0.17664794,0.37371716,2.27073870,1.19909706
5.98799400,2.25152874,0.19758954,0.10733829,0.17423891,0.36493983,2.24194306,1.18885343
5.99399700,2.22106702,0.19584594,0.10678518,0.17168353,0.35599462,2.20925810,1.17673135
6.00000000,2.18802786,0.19390494,0.10612239,0.16902861,0.34695799,2.17291431,1.16279180
