energy_ev,total_up,Au_p_up,Au_d_up,In_p_up,In_d_up,Te_p_up,Te_d_up
-6.00000000,5.04493582,0.44232642,4.44513832,0.22945692,0.01287821,0.33448738,0.00000000
-5.99399700,5.04741497,0.44814514,4.43939854,0.22976550,0.01305323,0.33742080,0.00000000
-5.98799400,5.04287504,0.45353646,4.42768354,0.22972772,0.01320271,0.33965899,0.00000000
-5.98199100,5.03133276,0.45846015,4.41006283,0.22933059,0.01332556,0.34119419,0.00000000
-5.97598799,5.01280127,0.46287188,4.38658745,0.22856064,0.01342082,0.34203040,0.00000000
-5.96998499,4.98729577,0.46672349,4.35729515,0.22740443,0.01348767,0.34218313,0.00000000
-5.96398199,4.95484145,0.46996366,4.32221825,0.22584904,0.01352549,0.34167879,0.00000000
-5.95797899,4.91548304,0.47253892,4.28139355,0.22388281,0.01353385,0.34055370,0.00000000
-5.95197599,4.86929520,0.47439504,4.23487341,0.22149604,0.01351262,0.33885285,0.00000000
-5.94597299,4.81639288,0.47547872,4.18273718,0.21868183,0.01346193,0.33662838,0.00000000
-5.93996998,4.75694076,0.47573957,4.12510197,0.21543691,0.01338222,0.33393789,0.00000000
-5.93396698,4.69116092,0.47513217,4.06213193,0.21176235,0.01327430,0.33084259,0.00000000
-5.92796398,4.61933798,0.47361825,3.99404525,0.20766432,0.01313929,0.32740540,0.00000000
-5.92196098,4.54182121,0.47116875,3.92111824,0.20315452,0.01297864,0.32368911,0.00000000
-5.91595798,4.45902322,0.46776563,3.84368609,0.19825059,0.01279412,0.31975449,0.00000000
-5.90995498,4.37141505,0.46340345,3.76214019,0.19297621,0.01258778,0.31565871,0.00000000
-5.90395198,4.27951795,0.45809045,3.67692197,0.18736096,0.01236187,0.31145381,0.00000000
-5.89794897,4.18389200,0.45184919,3.58851369,0.18143992,0.01211884,0.30718551,0.00000000
-5.89194597,4.08512246,0.44471661,3.49742662,0.17525309,0.01186120,0.30289226,0.00000000
-5.88594297,3.98380433,0.43674354,3.40418747,0.16884452,0.01159151,0.29860460,0.00000000
-5.87993997,3.88052628,0.42799371,3.30932375,0.16226125,0.01131226,0.29434486,0.00000000
-5.87393697,3.77585483,0.41854224,3.21334916,0.15555214,0.01102584,0.29012716,0.00000000
-5.86793397,3.67031977,0.40847375,3.11674983,0.14876661,0.01073443,0.28595776,0.00000000
-5.86193097,3.56440169,0.39788014,3.01997232,0.14195338,0.01043997,0.28183567,0.00000000
-5.85592796,3.45852253,0.38685820,2.92341412,0.13515921,0.01014412,0.27775351,0.00000000
-5.84992496,3.35303950,0.37550709,2.82741725,0.12842777,0.00984823,0.27369865,0.00000000
-5.84392196,3.24824303,0.36392600,2.73226531,0.12179873,0.00955332,0.26965442,0.00000000
-5.83791896,3.14435858,0.35221175,2.63818409,0.11530694,0.00926012,0.26560157,0.00000000
-5.83191596,3.04155234,0.34045682,2.54534574,0.10898194,0.00896903,0.26151964,0.00000000
-5.82591296,2.93994038,0.32874759,2.45387603,0.10284768,0.00868024,0.25738849,0.00000000
-5.81990995,2.83960068,0.31716297,2.36386436,0.09692251,0.00839370,0.25318963,0.00000000
-5.81390695,2.74058718,0.30577345,2.27537570,0.09121936,0.00810924,0.24890760,0.00000000
-5.80790395,2.64294521,0.29464049,2.18846377,0.08574624,0.00782659,0.24453104,0.00000000
-5.80190095,2.54672701,0.28381642,2.10318452,0.08050678,0.00754545,0.24005373,0.00000000
-5.79589795,2.45200678,0.27334451,2.01960926,0.07550100,0.00726561,0.23547527,0.00000000
-5.78989495,2.35889404,0.26325956,1.93783640,0.07072612,0.00698690,0.23080163,0.00000000
-5.78389195,2.26754480,0.25358861,1.85800129,0.06617744,0.00670935,0.22604541,0.00000000
-5.77788894,2.17816976,0.24435188,1.78028353,0.06184915,0.00643314,0.22122577,0.00000000
-5.77188594,2.09103903,0.23556390,1.70491135,0.05773518,0.00615867,0.21636828,0.00000000
-5.76588294,2.00648336,0.22723459,1.63216276,0.05382985,0.00588657,0.21150434,0.00000000
-5.75987994,1.92489156,0.21937046,1.56236358,0.05012854,0.00561769,0.20667058,0.00000000
-5.75387694,1.84670436,0.21197569,1.49588229,0.04662811,0.00535305,0.20190795,0.00000000
-5.74787394,1.77240502,0.20505312,1.43312206,0.04332727,0.00509387,0.19726070,0.00000000
-5.74187094,1.70250720,0.19860503,1.37451040,0.04022675,0.00484150,0.19277529,0.00000000
-5.73586793,1.63754050,0.19263383,1.32048688,0.03732940,0.00459735,0.18849919,0.00000000
-5.72986493,1.57803459,0.18714245,1.27148952,0.03464014,0.00436290,0.18447964,0.00000000
-5.72386193,1.52450239,0.18213448,1.22794050,0.03216576,0.00413958,0.18076247,0.00000000
-5.71785893,1.47742328,0.17761418,1.19023192,0.02991476,0.00392872,0.17739090,0.00000000
-5.71185593,1.43722686,0.17358608,1.15871194,0.02789695,0.00373155,0.17440441,0.00000000
-5.70585293,1.40427796,0.17005457,1.13367224,0.02612320,0.00354907,0.17183779,0.00000000
-5.69984992,1.37886361,0.16702313,1.11533704,0.02460493,0.00338208,0.16972023,0.00000000
-5.69384692,1.36118224,0.16449356,1.10385412,0.02335382,0.00323110,0.16807462,0.00000000
-5.68784392,1.35133567,0.16246503,1.09928823,0.02238129,0.00309636,0.16691696,0.00000000
-5.68184092,1.34932400,0.16093316,1.10161702,0.02169813,0.00297777,0.16625601,0.00000000
-5.67583792,1.35504361,0.15988912,1.11072958,0.02131407,0.00287495,0.16609310,0.00000000
-5.66983492,1.36828817,0.15931880,1.12642758,0.02123737,0.00278724,0.16642217,0.00000000
-5.66383192,1.38875270,0.15920223,1.14842889,0.02147442,0.00271367,0.16722995,0.00000000
-5.65782891,1.41604026,0.15951312,1.17637348,0.02202933,0.00265305,0.16849638,0.00000000
-5.65182591,1.44967115,0.16021871,1.20983134,0.02290365,0.00260398,0.17019521,0.00000000
-5.64582291,1.48909413,0.16127990,1.24831204,0.02409594,0.00256491,0.17229476,0.00000000
-5.63981991,1.53369923,0.16265169,1.29127562,0.02560155,0.00253419,0.17475883,0.00000000
-5.63381691,1.58283184,0.16428394,1.33814445,0.02741232,0.00251013,0.17754775,0.00000000
-5.62781391,1.63580734,0.16612236,1.38831556,0.02951638,0.00249104,0.18061948,0.00000000
-5.62181091,1.69192610,0.16810981,1.44117320,0.03189804,0.00247531,0.18393081,0.00000000
-5.61580790,1.75048824,0.17018776,1.49610112,0.03453770,0.00246145,0.18743858,0.00000000
-5.60980490,1.81080767,0.17229794,1.55249442,0.03741190,0.00244815,0.19110085,0.00000000
-5.60380190,1.87222529,0.17438395,1.60977056,0.04049342,0.00243430,0.19487799,0.00000000
-5.59779890,1.93412077,0.17639298,1.66737929,0.04375153,0.00241905,0.19873376,0.00000000
-5.59179590,1.99592286,0.17827739,1.72481140,0.04715232,0.00240182,0.20263611,0.00000000
-5.58579290,2.05711779,0.17999609,1.78160605,0.05065912,0.00238231,0.20655786,0.00000000
-5.57978989,2.11725594,0.18151583,1.83735656,0.05423304,0.00236052,0.21047720,0.00000000
-5.57378689,2.17595634,0.18281208,1.89171471,0.05783361,0.00233674,0.21437785,0.00000000
-5.56778389,2.23290916,0.18386970,1.94439341,0.06141941,0.00231150,0.21824902,0.00000000
-5.56178089,2.28787621,0.18468326,1.99516767,0.06494885,0.00228563,0.22208508,0.00000000
-5.55577789,2.34068938,0.18525697,2.04387416,0.06838087,0.00226014,0.22588494,0.00000000
-5.54977489,2.39124722,0.18560436,2.09040912,0.07167569,0.00223622,0.22965124,0.00000000
-5.54377189,2.43950968,0.18574757,2.13472487,0.07479551,0.00221522,0.23338918,0.00000000
-5.53776888,2.48549133,0.18571642,2.17682493,0.07770515,0.00219856,0.23710531,0.00000000
-5.53176588,2.52925313,0.18554717,2.21675795,0.08037257,0.00218771,0.24080606,0.00000000
-5.52576288,2.57089298,0.18528108,2.25461049,0.08276936,0.00218414,0.24449627,0.00000000
-5.51975988,2.61053540,0.18496290,2.29049884,0.08487108,0.00218924,0.24817767,0.00000000
-5.51375688,2.64832047,0.18463914,2.32456013,0.08665743,0.00220433,0.25184745,0.00000000
-5.50775388,2.68439251,0.18435633,2.35694269,0.08811241,0.00223054,0.25549696,0.00000000
-5.50175088,2.71888854,0.18415931,2.38779623,0.08922430,0.00226883,0.25911065,0.00000000
-5.49574787,2.75192715,0.18408947,2.41726165,0.08998555,0.00231993,0.26266531,0.00000000
-5.48974487,2.78359778,0.18418319,2.44546109,0.09039262,0.00238429,0.26612965,0.00000000
-5.48374187,2.81395099,0.18447027,2.47248824,0.09044579,0.00246207,0.26946431,0.00000000
-5.47773887,2.84298981,0.18497265,2.49839927,0.09014885,0.00255313,0.27262225,0.00000000
-5.47173587,2.87066262,0.18570328,2.52320469,0.08950886,0.00265699,0.27554965,0.00000000
-5.46573287,2.89685774,0.18666519,2.54686240,0.08853590,0.00277282,0.27818714,0.00000000
-5.45972986,2.92139993,0.18785087,2.56927218,0.08724284,0.00289948,0.28047151,0.00000000
-5.45372686,2.94404920,0.18924203,2.59027200,0.08564513,0.00303546,0.28233765,0.00000000
-5.44772386,2.96450181,0.19080948,2.60963635,0.08376063,0.00317898,0.28372075,0.00000000
-5.44172086,2.98239388,0.19251361,2.62707685,0.08160949,0.00332792,0.28455872,0.00000000
-5.43571786,2.99730748,0.19430502,2.64224535,0.07921406,0.00347995,0.28479451,0.00000000
-5.42971486,3.00877921,0.19612565,2.65473961,0.07659880,0.00363249,0.28437847,0.00000000
-5.42371186,3.01631136,0.19791024,2.66411165,0.07379021,0.00378283,0.28327051,0.00000000
-5.41770885,3.01938529,0.19958808,2.66987874,0.07081677,0.00392813,0.28144195,0.00000000
-5.41170585,3.01747691,0.20108513,2.67153682,0.06770885,0.00406552,0.27887710,0.00000000
-5.40570285,3.01007390,0.20232642,2.66857620,0.06449860,0.00419217,0.27557434,0.00000000
-5.39969985,2.99669410,0.20323858,2.66049892,0.06121978,0.00430536,0.27154684,0.00000000
-5.39369685,2.97690471,0.20375255,2.64683755,0.05790758,0.00440252,0.26682271,0.00000000
-5.38769385,2.95034152,0.20380634,2.62717451,0.05459839,0.00448138,0.26144479,0.00000000
-5.38169085,2.91672750,0.20334762,2.60116135,0.05132955,0.00453996,0.25546991,0.00000000
-5.37568784,2.87588995,0.20233632,2.56853709,0.04813897,0.00457667,0.24896781,0.00000000
-5.36968484,2.82777558,0.20074676,2.52914490,0.04506489,0.00459036,0.24201970,0.00000000
-5.36368184,2.77246252,0.19856953,2.48294612,0.04214542,0.00458035,0.23471647,0.00000000
-5.35767884,2.71016879,0.19581280,2.43003104,0.03941824,0.00454647,0.22715684,0.00000000
-5.35167584,2.64125651,0.19250315,2.37062565,0.03692014,0.00448903,0.21944517,0.00000000
-5.34567284,2.56623142,0.18868568,2.30509385,0.03468664,0.00440888,0.21168931,0.00000000
-5.33966983,2.48573749,0.18442348,2.23393490,0.03275160,0.00430732,0.20399843,0.00000000
-5.33366683,2.40054652,0.17979644,2.15777589,0.03114674,0.00418611,0.19648074,0.00000000
-5.32766383,2.31154290,0.17489932,2.07735930,0.02990119,0.00404737,0.18924144,0.00000000
-5.32166083,2.21970389,0.16983924,1.99352624,0.02904107,0.00389357,0.18238065,0.00000000
-5.31565783,2.12607620,0.16473252,1.90719562,0.02858894,0.00372740,0.17599154,0.00000000
-5.30965483,2.03174943,0.15970114,1.81934039,0.02856328,0.00355173,0.17015857,0.00000000
-5.30365183,1.93782759,0.15486873,1.73096142,0.02897795,0.00336949,0.16495595,0.00000000
-5.29764882,1.84539964,0.15035650,1.64306042,0.02984160,0.00318361,0.16044626,0.00000000
-5.29164582,1.75551025,0.14627891,1.55661277,0.03115708,0.00299693,0.15667937,0.00000000
-5.28564282,1.66913198,0.14273962,1.47254142,0.03292089,0.00281212,0.15369149,0.00000000
-5.27963982,1.58713991,0.13982755,1.39169303,0.03512262,0.00263162,0.15150458,0.00000000
-5.27363682,1.51028974,0.13761348,1.31481714,0.03774448,0.00245761,0.15012596,0.00000000
-5.26763382,1.43920017,0.13614706,1.24254912,0.04076094,0.00229191,0.14954832,0.00000000
-5.26163082,1.37434022,0.13545467,1.17539772,0.04413851,0.00213602,0.14974987,0.00000000
-5.25562781,1.31602182,0.13553792,1.11373722,0.04783570,0.00199106,0.15069495,0.00000000
-5.24962481,1.26439792,0.13637305,1.05780467,0.05180319,0.00185779,0.15233484,0.00000000
-5.24362181,1.21946593,0.13791131,1.00770186,0.05598426,0.00173662,0.15460881,0.00000000
-5.23761881,1.18107624,0.14008007,0.96340181,0.06031549,0.00162763,0.15744556,0.00000000
-5.23161581,1.14894526,0.14278498,0.92475945,0.06472772,0.00153061,0.16076471,0.00000000
-5.22561281,1.12267242,0.14591278,0.89152551,0.06914727,0.00144510,0.16447854,0.00000000
-5.21960980,1.10176005,0.14933491,0.86336332,0.07349747,0.00137040,0.16849385,0.00000000
-5.21360680,1.08563556,0.15291166,0.83986730,0.07770032,0.00130568,0.17271380,0.00000000
-5.20760380,1.07367474,0.15649668,0.82058259,0.08167837,0.00124995,0.17703989,0.00000000
-5.20160080,1.06522534,0.15994182,0.80502495,0.08535667,0.00120217,0.18137369,0.00000000
-5.19559780,1.05963006,0.16310193,0.79269999,0.08866472,0.00116123,0.18561869,0.00000000
-5.18959480,1.05624808,0.16583955,0.78312137,0.09153848,0.00112605,0.18968182,0.00000000
-5.18359180,1.05447456,0.16802931,0.77582698,0.09392202,0.00109556,0.19347489,0.00000000
-5.17758879,1.05375736,0.16956180,0.77039305,0.09576922,0.00106875,0.19691584,0.00000000
-5.17158579,1.05361077,0.17034677,0.76644546,0.09704495,0.00104470,0.19992974,0.00000000
-5.16558279,1.05362582,0.17031573,0.76366829,0.09772604,0.00102256,0.20244962,0.00000000
-5.15957979,1.05347716,0.16942351,0.76180947,0.09780186,0.00100161,0.20441708,0.00000000
-5.15357679,1.05292645,0.16764917,0.76068334,0.09727441,0.00098122,0.20578284,0.00000000
-5.14757379,1.05182249,0.16499595,0.76017062,0.09615811,0.00096089,0.20650699,0.00000000
-5.14157079,1.05009831,0.16149042,0.76021558,0.09447910,0.00094023,0.20655928,0.00000000
-5.13556778,1.04776554,0.15718095,0.76082102,0.09227429,0.00091894,0.20591925,0.00000000
-5.12956478,1.04490654,0.15213555,0.76204126,0.08959002,0.00089686,0.20457639,0.00000000
-5.12356178,1.04166479,0.14643925,0.76397348,0.08648057,0.00087391,0.20253017,0.00000000
-5.11755878,1.03823391,0.14019118,0.76674799,0.08300646,0.00085009,0.19979022,0.00000000
-5.11155578,1.03484601,0.13350150,0.77051775,0.07923272,0.00082552,0.19637635,0.00000000
-5.10555278,1.03175974,0.12648832,0.77544751,0.07522717,0.00080038,0.19231871,0.00000000
-5.09954977,1.02924861,0.11927484,0.78170328,0.07105876,0.00077493,0.18765789,0.00000000
-5.09354677,1.02758999,0.11198671,0.78944217,0.06679608,0.00074949,0.18244498,0.00000000
-5.08754377,1.02705522,0.10474981,0.79880334,0.06250611,0.00072445,0.17674166,0.00000000
-5.08154077,1.02790118,0.09768852,0.80990016,0.05825310,0.00070025,0.17062016,0.00000000
-5.07553777,1.03036354,0.09092438,0.82281398,0.05409787,0.00067739,0.16416318,0.00000000
-5.06953477,1.03465199,0.08457537,0.83758978,0.05009725,0.00065642,0.15746364,0.00000000
-5.06353177,1.04094741,0.07875555,0.85423373,0.04630383,0.00063791,0.15062435,0.00000000
-5.05752876,1.04940117,0.07357508,0.87271286,0.04276590,0.00062250,0.14375742,0.00000000
-5.05152576,1.06013629,0.06914062,0.89295687,0.03952765,0.00061085,0.13698356,0.00000000
-5.04552276,1.07325038,0.06555583,0.91486174,0.03662941,0.00060364,0.13043109,0.00000000
-5.03951976,1.08882009,0.06292190,0.93829527,0.03410806,0.00060158,0.12423476,0.00000000
-5.03351676,1.10690655,0.06133806,0.96310401,0.03199739,0.00060539,0.11853431,0.00000000
-5.02751376,1.12756155,0.06090180,0.98912125,0.03032850,0.00061579,0.11347276,0.00000000
-5.02151076,1.15083366,0.06170875,1.01617575,0.02913008,0.00063351,0.10919442,0.00000000
-5.01550775,1.17677398,0.06385213,1.04410049,0.02842852,0.00065924,0.10584266,0.00000000
-5.00950475,1.20544078,0.06742158,1.07274101,0.02824797,0.00069366,0.10355735,0.00000000
-5.00350175,1.23690244,0.07250147,1.10196286,0.02861003,0.00073738,0.10247210,0.00000000
-4.99749875,1.27123832,0.07916851,1.13165741,0.02953341,0.00079095,0.10271115,0.00000000
-4.99149575,1.30853705,0.08748882,1.16174580,0.03103328,0.00085483,0.10438615,0.00000000
-4.98549275,1.34889193,0.09751449,1.19218043,0.03312046,0.00092937,0.10759269,0.00000000
-4.97948974,1.39239349,0.10927966,1.22294393,0.03580041,0.00101478,0.11240672,0.00000000
-4.97348674,1.43911910,0.12279643,1.25404538,0.03907223,0.00111111,0.11888097,0.00000000
-4.96748374,1.48912009,0.13805069,1.28551388,0.04292743,0.00121823,0.12704148,0.00000000
-4.96148074,1.54240693,0.15499805,1.31738973,0.04734884,0.00133581,0.13688431,0.00000000
-4.95547774,1.59893298,0.17356035,1.34971363,0.05230960,0.00146329,0.14837266,0.00000000
-4.94947474,1.65857805,0.19362268,1.38251446,0.05777222,0.00159987,0.16143449,0.00000000
-4.94347174,1.72113256,0.21503146,1.41579639,0.06368797,0.00174449,0.17596093,0.00000000
-4.93746873,1.78628360,0.23759362,1.44952616,0.06999656,0.00189587,0.19180551,0.00000000
-4.93146573,1.85360402,0.26107718,1.48362130,0.07662620,0.00205246,0.20878448,0.00000000
-4.92546273,1.92254556,0.28521336,1.51794037,0.08349409,0.00221247,0.22667832,0.00000000
-4.91945973,1.99243719,0.30970023,1.55227579,0.09050733,0.00237393,0.24523450,0.00000000
-4.91345673,2.06248918,0.33420804,1.58635018,0.09756440,0.00253467,0.26417158,0.00000000
-4.90745373,2.13180353,0.35838602,1.61981661,0.10455697,0.00269239,0.28318462,0.00000000
-4.90145073,2.19939087,0.38187065,1.65226315,0.11137223,0.00284472,0.30195181,0.00000000
-4.89544772,2.26419347,0.40429494,1.68322180,0.11789552,0.00298925,0.32014217,0.00000000
-4.88944472,2.32511400,0.42529865,1.71218161,0.12401328,0.00312364,0.33742414,0.00000000
-4.88344172,2.38104877,0.44453886,1.73860547,0.12961610,0.00324561,0.35347472,0.00000000
-4.87743872,2.43092441,0.46170064,1.76195007,0.13460190,0.00335311,0.36798888,0.00000000
-4.87143572,2.47373622,0.47650724,1.78168786,0.13887897,0.00344427,0.38068882,0.00000000
-4.86543272,2.50858653,0.48872944,1.79733018,0.14236885,0.00351758,0.39133279,0.00000000
-4.85942971,2.53472131,0.49819367,1.80845027,0.14500884,0.00357184,0.39972303,0.00000000
-4.85342671,2.55156303,0.50478835,1.81470493,0.14675415,0.00360628,0.40571246,0.00000000
-4.84742371,2.55873830,0.50846842,1.81585378,0.14757940,0.00362054,0.40920984,0.00000000
-4.84142071,2.55609870,0.50925755,1.81177493,0.14747965,0.00361470,0.41018318,0.00000000
-4.83541771,2.54373374,0.50724821,1.80247633,0.14647071,0.00358931,0.40866125,0.00000000
-4.82941471,2.52197519,0.50259928,1.78810199,0.14458877,0.00354533,0.40473297,0.00000000
-4.82341171,2.49139249,0.49553151,1.76893279,0.14188950,0.00348414,0.39854496,0.00000000
-4.81740870,2.45277928,0.48632093,1.74538178,0.13844646,0.00340750,0.39029704,0.00000000
-4.81140570,2.40713174,0.47529050,1.71798407,0.13434901,0.00331745,0.38023619,0.00000000
-4.80540270,2.35561963,0.46280023,1.68738183,0.12969980,0.00321630,0.36864902,0.00000000
-4.79939970,2.29955121,0.44923645,1.65430510,0.12461194,0.00310655,0.35585316,0.00000000
-4.79339670,2.24033386,0.43500025,1.61954922,0.11920595,0.00299079,0.34218792,0.00000000
-4.78739370,2.17943173,0.42049592,1.58395003,0.11360660,0.00287166,0.32800461,0.00000000
-4.78139070,2.11832248,0.40611957,1.54835784,0.10793978,0.00275174,0.31365694,0.00000000
-4.77538769,2.05845477,0.39224834,1.51361128,0.10232954,0.00263351,0.29949168,0.00000000
-4.76938469,2.00120791,0.37923070,1.48051220,0.09689527,0.00251928,0.28584019,0.00000000
-4.76338169,1.94785550,0.36737795,1.44980244,0.09174924,0.00241114,0.27301077,0.00000000
-4.75737869,1.89953376,0.35695726,1.42214352,0.08699444,0.00231089,0.26128227,0.00000000
-4.75137569,1.85721576,0.34818641,1.39809955,0.08272277,0.00222004,0.25089895,0.00000000
-4.74537269,1.82169200,0.34123012,1.37812420,0.07901375,0.00213977,0.24206670,0.00000000
-4.73936968,1.79355744,0.33619837,1.36255163,0.07593343,0.00207094,0.23495063,0.00000000
-4.73336668,1.77320518,0.33314615,1.35159166,0.07353380,0.00201405,0.22967396,0.00000000
-4.72736368,1.76082616,0.33207503,1.34532886,0.07185250,0.00196928,0.22631804,0.00000000
-4.72136068,1.75641461,0.33293605,1.34372541,0.07091278,0.00193652,0.22492350,0.00000000
-4.71535768,1.75977822,0.33563385,1.34662714,0.07072374,0.00191534,0.22549219,0.00000000
-4.70935468,1.77055246,0.34003190,1.35377232,0.07128080,0.00190509,0.22798989,0.00000000
-4.70335168,1.78821796,0.34595843,1.36480262,0.07256624,0.00190488,0.23234944,0.00000000
-4.69734867,1.81212014,0.35321297,1.37927559,0.07454995,0.00191363,0.23847429,0.00000000
-4.69134567,1.84149014,0.36157322,1.39667814,0.07719024,0.00193013,0.24624221,0.00000000
-4.68534267,1.87546644,0.37080189,1.41644042,0.08043470,0.00195305,0.25550901,0.00000000
-4.67933967,1.91311627,0.38065356,1.43794981,0.08422114,0.00198101,0.26611230,0.00000000
-4.67333667,1.95345658,0.39088112,1.46056445,0.08847866,0.00201256,0.27787504,0.00000000
-4.66733367,1.99547399,0.40124183,1.48362615,0.09312862,0.00204627,0.29060904,0.00000000
-4.66133067,2.03814349,0.41150270,1.50647262,0.09808591,0.00208073,0.30411819,0.00000000
-4.65532766,2.08044598,0.42144529,1.52844869,0.10326011,0.00211457,0.31820152,0.00000000
-4.64932466,2.12138442,0.43086970,1.54891677,0.10855690,0.00214651,0.33265618,0.00000000
-4.64332166,2.15999876,0.43959782,1.56726644,0.11387948,0.00217534,0.34728015,0.00000000
-4.63731866,2.19537978,0.44747577,1.58292332,0.11913018,0.00219997,0.36187502,0.00000000
-4.63131566,2.22668191,0.45437564,1.59535729,0.12421213,0.00221945,0.37624848,0.00000000
-4.62531266,2.25313515,0.46019640,1.60409018,0.12903104,0.00223293,0.39021692,0.00000000
-4.61930965,2.27405606,0.46486420,1.60870283,0.13349702,0.00223972,0.40360785,0.00000000
-4.61330665,2.28885786,0.46833197,1.60884169,0.13752644,0.00223928,0.41626226,0.00000000
-4.60730365,2.29705952,0.47057848,1.60422476,0.14104371,0.00223121,0.42803688,0.00000000
-4.60130065,2.29829350,0.47160676,1.59464672,0.14398303,0.00221526,0.43880621,0.00000000
-4.59529765,2.29231211,0.47144220,1.57998319,0.14628992,0.00219133,0.44846442,0.00000000
-4.58929465,2.27899193,0.47013004,1.56019376,0.14792256,0.00215946,0.45692684,0.00000000
-4.58329165,2.25833608,0.46773265,1.53532358,0.14885285,0.00211984,0.46413114,0.00000000
-4.57728864,2.23047410,0.46432640,1.50550337,0.14906711,0.00207279,0.47003802,0.00000000
-4.57128564,2.19565894,0.45999842,1.47094747,0.14856641,0.00201875,0.47463148,0.00000000
-4.56528264,2.15426115,0.45484308,1.43195000,0.14736653,0.00195826,0.47791845,0.00000000
-4.55927964,2.10676011,0.44895861,1.38887890,0.14549747,0.00189197,0.47992790,0.00000000
-4.55327664,2.05373236,0.44244365,1.34216798,0.14300254,0.00182061,0.48070945,0.00000000
-4.54727364,1.99583731,0.43539403,1.29230710,0.13993717,0.00174496,0.48033138,0.00000000
-4.54127064,1.93380086,0.42789989,1.23983081,0.13636724,0.00166586,0.47887824,0.00000000
-4.53526763,1.86839717,0.42004319,1.18530564,0.13236729,0.00158417,0.47644812,0.00000000
-4.52926463,1.80042959,0.41189574,1.12931669,0.12801845,0.00150077,0.47314963,0.00000000
-4.52326163,1.73071119,0.40351787,1.07245389,0.12340625,0.00141652,0.46909880,0.00000000
-4.51725863,1.66004573,0.39495778,1.01529841,0.11861841,0.00133226,0.46441595,0.00000000
-4.51125563,1.58920990,0.38625153,0.95840990,0.11374266,0.00124879,0.45922271,0.00000000
-4.50525263,1.51893727,0.37742383,0.90231489,0.10886465,0.00116685,0.45363932,0.00000000
-4.49924962,1.44990473,0.36848934,0.84749687,0.10406600,0.00108714,0.44778221,0.00000000
-4.49324662,1.38272169,0.35945463,0.79438820,0.09942264,0.00101026,0.44176206,0.00000000
-4.48724362,1.31792236,0.35032046,0.74336434,0.09500331,0.00093676,0.43568223,0.00000000
-4.48124062,1.25596111,0.34108440,0.69474021,0.09086836,0.00086708,0.42963774,0.00000000
-4.47523762,1.19721088,0.33174350,0.64876879,0.08706883,0.00080161,0.42371456,0.00000000
-4.46923462,1.14196435,0.32229683,0.60564183,0.08364577,0.00074064,0.41798939,0.00000000
-4.46323162,1.09043745,0.31274784,0.56549236,0.08062984,0.00068441,0.41252968,0.00000000
-4.45722861,1.04277477,0.30310624,0.52839874,0.07804114,0.00063307,0.40739379,0.00000000
-4.45122561,0.99905635,0.29338933,0.49438988,0.07588926,0.00058673,0.40263144,0.00000000
-4.44522261,0.95930515,0.28362279,0.46345124,0.07417353,0.00054543,0.39828394,0.00000000
-4.43921961,0.92349490,0.27384071,0.43553119,0.07288346,0.00050917,0.39438458,0.00000000
-4.43321661,0.89155765,0.26408506,0.41054749,0.07199930,0.00047792,0.39095868,0.00000000
-4.42721361,0.86339080,0.25440455,0.38839345,0.07149281,0.00045160,0.38802362,0.00000000
-4.42121061,0.83886323,0.24485304,0.36894367,0.07132818,0.00043010,0.38558861,0.00000000
-4.41520760,0.81782048,0.23548759,0.35205905,0.07146300,0.00041331,0.38365424,0.00000000
-4.40920460,0.80008897,0.22636639,0.33759117,0.07184950,0.00040106,0.38221201,0.00000000
-4.40320160,0.78547920,0.21754660,0.32538579,0.07243580,0.00039318,0.38124370,0.00000000
-4.39719860,0.77378835,0.20908244,0.31528578,0.07316733,0.00038948,0.38072078,0.00000000
-4.39119560,0.76480224,0.20102359,0.30713337,0.07398837,0.00038973,0.38060395,0.00000000
-4.38519260,0.75829722,0.19341399,0.30077193,0.07484358,0.00039368,0.38084288,0.00000000
-4.37918959,0.75404207,0.18629122,0.29604748,0.07567971,0.00040108,0.38137629,0.00000000
-4.37318659,0.75180021,0.17968649,0.29281004,0.07644716,0.00041163,0.38213234,0.00000000
-4.36718359,0.75133258,0.17362519,0.29091490,0.07710159,0.00042501,0.38302960,0.00000000
-4.36118059,0.75240113,0.16812804,0.29022410,0.07760544,0.00044091,0.38397840,0.00000000
-4.35517759,0.75477308,0.16321278,0.29060796,0.07792923,0.00045897,0.38488279,0.00000000
-4.34917459,0.75822598,0.15889617,0.29194685,0.07805273,0.00047884,0.38564290,0.00000000
-4.34317159,0.76255325,0.15519635,0.29413316,0.07796582,0.00050016,0.38615778,0.00000000
-4.33716858,0.76757019,0.15213523,0.29707332,0.07766906,0.00052260,0.38632855,0.00000000
-4.33116558,0.77312001,0.14974091,0.30068985,0.07717396,0.00054583,0.38606178,0.00000000
-4.32516258,0.77907955,0.14804981,0.30492319,0.07650282,0.00056954,0.38527297,0.00000000
-4.31915958,0.78536438,0.14710848,0.30973331,0.07568822,0.00059350,0.38388996,0.00000000
-4.31315658,0.79193280,0.14697483,0.31510071,0.07477220,0.00061750,0.38185603,0.00000000
-4.30715358,0.79878832,0.14771879,0.32102682,0.07380501,0.00064140,0.37913272,0.00000000
-4.30115058,0.80598044,0.14942213,0.32753360,0.07284356,0.00066516,0.37570201,0.00000000
-4.29514757,0.81360332,0.15217752,0.33466211,0.07194966,0.00068877,0.37156779,0.00000000
-4.28914457,0.82179229,0.15608671,0.34247022,0.07118792,0.00071235,0.36675663,0.00000000
-4.28314157,0.83071804,0.16125781,0.35102919,0.07062366,0.00073605,0.36131760,0.00000000
-4.27713857,0.84057876,0.16780179,0.36041933,0.07032059,0.00076015,0.35532118,0.00000000
-4.27113557,0.85159017,0.17582824,0.37072487,0.07033859,0.00078494,0.34885732,0.00000000
-4.26513257,0.86397404,0.18544039,0.38202800,0.07073152,0.00081082,0.34203265,0.00000000
-4.25912956,0.87794550,0.19672982,0.39440267,0.07154517,0.00083818,0.33496697,0.00000000
-4.25312656,0.89369973,0.20977070,0.40790799,0.07281545,0.00086746,0.32778910,0.00000000
-4.24712356,0.91139861,0.22461411,0.42258197,0.07456685,0.00089907,0.32063240,0.00000000
-4.24112056,0.93115809,0.24128242,0.43843557,0.07681120,0.00093343,0.31363004,0.00000000
-4.23511756,0.95303672,0.25976421,0.45544758,0.07954684,0.00097087,0.30691026,0.00000000
-4.22911456,0.97702624,0.28000975,0.47356055,0.08275819,0.00101168,0.30059190,0.00000000
-4.22311156,1.00304453,0.30192758,0.49267810,0.08641575,0.00105604,0.29478037,0.00000000
-4.21710855,1.03093149,0.32538212,0.51266366,0.09047650,0.00110402,0.28956421,0.00000000
-4.21110555,1.06044806,0.35019280,0.53334097,0.09488476,0.00115558,0.28501250,0.00000000
-4.20510255,1.09127871,0.37613453,0.55449619,0.09957346,0.00121051,0.28117310,0.00000000
-4.19909955,1.12303710,0.40293997,0.57588174,0.10446573,0.00126851,0.27807192,0.00000000
-4.19309655,1.15527499,0.43030322,0.59722167,0.10947682,0.00132910,0.27571313,0.00000000
-4.18709355,1.18749388,0.45788523,0.61821831,0.11451634,0.00139171,0.27408029,0.00000000
-4.18109055,1.21915887,0.48532055,0.63856010,0.11949057,0.00145562,0.27313838,0.00000000
-4.17508754,1.24971430,0.51222528,0.65793004,0.12430495,0.00152003,0.27283650,0.00000000
-4.16908454,1.27860023,0.53820600,0.67601453,0.12886657,0.00158406,0.27311108,0.00000000
-4.16308154,1.30526919,0.56286936,0.69251224,0.13308661,0.00164679,0.27388950,0.00000000
-4.15707854,1.32920242,0.58583178,0.70714251,0.13688254,0.00170726,0.27509374,0.00000000
-4.15107554,1.34992478,0.60672926,0.71965304,0.14018028,0.00176453,0.27664401,0.00000000
-4.14507254,1.36701795,0.62522648,0.72982649,0.14291582,0.00181769,0.27846209,0.00000000
-4.13906953,1.38013112,0.64102526,0.73748580,0.14503672,0.00186588,0.28047414,0.00000000
-4.13306653,1.38898910,0.65387175,0.74249799,0.14650307,0.00190833,0.28261301,0.00000000
-4.12706353,1.39339733,0.66356229,0.74477641,0.14728811,0.00194437,0.28481981,0.00000000
-4.12106053,1.39324403,0.66994771,0.74428145,0.14737841,0.00197345,0.28704470,0.00000000
-4.11505753,1.38849942,0.67293595,0.74101965,0.14677363,0.00199516,0.28924702,0.00000000
-4.10905453,1.37921218,0.67249296,0.73504151,0.14548599,0.00200920,0.29139471,0.00000000
-4.10305153,1.36550382,0.66864199,0.72643808,0.14353929,0.00201542,0.29346311,0.00000000
-4.09704852,1.34756098,0.66146133,0.71533666,0.14096771,0.00201380,0.29543333,0.00000000
-4.09104552,1.32562659,0.65108067,0.70189575,0.13781445,0.00200447,0.29729037,0.00000000
-4.08504252,1.29999006,0.63767630,0.68629965,0.13413013,0.00198764,0.29902101,0.00000000
-4.07903952,1.27097727,0.62146545,0.66875289,0.12997118,0.00196366,0.30061192,0.00000000
-4.07303652,1.23894064,0.60269992,0.64947474,0.12539814,0.00193295,0.30204787,0.00000000
-4.06703352,1.20424989,0.58165927,0.62869400,0.12047410,0.00189603,0.30331040,0.00000000
-4.06103052,1.16728359,0.55864395,0.60664426,0.11526317,0.00185346,0.30437701,0.00000000
-4.05502751,1.12842194,0.53396832,0.58355971,0.10982907,0.00180586,0.30522094,0.00000000
-4.04902451,1.08804077,0.50795402,0.55967154,0.10423396,0.00175390,0.30581161,0.00000000
-4.04302151,1.04650687,0.48092367,0.53520504,0.09853735,0.00169825,0.30611573,0.00000000
-4.03701851,1.00417461,0.45319505,0.51037726,0.09279533,0.00163962,0.30609894,0.00000000
-4.03101551,0.96138373,0.42507592,0.48539528,0.08705985,0.00157870,0.30572809,0.00000000
-4.02501251,0.91845806,0.39685946,0.46045498,0.08137832,0.00151619,0.30497377,0.00000000
-4.01900950,0.87570516,0.36882041,0.43574018,0.07579332,0.00145277,0.30381318,0.00000000
-4.01300650,0.83341637,0.34121186,0.41142217,0.07034243,0.00138911,0.30223299,0.00000000
-4.00700350,0.79186735,0.31426283,0.38765938,0.06505831,0.00132586,0.30023209,0.00000000
-4.00100050,0.75131869,0.28817644,0.36459728,0.05996875,0.00126362,0.29782402,0.00000000
-3.99499750,0.71201650,0.26312878,0.34236831,0.05509695,0.00120296,0.29503897,0.00000000
-3.98899450,0.67419281,0.23926835,0.32109182,0.05046175,0.00114444,0.29192507,0.00000000
-3.98299150,0.63806566,0.21671617,0.30087407,0.04607800,0.00108854,0.28854904,0.00000000
-3.97698849,0.60383886,0.19556628,0.28180814,0.04195691,0.00103570,0.28499600,0.00000000
-3.97098549,0.57170136,0.17588682,0.26397384,0.03810645,0.00098631,0.28136845,0.00000000
-3.96498249,0.54182624,0.15772144,0.24743758,0.03453170,0.00094069,0.27778441,0.00000000
-3.95897949,0.51436939,0.14109108,0.23225229,0.03123523,0.00089912,0.27437487,0.00000000
-3.95297649,0.48946788,0.12599601,0.21845725,0.02821745,0.00086178,0.27128044,0.00000000
-3.94697349,0.46723820,0.11241805,0.20607811,0.02547690,0.00082880,0.26864752,0.00000000
-3.94097049,0.44777436,0.10032288,0.19512687,0.02301053,0.00080025,0.26662402,0.00000000
-3.93496748,0.43114601,0.08966249,0.18560199,0.02081393,0.00077609,0.26535475,0.00000000
-3.92896448,0.41739659,0.08037745,0.17748861,0.01888148,0.00075627,0.26497674,0.00000000
-3.92296148,0.40654165,0.07239919,0.17075885,0.01720651,0.00074061,0.26561448,0.00000000
-3.91695848,0.39856737,0.06565216,0.16537225,0.01578134,0.00072892,0.26737540,0.00000000
-3.91095548,0.39342933,0.06005569,0.16127629,0.01459735,0.00072093,0.27034563,0.00000000
-3.90495248,0.39105154,0.05552574,0.15840704,0.01364500,0.00071633,0.27458604,0.00000000
-3.89894947,0.39132592,0.05197639,0.15668988,0.01291373,0.00071476,0.28012898,0.00000000
-3.89294647,0.39411206,0.04932113,0.15604025,0.01239201,0.00071584,0.28697542,0.00000000
-3.88694347,0.39923748,0.04747386,0.15636456,0.01206723,0.00071916,0.29509295,0.00000000
-3.88094047,0.40649835,0.04634980,0.15756106,0.01192571,0.00072430,0.30441437,0.00000000
-3.87493747,0.41566078,0.04586623,0.15952093,0.01195266,0.00073081,0.31483724,0.00000000
-3.86893447,0.42646279,0.04594308,0.16212927,0.01213221,0.00073828,0.32622427,0.00000000
-3.86293147,0.43861688,0.04650352,0.16526637,0.01244751,0.00074628,0.33840466,0.00000000
-3.85692846,0.45181355,0.04747453,0.16880900,0.01288085,0.00075440,0.35117641,0.00000000
-3.85092546,0.46572555,0.04878747,0.17263191,0.01341386,0.00076226,0.36430972,0.00000000
-3.84492246,0.48001310,0.05037875,0.17660944,0.01402782,0.00076948,0.37755134,0.00000000
-3.83891946,0.49433001,0.05219062,0.18061741,0.01470400,0.00077573,0.39062998,0.00000000
-3.83291646,0.50833071,0.05417203,0.18453514,0.01542410,0.00078071,0.40326258,0.00000000
-3.82691346,0.52167803,0.05627959,0.18824766,0.01617073,0.00078415,0.41516149,0.00000000
-3.82091046,0.53405168,0.05847866,0.19164811,0.01692797,0.00078582,0.42604222,0.00000000
-3.81490745,0.54515713,0.06074447,0.19464018,0.01768193,0.00078554,0.43563170,0.00000000
-3.80890445,0.55473464,0.06306324,0.19714065,0.01842137,0.00078317,0.44367671,0.00000000
-3.80290145,0.56256815,0.06543325,0.19908182,0.01913820,0.00077861,0.44995225,0.00000000
-3.79689845,0.56849365,0.06786577,0.20041381,0.01982808,0.00077185,0.45426946,0.00000000
-3.79089545,0.57240658,0.07038581,0.20110658,0.02049084,0.00076289,0.45648283,0.00000000
-3.78489245,0.57426795,0.07303256,0.20115152,0.02113083,0.00075182,0.45649639,0.00000000
-3.77888944,0.57410882,0.07585945,0.20056264,0.02175713,0.00073879,0.45426846,0.00000000
-3.77288644,0.57203276,0.07893383,0.19937704,0.02238367,0.00072400,0.44981492,0.00000000
-3.76688344,0.56821615,0.08233616,0.19765483,0.02302908,0.00070773,0.44321060,0.00000000
-3.76088044,0.56290604,0.08615862,0.19547820,0.02371643,0.00069032,0.43458879,0.00000000
-3.75487744,0.55641564,0.09050329,0.19294991,0.02447276,0.00067216,0.42413882,0.00000000
-3.74887444,0.54911744,0.09547968,0.19019090,0.02532837,0.00065372,0.41210172,0.00000000
-3.74287144,0.54143414,0.10120193,0.18733738,0.02631604,0.00063550,0.39876411,0.00000000
-3.73686843,0.53382760,0.10778540,0.18453724,0.02746994,0.00061807,0.38445055,0.00000000
-3.73086543,0.52678628,0.11534306,0.18194603,0.02882452,0.00060200,0.36951454,0.00000000
-3.72486243,0.52081150,0.12398157,0.17972264,0.03041324,0.00058791,0.35432866,0.00000000
-3.71885943,0.51640297,0.13379723,0.17802473,0.03226729,0.00057644,0.33927398,0.00000000
-3.71285643,0.51404424,0.14487199,0.17700421,0.03441416,0.00056822,0.32472928,0.00000000
-3.70685343,0.51418830,0.15726960,0.17680282,0.03687646,0.00056386,0.31106041,0.00000000
-3.70085043,0.51724406,0.17103208,0.17754796,0.03967063,0.00056395,0.29861002,0.00000000
-3.69484742,0.52356402,0.18617664,0.17934899,0.04280593,0.00056905,0.28768818,0.00000000
-3.68884442,0.53343345,0.20269319,0.18229400,0.04628355,0.00057965,0.27856398,0.00000000
-3.68284142,0.54706147,0.22054262,0.18644716,0.05009603,0.00059618,0.27145839,0.00000000
-3.67683842,0.56457432,0.23965578,0.19184687,0.05422693,0.00061898,0.26653856,0.00000000
-3.67083542,0.58601079,0.25993340,0.19850441,0.05865086,0.00064831,0.26391374,0.00000000
-3.66483242,0.61132009,0.28124702,0.20640350,0.06333380,0.00068432,0.26363274,0.00000000
-3.65882941,0.64036217,0.30344068,0.21550050,0.06823389,0.00072705,0.26568309,0.00000000
-3.65282641,0.67291037,0.32633370,0.22572527,0.07330241,0.00077641,0.26999189,0.00000000
-3.64682341,0.70865637,0.34972421,0.23698279,0.07848528,0.00083222,0.27642814,0.00000000
-3.64082041,0.74721745,0.37339356,0.24915538,0.08372470,0.00089413,0.28480673,0.00000000
-3.63481741,0.78814561,0.39711134,0.26210541,0.08896109,0.00096171,0.29489376,0.00000000
-3.62881441,0.83093870,0.42064098,0.27567868,0.09413530,0.00103438,0.30641315,0.00000000
-3.62281141,0.87505299,0.44374576,0.28970812,0.09919076,0.00111148,0.31905438,0.00000000
-3.61680840,0.91991713,0.46619498,0.30401795,0.10407585,0.00119223,0.33248114,0.00000000
-3.61080540,0.96494707,0.48777022,0.31842806,0.10874601,0.00127577,0.34634069,0.00000000
-3.60480240,1.00956158,0.50827148,0.33275866,0.11316588,0.00136118,0.36027366,0.00000000
-3.59879940,1.05319801,0.52752285,0.34683499,0.11731109,0.00144749,0.37392406,0.00000000
-3.59279640,1.09532777,0.54537784,0.36049196,0.12116975,0.00153374,0.38694919,0.00000000
-3.58679340,1.13547120,0.56172384,0.37357871,0.12474356,0.00161893,0.39902911,0.00000000
-3.58079040,1.17321120,0.57648577,0.38596284,0.12804843,0.00170211,0.40987546,0.00000000
-3.57478739,1.20820526,0.58962876,0.39753417,0.13111464,0.00178240,0.41923928,0.00000000
-3.56878439,1.24019543,0.60115964,0.40820807,0.13398639,0.00185898,0.42691758,0.00000000
-3.56278139,1.26901581,0.61112716,0.41792791,0.13672087,0.00193114,0.43275843,0.00000000
-3.55677839,1.29459720,0.61962097,0.42666692,0.13938674,0.00199828,0.43666438,0.00000000
-3.55077539,1.31696880,0.62676928,0.43442895,0.14206207,0.00205994,0.43859416,0.00000000
-3.54477239,1.33625661,0.63273517,0.44124848,0.14483191,0.00211581,0.43856252,0.00000000
-3.53876938,1.35267885,0.63771172,0.44718953,0.14778535,0.00216570,0.43663826,0.00000000
-3.53276638,1.36653811,0.64191592,0.45234367,0.15101229,0.00220958,0.43294064,0.00000000
-3.52676338,1.37821088,0.64558173,0.45682712,0.15460005,0.00224755,0.42763423,0.00000000
-3.52076038,1.38813452,0.64895230,0.46077702,0.15862980,0.00227981,0.42092241,0.00000000
-3.51475738,1.39679233,0.65227169,0.46434704,0.16317306,0.00230670,0.41303995,0.00000000
-3.50875438,1.40469715,0.65577634,0.46770241,0.16828833,0.00232861,0.40424486,0.00000000
-3.50275138,1.41237416,0.65968664,0.47101463,0.17401799,0.00234599,0.39480979,0.00000000
-3.49674837,1.42034345,0.66419892,0.47445588,0.18038568,0.00235933,0.38501354,0.00000000
-3.49074537,1.42910308,0.66947803,0.47819357,0.18739412,0.00236912,0.37513264,0.00000000
-3.48474237,1.43911298,0.67565112,0.48238489,0.19502364,0.00237583,0.36543364,0.00000000
-3.47873937,1.45078051,0.68280255,0.48717181,0.20323143,0.00237988,0.35616611,0.00000000
-3.47273637,1.46444777,0.69097045,0.49267647,0.21195158,0.00238164,0.34755657,0.00000000
-3.46673337,1.48038132,0.70014494,0.49899716,0.22109595,0.00238142,0.33980352,0.00000000
-3.46073037,1.49876418,0.71026811,0.50620501,0.23055594,0.00237943,0.33307367,0.00000000
-3.45472736,1.51969057,0.72123594,0.51434141,0.24020503,0.00237580,0.32749924,0.00000000
-3.44872436,1.54316316,0.73290191,0.52341616,0.24990213,0.00237057,0.32317647,0.00000000
-3.44272136,1.56909288,0.74508229,0.53340650,0.25949553,0.00236371,0.32016507,0.00000000
-3.43671836,1.59730115,0.75756292,0.54425695,0.26882753,0.00235511,0.31848875,0.00000000
-3.43071536,1.62752443,0.77010713,0.55587995,0.27773931,0.00234462,0.31813650,0.00000000
-3.42471236,1.65942069,0.78246447,0.56815730,0.28607617,0.00233202,0.31906455,0.00000000
-3.41870935,1.69257784,0.79438006,0.58094243,0.29369274,0.00231711,0.32119903,0.00000000
-3.41270635,1.72652375,0.80560398,0.59406340,0.30045800,0.00229964,0.32443898,0.00000000
-3.40670335,1.76073767,0.81590042,0.60732659,0.30626008,0.00227941,0.32865979,0.00000000
-3.40070035,1.79466287,0.82505632,0.62052120,0.31101039,0.00225624,0.33371694,0.00000000
-3.39469735,1.82772022,0.83288906,0.63342417,0.31464715,0.00222998,0.33944997,0.00000000
-3.38869435,1.85932264,0.83925296,0.64580583,0.31713803,0.00220056,0.34568657,0.00000000
-3.38269135,1.88888989,0.84404449,0.65743581,0.31848187,0.00216796,0.35224686,0.00000000
-3.37668834,1.91586377,0.84720587,0.66808938,0.31870932,0.00213224,0.35894768,0.00000000
-3.37068534,1.93972307,0.84872722,0.67755381,0.31788253,0.00209354,0.36560698,0.00000000
-3.36468234,1.95999821,0.84864695,0.68563470,0.31609361,0.00205209,0.37204817,0.00000000
-3.35867934,1.97628490,0.84705075,0.69216203,0.31346222,0.00200815,0.37810433,0.00000000
-3.35267634,1.98825656,0.84406903,0.69699572,0.31013212,0.00196210,0.38362232,0.00000000
-3.34667334,1.99567497,0.83987307,0.70003042,0.30626693,0.00191434,0.38846659,0.00000000
-3.34067034,1.99839869,0.83467004,0.70119931,0.30204520,0.00186535,0.39252264,0.00000000
-3.33466733,1.99638887,0.82869703,0.70047676,0.29765497,0.00181562,0.39570003,0.00000000
-3.32866433,1.98971204,0.82221436,0.69787966,0.29328799,0.00176568,0.39793474,0.00000000
-3.32266133,1.97853966,0.81549824,0.69346725,0.28913382,0.00171609,0.39919093,0.00000000
-3.31665833,1.96314426,0.80883324,0.68733947,0.28537405,0.00166737,0.39946187,0.00000000
-3.31065533,1.94389223,0.80250449,0.67963387,0.28217676,0.00162007,0.39877005,0.00000000
-3.30465233,1.92123335,0.79679003,0.67052103,0.27969151,0.00157469,0.39716649,0.00000000
-3.29864932,1.89568748,0.79195336,0.66019890,0.27804500,0.00153170,0.39472905,0.00000000
-3.29264632,1.86782884,0.78823649,0.64888605,0.27733751,0.00149152,0.39156009,0.00000000
-3.28664332,1.83826860,0.78585362,0.63681436,0.27764041,0.00145452,0.38778327,0.00000000
-3.28064032,1.80763640,0.78498564,0.62422125,0.27899459,0.00142101,0.38353983,0.00000000
-3.27463732,1.77656176,0.78577559,0.61134209,0.28141005,0.00139123,0.37898435,0.00000000
-3.26863432,1.74565613,0.78832525,0.59840287,0.28486665,0.00136535,0.37428028,0.00000000
-3.26263132,1.71549630,0.79269303,0.58561368,0.28931584,0.00134346,0.36959536,0.00000000
-3.25662831,1.68661017,0.79889311,0.57316313,0.29468342,0.00132560,0.36509718,0.00000000
-3.25062531,1.65946506,0.80689599,0.56121409,0.30087313,0.00131172,0.36094902,0.00000000
-3.24462231,1.63445934,0.81663044,0.54990074,0.30777096,0.00130171,0.35730617,0.00000000
-3.23861931,1.61191736,0.82798669,0.53932714,0.31524989,0.00129541,0.35431284,0.00000000
-3.23261631,1.59208784,0.84082090,0.52956718,0.32317489,0.00129259,0.35209975,0.00000000
-3.22661331,1.57514533,0.85496051,0.52066584,0.33140795,0.00129300,0.35078252,0.00000000
-3.22061031,1.56119455,0.87021046,0.51264158,0.33981286,0.00129633,0.35046064,0.00000000
-3.21460730,1.55027691,0.88635975,0.50548963,0.34825953,0.00130227,0.35121726,0.00000000
-3.20860430,1.54237846,0.90318822,0.49918578,0.35662760,0.00131049,0.35311943,0.00000000
-3.20260130,1.53743876,0.92047306,0.49369055,0.36480933,0.00132063,0.35621876,0.00000000
-3.19659830,1.53535959,0.93799475,0.48895322,0.37271139,0.00133236,0.36055238,0.00000000
-3.19059530,1.53601301,0.95554215,0.48491564,0.38025578,0.00134534,0.36614389,0.00000000
-3.18459230,1.53924808,0.97291635,0.48151541,0.38737959,0.00135926,0.37300417,0.00000000
-3.17858929,1.54489568,0.98993323,0.47868836,0.39403398,0.00137380,0.38113202,0.00000000
-3.17258629,1.55277132,1.00642449,0.47637026,0.40018214,0.00138867,0.39051424,0.00000000
-3.16658329,1.56267564,1.02223723,0.47449756,0.40579673,0.00140362,0.40112527,0.00000000
-3.16058029,1.57439293,1.03723215,0.47300740,0.41085682,0.00141838,0.41292634,0.00000000
-3.15457729,1.58768787,1.05128049,0.47183691,0.41534460,0.00143271,0.42586405,0.00000000
-3.14857429,1.60230106,1.06426027,0.47092197,0.41924215,0.00144637,0.43986859,0.00000000
-3.14257129,1.61794389,1.07605186,0.47019560,0.42252854,0.00145913,0.45485173,0.00000000
-3.13656828,1.63429361,1.08653365,0.46958641,0.42517744,0.00147077,0.47070468,0.00000000
-3.13056528,1.65098928,1.09557803,0.46901704,0.42715539,0.00148103,0.48729617,0.00000000
-3.12456228,1.66762925,1.10304837,0.46840304,0.42842106,0.00148969,0.50447098,0.00000000
-3.11855928,1.68377095,1.10879710,0.46765240,0.42892536,0.00149648,0.52204907,0.00000000
-3.11255628,1.69893337,1.11266557,0.46666559,0.42861256,0.00150115,0.53982567,0.00000000
-3.10655328,1.71260258,1.11448552,0.46533655,0.42742234,0.00150342,0.55757237,0.00000000
-3.10055028,1.72424026,1.11408259,0.46355443,0.42529268,0.00150303,0.57503944,0.00000000
-3.09454727,1.73329532,1.11128159,0.46120603,0.42216335,0.00149972,0.59195941,0.00000000
-3.08854427,1.73921802,1.10591328,0.45817894,0.41797989,0.00149323,0.60805184,0.00000000
-3.08254127,1.74147609,1.09782260,0.45436520,0.41269771,0.00148333,0.62302921,0.00000000
-3.07653827,1.73957214,1.08687748,0.44966517,0.40628619,0.00146981,0.63660372,0.00000000
-3.07053527,1.73306144,1.07297807,0.44399150,0.39873237,0.00145253,0.64849479,0.00000000
-3.06453227,1.72156913,1.05606551,0.43727299,0.39004406,0.00143135,0.65843690,0.00000000
-3.05852926,1.70480591,1.03612978,0.42945793,0.38025218,0.00140623,0.66618746,0.00000000
-3.05252626,1.68258136,1.01321600,0.42051697,0.36941208,0.00137718,0.67153430,0.00000000
-3.04652326,1.65481409,0.98742872,0.41044512,0.35760374,0.00134427,0.67430252,0.00000000
-3.04052026,1.62153800,0.95893384,0.39926287,0.34493093,0.00130764,0.67436029,0.00000000
-3.03451726,1.58290453,0.92795779,0.38701639,0.33151914,0.00126751,0.67162335,0.00000000
-3.02851426,1.53918032,0.89478409,0.37377667,0.31751254,0.00122417,0.66605799,0.00000000
-3.02251126,1.49074075,0.85974721,0.35963771,0.30307000,0.00117796,0.65768247,0.00000000
-3.01650825,1.43805933,0.82322406,0.34471392,0.28836041,0.00112927,0.64656661,0.00000000
-3.01050525,1.38169365,0.78562354,0.32913672,0.27355754,0.00107855,0.63282982,0.00000000
-3.00450225,1.32226845,0.74737452,0.31305055,0.25883467,0.00102626,0.61663754,0.00000000
-2.99849925,1.26045675,0.70891307,0.29660864,0.24435926,0.00097291,0.59819628,0.00000000
-2.99249625,1.19695981,0.67066944,0.27996845,0.23028794,0.00091898,0.57774760,0.00000000
-2.98649325,1.13248693,0.63305550,0.26328727,0.21676200,0.00086498,0.55556114,0.00000000
-2.98049025,1.06773598,0.59645331,0.24671799,0.20390369,0.00081137,0.53192716,0.00000000
-2.97448724,1.00337547,0.56120534,0.23040531,0.19181340,0.00075862,0.50714891,0.00000000
-2.96848424,0.94002893,0.52760680,0.21448242,0.18056790,0.00070711,0.48153498,0.00000000
-2.96248124,0.87826200,0.49590042,0.19906844,0.17021961,0.00065723,0.45539215,0.00000000
-2.95647824,0.81857283,0.46627380,0.18426643,0.16079697,0.00060929,0.42901871,0.00000000
-2.95047524,0.76138582,0.43885952,0.17016227,0.15230588,0.00056354,0.40269879,0.00000000
-2.94447224,0.70704877,0.41373758,0.15682420,0.14473199,0.00052020,0.37669749,0.00000000
-2.93846923,0.65583320,0.39094028,0.14430304,0.13804377,0.00047941,0.35125716,0.00000000
-2.93246623,0.60793768,0.37045877,0.13263303,0.13219612,0.00044128,0.32659478,0.00000000
-2.92646323,0.56349353,0.35225113,0.12183321,0.12713440,0.00040587,0.30290033,0.00000000
-2.92046023,0.52257238,0.33625113,0.11190908,0.12279850,0.00037319,0.28033621,0.00000000
-2.91445723,0.48519512,0.32237737,0.10285469,0.11912683,0.00034321,0.25903752,0.00000000
-2.90845423,0.45134142,0.31054202,0.09465469,0.11606006,0.00031589,0.23911300,0.00000000
-2.90245123,0.42095933,0.30065872,0.08728649,0.11354429,0.00029116,0.22064666,0.00000000
-2.89644822,0.39397438,0.29264920,0.08072233,0.11153351,0.00026892,0.20369964,0.00000000
-2.89044522,0.37029765,0.28644819,0.07493107,0.10999143,0.00024908,0.18831240,0.00000000
-2.88444222,0.34983247,0.28200639,0.06987981,0.10889228,0.00023154,0.17450692,0.00000000
-2.87843922,0.33247951,0.27929137,0.06553509,0.10822087,0.00021618,0.16228881,0.00000000
-2.87243622,0.31814003,0.27828641,0.06186382,0.10797172,0.00020290,0.15164923,0.00000000
-2.86643322,0.30671741,0.27898738,0.05883377,0.10814746,0.00019160,0.14256661,0.00000000
-2.86043022,0.29811692,0.28139791,0.05641382,0.10875655,0.00018218,0.13500799,0.00000000
-2.85442721,0.29224412,0.28552322,0.05457381,0.10981052,0.00017454,0.12893017,0.00000000
-2.84842421,0.28900202,0.29136306,0.05328419,0.11132087,0.00016860,0.12428053,0.00000000
-2.84242121,0.28828755,0.29890417,0.05251554,0.11329585,0.00016425,0.12099772,0.00000000
-2.83641821,0.28998759,0.30811292,0.05223788,0.11573737,0.00016142,0.11901221,0.00000000
-2.83041521,0.29397514,0.31892854,0.05242004,0.11863812,0.00016001,0.11824694,0.00000000
-2.82441221,0.30010599,0.33125739,0.05302906,0.12197923,0.00015992,0.11861793,0.00000000
-2.81840920,0.30821615,0.34496889,0.05402971,0.12572853,0.00016106,0.12003525,0.00000000
-2.81240620,0.31812058,0.35989322,0.05538413,0.12983955,0.00016332,0.12240419,0.00000000
-2.80640320,0.32961322,0.37582120,0.05705177,0.13425138,0.00016659,0.12562679,0.00000000
-2.80040020,0.34246855,0.39250629,0.05898955,0.13888938,0.00017075,0.12960378,0.00000000
-2.79439720,0.35644471,0.40966892,0.06115217,0.14366668,0.00017569,0.13423687,0.00000000
-2.78839420,0.37128794,0.42700271,0.06349282,0.14848657,0.00018129,0.13943128,0.00000000
-2.78239120,0.38673839,0.44418256,0.06596396,0.15324541,0.00018741,0.14509858,0.00000000
-2.77638819,0.40253668,0.46087408,0.06851830,0.15783614,0.00019393,0.15115960,0.00000000
-2.77038519,0.41843119,0.47674389,0.07110989,0.16215207,0.00020073,0.15754728,0.00000000
-2.76438219,0.43418533,0.49147038,0.07369524,0.16609080,0.00020769,0.16420925,0.00000000
-2.75837919,0.44958467,0.50475420,0.07623443,0.16955803,0.00021470,0.17111014,0.00000000
-2.75237619,0.46444320,0.51632810,0.07869206,0.17247105,0.00022166,0.17823318,0.00000000
-2.74637319,0.47860861,0.52596549,0.08103811,0.17476176,0.00022848,0.18558109,0.00000000
-2.74037019,0.49196598,0.53348731,0.08324852,0.17637905,0.00023506,0.19317624,0.00000000
-2.73436718,0.50443989,0.53876692,0.08530559,0.17729033,0.00024135,0.20105963,0.00000000
-2.72836418,0.51599459,0.54173276,0.08719805,0.17748227,0.00024727,0.20928911,0.00000000
-2.72236118,0.52663238,0.54236861,0.08892089,0.17696063,0.00025278,0.21793644,0.00000000
-2.71635818,0.53639009,0.54071165,0.09047488,0.17574923,0.00025784,0.22708359,0.00000000
-2.71035518,0.54533408,0.53684831,0.09186592,0.17388816,0.00026241,0.23681813,0.00000000
-2.70435218,0.55355385,0.53090840,0.09310416,0.17143130,0.00026647,0.24722814,0.00000000
-2.69834917,0.56115478,0.52305768,0.09420299,0.16844335,0.00027000,0.25839672,0.00000000
-2.69234617,0.56825032,0.51348949,0.09517799,0.16499651,0.00027299,0.27039639,0.00000000
-2.68634317,0.57495419,0.50241589,0.09604583,0.16116705,0.00027542,0.28328373,0.00000000
-2.68034017,0.58137305,0.49005876,0.09682324,0.15703192,0.00027730,0.29709444,0.00000000
-2.67433717,0.58759989,0.47664134,0.09752619,0.15266563,0.00027861,0.31183925,0.00000000
-2.66833417,0.59370884,0.46238069,0.09816910,0.14813750,0.00027936,0.32750073,0.00000000
-2.66233117,0.59975131,0.44748128,0.09876436,0.14350947,0.00027957,0.34403139,0.00000000
-2.65632816,0.60575398,0.43213014,0.09932208,0.13883452,0.00027924,0.36135313,0.00000000
-2.65032516,0.61171849,0.41649346,0.09985000,0.13415577,0.00027840,0.37935805,0.00000000
-2.64432216,0.61762296,0.40071492,0.10035373,0.12950625,0.00027707,0.39791071,0.00000000
-2.63831916,0.62342502,0.38491549,0.10083718,0.12490935,0.00027532,0.41685174,0.00000000
-2.63231616,0.62906631,0.36919461,0.10130305,0.12037975,0.00027317,0.43600252,0.00000000
-2.62631316,0.63447796,0.35363259,0.10175363,0.11592495,0.00027071,0.45517084,0.00000000
-2.62031016,0.63958673,0.33829375,0.10219148,0.11154699,0.00026800,0.47415721,0.00000000
-2.61430715,0.64432145,0.32323020,0.10262030,0.10724448,0.00026512,0.49276137,0.00000000
-2.60830415,0.64861921,0.30848583,0.10304557,0.10301462,0.00026218,0.51078887,0.00000000
-2.60230115,0.65243103,0.29410018,0.10347525,0.09885523,0.00025927,0.52805719,0.00000000
-2.59629815,0.65572661,0.28011204,0.10392024,0.09476649,0.00025649,0.54440114,0.00000000
-2.59029515,0.65849782,0.26656247,0.10439468,0.09075246,0.00025395,0.55967735,0.00000000
-2.58429215,0.66076090,0.25349712,0.10491604,0.08682221,0.00025175,0.57376755,0.00000000
-2.57828914,0.66255707,0.24096775,0.10550497,0.08299057,0.00024998,0.58658053,0.00000000
-2.57228614,0.66395169,0.22903295,0.10618498,0.07927838,0.00024874,0.59805281,0.00000000
-2.56628314,0.66503206,0.21775813,0.10698187,0.07571245,0.00024809,0.60814799,0.00000000
-2.56028014,0.66590397,0.20721469,0.10792297,0.07232508,0.00024810,0.61685495,0.00000000
-2.55427714,0.66668733,0.19747877,0.10903631,0.06915320,0.00024881,0.62418508,0.00000000
-2.54827414,0.66751117,0.18862952,0.11034960,0.06623741,0.00025028,0.63016883,0.00000000
-2.54227114,0.66850828,0.18074712,0.11188923,0.06362072,0.00025251,0.63485186,0.00000000
-2.53626813,0.66980997,0.17391074,0.11367928,0.06134728,0.00025551,0.63829097,0.00000000
-2.53026513,0.67154113,0.16819662,0.11574055,0.05946105,0.00025930,0.64055031,0.00000000
-2.52426213,0.67381590,0.16367627,0.11808969,0.05800459,0.00026386,0.64169790,0.00000000
-2.51825913,0.67673424,0.16041508,0.12073852,0.05701792,0.00026919,0.64180277,0.00000000
-2.51225613,0.68037945,0.15847126,0.12369351,0.05653757,0.00027531,0.64093283,0.00000000
-2.50625313,0.68481677,0.15789519,0.12695543,0.05659590,0.00028222,0.63915345,0.00000000
-2.50025013,0.69009303,0.15872918,0.13051924,0.05722052,0.00028997,0.63652688,0.00000000
-2.49424712,0.69623723,0.16100759,0.13437418,0.05843400,0.00029860,0.63311222,0.00000000
-2.48824412,0.70326192,0.16475721,0.13850407,0.06025377,0.00030821,0.62896603,0.00000000
-2.48224112,0.71116522,0.16999782,0.14288770,0.06269217,0.00031889,0.62414318,0.00000000
-2.47623812,0.71993312,0.17674282,0.14749949,0.06575662,0.00033081,0.61869791,0.00000000
-2.47023512,0.72954188,0.18499970,0.15231016,0.06944985,0.00034412,0.61268485,0.00000000
-2.46423212,0.73996032,0.19477039,0.15728743,0.07377016,0.00035903,0.60615978,0.00000000
-2.45822911,0.75115163,0.20605125,0.16239680,0.07871165,0.00037577,0.59918009,0.00000000
-2.45222611,0.76307466,0.21883252,0.16760227,0.08426429,0.00039458,0.59180477,0.00000000
-2.44622311,0.77568441,0.23309743,0.17286690,0.09041391,0.00041573,0.58409391,0.00000000
-2.44022011,0.78893176,0.24882059,0.17815339,0.09714203,0.00043946,0.57610776,0.00000000
-2.43421711,0.80276239,0.26596594,0.18342440,0.10442544,0.00046600,0.56790540,0.00000000
-2.42821411,0.81711495,0.28448422,0.18864273,0.11223566,0.00049559,0.55954312,0.00000000
-2.42221111,0.83191858,0.30430992,0.19377145,0.12053821,0.00052838,0.55107267,0.00000000
-2.41620810,0.84709010,0.32535823,0.19877370,0.12929178,0.00056450,0.54253957,0.00000000
-2.41020510,0.86253096,0.34752172,0.20361254,0.13844731,0.00060398,0.53398152,0.00000000
-2.40420210,0.87812437,0.37066741,0.20825065,0.14794716,0.00064680,0.52542723,0.00000000
-2.39819910,0.89373278,0.39463423,0.21264997,0.15772434,0.00069283,0.51689562,0.00000000
-2.39219610,0.90919615,0.41923124,0.21677143,0.16770200,0.00074183,0.50839559,0.00000000
-2.38619310,0.92433115,0.44423684,0.22057472,0.17779323,0.00079348,0.49992633,0.00000000
-2.38019010,0.93893169,0.46939922,0.22401826,0.18790128,0.00084734,0.49147816,0.00000000
-2.37418709,0.95277079,0.49443832,0.22705932,0.19792027,0.00090286,0.48303388,0.00000000
-2.36818409,0.96560398,0.51904925,0.22965441,0.20773651,0.00095940,0.47457054,0.00000000
-2.36218109,0.97717439,0.54290743,0.23175994,0.21723040,0.00101624,0.46606149,0.00000000
-2.35617809,0.98721912,0.56567524,0.23333316,0.22627887,0.00107260,0.45747859,0.00000000
-2.35017509,0.99547713,0.58701023,0.23433337,0.23475846,0.00112764,0.44879437,0.00000000
-2.34417209,1.00169809,0.60657447,0.23472340,0.24254889,0.00118051,0.43998415,0.00000000
-2.33816908,1.00565201,0.62404483,0.23447117,0.24953690,0.00123036,0.43102785,0.00000000
-2.33216608,1.00713916,0.63912388,0.23355150,0.25562046,0.00127638,0.42191140,0.00000000
-2.32616308,1.00599992,0.65155067,0.23194783,0.26071292,0.00131780,0.41262778,0.00000000
-2.32016008,1.00212396,0.66111128,0.22965390,0.26474705,0.00135398,0.40317759,0.00000000
-2.31415708,0.99545836,0.66764824,0.22667527,0.26767877,0.00138435,0.39356903,0.00000000
-2.30815408,0.98601420,0.67106862,0.22303047,0.26949026,0.00140850,0.38381761,0.00000000
-2.30215108,0.97387109,0.67135020,0.21875189,0.27019238,0.00142617,0.37394526,0.00000000
-2.29614807,0.95917953,0.66854537,0.21388611,0.26982613,0.00143728,0.36397929,0.00000000
-2.29014507,0.94216062,0.66278240,0.20849377,0.26846310,0.00144192,0.35395107,0.00000000
-2.28414207,0.92310311,0.65426410,0.20264884,0.26620474,0.00144034,0.34389456,0.00000000
-2.27813907,0.90235777,0.64326354,0.19643738,0.26318047,0.00143298,0.33384489,0.00000000
-2.27213607,0.88032910,0.63011712,0.18995574,0.25954460,0.00142043,0.32383701,0.00000000
-2.26613307,0.85746469,0.61521514,0.18330826,0.25547212,0.00140343,0.31390441,0.00000000
-2.26013007,0.83424250,0.59899007,0.17660452,0.25115349,0.00138283,0.30407823,0.00000000
-2.25412706,0.81115646,0.58190314,0.16995637,0.24678864,0.00135954,0.29438645,0.00000000
-2.24812406,0.78870102,0.56442964,0.16347460,0.24258026,0.00133457,0.28485350,0.00000000
-2.24212106,0.76735507,0.54704347,0.15726565,0.23872683,0.00130892,0.27550001,0.00000000
-2.23611806,0.74756595,0.53020173,0.15142829,0.23541550,0.00128357,0.26634289,0.00000000
-2.23011506,0.72973417,0.51432977,0.14605051,0.23281512,0.00125945,0.25739556,0.00000000
-2.22411206,0.71419939,0.49980741,0.14120670,0.23106985,0.00123741,0.24866832,0.00000000
-2.21810905,0.70122834,0.48695697,0.13695526,0.23029348,0.00121818,0.24016885,0.00000000
-2.21210605,0.69100515,0.47603337,0.13333676,0.23056482,0.00120233,0.23190269,0.00000000
-2.20610305,0.68362456,0.46721701,0.13037269,0.23192433,0.00119029,0.22387376,0.00000000
-2.20010005,0.67908839,0.46060939,0.12806485,0.23437221,0.00118229,0.21608482,0.00000000
-2.19409705,0.67730540,0.45623198,0.12639554,0.23786802,0.00117839,0.20853783,0.00000000
-2.18809405,0.67809471,0.45402807,0.12532836,0.24233193,0.00117847,0.20123431,0.00000000
-2.18209105,0.68119276,0.45386770,0.12480974,0.24764757,0.00118222,0.19417551,0.00000000
-2.17608804,0.68626336,0.45555539,0.12477112,0.25366638,0.00118919,0.18736261,0.00000000
-2.17008504,0.69291082,0.45884025,0.12513165,0.26021329,0.00119879,0.18079681,0.00000000
-2.16408204,0.70069530,0.46342810,0.12580134,0.26709351,0.00121031,0.17447939,0.00000000
-2.15807904,0.70914997,0.46899493,0.12668452,0.27410015,0.00122297,0.16841181,0.00000000
-2.15207604,0.71779918,0.47520116,0.12768352,0.28102231,0.00123597,0.16259568,0.00000000
-2.14607304,0.72617674,0.48170603,0.12870226,0.28765324,0.00124847,0.15703290,0.00000000
-2.14007004,0.73384363,0.48818139,0.12964983,0.29379829,0.00125970,0.15172562,0.00000000
-2.13406703,0.74040424,0.49432427,0.13044362,0.29928215,0.00126892,0.14667629,0.00000000
-2.12806403,0.74552029,0.49986772,0.13101217,0.30395512,0.00127550,0.14188769,0.00000000
-2.12206103,0.74892193,0.50458937,0.13129732,0.30769811,0.00127891,0.13736279,0.00000000
-2.11605803,0.75041536,0.50831730,0.13125578,0.31042602,0.00127879,0.13310465,0.00000000
-2.11005503,0.74988673,0.51093320,0.13085997,0.31208953,0.00127489,0.12911615,0.00000000
-2.10405203,0.74730200,0.51237244,0.13009809,0.31267512,0.00126713,0.12539962,0.00000000
-2.09804902,0.74270310,0.51262150,0.12897346,0.31220334,0.00125555,0.12195637,0.00000000
-2.09204602,0.73620035,0.51171274,0.12750322,0.31072557,0.00124035,0.11878609,0.00000000
-2.08604302,0.72796186,0.50971703,0.12571636,0.30831933,0.00122183,0.11588619,0.00000000
-2.08004002,0.71820045,0.50673471,0.12365135,0.30508256,0.00120040,0.11325110,0.00000000
-2.07403702,0.70715890,0.50288551,0.12135337,0.30112720,0.00117653,0.11087156,0.00000000
-2.06803402,0.69509432,0.49829804,0.11887136,0.29657234,0.00115071,0.10873402,0.00000000
-2.06203102,0.68226269,0.49309945,0.11625514,0.29153748,0.00112346,0.10682012,0.00000000
-2.05602801,0.66890433,0.48740606,0.11355256,0.28613616,0.00109530,0.10510636,0.00000000
-2.05002501,0.65523109,0.48131525,0.11080700,0.28047041,0.00106667,0.10356408,0.00000000
-2.04402201,0.64141604,0.47489925,0.10805529,0.27462623,0.00103798,0.10215959,0.00000000
-2.03801901,0.62758607,0.46820110,0.10532616,0.26867029,0.00100954,0.10085474,0.00000000
-2.03201601,0.61381771,0.46123288,0.10263922,0.26264814,0.00098159,0.09960767,0.00000000
-2.02601301,0.60013640,0.45397629,0.10000456,0.25658374,0.00095426,0.09837389,0.00000000
-2.02001001,0.58651896,0.44638545,0.09742302,0.25048044,0.00092758,0.09710765,0.00000000
-2.01400700,0.57289899,0.43839160,0.09488694,0.24432320,0.00090152,0.09576336,0.00000000
-2.00800400,0.55917489,0.42990935,0.09238137,0.23808186,0.00087595,0.09429726,0.00000000
-2.00200100,0.54521960,0.42084403,0.08988575,0.23171518,0.00085070,0.09266900,0.00000000
-1.99599800,0.53089169,0.41109959,0.08737576,0.22517540,0.00082554,0.09084321,0.00000000
-1.98999500,0.51604687,0.40058654,0.08482534,0.21841298,0.00080023,0.08879090,0.00000000
-1.98399200,0.50054925,0.38922943,0.08220873,0.21138124,0.00077451,0.08649062,0.00000000
-1.97798899,0.48428165,0.37697338,0.07950233,0.20404055,0.00074817,0.08392934,0.00000000
-1.97198599,0.46715450,0.36378936,0.07668645,0.19636197,0.00072099,0.08110294,0.00000000
-1.96598299,0.44911274,0.34967785,0.07374660,0.18832999,0.00069282,0.07801639,0.00000000
-1.95997999,0.43014048,0.33467081,0.07067454,0.17994444,0.00066357,0.07468349,0.00000000
-1.95397699,0.41026328,0.31883188,0.06746889,0.17122128,0.00063320,0.07112629,0.00000000
-1.94797399,0.38954801,0.30225485,0.06413527,0.16219257,0.00060174,0.06737417,0.00000000
-1.94197099,0.36810052,0.28506065,0.06068609,0.15290534,0.00056928,0.06346261,0.00000000
-1.93596798,0.34606134,0.26739298,0.05714002,0.14341988,0.00053599,0.05943187,0.00000000
-1.92996498,0.32359968,0.24941304,0.05352107,0.13380720,0.00050206,0.05532540,0.00000000
-1.92396198,0.30090644,0.23129362,0.04985751,0.12414616,0.00046775,0.05118833,0.00000000
-1.91795898,0.27818642,0.21321289,0.04618064,0.11452032,0.00043333,0.04706588,0.00000000
-1.91195598,0.25565034,0.19534832,0.04252343,0.10501467,0.00039910,0.04300199,0.00000000
-1.90595298,0.23350708,0.17787100,0.03891924,0.09571257,0.00036536,0.03903798,0.00000000
-1.89994997,0.21195662,0.16094058,0.03540057,0.08669286,0.00033240,0.03521154,0.00000000
-1.89394697,0.19118382,0.14470121,0.03199798,0.07802742,0.00030050,0.03155591,0.00000000
-1.88794397,0.17135349,0.12927838,0.02873915,0.06977924,0.00026992,0.02809931,0.00000000
-1.88194097,0.15260674,0.11477696,0.02564822,0.06200100,0.00024086,0.02486470,0.00000000
-1.87593797,0.13505883,0.10128035,0.02274529,0.05473423,0.00021351,0.02186977,0.00000000
-1.86993497,0.11879834,0.08885071,0.02004622,0.04800900,0.00018801,0.01912716,0.00000000
-1.86393197,0.10388771,0.07753023,0.01756258,0.04184419,0.00016446,0.01664495,0.00000000
-1.85792896,0.09036496,0.06734314,0.01530189,0.03624811,0.00014289,0.01442725,0.00000000
-1.85192596,0.07824642,0.05829862,0.01326798,0.03121963,0.00012334,0.01247506,0.00000000
-1.84592296,0.06753021,0.05039412,0.01146146,0.02674946,0.00010577,0.01078707,0.00000000
-1.83991996,0.05820032,0.04361905,0.00988042,0.02282176,0.00009015,0.00936068,0.00000000
-1.83391696,0.05023098,0.03795876,0.00852103,0.01941572,0.00007638,0.00819292,0.00000000
-1.82791396,0.04359119,0.03339839,0.00737830,0.01650732,0.00006438,0.00728145,0.00000000
-1.82191096,0.03824913,0.02992676,0.00644676,0.01407094,0.00005403,0.00662546,0.00000000
-1.81590795,0.03417628,0.02753980,0.00572112,0.01208090,0.00004522,0.00622647,0.00000000
-1.80990495,0.03135116,0.02624372,0.00519691,0.01051289,0.00003782,0.00608911,0.00000000
-1.80390195,0.02976239,0.02605759,0.00487090,0.00934512,0.00003172,0.00622167,0.00000000
-1.79789895,0.02941118,0.02701533,0.00474156,0.00855929,0.00002679,0.00663658,0.00000000
-1.79189595,0.03031296,0.02916694,0.00480933,0.00814140,0.00002292,0.00735065,0.00000000
-1.78589295,0.03249817,0.03257903,0.00507668,0.00808216,0.00002001,0.00838517,0.00000000
-1.77988994,0.03601215,0.03733440,0.00554816,0.00837727,0.00001798,0.00976574,0.00000000
-1.77388694,0.04091411,0.04353078,0.00623020,0.00902738,0.00001673,0.01152192,0.00000000
-1.76788394,0.04727512,0.05127863,0.00713080,0.01003786,0.00001621,0.01368665,0.00000000
-1.76188094,0.05517522,0.06069792,0.00825910,0.01141828,0.00001635,0.01629538,0.00000000
-1.75587794,0.06469954,0.07191405,0.00962471,0.01318167,0.00001710,0.01938497,0.00000000
-1.74987494,0.07593378,0.08505281,0.01123708,0.01534364,0.00001843,0.02299239,0.00000000
-1.74387194,0.08895880,0.10023456,0.01310465,0.01792125,0.00002030,0.02715319,0.00000000
-1.73786893,0.10384480,0.11756772,0.01523399,0.02093173,0.00002267,0.03189976,0.00000000
-1.73186593,0.12064510,0.13714178,0.01762885,0.02439110,0.00002554,0.03725948,0.00000000
-1.72586293,0.13938973,0.15901999,0.02028928,0.02831273,0.00002886,0.04325281,0.00000000
-1.71985993,0.16007930,0.18323210,0.02321075,0.03270580,0.00003261,0.04989135,0.00000000
-1.71385693,0.18267915,0.20976740,0.02638337,0.03757387,0.00003677,0.05717593,0.00000000
-1.70785393,0.20711442,0.23856846,0.02979124,0.04291349,0.00004130,0.06509501,0.00000000
-1.70185093,0.23326607,0.26952583,0.03341203,0.04871293,0.00004617,0.07362319,0.00000000
-1.69584792,0.26096840,0.30247427,0.03721675,0.05495123,0.00005134,0.08272020,0.00000000
-1.68984492,0.29000823,0.33719069,0.04116982,0.06159746,0.00005676,0.09233034,0.00000000
-1.68384192,0.32012603,0.37339411,0.04522943,0.06861038,0.00006240,0.10238245,0.00000000
-1.67783892,0.35101910,0.41074808,0.04934822,0.07593850,0.00006820,0.11279048,0.00000000
-1.67183592,0.38234705,0.44886546,0.05347431,0.08352059,0.00007411,0.12345488,0.00000000
-1.66583292,0.41373939,0.48731583,0.05755257,0.09128672,0.00008010,0.13426448,0.00000000
-1.65982991,0.44480516,0.52563532,0.06152627,0.09915975,0.00008612,0.14509923,0.00000000
-1.65382691,0.47514444,0.56333877,0.06533886,0.10705732,0.00009214,0.15583348,0.00000000
-1.64782391,0.50436129,0.59993386,0.06893597,0.11489428,0.00009814,0.16633983,0.00000000
-1.64182091,0.53207761,0.63493666,0.07226745,0.12258551,0.00010412,0.17649344,0.00000000
-1.63581791,0.55794759,0.66788824,0.07528949,0.13004900,0.00011011,0.18617660,0.00000000
-1.62981491,0.58167182,0.69837146,0.07796652,0.13720907,0.00011612,0.19528338,0.00000000
-1.62381191,0.60301064,0.72602732,0.08027297,0.14399970,0.00012223,0.20372419,0.00000000
-1.61780890,0.62179598,0.75057015,0.08219478,0.15036768,0.00012853,0.21142999,0.00000000
-1.61180590,0.63794100,0.77180075,0.08373040,0.15627549,0.00013512,0.21835601,0.00000000
-1.60580290,0.65144703,0.78961693,0.08489147,0.16170375,0.00014214,0.22448465,0.00000000
-1.59979990,0.66240732,0.80402070,0.08570288,0.16665315,0.00014976,0.22982749,0.00000000
-1.59379690,0.67100719,0.81512169,0.08620241,0.17114551,0.00015816,0.23442619,0.00000000
-1.58779390,0.67752049,0.82313643,0.08643971,0.17522424,0.00016754,0.23835219,0.00000000
-1.58179090,0.68230218,0.82838336,0.08647482,0.17895367,0.00017812,0.24170518,0.00000000
-1.57578789,0.68577740,0.83127347,0.08637623,0.18241767,0.00019012,0.24461021,0.00000000
-1.56978489,0.68842717,0.83229707,0.08621848,0.18571715,0.00020375,0.24721370,0.00000000
-1.56378189,0.69077124,0.83200686,0.08607949,0.18896684,0.00021923,0.24967826,0.00000000
-1.55777889,0.69334891,0.83099808,0.08603771,0.19229121,0.00023674,0.25217671,0.00000000
-1.55177589,0.69669836,0.82988645,0.08616909,0.19581985,0.00025647,0.25488527,0.00000000
-1.54577289,0.70133549,0.82928495,0.08654420,0.19968233,0.00027853,0.25797651,0.00000000
-1.53976988,0.70773321,0.82978024,0.08722544,0.20400288,0.00030302,0.26161204,0.00000000
-1.53376688,0.71630193,0.83190993,0.08826464,0.20889512,0.00033000,0.26593558,0.00000000
-1.52776388,0.72737238,0.83614173,0.08970091,0.21445705,0.00035945,0.27106649,0.00000000
-1.52176088,0.74118142,0.84285536,0.09155916,0.22076648,0.00039131,0.27709425,0.00000000
-1.51575788,0.75786148,0.85232820,0.09384902,0.22787735,0.00042546,0.28407405,0.00000000
-1.50975488,0.77743437,0.86472537,0.09656448,0.23581693,0.00046174,0.29202390,0.00000000
-1.50375188,0.79980959,0.88009474,0.09968413,0.24458418,0.00049990,0.30092322,0.00000000
-1.49774887,0.82478748,0.89836719,0.10317196,0.25414931,0.00053968,0.31071325,0.00000000
-1.49174587,0.85206690,0.91936218,0.10697883,0.26445471,0.00058074,0.32129915,0.00000000
-1.48574287,0.88125741,0.94279838,0.11104439,0.27541712,0.00062273,0.33255378,0.00000000
-1.47973987,0.91189523,0.96830896,0.11529944,0.28693098,0.00066526,0.34432308,0.00000000
-1.47373687,0.94346234,0.99546072,0.11966866,0.29887288,0.00070793,0.35643267,0.00000000
-1.46773387,0.97540791,1.02377630,0.12407348,0.31110687,0.00075032,0.36869553,0.00000000
-1.46173087,1.00717096,1.05275819,0.12843504,0.32349025,0.00079203,0.38092033,0.00000000
-1.45572786,1.03820328,1.08191355,0.13267715,0.33587975,0.00083267,0.39291989,0.00000000
-1.44972486,1.06799148,1.11077832,0.13672895,0.34813762,0.00087187,0.40451960,0.00000000
-1.44372186,1.09607713,1.13893963,0.14052741,0.36013735,0.00090928,0.41556507,0.00000000
-1.43771886,1.12207400,1.16605517,0.14401929,0.37176867,0.00094461,0.42592881,0.00000000
-1.43171586,1.14568163,1.19186849,0.14716269,0.38294162,0.00097760,0.43551556,0.00000000
-1.42571286,1.16669458,1.21621947,0.14992806,0.39358939,0.00100804,0.44426584,0.00000000
-1.41970985,1.18500693,1.23904944,0.15229861,0.40366980,0.00103575,0.45215772,0.00000000
-1.41370685,1.20061187,1.26040050,0.15427011,0.41316530,0.00106060,0.45920659,0.00000000
-1.40770385,1.21359654,1.28040920,0.15585025,0.42208156,0.00108252,0.46546293,0.00000000
-1.40170085,1.22413242,1.29929500,0.15705739,0.43044464,0.00110146,0.47100835,0.00000000
-1.39569785,1.23246187,1.31734399,0.15791896,0.43829698,0.00111740,0.47594992,0.00000000
-1.38969485,1.23888160,1.33488899,0.15846950,0.44569249,0.00113036,0.48041333,0.00000000
-1.38369185,1.24372410,1.35228694,0.15874852,0.45269095,0.00114035,0.48453508,0.00000000
-1.37768884,1.24733795,1.36989521,0.15879822,0.45935214,0.00114744,0.48845439,0.00000000
-1.37168584,1.25006825,1.38804775,0.15866125,0.46573007,0.00115166,0.49230497,0.00000000
-1.36568284,1.25223807,1.40703289,0.15837858,0.47186765,0.00115308,0.49620751,0.00000000
-1.35967984,1.25413211,1.42707363,0.15798764,0.47779224,0.00115175,0.50026299,0.00000000
-1.35367684,1.25598320,1.44831189,0.15752070,0.48351215,0.00114773,0.50454738,0.00000000
-1.34767384,1.25796246,1.47079725,0.15700373,0.48901460,0.00114106,0.50910794,0.00000000
-1.34167084,1.26017342,1.49448099,0.15645556,0.49426503,0.00113178,0.51396133,0.00000000
-1.33566783,1.26265041,1.51921557,0.15588759,0.49920797,0.00111996,0.51909360,0.00000000
-1.32966483,1.26536103,1.54475944,0.15530387,0.50376932,0.00110564,0.52446197,0.00000000
-1.32366183,1.26821243,1.57078692,0.15470159,0.50785986,0.00108887,0.52999831,0.00000000
-1.31765883,1.27106090,1.59690234,0.15407195,0.51137995,0.00106973,0.53561401,0.00000000
-1.31165583,1.27372412,1.62265751,0.15340130,0.51422482,0.00104831,0.54120595,0.00000000
-1.30565283,1.27599501,1.64757150,0.15267251,0.51629039,0.00102471,0.54666306,0.00000000
-1.29964982,1.27765666,1.67115150,0.15186649,0.51747901,0.00099907,0.55187323,0.00000000
-1.29364682,1.27849705,1.69291340,0.15096370,0.51770498,0.00097156,0.55672991,0.00000000
-1.28764382,1.27832299,1.71240119,0.14994569,0.51689928,0.00094238,0.56113817,0.00000000
-1.28164082,1.27697224,1.72920380,0.14879652,0.51501339,0.00091177,0.56501983,0.00000000
-1.27563782,1.27432352,1.74296889,0.14750400,0.51202193,0.00088002,0.56831734,0.00000000
-1.26963482,1.27030361,1.75341269,0.14606071,0.50792393,0.00084742,0.57099621,0.00000000
-1.26363182,1.26489147,1.76032575,0.14446483,0.50274277,0.00081432,0.57304605,0.00000000
-1.25762881,1.25811938,1.76357448,0.14272059,0.49652475,0.00078111,0.57448003,0.00000000
-1.25162581,1.25007101,1.76309872,0.14083861,0.48933655,0.00074817,0.57533307,0.00000000
-1.24562281,1.24087692,1.75890582,0.13883586,0.48126158,0.00071593,0.57565879,0.00000000
-1.23961981,1.23070789,1.75106186,0.13673544,0.47239574,0.00068481,0.57552565,0.00000000
-1.23361681,1.21976659,1.73968091,0.13456621,0.46284263,0.00065526,0.57501241,0.00000000
-1.22761381,1.20827817,1.72491315,0.13236216,0.45270878,0.00062771,0.57420347,0.00000000
-1.22161081,1.19648057,1.70693285,0.13016175,0.44209897,0.00060259,0.57318415,0.00000000
-1.21560780,1.18461486,1.68592697,0.12800711,0.43111212,0.00058030,0.57203647,0.00000000
-1.20960480,1.17291646,1.66208527,0.12594324,0.41983790,0.00056124,0.57083549,0.00000000
-1.20360180,1.16160739,1.63559244,0.12401709,0.40835420,0.00054576,0.56964653,0.00000000
-1.19759880,1.15089004,1.60662269,0.12227675,0.39672559,0.00053419,0.56852332,0.00000000
-1.19159580,1.14094259,1.57533701,0.12077055,0.38500294,0.00052681,0.56750715,0.00000000
-1.18559280,1.13191607,1.54188311,0.11954619,0.37322388,0.00052387,0.56662699,0.00000000
-1.17958979,1.12393307,1.50639769,0.11864988,0.36141426,0.00052556,0.56590045,0.00000000
-1.17358679,1.11708785,1.46901088,0.11812547,0.34959030,0.00053202,0.56533541,0.00000000
-1.16758379,1.11144759,1.42985202,0.11801355,0.33776129,0.00054332,0.56493224,0.00000000
-1.16158079,1.10705452,1.38905637,0.11835059,0.32593252,0.00055949,0.56468618,0.00000000
-1.15557779,1.10392845,1.34677195,0.11916800,0.31410838,0.00058048,0.56458981,0.00000000
-1.14957479,1.10206949,1.30316584,0.12049121,0.30229522,0.00060618,0.56463535,0.00000000
-1.14357179,1.10146061,1.25842940,0.12233877,0.29050387,0.00063639,0.56481658,0.00000000
-1.13756878,1.10206982,1.21278177,0.12472142,0.27875162,0.00067087,0.56513021,0.00000000
-1.13156578,1.10385170,1.16647145,0.12764129,0.26706357,0.00070927,0.56557674,0.00000000
-1.12556278,1.10674840,1.11977552,0.13109117,0.25547321,0.00075119,0.56616056,0.00000000
-1.11955978,1.11068993,1.07299666,0.13505389,0.24402232,0.00079615,0.56688951,0.00000000
-1.11355678,1.11559402,1.02645803,0.13950195,0.23276018,0.00084359,0.56777382,0.00000000
-1.10755378,1.12136551,0.98049621,0.14439737,0.22174205,0.00089292,0.56882463,0.00000000
-1.10155078,1.12789577,0.93545279,0.14969179,0.21102735,0.00094345,0.57005223,0.00000000
-1.09554777,1.13506208,0.89166496,0.15532696,0.20067729,0.00099448,0.57146410,0.00000000
-1.08954477,1.14272756,0.84945577,0.16123552,0.19075246,0.00104526,0.57306307,0.00000000
-1.08354177,1.15074165,0.80912466,0.16734217,0.18131032,0.00109502,0.57484563,0.00000000
-1.07753877,1.15894149,0.77093879,0.17356515,0.17240292,0.00114300,0.57680068,0.00000000
-1.07153577,1.16715426,0.73512568,0.17981809,0.16407479,0.00118845,0.57890869,0.00000000
-1.06553277,1.17520061,0.70186767,0.18601210,0.15636140,0.00123064,0.58114154,0.00000000
-1.05952976,1.18289910,0.67129833,0.19205810,0.14928792,0.00126891,0.58346293,0.00000000
-1.05352676,1.19007159,0.64350115,0.19786924,0.14286873,0.00130265,0.58582945,0.00000000
-1.04752376,1.19654929,0.61851043,0.20336339,0.13710733,0.00133136,0.58819226,0.00000000
-1.04152076,1.20217933,0.59631431,0.20846556,0.13199687,0.00135462,0.59049932,0.00000000
-1.03551776,1.20683134,0.57685963,0.21311014,0.12752116,0.00137213,0.59269793,0.00000000
-1.02951476,1.21040373,0.56005829,0.21724286,0.12365605,0.00138371,0.59473757,0.00000000
-1.02351176,1.21282926,0.54579472,0.22082237,0.12037112,0.00138929,0.59657282,0.00000000
-1.01750875,1.21407947,0.53393391,0.22382142,0.11763161,0.00138895,0.59816607,0.00000000
-1.01150575,1.21416749,0.52432950,0.22622739,0.11540029,0.00138289,0.59948993,0.00000000
-1.00550275,1.21314912,0.51683142,0.22804237,0.11363935,0.00137139,0.60052912,0.00000000
-0.99949975,1.21112169,0.51129267,0.22928258,0.11231211,0.00135489,0.60128167,0.00000000
-0.99349675,1.20822074,0.50757478,0.22997723,0.11138438,0.00133386,0.60175918,0.00000000
-0.98749375,1.20461441,0.50555169,0.23016683,0.11082551,0.00130888,0.60198633,0.00000000
-0.98149075,1.20049568,0.50511183,0.22990102,0.11060901,0.00128057,0.60199918,0.00000000
-0.97548774,1.19607275,0.50615838,0.22923602,0.11071271,0.00124958,0.60184270,0.00000000
-0.96948474,1.19155785,0.50860769,0.22823177,0.11111851,0.00121656,0.60156732,0.00000000
-0.96348174,1.18715505,0.51238604,0.22694898,0.11181166,0.00118215,0.60122472,0.00000000
-0.95747874,1.18304769,0.51742509,0.22544615,0.11277971,0.00114696,0.60086316,0.00000000
-0.95147574,1.17938600,0.52365631,0.22377670,0.11401122,0.00111154,0.60052248,0.00000000
-0.94547274,1.17627572,0.53100478,0.22198645,0.11549425,0.00107639,0.60022916,0.00000000
-0.93946973,1.17376835,0.53938307,0.22011145,0.11721475,0.00104190,0.59999171,0.00000000
-0.93346673,1.17185367,0.54868538,0.21817638,0.11915515,0.00100840,0.59979677,0.00000000
-0.92746373,1.17045521,0.55878271,0.21619354,0.12129295,0.00097611,0.59960620,0.00000000
-0.92146073,1.16942895,0.56951932,0.21416255,0.12359974,0.00094516,0.59935547,0.00000000
-0.91545773,1.16856562,0.58071095,0.21207064,0.12604054,0.00091561,0.59895350,0.00000000
-0.90945473,1.16759671,0.59214501,0.20989377,0.12857361,0.00088742,0.59828420,0.00000000
-0.90345173,1.16620400,0.60358295,0.20759825,0.13115085,0.00086048,0.59720965,0.00000000
-0.89744872,1.16403244,0.61476477,0.20514296,0.13371860,0.00083462,0.59557491,0.00000000
-0.89144572,1.16070565,0.62541567,0.20248206,0.13621908,0.00080965,0.59321432,0.00000000
-0.88544272,1.15584364,0.63525453,0.19956786,0.13859229,0.00078533,0.58995898,0.00000000
-0.87943972,1.14908177,0.64400378,0.19635399,0.14077820,0.00076141,0.58564513,0.00000000
-0.87343672,1.14008997,0.65140043,0.19279849,0.14271941,0.00073766,0.58012295,0.00000000
-0.86743372,1.12859154,0.65720750,0.18886669,0.14436378,0.00071386,0.57326540,0.00000000
-0.86143072,1.11438027,0.66122531,0.18453387,0.14566721,0.00068981,0.56497652,0.00000000
-0.85542771,1.09733521,0.66330211,0.17978738,0.14659621,0.00066539,0.55519887,0.00000000
-0.84942471,1.07743220,0.66334330,0.17462828,0.14713021,0.00064049,0.54391957,0.00000000
-0.84342171,1.05475165,0.66131885,0.16907233,0.14726342,0.00061508,0.53117461,0.00000000
-0.83741871,1.02948197,0.65726835,0.16315027,0.14700610,0.00058919,0.51705124,0.00000000
-0.83141571,1.00191866,0.65130337,0.15690748,0.14638527,0.00056289,0.50168818,0.00000000
-0.82541271,0.97245884,0.64360692,0.15040301,0.14544456,0.00053632,0.48527365,0.00000000
-0.81940970,0.94159163,0.63442995,0.14370796,0.14424343,0.00050968,0.46804132,0.00000000
-0.81340670,0.90988468,0.62408495,0.13690342,0.14285555,0.00048317,0.45026430,0.00000000
-0.80740370,0.87796749,0.61293681,0.13007801,0.14136657,0.00045708,0.43224749,0.00000000
-0.80140070,0.84651235,0.60139148,0.12332516,0.13987121,0.00043167,0.41431859,0.00000000
-0.79539770,0.81621358,0.58988268,0.11674025,0.13846991,0.00040724,0.39681828,0.00000000
-0.78939470,0.78776604,0.57885749,0.11041778,0.13726507,0.00038409,0.38008991,0.00000000
-0.78339170,0.76184389,0.56876117,0.10444865,0.13635718,0.00036251,0.36446925,0.00000000
-0.77738869,0.73908027,0.56002224,0.09891767,0.13584090,0.00034276,0.35027461,0.00000000
-0.77138569,0.72004887,0.55303808,0.09390144,0.13580133,0.00032509,0.33779788,0.00000000
-0.76538269,0.70524782,0.54816202,0.08946659,0.13631060,0.00030971,0.32729671,0.00000000
-0.75937969,0.69508674,0.54569228,0.08566851,0.13742500,0.00029679,0.31898811,0.00000000
-0.75337669,0.68987695,0.54586325,0.08255053,0.13918269,0.00028647,0.31304375,0.00000000
-0.74737369,0.68982540,0.54883949,0.08014362,0.14160218,0.00027883,0.30958686,0.00000000
-0.74137069,0.69503207,0.55471252,0.07846644,0.14468160,0.00027392,0.30869100,0.00000000
-0.73536768,0.70549090,0.56350062,0.07752589,0.14839878,0.00027173,0.31038036,0.00000000
-0.72936468,0.72109402,0.57515134,0.07731794,0.15271217,0.00027223,0.31463167,0.00000000
-0.72336168,0.74163866,0.58954661,0.07782876,0.15756250,0.00027535,0.32137739,0.00000000
-0.71735868,0.76683667,0.60651006,0.07903595,0.16287511,0.00028096,0.33050996,0.00000000
-0.71135568,0.79632568,0.62581599,0.08090995,0.16856282,0.00028893,0.34188684,0.00000000
-0.70535268,0.82968169,0.64719962,0.08341543,0.17452929,0.00029909,0.35533610,0.00000000
-0.69934967,0.86643222,0.67036791,0.08651253,0.18067249,0.00031125,0.37066217,0.00000000
-0.69334667,0.90606961,0.69501038,0.09015811,0.18688837,0.00032521,0.38765157,0.00000000
-0.68734367,0.94806391,0.72080945,0.09430667,0.19307436,0.00034076,0.40607834,0.00000000
-0.68134067,0.99187481,0.74744979,0.09891115,0.19913263,0.00035767,0.42570896,0.00000000
-0.67533767,1.03696238,0.77462627,0.10392339,0.20497299,0.00037571,0.44630672,0.00000000
-0.66933467,1.08279620,0.80205018,0.10929450,0.21051528,0.00039466,0.46763526,0.00000000
-0.66333167,1.12886281,0.82945373,0.11497482,0.21569109,0.00041428,0.48946145,0.00000000
-0.65732866,1.17467139,0.85659261,0.12091393,0.22044498,0.00043435,0.51155755,0.00000000
-0.65132566,1.21975781,0.88324688,0.12706035,0.22473493,0.00045463,0.53370265,0.00000000
-0.64532266,1.26368705,0.90922033,0.13336130,0.22853226,0.00047490,0.55568368,0.00000000
-0.63931966,1.30605446,0.93433866,0.13976245,0.23182097,0.00049495,0.57729596,0.00000000
-0.63331666,1.34648594,0.95844688,0.14620768,0.23459660,0.00051456,0.59834361,0.00000000
-0.62731366,1.38463760,0.98140632,0.15263913,0.23686477,0.00053353,0.61863989,0.00000000
-0.62131066,1.42019511,1.00309168,0.15899726,0.23863945,0.00055165,0.63800764,0.00000000
-0.61530765,1.45287313,1.02338851,0.16522132,0.23994118,0.00056874,0.65627997,0.00000000
-0.60930465,1.48241509,1.04219145,0.17124992,0.24079526,0.00058460,0.67330129,0.00000000
-0.60330165,1.50859356,1.05940331,0.17702191,0.24123008,0.00059908,0.68892866,0.00000000
-0.59729865,1.53121123,1.07493534,0.18247750,0.24127569,0.00061203,0.70303353,0.00000000
-0.59129565,1.55010268,1.08870837,0.18755948,0.24096262,0.00062329,0.71550371,0.00000000
-0.58529265,1.56513664,1.10065493,0.19221456,0.24032098,0.00063278,0.72624555,0.00000000
-0.57928964,1.57621870,1.11072199,0.19639479,0.23937995,0.00064038,0.73518604,0.00000000
-0.57328664,1.58329417,1.11887399,0.20005882,0.23816744,0.00064604,0.74227480,0.00000000
-0.56728364,1.58635071,1.12509581,0.20317311,0.23671014,0.00064972,0.74748558,0.00000000
-0.56128064,1.58542037,1.12939533,0.20571281,0.23503359,0.00065140,0.75081729,0.00000000
-0.55527764,1.58058080,1.13180514,0.20766240,0.23316248,0.00065111,0.75229420,0.00000000
-0.54927464,1.57195521,1.13238320,0.20901597,0.23112087,0.00064889,0.75196531,0.00000000
-0.54327164,1.55971091,1.13121204,0.20977709,0.22893249,0.00064482,0.74990284,0.00000000
-0.53726863,1.54405629,1.12839672,0.20995833,0.22662083,0.00063899,0.74619978,0.00000000
-0.53126563,1.52523621,1.12406123,0.20958039,0.22420915,0.00063152,0.74096654,0.00000000
-0.52526263,1.50352604,1.11834372,0.20867095,0.22172034,0.00062254,0.73432707,0.00000000
-0.51925963,1.47922439,1.11139076,0.20726323,0.21917660,0.00061220,0.72641436,0.00000000
-0.51325663,1.45264508,1.10335105,0.20539448,0.21659902,0.00060066,0.71736578,0.00000000
-0.50725363,1.42410865,1.09436885,0.20310435,0.21400704,0.00058807,0.70731847,0.00000000
-0.50125063,1.39393394,1.08457787,0.20043333,0.21141796,0.00057459,0.69640506,0.00000000
-0.49524762,1.36243026,1.07409586,0.19742134,0.20884635,0.00056036,0.68474999,0.00000000
-0.48924462,1.32989049,1.06302038,0.19410652,0.20630369,0.00054553,0.67246667,0.00000000
-0.48324162,1.29658560,1.05142608,0.19052436,0.20379809,0.00053021,0.65965565,0.00000000
-0.47723862,1.26276084,1.03936364,0.18670709,0.20133415,0.00051454,0.64640381,0.00000000
-0.47123562,1.22863366,1.02686048,0.18268345,0.19891309,0.00049860,0.63278472,0.00000000
-0.46523262,1.19439352,1.01392310,0.17847875,0.19653306,0.00048248,0.61885998,0.00000000
-0.45922961,1.16020329,1.00054086,0.17411530,0.19418957,0.00046625,0.60468142,0.00000000
-0.45322661,1.12620209,0.98669089,0.16961294,0.19187615,0.00044997,0.59029397,0.00000000
-0.44722361,1.09250920,0.97234361,0.16498979,0.18958503,0.00043371,0.57573886,0.00000000
-0.44122061,1.05922846,0.95746845,0.16026311,0.18730779,0.00041749,0.56105698,0.00000000
-0.43521761,1.02645300,0.94203928,0.15545001,0.18503606,0.00040136,0.54629193,0.00000000
-0.42921461,0.99426943,0.92603907,0.15056819,0.18276200,0.00038536,0.53149268,0.00000000
-0.42321161,0.96276149,0.90946340,0.14563643,0.18047866,0.00036953,0.51671548,0.00000000
-0.41720860,0.93201256,0.89232252,0.14067492,0.17818008,0.00035391,0.50202488,0.00000000
-0.41120560,0.90210693,0.87464193,0.13570526,0.17586128,0.00033853,0.48749380,0.00000000
-0.40520260,0.87312979,0.85646130,0.13075032,0.17351787,0.00032344,0.47320263,0.00000000
-0.39919960,0.84516583,0.83783202,0.12583379,0.17114561,0.00030869,0.45923740,0.00000000
-0.39319660,0.81829681,0.81881360,0.12097957,0.16873982,0.00029431,0.44568721,0.00000000
-0.38719360,0.79259827,0.79946919,0.11621104,0.16629470,0.00028035,0.43264105,0.00000000
-0.38119060,0.76813568,0.77986084,0.11155017,0.16380271,0.00026686,0.42018436,0.00000000
-0.37518759,0.74496058,0.76004483,0.10701678,0.16125403,0.00025385,0.40839543,0.00000000
-0.36918459,0.72310691,0.74006750,0.10262770,0.15863625,0.00024137,0.39734206,0.00000000
-0.36318159,0.70258808,0.71996212,0.09839624,0.15593423,0.00022943,0.38707868,0.00000000
-0.35717859,0.68339498,0.69974697,0.09433164,0.15313034,0.00021804,0.37764400,0.00000000
-0.35117559,0.66549516,0.67942491,0.09043894,0.15020494,0.00020720,0.36905957,0.00000000
-0.34517259,0.64883342,0.65898454,0.08671895,0.14713719,0.00019691,0.36132909,0.00000000
-0.33916958,0.63333362,0.63840277,0.08316848,0.14390613,0.00018715,0.35443877,0.00000000
-0.33316658,0.61890182,0.61764881,0.07978083,0.14049198,0.00017789,0.34835838,0.00000000
-0.32716358,0.60543049,0.59668911,0.07654644,0.13687754,0.00016910,0.34304323,0.00000000
-0.32116058,0.59280342,0.57549300,0.07345362,0.13304963,0.00016075,0.33843666,0.00000000
-0.31515758,0.58090129,0.55403861,0.07048944,0.12900057,0.00015280,0.33447305,0.00000000
-0.30915458,0.56960720,0.53231852,0.06764062,0.12472935,0.00014520,0.33108112,0.00000000
-0.30315158,0.55881220,0.51034487,0.06489434,0.12024269,0.00013791,0.32818722,0.00000000
-0.29714857,0.54842018,0.48815351,0.06223903,0.11555567,0.00013090,0.32571864,0.00000000
-0.29114557,0.53835206,0.46580679,0.05966501,0.11069213,0.00012414,0.32360655,0.00000000
-0.28514257,0.52854909,0.44339496,0.05716497,0.10568448,0.00011760,0.32178865,0.00000000
-0.27913957,0.51897490,0.42103596,0.05473427,0.10057325,0.00011126,0.32021129,0.00000000
-0.27313657,0.50961661,0.39887367,0.05237109,0.09540621,0.00010511,0.31883107,0.00000000
-0.26713357,0.50048468,0.37707457,0.05007638,0.09023707,0.00009913,0.31761596,0.00000000
-0.26113057,0.49161184,0.35582325,0.04785365,0.08512399,0.00009334,0.31654585,0.00000000
-0.25512756,0.48305108,0.33531681,0.04570869,0.08012779,0.00008773,0.31561268,0.00000000
-0.24912456,0.47487297,0.31575845,0.04364908,0.07531009,0.00008231,0.31482014,0.00000000
-0.24312156,0.46716247,0.29735071,0.04168377,0.07073133,0.00007710,0.31418315,0.00000000
-0.23711856,0.46001541,0.28028853,0.03982249,0.06644891,0.00007211,0.31372698,0.00000000
-0.23111556,0.45353497,0.26475259,0.03807530,0.06251537,0.00006736,0.31348638,0.00000000
-0.22511256,0.44782804,0.25090298,0.03645206,0.05897677,0.00006288,0.31350452,0.00000000
-0.21910955,0.44300194,0.23887365,0.03496203,0.05587131,0.00005867,0.31383194,0.00000000
-0.21310655,0.43916137,0.22876776,0.03361345,0.05322822,0.00005475,0.31452551,0.00000000
-0.20710355,0.43640567,0.22065395,0.03241335,0.05106697,0.00005114,0.31564734,0.00000000
-0.20110055,0.43482655,0.21456383,0.03136726,0.04939672,0.00004784,0.31726378,0.00000000
-0.19509755,0.43450607,0.21049053,0.03047915,0.04821623,0.00004487,0.31944422,0.00000000
-0.18909455,0.43551505,0.20838842,0.02975134,0.04751389,0.00004223,0.32225993,0.00000000
-0.18309155,0.43791163,0.20817406,0.02918454,0.04726826,0.00003992,0.32578263,0.00000000
-0.17708854,0.44174016,0.20972808,0.02877790,0.04744868,0.00003794,0.33008299,0.00000000
-0.17108554,0.44703009,0.21289825,0.02852915,0.04801632,0.00003628,0.33522873,0.00000000
-0.16508254,0.45379510,0.21750336,0.02843467,0.04892529,0.00003494,0.34128257,0.00000000
-0.15907954,0.46203214,0.22333806,0.02848966,0.05012408,0.00003391,0.34829983,0.00000000
-0.15307654,0.47172069,0.23017836,0.02868829,0.05155709,0.00003319,0.35632584,0.00000000
-0.14707354,0.48282196,0.23778783,0.02902384,0.05316632,0.00003276,0.36539305,0.00000000
-0.14107054,0.49527831,0.24592430,0.02948886,0.05489312,0.00003262,0.37551819,0.00000000
-0.13506753,0.50901291,0.25434693,0.03007530,0.05668012,0.00003275,0.38669933,0.00000000
-0.12906453,0.52392965,0.26282345,0.03077467,0.05847303,0.00003317,0.39891317,0.00000000
-0.12306153,0.53991359,0.27113760,0.03157822,0.06022253,0.00003385,0.41211267,0.00000000
-0.11705853,0.55683191,0.27909630,0.03247712,0.06188610,0.00003482,0.42622521,0.00000000
-0.11105553,0.57453560,0.28653673,0.03346264,0.06342975,0.00003606,0.44115150,0.00000000
-0.10505253,0.59286195,0.29333281,0.03452642,0.06482956,0.00003761,0.45676530,0.00000000
-0.09904952,0.61163793,0.29940113,0.03566077,0.06607315,0.00003948,0.47291423,0.00000000
-0.09304652,0.63068441,0.30470610,0.03685891,0.06716087,0.00004169,0.48942173,0.00000000
-0.08704352,0.64982140,0.30926417,0.03811543,0.06810674,0.00004430,0.50609018,0.00000000
-0.08104052,0.66887397,0.31314695,0.03942656,0.06893916,0.00004734,0.52270525,0.00000000
-0.07503752,0.68767895,0.31648317,0.04079067,0.06970127,0.00005089,0.53904136,0.00000000
-0.06903452,0.70609205,0.31945937,0.04220858,0.07045096,0.00005501,0.55486818,0.00000000
-0.06303152,0.72399522,0.32231918,0.04368402,0.07126063,0.00005980,0.56995790,0.00000000
-0.05702851,0.74130384,0.32536125,0.04522389,0.07221646,0.00006534,0.58409309,0.00000000
-0.05102551,0.75797347,0.32893572,0.04683856,0.07341740,0.00007176,0.59707478,0.00000000
-0.04502251,0.77400569,0.33343914,0.04854199,0.07497370,0.00007917,0.60873045,0.00000000
-0.03901951,0.78945262,0.33930801,0.05035177,0.07700509,0.00008771,0.61892149,0.00000000
-0.03301651,0.80441982,0.34701087,0.05228894,0.07963859,0.00009751,0.62754990,0.00000000
-0.02701351,0.81906706,0.35703886,0.05437764,0.08300591,0.00010872,0.63456368,0.00000000
-0.02101051,0.83360680,0.36989507,0.05664460,0.08724051,0.00012148,0.63996068,0.00000000
-0.01500750,0.84830006,0.38608254,0.05911834,0.09247426,0.00013592,0.64379069,0.00000000
-0.00900450,0.86344967,0.40609119,0.06182821,0.09883391,0.00015216,0.64615537,0.00000000
-0.00300150,0.87939082,0.43038377,0.06480320,0.10643721,0.00017031,0.64720614,0.00000000
0.00300150,0.89647912,0.45938117,0.06807060,0.11538891,0.00019045,0.64713981,0.00000000
0.00900450,0.91507645,0.49344727,0.07165452,0.12577662,0.00021264,0.64619213,0.00000000
0.01500750,0.93553503,0.53287378,0.07557432,0.13766675,0.00023688,0.64462937,0.00000000
0.02101051,0.95818024,0.57786549,0.07984302,0.15110048,0.00026315,0.64273834,0.00000000
0.02701351,0.98329297,0.62852630,0.08446576,0.16609012,0.00029136,0.64081501,0.00000000
0.03301651,1.01109211,0.68484673,0.08943843,0.18261584,0.00032138,0.63915239,0.00000000
0.03901951,1.04171808,0.74669332,0.09474643,0.20062293,0.00035301,0.63802810,0.00000000
0.04502251,1.07521824,0.81380052,0.10036378,0.22001992,0.00038602,0.63769205,0.00000000
0.05102551,1.11153489,0.88576560,0.10625254,0.24067746,0.00042009,0.63835497,0.00000000
0.05702851,1.15049667,0.96204712,0.11236267,0.26242828,0.00045486,0.64017825,0.00000000
0.06303152,1.19181385,1.04196722,0.11863233,0.28506829,0.00048992,0.64326542,0.00000000
0.06903452,1.23507808,1.12471813,0.12498861,0.30835877,0.00052482,0.64765599,0.00000000
0.07503752,1.27976677,1.20937302,0.13134885,0.33202985,0.00055908,0.65332169,0.00000000
0.08104052,1.32525226,1.29490110,0.13762227,0.35578512,0.00059219,0.66016546,0.00000000
0.08704352,1.37081550,1.38018689,0.14371215,0.37930737,0.00062365,0.66802331,0.00000000
0.09304652,1.41566395,1.46405314,0.14951825,0.40226529,0.00065293,0.67666889,0.00000000
0.09904952,1.45895316,1.54528692,0.15493961,0.42432096,0.00067957,0.68582075,0.00000000
0.10505253,1.49981111,1.62266818,0.15987735,0.44513793,0.00070310,0.69515191,0.00000000
0.11105553,1.53736465,1.69499984,0.16423774,0.46438962,0.00072313,0.70430143,0.00000000
0.11705853,1.57076678,1.76113849,0.16793500,0.48176773,0.00073932,0.71288739,0.00000000
0.12306153,1.59922386,1.82002464,0.17089406,0.49699041,0.00075141,0.72052085,0.00000000
0.12906453,1.62202159,1.87071142,0.17305299,0.50980988,0.00075922,0.72682019,0.00000000
0.13506753,1.63854879,1.91239080,0.17436503,0.52001923,0.00076267,0.73142516,0.00000000
0.14107054,1.64831794,1.94441624,0.17480013,0.52745809,0.00076174,0.73401012,0.00000000
0.14707354,1.65098173,1.96632093,0.17434606,0.53201707,0.00075655,0.73429592,0.00000000
0.15307654,1.64634504,1.97783108,0.17300877,0.53364071,0.00074728,0.73205997,0.00000000
0.15907954,1.63437168,1.97887346,0.17081236,0.53232886,0.00073420,0.72714409,0.00000000
0.16508254,1.61518601,1.96957726,0.16779828,0.52813650,0.00071768,0.71945985,0.00000000
0.17108554,1.58906912,1.95026987,0.16402412,0.52117194,0.00069813,0.70899134,0.00000000
0.17708854,1.55645006,1.92146702,0.15956186,0.51159358,0.00067601,0.69579511,0.00000000
0.18309155,1.51789231,1.88385755,0.15449569,0.49960524,0.00065185,0.67999768,0.00000000
0.18909455,1.47407645,1.83828349,0.14891956,0.48545041,0.00062618,0.66179052,0.00000000
0.19509755,1.42577941,1.78571620,0.14293443,0.46940553,0.00059953,0.64142293,0.00000000
0.20110055,1.37385163,1.72722961,0.13664554,0.45177266,0.00057245,0.61919321,0.00000000
0.20710355,1.31919275,1.66397158,0.13015954,0.43287173,0.00054546,0.59543851,0.00000000
0.21310655,1.26272711,1.59713458,0.12358183,0.41303279,0.00051902,0.57052391,0.00000000
0.21910955,1.20537986,1.52792664,0.11701408,0.39258844,0.00049358,0.54483112,0.00000000
0.22511256,1.14805477,1.45754393,0.11055206,0.37186668,0.00046951,0.51874743,0.00000000
0.23111556,1.09161444,1.38714572,0.10428376,0.35118461,0.00044713,0.49265526,0.00000000
0.23711856,1.03686360,1.31783274,0.09828806,0.33084292,0.00042669,0.46692278,0.00000000
0.24312156,0.98453607,1.25062940,0.09263373,0.31112146,0.00040840,0.44189581,0.00000000
0.24912456,0.93528558,1.18647054,0.08737890,0.29227598,0.00039235,0.41789146,0.00000000
0.25512756,0.88968049,1.12619262,0.08257105,0.27453596,0.00037863,0.39519333,0.00000000
0.26113057,0.84820243,1.07052952,0.07824726,0.25810358,0.00036724,0.37404864,0.00000000
0.26713357,0.81124831,1.02011248,0.07443494,0.24315373,0.00035813,0.35466690,0.00000000
0.27313657,0.77913527,0.97547363,0.07115272,0.22983491,0.00035123,0.33722019,0.00000000
0.27913957,0.75210786,0.93705247,0.06841165,0.21827074,0.00034643,0.32184470,0.00000000
0.28514257,0.73034668,0.90520435,0.06621639,0.20856202,0.00034359,0.30864325,0.00000000
0.29114557,0.71397750,0.88020986,0.06456650,0.20078897,0.00034257,0.29768837,0.00000000
0.29714857,0.70308020,0.86228430,0.06345760,0.19501352,0.00034322,0.28902573,0.00000000
0.30315158,0.69769653,0.85158618,0.06288240,0.19128124,0.00034538,0.28267740,0.00000000
0.30915458,0.69783612,0.84822375,0.06283153,0.18962300,0.00034893,0.27864470,0.00000000
0.31515758,0.70348011,0.85225913,0.06329404,0.19005583,0.00035373,0.27691047,0.00000000
0.32116058,0.71458212,0.86370931,0.06425766,0.19258326,0.00035965,0.27744031,0.00000000
0.32716358,0.73106635,0.88254394,0.06570874,0.19719472,0.00036659,0.28018303,0.00000000
0.33316658,0.75282304,0.90867995,0.06763187,0.20386436,0.00037446,0.28507004,0.00000000
0.33916958,0.77970157,0.94197338,0.07000928,0.21254907,0.00038315,0.29201393,0.00000000
0.34517259,0.81150173,0.98220896,0.07282002,0.22318608,0.00039259,0.30090638,0.00000000
0.35117559,0.84796402,1.02908845,0.07603906,0.23569026,0.00040267,0.31161566,0.00000000
0.35717859,0.88875989,1.08221870,0.07963630,0.24995128,0.00041329,0.32398413,0.00000000
0.36318159,0.93348272,1.14110068,0.08357567,0.26583110,0.00042434,0.33782595,0.00000000
0.36918459,0.98164079,1.20512056,0.08781441,0.28316188,0.00043569,0.35292555,0.00000000
0.37518759,1.03265297,1.27354421,0.09230252,0.30174477,0.00044717,0.36903709,0.00000000
0.38119060,1.08584810,1.34551603,0.09698261,0.32134964,0.00045861,0.38588527,0.00000000
0.38719360,1.14046855,1.42006292,0.10179004,0.34171614,0.00046980,0.40316770,0.00000000
0.39319660,1.19567850,1.49610405,0.10665355,0.36255609,0.00048053,0.42055897,0.00000000
0.39919960,1.25057690,1.57246650,0.11149625,0.38355740,0.00049055,0.43771643,0.00000000
0.40520260,1.30421507,1.64790677,0.11623706,0.40438926,0.00049962,0.45428765,0.00000000
0.41120560,1.35561834,1.72113748,0.12079250,0.42470882,0.00050747,0.46991920,0.00000000
0.41720860,1.40381104,1.79085850,0.12507877,0.44416885,0.00051386,0.48426662,0.00000000
0.42321161,1.44784378,1.85579118,0.12901404,0.46242627,0.00051854,0.49700499,0.00000000
0.42921461,1.48682184,1.91471434,0.13252089,0.47915124,0.00052129,0.50783975,0.00000000
0.43521761,1.51993337,1.96650028,0.13552867,0.49403621,0.00052193,0.51651708,0.00000000
0.44122061,1.54647599,2.01014917,0.13797581,0.50680480,0.00052031,0.52283350,0.00000000
0.44722361,1.56588050,2.04482003,0.13981181,0.51721985,0.00051631,0.52664402,0.00000000
0.45322661,1.57773042,2.06985693,0.14099894,0.52509042,0.00050989,0.52786835,0.00000000
0.45922961,1.58177641,2.08480877,0.14151346,0.53027727,0.00050104,0.52649499,0.00000000
0.46523262,1.57794478,2.08944190,0.14134641,0.53269668,0.00048982,0.52258268,0.00000000
0.47123562,1.56633952,2.08374474,0.14050374,0.53232225,0.00047634,0.51625926,0.00000000
0.47723862,1.54723780,2.06792426,0.13900601,0.52918476,0.00046075,0.50771776,0.00000000
0.48324162,1.52107913,2.04239437,0.13688745,0.52337002,0.00044326,0.49721003,0.00000000
0.48924462,1.48844858,2.00775703,0.13419458,0.51501477,0.00042412,0.48503796,0.00000000
0.49524762,1.45005497,1.96477685,0.13098439,0.50430100,0.00040360,0.47154284,0.00000000
0.50125063,1.40670498,1.91435058,0.12732220,0.49144882,0.00038200,0.45709323,0.00000000
0.50725363,1.35927452,1.85747310,0.12327924,0.47670828,0.00035963,0.44207186,0.00000000
0.51325663,1.30867849,1.79520146,0.11893019,0.46035066,0.00033681,0.42686224,0.00000000
0.51925963,1.25584060,1.72861871,0.11435065,0.44265938,0.00031385,0.41183545,0.00000000
0.52526263,1.20166427,1.65879933,0.10961476,0.42392127,0.00029104,0.39733773,0.00000000
0.53126563,1.14700600,1.58677756,0.10479302,0.40441832,0.00026865,0.38367942,0.00000000
0.53726863,1.09265230,1.51352012,0.09995046,0.38442028,0.00024692,0.37112562,0.00000000
0.54327164,1.03930087,1.43990405,0.09514510,0.36417856,0.00022607,0.35988899,0.00000000
0.54927464,0.98754667,1.36670061,0.09042689,0.34392132,0.00020626,0.35012484,0.00000000
0.55527764,0.93787326,1.29456529,0.08583707,0.32385011,0.00018763,0.34192881,0.00000000
0.56128064,0.89064930,1.22403392,0.08140794,0.30413791,0.00017028,0.33533690,0.00000000
0.56728364,0.84613017,1.15552462,0.07716314,0.28492859,0.00015427,0.33032798,0.00000000
0.57328664,0.80446406,1.08934465,0.07311815,0.26633759,0.00013961,0.32682846,0.00000000
0.57928964,0.76570205,1.02570162,0.06928128,0.24845376,0.00012629,0.32471877,0.00000000
0.58529265,0.72981129,0.96471766,0.06565472,0.23134191,0.00011428,0.32384143,0.00000000
0.59129565,0.69669053,0.90644572,0.06223594,0.21504605,0.00010352,0.32401019,0.00000000
0.59729865,0.66618687,0.85088674,0.05901906,0.19959298,0.00009393,0.32501981,0.00000000
0.60330165,0.63811309,0.79800663,0.05599622,0.18499589,0.00008541,0.32665600,0.00000000
0.60930465,0.61226447,0.74775227,0.05315903,0.17125791,0.00007788,0.32870526,0.00000000
0.61530765,0.58843454,0.70006556,0.05049969,0.15837535,0.00007121,0.33096392,0.00000000
0.62131066,0.56642901,0.65489516,0.04801214,0.14634046,0.00006531,0.33324636,0.00000000
0.62731366,0.54607740,0.61220538,0.04569282,0.13514373,0.00006008,0.33539191,0.00000000
0.63331666,0.52724218,0.57198222,0.04354133,0.12477557,0.00005543,0.33727026,0.00000000
0.63931966,0.50982507,0.53423651,0.04156073,0.11522743,0.00005127,0.33878538,0.00000000
0.64532266,0.49377056,0.49900434,0.03975767,0.10649240,0.00004752,0.33987774,0.00000000
0.65132566,0.47906682,0.46634529,0.03814222,0.09856537,0.00004413,0.34052485,0.00000000
0.65732866,0.46574399,0.43633857,0.03672749,0.09144276,0.00004104,0.34074042,0.00000000
0.66333167,0.45387050,0.40907795,0.03552911,0.08512206,0.00003822,0.34057190,0.00000000
0.66933467,0.44354738,0.38466565,0.03456448,0.07960113,0.00003563,0.34009702,0.00000000
0.67533767,0.43490132,0.36320588,0.03385190,0.07487750,0.00003326,0.33941909,0.00000000
0.68134067,0.42807653,0.34479840,0.03340971,0.07094766,0.00003110,0.33866168,0.00000000
0.68734367,0.42322616,0.32953236,0.03325525,0.06780642,0.00002914,0.33796262,0.00000000
0.69334667,0.42050334,0.31748097,0.03340392,0.06544646,0.00002739,0.33746773,0.00000000
0.69934967,0.42005235,0.30869683,0.03386823,0.06385797,0.00002584,0.33732437,0.00000000
0.70535268,0.42200013,0.30320837,0.03465689,0.06302855,0.00002452,0.33767511,0.00000000
0.71135568,0.42644850,0.30101716,0.03577402,0.06294315,0.00002344,0.33865165,0.00000000
0.71735868,0.43346713,0.30209625,0.03721853,0.06358423,0.00002259,0.34036917,0.00000000
0.72336168,0.44308763,0.30638925,0.03898353,0.06493196,0.00002199,0.34292122,0.00000000
0.72936468,0.45529869,0.31381026,0.04105603,0.06696447,0.00002165,0.34637537,0.00000000
0.73536768,0.47004258,0.32424436,0.04341674,0.06965810,0.00002157,0.35076959,0.00000000
0.74137069,0.48721302,0.33754860,0.04604012,0.07298762,0.00002174,0.35610966,0.00000000
0.74737369,0.50665443,0.35355342,0.04889459,0.07692636,0.00002216,0.36236739,0.00000000
0.75337669,0.52816276,0.37206437,0.05194301,0.08144627,0.00002283,0.36948011,0.00000000
0.75937969,0.55148774,0.39286422,0.05514326,0.08651791,0.00002372,0.37735111,0.00000000
0.76538269,0.57633677,0.41571532,0.05844910,0.09211036,0.00002481,0.38585129,0.00000000
0.77138569,0.60238023,0.44036240,0.06181117,0.09819108,0.00002608,0.39482195,0.00000000
0.77738869,0.62925821,0.46653575,0.06517813,0.10472581,0.00002750,0.40407861,0.00000000
0.78339170,0.65658865,0.49395491,0.06849791,0.11167846,0.00002905,0.41341594,0.00000000
0.78939470,0.68397647,0.52233298,0.07171906,0.11901118,0.00003067,0.42261358,0.00000000
0.79539770,0.71102376,0.55138137,0.07479210,0.12668449,0.00003235,0.43144265,0.00000000
0.80140070,0.73734044,0.58081522,0.07767089,0.13465764,0.00003404,0.43967291,0.00000000
0.80740370,0.76255531,0.61035925,0.08031391,0.14288918,0.00003570,0.44708018,0.00000000
0.81340670,0.78632691,0.63975395,0.08268541,0.15133768,0.00003730,0.45345383,0.00000000
0.81940970,0.80835381,0.66876187,0.08475645,0.15996269,0.00003881,0.45860396,0.00000000
0.82541271,0.82838391,0.69717375,0.08650566,0.16872573,0.00004019,0.46236814,0.00000000
0.83141571,0.84622227,0.72481414,0.08791979,0.17759148,0.00004142,0.46461723,0.00000000
0.83741871,0.86173703,0.75154615,0.08899397,0.18652877,0.00004248,0.46526009,0.00000000
0.84342171,0.87486307,0.77727493,0.08973169,0.19551155,0.00004335,0.46424698,0.00000000
0.84942471,0.88560316,0.80194954,0.09014440,0.20451956,0.00004401,0.46157138,0.00000000
0.85542771,0.89402633,0.82556290,0.09025094,0.21353863,0.00004447,0.45727029,0.00000000
0.86143072,0.90026345,0.84814960,0.09007652,0.22256058,0.00004473,0.45142269,0.00000000
0.86743372,0.90450017,0.86978140,0.08965163,0.23158258,0.00004478,0.44414651,0.00000000
0.87343672,0.90696726,0.89056060,0.08901063,0.24060592,0.00004464,0.43559401,0.00000000
0.87943972,0.90792893,0.91061121,0.08819020,0.24963434,0.00004433,0.42594592,0.00000000
0.88544272,0.90766944,0.93006849,0.08722781,0.25867178,0.00004386,0.41540446,0.00000000
0.89144572,0.90647876,0.94906714,0.08616008,0.26771981,0.00004325,0.40418571,0.00000000
0.89744872,0.90463787,0.96772881,0.08502127,0.27677475,0.00004252,0.39251151,0.00000000
0.90345173,0.90240437,0.98614961,0.08384187,0.28582475,0.00004170,0.38060144,0.00000000
0.90945473,0.89999934,1.00438828,0.08264742,0.29484700,0.00004081,0.36866509,0.00000000
0.91545773,0.89759588,1.02245588,0.08145761,0.30380519,0.00003987,0.35689501,0.00000000
0.92146073,0.89531011,1.04030752,0.08028563,0.31264763,0.00003889,0.34546064,0.00000000
0.92746373,0.89319505,1.05783690,0.07913786,0.32130595,0.00003790,0.33450346,0.00000000
0.93346673,0.89123772,1.07487398,0.07801399,0.32969479,0.00003691,0.32413349,0.00000000
0.93946973,0.88935964,1.09118618,0.07690734,0.33771237,0.00003592,0.31442729,0.00000000
0.94547274,0.88742067,1.10648315,0.07580560,0.34524216,0.00003494,0.30542744,0.00000000
0.95147574,0.88522607,1.12042500,0.07469182,0.35215549,0.00003398,0.29714339,0.00000000
0.95747874,0.88253633,1.13263371,0.07354555,0.35831518,0.00003303,0.28955378,0.00000000
0.96348174,0.87907931,1.14270718,0.07234425,0.36357989,0.00003210,0.28260971,0.00000000
0.96948474,0.87456397,1.15023528,0.07106469,0.36780912,0.00003117,0.27623912,0.00000000
0.97548774,0.86869514,1.15481713,0.06968440,0.37086857,0.00003025,0.27035169,0.00000000
0.98149075,0.86118847,1.15607875,0.06818305,0.37263560,0.00002933,0.26484432,0.00000000
0.98749375,0.85178474,1.15369025,0.06654369,0.37300454,0.00002840,0.25960667,0.00000000
0.99349675,0.84026312,1.14738158,0.06475382,0.37189156,0.00002747,0.25452665,0.00000000
0.99949975,0.82645247,1.13695628,0.06280619,0.36923887,0.00002652,0.24949567,0.00000000
1.00550275,0.81024041,1.12230247,0.06069935,0.36501801,0.00002557,0.24441333,0.00000000
1.01150575,0.79157972,1.10340058,0.05843792,0.35923208,0.00002460,0.23919154,0.00000000
1.01750875,0.77049182,1.08032752,0.05603257,0.35191686,0.00002363,0.23375782,0.00000000
1.02351176,0.74706744,1.05325719,0.05349969,0.34314062,0.00002267,0.22805787,0.00000000
1.02951476,0.72146438,1.02245733,0.05086087,0.33300285,0.00002173,0.22205714,0.00000000
1.03551776,0.69390269,0.98828287,0.04814210,0.32163173,0.00002081,0.21574168,0.00000000
1.04152076,0.66465759,0.95116627,0.04537290,0.30918073,0.00001994,0.20911803,0.00000000
1.04752376,0.63405045,0.91160514,0.04258520,0.29582426,0.00001913,0.20221237,0.00000000
1.05352676,0.60243842,0.87014785,0.03981231,0.28175270,0.00001839,0.19506900,0.00000000
1.05952976,0.57020307,0.82737765,0.03708771,0.26716704,0.00001776,0.18774810,0.00000000
1.06553277,0.53773863,0.78389599,0.03444404,0.25227321,0.00001723,0.18032305,0.00000000
1.07153577,0.50544020,0.74030561,0.03191205,0.23727653,0.00001684,0.17287733,0.00000000
1.07753877,0.47369249,0.69719405,0.02951967,0.22237625,0.00001660,0.16550116,0.00000000
1.08354177,0.44285931,0.65511811,0.02729132,0.20776054,0.00001651,0.15828792,0.00000000
1.08954477,0.41327425,0.61458964,0.02524721,0.19360200,0.00001660,0.15133061,0.00000000
1.09554777,0.38523276,0.57606331,0.02340295,0.18005384,0.00001686,0.14471836,0.00000000
1.10155078,0.35898571,0.53992630,0.02176924,0.16724678,0.00001731,0.13853321,0.00000000
1.10755378,0.33473475,0.50649049,0.02035176,0.15528685,0.00001793,0.13284712,0.00000000
1.11355678,0.31262924,0.47598709,0.01915123,0.14425388,0.00001872,0.12771945,0.00000000
1.11955978,0.29276502,0.44856385,0.01816355,0.13420101,0.00001968,0.12319500,0.00000000
1.12556278,0.27518474,0.42428477,0.01738012,0.12515479,0.00002079,0.11930250,0.00000000
1.13156578,0.25987975,0.40313232,0.01678829,0.11711625,0.00002203,0.11605385,0.00000000
1.13756878,0.24679337,0.38501196,0.01637180,0.11006251,0.00002337,0.11344386,0.00000000
1.14357179,0.23582539,0.36975875,0.01611142,0.10394902,0.00002479,0.11145078,0.00000000
1.14957479,0.22683755,0.35714579,0.01598556,0.09871232,0.00002626,0.11003729,0.00000000
1.15557779,0.21965984,0.34689417,0.01597090,0.09427320,0.00002775,0.10915216,0.00000000
1.16158079,0.21409731,0.33868411,0.01604312,0.09054010,0.00002922,0.10873233,0.00000000
1.16758379,0.20993723,0.33216688,0.01617756,0.08741267,0.00003064,0.10870535,0.00000000
1.17358679,0.20695622,0.32697705,0.01634987,0.08478545,0.00003198,0.10899213,0.00000000
1.17958979,0.20492733,0.32274481,0.01653666,0.08255137,0.00003320,0.10950981,0.00000000
1.18559280,0.20362657,0.31910770,0.01671602,0.08060516,0.00003428,0.11017460,0.00000000
1.19159580,0.20283896,0.31572172,0.01686809,0.07884646,0.00003518,0.11090460,0.00000000
1.19759880,0.20236372,0.31227105,0.01697545,0.07718256,0.00003588,0.11162227,0.00000000
1.20360180,0.20201859,0.30847652,0.01702347,0.07553072,0.00003637,0.11225664,0.00000000
1.20960480,0.20164313,0.30410224,0.01700055,0.07381998,0.00003663,0.11274511,0.00000000
1.21560780,0.20110095,0.29896043,0.01689825,0.07199250,0.00003666,0.11303473,0.00000000
1.22161081,0.20028101,0.29291433,0.01671137,0.07000433,0.00003645,0.11308308,0.00000000
1.22761381,0.19909775,0.28587916,0.01643786,0.06782565,0.00003601,0.11285859,0.00000000
1.23361681,0.19749049,0.27782123,0.01607867,0.06544056,0.00003534,0.11234043,0.00000000
1.23961981,0.19542197,0.26875541,0.01563751,0.06284634,0.00003447,0.11151804,0.00000000
1.24562281,0.19287634,0.25874113,0.01512059,0.06005238,0.00003340,0.11039029,0.00000000
1.25162581,0.18985669,0.24787725,0.01453621,0.05707877,0.00003216,0.10896445,0.00000000
1.25762881,0.18638236,0.23629601,0.01389440,0.05395467,0.00003079,0.10725496,0.00000000
1.26363182,0.18248623,0.22415657,0.01320649,0.05071651,0.00002929,0.10528225,0.00000000
1.26963482,0.17821202,0.21163832,0.01248470,0.04740613,0.00002771,0.10307155,0.00000000
1.27563782,0.17361197,0.19893431,0.01174174,0.04406896,0.00002608,0.10065178,0.00000000
1.28164082,0.16874478,0.18624513,0.01099046,0.04075227,0.00002441,0.09805472,0.00000000
1.28764382,0.16367399,0.17377341,0.01024349,0.03750361,0.00002275,0.09531431,0.00000000
1.29364682,0.15846681,0.16171909,0.00951299,0.03436937,0.00002112,0.09246619,0.00000000
1.29964982,0.15319341,0.15027565,0.00881042,0.03139367,0.00001954,0.08954747,0.00000000
1.30565283,0.14792651,0.13962718,0.00814638,0.02861741,0.00001804,0.08659670,0.00000000
1.31165583,0.14274134,0.12994641,0.00753049,0.02607764,0.00001663,0.08365392,0.00000000
1.31765883,0.13771577,0.12139353,0.00697135,0.02380707,0.00001535,0.08076092,0.00000000
1.32366183,0.13293048,0.11411567,0.00647649,0.02183384,0.00001420,0.07796134,0.00000000
1.32966483,0.12846914,0.10824687,0.00605242,0.02018149,0.00001320,0.07530092,0.00000000
1.33566783,0.12441842,0.10390843,0.00570465,0.01886895,0.00001236,0.07282753,0.00000000
1.34167084,0.12086774,0.10120934,0.00543777,0.01791076,0.00001169,0.07059107,0.00000000
1.34767384,0.11790868,0.10024668,0.00525544,0.01731720,0.00001120,0.06864321,0.00000000
1.35367684,0.11563409,0.10110586,0.00516052,0.01709455,0.00001091,0.06703695,0.00000000
1.35967984,0.11413677,0.10386049,0.00515507,0.01724529,0.00001080,0.06582585,0.00000000
1.36568284,0.11350777,0.10857192,0.00524036,0.01776823,0.00001090,0.06506323,0.00000000
1.37168584,0.11383448,0.11528832,0.00541691,0.01865870,0.00001121,0.06480108,0.00000000
1.37768884,0.11519834,0.12404340,0.00568447,0.01990864,0.00001172,0.06508888,0.00000000
1.38369185,0.11767255,0.13485472,0.00604200,0.02150665,0.00001244,0.06597236,0.00000000
1.38969485,0.12131965,0.14772186,0.00648762,0.02343810,0.00001337,0.06749224,0.00000000
1.39569785,0.12618925,0.16262440,0.00701862,0.02568519,0.00001450,0.06968300,0.00000000
1.40170085,0.13231593,0.17952004,0.00763143,0.02822710,0.00001584,0.07257179,0.00000000
1.40770385,0.13971749,0.19834285,0.00832157,0.03104021,0.00001737,0.07617744,0.00000000
1.41370685,0.14839359,0.21900198,0.00908374,0.03409835,0.00001910,0.08050970,0.00000000
1.41970985,0.15832491,0.24138093,0.00991180,0.03737323,0.00002100,0.08556874,0.00000000
1.42571286,0.16947279,0.26533738,0.01079885,0.04083499,0.00002306,0.09134482,0.00000000
1.43171586,0.18177953,0.29070395,0.01173739,0.04445276,0.00002527,0.09781825,0.00000000
1.43771886,0.19516917,0.31728960,0.01271939,0.04819546,0.00002761,0.10495962,0.00000000
1.44372186,0.20954887,0.34488207,0.01373654,0.05203255,0.00003005,0.11273015,0.00000000
1.44972486,0.22481074,0.37325091,0.01478037,0.05593487,0.00003256,0.12108234,0.00000000
1.45572786,0.24083407,0.40215138,0.01584253,0.05987549,0.00003512,0.12996067,0.00000000
1.46173087,0.25748790,0.43132889,0.01691495,0.06383044,0.00003770,0.13930243,0.00000000
1.46773387,0.27463375,0.46052385,0.01799010,0.06777939,0.00004026,0.14903869,0.00000000
1.47373687,0.29212854,0.48947690,0.01906116,0.07170612,0.00004276,0.15909516,0.00000000
1.47973987,0.30982742,0.51793413,0.02012219,0.07559882,0.00004518,0.16939318,0.00000000
1.48574287,0.32758659,0.54565226,0.02116825,0.07945016,0.00004748,0.17985067,0.00000000
1.49174587,0.34526584,0.57240357,0.02219549,0.08325709,0.00004961,0.19038301,0.00000000
1.49774887,0.36273100,0.59798037,0.02320117,0.08702043,0.00005156,0.20090396,0.00000000
1.50375188,0.37985598,0.62219897,0.02418363,0.09074420,0.00005330,0.21132664,0.00000000
1.50975488,0.39652459,0.64490302,0.02514218,0.09443479,0.00005479,0.22156447,0.00000000
1.51575788,0.41263205,0.66596607,0.02607703,0.09809994,0.00005601,0.23153220,0.00000000
1.52176088,0.42808620,0.68529352,0.02698904,0.10174777,0.00005696,0.24114712,0.00000000
1.52776388,0.44280845,0.70282375,0.02787958,0.10538563,0.00005762,0.25033028,0.00000000
1.53376688,0.45673454,0.71852857,0.02875030,0.10901924,0.00005798,0.25900799,0.00000000
1.53976988,0.46981511,0.73241296,0.02960290,0.11265179,0.00005806,0.26711334,0.00000000
1.54577289,0.48201602,0.74451424,0.03043896,0.11628340,0.00005785,0.27458793,0.00000000
1.55177589,0.49331868,0.75490057,0.03125974,0.11991076,0.00005737,0.28138368,0.00000000
1.55777889,0.50372008,0.76366888,0.03206607,0.12352707,0.00005663,0.28746454,0.00000000
1.56378189,0.51323271,0.77094236,0.03285827,0.12712233,0.00005568,0.29280828,0.00000000
1.56978489,0.52188432,0.77686728,0.03363613,0.13068380,0.00005452,0.29740800,0.00000000
1.57578789,0.52971730,0.78160943,0.03439889,0.13419681,0.00005321,0.30127334,0.00000000
1.58179090,0.53678787,0.78534996,0.03514536,0.13764564,0.00005176,0.30443126,0.00000000
1.58779390,0.54316475,0.78828075,0.03587399,0.14101448,0.00005021,0.30692635,0.00000000
1.59379690,0.54892747,0.79059928,0.03658301,0.14428848,0.00004861,0.30882036,0.00000000
1.59979990,0.55416407,0.79250310,0.03727057,0.14745454,0.00004699,0.31019107,0.00000000
1.60580290,0.55896841,0.79418382,0.03793488,0.15050204,0.00004537,0.31113043,0.00000000
1.61180590,0.56343678,0.79582099,0.03857427,0.15342321,0.00004378,0.31174185,0.00000000
1.61780890,0.56766421,0.79757571,0.03918735,0.15621321,0.00004226,0.31213680,0.00000000
1.62381191,0.57174032,0.79958443,0.03977293,0.15886984,0.00004083,0.31243079,0.00000000
1.62981491,0.57574492,0.80195300,0.04033009,0.16139291,0.00003949,0.31273885,0.00000000
1.63581791,0.57974366,0.80475133,0.04085802,0.16378325,0.00003827,0.31317078,0.00000000
1.64182091,0.58378379,0.80800888,0.04135592,0.16604153,0.00003716,0.31382625,0.00000000
1.64782391,0.58789036,0.81171129,0.04182282,0.16816688,0.00003616,0.31479019,0.00000000
1.65382691,0.59206315,0.81579840,0.04225738,0.17015542,0.00003528,0.31612853,0.00000000
1.65982991,0.59627447,0.82016397,0.04265768,0.17199894,0.00003449,0.31788474,0.00000000
1.66583292,0.60046818,0.82465712,0.04302102,0.17368372,0.00003380,0.32007723,0.00000000
1.67183592,0.60456001,0.82908572,0.04334375,0.17518970,0.00003318,0.32269789,0.00000000
1.67783892,0.60843936,0.83322171,0.04362121,0.17649005,0.00003263,0.32571193,0.00000000
1.68384192,0.61197260,0.83680820,0.04384763,0.17755123,0.00003211,0.32905900,0.00000000
1.68984492,0.61500779,0.83956824,0.04401626,0.17833365,0.00003161,0.33265570,0.00000000
1.69584792,0.61738082,0.84121497,0.04411945,0.17879281,0.00003111,0.33639930,0.00000000
1.70185093,0.61892257,0.84146263,0.04414896,0.17888096,0.00003060,0.34017264,0.00000000
1.70785393,0.61946699,0.84003819,0.04409623,0.17854925,0.00003006,0.34384988,0.00000000
1.71385693,0.61885957,0.83669297,0.04395284,0.17775013,0.00002948,0.34730296,0.00000000
1.71985993,0.61696598,0.83121372,0.04371092,0.17644003,0.00002885,0.35040833,0.00000000
1.72586293,0.61368023,0.82343278,0.04336366,0.17458204,0.00002815,0.35305371,0.00000000
1.73186593,0.60893215,0.81323661,0.04290581,0.17214849,0.00002740,0.35514442,0.00000000
1.73786893,0.60269364,0.80057258,0.04233411,0.16912324,0.00002658,0.35660918,0.00000000
1.74387194,0.59498339,0.78545337,0.04164773,0.16550357,0.00002570,0.35740471,0.00000000
1.74987494,0.58586977,0.76795901,0.04084853,0.16130157,0.00002476,0.35751926,0.00000000
1.75587794,0.57547169,0.74823634,0.03994134,0.15654484,0.00002376,0.35697462,0.00000000
1.76188094,0.56395738,0.72649592,0.03893403,0.15127657,0.00002272,0.35582650,0.00000000
1.76788394,0.55154102,0.70300658,0.03783746,0.14555494,0.00002164,0.35416342,0.00000000
1.77388694,0.53847738,0.67808774,0.03666534,0.13945187,0.00002054,0.35210392,0.00000000
1.77988994,0.52505465,0.65210008,0.03543396,0.13305111,0.00001942,0.34979229,0.00000000
1.78589295,0.51158585,0.62543474,0.03416177,0.12644600,0.00001830,0.34739311,0.00000000
1.79189595,0.49839904,0.59850167,0.03286890,0.11973671,0.00001718,0.34508465,0.00000000
1.79789895,0.48582690,0.57171764,0.03157662,0.11302733,0.00001608,0.34305163,0.00000000
1.80390195,0.47419611,0.54549440,0.03030680,0.10642293,0.00001500,0.34147754,0.00000000
1.80990495,0.46381691,0.52022740,0.02908122,0.10002655,0.00001395,0.34053700,0.00000000
1.81590795,0.45497347,0.49628571,0.02792108,0.09393655,0.00001295,0.34038849,0.00000000
1.82191096,0.44791537,0.47400326,0.02684643,0.08824413,0.00001200,0.34116776,0.00000000
1.82791396,0.44285059,0.45367193,0.02587569,0.08303134,0.00001110,0.34298234,0.00000000
1.83391696,0.43994036,0.43553660,0.02502529,0.07836956,0.00001026,0.34590743,0.00000000
1.83991996,0.43929607,0.41979218,0.02430939,0.07431838,0.00000949,0.34998324,0.00000000
1.84592296,0.44097828,0.40658286,0.02373967,0.07092516,0.00000878,0.35521416,0.00000000
1.85192596,0.44499799,0.39600329,0.02332525,0.06822491,0.00000815,0.36156962,0.00000000
1.85792896,0.45131993,0.38810165,0.02307274,0.06624077,0.00000758,0.36898668,0.00000000
1.86393197,0.45986785,0.38288433,0.02298633,0.06498477,0.00000708,0.37737426,0.00000000
1.86993497,0.47053135,0.38032197,0.02306796,0.06445900,0.00000666,0.38661871,0.00000000
1.87593797,0.48317401,0.38035640,0.02331759,0.06465704,0.00000631,0.39659048,0.00000000
1.88194097,0.49764236,0.38290833,0.02373346,0.06556547,0.00000603,0.40715156,0.00000000
1.88794397,0.51377524,0.38788511,0.02431241,0.06716559,0.00000583,0.41816314,0.00000000
1.89394697,0.53141305,0.39518852,0.02505020,0.06943517,0.00000569,0.42949330,0.00000000
1.89994997,0.55040645,0.40472193,0.02594177,0.07235009,0.00000562,0.44102404,0.00000000
1.90595298,0.57062402,0.41639681,0.02698154,0.07588603,0.00000561,0.45265740,0.00000000
1.91195598,0.59195858,0.43013811,0.02816361,0.08001993,0.00000567,0.46432032,0.00000000
1.91795898,0.61433180,0.44588843,0.02948196,0.08473145,0.00000579,0.47596788,0.00000000
1.92396198,0.63769693,0.46361084,0.03093060,0.09000410,0.00000597,0.48758481,0.00000000
1.92996498,0.66203954,0.48329033,0.03250358,0.09582632,0.00000621,0.49918516,0.00000000
1.93596798,0.68737629,0.50493376,0.03419513,0.10219228,0.00000651,0.51081019,0.00000000
1.94197099,0.71375183,0.52856863,0.03599957,0.10910249,0.00000685,0.52252459,0.00000000
1.94797399,0.74123404,0.55424054,0.03791129,0.11656409,0.00000725,0.53441137,0.00000000
1.95397699,0.76990792,0.58200961,0.03992472,0.12459094,0.00000769,0.54656562,0.00000000
1.95997999,0.79986845,0.61194614,0.04203418,0.13320336,0.00000817,0.55908765,0.00000000
1.96598299,0.83121292,0.64412550,0.04423385,0.14242750,0.00000870,0.57207598,0.00000000
1.97198599,0.86403290,0.67862261,0.04651762,0.15229437,0.00000926,0.58562041,0.00000000
1.97798899,0.89840645,0.71550610,0.04887900,0.16283842,0.00000987,0.59979588,0.00000000
1.98399200,0.93439088,0.75483236,0.05131101,0.17409577,0.00001050,0.61465723,0.00000000
1.98999500,0.97201620,0.79663955,0.05380610,0.18610191,0.00001117,0.63023523,0.00000000
1.99599800,1.01127963,0.84094176,0.05635602,0.19888912,0.00001187,0.64653417,0.00000000
2.00200100,1.05214130,0.88772330,0.05895175,0.21248339,0.00001260,0.66353085,0.00000000
2.00800400,1.09452112,0.93693335,0.06158336,0.22690122,0.00001336,0.68117523,0.00000000
2.01400700,1.13829688,0.98848087,0.06423997,0.24214610,0.00001414,0.69939227,0.00000000
2.02001001,1.18330359,1.04223003,0.06690960,0.25820504,0.00001494,0.71808512,0.00000000
2.02601301,1.22933378,1.09799610,0.06957909,0.27504523,0.00001576,0.73713900,0.00000000
2.03201601,1.27613889,1.15554214,0.07223407,0.29261093,0.00001660,0.75642574,0.00000000
2.03801901,1.32343134,1.21457637,0.07485882,0.31082099,0.00001746,0.77580836,0.00000000
2.04402201,1.37088747,1.27475073,0.07743634,0.32956697,0.00001833,0.79514568,0.00000000
2.05002501,1.41815098,1.33566057,0.07994827,0.34871222,0.00001920,0.81429630,0.00000000
2.05602801,1.46483692,1.39684585,0.08237504,0.36809197,0.00002008,0.83312200,0.00000000
2.06203102,1.51053632,1.45779392,0.08469594,0.38751458,0.00002095,0.85149029,0.00000000
2.06803402,1.55482112,1.51794424,0.08688935,0.40676406,0.00002180,0.86927599,0.00000000
2.07403702,1.59724973,1.57669492,0.08893298,0.42560379,0.00002264,0.88636191,0.00000000
2.08004002,1.63737306,1.63341133,0.09080428,0.44378142,0.00002345,0.90263869,0.00000000
2.08604302,1.67474104,1.68743653,0.09248078,0.46103480,0.00002423,0.91800399,0.00000000
2.09204602,1.70890961,1.73810352,0.09394060,0.47709882,0.00002496,0.93236104,0.00000000
2.09804902,1.73944818,1.78474889,0.09516300,0.49171271,0.00002563,0.94561713,0.00000000
2.10405203,1.76594735,1.82672764,0.09612886,0.50462778,0.00002623,0.95768183,0.00000000
2.11005503,1.78802682,1.86342843,0.09682128,0.51561494,0.00002676,0.96846557,0.00000000
2.11605803,1.80534335,1.89428899,0.09722605,0.52447202,0.00002721,0.97787846,0.00000000
2.12206103,1.81759830,1.91881085,0.09733217,0.53103017,0.00002756,0.98582970,0.00000000
2.12806403,1.82454484,1.93657293,0.09713222,0.53515937,0.00002781,0.99222751,0.00000000
2.13406703,1.82599416,1.94724321,0.09662268,0.53677255,0.00002795,0.99697981,0.00000000
2.14007004,1.82182077,1.95058822,0.09580409,0.53582829,0.00002798,0.99999542,0.00000000
2.14607304,1.81196642,1.94647967,0.09468115,0.53233189,0.00002790,1.00118590,0.00000000
2.15207604,1.79644245,1.93489814,0.09326265,0.52633478,0.00002770,1.00046783,0.00000000
2.15807904,1.77533063,1.91593347,0.09156126,0.51793242,0.00002739,0.99776540,0.00000000
2.16408204,1.74878217,1.88978213,0.08959329,0.50726061,0.00002696,0.99301327,0.00000000
2.17008504,1.71701515,1.85674157,0.08737823,0.49449072,0.00002643,0.98615945,0.00000000
2.17608804,1.68031034,1.81720192,0.08493829,0.47982383,0.00002580,0.97716805,0.00000000
2.18209105,1.63900566,1.77163549,0.08229791,0.46348416,0.00002507,0.96602198,0.00000000
2.18809405,1.59348946,1.72058470,0.07948312,0.44571226,0.00002426,0.95272527,0.00000000
2.19409705,1.54419306,1.66464887,0.07652104,0.42675799,0.00002337,0.93730507,0.00000000
2.20010005,1.49158267,1.60447057,0.07343934,0.40687393,0.00002242,0.91981330,0.00000000
2.20610305,1.43615124,1.54072217,0.07026570,0.38630916,0.00002142,0.90032783,0.00000000
2.21210605,1.37841032,1.47409290,0.06702743,0.36530387,0.00002038,0.87895332,0.00000000
2.21810905,1.31888245,1.40527708,0.06375107,0.34408488,0.00001930,0.85582156,0.00000000
2.22411206,1.25809408,1.33496367,0.06046215,0.32286206,0.00001821,0.83109146,0.00000000
2.23011506,1.19656936,1.26382734,0.05718495,0.30182591,0.00001711,0.80494850,0.00000000
2.23611806,1.13482467,1.19252118,0.05394244,0.28114602,0.00001601,0.77760388,0.00000000
2.24212106,1.07336419,1.12167096,0.05075613,0.26097056,0.00001493,0.74929305,0.00000000
2.24812406,1.01267612,1.05187078,0.04764617,0.24142645,0.00001386,0.72027385,0.00000000
2.25412706,0.95322973,0.98367989,0.04463128,0.22262033,0.00001283,0.69082403,0.00000000
2.26013007,0.89547284,0.91762037,0.04172886,0.20463993,0.00001182,0.66123822,0.00000000
2.26613307,0.83982974,0.85417545,0.03895503,0.18755579,0.00001086,0.63182423,0.00000000
2.27213607,0.78669915,0.79378809,0.03632462,0.17142320,0.00000995,0.60289876,0.00000000
2.27813907,0.73645224,0.73685959,0.03385123,0.15628410,0.00000908,0.57478240,0.00000000
2.28414207,0.68943037,0.68374805,0.03154718,0.14216896,0.00000827,0.54779404,0.00000000
2.29014507,0.64594255,0.63476652,0.02942344,0.12909842,0.00000751,0.52224471,0.00000000
2.29614807,0.60626244,0.59018072,0.02748952,0.11708476,0.00000681,0.49843095,0.00000000
2.30215108,0.57062501,0.55020648,0.02575336,0.10613300,0.00000617,0.47662787,0.00000000
2.30815408,0.53922277,0.51500678,0.02422111,0.09624179,0.00000558,0.45708208,0.00000000
2.31415708,0.51220185,0.48468878,0.02289698,0.08740401,0.00000505,0.44000470,0.00000000
2.32016008,0.48965790,0.45930080,0.02178298,0.07960706,0.00000458,0.42556472,0.00000000
2.32616308,0.47163222,0.43882973,0.02087880,0.07283304,0.00000416,0.41388295,0.00000000
2.33216608,0.45810831,0.42319895,0.02018160,0.06705868,0.00000379,0.40502686,0.00000000
2.33816908,0.44900902,0.41226705,0.01968589,0.06225529,0.00000347,0.39900662,0.00000000
2.34417209,0.44419479,0.40582779,0.01938346,0.05838851,0.00000320,0.39577250,0.00000000
2.35017509,0.44346304,0.40361125,0.01926334,0.05541821,0.00000297,0.39521392,0.00000000
2.35617809,0.44654910,0.40528654,0.01931192,0.05329839,0.00000279,0.39716030,0.00000000
2.36218109,0.45312876,0.41046610,0.01951307,0.05197715,0.00000263,0.40138382,0.00000000
2.36818409,0.46282272,0.41871175,0.01984836,0.05139683,0.00000252,0.40760408,0.00000000
2.37418709,0.47520277,0.42954230,0.02029741,0.05149436,0.00000242,0.41549461,0.00000000
2.38019010,0.48979989,0.44244280,0.02083828,0.05220169,0.00000236,0.42469120,0.00000000
2.38619310,0.50611402,0.45687511,0.02144793,0.05344652,0.00000231,0.43480160,0.00000000
2.39219610,0.52362529,0.47228965,0.02210276,0.05515316,0.00000229,0.44541658,0.00000000
2.39819910,0.54180646,0.48813798,0.02277919,0.05724363,0.00000227,0.45612166,0.00000000
2.40420210,0.56013614,0.50388575,0.02345423,0.05963895,0.00000226,0.46650937,0.00000000
2.41020510,0.57811232,0.51902583,0.02410608,0.06226050,0.00000226,0.47619146,0.00000000
2.41620810,0.59526589,0.53309092,0.02471474,0.06503161,0.00000226,0.48481048,0.00000000
2.42221111,0.61117333,0.54566540,0.02526248,0.06787917,0.00000226,0.49205052,0.00000000
2.42821411,0.62546846,0.55639597,0.02573439,0.07073523,0.00000226,0.49764646,0.00000000
2.43421711,0.63785238,0.56500060,0.02611870,0.07353870,0.00000225,0.50139153,0.00000000
2.44022011,0.64810153,0.57127564,0.02640713,0.07623684,0.00000224,0.50314271,0.00000000
2.44622311,0.65607332,0.57510066,0.02659504,0.07878670,0.00000222,0.50282401,0.00000000
2.45222611,0.66170921,0.57644106,0.02668155,0.08115631,0.00000219,0.50042728,0.00000000
2.45822911,0.66503512,0.57534819,0.02666948,0.08332575,0.00000215,0.49601082,0.00000000
2.46423212,0.66615915,0.57195730,0.02656520,0.08528786,0.00000211,0.48969571,0.00000000
2.47023512,0.66526685,0.56648309,0.02637844,0.08704873,0.00000206,0.48166021,0.00000000
2.47623812,0.66261421,0.55921345,0.02612188,0.08862787,0.00000200,0.47213258,0.00000000
2.48224112,0.65851883,0.55050152,0.02581083,0.09005814,0.00000193,0.46138261,0.00000000
2.48824412,0.65334969,0.54075633,0.02546273,0.09138542,0.00000186,0.44971231,0.00000000
2.49424712,0.64751602,0.53043265,0.02509673,0.09266797,0.00000178,0.43744635,0.00000000
2.50025013,0.64145580,0.52002026,0.02473313,0.09397568,0.00000170,0.42492257,0.00000000
2.50625313,0.63562446,0.51003295,0.02439297,0.09538909,0.00000162,0.41248300,0.00000000
2.51225613,0.63048413,0.50099783,0.02409758,0.09699827,0.00000155,0.40046579,0.00000000
2.51825913,0.62649394,0.49344487,0.02386812,0.09890159,0.00000147,0.38919834,0.00000000
2.52426213,0.62410151,0.48789717,0.02372531,0.10120438,0.00000140,0.37899178,0.00000000
2.53026513,0.62373593,0.48486182,0.02368902,0.10401748,0.00000133,0.37013688,0.00000000
2.53626813,0.62580213,0.48482142,0.02377810,0.10745560,0.00000127,0.36290140,0.00000000
2.54227114,0.63067652,0.48822635,0.02401009,0.11163561,0.00000121,0.35752878,0.00000000
2.54827414,0.63870381,0.49548745,0.02440109,0.11667453,0.00000117,0.35423782,0.00000000
2.55427714,0.65019454,0.50696911,0.02496555,0.12268737,0.00000113,0.35322332,0.00000000
2.56028014,0.66542304,0.52298253,0.02571610,0.12978457,0.00000110,0.35465705,0.00000000
2.56628314,0.68462539,0.54377911,0.02666342,0.13806921,0.00000107,0.35868890,0.00000000
2.57228614,0.70799706,0.56954377,0.02781598,0.14763383,0.00000106,0.36544785,0.00000000
2.57828914,0.73568987,0.60038824,0.02917986,0.15855696,0.00000106,0.37504232,0.00000000
2.58429215,0.76780808,0.63634442,0.03075847,0.17089932,0.00000106,0.38755979,0.00000000
2.59029515,0.80440359,0.67735794,0.03255226,0.18469994,0.00000107,0.40306546,0.00000000
2.59629815,0.84547024,0.72328226,0.03455843,0.19997216,0.00000109,0.42159992,0.00000000
2.60230115,0.89093758,0.77387366,0.03677062,0.21669977,0.00000111,0.44317582,0.00000000
2.60830415,0.94066428,0.82878754,0.03917859,0.23483350,0.00000114,0.46777373,0.00000000
2.61430715,0.99443197,0.88757669,0.04176807,0.25428808,0.00000118,0.49533750,0.00000000
2.62031016,1.05193984,0.94969182,0.04452049,0.27494011,0.00000121,0.52576938,0.00000000
2.62631316,1.11280090,1.01448499,0.04741300,0.29662702,0.00000125,0.55892535,0.00000000
2.63231616,1.17654035,1.08121629,0.05041854,0.31914733,0.00000129,0.59461116,0.00000000
2.63831916,1.24259690,1.14906405,0.05350606,0.34226229,0.00000133,0.63257946,0.00000000
2.64432216,1.31032724,1.21713860,0.05664094,0.36569927,0.00000136,0.67252852,0.00000000
2.65032516,1.37901432,1.28449970,0.05978560,0.38915670,0.00000140,0.71410286,0.00000000
2.65632816,1.44787930,1.35017711,0.06290025,0.41231065,0.00000143,0.75689615,0.00000000
2.66233117,1.51609721,1.41319396,0.06594387,0.43482290,0.00000145,0.80045639,0.00000000
2.66833417,1.58281598,1.47259223,0.06887528,0.45635031,0.00000147,0.84429355,0.00000000
2.67433717,1.64717825,1.52745928,0.07165432,0.47655511,0.00000148,0.88788950,0.00000000
2.68034017,1.70834513,1.57695464,0.07424312,0.49511577,0.00000149,0.93070988,0.00000000
2.68634317,1.76552103,1.62033586,0.07660735,0.51173803,0.00000148,0.97221758,0.00000000
2.69234617,1.81797843,1.65698225,0.07871743,0.52616550,0.00000147,1.01188730,0.00000000
2.69834917,1.86508137,1.68641556,0.08054962,0.53818946,0.00000145,1.04922053,0.00000000
2.70435218,1.90630666,1.70831650,0.08208699,0.54765732,0.00000143,1.08376024,0.00000000
2.71035518,1.94126161,1.72253634,0.08332007,0.55447930,0.00000139,1.11510465,0.00000000
2.71635818,1.96969737,1.72910301,0.08424737,0.55863298,0.00000135,1.14291942,0.00000000
2.72236118,1.99151715,1.72822124,0.08487551,0.56016550,0.00000131,1.16694742,0.00000000
2.72836418,2.00677885,1.72026675,0.08521907,0.55919318,0.00000125,1.18701594,0.00000000
2.73436718,2.01569184,1.70577454,0.08530016,0.55589861,0.00000120,1.20304054,0.00000000
2.74037019,2.01860793,1.68542194,0.08514764,0.55052518,0.00000113,1.21502568,0.00000000
2.74637319,2.01600701,1.66000683,0.08479609,0.54336945,0.00000107,1.22306179,0.00000000
2.75237619,2.00847779,1.63042216,0.08428456,0.53477147,0.00000100,1.22731907,0.00000000
2.75837919,1.99669474,1.59762766,0.08365514,0.52510362,0.00000094,1.22803829,0.00000000
2.76438219,1.98139207,1.56262000,0.08295137,0.51475834,0.00000087,1.22551895,0.00000000
2.77038519,1.96333600,1.52640254,0.08221668,0.50413533,0.00000080,1.22010551,0.00000000
2.77638819,1.94329668,1.48995571,0.08149280,0.49362875,0.00000074,1.21217221,0.00000000
2.78239120,1.92202070,1.45420945,0.08081826,0.48361484,0.00000068,1.20210740,0.00000000
2.78839420,1.90020572,1.42001825,0.08022708,0.47444062,0.00000062,1.19029793,0.00000000
2.79439720,1.87847800,1.38813996,0.07974763,0.46641385,0.00000057,1.17711447,0.00000000
2.80040020,1.85737378,1.35921876,0.07940177,0.45979478,0.00000052,1.16289832,0.00000000
2.80640320,1.83732516,1.33377276,0.07920426,0.45478983,0.00000047,1.14795029,0.00000000
2.81240620,1.81865097,1.31218644,0.07916251,0.45154733,0.00000043,1.13252219,0.00000000
2.81840920,1.80155260,1.29470780,0.07927655,0.45015545,0.00000040,1.11681096,0.00000000
2.82441221,1.78611489,1.28145013,0.07953940,0.45064210,0.00000037,1.10095587,0.00000000
2.83041521,1.77231165,1.27239780,0.07993760,0.45297686,0.00000034,1.08503852,0.00000000
2.83641821,1.76001529,1.26741574,0.08045203,0.45707454,0.00000033,1.06908564,0.00000000
2.84242121,1.74900999,1.26626177,0.08105886,0.46280024,0.00000031,1.05307427,0.00000000
2.84842421,1.73900735,1.26860121,0.08173070,0.46997549,0.00000030,1.03693903,0.00000000
2.85442721,1.72966397,1.27402295,0.08243769,0.47838524,0.00000030,1.02058091,0.00000000
2.86043022,1.72059981,1.28205626,0.08314875,0.48778542,0.00000030,1.00387709,0.00000000
2.86643322,1.71141656,1.29218779,0.08383265,0.49791055,0.00000031,0.98669133,0.00000000
2.87243622,1.70171534,1.30387797,0.08445909,0.50848146,0.00000032,0.96888426,0.00000000
2.87843922,1.69111293,1.31657649,0.08499960,0.51921265,0.00000034,0.95032327,0.00000000
2.88444222,1.67925604,1.32973650,0.08542835,0.52981921,0.00000036,0.93089141,0.00000000
2.89044522,1.66583330,1.34282709,0.08572272,0.54002327,0.00000038,0.91049514,0.00000000
2.89644822,1.65058478,1.35534419,0.08586377,0.54955974,0.00000041,0.88907058,0.00000000
2.90245123,1.63330883,1.36681963,0.08583650,0.55818145,0.00000044,0.86658808,0.00000000
2.90845423,1.61386654,1.37682865,0.08562999,0.56566372,0.00000047,0.84305516,0.00000000
2.91445723,1.59218385,1.38499573,0.08523739,0.57180819,0.00000051,0.81851775,0.00000000
2.92046023,1.56825157,1.39099923,0.08465586,0.57644628,0.00000054,0.79305980,0.00000000
2.92646323,1.54212381,1.39457474,0.08388635,0.57944198,0.00000058,0.76680149,0.00000000
2.93246623,1.51391487,1.39551751,0.08293341,0.58069423,0.00000062,0.73989615,0.00000000
2.93846923,1.48379514,1.39368396,0.08180489,0.58013878,0.00000067,0.71252608,0.00000000
2.94447224,1.45198615,1.38899256,0.08051172,0.57774953,0.00000071,0.68489758,0.00000000
2.95047524,1.41875501,1.38142385,0.07906760,0.57353936,0.00000076,0.65723533,0.00000000
2.95647824,1.38440840,1.37101975,0.07748873,0.56756023,0.00000080,0.62977638,0.00000000
2.96248124,1.34928620,1.35788210,0.07579354,0.55990262,0.00000085,0.60276388,0.00000000
2.96848424,1.31375472,1.34217016,0.07400243,0.55069415,0.00000089,0.57644086,0.00000000
2.97448724,1.27819960,1.32409702,0.07213742,0.54009730,0.00000094,0.55104404,0.00000000
2.98049025,1.24301833,1.30392490,0.07022187,0.52830614,0.00000099,0.52679797,0.00000000
2.98649325,1.20861225,1.28195894,0.06828007,0.51554210,0.00000104,0.50390958,0.00000000
2.99249625,1.17537819,1.25853977,0.06633685,0.50204875,0.00000109,0.48256314,0.00000000
2.99849925,1.14369971,1.23403460,0.06441710,0.48808572,0.00000113,0.46291594,0.00000000
3.00450225,1.11393796,1.20882723,0.06254527,0.47392175,0.00000119,0.44509456,0.00000000
3.01050525,1.08642253,1.18330684,0.06074478,0.45982724,0.00000124,0.42919199,0.00000000
3.01650825,1.06144234,1.15785630,0.05903743,0.44606639,0.00000129,0.41526555,0.00000000
3.02251126,1.03923699,1.13283996,0.05744282,0.43288926,0.00000135,0.40333575,0.00000000
3.02851426,1.01998884,1.10859177,0.05597778,0.42052400,0.00000140,0.39338607,0.00000000
3.03451726,1.00381631,1.08540396,0.05465576,0.40916968,0.00000146,0.38536376,0.00000000
3.04052026,0.99076859,1.06351698,0.05348644,0.39898985,0.00000152,0.37918158,0.00000000
3.04652326,0.98082231,1.04311103,0.05247529,0.39010727,0.00000159,0.37472045,0.00000000
3.05252626,0.97388020,1.02429982,0.05162335,0.38260000,0.00000165,0.37183307,0.00000000
3.05852926,0.96977218,1.00712672,0.05092711,0.37649895,0.00000172,0.37034818,0.00000000
3.06453227,0.96825878,0.99156364,0.05037855,0.37178712,0.00000179,0.37007557,0.00000000
3.07053527,0.96903684,0.97751275,0.04996533,0.36840060,0.00000186,0.37081145,0.00000000
3.07653827,0.97174755,0.96481089,0.04967117,0.36623111,0.00000193,0.37234411,0.00000000
3.08254127,0.97598622,0.95323673,0.04947629,0.36513017,0.00000200,0.37445966,0.00000000
3.08854427,0.98131368,0.94252000,0.04935811,0.36491469,0.00000207,0.37694747,0.00000000
3.09454727,0.98726869,0.93235280,0.04929191,0.36537363,0.00000214,0.37960539,0.00000000
3.10055028,0.99338086,0.92240204,0.04925165,0.36627555,0.00000220,0.38224414,0.00000000
3.10655328,0.99918363,0.91232279,0.04921079,0.36737677,0.00000226,0.38469116,0.00000000
3.11255628,1.00422662,0.90177171,0.04914316,0.36842968,0.00000232,0.38679338,0.00000000
3.11855928,1.00808708,0.89042008,0.04902370,0.36919100,0.00000237,0.38841911,0.00000000
3.12456228,1.01037977,0.87796584,0.04882928,0.36942957,0.00000241,0.38945896,0.00000000
3.13056528,1.01076525,0.86414416,0.04853930,0.36893354,0.00000244,0.38982572,0.00000000
3.13656828,1.00895609,0.84873622,0.04813623,0.36751652,0.00000246,0.38945345,0.00000000
3.14257129,1.00472114,0.83157581,0.04760611,0.36502263,0.00000247,0.38829587,0.00000000
3.14857429,0.99788772,0.81255374,0.04693871,0.36133031,0.00000248,0.38632413,0.00000000
3.15457729,0.98834195,0.79161988,0.04612781,0.35635477,0.00000247,0.38352430,0.00000000
3.16058029,0.97602747,0.76878304,0.04517109,0.35004907,0.00000245,0.37989478,0.00000000
3.16658329,0.96094262,0.74410881,0.04407011,0.34240393,0.00000242,0.37544369,0.00000000
3.17258629,0.94313678,0.71771558,0.04283002,0.33344625,0.00000238,0.37018661,0.00000000
3.17858929,0.92270575,0.68976920,0.04145928,0.32323663,0.00000233,0.36414472,0.00000000
3.18459230,0.89978689,0.66047648,0.03996926,0.31186589,0.00000228,0.35734348,0.00000000
3.19059530,0.87455407,0.63007800,0.03837375,0.29945095,0.00000221,0.34981188,0.00000000
3.19659830,0.84721274,0.59884065,0.03668854,0.28613013,0.00000215,0.34158232,0.00000000
3.20260130,0.81799534,0.56705005,0.03493091,0.27205824,0.00000207,0.33269096,0.00000000
3.20860430,0.78715706,0.53500344,0.03311909,0.25740152,0.00000200,0.32317861,0.00000000
3.21460730,0.75497212,0.50300296,0.03127188,0.24233270,0.00000193,0.31309187,0.00000000
3.22061031,0.72173049,0.47134985,0.02940817,0.22702636,0.00000185,0.30248449,0.00000000
3.22661331,0.68773489,0.44033938,0.02754656,0.21165474,0.00000179,0.29141868,0.00000000
3.23261631,0.65329823,0.41025681,0.02570505,0.19638397,0.00000172,0.27996626,0.00000000
3.23861931,0.61874109,0.38137420,0.02390076,0.18137108,0.00000167,0.26820955,0.00000000
3.24462231,0.58438935,0.35394824,0.02214969,0.16676151,0.00000163,0.25624175,0.00000000
3.25062531,0.55057171,0.32821875,0.02046660,0.15268738,0.00000160,0.24416685,0.00000000
3.25662831,0.51761713,0.30440797,0.01886485,0.13926640,0.00000158,0.23209895,0.00000000
3.26263132,0.48585204,0.28272039,0.01735640,0.12660133,0.00000158,0.22016100,0.00000000
3.26863432,0.45559742,0.26334292,0.01595172,0.11478003,0.00000160,0.20848305,0.00000000
3.27463732,0.42716563,0.24644538,0.01465988,0.10387596,0.00000164,0.19720000,0.00000000
3.28064032,0.40085719,0.23218112,0.01348851,0.09394904,0.00000170,0.18644901,0.00000000
3.28664332,0.37695747,0.22068754,0.01244394,0.08504673,0.00000178,0.17636674,0.00000000
3.29264632,0.35573338,0.21208663,0.01153122,0.07720537,0.00000188,0.16708639,0.00000000
3.29864932,0.33743027,0.20648513,0.01075426,0.07045153,0.00000201,0.15873492,0.00000000
3.30465233,0.32226900,0.20397459,0.01011587,0.06480334,0.00000217,0.15143036,0.00000000
3.31065533,0.31044333,0.20463105,0.00961788,0.06027179,0.00000235,0.14527942,0.00000000
3.31665833,0.30211764,0.20851441,0.00926124,0.05686184,0.00000255,0.14037548,0.00000000
3.32266133,0.29742515,0.21566756,0.00904608,0.05457336,0.00000278,0.13679701,0.00000000
3.32866433,0.29646642,0.22611526,0.00897177,0.05340181,0.00000304,0.13460643,0.00000000
3.33466733,0.29930839,0.23986279,0.00903699,0.05333870,0.00000333,0.13384941,0.00000000
3.34067034,0.30598374,0.25689457,0.00923982,0.05437184,0.00000364,0.13455460,0.00000000
3.34667334,0.31649062,0.27717274,0.00957768,0.05648533,0.00000398,0.13673372,0.00000000
3.35267634,0.33079271,0.30063579,0.01004746,0.05965934,0.00000435,0.14038198,0.00000000
3.35867934,0.34881947,0.32719749,0.01064545,0.06386979,0.00000474,0.14547867,0.00000000
3.36468234,0.37046667,0.35674596,0.01136740,0.06908785,0.00000517,0.15198800,0.00000000
3.37068534,0.39559710,0.38914326,0.01220847,0.07527947,0.00000562,0.15985991,0.00000000
3.37668834,0.42404144,0.42422537,0.01316327,0.08240485,0.00000610,0.16903098,0.00000000
3.38269135,0.45559937,0.46180270,0.01422584,0.09041804,0.00000661,0.17942533,0.00000000
3.38869435,0.49004083,0.50166121,0.01538964,0.09926656,0.00000715,0.19095543,0.00000000
3.39469735,0.52710759,0.54356407,0.01664757,0.10889138,0.00000772,0.20352290,0.00000000
3.40070035,0.56651516,0.58725394,0.01799198,0.11922690,0.00000832,0.21701924,0.00000000
3.40670335,0.60795501,0.63245581,0.01941471,0.13020139,0.00000896,0.23132661,0.00000000
3.41270635,0.65109737,0.67888033,0.02090713,0.14173756,0.00000963,0.24631859,0.00000000
3.41870935,0.69559438,0.72622757,0.02246024,0.15375350,0.00001033,0.26186103,0.00000000
3.42471236,0.74108394,0.77419117,0.02406471,0.16616385,0.00001107,0.27781310,0.00000000
3.43071536,0.78719396,0.82246266,0.02571105,0.17888118,0.00001185,0.29402846,0.00000000
3.43671836,0.83354726,0.87073590,0.02738965,0.19181763,0.00001266,0.31035669,0.00000000
3.44272136,0.87976688,0.91871156,0.02909102,0.20488660,0.00001350,0.32664493,0.00000000
3.44872436,0.92548171,0.96610136,0.03080584,0.21800456,0.00001438,0.34273988,0.00000000
3.45472736,0.97033246,1.01263206,0.03252516,0.23109280,0.00001528,0.35848989,0.00000000
3.46073037,1.01397749,1.05804906,0.03424054,0.24407902,0.00001621,0.37374741,0.00000000
3.46673337,1.05609865,1.10211943,0.03594415,0.25689875,0.00001717,0.38837140,0.00000000
3.47273637,1.09640660,1.14463437,0.03762890,0.26949646,0.00001814,0.40222997,0.00000000
3.47873937,1.13464556,1.18541087,0.03928851,0.28182628,0.00001913,0.41520284,0.00000000
3.48474237,1.17059720,1.22429273,0.04091757,0.29385227,0.00002013,0.42718371,0.00000000
3.49074537,1.20408350,1.26115073,0.04251151,0.30554827,0.00002113,0.43808240,0.00000000
3.49674837,1.23496839,1.29588204,0.04406662,0.31689718,0.00002214,0.44782649,0.00000000
3.50275138,1.26315819,1.32840899,0.04557996,0.32788983,0.00002313,0.45636268,0.00000000
3.50875438,1.28860062,1.35867706,0.04704924,0.33852341,0.00002412,0.46365746,0.00000000
3.51475738,1.31128263,1.38665255,0.04847269,0.34879956,0.00002508,0.46969727,0.00000000
3.52076038,1.33122702,1.41231969,0.04984891,0.35872214,0.00002603,0.47448806,0.00000000
3.52676338,1.34848807,1.43567773,0.05117672,0.36829496,0.00002694,0.47805421,0.00000000
3.53276638,1.36314647,1.45673790,0.05245493,0.37751945,0.00002783,0.48043699,0.00000000
3.53876938,1.37530379,1.47552061,0.05368223,0.38639248,0.00002867,0.48169248,0.00000000
3.54477239,1.38507671,1.49205303,0.05485705,0.39490445,0.00002949,0.48188914,0.00000000
3.55077539,1.39259160,1.50636712,0.05597742,0.40303777,0.00003026,0.48110516,0.00000000
3.55677839,1.39797937,1.51849837,0.05704094,0.41076586,0.00003099,0.47942566,0.00000000
3.56278139,1.40137120,1.52848523,0.05804473,0.41805271,0.00003168,0.47693995,0.00000000
3.56878439,1.40289512,1.53636924,0.05898549,0.42485303,0.00003233,0.47373887,0.00000000
3.57478739,1.40267372,1.54219588,0.05985956,0.43111313,0.00003294,0.46991247,0.00000000
3.58079040,1.40082298,1.54601595,0.06066304,0.43677224,0.00003352,0.46554797,0.00000000
3.58679340,1.39745214,1.54788746,0.06139193,0.44176451,0.00003406,0.46072824,0.00000000
3.59279640,1.39266467,1.54787763,0.06204234,0.44602137,0.00003458,0.45553062,0.00000000
3.59879940,1.38656001,1.54606495,0.06261067,0.44947419,0.00003507,0.45002634,0.00000000
3.60480240,1.37923593,1.54254094,0.06309377,0.45205718,0.00003555,0.44428032,0.00000000
3.61080540,1.37079122,1.53741144,0.06348919,0.45371027,0.00003601,0.43835137,0.00000000
3.61680840,1.36132843,1.53079716,0.06379526,0.45438190,0.00003646,0.43229281,0.00000000
3.62281141,1.35095641,1.52283342,0.06401126,0.45403155,0.00003690,0.42615321,0.00000000
3.62881441,1.33979236,1.51366889,0.06413748,0.45263189,0.00003735,0.41997741,0.00000000
3.63481741,1.32796325,1.50346337,0.06417525,0.45017050,0.00003781,0.41380751,0.00000000
3.64082041,1.31560632,1.49238460,0.06412697,0.44665103,0.00003827,0.40768383,0.00000000
3.64682341,1.30286881,1.48060441,0.06399597,0.44209384,0.00003875,0.40164568,0.00000000
3.65282641,1.28990662,1.46829415,0.06378648,0.43653599,0.00003925,0.39573203,0.00000000
3.65882941,1.27688219,1.45561995,0.06350349,0.43003085,0.00003977,0.38998176,0.00000000
3.66483242,1.26396161,1.44273793,0.06315255,0.42264707,0.00004031,0.38443368,0.00000000
3.67083542,1.25131110,1.42978972,0.06273966,0.41446729,0.00004087,0.37912618,0.00000000
3.67683842,1.23909316,1.41689875,0.06227108,0.40558643,0.00004144,0.37409658,0.00000000
3.68284142,1.22746245,1.40416737,0.06175316,0.39610986,0.00004204,0.36938020,0.00000000
3.68884442,1.21656181,1.39167520,0.06119223,0.38615144,0.00004264,0.36500910,0.00000000
3.69484742,1.20651850,1.37947882,0.06059444,0.37583158,0.00004326,0.36101078,0.00000000
3.70085043,1.19744090,1.36761286,0.05996571,0.36527532,0.00004387,0.35740669,0.00000000
3.70685343,1.18941582,1.35609239,0.05931169,0.35461062,0.00004448,0.35421077,0.00000000
3.71285643,1.18250648,1.34491666,0.05863766,0.34396685,0.00004508,0.35142804,0.00000000
3.71885943,1.17675128,1.33407370,0.05794860,0.33347345,0.00004565,0.34905344,0.00000000
3.72486243,1.17216332,1.32354569,0.05724917,0.32325887,0.00004620,0.34707085,0.00000000
3.73086543,1.16873062,1.31331465,0.05654374,0.31344960,0.00004670,0.34545246,0.00000000
3.73686843,1.16641695,1.30336797,0.05583642,0.30416947,0.00004715,0.34415858,0.00000000
3.74287144,1.16516327,1.29370347,0.05513108,0.29553894,0.00004755,0.34313780,0.00000000
3.74887444,1.16488940,1.28433350,0.05443135,0.28767437,0.00004788,0.34232760,0.00000000
3.75487744,1.16549604,1.27528778,0.05374062,0.28068727,0.00004814,0.34165551,0.00000000
3.76088044,1.16686682,1.26661458,0.05306197,0.27468336,0.00004832,0.34104051,0.00000000
3.76688344,1.16887035,1.25838021,0.05239814,0.26976135,0.00004841,0.34039494,0.00000000
3.77288644,1.17136215,1.25066659,0.05175139,0.26601145,0.00004842,0.33962666,0.00000000
3.77888944,1.17418633,1.24356694,0.05112343,0.26351356,0.00004833,0.33864145,0.00000000
3.78489245,1.17717714,1.23717985,0.05051524,0.26233512,0.00004814,0.33734553,0.00000000
3.79089545,1.18016018,1.23160186,0.04992699,0.26252861,0.00004785,0.33564817,0.00000000
3.79689845,1.18295359,1.22691898,0.04935787,0.26412886,0.00004746,0.33346419,0.00000000
3.80290145,1.18536904,1.22319762,0.04880604,0.26715019,0.00004698,0.33071632,0.00000000
3.80890445,1.18721276,1.22047539,0.04826850,0.27158352,0.00004639,0.32733736,0.00000000
3.81490745,1.18828669,1.21875238,0.04774106,0.27739365,0.00004571,0.32327198,0.00000000
3.82091046,1.18838984,1.21798342,0.04721844,0.28451684,0.00004493,0.31847816,0.00000000
3.82691346,1.18732007,1.21807185,0.04669425,0.29285895,0.00004406,0.31292822,0.00000000
3.83291646,1.18487615,1.21886537,0.04616119,0.30229418,0.00004309,0.30660937,0.00000000
3.83891946,1.18086045,1.22015415,0.04561123,0.31266484,0.00004205,0.29952387,0.00000000
3.84492246,1.17508203,1.22167171,0.04503584,0.32378205,0.00004092,0.29168875,0.00000000
3.85092546,1.16736024,1.22309848,0.04442631,0.33542761,0.00003971,0.28313505,0.00000000
3.85692846,1.15752871,1.22406833,0.04377404,0.34735716,0.00003844,0.27390684,0.00000000
3.86293147,1.14543964,1.22417758,0.04307090,0.35930448,0.00003709,0.26405982,0.00000000
3.86893447,1.13096819,1.22299655,0.04230955,0.37098700,0.00003569,0.25365978,0.00000000
3.87493747,1.11401687,1.22008301,0.04148375,0.38211239,0.00003423,0.24278084,0.00000000
3.88094047,1.09451962,1.21499704,0.04058862,0.39238599,0.00003273,0.23150360,0.00000000
3.88694347,1.07244539,1.20731675,0.03962091,0.40151880,0.00003120,0.21991328,0.00000000
3.89294647,1.04780112,1.19665406,0.03857913,0.40923585,0.00002963,0.20809786,0.00000000
3.89894947,1.02063372,1.18266996,0.03746366,0.41528453,0.00002804,0.19614628,0.00000000
3.90495248,0.99103111,1.16508838,0.03627677,0.41944252,0.00002645,0.18414679,0.00000000
3.91095548,0.95912207,1.14370816,0.03502254,0.42152498,0.00002485,0.17218540,0.00000000
3.91695848,0.92507484,1.11841247,0.03370677,0.42139073,0.00002326,0.16034457,0.00000000
3.92296148,0.88909462,1.08917531,0.03233678,0.41894698,0.00002169,0.14870199,0.00000000
3.92896448,0.85141982,1.05606458,0.03092116,0.41415258,0.00002014,0.13732962,0.00000000
3.93496748,0.81231739,1.01924189,0.02946951,0.40701941,0.00001863,0.12629293,0.00000000
3.94097049,0.77207725,0.97895876,0.02799210,0.39761204,0.00001717,0.11565036,0.00000000
3.94697349,0.73100615,0.93554970,0.02649963,0.38604548,0.00001576,0.10545287,0.00000000
3.95297649,0.68942118,0.88942234,0.02500288,0.37248131,0.00001441,0.09574388,0.00000000
3.95897949,0.64764316,0.84104512,0.02351245,0.35712223,0.00001312,0.08655922,0.00000000
3.96498249,0.60599028,0.79093315,0.02203852,0.34020536,0.00001191,0.07792739,0.00000000
3.97098549,0.56477212,0.73963285,0.02059063,0.32199456,0.00001076,0.06986999,0.00000000
3.97698849,0.52428446,0.68770614,0.01917760,0.30277221,0.00000969,0.06240222,0.00000000
3.98299150,0.48480482,0.63571482,0.01780736,0.28283068,0.00000870,0.05553375,0.00000000
3.98899450,0.44658924,0.58420577,0.01648692,0.26246402,0.00000779,0.04926954,0.00000000
3.99499750,0.40986997,0.53369762,0.01522244,0.24196008,0.00000696,0.04361092,0.00000000
4.00100050,0.37485454,0.48466939,0.01401922,0.22159344,0.00000621,0.03855680,0.00000000
4.00700350,0.34172583,0.43755135,0.01288182,0.20161941,0.00000553,0.03410490,0.00000000
4.01300650,0.31064333,0.39271850,0.01181419,0.18226921,0.00000494,0.03025316,0.00000000
4.01900950,0.28174543,0.35048667,0.01081979,0.16374653,0.00000442,0.02700109,0.00000000
4.02501251,0.25515246,0.31111124,0.00990180,0.14622550,0.00000398,0.02435125,0.00000000
4.03101551,0.23097052,0.27478831,0.00906324,0.12984996,0.00000361,0.02231059,0.00000000
4.03701851,0.20929571,0.24165822,0.00830716,0.11473407,0.00000333,0.02089180,0.00000000
4.04302151,0.19021872,0.21181080,0.00763679,0.10096402,0.00000312,0.02011449,0.00000000
4.04902451,0.17382939,0.18529225,0.00705564,0.08860070,0.00000300,0.02000624,0.00000000
4.05502751,0.16022109,0.16211309,0.00656768,0.07768312,0.00000297,0.02060335,0.00000000
4.06103052,0.14949477,0.14225662,0.00617738,0.06823230,0.00000303,0.02195140,0.00000000
4.06703352,0.14176231,0.12568770,0.00588976,0.06025550,0.00000320,0.02410537,0.00000000
4.07303652,0.13714900,0.11236117,0.00571044,0.05375042,0.00000349,0.02712940,0.00000000
4.07903952,0.13579508,0.10222972,0.00564560,0.04870926,0.00000390,0.03109606,0.00000000
4.08504252,0.13785593,0.09525070,0.00570192,0.04512241,0.00000446,0.03608519,0.00000000
4.09104552,0.14350100,0.09139170,0.00588648,0.04298162,0.00000517,0.04218207,0.00000000
4.09704852,0.15291117,0.09063464,0.00620660,0.04228246,0.00000606,0.04947511,0.00000000
4.10305153,0.16627455,0.09297813,0.00666966,0.04302605,0.00000715,0.05805301,0.00000000
4.10905453,0.18378073,0.09843814,0.00728284,0.04521994,0.00000846,0.06800124,0.00000000
4.11505753,0.20561341,0.10704682,0.00805285,0.04887808,0.00001001,0.07939818,0.00000000
4.12106053,0.23194162,0.11884950,0.00898559,0.05401998,0.00001182,0.09231077,0.00000000
4.12706353,0.26290966,0.13390007,0.01008583,0.06066900,0.00001391,0.10678987,0.00000000
4.13306653,0.29862604,0.15225478,0.01135679,0.06884986,0.00001631,0.12286547,0.00000000
4.13906953,0.33915177,0.17396474,0.01279978,0.07858553,0.00001903,0.14054198,0.00000000
4.14507254,0.38448843,0.19906741,0.01441379,0.08989350,0.00002209,0.15979368,0.00000000
4.15107554,0.43456646,0.22757734,0.01619516,0.10278176,0.00002550,0.18056069,0.00000000
4.15707854,0.48923436,0.25947664,0.01813721,0.11724450,0.00002926,0.20274556,0.00000000
4.16308154,0.54824919,0.29470551,0.02023001,0.13325780,0.00003338,0.22621080,0.00000000
4.16908454,0.61126911,0.33315337,0.02246011,0.15077553,0.00003785,0.25077759,0.00000000
4.17508754,0.67784847,0.37465094,0.02481053,0.16972566,0.00004266,0.27622576,0.00000000
4.18109055,0.74743596,0.41896384,0.02726063,0.19000709,0.00004778,0.30229523,0.00000000
4.18709355,0.81937620,0.46578802,0.02978633,0.21148744,0.00005318,0.32868901,0.00000000
4.19309655,0.89291518,0.51474750,0.03236031,0.23400166,0.00005883,0.35507785,0.00000000
4.19909955,0.96720957,0.56539462,0.03495236,0.25735188,0.00006467,0.38110635,0.00000000
4.20510255,1.04134001,0.61721314,0.03752990,0.28130841,0.00007066,0.40640051,0.00000000
4.21110555,1.11432803,0.66962413,0.04005859,0.30561208,0.00007671,0.43057650,0.00000000
4.21710855,1.18515641,0.72199487,0.04250304,0.32997785,0.00008277,0.45325037,0.00000000
4.22311156,1.25279222,0.77365035,0.04482764,0.35409971,0.00008876,0.47404840,0.00000000
4.22911456,1.31621196,0.82388738,0.04699740,0.37765663,0.00009460,0.49261759,0.00000000
4.23511756,1.37442791,0.87199073,0.04897882,0.40031956,0.00010021,0.50863603,0.00000000
4.24112056,1.42651473,0.91725086,0.05074083,0.42175921,0.00010551,0.52182269,0.00000000
4.24712356,1.47163538,0.95898275,0.05225566,0.44165431,0.00011042,0.53194612,0.00000000
4.25312656,1.50906535,0.99654507,0.05349956,0.45970012,0.00011486,0.53883187,0.00000000
4.25912956,1.53821433,1.02935911,0.05445362,0.47561689,0.00011877,0.54236815,0.00000000
4.26513257,1.55864443,1.05692673,0.05510425,0.48915799,0.00012210,0.54250967,0.00000000
4.27113557,1.57008438,1.07884677,0.05544372,0.50011736,0.00012480,0.53927931,0.00000000
4.27713857,1.57243913,1.09482924,0.05547042,0.50833604,0.00012683,0.53276778,0.00000000
4.28314157,1.56579462,1.10470688,0.05518899,0.51370755,0.00012818,0.52313119,0.00000000
4.28914457,1.55041755,1.10844366,0.05461032,0.51618199,0.00012884,0.51058669,0.00000000
4.29514757,1.52675043,1.10613988,0.05375136,0.51576855,0.00012884,0.49540646,0.00000000
4.30115058,1.49540194,1.09803382,0.05263479,0.51253651,0.00012819,0.47791026,0.00000000
4.30715358,1.45713333,1.08449984,0.05128852,0.50661465,0.00012695,0.45845693,0.00000000
4.31315658,1.41284127,1.06604298,0.04974517,0.49818906,0.00012517,0.43743527,0.00000000
4.31915958,1.36353780,1.04329030,0.04804132,0.48749944,0.00012295,0.41525448,0.00000000
4.32516258,1.31032825,1.01697914,0.04621684,0.47483404,0.00012037,0.39233471,0.00000000
4.33116558,1.25438765,0.98794264,0.04431398,0.46052330,0.00011753,0.36909799,0.00000000
4.33716858,1.19693633,0.95709292,0.04237662,0.44493254,0.00011456,0.34595968,0.00000000
4.34317159,1.13921544,0.92540224,0.04044936,0.42845362,0.00011157,0.32332086,0.00000000
4.34917459,1.08246272,0.89388256,0.03857669,0.41149612,0.00010870,0.30156156,0.00000000
4.35517759,1.02788907,0.86356385,0.03680211,0.39447792,0.00010608,0.28103508,0.00000000
4.36118059,0.97665616,0.83547169,0.03516736,0.37781565,0.00010384,0.26206330,0.00000000
4.36718359,0.92985538,0.81060426,0.03371157,0.36191505,0.00010212,0.24493301,0.00000000
4.37318659,0.88848824,0.78990945,0.03247054,0.34716149,0.00010103,0.22989298,0.00000000
4.37918959,0.85344833,0.77426213,0.03147604,0.33391091,0.00010069,0.21715190,0.00000000
4.38519260,0.82550495,0.76444229,0.03075512,0.32248129,0.00010120,0.20687688,0.00000000
4.39119560,0.80528857,0.76111420,0.03032951,0.31314478,0.00010265,0.19919234,0.00000000
4.39719860,0.79327805,0.76480726,0.03021513,0.30612088,0.00010511,0.19417938,0.00000000
4.40320160,0.78979000,0.77589892,0.03042159,0.30157053,0.00010862,0.19187530,0.00000000
4.40920460,0.79497032,0.79460009,0.03095185,0.29959162,0.00011320,0.19227344,0.00000000
4.41520760,0.80878831,0.82094383,0.03180198,0.30021574,0.00011885,0.19532313,0.00000000
4.42121061,0.83103352,0.85477752,0.03296100,0.30340654,0.00012554,0.20092999,0.00000000
4.42721361,0.86131586,0.89575921,0.03441093,0.30905972,0.00013322,0.20895651,0.00000000
4.43321661,0.89906910,0.94335858,0.03612694,0.31700476,0.00014179,0.21922312,0.00000000
4.43921961,0.94355822,0.99686274,0.03807766,0.32700840,0.00015114,0.23150981,0.00000000
4.44522261,0.99389072,1.05538725,0.04022575,0.33877992,0.00016113,0.24555846,0.00000000
4.45122561,1.04903213,1.11789226,0.04252850,0.35197814,0.00017161,0.26107607,0.00000000
4.45722861,1.10782560,1.18320382,0.04493875,0.36621999,0.00018239,0.27773888,0.00000000
4.46323162,1.16901546,1.25003988,0.04740588,0.38109057,0.00019328,0.29519752,0.00000000
4.46923462,1.23127435,1.31704052,0.04987692,0.39615433,0.00020407,0.31308322,0.00000000
4.47523762,1.29323337,1.38280163,0.05229787,0.41096714,0.00021454,0.33101497,0.00000000
4.48124062,1.35351455,1.44591107,0.05461497,0.42508891,0.00022448,0.34860755,0.00000000
4.48724362,1.41076466,1.50498618,0.05677609,0.43809626,0.00023369,0.36548027,0.00000000
4.49324662,1.46368943,1.55871144,0.05873207,0.44959493,0.00024196,0.38126618,0.00000000
4.49924962,1.51108696,1.60587485,0.06043799,0.45923141,0.00024911,0.39562138,0.00000000
4.50525263,1.55187922,1.64540190,0.06185436,0.46670348,0.00025500,0.40823426,0.00000000
4.51125563,1.58514051,1.67638567,0.06294813,0.47176908,0.00025949,0.41883417,0.00000000
4.51725863,1.61012179,1.69811211,0.06369353,0.47425344,0.00026247,0.42719923,0.00000000
4.52326163,1.62627006,1.71007940,0.06407266,0.47405400,0.00026389,0.43316295,0.00000000
4.52926463,1.63324189,1.71201088,0.06407589,0.47114307,0.00026371,0.43661930,0.00000000
4.53526763,1.63091077,1.70386089,0.06370195,0.46556813,0.00026193,0.43752613,0.00000000
4.54127064,1.61936797,1.68581366,0.06295777,0.45744973,0.00025860,0.43590646,0.00000000
4.54727364,1.59891682,1.65827515,0.06185813,0.44697728,0.00025379,0.43184793,0.00000000
4.55327664,1.57006089,1.62185860,0.06042502,0.43440278,0.00024759,0.42550003,0.00000000
4.55927964,1.53348634,1.57736420,0.05868683,0.42003283,0.00024015,0.41706940,0.00000000
4.56528264,1.49003937,1.52575411,0.05667740,0.40421936,0.00023162,0.40681326,0.00000000
4.57128564,1.44069957,1.46812381,0.05443490,0.38734939,0.00022217,0.39503128,0.00000000
4.57728864,1.38655024,1.40567088,0.05200071,0.36983427,0.00021199,0.38205603,0.00000000
4.58329165,1.32874677,1.33966278,0.04941820,0.35209884,0.00020126,0.36824258,0.00000000
4.58929465,1.26848425,1.27140447,0.04673156,0.33457082,0.00019020,0.35395740,0.00000000
4.59529765,1.20696536,1.20220736,0.04398468,0.31767097,0.00017899,0.33956716,0.00000000
4.60130065,1.14536974,1.13336043,0.04122011,0.30180408,0.00016782,0.32542769,0.00000000
4.60730365,1.08482559,1.06610436,0.03847815,0.28735121,0.00015687,0.31187354,0.00000000
4.61330665,1.02638441,1.00160941,0.03579605,0.27466330,0.00014631,0.29920860,0.00000000
4.61930965,0.97099957,0.94095751,0.03320739,0.26405614,0.00013627,0.28769779,0.00000000
4.62531266,0.91950911,0.88512858,0.03074164,0.25580681,0.00012690,0.27756052,0.00000000
4.63131566,0.87262305,0.83499136,0.02842378,0.25015150,0.00011829,0.26896570,0.00000000
4.63731866,0.83091540,0.79129826,0.02627425,0.24728453,0.00011054,0.26202869,0.00000000
4.64332166,0.79482079,0.75468411,0.02430885,0.24735841,0.00010372,0.25681019,0.00000000
4.64932466,0.76463543,0.72566812,0.02253891,0.25048480,0.00009788,0.25331701,0.00000000
4.65532766,0.74052213,0.70465846,0.02097155,0.25673599,0.00009306,0.25150470,0.00000000
4.66133067,0.72251882,0.69195871,0.01960994,0.26614669,0.00008927,0.25128189,0.00000000
4.66733367,0.71054998,0.68777555,0.01845376,0.27871592,0.00008652,0.25251612,0.00000000
4.67333667,0.70444035,0.69222673,0.01749964,0.29440874,0.00008482,0.25504083,0.00000000
4.67933967,0.70393009,0.70534883,0.01674158,0.31315757,0.00008414,0.25866342,0.00000000
4.68534267,0.70869075,0.72710401,0.01617150,0.33486304,0.00008447,0.26317379,0.00000000
4.69134567,0.71834119,0.75738531,0.01577967,0.35939422,0.00008581,0.26835309,0.00000000
4.69734867,0.73246290,0.79602009,0.01555511,0.38658824,0.00008811,0.27398244,0.00000000
4.70335168,0.75061385,0.84277138,0.01548603,0.41624929,0.00009137,0.27985104,0.00000000
4.70935468,0.77234063,0.89733717,0.01556013,0.44814729,0.00009556,0.28576350,0.00000000
4.71535768,0.79718820,0.95934762,0.01576489,0.48201624,0.00010067,0.29154599,0.00000000
4.72136068,0.82470724,1.02836072,0.01608773,0.51755263,0.00010668,0.29705101,0.00000000
4.72736368,0.85445872,1.10385673,0.01651617,0.55441422,0.00011357,0.30216067,0.00000000
4.73336668,0.88601609,1.18523211,0.01703791,0.59221950,0.00012132,0.30678817,0.00000000
4.73936968,0.91896504,1.27179369,0.01764079,0.63054818,0.00012991,0.31087778,0.00000000
4.74537269,0.95290134,1.36275387,0.01831282,0.66894309,0.00013932,0.31440306,0.00000000
4.75137569,0.98742726,1.45722775,0.01904207,0.70691373,0.00014951,0.31736375,0.00000000
4.75737869,1.02214715,1.55423293,0.01981658,0.74394161,0.00016044,0.31978135,0.00000000
4.76338169,1.05666280,1.65269269,0.02062430,0.77948773,0.00017204,0.32169388,0.00000000
4.76938469,1.09056926,1.75144318,0.02145297,0.81300185,0.00018424,0.32315002,0.00000000
4.77538769,1.12345182,1.84924499,0.02229008,0.84393367,0.00019696,0.32420297,0.00000000
4.78139070,1.15488453,1.94479915,0.02312281,0.87174559,0.00021007,0.32490465,0.00000000
4.78739370,1.18443086,2.03676763,0.02393813,0.89592657,0.00022346,0.32530024,0.00000000
4.79339670,1.21164665,2.12379781,0.02472277,0.91600663,0.00023697,0.32542369,0.00000000
4.79939970,1.23608560,2.20455044,0.02546345,0.93157143,0.00025045,0.32529433,0.00000000
4.80540270,1.25730711,2.27773019,0.02614699,0.94227625,0.00026370,0.32491471,0.00000000
4.81140570,1.27488625,2.34211773,0.02676058,0.94785862,0.00027654,0.32426995,0.00000000
4.81740870,1.28842560,2.39660223,0.02729202,0.94814910,0.00028876,0.32332843,0.00000000
4.82341171,1.29756819,2.44021294,0.02773008,0.94307957,0.00030018,0.32204393,0.00000000
4.82941471,1.30201108,2.47214863,0.02806476,0.93268851,0.00031058,0.32035888,0.00000000
4.83541771,1.30151881,2.49180367,0.02828767,0.91712301,0.00031979,0.31820874,0.00000000
4.84142071,1.29593593,2.49878952,0.02839228,0.89663731,0.00032762,0.31552695,0.00000000
4.84742371,1.28519806,2.49295091,0.02837423,0.87158779,0.00033393,0.31225042,0.00000000
4.85342671,1.26934064,2.47437566,0.02823156,0.84242471,0.00033859,0.30832497,0.00000000
4.85942971,1.24850498,2.44339797,0.02796485,0.80968089,0.00034153,0.30371064,0.00000000
4.86543272,1.22294114,2.40059473,0.02757736,0.77395779,0.00034268,0.29838629,0.00000000
4.87143572,1.19300731,2.34677504,0.02707501,0.73590964,0.00034203,0.29235351,0.00000000
4.87743872,1.15916572,2.28296309,0.02646634,0.69622623,0.00033962,0.28563934,0.00000000
4.88344172,1.12197494,2.21037517,0.02576237,0.65561486,0.00033553,0.27829785,0.00000000
4.88944472,1.08207894,2.13039129,0.02497636,0.61478243,0.00032986,0.27041040,0.00000000
4.89544772,1.04019306,2.04452254,0.02412350,0.57441796,0.00032278,0.26208454,0.00000000
4.90145073,0.99708751,1.95437504,0.02322057,0.53517635,0.00031449,0.25345164,0.00000000
4.90745373,0.95356879,1.86161170,0.02228549,0.49766366,0.00030519,0.24466336,0.00000000
4.91345673,0.91045962,1.76791281,0.02133688,0.46242444,0.00029515,0.23588705,0.00000000
4.91945973,0.86857822,1.67493666,0.02039355,0.42993120,0.00028463,0.22730034,0.00000000
4.92546273,0.82871720,1.58428117,0.01947399,0.40057627,0.00027390,0.21908521,0.00000000
4.93146573,0.79162314,1.49744751,0.01859593,0.37466603,0.00026325,0.21142159,0.00000000
4.93746873,0.75797707,1.41580671,0.01777578,0.35241752,0.00025294,0.20448104,0.00000000
4.94347174,0.72837667,1.34056987,0.01702826,0.33395728,0.00024324,0.19842045,0.00000000
4.94947474,0.70332060,1.27276275,0.01636597,0.31932234,0.00023437,0.19337633,0.00000000
4.95547774,0.68319537,1.21320521,0.01579908,0.30846303,0.00022654,0.18945959,0.00000000
4.96148074,0.66826523,1.16249598,0.01533503,0.30124764,0.00021994,0.18675125,0.00000000
4.96748374,0.65866521,1.12100293,0.01497838,0.29746853,0.00021468,0.18529911,0.00000000
4.97348674,0.65439770,1.08885917,0.01473073,0.29684957,0.00021085,0.18511556,0.00000000
4.97948974,0.65533253,1.06596488,0.01459064,0.29905484,0.00020850,0.18617658,0.00000000
4.98549275,0.66121070,1.05199494,0.01455378,0.30369815,0.00020763,0.18842191,0.00000000
4.99149575,0.67165169,1.04641211,0.01461304,0.31035354,0.00020817,0.19175655,0.00000000
4.99749875,0.68616405,1.04848542,0.01475879,0.31856624,0.00021005,0.19605334,0.00000000
5.00350175,0.70415934,1.05731351,0.01497924,0.32786415,0.00021311,0.20115670,0.00000000
5.00950475,0.72496867,1.07185217,0.01526074,0.33776952,0.00021720,0.20688730,0.00000000
5.01550775,0.74786179,1.09094557,0.01558831,0.34781054,0.00022210,0.21304750,0.00000000
5.02151076,0.77206795,1.11336033,0.01594606,0.35753278,0.00022758,0.21942747,0.00000000
5.02751376,0.79679806,1.13782158,0.01631773,0.36650994,0.00023341,0.22581166,0.00000000
5.03351676,0.82126744,1.16304994,0.01668721,0.37435386,0.00023932,0.23198546,0.00000000
5.03951976,0.84471856,1.18779857,0.01703904,0.38072338,0.00024507,0.23774177,0.00000000
5.04552276,0.86644294,1.21088899,0.01735891,0.38533183,0.00025041,0.24288735,0.00000000
5.05152576,0.88580165,1.23124479,0.01763411,0.38795293,0.00025510,0.24724853,0.00000000
5.05752876,0.90224361,1.24792213,0.01785395,0.38842482,0.00025893,0.25067632,0.00000000
5.06353177,0.91532119,1.26013599,0.01801008,0.38665225,0.00026173,0.25305056,0.00000000
5.06953477,0.92470262,1.26728159,0.01809675,0.38260666,0.00026335,0.25428302,0.00000000
5.07553777,0.93018074,1.26895001,0.01811100,0.37632441,0.00026369,0.25431941,0.00000000
5.08154077,0.93167784,1.26493787,0.01805276,0.36790297,0.00026267,0.25314021,0.00000000
5.08754377,0.92924652,1.25525048,0.01792481,0.35749556,0.00026030,0.25076028,0.00000000
5.09354677,0.92306655,1.24009872,0.01773273,0.34530416,0.00025658,0.24722738,0.00000000
5.09954977,0.91343792,1.21988966,0.01748469,0.33157144,0.00025160,0.24261963,0.00000000
5.10555278,0.90077024,1.19521141,0.01719123,0.31657180,0.00024546,0.23704203,0.00000000
5.11155578,0.88556917,1.16681267,0.01686491,0.30060192,0.00023831,0.23062230,0.00000000
5.11755878,0.86842003,1.13557799,0.01651995,0.28397121,0.00023034,0.22350609,0.00000000
5.12356178,0.84996947,1.10249926,0.01617179,0.26699243,0.00022174,0.21585189,0.00000000
5.12956478,0.83090557,1.06864466,0.01583664,0.24997289,0.00021276,0.20782572,0.00000000
5.13556778,0.81193715,1.03512595,0.01553100,0.23320644,0.00020364,0.19959594,0.00000000
5.14157079,0.79377280,1.00306500,0.01527115,0.21696642,0.00019461,0.19132820,0.00000000
5.14757379,0.77710023,0.97356068,0.01507272,0.20149984,0.00018593,0.18318082,0.00000000
5.15357679,0.76256656,0.94765676,0.01495017,0.18702271,0.00017783,0.17530069,0.00000000
5.15957979,0.75075986,0.92631182,0.01491641,0.17371674,0.00017054,0.16781978,0.00000000
5.16558279,0.74219250,0.91037173,0.01498232,0.16172713,0.00016425,0.16085224,0.00000000
5.17158579,0.73728668,0.90054530,0.01515649,0.15116167,0.00015915,0.15449235,0.00000000
5.17758879,0.73636223,0.89738365,0.01544486,0.14209071,0.00015538,0.14881308,0.00000000
5.18359180,0.73962718,0.90126371,0.01585050,0.13454814,0.00015303,0.14386535,0.00000000
5.18959480,0.74717113,0.91237605,0.01637342,0.12853311,0.00015220,0.13967792,0.00000000
5.19559780,0.75896160,0.93071747,0.01701054,0.12401231,0.00015290,0.13625795,0.00000000
5.20160080,0.77484342,0.95608842,0.01775561,0.12092274,0.00015512,0.13359191,0.00000000
5.20760380,0.79454135,0.98809537,0.01859931,0.11917491,0.00015883,0.13164707,0.00000000
5.21360680,0.81766571,1.02615816,0.01952941,0.11865612,0.00016392,0.13037327,0.00000000
5.21960980,0.84372117,1.06952233,0.02053102,0.11923410,0.00017028,0.12970501,0.00000000
5.22561281,0.87211845,1.11727617,0.02158688,0.12076058,0.00017774,0.12956373,0.00000000
5.23161581,0.90218879,1.16837228,0.02267783,0.12307504,0.00018611,0.12986033,0.00000000
5.23761881,0.93320085,1.22165321,0.02378322,0.12600842,0.00019519,0.13049771,0.00000000
5.24362181,0.96437970,1.27588058,0.02488150,0.12938684,0.00020474,0.13137341,0.00000000
5.24962481,0.99492734,1.32976699,0.02595076,0.13303523,0.00021452,0.13238229,0.00000000
5.25562781,1.02404430,1.38200984,0.02696932,0.13678100,0.00022426,0.13341915,0.00000000
5.26163082,1.05095155,1.43132611,0.02791638,0.14045747,0.00023373,0.13438130,0.00000000
5.26763382,1.07491205,1.47648695,0.02877254,0.14390721,0.00024267,0.13517100,0.00000000
5.27363682,1.09525121,1.51635095,0.02952039,0.14698519,0.00025086,0.13569777,0.00000000
5.27963982,1.11137548,1.54989497,0.03014495,0.14956158,0.00025806,0.13588044,0.00000000
5.28564282,1.12278845,1.57624131,0.03063409,0.15152425,0.00026411,0.13564901,0.00000000
5.29164582,1.12910379,1.59468041,0.03097879,0.15278084,0.00026883,0.13494616,0.00000000
5.29764882,1.13005444,1.60468800,0.03117336,0.15326036,0.00027209,0.13372847,0.00000000
5.30365183,1.12549796,1.60593626,0.03121545,0.15291423,0.00027381,0.13196722,0.00000000
5.30965483,1.11541758,1.59829854,0.03110604,0.15171683,0.00027393,0.12964883,0.00000000
5.31565783,1.09991920,1.58184755,0.03084923,0.14966535,0.00027243,0.12677487,0.00000000
5.32166083,1.07922435,1.55684727,0.03045199,0.14677914,0.00026932,0.12336171,0.00000000
5.32766383,1.05365971,1.52373900,0.02992381,0.14309849,0.00026467,0.11943970,0.00000000
5.33366683,1.02364360,1.48312239,0.02927621,0.13868288,0.00025856,0.11505210,0.00000000
5.33966983,0.98967019,1.43573224,0.02852236,0.13360880,0.00025110,0.11025362,0.00000000
5.34567284,0.95229217,1.38241235,0.02767650,0.12796725,0.00024242,0.10510880,0.00000000
5.35167584,0.91210272,1.32408754,0.02675354,0.12186093,0.00023268,0.09969012,0.00000000
5.35767884,0.86971758,1.26173506,0.02576852,0.11540135,0.00022206,0.09407607,0.00000000
5.36368184,0.82575800,1.19635659,0.02473628,0.10870585,0.00021072,0.08834918,0.00000000
5.36968484,0.78083514,1.12895187,0.02367105,0.10189473,0.00019885,0.08259408,0.00000000
5.37568784,0.73553656,1.06049491,0.02258625,0.09508850,0.00018661,0.07689569,0.00000000
5.38169085,0.69041515,0.99191351,0.02149420,0.08840541,0.00017419,0.07133759,0.00000000
5.38769385,0.64598067,0.92407245,0.02040611,0.08195919,0.00016175,0.06600053,0.00000000
5.39369685,0.60269400,0.85776082,0.01933196,0.07585721,0.00014943,0.06096126,0.00000000
5.39969985,0.56096401,0.79368324,0.01828054,0.07019888,0.00013736,0.05629157,0.00000000
5.40570285,0.52114678,0.73245510,0.01725957,0.06507452,0.00012566,0.05205755,0.00000000
5.41170585,0.48354690,0.67460118,0.01627575,0.06056440,0.00011442,0.04831918,0.00000000
5.41770885,0.44842030,0.62055732,0.01533491,0.05673813,0.00010374,0.04512999,0.00000000
5.42371186,0.41597840,0.57067461,0.01444218,0.05365432,0.00009368,0.04253698,0.00000000
5.42971486,0.38639281,0.52522529,0.01360209,0.05136032,0.00008427,0.04058064,0.00000000
5.43571786,0.35980047,0.48440995,0.01281869,0.04989219,0.00007556,0.03929503,0.00000000
5.44172086,0.33630855,0.44836527,0.01209565,0.04927468,0.00006757,0.03870792,0.00000000
5.44772386,0.31599900,0.41717200,0.01143629,0.04952131,0.00006031,0.03884090,0.00000000
5.45372686,0.29893245,0.39086252,0.01084364,0.05063446,0.00005378,0.03970950,0.00000000
5.45972986,0.28515129,0.36942788,0.01032040,0.05260544,0.00004798,0.04132321,0.00000000
5.46573287,0.27468184,0.35282400,0.00986893,0.05541462,0.00004290,0.04368545,0.00000000
5.47173587,0.26753575,0.34097698,0.00949113,0.05903158,0.00003852,0.04679348,0.00000000
5.47773887,0.26371056,0.33378751,0.00918844,0.06341529,0.00003483,0.05063823,0.00000000
5.48374187,0.26318968,0.33113446,0.00896172,0.06851444,0.00003182,0.05520411,0.00000000
5.48974487,0.26594194,0.33287778,0.00881117,0.07426783,0.00002948,0.06046884,0.00000000
5.49574787,0.27192075,0.33886086,0.00873630,0.08060502,0.00002780,0.06640323,0.00000000
5.50175088,0.28106342,0.34891258,0.00873584,0.08744714,0.00002677,0.07297111,0.00000000
5.50775388,0.29329040,0.36284912,0.00880778,0.09470798,0.00002638,0.08012930,0.00000000
5.51375688,0.30850496,0.38047588,0.00894934,0.10229531,0.00002664,0.08782774,0.00000000
5.51975988,0.32659326,0.40158934,0.00915703,0.11011247,0.00002755,0.09600980,0.00000000
5.52576288,0.34742489,0.42597919,0.00942674,0.11806022,0.00002913,0.10461275,0.00000000
5.53176588,0.37085411,0.45343065,0.00975383,0.12603883,0.00003137,0.11356847,0.00000000
5.53776888,0.39672151,0.48372685,0.01013328,0.13395025,0.00003431,0.12280431,0.00000000
5.54377189,0.42485635,0.51665142,0.01055983,0.14170044,0.00003795,0.13224423,0.00000000
5.54977489,0.45507926,0.55199100,0.01102817,0.14920175,0.00004233,0.14181002,0.00000000
5.55577789,0.48720526,0.58953757,0.01153310,0.15637514,0.00004746,0.15142272,0.00000000
5.56178089,0.52104706,0.62909055,0.01206968,0.16315234,0.00005337,0.16100413,0.00000000
5.56778389,0.55641824,0.67045837,0.01263342,0.16947767,0.00006008,0.17047833,0.00000000
5.57378689,0.59313629,0.71345949,0.01322042,0.17530962,0.00006763,0.17977321,0.00000000
5.57978989,0.63102529,0.75792264,0.01382744,0.18062199,0.00007603,0.18882194,0.00000000
5.58579290,0.66991798,0.80368629,0.01445204,0.18540452,0.00008530,0.19756423,0.00000000
5.59179590,0.70965713,0.85059719,0.01509254,0.18966314,0.00009545,0.20594745,0.00000000
5.59779890,0.75009599,0.89850806,0.01574806,0.19341959,0.00010650,0.21392747,0.00000000
5.60380190,0.79109780,0.94727444,0.01641848,0.19671057,0.00011844,0.22146916,0.00000000
5.60980490,0.83253427,0.99675075,0.01710427,0.19958644,0.00013126,0.22854663,0.00000000
5.61580790,0.87428304,1.04678574,0.01780641,0.20210942,0.00014494,0.23514304,0.00000000
5.62181091,0.91622423,1.09721764,0.01852617,0.20435147,0.00015944,0.24125011,0.00000000
5.62781391,0.95823615,1.14786899,0.01926492,0.20639182,0.00017472,0.24686724,0.00000000
5.63381691,1.00019050,1.19854169,0.02002386,0.20831439,0.00019072,0.25200040,0.00000000
5.63981991,1.04194722,1.24901245,0.02080378,0.21020505,0.00020734,0.25666072,0.00000000
5.64582291,1.08334935,1.29902889,0.02160482,0.21214893,0.00022448,0.26086294,0.00000000
5.65182591,1.12421825,1.34830678,0.02242621,0.21422787,0.00024205,0.26462372,0.00000000
5.65782891,1.16434961,1.39652856,0.02326608,0.21651804,0.00025989,0.26796001,0.00000000
5.66383192,1.20351050,1.44334341,0.02412127,0.21908790,0.00027786,0.27088747,0.00000000
5.66983492,1.24143793,1.48836920,0.02498721,0.22199656,0.00029580,0.27341902,0.00000000
5.67583792,1.27783910,1.53119627,0.02585789,0.22529252,0.00031352,0.27556376,0.00000000
5.68184092,1.31239355,1.57139324,0.02672582,0.22901287,0.00033086,0.27732608,0.00000000
5.68784392,1.34475746,1.60851470,0.02758215,0.23318296,0.00034760,0.27870525,0.00000000
5.69384692,1.37456989,1.64211072,0.02841682,0.23781650,0.00036357,0.27969534,0.00000000
5.69984992,1.40146095,1.67173791,0.02921878,0.24291601,0.00037857,0.28028560,0.00000000
5.70585293,1.42506165,1.69697158,0.02997628,0.24847368,0.00039241,0.28046111,0.00000000
5.71185593,1.44501509,1.71741877,0.03067720,0.25447239,0.00040494,0.28020391,0.00000000
5.71785893,1.46098836,1.73273149,0.03130945,0.26088696,0.00041599,0.27949432,0.00000000
5.72386193,1.47268487,1.74261970,0.03186133,0.26768545,0.00042543,0.27831239,0.00000000
5.72986493,1.47985635,1.74686348,0.03232194,0.27483050,0.00043316,0.27663954,0.00000000
5.73586793,1.48231393,1.74532378,0.03268157,0.28228056,0.00043909,0.27446012,0.00000000
5.74187094,1.47993786,1.73795133,0.03293203,0.28999106,0.00044317,0.27176290,0.00000000
5.74787394,1.47268527,1.72479326,0.03306693,0.29791541,0.00044539,0.26854232,0.00000000
5.75387694,1.46059553,1.70599708,0.03308191,0.30600582,0.00044577,0.26479952,0.00000000
5.75987994,1.44379306,1.68181176,0.03297479,0.31421412,0.00044434,0.26054298,0.00000000
5.76588294,1.42248736,1.65258601,0.03274567,0.32249230,0.00044118,0.25578890,0.00000000
5.77188594,1.39697024,1.61876359,0.03239683,0.33079321,0.00043641,0.25056115,0.00000000
5.77788894,1.36761049,1.58087600,0.03193271,0.33907116,0.00043015,0.24489091,0.00000000
5.78389195,1.33484613,1.53953271,0.03135974,0.34728263,0.00042254,0.23881603,0.00000000
5.78989495,1.29917487,1.49540953,0.03068609,0.35538720,0.00041376,0.23238016,0.00000000
5.79589795,1.26114293,1.44923524,0.02992139,0.36334853,0.00040399,0.22563170,0.00000000
5.80190095,1.22133305,1.40177737,0.02907649,0.37113564,0.00039340,0.21862271,0.00000000
5.80790395,1.18035194,1.35382719,0.02816311,0.37872421,0.00038220,0.21140777,0.00000000
5.81390695,1.13881789,1.30618471,0.02719351,0.38609812,0.00037057,0.20404301,0.00000000
5.81990995,1.09734880,1.25964387,0.02618028,0.39325085,0.00035869,0.19658514,0.00000000
5.82591296,1.05655112,1.21497834,0.02513598,0.40018682,0.00034674,0.18909075,0.00000000
5.83191596,1.01700981,1.17292810,0.02407299,0.40692247,0.00033487,0.18161579,0.00000000
5.83791896,0.97927961,1.13418697,0.02300328,0.41348686,0.00032325,0.17421522,0.00000000
5.84392196,0.94387758,1.09939127,0.02193831,0.41992183,0.00031201,0.16694284,0.00000000
5.84992496,0.91127688,1.06910940,0.02088888,0.42628131,0.00030126,0.15985131,0.00000000
5.85592796,0.88190172,1.04383255,0.01986512,0.43263008,0.00029111,0.15299220,0.00000000
5.86193097,0.85612329,1.02396632,0.01887641,0.43904157,0.00028166,0.14641615,0.00000000
5.86793397,0.83425647,1.00982341,0.01793141,0.44559499,0.00027296,0.14017297,0.00000000
5.87393697,0.81655727,1.00161725,0.01703803,0.45237178,0.00026508,0.13431168,0.00000000
5.87993997,0.80322073,0.99945665,0.01620344,0.45945151,0.00025804,0.12888049,0.00000000
5.88594297,0.79437929,1.00334171,0.01543412,0.46690755,0.00025187,0.12392657,0.00000000
5.89194597,0.79010152,1.01316103,0.01473581,0.47480257,0.00024658,0.11949570,0.00000000
5.89794897,0.79039138,1.02869065,0.01411350,0.48318438,0.00024215,0.11563176,0.00000000
5.90395198,0.79518791,1.04959470,0.01357144,0.49208223,0.00023854,0.11237606,0.00000000
5.90995498,0.80436561,1.07542842,0.01311309,0.50150390,0.00023573,0.10976658,0.00000000
5.91595798,0.81773561,1.10564342,0.01274106,0.51143378,0.00023365,0.10783708,0.00000000
5.92196098,0.83504775,1.13959564,0.01245708,0.52183223,0.00023224,0.10661625,0.00000000
5.92796398,0.85599377,1.17655602,0.01226195,0.53263608,0.00023141,0.10612681,0.00000000
5.93396698,0.88021160,1.21572387,0.01215549,0.54376059,0.00023107,0.10638471,0.00000000
5.93996998,0.90729085,1.25624269,0.01213651,0.55510255,0.00023113,0.10739846,0.00000000
5.94597299,0.93677945,1.29721841,0.01220279,0.56654440,0.00023149,0.10916856,0.00000000
5.95197599,0.96819125,1.33773927,0.01235109,0.57795929,0.00023203,0.11168709,0.00000000
5.95797899,1.00101459,1.37689697,0.01257716,0.58921652,0.00023266,0.11493759,0.00000000
5.96398199,1.03472131,1.41380842,0.01287579,0.60018719,0.00023326,0.11889496,0.00000000
5.96998499,1.06877623,1.44763712,0.01324087,0.61074968,0.00023376,0.12352565,0.00000000
5.97598799,1.10264650,1.47761364,0.01366549,0.62079453,0.00023404,0.12878800,0.00000000
5.98199100,1.13581077,1.50305423,0.01414201,0.63022845,0.00023405,0.13463265,0.00000000
5.98799400,1.16776763,1.52337687,0.01466222,0.63897725,0.00023370,0.14100311,0.00000000
5.99399700,1.19804328,1.53811419,0.01521743,0.64698739,0.00023294,0.14783636,0.00000000
6.00000000,1.22619808,1.54692272,0.01579863,0.65422627,0.00023174,0.15506358,0.00000000
