energy_ev,total_up,Ca_p_up,Ca_d_up,N_s_up,N_p_up,Re_p_up,Re_d_up,Te_p_up,Te_d_up
-6.00000000,0.63252462,0.00561516,0.00000000,0.00244909,0.04349375,0.27120804,0.14838946,0.40723215,0.00000000
-5.99399700,0.60674702,0.00544489,0.00000000,0.00234214,0.04728658,0.25069332,0.14380699,0.38616857,0.00000000
-5.98799400,0.58631553,0.00533591,0.00000000,0.00225697,0.05182462,0.23184431,0.14057547,0.36829892,0.00000000
-5.98199100,0.57210473,0.00529834,0.00000000,0.00219773,0.05716047,0.21496231,0.13891600,0.35419961,0.00000000
-5.97598799,0.56490865,0.00534182,0.00000000,0.00216824,0.06333945,0.20031721,0.13903079,0.34439760,0.00000000
-5.96998499,0.56542791,0.00547529,0.00000000,0.00217195,0.07039771,0.18814405,0.14109989,0.33936266,0.00000000
-5.96398199,0.57425805,0.00570684,0.00000000,0.00221187,0.07836039,0.17864061,0.14527820,0.33950028,0.00000000
-5.95797899,0.59187895,0.00604353,0.00000000,0.00229052,0.08723981,0.17196566,0.15169260,0.34514525,0.00000000
-5.95197599,0.61864515,0.00649117,0.00000000,0.00240987,0.09703380,0.16823796,0.16043938,0.35655566,0.00000000
-5.94597299,0.65477691,0.00705416,0.00000000,0.00257131,0.10772419,0.16753565,0.17158171,0.37390716,0.00000000
-5.93996998,0.70035205,0.00773525,0.00000000,0.00277560,0.11927554,0.16989602,0.18514735,0.39728747,0.00000000
-5.93396698,0.75529881,0.00853533,0.00000000,0.00302281,0.13163424,0.17531555,0.20112653,0.42669133,0.00000000
-5.92796398,0.81938989,0.00945326,0.00000000,0.00331237,0.14472791,0.18375019,0.21947030,0.46201585,0.00000000
-5.92196098,0.89223832,0.01048568,0.00000000,0.00364298,0.15846536,0.19511585,0.24008919,0.50305681,0.00000000
-5.91595798,0.97329567,0.01162685,0.00000000,0.00401268,0.17273702,0.20928936,0.26285260,0.54950613,0.00000000
-5.90995498,1.06185338,0.01286857,0.00000000,0.00441889,0.18741603,0.22610981,0.28758907,0.60095117,0.00000000
-5.90395198,1.15704782,0.01420009,0.00000000,0.00485849,0.20235987,0.24538060,0.31408744,0.65687618,0.00000000
-5.89794897,1.25786980,0.01560821,0.00000000,0.00532788,0.21741274,0.26687225,0.34209927,0.71666655,0.00000000
-5.89194597,1.36317912,0.01707734,0.00000000,0.00582318,0.23240852,0.29032619,0.37134260,0.77961629,0.00000000
-5.88594297,1.47172444,0.01858973,0.00000000,0.00634038,0.24717434,0.31545969,0.40150704,0.84493890,0.00000000
-5.87993997,1.58216857,0.02012575,0.00000000,0.00687557,0.26153475,0.34197182,0.43226027,0.91178203,0.00000000
-5.87393697,1.69311883,0.02166433,0.00000000,0.00742516,0.27531621,0.36955056,0.46325592,0.97924562,0.00000000
-5.86793397,1.80316207,0.02318338,0.00000000,0.00798615,0.28835195,0.39788089,0.49414245,1.04640338,0.00000000
-5.86193097,1.91090304,0.02466042,0.00000000,0.00855642,0.30048690,0.42665358,0.52457304,1.11232703,0.00000000
-5.85592796,2.01500509,0.02607316,0.00000000,0.00913497,0.31158251,0.45557442,0.55421581,1.17611243,0.00000000
-5.84992496,2.11423120,0.02740014,0.00000000,0.00972224,0.32152132,0.48437343,0.58276422,1.23690669,0.00000000
-5.84392196,2.20748374,0.02862144,0.00000000,0.01032026,0.33021090,0.51281361,0.60994691,1.29393504,0.00000000
-5.83791896,2.29384076,0.02971927,0.00000000,0.01093286,0.33758715,0.54069859,0.63553668,1.34652607,0.00000000
-5.83191596,2.37258687,0.03067855,0.00000000,0.01156581,0.34361657,0.56787885,0.65935793,1.39413420,0.00000000
-5.82591296,2.44323680,0.03148746,0.00000000,0.01222675,0.34829745,0.59425584,0.68129221,1.43635790,0.00000000
-5.81990995,2.50555015,0.03213776,0.00000000,0.01292523,0.35165986,0.61978365,0.70128151,1.47295272,0.00000000
-5.81390695,2.55953594,0.03262509,0.00000000,0.01367243,0.35376427,0.64446803,0.71932896,1.50383801,0.00000000
-5.80790395,2.60544651,0.03294904,0.00000000,0.01448091,0.35469901,0.66836240,0.73549694,1.52909695,0.00000000
-5.80190095,2.64376055,0.03311312,0.00000000,0.01536420,0.35457636,0.69156117,0.74990256,1.54896948,0.00000000
-5.79589795,2.67515584,0.03312451,0.00000000,0.01633626,0.35352773,0.71419030,0.76271082,1.56383834,0.00000000
-5.78989495,2.70047293,0.03299375,0.00000000,0.01741087,0.35169784,0.73639571,0.77412579,1.57420878,0.00000000
-5.78389195,2.72067151,0.03273422,0.00000000,0.01860094,0.34923836,0.75833005,0.78438037,1.58068286,0.00000000
-5.77788894,2.73678182,0.03236151,0.00000000,0.01991777,0.34630126,0.78013859,0.79372528,1.58392965,0.00000000
-5.77188594,2.74985365,0.03189282,0.00000000,0.02137027,0.34303218,0.80194497,0.80241796,1.58465283,0.00000000
-5.76588294,2.76090594,0.03134619,0.00000000,0.02296420,0.33956412,0.82383787,0.81071229,1.58355752,0.00000000
-5.75987994,2.77087972,0.03073980,0.00000000,0.02470149,0.33601189,0.84585936,0.81884959,1.58131801,0.00000000
-5.75387694,2.78059729,0.03009132,0.00000000,0.02657961,0.33246752,0.86799585,0.82705185,1.57854833,0.00000000
-5.74787394,2.79072995,0.02941725,0.00000000,0.02859112,0.32899685,0.89017222,0.83551742,1.57577707,0.00000000
-5.74187094,2.80177612,0.02873247,0.00000000,0.03072332,0.32563763,0.91224989,0.84441966,1.57342798,0.00000000
-5.73586793,2.81405126,0.02804979,0.00000000,0.03295816,0.32239899,0.93402882,0.85390862,1.57180730,0.00000000
-5.72986493,2.82768987,0.02737974,0.00000000,0.03527235,0.31926246,0.95525383,0.86411561,1.57109836,0.00000000
-5.72386193,2.84265952,0.02673044,0.00000000,0.03763768,0.31618451,0.97562480,0.87516035,1.57136364,0.00000000
-5.71785893,2.85878565,0.02610767,0.00000000,0.04002160,0.31310025,0.99481039,0.88716008,1.57255403,0.00000000
-5.71185593,2.87578558,0.02551496,0.00000000,0.04238800,0.30992829,1.01246447,0.90023999,1.57452445,0.00000000
-5.70585293,2.89330916,0.02495394,0.00000000,0.04469824,0.30657630,1.02824456,0.91454387,1.57705463,0.00000000
-5.69984992,2.91098337,0.02442466,0.00000000,0.04691230,0.30294715,1.04183092,0.93024416,1.57987383,0.00000000
-5.69384692,2.92845777,0.02392603,0.00000000,0.04899012,0.29894506,1.05294543,0.94755031,1.58268751,0.00000000
-5.68784392,2.94544746,0.02345625,0.00000000,0.05089290,0.29448163,1.06136888,0.96671444,1.58520444,0.00000000
-5.68184092,2.96177073,0.02301329,0.00000000,0.05258456,0.28948130,1.06695580,0.98803349,1.58716225,0.00000000
-5.67583792,2.97737850,0.02259528,0.00000000,0.05403306,0.28388604,1.06964568,1.01184717,1.58835002,0.00000000
-5.66983492,2.99237350,0.02220090,0.00000000,0.05521164,0.27765897,1.06946990,1.03853122,1.58862618,0.00000000
-5.66383192,3.00701749,0.02182959,0.00000000,0.05609988,0.27078690,1.06655390,1.06848587,1.58793089,0.00000000
-5.65782891,3.02172585,0.02148182,0.00000000,0.05668456,0.26328145,1.06111428,1.10211963,1.58629198,0.00000000
-5.65182591,3.03704950,0.02115913,0.00000000,0.05696025,0.25517905,1.05345096,1.13982892,1.58382434,0.00000000
-5.64582291,3.05364513,0.02086408,0.00000000,0.05692961,0.24653956,1.04393473,1.18197420,1.58072259,0.00000000
-5.63981991,3.07223511,0.02060018,0.00000000,0.05660336,0.23744395,1.03299084,1.22885381,1.57724801,0.00000000
-5.63381691,3.09355972,0.02037165,0.00000000,0.05599998,0.22799086,1.02107952,1.28067682,1.57371026,0.00000000
-5.62781391,3.11832428,0.02018317,0.00000000,0.05514503,0.21829262,1.00867448,1.33753625,1.57044545,0.00000000
-5.62181091,3.14714455,0.02003952,0.00000000,0.05407031,0.20847068,0.99624063,1.39938430,1.56779184,0.00000000
-5.61580790,3.18049372,0.01994523,0.00000000,0.05281269,0.19865084,0.98421216,1.46601131,1.56606496,0.00000000
-5.60980490,3.21865440,0.01990425,0.00000000,0.05141280,0.18895851,0.97297225,1.53702964,1.56553367,0.00000000
-5.60380190,3.26167873,0.01991956,0.00000000,0.04991358,0.17951421,0.96283551,1.61186418,1.56639871,0.00000000
-5.59779890,3.30935918,0.01999294,0.00000000,0.04835878,0.17042949,0.95403412,1.68975020,1.56877531,0.00000000
-5.59179590,3.36121235,0.02012465,0.00000000,0.04679142,0.16180346,0.94670829,1.76973951,1.57268074,0.00000000
-5.58579290,3.41647697,0.02031331,0.00000000,0.04525240,0.15372009,0.94090170,1.85071513,1.57802775,0.00000000
-5.57978989,3.47412667,0.02055580,0.00000000,0.04377911,0.14624620,0.93656189,1.93141446,1.58462430,0.00000000
-5.57378689,3.53289739,0.02084724,0.00000000,0.04240430,0.13943037,0.93354565,2.01046029,1.59217956,0.00000000
-5.56778389,3.59132805,0.02118109,0.00000000,0.04115514,0.13330255,0.93162899,2.08639877,1.60031585,0.00000000
-5.56178089,3.64781291,0.02154928,0.00000000,0.04005248,0.12787450,0.93052104,2.15774291,1.60858578,0.00000000
-5.55577789,3.70066281,0.02194243,0.00000000,0.03911045,0.12314081,0.92988103,2.22301982,1.61649365,0.00000000
-5.54977489,3.74817245,0.02235016,0.00000000,0.03833626,0.11908047,0.92933740,2.28081982,1.62351966,0.00000000
-5.54377189,3.78869022,0.02276140,0.00000000,0.03773032,0.11565892,0.92850795,2.32984528,1.62914584,0.00000000
-5.53776888,3.82068719,0.02316471,0.00000000,0.03728654,0.11283030,0.92701989,2.36895688,1.63288184,0.00000000
-5.53176588,3.84282170,0.02354864,0.00000000,0.03699297,0.11053997,0.92452873,2.39721535,1.63428954,0.00000000
-5.52576288,3.85399665,0.02390212,0.00000000,0.03683251,0.10872696,0.92073511,2.41391672,1.63300487,0.00000000
-5.51975988,3.85340639,0.02421471,0.00000000,0.03678389,0.10732646,0.91539860,2.41861940,1.62875591,0.00000000
-5.51375688,3.84057147,0.02447695,0.00000000,0.03682270,0.10627212,0.90834811,2.41116206,1.62137625,0.00000000
-5.50775388,3.81535950,0.02468058,0.00000000,0.03692251,0.10549817,0.89948829,2.39167118,1.61081321,0.00000000
-5.50175088,3.77799153,0.02481875,0.00000000,0.03705601,0.10494132,0.88880185,2.36055833,1.59713046,0.00000000
-5.49574787,3.72903398,0.02488612,0.00000000,0.03719612,0.10454231,0.87634802,2.31850712,1.58050527,0.00000000
-5.48974487,3.66937686,0.02487901,0.00000000,0.03731703,0.10424731,0.86225727,2.26645062,1.56122065,0.00000000
-5.48374187,3.60019971,0.02479541,0.00000000,0.03739517,0.10400894,0.84672293,2.20554022,1.53965294,0.00000000
-5.47773887,3.52292723,0.02463491,0.00000000,0.03740995,0.10378719,0.82999037,2.13710756,1.51625585,0.00000000
-5.47173587,3.43917694,0.02439874,0.00000000,0.03734443,0.10354998,0.81234441,2.06262117,1.49154165,0.00000000
-5.46573287,3.35070157,0.02408956,0.00000000,0.03718574,0.10327368,0.79409586,1.98363965,1.46606075,0.00000000
-5.45972986,3.25932887,0.02371140,0.00000000,0.03692530,0.10294338,0.77556801,1.90176363,1.44038076,0.00000000
-5.45372686,3.16690155,0.02326949,0.00000000,0.03655888,0.10255312,0.75708371,1.81858814,1.41506579,0.00000000
-5.44772386,3.07521993,0.02277006,0.00000000,0.03608641,0.10210596,0.73895386,1.73565750,1.39065731,0.00000000
-5.44172086,2.98598943,0.02222018,0.00000000,0.03551170,0.10161400,0.72146769,1.65442417,1.36765697,0.00000000
-5.43571786,2.90077481,0.02162756,0.00000000,0.03484190,0.10109826,0.70488523,1.57621292,1.34651232,0.00000000
-5.42971486,2.82096248,0.02100039,0.00000000,0.03408695,0.10058859,0.68943224,1.50219143,1.32760564,0.00000000
-5.42371186,2.74773178,0.02034712,0.00000000,0.03325884,0.10012331,0.67529747,1.43334785,1.31124623,0.00000000
-5.41770885,2.68203564,0.01967633,0.00000000,0.03237097,0.09974886,0.66263222,1.37047570,1.29766612,0.00000000
-5.41170585,2.62459056,0.01899658,0.00000000,0.03143732,0.09951924,0.65155178,1.31416614,1.28701918,0.00000000
-5.40570285,2.57587539,0.01831622,0.00000000,0.03047184,0.09949531,0.64213851,1.26480720,1.27938313,0.00000000
-5.39969985,2.53613804,0.01764334,0.00000000,0.02948776,0.09974382,0.63444590,1.22258939,1.27476429,0.00000000
-5.39369685,2.50540905,0.01698560,0.00000000,0.02849709,0.10033627,0.62850318,1.18751700,1.27310428,0.00000000
-5.38769385,2.48352076,0.01635020,0.00000000,0.02751019,0.10134754,0.62432000,1.15942404,1.27428841,0.00000000
-5.38169085,2.47013044,0.01574375,0.00000000,0.02653550,0.10285417,0.62189054,1.13799391,1.27815477,0.00000000
-5.37568784,2.46474620,0.01517226,0.00000000,0.02557938,0.10493249,0.62119696,1.12278161,1.28450387,0.00000000
-5.36968484,2.46675404,0.01464107,0.00000000,0.02464614,0.10765644,0.62221146,1.11323761,1.29310795,0.00000000
-5.36368184,2.47544504,0.01415482,0.00000000,0.02373810,0.11109517,0.62489726,1.10873233,1.30371970,0.00000000
-5.35767884,2.49004124,0.01371740,0.00000000,0.02285587,0.11531053,0.62920807,1.10858029,1.31607985,0.00000000
-5.35167584,2.50971964,0.01333200,0.00000000,0.02199862,0.12035438,0.63508641,1.11206333,1.32992351,0.00000000
-5.34567284,2.53363347,0.01300101,0.00000000,0.02116447,0.12626595,0.64246079,1.11845214,1.34498506,0.00000000
-5.33966983,2.56093037,0.01272609,0.00000000,0.02035088,0.13306919,0.65124231,1.12702568,1.36100142,0.00000000
-5.33366683,2.59076733,0.01250811,0.00000000,0.01955503,0.14077036,0.66132081,1.13708816,1.37771395,0.00000000
-5.32766383,2.62232235,0.01234717,0.00000000,0.01877425,0.14935588,0.67256126,1.14798331,1.39486911,0.00000000
-5.32166083,2.65480317,0.01224261,0.00000000,0.01800629,0.15879063,0.68480064,1.15910595,1.41221802,0.00000000
-5.31565783,2.68745338,0.01219301,0.00000000,0.01724962,0.16901677,0.69784587,1.16991077,1.42951539,0.00000000
-5.30965483,2.71955643,0.01219619,0.00000000,0.01650361,0.17995317,0.71147316,1.17991847,1.44651812,0.00000000
-5.30365183,2.75043804,0.01224926,0.00000000,0.01576865,0.19149568,0.72542894,1.18871945,1.46298391,0.00000000
-5.29764882,2.77946771,0.01234860,0.00000000,0.01504613,0.20351810,0.73943273,1.19597521,1.47867024,0.00000000
-5.29164582,2.80605972,0.01248995,0.00000000,0.01433844,0.21587407,0.75318183,1.20141775,1.49333413,0.00000000
-5.28564282,2.82967418,0.01266843,0.00000000,0.01364882,0.22839985,0.76635789,1.20484722,1.50673276,0.00000000
-5.27963982,2.84981849,0.01287859,0.00000000,0.01298115,0.24091780,0.77863509,1.20612812,1.51862526,0.00000000
-5.27363682,2.86604942,0.01311452,0.00000000,0.01233978,0.25324077,0.78968967,1.20518429,1.52877561,0.00000000
-5.26763382,2.87797597,0.01336996,0.00000000,0.01172922,0.26517698,0.79921025,1.20199304,1.53695680,0.00000000
-5.26163082,2.88526308,0.01363833,0.00000000,0.01115395,0.27653546,0.80690873,1.19657857,1.54295592,0.00000000
-5.25562781,2.88763585,0.01391295,0.00000000,0.01061813,0.28713173,0.81253103,1.18900502,1.54658017,0.00000000
-5.24962481,2.88488439,0.01418711,0.00000000,0.01012538,0.29679361,0.81586717,1.17936945,1.54766335,0.00000000
-5.24362181,2.87686867,0.01445424,0.00000000,0.00967864,0.30536682,0.81676033,1.16779478,1.54607268,0.00000000
-5.23761881,2.86352331,0.01470808,0.00000000,0.00927999,0.31272026,0.81511433,1.15442310,1.54171537,0.00000000
-5.23161581,2.84486181,0.01494277,0.00000000,0.00893055,0.31875063,0.81089915,1.13940946,1.53454484,0.00000000
-5.22561281,2.82097989,0.01515307,0.00000000,0.00863050,0.32338630,0.80415432,1.12291630,1.52456600,0.00000000
-5.21960980,2.79205768,0.01533447,0.00000000,0.00837905,0.32659018,0.79498986,1.10510870,1.51183945,0.00000000
-5.21360680,2.75836043,0.01548329,0.00000000,0.00817452,0.32836148,0.78358493,1.08615047,1.49648422,0.00000000
-5.20760380,2.72023751,0.01559684,0.00000000,0.00801444,0.32873624,0.77018397,1.06620131,1.47867885,0.00000000
-5.20160080,2.67811955,0.01567345,0.00000000,0.00789570,0.32778668,0.75509070,1.04541486,1.45866074,0.00000000
-5.19559780,2.63251354,0.01571257,0.00000000,0.00781470,0.32561919,0.73866008,1.02393774,1.43672360,0.00000000
-5.18959480,2.58399591,0.01571475,0.00000000,0.00776751,0.32237122,0.72128860,1.00190943,1.41321293,0.00000000
-5.18359180,2.53320351,0.01568164,0.00000000,0.00775006,0.31820703,0.70340316,0.97946285,1.38851969,0.00000000
-5.17758879,2.48082242,0.01561593,0.00000000,0.00775831,0.31331247,0.68544891,0.95672553,1.36307218,0.00000000
-5.17158579,2.42757495,0.01552129,0.00000000,0.00778837,0.30788899,0.66787656,0.93382101,1.33732624,0.00000000
-5.16558279,2.37420458,0.01540217,0.00000000,0.00783664,0.30214705,0.65112936,0.91087034,1.31175403,0.00000000
-5.15957979,2.32145939,0.01526372,0.00000000,0.00789986,0.29629918,0.63563021,0.88799343,1.28683163,0.00000000
-5.15357679,2.27007403,0.01511154,0.00000000,0.00797523,0.29055288,0.62176924,0.86530998,1.26302574,0.00000000
-5.14757379,2.22075071,0.01495148,0.00000000,0.00806033,0.28510363,0.60989220,0.84293975,1.24077976,0.00000000
-5.14157079,2.17413964,0.01478942,0.00000000,0.00815319,0.28012824,0.60028998,0.82100219,1.22049988,0.00000000
-5.13556778,2.13081955,0.01463101,0.00000000,0.00825216,0.27577883,0.59318942,0.79961520,1.20254138,0.00000000
-5.12956478,2.09127881,0.01448143,0.00000000,0.00835586,0.27217748,0.58874593,0.77889307,1.18719576,0.00000000
-5.12356178,2.05589816,0.01434518,0.00000000,0.00846309,0.26941199,0.58703791,0.75894375,1.17467924,0.00000000
-5.11755878,2.02493563,0.01422588,0.00000000,0.00857268,0.26753272,0.58806331,0.73986547,1.16512309,0.00000000
-5.11155578,1.99851459,0.01412607,0.00000000,0.00868341,0.26655070,0.59173849,0.72174316,1.15856634,0.00000000
-5.10555278,1.97661573,0.01404709,0.00000000,0.00879386,0.26643718,0.59789948,0.70464464,1.15495140,0.00000000
-5.09954977,1.95907362,0.01398903,0.00000000,0.00890237,0.26712456,0.60630574,0.68861725,1.15412281,0.00000000
-5.09354677,1.94557855,0.01395066,0.00000000,0.00900692,0.26850877,0.61664637,0.67368493,1.15582962,0.00000000
-5.08754377,1.93568376,0.01392950,0.00000000,0.00910510,0.27045298,0.62854870,0.65984614,1.15973140,0.00000000
-5.08154077,1.92881846,0.01392188,0.00000000,0.00919413,0.27279263,0.64158912,0.64707300,1.16540789,0.00000000
-5.07553777,1.92430624,0.01392312,0.00000000,0.00927088,0.27534151,0.65530574,0.63531156,1.17237209,0.00000000
-5.06953477,1.92138841,0.01392771,0.00000000,0.00933193,0.27789872,0.66921274,0.62448349,1.18008642,0.00000000
-5.06353177,1.91925163,0.01392955,0.00000000,0.00937366,0.28025627,0.68281557,0.61448909,1.18798134,0.00000000
-5.05752876,1.91705852,0.01392222,0.00000000,0.00939240,0.28220704,0.69562689,0.60521153,1.19547575,0.00000000
-5.05152576,1.91398016,0.01389929,0.00000000,0.00938457,0.28355267,0.70718225,0.59652211,1.20199824,0.00000000
-5.04552276,1.90922897,0.01385460,0.00000000,0.00934684,0.28411118,0.71705519,0.58828626,1.20700836,0.00000000
-5.03951976,1.90209036,0.01378258,0.00000000,0.00927628,0.28372401,0.72487095,0.58037000,1.21001684,0.00000000
-5.03351676,1.89195178,0.01367848,0.00000000,0.00917052,0.28226207,0.73031832,0.57264640,1.21060389,0.00000000
-5.02751376,1.87832765,0.01353861,0.00000000,0.00902789,0.27963066,0.73315907,0.56500174,1.20843476,0.00000000
-5.02151076,1.86087912,0.01336057,0.00000000,0.00884751,0.27577296,0.73323463,0.55734105,1.20327174,0.00000000
-5.01550775,1.83942748,0.01314335,0.00000000,0.00862939,0.27067211,0.73046966,0.54959262,1.19498220,0.00000000
-5.00950475,1.81396098,0.01288741,0.00000000,0.00837445,0.26435161,0.72487253,0.54171134,1.18354225,0.00000000
-5.00350175,1.78463443,0.01259473,0.00000000,0.00808453,0.25687422,0.71653257,0.53368071,1.16903601,0.00000000
-4.99749875,1.75176205,0.01226873,0.00000000,0.00776236,0.24833935,0.70561451,0.52551339,1.15165058,0.00000000
-4.99149575,1.71580384,0.01191419,0.00000000,0.00741144,0.23887911,0.69235017,0.51725033,1.13166713,0.00000000
-4.98549275,1.67734635,0.01153711,0.00000000,0.00703598,0.22865324,0.67702810,0.50895864,1.10944857,0.00000000
-4.97948974,1.63707890,0.01114452,0.00000000,0.00664072,0.21784316,0.65998154,0.50072824,1.08542457,0.00000000
-4.97348674,1.59576651,0.01074423,0.00000000,0.00623082,0.20664542,0.64157543,0.49266766,1.06007468,0.00000000
-4.96748374,1.55422077,0.01034464,0.00000000,0.00581164,0.19526487,0.62219292,0.48489906,1.03391045,0.00000000
-4.96148074,1.51327013,0.00995444,0.00000000,0.00538859,0.18390777,0.60222215,0.47755295,1.00745729,0.00000000
-4.95547774,1.47373086,0.00958238,0.00000000,0.00496698,0.17277526,0.58204378,0.47076264,0.98123688,0.00000000
-4.94947474,1.43637977,0.00923702,0.00000000,0.00455186,0.16205727,0.56201974,0.46465891,0.95575091,0.00000000
-4.94347174,1.40192988,0.00892648,0.00000000,0.00414787,0.15192717,0.54248354,0.45936484,0.93146659,0.00000000
-4.93746873,1.37100949,0.00865827,0.00000000,0.00375914,0.14253732,0.52373253,0.45499128,0.90880437,0.00000000
-4.93146573,1.34414558,0.00843907,0.00000000,0.00338921,0.13401561,0.50602215,0.45163281,0.88812821,0.00000000
-4.92546273,1.32175156,0.00827459,0.00000000,0.00304100,0.12646304,0.48956218,0.44936447,0.86973843,0.00000000
-4.91945973,1.30411951,0.00816947,0.00000000,0.00271674,0.11995232,0.47451500,0.44823923,0.85386720,0.00000000
-4.91345673,1.29141694,0.00812716,0.00000000,0.00241798,0.11452754,0.46099568,0.44828625,0.84067647,0.00000000
-4.90745373,1.28368759,0.00814986,0.00000000,0.00214568,0.11020476,0.44907358,0.44950989,0.83025818,0.00000000
-4.90145073,1.28085605,0.00823850,0.00000000,0.00190016,0.10697344,0.43877526,0.45188950,0.82263640,0.00000000
-4.89544772,1.28273559,0.00839276,0.00000000,0.00168124,0.10479861,0.43008830,0.45537983,0.81777123,0.00000000
-4.88944472,1.28903871,0.00861101,0.00000000,0.00148828,0.10362358,0.42296590,0.45991222,0.81556391,0.00000000
-4.88344172,1.29938989,0.00889044,0.00000000,0.00132026,0.10337320,0.41733168,0.46539629,0.81586310,0.00000000
-4.87743872,1.31333992,0.00922706,0.00000000,0.00117588,0.10395731,0.41308469,0.47172222,0.81847176,0.00000000
-4.87143572,1.33038134,0.00961581,0.00000000,0.00105365,0.10527447,0.41010428,0.47876353,0.82315468,0.00000000
-4.86543272,1.34996452,0.01005065,0.00000000,0.00095193,0.10721567,0.40825464,0.48638032,0.82964620,0.00000000
-4.85942971,1.37151386,0.01052469,0.00000000,0.00086903,0.10966807,0.40738905,0.49442275,0.83765806,0.00000000
-4.85342671,1.39444378,0.01103029,0.00000000,0.00080326,0.11251850,0.40735365,0.50273498,0.84688726,0.00000000
-4.84742371,1.41817413,0.01155925,0.00000000,0.00075299,0.11565681,0.40799080,0.51115916,0.85702376,0.00000000
-4.84142071,1.44214463,0.01210292,0.00000000,0.00071664,0.11897880,0.40914207,0.51953955,0.86775790,0.00000000
-4.83541771,1.46582811,0.01265242,0.00000000,0.00069277,0.12238889,0.41065089,0.52772658,0.87878751,0.00000000
-4.82941471,1.48874225,0.01319879,0.00000000,0.00068003,0.12580224,0.41236499,0.53558076,0.88982455,0.00000000
-4.82341171,1.51045956,0.01373318,0.00000000,0.00067720,0.12914651,0.41413864,0.54297623,0.90060116,0.00000000
-4.81740870,1.53061538,0.01424704,0.00000000,0.00068315,0.13236304,0.41583485,0.54980389,0.91087509,0.00000000
-4.81140570,1.54891379,0.01473229,0.00000000,0.00069686,0.13540754,0.41732748,0.55597392,0.92043424,0.00000000
-4.80540270,1.56513123,0.01518153,0.00000000,0.00071738,0.13825025,0.41850333,0.56141758,0.92910035,0.00000000
-4.79939970,1.57911773,0.01558814,0.00000000,0.00074382,0.14087557,0.41926415,0.56608827,0.93673159,0.00000000
-4.79339670,1.59079582,0.01594649,0.00000000,0.00077531,0.14328122,0.41952861,0.56996165,0.94322404,0.00000000
-4.78739370,1.60015715,0.01625201,0.00000000,0.00081100,0.14547689,0.41923398,0.57303497,0.94851191,0.00000000
-4.78139070,1.60725693,0.01650131,0.00000000,0.00085003,0.14748252,0.41833760,0.57532545,0.95256665,0.00000000
-4.77538769,1.61220637,0.01669226,0.00000000,0.00089153,0.14932626,0.41681787,0.57686794,0.95539463,0.00000000
-4.76938469,1.61516362,0.01682395,0.00000000,0.00093460,0.15104208,0.41467476,0.57771188,0.95703389,0.00000000
-4.76338169,1.61632325,0.01689678,0.00000000,0.00097831,0.15266731,0.41192960,0.57791770,0.95754970,0.00000000
-4.75737869,1.61590499,0.01691235,0.00000000,0.00102171,0.15424010,0.40862422,0.57755283,0.95702936,0.00000000
-4.75137569,1.61414206,0.01687345,0.00000000,0.00106384,0.15579683,0.40481928,0.57668761,0.95557633,0.00000000
-4.74537269,1.61126953,0.01678390,0.00000000,0.00110374,0.15736984,0.40059174,0.57539113,0.95330396,0.00000000
-4.73936968,1.60751323,0.01664848,0.00000000,0.00114048,0.15898521,0.39603173,0.57372733,0.95032918,0.00000000
-4.73336668,1.60307966,0.01647272,0.00000000,0.00117317,0.16066104,0.39123866,0.57175154,0.94676633,0.00000000
-4.72736368,1.59814718,0.01626281,0.00000000,0.00120101,0.16240609,0.38631685,0.56950745,0.94272136,0.00000000
-4.72136068,1.59285892,0.01602533,0.00000000,0.00122327,0.16421884,0.38137083,0.56702493,0.93828686,0.00000000
-4.71535768,1.58731749,0.01576713,0.00000000,0.00123936,0.16608713,0.37650054,0.56431852,0.93353782,0.00000000
-4.70935468,1.58158165,0.01549511,0.00000000,0.00124881,0.16798830,0.37179663,0.56138670,0.92852852,0.00000000
-4.70335168,1.57566496,0.01521600,0.00000000,0.00125133,0.16988978,0.36733608,0.55821207,0.92329041,0.00000000
-4.69734867,1.56953632,0.01493624,0.00000000,0.00124678,0.17175018,0.36317843,0.55476223,0.91783128,0.00000000
-4.69134567,1.56312222,0.01466173,0.00000000,0.00123517,0.17352079,0.35936273,0.55099139,0.91213536,0.00000000
-4.68534267,1.55631048,0.01439772,0.00000000,0.00121671,0.17514734,0.35590545,0.54684251,0.90616455,0.00000000
-4.67933967,1.54895520,0.01414867,0.00000000,0.00119174,0.17657206,0.35279939,0.54225003,0.89986047,0.00000000
-4.67333667,1.54088261,0.01391811,0.00000000,0.00116077,0.17773581,0.35001369,0.53714275,0.89314722,0.00000000
-4.66733367,1.53189754,0.01370854,0.00000000,0.00112439,0.17858027,0.34749489,0.53144709,0.88593478,0.00000000
-4.66133067,1.52179020,0.01352139,0.00000000,0.00108332,0.17905002,0.34516912,0.52509022,0.87812261,0.00000000
-4.65532766,1.51034308,0.01335699,0.00000000,0.00103836,0.17909453,0.34294502,0.51800323,0.86960358,0.00000000
-4.64932466,1.49733767,0.01321455,0.00000000,0.00099031,0.17866984,0.34071764,0.51012407,0.86026790,0.00000000
-4.64332166,1.48256098,0.01309219,0.00000000,0.00094003,0.17774001,0.33837270,0.50140015,0.85000694,0.00000000
-4.63731866,1.46581161,0.01298702,0.00000000,0.00088833,0.17627817,0.33579139,0.49179065,0.83871692,0.00000000
-4.63131566,1.44690537,0.01289526,0.00000000,0.00083601,0.17426731,0.33285515,0.48126835,0.82630227,0.00000000
-4.62531266,1.42568053,0.01281233,0.00000000,0.00078378,0.17170060,0.32945051,0.46982109,0.81267878,0.00000000
-4.61930965,1.40200242,0.01273304,0.00000000,0.00073230,0.16858147,0.32547351,0.45745264,0.79777638,0.00000000
-4.61330665,1.37576768,0.01265179,0.00000000,0.00068213,0.16492329,0.32083377,0.44418320,0.78154159,0.00000000
-4.60730365,1.34690789,0.01256273,0.00000000,0.00063372,0.16074880,0.31545781,0.43004943,0.76393964,0.00000000
-4.60130065,1.31539277,0.01246002,0.00000000,0.00058743,0.15608934,0.30929177,0.41510402,0.74495623,0.00000000
-4.59529765,1.28123278,0.01233806,0.00000000,0.00054352,0.15098383,0.30230320,0.39941488,0.72459898,0.00000000
-4.58929465,1.24448108,0.01219165,0.00000000,0.00050215,0.14547767,0.29448206,0.38306402,0.70289846,0.00000000
-4.58329165,1.20523487,0.01201627,0.00000000,0.00046340,0.13962153,0.28584094,0.36614606,0.67990884,0.00000000
-4.57728864,1.16363590,0.01180820,0.00000000,0.00042728,0.13347012,0.27641439,0.34876657,0.65570818,0.00000000
-4.57128564,1.11987021,0.01156473,0.00000000,0.00039373,0.12708095,0.26625764,0.33104017,0.63039821,0.00000000
-4.56528264,1.07416699,0.01128424,0.00000000,0.00036266,0.12051313,0.25544462,0.31308849,0.60410366,0.00000000
-4.55927964,1.02679640,0.01096632,0.00000000,0.00033394,0.11382626,0.24406562,0.29503818,0.57697119,0.00000000
-4.55327664,0.97806663,0.01061176,0.00000000,0.00030741,0.10707938,0.23222445,0.27701873,0.54916771,0.00000000
-4.54727364,0.92831998,0.01022261,0.00000000,0.00028291,0.10033007,0.22003556,0.25916054,0.52087840,0.00000000
-4.54127064,0.87792812,0.00980207,0.00000000,0.00026030,0.09363363,0.20762091,0.24159298,0.49230420,0.00000000
-4.53526763,0.82728678,0.00935444,0.00000000,0.00023944,0.08704240,0.19510701,0.22444264,0.46365903,0.00000000
-4.52926463,0.77680977,0.00888496,0.00000000,0.00022021,0.08060525,0.18262206,0.20783184,0.43516669,0.00000000
-4.52326163,0.72692279,0.00839972,0.00000000,0.00020252,0.07436711,0.17029336,0.19187728,0.40705760,0.00000000
-4.51725863,0.67805703,0.00790542,0.00000000,0.00018629,0.06836870,0.15824499,0.17668904,0.37956548,0.00000000
-4.51125563,0.63064282,0.00740922,0.00000000,0.00017149,0.06264639,0.14659592,0.16236973,0.35292405,0.00000000
-4.50525263,0.58510347,0.00691855,0.00000000,0.00015810,0.05723206,0.13545843,0.14901397,0.32736374,0.00000000
-4.49924962,0.54184957,0.00644089,0.00000000,0.00014612,0.05215319,0.12493692,0.13670799,0.30310879,0.00000000
-4.49324662,0.50127362,0.00598362,0.00000000,0.00013559,0.04743292,0.11512714,0.12552948,0.28037436,0.00000000
-4.48724362,0.46374531,0.00555381,0.00000000,0.00012656,0.04309026,0.10611560,0.11554751,0.25936411,0.00000000
-4.48124062,0.42960729,0.00515813,0.00000000,0.00011907,0.03914028,0.09797936,0.10682251,0.24026795,0.00000000
-4.47523762,0.39917148,0.00480264,0.00000000,0.00011319,0.03559439,0.09078596,0.09940623,0.22326012,0.00000000
-4.46923462,0.37271580,0.00449274,0.00000000,0.00010899,0.03246058,0.08459344,0.09334169,0.20849745,0.00000000
-4.46323162,0.35048128,0.00423304,0.00000000,0.00010654,0.02974367,0.07945050,0.08866295,0.19611787,0.00000000
-4.45722861,0.33266946,0.00402731,0.00000000,0.00010587,0.02744561,0.07539657,0.08539476,0.18623899,0.00000000
-4.45122561,0.31943988,0.00387844,0.00000000,0.00010705,0.02556559,0.07246186,0.08355200,0.17895677,0.00000000
-4.44522261,0.31090769,0.00378835,0.00000000,0.00011008,0.02410029,0.07066732,0.08313890,0.17434415,0.00000000
-4.43921961,0.30714123,0.00375803,0.00000000,0.00011498,0.02304393,0.07002445,0.08414819,0.17244974,0.00000000
-4.43321661,0.30815967,0.00378748,0.00000000,0.00012173,0.02238833,0.07053501,0.08655997,0.17329641,0.00000000
-4.42721361,0.31393067,0.00387572,0.00000000,0.00013027,0.02212296,0.07219057,0.09034059,0.17687983,0.00000000
-4.42121061,0.32436811,0.00402083,0.00000000,0.00014053,0.02223485,0.07497197,0.09544155,0.18316709,0.00000000
-4.41520760,0.33933021,0.00421993,0.00000000,0.00015239,0.02270849,0.07884879,0.10179839,0.19209534,0.00000000
-4.40920460,0.35861800,0.00446922,0.00000000,0.00016570,0.02352579,0.08377875,0.10932996,0.20357062,0.00000000
-4.40320160,0.38197448,0.00476403,0.00000000,0.00018028,0.02466591,0.08970720,0.11793781,0.21746701,0.00000000
-4.39719860,0.40908472,0.00509887,0.00000000,0.00019593,0.02610518,0.09656675,0.12750622,0.23362617,0.00000000
-4.39119560,0.43957696,0.00546751,0.00000000,0.00021238,0.02781702,0.10427711,0.13790257,0.25185740,0.00000000
-4.38519260,0.47302518,0.00586305,0.00000000,0.00022937,0.02977190,0.11274517,0.14897844,0.27193845,0.00000000
-4.37918959,0.50895305,0.00627805,0.00000000,0.00024660,0.03193740,0.12186544,0.16057133,0.29361707,0.00000000
-4.37318659,0.54683949,0.00670463,0.00000000,0.00026375,0.03427829,0.13152086,0.17250703,0.31661345,0.00000000
-4.36718359,0.58612592,0.00713462,0.00000000,0.00028049,0.03675676,0.14158395,0.18460266,0.34062356,0.00000000
-4.36118059,0.62622507,0.00755973,0.00000000,0.00029650,0.03933273,0.15191846,0.19667035,0.36532349,0.00000000
-4.35517759,0.66653126,0.00797170,0.00000000,0.00031145,0.04196419,0.16238136,0.20852141,0.39037467,0.00000000
-4.34917459,0.70643200,0.00836247,0.00000000,0.00032501,0.04460779,0.17282519,0.21997086,0.41542986,0.00000000
-4.34317159,0.74532048,0.00872437,0.00000000,0.00033691,0.04721937,0.18310080,0.23084218,0.44013997,0.00000000
-4.33716858,0.78260873,0.00905029,0.00000000,0.00034688,0.04975463,0.19306026,0.24097219,0.46416127,0.00000000
-4.33116558,0.81774096,0.00933383,0.00000000,0.00035470,0.05216991,0.20256001,0.25021565,0.48716301,0.00000000
-4.32516258,0.85020661,0.00956946,0.00000000,0.00036020,0.05442293,0.21146400,0.25844956,0.50883509,0.00000000
-4.31915958,0.87955270,0.00975264,0.00000000,0.00036323,0.05647361,0.21964690,0.26557691,0.52889546,0.00000000
-4.31315658,0.90539485,0.00987994,0.00000000,0.00036375,0.05828488,0.22699705,0.27152968,0.54709717,0.00000000
-4.30715358,0.92742676,0.00994905,0.00000000,0.00036171,0.05982342,0.23341919,0.27627090,0.56323455,0.00000000
-4.30115058,0.94542745,0.00995887,0.00000000,0.00035717,0.06106042,0.23883685,0.27979574,0.57714839,0.00000000
-4.29514757,0.95926618,0.00990951,0.00000000,0.00035022,0.06197218,0.24319425,0.28213146,0.58872986,0.00000000
-4.28914457,0.96890461,0.00980221,0.00000000,0.00034100,0.06254068,0.24645756,0.28333624,0.59792291,0.00000000
-4.28314157,0.97439612,0.00963931,0.00000000,0.00032969,0.06275396,0.24861570,0.28349685,0.60472507,0.00000000
-4.27713857,0.97588228,0.00942414,0.00000000,0.00031653,0.06260643,0.24968033,0.28272526,0.60918650,0.00000000
-4.27113557,0.97358634,0.00916093,0.00000000,0.00030178,0.06209895,0.24968523,0.28115430,0.61140721,0.00000000
-4.26513257,0.96780424,0.00885461,0.00000000,0.00028570,0.06123881,0.24868502,0.27893252,0.61153269,0.00000000
-4.25912956,0.95889313,0.00851071,0.00000000,0.00026860,0.06003956,0.24675322,0.27621838,0.60974782,0.00000000
-4.25312656,0.94725803,0.00813518,0.00000000,0.00025076,0.05852060,0.24397974,0.27317419,0.60626953,0.00000000
-4.24712356,0.93333701,0.00773420,0.00000000,0.00023249,0.05670672,0.24046799,0.26995971,0.60133823,0.00000000
-4.24112056,0.91758556,0.00731406,0.00000000,0.00021405,0.05462746,0.23633161,0.26672608,0.59520860,0.00000000
-4.23511756,0.90046072,0.00688098,0.00000000,0.00019572,0.05231640,0.23169098,0.26360997,0.58814000,0.00000000
-4.22911456,0.88240572,0.00644097,0.00000000,0.00017772,0.04981028,0.22666976,0.26072846,0.58038693,0.00000000
-4.22311156,0.86383573,0.00599974,0.00000000,0.00016027,0.04714819,0.22139153,0.25817469,0.57219006,0.00000000
-4.21710855,0.84512534,0.00556254,0.00000000,0.00014355,0.04437064,0.21597675,0.25601469,0.56376819,0.00000000
-4.21110555,0.82659839,0.00513413,0.00000000,0.00012769,0.04151868,0.21054008,0.25428529,0.55531165,0.00000000
-4.20510255,0.80852059,0.00471870,0.00000000,0.00011282,0.03863302,0.20518831,0.25299340,0.54697732,0.00000000
-4.19909955,0.79109524,0.00431984,0.00000000,0.00009900,0.03575330,0.20001897,0.25211666,0.53888568,0.00000000
-4.19309655,0.77446218,0.00394051,0.00000000,0.00008630,0.03291728,0.19511954,0.25160541,0.53111991,0.00000000
-4.18709355,0.75870009,0.00358307,0.00000000,0.00007473,0.03016034,0.19056747,0.25138590,0.52372724,0.00000000
-4.18109055,0.74383190,0.00324928,0.00000000,0.00006429,0.02751492,0.18643082,0.25136465,0.51672230,0.00000000
-4.17508754,0.72983294,0.00294035,0.00000000,0.00005496,0.02501023,0.18276949,0.25143368,0.51009238,0.00000000
-4.16908454,0.71664149,0.00265697,0.00000000,0.00004669,0.02267193,0.17963698,0.25147654,0.50380415,0.00000000
-4.16308154,0.70417090,0.00239939,0.00000000,0.00003944,0.02052210,0.17708239,0.25137455,0.49781166,0.00000000
-4.15707854,0.69232274,0.00216747,0.00000000,0.00003315,0.01857916,0.17515264,0.25101335,0.49206483,0.00000000
-4.15107554,0.68100019,0.00196074,0.00000000,0.00002775,0.01685802,0.17389449,0.25028906,0.48651813,0.00000000
-4.14507254,0.67012074,0.00177849,0.00000000,0.00002317,0.01537019,0.17335648,0.24911408,0.48113878,0.00000000
-4.13906953,0.65962774,0.00161980,0.00000000,0.00001935,0.01412402,0.17359022,0.24742204,0.47591401,0.00000000
-4.13306653,0.64949989,0.00148360,0.00000000,0.00001623,0.01312498,0.17465123,0.24517179,0.47085692,0.00000000
-4.12706353,0.63975830,0.00136875,0.00000000,0.00001375,0.01237587,0.17659900,0.24235021,0.46601052,0.00000000
-4.12106053,0.63047074,0.00127405,0.00000000,0.00001188,0.01187713,0.17949621,0.23897373,0.46144976,0.00000000
-4.11505753,0.62175281,0.00119828,0.00000000,0.00001057,0.01162707,0.18340729,0.23508860,0.45728142,0.00000000
-4.10905453,0.61376622,0.00114025,0.00000000,0.00000980,0.01162212,0.18839610,0.23076976,0.45364181,0.00000000
-4.10305153,0.60671414,0.00109876,0.00000000,0.00000958,0.01185702,0.19452307,0.22611863,0.45069257,0.00000000
-4.09704852,0.60083416,0.00107269,0.00000000,0.00000990,0.01232498,0.20184189,0.22125981,0.44861473,0.00000000
-4.09104552,0.59638936,0.00106093,0.00000000,0.00001080,0.01301783,0.21039596,0.21633699,0.44760148,0.00000000
-4.08504252,0.59365796,0.00106242,0.00000000,0.00001230,0.01392617,0.22021482,0.21150821,0.44785015,0.00000000
-4.07903952,0.59292238,0.00107614,0.00000000,0.00001447,0.01503944,0.23131089,0.20694089,0.44955382,0.00000000
-4.07303652,0.59445828,0.00110108,0.00000000,0.00001738,0.01634609,0.24367674,0.20280667,0.45289320,0.00000000
-4.06703352,0.59852429,0.00113627,0.00000000,0.00002112,0.01783366,0.25728306,0.19927648,0.45802915,0.00000000
-4.06103052,0.60535292,0.00118073,0.00000000,0.00002580,0.01948897,0.27207764,0.19651599,0.46509637,0.00000000
-4.05502751,0.61514310,0.00123353,0.00000000,0.00003151,0.02129823,0.28798535,0.19468161,0.47419848,0.00000000
-4.04902451,0.62805471,0.00129373,0.00000000,0.00003840,0.02324729,0.30490923,0.19391710,0.48540484,0.00000000
-4.04302151,0.64420511,0.00136041,0.00000000,0.00004660,0.02532179,0.32273271,0.19435098,0.49874905,0.00000000
-4.03701851,0.66366774,0.00143267,0.00000000,0.00005624,0.02750744,0.34132275,0.19609469,0.51422915,0.00000000
-4.03101551,0.68647253,0.00150966,0.00000000,0.00006747,0.02979021,0.36053379,0.19924142,0.53180944,0.00000000
-4.02501251,0.71260786,0.00159057,0.00000000,0.00008041,0.03215653,0.38021226,0.20386563,0.55142341,0.00000000
-4.01900950,0.74202366,0.00167466,0.00000000,0.00009519,0.03459353,0.40020133,0.21002311,0.57297775,0.00000000
-4.01300650,0.77463518,0.00176126,0.00000000,0.00011192,0.03708917,0.42034557,0.21775144,0.59635667,0.00000000
-4.00700350,0.81032699,0.00184980,0.00000000,0.00013066,0.03963234,0.44049536,0.22707075,0.62142649,0.00000000
-4.00100050,0.84895682,0.00193983,0.00000000,0.00015147,0.04221291,0.46051046,0.23798465,0.64803981,0.00000000
-3.99499750,0.89035887,0.00203100,0.00000000,0.00017436,0.04482172,0.48026291,0.25048127,0.67603910,0.00000000
-3.98899450,0.93434637,0.00212311,0.00000000,0.00019930,0.04745049,0.49963867,0.26453427,0.70525946,0.00000000
-3.98299150,0.98071330,0.00221607,0.00000000,0.00022620,0.05009174,0.51853827,0.28010381,0.73553027,0.00000000
-3.97698849,1.02923534,0.00230995,0.00000000,0.00025492,0.05273857,0.53687627,0.29713752,0.76667591,0.00000000
-3.97098549,1.07967013,0.00240492,0.00000000,0.00028528,0.05538456,0.55457974,0.31557134,0.79851549,0.00000000
-3.96498249,1.13175726,0.00250132,0.00000000,0.00031702,0.05802358,0.57158591,0.33533049,0.83086184,0.00000000
-3.95897949,1.18521816,0.00259957,0.00000000,0.00034984,0.06064966,0.58783927,0.35633047,0.86352003,0.00000000
-3.95297649,1.23975645,0.00270022,0.00000000,0.00038340,0.06325697,0.60328844,0.37847814,0.89628581,0.00000000
-3.94697349,1.29505906,0.00280390,0.00000000,0.00041730,0.06583981,0.61788310,0.40167314,0.92894426,0.00000000
-3.94097049,1.35079838,0.00291134,0.00000000,0.00045110,0.06839272,0.63157140,0.42580937,0.96126903,0.00000000
-3.93496748,1.40663582,0.00302334,0.00000000,0.00048436,0.07091072,0.64429805,0.45077689,0.99302248,0.00000000
-3.92896448,1.46222669,0.00314075,0.00000000,0.00051662,0.07338958,0.65600333,0.47646398,1.02395692,0.00000000
-3.92296148,1.51722655,0.00326449,0.00000000,0.00054741,0.07582621,0.66662320,0.50275938,1.05381716,0.00000000
-3.91695848,1.57129862,0.00339551,0.00000000,0.00057630,0.07821904,0.67609057,0.52955469,1.08234423,0.00000000
-3.91095548,1.62412205,0.00353478,0.00000000,0.00060289,0.08056845,0.68433759,0.55674668,1.10928030,0.00000000
-3.90495248,1.67540052,0.00368327,0.00000000,0.00062684,0.08287714,0.69129888,0.58423955,1.13437455,0.00000000
-3.89894947,1.72487049,0.00384195,0.00000000,0.00064786,0.08515041,0.69691540,0.61194683,1.15738958,0.00000000
-3.89294647,1.77230880,0.00401174,0.00000000,0.00066575,0.08739627,0.70113876,0.63979286,1.17810815,0.00000000
-3.88694347,1.81753864,0.00419353,0.00000000,0.00068040,0.08962545,0.70393543,0.66771380,1.19633973,0.00000000
-3.88094047,1.86043380,0.00438806,0.00000000,0.00069178,0.09185114,0.70529073,0.69565792,1.21192639,0.00000000
-3.87493747,1.90092055,0.00459598,0.00000000,0.00069998,0.09408858,0.70521206,0.72358532,1.22474783,0.00000000
-3.86893447,1.93897703,0.00481773,0.00000000,0.00070517,0.09635435,0.70373126,0.75146695,1.23472507,0.00000000
-3.86293147,1.97463018,0.00505357,0.00000000,0.00070763,0.09866554,0.70090572,0.77928314,1.24182265,0.00000000
-3.85692846,2.00795044,0.00530347,0.00000000,0.00070773,0.10103874,0.69681829,0.80702166,1.24604926,0.00000000
-3.85092546,2.03904442,0.00556710,0.00000000,0.00070591,0.10348897,0.69157585,0.83467551,1.24745671,0.00000000
-3.84492246,2.06804637,0.00584381,0.00000000,0.00070269,0.10602854,0.68530673,0.86224074,1.24613745,0.00000000
-3.83891946,2.09510888,0.00613260,0.00000000,0.00069864,0.10866596,0.67815701,0.88971445,1.24222084,0.00000000
-3.83291646,2.12039371,0.00643209,0.00000000,0.00069436,0.11140506,0.67028613,0.91709308,1.23586840,0.00000000
-3.82691346,2.14406331,0.00674054,0.00000000,0.00069050,0.11424425,0.66186195,0.94437147,1.22726847,0.00000000
-3.82091046,2.16627384,0.00705588,0.00000000,0.00068771,0.11717605,0.65305563,0.97154245,1.21663051,0.00000000
-3.81490745,2.18717007,0.00737575,0.00000000,0.00068662,0.12018697,0.64403668,0.99859731,1.20417957,0.00000000
-3.80890445,2.20688246,0.00769751,0.00000000,0.00068787,0.12325777,0.63496842,1.02552698,1.19015098,0.00000000
-3.80290145,2.22552658,0.00801838,0.00000000,0.00069206,0.12636396,0.62600407,1.05232372,1.17478569,0.00000000
-3.79689845,2.24320458,0.00833550,0.00000000,0.00069974,0.12947671,0.61728364,1.07898328,1.15832625,0.00000000
-3.79089545,2.26000839,0.00864597,0.00000000,0.00071142,0.13256397,0.60893163,1.10550706,1.14101352,0.00000000
-3.78489245,2.27602398,0.00894704,0.00000000,0.00072757,0.13559185,0.60105565,1.13190401,1.12308410,0.00000000
-3.77888944,2.29133592,0.00923612,0.00000000,0.00074857,0.13852599,0.59374572,1.15819181,1.10476824,0.00000000
-3.77288644,2.30603145,0.00951091,0.00000000,0.00077474,0.14133302,0.58707420,1.18439698,1.08628806,0.00000000
-3.76688344,2.32020314,0.00976944,0.00000000,0.00080632,0.14398189,0.58109609,1.21055360,1.06785603,0.00000000
-3.76088044,2.33394952,0.01001014,0.00000000,0.00084348,0.14644501,0.57584961,1.23670036,1.04967316,0.00000000
-3.75487744,2.34737303,0.01023187,0.00000000,0.00088628,0.14869906,0.57135664,1.26287587,1.03192706,0.00000000
-3.74887444,2.36057498,0.01043389,0.00000000,0.00093469,0.15072552,0.56762315,1.28911220,1.01478943,0.00000000
-3.74287144,2.37364765,0.01061585,0.00000000,0.00098857,0.15251083,0.56463926,1.31542691,0.99841318,0.00000000
-3.73686843,2.38666363,0.01077777,0.00000000,0.00104765,0.15404612,0.56237896,1.34181396,0.98292899,0.00000000
-3.73086543,2.39966327,0.01091992,0.00000000,0.00111156,0.15532668,0.56079961,1.36823395,0.96844167,0.00000000
-3.72486243,2.41264098,0.01104276,0.00000000,0.00117979,0.15635108,0.55984120,1.39460452,0.95502630,0.00000000
-3.71885943,2.42553166,0.01114685,0.00000000,0.00125169,0.15712010,0.55942556,1.42079151,0.94272469,0.00000000
-3.71285643,2.43819837,0.01123273,0.00000000,0.00132649,0.15763558,0.55945580,1.44660183,0.93154236,0.00000000
-3.70685343,2.45042281,0.01130087,0.00000000,0.00140328,0.15789931,0.55981614,1.47177870,0.92144637,0.00000000
-3.70085043,2.46189951,0.01135155,0.00000000,0.00148101,0.15791191,0.56037236,1.49600008,0.91236451,0.00000000
-3.69484742,2.47223496,0.01138483,0.00000000,0.00155854,0.15767208,0.56097319,1.51888065,0.90418595,0.00000000
-3.68884442,2.48095240,0.01140051,0.00000000,0.00163462,0.15717608,0.56145257,1.53997784,0.89676369,0.00000000
-3.68284142,2.48750239,0.01139817,0.00000000,0.00170795,0.15641752,0.56163316,1.55880188,0.88991879,0.00000000
-3.67683842,2.49127938,0.01137711,0.00000000,0.00177716,0.15538762,0.56133082,1.57482968,0.88344640,0.00000000
-3.67083542,2.49164348,0.01133651,0.00000000,0.00184089,0.15407581,0.56036006,1.58752207,0.87712334,0.00000000
-3.66483242,2.48794658,0.01127544,0.00000000,0.00189780,0.15247065,0.55854040,1.59634370,0.87071705,0.00000000
-3.65882941,2.47956147,0.01119299,0.00000000,0.00194663,0.15056106,0.55570306,1.60078462,0.86399529,0.00000000
-3.65282641,2.46591237,0.01108839,0.00000000,0.00198620,0.14833772,0.55169794,1.60038236,0.85673625,0.00000000
-3.64682341,2.44650499,0.01096111,0.00000000,0.00201551,0.14579453,0.54640029,1.59474348,0.84873840,0.00000000
-3.64082041,2.42095440,0.01081095,0.00000000,0.00203371,0.14293008,0.53971677,1.58356313,0.83982954,0.00000000
-3.63481741,2.38900887,0.01063820,0.00000000,0.00204019,0.13974887,0.53159051,1.56664178,0.82987459,0.00000000
-3.62881441,2.35056829,0.01044364,0.00000000,0.00203454,0.13626239,0.52200481,1.54389788,0.81878153,0.00000000
-3.62281141,2.30569576,0.01022863,0.00000000,0.00201663,0.13248977,0.51098519,1.51537584,0.80650521,0.00000000
-3.61680840,2.25462183,0.00999508,0.00000000,0.00198658,0.12845802,0.49859970,1.48124882,0.79304885,0.00000000
-3.61080540,2.19774086,0.00974547,0.00000000,0.00194478,0.12420193,0.48495736,1.44181614,0.77846306,0.00000000
-3.60480240,2.13559986,0.00948278,0.00000000,0.00189185,0.11976340,0.47020484,1.39749540,0.76284260,0.00000000
-3.59879940,2.06888030,0.00921036,0.00000000,0.00182866,0.11519047,0.45452146,1.34880984,0.74632099,0.00000000
-3.59279640,1.99837405,0.00893188,0.00000000,0.00175628,0.11053592,0.43811288,1.29637156,0.72906345,0.00000000
-3.58679340,1.92495487,0.00865115,0.00000000,0.00167594,0.10585566,0.42120372,1.24086153,0.71125854,0.00000000
-3.58079040,1.84954697,0.00837201,0.00000000,0.00158903,0.10120695,0.40402958,1.18300753,0.69310912,0.00000000
-3.57478739,1.77309254,0.00809813,0.00000000,0.00149701,0.09664650,0.38682883,1.12356096,0.67482309,0.00000000
-3.56878439,1.69651985,0.00783295,0.00000000,0.00140140,0.09222864,0.36983461,1.06327398,0.65660450,0.00000000
-3.56278139,1.62071364,0.00757950,0.00000000,0.00130373,0.08800368,0.35326745,1.00287765,0.63864556,0.00000000
-3.55677839,1.54648906,0.00734031,0.00000000,0.00120549,0.08401641,0.33732879,0.94306238,0.62111983,0.00000000
-3.55077539,1.47457045,0.00711736,0.00000000,0.00110810,0.08030497,0.32219573,0.88446120,0.60417700,0.00000000
-3.54477239,1.40557543,0.00691201,0.00000000,0.00101289,0.07689999,0.30801708,0.82763642,0.58793934,0.00000000
-3.53876938,1.34000490,0.00672498,0.00000000,0.00092105,0.07382413,0.29491092,0.77307012,0.57249992,0.00000000
-3.53276638,1.27823865,0.00655642,0.00000000,0.00083362,0.07109195,0.28296350,0.72115834,0.55792246,0.00000000
-3.52676338,1.22053645,0.00640590,0.00000000,0.00075147,0.06871011,0.27222953,0.67220897,0.54424266,0.00000000
-3.52076038,1.16704380,0.00627250,0.00000000,0.00067530,0.06667782,0.26273354,0.62644297,0.53147069,0.00000000
-3.51475738,1.11780140,0.00615489,0.00000000,0.00060565,0.06498749,0.25447221,0.58399845,0.51959454,0.00000000
-3.50875438,1.07275752,0.00605143,0.00000000,0.00054287,0.06362562,0.24741734,0.54493701,0.50858380,0.00000000
-3.50275138,1.03178190,0.00596027,0.00000000,0.00048714,0.06257362,0.24151916,0.50925174,0.49839362,0.00000000
-3.49674837,0.99468048,0.00587943,0.00000000,0.00043851,0.06180877,0.23670990,0.47687633,0.48896833,0.00000000
-3.49074537,0.96120961,0.00580689,0.00000000,0.00039685,0.06130506,0.23290714,0.44769457,0.48024473,0.00000000
-3.48474237,0.93108943,0.00574069,0.00000000,0.00036194,0.06103397,0.23001700,0.42154982,0.47215454,0.00000000
-3.47873937,0.90401539,0.00567894,0.00000000,0.00033345,0.06096512,0.22793687,0.39825402,0.46462622,0.00000000
-3.47273637,0.87966799,0.00561990,0.00000000,0.00031093,0.06106684,0.22655776,0.37759592,0.45758584,0.00000000
-3.46673337,0.85772031,0.00556199,0.00000000,0.00029389,0.06130653,0.22576618,0.35934838,0.45095741,0.00000000
-3.46073037,0.83784362,0.00550380,0.00000000,0.00028177,0.06165103,0.22544557,0.34327460,0.44466249,0.00000000
-3.45472736,0.81971124,0.00544408,0.00000000,0.00027397,0.06206679,0.22547753,0.32913336,0.43861958,0.00000000
-3.44872436,0.80300110,0.00538171,0.00000000,0.00026987,0.06252011,0.22574271,0.31668330,0.43274328,0.00000000
-3.44272136,0.78739749,0.00531572,0.00000000,0.00026882,0.06297733,0.22612179,0.30568645,0.42694371,0.00000000
-3.43671836,0.77259237,0.00524523,0.00000000,0.00027022,0.06340501,0.22649640,0.29591115,0.42112619,0.00000000
-3.43071536,0.75828685,0.00516945,0.00000000,0.00027342,0.06377029,0.22675027,0.28713453,0.41519152,0.00000000
-3.42471236,0.74419312,0.00508764,0.00000000,0.00027785,0.06404118,0.22677059,0.27914477,0.40903702,0.00000000
-3.41870935,0.73003711,0.00499914,0.00000000,0.00028296,0.06418710,0.22644970,0.27174316,0.40255816,0.00000000
-3.41270635,0.71556202,0.00490336,0.00000000,0.00028821,0.06417936,0.22568700,0.26474618,0.39565114,0.00000000
-3.40670335,0.70053262,0.00479975,0.00000000,0.00029316,0.06399185,0.22439112,0.25798753,0.38821593,0.00000000
-3.40070035,0.68474031,0.00468789,0.00000000,0.00029739,0.06360162,0.22248220,0.25132013,0.38015991,0.00000000
-3.39469735,0.66800852,0.00456746,0.00000000,0.00030057,0.06298964,0.21989422,0.24461808,0.37140175,0.00000000
-3.38869435,0.65019812,0.00443829,0.00000000,0.00030240,0.06214135,0.21657717,0.23777837,0.36187530,0.00000000
-3.38269135,0.63121250,0.00430039,0.00000000,0.00030268,0.06104725,0.21249895,0.23072236,0.35153323,0.00000000
-3.37668834,0.61100178,0.00415398,0.00000000,0.00030125,0.05970334,0.20764684,0.22339677,0.34035017,0.00000000
-3.37068534,0.58956575,0.00399951,0.00000000,0.00029803,0.05811136,0.20202842,0.21577416,0.32832509,0.00000000
-3.36468234,0.56695539,0.00383767,0.00000000,0.00029300,0.05627889,0.19567186,0.20785274,0.31548273,0.00000000
-3.35867934,0.54327237,0.00366943,0.00000000,0.00028621,0.05421920,0.18862538,0.19965550,0.30187398,0.00000000
-3.35267634,0.51866676,0.00349596,0.00000000,0.00027773,0.05195097,0.18095616,0.19122850,0.28757510,0.00000000
-3.34667334,0.49333271,0.00331868,0.00000000,0.00026771,0.04949770,0.17274831,0.18263847,0.27268587,0.00000000
-3.34067034,0.46750223,0.00313920,0.00000000,0.00025631,0.04688703,0.16410040,0.17396972,0.25732660,0.00000000
-3.33466733,0.44143744,0.00295929,0.00000000,0.00024375,0.04414990,0.15512226,0.16532038,0.24163435,0.00000000
-3.32866433,0.41542147,0.00278080,0.00000000,0.00023025,0.04131953,0.14593150,0.15679825,0.22575842,0.00000000
-3.32266133,0.38974845,0.00260565,0.00000000,0.00021605,0.03843043,0.13664972,0.14851622,0.20985532,0.00000000
-3.31665833,0.36471307,0.00243572,0.00000000,0.00020138,0.03551737,0.12739863,0.14058763,0.19408361,0.00000000
-3.31065533,0.34060018,0.00227283,0.00000000,0.00018649,0.03261434,0.11829630,0.13312163,0.17859870,0.00000000
-3.30465233,0.31767486,0.00211863,0.00000000,0.00017161,0.02975361,0.10945357,0.12621874,0.16354804,0.00000000
-3.29864932,0.29617334,0.00197461,0.00000000,0.00015695,0.02696496,0.10097096,0.11996681,0.14906669,0.00000000
-3.29264632,0.27629526,0.00184200,0.00000000,0.00014269,0.02427493,0.09293598,0.11443754,0.13527364,0.00000000
-3.28664332,0.25819743,0.00172174,0.00000000,0.00012900,0.02170639,0.08542109,0.10968364,0.12226893,0.00000000
-3.28064032,0.24198943,0.00161447,0.00000000,0.00011602,0.01927811,0.07848225,0.10573674,0.11013160,0.00000000
-3.27463732,0.22773101,0.00152051,0.00000000,0.00010385,0.01700464,0.07215823,0.10260620,0.09891860,0.00000000
-3.26863432,0.21543145,0.00143985,0.00000000,0.00009257,0.01489629,0.06647046,0.10027868,0.08866459,0.00000000
-3.26263132,0.20505088,0.00137213,0.00000000,0.00008223,0.01295928,0.06142358,0.09871871,0.07938251,0.00000000
-3.25662831,0.19650320,0.00131675,0.00000000,0.00007285,0.01119597,0.05700652,0.09786995,0.07106497,0.00000000
-3.25062531,0.18966076,0.00127278,0.00000000,0.00006443,0.00960527,0.05319406,0.09765736,0.06368616,0.00000000
-3.24462231,0.18436022,0.00123909,0.00000000,0.00005695,0.00818308,0.04994881,0.09798997,0.05720436,0.00000000
-3.23861931,0.18040962,0.00121437,0.00000000,0.00005038,0.00692275,0.04722345,0.09876425,0.05156467,0.00000000
-3.23261631,0.17759618,0.00119715,0.00000000,0.00004465,0.00581561,0.04496319,0.09986802,0.04670202,0.00000000
-3.22661331,0.17569464,0.00118591,0.00000000,0.00003971,0.00485149,0.04310831,0.10118456,0.04254422,0.00000000
-3.22061031,0.17447576,0.00117910,0.00000000,0.00003548,0.00401918,0.04159676,0.10259705,0.03901498,0.00000000
-3.21460730,0.17371478,0.00117518,0.00000000,0.00003191,0.00330691,0.04036664,0.10399295,0.03603673,0.00000000
-3.20860430,0.17319953,0.00117273,0.00000000,0.00002890,0.00270273,0.03935853,0.10526839,0.03353330,0.00000000
-3.20260130,0.17273799,0.00117045,0.00000000,0.00002641,0.00219485,0.03851773,0.10633220,0.03143226,0.00000000
-3.19659830,0.17216504,0.00116723,0.00000000,0.00002437,0.00177195,0.03779614,0.10710980,0.02966692,0.00000000
-3.19059530,0.17134837,0.00116216,0.00000000,0.00002272,0.00142336,0.03715394,0.10754647,0.02817802,0.00000000
-3.18459230,0.17019324,0.00115460,0.00000000,0.00002143,0.00113927,0.03656095,0.10761020,0.02691503,0.00000000
-3.17858929,0.16864626,0.00114417,0.00000000,0.00002045,0.00091083,0.03599777,0.10729392,0.02583719,0.00000000
-3.17258629,0.16669793,0.00113080,0.00000000,0.00001978,0.00073021,0.03545651,0.10661719,0.02491410,0.00000000
-3.16658329,0.16438408,0.00111471,0.00000000,0.00001941,0.00059065,0.03494133,0.10562710,0.02412614,0.00000000
-3.16058029,0.16178619,0.00109640,0.00000000,0.00001935,0.00048645,0.03446868,0.10439868,0.02346450,0.00000000
-3.15457729,0.15903071,0.00107669,0.00000000,0.00001962,0.00041295,0.03406729,0.10303465,0.02293113,0.00000000
-3.14857429,0.15628731,0.00105665,0.00000000,0.00002028,0.00036649,0.03377792,0.10166450,0.02253834,0.00000000
-3.14257129,0.15376636,0.00103765,0.00000000,0.00002138,0.00034436,0.03365286,0.10044311,0.02230828,0.00000000
-3.13656828,0.15171555,0.00102124,0.00000000,0.00002300,0.00034474,0.03375533,0.09954883,0.02227234,0.00000000
-3.13056528,0.15041574,0.00100923,0.00000000,0.00002524,0.00036661,0.03415854,0.09918102,0.02247028,0.00000000
-3.12456228,0.15017627,0.00100355,0.00000000,0.00002822,0.00040972,0.03494466,0.09955715,0.02294936,0.00000000
-3.11855928,0.15132957,0.00100630,0.00000000,0.00003206,0.00047448,0.03620354,0.10090952,0.02376327,0.00000000
-3.11255628,0.15422518,0.00101964,0.00000000,0.00003693,0.00056189,0.03803124,0.10348146,0.02497102,0.00000000
-3.10655328,0.15922328,0.00104580,0.00000000,0.00004299,0.00067349,0.04052838,0.10752318,0.02663562,0.00000000
-3.10055028,0.16668763,0.00108698,0.00000000,0.00005043,0.00081124,0.04379816,0.11328717,0.02882271,0.00000000
-3.09454727,0.17697798,0.00114535,0.00000000,0.00005944,0.00097743,0.04794435,0.12102319,0.03159904,0.00000000
-3.08854427,0.19044199,0.00122296,0.00000000,0.00007025,0.00117462,0.05306884,0.13097292,0.03503079,0.00000000
-3.08254127,0.20740665,0.00132170,0.00000000,0.00008308,0.00140549,0.05926913,0.14336420,0.03918186,0.00000000
-3.07653827,0.22816939,0.00144323,0.00000000,0.00009816,0.00167275,0.06663560,0.15840504,0.04411193,0.00000000
-3.07053527,0.25298893,0.00158894,0.00000000,0.00011574,0.00197905,0.07524861,0.17627744,0.04987460,0.00000000
-3.06453227,0.28207607,0.00175990,0.00000000,0.00013605,0.00232680,0.08517560,0.19713116,0.05651533,0.00000000
-3.05852926,0.31558471,0.00195676,0.00000000,0.00015933,0.00271807,0.09646813,0.22107760,0.06406955,0.00000000
-3.05252626,0.35360336,0.00217976,0.00000000,0.00018581,0.00315448,0.10915909,0.24818407,0.07256076,0.00000000
-3.04652326,0.39614748,0.00242864,0.00000000,0.00021571,0.00363707,0.12326013,0.27846857,0.08199879,0.00000000
-3.04052026,0.44315301,0.00270263,0.00000000,0.00024924,0.00416614,0.13875938,0.31189545,0.09237837,0.00000000
-3.03451726,0.49447157,0.00300042,0.00000000,0.00028658,0.00474124,0.15561977,0.34837210,0.10367789,0.00000000
-3.02851426,0.54986750,0.00332014,0.00000000,0.00032788,0.00536102,0.17377778,0.38774699,0.11585867,0.00000000
-3.02251126,0.60901728,0.00365940,0.00000000,0.00037326,0.00602318,0.19314303,0.42980922,0.12886458,0.00000000
-3.01650825,0.67151134,0.00401525,0.00000000,0.00042281,0.00672449,0.21359855,0.47428972,0.14262223,0.00000000
-3.01050525,0.73685863,0.00438428,0.00000000,0.00047659,0.00746072,0.23500191,0.52086424,0.15704164,0.00000000
-3.00450225,0.80449375,0.00476264,0.00000000,0.00053460,0.00822676,0.25718710,0.56915807,0.17201746,0.00000000
-2.99849925,0.87378674,0.00514613,0.00000000,0.00059678,0.00901661,0.27996731,0.61875239,0.18743068,0.00000000
-2.99249625,0.94405508,0.00553027,0.00000000,0.00066306,0.00982352,0.30313826,0.66919218,0.20315083,0.00000000
-2.98649325,1.01457765,0.00591040,0.00000000,0.00073325,0.01064014,0.32648227,0.71999522,0.21903849,0.00000000
-2.98049025,1.08461014,0.00628181,0.00000000,0.00080716,0.01145864,0.34977265,0.77066208,0.23494814,0.00000000
-2.97448724,1.15340118,0.00663982,0.00000000,0.00088450,0.01227087,0.37277836,0.82068648,0.25073117,0.00000000
-2.96848424,1.22020884,0.00697992,0.00000000,0.00096491,0.01306863,0.39526880,0.86956583,0.26623891,0.00000000
-2.96248124,1.28431652,0.00729784,0.00000000,0.00104796,0.01384376,0.41701839,0.91681131,0.28132564,0.00000000
-2.95647824,1.34504786,0.00758968,0.00000000,0.00113316,0.01458844,0.43781089,0.96195732,0.29585141,0.00000000
-2.95047524,1.40178010,0.00785196,0.00000000,0.00121989,0.01529528,0.45744326,1.00456984,0.30968456,0.00000000
-2.94447224,1.45395535,0.00808174,0.00000000,0.00130751,0.01595758,0.47572897,1.04425351,0.32270403,0.00000000
-2.93846923,1.50108969,0.00827661,0.00000000,0.00139525,0.01656943,0.49250062,1.08065736,0.33480123,0.00000000
-2.93246623,1.54277981,0.00843475,0.00000000,0.00148228,0.01712589,0.50761203,1.11347907,0.34588158,0.00000000
-2.92646323,1.57870733,0.00855494,0.00000000,0.00156770,0.01762311,0.52093963,1.14246785,0.35586575,0.00000000
-2.92046023,1.60864104,0.00863654,0.00000000,0.00165052,0.01805844,0.53238327,1.16742619,0.36469059,0.00000000
-2.91445723,1.63243722,0.00867949,0.00000000,0.00172972,0.01843047,0.54186677,1.18821062,0.37230992,0.00000000
-2.90845423,1.65003857,0.00868424,0.00000000,0.00180423,0.01873918,0.54933797,1.20473182,0.37869512,0.00000000
-2.90245123,1.66147218,0.00865173,0.00000000,0.00187298,0.01898596,0.55476871,1.21695428,0.38383573,0.00000000
-2.89644822,1.66684683,0.00858332,0.00000000,0.00193487,0.01917369,0.55815478,1.22489588,0.38774003,0.00000000
-2.89044522,1.66635018,0.00848073,0.00000000,0.00198887,0.01930678,0.55951584,1.22862747,0.39043568,0.00000000
-2.88444222,1.66024594,0.00834602,0.00000000,0.00203399,0.01939121,0.55889547,1.22827264,0.39197042,0.00000000
-2.87843922,1.64887126,0.00818148,0.00000000,0.00206932,0.01943463,0.55636141,1.22400762,0.39241275,0.00000000
-2.87243622,1.63263437,0.00798963,0.00000000,0.00209409,0.01944632,0.55200572,1.21606125,0.39185270,0.00000000
-2.86643322,1.61201213,0.00777316,0.00000000,0.00210767,0.01943730,0.54594512,1.20471487,0.39040230,0.00000000
-2.86043022,1.58754753,0.00753489,0.00000000,0.00210959,0.01942029,0.53832102,1.19030167,0.38819591,0.00000000
-2.85442721,1.55984642,0.00727775,0.00000000,0.00209960,0.01940972,0.52929942,1.17320537,0.38539016,0.00000000
-2.84842421,1.52957329,0.00700476,0.00000000,0.00207764,0.01942167,0.51907025,1.15385778,0.38216321,0.00000000
-2.84242121,1.49744553,0.00671898,0.00000000,0.00204387,0.01947381,0.50784614,1.13273480,0.37871348,0.00000000
-2.83641821,1.46422584,0.00642354,0.00000000,0.00199867,0.01958518,0.49586041,1.11035078,0.37525749,0.00000000
-2.83041521,1.43071239,0.00612156,0.00000000,0.00194265,0.01977608,0.48336421,1.08725086,0.37202678,0.00000000
-2.82441221,1.39772665,0.00581618,0.00000000,0.00187661,0.02006771,0.47062270,1.06400130,0.36926398,0.00000000
-2.81840920,1.36609874,0.00551048,0.00000000,0.00180152,0.02048184,0.45791032,1.04117797,0.36721790,0.00000000
-2.81240620,1.33665069,0.00520751,0.00000000,0.00171854,0.02104039,0.44550525,1.01935295,0.36613778,0.00000000
-2.80640320,1.31017768,0.00491020,0.00000000,0.00162892,0.02176487,0.43368305,0.99908000,0.36626680,0.00000000
-2.80040020,1.28742805,0.00462135,0.00000000,0.00153403,0.02267587,0.42270989,0.98087903,0.36783508,0.00000000
-2.79439720,1.26908260,0.00434355,0.00000000,0.00143525,0.02379237,0.41283542,0.96522044,0.37105234,0.00000000
-2.78839420,1.25573406,0.00407922,0.00000000,0.00133401,0.02513106,0.40428565,0.95250991,0.37610047,0.00000000
-2.78239120,1.24786750,0.00383046,0.00000000,0.00123169,0.02670567,0.39725617,0.94307425,0.38312639,0.00000000
-2.77638819,1.24584273,0.00359910,0.00000000,0.00112963,0.02852624,0.39190589,0.93714921,0.39223536,0.00000000
-2.77038519,1.24987930,0.00338661,0.00000000,0.00102906,0.03059843,0.38835173,0.93486966,0.40348518,0.00000000
-2.76438219,1.26004508,0.00319410,0.00000000,0.00093111,0.03292292,0.38666441,0.93626280,0.41688144,0.00000000
-2.75837919,1.27624899,0.00302229,0.00000000,0.00083674,0.03549487,0.38686556,0.94124475,0.43237411,0.00000000
-2.75237619,1.29823823,0.00287151,0.00000000,0.00074680,0.03830350,0.38892632,0.94962080,0.44985568,0.00000000
-2.74637319,1.32560055,0.00274171,0.00000000,0.00066194,0.04133181,0.39276757,0.96108939,0.46916100,0.00000000
-2.74037019,1.35777149,0.00263245,0.00000000,0.00058268,0.04455650,0.39826166,0.97524968,0.49006885,0.00000000
-2.73436718,1.39404641,0.00254294,0.00000000,0.00050935,0.04794803,0.40523570,0.99161262,0.51230539,0.00000000
-2.72836418,1.43359725,0.00247207,0.00000000,0.00044216,0.05147096,0.41347636,1.00961500,0.53554930,0.00000000
-2.72236118,1.47549322,0.00241846,0.00000000,0.00038115,0.05508441,0.42273580,1.02863591,0.55943857,0.00000000
-2.71635818,1.51872496,0.00238049,0.00000000,0.00032626,0.05874282,0.43273875,1.04801522,0.58357879,0.00000000
-2.71035518,1.56223125,0.00235636,0.00000000,0.00027732,0.06239683,0.44319029,1.06707310,0.60755263,0.00000000
-2.70435218,1.60492738,0.00234413,0.00000000,0.00023406,0.06599439,0.45378415,1.08513012,0.63093021,0.00000000
-2.69834917,1.64573418,0.00234181,0.00000000,0.00019616,0.06948198,0.46421125,1.10152693,0.65328004,0.00000000
-2.69234617,1.68360676,0.00234737,0.00000000,0.00016324,0.07280592,0.47416807,1.11564307,0.67418026,0.00000000
-2.68634317,1.71756179,0.00235880,0.00000000,0.00013488,0.07591375,0.48336469,1.12691403,0.69322949,0.00000000
-2.68034017,1.74670262,0.00237419,0.00000000,0.00011066,0.07875563,0.49153210,1.13484615,0.71005728,0.00000000
-2.67433717,1.77024114,0.00239169,0.00000000,0.00009014,0.08128561,0.49842867,1.13902877,0.72433345,0.00000000
-2.66833417,1.78751590,0.00240961,0.00000000,0.00007291,0.08346287,0.50384554,1.13914336,0.73577623,0.00000000
-2.66233117,1.79800573,0.00242643,0.00000000,0.00005855,0.08525277,0.50761072,1.13496941,0.74415876,0.00000000
-2.65632816,1.80133871,0.00244078,0.00000000,0.00004669,0.08662768,0.50959196,1.12638692,0.74931382,0.00000000
-2.65032516,1.79729616,0.00245149,0.00000000,0.00003696,0.08756761,0.50969821,1.11337570,0.75113661,0.00000000
-2.64432216,1.78581188,0.00245757,0.00000000,0.00002905,0.08806055,0.50787986,1.09601150,0.74958556,0.00000000
-2.63831916,1.76696675,0.00245822,0.00000000,0.00002267,0.08810259,0.50412765,1.07445944,0.74468118,0.00000000
-2.63231616,1.74097934,0.00245282,0.00000000,0.00001757,0.08769775,0.49847064,1.04896513,0.73650319,0.00000000
-2.62631316,1.70819297,0.00244091,0.00000000,0.00001352,0.08685754,0.49097315,1.01984382,0.72518591,0.00000000
-2.62031016,1.66906003,0.00242222,0.00000000,0.00001032,0.08560040,0.48173103,0.98746840,0.71091245,0.00000000
-2.61430715,1.62412446,0.00239659,0.00000000,0.00000783,0.08395085,0.47086750,0.95225655,0.69390780,0.00000000
-2.60830415,1.57400305,0.00236402,0.00000000,0.00000589,0.08193860,0.45852864,0.91465775,0.67443135,0.00000000
-2.60230115,1.51936661,0.00232463,0.00000000,0.00000441,0.07959752,0.44487886,0.87514062,0.65276897,0.00000000
-2.59629815,1.46092153,0.00227863,0.00000000,0.00000327,0.07696457,0.43009647,0.83418108,0.62922525,0.00000000
-2.59029515,1.39939257,0.00222635,0.00000000,0.00000241,0.07407881,0.41436952,0.79225157,0.60411592,0.00000000
-2.58429215,1.33550728,0.00216822,0.00000000,0.00000176,0.07098034,0.39789202,0.74981180,0.57776095,0.00000000
-2.57828914,1.26998245,0.00210475,0.00000000,0.00000128,0.06770946,0.38086061,0.70730101,0.55047831,0.00000000
-2.57228614,1.20351275,0.00203651,0.00000000,0.00000092,0.06430580,0.36347167,0.66513190,0.52257865,0.00000000
-2.56628314,1.13676163,0.00196418,0.00000000,0.00000066,0.06080766,0.34591886,0.62368616,0.49436090,0.00000000
-2.56028014,1.07035431,0.00188846,0.00000000,0.00000047,0.05725149,0.32839114,0.58331147,0.46610872,0.00000000
-2.55427714,1.00487280,0.00181015,0.00000000,0.00000034,0.05367139,0.31107100,0.54431978,0.43808786,0.00000000
-2.54827414,0.94085237,0.00173007,0.00000000,0.00000024,0.05009890,0.29413298,0.50698662,0.41054422,0.00000000
-2.54227114,0.87877949,0.00164907,0.00000000,0.00000017,0.04656270,0.27774233,0.47155130,0.38370254,0.00000000
-2.53626813,0.81909055,0.00156806,0.00000000,0.00000012,0.04308859,0.26205376,0.43821749,0.35776553,0.00000000
-2.53026513,0.76217130,0.00148793,0.00000000,0.00000009,0.03969942,0.24721010,0.40715425,0.33291337,0.00000000
-2.52426213,0.70835660,0.00140956,0.00000000,0.00000007,0.03641511,0.23334106,0.37849713,0.30930344,0.00000000
-2.51825913,0.65793034,0.00133382,0.00000000,0.00000007,0.03325272,0.22056177,0.35234921,0.28707011,0.00000000
-2.51225613,0.61112542,0.00126153,0.00000000,0.00000007,0.03022656,0.20897148,0.32878213,0.26632472,0.00000000
-2.50625313,0.56812377,0.00119345,0.00000000,0.00000008,0.02734828,0.19865212,0.30783691,0.24715549,0.00000000
-2.50025013,0.52905647,0.00113028,0.00000000,0.00000010,0.02462699,0.18966703,0.28952469,0.22962758,0.00000000
-2.49424712,0.49400403,0.00107261,0.00000000,0.00000014,0.02206943,0.18205985,0.27382746,0.21378318,0.00000000
-2.48824412,0.46299713,0.00102096,0.00000000,0.00000018,0.01968001,0.17585368,0.26069883,0.19964178,0.00000000
-2.48224112,0.43601780,0.00097573,0.00000000,0.00000025,0.01746106,0.17105054,0.25006501,0.18720060,0.00000000
-2.47623812,0.41300144,0.00093725,0.00000000,0.00000034,0.01541291,0.16763136,0.24182602,0.17643534,0.00000000
-2.47023512,0.39383958,0.00090573,0.00000000,0.00000047,0.01353403,0.16555638,0.23585740,0.16730120,0.00000000
-2.46423212,0.37838372,0.00088133,0.00000000,0.00000064,0.01182128,0.16476613,0.23201231,0.15973428,0.00000000
-2.45822911,0.36645010,0.00086414,0.00000000,0.00000086,0.01027002,0.16518284,0.23012416,0.15365332,0.00000000
-2.45222611,0.35782542,0.00085421,0.00000000,0.00000115,0.00887432,0.16671252,0.23000973,0.14896178,0.00000000
-2.44622311,0.35227346,0.00085161,0.00000000,0.00000154,0.00762720,0.16924726,0.23147280,0.14555029,0.00000000
-2.44022011,0.34954238,0.00085640,0.00000000,0.00000205,0.00652083,0.17266804,0.23430807,0.14329928,0.00000000
-2.43421711,0.34937235,0.00086874,0.00000000,0.00000271,0.00554676,0.17684770,0.23830537,0.14208177,0.00000000
-2.42821411,0.35150352,0.00088887,0.00000000,0.00000356,0.00469613,0.18165399,0.24325396,0.14176629,0.00000000
-2.42221111,0.35568371,0.00091717,0.00000000,0.00000465,0.00395995,0.18695267,0.24894679,0.14221965,0.00000000
-2.41620810,0.36167574,0.00095419,0.00000000,0.00000604,0.00332928,0.19261039,0.25518444,0.14330967,0.00000000
-2.41020510,0.36926399,0.00100066,0.00000000,0.00000780,0.00279545,0.19849733,0.26177881,0.14490759,0.00000000
-2.40420210,0.37826002,0.00105754,0.00000000,0.00001003,0.00235029,0.20448947,0.26855621,0.14689020,0.00000000
-2.39819910,0.38850700,0.00112601,0.00000000,0.00001284,0.00198629,0.21047050,0.27535989,0.14914155,0.00000000
-2.39219610,0.39988278,0.00120748,0.00000000,0.00001633,0.00169680,0.21633317,0.28205190,0.15155432,0.00000000
-2.38619310,0.41230159,0.00130358,0.00000000,0.00002067,0.00147614,0.22198029,0.28851427,0.15403072,0.00000000
-2.38019010,0.42571438,0.00141615,0.00000000,0.00002603,0.00131978,0.22732520,0.29464954,0.15648297,0.00000000
-2.37418709,0.44010770,0.00154721,0.00000000,0.00003261,0.00122443,0.23229201,0.30038071,0.15883348,0.00000000
-2.36818409,0.45550150,0.00169889,0.00000000,0.00004064,0.00118814,0.23681537,0.30565067,0.16101470,0.00000000
-2.36218109,0.47194576,0.00187342,0.00000000,0.00005038,0.00121038,0.24084018,0.31042125,0.16296874,0.00000000
-2.35617809,0.48951634,0.00207304,0.00000000,0.00006214,0.00129210,0.24432114,0.31467198,0.16464684,0.00000000
-2.35017509,0.50831014,0.00229994,0.00000000,0.00007623,0.00143575,0.24722220,0.31839869,0.16600877,0.00000000
-2.34417209,0.52843986,0.00255618,0.00000000,0.00009304,0.00164531,0.24951618,0.32161206,0.16702219,0.00000000
-2.33816908,0.55002852,0.00284361,0.00000000,0.00011294,0.00192623,0.25118442,0.32433617,0.16766212,0.00000000
-2.33216608,0.57320392,0.00316380,0.00000000,0.00013637,0.00228544,0.25221651,0.32660710,0.16791045,0.00000000
-2.32616308,0.59809320,0.00351795,0.00000000,0.00016377,0.00273119,0.25261025,0.32847164,0.16775552,0.00000000
-2.32016008,0.62481752,0.00390684,0.00000000,0.00019562,0.00327293,0.25237170,0.32998602,0.16719188,0.00000000
-2.31415708,0.65348708,0.00433073,0.00000000,0.00023237,0.00392116,0.25151519,0.33121467,0.16622014,0.00000000
-2.30815408,0.68419623,0.00478934,0.00000000,0.00027449,0.00468709,0.25006348,0.33222898,0.16484677,0.00000000
-2.30215108,0.71701896,0.00528181,0.00000000,0.00032243,0.00558243,0.24804774,0.33310585,0.16308407,0.00000000
-2.29614807,0.75200447,0.00580663,0.00000000,0.00037660,0.00661890,0.24550747,0.33392613,0.16095002,0.00000000
-2.29014507,0.78917293,0.00636169,0.00000000,0.00043735,0.00780790,0.24249011,0.33477269,0.15846809,0.00000000
-2.28414207,0.82851141,0.00694424,0.00000000,0.00050497,0.00915991,0.23905048,0.33572829,0.15566692,0.00000000
-2.27813907,0.86996982,0.00755092,0.00000000,0.00057963,0.01068402,0.23524987,0.33687308,0.15257990,0.00000000
-2.27213607,0.91345712,0.00817780,0.00000000,0.00066139,0.01238726,0.23115476,0.33828174,0.14924453,0.00000000
-2.26613307,0.95883762,0.00882042,0.00000000,0.00075020,0.01427404,0.22683539,0.34002050,0.14570168,0.00000000
-2.26013007,1.00592781,0.00947384,0.00000000,0.00084582,0.01634554,0.22236389,0.34214400,0.14199463,0.00000000
-2.25412706,1.05449353,0.01013273,0.00000000,0.00094786,0.01859910,0.21781232,0.34469209,0.13816807,0.00000000
-2.24812406,1.10424812,0.01079144,0.00000000,0.00105574,0.02102773,0.21325060,0.34768697,0.13426693,0.00000000
-2.24212106,1.15485152,0.01144406,0.00000000,0.00116868,0.02361965,0.20874440,0.35113061,0.13033521,0.00000000
-2.23611806,1.20591078,0.01208454,0.00000000,0.00128574,0.02635802,0.20435311,0.35500279,0.12641485,0.00000000
-2.23011506,1.25698220,0.01270677,0.00000000,0.00140579,0.02922077,0.20012808,0.35925994,0.12254467,0.00000000
-2.22411206,1.30757545,0.01330467,0.00000000,0.00152753,0.03218064,0.19611110,0.36383491,0.11875941,0.00000000
-2.21810905,1.35715986,0.01387228,0.00000000,0.00164953,0.03520541,0.19233331,0.36863778,0.11508898,0.00000000
-2.21210605,1.40517294,0.01440386,0.00000000,0.00177027,0.03825832,0.18881458,0.37355787,0.11155795,0.00000000
-2.20610305,1.45103132,0.01489401,0.00000000,0.00188814,0.04129880,0.18556332,0.37846687,0.10818528,0.00000000
-2.20010005,1.49414382,0.01533774,0.00000000,0.00200153,0.04428330,0.18257691,0.38322303,0.10498432,0.00000000
-2.19409705,1.53392655,0.01573053,0.00000000,0.00210885,0.04716638,0.17984252,0.38767647,0.10196309,0.00000000
-2.18809405,1.56981960,0.01606850,0.00000000,0.00220861,0.04990193,0.17733852,0.39167513,0.09912481,0.00000000
-2.18209105,1.60130472,0.01634840,0.00000000,0.00229945,0.05244457,0.17503619,0.39507139,0.09646868,0.00000000
-2.17608804,1.62792344,0.01656777,0.00000000,0.00238019,0.05475103,0.17290181,0.39772886,0.09399090,0.00000000
-2.17008504,1.64929473,0.01672492,0.00000000,0.00244992,0.05678162,0.17089895,0.39952923,0.09168577,0.00000000
-2.16408204,1.66513148,0.01681904,0.00000000,0.00250797,0.05850165,0.16899093,0.40037857,0.08954698,0.00000000
-2.15807904,1.67525497,0.01685024,0.00000000,0.00255399,0.05988270,0.16714322,0.40021306,0.08756895,0.00000000
-2.15207604,1.67960643,0.01681950,0.00000000,0.00258796,0.06090377,0.16532583,0.39900359,0.08574812,0.00000000
-2.14607304,1.67825504,0.01672875,0.00000000,0.00261018,0.06155218,0.16351545,0.39675913,0.08408430,0.00000000
-2.14007004,1.67140185,0.01658080,0.00000000,0.00262127,0.06182421,0.16169733,0.39352856,0.08258184,0.00000000
-2.13406703,1.65937910,0.01637928,0.00000000,0.00262215,0.06172551,0.15986684,0.38940096,0.08125074,0.00000000
-2.12806403,1.64264486,0.01612862,0.00000000,0.00261401,0.06127108,0.15803062,0.38450411,0.08010759,0.00000000
-2.12206103,1.62177309,0.01583393,0.00000000,0.00259824,0.06048504,0.15620728,0.37900152,0.07917627,0.00000000
-2.11605803,1.59743922,0.01550086,0.00000000,0.00257640,0.05940000,0.15442770,0.37308780,0.07848853,0.00000000
-2.11005503,1.57040205,0.01513555,0.00000000,0.00255016,0.05805626,0.15273488,0.36698283,0.07808433,0.00000000
-2.10405203,1.54148253,0.01474443,0.00000000,0.00252121,0.05650066,0.15118339,0.36092479,0.07801186,0.00000000
-2.09804902,1.51154038,0.01433410,0.00000000,0.00249120,0.05478525,0.14983844,0.35516253,0.07832748,0.00000000
-2.09204602,1.48144971,0.01391119,0.00000000,0.00246170,0.05296586,0.14877463,0.34994751,0.07909527,0.00000000
-2.08604302,1.45207445,0.01348226,0.00000000,0.00243412,0.05110055,0.14807443,0.34552572,0.08038644,0.00000000
-2.08004002,1.42424507,0.01305360,0.00000000,0.00240967,0.04924802,0.14782646,0.34212996,0.08227840,0.00000000
-2.07403702,1.39873727,0.01263123,0.00000000,0.00238935,0.04746604,0.14812358,0.33997279,0.08485366,0.00000000
-2.06803402,1.37625377,0.01222071,0.00000000,0.00237388,0.04580998,0.14906091,0.33924043,0.08819835,0.00000000
-2.06203102,1.35740988,0.01182718,0.00000000,0.00236374,0.04433147,0.15073373,0.34008792,0.09240056,0.00000000
-2.05602801,1.34272330,0.01145527,0.00000000,0.00235918,0.04307715,0.15323540,0.34263560,0.09754834,0.00000000
-2.05002501,1.33260848,0.01110913,0.00000000,0.00236022,0.04208767,0.15665530,0.34696723,0.10372744,0.00000000
-2.04402201,1.32737555,0.01079241,0.00000000,0.00236671,0.04139686,0.16107673,0.35312940,0.11101879,0.00000000
-2.03801901,1.32723357,0.01050837,0.00000000,0.00237837,0.04103114,0.16657495,0.36113267,0.11949571,0.00000000
-2.03201601,1.33229755,0.01025987,0.00000000,0.00239487,0.04100905,0.17321519,0.37095383,0.12922098,0.00000000
-2.02601301,1.34259869,0.01004948,0.00000000,0.00241587,0.04134113,0.18105088,0.38253940,0.14024372,0.00000000
-2.02001001,1.35809681,0.00987956,0.00000000,0.00244110,0.04202987,0.19012183,0.39581011,0.15259625,0.00000000
-2.01400700,1.37869424,0.00975228,0.00000000,0.00247044,0.04306992,0.20045268,0.41066586,0.16629100,0.00000000
-2.00800400,1.40424989,0.00966973,0.00000000,0.00250392,0.04444843,0.21205142,0.42699109,0.18131756,0.00000000
-2.00200100,1.43459273,0.00963392,0.00000000,0.00254184,0.04614560,0.22490811,0.44466013,0.19764013,0.00000000
-1.99599800,1.46953361,0.00964680,0.00000000,0.00258475,0.04813533,0.23899387,0.46354220,0.21519534,0.00000000
-1.98999500,1.50887473,0.00971025,0.00000000,0.00263346,0.05038600,0.25426011,0.48350586,0.23389072,0.00000000
-1.98399200,1.55241596,0.00982603,0.00000000,0.00268909,0.05286139,0.27063804,0.50442258,0.25360391,0.00000000
-1.97798899,1.59995780,0.00999569,0.00000000,0.00275298,0.05552170,0.28803860,0.52616923,0.27418276,0.00000000
-1.97198599,1.65130064,0.01022046,0.00000000,0.00282669,0.05832463,0.30635269,0.54862944,0.29544630,0.00000000
-1.96598299,1.70624051,0.01050113,0.00000000,0.00291191,0.06122652,0.32545184,0.57169367,0.31718687,0.00000000
-1.95997999,1.76456150,0.01083788,0.00000000,0.00301040,0.06418357,0.34518935,0.59525809,0.33917307,0.00000000
-1.95397699,1.82602556,0.01123012,0.00000000,0.00312385,0.06715307,0.36540177,0.61922225,0.36115390,0.00000000
-1.94797399,1.89036034,0.01167635,0.00000000,0.00325385,0.07009456,0.38591078,0.64348585,0.38286358,0.00000000
-1.94197099,1.95724601,0.01217397,0.00000000,0.00340168,0.07297102,0.40652550,0.66794473,0.40402724,0.00000000
-1.93596798,2.02630205,0.01271919,0.00000000,0.00356829,0.07574991,0.42704508,0.69248639,0.42436714,0.00000000
-1.92996498,2.09707519,0.01330692,0.00000000,0.00375411,0.07840417,0.44726150,0.71698549,0.44360916,0.00000000
-1.92396198,2.16902936,0.01393072,0.00000000,0.00395902,0.08091297,0.46696265,0.74129946,0.46148938,0.00000000
-1.91795898,2.24153891,0.01458281,0.00000000,0.00418223,0.08326236,0.48593548,0.76526488,0.47776057,0.00000000
-1.91195598,2.31388561,0.01525412,0.00000000,0.00442222,0.08544555,0.50396917,0.78869470,0.49219811,0.00000000
-1.90595298,2.38526037,0.01593440,0.00000000,0.00467676,0.08746310,0.52085834,0.81137683,0.50460532,0.00000000
-1.89994997,2.45476992,0.01661242,0.00000000,0.00494284,0.08932272,0.53640612,0.83307424,0.51481793,0.00000000
-1.89394697,2.52144859,0.01727618,0.00000000,0.00521675,0.09103878,0.55042716,0.85352674,0.52270750,0.00000000
-1.88794397,2.58427522,0.01791320,0.00000000,0.00549414,0.09263161,0.56275042,0.87245461,0.52818371,0.00000000
-1.88194097,2.64219450,0.01851081,0.00000000,0.00577013,0.09412643,0.57322175,0.88956403,0.53119549,0.00000000
-1.87593797,2.69414232,0.01905653,0.00000000,0.00603942,0.09555213,0.58170637,0.90455408,0.53173100,0.00000000
-1.86993497,2.73907404,0.01953838,0.00000000,0.00629644,0.09693978,0.58809100,0.91712534,0.52981652,0.00000000
-1.86393197,2.77599462,0.01994527,0.00000000,0.00653558,0.09832100,0.59228586,0.92698956,0.52551432,0.00000000
-1.85792896,2.80398940,0.02026729,0.00000000,0.00675134,0.09972633,0.59422644,0.93388001,0.51891979,0.00000000
-1.85192596,2.82225419,0.02049603,0.00000000,0.00693854,0.10118346,0.59387501,0.93756231,0.51015781,0.00000000
-1.84592296,2.83012344,0.02062483,0.00000000,0.00709251,0.10271566,0.59122187,0.93784494,0.49937878,0.00000000
-1.83991996,2.82709520,0.02064898,0.00000000,0.00720928,0.10434025,0.58628644,0.93458913,0.48675430,0.00000000
-1.83391696,2.81285184,0.02056584,0.00000000,0.00728576,0.10606741,0.57911793,0.92771764,0.47247281,0.00000000
-1.82791396,2.78727568,0.02037492,0.00000000,0.00731983,0.10789919,0.56979576,0.91722196,0.45673524,0.00000000
-1.82191096,2.75045877,0.02007787,0.00000000,0.00731050,0.10982894,0.55842959,0.90316759,0.43975100,0.00000000
-1.81590795,2.70270655,0.01967841,0.00000000,0.00725796,0.11184113,0.54515888,0.88569714,0.42173410,0.00000000
-1.80990495,2.64453514,0.01918219,0.00000000,0.00716356,0.11391162,0.53015206,0.86503103,0.40289979,0.00000000
-1.80390195,2.57666249,0.01859659,0.00000000,0.00702986,0.11600832,0.51360508,0.84146580,0.38346155,0.00000000
-1.79789895,2.49999374,0.01793052,0.00000000,0.00686050,0.11809232,0.49573948,0.81536990,0.36362848,0.00000000
-1.79189595,2.41560129,0.01719410,0.00000000,0.00666019,0.12011938,0.47679980,0.78717733,0.34360311,0.00000000
-1.78589295,2.32470047,0.01639837,0.00000000,0.00643446,0.12204176,0.45705049,0.75737901,0.32357955,0.00000000
-1.77988994,2.22862159,0.01555504,0.00000000,0.00618961,0.12381025,0.43677211,0.72651247,0.30374200,0.00000000
-1.77388694,2.12877928,0.01467610,0.00000000,0.00593243,0.12537638,0.41625705,0.69514995,0.28426339,0.00000000
-1.76788394,2.02664016,0.01377355,0.00000000,0.00567007,0.12669462,0.39580474,0.66388541,0.26530435,0.00000000
-1.76188094,1.92368974,0.01285917,0.00000000,0.00540979,0.12772454,0.37571630,0.63332071,0.24701225,0.00000000
-1.75587794,1.82139945,0.01194418,0.00000000,0.00515873,0.12843276,0.35628897,0.60405138,0.22952034,0.00000000
-1.74987494,1.72119459,0.01103911,0.00000000,0.00492376,0.12879453,0.33781023,0.57665241,0.21294697,0.00000000
-1.74387194,1.62442397,0.01015356,0.00000000,0.00471124,0.12879498,0.32055172,0.55166419,0.19739489,0.00000000
-1.73786893,1.53233180,0.00929608,0.00000000,0.00452684,0.12842989,0.30476331,0.52957915,0.18295055,0.00000000
-1.73186593,1.44603247,0.00847407,0.00000000,0.00437542,0.12770587,0.29066725,0.51082929,0.16968346,0.00000000
-1.72586293,1.36648853,0.00769373,0.00000000,0.00426085,0.12664008,0.27845263,0.49577484,0.15764567,0.00000000
-1.71985993,1.29449240,0.00696003,0.00000000,0.00418596,0.12525934,0.26827046,0.48469444,0.14687131,0.00000000
-1.71385693,1.23065206,0.00627669,0.00000000,0.00415241,0.12359882,0.26022929,0.47777694,0.13737627,0.00000000
-1.70785393,1.17538094,0.00564628,0.00000000,0.00416069,0.12170023,0.25439180,0.47511524,0.12915815,0.00000000
-1.70185093,1.12889245,0.00507022,0.00000000,0.00421009,0.11960982,0.25077237,0.47670228,0.12219633,0.00000000
-1.69584792,1.09119900,0.00454893,0.00000000,0.00429873,0.11737601,0.24933580,0.48242946,0.11645242,0.00000000
-1.68984492,1.06211602,0.00408190,0.00000000,0.00442360,0.11504708,0.24999739,0.49208767,0.11187101,0.00000000
-1.68384192,1.04127074,0.00366781,0.00000000,0.00458066,0.11266888,0.25262441,0.50537115,0.10838074,0.00000000
-1.67783892,1.02811589,0.00330467,0.00000000,0.00476492,0.11028272,0.25703903,0.52188409,0.10589582,0.00000000
-1.67183592,1.02194808,0.00298993,0.00000000,0.00497060,0.10792358,0.26302271,0.54115031,0.10431789,0.00000000
-1.66583292,1.02193062,0.00272064,0.00000000,0.00519130,0.10561873,0.27032210,0.56262557,0.10353829,0.00000000
-1.65982991,1.02712033,0.00249357,0.00000000,0.00542014,0.10338686,0.27865616,0.58571264,0.10344065,0.00000000
-1.65382691,1.03649777,0.00230535,0.00000000,0.00564998,0.10123771,0.28772454,0.60977858,0.10390387,0.00000000
-1.64782391,1.04900002,0.00215257,0.00000000,0.00587361,0.09917226,0.29721681,0.63417399,0.10480519,0.00000000
-1.64182091,1.06355514,0.00203189,0.00000000,0.00608398,0.09718341,0.30682233,0.65825339,0.10602354,0.00000000
-1.63581791,1.07911714,0.00194019,0.00000000,0.00627435,0.09525718,0.31624044,0.68139635,0.10744286,0.00000000
-1.62981491,1.09470028,0.00187457,0.00000000,0.00643855,0.09337420,0.32519041,0.70302831,0.10895534,0.00000000
-1.62381191,1.10941141,0.00183252,0.00000000,0.00657108,0.09151159,0.33342103,0.72264042,0.11046446,0.00000000
-1.61780890,1.12247899,0.00181188,0.00000000,0.00666735,0.08964493,0.34071910,0.73980743,0.11188769,0.00000000
-1.61180590,1.13327764,0.00181096,0.00000000,0.00672370,0.08775026,0.34691667,0.75420291,0.11315874,0.00000000
-1.60580290,1.14134707,0.00182848,0.00000000,0.00673759,0.08580602,0.35189652,0.76561085,0.11422919,0.00000000
-1.59979990,1.14640441,0.00186361,0.00000000,0.00670759,0.08379481,0.35559566,0.77393320,0.11506950,0.00000000
-1.59379690,1.14834935,0.00191593,0.00000000,0.00663341,0.08170476,0.35800666,0.77919268,0.11566930,0.00000000
-1.58779390,1.14726168,0.00198539,0.00000000,0.00651591,0.07953060,0.35917653,0.78153070,0.11603681,0.00000000
-1.58179090,1.14339119,0.00207223,0.00000000,0.00635699,0.07727423,0.35920336,0.78120028,0.11619763,0.00000000
-1.57578789,1.13714029,0.00217692,0.00000000,0.00615949,0.07494489,0.35823069,0.77855415,0.11619273,0.00000000
-1.56978489,1.12903999,0.00230005,0.00000000,0.00592715,0.07255883,0.35643986,0.77402842,0.11607575,0.00000000
-1.56378189,1.11972027,0.00244221,0.00000000,0.00566434,0.07013853,0.35404067,0.76812259,0.11590987,0.00000000
-1.55777889,1.10987617,0.00260391,0.00000000,0.00537600,0.06771164,0.35126079,0.76137660,0.11576416,0.00000000
-1.55177589,1.10023103,0.00278544,0.00000000,0.00506739,0.06530950,0.34833435,0.75434596,0.11570977,0.00000000
-1.54577289,1.09149870,0.00298676,0.00000000,0.00474397,0.06296556,0.34549032,0.74757619,0.11581603,0.00000000
-1.53976988,1.08434633,0.00320742,0.00000000,0.00441118,0.06071364,0.34294121,0.74157759,0.11614669,0.00000000
-1.53376688,1.07935959,0.00344643,0.00000000,0.00407431,0.05858621,0.34087265,0.73680157,0.11675652,0.00000000
-1.52776388,1.07701188,0.00370223,0.00000000,0.00373836,0.05661274,0.33943428,0.73361965,0.11768831,0.00000000
-1.52176088,1.07763904,0.00397262,0.00000000,0.00340790,0.05481823,0.33873255,0.73230607,0.11897064,0.00000000
-1.51575788,1.08142063,0.00425478,0.00000000,0.00308700,0.05322206,0.33882570,0.73302485,0.12061633,0.00000000
-1.50975488,1.08836880,0.00454522,0.00000000,0.00277914,0.05183704,0.33972106,0.73582187,0.12262178,0.00000000
-1.50375188,1.09832502,0.00483989,0.00000000,0.00248717,0.05066895,0.34137506,0.74062226,0.12496714,0.00000000
-1.49774887,1.11096500,0.00513421,0.00000000,0.00221334,0.04971634,0.34369561,0.74723328,0.12761749,0.00000000
-1.49174587,1.12581133,0.00542322,0.00000000,0.00195924,0.04897072,0.34654702,0.75535244,0.13052471,0.00000000
-1.48574287,1.14225326,0.00570166,0.00000000,0.00172590,0.04841718,0.34975694,0.76458048,0.13363013,0.00000000
-1.47973987,1.15957259,0.00596416,0.00000000,0.00151378,0.04803516,0.35312514,0.77443851,0.13686780,0.00000000
-1.47373687,1.17697433,0.00620542,0.00000000,0.00132288,0.04779959,0.35643352,0.78438847,0.14016810,0.00000000
-1.46773387,1.19362067,0.00642034,0.00000000,0.00115277,0.04768215,0.35945698,0.79385601,0.14346162,0.00000000
-1.46173087,1.20866664,0.00660423,0.00000000,0.00100270,0.04765266,0.36197441,0.80225458,0.14668296,0.00000000
-1.45572786,1.22129560,0.00675297,0.00000000,0.00087166,0.04768045,0.36377939,0.80900967,0.14977436,0.00000000
-1.44972486,1.23075310,0.00686315,0.00000000,0.00075846,0.04773574,0.36468999,0.81358213,0.15268887,0.00000000
-1.44372186,1.23637740,0.00693221,0.00000000,0.00066177,0.04779090,0.36455717,0.81548949,0.15539286,0.00000000
-1.43771886,1.23762535,0.00695853,0.00000000,0.00058023,0.04782149,0.36327142,0.81432444,0.15786778,0.00000000
-1.43171586,1.23409254,0.00694150,0.00000000,0.00051248,0.04780708,0.36076735,0.80976966,0.16011099,0.00000000
-1.42571286,1.22552694,0.00688152,0.00000000,0.00045718,0.04773190,0.35702593,0.80160856,0.16213568,0.00000000
-1.41970985,1.21183559,0.00678001,0.00000000,0.00041308,0.04758508,0.35207451,0.78973145,0.16396970,0.00000000
-1.41370685,1.19308419,0.00663934,0.00000000,0.00037901,0.04736073,0.34598443,0.77413730,0.16565355,0.00000000
-1.40770385,1.16948997,0.00646276,0.00000000,0.00035393,0.04705767,0.33886671,0.75493095,0.16723752,0.00000000
-1.40170085,1.14140835,0.00625425,0.00000000,0.00033689,0.04667896,0.33086576,0.73231624,0.16877812,0.00000000
-1.39569785,1.10931428,0.00601840,0.00000000,0.00032705,0.04623122,0.32215182,0.70658561,0.17033406,0.00000000
-1.38969485,1.07377938,0.00576023,0.00000000,0.00032367,0.04572381,0.31291230,0.67810670,0.17196191,0.00000000
-1.38369185,1.03544616,0.00548503,0.00000000,0.00032611,0.04516787,0.30334267,0.64730683,0.17371182,0.00000000
-1.37768884,0.99500067,0.00519818,0.00000000,0.00033377,0.04457540,0.29363729,0.61465609,0.17562342,0.00000000
-1.37168584,0.95314487,0.00490496,0.00000000,0.00034612,0.04395831,0.28398073,0.58064994,0.17772225,0.00000000
-1.36568284,0.91057023,0.00461043,0.00000000,0.00036264,0.04332752,0.27453993,0.54579208,0.18001688,0.00000000
-1.35967984,0.86793354,0.00431926,0.00000000,0.00038283,0.04269229,0.26545767,0.51057837,0.18249689,0.00000000
-1.35367684,0.82583615,0.00403561,0.00000000,0.00040620,0.04205961,0.25684751,0.47548235,0.18513194,0.00000000
-1.34767384,0.78480725,0.00376309,0.00000000,0.00043222,0.04143388,0.24879051,0.44094297,0.18787191,0.00000000
-1.34167084,0.74529186,0.00350464,0.00000000,0.00046035,0.04081672,0.24133376,0.40735484,0.19064821,0.00000000
-1.33566783,0.70764382,0.00326255,0.00000000,0.00049001,0.04020708,0.23449074,0.37506126,0.19337613,0.00000000
-1.32966483,0.67212362,0.00303846,0.00000000,0.00052059,0.03960152,0.22824339,0.34434998,0.19595824,0.00000000
-1.32366183,0.63890113,0.00283336,0.00000000,0.00055145,0.03899466,0.22254572,0.31545178,0.19828855,0.00000000
-1.31765883,0.60806241,0.00264765,0.00000000,0.00058194,0.03837983,0.21732870,0.28854159,0.20025733,0.00000000
-1.31165583,0.57962027,0.00248125,0.00000000,0.00061139,0.03774976,0.21250604,0.26374181,0.20175626,0.00000000
-1.30565283,0.55352755,0.00233364,0.00000000,0.00063913,0.03709746,0.20798071,0.24112754,0.20268373,0.00000000
-1.29964982,0.52969233,0.00220398,0.00000000,0.00066452,0.03641694,0.20365159,0.22073315,0.20294991,0.00000000
-1.29364682,0.50799418,0.00209119,0.00000000,0.00068696,0.03570408,0.19942009,0.20255990,0.20248143,0.00000000
-1.28764382,0.48830031,0.00199410,0.00000000,0.00070588,0.03495724,0.19519626,0.18658399,0.20122538,0.00000000
-1.28164082,0.47048103,0.00191147,0.00000000,0.00072081,0.03417787,0.19090421,0.17276456,0.19915238,0.00000000
-1.27563782,0.45442342,0.00184211,0.00000000,0.00073135,0.03337091,0.18648654,0.16105139,0.19625870,0.00000000
-1.26963482,0.44004281,0.00178495,0.00000000,0.00073721,0.03254499,0.18190763,0.15139177,0.19256717,0.00000000
-1.26363182,0.42729134,0.00173909,0.00000000,0.00073821,0.03171241,0.17715559,0.14373629,0.18812695,0.00000000
-1.25762881,0.41616337,0.00170382,0.00000000,0.00073427,0.03088901,0.17224293,0.13804335,0.18301213,0.00000000
-1.25162581,0.40669751,0.00167865,0.00000000,0.00072546,0.03009368,0.16720598,0.13428213,0.17731927,0.00000000
-1.24562281,0.39897527,0.00166329,0.00000000,0.00071193,0.02934785,0.16210299,0.13243414,0.17116393,0.00000000
-1.23961981,0.39311655,0.00165768,0.00000000,0.00069398,0.02867466,0.15701124,0.13249312,0.16467654,0.00000000
-1.23361681,0.38927219,0.00166187,0.00000000,0.00067199,0.02809813,0.15202318,0.13446352,0.15799752,0.00000000
-1.22761381,0.38761410,0.00167606,0.00000000,0.00064645,0.02764217,0.14724192,0.13835765,0.15127222,0.00000000
-1.22161081,0.38832350,0.00170050,0.00000000,0.00061790,0.02732955,0.14277626,0.14419174,0.14464563,0.00000000
-1.21560780,0.39157798,0.00173542,0.00000000,0.00058699,0.02718090,0.13873549,0.15198107,0.13825727,0.00000000
-1.20960480,0.39753793,0.00178100,0.00000000,0.00055438,0.02721374,0.13522423,0.16173455,0.13223632,0.00000000
-1.20360180,0.40633321,0.00183726,0.00000000,0.00052080,0.02744157,0.13233752,0.17344901,0.12669740,0.00000000
-1.19759880,0.41805064,0.00190406,0.00000000,0.00048697,0.02787315,0.13015639,0.18710355,0.12173690,0.00000000
-1.19159580,0.43272308,0.00198098,0.00000000,0.00045365,0.02851187,0.12874405,0.20265429,0.11743021,0.00000000
-1.18559280,0.45032052,0.00206734,0.00000000,0.00042159,0.02935541,0.12814290,0.22002979,0.11382982,0.00000000
-1.17958979,0.47074394,0.00216217,0.00000000,0.00039153,0.03039553,0.12837240,0.23912748,0.11096432,0.00000000
-1.17358679,0.49382206,0.00226415,0.00000000,0.00036424,0.03161820,0.12942801,0.25981134,0.10883838,0.00000000
-1.16758379,0.51931139,0.00237168,0.00000000,0.00034046,0.03300383,0.13128100,0.28191093,0.10743362,0.00000000
-1.16158079,0.54689961,0.00248287,0.00000000,0.00032094,0.03452792,0.13387940,0.30522214,0.10671033,0.00000000
-1.15557779,0.57621230,0.00259558,0.00000000,0.00030647,0.03616178,0.13714975,0.32950944,0.10660992,0.00000000
-1.14957479,0.60682270,0.00270750,0.00000000,0.00029784,0.03787351,0.14099983,0.35450984,0.10705794,0.00000000
-1.14357179,0.63826435,0.00281620,0.00000000,0.00029592,0.03962924,0.14532210,0.37993839,0.10796769,0.00000000
-1.13756878,0.67004590,0.00291919,0.00000000,0.00030160,0.04139430,0.14999772,0.40549505,0.10924402,0.00000000
-1.13156578,0.70166767,0.00301406,0.00000000,0.00031587,0.04313469,0.15490104,0.43087271,0.11078736,0.00000000
-1.12556278,0.73263930,0.00309849,0.00000000,0.00033982,0.04481840,0.15990433,0.45576619,0.11249777,0.00000000
-1.11955978,0.76249762,0.00317041,0.00000000,0.00037462,0.04641683,0.16488260,0.47988164,0.11427879,0.00000000
-1.11355678,0.79082408,0.00322801,0.00000000,0.00042157,0.04790599,0.16971829,0.50294628,0.11604102,0.00000000
-1.10755378,0.81726113,0.00326987,0.00000000,0.00048209,0.04926765,0.17430564,0.52471782,0.11770531,0.00000000
-1.10155078,0.84152654,0.00329495,0.00000000,0.00055770,0.05049024,0.17855464,0.54499344,0.11920542,0.00000000
-1.09554777,0.86342546,0.00330270,0.00000000,0.00065004,0.05156945,0.18239429,0.56361771,0.12049005,0.00000000
-1.08954477,0.88285933,0.00329302,0.00000000,0.00076084,0.05250861,0.18577514,0.58048942,0.12152432,0.00000000
-1.08354177,0.89983158,0.00326632,0.00000000,0.00089188,0.05331871,0.18867101,0.59556675,0.12229042,0.00000000
-1.07753877,0.91444961,0.00322346,0.00000000,0.00104500,0.05401806,0.19107972,0.60887081,0.12278776,0.00000000
-1.07153577,0.92692326,0.00316574,0.00000000,0.00122199,0.05463164,0.19302302,0.62048726,0.12303236,0.00000000
-1.06553277,0.93755950,0.00309487,0.00000000,0.00142461,0.05519016,0.19454549,0.63056587,0.12305563,0.00000000
-1.05952976,0.94675382,0.00301286,0.00000000,0.00165446,0.05572879,0.19571266,0.63931821,0.12290272,0.00000000
-1.05352676,0.95497843,0.00292202,0.00000000,0.00191298,0.05628570,0.19660829,0.64701323,0.12263034,0.00000000
-1.04752376,0.96276778,0.00282482,0.00000000,0.00220134,0.05690040,0.19733103,0.65397099,0.12230424,0.00000000
-1.04152076,0.97070195,0.00272381,0.00000000,0.00252039,0.05761196,0.19799053,0.66055468,0.12199648,0.00000000
-1.03551776,0.97938824,0.00262159,0.00000000,0.00287058,0.05845728,0.19870315,0.66716098,0.12178254,0.00000000
-1.02951476,0.98944182,0.00252069,0.00000000,0.00325192,0.05946931,0.19958748,0.67420912,0.12173838,0.00000000
-1.02351176,1.00146581,0.00242348,0.00000000,0.00366392,0.06067550,0.20075980,0.68212879,0.12193758,0.00000000
-1.01750875,1.01603153,0.00233214,0.00000000,0.00410555,0.06209636,0.20232960,0.69134723,0.12244864,0.00000000
-1.01150575,1.03365939,0.00224859,0.00000000,0.00457523,0.06374434,0.20439539,0.70227575,0.12333249,0.00000000
-1.00550275,1.05480099,0.00217446,0.00000000,0.00507085,0.06562304,0.20704093,0.71529619,0.12464030,0.00000000
-0.99949975,1.07982305,0.00211101,0.00000000,0.00558977,0.06772672,0.21033190,0.73074737,0.12641166,0.00000000
-0.99349675,1.10899341,0.00205917,0.00000000,0.00612890,0.07004020,0.21431325,0.74891237,0.12867315,0.00000000
-0.98749375,1.14246985,0.00201949,0.00000000,0.00668477,0.07253922,0.21900720,0.77000658,0.13143738,0.00000000
-0.98149075,1.18029189,0.00199220,0.00000000,0.00725368,0.07519103,0.22441207,0.79416743,0.13470237,0.00000000
-0.97548774,1.22237596,0.00197714,0.00000000,0.00783181,0.07795545,0.23050180,0.82144594,0.13845156,0.00000000
-0.96948474,1.26851446,0.00197387,0.00000000,0.00841542,0.08078612,0.23722641,0.85180067,0.14265418,0.00000000
-0.96348174,1.31837856,0.00198166,0.00000000,0.00900102,0.08363211,0.24451316,0.88509450,0.14726609,0.00000000
-0.95747874,1.37152525,0.00199952,0.00000000,0.00958563,0.08643959,0.25226861,0.92109458,0.15223116,0.00000000
-0.95147574,1.42740851,0.00202630,0.00000000,0.01016696,0.08915372,0.26038136,0.95947577,0.15748296,0.00000000
-0.94547274,1.48539443,0.00206066,0.00000000,0.01074368,0.09172054,0.26872552,0.99982770,0.16294696,0.00000000
-0.93946973,1.54478029,0.00210119,0.00000000,0.01131562,0.09408882,0.27716483,1.04166557,0.16854301,0.00000000
-0.93346673,1.60481694,0.00214643,0.00000000,0.01188400,0.09621185,0.28555716,1.08444443,0.17418807,0.00000000
-0.92746373,1.66473400,0.00219491,0.00000000,0.01245162,0.09804908,0.29375959,1.12757674,0.17979930,0.00000000
-0.92146073,1.72376717,0.00224522,0.00000000,0.01302296,0.09956754,0.30163355,1.17045267,0.18529705,0.00000000
-0.91545773,1.78118649,0.00229604,0.00000000,0.01360430,0.10074303,0.30905015,1.21246228,0.19060807,0.00000000
-0.90945473,1.83632466,0.00234622,0.00000000,0.01420375,0.10156101,0.31589534,1.25301897,0.19566848,0.00000000
-0.90345173,1.88860399,0.00239472,0.00000000,0.01483119,0.10201716,0.32207475,1.29158290,0.20042651,0.00000000
-0.89744872,1.93756079,0.00244077,0.00000000,0.01549809,0.10211771,0.32751804,1.32768338,0.20484494,0.00000000
-0.89144572,1.98286581,0.00248376,0.00000000,0.01621733,0.10187930,0.33218253,1.36093904,0.20890295,0.00000000
-0.88544272,2.02433948,0.00252336,0.00000000,0.01700284,0.10132863,0.33605584,1.39107465,0.21259740,0.00000000
-0.87943972,2.06196091,0.00255945,0.00000000,0.01786918,0.10050168,0.33915746,1.41793338,0.21594331,0.00000000
-0.87343672,2.09586971,0.00259216,0.00000000,0.01883099,0.09944274,0.34153913,1.44148389,0.21897362,0.00000000
-0.86743372,2.12636006,0.00262181,0.00000000,0.01990242,0.09820304,0.34328372,1.46182128,0.22173796,0.00000000
-0.86143072,2.15386685,0.00264893,0.00000000,0.02109642,0.09683924,0.34450286,1.47916179,0.22430062,0.00000000
-0.85542771,2.17894414,0.00267420,0.00000000,0.02242402,0.09541163,0.34533309,1.49383117,0.22673771,0.00000000
-0.84942471,2.20223657,0.00269841,0.00000000,0.02389361,0.09398220,0.34593069,1.50624689,0.22913343,0.00000000
-0.84342171,2.22444471,0.00272242,0.00000000,0.02551018,0.09261264,0.34646544,1.51689523,0.23157589,0.00000000
-0.83741871,2.24628608,0.00274711,0.00000000,0.02727465,0.09136224,0.34711331,1.52630394,0.23415237,0.00000000
-0.83141571,2.26845343,0.00277333,0.00000000,0.02918325,0.09028589,0.34804860,1.53501204,0.23694436,0.00000000
-0.82541271,2.29157255,0.00280182,0.00000000,0.03122705,0.08943208,0.34943569,1.54353823,0.24002268,0.00000000
-0.81940970,2.31616171,0.00283321,0.00000000,0.03339165,0.08884122,0.35142088,1.55234961,0.24344280,0.00000000
-0.81340670,2.34259514,0.00286794,0.00000000,0.03565700,0.08854406,0.35412455,1.56183249,0.24724071,0.00000000
-0.80740370,2.37107248,0.00290624,0.00000000,0.03799751,0.08856058,0.35763431,1.57226684,0.25142959,0.00000000
-0.80140070,2.40159625,0.00294809,0.00000000,0.04038237,0.08889917,0.36199916,1.58380604,0.25599747,0.00000000
-0.79539770,2.43395887,0.00299325,0.00000000,0.04277605,0.08955631,0.36722529,1.59646303,0.26090605,0.00000000
-0.78939470,2.46774005,0.00304121,0.00000000,0.04513914,0.09051671,0.37327353,1.61010387,0.26609081,0.00000000
-0.78339170,2.50231531,0.00309122,0.00000000,0.04742928,0.09175395,0.38005884,1.62444902,0.27146246,0.00000000
-0.77738869,2.53687536,0.00314234,0.00000000,0.04960241,0.09323165,0.38745174,1.63908263,0.27690971,0.00000000
-0.77138569,2.57045564,0.00319345,0.00000000,0.05161402,0.09490509,0.39528186,1.65346921,0.28230331,0.00000000
-0.76538269,2.60197488,0.00324329,0.00000000,0.05342064,0.09672325,0.40334324,1.66697702,0.28750105,0.00000000
-0.75937969,2.63028066,0.00329053,0.00000000,0.05498123,0.09863123,0.41140150,1.67890688,0.29235374,0.00000000
-0.75337669,2.65420002,0.00333385,0.00000000,0.05625865,0.10057290,0.41920223,1.68852498,0.29671167,0.00000000
-0.74737369,2.67259248,0.00337194,0.00000000,0.05722095,0.10249372,0.42648055,1.69509796,0.30043134,0.00000000
-0.74137069,2.68440300,0.00340362,0.00000000,0.05784259,0.10434355,0.43297110,1.69792839,0.30338214,0.00000000
-0.73536768,2.68871214,0.00342785,0.00000000,0.05810539,0.10607933,0.43841832,1.69638891,0.30545265,0.00000000
-0.72936468,2.68478105,0.00344381,0.00000000,0.05799923,0.10766758,0.44258634,1.68995327,0.30655615,0.00000000
-0.72336168,2.67208914,0.00345091,0.00000000,0.05752253,0.10908644,0.44526811,1.67822278,0.30663528,0.00000000
-0.71735868,2.65036261,0.00344884,0.00000000,0.05668233,0.11032722,0.44629336,1.66094692,0.30566533,0.00000000
-0.71135568,2.61959264,0.00343756,0.00000000,0.05549414,0.11139535,0.44553513,1.63803728,0.30365631,0.00000000
-0.70535268,2.58004248,0.00341733,0.00000000,0.05398148,0.11231070,0.44291447,1.60957423,0.30065344,0.00000000
-0.69934967,2.53224329,0.00338866,0.00000000,0.05217508,0.11310712,0.43840329,1.57580638,0.29673620,0.00000000
-0.69334667,2.47697917,0.00335231,0.00000000,0.05011199,0.11383130,0.43202517,1.53714295,0.29201598,0.00000000
-0.68734367,2.41526221,0.00330926,0.00000000,0.04783435,0.11454090,0.42385426,1.49413974,0.28663234,0.00000000
-0.68134067,2.34829905,0.00326065,0.00000000,0.04538815,0.11530203,0.41401229,1.44747967,0.28074820,0.00000000
-0.67533767,2.27745052,0.00320776,0.00000000,0.04282190,0.11618627,0.40266401,1.39794898,0.27454411,0.00000000
-0.66933467,2.20418642,0.00315191,0.00000000,0.04018523,0.11726716,0.39001117,1.34641036,0.26821192,0.00000000
-0.66333167,2.13003733,0.00309445,0.00000000,0.03752759,0.11861654,0.37628551,1.29377444,0.26194804,0.00000000
-0.65732866,2.05654576,0.00303672,0.00000000,0.03489709,0.12030069,0.36174100,1.24097092,0.25594671,0.00000000
-0.65132566,1.98521844,0.00297994,0.00000000,0.03233932,0.12237663,0.34664575,1.18892057,0.25039346,0.00000000
-0.64532266,1.91748161,0.00292524,0.00000000,0.02989650,0.12488868,0.33127388,1.13850927,0.24545906,0.00000000
-0.63931966,1.85464082,0.00287361,0.00000000,0.02760673,0.12786543,0.31589771,1.09056485,0.24129420,0.00000000
-0.63331666,1.79784653,0.00282583,0.00000000,0.02550337,0.13131732,0.30078053,1.04583754,0.23802508,0.00000000
-0.62731366,1.74806628,0.00278255,0.00000000,0.02361473,0.13523498,0.28617015,1.00498427,0.23574992,0.00000000
-0.62131066,1.70606404,0.00274418,0.00000000,0.02196382,0.13958836,0.27229342,0.96855717,0.23453675,0.00000000
-0.61530765,1.67238684,0.00271099,0.00000000,0.02056828,0.14432680,0.25935186,0.93699607,0.23442215,0.00000000
-0.60930465,1.64735864,0.00268304,0.00000000,0.01944043,0.14937995,0.24751829,0.91062483,0.23541122,0.00000000
-0.60330165,1.63108095,0.00266027,0.00000000,0.01858746,0.15465962,0.23693462,0.88965108,0.23747851,0.00000000
-0.59729865,1.62343959,0.00264246,0.00000000,0.01801160,0.16006241,0.22771061,0.87416887,0.24056989,0.00000000
-0.59129565,1.62411685,0.00262929,0.00000000,0.01771040,0.16547308,0.21992351,0.86416364,0.24460518,0.00000000
-0.58529265,1.63260811,0.00262036,0.00000000,0.01767706,0.17076841,0.21361856,0.85951903,0.24948143,0.00000000
-0.57928964,1.64824201,0.00261519,0.00000000,0.01790064,0.17582146,0.20880997,0.86002487,0.25507654,0.00000000
-0.57328664,1.67020315,0.00261325,0.00000000,0.01836643,0.18050598,0.20548251,0.86538592,0.26125326,0.00000000
-0.56728364,1.69755667,0.00261401,0.00000000,0.01905624,0.18470084,0.20359337,0.87523095,0.26786313,0.00000000
-0.56128064,1.72927355,0.00261691,0.00000000,0.01994863,0.18829417,0.20307426,0.88912200,0.27475049,0.00000000
-0.55527764,1.76425628,0.00262136,0.00000000,0.02101927,0.19118706,0.20383365,0.90656338,0.28175620,0.00000000
-0.54927464,1.80136403,0.00262679,0.00000000,0.02224121,0.19329675,0.20575912,0.92701064,0.28872109,0.00000000
-0.54327164,1.83943708,0.00263262,0.00000000,0.02358525,0.19455905,0.20871968,0.94987929,0.29548906,0.00000000
-0.53726863,1.87732000,0.00263826,0.00000000,0.02502025,0.19492995,0.21256821,0.97455349,0.30190976,0.00000000
-0.53126563,1.91388334,0.00264310,0.00000000,0.02651364,0.19438643,0.21714394,1.00039478,0.30784087,0.00000000
-0.52526263,1.94804375,0.00264653,0.00000000,0.02803181,0.19292641,0.22227503,1.02675099,0.31315000,0.00000000
-0.51925963,1.97878235,0.00264792,0.00000000,0.02954069,0.19056789,0.22778126,1.05296554,0.31771616,0.00000000
-0.51325663,2.00516124,0.00264661,0.00000000,0.03100633,0.18734741,0.23347699,1.07838714,0.32143106,0.00000000
-0.50725363,2.02633826,0.00264195,0.00000000,0.03239551,0.18331794,0.23917425,1.10237990,0.32420004,0.00000000
-0.50125063,2.04157972,0.00263327,0.00000000,0.03367644,0.17854630,0.24468611,1.12433395,0.32594286,0.00000000
-0.49524762,2.05027133,0.00261991,0.00000000,0.03481943,0.17311029,0.24983021,1.14367635,0.32659437,0.00000000
-0.48924462,2.05192711,0.00260123,0.00000000,0.03579757,0.16709579,0.25443252,1.15988217,0.32610505,0.00000000
-0.48324162,2.04619622,0.00257662,0.00000000,0.03658732,0.16059373,0.25833114,1.17248536,0.32444146,0.00000000
-0.47723862,2.03286773,0.00254555,0.00000000,0.03716918,0.15369740,0.26138016,1.18108934,0.32158668,0.00000000
-0.47123562,2.01187321,0.00250758,0.00000000,0.03752810,0.14649992,0.26345334,1.18537666,0.31754057,0.00000000
-0.46523262,1.98328708,0.00246235,0.00000000,0.03765391,0.13909215,0.26444761,1.18511770,0.31231997,0.00000000
-0.45922961,1.94732473,0.00240966,0.00000000,0.03754157,0.13156095,0.26428608,1.18017770,0.30595877,0.00000000
-0.45322661,1.90433827,0.00234944,0.00000000,0.03719126,0.12398792,0.26292060,1.17052223,0.29850774,0.00000000
-0.44722361,1.85481022,0.00228181,0.00000000,0.03660835,0.11644861,0.26033357,1.15622037,0.29003415,0.00000000
-0.44122061,1.79934495,0.00220705,0.00000000,0.03580321,0.10901206,0.25653909,1.13744588,0.28062106,0.00000000
-0.43521761,1.73865815,0.00212561,0.00000000,0.03479089,0.10174070,0.25158318,1.11447584,0.27036642,0.00000000
-0.42921461,1.67356457,0.00203814,0.00000000,0.03359061,0.09469058,0.24554311,1.08768701,0.25938173,0.00000000
-0.42321161,1.60496417,0.00194546,0.00000000,0.03222522,0.08791174,0.23852592,1.05754985,0.24779045,0.00000000
-0.41720860,1.53382703,0.00184853,0.00000000,0.03072049,0.08144876,0.23066603,1.02462034,0.23572611,0.00000000
-0.41120560,1.46117730,0.00174846,0.00000000,0.02910441,0.07534133,0.22212209,0.98952979,0.22333015,0.00000000
-0.40520260,1.38807650,0.00164649,0.00000000,0.02740644,0.06962482,0.21307319,0.95297293,0.21074959,0.00000000
-0.39919960,1.31560645,0.00154393,0.00000000,0.02565672,0.06433078,0.20371452,0.91569454,0.19813453,0.00000000
-0.39319660,1.24485219,0.00144215,0.00000000,0.02388534,0.05948739,0.19425263,0.87847492,0.18563561,0.00000000
-0.38719360,1.17688504,0.00134256,0.00000000,0.02212167,0.05511970,0.18490053,0.84211448,0.17340150,0.00000000
-0.38119060,1.11274610,0.00124659,0.00000000,0.02039377,0.05124983,0.17587264,0.80741782,0.16157645,0.00000000
-0.37518759,1.05343029,0.00115561,0.00000000,0.01872780,0.04789695,0.16737988,0.77517753,0.15029804,0.00000000
-0.36918459,0.99987114,0.00107098,0.00000000,0.01714767,0.04507719,0.15962497,0.74615800,0.13969505,0.00000000
-0.36318159,0.95292626,0.00099396,0.00000000,0.01567463,0.04280345,0.15279805,0.72107948,0.12988568,0.00000000
-0.35717859,0.91336380,0.00092575,0.00000000,0.01432711,0.04108510,0.14707272,0.70060266,0.12097600,0.00000000
-0.35117559,0.88184978,0.00086742,0.00000000,0.01312050,0.03992766,0.14260256,0.68531393,0.11305863,0.00000000
-0.34517259,0.85893635,0.00081994,0.00000000,0.01206716,0.03933248,0.13951820,0.67571163,0.10621181,0.00000000
-0.33916958,0.84505121,0.00078414,0.00000000,0.01117635,0.03929639,0.13792493,0.67219342,0.10049858,0.00000000
-0.33316658,0.84048818,0.00076073,0.00000000,0.01045435,0.03981136,0.13790088,0.67504517,0.09596635,0.00000000
-0.32716358,0.84539913,0.00075026,0.00000000,0.00990448,0.04086435,0.13949570,0.68443144,0.09264653,0.00000000
-0.32116058,0.85978753,0.00075313,0.00000000,0.00952730,0.04243706,0.14272988,0.70038797,0.09055442,0.00000000
-0.31515758,0.88350382,0.00076960,0.00000000,0.00932067,0.04450592,0.14759449,0.72281649,0.08968924,0.00000000
-0.30915458,0.91624296,0.00079976,0.00000000,0.00927998,0.04704209,0.15405152,0.75148205,0.09003419,0.00000000
-0.30315158,0.95754459,0.00084353,0.00000000,0.00939822,0.05001164,0.16203467,0.78601320,0.09155674,0.00000000
-0.29714857,1.00679596,0.00090065,0.00000000,0.00966624,0.05337574,0.17145064,0.82590538,0.09420896,0.00000000
-0.29114557,1.06323819,0.00097072,0.00000000,0.01007282,0.05709113,0.18218098,0.87052756,0.09792801,0.00000000
-0.28514257,1.12597605,0.00105314,0.00000000,0.01060496,0.06111050,0.19408433,0.91913246,0.10263670,0.00000000
-0.27913957,1.19399148,0.00114713,0.00000000,0.01124803,0.06538317,0.20699927,0.97087027,0.10824432,0.00000000
-0.27313657,1.26616102,0.00125176,0.00000000,0.01198602,0.06985572,0.22074757,1.02480577,0.11464760,0.00000000
-0.26713357,1.34127712,0.00136592,0.00000000,0.01280184,0.07447281,0.23513799,1.07993884,0.12173199,0.00000000
-0.26113057,1.41807301,0.00148837,0.00000000,0.01367764,0.07917804,0.24997049,1.13522772,0.12937310,0.00000000
-0.25512756,1.49525099,0.00161774,0.00000000,0.01459513,0.08391490,0.26504084,1.18961475,0.13743859,0.00000000
-0.24912456,1.57151336,0.00175253,0.00000000,0.01553607,0.08862773,0.28014562,1.24205381,0.14579028,0.00000000
-0.24312156,1.64559532,0.00189121,0.00000000,0.01648263,0.09326281,0.29508740,1.29153872,0.15428662,0.00000000
-0.23711856,1.71629892,0.00203218,0.00000000,0.01741791,0.09776935,0.30968011,1.33713162,0.16278546,0.00000000
-0.23111556,1.78252703,0.00217386,0.00000000,0.01832638,0.10210060,0.32375439,1.37799052,0.17114704,0.00000000
-0.22511256,1.84331597,0.00231472,0.00000000,0.01919439,0.10621482,0.33716279,1.41339483,0.17923721,0.00000000
-0.21910955,1.89786583,0.00245332,0.00000000,0.02001060,0.11007626,0.34978464,1.44276800,0.18693076,0.00000000
-0.21310655,1.94556699,0.00258839,0.00000000,0.02076636,0.11365606,0.36153047,1.46569632,0.19411469,0.00000000
-0.20710355,1.98602182,0.00271882,0.00000000,0.02145606,0.11693292,0.37234566,1.48194294,0.20069141,0.00000000
-0.20110055,2.01906045,0.00284376,0.00000000,0.02207733,0.11989377,0.38221332,1.49145664,0.20658162,0.00000000
-0.19509755,2.04474969,0.00296261,0.00000000,0.02263118,0.12253409,0.39115613,1.49437472,0.21172691,0.00000000
-0.18909455,2.06339453,0.00307508,0.00000000,0.02312196,0.12485814,0.39923706,1.49101978,0.21609169,0.00000000
-0.18309155,2.07553186,0.00318121,0.00000000,0.02355725,0.12687877,0.40655887,1.48189046,0.21966455,0.00000000
-0.17708854,2.08191620,0.00328134,0.00000000,0.02394756,0.12861716,0.41326223,1.46764632,0.22245893,0.00000000
-0.17108554,2.08349800,0.00337617,0.00000000,0.02430592,0.13010208,0.41952267,1.44908740,0.22451284,0.00000000
-0.16508254,2.08139472,0.00346669,0.00000000,0.02464734,0.13136895,0.42554615,1.42712909,0.22588785,0.00000000
-0.15907954,2.07685593,0.00355416,0.00000000,0.02498820,0.13245863,0.43156346,1.40277336,0.22666717,0.00000000
-0.15307654,2.07122332,0.00364012,0.00000000,0.02534553,0.13341593,0.43782356,1.37707724,0.22695288,0.00000000
-0.14707354,2.06588711,0.00372626,0.00000000,0.02573623,0.13428789,0.44458600,1.35111978,0.22686248,0.00000000
-0.14107054,2.06224036,0.00381445,0.00000000,0.02617634,0.13512194,0.45211268,1.32596874,0.22652476,0.00000000
-0.13506753,2.06163270,0.00390659,0.00000000,0.02668026,0.13596397,0.46065909,1.30264805,0.22607516,0.00000000
-0.12906453,2.06532520,0.00400459,0.00000000,0.02726004,0.13685633,0.47046537,1.28210725,0.22565091,0.00000000
-0.12306153,2.07444785,0.00411027,0.00000000,0.02792478,0.13783596,0.48174746,1.26519383,0.22538587,0.00000000
-0.11705853,2.08996104,0.00422532,0.00000000,0.02868007,0.13893262,0.49468849,1.25262943,0.22540561,0.00000000
-0.11105553,2.11262243,0.00435115,0.00000000,0.02952767,0.14016741,0.50943087,1.24499040,0.22582264,0.00000000
-0.10505253,2.14296004,0.00448889,0.00000000,0.03046520,0.14155152,0.52606915,1.24269321,0.22673209,0.00000000
-0.09904952,2.18125242,0.00463930,0.00000000,0.03148612,0.14308542,0.54464395,1.24598509,0.22820806,0.00000000
-0.09304652,2.22751640,0.00480269,0.00000000,0.03257975,0.14475837,0.56513719,1.25493973,0.23030066,0.00000000
-0.08704352,2.28150252,0.00497892,0.00000000,0.03373155,0.14654848,0.58746876,1.26945809,0.23303390,0.00000000
-0.08104052,2.34269823,0.00516730,0.00000000,0.03492345,0.14842311,0.61149480,1.28927386,0.23640460,0.00000000
-0.07503752,2.41033847,0.00536663,0.00000000,0.03613437,0.15033976,0.63700760,1.31396328,0.24038210,0.00000000
-0.06903452,2.48342317,0.00557517,0.00000000,0.03734084,0.15224734,0.66373738,1.34295872,0.24490907,0.00000000
-0.06303152,2.56074103,0.00579065,0.00000000,0.03851766,0.15408777,0.69135578,1.37556546,0.24990311,0.00000000
-0.05702851,2.64089867,0.00601028,0.00000000,0.03963867,0.15579789,0.71948113,1.41098099,0.25525929,0.00000000
-0.05102551,2.72235453,0.00623087,0.00000000,0.04067750,0.15731153,0.74768550,1.44831630,0.26085325,0.00000000
-0.04502251,2.80345616,0.00644878,0.00000000,0.04160837,0.15856174,0.77550330,1.48661854,0.26654509,0.00000000
-0.03901951,2.88248037,0.00666010,0.00000000,0.04240682,0.15948302,0.80244140,1.52489444,0.27218355,0.00000000
-0.03301651,2.95767484,0.00686071,0.00000000,0.04305043,0.16001348,0.82799044,1.56213392,0.27761057,0.00000000
-0.02701351,3.02730050,0.00704636,0.00000000,0.04351946,0.16009693,0.85163723,1.59733355,0.28266601,0.00000000
-0.02101051,3.08967355,0.00721282,0.00000000,0.04379735,0.15968471,0.87287776,1.62951935,0.28719228,0.00000000
-0.01500750,3.14320625,0.00735602,0.00000000,0.04387123,0.15873727,0.89123062,1.65776841,0.29103892,0.00000000
-0.00900450,3.18644547,0.00747210,0.00000000,0.04373219,0.15722550,0.90625034,1.68122918,0.29406687,0.00000000
-0.00300150,3.21810829,0.00755762,0.00000000,0.04337554,0.15513164,0.91754029,1.69914002,0.29615225,0.00000000
0.00300150,3.23711371,0.00760961,0.00000000,0.04280088,0.15244992,0.92476472,1.71084551,0.29718983,0.00000000
0.00900450,3.24260976,0.00762569,0.00000000,0.04201206,0.14918678,0.92765952,1.71581056,0.29709575,0.00000000
0.01500750,3.23399535,0.00760418,0.00000000,0.04101707,0.14536085,0.92604123,1.71363181,0.29580975,0.00000000
0.02101051,3.21093630,0.00754412,0.00000000,0.03982773,0.14100244,0.91981409,1.70404610,0.29329662,0.00000000
0.02701351,3.17337508,0.00744533,0.00000000,0.03845938,0.13615294,0.90897471,1.68693601,0.28954712,0.00000000
0.03301651,3.12153408,0.00730845,0.00000000,0.03693042,0.13086380,0.89361432,1.66233206,0.28457807,0.00000000
0.03901951,3.05591216,0.00713491,0.00000000,0.03526181,0.12519541,0.87391824,1.63041169,0.27843190,0.00000000
0.04502251,2.97727461,0.00692688,0.00000000,0.03347653,0.11921577,0.85016285,1.59149498,0.27117558,0.00000000
0.05102551,2.88663681,0.00668724,0.00000000,0.03159897,0.11299901,0.82270991,1.54603712,0.26289898,0.00000000
0.05702851,2.78524204,0.00641950,0.00000000,0.02965435,0.10662395,0.79199865,1.49461794,0.25371273,0.00000000
0.06303152,2.67453408,0.00612766,0.00000000,0.02766815,0.10017259,0.75853569,1.43792859,0.24374575,0.00000000
0.06903452,2.55612536,0.00581616,0.00000000,0.02566554,0.09372856,0.72288344,1.37675597,0.23314237,0.00000000
0.07503752,2.43176178,0.00548972,0.00000000,0.02367086,0.08737580,0.68564706,1.31196515,0.22205926,0.00000000
0.08104052,2.30328498,0.00515321,0.00000000,0.02170724,0.08119718,0.64746085,1.24448036,0.21066222,0.00000000
0.08704352,2.17259347,0.00481156,0.00000000,0.01979617,0.07527337,0.60897418,1.17526521,0.19912288,0.00000000
0.09304652,2.04160348,0.00446962,0.00000000,0.01795727,0.06968180,0.57083762,1.10530244,0.18761544,0.00000000
0.09904952,1.91221075,0.00413203,0.00000000,0.01620807,0.06449578,0.53368965,1.03557412,0.17631345,0.00000000
0.10505253,1.78625415,0.00380318,0.00000000,0.01456395,0.05978380,0.49814426,0.96704250,0.16538675,0.00000000
0.11105553,1.66548211,0.00348708,0.00000000,0.01303813,0.05560894,0.46477979,0.90063233,0.15499863,0.00000000
0.11705853,1.55152247,0.00318732,0.00000000,0.01164171,0.05202845,0.43412919,0.83721470,0.14530315,0.00000000
0.12306153,1.44585631,0.00290700,0.00000000,0.01038392,0.04909342,0.40667179,0.77759313,0.13644273,0.00000000
0.12906453,1.34979626,0.00264876,0.00000000,0.00927222,0.04684850,0.38282671,0.72249182,0.12854607,0.00000000
0.13506753,1.26446932,0.00241470,0.00000000,0.00831265,0.04533176,0.36294782,0.67254638,0.12172620,0.00000000
0.14107054,1.19080431,0.00220642,0.00000000,0.00751005,0.04457445,0.34732019,0.62829699,0.11607892,0.00000000
0.14707354,1.12952387,0.00202502,0.00000000,0.00686838,0.04460085,0.33615788,0.59018402,0.11168148,0.00000000
0.15307654,1.08114075,0.00187116,0.00000000,0.00639097,0.04542806,0.32960301,0.55854589,0.10859147,0.00000000
0.15907954,1.04595808,0.00174505,0.00000000,0.00608077,0.04706577,0.32772582,0.53361906,0.10684601,0.00000000
0.16508254,1.02407323,0.00164651,0.00000000,0.00594052,0.04951597,0.33052571,0.51553980,0.10646122,0.00000000
0.17108554,1.01538490,0.00157502,0.00000000,0.00597291,0.05277264,0.33793303,0.50434757,0.10743192,0.00000000
0.17708854,1.01960296,0.00152975,0.00000000,0.00618055,0.05682141,0.34981152,0.49998962,0.10973159,0.00000000
0.18309155,1.03626059,0.00150962,0.00000000,0.00656600,0.06163922,0.36596143,0.50232658,0.11331268,0.00000000
0.18909455,1.06472844,0.00151331,0.00000000,0.00713159,0.06719408,0.38612312,0.51113875,0.11810715,0.00000000
0.19509755,1.10423022,0.00153934,0.00000000,0.00787921,0.07344480,0.40998125,0.52613278,0.12402743,0.00000000
0.20110055,1.15385952,0.00158605,0.00000000,0.00881001,0.08034096,0.43716947,0.54694860,0.13096760,0.00000000
0.20710355,1.21259751,0.00165167,0.00000000,0.00992402,0.08782297,0.46727567,0.57316638,0.13880508,0.00000000
0.21310655,1.27933107,0.00173435,0.00000000,0.01121975,0.09582236,0.49984781,0.60431335,0.14740250,0.00000000
0.21910955,1.35287137,0.00183212,0.00000000,0.01269371,0.10426240,0.53440032,0.63987046,0.15661010,0.00000000
0.22511256,1.43197230,0.00194298,0.00000000,0.01433997,0.11305885,0.57042101,0.67927882,0.16626834,0.00000000
0.23111556,1.51534886,0.00206489,0.00000000,0.01614971,0.12212112,0.60737857,0.72194586,0.17621086,0.00000000
0.23711856,1.60169505,0.00219575,0.00000000,0.01811088,0.13135371,0.64473042,0.76725136,0.18626770,0.00000000
0.24312156,1.68970137,0.00233346,0.00000000,0.02020787,0.14065788,0.68193106,0.81455331,0.19626870,0.00000000
0.24912456,1.77807152,0.00247589,0.00000000,0.02242139,0.14993364,0.71844053,0.86319380,0.20604696,0.00000000
0.25512756,1.86553845,0.00262093,0.00000000,0.02472837,0.15908185,0.75373301,0.91250497,0.21544235,0.00000000
0.26113057,1.95087954,0.00276647,0.00000000,0.02710219,0.16800658,0.78730533,0.96181520,0.22430493,0.00000000
0.26713357,2.03293092,0.00291044,0.00000000,0.02951293,0.17661741,0.81868523,1.01045568,0.23249817,0.00000000
0.27313657,2.11060091,0.00305079,0.00000000,0.03192787,0.18483177,0.84743911,1.05776733,0.23990181,0.00000000
0.27913957,2.18288254,0.00318556,0.00000000,0.03431223,0.19257711,0.87317916,1.10310830,0.24641444,0.00000000
0.28514257,2.24886519,0.00331284,0.00000000,0.03662998,0.19979290,0.89556969,1.14586192,0.25195542,0.00000000
0.29114557,2.30774513,0.00343085,0.00000000,0.03884486,0.20643224,0.91433241,1.18544520,0.25646643,0.00000000
0.29714857,2.35883521,0.00353790,0.00000000,0.04092149,0.21246308,0.92925064,1.22131764,0.25991222,0.00000000
0.30315158,2.40157332,0.00363250,0.00000000,0.04282659,0.21786897,0.94017224,1.25299032,0.26228085,0.00000000
0.30915458,2.43552958,0.00371328,0.00000000,0.04453017,0.22264921,0.94701127,1.28003494,0.26358322,0.00000000
0.31515758,2.46041210,0.00377910,0.00000000,0.04600675,0.22681849,0.94974823,1.30209263,0.26385195,0.00000000
0.32116058,2.47607115,0.00382903,0.00000000,0.04723651,0.23040585,0.94842902,1.31888206,0.26313970,0.00000000
0.32716358,2.48250133,0.00386239,0.00000000,0.04820625,0.23345313,0.94316250,1.33020669,0.26151696,0.00000000
0.33316658,2.47984168,0.00387874,0.00000000,0.04891027,0.23601289,0.93411682,1.33596061,0.25906935,0.00000000
0.33916958,2.46837346,0.00387792,0.00000000,0.04935095,0.23814585,0.92151461,1.33613274,0.25589467,0.00000000
0.34517259,2.44851538,0.00386005,0.00000000,0.04953914,0.23991802,0.90562709,1.33080907,0.25209966,0.00000000
0.35117559,2.42081626,0.00382553,0.00000000,0.04949426,0.24139765,0.88676740,1.32017268,0.24779664,0.00000000
0.35717859,2.38594506,0.00377500,0.00000000,0.04924414,0.24265207,0.86528325,1.30450141,0.24310025,0.00000000
0.36318159,2.34467837,0.00370940,0.00000000,0.04882452,0.24374470,0.84154908,1.28416311,0.23812423,0.00000000
0.36918459,2.29788564,0.00362991,0.00000000,0.04827835,0.24473220,0.81595805,1.25960855,0.23297851,0.00000000
0.37518759,2.24651238,0.00353790,0.00000000,0.04765482,0.24566220,0.78891401,1.23136208,0.22776668,0.00000000
0.38119060,2.19156182,0.00343496,0.00000000,0.04700816,0.24657136,0.76082370,1.20001047,0.22258374,0.00000000
0.38719360,2.13407551,0.00332284,0.00000000,0.04639622,0.24748427,0.73208940,1.16619003,0.21751451,0.00000000
0.39319660,2.07511339,0.00320342,0.00000000,0.04587905,0.24841295,0.70310215,1.13057268,0.21263246,0.00000000
0.39919960,2.01573395,0.00307865,0.00000000,0.04551717,0.24935707,0.67423579,1.09385127,0.20799905,0.00000000
0.40520260,1.95697498,0.00295055,0.00000000,0.04537002,0.25030500,0.64584188,1.05672462,0.20366361,0.00000000
0.41120560,1.89983543,0.00282117,0.00000000,0.04549424,0.25123548,0.61824555,1.01988288,0.19966373,0.00000000
0.41720860,1.84525879,0.00269252,0.00000000,0.04594206,0.25211979,0.59174233,0.98399340,0.19602593,0.00000000
0.42321161,1.79411827,0.00256660,0.00000000,0.04675977,0.25292450,0.56659588,0.94968770,0.19276680,0.00000000
0.42921461,1.74720405,0.00244531,0.00000000,0.04798632,0.25361431,0.54303671,0.91754961,0.18989421,0.00000000
0.43521761,1.70521255,0.00233045,0.00000000,0.04965201,0.25415511,0.52126151,0.88810498,0.18740878,0.00000000
0.44122061,1.66873781,0.00222374,0.00000000,0.05177745,0.25451682,0.50143324,0.86181288,0.18530530,0.00000000
0.44722361,1.63826473,0.00212672,0.00000000,0.05437265,0.25467593,0.48368157,0.83905845,0.18357406,0.00000000
0.45322661,1.61416410,0.00204080,0.00000000,0.05743639,0.25461760,0.46810377,0.82014740,0.18220205,0.00000000
0.45922961,1.59668909,0.00196724,0.00000000,0.06095581,0.25433705,0.45476556,0.80530192,0.18117392,0.00000000
0.46523262,1.58597308,0.00190708,0.00000000,0.06490626,0.25384025,0.44370222,0.79465818,0.18047263,0.00000000
0.47123562,1.58202856,0.00186122,0.00000000,0.06925142,0.25314382,0.43491937,0.78826502,0.18007979,0.00000000
0.47723862,1.58474709,0.00183033,0.00000000,0.07394375,0.25227407,0.42839379,0.78608393,0.17997574,0.00000000
0.48324162,1.59390015,0.00181489,0.00000000,0.07892512,0.25126537,0.42407397,0.78799028,0.18013930,0.00000000
0.48924462,1.60914104,0.00181514,0.00000000,0.08412778,0.25015775,0.42188047,0.79377557,0.18054727,0.00000000
0.49524762,1.63000792,0.00183112,0.00000000,0.08947564,0.24899410,0.42170624,0.80315087,0.18117383,0.00000000
0.50125063,1.65592815,0.00186260,0.00000000,0.09488567,0.24781690,0.42341692,0.81575150,0.18198978,0.00000000
0.50725363,1.68622427,0.00190911,0.00000000,0.10026963,0.24666490,0.42685122,0.83114282,0.18296185,0.00000000
0.51325663,1.72012185,0.00196994,0.00000000,0.10553596,0.24556987,0.43182160,0.84882740,0.18405206,0.00000000
0.51925963,1.75675936,0.00204410,0.00000000,0.11059179,0.24455360,0.43811531,0.86825350,0.18521728,0.00000000
0.52526263,1.79520051,0.00213036,0.00000000,0.11534505,0.24362537,0.44549604,0.88882488,0.18640906,0.00000000
0.53126563,1.83444884,0.00222724,0.00000000,0.11970668,0.24278015,0.45370619,0.90991198,0.18757373,0.00000000
0.53726863,1.87346485,0.00233302,0.00000000,0.12359276,0.24199751,0.46246987,0.93086436,0.18865294,0.00000000
0.54327164,1.91118533,0.00244575,0.00000000,0.12692655,0.24124145,0.47149678,0.95102415,0.18958447,0.00000000
0.54927464,1.94654462,0.00256333,0.00000000,0.12964044,0.24046106,0.48048681,0.96974038,0.19030344,0.00000000
0.55527764,1.97849743,0.00268347,0.00000000,0.13167764,0.23959220,0.48913544,0.98638385,0.19074382,0.00000000
0.56128064,2.00604253,0.00280380,0.00000000,0.13299363,0.23855980,0.49713976,1.00036206,0.19084026,0.00000000
0.56728364,2.02824660,0.00292187,0.00000000,0.13355726,0.23728107,0.50420497,1.01113385,0.19052997,0.00000000
0.57328664,2.04426754,0.00303524,0.00000000,0.13335154,0.23566904,0.51005121,1.01822322,0.18975481,0.00000000
0.57928964,2.05337625,0.00314148,0.00000000,0.13237401,0.23363661,0.51442040,1.02123182,0.18846335,0.00000000
0.58529265,2.05497610,0.00323831,0.00000000,0.13063672,0.23110062,0.51708290,1.01984965,0.18661275,0.00000000
0.59129565,2.04861938,0.00332359,0.00000000,0.12816579,0.22798593,0.51784369,1.01386356,0.18417048,0.00000000
0.59729865,2.03401986,0.00339540,0.00000000,0.12500061,0.22422915,0.51654784,1.00316304,0.18111579,0.00000000
0.60330165,2.01106100,0.00345208,0.00000000,0.12119268,0.21978198,0.51308499,0.98774324,0.17744070,0.00000000
0.60930465,1.97979939,0.00349228,0.00000000,0.11680417,0.21461379,0.50739259,0.96770485,0.17315068,0.00000000
0.61530765,1.94046327,0.00351499,0.00000000,0.11190614,0.20871362,0.49945786,0.94325094,0.16826477,0.00000000
0.62131066,1.89344603,0.00351957,0.00000000,0.10657668,0.20209117,0.48931818,0.91468075,0.16281533,0.00000000
0.62731366,1.83929505,0.00350574,0.00000000,0.10089888,0.19477706,0.47706007,0.88238076,0.15684724,0.00000000
0.63331666,1.77869621,0.00347361,0.00000000,0.09495874,0.18682215,0.46281648,0.84681325,0.15041676,0.00000000
0.63931966,1.71245477,0.00342365,0.00000000,0.08884313,0.17829608,0.44676280,0.80850291,0.14358999,0.00000000
0.64532266,1.64147326,0.00335670,0.00000000,0.08263791,0.16928514,0.42911153,0.76802195,0.13644104,0.00000000
0.65132566,1.56672739,0.00327390,0.00000000,0.07642606,0.15988952,0.41010580,0.72597429,0.12904994,0.00000000
0.65732866,1.48924080,0.00317668,0.00000000,0.07028621,0.15022018,0.39001213,0.68297948,0.12150056,0.00000000
0.66333167,1.41005962,0.00306671,0.00000000,0.06429127,0.14039540,0.36911263,0.63965687,0.11387831,0.00000000
0.66933467,1.33022775,0.00294586,0.00000000,0.05850740,0.13053728,0.34769689,0.59661063,0.10626808,0.00000000
0.67533767,1.25076374,0.00281614,0.00000000,0.05299327,0.12076829,0.32605401,0.55441607,0.09875217,0.00000000
0.68134067,1.17263992,0.00267965,0.00000000,0.04779959,0.11120805,0.30446500,0.51360780,0.09140853,0.00000000
0.68734367,1.09676438,0.00253855,0.00000000,0.04296892,0.10197031,0.28319572,0.47466980,0.08430920,0.00000000
0.69334667,1.02396623,0.00239498,0.00000000,0.03853570,0.09316056,0.26249085,0.43802786,0.07751911,0.00000000
0.69934967,0.95498438,0.00225104,0.00000000,0.03452650,0.08487391,0.24256889,0.40404427,0.07109515,0.00000000
0.70535268,0.89045990,0.00210877,0.00000000,0.03096044,0.07719357,0.22361829,0.37301490,0.06508565,0.00000000
0.71135568,0.83093189,0.00197008,0.00000000,0.02784973,0.07018988,0.20579501,0.34516841,0.05953011,0.00000000
0.71735868,0.77683655,0.00183674,0.00000000,0.02520022,0.06391970,0.18922128,0.32066745,0.05445935,0.00000000
0.72336168,0.72850920,0.00171038,0.00000000,0.02301208,0.05842632,0.17398564,0.29961158,0.04989581,0.00000000
0.72936468,0.68618873,0.00159247,0.00000000,0.02128035,0.05373972,0.16014419,0.28204154,0.04585421,0.00000000
0.73536768,0.65002400,0.00148428,0.00000000,0.01999556,0.04987706,0.14772275,0.26794458,0.04234230,0.00000000
0.74137069,0.62008159,0.00138695,0.00000000,0.01914415,0.04684347,0.13671992,0.25726040,0.03936180,0.00000000
0.74737369,0.59635444,0.00130141,0.00000000,0.01870893,0.04463289,0.12711072,0.24988750,0.03690942,0.00000000
0.75337669,0.57877082,0.00122844,0.00000000,0.01866935,0.04322905,0.11885065,0.24568945,0.03497789,0.00000000
0.75937969,0.56720326,0.00116866,0.00000000,0.01900179,0.04260638,0.11187989,0.24450109,0.03355701,0.00000000
0.76538269,0.56147683,0.00112255,0.00000000,0.01967967,0.04273095,0.10612749,0.24613410,0.03263459,0.00000000
0.77138569,0.56137682,0.00109045,0.00000000,0.02067359,0.04356138,0.10151530,0.25038220,0.03219737,0.00000000
0.77738869,0.56665529,0.00107255,0.00000000,0.02195146,0.04504956,0.09796155,0.25702555,0.03223171,0.00000000
0.78339170,0.57703654,0.00106894,0.00000000,0.02347860,0.04714145,0.09538385,0.26583463,0.03272429,0.00000000
0.78939470,0.59222143,0.00107958,0.00000000,0.02521794,0.04977775,0.09370166,0.27657336,0.03366243,0.00000000
0.79539770,0.61189068,0.00110434,0.00000000,0.02713022,0.05289457,0.09283808,0.28900181,0.03503445,0.00000000
0.80140070,0.63570707,0.00114294,0.00000000,0.02917439,0.05642413,0.09272096,0.30287832,0.03682968,0.00000000
0.80740370,0.66331701,0.00119503,0.00000000,0.03130801,0.06029543,0.09328345,0.31796145,0.03903841,0.00000000
0.81340670,0.69435144,0.00126013,0.00000000,0.03348791,0.06443507,0.09446404,0.33401158,0.04165154,0.00000000
0.81940970,0.72842642,0.00133763,0.00000000,0.03567080,0.06876811,0.09620606,0.35079250,0.04466022,0.00000000
0.82541271,0.76514370,0.00142682,0.00000000,0.03781414,0.07321900,0.09845697,0.36807304,0.04805518,0.00000000
0.83141571,0.80409146,0.00152685,0.00000000,0.03987701,0.07771270,0.10116747,0.38562866,0.05182609,0.00000000
0.83741871,0.84484543,0.00163676,0.00000000,0.04182100,0.08217580,0.10429054,0.40324326,0.05596073,0.00000000
0.84342171,0.88697069,0.00175542,0.00000000,0.04361120,0.08653783,0.10778061,0.42071110,0.06044415,0.00000000
0.84942471,0.93002434,0.00188161,0.00000000,0.04521707,0.09073251,0.11159303,0.43783880,0.06525784,0.00000000
0.85542771,0.97355906,0.00201394,0.00000000,0.04661322,0.09469915,0.11568381,0.45444748,0.07037891,0.00000000
0.86143072,1.01712783,0.00215093,0.00000000,0.04778013,0.09838395,0.12000987,0.47037487,0.07577938,0.00000000
0.86743372,1.06028977,0.00229098,0.00000000,0.04870461,0.10174133,0.12452975,0.48547752,0.08142565,0.00000000
0.87343672,1.10261711,0.00243239,0.00000000,0.04938011,0.10473513,0.12920482,0.49963274,0.08727814,0.00000000
0.87943972,1.14370341,0.00257341,0.00000000,0.04980675,0.10733974,0.13400102,0.51274056,0.09329121,0.00000000
0.88544272,1.18317261,0.00271226,0.00000000,0.04999119,0.10954103,0.13889098,0.52472546,0.09941342,0.00000000
0.89144572,1.22068911,0.00284714,0.00000000,0.04994617,0.11133717,0.14385656,0.53553778,0.10558807,0.00000000
0.89744872,1.25596834,0.00297633,0.00000000,0.04968984,0.11273921,0.14889145,0.54515501,0.11175416,0.00000000
0.90345173,1.28878773,0.00309818,0.00000000,0.04924500,0.11377141,0.15400402,0.55358270,0.11784767,0.00000000
0.90945473,1.31899749,0.00321118,0.00000000,0.04863803,0.11447139,0.15921986,0.56085511,0.12380319,0.00000000
0.91545773,1.34653098,0.00331404,0.00000000,0.04789782,0.11489000,0.16458411,0.56703551,0.12955587,0.00000000
0.92146073,1.37141392,0.00340569,0.00000000,0.04705461,0.11509084,0.17016324,0.57221616,0.13504357,0.00000000
0.92746373,1.39377200,0.00348536,0.00000000,0.04613883,0.11514967,0.17604610,0.57651790,0.14020914,0.00000000
0.93346673,1.41383631,0.00355259,0.00000000,0.04517999,0.11515326,0.18234405,0.58008920,0.14500278,0.00000000
0.93946973,1.43194591,0.00360732,0.00000000,0.04420571,0.11519818,0.18919016,0.58310479,0.14938425,0.00000000
0.94547274,1.44854699,0.00364983,0.00000000,0.04324081,0.11538904,0.19673705,0.58576360,0.15332488,0.00000000
0.95147574,1.46418817,0.00368081,0.00000000,0.04230668,0.11583658,0.20515365,0.58828603,0.15680929,0.00000000
0.95747874,1.47951149,0.00370135,0.00000000,0.04142077,0.11665521,0.21462057,0.59091037,0.15983650,0.00000000
0.96348174,1.49523890,0.00371287,0.00000000,0.04059633,0.11796045,0.22532434,0.59388841,0.16242063,0.00000000
0.96948474,1.51215410,0.00371715,0.00000000,0.03984231,0.11986588,0.23745046,0.59748009,0.16459083,0.00000000
0.97548774,1.53108003,0.00371623,0.00000000,0.03916347,0.12247990,0.25117548,0.60194716,0.16639058,0.00000000
0.98149075,1.55285228,0.00371239,0.00000000,0.03856067,0.12590230,0.26665840,0.60754609,0.16787622,0.00000000
0.98749375,1.57828913,0.00370802,0.00000000,0.03803127,0.13022065,0.28403166,0.61452005,0.16911492,0.00000000
0.99349675,1.60815921,0.00370558,0.00000000,0.03756962,0.13550668,0.30339202,0.62309042,0.17018186,0.00000000
0.99949975,1.64314769,0.00370748,0.00000000,0.03716765,0.14181281,0.32479180,0.63344793,0.17115711,0.00000000
1.00550275,1.68382255,0.00371600,0.00000000,0.03681542,0.14916877,0.34823086,0.64574369,0.17212201,0.00000000
1.01150575,1.73060224,0.00373318,0.00000000,0.03650178,0.15757875,0.37364981,0.66008073,0.17315545,0.00000000
1.01750875,1.78372633,0.00376074,0.00000000,0.03621484,0.16701896,0.40092478,0.67650619,0.17433005,0.00000000
1.02351176,1.84323064,0.00380000,0.00000000,0.03594256,0.17743593,0.42986421,0.69500473,0.17570863,0.00000000
1.02951476,1.90892832,0.00385182,0.00000000,0.03567310,0.18874560,0.46020801,0.71549360,0.17734097,0.00000000
1.03551776,1.98039806,0.00391652,0.00000000,0.03539525,0.20083332,0.49162926,0.73781969,0.17926114,0.00000000
1.04152076,2.05698061,0.00399388,0.00000000,0.03509863,0.21355490,0.52373863,0.76175893,0.18148547,0.00000000
1.04752376,2.13778415,0.00408310,0.00000000,0.03477398,0.22673868,0.55609160,0.78701823,0.18401137,0.00000000
1.05352676,2.22169887,0.00418283,0.00000000,0.03441319,0.24018874,0.58819833,0.81324015,0.18681693,0.00000000
1.05952976,2.30742074,0.00429120,0.00000000,0.03400946,0.25368904,0.61953598,0.84001029,0.18986148,0.00000000
1.06553277,2.39348393,0.00440585,0.00000000,0.03355729,0.26700859,0.64956309,0.86686724,0.19308689,0.00000000
1.07153577,2.47830077,0.00452405,0.00000000,0.03305244,0.27990731,0.67773566,0.89331484,0.19641984,0.00000000
1.07753877,2.56020832,0.00464274,0.00000000,0.03249197,0.29214263,0.70352414,0.91883644,0.19977461,0.00000000
1.08354177,2.63751948,0.00475864,0.00000000,0.03187413,0.30347634,0.72643096,0.94291054,0.20305654,0.00000000
1.08954477,2.70857705,0.00486840,0.00000000,0.03119834,0.31368166,0.74600771,0.96502741,0.20616587,0.00000000
1.09554777,2.77180856,0.00496867,0.00000000,0.03046509,0.32255021,0.76187129,0.98470589,0.20900183,0.00000000
1.10155078,2.82577976,0.00505626,0.00000000,0.02967594,0.32989849,0.77371847,1.00150978,0.21146672,0.00000000
1.10755378,2.86924472,0.00512822,0.00000000,0.02883341,0.33557383,0.78133814,1.01506332,0.21347000,0.00000000
1.11355678,2.90119052,0.00518196,0.00000000,0.02794096,0.33945938,0.78462072,1.02506480,0.21493195,0.00000000
1.11955978,2.92087487,0.00521534,0.00000000,0.02700287,0.34147808,0.78356440,1.03129812,0.21578705,0.00000000
1.12556278,2.92785510,0.00522676,0.00000000,0.02602423,0.34159537,0.77827785,1.03364161,0.21598669,0.00000000
1.13156578,2.92200760,0.00521519,0.00000000,0.02501085,0.33982058,0.76897931,1.03207384,0.21550130,0.00000000
1.13756878,2.90353678,0.00518026,0.00000000,0.02396915,0.33620695,0.75599209,1.02667612,0.21432179,0.00000000
1.14357179,2.87297343,0.00512221,0.00000000,0.02290609,0.33085026,0.73973661,1.01763167,0.21246019,0.00000000
1.14957479,2.83116244,0.00504194,0.00000000,0.02182906,0.32388616,0.72071932,1.00522134,0.20994955,0.00000000
1.15557779,2.77924039,0.00494098,0.00000000,0.02074577,0.31548633,0.69951884,0.98981618,0.20684314,0.00000000
1.16158079,2.71860384,0.00482140,0.00000000,0.01966414,0.30585353,0.67676986,0.97186683,0.20321294,0.00000000
1.16758379,2.65086940,0.00468582,0.00000000,0.01859214,0.29521583,0.65314542,0.95189040,0.19914744,0.00000000
1.17358679,2.57782688,0.00453725,0.00000000,0.01753770,0.28382020,0.62933795,0.93045488,0.19474900,0.00000000
1.17958979,2.50138718,0.00437908,0.00000000,0.01650858,0.27192561,0.60603996,0.90816190,0.19013061,0.00000000
1.18559280,2.42352647,0.00421491,0.00000000,0.01551222,0.25979598,0.58392469,0.88562820,0.18541245,0.00000000
1.19159580,2.34622845,0.00404848,0.00000000,0.01455561,0.24769308,0.56362752,0.86346635,0.18071810,0.00000000
1.19759880,2.27142653,0.00388357,0.00000000,0.01364522,0.23586973,0.54572853,0.84226551,0.17617063,0.00000000
1.20360180,2.20094760,0.00372386,0.00000000,0.01278687,0.22456336,0.53073662,0.82257266,0.17188876,0.00000000
1.20960480,2.13645907,0.00357283,0.00000000,0.01198563,0.21399012,0.51907585,0.80487505,0.16798307,0.00000000
1.21560780,2.07942097,0.00343368,0.00000000,0.01124577,0.20433978,0.51107401,0.78958438,0.16455249,0.00000000
1.22161081,2.03104430,0.00330923,0.00000000,0.01057067,0.19577143,0.50695400,0.77702335,0.16168111,0.00000000
1.22761381,1.99225716,0.00320182,0.00000000,0.00996284,0.18841014,0.50682811,0.76741501,0.15943547,0.00000000
1.23361681,1.96367959,0.00311328,0.00000000,0.00942386,0.18234453,0.51069532,0.76087540,0.15786238,0.00000000
1.23961981,1.94560810,0.00304488,0.00000000,0.00895443,0.17762549,0.51844184,0.75740980,0.15698742,0.00000000
1.24562281,1.93801038,0.00299724,0.00000000,0.00855443,0.17426589,0.52984481,0.75691280,0.15681407,0.00000000
1.25162581,1.94053049,0.00297040,0.00000000,0.00822300,0.17224129,0.54457915,0.75917238,0.15732359,0.00000000
1.25762881,1.95250450,0.00296375,0.00000000,0.00795865,0.17149170,0.56222744,0.76387779,0.15847570,0.00000000
1.26363182,1.97298628,0.00297611,0.00000000,0.00775946,0.17192429,0.58229251,0.77063119,0.16020989,0.00000000
1.26963482,2.00078245,0.00300573,0.00000000,0.00762325,0.17341692,0.60421260,0.77896260,0.16244753,0.00000000
1.27563782,2.03449572,0.00305036,0.00000000,0.00754785,0.17582249,0.62737846,0.78834774,0.16509454,0.00000000
1.28164082,2.07257493,0.00310734,0.00000000,0.00753132,0.17897382,0.65115210,0.79822799,0.16804465,0.00000000
1.28764382,2.11337022,0.00317364,0.00000000,0.00757222,0.18268915,0.67488643,0.80803186,0.17118301,0.00000000
1.29364682,2.15519126,0.00324603,0.00000000,0.00766998,0.18677786,0.69794522,0.81719703,0.17439019,0.00000000
1.29964982,2.19636652,0.00332111,0.00000000,0.00782508,0.19104635,0.71972270,0.82519210,0.17754619,0.00000000
1.30565283,2.23530118,0.00339546,0.00000000,0.00803940,0.19530397,0.73966201,0.83153709,0.18053457,0.00000000
1.31165583,2.27053154,0.00346575,0.00000000,0.00831642,0.19936854,0.75727188,0.83582195,0.18324628,0.00000000
1.31765883,2.30077375,0.00352881,0.00000000,0.00866141,0.20307166,0.77214077,0.83772209,0.18558323,0.00000000
1.32366183,2.32496492,0.00358180,0.00000000,0.00908152,0.20626328,0.78394801,0.83701046,0.18746137,0.00000000
1.32966483,2.34229496,0.00362221,0.00000000,0.00958586,0.20881562,0.79247145,0.83356546,0.18881321,0.00000000
1.33566783,2.35222789,0.00364799,0.00000000,0.01018537,0.21062617,0.79759128,0.82737452,0.18958960,0.00000000
1.34167084,2.35451182,0.00365762,0.00000000,0.01089268,0.21161980,0.79928993,0.81853306,0.18976084,0.00000000
1.34767384,2.34917731,0.00365009,0.00000000,0.01172175,0.21174988,0.79764805,0.80723901,0.18931697,0.00000000
1.35367684,2.33652436,0.00362497,0.00000000,0.01268748,0.21099832,0.79283683,0.79378317,0.18826735,0.00000000
1.35967984,2.31709877,0.00358240,0.00000000,0.01380513,0.20937477,0.78510713,0.77853579,0.18663945,0.00000000
1.36568284,2.29165908,0.00352303,0.00000000,0.01508964,0.20691486,0.77477584,0.76193015,0.18447706,0.00000000
1.37168584,2.26113589,0.00344804,0.00000000,0.01655486,0.20367773,0.76221031,0.74444378,0.18183792,0.00000000
1.37768884,2.22658543,0.00335902,0.00000000,0.01821273,0.19974293,0.74781154,0.72657835,0.17879094,0.00000000
1.38369185,2.18913977,0.00325794,0.00000000,0.02007232,0.19520687,0.73199697,0.70883906,0.17541310,0.00000000
1.38969485,2.14995593,0.00314707,0.00000000,0.02213900,0.19017906,0.71518374,0.69171441,0.17178632,0.00000000
1.39569785,2.11016636,0.00302885,0.00000000,0.02441355,0.18477820,0.69777311,0.67565738,0.16799418,0.00000000
1.40170085,2.07083303,0.00290585,0.00000000,0.02689136,0.17912847,0.68013683,0.66106869,0.16411896,0.00000000
1.40770385,2.03290702,0.00278063,0.00000000,0.02956175,0.17335599,0.66260582,0.64828287,0.16023884,0.00000000
1.41370685,1.99719544,0.00265569,0.00000000,0.03240755,0.16758565,0.64546176,0.63755767,0.15642554,0.00000000
1.41970985,1.96433677,0.00253340,0.00000000,0.03540474,0.16193849,0.62893172,0.62906710,0.15274240,0.00000000
1.42571286,1.93478544,0.00241589,0.00000000,0.03852247,0.15652949,0.61318577,0.62289828,0.14924300,0.00000000
1.43171586,1.90880599,0.00230504,0.00000000,0.04172329,0.15146598,0.59833760,0.61905219,0.14597033,0.00000000
1.43771886,1.88647635,0.00220239,0.00000000,0.04496367,0.14684646,0.58444775,0.61744789,0.14295640,0.00000000
1.44372186,1.86769976,0.00210920,0.00000000,0.04819485,0.14275998,0.57152909,0.61793004,0.14022250,0.00000000
1.44972486,1.85222409,0.00202633,0.00000000,0.05136388,0.13928576,0.55955392,0.62027911,0.13777973,0.00000000
1.45572786,1.83966716,0.00195434,0.00000000,0.05441503,0.13649316,0.54846226,0.62422368,0.13563004,0.00000000
1.46173087,1.82954625,0.00189343,0.00000000,0.05729128,0.13444171,0.53817067,0.62945417,0.13376738,0.00000000
1.46773387,1.82131021,0.00184352,0.00000000,0.05993604,0.13318124,0.52858095,0.63563724,0.13217921,0.00000000
1.47373687,1.81437205,0.00180425,0.00000000,0.06229487,0.13275192,0.51958835,0.64243016,0.13084789,0.00000000
1.47973987,1.80814045,0.00177503,0.00000000,0.06431732,0.13318409,0.51108869,0.64949449,0.12975219,0.00000000
1.48574287,1.80204859,0.00175508,0.00000000,0.06595857,0.13449795,0.50298422,0.65650837,0.12886863,0.00000000
1.49174587,1.79557885,0.00174346,0.00000000,0.06718099,0.13670299,0.49518785,0.66317709,0.12817271,0.00000000
1.49774887,1.78828253,0.00173914,0.00000000,0.06795550,0.13979715,0.48762583,0.66924139,0.12763990,0.00000000
1.50375188,1.77979400,0.00174102,0.00000000,0.06826253,0.14376586,0.48023877,0.67448341,0.12724639,0.00000000
1.50975488,1.76983888,0.00174797,0.00000000,0.06809280,0.14858091,0.47298122,0.67873006,0.12696966,0.00000000
1.51575788,1.75823660,0.00175887,0.00000000,0.06744760,0.15419933,0.46582004,0.68185406,0.12678881,0.00000000
1.52176088,1.74489769,0.00177263,0.00000000,0.06633880,0.16056236,0.45873189,0.68377265,0.12668464,0.00000000
1.52776388,1.72981667,0.00178823,0.00000000,0.06478838,0.16759466,0.45170005,0.68444452,0.12663970,0.00000000
1.53376688,1.71306152,0.00180472,0.00000000,0.06282768,0.17520389,0.44471114,0.68386508,0.12663818,0.00000000
1.53976988,1.69476090,0.00182125,0.00000000,0.06049631,0.18328074,0.43775186,0.68206091,0.12666575,0.00000000
1.54577289,1.67509026,0.00183710,0.00000000,0.05784084,0.19169963,0.43080626,0.67908350,0.12670942,0.00000000
1.55177589,1.65425815,0.00185165,0.00000000,0.05491323,0.20031998,0.42385361,0.67500307,0.12675753,0.00000000
1.55777889,1.63249363,0.00186444,0.00000000,0.05176920,0.20898826,0.41686715,0.66990279,0.12679965,0.00000000
1.56378189,1.61003573,0.00187514,0.00000000,0.04846656,0.21754074,0.40981382,0.66387373,0.12682679,0.00000000
1.56978489,1.58712565,0.00188357,0.00000000,0.04506356,0.22580690,0.40265490,0.65701100,0.12683156,0.00000000
1.57578789,1.56400186,0.00188969,0.00000000,0.04161731,0.23361343,0.39534759,0.64941102,0.12680851,0.00000000
1.58179090,1.54089837,0.00189365,0.00000000,0.03818243,0.24078874,0.38784735,0.64117015,0.12675454,0.00000000
1.58779390,1.51804584,0.00189573,0.00000000,0.03480984,0.24716773,0.38011074,0.63238456,0.12666928,0.00000000
1.59379690,1.49567500,0.00189635,0.00000000,0.03154583,0.25259673,0.37209872,0.62315114,0.12655559,0.00000000
1.59979990,1.47402189,0.00189611,0.00000000,0.02843135,0.25693835,0.36377989,0.61356926,0.12641989,0.00000000
1.60580290,1.45333377,0.00189572,0.00000000,0.02550159,0.26007604,0.35513366,0.60374294,0.12627245,0.00000000
1.61180590,1.43387513,0.00189600,0.00000000,0.02278580,0.26191818,0.34615292,0.59378320,0.12612754,0.00000000
1.61780890,1.41593260,0.00189788,0.00000000,0.02030726,0.26240151,0.33684616,0.58381021,0.12600336,0.00000000
1.62381191,1.39981803,0.00190237,0.00000000,0.01808359,0.26149372,0.32723872,0.57395473,0.12592180,0.00000000
1.62981491,1.38586910,0.00191049,0.00000000,0.01612701,0.25919508,0.31737322,0.56435883,0.12590800,0.00000000
1.63581791,1.37444676,0.00192328,0.00000000,0.01444492,0.25553911,0.30730900,0.55517545,0.12598962,0.00000000
1.64182091,1.36592942,0.00194176,0.00000000,0.01304036,0.25059209,0.29712068,0.54656685,0.12619598,0.00000000
1.64782391,1.36070384,0.00196685,0.00000000,0.01191260,0.24445171,0.28689582,0.53870186,0.12655703,0.00000000
1.65382691,1.35915292,0.00199937,0.00000000,0.01105772,0.23724461,0.27673194,0.53175204,0.12710221,0.00000000
1.65982991,1.36164106,0.00203998,0.00000000,0.01046908,0.22912320,0.26673296,0.52588705,0.12785921,0.00000000
1.66583292,1.36849784,0.00208915,0.00000000,0.01013780,0.22026175,0.25700531,0.52126945,0.12885278,0.00000000
1.67183592,1.38000094,0.00214712,0.00000000,0.01005314,0.21085203,0.24765391,0.51804921,0.13010365,0.00000000
1.67783892,1.39635953,0.00221386,0.00000000,0.01020279,0.20109861,0.23877831,0.51635862,0.13162755,0.00000000
1.68384192,1.41769908,0.00228911,0.00000000,0.01057310,0.19121406,0.23046909,0.51630762,0.13343450,0.00000000
1.68984492,1.44404898,0.00237228,0.00000000,0.01114930,0.18141434,0.22280479,0.51798024,0.13552832,0.00000000
1.69584792,1.47533383,0.00246253,0.00000000,0.01191553,0.17191429,0.21584950,0.52143236,0.13790651,0.00000000
1.70185093,1.51136921,0.00255875,0.00000000,0.01285503,0.16292372,0.20965120,0.52669103,0.14056048,0.00000000
1.70785393,1.55186275,0.00265957,0.00000000,0.01395019,0.15464386,0.20424096,0.53375547,0.14347614,0.00000000
1.71385693,1.59642059,0.00276342,0.00000000,0.01518268,0.14726447,0.19963296,0.54259989,0.14663477,0.00000000
1.71985993,1.64455930,0.00286855,0.00000000,0.01653360,0.14096150,0.19582534,0.55317786,0.15001432,0.00000000
1.72586293,1.69572292,0.00297313,0.00000000,0.01798372,0.13589537,0.19280175,0.56542809,0.15359088,0.00000000
1.73186593,1.74930435,0.00307524,0.00000000,0.01951371,0.13220971,0.19053354,0.57928120,0.15734038,0.00000000
1.73786893,1.80467006,0.00317300,0.00000000,0.02110451,0.13003050,0.18898243,0.59466715,0.16124034,0.00000000
1.74387194,1.86118686,0.00326461,0.00000000,0.02273775,0.12946554,0.18810340,0.61152259,0.16527166,0.00000000
1.74987494,1.91824930,0.00334842,0.00000000,0.02439619,0.13060406,0.18784774,0.62979776,0.16942027,0.00000000
1.75587794,1.97530595,0.00342299,0.00000000,0.02606420,0.13351634,0.18816608,0.64946225,0.17367850,0.00000000
1.76188094,2.03188317,0.00348717,0.00000000,0.02772830,0.13825329,0.18901103,0.67050916,0.17804617,0.00000000
1.76788394,2.08760464,0.00354012,0.00000000,0.02937761,0.14484580,0.19033958,0.69295718,0.18253121,0.00000000
1.77388694,2.14220552,0.00358138,0.00000000,0.03100424,0.15330386,0.19211483,0.71685018,0.18714975,0.00000000
1.77988994,2.19554008,0.00361089,0.00000000,0.03260370,0.16361546,0.19430725,0.74225423,0.19192567,0.00000000
1.78589295,2.24758220,0.00362896,0.00000000,0.03417502,0.17574516,0.19689511,0.76925199,0.19688950,0.00000000
1.79189595,2.29841835,0.00363632,0.00000000,0.03572089,0.18963261,0.19986431,0.79793447,0.20207681,0.00000000
1.79789895,2.34823344,0.00363408,0.00000000,0.03724747,0.20519088,0.20320755,0.82839077,0.20752597,0.00000000
1.80390195,2.39728992,0.00362367,0.00000000,0.03876417,0.22230502,0.20692285,0.86069592,0.21327556,0.00000000
1.80990495,2.44590142,0.00360682,0.00000000,0.04028311,0.24083079,0.21101158,0.89489784,0.21936131,0.00000000
1.81590795,2.49440229,0.00358547,0.00000000,0.04181850,0.26059395,0.21547610,0.93100384,0.22581293,0.00000000
1.82191096,2.54311468,0.00356172,0.00000000,0.04338578,0.28139015,0.22031721,0.96896771,0.23265087,0.00000000
1.82791396,2.59231528,0.00353773,0.00000000,0.04500067,0.30298577,0.22553144,1.00867813,0.23988319,0.00000000
1.83391696,2.64220354,0.00351564,0.00000000,0.04667817,0.32511970,0.23110852,1.04994924,0.24750284,0.00000000
1.83991996,2.69287347,0.00349747,0.00000000,0.04843136,0.34750631,0.23702903,1.09251411,0.25548534,0.00000000
1.84592296,2.74429073,0.00348507,0.00000000,0.05027043,0.36983960,0.24326251,1.13602170,0.26378718,0.00000000
1.85192596,2.79627652,0.00348003,0.00000000,0.05220154,0.39179852,0.24976607,1.18003780,0.27234505,0.00000000
1.85792896,2.84849952,0.00348357,0.00000000,0.05422600,0.41305342,0.25648358,1.22405005,0.28107591,0.00000000
1.86393197,2.90047631,0.00349655,0.00000000,0.05633947,0.43327342,0.26334565,1.26747720,0.28987805,0.00000000
1.86993497,2.95158066,0.00351943,0.00000000,0.05853145,0.45213445,0.27027030,1.30968226,0.29863311,0.00000000
1.87593797,3.00106126,0.00355218,0.00000000,0.06078503,0.46932779,0.27716429,1.34998917,0.30720899,0.00000000
1.88194097,3.04806690,0.00359437,0.00000000,0.06307689,0.48456858,0.28392519,1.38770217,0.31546358,0.00000000
1.88794397,3.09167809,0.00364510,0.00000000,0.06537759,0.49760411,0.29044404,1.42212730,0.32324920,0.00000000
1.89394697,3.13094313,0.00370309,0.00000000,0.06765220,0.50822137,0.29660846,1.45259477,0.33041743,0.00000000
1.89994997,3.16491694,0.00376672,0.00000000,0.06986114,0.51625354,0.30230609,1.47848138,0.33682428,0.00000000
1.90595298,3.19270037,0.00383407,0.00000000,0.07196137,0.52158512,0.30742822,1.49923188,0.34233530,0.00000000
1.91195598,3.21347808,0.00390300,0.00000000,0.07390767,0.52415536,0.31187346,1.51437820,0.34683049,0.00000000
1.91795898,3.22655279,0.00397124,0.00000000,0.07565416,0.52395983,0.31555114,1.52355571,0.35020874,0.00000000
1.92396198,3.23137428,0.00403646,0.00000000,0.07715587,0.52105002,0.31838451,1.52651583,0.35239149,0.00000000
1.92996498,3.22756163,0.00409637,0.00000000,0.07837034,0.51553092,0.32031336,1.52313424,0.35332558,0.00000000
1.93596798,3.21491771,0.00414878,0.00000000,0.07925923,0.50755679,0.32129606,1.51341454,0.35298504,0.00000000
1.94197099,3.19343529,0.00419171,0.00000000,0.07978968,0.49732517,0.32131093,1.49748716,0.35137171,0.00000000
1.94797399,3.16329482,0.00422341,0.00000000,0.07993565,0.48506952,0.32035684,1.47560367,0.34851482,0.00000000
1.95397699,3.12485418,0.00424246,0.00000000,0.07967894,0.47105079,0.31845303,1.44812695,0.34446933,0.00000000
1.95997999,3.07863135,0.00424778,0.00000000,0.07900990,0.45554837,0.31563824,1.41551758,0.33931337,0.00000000
1.96598299,3.02528117,0.00423869,0.00000000,0.07792793,0.43885084,0.31196912,1.37831743,0.33314477,0.00000000
1.97198599,2.96556783,0.00421490,0.00000000,0.07644158,0.42124692,0.30751808,1.33713109,0.32607692,0.00000000
1.97798899,2.90033470,0.00417653,0.00000000,0.07456836,0.40301711,0.30237073,1.29260619,0.31823421,0.00000000
1.98399200,2.83047337,0.00412408,0.00000000,0.07233418,0.38442627,0.29662299,1.24541346,0.30974728,0.00000000
1.98999500,2.75689371,0.00405845,0.00000000,0.06977261,0.36571754,0.29037809,1.19622747,0.30074838,0.00000000
1.99599800,2.68049648,0.00398087,0.00000000,0.06692381,0.34710779,0.28374360,1.14570883,0.29136694,0.00000000
2.00200100,2.60214988,0.00389288,0.00000000,0.06383330,0.32878466,0.27682866,1.09448860,0.28172576,0.00000000
2.00800400,2.52267118,0.00379631,0.00000000,0.06055061,0.31090524,0.26974147,1.04315532,0.27193781,0.00000000
2.01400700,2.44281394,0.00369319,0.00000000,0.05712782,0.29359637,0.26258728,0.99224520,0.26210391,0.00000000
2.02001001,2.36326130,0.00358575,0.00000000,0.05361815,0.27695637,0.25546681,0.94223546,0.25231125,0.00000000
2.02601301,2.28462494,0.00347635,0.00000000,0.05007452,0.26105795,0.24847523,0.89354095,0.24263282,0.00000000
2.03201601,2.20744946,0.00336746,0.00000000,0.04654826,0.24595203,0.24170159,0.84651382,0.23312770,0.00000000
2.03801901,2.13222110,0.00326157,0.00000000,0.04308795,0.23167228,0.23522882,0.80144591,0.22384209,0.00000000
2.04402201,2.05937979,0.00316122,0.00000000,0.03973839,0.21823985,0.22913402,0.75857343,0.21481100,0.00000000
2.05002501,1.98933326,0.00306889,0.00000000,0.03653983,0.20566818,0.22348911,0.71808339,0.20606033,0.00000000
2.05602801,1.92247172,0.00298700,0.00000000,0.03352732,0.19396742,0.21836153,0.68012121,0.19760929,0.00000000
2.06203102,1.85918182,0.00291786,0.00000000,0.03073035,0.18314845,0.21381513,0.64479882,0.18947285,0.00000000
2.06803402,1.79985856,0.00286365,0.00000000,0.02817261,0.17322596,0.20991076,0.61220288,0.18166410,0.00000000
2.07403702,1.74491416,0.00282636,0.00000000,0.02587196,0.16422082,0.20670682,0.58240227,0.17419634,0.00000000
2.08004002,1.69478276,0.00280774,0.00000000,0.02384051,0.15616137,0.20425940,0.55545468,0.16708475,0.00000000
2.08604302,1.64992078,0.00280931,0.00000000,0.02208492,0.14908379,0.20262203,0.53141178,0.16034756,0.00000000
2.09204602,1.61080227,0.00283226,0.00000000,0.02060669,0.14303144,0.20184513,0.51032276,0.15400670,0.00000000
2.09804902,1.57790973,0.00287746,0.00000000,0.01940255,0.13805341,0.20197496,0.49223611,0.14808778,0.00000000
2.10405203,1.55172041,0.00294541,0.00000000,0.01846498,0.13420228,0.20305233,0.47719954,0.14261955,0.00000000
2.11005503,1.53268911,0.00303618,0.00000000,0.01778260,0.13153128,0.20511101,0.46525827,0.13763295,0.00000000
2.11605803,1.52122812,0.00314943,0.00000000,0.01734073,0.13009101,0.20817602,0.45645182,0.13315961,0.00000000
2.12206103,1.51768561,0.00328437,0.00000000,0.01712183,0.12992601,0.21226193,0.45080942,0.12923015,0.00000000
2.12806403,1.52232353,0.00343975,0.00000000,0.01710597,0.13107114,0.21737133,0.44834471,0.12587236,0.00000000
2.13406703,1.53529636,0.00361386,0.00000000,0.01727127,0.13354822,0.22349360,0.44904984,0.12310923,0.00000000
2.14007004,1.55663196,0.00380456,0.00000000,0.01759436,0.13736291,0.23060409,0.45288948,0.12095724,0.00000000
2.14607304,1.58621568,0.00400929,0.00000000,0.01805075,0.14250200,0.23866391,0.45979526,0.11942482,0.00000000
2.15207604,1.62377880,0.00422511,0.00000000,0.01861524,0.14893141,0.24762031,0.46966092,0.11851113,0.00000000
2.15807904,1.66889201,0.00444877,0.00000000,0.01926230,0.15659470,0.25740774,0.48233863,0.11820536,0.00000000
2.16408204,1.72096475,0.00467678,0.00000000,0.01996647,0.16541256,0.26794965,0.49763684,0.11848649,0.00000000
2.17008504,1.77925063,0.00490545,0.00000000,0.02070264,0.17528291,0.27916080,0.51531976,0.11932358,0.00000000
2.17608804,1.84285908,0.00513100,0.00000000,0.02144652,0.18608198,0.29095018,0.53510889,0.12067661,0.00000000
2.18209105,1.91077292,0.00534965,0.00000000,0.02217490,0.19766620,0.30322432,0.55668642,0.12249789,0.00000000
2.18809405,1.98187160,0.00555772,0.00000000,0.02286602,0.20987480,0.31589075,0.57970071,0.12473392,0.00000000
2.19409705,2.05495917,0.00575168,0.00000000,0.02349990,0.22253320,0.32886155,0.60377354,0.12732762,0.00000000
2.20010005,2.12879611,0.00592831,0.00000000,0.02405864,0.23545696,0.34205670,0.62850912,0.13022100,0.00000000
2.20610305,2.20213385,0.00608470,0.00000000,0.02452672,0.24845620,0.35540704,0.65350428,0.13335793,0.00000000
2.21210605,2.27375072,0.00621839,0.00000000,0.02489121,0.26134037,0.36885670,0.67835971,0.13668708,0.00000000
2.21810905,2.34248784,0.00632738,0.00000000,0.02514201,0.27392310,0.38236476,0.70269163,0.14016481,0.00000000
2.22411206,2.40728364,0.00641022,0.00000000,0.02527204,0.28602700,0.39590614,0.72614342,0.14375789,0.00000000
2.23011506,2.46720559,0.00646599,0.00000000,0.02527731,0.29748827,0.40947159,0.74839678,0.14744591,0.00000000
2.23611806,2.52147777,0.00649436,0.00000000,0.02515705,0.30816084,0.42306676,0.76918176,0.15122334,0.00000000
2.24212106,2.56950325,0.00649557,0.00000000,0.02491367,0.31791989,0.43671046,0.78828531,0.15510093,0.00000000
2.24812406,2.61088041,0.00647040,0.00000000,0.02455276,0.32666471,0.45043217,0.80555790,0.15910660,0.00000000
2.25412706,2.64541231,0.00642013,0.00000000,0.02408296,0.33432056,0.46426898,0.82091782,0.16328551,0.00000000
2.26013007,2.67310909,0.00634653,0.00000000,0.02351583,0.34083980,0.47826212,0.83435303,0.16769944,0.00000000
2.26613307,2.69418303,0.00625176,0.00000000,0.02286563,0.34620187,0.49245338,0.84592035,0.17242531,0.00000000
2.27213607,2.70903674,0.00613832,0.00000000,0.02214906,0.35041247,0.50688148,0.85574207,0.17755292,0.00000000
2.27813907,2.71824496,0.00600898,0.00000000,0.02138496,0.35350183,0.52157878,0.86400005,0.18318197,0.00000000
2.28414207,2.72253073,0.00586671,0.00000000,0.02059399,0.35552215,0.53656848,0.87092759,0.18941836,0.00000000
2.29014507,2.72273709,0.00571457,0.00000000,0.01979818,0.35654451,0.55186230,0.87679941,0.19636992,0.00000000
2.29614807,2.71979536,0.00555567,0.00000000,0.01902060,0.35665521,0.56745908,0.88192016,0.20414167,0.00000000
2.30215108,2.71469135,0.00539309,0.00000000,0.01828487,0.35595191,0.58334391,0.88661198,0.21283089,0.00000000
2.30815408,2.70843078,0.00522980,0.00000000,0.01761468,0.35453959,0.59948824,0.89120150,0.22252200,0.00000000
2.31415708,2.70200521,0.00506864,0.00000000,0.01703336,0.35252663,0.61585047,0.89600701,0.23328162,0.00000000
2.32016008,2.69635958,0.00491222,0.00000000,0.01656336,0.35002105,0.63237724,0.90132614,0.24515389,0.00000000
2.32616308,2.69236248,0.00476295,0.00000000,0.01622575,0.34712721,0.64900499,0.90742453,0.25815637,0.00000000
2.33216608,2.69077992,0.00462294,0.00000000,0.01603973,0.34394290,0.66566184,0.91452593,0.27227660,0.00000000
2.33816908,2.69225333,0.00449404,0.00000000,0.01602213,0.34055700,0.68226938,0.92280408,0.28746961,0.00000000
2.34417209,2.69728218,0.00437777,0.00000000,0.01618696,0.33704777,0.69874432,0.93237645,0.30365645,0.00000000
2.35017509,2.70621161,0.00427538,0.00000000,0.01654491,0.33348166,0.71499982,0.94330014,0.32072377,0.00000000
2.35617809,2.71922497,0.00418778,0.00000000,0.01710298,0.32991274,0.73094640,0.95556997,0.33852475,0.00000000
2.36218109,2.73634139,0.00411562,0.00000000,0.01786412,0.32638265,0.74649231,0.96911861,0.35688111,0.00000000
2.36818409,2.75741814,0.00405921,0.00000000,0.01882690,0.32292107,0.76154345,0.98381882,0.37558633,0.00000000
2.37418709,2.78215738,0.00401862,0.00000000,0.01998532,0.31954644,0.77600290,0.99948748,0.39440998,0.00000000
2.38019010,2.81011709,0.00399365,0.00000000,0.02132865,0.31626719,0.78977010,1.01589139,0.41310290,0.00000000
2.38619310,2.84072579,0.00398382,0.00000000,0.02284147,0.31308303,0.80273997,1.03275435,0.43140319,0.00000000
2.39219610,2.87330035,0.00398846,0.00000000,0.02450374,0.30998648,0.81480204,1.04976548,0.44904276,0.00000000
2.39819910,2.90706674,0.00400666,0.00000000,0.02629107,0.30696449,0.82583995,1.06658833,0.46575411,0.00000000
2.40420210,2.94118294,0.00403734,0.00000000,0.02817509,0.30400001,0.83573131,1.08287063,0.48127724,0.00000000
2.41020510,2.97476361,0.00407925,0.00000000,0.03012401,0.30107352,0.84434837,1.09825426,0.49536632,0.00000000
2.41620810,3.00690593,0.00413101,0.00000000,0.03210328,0.29816456,0.85155928,1.11238530,0.50779598,0.00000000
2.42221111,3.03671586,0.00419113,0.00000000,0.03407641,0.29525296,0.85723035,1.12492373,0.51836701,0.00000000
2.42821411,3.06333441,0.00425806,0.00000000,0.03600588,0.29232000,0.86122906,1.13555277,0.52691118,0.00000000
2.43421711,3.08596299,0.00433021,0.00000000,0.03785416,0.28934935,0.86342781,1.14398743,0.53329522,0.00000000
2.44022011,3.10388736,0.00440601,0.00000000,0.03958479,0.28632775,0.86370838,1.14998213,0.53742378,0.00000000
2.44622311,3.11649934,0.00448389,0.00000000,0.04116347,0.28324548,0.86196670,1.15333731,0.53924130,0.00000000
2.45222611,3.12331566,0.00456242,0.00000000,0.04255913,0.28009658,0.85811787,1.15390476,0.53873287,0.00000000
2.45822911,3.12399337,0.00464025,0.00000000,0.04374497,0.27687885,0.85210101,1.15159157,0.53592405,0.00000000
2.46423212,3.11834129,0.00471619,0.00000000,0.04469941,0.27359367,0.84388385,1.14636274,0.53087974,0.00000000
2.47023512,3.10632691,0.00478923,0.00000000,0.04540682,0.27024551,0.83346650,1.13824216,0.52370221,0.00000000
2.47623812,3.08807876,0.00485857,0.00000000,0.04585817,0.26684147,0.82088452,1.12731224,0.51452835,0.00000000
2.48224112,3.06388383,0.00492361,0.00000000,0.04605144,0.26339056,0.80621077,1.11371190,0.50352629,0.00000000
2.48824412,3.03418025,0.00498399,0.00000000,0.04599183,0.25990301,0.78955613,1.09763324,0.49089145,0.00000000
2.49424712,2.99954544,0.00503958,0.00000000,0.04569165,0.25638953,0.77106895,1.07931679,0.47684225,0.00000000
2.50025013,2.96068006,0.00509045,0.00000000,0.04517012,0.25286067,0.75093314,1.05904558,0.46161540,0.00000000
2.50625313,2.91838831,0.00513687,0.00000000,0.04445279,0.24932620,0.72936518,1.03713820,0.44546105,0.00000000
2.51225613,2.87355540,0.00517928,0.00000000,0.04357086,0.24579465,0.70660987,1.01394087,0.42863770,0.00000000
2.51825913,2.82712268,0.00521824,0.00000000,0.04256029,0.24227307,0.68293529,0.98981899,0.41140715,0.00000000
2.52426213,2.78006156,0.00525443,0.00000000,0.04146069,0.23876681,0.65862689,0.96514820,0.39402934,0.00000000
2.53026513,2.73334692,0.00528856,0.00000000,0.04031424,0.23527965,0.63398117,0.94030526,0.37675742,0.00000000
2.53626813,2.68793091,0.00532136,0.00000000,0.03916440,0.23181391,0.60929894,0.91565902,0.35983284,0.00000000
2.54227114,2.64471794,0.00535353,0.00000000,0.03805472,0.22837078,0.58487862,0.89156170,0.34348079,0.00000000
2.54827414,2.60454162,0.00538568,0.00000000,0.03702755,0.22495071,0.56100951,0.86834066,0.32790592,0.00000000
2.55427714,2.56814429,0.00541832,0.00000000,0.03612291,0.22155380,0.53796550,0.84629102,0.31328853,0.00000000
2.56028014,2.53615954,0.00545180,0.00000000,0.03537741,0.21818020,0.51599910,0.82566913,0.29978124,0.00000000
2.56628314,2.50909836,0.00548633,0.00000000,0.03482329,0.21483046,0.49533615,0.80668725,0.28750630,0.00000000
2.57228614,2.48733884,0.00552190,0.00000000,0.03448765,0.21150567,0.47617115,0.78950942,0.27655361,0.00000000
2.57828914,2.47111986,0.00555834,0.00000000,0.03439178,0.20820764,0.45866341,0.77424870,0.26697951,0.00000000
2.58429215,2.46053856,0.00559527,0.00000000,0.03455069,0.20493873,0.44293396,0.76096584,0.25880637,0.00000000
2.59029515,2.45555160,0.00563213,0.00000000,0.03497292,0.20170173,0.42906345,0.74966936,0.25202305,0.00000000
2.59629815,2.45597998,0.00566819,0.00000000,0.03566035,0.19849944,0.41709085,0.74031707,0.24658627,0.00000000
2.60230115,2.46151709,0.00570260,0.00000000,0.03660835,0.19533428,0.40701316,0.73281894,0.24242272,0.00000000
2.60830415,2.47173972,0.00573437,0.00000000,0.03780601,0.19220777,0.39878609,0.72704124,0.23943203,0.00000000
2.61430715,2.48612163,0.00576243,0.00000000,0.03923656,0.18912005,0.39232562,0.72281187,0.23749037,0.00000000
2.62031016,2.50404920,0.00578568,0.00000000,0.04087793,0.18606946,0.38751065,0.71992655,0.23645460,0.00000000
2.62631316,2.52483870,0.00580301,0.00000000,0.04270344,0.18305223,0.38418639,0.71815593,0.23616691,0.00000000
2.63231616,2.54775476,0.00581332,0.00000000,0.04468257,0.18006227,0.38216873,0.71725321,0.23645965,0.00000000
2.63831916,2.57202953,0.00581558,0.00000000,0.04678184,0.17709126,0.38124935,0.71696205,0.23716034,0.00000000
2.64432216,2.59688189,0.00580887,0.00000000,0.04896579,0.17412882,0.38120149,0.71702460,0.23809650,0.00000000
2.65032516,2.62153652,0.00579238,0.00000000,0.05119788,0.17116297,0.38178621,0.71718932,0.23910043,0.00000000
2.65632816,2.64524193,0.00576543,0.00000000,0.05344157,0.16818075,0.38275903,0.71721835,0.24001339,0.00000000
2.66233117,2.66728733,0.00572754,0.00000000,0.05566120,0.16516895,0.38387669,0.71689419,0.24068951,0.00000000
2.66833417,2.68701768,0.00567839,0.00000000,0.05782299,0.16211496,0.38490382,0.71602537,0.24099893,0.00000000
2.67433717,2.70384655,0.00561783,0.00000000,0.05989583,0.15900769,0.38561936,0.71445114,0.24083034,0.00000000
2.68034017,2.71726644,0.00554593,0.00000000,0.06185207,0.15583835,0.38582238,0.71204468,0.24009280,0.00000000
2.68634317,2.72685626,0.00546291,0.00000000,0.06366808,0.15260121,0.38533719,0.70871506,0.23871681,0.00000000
2.69234617,2.73228574,0.00536921,0.00000000,0.06532473,0.14929419,0.38401756,0.70440765,0.23665469,0.00000000
2.69834917,2.73331670,0.00526537,0.00000000,0.06680765,0.14591916,0.38174980,0.69910312,0.23388025,0.00000000
2.70435218,2.72980118,0.00515213,0.00000000,0.06810733,0.14248207,0.37845467,0.69281505,0.23038786,0.00000000
2.71035518,2.72167656,0.00503033,0.00000000,0.06921902,0.13899279,0.37408806,0.68558632,0.22619105,0.00000000
2.71635818,2.70895801,0.00490090,0.00000000,0.07014245,0.13546465,0.36864048,0.67748446,0.22132058,0.00000000
2.72236118,2.69172862,0.00476486,0.00000000,0.07088138,0.13191378,0.36213528,0.66859621,0.21582226,0.00000000
2.72836418,2.67012784,0.00462326,0.00000000,0.07144301,0.12835825,0.35462595,0.65902159,0.20975451,0.00000000
2.73436718,2.64433879,0.00447720,0.00000000,0.07183727,0.12481711,0.34619243,0.64886787,0.20318579,0.00000000
2.74037019,2.61457524,0.00432775,0.00000000,0.07207609,0.12130925,0.33693686,0.63824356,0.19619208,0.00000000
2.74637319,2.58106898,0.00417595,0.00000000,0.07217257,0.11785241,0.32697881,0.62725309,0.18885434,0.00000000
2.75237619,2.54405835,0.00402282,0.00000000,0.07214024,0.11446220,0.31645036,0.61599208,0.18125618,0.00000000
2.75837919,2.50377861,0.00386930,0.00000000,0.07199236,0.11115129,0.30549125,0.60454382,0.17348177,0.00000000
2.76438219,2.46045479,0.00371624,0.00000000,0.07174132,0.10792880,0.29424428,0.59297689,0.16561395,0.00000000
2.77038519,2.41429735,0.00356442,0.00000000,0.07139822,0.10479999,0.28285127,0.58134412,0.15773272,0.00000000
2.77638819,2.36550105,0.00341454,0.00000000,0.07097260,0.10176620,0.27144953,0.56968295,0.14991403,0.00000000
2.78239120,2.31424689,0.00326718,0.00000000,0.07047236,0.09882507,0.26016920,0.55801711,0.14222886,0.00000000
2.78839420,2.26070706,0.00312287,0.00000000,0.06990380,0.09597111,0.24913128,0.54635944,0.13474269,0.00000000
2.79439720,2.20505241,0.00298205,0.00000000,0.06927197,0.09319640,0.23844655,0.53471564,0.12751519,0.00000000
2.80040020,2.14746177,0.00284511,0.00000000,0.06858099,0.09049157,0.22821505,0.52308868,0.12060015,0.00000000
2.80640320,2.08813241,0.00271240,0.00000000,0.06783460,0.08784687,0.21852635,0.51148353,0.11404571,0.00000000
2.81240620,2.02729059,0.00258423,0.00000000,0.06703668,0.08525325,0.20946017,0.49991179,0.10789459,0.00000000
2.81840920,1.96520136,0.00246091,0.00000000,0.06619183,0.08270353,0.20108733,0.48839590,0.10218449,0.00000000
2.82441221,1.90217655,0.00234275,0.00000000,0.06530589,0.08019332,0.19347081,0.47697261,0.09694849,0.00000000
2.83041521,1.83858009,0.00223007,0.00000000,0.06438631,0.07772189,0.18666678,0.46569529,0.09221538,0.00000000
2.83641821,1.77483006,0.00212323,0.00000000,0.06344245,0.07529272,0.18072534,0.45463504,0.08800999,0.00000000
2.84242121,1.71139680,0.00202260,0.00000000,0.06248567,0.07291387,0.17569097,0.44388027,0.08435328,0.00000000
2.84842421,1.64879689,0.00192861,0.00000000,0.06152926,0.07059797,0.17160245,0.43353480,0.08126238,0.00000000
2.85442721,1.58758319,0.00184170,0.00000000,0.06058810,0.06836195,0.16849239,0.42371455,0.07875043,0.00000000
2.86043022,1.52833099,0.00176232,0.00000000,0.05967822,0.06622647,0.16638613,0.41454288,0.07682624,0.00000000
2.86643322,1.47162115,0.00169093,0.00000000,0.05881616,0.06421509,0.16530030,0.40614495,0.07549390,0.00000000
2.87243622,1.41802086,0.00162798,0.00000000,0.05801821,0.06235319,0.16524101,0.39864132,0.07475216,0.00000000
2.87843922,1.36806310,0.00157388,0.00000000,0.05729956,0.06066681,0.16620184,0.39214115,0.07459388,0.00000000
2.88444222,1.32222607,0.00152900,0.00000000,0.05667348,0.05918127,0.16816176,0.38673555,0.07500542,0.00000000
2.89044522,1.28091353,0.00149361,0.00000000,0.05615048,0.05791990,0.17108330,0.38249132,0.07596606,0.00000000
2.89644822,1.24443739,0.00146791,0.00000000,0.05573758,0.05690268,0.17491097,0.37944558,0.07744761,0.00000000
2.90245123,1.21300353,0.00145195,0.00000000,0.05543774,0.05614514,0.17957029,0.37760156,0.07941411,0.00000000
2.90845423,1.18670176,0.00144568,0.00000000,0.05524946,0.05565726,0.18496749,0.37692593,0.08182188,0.00000000
2.91445723,1.16550046,0.00144891,0.00000000,0.05516663,0.05544274,0.19099001,0.37734772,0.08461967,0.00000000
2.92046023,1.14924645,0.00146128,0.00000000,0.05517850,0.05549844,0.19750792,0.37875909,0.08774928,0.00000000
2.92646323,1.13767011,0.00148231,0.00000000,0.05527004,0.05581412,0.20437623,0.38101776,0.09114635,0.00000000
2.93246623,1.13039552,0.00151139,0.00000000,0.05542240,0.05637248,0.21143812,0.38395124,0.09474150,0.00000000
2.93846923,1.12695539,0.00154776,0.00000000,0.05561361,0.05714948,0.21852896,0.38736242,0.09846181,0.00000000
2.94447224,1.12680988,0.00159059,0.00000000,0.05581943,0.05811492,0.22548097,0.39103641,0.10223239,0.00000000
2.95047524,1.12936857,0.00163896,0.00000000,0.05601434,0.05923328,0.23212839,0.39474831,0.10597833,0.00000000
2.95647824,1.13401465,0.00169188,0.00000000,0.05617253,0.06046478,0.23831289,0.39827144,0.10962664,0.00000000
2.96248124,1.14013010,0.00174839,0.00000000,0.05626895,0.06176658,0.24388906,0.40138577,0.11310835,0.00000000
2.96848424,1.14712093,0.00180752,0.00000000,0.05628034,0.06309412,0.24872957,0.40388612,0.11636054,0.00000000
2.97448724,1.15444131,0.00186837,0.00000000,0.05618611,0.06440253,0.25272998,0.40558979,0.11932840,0.00000000
2.98049025,1.16161567,0.00193012,0.00000000,0.05596912,0.06564810,0.25581280,0.40634330,0.12196698,0.00000000
2.98649325,1.16825781,0.00199209,0.00000000,0.05561634,0.06678969,0.25793064,0.40602805,0.12424295,0.00000000
2.99249625,1.17408653,0.00205376,0.00000000,0.05511927,0.06779011,0.25906844,0.40456468,0.12613592,0.00000000
2.99849925,1.17893693,0.00211480,0.00000000,0.05447421,0.06861742,0.25924448,0.40191598,0.12763956,0.00000000
3.00450225,1.18276727,0.00217509,0.00000000,0.05368232,0.06924606,0.25851022,0.39808842,0.12876232,0.00000000
3.01050525,1.18566111,0.00223473,0.00000000,0.05274951,0.06965789,0.25694909,0.39313218,0.12952782,0.00000000
3.01650825,1.18782472,0.00229405,0.00000000,0.05168613,0.06984301,0.25467404,0.38713989,0.12997478,0.00000000
3.02251126,1.18957995,0.00235361,0.00000000,0.05050657,0.06980041,0.25182423,0.38024410,0.13015669,0.00000000
3.02851426,1.19135295,0.00241421,0.00000000,0.04922869,0.06953842,0.24856084,0.37261376,0.13014092,0.00000000
3.03451726,1.19365902,0.00247682,0.00000000,0.04787315,0.06907494,0.24506229,0.36444972,0.13000756,0.00000000
3.04052026,1.19708437,0.00254259,0.00000000,0.04646276,0.06843748,0.24151902,0.35597971,0.12984786,0.00000000
3.04652326,1.20226532,0.00261282,0.00000000,0.04502173,0.06766298,0.23812810,0.34745264,0.12976234,0.00000000
3.05252626,1.20986572,0.00268885,0.00000000,0.04357493,0.06679740,0.23508786,0.33913282,0.12985858,0.00000000
3.05852926,1.22055338,0.00277210,0.00000000,0.04214721,0.06589516,0.23259279,0.33129388,0.13024877,0.00000000
3.06453227,1.23497627,0.00286391,0.00000000,0.04076279,0.06501830,0.23082882,0.32421284,0.13104703,0.00000000
3.07053527,1.25373939,0.00296556,0.00000000,0.03944464,0.06423552,0.22996925,0.31816420,0.13236660,0.00000000
3.07653827,1.27738289,0.00307817,0.00000000,0.03821407,0.06362099,0.23017132,0.31341442,0.13431687,0.00000000
3.08254127,1.30636240,0.00320264,0.00000000,0.03709031,0.06325298,0.23157360,0.31021656,0.13700044,0.00000000
3.08854427,1.34103194,0.00333959,0.00000000,0.03609029,0.06321234,0.23429410,0.30880537,0.14051021,0.00000000
3.09454727,1.38163010,0.00348933,0.00000000,0.03522847,0.06358080,0.23842925,0.30939271,0.14492652,0.00000000
3.10055028,1.42826986,0.00365178,0.00000000,0.03451680,0.06443912,0.24405342,0.31216340,0.15031451,0.00000000
3.10655328,1.48093217,0.00382648,0.00000000,0.03396482,0.06586511,0.25121914,0.31727144,0.15672181,0.00000000
3.11255628,1.53946353,0.00401256,0.00000000,0.03357977,0.06793156,0.25995774,0.32483665,0.16417640,0.00000000
3.11855928,1.60357748,0.00420872,0.00000000,0.03336682,0.07070405,0.27028017,0.33494173,0.17268503,0.00000000
3.12456228,1.67285971,0.00441327,0.00000000,0.03332937,0.07423876,0.28217803,0.34762968,0.18223199,0.00000000
3.13056528,1.74677652,0.00462412,0.00000000,0.03346934,0.07858024,0.29562445,0.36290178,0.19277843,0.00000000
3.13656828,1.82468625,0.00483887,0.00000000,0.03378752,0.08375924,0.31057483,0.38071589,0.20426222,0.00000000
3.14257129,1.90585293,0.00505481,0.00000000,0.03428380,0.08979073,0.32696715,0.40098544,0.21659835,0.00000000
3.14857429,1.98946186,0.00526905,0.00000000,0.03495751,0.09667203,0.34472197,0.42357889,0.22967997,0.00000000
3.15457729,2.07463619,0.00547853,0.00000000,0.03580755,0.10438129,0.36374190,0.44831989,0.24337992,0.00000000
3.16058029,2.16045425,0.00568013,0.00000000,0.03683254,0.11287628,0.38391078,0.47498822,0.25755284,0.00000000
3.16658329,2.24596678,0.00587077,0.00000000,0.03803079,0.12209366,0.40509249,0.50332145,0.27203776,0.00000000
3.17258629,2.33021374,0.00604746,0.00000000,0.03940025,0.13194884,0.42712960,0.53301753,0.28666117,0.00000000
3.17858929,2.41224026,0.00620741,0.00000000,0.04093826,0.14233630,0.44984208,0.56373830,0.30124035,0.00000000
3.18459230,2.49111148,0.00634807,0.00000000,0.04264128,0.15313070,0.47302630,0.59511384,0.31558706,0.00000000
3.19059530,2.56592589,0.00646724,0.00000000,0.04450447,0.16418862,0.49645447,0.62674787,0.32951136,0.00000000
3.19659830,2.63582728,0.00656307,0.00000000,0.04652122,0.17535095,0.51987489,0.65822391,0.34282549,0.00000000
3.20260130,2.70001507,0.00663414,0.00000000,0.04868261,0.18644606,0.54301313,0.68911228,0.35534772,0.00000000
3.20860430,2.75775317,0.00667946,0.00000000,0.05097695,0.19729343,0.56557433,0.71897764,0.36690600,0.00000000
3.21460730,2.80837735,0.00669851,0.00000000,0.05338921,0.20770788,0.58724679,0.74738715,0.37734140,0.00000000
3.22061031,2.85130122,0.00669120,0.00000000,0.05590063,0.21750419,0.60770681,0.77391871,0.38651118,0.00000000
3.22661331,2.88602113,0.00665786,0.00000000,0.05848835,0.22650189,0.62662479,0.79816936,0.39429142,0.00000000
3.23261631,2.91211978,0.00659925,0.00000000,0.06112529,0.23453019,0.64367236,0.81976343,0.40057914,0.00000000
3.23861931,2.92926895,0.00651647,0.00000000,0.06378003,0.24143273,0.65853051,0.83836017,0.40529386,0.00000000
3.24462231,2.93723135,0.00641092,0.00000000,0.06641708,0.24707209,0.67089813,0.85366078,0.40837868,0.00000000
3.25062531,2.93586165,0.00628429,0.00000000,0.06899726,0.25133375,0.68050095,0.86541447,0.40980065,0.00000000
3.25662831,2.92510675,0.00613846,0.00000000,0.07147830,0.25412942,0.68710012,0.87342347,0.40955065,0.00000000
3.26263132,2.90500551,0.00597544,0.00000000,0.07381567,0.25539963,0.69050036,0.87754677,0.40764278,0.00000000
3.26863432,2.87568773,0.00579736,0.00000000,0.07596363,0.25511533,0.69055703,0.87770263,0.40411318,0.00000000
3.27463732,2.83737270,0.00560638,0.00000000,0.07787644,0.25327865,0.68718191,0.87386965,0.39901852,0.00000000
3.28064032,2.79036704,0.00540468,0.00000000,0.07950959,0.24992261,0.68034724,0.86608660,0.39243410,0.00000000
3.28664332,2.73506221,0.00519438,0.00000000,0.08082128,0.24510985,0.67008801,0.85445087,0.38445178,0.00000000
3.29264632,2.67193137,0.00497756,0.00000000,0.08177373,0.23893062,0.65650214,0.83911580,0.37517767,0.00000000
3.29864932,2.60152583,0.00475621,0.00000000,0.08233457,0.23149978,0.63974868,0.82028688,0.36472977,0.00000000
3.30465233,2.52447103,0.00453223,0.00000000,0.08247801,0.22295335,0.62004401,0.79821712,0.35323560,0.00000000
3.31065533,2.44146203,0.00430743,0.00000000,0.08218591,0.21344447,0.59765629,0.77320160,0.34082993,0.00000000
3.31665833,2.35325852,0.00408353,0.00000000,0.08144858,0.20313903,0.57289832,0.74557148,0.32765259,0.00000000
3.32266133,2.26067932,0.00386214,0.00000000,0.08026532,0.19221130,0.54611918,0.71568760,0.31384649,0.00000000
3.32866433,2.16459646,0.00364484,0.00000000,0.07864463,0.18083942,0.51769504,0.68393381,0.29955583,0.00000000
3.33466733,2.06592861,0.00343312,0.00000000,0.07660415,0.16920126,0.48801946,0.65071027,0.28492456,0.00000000
3.34067034,1.96563404,0.00322846,0.00000000,0.07417027,0.15747052,0.45749367,0.61642680,0.27009506,0.00000000
3.34667334,1.86470302,0.00303228,0.00000000,0.07137737,0.14581332,0.42651709,0.58149631,0.25520706,0.00000000
3.35267634,1.76414958,0.00284603,0.00000000,0.06826693,0.13438535,0.39547858,0.54632869,0.24039677,0.00000000
3.35867934,1.66500278,0.00267111,0.00000000,0.06488627,0.12332952,0.36474860,0.51132491,0.22579625,0.00000000
3.36468234,1.56829734,0.00250897,0.00000000,0.06128726,0.11277436,0.33467249,0.47687173,0.21153292,0.00000000
3.37068534,1.47506377,0.00236105,0.00000000,0.05752480,0.10283289,0.30556514,0.44333682,0.19772923,0.00000000
3.37668834,1.38631803,0.00222879,0.00000000,0.05365536,0.09360212,0.27770701,0.41106451,0.18450245,0.00000000
3.38269135,1.30305069,0.00211364,0.00000000,0.04973552,0.08516303,0.25134164,0.38037214,0.17196450,0.00000000
3.38869435,1.22621576,0.00201701,0.00000000,0.04582057,0.07758101,0.22667444,0.35154698,0.16022192,0.00000000
3.39469735,1.15671935,0.00194033,0.00000000,0.04196329,0.07090664,0.20387276,0.32484390,0.14937569,0.00000000
3.40070035,1.09540802,0.00188491,0.00000000,0.03821289,0.06517671,0.18306712,0.30048349,0.13952123,0.00000000
3.40670335,1.04305726,0.00185204,0.00000000,0.03461419,0.06041546,0.16435329,0.27865096,0.13074817,0.00000000
3.41270635,1.00036009,0.00184288,0.00000000,0.03120699,0.05663589,0.14779511,0.25949550,0.12314014,0.00000000
3.41870935,0.96791588,0.00185844,0.00000000,0.02802575,0.05384110,0.13342775,0.24313019,0.11677446,0.00000000
3.42471236,0.94621983,0.00189957,0.00000000,0.02509939,0.05202558,0.12126136,0.22963241,0.11172163,0.00000000
3.43071536,0.93565309,0.00196694,0.00000000,0.02245137,0.05117641,0.11128467,0.21904465,0.10804480,0.00000000
3.43671836,0.93647381,0.00206095,0.00000000,0.02009995,0.05127429,0.10346857,0.21137570,0.10579893,0.00000000
3.44272136,0.94880944,0.00218177,0.00000000,0.01805853,0.05229447,0.09776937,0.20660210,0.10502992,0.00000000
3.44872436,0.97265040,0.00232927,0.00000000,0.01633609,0.05420742,0.09413173,0.20466982,0.10577353,0.00000000
3.45472736,1.00784539,0.00250298,0.00000000,0.01493775,0.05697935,0.09249107,0.20549617,0.10805411,0.00000000
3.46073037,1.05409864,0.00270214,0.00000000,0.01386526,0.06057257,0.09277543,0.20897168,0.11188325,0.00000000
3.46673337,1.11096910,0.00292561,0.00000000,0.01311745,0.06494560,0.09490683,0.21496223,0.11725833,0.00000000
3.47273637,1.17787195,0.00317191,0.00000000,0.01269074,0.07005320,0.09880195,0.22331102,0.12416091,0.00000000
3.47873937,1.25408232,0.00343920,0.00000000,0.01257940,0.07584620,0.10437242,0.23384064,0.13255526,0.00000000
3.48474237,1.33874145,0.00372527,0.00000000,0.01277580,0.08227132,0.11152450,0.24635511,0.14238683,0.00000000
3.49074537,1.43086517,0.00402761,0.00000000,0.01327055,0.08927079,0.12015845,0.26064187,0.15358091,0.00000000
3.49674837,1.52935469,0.00434334,0.00000000,0.01405251,0.09678202,0.13016758,0.27647370,0.16604157,0.00000000
3.50275138,1.63300957,0.00466932,0.00000000,0.01510872,0.10473729,0.14143713,0.29361079,0.17965080,0.00000000
3.50875438,1.74054274,0.00500214,0.00000000,0.01642421,0.11306341,0.15384303,0.31180264,0.19426821,0.00000000
3.51475738,1.85059729,0.00533815,0.00000000,0.01798185,0.12168150,0.16725081,0.33079018,0.20973118,0.00000000
3.52076038,1.96176492,0.00567355,0.00000000,0.01976207,0.13050696,0.18151469,0.35030795,0.22585565,0.00000000
3.52676338,2.07260566,0.00600439,0.00000000,0.02174269,0.13944952,0.19647699,0.37008640,0.24243757,0.00000000
3.53276638,2.18166872,0.00632666,0.00000000,0.02389877,0.14841360,0.21196794,0.38985446,0.25925510,0.00000000
3.53876938,2.28751418,0.00663633,0.00000000,0.02620247,0.15729883,0.22780622,0.40934230,0.27607163,0.00000000
3.54477239,2.38873513,0.00692942,0.00000000,0.02862316,0.16600094,0.24379990,0.42828440,0.29263946,0.00000000
3.55077539,2.48398028,0.00720208,0.00000000,0.03112753,0.17441289,0.25974834,0.44642288,0.30870430,0.00000000
3.55677839,2.57197636,0.00745064,0.00000000,0.03367992,0.18242634,0.27544458,0.46351111,0.32401034,0.00000000
3.56278139,2.65155041,0.00767167,0.00000000,0.03624279,0.18993337,0.29067865,0.47931760,0.33830590,0.00000000
3.56878439,2.72165139,0.00786210,0.00000000,0.03877734,0.19682846,0.30524142,0.49363000,0.35134941,0.00000000
3.57478739,2.78137075,0.00801920,0.00000000,0.04124425,0.20301078,0.31892909,0.50625928,0.36291558,0.00000000
3.58079040,2.82996172,0.00814075,0.00000000,0.04360455,0.20838646,0.33154812,0.51704385,0.37280154,0.00000000
3.58679340,2.86685668,0.00822500,0.00000000,0.04582061,0.21287108,0.34292041,0.52585348,0.38083272,0.00000000
3.59279640,2.89168217,0.00827078,0.00000000,0.04785706,0.21639205,0.35288862,0.53259295,0.38686821,0.00000000
3.59879940,2.90427108,0.00827755,0.00000000,0.04968183,0.21889091,0.36132128,0.53720522,0.39080540,0.00000000
3.60480240,2.90467137,0.00824539,0.00000000,0.05126708,0.22032532,0.36811753,0.53967382,0.39258364,0.00000000
3.61080540,2.89315084,0.00817503,0.00000000,0.05259002,0.22067081,0.37321132,0.54002456,0.39218682,0.00000000
3.61680840,2.87019750,0.00806789,0.00000000,0.05363365,0.21992203,0.37657460,0.53832616,0.38964456,0.00000000
3.62281141,2.83651511,0.00792603,0.00000000,0.05438723,0.21809354,0.37821965,0.53468981,0.38503214,0.00000000
3.62881441,2.79301365,0.00775213,0.00000000,0.05484662,0.21521995,0.37820002,0.52926759,0.37846886,0.00000000
3.63481741,2.74079460,0.00754947,0.00000000,0.05501436,0.21135558,0.37661030,0.52224969,0.37011514,0.00000000
3.64082041,2.68113113,0.00732182,0.00000000,0.05489953,0.20657341,0.37358438,0.51386045,0.36016816,0.00000000
3.64682341,2.61544343,0.00707339,0.00000000,0.05451733,0.20096347,0.36929239,0.50435330,0.34885636,0.00000000
3.65282641,2.54526967,0.00680875,0.00000000,0.05388853,0.19463077,0.36393639,0.49400479,0.33643291,0.00000000
3.65882941,2.47223324,0.00653271,0.00000000,0.05303864,0.18769266,0.35774474,0.48310773,0.32316841,0.00000000
3.66483242,2.39800717,0.00625019,0.00000000,0.05199702,0.18027591,0.35096565,0.47196385,0.30934306,0.00000000
3.67083542,2.32427658,0.00596615,0.00000000,0.05079579,0.17251350,0.34385983,0.46087602,0.29523858,0.00000000
3.67683842,2.25270031,0.00568543,0.00000000,0.04946880,0.16454135,0.33669281,0.45014042,0.28113021,0.00000000
3.68284142,2.18487286,0.00541264,0.00000000,0.04805045,0.15649494,0.32972692,0.44003882,0.26727905,0.00000000
3.68884442,2.12228760,0.00515208,0.00000000,0.04657469,0.14850612,0.32321351,0.43083128,0.25392499,0.00000000
3.69484742,2.06630248,0.00490762,0.00000000,0.04507397,0.14070016,0.31738550,0.42274947,0.24128049,0.00000000
3.70085043,2.01810915,0.00468261,0.00000000,0.04357846,0.13319301,0.31245060,0.41599079,0.22952548,0.00000000
3.70685343,1.97870615,0.00447982,0.00000000,0.04211523,0.12608909,0.30858549,0.41071347,0.21880336,0.00000000
3.71285643,1.94887711,0.00430138,0.00000000,0.04070779,0.11947935,0.30593103,0.40703283,0.20921846,0.00000000
3.71885943,1.92917428,0.00414876,0.00000000,0.03937567,0.11343995,0.30458880,0.40501864,0.20083471,0.00000000
3.72486243,1.91990772,0.00402274,0.00000000,0.03813422,0.10803129,0.30461887,0.40469382,0.19367590,0.00000000
3.73086543,1.92114048,0.00392343,0.00000000,0.03699461,0.10329758,0.30603907,0.40603430,0.18772706,0.00000000
3.73686843,1.93268947,0.00385028,0.00000000,0.03596393,0.09926676,0.30882553,0.40897020,0.18293730,0.00000000
3.74287144,1.95413228,0.00380213,0.00000000,0.03504546,0.09595092,0.31291456,0.41338809,0.17922359,0.00000000
3.74887444,1.98481928,0.00377726,0.00000000,0.03423903,0.09334696,0.31820578,0.41913439,0.17647557,0.00000000
3.75487744,2.02389098,0.00377347,0.00000000,0.03354153,0.09143759,0.32456623,0.42601971,0.17456115,0.00000000
3.76088044,2.07030004,0.00378813,0.00000000,0.03294734,0.09019258,0.33183551,0.43382413,0.17333257,0.00000000
3.76688344,2.12283741,0.00381831,0.00000000,0.03244900,0.08957020,0.33983155,0.44230307,0.17263281,0.00000000
3.77288644,2.18016212,0.00386084,0.00000000,0.03203767,0.08951877,0.34835695,0.45119383,0.17230213,0.00000000
3.77888944,2.24083400,0.00391242,0.00000000,0.03170379,0.08997835,0.35720565,0.46022249,0.17218441,0.00000000
3.78489245,2.30334874,0.00396969,0.00000000,0.03143758,0.09088247,0.36616975,0.46911109,0.17213317,0.00000000
3.79089545,2.36617443,0.00402938,0.00000000,0.03122960,0.09215994,0.37504615,0.47758477,0.17201709,0.00000000
3.79689845,2.42778889,0.00408832,0.00000000,0.03107117,0.09373660,0.38364305,0.48537893,0.17172481,0.00000000
3.80290145,2.48671691,0.00414360,0.00000000,0.03095486,0.09553710,0.39178587,0.49224599,0.17116881,0.00000000
3.80890445,2.54156654,0.00419256,0.00000000,0.03087478,0.09748660,0.39932261,0.49796178,0.17028852,0.00000000
3.81490745,2.59106351,0.00423293,0.00000000,0.03082693,0.09951241,0.40612836,0.50233122,0.16905221,0.00000000
3.82091046,2.63408277,0.00426282,0.00000000,0.03080935,0.10154554,0.41210893,0.50519331,0.16745804,0.00000000
3.82691346,2.66967637,0.00428077,0.00000000,0.03082232,0.10352208,0.41720339,0.50642511,0.16553390,0.00000000
3.83291646,2.69709674,0.00428579,0.00000000,0.03086833,0.10538445,0.42138554,0.50594481,0.16333630,0.00000000
3.83891946,2.71581447,0.00427734,0.00000000,0.03095204,0.10708245,0.42466415,0.50371354,0.16094838,0.00000000
3.84492246,2.72553006,0.00425534,0.00000000,0.03108016,0.10857411,0.42708199,0.49973617,0.15847692,0.00000000
3.85092546,2.72617897,0.00422013,0.00000000,0.03126113,0.10982622,0.42871369,0.49406070,0.15604870,0.00000000
3.85692846,2.71792966,0.00417247,0.00000000,0.03150481,0.11081469,0.42966247,0.48677662,0.15380624,0.00000000
3.86293147,2.70117447,0.00411345,0.00000000,0.03182202,0.11152458,0.43005578,0.47801196,0.15190293,0.00000000
3.86893447,2.67651354,0.00404448,0.00000000,0.03222401,0.11194984,0.43004009,0.46792932,0.15049793,0.00000000
3.87493747,2.64473202,0.00396718,0.00000000,0.03272187,0.11209279,0.42977488,0.45672087,0.14975080,0.00000000
3.88094047,2.60677133,0.00388336,0.00000000,0.03332590,0.11196336,0.42942623,0.44460253,0.14981604,0.00000000
3.88694347,2.56369541,0.00379491,0.00000000,0.03404494,0.11157808,0.42916001,0.43180745,0.15083773,0.00000000
3.89294647,2.51665305,0.00370375,0.00000000,0.03488573,0.11095891,0.42913518,0.41857902,0.15294432,0.00000000
3.89894947,2.46683773,0.00361176,0.00000000,0.03585229,0.11013193,0.42949733,0.40516368,0.15624384,0.00000000
3.90495248,2.41544657,0.00352071,0.00000000,0.03694542,0.10912598,0.43037282,0.39180364,0.16081944,0.00000000
3.91095548,2.36363978,0.00343222,0.00000000,0.03816220,0.10797132,0.43186373,0.37872991,0.16672560,0.00000000
3.91695848,2.31250251,0.00334768,0.00000000,0.03949574,0.10669831,0.43404397,0.36615572,0.17398497,0.00000000
3.92296148,2.26301054,0.00326826,0.00000000,0.04093500,0.10533624,0.43695665,0.35427075,0.18258604,0.00000000
3.92896448,2.21600116,0.00319486,0.00000000,0.04246482,0.10391239,0.44061294,0.34323617,0.19248166,0.00000000
3.93496748,2.17215062,0.00312809,0.00000000,0.04406612,0.10245128,0.44499243,0.33318082,0.20358854,0.00000000
3.94097049,2.13195897,0.00306830,0.00000000,0.04571630,0.10097415,0.45004514,0.32419863,0.21578783,0.00000000
3.94697349,2.09574281,0.00301558,0.00000000,0.04738980,0.09949880,0.45569494,0.31634734,0.22892665,0.00000000
3.95297649,2.06363633,0.00296980,0.00000000,0.04905886,0.09803964,0.46184436,0.30964860,0.24282084,0.00000000
3.95897949,2.03560023,0.00293061,0.00000000,0.05069437,0.09660799,0.46838052,0.30408941,0.25725870,0.00000000
3.96498249,2.01143815,0.00289752,0.00000000,0.05226684,0.09521264,0.47518194,0.29962483,0.27200572,0.00000000
3.97098549,1.99081946,0.00286993,0.00000000,0.05374750,0.09386054,0.48212576,0.29618186,0.28681023,0.00000000
3.97698849,1.97330731,0.00284720,0.00000000,0.05510929,0.09255759,0.48909516,0.29366421,0.30140977,0.00000000
3.98299150,1.95839024,0.00282866,0.00000000,0.05632797,0.09130948,0.49598639,0.29195791,0.31553810,0.00000000
3.98899450,1.94551587,0.00281369,0.00000000,0.05738305,0.09012253,0.50271522,0.29093732,0.32893241,0.00000000
3.99499750,1.93412465,0.00280175,0.00000000,0.05825863,0.08900436,0.50922221,0.29047133,0.34134074,0.00000000
4.00100050,1.92368216,0.00279243,0.00000000,0.05894411,0.08796450,0.51547671,0.29042951,0.35252913,0.00000000
4.00700350,1.91370809,0.00278543,0.00000000,0.05943467,0.08701468,0.52147911,0.29068783,0.36228832,0.00000000
4.01300650,1.90380066,0.00278061,0.00000000,0.05973154,0.08616902,0.52726133,0.29113375,0.37043972,0.00000000
4.01900950,1.89365511,0.00277799,0.00000000,0.05984201,0.08544389,0.53288546,0.29167045,0.37684038,0.00000000
4.02501251,1.88307567,0.00277772,0.00000000,0.05977924,0.08485752,0.53844050,0.29221998,0.38138673,0.00000000
4.03101551,1.87198037,0.00278008,0.00000000,0.05956180,0.08442940,0.54403735,0.29272518,0.38401699,0.00000000
4.03701851,1.86039876,0.00278541,0.00000000,0.05921301,0.08417948,0.54980240,0.29315049,0.38471210,0.00000000
4.04302151,1.84846291,0.00279415,0.00000000,0.05876001,0.08412722,0.55586985,0.29348134,0.38349514,0.00000000
4.04902451,1.83639236,0.00280671,0.00000000,0.05823281,0.08429049,0.56237330,0.29372247,0.38042935,0.00000000
4.05502751,1.82447408,0.00282348,0.00000000,0.05766308,0.08468449,0.56943695,0.29389520,0.37561473,0.00000000
4.06103052,1.81303872,0.00284478,0.00000000,0.05708295,0.08532068,0.57716688,0.29403378,0.36918353,0.00000000
4.06703352,1.80243469,0.00287080,0.00000000,0.05652378,0.08620571,0.58564294,0.29418112,0.36129479,0.00000000
4.07303652,1.79300149,0.00290157,0.00000000,0.05601492,0.08734062,0.59491153,0.29438413,0.35212815,0.00000000
4.07903952,1.78504391,0.00293694,0.00000000,0.05558258,0.08872012,0.60497978,0.29468899,0.34187740,0.00000000
4.08504252,1.77880849,0.00297656,0.00000000,0.05524883,0.09033212,0.61581135,0.29513641,0.33074383,0.00000000
4.09104552,1.77446358,0.00301988,0.00000000,0.05503076,0.09215753,0.62732415,0.29575753,0.31892984,0.00000000
4.09704852,1.77208392,0.00306614,0.00000000,0.05493977,0.09417029,0.63939002,0.29657017,0.30663308,0.00000000
4.10305153,1.77164061,0.00311438,0.00000000,0.05498119,0.09633769,0.65183640,0.29757618,0.29404118,0.00000000
4.10905453,1.77299684,0.00316351,0.00000000,0.05515402,0.09862093,0.66445004,0.29875949,0.28132742,0.00000000
4.11505753,1.77590954,0.00321230,0.00000000,0.05545100,0.10097593,0.67698242,0.30008537,0.26864739,0.00000000
4.12106053,1.78003667,0.00325946,0.00000000,0.05585879,0.10335431,0.68915675,0.30150074,0.25613669,0.00000000
4.12706353,1.78494994,0.00330368,0.00000000,0.05635852,0.10570464,0.70067620,0.30293549,0.24390963,0.00000000
4.13306653,1.79015187,0.00334366,0.00000000,0.05692641,0.10797371,0.71123305,0.30430479,0.23205902,0.00000000
4.13906953,1.79509671,0.00337822,0.00000000,0.05753463,0.11010800,0.72051837,0.30551234,0.22065674,0.00000000
4.14507254,1.79921386,0.00340632,0.00000000,0.05815227,0.11205513,0.72823179,0.30645423,0.20975520,0.00000000
4.15107554,1.80193289,0.00342709,0.00000000,0.05874641,0.11376538,0.73409118,0.30702339,0.19938930,0.00000000
4.15707854,1.80270899,0.00343994,0.00000000,0.05928329,0.11519311,0.73784161,0.30711428,0.18957895,0.00000000
4.16308154,1.80104770,0.00344450,0.00000000,0.05972946,0.11629819,0.73926367,0.30662777,0.18033171,0.00000000
4.16908454,1.79652802,0.00344074,0.00000000,0.06005298,0.11704722,0.73818049,0.30547579,0.17164572,0.00000000
4.17508754,1.78882291,0.00342892,0.00000000,0.06022448,0.11741465,0.73446362,0.30358575,0.16351247,0.00000000
4.18109055,1.77771645,0.00340963,0.00000000,0.06021822,0.11738370,0.72803739,0.30090433,0.15591946,0.00000000
4.18709355,1.76311707,0.00338376,0.00000000,0.06001300,0.11694701,0.71888175,0.29740069,0.14885260,0.00000000
4.19309655,1.74506635,0.00335247,0.00000000,0.05959293,0.11610708,0.70703362,0.29306878,0.14229825,0.00000000
4.19909955,1.72374314,0.00331722,0.00000000,0.05894801,0.11487642,0.69258661,0.28792877,0.13624492,0.00000000
4.20510255,1.69946294,0.00327967,0.00000000,0.05807462,0.11327739,0.67568929,0.28202751,0.13068449,0.00000000
4.21110555,1.67267247,0.00324167,0.00000000,0.05697568,0.11134175,0.65654206,0.27543798,0.12561306,0.00000000
4.21710855,1.64393966,0.00320520,0.00000000,0.05566075,0.10910993,0.63539271,0.26825779,0.12103137,0.00000000
4.22311156,1.61393953,0.00317232,0.00000000,0.05414582,0.10662999,0.61253090,0.26060678,0.11694483,0.00000000
4.22911456,1.58343621,0.00314514,0.00000000,0.05245301,0.10395635,0.58828165,0.25262382,0.11336323,0.00000000
4.23511756,1.55326189,0.00312570,0.00000000,0.05061003,0.10114831,0.56299806,0.24446296,0.11030019,0.00000000
4.24112056,1.52429324,0.00311599,0.00000000,0.04864947,0.09826841,0.53705349,0.23628910,0.10777229,0.00000000
4.24712356,1.49742628,0.00311786,0.00000000,0.04660803,0.09538066,0.51083338,0.22827327,0.10579815,0.00000000
4.25312656,1.47355030,0.00313295,0.00000000,0.04452551,0.09254878,0.48472696,0.22058790,0.10439736,0.00000000
4.25912956,1.45352193,0.00316269,0.00000000,0.04244386,0.08983445,0.45911898,0.21340205,0.10358937,0.00000000
4.26513257,1.43814019,0.00320825,0.00000000,0.04040603,0.08729566,0.43438180,0.20687696,0.10339251,0.00000000
4.27113557,1.42812339,0.00327050,0.00000000,0.03845491,0.08498525,0.41086793,0.20116203,0.10382298,0.00000000
4.27713857,1.42408863,0.00334998,0.00000000,0.03663217,0.08294972,0.38890327,0.19639134,0.10489412,0.00000000
4.28314157,1.42653478,0.00344694,0.00000000,0.03497721,0.08122828,0.36878110,0.19268092,0.10661588,0.00000000
4.28914457,1.43582941,0.00356126,0.00000000,0.03352612,0.07985222,0.35075711,0.19012671,0.10899442,0.00000000
4.29514757,1.45220002,0.00369254,0.00000000,0.03231073,0.07884470,0.33504538,0.18880345,0.11203211,0.00000000
4.30115058,1.47573005,0.00384007,0.00000000,0.03135780,0.07822077,0.32181557,0.18876430,0.11572768,0.00000000
4.30715358,1.50635935,0.00400288,0.00000000,0.03068831,0.07798784,0.31119107,0.19004122,0.12007663,0.00000000
4.31315658,1.54388927,0.00417975,0.00000000,0.03031687,0.07814629,0.30324844,0.19264611,0.12507181,0.00000000
4.31915958,1.58799170,0.00436929,0.00000000,0.03025136,0.07869045,0.29801781,0.19657244,0.13070416,0.00000000
4.32516258,1.63822161,0.00456993,0.00000000,0.03049271,0.07960965,0.29548429,0.20179735,0.13696346,0.00000000
4.33116558,1.69403240,0.00478004,0.00000000,0.03103481,0.08088937,0.29559029,0.20828397,0.14383907,0.00000000
4.33716858,1.75479308,0.00499791,0.00000000,0.03186473,0.08251243,0.29823857,0.21598385,0.15132051,0.00000000
4.34317159,1.81980654,0.00522181,0.00000000,0.03296299,0.08446002,0.30329597,0.22483928,0.15939782,0.00000000
4.34917459,1.88832784,0.00545003,0.00000000,0.03430409,0.08671268,0.31059761,0.23478546,0.16806169,0.00000000
4.35517759,1.95958187,0.00568092,0.00000000,0.03585721,0.08925098,0.31995140,0.24575213,0.17730311,0.00000000
4.36118059,2.03277943,0.00591286,0.00000000,0.03758700,0.09205597,0.33114277,0.25766494,0.18711274,0.00000000
4.36718359,2.10713128,0.00614433,0.00000000,0.03945454,0.09510935,0.34393942,0.27044612,0.19747975,0.00000000
4.37318659,2.18185977,0.00637382,0.00000000,0.04141842,0.09839335,0.35809605,0.28401468,0.20839037,0.00000000
4.37918959,2.25620776,0.00659992,0.00000000,0.04343584,0.10189032,0.37335885,0.29828610,0.21982607,0.00000000
4.38519260,2.32944496,0.00682119,0.00000000,0.04546376,0.10558213,0.38946968,0.31317158,0.23176152,0.00000000
4.39119560,2.40087191,0.00703622,0.00000000,0.04746001,0.10944942,0.40616999,0.32857692,0.24416242,0.00000000
4.39719860,2.46982210,0.00724355,0.00000000,0.04938441,0.11347072,0.42320425,0.34440131,0.25698349,0.00000000
4.40320160,2.53566266,0.00744164,0.00000000,0.05119970,0.11762160,0.44032297,0.36053607,0.27016657,0.00000000
4.40920460,2.59779451,0.00762890,0.00000000,0.05287245,0.12187397,0.45728528,0.37686360,0.28363919,0.00000000
4.41520760,2.65565249,0.00780359,0.00000000,0.05437371,0.12619552,0.47386113,0.39325670,0.29731373,0.00000000
4.42121061,2.70870625,0.00796388,0.00000000,0.05567952,0.13054940,0.48983305,0.40957851,0.31108727,0.00000000
4.42721361,2.75646255,0.00810786,0.00000000,0.05677123,0.13489437,0.50499763,0.42568305,0.32484234,0.00000000
4.43321661,2.79846920,0.00823351,0.00000000,0.05763557,0.13918512,0.51916669,0.44141665,0.33844852,0.00000000
4.43921961,2.83432108,0.00833879,0.00000000,0.05826460,0.14337320,0.53216834,0.45662016,0.35176501,0.00000000
4.44522261,2.86366815,0.00842168,0.00000000,0.05865538,0.14740812,0.54384779,0.47113203,0.36464409,0.00000000
4.45122561,2.88622517,0.00848022,0.00000000,0.05880956,0.15123891,0.55406821,0.48479217,0.37693536,0.00000000
4.45722861,2.90178274,0.00851265,0.00000000,0.05873280,0.15481589,0.56271152,0.49744640,0.38849055,0.00000000
4.46323162,2.91021885,0.00851741,0.00000000,0.05843417,0.15809257,0.56967915,0.50895129,0.39916874,0.00000000
4.46923462,2.91151009,0.00849328,0.00000000,0.05792540,0.16102765,0.57489289,0.51917927,0.40884169,0.00000000
4.47523762,2.90574156,0.00843942,0.00000000,0.05722024,0.16358689,0.57829566,0.52802352,0.41739898,0.00000000
4.48124062,2.89311440,0.00835547,0.00000000,0.05633378,0.16574480,0.57985226,0.53540250,0.42475267,0.00000000
4.48724362,2.87394998,0.00824159,0.00000000,0.05528187,0.16748597,0.57954997,0.54126381,0.43084117,0.00000000
4.49324662,2.84868982,0.00809848,0.00000000,0.05408061,0.16880604,0.57739896,0.54558693,0.43563206,0.00000000
4.49924962,2.81789061,0.00792742,0.00000000,0.05274595,0.16971203,0.57343237,0.54838484,0.43912362,0.00000000
4.50525263,2.78221401,0.00773023,0.00000000,0.05129344,0.17022227,0.56770600,0.54970420,0.44134503,0.00000000
4.51125563,2.74241094,0.00750929,0.00000000,0.04973803,0.17036554,0.56029756,0.54962398,0.44235496,0.00000000
4.51725863,2.69930087,0.00726743,0.00000000,0.04809400,0.17017988,0.55130527,0.54825262,0.44223883,0.00000000
4.52326163,2.65374662,0.00700788,0.00000000,0.04637501,0.16971064,0.54084602,0.54572370,0.44110459,0.00000000
4.52926463,2.60662562,0.00673419,0.00000000,0.04459409,0.16900832,0.52905279,0.54219035,0.43907741,0.00000000
4.53526763,2.55879896,0.00645008,0.00000000,0.04276381,0.16812599,0.51607170,0.53781861,0.43629348,0.00000000
4.54127064,2.51107974,0.00615939,0.00000000,0.04089636,0.16711653,0.50205845,0.53278015,0.43289321,0.00000000
4.54727364,2.46420217,0.00586592,0.00000000,0.03900367,0.16602993,0.48717453,0.52724452,0.42901431,0.00000000
4.55327664,2.41879339,0.00557331,0.00000000,0.03709742,0.16491068,0.47158317,0.52137167,0.42478498,0.00000000
4.55927964,2.37534925,0.00528499,0.00000000,0.03518915,0.16379545,0.45544533,0.51530477,0.42031782,0.00000000
4.56528264,2.33421572,0.00500401,0.00000000,0.03329016,0.16271122,0.43891582,0.50916402,0.41570456,0.00000000
4.57128564,2.29557705,0.00473303,0.00000000,0.03141145,0.16167389,0.42213981,0.50304167,0.41101211,0.00000000
4.57728864,2.25945128,0.00447425,0.00000000,0.02956361,0.16068754,0.40524983,0.49699849,0.40628008,0.00000000
4.58329165,2.22569375,0.00422936,0.00000000,0.02775665,0.15974436,0.38836345,0.49106200,0.40151989,0.00000000
4.58929465,2.19400837,0.00399954,0.00000000,0.02599982,0.15882512,0.37158171,0.48522640,0.39671549,0.00000000
4.59529765,2.16396618,0.00378546,0.00000000,0.02430141,0.15790041,0.35498840,0.47945442,0.39182576,0.00000000
4.60130065,2.13503027,0.00358734,0.00000000,0.02266858,0.15693231,0.33865014,0.47368066,0.38678822,0.00000000
4.60730365,2.10658587,0.00340495,0.00000000,0.02110722,0.15587656,0.32261722,0.46781654,0.38152406,0.00000000
4.61330665,2.07797378,0.00323770,0.00000000,0.01962185,0.15468503,0.30692518,0.46175631,0.37594396,0.00000000
4.61930965,2.04852566,0.00308474,0.00000000,0.01821552,0.15330840,0.29159696,0.45538399,0.36995444,0.00000000
4.62531266,2.01759905,0.00294495,0.00000000,0.01688985,0.15169884,0.27664536,0.44858063,0.36346444,0.00000000
4.63131566,1.98461045,0.00281709,0.00000000,0.01564505,0.14981260,0.26207585,0.44123162,0.35639157,0.00000000
4.63731866,1.94906464,0.00269986,0.00000000,0.01448004,0.14761234,0.24788933,0.43323368,0.34866784,0.00000000
4.64332166,1.91057888,0.00259193,0.00000000,0.01339262,0.14506914,0.23408485,0.42450100,0.34024443,0.00000000
4.64932466,1.86890072,0.00249206,0.00000000,0.01237962,0.14216398,0.22066197,0.41497037,0.33109539,0.00000000
4.65532766,1.82391873,0.00239909,0.00000000,0.01143714,0.13888879,0.20762280,0.40460503,0.32121991,0.00000000
4.66133067,1.77566574,0.00231201,0.00000000,0.01056078,0.13524687,0.19497348,0.39339693,0.31064328,0.00000000
4.66733367,1.72431470,0.00222995,0.00000000,0.00974585,0.13125277,0.18272520,0.38136761,0.29941637,0.00000000
4.67333667,1.67016760,0.00215223,0.00000000,0.00898761,0.12693173,0.17089465,0.36856741,0.28761379,0.00000000
4.67933967,1.61363825,0.00207833,0.00000000,0.00828144,0.12231849,0.15950391,0.35507333,0.27533091,0.00000000
4.68534267,1.55523025,0.00200787,0.00000000,0.00762303,0.11745584,0.14857999,0.34098567,0.26267983,0.00000000
4.69134567,1.49551126,0.00194062,0.00000000,0.00700850,0.11239281,0.13815396,0.32642352,0.24978471,0.00000000
4.69734867,1.43508532,0.00187643,0.00000000,0.00643446,0.10718269,0.12825979,0.31151971,0.23677670,0.00000000
4.70335168,1.37456471,0.00181523,0.00000000,0.00589813,0.10188089,0.11893312,0.29641520,0.22378864,0.00000000
4.70935468,1.31454280,0.00175698,0.00000000,0.00539731,0.09654293,0.11020992,0.28125340,0.21095003,0.00000000
4.71535768,1.25556939,0.00170167,0.00000000,0.00493037,0.09122250,0.10212525,0.26617471,0.19838237,0.00000000
4.72136068,1.19812965,0.00164924,0.00000000,0.00449624,0.08596965,0.09471215,0.25131148,0.18619512,0.00000000
4.72736368,1.14262760,0.00159960,0.00000000,0.00409430,0.08082942,0.08800068,0.23678369,0.17448249,0.00000000
4.73336668,1.08937475,0.00155258,0.00000000,0.00372436,0.07584062,0.08201726,0.22269551,0.16332111,0.00000000
4.73936968,1.03858418,0.00150796,0.00000000,0.00338653,0.07103511,0.07678411,0.20913278,0.15276874,0.00000000
4.74537269,0.99036999,0.00146545,0.00000000,0.00308113,0.06643734,0.07231907,0.19616159,0.14286380,0.00000000
4.75137569,0.94475192,0.00142466,0.00000000,0.00280863,0.06206432,0.06863540,0.18382785,0.13362595,0.00000000
4.75737869,0.90166427,0.00138519,0.00000000,0.00256954,0.05792589,0.06574182,0.17215785,0.12505736,0.00000000
4.76338169,0.86096863,0.00134656,0.00000000,0.00236434,0.05402526,0.06364256,0.16115961,0.11714465,0.00000000
4.76938469,0.82246916,0.00130830,0.00000000,0.00219340,0.05035979,0.06233736,0.15082498,0.10986137,0.00000000
4.77538769,0.78592955,0.00126991,0.00000000,0.00205692,0.04692196,0.06182141,0.14113224,0.10317075,0.00000000
4.78139070,0.75109049,0.00123094,0.00000000,0.00195486,0.04370041,0.06208518,0.13204902,0.09702856,0.00000000
4.78739370,0.71768668,0.00119098,0.00000000,0.00188693,0.04068105,0.06311405,0.12353536,0.09138602,0.00000000
4.79339670,0.68546239,0.00114969,0.00000000,0.00185251,0.03784813,0.06488777,0.11554676,0.08619248,0.00000000
4.79939970,0.65418492,0.00110681,0.00000000,0.00185064,0.03518525,0.06737976,0.10803697,0.08139782,0.00000000
4.80540270,0.62365526,0.00106218,0.00000000,0.00188000,0.03267621,0.07055630,0.10096055,0.07695444,0.00000000
4.81140570,0.59371574,0.00101574,0.00000000,0.00193886,0.03030582,0.07437560,0.09427488,0.07281887,0.00000000
4.81740870,0.56425437,0.00096754,0.00000000,0.00202512,0.02806042,0.07878693,0.08794180,0.06895288,0.00000000
4.82341171,0.53520608,0.00091772,0.00000000,0.00213626,0.02592829,0.08372984,0.08192865,0.06532411,0.00000000
4.82941471,0.50655105,0.00086651,0.00000000,0.00226940,0.02389987,0.08913353,0.07620890,0.06190639,0.00000000
4.83541771,0.47831055,0.00081424,0.00000000,0.00242128,0.02196783,0.09491666,0.07076225,0.05867955,0.00000000
4.84142071,0.45054085,0.00076129,0.00000000,0.00258829,0.02012697,0.10098735,0.06557433,0.05562914,0.00000000
4.84742371,0.42332574,0.00070809,0.00000000,0.00276654,0.01837402,0.10724389,0.06063616,0.05274581,0.00000000
4.85342671,0.39676839,0.00065509,0.00000000,0.00295190,0.01670737,0.11357576,0.05594329,0.05002464,0.00000000
4.85942971,0.37098310,0.00060278,0.00000000,0.00314007,0.01512671,0.11986537,0.05149487,0.04746451,0.00000000
4.86543272,0.34608743,0.00055162,0.00000000,0.00332668,0.01363266,0.12599022,0.04729267,0.04506740,0.00000000
4.87143572,0.32219538,0.00050204,0.00000000,0.00350734,0.01222641,0.13182567,0.04334006,0.04283791,0.00000000
4.87743872,0.29941175,0.00045445,0.00000000,0.00367779,0.01090933,0.13724799,0.03964124,0.04078293,0.00000000
4.88344172,0.27782817,0.00040921,0.00000000,0.00383396,0.00968271,0.14213787,0.03620044,0.03891144,0.00000000
4.88944472,0.25752062,0.00036663,0.00000000,0.00397211,0.00854749,0.14638398,0.03302148,0.03723452,0.00000000
4.89544772,0.23854880,0.00032695,0.00000000,0.00408892,0.00750405,0.14988658,0.03010740,0.03576555,0.00000000
4.90145073,0.22095689,0.00029037,0.00000000,0.00418158,0.00655215,0.15256105,0.02746038,0.03452057,0.00000000
4.90745373,0.20477580,0.00025703,0.00000000,0.00424790,0.00569081,0.15434100,0.02508177,0.03351865,0.00000000
4.91345673,0.19002641,0.00022702,0.00000000,0.00428637,0.00491836,0.15518098,0.02297234,0.03278239,0.00000000
4.91945973,0.17672371,0.00020037,0.00000000,0.00429621,0.00423251,0.15505864,0.02113260,0.03233836,0.00000000
4.92546273,0.16488135,0.00017711,0.00000000,0.00427742,0.00363043,0.15397611,0.01956326,0.03221743,0.00000000
4.93146573,0.15451636,0.00015721,0.00000000,0.00423081,0.00310893,0.15196068,0.01826567,0.03245500,0.00000000
4.93746873,0.14565374,0.00014066,0.00000000,0.00415799,0.00266460,0.14906476,0.01724227,0.03309093,0.00000000
4.94347174,0.13833060,0.00012741,0.00000000,0.00406135,0.00229402,0.14536494,0.01649702,0.03416930,0.00000000
4.94947474,0.13259976,0.00011745,0.00000000,0.00394406,0.00199388,0.14096046,0.01603574,0.03573782,0.00000000
4.95547774,0.12853249,0.00011074,0.00000000,0.00380998,0.00176124,0.13597107,0.01586634,0.03784689,0.00000000
4.96148074,0.12622031,0.00010729,0.00000000,0.00366365,0.00159361,0.13053429,0.01599893,0.04054841,0.00000000
4.96748374,0.12577597,0.00010713,0.00000000,0.00351024,0.00148911,0.12480237,0.01644582,0.04389421,0.00000000
4.97348674,0.12733320,0.00011031,0.00000000,0.00335549,0.00144660,0.11893906,0.01722137,0.04793421,0.00000000
4.97948974,0.13104574,0.00011692,0.00000000,0.00320566,0.00146574,0.11311623,0.01834170,0.05271438,0.00000000
4.98549275,0.13708523,0.00012705,0.00000000,0.00306752,0.00154701,0.10751056,0.01982429,0.05827450,0.00000000
4.99149575,0.14563832,0.00014086,0.00000000,0.00294833,0.00169174,0.10230043,0.02168750,0.06464588,0.00000000
4.99749875,0.15690304,0.00015850,0.00000000,0.00285582,0.00190210,0.09766301,0.02394999,0.07184910,0.00000000
5.00350175,0.17108439,0.00018016,0.00000000,0.00279823,0.00218098,0.09377168,0.02663009,0.07989183,0.00000000
5.00950475,0.18838941,0.00020603,0.00000000,0.00278433,0.00253192,0.09079381,0.02974512,0.08876696,0.00000000
5.01550775,0.20902171,0.00023631,0.00000000,0.00282344,0.00295899,0.08888885,0.03331073,0.09845105,0.00000000
5.02151076,0.23317561,0.00027118,0.00000000,0.00292553,0.00346658,0.08820670,0.03734028,0.10890321,0.00000000
5.02751376,0.26103008,0.00031084,0.00000000,0.00310119,0.00405923,0.08888636,0.04184417,0.12006452,0.00000000
5.03351676,0.29274232,0.00035544,0.00000000,0.00336175,0.00474142,0.09105475,0.04682939,0.13185810,0.00000000
5.03951976,0.32844145,0.00040511,0.00000000,0.00371925,0.00551730,0.09482560,0.05229897,0.14418975,0.00000000
5.04552276,0.36822207,0.00045994,0.00000000,0.00418647,0.00639047,0.10029836,0.05825164,0.15694930,0.00000000
5.05152576,0.41213814,0.00051996,0.00000000,0.00477686,0.00736372,0.10755707,0.06468155,0.17001257,0.00000000
5.05752876,0.46019698,0.00058517,0.00000000,0.00550447,0.00843880,0.11666910,0.07157805,0.18324393,0.00000000
5.06353177,0.51235385,0.00065547,0.00000000,0.00638380,0.00961614,0.12768366,0.07892556,0.19649934,0.00000000
5.06953477,0.56850699,0.00073072,0.00000000,0.00742958,0.01089467,0.14063023,0.08670357,0.20962981,0.00000000
5.07553777,0.62849343,0.00081071,0.00000000,0.00865650,0.01227167,0.15551674,0.09488657,0.22248506,0.00000000
5.08154077,0.69208565,0.00089515,0.00000000,0.01007882,0.01374255,0.17232772,0.10344415,0.23491731,0.00000000
5.08754377,0.75898931,0.00098366,0.00000000,0.01170996,0.01530081,0.19102224,0.11234104,0.24678500,0.00000000
5.09354677,0.82884203,0.00107582,0.00000000,0.01356193,0.01693799,0.21153205,0.12153716,0.25795628,0.00000000
5.09954977,0.90121356,0.00117112,0.00000000,0.01564478,0.01864365,0.23375978,0.13098769,0.26831207,0.00000000
5.10555278,0.97560730,0.00126899,0.00000000,0.01796596,0.02040547,0.25757741,0.14064310,0.27774872,0.00000000
5.11155578,1.05146325,0.00136881,0.00000000,0.02052961,0.02220935,0.28282527,0.15044913,0.28617994,0.00000000
5.11755878,1.12816259,0.00146987,0.00000000,0.02333589,0.02403960,0.30931145,0.16034686,0.29353809,0.00000000
5.12356178,1.20503368,0.00157146,0.00000000,0.02638032,0.02587912,0.33681203,0.17027267,0.29977480,0.00000000
5.12956478,1.28135969,0.00167280,0.00000000,0.02965312,0.02770976,0.36507205,0.18015827,0.30486078,0.00000000
5.13556778,1.35638768,0.00177307,0.00000000,0.03313869,0.02951251,0.39380743,0.18993085,0.30878505,0.00000000
5.14157079,1.42933902,0.00187146,0.00000000,0.03681519,0.03126791,0.42270781,0.19951322,0.31155356,0.00000000
5.14757379,1.49942108,0.00196711,0.00000000,0.04065431,0.03295638,0.45144038,0.20882419,0.31318731,0.00000000
5.15357679,1.56583995,0.00205915,0.00000000,0.04462113,0.03455852,0.47965479,0.21777902,0.31372016,0.00000000
5.15957979,1.62781405,0.00214675,0.00000000,0.04867439,0.03605553,0.50698879,0.22629019,0.31319642,0.00000000
5.16558279,1.68458818,0.00222904,0.00000000,0.05276680,0.03742953,0.53307492,0.23426831,0.31166838,0.00000000
5.17158579,1.73544799,0.00230521,0.00000000,0.05684576,0.03866385,0.55754765,0.24162334,0.30919390,0.00000000
5.17758879,1.77973423,0.00237447,0.00000000,0.06085425,0.03974338,0.58005119,0.24826605,0.30583422,0.00000000
5.18359180,1.81685673,0.00243606,0.00000000,0.06473202,0.04065483,0.60024741,0.25410965,0.30165202,0.00000000
5.18959480,1.84630748,0.00248929,0.00000000,0.06841696,0.04138698,0.61782393,0.25907176,0.29670990,0.00000000
5.19559780,1.86767265,0.00253354,0.00000000,0.07184669,0.04193086,0.63250182,0.26307638,0.29106921,0.00000000
5.20160080,1.88064297,0.00256827,0.00000000,0.07496026,0.04227999,0.64404287,0.26605602,0.28478931,0.00000000
5.20760380,1.88502236,0.00259303,0.00000000,0.07769986,0.04243044,0.65225606,0.26795383,0.27792718,0.00000000
5.21360680,1.88073429,0.00260748,0.00000000,0.08001268,0.04238098,0.65700294,0.26872561,0.27053745,0.00000000
5.21960980,1.86782571,0.00261139,0.00000000,0.08185252,0.04213312,0.65820180,0.26834166,0.26267266,0.00000000
5.22561281,1.84646838,0.00260469,0.00000000,0.08318137,0.04169111,0.65583040,0.26678832,0.25438370,0.00000000
5.23161581,1.81695734,0.00258739,0.00000000,0.08397068,0.04106191,0.64992711,0.26406916,0.24572040,0.00000000
5.23761881,1.77970666,0.00255970,0.00000000,0.08420246,0.04025508,0.64059038,0.26020575,0.23673220,0.00000000
5.24362181,1.73524235,0.00252192,0.00000000,0.08386988,0.03928271,0.62797669,0.25523793,0.22746870,0.00000000
5.24962481,1.68419279,0.00247452,0.00000000,0.08297768,0.03815919,0.61229676,0.24922348,0.21798014,0.00000000
5.25562781,1.62727671,0.00241809,0.00000000,0.08154202,0.03690102,0.59381039,0.24223738,0.20831780,0.00000000
5.26163082,1.56528922,0.00235336,0.00000000,0.07959007,0.03552651,0.57282006,0.23437045,0.19853408,0.00000000
5.26763382,1.49908621,0.00228116,0.00000000,0.07715912,0.03405553,0.54966337,0.22572757,0.18868255,0.00000000
5.27363682,1.42956765,0.00220243,0.00000000,0.07429547,0.03250912,0.52470484,0.21642543,0.17881766,0.00000000
5.27963982,1.35766018,0.00211819,0.00000000,0.07105291,0.03090919,0.49832709,0.20659003,0.16899440,0.00000000
5.28564282,1.28429965,0.00202952,0.00000000,0.06749110,0.02927809,0.47092197,0.19635389,0.15926775,0.00000000
5.29164582,1.21041388,0.00193754,0.00000000,0.06367372,0.02763824,0.44288175,0.18585310,0.14969203,0.00000000
5.29764882,1.13690633,0.00184339,0.00000000,0.05966658,0.02601177,0.41459072,0.17522444,0.14032024,0.00000000
5.30365183,1.06464087,0.00174823,0.00000000,0.05553579,0.02442010,0.38641744,0.16460245,0.13120327,0.00000000
5.30965483,0.99442806,0.00165319,0.00000000,0.05134595,0.02288360,0.35870786,0.15411675,0.12238928,0.00000000
5.31565783,0.92701317,0.00155934,0.00000000,0.04715853,0.02142123,0.33177947,0.14388957,0.11392296,0.00000000
5.32166083,0.86306602,0.00146773,0.00000000,0.04303046,0.02005026,0.30591650,0.13403356,0.10584494,0.00000000
5.32766383,0.80317279,0.00137931,0.00000000,0.03901295,0.01878595,0.28136635,0.12464995,0.09819135,0.00000000
5.33366683,0.74782972,0.00129496,0.00000000,0.03515062,0.01764134,0.25833716,0.11582708,0.09099330,0.00000000
5.33966983,0.69743867,0.00121546,0.00000000,0.03148088,0.01662706,0.23699645,0.10763929,0.08427665,0.00000000
5.34567284,0.65230443,0.00114148,0.00000000,0.02803365,0.01575111,0.21747088,0.10014618,0.07806175,0.00000000
5.35167584,0.61263363,0.00107358,0.00000000,0.02483127,0.01501884,0.19984683,0.09339219,0.07236330,0.00000000
5.35767884,0.57853513,0.00101220,0.00000000,0.02188874,0.01443280,0.18417186,0.08740659,0.06719029,0.00000000
5.36368184,0.55002180,0.00095767,0.00000000,0.01921414,0.01399275,0.17045678,0.08220360,0.06254604,0.00000000
5.36968484,0.52701347,0.00091017,0.00000000,0.01680917,0.01369570,0.15867822,0.07778297,0.05842826,0.00000000
5.37568784,0.50934120,0.00086979,0.00000000,0.01466990,0.01353595,0.14878171,0.07413063,0.05482917,0.00000000
5.38169085,0.49675253,0.00083648,0.00000000,0.01278758,0.01350527,0.14068491,0.07121960,0.05173573,0.00000000
5.38769385,0.48891797,0.00081008,0.00000000,0.01114943,0.01359300,0.13428118,0.06901114,0.04912988,0.00000000
5.39369685,0.48543851,0.00079032,0.00000000,0.00973955,0.01378634,0.12944311,0.06745595,0.04698885,0.00000000
5.39969985,0.48585423,0.00077682,0.00000000,0.00853970,0.01407061,0.12602626,0.06649558,0.04528553,0.00000000
5.40570285,0.48965397,0.00076912,0.00000000,0.00753012,0.01442956,0.12387283,0.06606399,0.04398894,0.00000000
5.41170585,0.49628598,0.00076666,0.00000000,0.00669022,0.01484580,0.12281526,0.06608913,0.04306471,0.00000000
5.41770885,0.50516941,0.00076883,0.00000000,0.00599921,0.01530117,0.12267989,0.06649465,0.04247570,0.00000000
5.42371186,0.51570659,0.00077494,0.00000000,0.00543663,0.01577721,0.12329039,0.06720172,0.04218268,0.00000000
5.42971486,0.52729575,0.00078428,0.00000000,0.00498283,0.01625564,0.12447116,0.06813078,0.04214500,0.00000000
5.43571786,0.53934402,0.00079609,0.00000000,0.00461930,0.01671885,0.12605050,0.06920339,0.04232142,0.00000000
5.44172086,0.55128029,0.00080961,0.00000000,0.00432894,0.01715040,0.12786362,0.07034400,0.04267095,0.00000000
5.44772386,0.56256771,0.00082409,0.00000000,0.00409626,0.01753547,0.12975538,0.07148163,0.04315367,0.00000000
5.45372686,0.57271533,0.00083880,0.00000000,0.00390750,0.01786132,0.13158277,0.07255150,0.04373164,0.00000000
5.45972986,0.58128861,0.00085302,0.00000000,0.00375067,0.01811765,0.13321698,0.07349642,0.04436977,0.00000000
5.46573287,0.58791840,0.00086612,0.00000000,0.00361558,0.01829700,0.13454522,0.07426803,0.04503662,0.00000000
5.47173587,0.59230815,0.00087751,0.00000000,0.00349375,0.01839492,0.13547198,0.07482786,0.04570525,0.00000000
5.47773887,0.59423907,0.00088667,0.00000000,0.00337837,0.01841022,0.13591995,0.07514800,0.04635385,0.00000000
5.48374187,0.59357306,0.00089317,0.00000000,0.00326415,0.01834501,0.13583049,0.07521165,0.04696639,0.00000000
5.48974487,0.59025348,0.00089667,0.00000000,0.00314723,0.01820471,0.13516358,0.07501324,0.04753314,0.00000000
5.49574787,0.58430349,0.00089693,0.00000000,0.00302499,0.01799790,0.13389738,0.07455832,0.04805094,0.00000000
5.50175088,0.57582242,0.00089378,0.00000000,0.00289594,0.01773616,0.13202742,0.07386318,0.04852346,0.00000000
5.50775388,0.56497994,0.00088717,0.00000000,0.00275947,0.01743378,0.12956532,0.07295411,0.04896116,0.00000000
5.51375688,0.55200867,0.00087715,0.00000000,0.00261580,0.01710733,0.12653731,0.07186648,0.04938115,0.00000000
5.51975988,0.53719516,0.00086382,0.00000000,0.00246571,0.01677526,0.12298239,0.07064353,0.04980675,0.00000000
5.52576288,0.52086983,0.00084740,0.00000000,0.00231048,0.01645737,0.11895042,0.06933501,0.05026694,0.00000000
5.53176588,0.50339602,0.00082817,0.00000000,0.00215169,0.01617428,0.11449997,0.06799560,0.05079554,0.00000000
5.53776888,0.48515862,0.00080647,0.00000000,0.00199109,0.01594679,0.10969621,0.06668320,0.05143016,0.00000000
5.54377189,0.46655256,0.00078268,0.00000000,0.00183055,0.01579534,0.10460874,0.06545719,0.05221104,0.00000000
5.54977489,0.44797147,0.00075725,0.00000000,0.00167188,0.01573931,0.09930954,0.06437661,0.05317960,0.00000000
5.55577789,0.42979679,0.00073063,0.00000000,0.00151681,0.01579651,0.09387101,0.06349826,0.05437696,0.00000000
5.56178089,0.41238772,0.00070328,0.00000000,0.00136691,0.01598251,0.08836414,0.06287499,0.05584227,0.00000000
5.56778389,0.39607195,0.00067569,0.00000000,0.00122353,0.01631017,0.08285691,0.06255399,0.05761101,0.00000000
5.57378689,0.38113779,0.00064830,0.00000000,0.00108781,0.01678909,0.07741291,0.06257517,0.05971337,0.00000000
5.57978989,0.36782739,0.00062155,0.00000000,0.00096062,0.01742527,0.07209010,0.06296987,0.06217260,0.00000000
5.58579290,0.35633167,0.00059583,0.00000000,0.00084257,0.01822073,0.06693994,0.06375969,0.06500360,0.00000000
5.59179590,0.34678665,0.00057147,0.00000000,0.00073406,0.01917331,0.06200665,0.06495563,0.06821167,0.00000000
5.59779890,0.33927162,0.00054877,0.00000000,0.00063522,0.02027658,0.05732676,0.06655760,0.07179169,0.00000000
5.60380190,0.33380888,0.00052795,0.00000000,0.00054601,0.02151984,0.05292889,0.06855423,0.07572750,0.00000000
5.60980490,0.33036530,0.00050916,0.00000000,0.00046620,0.02288831,0.04883374,0.07092311,0.07999187,0.00000000
5.61580790,0.32885559,0.00049250,0.00000000,0.00039541,0.02436338,0.04505429,0.07363143,0.08454685,0.00000000
5.62181091,0.32914704,0.00047799,0.00000000,0.00033315,0.02592313,0.04159619,0.07663696,0.08934461,0.00000000
5.62781391,0.33106589,0.00046558,0.00000000,0.00027885,0.02754284,0.03845828,0.07988951,0.09432878,0.00000000
5.63381691,0.33440479,0.00045517,0.00000000,0.00023188,0.02919571,0.03563334,0.08333259,0.09943622,0.00000000
5.63981991,0.33893137,0.00044662,0.00000000,0.00019157,0.03085366,0.03310886,0.08690545,0.10459916,0.00000000
5.64582291,0.34439741,0.00043971,0.00000000,0.00015725,0.03248818,0.03086793,0.09054525,0.10974760,0.00000000
5.65182591,0.35054835,0.00043423,0.00000000,0.00012825,0.03407121,0.02889016,0.09418941,0.11481192,0.00000000
5.65782891,0.35713272,0.00042994,0.00000000,0.00010393,0.03557611,0.02715269,0.09777779,0.11972549,0.00000000
5.66383192,0.36391106,0.00042657,0.00000000,0.00008370,0.03697842,0.02563108,0.10125495,0.12442723,0.00000000
5.66983492,0.37066398,0.00042387,0.00000000,0.00006698,0.03825674,0.02430025,0.10457203,0.12886384,0.00000000
5.67583792,0.37719890,0.00042161,0.00000000,0.00005327,0.03939333,0.02313527,0.10768833,0.13299171,0.00000000
5.68184092,0.38335527,0.00041956,0.00000000,0.00004211,0.04037464,0.02211211,0.11057248,0.13677833,0.00000000
5.68784392,0.38900791,0.00041754,0.00000000,0.00003308,0.04119163,0.02120821,0.11320306,0.14020304,0.00000000
5.69384692,0.39406837,0.00041539,0.00000000,0.00002584,0.04183988,0.02040302,0.11556875,0.14325720,0.00000000
5.69984992,0.39848426,0.00041298,0.00000000,0.00002006,0.04231957,0.01967827,0.11766782,0.14594364,0.00000000
5.70585293,0.40223662,0.00041024,0.00000000,0.00001548,0.04263509,0.01901821,0.11950717,0.14827545,0.00000000
5.71185593,0.40533553,0.00040711,0.00000000,0.00001188,0.04279467,0.01840962,0.12110080,0.15027419,0.00000000
5.71785893,0.40781420,0.00040359,0.00000000,0.00000906,0.04280963,0.01784180,0.12246801,0.15196762,0.00000000
5.72386193,0.40972195,0.00039967,0.00000000,0.00000687,0.04269372,0.01730632,0.12363118,0.15338706,0.00000000
5.72986493,0.41111658,0.00039540,0.00000000,0.00000518,0.04246217,0.01679686,0.12461349,0.15456457,0.00000000
5.73586793,0.41205653,0.00039081,0.00000000,0.00000388,0.04213087,0.01630879,0.12543658,0.15553011,0.00000000
5.74187094,0.41259347,0.00038595,0.00000000,0.00000290,0.04171543,0.01583886,0.12611846,0.15630891,0.00000000
5.74787394,0.41276557,0.00038087,0.00000000,0.00000215,0.04123045,0.01538483,0.12667155,0.15691914,0.00000000
5.75387694,0.41259219,0.00037561,0.00000000,0.00000158,0.04068875,0.01494513,0.12710128,0.15737014,0.00000000
5.75987994,0.41207004,0.00037019,0.00000000,0.00000116,0.04010087,0.01451850,0.12740509,0.15766118,0.00000000
5.76588294,0.41117128,0.00036462,0.00000000,0.00000085,0.03947466,0.01410373,0.12757211,0.15778107,0.00000000
5.77188594,0.40984342,0.00035889,0.00000000,0.00000062,0.03881512,0.01369947,0.12758332,0.15770835,0.00000000
5.77788894,0.40801132,0.00035298,0.00000000,0.00000044,0.03812439,0.01330411,0.12741241,0.15741237,0.00000000
5.78389195,0.40558086,0.00034684,0.00000000,0.00000032,0.03740200,0.01291564,0.12702711,0.15685489,0.00000000
5.78989495,0.40244421,0.00034041,0.00000000,0.00000023,0.03664514,0.01253174,0.12639101,0.15599233,0.00000000
5.79589795,0.39848625,0.00033361,0.00000000,0.00000017,0.03584927,0.01214977,0.12546576,0.15477847,0.00000000
5.80190095,0.39359174,0.00032638,0.00000000,0.00000012,0.03500866,0.01176692,0.12421338,0.15316735,0.00000000
5.80790395,0.38765285,0.00031863,0.00000000,0.00000009,0.03411705,0.01138034,0.12259870,0.15111624,0.00000000
5.81390695,0.38057639,0.00031030,0.00000000,0.00000008,0.03316833,0.01098730,0.12059174,0.14858859,0.00000000
5.81990995,0.37229050,0.00030133,0.00000000,0.00000007,0.03215722,0.01058536,0.11816978,0.14555662,0.00000000
5.82591296,0.36275025,0.00029167,0.00000000,0.00000008,0.03107976,0.01017254,0.11531915,0.14200351,0.00000000
5.83191596,0.35194192,0.00028131,0.00000000,0.00000010,0.02993387,0.00974745,0.11203653,0.13792505,0.00000000
5.83791896,0.33988561,0.00027024,0.00000000,0.00000013,0.02871964,0.00930939,0.10832972,0.13333061,0.00000000
5.84392196,0.32663620,0.00025850,0.00000000,0.00000019,0.02743954,0.00885840,0.10421793,0.12824346,0.00000000
5.84992496,0.31228257,0.00024612,0.00000000,0.00000027,0.02609850,0.00839535,0.09973138,0.12270043,0.00000000
5.85592796,0.29694519,0.00023318,0.00000000,0.00000039,0.02470380,0.00792184,0.09491055,0.11675083,0.00000000
5.86193097,0.28077219,0.00021978,0.00000000,0.00000058,0.02326485,0.00744020,0.08980477,0.11045493,0.00000000
5.86793397,0.26393437,0.00020603,0.00000000,0.00000084,0.02179290,0.00695339,0.08447065,0.10388187,0.00000000
5.87393697,0.24661921,0.00019205,0.00000000,0.00000121,0.02030058,0.00646485,0.07897003,0.09710728,0.00000000
5.87993997,0.22902446,0.00017797,0.00000000,0.00000174,0.01880144,0.00597844,0.07336793,0.09021068,0.00000000
5.88594297,0.21135153,0.00016394,0.00000000,0.00000248,0.01730948,0.00549822,0.06773036,0.08327288,0.00000000
5.89194597,0.19379908,0.00015009,0.00000000,0.00000351,0.01583863,0.00502836,0.06212222,0.07637337,0.00000000
5.89794897,0.17655706,0.00013656,0.00000000,0.00000493,0.01440226,0.00457301,0.05660541,0.06958797,0.00000000
5.90395198,0.15980162,0.00012346,0.00000000,0.00000688,0.01301280,0.00413618,0.05123709,0.06298675,0.00000000
5.90995498,0.14369084,0.00011091,0.00000000,0.00000953,0.01168138,0.00372166,0.04606832,0.05663236,0.00000000
5.91595798,0.12836165,0.00009901,0.00000000,0.00001311,0.01041752,0.00333297,0.04114305,0.05057874,0.00000000
5.92196098,0.11392786,0.00008783,0.00000000,0.00001790,0.00922899,0.00297334,0.03649738,0.04487032,0.00000000
5.92796398,0.10047930,0.00007743,0.00000000,0.00002427,0.00812170,0.00264575,0.03215932,0.03954164,0.00000000
5.93396698,0.08808214,0.00006787,0.00000000,0.00003267,0.00709969,0.00235291,0.02814879,0.03461739,0.00000000
5.93996998,0.07678009,0.00005918,0.00000000,0.00004367,0.00616516,0.00209743,0.02447795,0.03011288,0.00000000
5.94597299,0.06659648,0.00005137,0.00000000,0.00005794,0.00531867,0.00188184,0.02115182,0.02603475,0.00000000
5.95197599,0.05753693,0.00004444,0.00000000,0.00007633,0.00455924,0.00170878,0.01816906,0.02238198,0.00000000
5.95797899,0.04959260,0.00003838,0.00000000,0.00009983,0.00388464,0.00158110,0.01552294,0.01914711,0.00000000
5.96398199,0.04274357,0.00003319,0.00000000,0.00012963,0.00329161,0.00150203,0.01320232,0.01631747,0.00000000
5.96998499,0.03696240,0.00002884,0.00000000,0.00016712,0.00277613,0.00147533,0.01119279,0.01387658,0.00000000
5.97598799,0.03221763,0.00002532,0.00000000,0.00021391,0.00233367,0.00150538,0.00947764,0.01180545,0.00000000
5.98199100,0.02847692,0.00002259,0.00000000,0.00027183,0.00195945,0.00159740,0.00803893,0.01008379,0.00000000
5.98799400,0.02570996,0.00002064,0.00000000,0.00034295,0.00164867,0.00175742,0.00685829,0.00869120,0.00000000
5.99399700,0.02389087,0.00001945,0.00000000,0.00042959,0.00139673,0.00199243,0.00591780,0.00760810,0.00000000
6.00000000,0.02299998,0.00001902,0.00000000,0.00053425,0.00119942,0.00231036,0.00520054,0.00681655,0.00000000
