energy_ev,total_up,Au_p_up,Au_d_up,Ga_p_up,Ga_d_up,Se_s_up,Se_p_up
-6.00000000,2.95872737,0.33092151,2.24205535,0.31791684,0.00000000,0.01529733,0.17542516
-5.99399700,2.91327838,0.32674461,2.21396062,0.31677000,0.00000000,0.01499842,0.16668018
-5.98799400,2.86774521,0.32196293,2.18544750,0.31544857,0.00000000,0.01474157,0.15908306
-5.98199100,2.82280425,0.31663207,2.15713248,0.31396729,0.00000000,0.01452712,0.15258067
-5.97598799,2.77914953,0.31082212,2.12964050,0.31235068,0.00000000,0.01435507,0.14711159
-5.96998499,2.73748452,0.30461683,2.10359582,0.31063334,0.00000000,0.01422521,0.14260837
-5.96398199,2.69851160,0.29811233,2.07961176,0.30885959,0.00000000,0.01413721,0.13899961
-5.95797899,2.66291946,0.29141514,2.05827940,0.30708225,0.00000000,0.01409073,0.13621159
-5.95197599,2.63136855,0.28463967,2.04015570,0.30536091,0.00000000,0.01408547,0.13416970
-5.94597299,2.60447542,0.27790531,2.02575108,0.30375940,0.00000000,0.01412123,0.13279964
-5.93996998,2.58279618,0.27133320,2.01551699,0.30234297,0.00000000,0.01419789,0.13202833
-5.93396698,2.56681002,0.26504284,2.00983395,0.30117509,0.00000000,0.01431546,0.13178468
-5.92796398,2.55690338,0.25914866,2.00900025,0.30031407,0.00000000,0.01447397,0.13200021
-5.92196098,2.55335545,0.25375673,2.01322203,0.29980982,0.00000000,0.01467348,0.13260957
-5.91595798,2.55632593,0.24896171,2.02260512,0.29970082,0.00000000,0.01491397,0.13355086
-5.90995498,2.56584539,0.24484426,2.03714899,0.30001151,0.00000000,0.01519523,0.13476597
-5.90395198,2.58180923,0.24146888,2.05674338,0.30075030,0.00000000,0.01551679,0.13620078
-5.89794897,2.60397542,0.23888245,2.08116783,0.30190825,0.00000000,0.01587781,0.13780528
-5.89194597,2.63196652,0.23711335,2.11009446,0.30345867,0.00000000,0.01627695,0.13953362
-5.88594297,2.66527627,0.23617134,2.14309405,0.30535751,0.00000000,0.01671231,0.14134413
-5.87993997,2.70328066,0.23604813,2.17964566,0.30754471,0.00000000,0.01718133,0.14319922
-5.87393697,2.74525343,0.23671864,2.21914945,0.30994640,0.00000000,0.01768080,0.14506526
-5.86793397,2.79038570,0.23814289,2.26094279,0.31247787,0.00000000,0.01820676,0.14691244
-5.86193097,2.83780920,0.24026844,2.30431892,0.31504728,0.00000000,0.01875460,0.14871456
-5.85592796,2.88662239,0.24303331,2.34854804,0.31755985,0.00000000,0.01931907,0.15044884
-5.84992496,2.93591872,0.24636923,2.39289991,0.31992237,0.00000000,0.01989442,0.15209572
-5.84392196,2.98481596,0.25020507,2.43666729,0.32204789,0.00000000,0.02047449,0.15363867
-5.83791896,3.03248563,0.25447037,2.47918953,0.32386034,0.00000000,0.02105289,0.15506405
-5.83191596,3.07818131,0.25909873,2.51987516,0.32529880,0.00000000,0.02162322,0.15636101
-5.82591296,3.12126482,0.26403110,2.55822280,0.32632137,0.00000000,0.02217925,0.15752135
-5.81990995,3.16122904,0.26921852,2.59383941,0.32690825,0.00000000,0.02271513,0.15853956
-5.81390695,3.19771647,0.27462454,2.62645509,0.32706411,0.00000000,0.02322565,0.15941276
-5.80790395,3.23053265,0.28022693,2.65593371,0.32681938,0.00000000,0.02370639,0.16014072
-5.80190095,3.25965371,0.28601882,2.68227877,0.32623057,0.00000000,0.02415390,0.16072589
-5.79589795,3.28522768,0.29200897,2.70563427,0.32537951,0.00000000,0.02456584,0.16117339
-5.78989495,3.30756926,0.29822138,2.72628020,0.32437151,0.00000000,0.02494106,0.16149098
-5.78389195,3.32714827,0.30469413,2.74462280,0.32333250,0.00000000,0.02527964,0.16168900
-5.77788894,3.34457187,0.31147739,2.76117991,0.32240525,0.00000000,0.02558281,0.16178023
-5.77188594,3.36056142,0.31863093,2.77656172,0.32174488,0.00000000,0.02585293,0.16177971
-5.76588294,3.37592460,0.32622091,2.79144776,0.32151364,0.00000000,0.02609331,0.16170446
-5.75987994,3.39152392,0.33431636,2.80656093,0.32187535,0.00000000,0.02630799,0.16157312
-5.75387694,3.40824280,0.34298527,2.82263937,0.32298961,0.00000000,0.02650156,0.16140556
-5.74787394,3.42695048,0.35229058,2.84040756,0.32500599,0.00000000,0.02667884,0.16122239
-5.74187094,3.44846713,0.36228622,2.86054744,0.32805844,0.00000000,0.02684465,0.16104446
-5.73586793,3.47353046,0.37301330,2.88367079,0.33226010,0.00000000,0.02700348,0.16089226
-5.72986493,3.50276508,0.38449673,2.91029390,0.33769871,0.00000000,0.02715930,0.16078544
-5.72386193,3.53665580,0.39674228,2.94081541,0.34443279,0.00000000,0.02731528,0.16074216
-5.71785893,3.57552571,0.40973428,2.97549818,0.35248865,0.00000000,0.02747362,0.16077864
-5.71185593,3.61951990,0.42343417,3.01445582,0.36185845,0.00000000,0.02763545,0.16090866
-5.70585293,3.66859544,0.43777965,3.05764423,0.37249925,0.00000000,0.02780074,0.16114308
-5.69984992,3.72251761,0.45268489,3.10485862,0.38433312,0.00000000,0.02796834,0.16148958
-5.69384692,3.78086290,0.46804146,3.15573591,0.39724838,0.00000000,0.02813603,0.16195231
-5.68784392,3.84302822,0.48372014,3.20976237,0.41110172,0.00000000,0.02830067,0.16253181
-5.68184092,3.90824619,0.49957344,3.26628645,0.42572134,0.00000000,0.02845839,0.16322484
-5.67583792,3.97560585,0.51543895,3.32453598,0.44091094,0.00000000,0.02860484,0.16402450
-5.66983492,4.04407822,0.53114306,3.38363959,0.45645433,0.00000000,0.02873542,0.16492036
-5.66383192,4.11254566,0.54650538,3.44265129,0.47212066,0.00000000,0.02884561,0.16589870
-5.65782891,4.17983433,0.56134330,3.50057767,0.48767008,0.00000000,0.02893121,0.16694292
-5.65182591,4.24474862,0.57547682,3.55640684,0.50285961,0.00000000,0.02898863,0.16803400
-5.64582291,4.30610650,0.58873345,3.60913816,0.51744913,0.00000000,0.02901509,0.16915111
-5.63981991,4.36277485,0.60095296,3.65781201,0.53120732,0.00000000,0.02900884,0.17027227
-5.63381691,4.41370353,0.61199188,3.70153857,0.54391732,0.00000000,0.02896931,0.17137514
-5.62781391,4.45795732,0.62172767,3.73952475,0.55538209,0.00000000,0.02889714,0.17243781
-5.62181091,4.49474456,0.63006233,3.77109848,0.56542919,0.00000000,0.02879426,0.17343963
-5.61580790,4.52344171,0.63692543,3.79572950,0.57391492,0.00000000,0.02866379,0.17436212
-5.60980490,4.54361281,0.64227634,3.81304591,0.58072777,0.00000000,0.02851002,0.17518967
-5.60380190,4.55502323,0.64610575,3.82284588,0.58579093,0.00000000,0.02833816,0.17591034
-5.59779890,4.55764706,0.64843616,3.82510397,0.58906388,0.00000000,0.02815426,0.17651644
-5.59179590,4.55166765,0.64932152,3.81997174,0.59054301,0.00000000,0.02796489,0.17700494
-5.58579290,4.53747124,0.64884591,3.80777243,0.59026116,0.00000000,0.02777691,0.17737774
-5.57978989,4.51563363,0.64712119,3.78898982,0.58828619,0.00000000,0.02759723,0.17764165
-5.57378689,4.48690009,0.64428379,3.76425139,0.58471845,0.00000000,0.02743251,0.17780819
-5.56778389,4.45215929,0.64049065,3.73430645,0.57968742,0.00000000,0.02728888,0.17789303
-5.56178089,4.41241197,0.63591438,3.69999979,0.57334735,0.00000000,0.02717172,0.17791535
-5.55577789,4.36873539,0.63073783,3.66224188,0.56587234,0.00000000,0.02708540,0.17789679
-5.54977489,4.32224511,0.62514832,3.62197686,0.55745070,0.00000000,0.02703313,0.17786036
-5.54377189,4.27405541,0.61933145,3.58014930,0.54827903,0.00000000,0.02701676,0.17782918
-5.53776888,4.22524012,0.61346513,3.53767152,0.53855611,0.00000000,0.02703670,0.17782507
-5.53176588,4.17679539,0.60771360,3.49539249,0.52847682,0.00000000,0.02709186,0.17786734
-5.52576288,4.12960621,0.60222205,3.45406995,0.51822636,0.00000000,0.02717963,0.17797143
-5.51975988,4.08441792,0.59711183,3.41434674,0.50797494,0.00000000,0.02729594,0.17814789
-5.51375688,4.04181422,0.59247644,3.37673265,0.49787321,0.00000000,0.02743538,0.17840148
-5.50775388,4.00220239,0.58837866,3.34159229,0.48804850,0.00000000,0.02759129,0.17873062
-5.50175088,3.96580655,0.58484869,3.30913973,0.47860209,0.00000000,0.02775605,0.17912708
-5.49574787,3.93266900,0.58188357,3.27943981,0.46960761,0.00000000,0.02792124,0.17957611
-5.48974487,3.90265958,0.57944775,3.25241618,0.46111048,0.00000000,0.02807796,0.18005681
-5.48374187,3.87549238,0.57747499,3.22786534,0.45312861,0.00000000,0.02821710,0.18054295
-5.47773887,3.85074890,0.57587123,3.20547600,0.44565406,0.00000000,0.02832966,0.18100397
-5.47173587,3.82790643,0.57451860,3.18485260,0.43865572,0.00000000,0.02840707,0.18140631
-5.46573287,3.80637009,0.57328021,3.16554184,0.43208281,0.00000000,0.02844146,0.18171483
-5.45972986,3.78550697,0.57200560,3.14706067,0.42586895,0.00000000,0.02842600,0.18189435
-5.45372686,3.76468069,0.57053659,3.12892455,0.41993673,0.00000000,0.02835509,0.18191126
-5.44772386,3.74328463,0.56871337,3.11067436,0.41420243,0.00000000,0.02822462,0.18173495
-5.44172086,3.72077243,0.56638053,3.09190096,0.40858075,0.00000000,0.02803210,0.18133916
-5.43571786,3.69668425,0.56339274,3.07226599,0.40298926,0.00000000,0.02777678,0.18070312
-5.42971486,3.67066782,0.55962005,3.05151831,0.39735246,0.00000000,0.02745968,0.17981235
-5.42371186,3.64249337,0.55495239,3.02950528,0.39160520,0.00000000,0.02708359,0.17865927
-5.41770885,3.61206202,0.54930322,3.00617852,0.38569538,0.00000000,0.02665301,0.17724338
-5.41170585,3.57940735,0.54261231,2.98159413,0.37958577,0.00000000,0.02617396,0.17557118
-5.40570285,3.54469043,0.53484724,2.95590748,0.37325502,0.00000000,0.02565382,0.17365574
-5.39969985,3.50818868,0.52600399,2.92936309,0.36669767,0.00000000,0.02510112,0.17151602
-5.39369685,3.47027928,0.51610630,2.90228003,0.35992340,0.00000000,0.02452518,0.16917594
-5.38769385,3.43141811,0.50520401,2.87503398,0.35295547,0.00000000,0.02393587,0.16666330
-5.38169085,3.39211535,0.49337047,2.84803662,0.34582845,0.00000000,0.02334326,0.16400851
-5.37568784,3.35290896,0.48069908,2.82171360,0.33858554,0.00000000,0.02275727,0.16124337
-5.36968484,3.31433744,0.46729930,2.79648213,0.33127545,0.00000000,0.02218734,0.15839979
-5.36368184,3.27691310,0.45329207,2.77272930,0.32394918,0.00000000,0.02164215,0.15550861
-5.35767884,3.24109733,0.43880512,2.75079222,0.31665683,0.00000000,0.02112929,0.15259855
-5.35167584,3.20727884,0.42396825,2.73094094,0.30944454,0.00000000,0.02065504,0.14969533
-5.34567284,3.17575602,0.40890881,2.71336496,0.30235192,0.00000000,0.02022417,0.14682103
-5.33966983,3.14672432,0.39374760,2.69816398,0.29540989,0.00000000,0.01983982,0.14399363
-5.33366683,3.12026905,0.37859539,2.68534332,0.28863915,0.00000000,0.01950335,0.14122687
-5.32766383,3.09636403,0.36355017,2.67481430,0.28204938,0.00000000,0.01921445,0.13853028
-5.32166083,3.07487599,0.34869514,2.66639930,0.27563906,0.00000000,0.01897108,0.13590945
-5.31565783,3.05557450,0.33409772,2.65984148,0.26939608,0.00000000,0.01876967,0.13336657
-5.30965483,3.03814671,0.31980932,2.65481835,0.26329891,0.00000000,0.01860527,0.13090099
-5.30365183,3.02221617,0.30586593,2.65095861,0.25731829,0.00000000,0.01847176,0.12851002
-5.29764882,3.00736445,0.29228949,2.64786127,0.25141946,0.00000000,0.01836220,0.12618969
-5.29164582,2.99315459,0.27908981,2.64511587,0.24556453,0.00000000,0.01826907,0.12393563
-5.28564282,2.97915479,0.26626692,2.64232291,0.23971506,0.00000000,0.01818462,0.12174380
-5.27963982,2.96496118,0.25381370,2.63911318,0.23383455,0.00000000,0.01810122,0.11961119
-5.27363682,2.95021845,0.24171858,2.63516497,0.22789078,0.00000000,0.01801166,0.11753641
-5.26763382,2.93463707,0.22996814,2.63021838,0.22185784,0.00000000,0.01790946,0.11552011
-5.26163082,2.91800636,0.21854949,2.62408581,0.21571770,0.00000000,0.01778912,0.11356521
-5.25562781,2.90020287,0.20745228,2.61665831,0.20946132,0.00000000,0.01764636,0.11167699
-5.24962481,2.88119349,0.19667021,2.60790745,0.20308923,0.00000000,0.01747827,0.10986295
-5.24362181,2.86103357,0.18620208,2.59788279,0.19661151,0.00000000,0.01728342,0.10813261
-5.23761881,2.83986027,0.17605226,2.58670529,0.19004735,0.00000000,0.01706192,0.10649705
-5.23161581,2.81788158,0.16623066,2.57455708,0.18342402,0.00000000,0.01681539,0.10496841
-5.22561281,2.79536211,0.15675225,2.56166847,0.17677562,0.00000000,0.01654691,0.10355931
-5.21960980,2.77260633,0.14763610,2.54830296,0.17014138,0.00000000,0.01626092,0.10228223
-5.21360680,2.74994050,0.13890426,2.53474114,0.16356397,0.00000000,0.01596303,0.10114882
-5.20760380,2.72769445,0.13058034,2.52126468,0.15708759,0.00000000,0.01565990,0.10016939
-5.20160080,2.70618405,0.12268801,2.50814108,0.15075623,0.00000000,0.01535901,0.09935227
-5.19559780,2.68569563,0.11524960,2.49561016,0.14461199,0.00000000,0.01506848,0.09870342
-5.18959480,2.66647289,0.10828472,2.48387293,0.13869369,0.00000000,0.01479688,0.09822602
-5.18359180,2.64870708,0.10180916,2.47308343,0.13303571,0.00000000,0.01455305,0.09792027
-5.17758879,2.63253090,0.09583400,2.46334381,0.12766722,0.00000000,0.01434595,0.09778322
-5.17158579,2.61801617,0.09036501,2.45470285,0.12261167,0.00000000,0.01418454,0.09780883
-5.16558279,2.60517536,0.08540238,2.44715798,0.11788669,0.00000000,0.01407768,0.09798809
-5.15957979,2.59396689,0.08094076,2.44066042,0.11350427,0.00000000,0.01403406,0.09830924
-5.15357679,2.58430354,0.07696962,2.43512329,0.10947123,0.00000000,0.01406219,0.09875817
-5.14757379,2.57606387,0.07347381,2.43043219,0.10578987,0.00000000,0.01417033,0.09931886
-5.14157079,2.56910563,0.07043434,2.42645766,0.10245889,0.00000000,0.01436654,0.09997393
-5.13556778,2.56328085,0.06782939,2.42306896,0.09947433,0.00000000,0.01465866,0.10070526
-5.12956478,2.55845157,0.06563530,2.42014848,0.09683057,0.00000000,0.01505431,0.10149467
-5.12356178,2.55450572,0.06382769,2.41760615,0.09452133,0.00000000,0.01556088,0.10232458
-5.11755878,2.55137218,0.06238252,2.41539315,0.09254057,0.00000000,0.01618551,0.10317880
-5.11155578,2.54903439,0.06127706,2.41351424,0.09088333,0.00000000,0.01693499,0.10404314
-5.10555278,2.54754179,0.06049077,2.41203806,0.08954631,0.00000000,0.01781573,0.10490613
-5.09954977,2.54701849,0.06000601,2.41110492,0.08852830,0.00000000,0.01883358,0.10575957
-5.09354677,2.54766855,0.05980856,2.41093137,0.08783044,0.00000000,0.01999368,0.10659903
-5.08754377,2.54977742,0.05988795,2.41181139,0.08745621,0.00000000,0.02130027,0.10742419
-5.08154077,2.55370931,0.06023754,2.41411358,0.08741117,0.00000000,0.02275649,0.10823905
-5.07553777,2.55990024,0.06085444,2.41827455,0.08770260,0.00000000,0.02436410,0.10905198
-5.06953477,2.56884678,0.06173920,2.42478807,0.08833890,0.00000000,0.02612330,0.10987552
-5.06353177,2.58109076,0.06289534,2.43419060,0.08932883,0.00000000,0.02803247,0.11072605
-5.05752876,2.59720024,0.06432874,2.44704320,0.09068069,0.00000000,0.03008799,0.11162323
-5.05152576,2.61774746,0.06604690,2.46391053,0.09240146,0.00000000,0.03228411,0.11258928
-5.04552276,2.64328450,0.06805815,2.48533774,0.09449589,0.00000000,0.03461282,0.11364811
-5.03951976,2.67431764,0.07037082,2.51182599,0.09696568,0.00000000,0.03706385,0.11482427
-5.03351676,2.71128146,0.07299247,2.54380770,0.09980877,0.00000000,0.03962473,0.11614188
-5.02751376,2.75451403,0.07592909,2.58162273,0.10301869,0.00000000,0.04228092,0.11762351
-5.02151076,2.80423414,0.07918451,2.62549651,0.10658416,0.00000000,0.04501603,0.11928905
-5.01550775,2.86052204,0.08275986,2.67552131,0.11048890,0.00000000,0.04781213,0.12115465
-5.00950475,2.92330456,0.08665320,2.73164175,0.11471158,0.00000000,0.05065013,0.12323180
-5.00350175,2.99234557,0.09085933,2.79364531,0.11922599,0.00000000,0.05351018,0.12552660
-4.99749875,3.06724265,0.09536980,2.86115880,0.12400150,0.00000000,0.05637220,0.12803915
-4.99149575,3.14743018,0.10017297,2.93365092,0.12900358,0.00000000,0.05921634,0.13076324
-4.98549275,3.23218928,0.10525440,3.01044145,0.13419450,0.00000000,0.06202347,0.13368630
-4.97948974,3.32066424,0.11059724,3.09071670,0.13953413,0.00000000,0.06477569,0.13678959
-4.97348674,3.41188514,0.11618276,3.17355105,0.14498083,0.00000000,0.06745678,0.14004863
-4.96748374,3.50479593,0.12199095,3.25793371,0.15049225,0.00000000,0.07005257,0.14343390
-4.96148074,3.59828685,0.12800117,3.34279989,0.15602622,0.00000000,0.07255132,0.14691174
-4.95547774,3.69123012,0.13419281,3.42706524,0.16154147,0.00000000,0.07494392,0.15044546
-4.94947474,3.78251752,0.14054581,3.50966209,0.16699828,0.00000000,0.07722414,0.15399649
-4.94347174,3.87109818,0.14704131,3.58957626,0.17235903,0.00000000,0.07938868,0.15752571
-4.93746873,3.95601537,0.15366198,3.66588277,0.17758863,0.00000000,0.08143723,0.16099478
-4.93146573,4.03644043,0.16039250,3.73777905,0.18265477,0.00000000,0.08337243,0.16436737
-4.92546273,4.11170271,0.16721966,3.80461422,0.18752811,0.00000000,0.08519972,0.16761047
-4.91945973,4.18131400,0.17413257,3.86591320,0.19218239,0.00000000,0.08692716,0.17069541
-4.91345673,4.24498653,0.18112261,3.92139452,0.19659440,0.00000000,0.08856523,0.17359882
-4.90745373,4.30264357,0.18818334,3.97098094,0.20074396,0.00000000,0.09012650,0.17630337
-4.90145073,4.35442207,0.19531025,4.01480240,0.20461390,0.00000000,0.09162525,0.17879824
-4.89544772,4.40066718,0.20250047,4.05319096,0.20818998,0.00000000,0.09307716,0.18107942
-4.88944472,4.44191853,0.20975236,4.08666770,0.21146086,0.00000000,0.09449874,0.18314970
-4.88344172,4.47888885,0.21706511,4.11592218,0.21441813,0.00000000,0.09590696,0.18501843
-4.87743872,4.51243548,0.22443816,4.14178484,0.21705634,0.00000000,0.09731860,0.18670104
-4.87143572,4.54352587,0.23187069,4.16519363,0.21937304,0.00000000,0.09874973,0.18821840
-4.86543272,4.57319837,0.23936105,4.18715590,0.22136886,0.00000000,0.10021514,0.18959590
-4.85942971,4.60251970,0.24690617,4.20870722,0.22304759,0.00000000,0.10172765,0.19086248
-4.85342671,4.63254099,0.25450095,4.23086860,0.22441624,0.00000000,0.10329757,0.19204951
-4.84742371,4.66425389,0.26213772,4.25460403,0.22548499,0.00000000,0.10493212,0.19318960
-4.84142071,4.69854892,0.26980573,4.28077997,0.22626722,0.00000000,0.10663493,0.19431549
-4.83541771,4.73617739,0.27749062,4.31012861,0.22677926,0.00000000,0.10840559,0.19545886
-4.82941471,4.77771898,0.28517412,4.34321647,0.22704027,0.00000000,0.11023938,0.19664935
-4.82341171,4.82355607,0.29283372,4.38041967,0.22707182,0.00000000,0.11212714,0.19791364
-4.81740870,4.87385612,0.30044262,4.42190704,0.22689753,0.00000000,0.11405527,0.19927468
-4.81140570,4.92856300,0.30796970,4.46763196,0.22654252,0.00000000,0.11600597,0.20075121
-4.80540270,4.98739758,0.31537981,4.51733307,0.22603287,0.00000000,0.11795766,0.20235741
-4.79939970,5.04986777,0.32263416,4.57054426,0.22539495,0.00000000,0.11988557,0.20410278
-4.79339670,5.11528756,0.32969106,4.62661322,0.22465484,0.00000000,0.12176263,0.20599229
-4.78739370,5.18280440,0.33650667,4.68472804,0.22383761,0.00000000,0.12356035,0.20802668
-4.78139070,5.25143370,0.34303617,4.74395061,0.22296674,0.00000000,0.12525001,0.21020302
-4.77538769,5.32009898,0.34923493,4.80325542,0.22206357,0.00000000,0.12680379,0.21251534
-4.76938469,5.38767608,0.35505991,4.86157207,0.22114686,0.00000000,0.12819599,0.21495549
-4.76338169,5.45303930,0.36047108,4.91782961,0.22023234,0.00000000,0.12940427,0.21751394
-4.75737869,5.51510758,0.36543290,4.97100083,0.21933255,0.00000000,0.13041068,0.22018077
-4.75137569,5.57288862,0.36991571,5.02014436,0.21845666,0.00000000,0.13120264,0.22294651
-4.74537269,5.62551899,0.37389704,5.06444289,0.21761051,0.00000000,0.13177372,0.22580297
-4.73936968,5.67229826,0.37736266,5.10323556,0.21679669,0.00000000,0.13212412,0.22874393
-4.73336668,5.71271582,0.38030741,5.13604326,0.21601479,0.00000000,0.13226090,0.23176571
-4.72736368,5.74646894,0.38273569,5.16258553,0.21526171,0.00000000,0.13219794,0.23486751
-4.72136068,5.77347121,0.38466155,5.18278819,0.21453206,0.00000000,0.13195560,0.23805150
-4.71535768,5.79385103,0.38610843,5.19678154,0.21381856,0.00000000,0.13156003,0.24132278
-4.70935468,5.80794003,0.38710848,5.20488893,0.21311249,0.00000000,0.13104231,0.24468896
-4.70335168,5.81625197,0.38770141,5.20760634,0.21240417,0.00000000,0.13043731,0.24815959
-4.69734867,5.81945294,0.38793313,5.20557374,0.21168333,0.00000000,0.12978240,0.25174538
-4.69134567,5.81832437,0.38785393,5.19953971,0.21093951,0.00000000,0.12911606,0.25545721
-4.68534267,5.81372030,0.38751657,5.19032073,0.21016236,0.00000000,0.12847639,0.25930501
-4.67933967,5.80652113,0.38697411,5.17875722,0.20934189,0.00000000,0.12789971,0.26329655
-4.67333667,5.79758590,0.38627777,5.16566830,0.20846865,0.00000000,0.12741917,0.26743626
-4.66733367,5.78770533,0.38547485,5.15180748,0.20753384,0.00000000,0.12706354,0.27172407
-4.66133067,5.77755807,0.38460674,5.13782137,0.20652936,0.00000000,0.12685615,0.27615431
-4.65532766,5.76767210,0.38370727,5.12421347,0.20544784,0.00000000,0.12681406,0.28071490
-4.64932466,5.75839325,0.38280129,5.11131479,0.20428257,0.00000000,0.12694750,0.28538669
-4.64332166,5.74986248,0.38190372,5.09926276,0.20302750,0.00000000,0.12725956,0.29014308
-4.63731866,5.74200291,0.38101903,5.08798947,0.20167712,0.00000000,0.12774606,0.29495001
-4.63131566,5.73451746,0.38014110,5.07721992,0.20022650,0.00000000,0.12839584,0.29976623
-4.62531266,5.72689697,0.37925362,5.06648022,0.19867118,0.00000000,0.12919113,0.30454388
-4.61930965,5.71843873,0.37833092,5.05511552,0.19700718,0.00000000,0.13010819,0.30922946
-4.61330665,5.70827427,0.37733910,5.04231667,0.19523101,0.00000000,0.13111811,0.31376496
-4.60730365,5.69540512,0.37623762,5.02715436,0.19333970,0.00000000,0.13218773,0.31808929
-4.60130065,5.67874486,0.37498102,5.00861900,0.19133081,0.00000000,0.13328068,0.32213985
-4.59529765,5.65716530,0.37352087,4.98566446,0.18920251,0.00000000,0.13435843,0.32585415
-4.58929465,5.62954471,0.37180783,4.95725357,0.18695358,0.00000000,0.13538134,0.32917151
-4.58329165,5.59481569,0.36979359,4.92240315,0.18458343,0.00000000,0.13630975,0.33203462
-4.57728864,5.55201059,0.36743286,4.88022662,0.18209216,0.00000000,0.13710496,0.33439107
-4.57128564,5.50030250,0.36468506,4.82997219,0.17948044,0.00000000,0.13773011,0.33619461
-4.56528264,5.43903996,0.36151586,4.77105509,0.17674951,0.00000000,0.13815107,0.33740622
-4.55927964,5.36777428,0.35789838,4.70308265,0.17390109,0.00000000,0.13833707,0.33799500
-4.55327664,5.28627841,0.35381417,4.62587131,0.17093722,0.00000000,0.13826133,0.33793866
-4.54727364,5.19455699,0.34925377,4.53945524,0.16786017,0.00000000,0.13790152,0.33722390
-4.54127064,5.09284766,0.34421703,4.44408661,0.16467232,0.00000000,0.13724011,0.33584647
-4.53526763,4.98161412,0.33871310,4.34022803,0.16137599,0.00000000,0.13626457,0.33381107
-4.52926463,4.86153168,0.33276017,4.22853788,0.15797340,0.00000000,0.13496757,0.33113112
-4.52326163,4.73346654,0.32638503,4.10984972,0.15446659,0.00000000,0.13334693,0.32782836
-4.51725863,4.59845024,0.31962245,3.98514712,0.15085745,0.00000000,0.13140562,0.32393243
-4.51125563,4.45765050,0.31251451,3.85553518,0.14714778,0.00000000,0.12915162,0.31948045
-4.50525263,4.31234026,0.30510976,3.72221028,0.14333944,0.00000000,0.12659776,0.31451655
-4.49924962,4.16386597,0.29746259,3.58642934,0.13943455,0.00000000,0.12376145,0.30909146
-4.49324662,4.01361672,0.28963241,3.44947982,0.13543580,0.00000000,0.12066445,0.30326211
-4.48724362,3.86299490,0.28168309,3.31265141,0.13134675,0.00000000,0.11733253,0.29709127
-4.48124062,3.71338939,0.27368234,3.17721020,0.12717219,0.00000000,0.11379518,0.29064719
-4.47523762,3.56615163,0.26570118,3.04437579,0.12291856,0.00000000,0.11008527,0.28400315
-4.46923462,3.42257485,0.25781353,2.91530159,0.11859427,0.00000000,0.10623867,0.27723699
-4.46323162,3.28387640,0.25009565,2.79105833,0.11421006,0.00000000,0.10229386,0.27043050
-4.45722861,3.15118301,0.24262568,2.67262069,0.10977927,0.00000000,0.09829158,0.26366863
-4.45122561,3.02551856,0.23548302,2.56085657,0.10531801,0.00000000,0.09427437,0.25703851
-4.44522261,2.90779396,0.22874754,2.45651887,0.10084525,0.00000000,0.09028610,0.25062826
-4.43921961,2.79879876,0.22249870,2.36023915,0.09638273,0.00000000,0.08637151,0.24452558
-4.43321661,2.69919399,0.21681430,2.27252294,0.09195483,0.00000000,0.08257562,0.23881611
-4.42721361,2.60950602,0.21176919,2.19374647,0.08758821,0.00000000,0.07894319,0.23358161
-4.42121061,2.53012124,0.20743351,2.12415439,0.08331141,0.00000000,0.07551804,0.22889801
-4.41520760,2.46128165,0.20387095,2.06385875,0.07915421,0.00000000,0.07234238,0.22483345
-4.40920460,2.40308138,0.20113669,2.01283903,0.07514701,0.00000000,0.06945606,0.22144620
-4.40320160,2.35546453,0.19927535,1.97094355,0.07132012,0.00000000,0.06689582,0.21878291
-4.39719860,2.31822479,0.19831887,1.93789248,0.06770289,0.00000000,0.06469450,0.21687683
-4.39119560,2.29100717,0.19828459,1.91328283,0.06432301,0.00000000,0.06288030,0.21574651
-4.38519260,2.27331253,0.19917348,1.89659555,0.06120570,0.00000000,0.06147599,0.21539481
-4.37918959,2.26450515,0.20096879,1.88720534,0.05837300,0.00000000,0.06049832,0.21580837
-4.37318659,2.26382388,0.20363516,1.88439300,0.05584317,0.00000000,0.05995737,0.21695762
-4.36718359,2.27039697,0.20711820,1.88736072,0.05363018,0.00000000,0.05985615,0.21879726
-4.36118059,2.28326051,0.21134489,1.89524995,0.05174337,0.00000000,0.06019029,0.22126738
-4.35517759,2.30138052,0.21622448,1.90716177,0.05018720,0.00000000,0.06094791,0.22429496
-4.34917459,2.32367791,0.22165021,1.92217924,0.04896124,0.00000000,0.06210973,0.22779597
-4.34317159,2.34905588,0.22750169,1.93939108,0.04806025,0.00000000,0.06364931,0.23167775
-4.33716858,2.37642877,0.23364788,1.95791595,0.04747442,0.00000000,0.06553359,0.23584167
-4.33116558,2.40475133,0.23995055,1.97692650,0.04718976,0.00000000,0.06772349,0.24018604
-4.32516258,2.43304726,0.24626822,1.99567206,0.04718857,0.00000000,0.07017485,0.24460901
-4.31915958,2.46043590,0.25246022,2.01349921,0.04744998,0.00000000,0.07283933,0.24901137
-4.31315658,2.48615569,0.25839085,2.02986924,0.04795058,0.00000000,0.07566558,0.25329920
-4.30715358,2.50958365,0.26393343,2.04437160,0.04866502,0.00000000,0.07860037,0.25738622
-4.30115058,2.53024966,0.26897397,2.05673285,0.04956665,0.00000000,0.08158976,0.26119569
-4.29514757,2.54784512,0.27341443,2.06682052,0.05062802,0.00000000,0.08458029,0.26466187
-4.28914457,2.56222543,0.27717528,2.07464177,0.05182146,0.00000000,0.08752001,0.26773096
-4.28314157,2.57340626,0.28019738,2.08033679,0.05311950,0.00000000,0.09035950,0.27036154
-4.27713857,2.58155382,0.28244302,2.08416731,0.05449518,0.00000000,0.09305267,0.27252446
-4.27113557,2.58696957,0.28389613,2.08650074,0.05592237,0.00000000,0.09555746,0.27420225
-4.26513257,2.59007024,0.28456165,2.08779057,0.05737594,0.00000000,0.09783632,0.27538813
-4.25912956,2.59136408,0.28446410,2.08855417,0.05883186,0.00000000,0.09985658,0.27608467
-4.25312656,2.59142456,0.28364552,2.08934880,0.06026728,0.00000000,0.10159056,0.27630220
-4.24712356,2.59086275,0.28216277,2.09074698,0.06166053,0.00000000,0.10301565,0.27605712
-4.24112056,2.59029960,0.28008448,2.09331241,0.06299114,0.00000000,0.10411418,0.27537013
-4.23511756,2.59033943,0.27748770,2.09757727,0.06423983,0.00000000,0.10487325,0.27426449
-4.22911456,2.59154565,0.27445444,2.10402191,0.06538853,0.00000000,0.10528446,0.27276455
-4.22311156,2.59441968,0.27106834,2.11305760,0.06642044,0.00000000,0.10534364,0.27089435
-4.21710855,2.59938373,0.26741147,2.12501287,0.06732005,0.00000000,0.10505055,0.26867664
-4.21110555,2.60676786,0.26356150,2.14012380,0.06807335,0.00000000,0.10440856,0.26613208
-4.20510255,2.61680154,0.25958933,2.15852826,0.06866792,0.00000000,0.10342447,0.26327890
-4.19909955,2.62960977,0.25555718,2.18026399,0.06909312,0.00000000,0.10210820,0.26013277
-4.19309655,2.64521322,0.25151719,2.20527033,0.06934034,0.00000000,0.10047268,0.25670702
-4.18709355,2.66353222,0.24751072,2.23339301,0.06940313,0.00000000,0.09853362,0.25301315
-4.18109055,2.68439384,0.24356801,2.26439156,0.06927749,0.00000000,0.09630944,0.24906151
-4.17508754,2.70754149,0.23970845,2.29794864,0.06896193,0.00000000,0.09382110,0.24486213
-4.16908454,2.73264624,0.23594130,2.33368078,0.06845764,0.00000000,0.09109196,0.24042567
-4.16308154,2.75931936,0.23226669,2.37114986,0.06776853,0.00000000,0.08814766,0.23576442
-4.15707854,2.78712527,0.22867706,2.40987489,0.06690120,0.00000000,0.08501588,0.23089325
-4.15107554,2.81559454,0.22515866,2.44934359,0.06586487,0.00000000,0.08172616,0.22583052
-4.14507254,2.84423647,0.22169334,2.48902354,0.06467118,0.00000000,0.07830956,0.22059887
-4.13906953,2.87255097,0.21826021,2.52837261,0.06333400,0.00000000,0.07479837,0.21522588
-4.13306653,2.90003957,0.21483748,2.56684868,0.06186908,0.00000000,0.07122572,0.20974456
-4.12706353,2.92621552,0.21140405,2.60391854,0.06029376,0.00000000,0.06762518,0.20419367
-4.12106053,2.95061290,0.20794105,2.63906609,0.05862655,0.00000000,0.06403033,0.19861788
-4.11505753,2.97279496,0.20443315,2.67179987,0.05688680,0.00000000,0.06047430,0.19306765
-4.10905453,2.99236151,0.20086966,2.70166016,0.05509426,0.00000000,0.05698936,0.18759901
-4.10305153,3.00895572,0.19724536,2.72822554,0.05326872,0.00000000,0.05360648,0.18227315
-4.09704852,3.02227011,0.19356107,2.75111917,0.05142971,0.00000000,0.05035497,0.17715575
-4.09104552,3.03205183,0.18982390,2.77001455,0.04959617,0.00000000,0.04726217,0.17231620
-4.08504252,3.03810728,0.18604724,2.78464100,0.04778619,0.00000000,0.04435312,0.16782661
-4.07903952,3.04030566,0.18225044,2.79478836,0.04601685,0.00000000,0.04165040,0.16376069
-4.07303652,3.03858159,0.17845825,2.80031105,0.04430401,0.00000000,0.03917395,0.16019240
-4.06703352,3.03293638,0.17469998,2.80113107,0.04266224,0.00000000,0.03694099,0.15719458
-4.06103052,3.02343794,0.17100850,2.79723972,0.04110476,0.00000000,0.03496602,0.15483729
-4.05502751,3.01021898,0.16741903,2.78869793,0.03964337,0.00000000,0.03326081,0.15318620
-4.04902451,2.99347346,0.16396780,2.77563480,0.03828845,0.00000000,0.03183449,0.15230080
-4.04302151,2.97345117,0.16069070,2.75824436,0.03704898,0.00000000,0.03069366,0.15223263
-4.03701851,2.95045052,0.15762189,2.73678044,0.03593252,0.00000000,0.02984249,0.15302355
-4.03101551,2.92480962,0.15479242,2.71154961,0.03494527,0.00000000,0.02928292,0.15470401
-4.02501251,2.89689580,0.15222898,2.68290250,0.03409203,0.00000000,0.02901473,0.15729154
-4.01900950,2.86709407,0.14995286,2.65122352,0.03337625,0.00000000,0.02903573,0.16078944
-4.01300650,2.83579475,0.14797899,2.61691954,0.03280000,0.00000000,0.02934188,0.16518570
-4.00700350,2.80338091,0.14631532,2.58040774,0.03236399,0.00000000,0.02992738,0.17045237
-4.00100050,2.77021612,0.14496242,2.54210339,0.03206754,0.00000000,0.03078480,0.17654527
-3.99499750,2.73663297,0.14391336,2.50240779,0.03190860,0.00000000,0.03190510,0.18340422
-3.98899450,2.70292312,0.14315385,2.46169713,0.03188376,0.00000000,0.03327774,0.19095378
-3.98299150,2.66932913,0.14266270,2.42031271,0.03198820,0.00000000,0.03489067,0.19910453
-3.97698849,2.63603869,0.14241249,2.37855289,0.03221582,0.00000000,0.03673042,0.20775482
-3.97098549,2.60318141,0.14237046,2.33666725,0.03255920,0.00000000,0.03878210,0.21679312
-3.96498249,2.57082846,0.14249959,2.29485321,0.03300971,0.00000000,0.04102951,0.22610065
-3.95897949,2.53899501,0.14275984,2.25325518,0.03355762,0.00000000,0.04345514,0.23555452
-3.95297649,2.50764541,0.14310945,2.21196630,0.03419221,0.00000000,0.04604036,0.24503098
-3.94697349,2.47670084,0.14350628,2.17103265,0.03490194,0.00000000,0.04876552,0.25440879
-3.94097049,2.44604900,0.14390918,2.13045968,0.03567463,0.00000000,0.05161021,0.26357265
-3.93496748,2.41555544,0.14427926,2.09022049,0.03649770,0.00000000,0.05455342,0.27241626
-3.92896448,2.38507581,0.14458115,2.05026545,0.03735836,0.00000000,0.05757392,0.28084521
-3.92296148,2.35446852,0.14478406,2.01053277,0.03824391,0.00000000,0.06065054,0.28877924
-3.91695848,2.32360700,0.14486273,1.97095932,0.03914199,0.00000000,0.06376258,0.29615403
-3.91095548,2.29239113,0.14479823,1.93149121,0.04004084,0.00000000,0.06689014,0.30292218
-3.90495248,2.26075701,0.14457852,1.89209351,0.04092956,0.00000000,0.07001456,0.30905357
-3.89894947,2.22868479,0.14419883,1.85275874,0.04179834,0.00000000,0.07311874,0.31453484
-3.89294647,2.19620404,0.14366191,1.81351356,0.04263871,0.00000000,0.07618751,0.31936824
-3.88694347,2.16339646,0.14297796,1.77442340,0.04344368,0.00000000,0.07920786,0.32356979
-3.88094047,2.13039585,0.14216444,1.73559495,0.04420790,0.00000000,0.08216918,0.32716685
-3.87493747,2.09738537,0.14124570,1.69717617,0.04492774,0.00000000,0.08506335,0.33019539
-3.86893447,2.06459234,0.14025235,1.65935418,0.04560132,0.00000000,0.08788477,0.33269688
-3.86293147,2.03228088,0.13922055,1.62235099,0.04622848,0.00000000,0.09063028,0.33471527
-3.85692846,2.00074284,0.13819111,1.58641742,0.04681071,0.00000000,0.09329900,0.33629397
-3.85092546,1.97028760,0.13720847,1.55182559,0.04735103,0.00000000,0.09589207,0.33747323
-3.84492246,1.94123133,0.13631955,1.51886050,0.04785379,0.00000000,0.09841235,0.33828784
-3.83891946,1.91388618,0.13557259,1.48781097,0.04832445,0.00000000,0.10086402,0.33876556
-3.83291646,1.88855014,0.13501581,1.45896068,0.04876937,0.00000000,0.10325218,0.33892605
-3.82691346,1.86549791,0.13469616,1.43257954,0.04919551,0.00000000,0.10558245,0.33878052
-3.82091046,1.84497329,0.13465800,1.40891597,0.04961016,0.00000000,0.10786051,0.33833211
-3.81490745,1.82718337,0.13494179,1.38819035,0.05002070,0.00000000,0.11009171,0.33757681
-3.80890445,1.81229455,0.13558293,1.37058989,0.05043429,0.00000000,0.11228073,0.33650486
-3.80290145,1.80043065,0.13661055,1.35626508,0.05085767,0.00000000,0.11443122,0.33510266
-3.79689845,1.79167283,0.13804651,1.34532779,0.05129692,0.00000000,0.11654550,0.33335474
-3.79089545,1.78606117,0.13990452,1.33785088,0.05175728,0.00000000,0.11862438,0.33124595
-3.78489245,1.78359763,0.14218941,1.33386927,0.05224302,0.00000000,0.12066690,0.32876347
-3.77888944,1.78425000,0.14489657,1.33338214,0.05275732,0.00000000,0.12267022,0.32589858
-3.77288644,1.78795645,0.14801171,1.33635604,0.05330220,0.00000000,0.12462948,0.32264818
-3.76688344,1.79463034,0.15151073,1.34272859,0.05387850,0.00000000,0.12653778,0.31901573
-3.76088044,1.80416476,0.15535996,1.35241232,0.05448589,0.00000000,0.12838608,0.31501180
-3.75487744,1.81643664,0.15951659,1.36529848,0.05512296,0.00000000,0.13016326,0.31065409
-3.74887444,1.83131006,0.16392945,1.38126038,0.05578728,0.00000000,0.13185618,0.30596701
-3.74287144,1.84863859,0.16854003,1.40015602,0.05647554,0.00000000,0.13344981,0.30098083
-3.73686843,1.86826658,0.17328375,1.42182991,0.05718379,0.00000000,0.13492743,0.29573054
-3.73086543,1.89002927,0.17809153,1.44611378,0.05790758,0.00000000,0.13627092,0.29025452
-3.72486243,1.91375201,0.18289149,1.47282626,0.05864223,0.00000000,0.13746110,0.28459311
-3.71885943,1.93924839,0.18761096,1.50177151,0.05938313,0.00000000,0.13847826,0.27878725
-3.71285643,1.96631778,0.19217839,1.53273690,0.06012598,0.00000000,0.13930263,0.27287721
-3.70685343,1.99474234,0.19652552,1.56548992,0.06086713,0.00000000,0.13991508,0.26690157
-3.70085043,2.02428375,0.20058937,1.59977459,0.06160385,0.00000000,0.14029780,0.26089649
-3.69484742,2.05468019,0.20431419,1.63530771,0.06233462,0.00000000,0.14043505,0.25489528
-3.68884442,2.08564356,0.20765323,1.67177524,0.06305941,0.00000000,0.14031389,0.24892825
-3.68284142,2.11685756,0.21057023,1.70882924,0.06377987,0.00000000,0.13992496,0.24302296
-3.67683842,2.14797670,0.21304062,1.74608582,0.06449956,0.00000000,0.13926314,0.23720456
-3.67083542,2.17862667,0.21505233,1.78312433,0.06522404,0.00000000,0.13832814,0.23149646
-3.66483242,2.20840620,0.21660624,1.81948827,0.06596091,0.00000000,0.13712496,0.22592104
-3.65882941,2.23689067,0.21771614,1.85468821,0.06671987,0.00000000,0.13566424,0.22050040
-3.65282641,2.26363745,0.21840833,1.88820678,0.06751258,0.00000000,0.13396234,0.21525707
-3.64682341,2.28819320,0.21872080,1.91950594,0.06835251,0.00000000,0.13204129,0.21021468
-3.64082041,2.31010282,0.21870206,1.94803650,0.06925472,0.00000000,0.12992854,0.20539842
-3.63481741,2.32892007,0.21840967,1.97324967,0.07023556,0.00000000,0.12765651,0.20083533
-3.62881441,2.34421946,0.21790852,1.99461046,0.07131233,0.00000000,0.12526189,0.19655436
-3.62281141,2.35560911,0.21726898,2.01161237,0.07250282,0.00000000,0.12278491,0.19258634
-3.61680840,2.36274415,0.21656494,2.02379307,0.07382486,0.00000000,0.12026831,0.18896355
-3.61080540,2.36533996,0.21587187,2.03075020,0.07529583,0.00000000,0.11775635,0.18571933
-3.60480240,2.36318494,0.21526493,2.03215691,0.07693209,0.00000000,0.11529367,0.18288737
-3.59879940,2.35615192,0.21481724,2.02777617,0.07874845,0.00000000,0.11292410,0.18050098
-3.59279640,2.34420788,0.21459829,2.01747343,0.08075752,0.00000000,0.11068955,0.17859230
-3.58679340,2.32742124,0.21467262,2.00122676,0.08296920,0.00000000,0.10862887,0.17719140
-3.58079040,2.30596642,0.21509867,1.97913412,0.08539007,0.00000000,0.10677681,0.17632545
-3.57478739,2.28012516,0.21592793,1.95141715,0.08802280,0.00000000,0.10516306,0.17601794
-3.56878439,2.25028449,0.21720430,1.91842127,0.09086567,0.00000000,0.10381145,0.17628784
-3.56278139,2.21693123,0.21896373,1.88061198,0.09391210,0.00000000,0.10273929,0.17714904
-3.55677839,2.18064301,0.22123394,1.83856716,0.09715024,0.00000000,0.10195686,0.17860972
-3.55077539,2.14207610,0.22403446,1.79296573,0.10056268,0.00000000,0.10146713,0.18067195
-3.54477239,2.10195043,0.22737669,1.74457292,0.10412631,0.00000000,0.10126562,0.18333138
-3.53876938,2.06103210,0.23126413,1.69422253,0.10781230,0.00000000,0.10134059,0.18657713
-3.53276638,2.02011416,0.23569264,1.64279671,0.11158623,0.00000000,0.10167328,0.19039174
-3.52676338,1.97999607,0.24065081,1.59120403,0.11540845,0.00000000,0.10223849,0.19475134
-3.52076038,1.94146265,0.24612026,1.54035629,0.11923461,0.00000000,0.10300532,0.19962595
-3.51475738,1.90526319,0.25207604,1.49114503,0.12301639,0.00000000,0.10393809,0.20497987
-3.50875438,1.87209118,0.25848689,1.44441821,0.12670245,0.00000000,0.10499745,0.21077226
-3.50275138,1.84256557,0.26531564,1.40095793,0.13023949,0.00000000,0.10614159,0.21695774
-3.49674837,1.81721378,0.27251938,1.36145974,0.13357352,0.00000000,0.10732761,0.22348716
-3.49074537,1.79645714,0.28004976,1.32651421,0.13665120,0.00000000,0.10851285,0.23030826
-3.48474237,1.78059912,0.28785312,1.29659113,0.13942127,0.00000000,0.10965634,0.23736654
-3.47873937,1.76981654,0.29587072,1.27202702,0.14183591,0.00000000,0.11072013,0.24460594
-3.47273637,1.76415406,0.30403880,1.25301611,0.14385218,0.00000000,0.11167054,0.25196955
-3.46673337,1.76352209,0.31228881,1.23960505,0.14543319,0.00000000,0.11247927,0.25940031
-3.46073037,1.76769806,0.32054752,1.23169174,0.14654923,0.00000000,0.11312436,0.26684148
-3.45472736,1.77633120,0.32873729,1.22902800,0.14717863,0.00000000,0.11359085,0.27423721
-3.44872436,1.78895057,0.33677639,1.23122636,0.14730836,0.00000000,0.11387123,0.28153285
-3.44272136,1.80497627,0.34457946,1.23777059,0.14693440,0.00000000,0.11396560,0.28867537
-3.43671836,1.82373352,0.35205812,1.24802982,0.14606174,0.00000000,0.11388158,0.29561354
-3.43071536,1.84446938,0.35912181,1.26127587,0.14470419,0.00000000,0.11363389,0.30229827
-3.42471236,1.86637168,0.36567887,1.27670334,0.14288383,0.00000000,0.11324374,0.30868287
-3.41870935,1.88858970,0.37163781,1.29345183,0.14063026,0.00000000,0.11273790,0.31472334
-3.41270635,1.91025604,0.37690890,1.31062977,0.13797964,0.00000000,0.11214772,0.32037878
-3.40670335,1.93050923,0.38140590,1.32733906,0.13497354,0.00000000,0.11150782,0.32561181
-3.40070035,1.94851624,0.38504807,1.34269976,0.13165773,0.00000000,0.11085482,0.33038912
-3.39469735,1.96349437,0.38776222,1.35587421,0.12808086,0.00000000,0.11022598,0.33468204
-3.38869435,1.97473177,0.38948491,1.36608958,0.12429316,0.00000000,0.10965777,0.33846720
-3.38269135,1.98160587,0.39016452,1.37265838,0.12034517,0.00000000,0.10918456,0.34172707
-3.37668834,1.98359915,0.38976319,1.37499602,0.11628654,0.00000000,0.10883734,0.34445058
-3.37068534,1.98031163,0.38825855,1.37263507,0.11216493,0.00000000,0.10864259,0.34663353
-3.36468234,1.97146966,0.38564504,1.36523565,0.10802511,0.00000000,0.10862122,0.34827879
-3.35867934,1.95693063,0.38193473,1.35259162,0.10390808,0.00000000,0.10878782,0.34939636
-3.35267634,1.93668346,0.37715764,1.33463261,0.09985046,0.00000000,0.10914996,0.35000307
-3.34667334,1.91084488,0.37136142,1.31142163,0.09588401,0.00000000,0.10970778,0.35012197
-3.34067034,1.87965162,0.36461044,1.28314869,0.09203529,0.00000000,0.11045376,0.34978142
-3.33466733,1.84344892,0.35698416,1.25012068,0.08832545,0.00000000,0.11137277,0.34901388
-3.32866433,1.80267584,0.34857505,1.21274786,0.08477026,0.00000000,0.11244226,0.34785442
-3.32266133,1.75784800,0.33948592,1.17152783,0.08138015,0.00000000,0.11363273,0.34633901
-3.31665833,1.70953859,0.32982687,1.12702741,0.07816046,0.00000000,0.11490842,0.34450276
-3.31065533,1.65835832,0.31971205,1.07986328,0.07511180,0.00000000,0.11622814,0.34237807
-3.30465233,1.60493530,0.30925629,1.03068212,0.07223044,0.00000000,0.11754635,0.33999292
-3.29864932,1.54989559,0.29857179,0.98014100,0.06950884,0.00000000,0.11881436,0.33736937
-3.29264632,1.49384518,0.28776502,0.92888866,0.06693627,0.00000000,0.11998160,0.33452234
-3.28664332,1.43735412,0.27693409,0.87754841,0.06449945,0.00000000,0.12099711,0.33145884
-3.28064032,1.38094324,0.26616650,0.82670297,0.06218321,0.00000000,0.12181089,0.32817759
-3.27463732,1.32507386,0.25553758,0.77688186,0.05997125,0.00000000,0.12237540,0.32466925
-3.26863432,1.27014079,0.24510951,0.72855148,0.05784681,0.00000000,0.12264693,0.32091707
-3.26263132,1.21646855,0.23493113,0.68210804,0.05579339,0.00000000,0.12258685,0.31689814
-3.25662831,1.16431075,0.22503832,0.63787334,0.05379540,0.00000000,0.12216278,0.31258501
-3.25062531,1.11385239,0.21545503,0.59609344,0.05183873,0.00000000,0.12134948,0.30794777
-3.24462231,1.06521473,0.20619492,0.55693974,0.04991134,0.00000000,0.12012960,0.30295631
-3.23861931,1.01846221,0.19726330,0.52051252,0.04800359,0.00000000,0.11849414,0.29758284
-3.23261631,0.97361101,0.18865949,0.48684628,0.04610867,0.00000000,0.11644264,0.29180439
-3.22661331,0.93063861,0.18037927,0.45591679,0.04422274,0.00000000,0.11398312,0.28560521
-3.22061031,0.88949390,0.17241735,0.42764912,0.04234505,0.00000000,0.11113176,0.27897900
-3.21460730,0.85010725,0.16476976,0.40192660,0.04047793,0.00000000,0.10791234,0.27193074
-3.20860430,0.81240016,0.15743589,0.37860001,0.03862668,0.00000000,0.10435545,0.26447817
-3.20260130,0.77629399,0.15042032,0.35749676,0.03679929,0.00000000,0.10049756,0.25665264
-3.19659830,0.74171754,0.14373402,0.33842978,0.03500620,0.00000000,0.09637995,0.24849954
-3.19059530,0.70861320,0.13739515,0.32120573,0.03325984,0.00000000,0.09204752,0.24007804
-3.18459230,0.67694145,0.13142931,0.30563238,0.03157421,0.00000000,0.08754761,0.23146028
-3.17858929,0.64668368,0.12586915,0.29152490,0.02996439,0.00000000,0.08292883,0.22272997
-3.17258629,0.61784336,0.12075353,0.27871105,0.02844597,0.00000000,0.07823986,0.21398050
-3.16658329,0.59044551,0.11612614,0.26703503,0.02703456,0.00000000,0.07352844,0.20531257
-3.16058029,0.56453466,0.11203370,0.25636018,0.02574525,0.00000000,0.06884038,0.19683144
-3.15457729,0.54017145,0.10852381,0.24657032,0.02459202,0.00000000,0.06421879,0.18864401
-3.14857429,0.51742817,0.10564261,0.23757000,0.02358734,0.00000000,0.05970341,0.18085560
-3.14257129,0.49638333,0.10343230,0.22928364,0.02274167,0.00000000,0.05533011,0.17356684
-3.13656828,0.47711572,0.10192860,0.22165380,0.02206306,0.00000000,0.05113054,0.16687053
-3.13056528,0.45969823,0.10115845,0.21463858,0.02155682,0.00000000,0.04713199,0.16084878
-3.12456228,0.44419165,0.10113789,0.20820864,0.02122531,0.00000000,0.04335733,0.15557043
-3.11855928,0.43063889,0.10187032,0.20234366,0.02106769,0.00000000,0.03982513,0.15108894
-3.11255628,0.41905993,0.10334527,0.19702884,0.02107991,0.00000000,0.03654990,0.14744073
-3.10655328,0.40944767,0.10553770,0.19225136,0.02125471,0.00000000,0.03354241,0.14464415
-3.10055028,0.40176503,0.10840795,0.18799712,0.02158172,0.00000000,0.03081015,0.14269907
-3.09454727,0.39594349,0.11190233,0.18424797,0.02204779,0.00000000,0.02835776,0.14158713
-3.08854427,0.39188307,0.11595447,0.18097943,0.02263723,0.00000000,0.02618765,0.14127267
-3.08254127,0.38945401,0.12048725,0.17815924,0.02333235,0.00000000,0.02430051,0.14170423
-3.07653827,0.38849992,0.12541536,0.17574649,0.02411398,0.00000000,0.02269590,0.14281671
-3.07053527,0.38884231,0.13064834,0.17369174,0.02496204,0.00000000,0.02137284,0.14453390
-3.06453227,0.39028647,0.13609402,0.17193768,0.02585631,0.00000000,0.02033028,0.14677145
-3.05852926,0.39262811,0.14166215,0.17042060,0.02677703,0.00000000,0.01956760,0.14944004
-3.05252626,0.39566074,0.14726811,0.16907242,0.02770569,0.00000000,0.01908498,0.15244862
-3.04652326,0.39918308,0.15283634,0.16782306,0.02862563,0.00000000,0.01888361,0.15570758
-3.04052026,0.40300634,0.15830357,0.16660311,0.02952266,0.00000000,0.01896591,0.15913168
-3.03451726,0.40696078,0.16362134,0.16534659,0.03038559,0.00000000,0.01933544,0.16264257
-3.02851426,0.41090118,0.16875788,0.16399354,0.03120650,0.00000000,0.01999675,0.16617085
-3.02251126,0.41471098,0.17369905,0.16249233,0.03198103,0.00000000,0.02095505,0.16965745
-3.01650825,0.41830468,0.17844836,0.16080158,0.03270834,0.00000000,0.02221569,0.17305440
-3.01050525,0.42162844,0.18302591,0.15889144,0.03339098,0.00000000,0.02378345,0.17632483
-3.00450225,0.42465875,0.18746631,0.15674435,0.03403452,0.00000000,0.02566177,0.17944229
-2.99849925,0.42739932,0.19181565,0.15435497,0.03464703,0.00000000,0.02785182,0.18238955
-2.99249625,0.42987626,0.19612768,0.15172965,0.03523836,0.00000000,0.03035146,0.18515666
-2.98649325,0.43213195,0.20045925,0.14888510,0.03581939,0.00000000,0.03315425,0.18773883
-2.98049025,0.43421789,0.20486542,0.14584669,0.03640111,0.00000000,0.03624845,0.19013393
-2.97448724,0.43618703,0.20939442,0.14264627,0.03699368,0.00000000,0.03961610,0.19233996
-2.96848424,0.43808605,0.21408272,0.13931981,0.03760558,0.00000000,0.04323226,0.19435268
-2.96248124,0.43994811,0.21895056,0.13590488,0.03824271,0.00000000,0.04706452,0.19616343
-2.95647824,0.44178651,0.22399825,0.13243825,0.03890774,0.00000000,0.05107265,0.19775749
-2.95047524,0.44358972,0.22920333,0.12895367,0.03959953,0.00000000,0.05520872,0.19911292
-2.94447224,0.44531808,0.23451908,0.12548004,0.04031277,0.00000000,0.05941747,0.20020009
-2.93846923,0.44690243,0.23987417,0.12203995,0.04103793,0.00000000,0.06363706,0.20098186
-2.93246623,0.44824480,0.24517380,0.11864879,0.04176133,0.00000000,0.06780022,0.20141448
-2.92646323,0.44922106,0.25030222,0.11531436,0.04246555,0.00000000,0.07183570,0.20144913
-2.92046023,0.44968559,0.25512647,0.11203710,0.04313004,0.00000000,0.07567006,0.20103394
-2.91445723,0.44947743,0.25950131,0.10881071,0.04373190,0.00000000,0.07922967,0.20011654
-2.90845423,0.44842788,0.26327500,0.10562335,0.04424691,0.00000000,0.08244288,0.19864679
-2.90245123,0.44636889,0.26629568,0.10245909,0.04465057,0.00000000,0.08524226,0.19657967
-2.89644822,0.44314187,0.26841812,0.09929968,0.04491931,0.00000000,0.08756684,0.19387808
-2.89044522,0.43860648,0.26951034,0.09612647,0.04503160,0.00000000,0.08936413,0.19051546
-2.88444222,0.43264880,0.26945987,0.09292230,0.04496912,0.00000000,0.09059205,0.18647796
-2.87843922,0.42518862,0.26817938,0.08967339,0.04471773,0.00000000,0.09122039,0.18176618
-2.87243622,0.41618528,0.26561127,0.08637106,0.04426836,0.00000000,0.09123200,0.17639627
-2.86643322,0.40564208,0.26173113,0.08301312,0.04361762,0.00000000,0.09062347,0.17040043
-2.86043022,0.39360871,0.25654993,0.07960510,0.04276834,0.00000000,0.08940532,0.16382673
-2.85442721,0.38018196,0.25011472,0.07616102,0.04172967,0.00000000,0.08760174,0.15673828
-2.84842421,0.36550460,0.24250801,0.07270388,0.04051719,0.00000000,0.08524982,0.14921185
-2.84242121,0.34976246,0.23384581,0.06926579,0.03915256,0.00000000,0.08239834,0.14133597
-2.83641821,0.33318008,0.22427445,0.06588773,0.03766314,0.00000000,0.07910625,0.13320864
-2.83041521,0.31601518,0.21396652,0.06261911,0.03608137,0.00000000,0.07544075,0.12493476
-2.82441221,0.29855205,0.20311583,0.05951697,0.03444393,0.00000000,0.07147523,0.11662347
-2.81840920,0.28109449,0.19193207,0.05664503,0.03279098,0.00000000,0.06728708,0.10838537
-2.81240620,0.26395836,0.18063502,0.05407258,0.03116513,0.00000000,0.06295549,0.10032995
-2.80640320,0.24746424,0.16944880,0.05187319,0.02961050,0.00000000,0.05855928,0.09256309
-2.80040020,0.23193025,0.15859633,0.05012343,0.02817179,0.00000000,0.05417492,0.08518494
-2.79439720,0.21766551,0.14829407,0.04890143,0.02689327,0.00000000,0.04987478,0.07828807
-2.78839420,0.20496412,0.13874736,0.04828543,0.02581798,0.00000000,0.04572562,0.07195596
-2.78239120,0.19409995,0.13014632,0.04835236,0.02498683,0.00000000,0.04178739,0.06626194
-2.77638819,0.18532220,0.12266248,0.04917632,0.02443791,0.00000000,0.03811240,0.06126842
-2.77038519,0.17885177,0.11644601,0.05082711,0.02420579,0.00000000,0.03474471,0.05702649
-2.76438219,0.17487833,0.11162372,0.05336872,0.02432094,0.00000000,0.03171995,0.05357579
-2.75837919,0.17355808,0.10829760,0.05685783,0.02480921,0.00000000,0.02906530,0.05094469
-2.75237619,0.17501217,0.10654395,0.06134236,0.02569135,0.00000000,0.02679980,0.04915060
-2.74637319,0.17932556,0.10641302,0.06686001,0.02698268,0.00000000,0.02493476,0.04820044
-2.74037019,0.18654639,0.10792904,0.07343690,0.02869272,0.00000000,0.02347445,0.04809130
-2.73436718,0.19668576,0.11109058,0.08108635,0.03082494,0.00000000,0.02241673,0.04881105
-2.72836418,0.20971795,0.11587129,0.08980778,0.03337658,0.00000000,0.02175390,0.05033908
-2.72236118,0.22558095,0.12222079,0.09958586,0.03633856,0.00000000,0.02147347,0.05264703
-2.71635818,0.24417758,0.13006589,0.11038994,0.03969541,0.00000000,0.02155895,0.05569956
-2.71035518,0.26537703,0.13931205,0.12217388,0.04342543,0.00000000,0.02199070,0.05945509
-2.70435218,0.28901696,0.14984503,0.13487620,0.04750085,0.00000000,0.02274659,0.06386670
-2.69834917,0.31490641,0.16153287,0.14842082,0.05188820,0.00000000,0.02380275,0.06888287
-2.69234617,0.34282923,0.17422814,0.16271824,0.05654880,0.00000000,0.02513423,0.07444853
-2.68634317,0.37254851,0.18777052,0.17766725,0.06143944,0.00000000,0.02671557,0.08050595
-2.68034017,0.40381168,0.20198966,0.19315725,0.06651316,0.00000000,0.02852142,0.08699594
-2.67433717,0.43635650,0.21670839,0.20907104,0.07172027,0.00000000,0.03052706,0.09385894
-2.66833417,0.46991772,0.23174622,0.22528809,0.07700942,0.00000000,0.03270892,0.10103636
-2.66233117,0.50423451,0.24692311,0.24168825,0.08232892,0.00000000,0.03504512,0.10847194
-2.65632816,0.53905820,0.26206334,0.25815564,0.08762804,0.00000000,0.03751593,0.11611319
-2.65032516,0.57416046,0.27699955,0.27458288,0.09285842,0.00000000,0.04010429,0.12391282
-2.64432216,0.60934131,0.29157676,0.29087517,0.09797551,0.00000000,0.04279625,0.13183019
-2.63831916,0.64443695,0.30565620,0.30695424,0.10293998,0.00000000,0.04558139,0.13983273
-2.63231616,0.67932682,0.31911889,0.32276203,0.10771899,0.00000000,0.04845328,0.14789715
-2.62631316,0.71393969,0.33186878,0.33826370,0.11228735,0.00000000,0.05140972,0.15601053
-2.62031016,0.74825830,0.34383531,0.35344996,0.11662852,0.00000000,0.05445303,0.16417110
-2.61430715,0.78232222,0.35497530,0.36833852,0.12073523,0.00000000,0.05759020,0.17238872
-2.60830415,0.81622863,0.36527393,0.38297437,0.12460991,0.00000000,0.06083281,0.18068494
-2.60230115,0.85013063,0.37474484,0.39742894,0.12826476,0.00000000,0.06419691,0.18909263
-2.59629815,0.88423301,0.38342927,0.41179791,0.13172132,0.00000000,0.06770262,0.19765505
-2.59029515,0.91878525,0.39139409,0.42619782,0.13500983,0.00000000,0.07137356,0.20642444
-2.58429215,0.95407183,0.39872882,0.44076120,0.13816805,0.00000000,0.07523606,0.21546003
-2.57828914,0.99039991,0.40554176,0.45563073,0.14123977,0.00000000,0.07931810,0.22482551
-2.57228614,1.02808472,0.41195519,0.47095213,0.14427297,0.00000000,0.08364810,0.23458605
-2.56628314,1.06743300,0.41809983,0.48686646,0.14731768,0.00000000,0.08825345,0.24480481
-2.56028014,1.10872509,0.42410885,0.50350168,0.15042362,0.00000000,0.09315891,0.25553922
-2.55427714,1.15219628,0.43011149,0.52096417,0.15363768,0.00000000,0.09838491,0.26683694
-2.54827414,1.19801827,0.43622669,0.53933039,0.15700147,0.00000000,0.10394574,0.27873190
-2.54227114,1.24628154,0.44255688,0.55863906,0.16054876,0.00000000,0.10984778,0.29124033
-2.53626813,1.29697940,0.44918234,0.57888442,0.16430324,0.00000000,0.11608783,0.30435717
-2.53026513,1.34999487,0.45615617,0.60001086,0.16827651,0.00000000,0.12265160,0.31805293
-2.52426213,1.40509082,0.46350043,0.62190918,0.17246646,0.00000000,0.12951247,0.33227125
-2.51825913,1.46190442,0.47120336,0.64441498,0.17685610,0.00000000,0.13663059,0.34692726
-2.51225613,1.51994622,0.47921799,0.66730917,0.18141298,0.00000000,0.14395238,0.36190696
-2.50625313,1.57860430,0.48746227,0.69032090,0.18608917,0.00000000,0.15141055,0.37706764
-2.50025013,1.63715368,0.49582060,0.71313265,0.19082192,0.00000000,0.15892459,0.39223953
-2.49424712,1.69477076,0.50414692,0.73538772,0.19553488,0.00000000,0.16640186,0.40722856
-2.48824412,1.75055258,0.51226909,0.75669955,0.20013995,0.00000000,0.17373915,0.42182025
-2.48224112,1.80354023,0.51999453,0.77666274,0.20453973,0.00000000,0.18082487,0.43578472
-2.47623812,1.85274562,0.52711676,0.79486527,0.20863033,0.00000000,0.18754161,0.44888250
-2.47023512,1.89718057,0.53342273,0.81090150,0.21230463,0.00000000,0.19376913,0.46087110
-2.46423212,1.93588720,0.53870039,0.82438530,0.21545574,0.00000000,0.19938764,0.47151207
-2.45822911,1.96796829,0.54274651,0.83496286,0.21798063,0.00000000,0.20428130,0.48057820
-2.45222611,1.99261642,0.54537411,0.84232460,0.21978364,0.00000000,0.20834165,0.48786076
-2.44622311,2.00914066,0.54641933,0.84621563,0.22077989,0.00000000,0.21147111,0.49317624
-2.44022011,2.01698982,0.54574752,0.84644441,0.22089842,0.00000000,0.21358611,0.49637262
-2.43421711,2.01577108,0.54325816,0.84288922,0.22008481,0.00000000,0.21461996,0.49733461
-2.42821411,2.00526357,0.53888854,0.83550218,0.21830337,0.00000000,0.21452519,0.49598792
-2.42221111,1.98542614,0.53261602,0.82431070,0.21553864,0.00000000,0.21327533,0.49230211
-2.41620810,1.95639916,0.52445886,0.80941637,0.21179633,0.00000000,0.21086602,0.48629221
-2.41020510,1.91850050,0.51447558,0.79099145,0.20710346,0.00000000,0.20731544,0.47801877
-2.40420210,1.87221577,0.50276301,0.76927304,0.20150783,0.00000000,0.20266404,0.46758653
-2.39819910,1.81818351,0.48945300,0.74455538,0.19507688,0.00000000,0.19697346,0.45514167
-2.39219610,1.75717603,0.47470819,0.71718067,0.18789583,0.00000000,0.19032495,0.44086787
-2.38619310,1.69007678,0.45871691,0.68752865,0.18006538,0.00000000,0.18281704,0.42498127
-2.38019010,1.61785530,0.44168749,0.65600576,0.17169888,0.00000000,0.17456284,0.40772455
-2.37418709,1.54154088,0.42384229,0.62303402,0.16291923,0.00000000,0.16568691,0.38936043
-2.36818409,1.46219592,0.40541160,0.58904027,0.15385548,0.00000000,0.15632188,0.37016482
-2.36218109,1.38089017,0.38662780,0.55444609,0.14463945,0.00000000,0.14660500,0.35041990
-2.35617809,1.29867665,0.36771989,0.51965881,0.13540233,0.00000000,0.13667468,0.33040738
-2.35017509,1.21657022,0.34890862,0.48506389,0.12627137,0.00000000,0.12666724,0.31040223
-2.34417209,1.13552924,0.33040231,0.45101875,0.11736697,0.00000000,0.11671384,0.29066695
-2.33816908,1.05644100,0.31239357,0.41784827,0.10880001,0.00000000,0.10693791,0.27144676
-2.33216608,0.98011086,0.29505686,0.38584198,0.10066966,0.00000000,0.09745291,0.25296566
-2.32616308,0.90725550,0.27854693,0.35525273,0.09306165,0.00000000,0.08836065,0.23542350
-2.32016008,0.83849970,0.26299816,0.32629690,0.08604707,0.00000000,0.07975009,0.21899409
-2.31415708,0.77437671,0.24852462,0.29915582,0.07968169,0.00000000,0.07169665,0.20382435
-2.30815408,0.71533142,0.23522087,0.27397817,0.07400580,0.00000000,0.06426207,0.19003431
-2.30215108,0.66172599,0.22316322,0.25088315,0.06904452,0.00000000,0.05749459,0.17771802
-2.29614807,0.61384710,0.21241149,0.22996406,0.06480860,0.00000000,0.05142957,0.16694513
-2.29014507,0.57191421,0.20301090,0.21129211,0.06129553,0.00000000,0.04609041,0.15776296
-2.28414207,0.53608819,0.19499421,0.19492004,0.05849103,0.00000000,0.04148963,0.15019896
-2.27813907,0.50647956,0.18838365,0.18088543,0.05637071,0.00000000,0.03763004,0.14426329
-2.27213607,0.48315589,0.18319276,0.16921353,0.05490195,0.00000000,0.03450608,0.13995146
-2.26613307,0.46614781,0.17942794,0.15991934,0.05404581,0.00000000,0.03210489,0.13724667
-2.26013007,0.45545331,0.17708957,0.15300891,0.05375894,0.00000000,0.03040752,0.13612199
-2.25412706,0.45104022,0.17617267,0.14847992,0.05399544,0.00000000,0.02938978,0.13654196
-2.24812406,0.45284659,0.17666716,0.14632129,0.05470853,0.00000000,0.02902301,0.13846378
-2.24212106,0.46077925,0.17855750,0.14651226,0.05585210,0.00000000,0.02927467,0.14183786
-2.23611806,0.47471076,0.18182194,0.14902067,0.05738196,0.00000000,0.03010861,0.14660790
-2.23011506,0.49447493,0.18643139,0.15380095,0.05925691,0.00000000,0.03148532,0.15271037
-2.22411206,0.51986155,0.19234786,0.16079170,0.06143947,0.00000000,0.03336196,0.16007363
-2.21810905,0.55061083,0.19952283,0.16991332,0.06389640,0.00000000,0.03569226,0.16861665
-2.21210605,0.58640795,0.20789541,0.18106571,0.06659895,0.00000000,0.03842650,0.17824764
-2.20610305,0.62687866,0.21739071,0.19412647,0.06952290,0.00000000,0.04151139,0.18886256
-2.20010005,0.67158612,0.22791841,0.20894953,0.07264834,0.00000000,0.04489011,0.20034394
-2.19409705,0.72002981,0.23937171,0.22536464,0.07595939,0.00000000,0.04850241,0.21255994
-2.18809405,0.77164675,0.25162688,0.24317771,0.07944372,0.00000000,0.05228492,0.22536396
-2.18209105,0.82581543,0.26454351,0.26217212,0.08309203,0.00000000,0.05617168,0.23859495
-2.17608804,0.88186248,0.27796553,0.28211105,0.08689748,0.00000000,0.06009477,0.25207846
-2.17008504,0.93907223,0.29172308,0.30274077,0.09085511,0.00000000,0.06398529,0.26562855
-2.16408204,0.99669881,0.30563524,0.32379489,0.09496128,0.00000000,0.06777444,0.27905055
-2.15807904,1.05398047,0.31951358,0.34499928,0.09921309,0.00000000,0.07139474,0.29214465
-2.15207604,1.11015569,0.33316642,0.36607768,0.10360798,0.00000000,0.07478146,0.30471021
-2.14607304,1.16448031,0.34640365,0.38675757,0.10814319,0.00000000,0.07787400,0.31655064
-2.14007004,1.21624498,0.35904192,0.40677620,0.11281540,0.00000000,0.08061725,0.32747858
-2.13406703,1.26479226,0.37090996,0.42588638,0.11762037,0.00000000,0.08296301,0.33732134
-2.12806403,1.30953232,0.38185372,0.44386197,0.12255257,0.00000000,0.08487104,0.34592606
-2.12206103,1.34995685,0.39174124,0.46050256,0.12760486,0.00000000,0.08631010,0.35316457
-2.11605803,1.38565024,0.40046670,0.47563742,0.13276817,0.00000000,0.08725863,0.35893759
-2.11005503,1.41629767,0.40795371,0.48912829,0.13803121,0.00000000,0.08770515,0.36317800
-2.10405203,1.44168982,0.41415745,0.50087118,0.14338015,0.00000000,0.08764836,0.36585307
-2.09804902,1.46172392,0.41906564,0.51079690,0.14879839,0.00000000,0.08709693,0.36696551
-2.09204602,1.47640130,0.42269817,0.51887049,0.15426627,0.00000000,0.08606896,0.36655326
-2.08604302,1.48582159,0.42510549,0.52508962,0.15976099,0.00000000,0.08459122,0.36468797
-2.08004002,1.49017404,0.42636573,0.52948203,0.16525647,0.00000000,0.08269810,0.36147232
-2.07403702,1.48972644,0.42658077,0.53210221,0.17072338,0.00000000,0.08043042,0.35703631
-2.06803402,1.48481226,0.42587143,0.53302756,0.17612929,0.00000000,0.07783412,0.35153266
-2.06203102,1.47581671,0.42437193,0.53235419,0.18143896,0.00000000,0.07495890,0.34513155
-2.05602801,1.46316235,0.42222405,0.53019262,0.18661472,0.00000000,0.07185684,0.33801505
-2.05002501,1.44729499,0.41957116,0.52666351,0.19161708,0.00000000,0.06858115,0.33037140
-2.04402201,1.42867026,0.41655242,0.52189364,0.19640530,0.00000000,0.06518490,0.32238948
-2.03801901,1.40774151,0.41329747,0.51601226,0.20093824,0.00000000,0.06172009,0.31425363
-2.03201601,1.38494926,0.40992173,0.50914789,0.20517515,0.00000000,0.05823671,0.30613916
-2.02601301,1.36071241,0.40652261,0.50142568,0.20907648,0.00000000,0.05478207,0.29820855
-2.02001001,1.33542139,0.40317666,0.49296522,0.21260477,0.00000000,0.05140035,0.29060854
-2.01400700,1.30943315,0.39993785,0.48387896,0.21572537,0.00000000,0.04813225,0.28346815
-2.00800400,1.28306785,0.39683683,0.47427105,0.21840719,0.00000000,0.04501483,0.27689761
-2.00200100,1.25660717,0.39388128,0.46423666,0.22062322,0.00000000,0.04208147,0.27098810
-1.99599800,1.23029392,0.39105729,0.45386158,0.22235102,0.00000000,0.03936198,0.26581224
-1.98999500,1.20433278,0.38833143,0.44322221,0.22357302,0.00000000,0.03688266,0.26142519
-1.98399200,1.17889181,0.38565361,0.43238569,0.22427669,0.00000000,0.03466651,0.25786618
-1.97798899,1.15410465,0.38296050,0.42141030,0.22445461,0.00000000,0.03273336,0.25516028
-1.97198599,1.13007313,0.38017916,0.41034593,0.22410442,0.00000000,0.03110001,0.25332027
-1.96598299,1.10687014,0.37723101,0.39923474,0.22322873,0.00000000,0.02978028,0.25234841
-1.95997999,1.08454264,0.37403570,0.38811182,0.22183497,0.00000000,0.02878508,0.25223810
-1.95397699,1.06311486,0.37051490,0.37700604,0.21993524,0.00000000,0.02812233,0.25297508
-1.94797399,1.04259135,0.36659582,0.36594093,0.21754616,0.00000000,0.02779685,0.25453844
-1.94197099,1.02296020,0.36221431,0.35493564,0.21468873,0.00000000,0.02781021,0.25690109
-1.93596798,1.00419612,0.35731759,0.34400596,0.21138829,0.00000000,0.02816055,0.26002992
-1.92996498,0.98626358,0.35186639,0.33316541,0.20767438,0.00000000,0.02884233,0.26388569
-1.92396198,0.96911977,0.34583650,0.32242635,0.20358077,0.00000000,0.02984616,0.26842264
-1.91795898,0.95271761,0.33921984,0.31180104,0.19914533,0.00000000,0.03115864,0.27358796
-1.91195598,0.93700858,0.33202485,0.30130272,0.19440995,0.00000000,0.03276228,0.27932139
-1.90595298,0.92194534,0.32427636,0.29094653,0.18942036,0.00000000,0.03463552,0.28555487
-1.89994997,0.90748432,0.31601492,0.28075038,0.18422578,0.00000000,0.03675284,0.29221257
-1.89394697,0.89358787,0.30729564,0.27073555,0.17887857,0.00000000,0.03908511,0.29921124
-1.88794397,0.88022626,0.29818663,0.26092719,0.17343355,0.00000000,0.04159996,0.30646113
-1.88194097,0.86737929,0.28876710,0.25135448,0.16794730,0.00000000,0.04426240,0.31386742
-1.87593797,0.85503756,0.27912515,0.24205065,0.16247721,0.00000000,0.04703559,0.32133223
-1.86993497,0.84320336,0.26935549,0.23305268,0.15708043,0.00000000,0.04988163,0.32875710
-1.86393197,0.83189113,0.25955697,0.22440077,0.15181262,0.00000000,0.05276260,0.33604598
-1.85792896,0.82112759,0.24983025,0.21613765,0.14672679,0.00000000,0.05564153,0.34310849
-1.85192596,0.81095141,0.24027550,0.20830767,0.14187196,0.00000000,0.05848348,0.34986333
-1.84592296,0.80141253,0.23099037,0.20095572,0.13729195,0.00000000,0.06125648,0.35624166
-1.83991996,0.79257107,0.22206814,0.19412613,0.13302427,0.00000000,0.06393247,0.36219024
-1.83391696,0.78449597,0.21359637,0.18786144,0.12909923,0.00000000,0.06648805,0.36767407
-1.82791396,0.77726318,0.20565575,0.18220123,0.12553918,0.00000000,0.06890508,0.37267844
-1.82191096,0.77095367,0.19831949,0.17718097,0.12235811,0.00000000,0.07117100,0.37721011
-1.81590795,0.76565105,0.19165302,0.17283089,0.11956159,0.00000000,0.07327894,0.38129755
-1.80990495,0.76143910,0.18571413,0.16917500,0.11714692,0.00000000,0.07522760,0.38499021
-1.80390195,0.75839901,0.18055340,0.16623027,0.11510377,0.00000000,0.07702080,0.38835671
-1.79789895,0.75660657,0.17621488,0.16400587,0.11341499,0.00000000,0.07866683,0.39148212
-1.79189595,0.75612928,0.17273697,0.16250262,0.11205771,0.00000000,0.08017768,0.39446427
-1.78589295,0.75702356,0.17015333,0.16171261,0.11100474,0.00000000,0.08156796,0.39740953
-1.77988994,0.75933204,0.16849379,0.16161895,0.11022593,0.00000000,0.08285390,0.40042800
-1.77388694,0.76308106,0.16778508,0.16219572,0.10968974,0.00000000,0.08405222,0.40362852
-1.76788394,0.76827854,0.16805130,0.16340807,0.10936467,0.00000000,0.08517906,0.40711372
-1.76188094,0.77491223,0.16931408,0.16521253,0.10922058,0.00000000,0.08624906,0.41097540
-1.75587794,0.78294836,0.17159226,0.16755741,0.10922985,0.00000000,0.08727456,0.41529040
-1.74987494,0.79233092,0.17490118,0.17038343,0.10936820,0.00000000,0.08826502,0.42011728
-1.74387194,0.80298145,0.17925140,0.17362451,0.10961523,0.00000000,0.08922671,0.42549386
-1.73786893,0.81479942,0.18464707,0.17720863,0.10995464,0.00000000,0.09016260,0.43143576
-1.73186593,0.82766315,0.19108382,0.18105895,0.11037397,0.00000000,0.09107252,0.43793601
-1.72586293,0.84143134,0.19854642,0.18509498,0.11086417,0.00000000,0.09195356,0.44496564
-1.71985993,0.85594502,0.20700625,0.18923387,0.11141870,0.00000000,0.09280062,0.45247516
-1.71385693,0.87103001,0.21641875,0.19339185,0.11203257,0.00000000,0.09360714,0.46039687
-1.70785393,0.88649968,0.22672114,0.19748568,0.11270104,0.00000000,0.09436586,0.46864770
-1.70185093,0.90215801,0.23783047,0.20143419,0.11341844,0.00000000,0.09506960,0.47713256
-1.69584792,0.91780292,0.24964217,0.20515980,0.11417692,0.00000000,0.09571205,0.48574783
-1.68984492,0.93322970,0.26202953,0.20859006,0.11496535,0.00000000,0.09628832,0.49438488
-1.68384192,0.94823455,0.27484390,0.21165913,0.11576851,0.00000000,0.09679551,0.50293350
-1.67783892,0.96261817,0.28791599,0.21430911,0.11656653,0.00000000,0.09723292,0.51128498
-1.67183592,0.97618936,0.30105823,0.21649136,0.11733476,0.00000000,0.09760222,0.51933488
-1.66583292,0.98876860,0.31406815,0.21816756,0.11804396,0.00000000,0.09790724,0.52698539
-1.65982991,1.00019159,0.32673279,0.21931065,0.11866097,0.00000000,0.09815375,0.53414719
-1.65382691,1.01031265,0.33883404,0.21990549,0.11914979,0.00000000,0.09834893,0.54074097
-1.64782391,1.01900805,0.35015454,0.21994934,0.11947288,0.00000000,0.09850081,0.54669863
-1.64182091,1.02617915,0.36048417,0.21945201,0.11959289,0.00000000,0.09861764,0.55196413
-1.63581791,1.03175525,0.36962669,0.21843577,0.11947444,0.00000000,0.09870720,0.55649421
-1.62981491,1.03569617,0.37740621,0.21693491,0.11908607,0.00000000,0.09877620,0.56025895
-1.62381191,1.03799434,0.38367335,0.21499506,0.11840205,0.00000000,0.09882977,0.56324230
-1.61780890,1.03867633,0.38831062,0.21267218,0.11740411,0.00000000,0.09887106,0.56544257
-1.61180590,1.03780374,0.39123684,0.21003120,0.11608291,0.00000000,0.09890104,0.56687282
-1.60580290,1.03547321,0.39241036,0.20714451,0.11443910,0.00000000,0.09891842,0.56756131
-1.59979990,1.03181553,0.39183096,0.20409007,0.11248400,0.00000000,0.09891985,0.56755168
-1.59379690,1.02699364,0.38954017,0.20094937,0.11023979,0.00000000,0.09890019,0.56690305
-1.58779390,1.02119953,0.38562018,0.19780526,0.10773920,0.00000000,0.09885292,0.56568967
-1.58179090,1.01464998,0.38019119,0.19473955,0.10502470,0.00000000,0.09877075,0.56400026
-1.57578789,1.00758105,0.37340746,0.19183069,0.10214725,0.00000000,0.09864615,0.56193669
-1.56978489,1.00024157,0.36545211,0.18915137,0.09916457,0.00000000,0.09847197,0.55961209
-1.56378189,0.99288561,0.35653092,0.18676626,0.09613920,0.00000000,0.09824197,0.55714829
-1.55777889,0.98576422,0.34686547,0.18472994,0.09313619,0.00000000,0.09795129,0.55467244
-1.55177589,0.97911662,0.33668580,0.18308500,0.09022076,0.00000000,0.09759677,0.55231312
-1.54577289,0.97316133,0.32622296,0.18186060,0.08745592,0.00000000,0.09717712,0.55019566
-1.53976988,0.96808743,0.31570174,0.18107132,0.08490011,0.00000000,0.09669297,0.54843720
-1.53376688,0.96404651,0.30533385,0.18071657,0.08260517,0.00000000,0.09614670,0.54714138
-1.52776388,0.96114568,0.29531187,0.18078043,0.08061456,0.00000000,0.09554219,0.54639305
-1.52176088,0.95944205,0.28580411,0.18123217,0.07896191,0.00000000,0.09488441,0.54625328
-1.51575788,0.95893917,0.27695071,0.18202723,0.07767013,0.00000000,0.09417895,0.54675491
-1.50975488,0.95958564,0.26886095,0.18310883,0.07675097,0.00000000,0.09343155,0.54789896
-1.50375188,0.96127626,0.26161193,0.18441017,0.07620516,0.00000000,0.09264761,0.54965221
-1.49774887,0.96385588,0.25524876,0.18585704,0.07602300,0.00000000,0.09183176,0.55194612
-1.49174587,0.96712590,0.24978599,0.18737093,0.07618561,0.00000000,0.09098758,0.55467733
-1.48574287,0.97085344,0.24521041,0.18887248,0.07666653,0.00000000,0.09011735,0.55770986
-1.47973987,0.97478287,0.24148497,0.19028511,0.07743382,0.00000000,0.08922210,0.56087892
-1.47373687,0.97864937,0.23855370,0.19153878,0.07845246,0.00000000,0.08830167,0.56399644
-1.46773387,0.98219398,0.23634735,0.19257369,0.07968698,0.00000000,0.08735500,0.56685801
-1.46173087,0.98517950,0.23478952,0.19334381,0.08110427,0.00000000,0.08638056,0.56925093
-1.45572786,0.98740664,0.23380301,0.19382005,0.08267630,0.00000000,0.08537683,0.57096333
-1.44972486,0.98872947,0.23331611,0.19399296,0.08438276,0.00000000,0.08434288,0.57179347
-1.44372186,0.98906948,0.23326847,0.19387480,0.08621347,0.00000000,0.08327894,0.57155929
-1.43771886,0.98842746,0.23361632,0.19350091,0.08817037,0.00000000,0.08218694,0.57010735
-1.43171586,0.98689248,0.23433678,0.19293020,0.09026899,0.00000000,0.08107096,0.56732090
-1.42571286,0.98464730,0.23543101,0.19224485,0.09253936,0.00000000,0.07993757,0.56312664
-1.41970985,0.98196977,0.23692605,0.19154894,0.09502624,0.00000000,0.07879601,0.55749972
-1.41370685,0.97922995,0.23887518,0.19096633,0.09778859,0.00000000,0.07765815,0.55046678
-1.40770385,0.97688269,0.24135680,0.19063750,0.10089830,0.00000000,0.07653834,0.54210689
-1.40170085,0.97545594,0.24447177,0.19071566,0.10443813,0.00000000,0.07545296,0.53255012
-1.39569785,0.97553493,0.24833941,0.19136211,0.10849900,0.00000000,0.07441996,0.52197406
-1.38969485,0.97774284,0.25309210,0.19274106,0.11317660,0.00000000,0.07345808,0.51059820
-1.38369185,0.98271857,0.25886898,0.19501398,0.11856744,0.00000000,0.07258615,0.49867660
-1.37768884,0.99109252,0.26580873,0.19833376,0.12476457,0.00000000,0.07182222,0.48648909
-1.37168584,1.00346125,0.27404199,0.20283886,0.13185305,0.00000000,0.07118274,0.47433145
-1.36568284,1.02036224,0.28368357,0.20864763,0.13990534,0.00000000,0.07068180,0.46250509
-1.35967984,1.04224962,0.29482499,0.21585303,0.14897690,0.00000000,0.07033044,0.45130650
-1.35367684,1.06947211,0.30752760,0.22451795,0.15910213,0.00000000,0.07013617,0.44101723
-1.34767384,1.10225404,0.32181663,0.23467142,0.17029089,0.00000000,0.07010252,0.43189455
-1.34167084,1.14068034,0.33767658,0.24630563,0.18252569,0.00000000,0.07022895,0.42416333
-1.33566783,1.18468633,0.35504810,0.25937427,0.19575987,0.00000000,0.07051084,0.41800936
-1.32966483,1.23405260,0.37382659,0.27379188,0.20991679,0.00000000,0.07093972,0.41357443
-1.32366183,1.28840551,0.39386270,0.28943459,0.22489006,0.00000000,0.07150362,0.41095315
-1.31765883,1.34722324,0.41496468,0.30614216,0.24054500,0.00000000,0.07218764,0.41019171
-1.31165583,1.40984727,0.43690259,0.32372111,0.25672123,0.00000000,0.07297458,0.41128841
-1.30565283,1.47549881,0.45941417,0.34194920,0.27323621,0.00000000,0.07384565,0.41419592
-1.29964982,1.54329963,0.48221226,0.36058077,0.28988991,0.00000000,0.07478120,0.41882501
-1.29364682,1.61229648,0.50499332,0.37935295,0.30647005,0.00000000,0.07576145,0.42504954
-1.28764382,1.68148802,0.52744684,0.39799253,0.32275807,0.00000000,0.07676719,0.43271245
-1.28164082,1.74985331,0.54926514,0.41622318,0.33853528,0.00000000,0.07778031,0.44163240
-1.27563782,1.81638066,0.57015314,0.43377273,0.35358920,0.00000000,0.07878434,0.45161078
-1.26963482,1.88009573,0.58983778,0.45038035,0.36771958,0.00000000,0.07976480,0.46243872
-1.26363182,1.94008777,0.60807650,0.46580331,0.38074401,0.00000000,0.08070941,0.47390396
-1.25762881,1.99553301,0.62466449,0.47982299,0.39250285,0.00000000,0.08160823,0.48579711
-1.25162581,2.04571438,0.63944044,0.49225012,0.40286316,0.00000000,0.08245360,0.49791734
-1.24562281,2.09003689,0.65229046,0.50292892,0.41172171,0.00000000,0.08324003,0.51007709
-1.23961981,2.12803826,0.66315003,0.51173999,0.41900669,0.00000000,0.08396399,0.52210582
-1.23361681,2.15939448,0.67200394,0.51860207,0.42467835,0.00000000,0.08462359,0.53385274
-1.22761381,2.18392045,0.67888435,0.52347245,0.42872834,0.00000000,0.08521831,0.54518840
-1.22161081,2.20156600,0.68386690,0.52634616,0.43117809,0.00000000,0.08574859,0.55600530
-1.21560780,2.21240751,0.68706540,0.52725404,0.43207611,0.00000000,0.08621549,0.56621757
-1.20960480,2.21663616,0.68862518,0.52625984,0.43149462,0.00000000,0.08662036,0.57575973
-1.20360180,2.21454326,0.68871566,0.52345646,0.42952556,0.00000000,0.08696454,0.58458494
-1.19759880,2.20650380,0.68752246,0.51896160,0.42627631,0.00000000,0.08724911,0.59266271
-1.19159580,2.19295904,0.68523955,0.51291310,0.42186532,0.00000000,0.08747467,0.59997639
-1.18559280,2.17439903,0.68206189,0.50546400,0.41641794,0.00000000,0.08764125,0.60652062
-1.17958979,2.15134603,0.67817896,0.49677779,0.41006249,0.00000000,0.08774826,0.61229892
-1.17358679,2.12433943,0.67376939,0.48702382,0.40292703,0.00000000,0.08779448,0.61732169
-1.16758379,2.09392286,0.66899714,0.47637322,0.39513667,0.00000000,0.08777817,0.62160462
-1.16158079,2.06063380,0.66400927,0.46499530,0.38681165,0.00000000,0.08769726,0.62516780
-1.15557779,2.02499597,0.65893532,0.45305462,0.37806618,0.00000000,0.08754954,0.62803533
-1.14957479,1.98751436,0.65388823,0.44070868,0.36900796,0.00000000,0.08733295,0.63023568
-1.14357179,1.94867287,0.64896678,0.42810636,0.35973840,0.00000000,0.08704589,0.63180258
-1.13756878,1.90893401,0.64425891,0.41538690,0.35035329,0.00000000,0.08668757,0.63277631
-1.13156578,1.86874031,0.63984597,0.40267938,0.34094385,0.00000000,0.08625829,0.63320527
-1.12556278,1.82851667,0.63580714,0.39010271,0.33159793,0.00000000,0.08575984,0.63314763
-1.11955978,1.78867310,0.63222381,0.37776586,0.32240123,0.00000000,0.08519569,0.63267278
-1.11355678,1.74960722,0.62918324,0.36576826,0.31343832,0.00000000,0.08457127,0.63186230
-1.10755378,1.71170579,0.62678140,0.35420023,0.30479337,0.00000000,0.08389405,0.63081033
-1.10155078,1.67534492,0.62512431,0.34314339,0.29655034,0.00000000,0.08317361,0.62962313
-1.09554777,1.64088849,0.62432785,0.33267087,0.28879271,0.00000000,0.08242155,0.62841753
-1.08954477,1.60868467,0.62451591,0.32284730,0.28160262,0.00000000,0.08165128,0.62731839
-1.08354177,1.57906045,0.62581665,0.31372858,0.27505939,0.00000000,0.08087771,0.62645497
-1.07753877,1.55231431,0.62835729,0.30536139,0.26923760,0.00000000,0.08011681,0.62595628
-1.07153577,1.52870756,0.63225739,0.29778245,0.26420470,0.00000000,0.07938506,0.62594560
-1.06553277,1.50845454,0.63762126,0.29101773,0.26001841,0.00000000,0.07869884,0.62653438
-1.05952976,1.49171253,0.64452961,0.28508145,0.25672394,0.00000000,0.07807372,0.62781587
-1.05352676,1.47857192,0.65303134,0.27997523,0.25435128,0.00000000,0.07752379,0.62985881
-1.04752376,1.46904742,0.66313570,0.27568727,0.25291279,0.00000000,0.07706093,0.63270149
-1.04152076,1.46307092,0.67480551,0.27219182,0.25240114,0.00000000,0.07669416,0.63634679
-1.03551776,1.46048675,0.68795195,0.26944898,0.25278782,0.00000000,0.07642910,0.64075822
-1.02951476,1.46104975,0.70243128,0.26740480,0.25402237,0.00000000,0.07626750,0.64585771
-1.02351176,1.46442662,0.71804389,0.26599194,0.25603235,0.00000000,0.07620697,0.65152496
-1.01750875,1.47020076,0.73453584,0.26513072,0.25872414,0.00000000,0.07624086,0.65759893
-1.01150575,1.47788055,0.75160294,0.26473069,0.26198456,0.00000000,0.07635834,0.66388126
-1.00550275,1.48691105,0.76889740,0.26469261,0.26568327,0.00000000,0.07654465,0.67014164
-0.99949975,1.49668871,0.78603665,0.26491082,0.26967579,0.00000000,0.07678160,0.67612512
-0.99349675,1.50657847,0.80261417,0.26527590,0.27380723,0.00000000,0.07704821,0.68156085
-0.98749375,1.51593286,0.81821171,0.26567754,0.27791631,0.00000000,0.07732147,0.68617215
-0.98149075,1.52411210,0.83241252,0.26600752,0.28183971,0.00000000,0.07757733,0.68968728
-0.97548774,1.53050453,0.84481490,0.26616262,0.28541653,0.00000000,0.07779163,0.69185052
-0.96948474,1.53454643,0.85504545,0.26604736,0.28849259,0.00000000,0.07794117,0.69243308
-0.96348174,1.53574047,0.86277154,0.26557661,0.29092462,0.00000000,0.07800471,0.69124319
-0.95747874,1.53367207,0.86771242,0.26467768,0.29258391,0.00000000,0.07796396,0.68813505
-0.95147574,1.52802281,0.86964844,0.26329206,0.29335959,0.00000000,0.07780442,0.68301603
-0.94547274,1.51858066,0.86842810,0.26137670,0.29316120,0.00000000,0.07751607,0.67585198
-0.93946973,1.50524633,0.86397271,0.25890470,0.29192069,0.00000000,0.07709392,0.66667012
-0.93346673,1.48803574,0.85627845,0.25586546,0.28959366,0.00000000,0.07653835,0.65555966
-0.92746373,1.46707848,0.84541586,0.25226434,0.28615990,0.00000000,0.07585519,0.64266980
-0.92146073,1.44261236,0.83152686,0.24812185,0.28162328,0.00000000,0.07505560,0.62820548
-0.91545773,1.41497432,0.81481961,0.24347232,0.27601099,0.00000000,0.07415577,0.61242079
-0.90945473,1.38458818,0.79556136,0.23836230,0.26937219,0.00000000,0.07317633,0.59561057
-0.90345173,1.35194969,0.77406973,0.23284860,0.26177621,0.00000000,0.07214164,0.57810038
-0.89744872,1.31760945,0.75070288,0.22699613,0.25331031,0.00000000,0.07107891,0.56023534
-0.89144572,1.28215457,0.72584894,0.22087573,0.24407713,0.00000000,0.07001722,0.54236837
-0.88544272,1.24618949,0.69991510,0.21456181,0.23419199,0.00000000,0.06898642,0.52484818
-0.87943972,1.21031693,0.67331690,0.20813019,0.22377994,0.00000000,0.06801607,0.50800759
-0.87343672,1.17511955,0.64646796,0.20165596,0.21297290,0.00000000,0.06713430,0.49215269
-0.86743372,1.14114295,0.61977060,0.19521163,0.20190677,0.00000000,0.06636684,0.47755309
-0.86143072,1.10888055,0.59360743,0.18886540,0.19071861,0.00000000,0.06573606,0.46443378
-0.85542771,1.07876095,0.56833437,0.18267984,0.17954412,0.00000000,0.06526018,0.45296881
-0.84942471,1.05113799,0.54427496,0.17671075,0.16851515,0.00000000,0.06495259,0.44327700
-0.84342171,1.02628380,0.52171617,0.17100634,0.15775764,0.00000000,0.06482147,0.43541982
-0.83741871,1.00438509,0.50090566,0.16560683,0.14738969,0.00000000,0.06486946,0.42940137
-0.83141571,0.98554239,0.48205029,0.16054413,0.13751995,0.00000000,0.06509367,0.42517050
-0.82541271,0.96977243,0.46531599,0.15584197,0.12824639,0.00000000,0.06548577,0.42262486
-0.81940970,0.95701308,0.45082851,0.15151614,0.11965517,0.00000000,0.06603238,0.42161664
-0.81340670,0.94713078,0.43867504,0.14757492,0.11181991,0.00000000,0.06671554,0.42195970
-0.80740370,0.93992975,0.42890634,0.14401970,0.10480114,0.00000000,0.06751340,0.42343773
-0.80140070,0.93516265,0.42153927,0.14084565,0.09864596,0.00000000,0.06840092,0.42581311
-0.79539770,0.93254196,0.41655928,0.13804240,0.09338785,0.00000000,0.06935081,0.42883597
-0.78939470,0.93175168,0.41392291,0.13559486,0.08904670,0.00000000,0.07033432,0.43225318
-0.78339170,0.93245861,0.41355988,0.13348379,0.08562884,0.00000000,0.07132213,0.43581673
-0.77738869,0.93432296,0.41537488,0.13168655,0.08312730,0.00000000,0.07228523,0.43929132
-0.77138569,0.93700753,0.41924882,0.13017758,0.08152205,0.00000000,0.07319563,0.44246082
-0.76538269,0.94018557,0.42503974,0.12892887,0.08078036,0.00000000,0.07402704,0.44513338
-0.75937969,0.94354677,0.43258326,0.12791037,0.08085726,0.00000000,0.07475541,0.44714508
-0.75337669,0.94680151,0.44169289,0.12709027,0.08169609,0.00000000,0.07535935,0.44836207
-0.74737369,0.94968344,0.45216032,0.12643523,0.08322913,0.00000000,0.07582039,0.44868137
-0.74137069,0.95195052,0.46375584,0.12591063,0.08537848,0.00000000,0.07612313,0.44803014
-0.73536768,0.95338483,0.47622932,0.12548081,0.08805700,0.00000000,0.07625529,0.44636403
-0.72936468,0.95379160,0.48931183,0.12510928,0.09116958,0.00000000,0.07620761,0.44366450
-0.72336168,0.95299771,0.50271817,0.12475912,0.09461455,0.00000000,0.07597372,0.43993558
-0.71735868,0.95085023,0.51615049,0.12439338,0.09828537,0.00000000,0.07554999,0.43520026
-0.71135568,0.94721532,0.52930310,0.12397565,0.10207260,0.00000000,0.07493525,0.42949691
-0.70535268,0.94197770,0.54186835,0.12347075,0.10586603,0.00000000,0.07413067,0.42287586
-0.69934967,0.93504108,0.55354370,0.12284549,0.10955701,0.00000000,0.07313951,0.41539638
-0.69334667,0.92632954,0.56403958,0.12206960,0.11304098,0.00000000,0.07196701,0.40712433
-0.68734367,0.91578981,0.57308786,0.12111664,0.11621993,0.00000000,0.07062029,0.39813035
-0.68134067,0.90339435,0.58045051,0.11996502,0.11900490,0.00000000,0.06910827,0.38848880
-0.67533767,0.88914501,0.58592805,0.11859888,0.12131838,0.00000000,0.06744168,0.37827738
-0.66933467,0.87307674,0.58936731,0.11700894,0.12309636,0.00000000,0.06563303,0.36757715
-0.66333167,0.85526114,0.59066796,0.11519317,0.12429010,0.00000000,0.06369667,0.35647301
-0.65732866,0.83580927,0.58978755,0.11315719,0.12486751,0.00000000,0.06164871,0.34505441
-0.65132566,0.81487338,0.58674444,0.11091449,0.12481390,0.00000000,0.05950706,0.33341594
-0.64532266,0.79264715,0.58161861,0.10848627,0.12413227,0.00000000,0.05729127,0.32165789
-0.63931966,0.76936416,0.57454993,0.10590092,0.12284297,0.00000000,0.05502239,0.30988633
-0.63331666,0.74529457,0.56573406,0.10319325,0.12098276,0.00000000,0.05272275,0.29821282
-0.62731366,0.72073973,0.55541603,0.10040333,0.11860328,0.00000000,0.05041558,0.28675352
-0.62131066,0.69602512,0.54388170,0.09757509,0.11576912,0.00000000,0.04812467,0.27562776
-0.61530765,0.67149174,0.53144758,0.09475469,0.11255536,0.00000000,0.04587384,0.26495608
-0.60930465,0.64748627,0.51844945,0.09198870,0.10904492,0.00000000,0.04368646,0.25485776
-0.60330165,0.62435067,0.50523026,0.08932231,0.10532562,0.00000000,0.04158487,0.24544814
-0.59729865,0.60241155,0.49212808,0.08679750,0.10148732,0.00000000,0.03958988,0.23683565
-0.59129565,0.58197002,0.47946453,0.08445132,0.09761900,0.00000000,0.03772024,0.22911895
-0.58529265,0.56329243,0.46753432,0.08231447,0.09380620,0.00000000,0.03599217,0.22238415
-0.57928964,0.54660259,0.45659639,0.08041006,0.09012861,0.00000000,0.03441900,0.21670250
-0.57328664,0.53207577,0.44686700,0.07875279,0.08665817,0.00000000,0.03301091,0.21212842
-0.56728364,0.51983481,0.43851499,0.07734851,0.08345755,0.00000000,0.03177476,0.20869823
-0.56128064,0.50994836,0.43165942,0.07619413,0.08057913,0.00000000,0.03071407,0.20642942
-0.55527764,0.50243140,0.42636944,0.07527805,0.07806440,0.00000000,0.02982909,0.20532059
-0.54927464,0.49724774,0.42266627,0.07458082,0.07594389,0.00000000,0.02911702,0.20535196
-0.54327164,0.49431420,0.42052702,0.07407622,0.07423740,0.00000000,0.02857227,0.20648640
-0.53726863,0.49350629,0.41988986,0.07373259,0.07295457,0.00000000,0.02818680,0.20867083
-0.53126563,0.49466471,0.42066024,0.07351431,0.07209573,0.00000000,0.02795060,0.21183789
-0.52526263,0.49760231,0.42271750,0.07338337,0.07165284,0.00000000,0.02785201,0.21590769
-0.51925963,0.50211108,0.42592154,0.07330098,0.07161053,0.00000000,0.02787820,0.22078957
-0.51325663,0.50796858,0.43011905,0.07322909,0.07194706,0.00000000,0.02801551,0.22638369
-0.50725363,0.51494373,0.43514890,0.07313173,0.07263535,0.00000000,0.02824978,0.23258246
-0.50125063,0.52280138,0.44084654,0.07297613,0.07364367,0.00000000,0.02856661,0.23927160
-0.49524762,0.53130586,0.44704714,0.07273368,0.07493641,0.00000000,0.02895154,0.24633106
-0.48924462,0.54022325,0.45358750,0.07238047,0.07647452,0.00000000,0.02939016,0.25363563
-0.48324162,0.54932263,0.46030687,0.07189762,0.07821593,0.00000000,0.02986813,0.26105542
-0.47723862,0.55837647,0.46704672,0.07127137,0.08011581,0.00000000,0.03037124,0.26845635
-0.47123562,0.56716042,0.47364993,0.07049281,0.08212683,0.00000000,0.03088531,0.27570067
-0.46523262,0.57545293,0.47995958,0.06955756,0.08419937,0.00000000,0.03139616,0.28264772
-0.45922961,0.58303496,0.48581773,0.06846518,0.08628185,0.00000000,0.03188959,0.28915507
-0.45322661,0.58969018,0.49106465,0.06721853,0.08832111,0.00000000,0.03235136,0.29507998
-0.44722361,0.59520590,0.49553857,0.06582315,0.09026299,0.00000000,0.03276723,0.30028147
-0.44122061,0.59937499,0.49907652,0.06428657,0.09205310,0.00000000,0.03312311,0.30462284
-0.43521761,0.60199877,0.50151603,0.06261775,0.09363770,0.00000000,0.03340519,0.30797461
-0.42921461,0.60289109,0.50269803,0.06082658,0.09496491,0.00000000,0.03360024,0.31021800
-0.42321161,0.60188315,0.50247079,0.05892354,0.09598592,0.00000000,0.03369590,0.31124848
-0.41720860,0.59882925,0.50069467,0.05691948,0.09665639,0.00000000,0.03368108,0.31097954
-0.41120560,0.59361274,0.49724750,0.05482547,0.09693790,0.00000000,0.03354633,0.30934634
-0.40520260,0.58615216,0.49203028,0.05265288,0.09679934,0.00000000,0.03328431,0.30630907
-0.39919960,0.57640699,0.48497274,0.05041348,0.09621822,0.00000000,0.03289015,0.30185575
-0.39319660,0.56438269,0.47603846,0.04811962,0.09518180,0.00000000,0.03236185,0.29600448
-0.38719360,0.55013460,0.46522926,0.04578446,0.09368802,0.00000000,0.03170058,0.28880482
-0.38119060,0.53377058,0.45258832,0.04342221,0.09174603,0.00000000,0.03091094,0.28033826
-0.37518759,0.51545205,0.43820203,0.04104836,0.08937654,0.00000000,0.03000105,0.27071778
-0.36918459,0.49539327,0.42220031,0.03867987,0.08661169,0.00000000,0.02898265,0.26008648
-0.36318159,0.47385912,0.40475525,0.03633527,0.08349464,0.00000000,0.02787099,0.24861529
-0.35717859,0.45116112,0.38607837,0.03403478,0.08007879,0.00000000,0.02668468,0.23649997
-0.35117559,0.42765223,0.36641628,0.03180025,0.07642673,0.00000000,0.02544545,0.22395748
-0.34517259,0.40372035,0.34604528,0.02965510,0.07260894,0.00000000,0.02417778,0.21122188
-0.33916958,0.37978110,0.32526489,0.02762417,0.06870229,0.00000000,0.02290849,0.19853994
-0.33316658,0.35626995,0.30439090,0.02573353,0.06478842,0.00000000,0.02166633,0.18616672
-0.32716358,0.33363421,0.28374799,0.02401023,0.06095207,0.00000000,0.02048145,0.17436108
-0.32116058,0.31232493,0.26366236,0.02248195,0.05727937,0.00000000,0.01938493,0.16338145
-0.31515758,0.29278911,0.24445472,0.02117674,0.05385622,0.00000000,0.01840824,0.15348178
-0.30915458,0.27546229,0.22643370,0.02012258,0.05076672,0.00000000,0.01758272,0.14490780
-0.30315158,0.26076151,0.20988999,0.01934703,0.04809169,0.00000000,0.01693912,0.13789354
-0.29714857,0.24907883,0.19509131,0.01887671,0.04590735,0.00000000,0.01650703,0.13265809
-0.29114557,0.24077520,0.18227814,0.01873691,0.04428406,0.00000000,0.01631441,0.12940250
-0.28514257,0.23617470,0.17166038,0.01895098,0.04328518,0.00000000,0.01638705,0.12830684
-0.27913957,0.23555893,0.16341477,0.01953977,0.04296603,0.00000000,0.01674805,0.12952718
-0.27313657,0.23916164,0.15768303,0.02052103,0.04337293,0.00000000,0.01741726,0.13319252
-0.26713357,0.24716334,0.15457063,0.02190870,0.04454226,0.00000000,0.01841074,0.13940165
-0.26113057,0.25968598,0.15414613,0.02371225,0.04649963,0.00000000,0.01974014,0.14821986
-0.25512756,0.27678780,0.15644094,0.02593594,0.04925908,0.00000000,0.02141216,0.15967562
-0.24912456,0.29845841,0.16144958,0.02857813,0.05282238,0.00000000,0.02342794,0.17375732
-0.24312156,0.32461437,0.16913030,0.03163068,0.05717846,0.00000000,0.02578255,0.19041016
-0.23711856,0.35509560,0.17940619,0.03507838,0.06230297,0.00000000,0.02846453,0.20953360
-0.23111556,0.38966295,0.19216676,0.03889853,0.06815807,0.00000000,0.03145550,0.23097933
-0.22511256,0.42799732,0.20727013,0.04306079,0.07469254,0.00000000,0.03472995,0.25455030
-0.21910955,0.46970078,0.22454584,0.04752711,0.08184212,0.00000000,0.03825521,0.28000088
-0.21310655,0.51429998,0.24379839,0.05225209,0.08953037,0.00000000,0.04199155,0.30703849
-0.20710355,0.56125217,0.26481157,0.05718351,0.09766976,0.00000000,0.04589266,0.33532689
-0.20110055,0.60995399,0.28735353,0.06226322,0.10616344,0.00000000,0.04990621,0.36449121
-0.19509755,0.65975300,0.31118254,0.06742837,0.11490715,0.00000000,0.05397486,0.39412471
-0.18909455,0.70996191,0.33605332,0.07261282,0.12379179,0.00000000,0.05803736,0.42379736
-0.18309155,0.75987502,0.36172380,0.07774889,0.13270611,0.00000000,0.06203000,0.45306580
-0.17708854,0.80878644,0.38796186,0.08276923,0.14153972,0.00000000,0.06588814,0.48148464
-0.17108554,0.85600948,0.41455199,0.08760886,0.15018617,0.00000000,0.06954803,0.50861846
-0.16508254,0.90089615,0.44130124,0.09220711,0.15854599,0.00000000,0.07294851,0.53405421
-0.15907954,0.94285622,0.46804428,0.09650960,0.16652958,0.00000000,0.07603289,0.55741328
-0.15307654,0.98137453,0.49464710,0.10046993,0.17405965,0.00000000,0.07875060,0.57836284
-0.14707354,1.01602596,0.52100911,0.10405117,0.18107328,0.00000000,0.08105878,0.59662574
-0.14107054,1.04648700,0.54706332,0.10722692,0.18752330,0.00000000,0.08292352,0.61198857
-0.13506753,1.07254344,0.57277446,0.10998197,0.19337896,0.00000000,0.08432092,0.62430728
-0.12906453,1.09409350,0.59813522,0.11231248,0.19862587,0.00000000,0.08523766,0.63351025
-0.12306153,1.11114647,0.62316037,0.11422563,0.20326511,0.00000000,0.08567127,0.63959847
-0.11705853,1.12381656,0.64787942,0.11573886,0.20731168,0.00000000,0.08562992,0.64264280
-0.11105553,1.13231256,0.67232795,0.11687854,0.21079225,0.00000000,0.08513190,0.64277862
-0.10505253,1.13692369,0.69653818,0.11767838,0.21374240,0.00000000,0.08420460,0.64019796
-0.09904952,1.13800258,0.72052944,0.11817749,0.21620354,0.00000000,0.08288332,0.63513960
-0.09304652,1.13594618,0.74429909,0.11841825,0.21821961,0.00000000,0.08120973,0.62787778
-0.08704352,1.13117579,0.76781459,0.11844416,0.21983389,0.00000000,0.07923017,0.61871002
-0.08104052,1.12411722,0.79100717,0.11829769,0.22108601,0.00000000,0.07699391,0.60794467
-0.07503752,1.11518232,0.81376780,0.11801836,0.22200934,0.00000000,0.07455134,0.59588899
-0.06903452,1.10475250,0.83594561,0.11764101,0.22262905,0.00000000,0.07195232,0.58283819
-0.06303152,1.09316544,0.85734903,0.11719455,0.22296079,0.00000000,0.06924466,0.56906597
-0.05702851,1.08070515,0.87774979,0.11670097,0.22301010,0.00000000,0.06647281,0.55481707
-0.05102551,1.06759607,0.89688936,0.11617493,0.22277264,0.00000000,0.06367681,0.54030187
-0.04502251,1.05400096,0.91448767,0.11562369,0.22223510,0.00000000,0.06089163,0.52569337
-0.03901951,1.04002261,0.93025364,0.11504756,0.22137678,0.00000000,0.05814667,0.51112639
-0.03301651,1.02570881,0.94389672,0.11444061,0.22017166,0.00000000,0.05546570,0.49669883
-0.02701351,1.01106021,0.95513895,0.11379175,0.21859081,0.00000000,0.05286697,0.48247476
-0.02101051,0.99604002,0.96372676,0.11308604,0.21660501,0.00000000,0.05036363,0.46848901
-0.01500750,0.98058518,0.96944181,0.11230603,0.21418733,0.00000000,0.04796429,0.45475275
-0.00900450,0.96461791,0.97211033,0.11143326,0.21131562,0.00000000,0.04567373,0.44125969
-0.00300150,0.94805703,0.97161052,0.11044965,0.20797457,0.00000000,0.04349372,0.42799247
0.00300150,0.93082846,0.96787753,0.10933872,0.20415743,0.00000000,0.04142384,0.41492890
0.00900450,0.91287432,0.96090603,0.10808677,0.19986717,0.00000000,0.03946228,0.40204760
0.01500750,0.89416038,0.95075028,0.10668372,0.19511710,0.00000000,0.03760662,0.38933296
0.02101051,0.87468149,0.93752190,0.10512377,0.18993093,0.00000000,0.03585447,0.37677902
0.02701351,0.85446523,0.92138561,0.10340581,0.18434231,0.00000000,0.03420405,0.36439249
0.03301651,0.83357353,0.90255333,0.10153363,0.17839391,0.00000000,0.03265460,0.35219457
0.03901951,0.81210282,0.88127723,0.09951585,0.17213615,0.00000000,0.03120672,0.34022183
0.04502251,0.79018259,0.85784196,0.09736577,0.16562569,0.00000000,0.02986253,0.32852620
0.05102551,0.76797291,0.83255678,0.09510099,0.15892373,0.00000000,0.02862574,0.31717414
0.05702851,0.74566113,0.80574792,0.09274300,0.15209431,0.00000000,0.02750160,0.30624520
0.06303152,0.72345794,0.77775146,0.09031661,0.14520267,0.00000000,0.02649681,0.29583006
0.06903452,0.70159309,0.74890698,0.08784941,0.13831369,0.00000000,0.02561925,0.28602829
0.07503752,0.68031088,0.71955224,0.08537116,0.13149061,0.00000000,0.02487779,0.27694577
0.08104052,0.65986554,0.69001876,0.08291313,0.12479388,0.00000000,0.02428192,0.26869205
0.08704352,0.64051654,0.66062836,0.08050751,0.11828032,0.00000000,0.02384141,0.26137761
0.09304652,0.62252382,0.63169047,0.07818674,0.11200250,0.00000000,0.02356597,0.25511112
0.09904952,0.60614295,0.60350016,0.07598290,0.10600831,0.00000000,0.02346481,0.24999670
0.10505253,0.59162023,0.57633650,0.07392700,0.10034077,0.00000000,0.02354629,0.24613127
0.11105553,0.57918762,0.55046132,0.07204842,0.09503795,0.00000000,0.02381747,0.24360201
0.11705853,0.56905774,0.52611791,0.07037419,0.09013300,0.00000000,0.02428380,0.24248389
0.12306153,0.56141873,0.50352982,0.06892843,0.08565427,0.00000000,0.02494869,0.24283742
0.12906453,0.55642933,0.48289950,0.06773174,0.08162548,0.00000000,0.02581324,0.24470658
0.13506753,0.55421414,0.46440675,0.06680062,0.07806592,0.00000000,0.02687592,0.24811706
0.14107054,0.55485934,0.44820712,0.06614708,0.07499054,0.00000000,0.02813236,0.25307479
0.14707354,0.55840901,0.43443020,0.06577817,0.07241022,0.00000000,0.02957521,0.25956494
0.15307654,0.56486223,0.42317786,0.06569577,0.07033180,0.00000000,0.03119404,0.26755127
0.15907954,0.57417113,0.41452264,0.06589641,0.06875824,0.00000000,0.03297536,0.27697604
0.16508254,0.58623999,0.40850634,0.06637128,0.06768863,0.00000000,0.03490277,0.28776042
0.17108554,0.60092560,0.40513878,0.06710632,0.06711830,0.00000000,0.03695711,0.29980542
0.17708854,0.61803868,0.40439697,0.06808252,0.06703874,0.00000000,0.03911682,0.31299327
0.18309155,0.63734659,0.40622464,0.06927630,0.06743760,0.00000000,0.04135830,0.32718929
0.18909455,0.65857706,0.41053209,0.07066002,0.06829861,0.00000000,0.04365645,0.34224413
0.19509755,0.68142286,0.41719657,0.07220257,0.06960147,0.00000000,0.04598517,0.35799631
0.20110055,0.70554731,0.42606289,0.07387002,0.07132173,0.00000000,0.04831800,0.37427489
0.20710355,0.73059033,0.43694451,0.07562636,0.07343062,0.00000000,0.05062874,0.39090233
0.21310655,0.75617490,0.44962502,0.07743418,0.07589491,0.00000000,0.05289207,0.40769726
0.21910955,0.78191368,0.46385989,0.07925541,0.07867675,0.00000000,0.05508419,0.42447726
0.22511256,0.80741572,0.47937875,0.08105198,0.08173360,0.00000000,0.05718338,0.44106134
0.23111556,0.83229295,0.49588802,0.08278646,0.08501818,0.00000000,0.05917046,0.45727242
0.23711856,0.85616649,0.51307410,0.08442264,0.08847856,0.00000000,0.06102926,0.47293938
0.24312156,0.87867261,0.53060708,0.08592612,0.09205835,0.00000000,0.06274686,0.48789900
0.24912456,0.89946834,0.54814509,0.08726471,0.09569718,0.00000000,0.06431377,0.50199772
0.25512756,0.91823671,0.56533930,0.08840892,0.09933121,0.00000000,0.06572405,0.51509311
0.26113057,0.93469157,0.58183962,0.08933239,0.10289403,0.00000000,0.06697514,0.52705538
0.26713357,0.94858214,0.59730103,0.09001217,0.10631767,0.00000000,0.06806776,0.53776865
0.27313657,0.95969708,0.61139054,0.09042916,0.10953393,0.00000000,0.06900557,0.54713234
0.27913957,0.96786832,0.62379452,0.09056838,0.11247583,0.00000000,0.06979483,0.55506245
0.28514257,0.97297437,0.63422644,0.09041929,0.11507928,0.00000000,0.07044397,0.56149293
0.29114557,0.97494325,0.64243447,0.08997608,0.11728482,0.00000000,0.07096308,0.56637698
0.29714857,0.97375481,0.64820892,0.08923789,0.11903940,0.00000000,0.07136350,0.56968841
0.30315158,0.96944245,0.65138909,0.08820899,0.12029813,0.00000000,0.07165729,0.57142280
0.30915458,0.96209396,0.65186912,0.08689893,0.12102588,0.00000000,0.07185689,0.57159859
0.31515758,0.95185142,0.64960268,0.08532252,0.12119866,0.00000000,0.07197469,0.57025781
0.32116058,0.93891005,0.64460601,0.08349977,0.12080473,0.00000000,0.07202276,0.56746648
0.32716358,0.92351577,0.63695923,0.08145566,0.11984530,0.00000000,0.07201266,0.56331453
0.33316658,0.90596144,0.62680561,0.07921982,0.11833485,0.00000000,0.07195529,0.55791507
0.33916958,0.88658172,0.61434877,0.07682598,0.11630098,0.00000000,0.07186083,0.55140299
0.34517259,0.86574659,0.59984788,0.07431132,0.11378379,0.00000000,0.07173878,0.54393286
0.35117559,0.84385347,0.58361079,0.07171575,0.11083485,0.00000000,0.07159793,0.53567596
0.35717859,0.82131826,0.56598554,0.06908088,0.10751570,0.00000000,0.07144650,0.52681669
0.36318159,0.79856537,0.54735034,0.06644912,0.10389605,0.00000000,0.07129220,0.51754808
0.36918459,0.77601702,0.52810251,0.06386251,0.10005173,0.00000000,0.07114228,0.50806691
0.37518759,0.75408237,0.50864688,0.06136168,0.09606238,0.00000000,0.07100354,0.49856818
0.38119060,0.73314649,0.48938400,0.05898472,0.09200916,0.00000000,0.07088238,0.48923948
0.38719360,0.71355996,0.47069865,0.05676615,0.08797242,0.00000000,0.07078468,0.48025528
0.39319660,0.69562936,0.45294935,0.05473598,0.08402955,0.00000000,0.07071577,0.47177136
0.39919960,0.67960899,0.43645890,0.05291898,0.08025305,0.00000000,0.07068025,0.46391989
0.40520260,0.66569452,0.42150674,0.05133399,0.07670885,0.00000000,0.07068192,0.45680516
0.41120560,0.65401849,0.40832307,0.04999358,0.07345505,0.00000000,0.07072366,0.45050034
0.41720860,0.64464830,0.39708514,0.04890384,0.07054106,0.00000000,0.07080733,0.44504550
0.42321161,0.63758659,0.38791564,0.04806450,0.06800710,0.00000000,0.07093384,0.44044697
0.42921461,0.63277423,0.38088327,0.04746917,0.06588419,0.00000000,0.07110320,0.43667822
0.43521761,0.63009568,0.37600527,0.04710591,0.06419447,0.00000000,0.07131476,0.43368226
0.44122061,0.62938667,0.37325175,0.04695796,0.06295183,0.00000000,0.07156755,0.43137551
0.44722361,0.63044379,0.37255144,0.04700457,0.06216291,0.00000000,0.07186073,0.42965296
0.45322661,0.63303560,0.37379852,0.04722209,0.06182818,0.00000000,0.07219415,0.42839446
0.45922961,0.63691460,0.37686017,0.04758501,0.06194316,0.00000000,0.07256898,0.42747184
0.46523262,0.64182972,0.38158426,0.04806706,0.06249969,0.00000000,0.07298844,0.42675644
0.47123562,0.64753843,0.38780693,0.04864229,0.06348711,0.00000000,0.07345834,0.42612672
0.47723862,0.65381798,0.39535953,0.04928610,0.06489324,0.00000000,0.07398780,0.42547547
0.48324162,0.66047511,0.40407464,0.04997602,0.06670525,0.00000000,0.07458959,0.42471628
0.48924462,0.66735379,0.41379094,0.05069246,0.06891016,0.00000000,0.07528044,0.42378883
0.49524762,0.67434043,0.42435660,0.05141915,0.07149511,0.00000000,0.07608103,0.42266267
0.50125063,0.68136638,0.43563132,0.05214344,0.07444734,0.00000000,0.07701572,0.42133925
0.50725363,0.68840757,0.44748682,0.05285632,0.07775378,0.00000000,0.07811193,0.41985209
0.51325663,0.69548133,0.45980607,0.05355225,0.08140051,0.00000000,0.07939921,0.41826497
0.51925963,0.70264050,0.47248128,0.05422877,0.08537191,0.00000000,0.08090803,0.41666824
0.52526263,0.70996544,0.48541112,0.05488600,0.08964977,0.00000000,0.08266822,0.41517348
0.53126563,0.71755420,0.49849729,0.05552594,0.09421225,0.00000000,0.08470731,0.41390676
0.53726863,0.72551164,0.51164105,0.05615178,0.09903299,0.00000000,0.08704861,0.41300089
0.54327164,0.73393818,0.52473977,0.05676710,0.10408031,0.00000000,0.08970933,0.41258708
0.54927464,0.74291888,0.53768419,0.05737519,0.10931660,0.00000000,0.09269877,0.41278663
0.55527764,0.75251364,0.55035648,0.05797839,0.11469815,0.00000000,0.09601662,0.41370299
0.56128064,0.76274918,0.56262940,0.05857760,0.12017522,0.00000000,0.09965169,0.41541479
0.56728364,0.77361326,0.57436687,0.05917193,0.12569264,0.00000000,0.10358088,0.41797026
0.57328664,0.78505178,0.58542582,0.05975852,0.13119078,0.00000000,0.10776875,0.42138338
0.57928964,0.79696881,0.59565953,0.06033265,0.13660703,0.00000000,0.11216761,0.42563197
0.58529265,0.80922972,0.60492212,0.06088794,0.14187757,0.00000000,0.11671822,0.43065807
0.59129565,0.82166727,0.61307422,0.06141680,0.14693958,0.00000000,0.12135103,0.43637024
0.59729865,0.83409027,0.61998934,0.06191098,0.15173357,0.00000000,0.12598806,0.44264812
0.60330165,0.84629442,0.62556061,0.06236233,0.15620594,0.00000000,0.13054527,0.44934861
0.60930465,0.85807454,0.62970761,0.06276349,0.16031137,0.00000000,0.13493532,0.45631355
0.61530765,0.86923761,0.63238274,0.06310873,0.16401519,0.00000000,0.13907066,0.46337840
0.62131066,0.87961566,0.63357671,0.06339464,0.16729536,0.00000000,0.14286678,0.47038137
0.62731366,0.88907779,0.63332293,0.06362075,0.17014405,0.00000000,0.14624541,0.47717254
0.63331666,0.89754052,0.63170029,0.06379009,0.17256867,0.00000000,0.14913766,0.48362241
0.63931966,0.90497580,0.62883417,0.06390942,0.17459229,0.00000000,0.15148675,0.48962935
0.64532266,0.91141620,0.62489566,0.06398938,0.17625331,0.00000000,0.15325031,0.49512559
0.65132566,0.91695681,0.62009872,0.06404434,0.17760457,0.00000000,0.15440218,0.50008142
0.65732866,0.92175388,0.61469557,0.06409209,0.17871168,0.00000000,0.15493343,0.50450725
0.66333167,0.92602005,0.60897046,0.06415325,0.17965081,0.00000000,0.15485279,0.50845361
0.66933467,0.93001664,0.60323200,0.06425059,0.18050598,0.00000000,0.15418623,0.51200902
0.67533767,0.93404326,0.59780458,0.06440815,0.18136607,0.00000000,0.15297595,0.51529587
0.68134067,0.93842547,0.59301915,0.06465029,0.18232148,0.00000000,0.15127863,0.51846464
0.68734367,0.94350114,0.58920386,0.06500076,0.18346098,0.00000000,0.14916322,0.52168670
0.69334667,0.94960629,0.58667511,0.06548171,0.18486853,0.00000000,0.14670818,0.52514627
0.69934967,0.95706119,0.58572917,0.06611287,0.18662055,0.00000000,0.14399852,0.52903179
0.70535268,0.96615746,0.58663500,0.06691077,0.18878356,0.00000000,0.14112271,0.53352730
0.71135568,0.97714682,0.58962826,0.06788821,0.19141246,0.00000000,0.13816944,0.53880423
0.71735868,0.99023194,0.59490697,0.06905388,0.19454941,0.00000000,0.13522474,0.54501385
0.72336168,1.00555979,0.60262857,0.07041214,0.19822339,0.00000000,0.13236914,0.55228092
0.72936468,1.02321766,0.61290859,0.07196312,0.20245044,0.00000000,0.12967538,0.56069855
0.73536768,1.04323178,0.62582071,0.07370289,0.20723451,0.00000000,0.12720644,0.57032447
0.74137069,1.06556842,0.64139790,0.07562386,0.21256876,0.00000000,0.12501411,0.58117885
0.74737369,1.09013716,0.65963453,0.07771529,0.21843737,0.00000000,0.12313807,0.59324347
0.75337669,1.11679589,0.68048901,0.07996387,0.22481748,0.00000000,0.12160544,0.60646227
0.75937969,1.14535704,0.70388680,0.08235435,0.23168131,0.00000000,0.12043085,0.62074303
0.76538269,1.17559462,0.72972335,0.08487017,0.23899823,0.00000000,0.11961685,0.63596004
0.77138569,1.20725155,0.75786691,0.08749404,0.24673662,0.00000000,0.11915477,0.65195755
0.77738869,1.24004689,0.78816093,0.09020843,0.25486544,0.00000000,0.11902581,0.66855378
0.78339170,1.27368257,0.82042607,0.09299598,0.26335545,0.00000000,0.11920230,0.68554536
0.78939470,1.30784962,0.85446178,0.09583978,0.27217998,0.00000000,0.11964922,0.70271191
0.79539770,1.34223347,0.89004753,0.09872352,0.28131526,0.00000000,0.12032567,0.71982088
0.80140070,1.37651859,0.92694386,0.10163159,0.29074031,0.00000000,0.12118640,0.73663230
0.80740370,1.41039246,0.96489341,0.10454900,0.30043645,0.00000000,0.12218336,0.75290359
0.81340670,1.44354894,1.00362219,0.10746127,0.31038648,0.00000000,0.12326710,0.76839428
0.81940970,1.47569129,1.04284120,0.11035431,0.32057360,0.00000000,0.12438811,0.78287063
0.82541271,1.50653503,1.08224856,0.11321422,0.33098024,0.00000000,0.12549810,0.79611024
0.83141571,1.53581076,1.12153240,0.11602711,0.34158676,0.00000000,0.12655110,0.80790644
0.83741871,1.56326697,1.16037435,0.11877896,0.35237016,0.00000000,0.12750445,0.81807260
0.84342171,1.58867310,1.19845363,0.12145554,0.36330297,0.00000000,0.12831974,0.82644621
0.84942471,1.61182250,1.23545173,0.12404234,0.37435215,0.00000000,0.12896357,0.83289259
0.85542771,1.63253550,1.27105735,0.12652459,0.38547830,0.00000000,0.12940819,0.83730832
0.86143072,1.65066221,1.30497139,0.12888733,0.39663497,0.00000000,0.12963213,0.83962405
0.86743372,1.66608498,1.33691175,0.13111553,0.40776822,0.00000000,0.12962057,0.83980671
0.87343672,1.67872021,1.36661760,0.13319423,0.41881641,0.00000000,0.12936571,0.83786091
0.87943972,1.68851935,1.39385293,0.13510874,0.42971017,0.00000000,0.12886697,0.83382953
0.88544272,1.69546900,1.41840910,0.13684482,0.44037253,0.00000000,0.12813099,0.82779324
0.89144572,1.69958977,1.44010625,0.13838890,0.45071931,0.00000000,0.12717162,0.81986909
0.89744872,1.70093410,1.45879368,0.13972825,0.46065961,0.00000000,0.12600957,0.81020793
0.90345173,1.69958289,1.47434892,0.14085119,0.47009652,0.00000000,0.12467201,0.79899089
0.90945473,1.69564111,1.48667591,0.14174719,0.47892801,0.00000000,0.12319188,0.78642484
0.91545773,1.68923269,1.49570239,0.14240710,0.48704802,0.00000000,0.12160712,0.77273698
0.92146073,1.68049465,1.50137667,0.14282319,0.49434776,0.00000000,0.11995953,0.75816876
0.92746373,1.66957116,1.50366430,0.14298934,0.50071720,0.00000000,0.11829363,0.74296927
0.93346673,1.65660750,1.50254473,0.14290113,0.50604680,0.00000000,0.11665525,0.72738824
0.93946973,1.64174442,1.49800846,0.14255592,0.51022950,0.00000000,0.11508994,0.71166905
0.94547274,1.62511318,1.49005489,0.14195300,0.51316280,0.00000000,0.11364142,0.69604184
0.95147574,1.60683151,1.47869099,0.14109369,0.51475114,0.00000000,0.11234982,0.68071706
0.95747874,1.58700061,1.46393113,0.13998141,0.51490826,0.00000000,0.11125009,0.66587955
0.96348174,1.56570350,1.44579785,0.13862183,0.51355969,0.00000000,0.11037034,0.65168351
0.96948474,1.54300455,1.42432378,0.13702289,0.51064520,0.00000000,0.10973045,0.63824853
0.97548774,1.51895034,1.39955443,0.13519491,0.50612113,0.00000000,0.10934082,0.62565662
0.98149075,1.49357163,1.37155162,0.13315056,0.49996245,0.00000000,0.10920147,0.61395065
0.98749375,1.46688644,1.34039740,0.13090483,0.49216464,0.00000000,0.10930143,0.60313406
0.99349675,1.43890383,1.30619804,0.12847496,0.48274504,0.00000000,0.10961860,0.59317190
0.99949975,1.40962834,1.26908784,0.12588025,0.47174379,0.00000000,0.11012000,0.58399322
1.00550275,1.37906477,1.22923243,0.12314185,0.45922425,0.00000000,0.11076252,0.57549473
1.01150575,1.34722302,1.18683127,0.12028242,0.44527280,0.00000000,0.11149405,0.56754553
1.01750875,1.31412280,1.14211909,0.11732581,0.42999804,0.00000000,0.11225512,0.55999288
1.02351176,1.27979804,1.09536629,0.11429656,0.41352947,0.00000000,0.11298086,0.55266872
1.02951476,1.24430077,1.04687787,0.11121948,0.39601548,0.00000000,0.11360325,0.54539676
1.03551776,1.20770434,0.99699130,0.10811909,0.37762096,0.00000000,0.11405366,0.53799990
1.04152076,1.17010592,0.94607299,0.10501917,0.35852444,0.00000000,0.11426542,0.53030770
1.04752376,1.13162831,0.89451384,0.10194220,0.33891485,0.00000000,0.11417639,0.52216369
1.05352676,1.09242087,0.84272377,0.09890896,0.31898810,0.00000000,0.11373151,0.51343222
1.05952976,1.05265974,0.79112567,0.09593814,0.29894357,0.00000000,0.11288501,0.50400463
1.06553277,1.01254738,0.74014889,0.09304603,0.27898056,0.00000000,0.11160233,0.49380460
1.07153577,0.97231144,0.69022252,0.09024639,0.25929482,0.00000000,0.10986165,0.48279241
1.07753877,0.93220307,0.64176874,0.08755033,0.24007537,0.00000000,0.10765490,0.47096805
1.08354177,0.89249471,0.59519650,0.08496645,0.22150150,0.00000000,0.10498830,0.45837311
1.08954477,0.85347750,0.55089545,0.08250097,0.20374023,0.00000000,0.10188225,0.44509128
1.09554777,0.81545823,0.50923061,0.08015809,0.18694406,0.00000000,0.09837084,0.43124767
1.10155078,0.77875595,0.47053749,0.07794036,0.17124921,0.00000000,0.09450075,0.41700681
1.10755378,0.74369822,0.43511791,0.07584913,0.15677419,0.00000000,0.09032973,0.40256948
1.11355678,0.71061703,0.40323644,0.07388511,0.14361884,0.00000000,0.08592478,0.38816849
1.11955978,0.67984428,0.37511736,0.07204881,0.13186365,0.00000000,0.08136000,0.37406353
1.12556278,0.65170689,0.35094210,0.07034101,0.12156949,0.00000000,0.07671425,0.36053515
1.13156578,0.62652148,0.33084714,0.06876312,0.11277749,0.00000000,0.07206877,0.34787818
1.13756878,0.60458855,0.31492217,0.06731747,0.10550923,0.00000000,0.06750480,0.33639454
1.14357179,0.58618630,0.30320854,0.06600742,0.09976702,0.00000000,0.06310129,0.32638579
1.14957479,0.57156400,0.29569793,0.06483731,0.09553438,0.00000000,0.05893277,0.31814535
1.15557779,0.56093506,0.29233134,0.06381229,0.09277657,0.00000000,0.05506748,0.31195074
1.16158079,0.55446991,0.29299824,0.06293795,0.09144120,0.00000000,0.05156574,0.30805578
1.16758379,0.55228888,0.29753622,0.06221983,0.09145902,0.00000000,0.04847866,0.30668308
1.17358679,0.55445531,0.30573106,0.06166283,0.09274465,0.00000000,0.04584709,0.30801681
1.17958979,0.56096907,0.31731754,0.06127049,0.09519761,0.00000000,0.04370098,0.31219595
1.18559280,0.57176100,0.33198092,0.06104433,0.09870340,0.00000000,0.04205898,0.31930830
1.19159580,0.58668832,0.34935959,0.06098311,0.10313484,0.00000000,0.04092828,0.32938522
1.19759880,0.60553158,0.36904869,0.06108225,0.10835358,0.00000000,0.04030483,0.34239741
1.20360180,0.62799335,0.39060506,0.06133327,0.11421192,0.00000000,0.04017368,0.35825199
1.20960480,0.65369892,0.41355352,0.06172351,0.12055496,0.00000000,0.04050960,0.37679084
1.21560780,0.68219924,0.43739443,0.06223590,0.12722292,0.00000000,0.04127786,0.39779057
1.22161081,0.71297636,0.46161259,0.06284911,0.13405385,0.00000000,0.04243516,0.42096424
1.22761381,0.74545123,0.48568722,0.06353778,0.14088656,0.00000000,0.04393076,0.44596479
1.23361681,0.77899400,0.50910290,0.06427306,0.14756369,0.00000000,0.04570772,0.47239042
1.23961981,0.81293654,0.53136119,0.06502339,0.15393501,0.00000000,0.04770420,0.49979180
1.24562281,0.84658701,0.55199257,0.06575533,0.15986068,0.00000000,0.04985496,0.52768104
1.25162581,0.87924604,0.57056825,0.06643475,0.16521454,0.00000000,0.05209283,0.55554230
1.25762881,0.91022410,0.58671161,0.06702789,0.16988718,0.00000000,0.05435034,0.58284374
1.26363182,0.93885947,0.60010873,0.06750268,0.17378883,0.00000000,0.05656125,0.60905059
1.26963482,0.96453631,0.61051758,0.06782989,0.17685181,0.00000000,0.05866221,0.63363880
1.27563782,0.98670211,0.61777565,0.06798435,0.17903262,0.00000000,0.06059425,0.65610904
1.28164082,1.00488389,0.62180553,0.06794601,0.18031344,0.00000000,0.06230427,0.67600031
1.28764382,1.01870262,0.62261829,0.06770080,0.18070308,0.00000000,0.06374633,0.69290294
1.29364682,1.02788526,0.62031456,0.06724141,0.18023728,0.00000000,0.06488279,0.70647028
1.29964982,1.03227392,0.61508300,0.06656774,0.17897831,0.00000000,0.06568528,0.71642880
1.30565283,1.03183186,0.60719638,0.06568716,0.17701400,0.00000000,0.06613531,0.72258599
1.31165583,1.02664590,0.59700534,0.06461456,0.17445601,0.00000000,0.06622468,0.72483600
1.31765883,1.01692532,0.58492983,0.06337204,0.17143758,0.00000000,0.06595555,0.72316260
1.32366183,1.00299710,0.57144870,0.06198847,0.16811063,0.00000000,0.06534021,0.71763938
1.32966483,0.98529767,0.55708756,0.06049875,0.16464240,0.00000000,0.06440050,0.70842726
1.33566783,0.96436148,0.54240539,0.05894295,0.16121170,0.00000000,0.06316701,0.69576938
1.34167084,0.94080666,0.52798018,0.05736521,0.15800465,0.00000000,0.06167796,0.67998353
1.34767384,0.91531841,0.51439409,0.05581255,0.15521036,0.00000000,0.05997785,0.66145254
1.35367684,0.88863048,0.50221842,0.05433359,0.15301625,0.00000000,0.05811600,0.64061297
1.35967984,0.86150547,0.49199893,0.05297723,0.15160341,0.00000000,0.05614491,0.61794255
1.36568284,0.83471452,0.48424178,0.05179130,0.15114186,0.00000000,0.05411862,0.59394687
1.37168584,0.80901716,0.47940048,0.05082127,0.15178605,0.00000000,0.05209103,0.56914590
1.37768884,0.78514172,0.47786426,0.05010899,0.15367041,0.00000000,0.05011438,0.54406068
1.38369185,0.76376710,0.47994802,0.04969159,0.15690534,0.00000000,0.04823774,0.51920076
1.38969485,0.74550633,0.48588423,0.04960049,0.16157357,0.00000000,0.04650581,0.49505271
1.39569785,0.73089237,0.49581702,0.04986054,0.16772696,0.00000000,0.04495783,0.47207009
1.40170085,0.72036656,0.50979841,0.05048941,0.17538407,0.00000000,0.04362682,0.45066502
1.40770385,0.71426991,0.52778716,0.05149712,0.18452829,0.00000000,0.04253901,0.43120155
1.41370685,0.71283748,0.54964987,0.05288583,0.19510688,0.00000000,0.04171360,0.41399093
1.41970985,0.71619581,0.57516471,0.05464978,0.20703081,0.00000000,0.04116273,0.39928858
1.42571286,0.72436342,0.60402744,0.05677549,0.22017562,0.00000000,0.04089175,0.38729284
1.43171586,0.73725419,0.63585965,0.05924217,0.23438317,0.00000000,0.04089958,0.37814514
1.43771886,0.75468340,0.67021912,0.06202222,0.24946440,0.00000000,0.04117939,0.37193154
1.44372186,0.77637609,0.70661184,0.06508203,0.26520309,0.00000000,0.04171929,0.36868515
1.44972486,0.80197736,0.74450544,0.06838282,0.28136043,0.00000000,0.04250318,0.36838941
1.45572786,0.83106424,0.78334371,0.07188165,0.29768048,0.00000000,0.04351161,0.37098176
1.46173087,0.86315864,0.82256157,0.07553246,0.31389624,0.00000000,0.04472261,0.37635762
1.46773387,0.89774084,0.86160026,0.07928719,0.32973624,0.00000000,0.04611256,0.38437430
1.47373687,0.93426325,0.89992205,0.08309691,0.34493152,0.00000000,0.04765691,0.39485494
1.47973987,0.97216388,0.93702423,0.08691295,0.35922259,0.00000000,0.04933084,0.40759216
1.48574287,1.01087917,0.97245169,0.09068792,0.37236642,0.00000000,0.05110979,0.42235148
1.49174587,1.04985592,1.00580792,0.09437673,0.38414297,0.00000000,0.05296984,0.43887459
1.49774887,1.08856197,1.03676398,0.09793744,0.39436123,0.00000000,0.05488805,0.45688246
1.50375188,1.12649552,1.06506518,0.10133204,0.40286448,0.00000000,0.05684255,0.47607835
1.50975488,1.16319301,1.09053538,0.10452707,0.40953457,0.00000000,0.05881263,0.49615102
1.51575788,1.19823538,1.11307877,0.10749411,0.41429519,0.00000000,0.06077868,0.51677812
1.52176088,1.23125289,1.13267920,0.11021011,0.41711385,0.00000000,0.06272210,0.53762986
1.52776388,1.26192848,1.14939715,0.11265762,0.41800276,0.00000000,0.06462512,0.55837321
1.53376688,1.28999986,1.16336453,0.11482481,0.41701836,0.00000000,0.06647064,0.57867653
1.53976988,1.31526035,1.17477761,0.11670545,0.41425963,0.00000000,0.06824209,0.59821468
1.54577289,1.33755884,1.18388841,0.11829871,0.40986537,0.00000000,0.06992330,0.61667457
1.55177589,1.35679877,1.19099479,0.11960889,0.40401033,0.00000000,0.07149838,0.63376102
1.55777889,1.37293658,1.19642983,0.12064505,0.39690059,0.00000000,0.07295179,0.64920277
1.56378189,1.38597941,1.20055062,0.12142062,0.38876811,0.00000000,0.07426830,0.66275842
1.56978489,1.39598252,1.20372701,0.12195289,0.37986484,0.00000000,0.07543319,0.67422208
1.57578789,1.40304620,1.20633061,0.12226246,0.37045644,0.00000000,0.07643246,0.68342849
1.58179090,1.40731234,1.20872421,0.12237274,0.36081580,0.00000000,0.07725307,0.69025722
1.58779390,1.40896070,1.21125199,0.12230932,0.35121663,0.00000000,0.07788327,0.69463596
1.59379690,1.40820476,1.21423066,0.12209938,0.34192707,0.00000000,0.07831297,0.69654245
1.59979990,1.40528718,1.21794168,0.12177110,0.33320373,0.00000000,0.07853411,0.69600504
1.60580290,1.40047484,1.22262455,0.12135301,0.32528600,0.00000000,0.07854101,0.69310169
1.61180590,1.39405336,1.22847136,0.12087342,0.31839093,0.00000000,0.07833068,0.68795751
1.61780890,1.38632117,1.23562252,0.12035972,0.31270864,0.00000000,0.07790313,0.68074075
1.62381191,1.37758305,1.24416365,0.11983784,0.30839839,0.00000000,0.07726155,0.67165735
1.62981491,1.36814328,1.25412365,0.11933161,0.30558528,0.00000000,0.07641239,0.66094442
1.63581791,1.35829833,1.26547383,0.11886217,0.30435773,0.00000000,0.07536541,0.64886263
1.64182091,1.34832945,1.27812816,0.11844741,0.30476565,0.00000000,0.07413349,0.63568795
1.64782391,1.33849512,1.29194455,0.11810150,0.30681937,0.00000000,0.07273249,0.62170304
1.65382691,1.32902370,1.30672712,0.11783433,0.31048940,0.00000000,0.07118081,0.60718860
1.65982991,1.32010657,1.32222958,0.11765124,0.31570692,0.00000000,0.06949902,0.59241507
1.66583292,1.31189200,1.33815950,0.11755262,0.32236512,0.00000000,0.06770929,0.57763491
1.67183592,1.30448008,1.35418375,0.11753379,0.33032129,0.00000000,0.06583479,0.56307595
1.67783892,1.29791903,1.36993489,0.11758490,0.33939976,0.00000000,0.06389906,0.54893594
1.68384192,1.29220321,1.38501865,0.11769105,0.34939555,0.00000000,0.06192533,0.53537856
1.68984492,1.28727301,1.39902237,0.11783250,0.36007877,0.00000000,0.05993589,0.52253109
1.69584792,1.28301684,1.41152443,0.11798512,0.37119967,0.00000000,0.05795152,0.51048380
1.70185093,1.27927536,1.42210444,0.11812093,0.38249434,0.00000000,0.05599087,0.49929113
1.70785393,1.27584779,1.43035412,0.11820888,0.39369078,0.00000000,0.05407012,0.48897444
1.71385693,1.27250038,1.43588863,0.11821573,0.40451540,0.00000000,0.05220255,0.47952645
1.71985993,1.26897665,1.43835791,0.11810706,0.41469968,0.00000000,0.05039841,0.47091692
1.72586293,1.26500902,1.43745790,0.11784846,0.42398684,0.00000000,0.04866480,0.46309937
1.73186593,1.26033156,1.43294110,0.11740665,0.43213829,0.00000000,0.04700574,0.45601853
1.73786893,1.25469299,1.42462602,0.11675069,0.43893977,0.00000000,0.04542234,0.44961805
1.74387194,1.24786960,1.41240522,0.11585321,0.44420683,0.00000000,0.04391304,0.44384811
1.74987494,1.23967722,1.39625128,0.11469144,0.44778949,0.00000000,0.04247407,0.43867243
1.75587794,1.22998177,1.37622061,0.11324821,0.44957603,0.00000000,0.04109982,0.43407437
1.76188094,1.21870757,1.35245453,0.11151271,0.44949556,0.00000000,0.03978332,0.43006162
1.76788394,1.20584311,1.32517748,0.10948107,0.44751936,0.00000000,0.03851680,0.42666921
1.77388694,1.19144372,1.29469238,0.10715662,0.44366099,0.00000000,0.03729211,0.42396060
1.77988994,1.17563098,1.26137294,0.10455002,0.43797502,0.00000000,0.03610122,0.42202665
1.78589295,1.15858866,1.22565332,0.10167895,0.43055448,0.00000000,0.03493658,0.42098248
1.79189595,1.14055550,1.18801536,0.09856762,0.42152713,0.00000000,0.03379152,0.42096219
1.79789895,1.12181487,1.14897376,0.09524604,0.41105074,0.00000000,0.03266043,0.42211173
1.80390195,1.10268195,1.10906002,0.09174901,0.39930742,0.00000000,0.03153896,0.42458020
1.80990495,1.08348891,1.06880552,0.08811503,0.38649745,0.00000000,0.03042413,0.42850984
1.81590795,1.06456897,1.02872470,0.08438495,0.37283265,0.00000000,0.02931429,0.43402543
1.82191096,1.04624002,0.98929899,0.08060074,0.35852971,0.00000000,0.02820907,0.44122351
1.82791396,1.02878865,0.95096217,0.07680407,0.34380364,0.00000000,0.02710927,0.45016195
1.83391696,1.01245562,0.91408800,0.07303512,0.32886174,0.00000000,0.02601666,0.46085068
1.83991996,0.99742333,0.87898044,0.06933138,0.31389812,0.00000000,0.02493377,0.47324395
1.84592296,0.98380617,0.84586720,0.06572672,0.29908916,0.00000000,0.02386373,0.48723475
1.85192596,0.97164420,0.81489662,0.06225055,0.28458995,0.00000000,0.02280997,0.50265181
1.85792896,0.96090058,0.78613821,0.05892733,0.27053181,0.00000000,0.02177610,0.51925941
1.86393197,0.95146299,0.75958668,0.05577628,0.25702102,0.00000000,0.02076568,0.53676032
1.86993497,0.94314889,0.73516924,0.05281131,0.24413863,0.00000000,0.01978207,0.55480177
1.87593797,0.93571456,0.71275582,0.05004124,0.23194138,0.00000000,0.01882836,0.57298435
1.88194097,0.92886740,0.69217158,0.04747025,0.22046362,0.00000000,0.01790727,0.59087357
1.88794397,0.92228092,0.67321112,0.04509842,0.20971996,0.00000000,0.01702113,0.60801361
1.89394697,0.91561165,0.65565365,0.04292257,0.19970869,0.00000000,0.01617191,0.62394268
1.89994997,0.90851713,0.63927836,0.04093701,0.19041547,0.00000000,0.01536119,0.63820930
1.90595298,0.90067413,0.62387916,0.03913451,0.18181737,0.00000000,0.01459031,0.65038879
1.91195598,0.89179608,0.60927812,0.03750717,0.17388685,0.00000000,0.01386040,0.66009917
1.91795898,0.88164880,0.59533700,0.03604721,0.16659551,0.00000000,0.01317246,0.66701575
1.92396198,0.87006387,0.58196618,0.03474778,0.15991751,0.00000000,0.01252746,0.67088356
1.92996498,0.85694881,0.56913071,0.03360350,0.15383233,0.00000000,0.01192640,0.67152731
1.93596798,0.84229353,0.55685312,0.03261094,0.14832692,0.00000000,0.01137040,0.66885800
1.94197099,0.82617289,0.54521301,0.03176886,0.14339709,0.00000000,0.01086066,0.66287625
1.94797399,0.80874504,0.53434329,0.03107827,0.13904797,0.00000000,0.01039853,0.65367198
1.95397699,0.79024577,0.52442346,0.03054232,0.13529380,0.00000000,0.00998545,0.64142045
1.95997999,0.77097905,0.51567019,0.03016597,0.13215681,0.00000000,0.00962289,0.62637511
1.96598299,0.75130437,0.50832564,0.02995553,0.12966546,0.00000000,0.00931226,0.60885735
1.97198599,0.73162132,0.50264425,0.02991806,0.12785208,0.00000000,0.00905483,0.58924394
1.97798899,0.71235242,0.49887848,0.03006067,0.12675004,0.00000000,0.00885156,0.56795264
1.98399200,0.69392483,0.49726421,0.03038974,0.12639066,0.00000000,0.00870298,0.54542669
1.98999500,0.67675195,0.49800663,0.03091020,0.12679998,0.00000000,0.00860908,0.52211903
1.99599800,0.66121570,0.50126705,0.03162470,0.12799556,0.00000000,0.00856911,0.49847694
2.00200100,0.64765043,0.50715144,0.03253298,0.12998359,0.00000000,0.00858155,0.47492765
2.00800400,0.63632901,0.51570109,0.03363126,0.13275629,0.00000000,0.00864398,0.45186574
2.01400700,0.62745183,0.52688587,0.03491181,0.13628990,0.00000000,0.00875303,0.42964268
2.02001001,0.62113916,0.54060040,0.03636265,0.14054327,0.00000000,0.00890440,0.40855887
2.02601301,0.61742698,0.55666323,0.03796743,0.14545722,0.00000000,0.00909290,0.38885835
2.03201601,0.61626665,0.57481919,0.03970551,0.15095457,0.00000000,0.00931249,0.37072645
2.03801901,0.61752811,0.59474463,0.04155225,0.15694105,0.00000000,0.00955648,0.35428994
2.04402201,0.62100645,0.61605559,0.04347941,0.16330690,0.00000000,0.00981769,0.33961983
2.05002501,0.62643157,0.63831830,0.04545582,0.16992917,0.00000000,0.01008864,0.32673622
2.05602801,0.63348029,0.66106177,0.04744806,0.17667470,0.00000000,0.01036186,0.31561503
2.06203102,0.64179037,0.68379191,0.04942141,0.18340351,0.00000000,0.01063011,0.30619589
2.06803402,0.65097589,0.70600665,0.05134071,0.18997262,0.00000000,0.01088670,0.29839102
2.07403702,0.66064319,0.72721148,0.05317144,0.19624010,0.00000000,0.01112576,0.29209429
2.08004002,0.67040678,0.74693480,0.05488065,0.20206922,0.00000000,0.01134252,0.28719022
2.08604302,0.67990463,0.76474258,0.05643800,0.20733245,0.00000000,0.01153357,0.28356245
2.09204602,0.68881211,0.78025183,0.05781660,0.21191531,0.00000000,0.01169704,0.28110116
2.09804902,0.69685427,0.79314233,0.05899385,0.21571988,0.00000000,0.01183277,0.27970943
2.10405203,0.70381590,0.80316632,0.05995214,0.21866775,0.00000000,0.01194246,0.27930802
2.11005503,0.70954915,0.81015577,0.06067935,0.22070244,0.00000000,0.01202965,0.27983866
2.11605803,0.71397836,0.81402710,0.06116921,0.22179115,0.00000000,0.01209973,0.28126569
2.12206103,0.71710213,0.81478313,0.06142152,0.22192573,0.00000000,0.01215985,0.28357608
2.12806403,0.71899251,0.81251231,0.06144210,0.22112292,0.00000000,0.01221874,0.28677792
2.13406703,0.71979141,0.80738514,0.06124262,0.21942379,0.00000000,0.01228646,0.29089755
2.14007004,0.71970434,0.79964812,0.06084018,0.21689241,0.00000000,0.01237415,0.29597542
2.14607304,0.71899181,0.78961526,0.06025682,0.21361375,0.00000000,0.01249360,0.30206109
2.15207604,0.71795859,0.77765748,0.05951880,0.20969098,0.00000000,0.01265690,0.30920743
2.15807904,0.71694119,0.76419035,0.05865570,0.20524210,0.00000000,0.01287597,0.31746441
2.16408204,0.71629408,0.74966035,0.05769958,0.20039608,0.00000000,0.01316210,0.32687274
2.17008504,0.71637498,0.73453027,0.05668387,0.19528872,0.00000000,0.01352545,0.33745763
2.17608804,0.71752968,0.71926412,0.05564234,0.19005816,0.00000000,0.01397460,0.34922293
2.18209105,0.72007705,0.70431205,0.05460803,0.18484039,0.00000000,0.01451611,0.36214594
2.18809405,0.72429459,0.69009567,0.05361213,0.17976473,0.00000000,0.01515409,0.37617305
2.19409705,0.73040501,0.67699444,0.05268303,0.17494963,0.00000000,0.01588985,0.39121654
2.20010005,0.73856451,0.66533336,0.05184539,0.17049874,0.00000000,0.01672167,0.40715252
2.20610305,0.74885295,0.65537245,0.05111927,0.16649757,0.00000000,0.01764455,0.42382025
2.21210605,0.76126655,0.64729847,0.05051958,0.16301072,0.00000000,0.01865020,0.44102294
2.21810905,0.77571325,0.64121898,0.05005549,0.16007988,0.00000000,0.01972704,0.45852993
2.22411206,0.79201114,0.63715912,0.04973021,0.15772268,0.00000000,0.02086038,0.47608032
2.23011506,0.80989001,0.63506116,0.04954084,0.15593239,0.00000000,0.02203264,0.49338792
2.23611806,0.82899616,0.63478692,0.04947850,0.15467850,0.00000000,0.02322380,0.51014740
2.24212106,0.84890033,0.63612284,0.04952865,0.15390819,0.00000000,0.02441186,0.52604146
2.24812406,0.86910862,0.63878781,0.04967159,0.15354868,0.00000000,0.02557344,0.54074882
2.25412706,0.88907605,0.64244315,0.04988319,0.15351025,0.00000000,0.02668442,0.55395269
2.26013007,0.90822241,0.64670476,0.05013568,0.15368987,0.00000000,0.02772069,0.56534949
2.26613307,0.92594981,0.65115672,0.05039872,0.15397539,0.00000000,0.02865884,0.57465755
2.27213607,0.94166136,0.65536600,0.05064044,0.15424996,0.00000000,0.02947687,0.58162538
2.27813907,0.95478030,0.65889774,0.05082855,0.15439659,0.00000000,0.03015496,0.58603929
2.28414207,0.96476886,0.66133048,0.05093156,0.15430269,0.00000000,0.03067602,0.58773004
2.29014507,0.97114616,0.66227087,0.05091987,0.15386427,0.00000000,0.03102626,0.58657828
2.29614807,0.97350447,0.66136723,0.05076684,0.15298988,0.00000000,0.03119564,0.58251857
2.30215108,0.97152313,0.65832157,0.05044970,0.15160384,0.00000000,0.03117814,0.57554182
2.30815408,0.96497963,0.65289959,0.04995041,0.14964888,0.00000000,0.03097196,0.56569607
2.31415708,0.95375749,0.64493835,0.04925625,0.14708795,0.00000000,0.03057952,0.55308561
2.32016008,0.93785049,0.63435131,0.04836025,0.14390529,0.00000000,0.03000736,0.53786834
2.32616308,0.91736325,0.62113074,0.04726142,0.14010658,0.00000000,0.02926589,0.52025173
2.33216608,0.89250809,0.60534731,0.04596474,0.13571832,0.00000000,0.02836901,0.50048725
2.33816908,0.86359841,0.58714710,0.04448097,0.13078646,0.00000000,0.02733363,0.47886372
2.34417209,0.83103884,0.56674606,0.04282623,0.12537437,0.00000000,0.02617917,0.45569972
2.35017509,0.79531267,0.54442243,0.04102144,0.11956025,0.00000000,0.02492692,0.43133532
2.35617809,0.75696708,0.52050718,0.03909156,0.11343416,0.00000000,0.02359938,0.40612358
2.36218109,0.71659682,0.49537319,0.03706478,0.10709478,0.00000000,0.02221971,0.38042195
2.36818409,0.67482703,0.46942334,0.03497160,0.10064599,0.00000000,0.02081104,0.35458398
2.37418709,0.63229585,0.44307818,0.03284386,0.09419356,0.00000000,0.01939591,0.32895156
2.38019010,0.58963752,0.41676357,0.03071381,0.08784196,0.00000000,0.01799579,0.30384795
2.38619310,0.54746659,0.39089870,0.02861321,0.08169140,0.00000000,0.01663060,0.27957178
2.39219610,0.50636376,0.36588493,0.02657245,0.07583527,0.00000000,0.01531836,0.25639217
2.39819910,0.46686376,0.34209573,0.02461987,0.07035805,0.00000000,0.01407493,0.23454507
2.40420210,0.42944572,0.31986815,0.02278112,0.06533362,0.00000000,0.01291383,0.21423087
2.41020510,0.39452607,0.29949585,0.02107870,0.06082418,0.00000000,0.01184611,0.19561328
2.41620810,0.36245421,0.28122391,0.01953165,0.05687962,0.00000000,0.01088036,0.17881935
2.42221111,0.33351084,0.26524563,0.01815536,0.05353742,0.00000000,0.01002280,0.16394070
2.42821411,0.30790885,0.25170101,0.01696159,0.05082306,0.00000000,0.00927735,0.15103571
2.43421711,0.28579661,0.24067722,0.01595858,0.04875080,0.00000000,0.00864583,0.14013255
2.44022011,0.26726319,0.23221066,0.01515128,0.04732493,0.00000000,0.00812822,0.13123286
2.44622311,0.25234534,0.22629059,0.01454176,0.04654120,0.00000000,0.00772288,0.12431602
2.45222611,0.24103573,0.22286404,0.01412960,0.04638866,0.00000000,0.00742681,0.11934360
2.45822911,0.23329193,0.22184183,0.01391242,0.04685154,0.00000000,0.00723599,0.11626397
2.46423212,0.22904585,0.22310536,0.01388644,0.04791123,0.00000000,0.00714563,0.11501685
2.47023512,0.22821294,0.22651383,0.01404696,0.04954831,0.00000000,0.00715042,0.11553747
2.47623812,0.23070097,0.23191169,0.01438895,0.05174446,0.00000000,0.00724482,0.11776038
2.48224112,0.23641767,0.23913581,0.01490748,0.05448417,0.00000000,0.00742327,0.12162256
2.48824412,0.24527703,0.24802224,0.01559812,0.05775616,0.00000000,0.00768032,0.12706573
2.49424712,0.25720392,0.25841210,0.01645729,0.06155454,0.00000000,0.00801085,0.13403783
2.50025013,0.27213659,0.27015638,0.01748234,0.06587944,0.00000000,0.00841006,0.14249346
2.50625313,0.29002704,0.28311944,0.01867171,0.07073716,0.00000000,0.00887357,0.15239327
2.51225613,0.31083910,0.29718095,0.02002476,0.07613980,0.00000000,0.00939739,0.16370236
2.51825913,0.33454416,0.31223627,0.02154156,0.08210430,0.00000000,0.00997778,0.17638765
2.52426213,0.36111480,0.32819517,0.02322249,0.08865090,0.00000000,0.01061122,0.19041433
2.53026513,0.39051653,0.34497901,0.02506775,0.09580102,0.00000000,0.01129417,0.20574161
2.53626813,0.42269798,0.36251651,0.02707674,0.10357470,0.00000000,0.01202292,0.22231792
2.54227114,0.45758008,0.38073838,0.02924735,0.11198759,0.00000000,0.01279333,0.24007584
2.54827414,0.49504486,0.39957123,0.03157521,0.12104776,0.00000000,0.01360066,0.25892708
2.55427714,0.53492451,0.41893104,0.03405297,0.13075230,0.00000000,0.01443931,0.27875777
2.56028014,0.57699141,0.43871681,0.03666960,0.14108410,0.00000000,0.01530267,0.29942456
2.56628314,0.62094994,0.45880478,0.03940980,0.15200886,0.00000000,0.01618296,0.32075160
2.57228614,0.66643076,0.47904376,0.04225350,0.16347262,0.00000000,0.01707115,0.34252898
2.57828914,0.71298819,0.49925200,0.04517564,0.17540004,0.00000000,0.01795695,0.36451274
2.58429215,0.76010118,0.51921603,0.04814610,0.18769346,0.00000000,0.01882886,0.38642656
2.59029515,0.80717829,0.53869164,0.05112991,0.20023315,0.00000000,0.01967436,0.40796548
2.59629815,0.85356675,0.55740734,0.05408773,0.21287861,0.00000000,0.02048009,0.42880130
2.60230115,0.89856564,0.57507005,0.05697660,0.22547111,0.00000000,0.02123222,0.44858991
2.60830415,0.94144279,0.59137319,0.05975093,0.23783746,0.00000000,0.02191677,0.46698001
2.61430715,0.98145489,0.60600664,0.06236373,0.24979485,0.00000000,0.02252013,0.48362311
2.62031016,1.01787012,0.61866820,0.06476806,0.26115668,0.00000000,0.02302945,0.49818434
2.62631316,1.04999225,0.62907619,0.06691852,0.27173912,0.00000000,0.02343318,0.51035356
2.63231616,1.07718532,0.63698224,0.06877289,0.28136822,0.00000000,0.02372154,0.51985630
2.63831916,1.09889754,0.64218386,0.07029374,0.28988706,0.00000000,0.02388697,0.52646402
2.64432216,1.11468342,0.64453605,0.07144986,0.29716280,0.00000000,0.02392451,0.53000310
2.65032516,1.12422298,0.64396117,0.07221768,0.30309316,0.00000000,0.02383212,0.53036225
2.65632816,1.12733705,0.64045668,0.07258233,0.30761199,0.00000000,0.02361090,0.52749784
2.66233117,1.12399776,0.63410017,0.07253847,0.31069367,0.00000000,0.02326523,0.52143691
2.66833417,1.11433386,0.62505142,0.07209077,0.31235605,0.00000000,0.02280275,0.51227775
2.67433717,1.09863033,0.61355123,0.07125404,0.31266163,0.00000000,0.02223430,0.50018801
2.68034017,1.07732239,0.59991720,0.07005298,0.31171711,0.00000000,0.02157368,0.48540038
2.68634317,1.05098410,0.58453644,0.06852156,0.30967104,0.00000000,0.02083742,0.46820611
2.69234617,1.02031208,0.56785572,0.06670209,0.30670971,0.00000000,0.02004433,0.44894672
2.69834917,0.98610509,0.55036932,0.06464394,0.30305152,0.00000000,0.01921513,0.42800418
2.70435218,0.94924040,0.53260536,0.06240212,0.29893996,0.00000000,0.01837198,0.40579018
2.71035518,0.91064807,0.51511109,0.06003558,0.29463555,0.00000000,0.01753795,0.38273482
2.71635818,0.87128418,0.49843781,0.05760551,0.29040705,0.00000000,0.01673660,0.35927529
2.72236118,0.83210418,0.48312620,0.05517354,0.28652241,0.00000000,0.01599146,0.33584494
2.72836418,0.79403747,0.46969250,0.05280006,0.28323981,0.00000000,0.01532565,0.31286316
2.73436718,0.75796409,0.45861615,0.05054258,0.28079915,0.00000000,0.01476144,0.29072637
2.74037019,0.72469440,0.45032935,0.04845436,0.27941437,0.00000000,0.01431995,0.26980033
2.74637319,0.69495217,0.44520880,0.04658314,0.27926701,0.00000000,0.01402087,0.25041396
2.75237619,0.66936175,0.44356966,0.04497019,0.28050104,0.00000000,0.01388219,0.23285466
2.75837919,0.64843909,0.44566205,0.04364967,0.28321931,0.00000000,0.01392005,0.21736514
2.76438219,0.63258690,0.45166967,0.04264809,0.28748166,0.00000000,0.01414855,0.20414165
2.77038519,0.62209344,0.46171050,0.04198422,0.29330459,0.00000000,0.01457966,0.19333335
2.77638819,0.61713469,0.47583918,0.04166908,0.30066255,0.00000000,0.01522306,0.18504279
2.78239120,0.61777917,0.49405076,0.04170623,0.30949060,0.00000000,0.01608603,0.17932714
2.78839420,0.62399503,0.51628522,0.04209215,0.31968820,0.00000000,0.01717336,0.17620001
2.79439720,0.63565844,0.54243250,0.04281682,0.33112397,0.00000000,0.01848716,0.17563368
2.80040020,0.65256300,0.57233743,0.04386429,0.34364100,0.00000000,0.02002675,0.17756149
2.80640320,0.67442926,0.60580432,0.04521340,0.35706248,0.00000000,0.02178849,0.18188049
2.81240620,0.70091400,0.64260083,0.04683841,0.37119732,0.00000000,0.02376558,0.18845392
2.81840920,0.73161895,0.68246091,0.04870970,0.38584553,0.00000000,0.02594789,0.19711391
2.82441221,0.76609855,0.72508678,0.05079437,0.40080309,0.00000000,0.02832182,0.20766412
2.83041521,0.80386680,0.77014988,0.05305686,0.41586614,0.00000000,0.03087013,0.21988247
2.83641821,0.84440314,0.81729108,0.05545947,0.43083443,0.00000000,0.03357190,0.23352416
2.84242121,0.88715758,0.86612021,0.05796283,0.44551393,0.00000000,0.03640251,0.24832493
2.84842421,0.93155533,0.91621548,0.06052642,0.45971867,0.00000000,0.03933370,0.26400471
2.85442721,0.97700129,0.96712307,0.06310896,0.47327188,0.00000000,0.04233379,0.28027182
2.86043022,1.02288475,1.01835736,0.06566888,0.48600654,0.00000000,0.04536796,0.29682764
2.86643322,1.06858472,1.06940225,0.06816477,0.49776554,0.00000000,0.04839871,0.31337192
2.87243622,1.11347622,1.11971409,0.07055586,0.50840166,0.00000000,0.05138644,0.32960854
2.87843922,1.15693774,1.16872640,0.07280255,0.51777752,0.00000000,0.05429016,0.34525179
2.88444222,1.19836016,1.21585672,0.07486697,0.52576564,0.00000000,0.05706829,0.36003292
2.89044522,1.23715696,1.26051564,0.07671360,0.53224896,0.00000000,0.05967964,0.37370679
2.89644822,1.27277583,1.30211796,0.07830990,0.53712165,0.00000000,0.06208437,0.38605848
2.90245123,1.30471123,1.34009582,0.07962700,0.54029047,0.00000000,0.06424510,0.39690948
2.90845423,1.33251764,1.37391327,0.08064036,0.54167663,0.00000000,0.06612789,0.40612326
2.91445723,1.35582280,1.40308189,0.08133042,0.54121800,0.00000000,0.06770335,0.41360998
2.92046023,1.37434052,1.42717667,0.08168318,0.53887178,0.00000000,0.06894752,0.41932990
2.92646323,1.38788221,1.44585155,0.08169073,0.53461713,0.00000000,0.06984276,0.42329557
2.93246623,1.39636647,1.45885363,0.08135161,0.52845794,0.00000000,0.07037834,0.42557227
2.93846923,1.39982610,1.46603538,0.08067109,0.52042518,0.00000000,0.07055099,0.42627680
2.94447224,1.39841186,1.46736400,0.07966122,0.51057894,0.00000000,0.07036511,0.42557455
2.95047524,1.39239248,1.46292739,0.07834077,0.49900960,0.00000000,0.06983279,0.42367473
2.95647824,1.38215065,1.45293600,0.07673488,0.48583828,0.00000000,0.06897356,0.42082397
2.96248124,1.36817471,1.43772041,0.07487460,0.47121616,0.00000000,0.06781389,0.41729845
2.96848424,1.35104618,1.41772443,0.07279616,0.45532276,0.00000000,0.06638651,0.41339476
2.97448724,1.33142332,1.39349371,0.07054013,0.43836305,0.00000000,0.06472940,0.40941979
2.98049025,1.31002118,1.36566033,0.06815035,0.42056348,0.00000000,0.06288472,0.40568008
2.98649325,1.28758883,1.33492373,0.06567281,0.40216698,0.00000000,0.06089755,0.40247090
2.99249625,1.26488461,1.30202880,0.06315435,0.38342708,0.00000000,0.05881451,0.40006557
2.99849925,1.24265031,1.26774195,0.06064141,0.36460146,0.00000000,0.05668243,0.39870545
3.00450225,1.22158536,1.23282613,0.05817868,0.34594501,0.00000000,0.05454696,0.39859086
3.01050525,1.20232212,1.19801589,0.05580785,0.32770283,0.00000000,0.05245129,0.39987350
3.01650825,1.18540334,1.16399348,0.05356644,0.31010337,0.00000000,0.05043502,0.40265054
3.02251126,1.17126287,1.13136709,0.05148674,0.29335203,0.00000000,0.04853311,0.40696068
3.02851426,1.16021035,1.10065206,0.04959491,0.27762550,0.00000000,0.04677513,0.41278245
3.03451726,1.15242070,1.07225592,0.04791034,0.26306700,0.00000000,0.04518471,0.42003466
3.04052026,1.14792897,1.04646779,0.04644514,0.24978283,0.00000000,0.04377917,0.42857924
3.04652326,1.14663067,1.02345264,0.04520399,0.23784008,0.00000000,0.04256948,0.43822615
3.05252626,1.14828770,1.00325054,0.04418418,0.22726586,0.00000000,0.04156045,0.44874032
3.05852926,1.15253962,0.98578077,0.04337587,0.21804791,0.00000000,0.04075102,0.45985034
3.06453227,1.15891977,0.97085074,0.04276269,0.21013666,0.00000000,0.04013496,0.47125845
3.07053527,1.16687545,0.95816900,0.04232248,0.20344851,0.00000000,0.03970146,0.48265152
3.07653827,1.17579139,0.94736183,0.04202824,0.19787035,0.00000000,0.03943608,0.49371249
3.08254127,1.18501527,0.93799264,0.04184930,0.19326497,0.00000000,0.03932157,0.50413188
3.08854427,1.19388428,0.92958317,0.04175247,0.18947720,0.00000000,0.03933884,0.51361873
3.09454727,1.20175149,0.92163561,0.04170339,0.18634045,0.00000000,0.03946781,0.52191069
3.10055028,1.20801083,0.91365462,0.04166779,0.18368348,0.00000000,0.03968827,0.52878272
3.10655328,1.21211956,0.90516846,0.04161276,0.18133696,0.00000000,0.03998061,0.53405405
3.11255628,1.21361743,0.89574807,0.04150791,0.17913970,0.00000000,0.04032638,0.53759321
3.11855928,1.21214165,0.88502370,0.04132642,0.17694421,0.00000000,0.04070878,0.53932094
3.12456228,1.20743712,0.87269819,0.04104586,0.17462141,0.00000000,0.04111294,0.53921080
3.13056528,1.19936172,0.85855673,0.04064888,0.17206439,0.00000000,0.04152607,0.53728778
3.13656828,1.18788663,0.84247255,0.04012363,0.16919098,0.00000000,0.04193746,0.53362474
3.14257129,1.17309180,0.82440884,0.03946395,0.16594523,0.00000000,0.04233834,0.52833719
3.14857429,1.15515712,0.80441669,0.03866938,0.16229767,0.00000000,0.04272170,0.52157669
3.15457729,1.13434998,0.78262957,0.03774486,0.15824455,0.00000000,0.04308192,0.51352307
3.16058029,1.11101000,0.75925477,0.03670036,0.15380600,0.00000000,0.04341449,0.50437623
3.16658329,1.08553184,0.73456230,0.03555023,0.14902346,0.00000000,0.04371568,0.49434762
3.17258629,1.05834714,0.70887202,0.03431249,0.14395639,0.00000000,0.04398212,0.48365210
3.17858929,1.02990660,0.68253967,0.03300808,0.13867856,0.00000000,0.04421066,0.47250042
3.18459230,1.00066302,0.65594249,0.03165990,0.13327413,0.00000000,0.04439804,0.46109268
3.19059530,0.97105614,0.62946529,0.03029208,0.12783364,0.00000000,0.04454085,0.44961307
3.19659830,0.94149997,0.60348733,0.02892911,0.12245027,0.00000000,0.04463549,0.43822600
3.20260130,0.91237305,0.57837086,0.02759510,0.11721632,0.00000000,0.04467817,0.42707376
3.20860430,0.88401180,0.55445144,0.02631316,0.11222027,0.00000000,0.04466514,0.41627562
3.21460730,0.85670707,0.53203048,0.02510491,0.10754425,0.00000000,0.04459282,0.40592828
3.22061031,0.83070375,0.51137003,0.02399000,0.10326231,0.00000000,0.04445810,0.39610748
3.22661331,0.80620290,0.49268987,0.02298593,0.09943907,0.00000000,0.04425858,0.38687058
3.23261631,0.78336612,0.47616653,0.02210783,0.09612917,0.00000000,0.04399288,0.37825966
3.23861931,0.76232139,0.46193423,0.02136846,0.09337702,0.00000000,0.04366084,0.37030498
3.24462231,0.74316971,0.45008707,0.02077819,0.09121714,0.00000000,0.04326376,0.36302846
3.25062531,0.72599194,0.44068228,0.02034517,0.08967470,0.00000000,0.04280449,0.35644676
3.25662831,0.71085507,0.43374382,0.02007539,0.08876626,0.00000000,0.04228746,0.35057389
3.26263132,0.69781751,0.42926615,0.01997288,0.08850057,0.00000000,0.04171867,0.34542307
3.26863432,0.68693274,0.42721755,0.02003982,0.08887938,0.00000000,0.04110547,0.34100769
3.27463732,0.67825131,0.42754281,0.02027666,0.08989800,0.00000000,0.04045642,0.33734141
3.28064032,0.67182070,0.43016501,0.02068220,0.09154582,0.00000000,0.03978090,0.33443736
3.28664332,0.66768347,0.43498638,0.02125359,0.09380647,0.00000000,0.03908878,0.33230660
3.29264632,0.66587358,0.44188815,0.02198634,0.09665781,0.00000000,0.03839005,0.33095595
3.29864932,0.66641144,0.45072968,0.02287428,0.10007177,0.00000000,0.03769438,0.33038542
3.30465233,0.66929795,0.46134706,0.02390940,0.10401393,0.00000000,0.03701078,0.33058554
3.31065533,0.67450832,0.47355150,0.02508183,0.10844313,0.00000000,0.03634722,0.33153470
3.31665833,0.68198598,0.48712799,0.02637975,0.11331110,0.00000000,0.03571042,0.33319697
3.32266133,0.69163739,0.50183459,0.02778926,0.11856214,0.00000000,0.03510568,0.33552042
3.32866433,0.70332804,0.51740272,0.02929447,0.12413311,0.00000000,0.03453677,0.33843619
3.33466733,0.71688030,0.53353892,0.03087748,0.12995366,0.00000000,0.03400602,0.34185853
3.34067034,0.73207327,0.54992818,0.03251855,0.13594685,0.00000000,0.03351448,0.34568571
3.34667334,0.74864497,0.56623901,0.03419634,0.14203013,0.00000000,0.03306215,0.34980201
3.35267634,0.76629669,0.58213038,0.03588821,0.14811680,0.00000000,0.03264833,0.35408049
3.35867934,0.78469963,0.59726020,0.03757063,0.15411779,0.00000000,0.03227206,0.35838657
3.36468234,0.80350343,0.61129520,0.03921970,0.15994380,0.00000000,0.03193254,0.36258228
3.37068534,0.82234614,0.62392167,0.04081168,0.16550764,0.00000000,0.03162956,0.36653074
3.37668834,0.84086532,0.63485673,0.04232357,0.17072681,0.00000000,0.03136398,0.37010091
3.38269135,0.85870955,0.64385933,0.04373378,0.17552595,0.00000000,0.03113804,0.37317214
3.38869435,0.87554986,0.65074050,0.04502269,0.17983928,0.00000000,0.03095565,0.37563844
3.39469735,0.89109045,0.65537223,0.04617321,0.18361281,0.00000000,0.03082255,0.37741206
3.40070035,0.90507823,0.65769440,0.04717133,0.18680606,0.00000000,0.03074631,0.37842648
3.40670335,0.91731059,0.65771921,0.04800649,0.18939349,0.00000000,0.03073625,0.37863842
3.41270635,0.92764118,0.65553302,0.04867192,0.19136529,0.00000000,0.03080310,0.37802889
3.41870935,0.93598340,0.65129510,0.04916478,0.19272760,0.00000000,0.03095861,0.37660336
3.42471236,0.94231145,0.64523352,0.04948625,0.19350225,0.00000000,0.03121500,0.37439086
3.43071536,0.94665903,0.63763817,0.04964142,0.19372584,0.00000000,0.03158429,0.37144231
3.43671836,0.94911579,0.62885136,0.04963911,0.19344840,0.00000000,0.03207758,0.36782807
3.44272136,0.94982183,0.61925632,0.04949151,0.19273163,0.00000000,0.03270423,0.36363491
3.44872436,0.94896055,0.60926426,0.04921375,0.19164688,0.00000000,0.03347118,0.35896257
3.45472736,0.94675034,0.59930062,0.04882343,0.19027293,0.00000000,0.03438214,0.35392006
3.46073037,0.94343554,0.58979126,0.04833999,0.18869376,0.00000000,0.03543700,0.34862198
3.46673337,0.93927716,0.58114919,0.04778416,0.18699645,0.00000000,0.03663133,0.34318487
3.47273637,0.93454382,0.57376257,0.04717734,0.18526928,0.00000000,0.03795600,0.33772390
3.47873937,0.92950335,0.56798453,0.04654102,0.18360011,0.00000000,0.03939710,0.33234985
3.48474237,0.92441545,0.56412532,0.04589622,0.18207522,0.00000000,0.04093590,0.32716672
3.49074537,0.91952564,0.56244700,0.04526306,0.18077854,0.00000000,0.04254920,0.32226968
3.49674837,0.91506082,0.56316100,0.04466030,0.17979134,0.00000000,0.04420977,0.31774371
3.50275138,0.91122640,0.56642837,0.04410509,0.17919241,0.00000000,0.04588703,0.31366278
3.50875438,0.90820509,0.57236276,0.04361273,0.17905849,0.00000000,0.04754789,0.31008948
3.51475738,0.90615737,0.58103570,0.04319659,0.17946513,0.00000000,0.04915776,0.30707519
3.52076038,0.90522318,0.59248376,0.04286805,0.18048768,0.00000000,0.05068160,0.30466063
3.52676338,0.90552492,0.60671716,0.04263659,0.18220235,0.00000000,0.05208506,0.30287671
3.53276638,0.90717116,0.62372902,0.04250994,0.18468725,0.00000000,0.05333558,0.30174565
3.53876938,0.91026086,0.64350490,0.04249424,0.18802317,0.00000000,0.05440348,0.30128217
3.54477239,0.91488773,0.66603167,0.04259431,0.19229413,0.00000000,0.05526295,0.30149485
3.55077539,0.92114419,0.69130534,0.04281388,0.19758741,0.00000000,0.05589279,0.30238734
3.55677839,0.92912471,0.71933713,0.04315583,0.20399307,0.00000000,0.05627715,0.30395955
3.56278139,0.93892817,0.75015741,0.04362240,0.21160281,0.00000000,0.05640592,0.30620860
3.56878439,0.95065890,0.78381714,0.04421537,0.22050828,0.00000000,0.05627498,0.30912965
3.57478739,0.96442625,0.82038653,0.04493621,0.23079856,0.00000000,0.05588617,0.31271636
3.58079040,0.98034246,0.85995092,0.04578606,0.24255715,0.00000000,0.05524709,0.31696113
3.58679340,0.99851900,0.90260397,0.04676576,0.25585825,0.00000000,0.05437068,0.32185503
3.59279640,1.01906118,0.94843829,0.04787571,0.27076266,0.00000000,0.05327463,0.32738745
3.59879940,1.04206135,0.99753390,0.04911568,0.28731328,0.00000000,0.05198064,0.33354537
3.60480240,1.06759093,1.04994515,0.05048458,0.30553049,0.00000000,0.05051356,0.34031254
3.61080540,1.09569150,1.10568644,0.05198013,0.32540748,0.00000000,0.04890050,0.34766828
3.61680840,1.12636543,1.16471773,0.05359852,0.34690595,0.00000000,0.04716993,0.35558622
3.62281141,1.15956659,1.22693033,0.05533407,0.36995217,0.00000000,0.04535072,0.36403290
3.62881441,1.19519141,1.29213392,0.05717885,0.39443381,0.00000000,0.04347129,0.37296635
3.63481741,1.23307113,1.36004547,0.05912237,0.42019769,0.00000000,0.04155889,0.38233471
3.64082041,1.27296548,1.43028090,0.06115134,0.44704871,0.00000000,0.03963886,0.39207502
3.64682341,1.31455841,1.50234994,0.06324949,0.47475002,0.00000000,0.03773415,0.40211215
3.65282641,1.35745635,1.57565501,0.06539748,0.50302474,0.00000000,0.03586490,0.41235817
3.65882941,1.40118919,1.64949432,0.06757299,0.53155913,0.00000000,0.03404816,0.42271201
3.66483242,1.44521440,1.72306940,0.06975087,0.56000737,0.00000000,0.03229780,0.43305957
3.67083542,1.48892426,1.79549732,0.07190351,0.58799780,0.00000000,0.03062452,0.44327447
3.67683842,1.53165633,1.86582722,0.07400126,0.61514061,0.00000000,0.02903592,0.45321920
3.68284142,1.57270681,1.93306079,0.07601301,0.64103661,0.00000000,0.02753677,0.46274695
3.68884442,1.61134667,1.99617629,0.07790693,0.66528705,0.00000000,0.02612930,0.47170398
3.69484742,1.64683991,2.05415515,0.07965124,0.68750396,0.00000000,0.02481353,0.47993249
3.70085043,1.67846351,2.10601025,0.08121500,0.70732077,0.00000000,0.02358766,0.48727401
3.70685343,1.70552820,2.15081492,0.08256904,0.72440274,0.00000000,0.02244852,0.49357307
3.71285643,1.72739939,2.18773141,0.08368679,0.73845685,0.00000000,0.02139192,0.49868126
3.71885943,1.74351745,2.21603769,0.08454507,0.74924067,0.00000000,0.02041306,0.50246126
3.72486243,1.75341636,2.23515148,0.08512481,0.75656988,0.00000000,0.01950688,0.50479101
3.73086543,1.75674006,2.24465049,0.08541168,0.76032415,0.00000000,0.01866837,0.50556754
3.73686843,1.75325583,2.24428787,0.08539653,0.76045094,0.00000000,0.01789280,0.50471054
3.74287144,1.74286390,2.23400232,0.08507572,0.75696738,0.00000000,0.01717598,0.50216546
3.74887444,1.72560308,2.21392220,0.08445120,0.74995972,0.00000000,0.01651436,0.49790592
3.75487744,1.70165198,2.18436369,0.08353049,0.73958078,0.00000000,0.01590512,0.49193543
3.76088044,1.67132574,2.14582276,0.08232643,0.72604518,0.00000000,0.01534623,0.48428827
3.76688344,1.63506850,2.09896158,0.08085679,0.70962280,0.00000000,0.01483643,0.47502953
3.77288644,1.59344176,2.04458962,0.07914372,0.69063059,0.00000000,0.01437517,0.46425422
3.77888944,1.54710916,1.98364055,0.07721310,0.66942316,0.00000000,0.01396253,0.45208561
3.78489245,1.49681827,1.91714566,0.07509378,0.64638256,0.00000000,0.01359911,0.43867267
3.79089545,1.44338010,1.84620495,0.07281678,0.62190754,0.00000000,0.01328592,0.42418689
3.79689845,1.38764715,1.77195704,0.07041447,0.59640290,0.00000000,0.01302418,0.40881847
3.80290145,1.33049076,1.69554909,0.06791970,0.57026909,0.00000000,0.01281527,0.39277204
3.80890445,1.27277865,1.61810759,0.06536510,0.54389263,0.00000000,0.01266051,0.37626218
3.81490745,1.21535328,1.54071135,0.06278228,0.51763746,0.00000000,0.01256103,0.35950864
3.82091046,1.15901195,1.46436724,0.06020127,0.49183758,0.00000000,0.01251770,0.34273173
3.82691346,1.10448898,1.38998944,0.05764993,0.46679106,0.00000000,0.01253095,0.32614780
3.83291646,1.05244061,1.31838283,0.05515354,0.44275554,0.00000000,0.01260070,0.30996498
3.83891946,1.00343296,1.25023055,0.05273452,0.41994523,0.00000000,0.01272623,0.29437942
3.84492246,0.95793312,1.18608613,0.05041216,0.39852931,0.00000000,0.01290613,0.27957191
3.85092546,0.91630363,1.12636983,0.04820257,0.37863181,0.00000000,0.01313824,0.26570517
3.85692846,0.87880019,1.07136926,0.04611862,0.36033255,0.00000000,0.01341954,0.25292158
3.86293147,0.84557252,1.02124373,0.04417002,0.34366928,0.00000000,0.01374616,0.24134168
3.86893447,0.81666803,0.97603194,0.04236343,0.32864065,0.00000000,0.01411332,0.23106305
3.87493747,0.79203818,0.93566259,0.04070267,0.31520988,0.00000000,0.01451536,0.22215987
3.88094047,0.77154694,0.89996723,0.03918890,0.30330902,0.00000000,0.01494570,0.21468293
3.88694347,0.75498110,0.86869486,0.03782087,0.29284358,0.00000000,0.01539694,0.20865998
3.89294647,0.74206190,0.84152772,0.03659519,0.28369742,0.00000000,0.01586089,0.20409651
3.89894947,0.73245769,0.81809768,0.03550659,0.27573773,0.00000000,0.01632868,0.20097678
3.90495248,0.72579695,0.79800272,0.03454823,0.26882008,0.00000000,0.01679089,0.19926505
3.91095548,0.72168150,0.78082312,0.03371196,0.26279336,0.00000000,0.01723775,0.19890695
3.91695848,0.71969943,0.76613678,0.03298858,0.25750456,0.00000000,0.01765930,0.19983092
3.92296148,0.71943728,0.75353340,0.03236818,0.25280339,0.00000000,0.01804564,0.20194981
3.92896448,0.72049139,0.74262726,0.03184035,0.24854650,0.00000000,0.01838719,0.20516242
3.93496748,0.72247803,0.73306816,0.03139452,0.24460142,0.00000000,0.01867496,0.20935511
3.94097049,0.72504209,0.72455047,0.03102017,0.24085006,0.00000000,0.01890082,0.21440354
3.94697349,0.72786431,0.71682006,0.03070711,0.23719171,0.00000000,0.01905776,0.22017431
3.95297649,0.73066684,0.70967909,0.03044572,0.23354551,0.00000000,0.01914018,0.22652684
3.95897949,0.73321718,0.70298852,0.03022718,0.22985235,0.00000000,0.01914407,0.23331530
3.96498249,0.73533050,0.69666846,0.03004362,0.22607605,0.00000000,0.01906724,0.24039063
3.97098549,0.73687042,0.69069642,0.02988835,0.22220397,0.00000000,0.01890942,0.24760274
3.97698849,0.73774826,0.68510352,0.02975595,0.21824684,0.00000000,0.01867237,0.25480284
3.98299150,0.73792107,0.67996892,0.02964236,0.21423795,0.00000000,0.01835987,0.26184581
3.98899450,0.73738841,0.67541265,0.02954492,0.21023157,0.00000000,0.01797765,0.26859274
3.99499750,0.73618815,0.67158706,0.02946238,0.20630084,0.00000000,0.01753331,0.27491337
4.00100050,0.73439148,0.66866729,0.02939479,0.20253495,0.00000000,0.01703608,0.28068850
4.00700350,0.73209716,0.66684091,0.02934345,0.19903584,0.00000000,0.01649664,0.28581228
4.01300650,0.72942537,0.66629722,0.02931068,0.19591445,0.00000000,0.01592674,0.29019412
4.01900950,0.72651116,0.66721643,0.02929964,0.19328668,0.00000000,0.01533895,0.29376041
4.02501251,0.72349775,0.66975911,0.02931408,0.19126903,0.00000000,0.01474625,0.29645563
4.03101551,0.72052982,0.67405630,0.02935803,0.18997429,0.00000000,0.01416164,0.29824308
4.03701851,0.71774687,0.68020053,0.02943548,0.18950713,0.00000000,0.01359782,0.29910493
4.04302151,0.71527694,0.68823814,0.02955009,0.18995993,0.00000000,0.01306676,0.29904171
4.04902451,0.71323072,0.69816306,0.02970485,0.19140892,0.00000000,0.01257941,0.29807128
4.05502751,0.71169634,0.70991255,0.02990178,0.19391069,0.00000000,0.01214535,0.29622710
4.06103052,0.71073489,0.72336479,0.03014165,0.19749933,0.00000000,0.01177258,0.29355615
4.06703352,0.71037689,0.73833876,0.03042374,0.20218409,0.00000000,0.01146723,0.29011643
4.07303652,0.71061987,0.75459626,0.03074569,0.20794792,0.00000000,0.01123349,0.28597420
4.07903952,0.71142722,0.77184623,0.03110338,0.21474677,0.00000000,0.01107345,0.28120108
4.08504252,0.71272832,0.78975126,0.03149087,0.22250972,0.00000000,0.01098712,0.27587126
4.09104552,0.71442009,0.80793609,0.03190048,0.23114009,0.00000000,0.01097241,0.27005882
4.09704852,0.71636994,0.82599783,0.03232293,0.24051738,0.00000000,0.01102528,0.26383532
4.10305153,0.71842008,0.84351772,0.03274751,0.25050015,0.00000000,0.01113987,0.25726793
4.10905453,0.72039308,0.86007383,0.03316239,0.26092959,0.00000000,0.01130868,0.25041787
4.11505753,0.72209842,0.87525433,0.03355494,0.27163395,0.00000000,0.01152291,0.24333950
4.12106053,0.72333989,0.88867085,0.03391217,0.28243340,0.00000000,0.01177267,0.23607991
4.12706353,0.72392346,0.89997132,0.03422112,0.29314538,0.00000000,0.01204734,0.22867898
4.13306653,0.72366534,0.90885180,0.03446934,0.30359018,0.00000000,0.01233597,0.22116998
4.13906953,0.72239973,0.91506684,0.03464530,0.31359647,0.00000000,0.01262755,0.21358040
4.14507254,0.71998610,0.91843777,0.03473883,0.32300674,0.00000000,0.01291143,0.20593319
4.15107554,0.71631543,0.91885882,0.03474147,0.33168217,0.00000000,0.01317766,0.19824804
4.15707854,0.71131520,0.91630053,0.03464682,0.33950703,0.00000000,0.01341726,0.19054278
4.16308154,0.70495293,0.91081044,0.03445073,0.34639213,0.00000000,0.01362253,0.18283465
4.16908454,0.69723793,0.90251110,0.03415148,0.35227733,0.00000000,0.01378726,0.17514143
4.17508754,0.68822133,0.89159532,0.03374984,0.35713298,0.00000000,0.01390689,0.16748237
4.18109055,0.67799429,0.87831907,0.03324902,0.36096020,0.00000000,0.01397860,0.15987880
4.18709355,0.66668458,0.86299229,0.03265454,0.36378992,0.00000000,0.01400136,0.15235444
4.19309655,0.65445166,0.84596814,0.03197406,0.36568090,0.00000000,0.01397585,0.14493543
4.19909955,0.64148055,0.82763105,0.03121706,0.36671671,0.00000000,0.01390436,0.13765006
4.20510255,0.62797493,0.80838439,0.03039457,0.36700184,0.00000000,0.01379066,0.13052832
4.21110555,0.61414975,0.78863817,0.02951874,0.36665720,0.00000000,0.01363970,0.12360124
4.21710855,0.60022382,0.76879734,0.02860252,0.36581524,0.00000000,0.01345741,0.11690017
4.22311156,0.58641282,0.74925139,0.02765927,0.36461491,0.00000000,0.01325036,0.11045602
4.22911456,0.57292309,0.73036559,0.02670244,0.36319673,0.00000000,0.01302550,0.10429860
4.23511756,0.55994652,0.71247418,0.02574523,0.36169834,0.00000000,0.01278984,0.09845604
4.24112056,0.54765682,0.69587596,0.02480039,0.36025049,0.00000000,0.01255018,0.09295441
4.24712356,0.53620739,0.68083213,0.02388000,0.35897398,0.00000000,0.01231285,0.08781756
4.25312656,0.52573071,0.66756664,0.02299538,0.35797740,0.00000000,0.01208356,0.08306713
4.25912956,0.51633943,0.65626861,0.02215708,0.35735587,0.00000000,0.01186721,0.07872286
4.26513257,0.50812883,0.64709675,0.02137486,0.35719080,0.00000000,0.01166787,0.07480309
4.27113557,0.50118050,0.64018526,0.02065777,0.35755055,0.00000000,0.01148867,0.07132531
4.27713857,0.49556693,0.63565070,0.02001432,0.35849180,0.00000000,0.01133196,0.06830698
4.28314157,0.49135656,0.63359933,0.01945260,0.36006166,0.00000000,0.01119928,0.06576630
4.28914457,0.48861891,0.63413426,0.01898044,0.36230010,0.00000000,0.01109161,0.06372288
4.29514757,0.48742934,0.63736180,0.01860556,0.36524249,0.00000000,0.01100945,0.06219847
4.30115058,0.48787298,0.64339641,0.01833567,0.36892214,0.00000000,0.01095305,0.06121729
4.30715358,0.49004739,0.65236384,0.01817857,0.37337237,0.00000000,0.01092259,0.06080630
4.31315658,0.49406373,0.66440187,0.01814210,0.37862803,0.00000000,0.01091833,0.06099497
4.31915958,0.50004602,0.67965851,0.01823414,0.38472623,0.00000000,0.01094078,0.06181487
4.32516258,0.50812849,0.69828745,0.01846239,0.39170619,0.00000000,0.01099079,0.06329873
4.33116558,0.51845090,0.72044074,0.01883419,0.39960798,0.00000000,0.01106960,0.06547925
4.33716858,0.53115189,0.74625907,0.01935616,0.40847032,0.00000000,0.01117884,0.06838743
4.34317159,0.54636076,0.77585986,0.02003390,0.41832738,0.00000000,0.01132053,0.07205072
4.34917459,0.56418776,0.80932383,0.02087147,0.42920481,0.00000000,0.01149688,0.07649083
4.35517759,0.58471361,0.84668070,0.02187104,0.44111505,0.00000000,0.01171023,0.08172146
4.36118059,0.60797864,0.88789490,0.02303234,0.45405232,0.00000000,0.01196284,0.08774595
4.36718359,0.63397222,0.93285220,0.02435229,0.46798758,0.00000000,0.01225666,0.09455503
4.37318659,0.66262314,0.98134813,0.02582460,0.48286367,0.00000000,0.01259316,0.10212482
4.37918959,0.69379161,1.03307928,0.02743945,0.49859113,0.00000000,0.01297312,0.11041511
4.38519260,0.72726348,1.08763822,0.02918331,0.51504493,0.00000000,0.01339646,0.11936816
4.39119560,0.76274724,1.14451278,0.03103888,0.53206254,0.00000000,0.01386212,0.12890810
4.39719860,0.79987429,1.20309032,0.03298518,0.54944339,0.00000000,0.01436795,0.13894100
4.40320160,0.83820265,1.26266728,0.03499778,0.56695019,0.00000000,0.01491079,0.14935569
4.40920460,0.87722445,1.32246394,0.03704923,0.58431200,0.00000000,0.01548644,0.16002537
4.41520760,0.91637695,1.38164440,0.03910963,0.60122913,0.00000000,0.01608984,0.17081008
4.42121061,0.95505697,1.43934098,0.04114734,0.61737994,0.00000000,0.01671527,0.18155984
4.42721361,0.99263829,1.49468241,0.04312985,0.63242903,0.00000000,0.01735659,0.19211855
4.43321661,1.02849127,1.54682462,0.04502470,0.64603692,0.00000000,0.01800755,0.20232843
4.43921961,1.06200421,1.59498293,0.04680050,0.65787050,0.00000000,0.01866212,0.21203491
4.44522261,1.09260523,1.63846406,0.04842796,0.66761418,0.00000000,0.01931484,0.22109172
4.45122561,1.11978396,1.67669658,0.04988086,0.67498085,0.00000000,0.01996112,0.22936612
4.45722861,1.14311195,1.70925825,0.05113704,0.67972259,0.00000000,0.02059756,0.23674386
4.46323162,1.16226087,1.73589873,0.05217915,0.68164022,0.00000000,0.02122218,0.24313387
4.46923462,1.17701756,1.75655652,0.05299537,0.68059157,0.00000000,0.02183464,0.24847229
4.47523762,1.18729522,1.77136905,0.05357988,0.67649785,0.00000000,0.02243627,0.25272578
4.48124062,1.19314016,1.78067515,0.05393314,0.66934790,0.00000000,0.02303013,0.25589386
4.48724362,1.19473358,1.78500966,0.05406190,0.65920009,0.00000000,0.02362089,0.25801023
4.49324662,1.19238832,1.78508995,0.05397910,0.64618168,0.00000000,0.02421465,0.25914291
4.49924962,1.18654054,1.78179488,0.05370337,0.63048582,0.00000000,0.02481870,0.25939317
4.50525263,1.17773665,1.77613674,0.05325847,0.61236612,0.00000000,0.02544109,0.25889340
4.51125563,1.16661586,1.76922734,0.05267248,0.59212913,0.00000000,0.02609028,0.25780369
4.51725863,1.15388912,1.76223926,0.05197678,0.57012506,0.00000000,0.02677464,0.25630749
4.52326163,1.14031517,1.75636404,0.05120502,0.54673706,0.00000000,0.02750200,0.25460645
4.52926463,1.12667466,1.75276854,0.05039196,0.52236958,0.00000000,0.02827911,0.25291439
4.53526763,1.11374333,1.75255147,0.04957223,0.49743623,0.00000000,0.02911124,0.25145098
4.54127064,1.10226522,1.75670139,0.04877919,0.47234768,0.00000000,0.03000170,0.25043498
4.54727364,1.09292698,1.76605797,0.04804382,0.44749999,0.00000000,0.03095157,0.25007761
4.55327664,1.08633417,1.78127785,0.04739366,0.42326381,0.00000000,0.03195937,0.25057600
4.55927964,1.08299034,1.80280623,0.04685194,0.39997485,0.00000000,0.03302094,0.25210713
4.56528264,1.08327974,1.83085537,0.04643687,0.37792588,0.00000000,0.03412939,0.25482239
4.57128564,1.08745415,1.86539063,0.04616106,0.35736041,0.00000000,0.03527517,0.25884300
4.57728864,1.09562428,1.90612460,0.04603118,0.33846833,0.00000000,0.03644625,0.26425633
4.58329165,1.10775590,1.95251953,0.04604785,0.32138343,0.00000000,0.03762844,0.27111332
4.58929465,1.12367096,2.00379804,0.04620567,0.30618278,0.00000000,0.03880578,0.27942711
4.59529765,1.14305339,2.05896172,0.04649351,0.29288806,0.00000000,0.03996103,0.28917275
4.60130065,1.16545948,2.11681722,0.04689493,0.28146841,0.00000000,0.04107627,0.30028815
4.60730365,1.19033238,2.17600875,0.04738883,0.27184483,0.00000000,0.04213344,0.31267604
4.61330665,1.21702008,2.23505638,0.04795021,0.26389585,0.00000000,0.04311501,0.32620705
4.61930965,1.24479644,2.29239850,0.04855104,0.25746414,0.00000000,0.04400457,0.34072354
4.62531266,1.27288433,2.34643749,0.04916119,0.25236389,0.00000000,0.04478746,0.35604424
4.63131566,1.30048009,2.39558689,0.04974951,0.24838868,0.00000000,0.04545122,0.37196934
4.63731866,1.32677863,2.43831868,0.05028483,0.24531949,0.00000000,0.04598607,0.38828601
4.64332166,1.35099817,2.47320914,0.05073695,0.24293282,0.00000000,0.04638522,0.40477401
4.64932466,1.37240382,2.49898162,0.05107767,0.24100839,0.00000000,0.04664508,0.42121128
4.65532766,1.39032941,2.51454514,0.05128164,0.23933652,0.00000000,0.04676537,0.43737931
4.66133067,1.40419657,2.51902719,0.05132716,0.23772486,0.00000000,0.04674901,0.45306819
4.66733367,1.41353094,2.51179991,0.05119685,0.23600431,0.00000000,0.04660198,0.46808113
4.67333667,1.41797464,2.49249871,0.05087818,0.23403413,0.00000000,0.04633301,0.48223842
4.67933967,1.41729499,2.46103284,0.05036377,0.23170612,0.00000000,0.04595320,0.49538073
4.68534267,1.41138932,2.41758754,0.04965167,0.22894771,0.00000000,0.04547550,0.50737179
4.69134567,1.40028572,2.36261798,0.04874531,0.22572418,0.00000000,0.04491424,0.51810028
4.69734867,1.38414007,2.29683520,0.04765342,0.22203977,0.00000000,0.04428453,0.52748125
4.70335168,1.36322955,2.22118485,0.04638972,0.21793782,0.00000000,0.04360173,0.53545669
4.70935468,1.33794303,2.13681948,0.04497251,0.21350008,0.00000000,0.04288097,0.54199578
4.71535768,1.30876878,2.04506563,0.04342417,0.20884495,0.00000000,0.04213662,0.54709443
4.72136068,1.27628009,1.94738690,0.04177044,0.20412510,0.00000000,0.04138197,0.55077447
4.72736368,1.24111930,1.84534440,0.04003981,0.19952415,0.00000000,0.04062891,0.55308235
4.73336668,1.20398072,1.74055590,0.03826272,0.19525274,0.00000000,0.03988773,0.55408748
4.73936968,1.16559304,1.63465512,0.03647077,0.19154394,0.00000000,0.03916703,0.55388016
4.74537269,1.12670161,1.52925227,0.03469599,0.18864798,0.00000000,0.03847368,0.55256911
4.75137569,1.08805097,1.42589709,0.03296998,0.18682647,0.00000000,0.03781292,0.55027860
4.75737869,1.05036794,1.32604517,0.03132326,0.18634604,0.00000000,0.03718845,0.54714519
4.76338169,1.01434562,1.23102837,0.02978451,0.18747155,0.00000000,0.03660263,0.54331408
4.76938469,0.98062831,1.14202977,0.02837996,0.19045877,0.00000000,0.03605662,0.53893500
4.77538769,0.94979763,1.06006349,0.02713282,0.19554673,0.00000000,0.03555062,0.53415785
4.78139070,0.92235996,0.98595955,0.02606276,0.20294985,0.00000000,0.03508396,0.52912796
4.78739370,0.89873528,0.92035352,0.02518547,0.21284981,0.00000000,0.03465530,0.52398133
4.79339670,0.87924751,0.86368110,0.02451237,0.22538755,0.00000000,0.03426269,0.51883970
4.79939970,0.86411657,0.81617703,0.02405028,0.24065546,0.00000000,0.03390361,0.51380593
4.80540270,0.85345233,0.77787826,0.02380128,0.25869011,0.00000000,0.03357498,0.50895971
4.81140570,0.84725064,0.74863086,0.02376264,0.27946579,0.00000000,0.03327311,0.50435388
4.81740870,0.84539164,0.72810045,0.02392678,0.30288916,0.00000000,0.03299368,0.50001159
4.82341171,0.84764067,0.71578570,0.02428147,0.32879540,0.00000000,0.03273164,0.49592459
4.82941471,0.85365193,0.71103458,0.02480998,0.35694624,0.00000000,0.03248115,0.49205264
4.83541771,0.86297509,0.71306323,0.02549144,0.38703006,0.00000000,0.03223559,0.48832439
4.84142071,0.87506496,0.72097686,0.02630125,0.41866445,0.00000000,0.03198753,0.48463961
4.84742371,0.88929417,0.73379269,0.02721167,0.45140137,0.00000000,0.03172882,0.48087291
4.85342671,0.90496885,0.75046431,0.02819240,0.48473499,0.00000000,0.03145072,0.47687875
4.85942971,0.92134685,0.76990737,0.02921136,0.51811215,0.00000000,0.03114405,0.47249759
4.86543272,0.93765835,0.79102590,0.03023548,0.55094542,0.00000000,0.03079951,0.46756297
4.87143572,0.95312801,0.81273899,0.03123154,0.58262824,0.00000000,0.03040790,0.46190915
4.87743872,0.96699824,0.83400712,0.03216708,0.61255186,0.00000000,0.02996053,0.45537904
4.88344172,0.97855257,0.85385758,0.03301132,0.64012348,0.00000000,0.02944951,0.44783189
4.88944472,0.98713847,0.87140829,0.03373598,0.66478486,0.00000000,0.02886816,0.43915055
4.89544772,0.99218850,0.88588932,0.03431613,0.68603076,0.00000000,0.02821132,0.42924773
4.90145073,0.99323918,0.89666148,0.03473088,0.70342631,0.00000000,0.02747566,0.41807110
4.90745373,0.98994655,0.90323135,0.03496403,0.71662270,0.00000000,0.02665989,0.40560695
4.91345673,0.98209793,0.90526212,0.03500449,0.72537031,0.00000000,0.02576497,0.39188221
4.91945973,0.96961925,0.90258001,0.03484660,0.72952873,0.00000000,0.02479412,0.37696470
4.92546273,0.95257769,0.89517581,0.03449027,0.72907324,0.00000000,0.02375289,0.36096180
4.93146573,0.93117949,0.88320161,0.03394086,0.72409722,0.00000000,0.02264903,0.34401743
4.93746873,0.90576305,0.86696281,0.03320902,0.71481061,0.00000000,0.02149232,0.32630773
4.94347174,0.87678764,0.84690554,0.03231020,0.70153413,0.00000000,0.02029433,0.30803554
4.94947474,0.84481825,0.82360025,0.03126417,0.68468985,0.00000000,0.01906815,0.28942403
4.95547774,0.81050720,0.79772182,0.03009424,0.66478817,0.00000000,0.01782804,0.27070987
4.96148074,0.77457336,0.77002720,0.02882655,0.64241204,0.00000000,0.01658912,0.25213622
4.96748374,0.73777990,0.74133122,0.02748914,0.61819886,0.00000000,0.01536699,0.23394587
4.97348674,0.70091137,0.71248161,0.02611113,0.59282111,0.00000000,0.01417741,0.21637481
4.97948974,0.66475113,0.68433409,0.02472176,0.56696613,0.00000000,0.01303607,0.19964659
4.98549275,0.63005982,0.65772840,0.02334960,0.54131619,0.00000000,0.01195826,0.18396745
4.99149575,0.59755576,0.63346599,0.02202175,0.51652942,0.00000000,0.01095876,0.16952255
4.99749875,0.56789775,0.61229014,0.02076310,0.49322223,0.00000000,0.01005164,0.15647327
5.00350175,0.54167082,0.59486901,0.01959584,0.47195395,0.00000000,0.00925023,0.14495553
5.00950475,0.51937513,0.58178187,0.01853892,0.45321390,0.00000000,0.00856702,0.13507916
5.01550775,0.50141818,0.57350899,0.01760778,0.43741138,0.00000000,0.00801373,0.12692814
5.02151076,0.48811038,0.57042494,0.01681415,0.42486863,0.00000000,0.00760124,0.12056157
5.02751376,0.47966364,0.57279548,0.01616599,0.41581670,0.00000000,0.00733971,0.11601520
5.03351676,0.47619281,0.58077752,0.01566756,0.41039435,0.00000000,0.00723854,0.11330331
5.03951976,0.47771960,0.59442214,0.01531959,0.40864950,0.00000000,0.00730636,0.11242077
5.04552276,0.48417841,0.61367991,0.01511957,0.41054309,0.00000000,0.00755104,0.11334508
5.05152576,0.49542372,0.63840824,0.01506204,0.41595500,0.00000000,0.00797955,0.11603821
5.05752876,0.51123843,0.66838007,0.01513901,0.42469158,0.00000000,0.00859786,0.12044818
5.06353177,0.53134279,0.70329360,0.01534041,0.43649436,0.00000000,0.00941069,0.12651018
5.06953477,0.55540339,0.74278219,0.01565446,0.45104974,0.00000000,0.01042130,0.13414731
5.07553777,0.58304191,0.78642433,0.01606815,0.46799904,0.00000000,0.01163113,0.14327078
5.08154077,0.61384327,0.83375307,0.01656764,0.48694872,0.00000000,0.01303951,0.15377973
5.08754377,0.64736314,0.88426466,0.01713867,0.50748057,0.00000000,0.01464323,0.16556074
5.09354677,0.68313444,0.93742612,0.01776683,0.52916147,0.00000000,0.01643622,0.17848706
5.09954977,0.72067304,0.99268180,0.01843794,0.55155262,0.00000000,0.01840917,0.19241774
5.10555278,0.75948268,1.04945866,0.01913820,0.57421816,0.00000000,0.02054923,0.20719692
5.11155578,0.79905912,1.10717065,0.01985449,0.59673308,0.00000000,0.02283980,0.22265326
5.11755878,0.83889387,1.16522211,0.02057438,0.61869026,0.00000000,0.02526041,0.23859990
5.12356178,0.87847770,1.22301065,0.02128636,0.63970686,0.00000000,0.02778666,0.25483492
5.12956478,0.91730410,1.27992971,0.02197978,0.65942983,0.00000000,0.03039044,0.27114257
5.13556778,0.95487308,1.33537128,0.02264497,0.67754073,0.00000000,0.03304015,0.28729529
5.14157079,0.99069541,1.38872892,0.02327321,0.69375983,0.00000000,0.03570118,0.30305658
5.14757379,1.02429758,1.43940166,0.02385671,0.70784949,0.00000000,0.03833649,0.31818477
5.15357679,1.05522743,1.48679896,0.02438864,0.71961696,0.00000000,0.04090739,0.33243756
5.15957979,1.08306070,1.53034680,0.02486310,0.72891647,0.00000000,0.04337442,0.34557728
5.16558279,1.10740824,1.56949530,0.02527514,0.73565069,0.00000000,0.04569828,0.35737663
5.17158579,1.12792376,1.60372755,0.02562076,0.73977160,0.00000000,0.04784092,0.36762479
5.17758879,1.14431197,1.63256972,0.02589697,0.74128062,0.00000000,0.04976660,0.37613350
5.18359180,1.15633668,1.65560203,0.02610181,0.74022809,0.00000000,0.05144294,0.38274303
5.18959480,1.16382846,1.67247029,0.02623440,0.73671200,0.00000000,0.05284194,0.38732754
5.19559780,1.16669154,1.68289746,0.02629501,0.73087595,0.00000000,0.05394084,0.38979978
5.20160080,1.16490943,1.68669465,0.02628509,0.72290629,0.00000000,0.05472289,0.39011469
5.20760380,1.15854883,1.68377092,0.02620733,0.71302839,0.00000000,0.05517794,0.38827183
5.21360680,1.14776158,1.67414135,0.02606565,0.70150219,0.00000000,0.05530279,0.38431648
5.21960980,1.13278417,1.65793266,0.02586519,0.68861673,0.00000000,0.05510133,0.37833927
5.22561281,1.11393480,1.63538602,0.02561226,0.67468410,0.00000000,0.05458449,0.37047431
5.23161581,1.09160786,1.60685648,0.02531423,0.66003251,0.00000000,0.05376987,0.36089604
5.23761881,1.06626579,1.57280909,0.02497940,0.64499895,0.00000000,0.05268127,0.34981472
5.24362181,1.03842874,1.53381129,0.02461680,0.62992129,0.00000000,0.05134794,0.33747086
5.24962481,1.00866211,1.49052204,0.02423599,0.61513023,0.00000000,0.04980368,0.32412888
5.25562781,0.97756261,1.44367780,0.02384673,0.60094128,0.00000000,0.04808587,0.31007006
5.26163082,0.94574324,1.39407605,0.02345876,0.58764689,0.00000000,0.04623438,0.29558536
5.26763382,0.91381790,1.34255677,0.02308149,0.57550924,0.00000000,0.04429044,0.28096811
5.27363682,0.88238612,1.28998292,0.02272367,0.56475373,0.00000000,0.04229554,0.26650706
5.27963982,0.85201869,1.23722052,0.02239313,0.55556355,0.00000000,0.04029039,0.25247995
5.28564282,0.82324463,1.18511928,0.02209655,0.54807553,0.00000000,0.03831397,0.23914775
5.29164582,0.79654007,1.13449458,0.02183923,0.54237741,0.00000000,0.03640268,0.22674983
5.29764882,0.77231939,1.08611143,0.02162500,0.53850667,0.00000000,0.03458965,0.21550008
5.30365183,0.75092891,1.04067098,0.02145608,0.53645098,0.00000000,0.03290427,0.20558405
5.30965483,0.73264318,0.99880001,0.02133310,0.53615023,0.00000000,0.03137179,0.19715706
5.31565783,0.71766386,0.96104349,0.02125519,0.53750002,0.00000000,0.03001313,0.19034328
5.32166083,0.70612107,0.92786030,0.02122006,0.54035637,0.00000000,0.02884489,0.18523553
5.32766383,0.69807669,0.89962168,0.02122420,0.54454161,0.00000000,0.02787940,0.18189587
5.33366683,0.69352946,0.87661225,0.02126312,0.54985084,0.00000000,0.02712494,0.18035667
5.33966983,0.69242118,0.85903290,0.02133157,0.55605893,0.00000000,0.02658602,0.18062197
5.34567284,0.69464352,0.84700491,0.02142385,0.56292750,0.00000000,0.02626374,0.18266915
5.35167584,0.70004504,0.84057483,0.02153402,0.57021178,0.00000000,0.02615607,0.18645060
5.35767884,0.70843775,0.83971921,0.02165618,0.57766680,0.00000000,0.02625827,0.19189538
5.36368184,0.71960300,0.84434889,0.02178469,0.58505290,0.00000000,0.02656316,0.19891073
5.36968484,0.73329624,0.85431221,0.02191426,0.59214036,0.00000000,0.02706137,0.20738349
5.37568784,0.74925061,0.86939699,0.02204013,0.59871291,0.00000000,0.02774158,0.21718130
5.38169085,0.76717925,0.88933127,0.02215811,0.60457038,0.00000000,0.02859062,0.22815372
5.38769385,0.78677647,0.91378271,0.02226455,0.60953027,0.00000000,0.02959356,0.24013330
5.39369685,0.80771803,0.94235723,0.02235632,0.61342869,0.00000000,0.03073376,0.25293667
5.39969985,0.82966082,0.97459721,0.02243070,0.61612052,0.00000000,0.03199281,0.26636586
5.40570285,0.85224245,1.00997992,0.02248531,0.61747937,0.00000000,0.03335058,0.28020982
5.41170585,0.87508106,1.04791687,0.02251791,0.61739719,0.00000000,0.03478519,0.29424630
5.41770885,0.89777597,1.08775477,0.02252635,0.61578407,0.00000000,0.03627301,0.30824431
5.42371186,0.91990945,1.12877874,0.02250843,0.61256819,0.00000000,0.03778880,0.32196696
5.42971486,0.94105007,1.17021842,0.02246180,0.60769612,0.00000000,0.03930588,0.33517500
5.43571786,0.96075771,1.21125726,0.02238396,0.60113356,0.00000000,0.04079637,0.34763079
5.44172086,0.97859051,1.25104521,0.02227224,0.59286649,0.00000000,0.04223161,0.35910286
5.44772386,0.99411354,1.28871480,0.02212386,0.58290269,0.00000000,0.04358261,0.36937080
5.45372686,1.00690911,1.32340022,0.02193605,0.57127349,0.00000000,0.04482065,0.37823045
5.45972986,1.01658830,1.35425895,0.02170617,0.55803566,0.00000000,0.04591795,0.38549911
5.46573287,1.02280326,1.38049509,0.02143189,0.54327310,0.00000000,0.04684839,0.39102073
5.47173587,1.02525971,1.40138338,0.02111143,0.52709839,0.00000000,0.04758832,0.39467062
5.47773887,1.02372900,1.41629297,0.02074374,0.50965371,0.00000000,0.04811722,0.39635974
5.48374187,1.01805906,1.42470965,0.02032873,0.49111119,0.00000000,0.04841854,0.39603812
5.48974487,1.00818361,1.42625535,0.01986744,0.47167241,0.00000000,0.04848027,0.39369737
5.49574787,0.99412907,1.42070409,0.01936223,0.45156710,0.00000000,0.04829546,0.38937201
5.50175088,0.97601856,1.40799309,0.01881686,0.43105076,0.00000000,0.04786267,0.38313964
5.50775388,0.95407287,1.38822861,0.01823659,0.41040151,0.00000000,0.04718612,0.37511977
5.51375688,0.92860792,1.36168599,0.01762814,0.38991596,0.00000000,0.04627574,0.36547128
5.51975988,0.90002888,1.32880368,0.01699967,0.36990432,0.00000000,0.04514701,0.35438876
5.52576288,0.86882099,1.29017131,0.01636062,0.35068487,0.00000000,0.04382055,0.34209755
5.53176588,0.83553732,1.24651249,0.01572151,0.33257794,0.00000000,0.04232160,0.32884792
5.53776888,0.80078405,1.19866273,0.01509372,0.31589942,0.00000000,0.04067928,0.31490830
5.54377189,0.76520367,1.14754354,0.01448920,0.30095427,0.00000000,0.03892573,0.30055812
5.54977489,0.72945681,1.09413378,0.01392009,0.28802984,0.00000000,0.03709515,0.28608018
5.55577789,0.69420344,1.03943954,0.01339842,0.27738941,0.00000000,0.03522276,0.27175308
5.56178089,0.66008406,0.98446354,0.01293573,0.26926598,0.00000000,0.03334374,0.25784383
5.56778389,0.62770166,0.93017564,0.01254265,0.26385646,0.00000000,0.03149223,0.24460098
5.57378689,0.59760509,0.87748528,0.01222864,0.26131640,0.00000000,0.02970028,0.23224836
5.57978989,0.57027438,0.82721705,0.01200158,0.26175538,0.00000000,0.02799703,0.22097986
5.58579290,0.54610859,0.78009013,0.01186755,0.26523306,0.00000000,0.02640789,0.21095511
5.59179590,0.52541644,0.73670226,0.01183056,0.27175622,0.00000000,0.02495392,0.20229649
5.59779890,0.50841010,0.69751868,0.01189238,0.28127661,0.00000000,0.02365142,0.19508733
5.60380190,0.49520219,0.66286608,0.01205245,0.29368999,0.00000000,0.02251160,0.18937134
5.60980490,0.48580609,0.63293172,0.01230780,0.30883613,0.00000000,0.02154052,0.18515343
5.61580790,0.48013933,0.60776723,0.01265313,0.32650019,0.00000000,0.02073913,0.18240168
5.62181091,0.47803005,0.58729702,0.01308088,0.34641522,0.00000000,0.02010358,0.18105044
5.62781391,0.47922609,0.57133037,0.01358142,0.36826605,0.00000000,0.01962554,0.18100452
5.63381691,0.48340640,0.55957685,0.01414331,0.39169438,0.00000000,0.01929281,0.18214416
5.63981991,0.49019443,0.55166425,0.01475358,0.41630520,0.00000000,0.01908995,0.18433077
5.64582291,0.49917293,0.54715823,0.01539810,0.44167428,0.00000000,0.01899902,0.18741316
5.65182591,0.50989966,0.54558297,0.01606200,0.46735673,0.00000000,0.01900038,0.19123408
5.65782891,0.52192366,0.54644211,0.01673010,0.49289638,0.00000000,0.01907357,0.19563691
5.66383192,0.53480139,0.54923923,0.01738731,0.51783572,0.00000000,0.01919809,0.20047218
5.66983492,0.54811228,0.55349729,0.01801914,0.54172621,0.00000000,0.01935432,0.20560376
5.67583792,0.56147326,0.55877640,0.01861214,0.56413857,0.00000000,0.01952424,0.21091462
5.68184092,0.57455183,0.56468947,0.01915424,0.58467280,0.00000000,0.01969214,0.21631169
5.68784392,0.58707712,0.57091541,0.01963519,0.60296759,0.00000000,0.01984530,0.22172994
5.69384692,0.59884880,0.57720941,0.02004682,0.61870879,0.00000000,0.01997446,0.22713531
5.69984992,0.60974337,0.58341024,0.02038328,0.63163664,0.00000000,0.02007423,0.23252642
5.70585293,0.61971780,0.58944437,0.02064125,0.64155165,0.00000000,0.02014332,0.23793502
5.71185593,0.62881023,0.59532693,0.02081995,0.64831870,0.00000000,0.02018469,0.24342499
5.71785893,0.63713788,0.60115944,0.02092117,0.65186950,0.00000000,0.02020550,0.24909004
5.72386193,0.64489206,0.60712467,0.02094915,0.65220320,0.00000000,0.02021692,0.25505000
5.72986493,0.65233064,0.61347863,0.02091044,0.64938513,0.00000000,0.02023388,0.26144596
5.73586793,0.65976808,0.62054023,0.02081360,0.64354389,0.00000000,0.02027460,0.26843421
5.74187094,0.66756348,0.62867869,0.02066889,0.63486681,0.00000000,0.02036007,0.27617933
5.74787394,0.67610698,0.63829947,0.02048794,0.62359401,0.00000000,0.02051344,0.28484665
5.75387694,0.68580515,0.64982894,0.02028329,0.61001133,0.00000000,0.02075929,0.29459432
5.75987994,0.69706572,0.66369842,0.02006799,0.59444235,0.00000000,0.02112293,0.30556531
5.76588294,0.71028235,0.68032811,0.01985514,0.57723983,0.00000000,0.02162958,0.31787973
5.77188594,0.72581998,0.70011146,0.01965750,0.55877688,0.00000000,0.02230361,0.33162779
5.77788894,0.74400123,0.72340046,0.01948707,0.53943800,0.00000000,0.02316774,0.34686368
5.78389195,0.76509446,0.75049230,0.01935475,0.51961054,0.00000000,0.02424232,0.36360068
5.78989495,0.78930376,0.78161792,0.01927005,0.49967651,0.00000000,0.02554457,0.38180786
5.79589795,0.81676140,0.81693267,0.01924080,0.48000516,0.00000000,0.02708797,0.40140834
5.80190095,0.84752277,0.85650942,0.01927307,0.46094637,0.00000000,0.02888166,0.42227948
5.80790395,0.88156403,0.90033418,0.01937100,0.44282505,0.00000000,0.03092995,0.44425477
5.81390695,0.91878240,0.94830442,0.01953679,0.42593650,0.00000000,0.03323188,0.46712761
5.81990995,0.95899897,1.00022978,0.01977077,0.41054285,0.00000000,0.03578094,0.49065663
5.82591296,1.00196375,1.05583531,0.02007147,0.39687047,0.00000000,0.03856484,0.51457238
5.83191596,1.04736255,1.11476673,0.02043578,0.38510838,0.00000000,0.04156545,0.53858513
5.83791896,1.09482545,1.17659753,0.02085914,0.37540735,0.00000000,0.04475881,0.56239336
5.84392196,1.14393608,1.24083746,0.02133578,0.36787987,0.00000000,0.04811531,0.58569248
5.84992496,1.19424150,1.30694212,0.02185893,0.36260057,0.00000000,0.05159997,0.60818347
5.85592796,1.24526206,1.37432313,0.02242106,0.35960709,0.00000000,0.05517289,0.62958099
5.86193097,1.29650084,1.44235862,0.02301412,0.35890125,0.00000000,0.05878985,0.64962053
5.86793397,1.34745239,1.51040360,0.02362976,0.36045044,0.00000000,0.06240297,0.66806437
5.87393697,1.39761043,1.57780018,0.02425949,0.36418904,0.00000000,0.06596161,0.68470609
5.87993997,1.44647450,1.64388715,0.02489486,0.37001995,0.00000000,0.06941333,0.69937352
5.88594297,1.49355549,1.70800912,0.02552757,0.37781619,0.00000000,0.07270493,0.71193003
5.89194597,1.53838009,1.76952496,0.02614956,0.38742250,0.00000000,0.07578368,0.72227436
5.89794897,1.58049451,1.82781581,0.02675308,0.39865718,0.00000000,0.07859850,0.73033901
5.90395198,1.61946760,1.88229241,0.02733074,0.41131415,0.00000000,0.08110121,0.73608760
5.90995498,1.65489373,1.93240227,0.02787549,0.42516531,0.00000000,0.08324777,0.73951133
5.91595798,1.68639575,1.97763641,0.02838066,0.43996345,0.00000000,0.08499947,0.74062508
5.92196098,1.71362833,2.01753597,0.02883997,0.45544567,0.00000000,0.08632404,0.73946337
5.92796398,1.73628181,2.05169868,0.02924752,0.47133755,0.00000000,0.08719660,0.73607655
5.93396698,1.75408688,2.07978517,0.02959781,0.48735786,0.00000000,0.08760046,0.73052758
5.93996998,1.76681991,2.10152511,0.02988578,0.50322410,0.00000000,0.08752769,0.72288952
5.94597299,1.77430905,2.11672287,0.03010689,0.51865857,0.00000000,0.08697955,0.71324402
5.95197599,1.77644076,2.12526281,0.03025713,0.53339490,0.00000000,0.08596656,0.70168076
5.95797899,1.77316654,2.12711365,0.03033316,0.54718485,0.00000000,0.08450839,0.68829785
5.96398199,1.76450944,2.12233187,0.03033238,0.55980508,0.00000000,0.08263346,0.67320316
5.96998499,1.75056996,2.11106376,0.03025303,0.57106368,0.00000000,0.08037834,0.65651620
5.97598799,1.73153079,2.09354594,0.03009435,0.58080594,0.00000000,0.07778694,0.63837055
5.98199100,1.70765993,2.07010405,0.02985660,0.58891927,0.00000000,0.07490940,0.61891633
5.98799400,1.67931191,2.04114957,0.02954121,0.59533668,0.00000000,0.07180100,0.59832259
5.99399700,1.64692647,2.00717452,0.02915083,0.60003878,0.00000000,0.06852083,0.57677918
6.00000000,1.61102478,1.96874425,0.02868936,0.60305401,0.00000000,0.06513048,0.55449794
