energy_ev,total_up,C_s_up,C_p_up,Ir_p_up,Ir_d_up,Sc_p_up,Sc_d_up,Se_s_up,Se_p_up
-6.00000000,5.24978584,0.02567492,0.32240782,1.45723828,2.01715972,1.08469869,0.41584131,0.08566658,2.74305605
-5.99399700,5.24921512,0.02489504,0.32119353,1.44432467,2.02223480,1.10077225,0.41555138,0.08523393,2.74870653
-5.98799400,5.24001408,0.02414448,0.31996919,1.42939161,2.02405801,1.11490111,0.41477518,0.08457346,2.74854868
-5.98199100,5.22165754,0.02342039,0.31872549,1.41243604,2.02242558,1.12685538,0.41341161,0.08368902,2.74221043
-5.97598799,5.19397619,0.02271984,0.31747801,1.39355329,2.01727093,1.13646121,0.41138445,0.08259014,2.72951039
-5.96998499,5.15716463,0.02204006,0.31626644,1.37293484,2.00866826,1.14360590,0.40864514,0.08129180,2.71046452
-5.96398199,5.11177445,0.02137861,0.31515251,1.35086137,1.99683034,1.14824117,0.40517446,0.07981407,2.68528539
-5.95797899,5.05869297,0.02073351,0.31421687,1.32769152,1.98210091,1.15038406,0.40098289,0.07818151,2.65437382
-5.95197599,4.99910852,0.02010340,0.31355484,1.30384697,1.96494164,1.15011581,0.39610992,0.07642246,2.61830370
-5.94597299,4.93446411,0.01948763,0.31327159,1.27979479,1.94591459,1.14757824,0.39062204,0.07456813,2.57780040
-5.93996998,4.86640163,0.01888624,0.31347677,1.25602778,1.92566086,1.14296815,0.38460971,0.07265171,2.53371403
-5.93396698,4.79669930,0.01830005,0.31427894,1.23304407,1.90487643,1.13652967,0.37818334,0.07070731,2.48698864
-5.92796398,4.72720523,0.01773058,0.31578014,1.21132681,1.88428630,1.12854504,0.37146854,0.06876899,2.43862887
-5.92196098,4.65977032,0.01717997,0.31807084,1.19132516,1.86461822,1.11932408,0.36460081,0.06686975,2.38966553
-5.91595798,4.59618352,0.01665092,0.32122556,1.17343728,1.84657727,1.10919301,0.35771990,0.06504064,2.34112163
-5.90995498,4.53811252,0.01614657,0.32529934,1.15799637,1.83082229,1.09848301,0.35096425,0.06330996,2.29398038
-5.90395198,4.48705249,0.01567034,0.33032528,1.14526028,1.81794549,1.08751905,0.34446555,0.06170259,2.24915664
-5.89794897,4.44428523,0.01522585,0.33631335,1.13540506,1.80845604,1.07660970,0.33834388,0.06023950,2.20747281
-5.89194597,4.41085032,0.01481676,0.34325031,1.12852291,1.80276834,1.06603820,0.33270358,0.05893739,2.16964036
-5.88594297,4.38752941,0.01444668,0.35110099,1.12462431,1.80119546,1.05605539,0.32762996,0.05780856,2.13624754
-5.87993997,4.37484403,0.01411902,0.35981071,1.12364436,1.80394794,1.04687473,0.32318717,0.05686090,2.10775348
-5.87393697,4.37306638,0.01383698,0.36930867,1.12545264,1.81113772,1.03866971,0.31941714,0.05609813,2.08448898
-5.86793397,4.38224215,0.01360341,0.37951220,1.12986628,1.82278679,1.03157357,0.31633972,0.05552006,2.06666321
-5.86193097,4.40222346,0.01342083,0.39033157,1.13666525,1.83883990,1.02568149,0.31395390,0.05512313,2.05437594
-5.85592796,4.43270943,0.01329137,0.40167501,1.14560910,1.85918025,1.02105474,0.31224003,0.05490092,2.04763407
-5.84992496,4.47329172,0.01321677,0.41345373,1.15645415,1.88364702,1.01772677,0.31116293,0.05484479,2.04637129
-5.84392196,4.52350154,0.01319835,0.42558645,1.16897019,1.91205343,1.01571045,0.31067555,0.05494451,2.05046943
-5.83791896,4.58285519,0.01323704,0.43800333,1.18295557,1.94420411,1.01500625,0.31072302,0.05518891,2.05977989
-5.83191596,4.65089454,0.01333338,0.45064887,1.19825003,1.97991025,1.01561041,0.31124686,0.05556647,2.07414377
-5.82591296,4.72721982,0.01348747,0.46348358,1.21474423,2.01900157,1.01752286,0.31218895,0.05606586,2.09340913
-5.81990995,4.81151207,0.01369898,0.47648434,1.23238560,2.06133404,1.02075399,0.31349510,0.05667633,2.11744421
-5.81390695,4.90354356,0.01396712,0.48964326,1.25117994,2.10679273,1.02532997,0.31511802,0.05738801,2.14614569
-5.80790395,5.00317518,0.01429057,0.50296520,1.27118875,2.15528943,1.03129610,0.31701943,0.05819211,2.17944123
-5.80190095,5.11034068,0.01466744,0.51646389,1.29252228,2.20675506,1.03871795,0.31917121,0.05908091,2.21728624
-5.79589795,5.22501868,0.01509516,0.53015700,1.31532863,2.26112742,1.04768013,0.32155563,0.06004770,2.25965483
-5.78989495,5.34719403,0.01557049,0.54406043,1.33977962,2.31833499,1.05828276,0.32416449,0.06108652,2.30652584
-5.78389195,5.47681139,0.01608936,0.55818204,1.36605398,2.37827797,1.07063582,0.32699749,0.06219189,2.35786465
-5.77788894,5.61372400,0.01664688,0.57251546,1.39431913,2.44080801,1.08485169,0.33005972,0.06335840,2.41360227
-5.77188594,5.75764157,0.01723726,0.58703422,1.42471235,2.50570818,1.10103641,0.33335867,0.06458029,2.47361319
-5.76588294,5.90808127,0.01785383,0.60168672,1.45732274,2.57267492,1.11928023,0.33690091,0.06585105,2.53769376
-5.75987994,6.06432575,0.01848908,0.61639242,1.49217487,2.64130350,1.13964810,0.34068870,0.06716305,2.60554280
-5.75387694,6.22539189,0.01913467,0.63103964,1.52921549,2.71107864,1.16217074,0.34471681,0.06850721,2.67674613
-5.74787394,6.39001356,0.01978162,0.64548519,1.56830394,2.78137119,1.18683698,0.34896980,0.06987280,2.75076652
-5.74187094,6.55664055,0.02042042,0.65955596,1.60920719,2.85144208,1.21358794,0.35342000,0.07124737,2.82694019
-5.73586793,6.72345522,0.02104124,0.67305265,1.65159990,2.92045364,1.24231351,0.35802631,0.07261677,2.90448069
-5.72986493,6.88840717,0.02163418,0.68575532,1.69506974,2.98748832,1.27285152,0.36273402,0.07396543,2.98249035
-5.72386193,7.04926498,0.02218956,0.69743084,1.73912782,3.05157431,1.30498970,0.36747566,0.07527660,3.05997943
-5.71785893,7.20368326,0.02269818,0.70784168,1.78322388,3.11171686,1.33847053,0.37217282,0.07653290,3.13589197
-5.71185593,7.34928196,0.02315167,0.71675573,1.82676550,3.16693407,1.37299874,0.37673899,0.07771686,3.20913759
-5.70585293,7.48373407,0.02354272,0.72395665,1.86914052,3.21629517,1.40825118,0.38108310,0.07881154,3.27862758
-5.69984992,7.60485755,0.02386544,0.72925421,1.90974137,3.25895949,1.44388856,0.38511376,0.07980124,3.34331355
-5.69384692,7.71070653,0.02411558,0.73249402,1.94799030,3.29421398,1.47956844,0.38874374,0.08067216,3.40222685
-5.68784392,7.79965718,0.02429072,0.73356624,1.98336405,3.32150727,1.51495891,0.39189468,0.08141300,3.45451648
-5.68184092,7.87048366,0.02439046,0.73241261,2.01541682,3.34047846,1.54975212,0.39450155,0.08201551,3.49948393
-5.67583792,7.92242020,0.02441651,0.72903167,2.04380037,3.35097904,1.58367709,0.39651675,0.08247489,3.53661279
-5.66983492,7.95520606,0.02437269,0.72348158,2.06828012,3.35308685,1.61651110,0.39791349,0.08279010,3.56559197
-5.66383192,7.96911119,0.02426496,0.71588066,2.08874674,3.34711126,1.64808911,0.39868847,0.08296391,3.58633131
-5.65782891,7.96494121,0.02410126,0.70640538,2.10522237,3.33358937,1.67831077,0.39886343,0.08300287,3.59896872
-5.65182591,7.94402161,0.02389138,0.69528605,2.11786153,3.31327345,1.70714472,0.39848573,0.08291709,3.60386894
-5.64582291,7.90816213,0.02364673,0.68280035,2.12694643,3.28711028,1.73462995,0.39762780,0.08271985,3.60161365
-5.63981991,7.85960309,0.02338008,0.66926498,2.13287724,3.25621346,1.76087430,0.39638551,0.08242704,3.59298389
-5.63381691,7.80094627,0.02310522,0.65502589,2.13615755,3.22183005,1.78605003,0.39487556,0.08205660,3.57893545
-5.62781391,7.73507370,0.02283666,0.64044748,2.13737599,3.18530316,1.81038688,0.39323194,0.08162780,3.56056850
-5.62181091,7.66505781,0.02258925,0.62590123,2.13718459,3.14803202,1.83416279,0.39160175,0.08116052,3.53909287
-5.61580790,7.59406693,0.02237779,0.61175436,2.13627502,3.11143135,1.85769268,0.39014036,0.08067447,3.51579035
-5.60980490,7.52526961,0.02221669,0.59835873,2.13535357,3.07689164,1.88131581,0.38900636,0.08018857,3.49197560
-5.60380190,7.46174159,0.02211954,0.58604067,2.13511586,3.04574157,1.90538209,0.38835618,0.07972025,3.46895707
-5.59779890,7.40637824,0.02209880,0.57509183,2.13622227,3.01921398,1.93023786,0.38833894,0.07928492,3.44799917
-5.59179590,7.36181539,0.02216545,0.56576154,2.13927485,2.99841622,1.95621158,0.38909132,0.07889551,3.43028699
-5.58579290,7.33036051,0.02232864,0.55825068,2.14479647,2.98430564,1.98359986,0.39073295,0.07856218,3.41689442
-5.57978989,7.31393588,0.02259546,0.55270736,2.15321294,2.97767042,2.01265426,0.39336226,0.07829203,3.40875652
-5.57378689,7.31403489,0.02297064,0.54922429,2.16483845,2.97911629,2.04356925,0.39705292,0.07808906,3.40664657
-5.56778389,7.33169184,0.02345639,0.54783798,2.17986481,2.98905867,2.07647166,0.40185103,0.07795416,3.41115845
-5.56178089,7.36746559,0.02405228,0.54852951,2.19835476,3.00772035,2.11141195,0.40777317,0.07788525,3.42269437
-5.55577789,7.42143679,0.02475509,0.55122694,2.22023945,3.03513428,2.14835767,0.41480510,0.07787743,3.44145808
-5.54977489,7.49321807,0.02555887,0.55580906,2.24532010,3.07115099,2.18718923,0.42290154,0.07792330,3.46745369
-5.54377189,7.58197677,0.02645497,0.56211034,2.27327389,3.11545030,2.22769837,0.43198661,0.07801330,3.50048981
-5.53776888,7.68646888,0.02743218,0.56992685,2.30366374,3.16755674,2.26958933,0.44195530,0.07813606,3.54018888
-5.53176588,7.80508342,0.02847699,0.57902309,2.33595181,3.22685821,2.31248295,0.45267562,0.07827883,3.58600137
-5.52576288,7.93589581,0.02957386,0.58913922,2.36951630,3.29262731,2.35592365,0.46399164,0.07842791,3.63722447
-5.51975988,8.07672866,0.03070565,0.59999876,2.40367101,3.36404474,2.39938923,0.47572716,0.07856914,3.69302471
-5.51375688,8.22521852,0.03185403,0.61131644,2.43768709,3.44022428,2.44230326,0.48769001,0.07868828,3.75246391
-5.50775388,8.37888642,0.03300005,0.62280589,2.47081624,3.52023853,2.48404982,0.49967687,0.07877148,3.81452775
-5.50175088,8.53521039,0.03412467,0.63418712,2.50231466,3.60314487,2.52398995,0.51147845,0.07880573,3.87815604
-5.49574787,8.69169741,0.03520934,0.64519350,2.53146667,3.68801074,2.56147959,0.52288484,0.07877919,3.94227372
-5.48974487,8.84595259,0.03623659,0.65557808,2.55760735,3.77393757,2.59588794,0.53369099,0.07868157,4.00582165
-5.48374187,8.99574309,0.03719058,0.66511908,2.58014316,3.86008244,2.62661583,0.54370198,0.07850446,4.06778582
-5.47773887,9.13905426,0.03805756,0.67362434,2.59856964,3.94567665,2.65311311,0.55273796,0.07824153,4.12722421
-5.47173587,9.27413597,0.03882632,0.68093476,2.61248556,4.03004058,2.67489444,0.56063868,0.07788871,4.18328991
-5.46573287,9.39953702,0.03948851,0.68692648,2.62160275,4.11259397,2.69155256,0.56726724,0.07744431,4.23524973
-5.45972986,9.51412617,0.04003877,0.69151185,2.62575124,4.19286126,2.70276862,0.57251312,0.07690900,4.28249746
-5.45372686,9.61709892,0.04047484,0.69463913,2.62487937,4.27047162,2.70831896,0.57629424,0.07628577,4.32456123
-5.44772386,9.70796952,0.04079746,0.69629102,2.61904902,4.34515350,2.70807797,0.57855802,0.07557971,4.36110466
-5.44172086,9.78654885,0.04101012,0.69648213,2.60842603,4.41672398,2.70201711,0.57928145,0.07479780,4.39192186
-5.43571786,9.85290911,0.04111878,0.69525540,2.59326655,4.48507336,2.69020005,0.57847011,0.07394860,4.41692660
-5.42971486,9.90733723,0.04113131,0.69267778,2.57389976,4.55014566,2.67277426,0.57615630,0.07304179,4.43613633
-5.42371186,9.95027956,0.04105706,0.68883540,2.55070817,4.61191603,2.64995970,0.57239628,0.07208784,4.44965208
-5.41770885,9.98228080,0.04090618,0.68382830,2.52410647,4.67036640,2.62203524,0.56726689,0.07109749,4.45763533
-5.41170585,10.00392055,0.04068902,0.67776515,2.49451997,4.72546058,2.58932363,0.56086169,0.07008132,4.46028326
-5.40570285,10.01575122,0.04041557,0.67075817,2.46236404,4.77712041,2.55217589,0.55328670,0.06904928,4.45780400
-5.39969985,10.01824072,0.04009483,0.66291832,2.42802546,4.82520437,2.51095624,0.54465625,0.06801040,4.45039314
-5.39369685,10.01172336,0.03973441,0.65435132,2.39184673,4.86949011,2.46602810,0.53508875,0.06697237,4.43821311
-5.38769385,9.99636192,0.03934009,0.64515422,2.35411421,4.90966212,2.41774225,0.52470302,0.06594137,4.42137651
-5.38169085,9.97212311,0.03891565,0.63541314,2.31505053,4.94530552,2.36642757,0.51361489,0.06492192,4.39993451
-5.37568784,9.93876803,0.03846270,0.62520182,2.27481168,4.97590678,2.31238481,0.50193459,0.06391686,4.37387086
-5.36968484,9.89585832,0.03798074,0.61458131,2.23348866,5.00086153,2.25588371,0.48976477,0.06292741,4.34310199
-5.36368184,9.84277778,0.03746738,0.60360067,2.19111362,5.01948960,2.19716322,0.47719931,0.06195338,4.30748308
-5.35767884,9.77876833,0.03691855,0.59229848,2.14766978,5.03105665,2.13643489,0.46432288,0.06099344,4.26681963
-5.35167584,9.70297839,0.03632897,0.58070529,2.10310445,5.03480162,2.07388871,0.45121118,0.06004542,4.22088399
-5.34567284,9.61452102,0.03569262,0.56884657,2.05734433,5.02996877,2.00970108,0.43793184,0.05910678,4.16943568
-5.33966983,9.51253850,0.03500320,0.55674611,2.01031198,5.01584282,1.94404402,0.42454580,0.05817494,4.11224433
-5.33366683,9.39626986,0.03425475,0.54442961,1.96194241,4.99178535,1.87709499,0.41110904,0.05724780,4.04911383
-5.32766383,9.26511751,0.03344210,0.53192823,1.91219886,4.95727078,1.80904653,0.39767458,0.05632405,3.97990635
-5.32166083,9.11870918,0.03256137,0.51928188,1.86108673,4.91191991,1.74011501,0.38429444,0.05540355,3.90456474
-5.31565783,8.95695186,0.03161034,0.50654203,1.80866495,4.85552925,1.67054782,0.37102161,0.05448760,3.82313208
-5.30965483,8.78007462,0.03058876,0.49377386,1.75505414,4.78809462,1.60062859,0.35791172,0.05357909,3.73576728
-5.30365183,8.58865792,0.02949858,0.48105759,1.70044112,4.70982758,1.53067999,0.34502442,0.05268259,3.64275585
-5.29764882,8.38364792,0.02834395,0.46848901,1.64507978,4.62116376,1.46106401,0.33242428,0.05180433,3.54451530
-5.29164582,8.16635483,0.02713127,0.45617895,1.58928807,4.52276252,1.39217963,0.32018132,0.05095201,3.44159489
-5.28564282,7.93843545,0.02586901,0.44425188,1.53344171,4.41549791,1.32445803,0.30837095,0.05013461,3.33466974
-5.27963982,7.70186086,0.02456749,0.43284365,1.47796478,4.30044109,1.25835575,0.29707348,0.04936201,3.22452969
-5.27363682,7.45887078,0.02323861,0.42209844,1.42331802,4.17883514,1.19434592,0.28637318,0.04864462,3.11206350
-5.26763382,7.21191705,0.02189545,0.41216508,1.36998535,4.05206344,1.13290837,0.27635695,0.04799296,2.99823915
-5.26163082,6.96359909,0.02055196,0.40319297,1.31845949,3.92161291,1.07451883,0.26711273,0.04741714,2.88408134
-5.25562781,6.71659434,0.01922248,0.39532780,1.26922745,3.78903410,1.01963806,0.25872767,0.04692650,2.77064714
-5.24962481,6.47358720,0.01792146,0.38870720,1.22275650,3.65589968,0.96870115,0.25128623,0.04652913,2.65900106
-5.24362181,6.23719960,0.01666303,0.38345667,1.17948146,3.52376344,0.92210765,0.24486827,0.04623153,2.55019051
-5.23761881,6.00992619,0.01546075,0.37968587,1.13979367,3.39412143,0.88021287,0.23954727,0.04603838,2.44522269
-5.23161581,5.79407689,0.01432733,0.37748556,1.10403221,3.26837684,0.84332063,0.23538868,0.04595234,2.34504382
-5.22561281,5.59172871,0.01327445,0.37692516,1.07247750,3.14781000,0.81167772,0.23244860,0.04597400,2.25052132
-5.21960980,5.40468837,0.01231262,0.37805122,1.04534749,3.03355430,0.78547010,0.23077265,0.04610190,2.16242952
-5.21360680,5.23446646,0.01145110,0.38088663,1.02279627,2.92657886,0.76482091,0.23039530,0.04633269,2.08143892
-5.20760380,5.08226310,0.01069789,0.38543070,1.00491507,2.82767782,0.74979019,0.23133936,0.04666137,2.00810932
-5.20160080,4.94896448,0.01005969,0.39165998,0.99173517,2.73746630,0.74037601,0.23361590,0.04708157,1.94288634
-5.19559780,4.83514922,0.00954199,0.39952971,0.98323243,2.65638231,0.73651705,0.23722438,0.04758595,1.88610116
-5.18959480,4.74110266,0.00914908,0.40897581,0.97933292,2.58469376,0.73809603,0.24215293,0.04816651,1.83797288
-5.18359180,4.66683730,0.00888411,0.41991714,0.97991924,2.52250959,0.74494401,0.24837880,0.04881500,1.79861280
-5.17758879,4.61211716,0.00874917,0.43225802,0.98483697,2.46979369,0.75684504,0.25586892,0.04952323,1.76803020
-5.17158579,4.57648404,0.00874527,0.44589069,0.99390082,2.42638058,0.77354109,0.26458034,0.05028337,1.74613872
-5.16558279,4.55928372,0.00887239,0.46069773,1.00690030,2.39199146,0.79473692,0.27446068,0.05108808,1.73276292
-5.15957979,4.55969051,0.00912942,0.47655415,1.02360436,2.36624983,0.82010489,0.28544842,0.05193066,1.72764456
-5.15357679,4.57672907,0.00951417,0.49332928,1.04376516,2.34869587,0.84928942,0.29747308,0.05280499,1.73044820
-5.14757379,4.60929275,0.01002329,0.51088825,1.06712072,2.33879891,0.88191131,0.31045521,0.05370547,1.74076603
-5.14157079,4.65615832,0.01065218,0.52909325,1.09339669,2.33596795,0.91757177,0.32430633,0.05462680,1.75812196
-5.13556778,4.71599761,0.01139493,0.54780449,1.12230735,2.33956015,0.95585642,0.33892873,0.05556372,1.78197509
-5.12956478,4.78738664,0.01224425,0.56688104,1.15355613,2.34888757,0.99633919,0.35421530,0.05651070,1.81172307
-5.12356178,4.86881357,0.01319141,0.58618157,1.18683602,2.36322275,1.03858654,0.37004948,0.05746163,1.84670555
-5.11755878,4.95868671,0.01422620,0.60556525,1.22183016,2.38180369,1.08216181,0.38630531,0.05840950,1.88620839
-5.11155578,5.05534399,0.01533700,0.62489270,1.25821295,2.40383892,1.12663012,0.40284780,0.05934616,1.92946911
-5.10555278,5.15706521,0.01651079,0.64402735,1.29565202,2.42851333,1.17156365,0.41953367,0.06026215,1.97568394
-5.09954977,5.26208806,0.01773331,0.66283692,1.33381107,2.45499535,1.21654746,0.43621245,0.06114665,2.02401690
-5.09354677,5.36862860,0.01898927,0.68119540,1.37235397,2.48244597,1.26118569,0.45272811,0.06198750,2.07361108
-5.08754377,5.47490641,0.02026255,0.69898514,1.41094977,2.51002964,1.30510798,0.46892113,0.06277145,2.12360205
-5.08154077,5.57917409,0.02153657,0.71609927,1.44927869,2.53692716,1.34797597,0.48463096,0.06348444,2.17313335
-5.07553777,5.67975041,0.02279463,0.73244403,1.48703878,2.56235037,1.38948948,0.49969898,0.06411208,2.22137344
-5.06953477,5.77505573,0.02402031,0.74794119,1.52395282,2.58555791,1.42939216,0.51397157,0.06464020,2.26753384
-5.06353177,5.86364817,0.02519789,0.76253002,1.55977510,2.60587159,1.46747608,0.52730349,0.06505545,2.31088730
-5.05752876,5.94425863,0.02631281,0.77616898,1.59429758,2.62269258,1.50358517,0.53956113,0.06534600,2.35078563
-5.05152576,6.01582276,0.02735210,0.78883670,1.62735510,2.63551628,1.53761691,0.55062567,0.06550220,2.38667590
-5.04552276,6.07750790,0.02830473,0.80053230,1.65882894,2.64394538,1.56952233,0.56039586,0.06551720,2.41811440
-5.03951976,6.12873335,0.02916201,0.81127488,1.68864876,2.64770001,1.59930394,0.56879033,0.06538752,2.44477752
-5.03351676,6.16918256,0.02991784,0.82110211,1.71679242,2.64662442,1.62701161,0.57574935,0.06511353,2.46646881
-5.02751376,6.19880644,0.03056893,0.83006812,1.74328371,2.64068982,1.65273664,0.58123580,0.06469971,2.48312194
-5.02151076,6.21781731,0.03111492,0.83824051,1.76818800,2.62999297,1.67660395,0.58523547,0.06415486,2.49479924
-5.01550775,6.22667377,0.03155839,0.84569682,1.79160604,2.61475065,1.69876296,0.58775653,0.06349209,2.50168579
-5.00950475,6.22605701,0.03190484,0.85252059,1.81366612,2.59529018,1.71937743,0.58882834,0.06272859,2.50407946
-5.00350175,6.21684004,0.03216245,0.85879714,1.83451522,2.57203643,1.73861475,0.58849957,0.06188535,2.50237725
-4.99749875,6.20005110,0.03234192,0.86460943,1.85430936,2.54549609,1.75663535,0.58683582,0.06098666,2.49705866
-4.99149575,6.17683329,0.03245612,0.87003403,1.87320390,2.51623979,1.77358254,0.58391686,0.06005943,2.48866688
-4.98549275,6.14840237,0.03251973,0.87513764,1.89134426,2.48488296,1.78957347,0.57983363,0.05913255,2.47778867
-4.97948974,6.11600458,0.03254880,0.87997414,1.90885750,2.45206644,1.80469167,0.57468522,0.05823603,2.46503384
-4.97348674,6.08087649,0.03256034,0.88458236,1.92584528,2.41843735,1.81898138,0.56857590,0.05740019,2.45101533
-4.96748374,6.04420829,0.03257185,0.88898472,1.94237840,2.38463124,1.83244414,0.56161249,0.05665480,2.43633040
-4.96148074,6.00711200,0.03260085,0.89318661,1.95849324,2.35125596,1.84503764,0.55390207,0.05602825,2.42154399
-4.95547774,5.97059520,0.03266447,0.89717670,1.97419018,2.31887762,1.85667696,0.54555008,0.05554676,2.40717440
-4.94947474,5.93554106,0.03277900,0.90092788,1.98943382,2.28800909,1.86723805,0.53665908,0.05523366,2.39368182
-4.94347174,5.90269452,0.03295952,0.90439889,2.00415510,2.25910102,1.87656329,0.52732790,0.05510875,2.38145991
-4.93746873,5.87265446,0.03321956,0.90753646,2.01825482,2.23253533,1.88446877,0.51765134,0.05518775,2.37083022
-4.93146573,5.84587131,0.03357076,0.91027777,2.03160843,2.20862113,1.89075301,0.50772038,0.05548187,2.36203952
-4.92546273,5.82264930,0.03402260,0.91255311,2.04407164,2.18759268,1.89520663,0.49762264,0.05599754,2.35525967
-4.91945973,5.80315248,0.03458222,0.91428861,2.05548655,2.16960917,1.89762259,0.48744322,0.05673610,2.35058965
-4.91345673,5.78741362,0.03525414,0.91540892,2.06568780,2.15475598,1.89780645,0.47726568,0.05769385,2.34805940
-4.90745373,5.77534500,0.03604017,0.91583964,2.07450860,2.14304714,1.89558628,0.46717303,0.05886194,2.34763509
-4.90145073,5.76675045,0.03693929,0.91550956,2.08178621,2.13442859,1.89082188,0.45724876,0.06022661,2.34922533
-4.89544772,5.76133790,0.03794754,0.91435254,2.08736672,2.12878225,1.88341277,0.44757770,0.06176936,2.35268805
-4.88944472,5.75873194,0.03905801,0.91230908,2.09110900,2.12593051,1.87330489,0.43824667,0.06346729,2.35783771
-4.88344172,5.75848621,0.04026085,0.90932754,2.09288767,2.12564123,1.86049555,0.42934491,0.06529353,2.36445262
-4.87743872,5.76009543,0.04154332,0.90536504,2.09259526,2.12763316,1.84503668,0.42096423,0.06721771,2.37228221
-4.87143572,5.76300706,0.04288994,0.90038807,2.09014344,2.13158177,1.82703610,0.41319877,0.06920652,2.38105409
-4.86543272,5.76663275,0.04428262,0.89437289,2.08546353,2.13712559,1.80665695,0.40614457,0.07122431,2.39048096
-4.85942971,5.77035977,0.04570094,0.88730562,2.07850643,2.14387319,1.78411526,0.39989879,0.07323377,2.40026721
-4.85342671,5.77356252,0.04712246,0.87918236,2.06924211,2.15141063,1.75967570,0.39455869,0.07519662,2.41011534
-4.84742371,5.77561435,0.04852306,0.87000901,2.05765884,2.15930963,1.73364580,0.39022036,0.07707429,2.41973213
-4.84142071,5.77589983,0.04987745,0.85980115,2.04376237,2.16713633,1.70636885,0.38697728,0.07882867,2.42883458
-4.83541771,5.77382725,0.05115960,0.84858380,2.02757502,2.17446044,1.67821551,0.38491876,0.08042284,2.43715562
-4.82941471,5.76884150,0.05234338,0.83639123,2.00913505,2.18086486,1.64957478,0.38412817,0.08182173,2.44444948
-4.82341171,5.76043687,0.05340306,0.82326665,1.98849616,2.18595530,1.62084431,0.38468122,0.08299286,2.45049671
-4.81740870,5.74816947,0.05431404,0.80926197,1.96572719,2.18936976,1.59242048,0.38664408,0.08390689,2.45510871
-4.81140570,5.73166893,0.05505339,0.79443746,1.94091205,2.19078752,1.56468863,0.39007157,0.08453827,2.45813154
-4.80540270,5.71064864,0.05560050,0.77886145,1.91414978,2.18993725,1.53801364,0.39500534,0.08486572,2.45944902
-4.79939970,5.68491427,0.05593764,0.76260983,1.88555465,2.18660396,1.51273109,0.40147207,0.08487265,2.45898479
-4.79339670,5.65436969,0.05605048,0.74576555,1.85525611,2.18063432,1.48913938,0.40948185,0.08454753,2.45670324
-4.78739370,5.61902018,0.05592849,0.72841797,1.82339862,2.17194031,1.46749292,0.41902659,0.08388410,2.45260920
-4.78139070,5.57897224,0.05556532,0.71066201,1.79014103,2.16050067,1.44799649,0.43007867,0.08288154,2.44674622
-4.77538769,5.53443000,0.05495898,0.69259715,1.75565553,2.14636027,1.43080099,0.44258974,0.08154446,2.43919348
-4.76938469,5.48568796,0.05411193,0.67432627,1.72012602,2.12962735,1.41600054,0.45648986,0.07988286,2.43006125
-4.76338169,5.43312037,0.05303105,0.65595421,1.68374583,2.11046850,1.40363104,0.47168692,0.07791184,2.41948511
-4.75737869,5.37716740,0.05172746,0.63758623,1.64671482,2.08910193,1.39367004,0.48806639,0.07565133,2.40761897
-4.75137569,5.31831878,0.05021624,0.61932628,1.60923583,2.06578900,1.38603796,0.50549154,0.07312566,2.39462721
-4.74537269,5.25709543,0.04851599,0.60127515,1.57151075,2.04082465,1.38060055,0.52380409,0.07036297,2.38067627
-4.73936968,5.19403007,0.04664832,0.58352860,1.53373610,2.01452706,1.37717248,0.54282536,0.06739463,2.36592594
-4.73336668,5.12964768,0.04463729,0.56617545,1.49609856,1.98722706,1.37552192,0.56235790,0.06425455,2.35052089
-4.72736368,5.06444675,0.04250872,0.54929583,1.45877057,1.95925795,1.37537607,0.58218771,0.06097839,2.33458278
-4.72136068,4.99888238,0.04028956,0.53295961,1.42190624,1.93094596,1.37642743,0.60208683,0.05760281,2.31820335
-4.71535768,4.93335206,0.03800716,0.51722503,1.38563792,1.90260203,1.37834070,0.62181658,0.05416468,2.30143892
-4.70935468,4.86818489,0.03568863,0.50213777,1.35007355,1.87451518,1.38076031,0.64113112,0.05070029,2.28430668
-4.70335168,4.80363483,0.03336024,0.48773034,1.31529507,1.84694764,1.38331828,0.65978140,0.04724466,2.26678290
-4.69734867,4.73987832,0.03104683,0.47402205,1.28135807,1.82013202,1.38564239,0.67751947,0.04383083,2.24880330
-4.69134567,4.67701632,0.02877134,0.46101931,1.24829262,1.79427032,1.38736457,0.69410292,0.04048928,2.23026567
-4.68534267,4.61508065,0.02655445,0.44871655,1.21610553,1.76953480,1.38812923,0.70929947,0.03724745,2.21103466
-4.67933967,4.55404411,0.02441424,0.43709747,1.18478370,1.74607036,1.38760152,0.72289156,0.03412936,2.19094849
-4.67333667,4.49383382,0.02236608,0.42613678,1.15429860,1.72399799,1.38547531,0.73468081,0.03115530,2.16982745
-4.66733367,4.43434684,0.02042244,0.41580220,1.12461166,1.70341904,1.38148073,0.74449224,0.02834175,2.14748374
-4.66133067,4.37546718,0.01859302,0.40605672,1.09568016,1.68441965,1.37539107,0.75217825,0.02570127,2.12373226
-4.65532766,4.31708309,0.01688471,0.39686096,1.06746347,1.66707493,1.36702899,0.75762207,0.02324264,2.09840182
-4.64932466,4.25910372,0.01530189,0.38817552,1.03992927,1.65145245,1.35627173,0.76074075,0.02097099,2.07134639
-4.64332166,4.20147412,0.01384654,0.37996331,1.01305937,1.63761471,1.34305533,0.76148762,0.01888808,2.04245577
-4.63731866,4.14418791,0.01251859,0.37219160,0.98685494,1.62562027,1.32737769,0.75985403,0.01699261,2.01166535
-4.63131566,4.08729686,0.01131621,0.36483388,0.96134086,1.61552337,1.30930034,0.75587052,0.01528064,1.97896449
-4.62531266,4.03091720,0.01023611,0.35787134,0.93656897,1.60737225,1.28894896,0.74960719,0.01374593,1.94440325
-4.61930965,3.97523236,0.00927388,0.35129401,0.91262019,1.60120606,1.26651256,0.74117347,0.01238046,1.90809718
-4.61330665,3.92049241,0.00842433,0.34510146,0.88960533,1.59705082,1.24224140,0.73071710,0.01117480,1.87023007
-4.60730365,3.86701023,0.00768178,0.33930320,0.86766474,1.59491469,1.21644358,0.71842246,0.01011854,1.83105450
-4.60130065,3.81515510,0.00704031,0.33391858,0.84696670,1.59478314,1.18948045,0.70450823,0.00920070,1.79089032
-4.59529765,3.76534418,0.00649407,0.32897644,0.82770490,1.59661434,1.16176090,0.68922428,0.00841008,1.75012096
-4.58929465,3.71803230,0.00603743,0.32451437,0.81009481,1.60033543,1.13373451,0.67284806,0.00773558,1.70918775
-4.58329165,3.67370090,0.00566517,0.32057770,0.79436944,1.60583992,1.10588378,0.65568023,0.00716646,1.66858243
-4.57728864,3.63284636,0.00537260,0.31721818,0.78077437,1.61298676,1.07871537,0.63803975,0.00669254,1.62883786
-4.57128564,3.59596824,0.00515563,0.31449246,0.76956232,1.62160104,1.05275053,0.62025842,0.00630441,1.59051722
-4.56528264,3.56355759,0.00501082,0.31246032,0.76098736,1.63147671,1.02851476,0.60267476,0.00599349,1.55420191
-4.55927964,3.53608557,0.00493538,0.31118264,0.75529873,1.64238095,1.00652677,0.58562756,0.00575213,1.52047810
-4.55327664,3.51399217,0.00492710,0.31071925,0.75273456,1.65406019,0.98728690,0.56944892,0.00557360,1.48992246
-4.54727364,3.49767509,0.00498430,0.31112652,0.75351535,1.66624729,0.97126513,0.55445697,0.00545207,1.46308707
-4.54127064,3.48747870,0.00510570,0.31245490,0.75783739,1.67866955,0.95888885,0.54094849,0.00538258,1.44048389
-4.53526763,3.48368272,0.00529031,0.31474624,0.76586613,1.69105697,0.95053071,0.52919141,0.00536090,1.42256910
-4.52926463,3.48649093,0.00553724,0.31803119,0.77772965,1.70315027,0.94649682,0.51941754,0.00538344,1.40972777
-4.52326163,3.49601975,0.00584561,0.32232662,0.79351237,1.71470816,0.94701562,0.51181572,0.00544711,1.40225915
-4.51725863,3.51228703,0.00621431,0.32763317,0.81324916,1.72551350,0.95222801,0.50652555,0.00554916,1.40036335
-4.51125563,3.53520159,0.00664187,0.33393317,0.83692004,1.73537796,0.96217900,0.50363211,0.00568710,1.40412977
-4.50525263,3.56455398,0.00712632,0.34118894,0.86444583,1.74414513,0.97681150,0.50316187,0.00585846,1.41352798
-4.49924962,3.60000927,0.00766506,0.34934169,0.89568501,1.75169182,0.99596271,0.50508001,0.00606074,1.42840159
-4.49324662,3.64110281,0.00825474,0.35831108,0.93043201,1.75792792,1.01936341,0.50928945,0.00629125,1.44846567
-4.48724362,3.68723962,0.00889121,0.36799571,0.96841732,1.76279485,1.04664057,0.51563178,0.00654704,1.47330814
-4.48124062,3.73769846,0.00956950,0.37827436,1.00930958,1.76626309,1.07732356,0.52389004,0.00682484,1.50239551
-4.47523762,3.79164091,0.01028381,0.38900833,1.05271987,1.76832897,1.11085382,0.53379372,0.00712100,1.53508298
-4.46923462,3.84812613,0.01102760,0.40004458,1.09820823,1.76901138,1.14659811,0.54502552,0.00743151,1.57062910
-4.46323162,3.90613120,0.01179366,0.41121979,1.14529243,1.76834863,1.18386483,0.55723002,0.00775203,1.60821437
-4.45722861,3.96457670,0.01257433,0.42236516,1.19345868,1.76639577,1.22192315,0.57002393,0.00807794,1.64696363
-4.45122561,4.02235700,0.01336160,0.43331170,1.24217417,1.76322272,1.26002410,0.58300750,0.00840442,1.68597125
-4.44522261,4.07837398,0.01414742,0.44389587,1.29090083,1.75891320,1.29742293,0.59577675,0.00872660,1.72432833
-4.43921961,4.13157284,0.01492390,0.45396531,1.33910992,1.75356450,1.33340183,0.60793613,0.00903965,1.76115085
-4.43321661,4.18097839,0.01568364,0.46338420,1.38629668,1.74728790,1.36729197,0.61911082,0.00933892,1.79560749
-4.42721361,4.22572979,0.01641995,0.47203823,1.43199451,1.74020956,1.39849390,0.62895849,0.00962013,1.82694605
-4.42121061,4.26511195,0.01712718,0.47983863,1.47578792,1.73247140,1.42649542,0.63717979,0.00987948,1.85451711
-4.41520760,4.29858185,0.01780096,0.48672529,1.51732366,1.72423178,1.45088607,0.64352723,0.01011379,1.87779408
-4.40920460,4.32578796,0.01843845,0.49266845,1.55631939,1.71566549,1.47136744,0.64781192,0.01032062,1.89638847
-4.40320160,4.34658176,0.01903856,0.49766920,1.59256953,1.70696261,1.48775909,0.64990816,0.01049838,1.91005990
-4.39719860,4.36102037,0.01960209,0.50175844,1.62594793,1.69832626,1.49999956,0.64975542,0.01064639,1.91872027
-4.39119560,4.36935999,0.02013185,0.50499452,1.65640728,1.68996881,1.50814263,0.64735786,0.01076490,1.92243200
-4.38519260,4.37204032,0.02063266,0.50745956,1.68397518,1.68210663,1.51234905,0.64278135,0.01085514,1.92140051
-4.37918959,4.36966081,0.02111137,0.50925466,1.70874723,1.67495356,1.51287418,0.63614827,0.01091925,1.91596135
-4.37318659,4.36294966,0.02157675,0.51049436,1.73087745,1.66871323,1.51005226,0.62763038,0.01096022,1.90656259
-4.36718359,4.35272742,0.02203924,0.51130039,1.75056651,1.66357067,1.50427814,0.61744004,0.01098179,1.89374354
-4.36118059,4.33986693,0.02251078,0.51179538,1.76804848,1.65968361,1.49598743,0.60582041,0.01098837,1.87811066
-4.35517759,4.32525165,0.02300442,0.51209653,1.78357671,1.65717406,1.48563604,0.59303501,0.01098481,1.86031193
-4.34917459,4.30973453,0.02353393,0.51230982,1.79740957,1.65612051,1.47368020,0.57935711,0.01097627,1.84101078
-4.34317159,4.29409943,0.02411332,0.51252495,1.80979679,1.65655152,1.46055781,0.56505955,0.01096805,1.82086070
-4.33716858,4.27902678,0.02475633,0.51281125,1.82096694,1.65844080,1.44667194,0.55040529,0.01096534,1.80048159
-4.33116558,4.26506519,0.02547590,0.51321481,1.83111668,1.66170439,1.43237729,0.53563913,0.01097306,1.78043875
-4.32516258,4.25260987,0.02628353,0.51375697,1.84040212,1.66620000,1.41796991,0.52098093,0.01099567,1.76122510
-4.31915958,4.24188877,0.02718874,0.51443401,1.84893269,1.67172859,1.40368062,0.50662035,0.01103697,1.74324729
-4.31315658,4.23295655,0.02819847,0.51521840,1.85676744,1.67803824,1.38967201,0.49271342,0.01109994,1.72681578
-4.30715358,4.22569629,0.02931659,0.51606102,1.86391401,1.68482998,1.37603915,0.47938076,0.01118660,1.71213919
-4.30115058,4.21982830,0.03054340,0.51689459,1.87032998,1.69176550,1.36281336,0.46670750,0.01129793,1.69932262
-4.29514757,4.21492519,0.03187525,0.51763781,1.87592635,1.69847611,1.34996887,0.45474458,0.01143377,1.68836975
-4.28914457,4.21043210,0.03330428,0.51820006,1.88057281,1.70457278,1.33743146,0.44351135,0.01159277,1.67918826
-4.28314157,4.20569076,0.03481831,0.51848637,1.88410446,1.70965663,1.32508870,0.43299915,0.01177244,1.67159817
-4.27713857,4.19996606,0.03640077,0.51840224,1.88632944,1.71332955,1.31280083,0.42317555,0.01196917,1.66534233
-4.27113557,4.19247378,0.03803093,0.51785828,1.88703711,1.71520453,1.30041172,0.41398898,0.01217832,1.66009865
-4.26513257,4.18240834,0.03968423,0.51677408,1.88600620,1.71491524,1.28775925,0.40537352,0.01239436,1.65549350
-4.25912956,4.16896938,0.04133273,0.51508148,1.88301290,1.71212480,1.27468446,0.39725355,0.01261100,1.65111551
-4.25312656,4.15138639,0.04294579,0.51272679,1.87783815,1.70653335,1.26103925,0.38954807,0.01282144,1.64652963
-4.24712356,4.12894077,0.04449087,0.50967205,1.87027431,1.69788451,1.24669212,0.38217456,0.01301855,1.64129069
-4.24112056,4.10098478,0.04593443,0.50589531,1.86013080,1.68597044,1.23153193,0.37505228,0.01319512,1.63495645
-4.23511756,4.06695746,0.04724293,0.50138992,1.84723888,1.67063586,1.21546982,0.36810494,0.01334412,1.62709960
-4.22911456,4.02639728,0.04838385,0.49616300,1.83145541,1.65178089,1.19843914,0.36126276,0.01345892,1.61731879
-4.22311156,3.97895189,0.04932677,0.49023331,1.81266582,1.62936291,1.18039403,0.35446401,0.01353357,1.60524832
-4.21710855,3.92438523,0.05004439,0.48362862,1.79078644,1.60339760,1.16130680,0.34765600,0.01356298,1.59056675
-4.21110555,3.86258245,0.05051342,0.47638293,1.76576626,1.57395935,1.14116462,0.34079578,0.01354316,1.57300412
-4.20510255,3.79355292,0.05071548,0.46853367,1.73758844,1.54118106,1.11996600,0.33385048,0.01347138,1.55234798
-4.19909955,3.71743198,0.05063769,0.46011925,1.70627161,1.50525361,1.09771747,0.32679753,0.01334627,1.52844819
-4.19309655,3.63448151,0.05027317,0.45117700,1.67187124,1.46642493,1.07443090,0.31962488,0.01316795,1.50122067
-4.18709355,3.54508984,0.04962134,0.44174180,1.63448105,1.42499880,1.05012176,0.31233109,0.01293808,1.47064989
-4.18109055,3.44977097,0.04868792,0.43184539,1.59423458,1.38133346,1.02480852,0.30492559,0.01265982,1.43679039
-4.17508754,3.34916322,0.04748481,0.42151650,1.55130681,1.33583976,0.99851333,0.29742902,0.01233784,1.39976720
-4.16908454,3.24402730,0.04602969,0.41078171,1.50591586,1.28897912,0.97126395,0.28987355,0.01197826,1.35977523
-4.16308154,3.13524356,0.04434545,0.39966701,1.45832451,1.24126096,0.94309674,0.28230333,0.01158848,1.31707760
-4.15707854,3.02380808,0.04245946,0.38819993,1.40884135,1.19323964,0.91406055,0.27477483,0.01117712,1.27200290
-4.15107554,2.91082754,0.04040269,0.37641200,1.35782145,1.14551075,0.88422109,0.26735711,0.01075385,1.22494142
-4.14507254,2.79751218,0.03820879,0.36434144,1.30566611,1.09870664,0.85366545,0.26013184,0.01032919,1.17634032
-4.13906953,2.68516683,0.03591305,0.35203580,1.25282172,1.05349120,0.82250631,0.25319310,0.00991438,1.12669766
-4.13306653,2.57517947,0.03355140,0.33955436,1.19977724,1.01055361,0.79088547,0.24664669,0.00952116,1.07655556
-4.12706353,2.46900724,0.03115944,0.32697000,1.14706035,0.97060126,0.75897629,0.24060909,0.00916165,1.02649222
-4.12106053,2.36815970,0.02877155,0.31437059,1.09523205,0.93435158,0.72698473,0.23520584,0.00884810,0.97711321
-4.11505753,2.27417929,0.02642004,0.30185950,1.04487979,0.90252298,0.69514882,0.23056941,0.00859279,0.92904193
-4.10905453,2.18861923,0.02413449,0.28955540,0.99660907,0.87582491,0.66373631,0.22683660,0.00840783,0.88290946
-4.10305153,2.11301903,0.02194124,0.27759109,0.95103371,0.85494710,0.63304064,0.22414534,0.00830501,0.83934398
-4.09704852,2.04887809,0.01986294,0.26611168,0.90876506,0.84054818,0.60337524,0.22263116,0.00829568,0.79896000
-4.09104552,1.99762787,0.01791833,0.25527182,0.87040027,0.83324394,0.57506633,0.22242331,0.00839054,0.76234754
-4.08504252,1.96060347,0.01612215,0.24523253,0.83651020,0.83359540,0.54844465,0.22364057,0.00859956,0.73006158
-4.07903952,1.93901512,0.01448517,0.23615737,0.80762719,0.84209703,0.52383627,0.22638710,0.00893182,0.70261199
-4.07303652,1.93392081,0.01301432,0.22820845,0.78423313,0.85916542,0.50155308,0.23074828,0.00939534,0.68045417
-4.06703352,1.94620054,0.01171293,0.22154226,0.76674833,0.88512881,0.48188327,0.23678677,0.00999700,0.66398070
-4.06103052,1.97653341,0.01058109,0.21630555,0.75552155,0.92021777,0.46508226,0.24453896,0.01074234,0.65351409
-4.05502751,2.02537817,0.00961597,0.21263154,0.75082149,0.96455741,0.45136449,0.25401199,0.01163552,0.64930101
-4.04902451,2.09295813,0.00881230,0.21063638,0.75283019,1.01816145,0.44089636,0.26518138,0.01267912,0.65150792
-4.04302151,2.17925097,0.00816274,0.21041613,0.76163849,1.08092848,0.43379070,0.27798950,0.01387410,0.66021839
-4.03701851,2.28398404,0.00765834,0.21204441,0.77724373,1.15264049,0.43010290,0.29234497,0.01521975,0.67543213
-4.03101551,2.40663537,0.00728894,0.21557046,0.79954976,1.23296404,0.42982887,0.30812300,0.01671358,0.69706575
-4.02501251,2.54644060,0.00704360,0.22101800,0.82836935,1.32145396,0.43290488,0.32516673,0.01835139,0.72495512
-4.01900950,2.70240554,0.00691095,0.22838456,0.86342869,1.41755959,0.43920929,0.34328973,0.02012724,0.75885947
-4.01300650,2.87332433,0.00687950,0.23764147,0.90437400,1.52063352,0.44856590,0.36227935,0.02203361,0.79846684
-4.00700350,3.05780236,0.00693796,0.24873420,0.95077980,1.62994251,0.46074907,0.38190107,0.02406143,0.84340091
-4.00100050,3.25428345,0.00707550,0.26158329,1.00215869,1.74468030,0.47549001,0.40190374,0.02620032,0.89322887
-3.99499750,3.46108037,0.00728191,0.27608550,1.05797204,1.86398199,0.49248431,0.42202538,0.02843875,0.94747008
-3.98899450,3.67640762,0.00754784,0.29211528,1.11764137,1.98693949,0.51140020,0.44199961,0.03076430,1.00560534
-3.98299150,3.89841559,0.00786489,0.30952654,1.18055989,2.11261760,0.53188743,0.46156227,0.03316388,1.06708636
-3.97698849,4.12522483,0.00822572,0.32815447,1.24610382,2.24007025,0.55358625,0.48045826,0.03562403,1.13134526
-3.97098549,4.35495956,0.00862410,0.34781763,1.31364313,2.36835641,0.57613637,0.49844810,0.03813117,1.19780369
-3.96498249,4.58577930,0.00905493,0.36832013,1.38255136,2.49655527,0.59918561,0.51531420,0.04067184,1.26588146
-3.95897949,4.81590783,0.00951423,0.38945395,1.45221423,2.62378030,0.62239783,0.53086648,0.04323291,1.33500440
-3.95297649,5.04365873,0.00999912,0.41100147,1.52203696,2.74919185,0.64546013,0.54494720,0.04580179,1.40461125
-3.94697349,5.26745706,0.01050769,0.43273805,1.59145005,2.87200809,0.66808890,0.55743473,0.04836654,1.47415960
-3.94097049,5.48585666,0.01103893,0.45443491,1.65991370,2.99151405,0.69003482,0.56824626,0.05091594,1.54313063
-3.93496748,5.69755297,0.01159259,0.47586208,1.72692073,3.10706868,0.71108643,0.57733920,0.05343957,1.61103286
-3.92896448,5.90139147,0.01216901,0.49679156,1.79199834,3.21810989,0.73107238,0.58471127,0.05592772,1.67740482
-3.92296148,6.09637167,0.01276900,0.51700063,1.85470870,3.32415755,0.74986226,0.59039934,0.05837135,1.74181681
-3.91695848,6.28164715,0.01339356,0.53627518,1.91464883,3.42481449,0.76736598,0.59447691,0.06076202,1.80387191
-3.91095548,6.45652196,0.01404382,0.55441308,1.97144980,3.51976559,0.78353182,0.59705050,0.06309171,1.86320638
-3.90495248,6.62044376,0.01472074,0.57122757,2.02477572,3.60877506,0.79834327,0.59825497,0.06535275,1.91948959
-3.89894947,6.77299448,0.01542500,0.58655034,2.07432257,3.69168204,0.81181468,0.59824793,0.06753766,1.97242382
-3.89294647,6.91387877,0.01615684,0.60023448,2.11981726,3.76839466,0.82398599,0.59720360,0.06963913,2.02174395
-3.88694347,7.04291110,0.01691590,0.61215697,2.16101697,3.83888287,0.83491680,0.59530619,0.07164989,2.06721720
-3.88094047,7.16000188,0.01770115,0.62222079,2.19770896,3.90317005,0.84467995,0.59274313,0.07356280,2.10864320
-3.87493747,7.26514339,0.01851078,0.63035639,2.22971089,3.96132392,0.85335493,0.58969840,0.07537086,2.14585423
-3.86893447,7.35839586,0.01934218,0.63652268,2.25687170,4.01344696,0.86102140,0.58634622,0.07706738,2.17871589
-3.86293147,7.43987448,0.02019198,0.64070727,2.27907302,4.05966661,0.86775315,0.58284521,0.07864611,2.20712796
-3.85692846,7.50973765,0.02105601,0.64292613,2.29623102,4.10012582,0.87361273,0.57933349,0.08010153,2.23102564
-3.85092546,7.56817696,0.02192947,0.64322261,2.30829855,4.13497429,0.87864709,0.57592463,0.08142904,2.25038088
-3.84492246,7.61540928,0.02280692,0.64166589,2.31526758,4.16436075,0.88288439,0.57270470,0.08262530,2.26520370
-3.83891946,7.65167123,0.02368250,0.63834887,2.31717156,4.18842674,0.88633210,0.56973057,0.08368843,2.27554349
-3.83291646,7.67721601,0.02455000,0.63338575,2.31408773,4.20730222,0.88897668,0.56702940,0.08461828,2.28148984
-3.82691346,7.69231273,0.02540305,0.62690919,2.30613904,4.22110311,0.89078461,0.56459935,0.08541659,2.28317302
-3.82091046,7.69724799,0.02623521,0.61906724,2.29349562,4.22993109,0.89170493,0.56241149,0.08608713,2.28076369
-3.81490745,7.69232931,0.02704016,0.61002022,2.27637549,4.23387539,0.89167299,0.56041277,0.08663566,2.27447176
-3.80890445,7.67788997,0.02781178,0.59993747,2.25504441,4.23301657,0.89061534,0.55852984,0.08706988,2.26454426
-3.80290145,7.65429454,0.02854425,0.58899417,2.22981472,4.22743193,0.88845538,0.55667369,0.08739923,2.25126212
-3.79689845,7.62194445,0.02923215,0.57736817,2.20104298,4.21720199,0.88511949,0.55474467,0.08763458,2.23493574
-3.79089545,7.58128266,0.02987045,0.56523702,2.16912635,4.20241760,0.88054328,0.55263788,0.08778784,2.21589943
-3.78489245,7.53279676,0.03045460,0.55277506,2.13449767,4.18318699,0.87467757,0.55024852,0.08787148,2.19450468
-3.77888944,7.47701969,0.03098048,0.54015066,2.09761909,4.15964203,0.86749378,0.54747696,0.08789795,2.17111247
-3.77288644,7.41452748,0.03144439,0.52752363,2.05897459,4.13194317,0.85898844,0.54423348,0.08787913,2.14608487
-3.76688344,7.34593379,0.03184304,0.51504277,2.01906113,4.10028256,0.84918644,0.54044225,0.08782573,2.11977595
-3.76088044,7.27188078,0.03217347,0.50284354,1.97837898,4.06488467,0.83814294,0.53604445,0.08774668,2.09252269
-3.75487744,7.19302681,0.03243307,0.49104597,1.93742118,4.02600449,0.82594381,0.53100061,0.08764864,2.06463592
-3.74887444,7.11003107,0.03261951,0.47975272,1.89666269,3.98392304,0.81270451,0.52529173,0.08753557,2.03639188
-3.74287144,7.02353598,0.03273073,0.46904736,1.85654936,3.93894045,0.79856755,0.51891951,0.08740837,2.00802479
-3.73686843,6.93414822,0.03276500,0.45899307,1.81748732,3.89136687,0.78369855,0.51190554,0.08726473,1.97972067
-3.73086543,6.84241951,0.03272086,0.44963148,1.77983309,3.84151185,0.76828128,0.50428953,0.08709904,1.95161293
-3.72486243,6.74882814,0.03259725,0.44098217,1.74388480,3.78967274,0.75251169,0.49612680,0.08690251,1.92377982
-3.71885943,6.65376271,0.03239352,0.43304246,1.70987495,3.73612301,0.73659152,0.48748516,0.08666348,1.89624410
-3.71285643,6.55750890,0.03210955,0.42578781,1.67796502,3.68110115,0.72072148,0.47844128,0.08636777,1.86897478
-3.70685343,6.46024043,0.03174583,0.41917282,1.64824217,3.62480098,0.70509459,0.46907690,0.08599924,1.84189109
-3.70085043,6.36201481,0.03130351,0.41313271,1.62071811,3.56736409,0.68988970,0.45947499,0.08554047,1.81486840
-3.69484742,6.26277440,0.03078456,0.40758551,1.59533040,3.50887492,0.67526573,0.44971608,0.08497347,1.78774584
-3.68884442,6.16235285,0.03019177,0.40243468,1.57194594,3.44935902,0.66135657,0.43987501,0.08428047,1.76033531
-3.68284142,6.06048688,0.02952882,0.39757221,1.55036664,3.38878445,0.64826705,0.43001808,0.08344470,1.73243137
-3.67683842,5.95683275,0.02880030,0.39288218,1.53033703,3.32706669,0.63606991,0.42020098,0.08245118,1.70382160
-3.67083542,5.85098688,0.02801168,0.38824451,1.51155349,3.26407653,0.62480398,0.41046736,0.08128741,1.67429692
-3.66483242,5.74250958,0.02716926,0.38353884,1.49367477,3.19965089,0.61447350,0.40084825,0.07994397,1.64366140
-3.65882941,5.63095081,0.02628006,0.37864845,1.47633348,3.13360581,0.60504865,0.39136213,0.07841510,1.61174108
-3.65282641,5.51587696,0.02535174,0.37346402,1.45914801,3.06575121,0.59646721,0.38201587,0.07669895,1.57839166
-3.64682341,5.39689730,0.02439239,0.36788710,1.44173472,2.99590646,0.58863717,0.37280627,0.07479790,1.54350447
-3.64082041,5.27368915,0.02341041,0.36183317,1.42371969,2.92391627,0.58144040,0.36372213,0.07271853,1.50701092
-3.63481741,5.14602076,0.02241430,0.35523423,1.40475009,2.84966597,0.57473703,0.35474676,0.07047158,1.46888509
-3.62881441,5.01377095,0.02141247,0.34804075,1.38450457,2.77309551,0.56837056,0.34586075,0.06807166,1.42914465
-3.62281141,4.87694493,0.02041308,0.34022304,1.36270247,2.69421163,0.56217341,0.33704489,0.06553689,1.38785031
-3.61680840,4.73568577,0.01942384,0.33177193,1.33911179,2.61309747,0.55597285,0.32828291,0.06288841,1.34510373
-3.61080540,4.59028107,0.01845192,0.32269876,1.31355558,2.52991942,0.54959707,0.31956413,0.06014980,1.30104446
-3.60480240,4.44116484,0.01750378,0.31303475,1.28591668,2.44493061,0.54288119,0.31088572,0.05734643,1.25584590
-3.59879940,4.28891440,0.01658514,0.30282980,1.25614082,2.35847114,0.53567304,0.30225438,0.05450480,1.20971071
-3.59279640,4.13424258,0.01570087,0.29215068,1.22423788,2.27096474,0.52783853,0.29368758,0.05165187,1.16286579
-3.58679340,3.97798529,0.01485506,0.28107884,1.19028138,2.18291215,0.51926640,0.28521407,0.04881437,1.11555712
-3.58079040,3.82108493,0.01405096,0.26970776,1.15440625,2.09488122,0.50987214,0.27687369,0.04601819,1.06804457
-3.57478739,3.66457000,0.01329105,0.25814013,1.11680486,2.00749415,0.49960107,0.26871658,0.04328785,1.02059672
-3.56878439,3.50953161,0.01257711,0.24648472,1.07772149,1.92141229,0.48843029,0.26080166,0.04064593,0.97348601
-3.56278139,3.35709719,0.01191031,0.23485323,1.03744530,1.83731888,0.47636952,0.25319453,0.03811272,0.92698388
-3.55677839,3.20840255,0.01129129,0.22335713,0.99630208,1.75590046,0.46346081,0.24596496,0.03570586,0.88135627
-3.55077539,3.06456268,0.01072022,0.21210454,0.95464495,1.67782743,0.44977706,0.23918389,0.03344010,0.83685924
-3.54477239,2.92664239,0.01019697,0.20119736,0.91284425,1.60373458,0.43541943,0.23292028,0.03132716,0.79373489
-3.53876938,2.79562776,0.00972110,0.19072863,0.87127712,1.53420219,0.42051386,0.22723784,0.02937561,0.75220741
-3.53276638,2.67239914,0.00929204,0.18078012,0.83031689,1.46973850,0.40520666,0.22219189,0.02759093,0.71247959
-3.52676338,2.55770699,0.00890908,0.17142049,0.79032281,1.41076412,0.38965955,0.21782635,0.02597556,0.67472953
-3.52076038,2.45215130,0.00857146,0.16270376,0.75163048,1.35759912,0.37404431,0.21417123,0.02452901,0.63910795
-3.51475738,2.35616563,0.00827846,0.15466832,0.71454329,1.31045339,0.35853721,0.21124055,0.02324812,0.60573606
-3.50875438,2.27000662,0.00802940,0.14733644,0.67932524,1.26942068,0.34331362,0.20903095,0.02212725,0.57470414
-3.50275138,2.19374943,0.00782373,0.14071436,0.64619551,1.23447665,0.32854293,0.20752098,0.02115860,0.54607098
-3.49674837,2.12728982,0.00766105,0.13479287,0.61532479,1.20548139,0.31438404,0.20667120,0.02033253,0.51986439
-3.49074537,2.07035297,0.00754125,0.12954844,0.58683380,1.18218613,0.30098157,0.20642502,0.01963791,0.49608263
-3.48474237,2.02250893,0.00746450,0.12494478,0.56079380,1.16424438,0.28846304,0.20671044,0.01906252,0.47469706
-3.47873937,1.98319456,0.00743139,0.12093489,0.53722921,1.15122704,0.27693694,0.20744237,0.01859342,0.45565582
-3.47273637,1.95174118,0.00744305,0.11746340,0.51612204,1.14264106,0.26649192,0.20852578,0.01821736,0.43888859
-3.46673337,1.92740711,0.00750124,0.11446921,0.49741810,1.13795114,0.25719688,0.20985924,0.01792116,0.42431214
-3.46073037,1.90941391,0.00760850,0.11188825,0.48103445,1.13660365,0.24910209,0.21133900,0.01769215,0.41183663
-3.45472736,1.89698491,0.00776830,0.10965638,0.46686786,1.13805192,0.24224105,0.21286324,0.01751845,0.40137234
-3.44872436,1.88938462,0.00798520,0.10771213,0.45480371,1.14178189,0.23663296,0.21433644,0.01738937,0.39283652
-3.44272136,1.88595720,0.00826496,0.10599937,0.44472507,1.14733728,0.23228573,0.21567362,0.01729566,0.38616007
-3.43671836,1.88616241,0.00861473,0.10446966,0.43652123,1.15434295,0.22919909,0.21680437,0.01722978,0.38129365
-3.43071536,1.88960747,0.00904310,0.10308427,0.43009546,1.16252572,0.22736777,0.21767638,0.01718606,0.37821306
-3.42471236,1.89607318,0.00956022,0.10181574,0.42537159,1.17173157,0.22678447,0.21825839,0.01716081,0.37692339
-3.41870935,1.90553315,0.01017784,0.10064902,0.42229887,1.18193836,0.22744240,0.21854244,0.01715237,0.37746184
-3.41270635,1.91816495,0.01090926,0.09958199,0.42085522,1.19326356,0.22933727,0.21854529,0.01716112,0.37989885
-3.40670335,1.93435260,0.01176930,0.09862551,0.42104838,1.20596626,0.23246856,0.21830889,0.01718932,0.38433763
-3.40070035,1.95467976,0.01277408,0.09780291,0.42291516,1.22044336,0.23684006,0.21789997,0.01724099,0.39091185
-3.39469735,1.97991392,0.01394084,0.09714900,0.42651874,1.23721981,0.24245963,0.21740865,0.01732166,0.39978154
-3.38869435,2.01098171,0.01528762,0.09670860,0.43194418,1.25693301,0.24933814,0.21694617,0.01743806,0.41112737
-3.38269135,2.04893606,0.01683283,0.09653468,0.43929239,1.28031194,0.25748779,0.21664170,0.01759785,0.42514351
-3.37668834,2.09491651,0.01859482,0.09668628,0.44867294,1.30815140,0.26691982,0.21663850,0.01780917,0.44202916
-3.37068534,2.15010375,0.02059125,0.09722606,0.46019600,1.34128246,0.27764177,0.21708938,0.01808031,0.46197921
-3.36468234,2.21567014,0.02283853,0.09821789,0.47396380,1.38053985,0.28965455,0.21815169,0.01841927,0.48517428
-3.35867934,2.29272800,0.02535107,0.09972430,0.49006218,1.42672768,0.30294938,0.21998204,0.01883340,0.51177055
-3.35267634,2.38227746,0.02814061,0.10180403,0.50855241,1.48058446,0.31750490,0.22273086,0.01932901,0.54188970
-3.34667334,2.48515587,0.03121541,0.10450974,0.52946387,1.54274879,0.33328452,0.22653694,0.01991101,0.57560936
-3.34067034,2.60199052,0.03457953,0.10788587,0.55278776,1.61372698,0.35023423,0.23152231,0.02058267,0.61295447
-3.33466733,2.73315646,0.03823207,0.11196686,0.57847219,1.69386377,0.36828099,0.23778743,0.02134531,0.65388965
-3.32866433,2.87874082,0.04216653,0.11677561,0.60641879,1.78331710,0.38733174,0.24540693,0.02219815,0.69831314
-3.32266133,3.03851517,0.04637015,0.12232236,0.63648090,1.88203806,0.40727314,0.25442610,0.02313821,0.74605231
-3.31665833,3.21191651,0.05082350,0.12860386,0.66846355,1.98975662,0.42797195,0.26485807,0.02416020,0.79686092
-3.31065533,3.39803796,0.05550005,0.13560295,0.70212491,2.10597365,0.44927613,0.27668197,0.02525658,0.85041830
-3.30465233,3.59562919,0.06036607,0.14328856,0.73717933,2.22995968,0.47101656,0.28984200,0.02641764,0.90633052
-3.29864932,3.80310681,0.06538059,0.15161593,0.77330165,2.36076032,0.49300924,0.30424739,0.02763159,0.96413339
-3.29264632,4.01857430,0.07049563,0.16052727,0.81013277,2.49720831,0.51505794,0.31977343,0.02888482,1.02329744
-3.28664332,4.23985102,0.07565672,0.16995272,0.84728599,2.63794176,0.53695715,0.33626329,0.03016210,1.08323463
-3.28064032,4.46450936,0.08080355,0.17981151,0.88435422,2.78142807,0.55849528,0.35353080,0.03144686,1.14330685
-3.27463732,4.68991925,0.08587097,0.19001342,0.92091761,2.92599283,0.57945791,0.37136392,0.03272156,1.20283587
-3.26863432,4.91329857,0.09079011,0.20046051,0.95655155,3.06985285,0.59963112,0.38952892,0.03396794,1.26111473
-3.26263132,5.13176849,0.09548982,0.21104896,0.99083485,3.21115238,0.61880477,0.40777511,0.03516750,1.31742036
-3.25662831,5.34241222,0.09989824,0.22167116,1.02335792,3.34800170,0.63677571,0.42583996,0.03630177,1.37102715
-3.25062531,5.54233588,0.10394452,0.23221789,1.05373098,3.47851683,0.65335094,0.44345453,0.03735274,1.42122132
-3.24462231,5.72873005,0.10756059,0.24258064,1.08159204,3.60085964,0.66835058,0.46034911,0.03830325,1.46731582
-3.23861931,5.89893076,0.11068308,0.25265404,1.10661466,3.71327731,0.68161080,0.47625882,0.03913731,1.50866541
-3.23261631,6.05047846,0.11325506,0.26233829,1.12851545,3.81414028,0.69298664,0.49092919,0.03984049,1.54468168
-3.22661331,6.18117381,0.11522780,0.27154159,1.14706108,3.90197785,0.70235474,0.50412149,0.04040026,1.57484764
-3.22061031,6.28912900,0.11656229,0.28018256,1.16207472,3.97551080,0.70961588,0.51561782,0.04080625,1.59873142
-3.21460730,6.37281345,0.11723058,0.28819249,1.17344188,4.03368028,0.71469753,0.52522574,0.04105058,1.61599879
-3.20860430,6.43109287,0.11721677,0.29551741,1.18111522,4.07567256,0.71755606,0.53278238,0.04112802,1.62642400
-3.20260130,6.46326068,0.11651774,0.30211994,1.18511829,4.10093895,0.71817880,0.53815806,0.04103624,1.62989860
-3.19659830,6.46906091,0.11514341,0.30798074,1.18554798,4.10921077,0.71658576,0.54125917,0.04077589,1.62643770
-3.19059530,6.44870196,0.11311672,0.31309955,1.18257530,4.10050895,0.71283100,0.54203040,0.04035066,1.61618360
-3.18459230,6.40286059,0.11047312,0.31749586,1.17644447,4.07514798,0.70700335,0.54045611,0.03976732,1.59940619
-3.17858929,6.33267589,0.10725969,0.32120887,1.16746993,4.03373434,0.69922676,0.53656099,0.03903563,1.57650017
-3.17258629,6.23973317,0.10353402,0.32429707,1.15603140,3.97715913,0.68965978,0.53040983,0.03816818,1.54797892
-3.16658329,6.12603777,0.09936258,0.32683707,1.14256672,3.90658516,0.67849445,0.52210642,0.03718026,1.51446504
-3.16058029,5.99397944,0.09481906,0.32892195,1.12756267,3.82342874,0.66595435,0.51179163,0.03608950,1.47667774
-3.15457729,5.84628783,0.08998237,0.33065901,1.11154385,3.72933621,0.65229189,0.49964074,0.03491560,1.43541740
-3.14857429,5.68598007,0.08493464,0.33216707,1.09505992,3.62615592,0.63778476,0.48585989,0.03367998,1.39154766
-3.14257129,5.51630164,0.07975913,0.33357325,1.07867149,3.51590596,0.62273182,0.47068191,0.03240526,1.34597558
-3.13656828,5.34066200,0.07453817,0.33500957,1.06293516,3.40073829,0.60744811,0.45436160,0.03111492,1.29963052
-3.13056528,5.16256626,0.06935133,0.33660920,1.04838816,3.28289990,0.59225954,0.43717040,0.02983275,1.25344226
-3.12456228,4.98554489,0.06427357,0.33850266,1.03553312,3.16469178,0.57749693,0.41939082,0.02858240,1.20831921
-3.11855928,4.81308273,0.05937381,0.34081414,1.02482364,3.04842638,0.56348989,0.40131061,0.02738688,1.16512724
-3.11255628,4.64854930,0.05471358,0.34365784,1.01665096,2.93638448,0.55056047,0.38321684,0.02626811,1.12466995
-3.10655328,4.49513172,0.05034609,0.34713466,1.01133255,2.83077213,0.53901673,0.36539008,0.02524647,1.08767072
-3.10055028,4.35577187,0.04631542,0.35132923,1.00910268,2.73367857,0.52914648,0.34809880,0.02434038,1.05475728
-3.09454727,4.23310905,0.04265619,0.35630740,1.01010566,2.64703590,0.52121116,0.33159414,0.02356593,1.02644902
-3.08854427,4.12942924,0.03939330,0.36211423,1.01439168,2.57258128,0.51544014,0.31610511,0.02293657,1.00314747
-3.08254127,4.04662195,0.03654203,0.36877251,1.02191560,2.51182233,0.51202537,0.30183449,0.02246282,0.98512998
-3.07653827,3.98614554,0.03410836,0.37628185,1.03253854,2.46600657,0.51111673,0.28895530,0.02215206,0.97254678
-3.07053527,3.94900141,0.03208939,0.38461838,1.04603225,2.43609546,0.51281790,0.27760813,0.02200840,0.96542128
-3.06453227,3.93571776,0.03047402,0.39373489,1.06208609,2.42274378,0.51718312,0.26789919,0.02203258,0.96365359
-3.05852926,3.94634299,0.02924371,0.40356159,1.08031624,2.42628478,0.52421470,0.25989930,0.02222195,0.96702690
-3.05252626,3.98044908,0.02837331,0.41400731,1.10027694,2.44672176,0.53386163,0.25364368,0.02257054,0.97521667
-3.04652326,4.03714483,0.02783206,0.42496113,1.12147324,2.48372643,0.54601907,0.24913257,0.02306919,0.98780202
-3.04052026,4.11509891,0.02758452,0.43629441,1.14337502,2.53664439,0.56052910,0.24633276,0.02370572,1.00427923
-3.03451726,4.21257236,0.02759165,0.44786321,1.16543171,2.60450787,0.57718258,0.24517976,0.02446527,1.02407683
-3.02851426,4.32746009,0.02781182,0.45951095,1.18708736,2.68605583,0.59572224,0.24558083,0.02533056,1.04657193
-3.02251126,4.45734071,0.02820188,0.47107143,1.20779569,2.77976122,0.61584700,0.24741852,0.02628234,1.07110735
-3.01650825,4.59953376,0.02871819,0.48237198,1.22703474,2.88386500,0.63721749,0.25055479,0.02729987,1.09700910
-3.01050525,4.75116318,0.02931763,0.49323689,1.24432074,2.99641636,0.65946262,0.25483555,0.02836134,1.12360399
-3.00450225,4.90922567,0.02995855,0.50349089,1.25922087,3.11531821,0.68218726,0.26009539,0.02944449,1.15023661
-2.99849925,5.07066232,0.03060172,0.51296275,1.27136471,3.23837704,0.70498061,0.26616257,0.03052711,1.17628554
-2.99249625,5.23243167,0.03121108,0.52148892,1.28045396,3.36335557,0.72742525,0.27286387,0.03158761,1.20117833
-2.98649325,5.39158212,0.03175453,0.52891711,1.28627040,3.48802707,0.74910655,0.28002931,0.03260554,1.22440470
-2.98049025,5.54532180,0.03220454,0.53510966,1.28868171,3.61022942,0.76962211,0.28749649,0.03356209,1.24552785
-2.97448724,5.69108350,0.03253859,0.53994683,1.28764507,3.72791746,0.78859097,0.29511452,0.03444051,1.26419334
-2.96848424,5.82658283,0.03273957,0.54332969,1.28320842,3.83921178,0.80566232,0.30274719,0.03522652,1.28013542
-2.96248124,5.94986753,0.03279590,0.54518261,1.27550930,3.94244235,0.82052332,0.31027554,0.03590855,1.29318061
-2.95647824,6.05935626,0.03270160,0.54545529,1.26477114,4.03618559,0.83290586,0.31759951,0.03647798,1.30324831
-2.95047524,6.15386561,0.03245612,0.54412423,1.25129718,4.11929343,0.84259196,0.32463875,0.03692917,1.31034857
-2.94447224,6.23262427,0.03206404,0.54119346,1.23546200,4.19091339,0.84941767,0.33133259,0.03725950,1.31457698
-2.93846923,6.29527384,0.03153465,0.53669469,1.21770083,4.25049903,0.85327535,0.33763908,0.03746924,1.31610695
-2.93246623,6.34185645,0.03088134,0.53068659,1.19849689,4.29781040,0.85411424,0.34353339,0.03756135,1.31517956
-2.92646323,6.37278952,0.03012094,0.52325344,1.17836705,4.33290442,0.85193942,0.34900541,0.03754120,1.31209140
-2.92046023,6.38882877,0.02927294,0.51450293,1.15784611,4.35611582,0.84680917,0.35405694,0.03741619,1.30718078
-2.91445723,6.39102101,0.02835869,0.50456336,1.13747021,4.36802936,0.83883092,0.35869853,0.03719541,1.30081294
-2.90845423,6.38064857,0.02740056,0.49358015,1.11775977,4.36944448,0.82815601,0.36294616,0.03688911,1.29336458
-2.90245123,6.35916773,0.02642110,0.48171188,1.09920257,4.36133396,0.81497344,0.36681796,0.03650838,1.28520847
-2.89644822,6.32814352,0.02544230,0.46912590,1.08223740,4.34479829,0.79950301,0.37033125,0.03606459,1.27669864
-2.89044522,6.28918383,0.02448479,0.45599373,1.06723888,4.32101770,0.78198804,0.37349991,0.03556907,1.26815663
-2.88444222,6.24387533,0.02356731,0.44248634,1.05450411,4.29120387,0.76268797,0.37633246,0.03503265,1.25985944
-2.87843922,6.19372400,0.02270611,0.42876952,1.04424147,4.25655342,0.74187120,0.37883069,0.03446543,1.25202944
-2.87243622,6.14010268,0.02191457,0.41499956,1.03656225,4.21820513,0.71980838,0.38098920,0.03387645,1.24482685
-2.86643322,6.08420795,0.02120298,0.40131927,1.03147533,4.17720273,0.69676641,0.38279564,0.03327353,1.23834487
-2.86043022,6.02702788,0.02057833,0.38785470,1.02888540,4.13446475,0.67300321,0.38423175,0.03266316,1.23260770
-2.85442721,5.96932215,0.02004434,0.37471245,1.02859475,4.09076280,0.64876361,0.38527518,0.03205045,1.22757159
-2.84842421,5.91161525,0.01960158,0.36197795,1.03030885,4.04670898,0.62427621,0.38590178,0.03143917,1.22312879
-2.84242121,5.85420264,0.01924768,0.34971448,1.03364550,4.00275289,0.59975132,0.38608843,0.03083181,1.21911420
-2.83641821,5.79716969,0.01897763,0.33796325,1.03814748,3.95918807,0.57538004,0.38581611,0.03022978,1.21531463
-2.83041521,5.74042198,0.01878419,0.32674429,1.04329820,3.91616739,0.55133413,0.38507300,0.02963355,1.21148003
-2.82441221,5.68372535,0.01865833,0.31605830,1.04853989,3.87372631,0.52776684,0.38385752,0.02904293,1.20733643
-2.81840920,5.62675348,0.01858973,0.30588915,1.05329368,3.83181251,0.50481437,0.38218100,0.02845725,1.20259990
-2.81240620,5.56914029,0.01856723,0.29620708,1.05698081,3.79032017,0.48259772,0.38006983,0.02787568,1.19699093
-2.80640320,5.51053428,0.01857935,0.28697234,1.05904409,3.74912678,0.46122493,0.37756702,0.02729743,1.19024873
-2.80040020,5.45065178,0.01861474,0.27813909,1.05896884,3.70813034,0.44079329,0.37473296,0.02672201,1.18214461
-2.79439720,5.38932598,0.01866258,0.26965937,1.05630234,3.66728465,0.42139151,0.37164528,0.02614939,1.17249396
-2.78839420,5.32654917,0.01871298,0.26148698,1.05067099,3.62663062,0.40310158,0.36839791,0.02558019,1.16116624
-2.78239120,5.26250538,0.01875720,0.25358093,1.04179448,3.58632166,0.38600020,0.36509929,0.02501578,1.14809256
-2.77638819,5.19759181,0.01878792,0.24590854,1.02949629,3.54664159,0.37015973,0.36186971,0.02445832,1.13327041
-2.77038519,5.13242749,0.01879936,0.23844772,1.01371022,3.50801400,0.35564857,0.35883803,0.02391080,1.11676549
-2.76438219,5.06784864,0.01878729,0.23118868,0.99448242,3.47100218,0.34253096,0.35613776,0.02337692,1.09871039
-2.75837919,5.00489076,0.01874905,0.22413470,0.97196927,3.43629983,0.33086622,0.35390287,0.02286107,1.07930035
-2.75237619,4.94475826,0.01868341,0.21730213,0.94643082,3.40471262,0.32070760,0.35226320,0.02236810,1.05878630
-2.74637319,4.88878329,0.01859046,0.21071961,0.91822053,3.37713177,0.31210065,0.35134003,0.02190319,1.03746546
-2.74037019,4.83837562,0.01847134,0.20442651,0.88777160,3.35450086,0.30508152,0.35124164,0.02147158,1.01567013
-2.73436718,4.79496627,0.01832807,0.19847079,0.85558067,3.33777766,0.29967502,0.35205933,0.02107836,0.99375508
-2.72836418,4.75994783,0.01816326,0.19290636,0.82218965,3.32789295,0.29589292,0.35386385,0.02072825,0.97208425
-2.72236118,4.73461422,0.01797983,0.18779017,0.78816648,3.32570843,0.29373235,0.35670252,0.02042530,0.95101736
-2.71635818,4.72010317,0.01778082,0.18317901,0.75408581,3.33197584,0.29317467,0.36059707,0.02017272,0.93089704
-2.71035518,4.71734395,0.01756911,0.17912649,0.72051024,3.34729938,0.29418475,0.36554229,0.01997271,0.91203698
-2.70435218,4.72701297,0.01734726,0.17568003,0.68797303,3.37210310,0.29671081,0.37150561,0.01982623,0.89471172
-2.69834917,4.74949904,0.01711738,0.17287826,0.65696276,3.40660500,0.30068495,0.37842749,0.01973298,0.87914829
-2.69234617,4.78487994,0.01688097,0.17074876,0.62791068,3.45079865,0.30602412,0.38622273,0.01969129,0.86552009
-2.68634317,4.83291088,0.01663896,0.16930638,0.60118077,3.50444336,0.31263184,0.39478259,0.01969813,0.85394313
-2.68034017,4.89302524,0.01639161,0.16855212,0.57706305,3.56706304,0.32040026,0.40397759,0.01974916,0.84447452
-2.67433717,4.96434719,0.01613864,0.16847252,0.55576987,3.63795357,0.32921271,0.41366099,0.01983883,0.83711336
-2.66833417,5.04571527,0.01587923,0.16903978,0.53743531,3.71619839,0.33894648,0.42367282,0.01996048,0.83180365
-2.66233117,5.13571553,0.01561218,0.17021235,0.52211726,3.80069124,0.34947576,0.43384418,0.02010657,0.82843899
-2.65632816,5.23272283,0.01533601,0.17193607,0.50980205,3.89016514,0.36067456,0.44400186,0.02026884,0.82686882
-2.65032516,5.33494807,0.01504912,0.17414579,0.50041098,3.98322631,0.37241948,0.45397300,0.02043853,0.82690582
-2.64432216,5.44048963,0.01474987,0.17676730,0.49380857,4.07839147,0.38459225,0.46358969,0.02060668,0.82833401
-2.63831916,5.54738678,0.01443678,0.17971960,0.48981187,4.17412746,0.39708191,0.47269334,0.02076425,0.83091732
-2.63231616,5.65367334,0.01410859,0.18291736,0.48820045,4.26889130,0.40978655,0.48113870,0.02090247,0.83440819
-2.62631316,5.75742952,0.01376439,0.18627339,0.48872661,4.36116982,0.42261463,0.48879745,0.02101297,0.83855595
-2.62031016,5.85683066,0.01340365,0.18970124,0.49112550,4.44951729,0.43548583,0.49556111,0.02108800,0.84311465
-2.61430715,5.95019125,0.01302630,0.19311762,0.49512463,4.53259020,0.44833148,0.50134343,0.02112059,0.84785021
-2.60830415,6.03600328,0.01263274,0.19644471,0.50045274,4.60917814,0.46109455,0.50608194,0.02110472,0.85254656
-2.60230115,6.11296802,0.01222382,0.19961219,0.50684754,4.67823013,0.47372942,0.50973885,0.02103538,0.85701084
-2.59629815,6.18002069,0.01180082,0.20255902,0.51406239,4.73887569,0.48620127,0.51230112,0.02090867,0.86107737
-2.59029515,6.23634752,0.01136540,0.20523484,0.52187159,4.79044042,0.49848542,0.51377984,0.02072187,0.86461053
-2.58429215,6.28139531,0.01091956,0.20760096,0.53007442,4.83245567,0.51056644,0.51420889,0.02047337,0.86750632
-2.57828914,6.31487318,0.01046556,0.20963098,0.53849778,4.86466224,0.52243728,0.51364302,0.02016277,0.86969283
-2.57228614,6.33674715,0.01000585,0.21131091,0.54699747,4.88700826,0.53409833,0.51215530,0.01979076,0.87112956
-2.56628314,6.34722765,0.00954300,0.21263891,0.55545830,4.89964144,0.54555644,0.50983423,0.01935908,0.87180561
-2.56028014,6.34675072,0.00907963,0.21362453,0.56379292,4.90289588,0.55682395,0.50678042,0.01887048,0.87173697
-2.55427714,6.33595356,0.00861834,0.21428759,0.57193972,4.89727430,0.56791772,0.50310311,0.01832859,0.87096300
-2.54827414,6.31564541,0.00816167,0.21465675,0.57985985,4.88342606,0.57885797,0.49891659,0.01773782,0.86954212
-2.54227114,6.28677470,0.00771207,0.21476772,0.58753349,4.86212189,0.58966719,0.49433663,0.01710330,0.86754712
-2.53626813,6.25039368,0.00727181,0.21466126,0.59495577,4.83422625,0.60036884,0.48947703,0.01643070,0.86506012
-2.53026513,6.20762175,0.00684299,0.21438108,0.60213233,4.80066825,0.61098593,0.48444649,0.01572616,0.86216735
-2.52426213,6.15960872,0.00642750,0.21397169,0.60907491,4.76241226,0.62153955,0.47934572,0.01499617,0.85895420
-2.51825913,6.10749935,0.00602703,0.21347628,0.61579715,4.72042908,0.63204727,0.47426500,0.01424743,0.85550045
-2.51225613,6.05240025,0.00564304,0.21293476,0.62231071,4.67566880,0.64252150,0.46928221,0.01348674,0.85187612
-2.50625313,5.99535038,0.00527675,0.21238206,0.62862201,4.62903626,0.65296794,0.46446136,0.01272090,0.84813799
-2.50025013,5.93729583,0.00492917,0.21184667,0.63472973,4.58136959,0.66338409,0.45985167,0.01195661,0.84432699
-2.49424712,5.87906979,0.00460108,0.21134960,0.64062303,4.53342274,0.67375800,0.45548710,0.01120036,0.84046650
-2.48824412,5.82137793,0.00429305,0.21090378,0.64628072,4.48585205,0.68406730,0.45138644,0.01045830,0.83656168
-2.48224112,5.76478938,0.00400545,0.21051377,0.65167127,4.43920715,0.69427861,0.44755389,0.00973624,0.83259985
-2.47623812,5.70973317,0.00373844,0.21017600,0.65675366,4.39392593,0.70434743,0.44397994,0.00903949,0.82855170
-2.47023512,5.65649966,0.00349205,0.20987938,0.66147895,4.35033350,0.71421839,0.44064276,0.00837283,0.82437349
-2.46423212,5.60524642,0.00326611,0.20960620,0.66579244,4.30864437,0.72382613,0.43750964,0.00774046,0.82000981
-2.45822911,5.55600763,0.00306035,0.20933342,0.66963626,4.26896759,0.73309654,0.43453889,0.00714596,0.81539700
-2.45222611,5.50870628,0.00287439,0.20903409,0.67295219,4.23131393,0.74194843,0.43168159,0.00659223,0.81046679
-2.44622311,5.46316822,0.00270775,0.20867896,0.67568461,4.19560476,0.75029555,0.42888361,0.00608151,0.80515010
-2.44022011,5.41913718,0.00255994,0.20823814,0.67778325,4.16168180,0.75804882,0.42608741,0.00561537,0.79938081
-2.43421711,5.37629036,0.00243042,0.20768271,0.67920575,4.12931757,0.76511868,0.42323395,0.00519469,0.79309919
-2.42821411,5.33425375,0.00231871,0.20698631,0.67991987,4.09822603,0.77141750,0.42026433,0.00481974,0.78625506
-2.42221111,5.29261715,0.00222437,0.20612654,0.67990519,4.06807343,0.77686177,0.41712136,0.00449017,0.77881040
-2.41620810,5.25094880,0.00214707,0.20508617,0.67915442,4.03848935,0.78137423,0.41375099,0.00420508,0.77074141
-2.41020510,5.20880967,0.00208660,0.20385421,0.67767423,4.00907814,0.78488565,0.41010352,0.00396309,0.76204009
-2.40420210,5.16576770,0.00204297,0.20242666,0.67548567,3.97943089,0.78733635,0.40613476,0.00376242,0.75271525
-2.39819910,5.12141242,0.00201637,0.20080718,0.67262431,3.94913839,0.78867741,0.40180702,0.00360095,0.74279308
-2.39219610,5.07537019,0.00200725,0.19900739,0.66914009,3.91780521,0.78887154,0.39709002,0.00347633,0.73231736
-2.38619310,5.02732042,0.00201637,0.19704709,0.66509709,3.88506513,0.78789377,0.39196179,0.00338605,0.72134940
-2.38019010,4.97701282,0.00204478,0.19495430,0.66057327,3.85059785,0.78573192,0.38640946,0.00332761,0.70996775
-2.37418709,4.92428561,0.00209385,0.19276508,0.65566014,3.81414682,0.78238689,0.38043010,0.00329854,0.69826789
-2.36818409,4.86908424,0.00216530,0.19052324,0.65046258,3.77553775,0.77787300,0.37403148,0.00329654,0.68636174
-2.36218109,4.81148013,0.00226121,0.18827993,0.64509862,3.73469710,0.77221829,0.36723286,0.00331959,0.67437721
-2.35617809,4.75168827,0.00238396,0.18609306,0.63969925,3.69166973,0.76546490,0.36006569,0.00336602,0.66245762
-2.35017509,4.69008267,0.00253626,0.18402653,0.63440812,3.64663446,0.75766951,0.35257417,0.00343456,0.65076104
-2.34417209,4.62720831,0.00272105,0.18214936,0.62938094,3.59991659,0.74890386,0.34481570,0.00352448,0.63945932
-2.33816908,4.56378815,0.00294151,0.18053454,0.62478458,3.55199596,0.73925527,0.33686112,0.00363554,0.62873689
-2.33216608,4.50072379,0.00320092,0.17925771,0.62079561,3.50350948,0.72882715,0.32879458,0.00376808,0.61878893
-2.32616308,4.43908876,0.00350262,0.17839558,0.61759810,3.45524717,0.71773926,0.32071312,0.00392299,0.60981911
-2.32016008,4.38011321,0.00384983,0.17802409,0.61538069,3.40814081,0.70612769,0.31272575,0.00410169,0.60203648
-2.31415708,4.32515974,0.00424560,0.17821636,0.61433272,3.36324496,0.69414445,0.30495211,0.00430610,0.59565163
-2.30815408,4.27569010,0.00469261,0.17904035,0.61463949,3.32171028,0.68195638,0.29752058,0.00453853,0.59087202
-2.30215108,4.23322319,0.00519304,0.18055643,0.61647666,3.28474945,0.66974339,0.29056586,0.00480160,0.58789651
-2.29614807,4.19928559,0.00574842,0.18281474,0.62000393,3.25359688,0.65769590,0.28422604,0.00509810,0.58690916
-2.29014507,4.17535591,0.00635946,0.18585264,0.62535821,3.22946329,0.64601139,0.27863929,0.00543090,0.58807256
-2.28414207,4.16280529,0.00702591,0.18969213,0.63264649,3.21348704,0.63489008,0.27394005,0.00580273,0.59152073
-2.27813907,4.16283642,0.00774644,0.19433753,0.64193895,3.20668433,0.62452987,0.27025511,0.00621609,0.59735208
-2.27213607,4.17642401,0.00851852,0.19977357,0.65326237,3.20990056,0.61512052,0.26769941,0.00667306,0.60562267
-2.26613307,4.20425975,0.00933837,0.20596382,0.66659463,3.22376525,0.60683742,0.26637207,0.00717515,0.61634010
-2.26013007,4.24670471,0.01020090,0.21284987,0.68186033,3.24865310,0.59983511,0.26635243,0.00772321,0.62945852
-2.25412706,4.30375218,0.01109973,0.22035113,0.69892821,3.28465332,0.59424082,0.26769671,0.00831730,0.64487501
-2.24812406,4.37500332,0.01202725,0.22836550,0.71761050,3.33154930,0.59014851,0.27043507,0.00895664,0.66242776
-2.24212106,4.45965790,0.01297472,0.23677092,0.73766452,3.38881030,0.58761357,0.27456953,0.00963954,0.68189626
-2.23611806,4.55652126,0.01393244,0.24542772,0.75879661,3.45559594,0.58664858,0.28007274,0.01036347,0.70300369
-2.23011506,4.66402823,0.01488995,0.25418198,0.78066846,3.53077426,0.58722048,0.28688770,0.01112504,0.72542166
-2.22411206,4.78028387,0.01583626,0.26286947,0.80290564,3.61295293,0.58924939,0.29492865,0.01192017,0.74877720
-2.21810905,4.90311974,0.01676015,0.27132042,0.82510818,3.70052280,0.59260911,0.30408285,0.01274415,0.77266183
-2.21210605,5.03016392,0.01765049,0.27936471,0.84686271,3.79171219,0.59712962,0.31421359,0.01359187,0.79664266
-2.20610305,5.15892204,0.01849649,0.28683733,0.86775579,3.88464982,0.60260138,0.32516395,0.01445794,0.82027478
-2.20010005,5.28686581,0.01928807,0.29358396,0.88738775,3.97743368,0.60878143,0.33676145,0.01533699,0.84311480
-2.19409705,5.41152526,0.02001612,0.29946632,0.90538658,4.06820281,0.61540102,0.34882324,0.01622379,0.86473479
-2.18809405,5.53058052,0.02067280,0.30436713,0.92142097,4.15520865,0.62217448,0.36116173,0.01711353,0.88473611
-2.18209105,5.64194864,0.02125172,0.30819442,0.93521221,4.23688273,0.62880898,0.37359017,0.01800196,0.90276244
-2.17608804,5.74386149,0.02174815,0.31088498,0.94654405,4.31189732,0.63501472,0.38592826,0.01888555,0.91851148
-2.17008504,5.83493072,0.02215911,0.31240672,0.95527022,4.37921613,0.64051506,0.39800719,0.01976165,0.93174471
-2.16408204,5.91419673,0.02248347,0.31275996,0.96131916,4.43813253,0.64505624,0.40967411,0.02062849,0.94229474
-2.15807904,5.98115895,0.02272183,0.31197742,0.96469577,4.48829328,0.64841607,0.42079571,0.02148521,0.95007000
-2.15207604,6.03578601,0.02287656,0.31012299,0.96547998,4.52970668,0.65041134,0.43126076,0.02233183,0.95505631
-2.14607304,6.07850505,0.02295157,0.30728936,0.96382229,4.56273437,0.65090361,0.44098160,0.02316910,0.95731557
-2.14007004,6.11017074,0.02295215,0.30359442,0.95993651,4.58806732,0.64980307,0.44989444,0.02399834,0.95698127
-2.13406703,6.13201542,0.02288471,0.29917689,0.95408995,4.60668700,0.64707045,0.45795862,0.02482124,0.95425143
-2.12806403,6.14558282,0.02275653,0.29419108,0.94659168,4.61981361,0.64271692,0.46515483,0.02563957,0.94937902
-2.12206103,6.15264857,0.02257546,0.28880125,0.93777929,4.62884382,0.63680201,0.47148258,0.02645495,0.94266055
-2.11605803,6.15513165,0.02234962,0.28317564,0.92800499,4.63528112,0.62942994,0.47695701,0.02726852,0.93442327
-2.11005503,6.15500085,0.02208710,0.27748058,0.91762146,4.64066212,0.62074432,0.48160549,0.02808067,0.92501171
-2.10405203,6.15418128,0.02179573,0.27187480,0.90696839,4.64648249,0.61092191,0.48546393,0.02889081,0.91477421
-2.09804902,6.15446530,0.02148281,0.26650434,0.89636011,4.65412607,0.60016554,0.48857352,0.02969716,0.90405000
-2.09204602,6.15743236,0.02115497,0.26149807,0.88607505,4.66480078,0.58869668,0.49097772,0.03049659,0.89315754
-2.08604302,6.16438171,0.02081795,0.25696419,0.87634734,4.67948431,0.57674814,0.49271997,0.03128454,0.88238456
-2.08004002,6.17628115,0.02047659,0.25298770,0.86736096,4.69888235,0.56455704,0.49384213,0.03205506,0.87198030
-2.07403702,6.19373418,0.02013477,0.24962899,0.85924666,4.72340129,0.55235848,0.49438382,0.03280087,0.86215005
-2.06803402,6.21696711,0.01979541,0.24692345,0.85208157,4.75313671,0.54038014,0.49438255,0.03351359,0.85305230
-2.06203102,6.24583632,0.01946060,0.24488233,0.84589157,4.78787803,0.52883778,0.49387472,0.03418395,0.84479845
-2.05602801,6.27985504,0.01913164,0.24349441,0.84065610,4.82712909,0.51793193,0.49289726,0.03480220,0.83745486
-2.05002501,6.31823798,0.01880929,0.24272869,0.83631506,4.87014336,0.50784551,0.49148970,0.03535847,0.83104698
-2.04402201,6.35996109,0.01849388,0.24253772,0.83277736,4.91597182,0.49874247,0.48969656,0.03584325,0.82556528
-2.03801901,6.40383307,0.01818552,0.24286144,0.82993057,4.96352109,0.49076714,0.48756973,0.03624784,0.82097233
-2.03201601,6.44857456,0.01788435,0.24363141,0.82765115,5.01161846,0.48404419,0.48517050,0.03656488,0.81721075
-2.02601301,6.49290071,0.01759071,0.24477501,0.82581461,5.05908056,0.47867899,0.48257123,0.03678876,0.81421120
-2.02001001,6.53560241,0.01730532,0.24621965,0.82430508,5.10478182,0.47475807,0.47985618,0.03691604,0.81190027
-2.01400700,6.57562192,0.01702946,0.24789652,0.82302367,5.14771926,0.47234956,0.47712153,0.03694580,0.81020744
-2.00800400,6.61211872,0.01676507,0.24974395,0.82189536,5.18707002,0.47150351,0.47447443,0.03687989,0.80907095
-2.00200100,6.64452201,0.01651490,0.25171000,0.82087388,5.22223874,0.47225180,0.47203102,0.03672306,0.80844220
-1.99599800,6.67256719,0.01628246,0.25375439,0.81994448,5.25289216,0.47460779,0.46991355,0.03648300,0.80828855
-1.98999500,6.69631436,0.01607211,0.25584949,0.81912441,5.27897926,0.47856566,0.46824661,0.03617022,0.80859426
-1.98399200,6.71614802,0.01588895,0.25798049,0.81846121,5.30073581,0.48409944,0.46715276,0.03579786,0.80935992
-1.97798899,6.73275803,0.01573873,0.26014479,0.81802890,5.31867325,0.49116194,0.46674767,0.03538129,0.81060013
-1.97198599,6.74710306,0.01562771,0.26235050,0.81792236,5.33355242,0.49968364,0.46713513,0.03493772,0.81234008
-1.96598299,6.76035857,0.01556250,0.26461439,0.81825033,5.34634373,0.50957189,0.46840215,0.03448558,0.81461092
-1.95997999,6.77385217,0.01554981,0.26695927,0.81912728,5.35817573,0.52071031,0.47061445,0.03404396,0.81744458
-1.95397699,6.78898989,0.01559625,0.26941098,0.82066489,5.37027483,0.53295886,0.47381256,0.03363193,0.82086825
-1.94797399,6.80717719,0.01570803,0.27199530,0.82296337,5.38389943,0.54615447,0.47800882,0.03326781,0.82489900
-1.94197099,6.82973885,0.01589074,0.27473478,0.82610334,5.40027161,0.56011246,0.48318538,0.03296857,0.82953875
-1.93596798,6.85784184,0.01614910,0.27764585,0.83013853,5.42050988,0.57462879,0.48929331,0.03274912,0.83476998
-1.92996498,6.89242485,0.01648667,0.28073616,0.83508982,5.44556632,0.58948295,0.49625298,0.03262178,0.84055247
-1.92396198,6.93413788,0.01690566,0.28400259,0.84094078,5.47617099,0.60444179,0.50395557,0.03259577,0.84682112
-1.91795898,6.98329474,0.01740672,0.28742971,0.84763508,5.51278620,0.61926370,0.51226568,0.03267682,0.85348495
-1.91195598,7.03984031,0.01798880,0.29098904,0.85507570,5.55557264,0.63370342,0.52102492,0.03286697,0.86042749
-1.90595298,7.10333397,0.01864903,0.29463899,0.86312607,5.60436859,0.64751702,0.53005640,0.03316438,0.86750822
-1.89994997,7.17294952,0.01938261,0.29832545,0.87161299,5.65868313,0.66046694,0.53916968,0.03356338,0.87456519
-1.89394697,7.24749130,0.02018289,0.30198316,0.88033110,5.71770308,0.67232696,0.54816628,0.03405466,0.88141855
-1.88794397,7.32542540,0.02104129,0.30553762,0.88904880,5.78031331,0.68288675,0.55684520,0.03462551,0.88787484
-1.88194097,7.40492432,0.02194750,0.30890745,0.89751506,5.84512902,0.69195600,0.56500856,0.03526025,0.89373182
-1.87593797,7.48392285,0.02288955,0.31200714,0.90546713,5.91053863,0.69936790,0.57246680,0.03594076,0.89878367
-1.86993497,7.56018262,0.02385407,0.31475004,0.91263842,5.97475494,0.70498196,0.57904363,0.03664708,0.90282628
-1.86393197,7.63136261,0.02482650,0.31705135,0.91876655,6.03587267,0.70868598,0.58458026,0.03735803,0.90566254
-1.85792896,7.69509268,0.02579138,0.31883111,0.92360106,6.09192965,0.71039739,0.58893899,0.03805194,0.90710741
-1.85192596,7.74904731,0.02673271,0.32001689,0.92691052,6.14096964,0.71006370,0.59200603,0.03870735,0.90699258
-1.84592296,7.79101702,0.02763426,0.32054625,0.92848891,6.18110405,0.70766238,0.59369349,0.03930363,0.90517075
-1.83991996,7.81897485,0.02848001,0.32036867,0.92816096,6.21057072,0.70320008,0.59394046,0.03982168,0.90151926
-1.83391696,7.83113591,0.02925444,0.31944708,0.92578643,6.22778768,0.69671132,0.59271342,0.04024445,0.89594316
-1.82791396,7.82600827,0.02994298,0.31775883,0.92126319,6.23140022,0.68825681,0.59000570,0.04055740,0.88837754
-1.82191096,7.80243382,0.03053234,0.31529603,0.91452914,6.22031999,0.67792136,0.58583630,0.04074890,0.87878915
-1.81590795,7.75961812,0.03101086,0.31206553,0.90556296,6.19375513,0.66581164,0.58024812,0.04081044,0.86717731
-1.80990495,7.69714886,0.03136878,0.30808820,0.89438371,6.15123074,0.65205367,0.57330552,0.04073681,0.85357407
-1.80390195,7.61500276,0.03159850,0.30339795,0.88104949,6.09259954,0.63679030,0.56509158,0.04052604,0.83804357
-1.79789895,7.51354120,0.03169479,0.29804029,0.86565516,6.01804262,0.62017854,0.55570492,0.04017935,0.82068077
-1.79189595,7.39349533,0.03165485,0.29207062,0.84832934,5.92806086,0.60238697,0.54525641,0.03970088,0.80160946
-1.78589295,7.25594155,0.03147843,0.28555240,0.82923072,5.82345755,0.58359304,0.53386577,0.03909743,0.78097965
-1.77988994,7.10226877,0.03116780,0.27855514,0.80854398,5.70531339,0.56398049,0.52165817,0.03837807,0.75896438
-1.77388694,6.93413883,0.03072763,0.27115247,0.78647529,5.57495489,0.54373682,0.50876108,0.03755368,0.73575616
-1.76788394,6.75344182,0.03016486,0.26342025,0.76324773,5.43391769,0.52305073,0.49530128,0.03663653,0.71156294
-1.76188094,6.56224814,0.02948848,0.25543482,0.73909649,5.28390632,0.50210975,0.48140233,0.03563978,0.68660394
-1.75587794,6.36275895,0.02870925,0.24727142,0.71426424,5.12675180,0.48109789,0.46718238,0.03457704,0.66110536
-1.74987494,6.15725689,0.02783944,0.23900293,0.68899657,4.96436890,0.46019347,0.45275251,0.03346194,0.63529606
-1.74387194,5.94805859,0.02689242,0.23069877,0.66353772,4.79871434,0.43956703,0.43821566,0.03230780,0.60940348
-1.73786893,5.73747045,0.02588238,0.22242409,0.63812651,4.63174728,0.41937942,0.42366591,0.03112727,0.58364978
-1.73186593,5.52774881,0.02482391,0.21423918,0.61299275,4.46539335,0.39978009,0.40918847,0.02993210,0.55824838
-1.72586293,5.32106525,0.02373170,0.20619915,0.58835390,4.30151288,0.38090553,0.39485994,0.02873303,0.53340094
-1.71985993,5.11947765,0.02262019,0.19835369,0.56441226,4.14187406,0.36287797,0.38074909,0.02753962,0.50929487
-1.71385693,4.92490700,0.02150330,0.19074708,0.54135245,3.98813103,0.34580421,0.36691784,0.02636030,0.48610132
-1.70785393,4.73911975,0.02039411,0.18341821,0.51933939,3.84180711,0.32977480,0.35342247,0.02520234,0.46397370
-1.70185093,4.56371521,0.01930475,0.17640072,0.49851667,3.70428247,0.31486330,0.34031486,0.02407197,0.44304670
-1.69584792,4.40011710,0.01824611,0.16972316,0.47900523,3.57678578,0.30112587,0.32764376,0.02297448,0.42343571
-1.68984492,4.24956836,0.01722782,0.16340906,0.46090251,3.46038898,0.28860107,0.31545581,0.02191435,0.40523659
-1.68384192,4.11312811,0.01625812,0.15747714,0.44428185,3.35600411,0.27730985,0.30379637,0.02089538,0.38852570
-1.67783892,3.99166967,0.01534387,0.15194131,0.42919230,3.26438140,0.26725582,0.29271007,0.01992083,0.37336013
-1.67183592,3.88587882,0.01449052,0.14681080,0.41565874,3.18610759,0.25842571,0.28224093,0.01899352,0.35977804
-1.66583292,3.79625133,0.01370215,0.14209017,0.40368227,3.12160374,0.25079012,0.27243215,0.01811591,0.34779908
-1.65982991,3.72308954,0.01298160,0.13777937,0.39324100,3.07112210,0.24430449,0.26332556,0.01729019,0.33742477
-1.65382691,3.66649763,0.01233050,0.13387382,0.38429113,3.03474172,0.23891032,0.25496068,0.01651825,0.32863897
-1.64782391,3.62637600,0.01174942,0.13036454,0.37676832,3.01236300,0.23453668,0.24737360,0.01580173,0.32140833
-1.64182091,3.60241513,0.01123796,0.12723833,0.37058951,3.00370156,0.23110193,0.24059568,0.01514193,0.31568281
-1.63581791,3.59408994,0.01079491,0.12447812,0.36565496,3.00828221,0.22851570,0.23465222,0.01453983,0.31139628
-1.62981491,3.60065580,0.01041837,0.12206335,0.36185065,3.02543403,0.22668108,0.22956109,0.01399599,0.30846737
-1.62381191,3.62114739,0.01010588,0.11997055,0.35905101,3.05428789,0.22549702,0.22533167,0.01351050,0.30680047
-1.61780890,3.65438190,0.00985453,0.11817393,0.35712191,3.09377742,0.22486083,0.22196393,0.01308296,0.30628716
-1.61180590,3.69896775,0.00966112,0.11664624,0.35592381,3.14264499,0.22467080,0.21944790,0.01271241,0.30680790
-1.60580290,3.75331999,0.00952225,0.11535947,0.35531517,3.19945364,0.22482877,0.21776362,0.01239735,0.30823420
-1.59979990,3.81568299,0.00943441,0.11428587,0.35515581,3.26260573,0.22524268,0.21688139,0.01213575,0.31043118
-1.59379690,3.88416093,0.00939409,0.11339873,0.35531035,3.33036889,0.22582894,0.21676263,0.01192512,0.31326048
-1.58779390,3.95675572,0.00939787,0.11267327,0.35565147,3.40090914,0.22651455,0.21736106,0.01176256,0.31658358
-1.58179090,4.03141170,0.00944244,0.11208742,0.35606296,3.47233064,0.22723882,0.21862429,0.01164489,0.32026524
-1.57578789,4.10606580,0.00952469,0.11162240,0.35644241,3.54272106,0.22795478,0.22049569,0.01156874,0.32417712
-1.56978489,4.17870134,0.00964174,0.11126325,0.35670345,3.61020093,0.22862998,0.22291649,0.01153077,0.32820134
-1.56378189,4.24740327,0.00979090,0.11099904,0.35677750,3.67297506,0.22924676,0.22582785,0.01152772,0.33223381
-1.55777889,4.31041225,0.00996976,0.11082296,0.35661484,3.72938364,0.22980201,0.22917300,0.01155661,0.33618720
-1.55177589,4.36617498,0.01017607,0.11073209,0.35618503,3.77795056,0.23030621,0.23289907,0.01161487,0.33999327
-1.54577289,4.41338809,0.01040779,0.11072704,0.35547665,3.81742653,0.23078200,0.23695864,0.01170044,0.34360461
-1.53976988,4.45103312,0.01066297,0.11081126,0.35449633,3.84682453,0.23126218,0.24131096,0.01181184,0.34699545
-1.53376688,4.47840060,0.01093975,0.11099027,0.35326707,3.86544565,0.23178724,0.24592249,0.01194826,0.35016161
-1.52776388,4.49510178,0.01123625,0.11127069,0.35182604,3.87289378,0.23240265,0.25076710,0.01210951,0.35311947
-1.52176088,4.50106707,0.01155054,0.11165918,0.35022179,3.86907826,0.23315578,0.25582551,0.01229609,0.35590404
-1.51575788,4.49653131,0.01188051,0.11216140,0.34851112,3.85420411,0.23409296,0.26108432,0.01250903,0.35856614
-1.50975488,4.48200641,0.01222388,0.11278092,0.34675565,3.82875051,0.23525647,0.26653449,0.01274987,0.36116888
-1.50375188,4.45824304,0.01257808,0.11351828,0.34501832,3.79343849,0.23668186,0.27216944,0.01302051,0.36378355
-1.49774887,4.42618336,0.01294024,0.11437019,0.34335996,3.74918989,0.23839577,0.27798289,0.01332308,0.36648521
-1.49174587,4.38690760,0.01330714,0.11532890,0.34183611,3.69707968,0.24041416,0.28396657,0.01365976,0.36934813
-1.48574287,4.34157754,0.01367526,0.11638189,0.34049411,3.63828446,0.24274130,0.29010804,0.01403265,0.37244133
-1.47973987,4.29138002,0.01404071,0.11751176,0.33937087,3.57403008,0.24536956,0.29638864,0.01444361,0.37582456
-1.47373687,4.23747377,0.01439933,0.11869648,0.33849109,3.50554116,0.24827986,0.30278195,0.01489406,0.37954484
-1.46773387,4.18094245,0.01474675,0.11990993,0.33786627,3.43399513,0.25144303,0.30925268,0.01538491,0.38363370
-1.46173087,4.12275627,0.01507839,0.12112266,0.33749446,3.36048334,0.25482177,0.31575633,0.01591645,0.38810542
-1.45572786,4.06374407,0.01538967,0.12230300,0.33736065,3.28598067,0.25837336,0.32223950,0.01648819,0.39295620
-1.44972486,4.00457701,0.01567601,0.12341826,0.33743794,3.21132513,0.26205272,0.32864104,0.01709891,0.39816429
-1.44372186,3.94576409,0.01593300,0.12443613,0.33768925,3.13720765,0.26581583,0.33489393,0.01774657,0.40369112
-1.43771886,3.88765910,0.01615652,0.12532619,0.33806960,3.06417206,0.26962318,0.34092790,0.01842835,0.40948328
-1.43171586,3.83047778,0.01634281,0.12606126,0.33852872,2.99262413,0.27344313,0.34667260,0.01914068,0.41547516
-1.42571286,3.77432324,0.01648862,0.12661886,0.33901386,2.92284857,0.27725486,0.35206115,0.01987929,0.42159212
-1.41970985,3.71921757,0.01659129,0.12698236,0.33947268,2.85503179,0.28105075,0.35703399,0.02063933,0.42775399
-1.41370685,3.66513667,0.01664884,0.12714196,0.33985606,2.78928855,0.28483809,0.36154264,0.02141547,0.43387859
-1.40770385,3.61204587,0.01666002,0.12709538,0.34012058,2.72568999,0.28863982,0.36555326,0.02220200,0.43988516
-1.40170085,3.55993346,0.01662432,0.12684826,0.34023071,2.66429111,0.29249434,0.36904967,0.02299299,0.44569747
-1.39569785,3.50883987,0.01654205,0.12641412,0.34016046,2.60515534,0.29645439,0.37203573,0.02378240,0.45124642
-1.38969485,3.45888037,0.01641428,0.12581403,0.33989444,2.54837481,0.30058486,0.37453674,0.02456424,0.45647208
-1.38369185,3.41025995,0.01624280,0.12507591,0.33942836,2.49408489,0.30495985,0.37659989,0.02533271,0.46132501
-1.37768884,3.36327945,0.01603013,0.12423353,0.33876891,2.44247227,0.30965886,0.37829350,0.02608229,0.46576692
-1.37168584,3.31833272,0.01577936,0.12332518,0.33793304,2.39377634,0.31476259,0.37970518,0.02680791,0.46977070
-1.36568284,3.27589528,0.01549413,0.12239215,0.33694671,2.34828415,0.32034826,0.38093879,0.02750500,0.47331979
-1.35967984,3.23650537,0.01517849,0.12147710,0.33584324,2.30631956,0.32648493,0.38211051,0.02816962,0.47640710
-1.35367684,3.20073891,0.01483678,0.12062228,0.33466134,2.26822779,0.33322894,0.38334396,0.02879849,0.47903357
-1.34767384,3.16918020,0.01447357,0.11986781,0.33344285,2.23435665,0.34061973,0.38476476,0.02938908,0.48120651
-1.34167084,3.14239033,0.01409347,0.11925007,0.33223056,2.20503600,0.34867626,0.38649482,0.02993961,0.48293788
-1.33566783,3.12087562,0.01370104,0.11880018,0.33106602,2.18055709,0.35739419,0.38864643,0.03044904,0.48424260
-1.32966483,3.10505808,0.01330070,0.11854279,0.32998753,2.16115324,0.36674403,0.39131678,0.03091713,0.48513712
-1.32366183,3.09524984,0.01289662,0.11849518,0.32902857,2.14698337,0.37667031,0.39458297,0.03134436,0.48563823
-1.31765883,3.09163342,0.01249261,0.11866662,0.32821658,2.13811944,0.38709182,0.39849793,0.03173189,0.48576230
-1.31165583,3.09424885,0.01209209,0.11905819,0.32757227,2.13453874,0.39790294,0.40308748,0.03208158,0.48552490
-1.30565283,3.10298886,0.01169801,0.11966302,0.32710958,2.13612157,0.40897605,0.40834863,0.03239589,0.48494094
-1.29964982,3.11760235,0.01131281,0.12046684,0.32683619,2.14265452,0.42016491,0.41424952,0.03267786,0.48402518
-1.29364682,3.13770627,0.01093846,0.12144902,0.32675468,2.15383922,0.43130887,0.42073068,0.03293111,0.48279322
-1.28764382,3.16280527,0.01057641,0.12258392,0.32686427,2.16930610,0.44223788,0.42770801,0.03315979,0.48126279
-1.28164082,3.19231846,0.01022763,0.12384254,0.32716313,2.18863247,0.45277793,0.43507702,0.03336862,0.47945538
-1.27563782,3.22561171,0.00989270,0.12519452,0.32765112,2.21136390,0.46275694,0.44271838,0.03356294,0.47739805
-1.26963482,3.26203419,0.00957184,0.12661020,0.32833281,2.23703790,0.47201079,0.45050450,0.03374872,0.47512534
-1.26363182,3.30095721,0.00926499,0.12806285,0.32922079,2.26520854,0.48038928,0.45830668,0.03393271,0.47268121
-1.25762881,3.34181346,0.00897190,0.12953096,0.33033892,2.29547084,0.48776182,0.46600273,0.03412249,0.47012084
-1.25162581,3.38413469,0.00869226,0.13100035,0.33172546,2.32748362,0.49402275,0.47348443,0.03432663,0.46751226
-1.24562281,3.42758589,0.00842575,0.13246619,0.33343590,2.36098969,0.49909586,0.48066456,0.03455480,0.46493763
-1.23961981,3.47199410,0.00817217,0.13393475,0.33554524,2.39583224,0.50293821,0.48748312,0.03481788,0.46249411
-1.23361681,3.51737039,0.00793152,0.13542475,0.33814956,2.43196656,0.50554285,0.49391233,0.03512809,0.46029428
-1.22761381,3.56392349,0.00770408,0.13696841,0.34136678,2.46946650,0.50694050,0.49996017,0.03549900,0.45846591
-1.22161081,3.61206427,0.00749045,0.13861189,0.34533646,2.50852506,0.50719990,0.50567221,0.03594563,0.45715111
-1.21560780,3.66240049,0.00729166,0.14041531,0.35021845,2.54944899,0.50642693,0.51113159,0.03648432,0.45650490
-1.20960480,3.71572155,0.00710911,0.14245223,0.35619052,2.59264750,0.50476245,0.51645703,0.03713271,0.45669291
-1.20360180,3.77297380,0.00694464,0.14480850,0.36344476,2.63861528,0.50237873,0.52179913,0.03790951,0.45788864
-1.19759880,3.83522694,0.00680051,0.14758066,0.37218304,2.68791048,0.49947484,0.52733487,0.03883424,0.46026989
-1.19159580,3.90363292,0.00667930,0.15087388,0.38261143,2.74112853,0.49627090,0.53326073,0.03992691,0.46401475
-1.18559280,3.97937885,0.00658395,0.15479933,0.39493384,2.79887263,0.49300143,0.53978468,0.04120763,0.46929714
-1.17958979,4.06363572,0.00651761,0.15947134,0.40934509,2.86172227,0.48990811,0.54711741,0.04269606,0.47628201
-1.17358679,4.15750526,0.00648360,0.16500418,0.42602371,2.93020106,0.48723215,0.55546339,0.04441096,0.48512034
-1.16758379,4.26196707,0.00648532,0.17150868,0.44512454,3.00474508,0.48520651,0.56501200,0.04636960,0.49594419
-1.16158079,4.37782827,0.00652612,0.17908877,0.46677176,3.08567341,0.48404838,0.57592931,0.04858717,0.50886195
-1.15557779,4.50567804,0.00660925,0.18783803,0.49105231,3.17316194,0.48395216,0.58835089,0.05107620,0.52395382
-1.14957479,4.64584888,0.00673774,0.19783631,0.51801026,3.26722172,0.48508322,0.60237598,0.05384602,0.54126793
-1.14357179,4.79838638,0.00691430,0.20914660,0.54764218,3.36768296,0.48757264,0.61806332,0.05690222,0.56081706
-1.13756878,4.96302877,0.00714127,0.22181216,0.57989384,3.47418536,0.49151329,0.63542881,0.06024619,0.58257611
-1.13156578,5.13919716,0.00742053,0.23585397,0.61465836,3.58617541,0.49695718,0.65444496,0.06387470,0.60648052
-1.12556278,5.32599680,0.00775344,0.25126867,0.65177594,3.70291072,0.50391435,0.67504233,0.06777962,0.63242556
-1.11955978,5.52222923,0.00814077,0.26802695,0.69103515,3.82347148,0.51235312,0.69711250,0.07194765,0.66026659
-1.11355678,5.72641471,0.00858271,0.28607239,0.73217575,3.94677843,0.52220190,0.72051263,0.07636023,0.68982031
-1.10755378,5.93682387,0.00907878,0.30532104,0.77489305,4.07161672,0.53335213,0.74507106,0.08099350,0.72086682
-1.10155078,6.15151712,0.00962784,0.32566140,0.81884346,4.19666478,0.54566243,0.77059372,0.08581837,0.75315263
-1.09554777,6.36839005,0.01022806,0.34695513,0.86365122,4.32052676,0.55896358,0.79687089,0.09080073,0.78639432
-1.08954477,6.58522303,0.01087692,0.36903841,0.90891590,4.44176749,0.57306418,0.82368396,0.09590174,0.82028286
-1.08354177,6.79973290,0.01157123,0.39172382,0.95422059,4.55894837,0.58775664,0.85081171,0.10107826,0.85448850
-1.07753877,7.00962483,0.01230709,0.41480305,0.99914034,4.67066284,0.60282331,0.87803600,0.10628338,0.88866604
-1.07153577,7.21264258,0.01307995,0.43805004,1.04325067,4.77557007,0.61804243,0.90514634,0.11146704,0.92246038
-1.06553277,7.40661551,0.01388464,0.46122484,1.08613590,4.87242576,0.63319376,0.93194346,0.11657680,0.95551230
-1.05952976,7.58950096,0.01471539,0.48407795,1.12739704,4.96010892,0.64806360,0.95824156,0.12155865,0.98746434
-1.05352676,7.75942120,0.01556589,0.50635520,1.16665911,5.03764391,0.66244923,0.98386950,0.12635797,1.01796662
-1.04752376,7.91469401,0.01642934,0.52780288,1.20357760,5.10421728,0.67616252,1.00867081,0.13092054,1.04668262
-1.04152076,8.05385683,0.01729857,0.54817323,1.23784412,5.15918915,0.68903271,1.03250290,0.13519355,1.07329485
-1.03551776,8.17568428,0.01816610,0.56722996,1.26919105,5.20209906,0.70090850,1.05523556,0.13912674,1.09751009
-1.02951476,8.27919931,0.01902427,0.58475374,1.29739508,5.23266674,0.71165928,1.07674919,0.14267342,1.11906451
-1.02351176,8.36367856,0.01986535,0.60054743,1.32227982,5.25078805,0.72117578,1.09693286,0.14579157,1.13772818
-1.01750875,8.42865230,0.02068166,0.61444084,1.34371721,5.25652696,0.72937010,1.11568261,0.14844474,1.15330919
-1.01150575,8.47389976,0.02146573,0.62629492,1.36162804,5.25010400,0.73617532,1.13290019,0.15060295,1.16565709
-1.00550275,8.49944044,0.02221045,0.63600507,1.37598132,5.23188220,0.74154472,1.14849238,0.15224335,1.17466563
-0.99949975,8.50552212,0.02290916,0.64350355,1.38679288,5.20235118,0.74545084,1.16237112,0.15335073,1.18027476
-0.99349675,8.49260617,0.02355584,0.64876078,1.39412289,5.16211006,0.74788429,1.17445436,0.15391787,1.18247170
-0.98749375,8.46135061,0.02414519,0.65178550,1.39807281,5.11185000,0.74885259,1.18466765,0.15394553,1.18129116
-0.98149075,8.41259139,0.02467276,0.65262373,1.39878143,5.05233666,0.74837895,1.19294648,0.15344238,1.17681452
-0.97548774,8.34732236,0.02513501,0.65135660,1.39642047,4.98439335,0.74650106,1.19923899,0.15242453,1.16916808
-0.96948474,8.26667403,0.02552940,0.64809711,1.39118960,4.90888477,0.74326997,1.20350898,0.15091500,1.15852039
-0.96348174,8.17189153,0.02585441,0.64298600,1.38331113,4.82670189,0.73874897,1.20573900,0.14894285,1.14507863
-0.95747874,8.06431195,0.02610952,0.63618686,1.37302449,4.73874788,0.73301244,1.20593310,0.14654230,1.12908425
-0.95147574,7.94534124,0.02629524,0.62788076,1.36058065,4.64592511,0.72614475,1.20411917,0.14375167,1.11080786
-0.94547274,7.81643103,0.02641301,0.61826062,1.34623654,4.54912334,0.71823907,1.20035045,0.14061228,1.09054364
-0.93946973,7.67905547,0.02646519,0.60752568,1.33024977,4.44920887,0.70939608,1.19470625,0.13716734,1.06860337
-0.93346673,7.53468856,0.02645490,0.59587611,1.31287362,4.34701469,0.69972259,1.18729144,0.13346093,1.04531021
-0.92746373,7.38478214,0.02638595,0.58350825,1.29435257,4.24333159,0.68932995,1.17823491,0.12953700,1.02099252
-0.92146073,7.23074504,0.02626272,0.57061054,1.27491831,4.13890014,0.67833236,1.16768678,0.12543856,0.99597780
-0.91545773,7.07392359,0.02609000,0.55736024,1.25478653,4.03440358,0.66684498,1.15581456,0.12120700,0.97058694
-0.90945473,6.91558395,0.02587289,0.54392121,1.23415426,3.93046162,0.65498184,1.14279830,0.11688156,0.94512893
-0.90345173,6.75689657,0.02561665,0.53044257,1.21319808,3.82762536,0.64285373,1.12882494,0.11249905,0.91989609
-0.89744872,6.59892306,0.02532658,0.51705834,1.19207294,3.72637319,0.63056593,1.11408213,0.10809361,0.89516006
-0.89144572,6.44260576,0.02500791,0.50388793,1.17091181,3.62710797,0.61821596,1.09875174,0.10369675,0.87116834
-0.88544272,6.28876022,0.02466570,0.49103734,1.14982580,3.53015564,0.60589148,1.08300352,0.09933744,0.84814170
-0.87943972,6.13807077,0.02430474,0.47860077,1.12890506,3.43576516,0.59366825,1.06698905,0.09504231,0.82627231
-0.87343672,5.99108922,0.02392952,0.46666264,1.10822001,3.34411015,0.58160849,1.05083645,0.09083593,0.80572252
-0.86743372,5.84823682,0.02354416,0.45529958,1.08782312,3.25529213,0.56975950,1.03464613,0.08674108,0.78662444
-0.86143072,5.70980935,0.02315237,0.44458230,1.06775090,3.16934544,0.55815296,1.01848780,0.08277905,0.76908007
-0.85542771,5.57598526,0.02275750,0.43457707,1.04802620,3.08624387,0.54680455,1.00239898,0.07896991,0.75316203
-0.84942471,5.44683676,0.02236252,0.42534671,1.02866067,3.00590887,0.53571450,0.98638522,0.07533268,0.73891482
-0.84342171,5.32234337,0.02197005,0.41695096,1.00965721,2.92821915,0.52486857,0.97042194,0.07188548,0.72635642
-0.83741871,5.20240780,0.02158245,0.40944603,0.99101254,2.85302163,0.51423996,0.95445798,0.06864559,0.71548023
-0.83141571,5.08687354,0.02120185,0.40288366,0.97271958,2.78014323,0.50379168,0.93842077,0.06562939,0.70625731
-0.82541271,4.97554369,0.02083024,0.39730936,0.95476985,2.70940327,0.49347969,0.92222270,0.06285230,0.69863871
-0.81940970,4.86820033,0.02046957,0.39276023,0.93715552,2.64062605,0.48325642,0.90576870,0.06032856,0.69255781
-0.81340670,4.76462383,0.02012177,0.38926242,0.91987138,2.57365309,0.47307464,0.88896434,0.05807108,0.68793278
-0.80740370,4.66461133,0.01978892,0.38682840,0.90291642,2.50835462,0.46289158,0.87172429,0.05609110,0.68466883
-0.80140070,4.56799352,0.01947323,0.38545433,0.88629512,2.44463967,0.45267281,0.85398058,0.05439801,0.68266035
-0.79539770,4.47464926,0.01917715,0.38511772,0.87001839,2.38246447,0.44239608,0.83569017,0.05299900,0.68179289
-0.78939470,4.38451714,0.01890337,0.38577556,0.85410410,2.32183854,0.43205450,0.81684151,0.05189886,0.68194486
-0.78339170,4.29760354,0.01865488,0.38736328,0.83857723,2.26282820,0.42165912,0.79745964,0.05109973,0.68298907
-0.77738869,4.21398682,0.01843492,0.38979442,0.82346961,2.20555720,0.41124067,0.77760957,0.05060094,0.68479404
-0.77138569,4.13381731,0.01824700,0.39296137,0.80881930,2.15020444,0.40085027,0.75739768,0.05039889,0.68722508
-0.76538269,4.05731326,0.01809479,0.39673717,0.79466966,2.09699857,0.39055915,0.73697107,0.05048696,0.69014539
-0.75937969,3.98475274,0.01798210,0.40097818,0.78106815,2.04620986,0.38045721,0.71651498,0.05085559,0.69341694
-0.75337669,3.91646211,0.01791275,0.40552787,0.76806494,1.99813949,0.37065060,0.69624812,0.05149228,0.69690148
-0.74737369,3.85280152,0.01789050,0.41022123,0.75571153,1.95310683,0.36125834,0.67641653,0.05238181,0.70046167
-0.74137069,3.79414830,0.01791890,0.41488995,0.74405925,1.91143517,0.35240817,0.65728592,0.05350645,0.70396228
-0.73536768,3.74087913,0.01800119,0.41936791,0.73315807,1.87343671,0.34423178,0.63913320,0.05484622,0.70727171
-0.72936468,3.69335189,0.01814017,0.42349681,0.72305548,1.83939743,0.33685972,0.62223734,0.05637925,0.71026371
-0.72336168,3.65188828,0.01833809,0.42713165,0.71379586,1.80956266,0.33041624,0.60687030,0.05808221,0.71281945
-0.71735868,3.61675803,0.01859656,0.43014589,0.70542008,1.78412413,0.32501424,0.59328825,0.05993071,0.71482969
-0.71135568,3.58816558,0.01891643,0.43243585,0.69796560,1.76320909,0.32075069,0.58172352,0.06189979,0.71619733
-0.70535268,3.56623982,0.01929777,0.43392434,0.69146700,1.74687212,0.31770266,0.57237772,0.06396439,0.71683984
-0.69934967,3.55102743,0.01973974,0.43456319,0.68595690,1.73509010,0.31592425,0.56541618,0.06609981,0.71669185
-0.69334667,3.54248997,0.02024063,0.43433467,0.68146712,1.72776061,0.31544435,0.56096385,0.06828223,0.71570748
-0.68734367,3.54050488,0.02079782,0.43325171,0.67803024,1.72470372,0.31626562,0.55910284,0.07048906,0.71386239
-0.68134067,3.54486992,0.02140778,0.43135688,0.67568115,1.72566742,0.31836446,0.55987144,0.07269937,0.71115541
-0.67533767,3.55531091,0.02206611,0.42872031,0.67445865,1.73033596,0.32169197,0.56326465,0.07489415,0.70760955
-0.66933467,3.57149198,0.02276756,0.42543654,0.67440688,1.73834116,0.32617602,0.56923584,0.07705657,0.70327231
-0.66333167,3.59302774,0.02350611,0.42162055,0.67557650,1.74927567,0.33172400,0.57769956,0.07917206,0.69821528
-0.65732866,3.61949649,0.02427503,0.41740323,0.67802539,1.76270786,0.33822633,0.58853495,0.08122834,0.69253285
-0.65132566,3.65045371,0.02506697,0.41292633,0.68181894,1.77819741,0.34556032,0.60158976,0.08321537,0.68634015
-0.64532266,3.68544505,0.02587402,0.40833730,0.68702956,1.79531078,0.35359441,0.61668447,0.08512512,0.67977026
-0.63931966,3.72401815,0.02668784,0.40378429,0.69373573,1.81363602,0.36219233,0.63361648,0.08695128,0.67297072
-0.63331666,3.76573262,0.02749978,0.39941124,0.70202025,1.83279597,0.37121717,0.65216404,0.08868894,0.66609955
-0.62731366,3.81016786,0.02830095,0.39535365,0.71196783,1.85245941,0.38053508,0.67208991,0.09033412,0.65932092
-0.62131066,3.85692838,0.02908240,0.39173486,0.72366219,1.87234957,0.39001848,0.69314460,0.09188334,0.65280059
-0.61530765,3.90564667,0.02983521,0.38866309,0.73718254,1.89224979,0.39954871,0.71506919,0.09333311,0.64670151
-0.60930465,3.95598351,0.03055066,0.38622932,0.75259971,1.91200593,0.40901795,0.73759785,0.09467950,0.64117949
-0.60330165,4.00762615,0.03122037,0.38450593,0.76997205,1.93152573,0.41833053,0.76046008,0.09591774,0.63637939
-0.59729865,4.06028462,0.03183646,0.38354622,0.78934123,1.95077516,0.42740350,0.78338280,0.09704189,0.63243171
-0.59129565,4.11368668,0.03239168,0.38338457,0.81072807,1.96977199,0.43616665,0.80609246,0.09804463,0.62944995
-0.58529265,4.16757188,0.03287959,0.38403729,0.83412868,1.98857709,0.44456194,0.82831724,0.09891713,0.62752854
-0.57928964,4.22168526,0.03329473,0.38550388,0.85951102,2.00728390,0.45254254,0.84978958,0.09964914,0.62674156
-0.57328664,4.27577123,0.03363272,0.38776878,0.88681189,2.02600663,0.46007160,0.87024893,0.10022915,0.62714209
-0.56728364,4.32956803,0.03389043,0.39080317,0.91593480,2.04486784,0.46712087,0.88944503,0.10064472,0.62876212
-0.56128064,4.38280313,0.03406609,0.39456693,0.94674850,2.06398599,0.47366929,0.90714144,0.10088294,0.63161302
-0.55527764,4.43518997,0.03415939,0.39901051,0.97908648,2.08346355,0.47970169,0.92311945,0.10093098,0.63568631
-0.54927464,4.48642604,0.03417154,0.40407659,1.01274731,2.10337624,0.48520771,0.93718229,0.10077677,0.64095466
-0.54327164,4.53619261,0.03410531,0.40970149,1.04749611,2.12376382,0.49018103,0.94915930,0.10040968,0.64737301
-0.53726863,4.58415594,0.03396502,0.41581627,1.08306678,2.14462293,0.49461891,0.95891012,0.09982123,0.65487958
-0.53126563,4.62997002,0.03375651,0.42234752,1.11916534,2.16590212,0.49852209,0.96632855,0.09900582,0.66339690
-0.52526263,4.67328085,0.03348704,0.42921786,1.15547407,2.18749948,0.50189502,0.97134595,0.09796137,0.67283261
-0.51925963,4.71373180,0.03316516,0.43634612,1.19165647,2.20926278,0.50474641,0.97393398,0.09668986,0.68308008
-0.51325663,4.75097036,0.03280054,0.44364748,1.22736292,2.23099220,0.50708999,0.97410642,0.09519775,0.69401904
-0.50725363,4.78465570,0.03240369,0.45103351,1.26223709,2.25244560,0.50894531,0.97192009,0.09349634,0.70551609
-0.50125063,4.81446722,0.03198580,0.45841228,1.29592263,2.27334601,0.51033867,0.96747467,0.09160184,0.71742534
-0.49524762,4.84011363,0.03155832,0.46568867,1.32807045,2.29339110,0.51130382,0.96091128,0.08953539,0.72958927
-0.48924462,4.86134256,0.03113276,0.47276498,1.35834609,2.31226439,0.51188257,0.95241011,0.08732283,0.74183995
-0.48324162,4.87795040,0.03072026,0.47954196,1.38643717,2.32964752,0.51212498,0.94218675,0.08499434,0.75400079
-0.47723862,4.88979203,0.03033133,0.48592022,1.41206074,2.34523327,0.51208920,0.93048770,0.08258397,0.76588877
-0.47123562,4.89679012,0.02997548,0.49180220,1.43497031,2.35873872,0.51184083,0.91758491,0.08012895,0.77731743
-0.46523262,4.89894367,0.02966094,0.49709442,1.45496230,2.36991791,0.51145182,0.90376967,0.07766894,0.78810040
-0.45922961,4.89633515,0.02939442,0.50171030,1.47188179,2.37857355,0.51099884,0.88934595,0.07524520,0.79805556
-0.45322661,4.88913587,0.02918088,0.50557301,1.48562720,2.38456706,0.51056126,0.87462344,0.07289968,0.80700958
-0.44722361,4.87760897,0.02902340,0.50861858,1.49615381,2.38782646,0.51021867,0.85991045,0.07067406,0.81480284
-0.44122061,4.86210951,0.02892309,0.51079888,1.50347581,2.38835167,0.51004818,0.84550686,0.06860880,0.82129428
-0.43521761,4.84308124,0.02887907,0.51208425,1.50766669,2.38621687,0.51012145,0.83169739,0.06674220,0.82636610
-0.42921461,4.82104977,0.02888858,0.51246580,1.50885790,2.38156956,0.51050178,0.81874516,0.06510950,0.82992804
-0.42321161,4.79661188,0.02894707,0.51195696,1.50723565,2.37462643,0.51124117,0.80688600,0.06374205,0.83192081
-0.41720860,4.77042110,0.02904842,0.51059435,1.50303587,2.36566585,0.51237772,0.79632332,0.06266653,0.83231873
-0.41120560,4.74316989,0.02918521,0.50843762,1.49653741,2.35501761,0.51393337,0.78722395,0.06190434,0.83113114
-0.40520260,4.71556897,0.02934901,0.50556856,1.48805372,2.34304990,0.51591216,0.77971489,0.06147103,0.82840268
-0.39919960,4.68832457,0.02953073,0.50208912,1.47792326,2.33015448,0.51829911,0.77388110,0.06137596,0.82421231
-0.39319660,4.66211486,0.02972100,0.49811869,1.46649898,2.31673059,0.52105982,0.76976450,0.06162202,0.81867115
-0.38719360,4.63756650,0.02991050,0.49379061,1.45413748,2.30316842,0.52414090,0.76736412,0.06220561,0.81191934
-0.38119060,4.61523303,0.03009037,0.48924820,1.44118819,2.28983303,0.52747115,0.76663757,0.06311673,0.80412204
-0.37518759,4.59557606,0.03025253,0.48464044,1.42798326,2.27704963,0.53096359,0.76750371,0.06433923,0.79546490
-0.36918459,4.57895091,0.03039000,0.48011753,1.41482862,2.26509094,0.53451829,0.76984663,0.06585131,0.78614920
-0.36318159,4.56559749,0.03049721,0.47582669,1.40199666,2.25416739,0.53802586,0.77352079,0.06762615,0.77638712
-0.35717859,4.55563745,0.03057018,0.47190822,1.38972106,2.24442074,0.54137153,0.77835728,0.06963263,0.76639720
-0.35117559,4.54907786,0.03060675,0.46849225,1.37819394,2.23592129,0.54443976,0.78417098,0.07183629,0.75640042
-0.34517259,4.54582164,0.03060671,0.46569609,1.36756557,2.22866906,0.54711901,0.79076849,0.07420034,0.74661697
-0.33916958,4.54568409,0.03057184,0.46362242,1.35794656,2.22259861,0.54930671,0.79795646,0.07668671,0.73726376
-0.33316658,4.54841496,0.03050595,0.46235839,1.34941238,2.21758730,0.55091408,0.80555017,0.07925721,0.72855285
-0.32716358,4.55372449,0.03041483,0.46197538,1.34200996,2.21346637,0.55187065,0.81338187,0.08187460,0.72069051
-0.32116058,4.56131208,0.03030615,0.46252957,1.33576571,2.21003421,0.55212817,0.82130861,0.08450369,0.71387691
-0.31515758,4.57089563,0.03018931,0.46406308,1.33069453,2.20707094,0.55166398,0.82921920,0.08711229,0.70830615
-0.30915458,4.58223974,0.03007520,0.46660543,1.32680910,2.20435340,0.55048327,0.83703988,0.08967210,0.70416636
-0.30315158,4.59518064,0.02997601,0.47017535,1.32412864,2.20166971,0.54862051,0.84473845,0.09215935,0.70163963
-0.29714857,4.60964643,0.02990484,0.47478238,1.32268664,2.19883248,0.54613961,0.85232655,0.09455536,0.70090144
-0.29114557,4.62567070,0.02987541,0.48042849,1.32253671,2.19568995,0.54313299,0.85985997,0.09684684,0.70211940
-0.28514257,4.64339881,0.02990168,0.48710918,1.32375623,2.19213449,0.53971941,0.86743676,0.09902596,0.70545107
-0.27913957,4.66308577,0.02999744,0.49481419,1.32644729,2.18810801,0.53604066,0.87519328,0.10109031,0.71104073
-0.27313657,4.68508588,0.03017589,0.50352756,1.33073476,2.18360401,0.53225727,0.88329818,0.10304257,0.71901526
-0.26713357,4.70983419,0.03044924,0.51322718,1.33676149,2.17866637,0.52854326,0.89194456,0.10489004,0.72947888
-0.26113057,4.73782076,0.03082831,0.52388371,1.34468079,2.17338497,0.52508021,0.90134057,0.10664403,0.74250739
-0.25512756,4.76955904,0.03132214,0.53545903,1.35464662,2.16788847,0.52205085,0.91169885,0.10831912,0.75814175
-0.24912456,4.80554988,0.03193767,0.54790438,1.36680191,2.16233488,0.51963245,0.92322528,0.10993234,0.77638164
-0.24312156,4.84624331,0.03267944,0.56115821,1.38126584,2.15690037,0.51799015,0.93610747,0.11150227,0.79717940
-0.23711856,4.89200004,0.03354936,0.57514418,1.39812069,2.15176713,0.51727070,0.95050360,0.11304819,0.82043459
-0.23111556,4.94305500,0.03454660,0.58976918,1.41739918,2.14711095,0.51759666,0.96653199,0.11458918,0.84598993
-0.22511256,4.99948492,0.03566748,0.60492197,1.43907307,2.14308918,0.51906144,0.98426207,0.11614334,0.87362869
-0.21910955,5.06118186,0.03690550,0.62047219,1.46304381,2.13982986,0.52172530,1.00370704,0.11772700,0.90307418
-0.21310655,5.12783439,0.03825143,0.63627032,1.48913585,2.13742240,0.52561254,1.02481870,0.11935408,0.93399149
-0.20710355,5.19891766,0.03969353,0.65214837,1.51709327,2.13591058,0.53070999,1.04748462,0.12103563,0.96599151
-0.20110055,5.27369316,0.04121772,0.66792156,1.54657994,2.13528790,0.53696680,1.07152803,0.12277936,0.99863754
-0.19509755,5.35121854,0.04280800,0.68339094,1.57718357,2.13549586,0.54429567,1.09671026,0.12458944,1.03145414
-0.18909455,5.43036742,0.04444675,0.69834691,1.60842341,2.13642496,0.55257539,1.12273590,0.12646642,1.06393811
-0.18309155,5.50985845,0.04611518,0.71257353,1.63976158,2.13791863,0.56165463,1.14926038,0.12840726,1.09557121
-0.17708854,5.58829273,0.04779382,0.72585352,1.67061756,2.13977976,0.57135683,1.17589987,0.13040560,1.12583419
-0.17108554,5.66419791,0.04946292,0.73797373,1.70038507,2.14177957,0.58148601,1.20224286,0.13245215,1.15422149
-0.16508254,5.73607729,0.05110297,0.74873079,1.72845099,2.14366848,0.59183329,1.22786336,0.13453519,1.18025613
-0.15907954,5.80246185,0.05269516,0.75793683,1.75421504,2.14518840,0.60218383,1.25233483,0.13664130,1.20350400
-0.15307654,5.86196289,0.05422185,0.76542491,1.77710980,2.14608585,0.61232388,1.27524453,0.13875609,1.22358705
-0.14707354,5.91332303,0.05566692,0.77105395,1.79661973,2.14612535,0.62204778,1.29620759,0.14086517,1.24019481
-0.14107054,5.95546335,0.05701627,0.77471298,1.81229874,2.14510235,0.63116452,1.31488027,0.14295500,1.25309352
-0.13506753,5.98752448,0.05825802,0.77632437,1.82378520,2.14285515,0.63950356,1.33097186,0.14501394,1.26213283
-0.12906453,6.00889982,0.05938290,0.77584614,1.83081393,2.13927499,0.64691986,1.34425465,0.14703313,1.26724940
-0.12306153,6.01925930,0.06038442,0.77327299,1.83322453,2.13431401,0.65329768,1.35457161,0.14900734,1.26846752
-0.11705853,6.01856259,0.06125901,0.76863620,1.83096582,2.12799032,0.65855318,1.36184144,0.15093572,1.26589670
-0.11105553,6.00706098,0.06200613,0.76200229,1.82409613,2.12039006,0.66263567,1.36606074,0.15282232,1.25972621
-0.10505253,5.98528783,0.06262824,0.75347062,1.81277953,2.11166604,0.66552743,1.36730318,0.15467634,1.25021701
-0.09904952,5.95403779,0.06313073,0.74316995,1.79727824,2.10203307,0.66724221,1.36571576,0.15651220,1.23769144
-0.09304652,5.91433557,0.06352171,0.73125419,1.77794152,2.09175983,0.66782249,1.36151223,0.15834913,1.22252094
-0.08704352,5.86739558,0.06381183,0.71789748,1.75519173,2.08115779,0.66733555,1.35496396,0.16021063,1.20511256
-0.08104052,5.81457408,0.06401388,0.70328886,1.72950804,2.07056740,0.66586872,1.34638869,0.16212338,1.18589469
-0.07503752,5.75731566,0.06414239,0.68762675,1.70140871,2.06034220,0.66352393,1.33613761,0.16411600,1.16530263
-0.06903452,5.69709648,0.06421319,0.67111341,1.67143255,2.05083154,0.66041184,1.32458120,0.16621745,1.14376443
-0.06303152,5.63536649,0.06424285,0.65394964,1.64012047,2.04236260,0.65664594,1.31209464,0.16845521,1.12168777
-0.05702851,5.57349306,0.06424810,0.63632986,1.60799775,2.03522265,0.65233673,1.29904324,0.17085333,1.09944796
-0.05102551,5.51270838,0.06424531,0.61843776,1.57555786,2.02964225,0.64758641,1.28576847,0.17343048,1.07737779
-0.04502251,5.45406268,0.06424983,0.60044263,1.54324828,2.02578040,0.64248425,1.27257533,0.17619796,1.05575922
-0.03901951,5.39838534,0.06427545,0.58249641,1.51145883,2.02371220,0.63710282,1.25972139,0.17915795,1.03481731
-0.03301651,5.34625520,0.06433390,0.56473156,1.48051288,2.02341975,0.63149527,1.24740801,0.18230199,1.01471634
-0.02701351,5.29798143,0.06443435,0.54725973,1.45066157,2.02478686,0.62569376,1.23577406,0.18560989,0.99555829
-0.02101051,5.25359548,0.06458305,0.53017119,1.42208111,2.02759776,0.61970906,1.22489234,0.18904901,0.97738351
-0.01500750,5.21285435,0.06478301,0.51353502,1.39487307,2.03154010,0.61353125,1.21476879,0.19257416,0.96017344
-0.00900450,5.17525500,0.06503383,0.49739991,1.36906755,2.03621213,0.60713160,1.20534447,0.19612799,0.94385533
-0.00300150,5.14005897,0.06533159,0.48179557,1.34462869,2.04113383,0.60046530,1.19650016,0.19964202,0.92830860
0.00300150,5.10632632,0.06566893,0.46673456,1.32146239,2.04576164,0.59347505,1.18806335,0.20303822,0.91337256
0.00900450,5.07295715,0.06603517,0.45221456,1.29942565,2.04950605,0.58609521,1.17981722,0.20623107,0.89885526
0.01500750,5.03873908,0.06641658,0.43822078,1.27833708,2.05175162,0.57825639,1.17151123,0.20913014,0.88454312
0.02101051,5.00239858,0.06679676,0.42472866,1.25798814,2.05187823,0.56989016,1.16287287,0.21164294,0.87021093
0.02701351,4.96265417,0.06715709,0.41170653,1.23815453,2.04928313,0.56093377,1.15361999,0.21367803,0.85563201
0.03301651,4.91826925,0.06747727,0.39911829,1.21860747,2.04340249,0.55133460,1.14347329,0.21514824,0.84058803
0.03901951,4.86810262,0.06773594,0.38692599,1.19912428,2.03373189,0.54105421,1.13216836,0.21597380,0.82487838
0.04502251,4.81115475,0.06791134,0.37509226,1.17949811,2.01984477,0.53007184,1.11946692,0.21608530,0.80832859
0.05102551,4.74660817,0.06798201,0.36358247,1.15954638,2.00140827,0.51838719,1.10516675,0.21542640,0.79079769
0.05702851,4.67386065,0.06792746,0.35236670,1.13911793,1.97819575,0.50602250,1.08911000,0.21395596,0.77218424
0.06303152,4.59255012,0.06772891,0.34142137,1.11809852,1.95009576,0.49302373,1.07118965,0.21164983,0.75243089
0.06903452,4.50257078,0.06736990,0.33073057,1.09641493,1.91711701,0.47946102,1.05135390,0.20850193,0.73152729
0.07503752,4.40408010,0.06683697,0.32028714,1.07403729,1.87938955,0.46542825,1.02960842,0.20452475,0.70951145
0.08104052,4.29749689,0.06612013,0.31009336,1.05098014,1.83716191,0.45104188,1.00601644,0.19974918,0.68646940
0.08704352,4.18349092,0.06521340,0.30016140,1.02730189,1.79079489,0.43643907,0.98069683,0.19422380,0.66253334
0.09304652,4.06296495,0.06411508,0.29051354,1.00310321,1.74075196,0.42177518,0.95382029,0.18801352,0.63787833
0.09904952,3.93703020,0.06282802,0.28118208,0.97852426,1.68758714,0.40722074,0.92560393,0.18119777,0.61271780
0.10505253,3.80697655,0.06135974,0.27220909,0.95374112,1.63193083,0.39295802,0.89630447,0.17386827,0.58729790
0.11105553,3.67423883,0.05972235,0.26364604,0.92896153,1.57447408,0.37917721,0.86621048,0.16612652,0.56189122
0.11705853,3.54036072,0.05793236,0.25555321,0.90442016,1.51595224,0.36607251,0.83563391,0.15808105,0.53678978
0.12306153,3.40695756,0.05601045,0.24799906,0.88037367,1.45712830,0.35383793,0.80490137,0.14984463,0.51229784
0.12906453,3.27567946,0.05398091,0.24105950,0.85709552,1.39877676,0.34266329,0.77434537,0.14153150,0.48872461
0.13506753,3.14817578,0.05187118,0.23481704,0.83487095,1.34166827,0.33273008,0.74429602,0.13325470,0.46637708
0.14107054,3.02606207,0.04971114,0.22935991,0.81399198,1.28655557,0.32420765,0.71507326,0.12512363,0.44555328
0.14707354,2.91089000,0.04753242,0.22478107,0.79475262,1.23416094,0.31724952,0.68698002,0.11724188,0.42653585
0.15307654,2.80412095,0.04536761,0.22117700,0.77744429,1.18516528,0.31199006,0.66029632,0.10970540,0.40958639
0.15907954,2.70710335,0.04324948,0.21864649,0.76235150,1.14019895,0.30854146,0.63527466,0.10260097,0.39494035
0.16508254,2.62105389,0.04121021,0.21728903,0.74974769,1.09983415,0.30699114,0.61213639,0.09600513,0.38280260
0.17108554,2.54704236,0.03928062,0.21720314,0.73989123,1.06457890,0.30739961,0.59106950,0.08998337,0.37334383
0.17708854,2.48597992,0.03748953,0.21848427,0.73302157,1.03487223,0.30979879,0.57222734,0.08458973,0.36669750
0.18309155,2.43861023,0.03586315,0.22122251,0.72935538,1.01108053,0.31419087,0.55572853,0.07986669,0.36295758
0.18909455,2.40550321,0.03442457,0.22549997,0.72908280,0.99349468,0.32054768,0.54165771,0.07584530,0.36217686
0.19509755,2.38705089,0.03319340,0.23138788,0.73236366,0.98232789,0.32881065,0.53006707,0.07254556,0.36436596
0.20110055,2.38346503,0.03218550,0.23894352,0.73932373,0.97771403,0.33889135,0.52097854,0.06997696,0.36949293
0.20710355,2.39477626,0.03141283,0.24820699,0.75005110,0.97970629,0.35067262,0.51438637,0.06813909,0.37748342
0.21310655,2.42083455,0.03088340,0.25919796,0.76459265,0.98827633,0.36401031,0.51026005,0.06702240,0.38822156
0.21910955,2.46131105,0.03060137,0.27191260,0.78295083,1.00331375,0.37873555,0.50854735,0.06660896,0.40155145
0.22511256,2.51570128,0.03056720,0.28632067,0.80508086,1.02462606,0.39465767,0.50917743,0.06687318,0.41727925
0.23111556,2.58332996,0.03077786,0.30236318,0.83088844,1.05193937,0.41156756,0.51206382,0.06778261,0.43517602
0.23711856,2.66335753,0.03122711,0.31995051,0.86022817,1.08489989,0.42924161,0.51710725,0.06929857,0.45498123
0.24312156,2.75478877,0.03190585,0.33896141,0.89290280,1.12307646,0.44744593,0.52419817,0.07137689,0.47640687
0.24912456,2.85648354,0.03280239,0.35924274,0.92866350,1.16596430,0.46594096,0.53321906,0.07396847,0.49914229
0.25512756,2.96716993,0.03390281,0.38061029,0.96721102,1.21299010,0.48448626,0.54404623,0.07701990,0.52285948
0.26113057,3.08545974,0.03519128,0.40285052,1.00819807,1.26351859,0.50284538,0.55655132,0.08047401,0.54721894
0.26713357,3.20986624,0.03665027,0.42572336,1.05123266,1.31686049,0.52079058,0.57060229,0.08427043,0.57187577
0.27313657,3.33882395,0.03826085,0.44896600,1.09588251,1.37228194,0.53810742,0.58606408,0.08834612,0.59648604
0.27913957,3.47071016,0.04000285,0.47229746,1.14168032,1.42901513,0.55459891,0.60279866,0.09263602,0.62071308
0.28514257,3.60386758,0.04185502,0.49542397,1.18812984,1.48626992,0.57008912,0.62066484,0.09707356,0.64423367
0.29114557,3.73662769,0.04379512,0.51804484,1.23471254,1.54324630,0.58442617,0.63951751,0.10159141,0.66674381
0.29714857,3.86733411,0.04580008,0.53985865,1.28089470,1.59914720,0.59748434,0.65920674,0.10612210,0.68796397
0.30315158,3.99436544,0.04784597,0.56056956,1.32613474,1.65319133,0.60916538,0.67957643,0.11059882,0.70764360
0.30915458,4.11615689,0.04990818,0.57989353,1.36989069,1.70462581,0.61939887,0.70046301,0.11495622,0.72556488
0.31515758,4.23122038,0.05196139,0.59756413,1.41162750,1.75273802,0.62814165,0.72169396,0.11913116,0.74154551
0.32116058,4.33816263,0.05397978,0.61333789,1.45082430,1.79686666,0.63537633,0.74308653,0.12306367,0.75544048
0.32716358,4.43570097,0.05593713,0.62699895,1.48698128,1.83641142,0.64110896,0.76444676,0.12669771,0.76714297
0.33316658,4.52267687,0.05780701,0.63836294,1.51962638,1.87084143,0.64536610,0.78556885,0.12998208,0.77658426
0.33916958,4.59806710,0.05956309,0.64727995,1.54832161,1.89970204,0.64819122,0.80623521,0.13287118,0.78373284
0.34517259,4.66099287,0.06117941,0.65363667,1.57266898,1.92262016,0.64964085,0.82621718,0.13532577,0.78859273
0.35117559,4.71072684,0.06263084,0.65735762,1.59231627,1.93930793,0.64978059,0.84527661,0.13731361,0.79120130
0.35717859,4.74669864,0.06389345,0.65840556,1.60696230,1.94956500,0.64868114,0.86316829,0.13881005,0.79162665
0.36318159,4.76849896,0.06494507,0.65678118,1.61636199,1.95327934,0.64641469,0.87964338,0.13979837,0.78996463
0.36918459,4.77588251,0.06576575,0.65252204,1.62033104,1.95042681,0.64305182,0.89445370,0.14027013,0.78633593
0.37518759,4.76877007,0.06633838,0.64570107,1.61875012,1.94106961,0.63865898,0.90735675,0.14022523,0.78088302
0.38119060,4.74724973,0.06664911,0.63642450,1.61156862,1.92535374,0.63329687,0.91812149,0.13967184,0.77376732
0.38719360,4.71157724,0.06668794,0.62482946,1.59880763,1.90350559,0.62701958,0.92653452,0.13862622,0.76516661
0.39319660,4.66217553,0.06644908,0.61108129,1.58056224,1.87582777,0.61987471,0.93240645,0.13711223,0.75527261
0.39919960,4.59963300,0.06593134,0.59537062,1.55700276,1.84269427,0.61190428,0.93557829,0.13516080,0.74428894
0.40520260,4.52470045,0.06513837,0.57791023,1.52837487,1.80454507,0.60314641,0.93592744,0.13280923,0.73242931
0.41120560,4.43828636,0.06407881,0.55893189,1.49499852,1.76188012,0.59363770,0.93337307,0.13010026,0.71991588
0.41720860,4.34145014,0.06276630,0.53868295,1.45726538,1.71525288,0.58341594,0.92788060,0.12708117,0.70697785
0.42321161,4.23539314,0.06121936,0.51742302,1.41563495,1.66526342,0.57252322,0.91946508,0.12380275,0.69385006
0.42921461,4.12144718,0.05946118,0.49542049,1.37062914,1.61255098,0.56100893,0.90819320,0.12031816,0.68077165
0.43521761,4.00106064,0.05751924,0.47294912,1.32282554,1.55778633,0.54893261,0.89418389,0.11668189,0.66798453
0.44122061,3.87578194,0.05542486,0.45028466,1.27284942,1.50166366,0.53636641,0.87760740,0.11294867,0.65573174
0.44722361,3.74724080,0.05321269,0.42770154,1.22136470,1.44489236,0.52339696,0.85868281,0.10917243,0.64425558
0.45322661,3.61712733,0.05092004,0.40546975,1.16906406,1.38818861,0.51012638,0.83767424,0.10540540,0.63379545
0.45922961,3.48716955,0.04858628,0.38385187,1.11665861,1.33226695,0.49667260,0.81488556,0.10169726,0.62458543
0.46523262,3.35910977,0.04625218,0.36310039,1.06486723,1.27783192,0.48316864,0.79065423,0.09809442,0.61685154
0.47123562,3.23468029,0.04395921,0.34345535,1.01440606,1.22556992,0.46976106,0.76534402,0.09463944,0.61080881
0.47723862,3.11557919,0.04174891,0.32514231,0.96597836,1.17614138,0.45660751,0.73933732,0.09137065,0.60665815
0.48324162,3.00344647,0.03966231,0.30837071,0.92026489,1.13017324,0.44387353,0.71302700,0.08832180,0.60458310
0.48924462,2.89984145,0.03773936,0.29333260,0.87791519,1.08825198,0.43172878,0.68680822,0.08552197,0.60474655
0.49524762,2.80622145,0.03601843,0.28020172,0.83953968,1.05091717,0.42034278,0.66107050,0.08299549,0.60728753
0.50125063,2.72392240,0.03453584,0.26913293,0.80570280,1.01865547,0.40988038,0.63619014,0.08076204,0.61231824
0.50725363,2.65414141,0.03332552,0.26026186,0.77691710,0.99189531,0.40049726,0.61252333,0.07883682,0.61992121
0.51325663,2.59792156,0.03241860,0.25370477,0.75363816,0.97100203,0.39233548,0.59040003,0.07723075,0.63014699
0.51925963,2.55613878,0.03184312,0.24955851,0.73626027,0.95627360,0.38551943,0.57011873,0.07595076,0.64301208
0.52526263,2.52949086,0.03162369,0.24790042,0.72511273,0.94793673,0.38015216,0.55194215,0.07500003,0.65849751
0.53126563,2.51848838,0.03178123,0.24878817,0.72045652,0.94614358,0.37631245,0.53609395,0.07437829,0.67654786
0.53726863,2.52344755,0.03233264,0.25225944,0.72248113,0.95096881,0.37405238,0.52275639,0.07408205,0.69707089
0.54327164,2.54448457,0.03329049,0.25833138,0.73130164,0.96240715,0.37339585,0.51206881,0.07410482,0.71993769
0.54927464,2.58151175,0.03466267,0.26699971,0.74695569,0.98037148,0.37433767,0.50412708,0.07443728,0.74498347
0.55527764,2.63423505,0.03645206,0.27823768,0.76940050,1.00469144,0.37684356,0.49898366,0.07506740,0.77200885
0.56128064,2.70215331,0.03865620,0.29199472,0.79851002,1.03511283,0.38085070,0.49664840,0.07598055,0.80078171
0.56728364,2.78455934,0.04126691,0.30819498,0.83407225,1.07129775,0.38626904,0.49708987,0.07715950,0.83103961
0.57328664,2.88054303,0.04427000,0.32673577,0.87578718,1.11282592,0.39298315,0.50023716,0.07858454,0.86249264
0.57928964,2.98899696,0.04764506,0.34748617,0.92326539,1.15919710,0.40085455,0.50598215,0.08023344,0.89482678
0.58529265,3.10862499,0.05136525,0.37028578,0.97602803,1.20983509,0.40972450,0.51418210,0.08208155,0.92770775
0.59129565,3.23795417,0.05539730,0.39494397,1.03350821,1.26409329,0.41941709,0.52466257,0.08410193,0.96078526
0.59729865,3.37535050,0.05970160,0.42123968,1.09505458,1.32126218,0.42974269,0.53722070,0.08626544,0.99369775
0.60330165,3.51903891,0.06423252,0.44892195,1.15993708,1.38057867,0.44050164,0.55162872,0.08854107,1.02607741
0.60930465,3.66712771,0.06893888,0.47771141,1.22735540,1.44123746,0.45148806,0.56763783,0.09089621,1.05755571
0.61530765,3.81763755,0.07376472,0.50730271,1.29645023,1.50240439,0.46249394,0.58498228,0.09329718,1.08776914
0.62131066,3.96853472,0.07865014,0.53736802,1.36631727,1.56323154,0.47331324,0.60338379,0.09570974,1.11636523
0.62731366,4.11776842,0.08353255,0.56756164,1.43602389,1.62287384,0.48374613,0.62255620,0.09809978,1.14300874
0.63331666,4.26331123,0.08834794,0.59752556,1.50462818,1.68050687,0.49360319,0.64221033,0.10043409,1.16738782
0.63931966,4.40320182,0.09303243,0.62689610,1.57119973,1.73534526,0.50270959,0.66205893,0.10268123,1.18922016
0.64532266,4.53558865,0.09752387,0.65531110,1.63484161,1.78666115,0.51090907,0.68182184,0.10481238,1.20825885
0.65132566,4.65877316,0.10176347,0.68241784,1.69471272,1.83380209,0.51806770,0.70123088,0.10680230,1.22429772
0.65732866,4.77125088,0.10569751,0.70788110,1.75004948,1.87620746,0.52407716,0.72003477,0.10863014,1.23717619
0.66333167,4.87174866,0.10927889,0.73139130,1.80018604,1.91342300,0.52885758,0.73800360,0.11028034,1.24678315
0.66933467,4.95925635,0.11246852,0.75267218,1.84457193,1.94511247,0.53235962,0.75493283,0.11174321,1.25305995
0.67533767,5.03305138,0.11523652,0.77148793,1.88278628,1.97106597,0.53456584,0.77064671,0.11301552,1.25600216
0.68134067,5.09271467,0.11756309,0.78764919,1.91454779,1.99120430,0.53549099,0.78500084,0.11410077,1.25565995
0.68734367,5.13813705,0.11943905,0.80101786,1.93971991,2.00557915,0.53518143,0.79788387,0.11500927,1.25213714
0.69334667,5.16951521,0.12086596,0.81151038,1.95831068,2.01436871,0.53371338,0.80921808,0.11575790,1.24558871
0.69934967,5.18733704,0.12185589,0.81909922,1.97046722,2.01786891,0.53119012,0.81895901,0.11636966,1.23621681
0.70535268,5.19235672,0.12243069,0.82381265,1.97646504,2.01648039,0.52773818,0.82709385,0.11687285,1.22426536
0.71135568,5.18556005,0.12262100,0.82573256,1.97669239,2.01069163,0.52350254,0.83363883,0.11730004,1.21001332
0.71735868,5.16812155,0.12246476,0.82499055,1.97163055,2.00105897,0.51864114,0.83863564,0.11768681,1.19376686
0.72336168,5.14135489,0.12200562,0.82176236,1.96183093,1.98818422,0.51331877,0.84214698,0.11807019,1.17585055
0.72936468,5.10665871,0.12129094,0.81626079,1.94788992,1.97269082,0.50770070,0.84425149,0.11848715,1.15659807
0.73536768,5.06546038,0.12036985,0.80872756,1.93042304,1.95519961,0.50194627,0.84503834,0.11897286,1.13634252
0.74137069,5.01915996,0.11929120,0.79942437,1.91003925,1.93630526,0.49620274,0.84460158,0.11955905,1.11540689
0.74737369,4.96907723,0.11810159,0.78862350,1.88731709,1.91655438,0.49059973,0.84303478,0.12027244,1.09409491
0.75337669,4.91640383,0.11684358,0.77659846,1.86278344,1.89642633,0.48524445,0.84042605,0.12113334,1.07268275
0.75937969,4.86216304,0.11555411,0.76361510,1.83689618,1.87631749,0.48021805,0.83685374,0.12215453,1.05141182
0.76538269,4.80717868,0.11426336,0.74992342,1.81003116,1.85652972,0.47557311,0.83238311,0.12334041,1.03048301
0.77138569,4.75205463,0.11299376,0.73575062,1.78247438,1.83726341,0.47133257,0.82706410,0.12468652,1.01005258
0.77738869,4.69716550,0.11175962,0.72129546,1.75441916,1.81861538,0.46748998,0.82093031,0.12617945,0.99022979
0.78339170,4.64265870,0.11056703,0.70672431,1.72596843,1.80058140,0.46401108,0.81399916,0.12779716,0.97107655
0.78939470,4.58846734,0.10941413,0.69216883,1.69714168,1.78306334,0.46083660,0.80627328,0.12950970,0.95260874
0.79539770,4.53433282,0.10829189,0.67772545,1.66788591,1.76588014,0.45788615,0.79774302,0.13128021,0.93479941
0.80140070,4.47983569,0.10718497,0.66345636,1.63808971,1.74878204,0.45506284,0.78838971,0.13306633,0.91758349
0.80740370,4.42443262,0.10607304,0.64939210,1.60759954,1.73146726,0.45225842,0.77818966,0.13482173,0.90086377
0.81340670,4.36749735,0.10493212,0.63553525,1.57623710,1.71360003,0.44935873,0.76711847,0.13649789,0.88451782
0.81940970,4.30836325,0.10373606,0.62186519,1.54381672,1.69482919,0.44624902,0.75515542,0.13804588,0.86840558
0.82541271,4.24636503,0.10245807,0.60834330,1.51016184,1.67480628,0.44281893,0.74228753,0.13941812,0.85237705
0.83141571,4.18087763,0.10107212,0.59491859,1.47511966,1.65320229,0.43896689,0.72851326,0.14057004,0.83627993
0.83741871,4.11135016,0.09955432,0.58153317,1.43857322,1.62972242,0.43460380,0.71384527,0.14146152,0.81996667
0.84342171,4.03733365,0.09788398,0.56812735,1.40045060,1.60411819,0.42965575,0.69831246,0.14205810,0.80330074
0.84942471,3.95850149,0.09604461,0.55464417,1.36073068,1.57619653,0.42406577,0.68196080,0.14233182,0.78616195
0.85542771,3.87466195,0.09402460,0.54103309,1.31944572,1.54582570,0.41779467,0.66485321,0.14226181,0.76845039
0.86143072,3.78576307,0.09181762,0.52725276,1.27668069,1.51293813,0.41082095,0.64706840,0.14183447,0.75008934
0.86743372,3.69189005,0.08942284,0.51327278,1.23256980,1.47753013,0.40313990,0.62869874,0.14104337,0.73102667
0.87343672,3.59325628,0.08684488,0.49907450,1.18729073,1.43965913,0.39476212,0.60984746,0.13988880,0.71123528
0.87943972,3.49018902,0.08409348,0.48465104,1.14105695,1.39943856,0.38571155,0.59062518,0.13837714,0.69071229
0.88544272,3.38311127,0.08118312,0.47000636,1.09410903,1.35703125,0.37602332,0.57114622,0.13652004,0.66947749
0.89144572,3.27252122,0.07813233,0.45515400,1.04670536,1.31264153,0.36574143,0.55152480,0.13433345,0.64757107
0.89744872,3.15897079,0.07496301,0.44011528,0.99911286,1.26650691,0.35491663,0.53187139,0.13183663,0.62505092
0.90345173,3.04304475,0.07169962,0.42491739,0.95159840,1.21888964,0.34360448,0.51228944,0.12905121,0.60198977
0.90945473,2.92534147,0.06836836,0.40959149,0.90442114,1.17006865,0.33186387,0.49287266,0.12600030,0.57847225
0.91545773,2.80645645,0.06499633,0.39417103,0.85782621,1.12033228,0.31975580,0.47370301,0.12270779,0.55459220
0.92146073,2.68696913,0.06161079,0.37869036,0.81203997,1.06997193,0.30734276,0.45484951,0.11919773,0.53045018
0.92746373,2.56743350,0.05823839,0.36318370,0.76726686,1.01927695,0.29468848,0.43636785,0.11549398,0.50615151
0.93346673,2.44837265,0.05490460,0.34768472,0.72368790,0.96853072,0.28185805,0.41830082,0.11162004,0.48180460
0.93946973,2.33027695,0.05163319,0.33222641,0.68146076,0.91800795,0.26891840,0.40067961,0.10759901,0.45751990
0.94547274,2.21360572,0.04844586,0.31684153,0.64072120,0.86797311,0.25593902,0.38352568,0.10345376,0.43340913
0.95147574,2.09879173,0.04536196,0.30156328,0.60158564,0.81867986,0.24299280,0.36685336,0.09920724,0.40958504
0.95747874,1.98624792,0.04239845,0.28642641,0.56415481,0.77037139,0.23015697,0.35067273,0.09488279,0.38616138
0.96348174,1.87637571,0.03956984,0.27146828,0.52851796,0.72328128,0.21751398,0.33499289,0.09050455,0.36325317
0.96948474,1.76957412,0.03688837,0.25673020,0.49475757,0.67763497,0.20515231,0.31982534,0.08609792,0.34097712
0.97548774,1.66624904,0.03436421,0.24225848,0.46295424,0.63365143,0.19316714,0.30518722,0.08168982,0.31945208
0.98149075,1.56682207,0.03200585,0.22810551,0.43319156,0.59154494,0.18166080,0.29110443,0.07730903,0.29879958
0.98749375,1.47173822,0.02982038,0.21433051,0.40556060,0.55152689,0.17074304,0.27761436,0.07298636,0.27914420
0.99349675,1.38147222,0.02781399,0.20099995,0.38016409,0.51380730,0.16053106,0.26476815,0.06875466,0.26061385
0.99949975,1.29653284,0.02599239,0.18818771,0.35711977,0.47859604,0.15114927,0.25263230,0.06464872,0.24333985
1.00550275,1.21746507,0.02436115,0.17597485,0.33656308,0.44610363,0.14272887,0.24128966,0.06070509,0.22745677
1.01150575,1.14484977,0.02292618,0.16444902,0.31864873,0.41654150,0.13540708,0.23083961,0.05696164,0.21310195
1.01750875,1.07930088,0.02169394,0.15370353,0.30355126,0.39012152,0.12932622,0.22139742,0.05345708,0.20041469
1.02351176,1.02145981,0.02067171,0.14383614,0.29146434,0.36705491,0.12463241,0.21309286,0.05023038,0.18953507
1.02951476,0.97198729,0.01986766,0.13494757,0.28259878,0.34755031,0.12147402,0.20606789,0.04732001,0.18060242
1.03551776,0.93155247,0.01929091,0.12713975,0.27717921,0.33181104,0.11999983,0.20047373,0.04476322,0.17375322
1.04152076,0.90081962,0.01895131,0.12051395,0.27543934,0.32003152,0.12035679,0.19646703,0.04259512,0.16911873
1.04752376,0.88043246,0.01885926,0.11516873,0.27761590,0.31239280,0.12268744,0.19420560,0.04084793,0.16682205
1.05352676,0.87099653,0.01902527,0.11119771,0.28394133,0.30905742,0.12712699,0.19384354,0.03955002,0.16697487
1.05952976,0.87305987,0.01945952,0.10868741,0.29463530,0.31016354,0.13379999,0.19552602,0.03872507,0.16967380
1.06553277,0.88709261,0.02017122,0.10771493,0.30989534,0.31581848,0.14281670,0.19938396,0.03839131,0.17499647
1.07153577,0.91346600,0.02116797,0.10834568,0.32988673,0.32609212,0.15426918,0.20552857,0.03856070,0.18299747
1.07753877,0.95243155,0.02245507,0.11063112,0.35473217,0.34100999,0.16822711,0.21404623,0.03923830,0.19370422
1.08354177,1.00410108,0.02403477,0.11460662,0.38450129,0.36054679,0.18473360,0.22499364,0.04042172,0.20711310
1.08954477,1.06842850,0.02590556,0.12028943,0.41920081,0.38462030,0.20380092,0.23839367,0.04210071,0.22318579
1.09554777,1.14519417,0.02806155,0.12767681,0.45876547,0.41308621,0.22540653,0.25423189,0.04425690,0.24184630
1.10155078,1.23399272,0.03049188,0.13674449,0.50305039,0.44573418,0.24948940,0.27245414,0.04686376,0.26297865
1.10755378,1.33422514,0.03318031,0.14744541,0.55182523,0.48228545,0.27594688,0.29296517,0.04988677,0.28642558
1.11355678,1.44509582,0.03610494,0.15970883,0.60477062,0.52239224,0.30463235,0.31562846,0.05328376,0.31198842
1.11955978,1.56561514,0.03923810,0.17344001,0.66147712,0.56563924,0.33535377,0.34026734,0.05700554,0.33942817
1.12556278,1.69460800,0.04254648,0.18852035,0.72144711,0.61154732,0.36787335,0.36666737,0.06099672,0.36846803
1.13156578,1.83072838,0.04599145,0.20480814,0.78409962,0.65957947,0.40190846,0.39457991,0.06519680,0.39879734
1.13756878,1.97247982,0.04952960,0.22213997,0.84877827,0.70914902,0.43713381,0.42372691,0.06954139,0.43007687
1.14357179,2.11824159,0.05311351,0.24033270,0.91476213,0.75962990,0.47318510,0.45380661,0.07396363,0.46194542
1.14957479,2.26629961,0.05669268,0.25918620,0.98127933,0.81036876,0.50966405,0.48450009,0.07839573,0.49402752
1.15557779,2.41488156,0.06021468,0.27848653,1.04752293,0.86069846,0.54614475,0.51547830,0.08277057,0.52594192
1.16158079,2.56219474,0.06362636,0.29800979,1.11266877,0.90995274,0.58218128,0.54640951,0.08702328,0.55731077
1.16758379,2.70646576,0.06687527,0.31752630,1.17589448,0.95748122,0.61731634,0.57696671,0.09109278,0.58776883
1.17358679,2.84598036,0.06991099,0.33680523,1.23639920,1.00266453,0.65109084,0.60683488,0.09492323,0.61697273
1.17958979,2.97912226,0.07268654,0.35561931,1.29342318,1.04492882,0.68305397,0.63571773,0.09846526,0.64460950
1.18559280,3.10440953,0.07515974,0.37374974,1.34626664,1.08375914,0.71277368,0.66334387,0.10167695,0.67040441
1.19159580,3.22052738,0.07729443,0.39099090,1.39430729,1.11871131,0.73984710,0.68947204,0.10452460,0.69412754
1.19759880,3.32635640,0.07906153,0.40715493,1.43701576,1.14942182,0.76391062,0.71389558,0.10698318,0.71559891
1.20360180,3.42099533,0.08044002,0.42207596,1.47396870,1.17561549,0.78464937,0.73644574,0.10903644,0.73469207
1.20960480,3.50377812,0.08141756,0.43561382,1.50485902,1.19711060,0.80180573,0.75699416,0.11067677,0.75133592
1.21560780,3.57428480,0.08199101,0.44765727,1.52950300,1.21382169,0.81518657,0.77545434,0.11190477,0.76551494
1.22161081,3.63234650,0.08216661,0.45812657,1.54784443,1.22575969,0.82466911,0.79178232,0.11272861,0.77726770
1.22761381,3.67804481,0.08196004,0.46697537,1.55995552,1.23302991,0.83020506,0.80597667,0.11316314,0.78668401
1.23361681,3.71170602,0.08139613,0.47419195,1.56603489,1.23582791,0.83182302,0.81807788,0.11322898,0.79390082
1.23961981,3.73389092,0.08050844,0.47979967,1.56640286,1.23443353,0.82962896,0.82816736,0.11295144,0.79909721
1.24562281,3.74538095,0.07933864,0.48385680,1.56149439,1.22920363,0.82380488,0.83636608,0.11235950,0.80248871
1.25162581,3.74716137,0.07793572,0.48645564,1.55184982,1.22056371,0.81460551,0.84283308,0.11148485,0.80432139
1.25762881,3.74040217,0.07635510,0.48772099,1.53810405,1.20899875,0.80235337,0.84776365,0.11036095,0.80486577
1.26363182,3.72643729,0.07465759,0.48780806,1.52097431,1.19504373,0.78743205,0.85138747,0.10902231,0.80441109
1.26963482,3.70674252,0.07290831,0.48689968,1.50124680,1.17927390,0.77027814,0.85396642,0.10750383,0.80325991
1.27563782,3.68291242,0.07117556,0.48520308,1.47976264,1.16229511,0.75137183,0.85579209,0.10584037,0.80172315
1.28164082,3.65663613,0.06952960,0.48294609,1.45740312,1.14473414,0.73122653,0.85718280,0.10406639,0.80011588
1.28764382,3.62967229,0.06804144,0.48037287,1.43507457,1.12722930,0.71037764,0.85848002,0.10221573,0.79875346
1.29364682,3.60382255,0.06678156,0.47773918,1.41369282,1.11042102,0.68937094,0.86004409,0.10032148,0.79794822
1.29964982,3.58090379,0.06581868,0.47530726,1.39416743,1.09494254,0.66875059,0.86224892,0.09841589,0.79800642
1.30565283,3.56271854,0.06521838,0.47334035,1.37738579,1.08141059,0.64904730,0.86547587,0.09653027,0.79922532
1.31165583,3.55102367,0.06504181,0.47209694,1.36419703,1.07041589,0.63076667,0.87010651,0.09469492,0.80189017
1.31765883,3.54749736,0.06534434,0.47182489,1.35539608,1.06251344,0.61437823,0.87651443,0.09293893,0.80627093
1.32366183,3.55370452,0.06617417,0.47275539,1.35170785,1.05821275,0.60030516,0.88505626,0.09128995,0.81261864
1.32966483,3.57106119,0.06757099,0.47509716,1.35377196,1.05796778,0.58891519,0.89606191,0.08977385,0.82116116
1.33566783,3.60079868,0.06956465,0.47903075,1.36212817,1.06216703,0.58051265,0.90982456,0.08841435,0.83209850
1.34167084,3.64392842,0.07217395,0.48470340,1.37720301,1.07112370,0.57533212,0.92659057,0.08723250,0.84559757
1.34767384,3.70120872,0.07540547,0.49222440,1.39929792,1.08506655,0.57353368,0.94654971,0.08624619,0.86178658
1.35367684,3.77311490,0.07925261,0.50166134,1.42857949,1.10413146,0.57519997,0.96982635,0.08546963,0.88074930
1.35967984,3.85981413,0.08369488,0.51303731,1.46507213,1.12835447,0.58033521,0.99647183,0.08491284,0.90251941
1.36568284,3.96114660,0.08869743,0.52632923,1.50865369,1.15766638,0.58886617,1.02645852,0.08458124,0.92707533
1.37168584,4.07661429,0.09421093,0.54146742,1.55905448,1.19188966,0.60064515,1.05967608,0.08447532,0.95433585
1.37768884,4.20537863,0.10017185,0.55833652,1.61585979,1.23073778,0.61545498,1.09593008,0.08459046,0.98415694
1.38369185,4.34626777,0.10650316,0.57677778,1.67851637,1.27381750,0.63301574,1.13494324,0.08491695,1.01633014
1.38969485,4.49779424,0.11311550,0.59659269,1.74634271,1.32063417,0.65299335,1.17635958,0.08544009,1.05058273
1.39569785,4.65818274,0.11990878,0.61754780,1.81854306,1.37060016,0.67500940,1.21975119,0.08614063,1.08658006
1.40170085,4.82540807,0.12677422,0.63938076,1.89422497,1.42304647,0.69865224,1.26462783,0.08699522,1.12393000
1.40770385,4.99724193,0.13359682,0.66180718,1.97241987,1.47723713,0.72348882,1.31044881,0.08797714,1.16218973
1.41370685,5.17130754,0.14025814,0.68452827,2.05210612,1.53238616,0.74907681,1.35663699,0.08905710,1.20087456
1.41970985,5.34514024,0.14663937,0.70723882,2.13223374,1.58767649,0.77497675,1.40259439,0.09020412,1.23946878
1.42571286,5.51625192,0.15262445,0.72963537,2.21175012,1.64228030,0.80076361,1.44771889,0.09138655,1.27743806
1.43171586,5.68219706,0.15810339,0.75142422,2.28962579,1.69537998,0.82603739,1.49142129,0.09257295,1.31424300
1.43771886,5.84063791,0.16297536,0.77232897,2.36487923,1.74618894,0.85043237,1.53314237,0.09373310,1.34935339
1.44372186,5.98940628,0.16715162,0.79209737,2.43660010,1.79397163,0.87362465,1.57236912,0.09483877,1.38226251
1.44972486,6.12655978,0.17055813,0.81050724,2.50396986,1.83806173,0.89533771,1.60864963,0.09586454,1.41250099
1.45572786,6.25043031,0.17313771,0.82737126,2.56627919,1.87787814,0.91534576,1.64160611,0.09678835,1.43964963
1.46173087,6.35966318,0.17485163,0.84254045,2.62294171,1.91293797,0.93347496,1.67094557,0.09759196,1.46335062
1.46773387,6.45324549,0.17568068,0.85590643,2.67350351,1.94286618,0.94960235,1.69646785,0.09826122,1.48331681
1.47373687,6.53052313,0.17562552,0.86740220,2.71764834,1.96740162,0.96365282,1.71807064,0.09878617,1.49933862
1.47973987,6.59120600,0.17470645,0.87700170,2.75519857,1.98639928,0.97559433,1.73575146,0.09916102,1.51128841
1.48574287,6.63536178,0.17296250,0.88471806,2.78611190,1.99982894,0.98543166,1.74960652,0.09938392,1.51912219
1.49174587,6.66339900,0.17044995,0.89060079,2.81047430,2.00777034,0.99319920,1.75982657,0.09945664,1.52287879
1.49774887,6.67604062,0.16724034,0.89473210,2.82848966,2.01040536,0.99895324,1.76668998,0.09938419,1.52267651
1.50375188,6.67428952,0.16341809,0.89722239,2.84046664,2.00800759,1.00276421,1.77055318,0.09917429,1.51870773
1.50975488,6.65938782,0.15907770,0.89820530,2.84680357,2.00092996,1.00470932,1.77183914,0.09883688,1.51123169
1.51575788,6.63277185,0.15432087,0.89783243,2.84797186,1.98959102,1.00486611,1.77102397,0.09838357,1.50056581
1.52176088,6.59602469,0.14925344,0.89626798,2.84449888,1.97446049,1.00330715,1.76862235,0.09782714,1.48707622
1.52776388,6.55082813,0.14398237,0.89368347,2.83695068,1.95604460,1.00009626,1.76517223,0.09718109,1.47116771
1.53376688,6.49891587,0.13861291,0.89025280,2.82591538,1.93487194,0.99528627,1.76121926,0.09645915,1.45327354
1.53976988,6.44202921,0.13324587,0.88614761,2.81198754,1.91148002,0.98891854,1.75730147,0.09567502,1.43384563
1.54577289,6.38187657,0.12797531,0.88153327,2.79575394,1.88640312,0.98102394,1.75393471,0.09484201,1.41334509
1.55177589,6.32009764,0.12288651,0.87656539,2.77778114,1.86016145,0.97162535,1.75159924,0.09397290,1.39223360
1.55777889,6.25823273,0.11805436,0.87138708,2.75860478,1.83325194,0.96074115,1.75072786,0.09307975,1.37096543
1.56378189,6.19769760,0.11354216,0.86612676,2.73872088,1.80614054,0.94838964,1.75169594,0.09217389,1.34998039
1.56978489,6.13976383,0.10940085,0.86089670,2.71857896,1.77925614,0.93459375,1.75481363,0.09126585,1.32969743
1.57578789,6.08554448,0.10566868,0.85579215,2.69857703,1.75298582,0.91938586,1.76032046,0.09036542,1.31050889
1.58179090,6.03598487,0.10237123,0.85089111,2.67905828,1.72767149,0.90281219,1.76838246,0.08948167,1.29277532
1.58779390,5.99185798,0.09952187,0.84625459,2.66030926,1.70360765,0.88493657,1.77909186,0.08862306,1.27682060
1.59379690,5.95376410,0.09712249,0.84192735,2.64255956,1.68104015,0.86584324,1.79246947,0.08779751,1.26292742
1.59979990,5.92213434,0.09516453,0.83793910,2.62598278,1.66016585,0.84563849,1.80846949,0.08701246,1.25133299
1.60580290,5.89723755,0.09363029,0.83430601,2.61069863,1.64113304,0.82445109,1.82698674,0.08627501,1.24222494
1.61180590,5.87919036,0.09249438,0.83103260,2.59677617,1.62404266,0.80243149,1.84786593,0.08559192,1.23573755
1.61780890,5.86796998,0.09172533,0.82811377,2.58423812,1.60895017,0.77974984,1.87091273,0.08496973,1.23194846
1.62381191,5.86342947,0.09128723,0.82553715,2.57306603,1.59586812,0.75659298,1.89590607,0.08441478,1.23087596
1.62981491,5.86531511,0.09114150,0.82328548,2.56320643,1.58476950,0.73316072,1.92261138,0.08393327,1.23247716
1.63581791,5.87328546,0.09124846,0.82133911,2.55457760,1.57559167,0.70966143,1.95079392,0.08353126,1.23664728
1.64182091,5.88693174,0.09156898,0.81967842,2.54707714,1.56824103,0.68630750,1.98023187,0.08321473,1.24322029
1.64782391,5.90579881,0.09206583,0.81828623,2.54058975,1.56259831,0.66331060,2.01072828,0.08298952,1.25197111
1.65382691,5.92940615,0.09270497,0.81714995,2.53499531,1.55852426,0.64087727,2.04212142,0.08286134,1.26261953
1.65982991,5.95726804,0.09345653,0.81626348,2.53017672,1.55586582,0.61920483,2.07429282,0.08283574,1.27483592
1.66583292,5.98891215,0.09429554,0.81562866,2.52602726,1.55446230,0.59847785,2.10717257,0.08291798,1.28824866
1.67183592,6.02389551,0.09520242,0.81525633,2.52245711,1.55415149,0.57886516,2.14074140,0.08311298,1.30245323
1.67783892,6.06181728,0.09616309,0.81516677,2.51939850,1.55477548,0.56051769,2.17502932,0.08342513,1.31702262
1.68384192,6.10232743,0.09716887,0.81538948,2.51680938,1.55618573,0.54356675,2.21011071,0.08385813,1.33151884
1.68984492,6.14513087,0.09821607,0.81596237,2.51467518,1.55824731,0.52812304,2.24609608,0.08441478,1.34550499
1.69584792,6.18998679,0.09930536,0.81693027,2.51300845,1.56084205,0.51427613,2.28312073,0.08509670,1.35855751
1.70185093,6.23670324,0.10044092,0.81834278,2.51184650,1.56387045,0.50209436,2.32133087,0.08590412,1.37027808
1.70785393,6.28512727,0.10162945,0.82025163,2.51124687,1.56725227,0.49162509,2.36086807,0.08683560,1.38030460
1.71385693,6.33513145,0.10287918,0.82270765,2.51128110,1.57092583,0.48289517,2.40185267,0.08788779,1.38832096
1.71985993,6.38659761,0.10419875,0.82575748,2.51202699,1.57484612,0.47591161,2.44436736,0.08905520,1.39406504
1.72586293,6.43939933,0.10559628,0.82944022,2.51355991,1.57898204,0.47066235,2.48844194,0.09033014,1.39733466
1.73186593,6.49338432,0.10707846,0.83378429,2.51594378,1.58331277,0.46711719,2.53404005,0.09170259,1.39799141
1.73786893,6.54835849,0.10864994,0.83880466,2.51922230,1.58782396,0.46522872,2.58104916,0.09316031,1.39596214
1.74387194,6.60407286,0.11031282,0.84450067,2.52341117,1.59250375,0.46493348,2.62927419,0.09468897,1.39123817
1.74987494,6.66021488,0.11206651,0.85085460,2.52849181,1.59733921,0.46615313,2.67843559,0.09627250,1.38387247
1.75587794,6.71640483,0.11390776,0.85783118,2.53440721,1.60231341,0.46879589,2.72817207,0.09789346,1.37397487
1.76188094,6.77219816,0.11583104,0.86537802,2.54106014,1.60740337,0.47275806,2.77804785,0.09953362,1.36170585
1.76788394,6.82709370,0.11782904,0.87342705,2.54831411,1.61257911,0.47792572,2.82756435,0.10117457,1.34726904
1.77388694,6.88054747,0.11989340,0.88189690,2.55599688,1.61780376,0.48417661,2.87617544,0.10279845,1.33090302
1.77988994,6.93199123,0.12201558,0.89069603,2.56390649,1.62303485,0.49138211,2.92330572,0.10438860,1.31287265
1.78589295,6.98085455,0.12418769,0.89972650,2.57181922,1.62822637,0.49940929,2.96837045,0.10593033,1.29346045
1.79189595,7.02658865,0.12640330,0.90888806,2.57949914,1.63333158,0.50812290,3.01079616,0.10741156,1.27295817
1.79789895,7.06869039,0.12865823,0.91808237,2.58670825,1.63830616,0.51738733,3.05004073,0.10882329,1.25165902
1.80390195,7.10672422,0.13095098,0.92721698,2.59321678,1.64311122,0.52706837,3.08561158,0.11016003,1.22985053
1.80990495,7.14034049,0.13328301,0.93620879,2.59881249,1.64771593,0.53703473,3.11708101,0.11141997,1.20780832
1.81590795,7.16928833,0.13565872,0.94498682,2.60330859,1.65209934,0.54715916,3.14409790,0.11260495,1.18579086
1.82191096,7.19342182,0.13808506,0.95349394,2.60654936,1.65625108,0.55731931,3.16639490,0.11372021,1.16403504
1.82791396,7.21269884,0.14057087,0.96168752,2.60841317,1.66017074,0.56739815,3.18379106,0.11477388,1.14275279
1.83391696,7.22717202,0.14312583,0.96953889,2.60881266,1.66386584,0.57728399,3.19618965,0.11577633,1.12212842
1.83991996,7.23697250,0.14575926,0.97703166,2.60769197,1.66734840,0.58687023,3.20357170,0.11673928,1.10231684
1.84592296,7.24228720,0.14847865,0.98415889,2.60502130,1.67063031,0.59605476,3.20598561,0.11767477,1.08344245
1.85192596,7.24333108,0.15128814,0.99091948,2.60078924,1.67371774,0.60473926,3.20353393,0.11859411,1.06559866
1.85792896,7.24031648,0.15418697,0.99731392,2.59499352,1.67660507,0.61282842,3.19635819,0.11950674,1.04884803
1.86393197,7.23342151,0.15716803,1.00333964,2.58763099,1.67926875,0.62022921,3.18462294,0.12041923,1.03322303
1.86993497,7.22276010,0.16021666,1.00898648,2.57868771,1.68166169,0.62685039,3.16850024,0.12133429,1.01872729
1.87593797,7.20835599,0.16330971,1.01423254,2.56812996,1.68370864,0.63260227,3.14815568,0.12225008,1.00533750
1.88194097,7.19012283,0.16641505,1.01904069,2.55589726,1.68530314,0.63739688,3.12373707,0.12315968,0.99300588
1.88794397,7.16785245,0.16949147,1.02335613,2.54189790,1.68630645,0.64114870,3.09536635,0.12405087,0.98166326
1.89394697,7.14121240,0.17248915,1.02710527,2.52600771,1.68654876,0.64377579,3.06313568,0.12490626,0.97122280
1.89994997,7.10975395,0.17535068,1.03019595,2.50807241,1.68583283,0.64520150,3.02710768,0.12570369,0.96158417
1.90595298,7.07293039,0.17801244,1.03251924,2.48791349,1.68394020,0.64535663,2.98731999,0.12641699,0.95263843
1.91195598,7.03012532,0.18040666,1.03395271,2.46533771,1.68063967,0.64418202,2.94379387,0.12701699,0.94427320
1.91795898,6.98068973,0.18246367,1.03436508,2.44014957,1.67569780,0.64163142,2.89654624,0.12747287,0.93637817
1.92396198,6.92398598,0.18411457,1.03362205,2.41216621,1.66889103,0.63767452,2.84560432,0.12775360,0.92885081
1.92996498,6.85943662,0.18529405,1.03159304,2.38123386,1.66001868,0.63229997,2.79102201,0.12782960,0.92160188
1.93596798,6.78657518,0.18594326,1.02815847,2.34724483,1.64891631,0.62551826,2.73289685,0.12767435,0.91456082
1.94197099,6.70509618,0.18601255,1.02321721,2.31015400,1.63546858,0.61736422,2.67138637,0.12726605,0.90768045
1.94797399,6.61490142,0.18546410,1.01669386,2.26999375,1.61962092,0.60789907,2.60672276,0.12658910,0.90094101
1.95397699,6.51613972,0.18427407,1.00854524,2.22688626,1.60138933,0.59721172,2.53922480,0.12563542,0.89435317
1.95997999,6.40923756,0.18243440,0.99876609,2.18105235,1.58086755,0.58541937,2.46930612,0.12440543,0.88795981
1.96598299,6.29491853,0.17995399,0.98739319,2.13281610,1.55823126,0.57266719,2.39747904,0.12290875,0.88183647
1.97198599,6.17421003,0.17685933,0.97450807,2.08260480,1.53373883,0.55912697,2.32435366,0.12116455,0.87609033
1.97798899,6.04843618,0.17319439,0.96023778,2.03094398,1.50772838,0.54499492,2.25063177,0.11920138,0.87085758
1.98399200,5.91919677,0.16901993,0.94475381,1.97844752,1.48061123,0.53048837,2.17709580,0.11705671,0.86629942
1.98999500,5.78833260,0.16441212,0.92826911,1.92580318,1.45286178,0.51584165,2.10459299,0.11477601,0.86259644
1.99599800,5.65787838,0.15946064,0.91103319,1.87375403,1.42500432,0.50130105,2.03401544,0.11241149,0.85994192
2.00200100,5.53000481,0.15426617,0.89332567,1.82307654,1.39759699,0.48711915,1.96627675,0.11002047,0.85853396
2.00800400,5.40695214,0.14893754,0.87544821,1.77455620,1.37121378,0.47354857,1.90228610,0.10766356,0.85856691
2.01400700,5.29095788,0.14358861,0.85771550,1.72896185,1.34642511,0.46083536,1.84292105,0.10540263,0.86022232
2.02001001,5.18418162,0.13833485,0.84044534,1.68701963,1.32377791,0.44921228,1.78899994,0.10329869,0.86365993
2.02601301,5.08862994,0.13328999,0.82394841,1.64938778,1.30377590,0.43889208,1.74125524,0.10140974,0.86900895
2.03201601,5.00608482,0.12856268,0.80851800,1.61663340,1.28686096,0.43006115,1.70030877,0.09978874,0.87636004
2.03801901,4.93803813,0.12425335,0.79442026,1.58921203,1.27339641,0.42287367,1.66665003,0.09848175,0.88575846
2.04402201,4.88563531,0.12045134,0.78188519,1.56745107,1.26365273,0.41744651,1.64061832,0.09752628,0.89719863
2.05002501,4.84963031,0.11723249,0.77109887,1.55153758,1.25779654,0.41385506,1.62238958,0.09694999,0.91062046
2.05602801,4.83035376,0.11465709,0.76219712,1.54151104,1.25588311,0.41213027,1.61196830,0.09676974,0.92590754
2.06203102,4.82769570,0.11276842,0.75526095,1.53726131,1.25785277,0.41225689,1.60918499,0.09699105,0.94288749
2.06803402,4.84110355,0.11159182,0.75031389,1.53853191,1.26353151,0.41417308,1.61369924,0.09760800,0.96133436
2.07403702,4.86959542,0.11113430,0.74732131,1.54492830,1.27263550,0.41777159,1.62500824,0.09860358,0.98097317
2.08004002,4.91178822,0.11138477,0.74619176,1.55593106,1.28477961,0.42290218,1.64246047,0.09995039,1.00148624
2.08604302,4.96593956,0.11231476,0.74678032,1.57091309,1.29948947,0.42937566,1.66527413,0.10161178,1.02252134
2.09204602,5.03000160,0.11387970,0.74889373,1.58916045,1.31621666,0.43696903,1.69255942,0.10354335,1.04370108
2.09804902,5.10168499,0.11602062,0.75229709,1.60989567,1.33435639,0.44543191,1.72334407,0.10569463,1.06463340
2.10405203,5.17853022,0.11866631,0.75672198,1.63230288,1.35326710,0.45449384,1.75660103,0.10801107,1.08492248
2.11005503,5.25798375,0.12173570,0.76187550,1.65555353,1.37229112,0.46387223,1.79127748,0.11043606,1.10417998
2.11605803,5.33747601,0.12514061,0.76744997,1.67883191,1.39077566,0.47328080,1.82632394,0.11291304,1.12203575
2.12206103,5.41449835,0.12878860,0.77313295,1.70135934,1.40809340,0.48243804,1.86072263,0.11538748,1.13814796
2.12806403,5.48667606,0.13258582,0.77861705,1.72241620,1.42366179,0.49107552,1.89351409,0.11780885,1.15221202
2.13406703,5.55183496,0.13643998,0.78360929,1.74136104,1.43696049,0.49894563,1.92382104,0.12013219,1.16396805
2.14007004,5.60805909,0.14026306,0.78783960,1.75764600,1.44754621,0.50582851,1.95086890,0.12231952,1.17320668
2.14607304,5.65373766,0.14397390,0.79106815,1.77082823,1.45506450,0.51153792,1.97400221,0.12434086,1.17977295
2.15207604,5.68759975,0.14750044,0.79309131,1.78057683,1.45925816,0.51592581,1.99269648,0.12617485,1.18356825
2.15807904,5.70873594,0.15078164,0.79374603,1.78667531,1.45997188,0.51888545,2.00656538,0.12780891,1.18455028
2.16408204,5.71660631,0.15376894,0.79291251,1.78901955,1.45715316,0.52035298,2.01536280,0.12923912,1.18273115
2.17008504,5.71103512,0.15642724,0.79051513,1.78761170,1.45084954,0.52030743,2.01898035,0.13046949,1.17817383
2.17608804,5.69219290,0.15873545,0.78652177,1.78255022,1.44120228,0.51876918,2.01744015,0.13151109,1.17098701
2.18209105,5.66056704,0.16068639,0.78094148,1.77401688,1.42843701,0.51579697,2.01088362,0.13238066,1.16131889
2.18809405,5.61692277,0.16228633,0.77382080,1.76226129,1.41285165,0.51148374,1.99955685,0.13309911,1.14934995
2.19409705,5.56225631,0.16355394,0.76523896,1.74758380,1.39480233,0.50595135,1.98379318,0.13368980,1.13528536
2.20010005,5.49774269,0.16451885,0.75530218,1.73031767,1.37468785,0.49934458,1.96399388,0.13417679,1.11934700
2.20610305,5.42468059,0.16521985,0.74413739,1.71081127,1.35293345,0.49182467,1.94060788,0.13458308,1.10176574
2.21210605,5.34443674,0.16570276,0.73188576,1.68941121,1.32997460,0.48356267,1.91411136,0.13492898,1.08277415
2.21810905,5.25839226,0.16601813,0.71869626,1.66644718,1.30624141,0.47473292,1.88498809,0.13523075,1.06259986
2.22411206,5.16789325,0.16621878,0.70471966,1.64221904,1.28214439,0.46550698,1.85371147,0.13549945,1.04145988
2.23011506,5.07420761,0.16635742,0.69010307,1.61698679,1.25806204,0.45604819,1.82072885,0.13574023,1.01955609
2.23611806,4.97848954,0.16648423,0.67498550,1.59096374,1.23433072,0.44650712,1.78644878,0.13595196,0.99707184
2.24212106,4.88175304,0.16664471,0.65949429,1.56431308,1.21123718,0.43701800,1.75123167,0.13612732,0.97416989
2.24812406,4.78485501,0.16687780,0.64374279,1.53714782,1.18901374,0.42769632,1.71538408,0.13625330,0.95099163
2.25412706,4.68848806,0.16721423,0.62782914,1.50953404,1.16783645,0.41863745,1.67915667,0.13631209,0.92765745
2.26013007,4.59318276,0.16767542,0.61183623,1.48149699,1.14782581,0.40991647,1.64274573,0.13628230,0.90426819
2.26613307,4.49931852,0.16827261,0.59583267,1.45302971,1.12905003,0.40158891,1.60629797,0.13614047,0.88090756
2.27213607,4.40714177,0.16900665,0.57987472,1.42410347,1.11153041,0.39369241,1.56991802,0.13586272,0.85764527
2.27813907,4.31679009,0.16986802,0.56400890,1.39467951,1.09524840,0.38624902,1.53367816,0.13542653,0.83454056
2.28414207,4.22832025,0.17083748,0.54827507,1.36472117,1.08015394,0.37926804,1.49762938,0.13481245,0.81164610
2.29014507,4.14173853,0.17188694,0.53270985,1.33420592,1.06617437,0.37274909,1.46181314,0.13400569,0.78901181
2.29614807,4.05703107,0.17298077,0.51735001,1.30313647,1.05322359,0.36668530,1.42627294,0.13299752,0.76668849
2.30215108,3.97419274,0.17407737,0.50223569,1.27155033,1.04121093,0.36106633,1.39106492,0.13178630,0.74473098
2.30815408,3.89325256,0.17513091,0.48741317,1.23952746,1.03004912,0.35588121,1.35626698,0.13037823,0.72320069
2.31415708,3.81429457,0.17609323,0.47293714,1.20719543,1.01966127,0.35112061,1.32198553,0.12878763,0.70216736
2.32016008,3.73747291,0.17691573,0.45887226,1.17473193,1.00998632,0.34677876,1.28835972,0.12703686,0.68170996
2.32616308,3.66302061,0.17755125,0.44529390,1.14236453,1.00098302,0.34285473,1.25556284,0.12515577,0.66191671
2.33216608,3.59125176,0.17795583,0.43228817,1.11036773,0.99263211,0.33935310,1.22380063,0.12318084,0.64288411
2.33816908,3.52255718,0.17809025,0.41995108,1.07905736,0.98493694,0.33628421,1.19330691,0.12115401,0.62471526
2.34417209,3.45739425,0.17792134,0.40838704,1.04878280,0.97792245,0.33366373,1.16433652,0.11912119,0.60751737
2.35017509,3.39627148,0.17742298,0.39770667,1.01991724,0.97163285,0.33151198,1.13715629,0.11713070,0.59139868
2.35617809,3.33972907,0.17657676,0.38802414,0.99284657,0.96612804,0.32985274,1.11203433,0.11523162,0.57646507
2.36218109,3.28831662,0.17537236,0.37945408,0.96795730,0.96147921,0.32871196,1.08922847,0.11347205,0.56281637
2.36818409,3.24256923,0.17380752,0.37210822,0.94562407,0.95776381,0.32811623,1.06897452,0.11189765,0.55054269
2.37418709,3.20298346,0.17188773,0.36609199,0.92619728,0.95506012,0.32809123,1.05147492,0.11055016,0.53972094
2.38019010,3.16999426,0.16962566,0.36150104,0.90999132,0.95344189,0.32866017,1.03688865,0.10946623,0.53041175
2.38619310,3.14395409,0.16704033,0.35841793,0.89727373,0.95297306,0.32984232,1.02532276,0.10867651,0.52265689
2.39219610,3.12511513,0.16415615,0.35690908,0.88825583,0.95370298,0.33165175,1.01682617,0.10820498,0.51647732
2.39819910,3.11361550,0.16100180,0.35702198,0.88308494,0.95566219,0.33409616,1.01138596,0.10806858,0.51187206
2.40420210,3.10946980,0.15760909,0.35878288,0.88183859,0.95885896,0.33717597,1.00892648,0.10827713,0.50881777
2.41020510,3.11256451,0.15401189,0.36219485,0.88452073,0.96327678,0.34088373,1.00931122,0.10883347,0.50726919
2.41620810,3.12265822,0.15024508,0.36723646,0.89106020,0.96887268,0.34520369,1.01234736,0.10973389,0.50716033
2.42221111,3.13938675,0.14634368,0.37386092,0.90131130,0.97557668,0.35011179,1.01779285,0.11096867,0.50840642
2.42821411,3.16227273,0.14234205,0.38199593,0.91505664,0.98329223,0.35557588,1.02536555,0.11252285,0.51090642
2.43421711,3.19073940,0.13827346,0.39154411,0.93201207,0.99189776,0.36155636,1.03475405,0.11437707,0.51454612
2.44022011,3.22412800,0.13416967,0.40238410,0.95183361,1.00124917,0.36800713,1.04562960,0.11650853,0.51920167
2.44622311,3.26171822,0.13006080,0.41437238,0.97412624,1.01118341,0.37487692,1.05765866,0.11889193,0.52474326
2.45222611,3.30275088,0.12597538,0.42734581,0.99845428,1.02152293,0.38211098,1.07051539,0.12150054,0.53103909
2.45822911,3.34645220,0.12194048,0.44112472,1.02435315,1.03208098,0.38965313,1.08389363,0.12430719,0.53795927
2.46423212,3.39205875,0.11798204,0.45551682,1.05134216,1.04266753,0.39744805,1.09751777,0.12728522,0.54537958
2.47023512,3.43884235,0.11412515,0.47032149,1.07893800,1.05309578,0.40544384,1.11115209,0.13040948,0.55318508
2.47623812,3.48613385,0.11039446,0.48533467,1.10666852,1.06318889,0.41359470,1.12460823,0.13365717,0.56127325
2.48224112,3.53334513,0.10681449,0.50035399,1.13408622,1.07278683,0.42186362,1.13775043,0.13700862,0.56955682
2.48824412,3.57998830,0.10340991,0.51518408,1.16078127,1.08175292,0.43022493,1.15049839,0.14044795,0.57796591
2.49424712,3.62569137,0.10020572,0.52964181,1.18639318,1.08997988,0.43866659,1.16282771,0.14396366,0.58644968
2.50025013,3.67020963,0.09722734,0.54356132,1.21062098,1.09739503,0.44719200,1.17476785,0.14754890,0.59497724
2.50625313,3.71343203,0.09450051,0.55679852,1.23323124,1.10396433,0.45582122,1.18639777,0.15120174,0.60353783
2.51225613,3.75538218,0.09205112,0.56923491,1.25406359,1.10969501,0.46459144,1.19783950,0.15492501,0.61214025
2.51825913,3.79621358,0.08990489,0.58078049,1.27303353,1.11463649,0.47355658,1.20924977,0.15872613,0.62081157
2.52426213,3.83619911,0.08808688,0.59137564,1.29013208,1.11887956,0.48278589,1.22081026,0.16261646,0.62959498
2.53026513,3.87571484,0.08662103,0.60099177,1.30542258,1.12255353,0.49236168,1.23271670,0.16661063,0.63854705
2.53626813,3.91521867,0.08552945,0.60963077,1.31903424,1.12582155,0.50237599,1.24516743,0.17072541,0.64773426
2.54227114,3.95522455,0.08483182,0.61732320,1.33115314,1.12887409,0.51292651,1.25835170,0.17497854,0.65722904
2.54827414,3.99627328,0.08454470,0.62412532,1.34201066,1.13192083,0.52411168,1.27243846,0.17938734,0.66710534
2.55427714,4.03890092,0.08468084,0.63011507,1.35187007,1.13518128,0.53602539,1.28756577,0.18396714,0.67743399
2.56028014,4.08360654,0.08524858,0.63538722,1.36101183,1.13887449,0.54875132,1.30383167,0.18872974,0.68827793
2.56628314,4.13082040,0.08625130,0.64004794,1.36971828,1.14320832,0.56235740,1.32128649,0.19368189,0.69968757
2.57228614,4.18087444,0.08768694,0.64420897,1.37825844,1.14836886,0.57689049,1.33992733,0.19882386,0.71169642
2.57828914,4.23397631,0.08954771,0.64798184,1.38687363,1.15451037,0.59237169,1.35969464,0.20414817,0.72431724
2.58429215,4.29018839,0.09181985,0.65147228,1.39576476,1.16174631,0.60879253,1.38047119,0.20963869,0.73753884
2.59029515,4.34941280,0.09448365,0.65477515,1.40508158,1.17014200,0.62611221,1.40208356,0.21526994,0.75132373
2.59629815,4.41138331,0.09751354,0.65797010,1.41491475,1.17970905,0.64425617,1.42430591,0.22100689,0.76560671
2.60230115,4.47566448,0.10087842,0.66111819,1.42529068,1.19040216,0.66311589,1.44686597,0.22680510,0.78029454
2.60830415,4.54165822,0.10454216,0.66425947,1.43616970,1.20211811,0.68255025,1.46945304,0.23261130,0.79526662
2.61430715,4.60861738,0.10846425,0.66741174,1.44744723,1.21469731,0.70238816,1.49172750,0.23836438,0.81037684
2.62031016,4.67566575,0.11260062,0.67057038,1.45895811,1.22792753,0.72243238,1.51333147,0.24399678,0.82545642
2.62631316,4.74182348,0.11690458,0.67370916,1.47048347,1.24154992,0.74246448,1.53390024,0.24943613,0.84031758
2.63231616,4.80603666,0.12132790,0.67678202,1.48176007,1.25526669,0.76225059,1.55307377,0.25460718,0.85475814
2.63831916,4.86720978,0.12582197,0.67972567,1.49249130,1.26875045,0.78154769,1.57050796,0.25943386,0.86856664
2.64432216,4.92423940,0.13033894,0.68246265,1.50235949,1.28165442,0.80011015,1.58588511,0.26384141,0.88152786
2.65032516,4.97604776,0.13483289,0.68490503,1.51103880,1.29362333,0.81769629,1.59892323,0.26775849,0.89342857
2.65632816,5.02161480,0.13926097,0.68695812,1.51820821,1.30430440,0.83407461,1.60938382,0.27111913,0.90406335
2.66233117,5.06000755,0.14358435,0.68852446,1.52356408,1.31335805,0.84902950,1.61707796,0.27386451,0.91324006
2.66833417,5.09040578,0.14776906,0.68950763,1.52683173,1.32046785,0.86236620,1.62187059,0.27594448,0.92078510
2.67433717,5.11212324,0.15178665,0.68981590,1.52777574,1.32534953,0.87391495,1.62368285,0.27731876,0.92654805
2.68034017,5.12462416,0.15561455,0.68936563,1.52620864,1.32775861,0.88353412,1.62249276,0.27795779,0.93040562
2.68634317,5.12753469,0.15923625,0.68808425,1.52199777,1.32749662,0.89111241,1.61833427,0.27784327,0.93226494
2.69234617,5.12064952,0.16264108,0.68591297,1.51507029,1.32441572,0.89657011,1.61129503,0.27696832,0.93206593
2.69834917,5.10393392,0.16582391,0.68280893,1.50541610,1.31842169,0.89985944,1.60151312,0.27533736,0.92978286
2.70435218,5.07752170,0.16878437,0.67874698,1.49308894,1.30947537,0.90096418,1.58917312,0.27296568,0.92542499
2.71035518,5.04170953,0.17152605,0.67372108,1.47820560,1.29759254,0.89989857,1.57450184,0.26987883,0.91903640
2.71635818,4.99694848,0.17405539,0.66774512,1.46094335,1.28284246,0.89670581,1.55776398,0.26611176,0.91069496
2.72236118,4.94383308,0.17638052,0.66085341,1.44153586,1.26534511,0.89145605,1.53925797,0.26170787,0.90051050
2.72836418,4.88308870,0.17851000,0.65310058,1.42026767,1.24526745,0.88424430,1.51931214,0.25671794,0.88862225
2.73436718,4.81555754,0.18045162,0.64456116,1.39746744,1.22281863,0.87518801,1.49828143,0.25119907,0.87519570
2.74037019,4.74218373,0.18221126,0.63532854,1.37350017,1.19824464,0.86442470,1.47654443,0.24521350,0.86041883
2.74637319,4.66399761,0.18379189,0.62551352,1.34875858,1.17182232,0.85210957,1.45450081,0.23882758,0.84449784
2.75237619,4.58209965,0.18519284,0.61524241,1.32365392,1.14385296,0.83841301,1.43256901,0.23211063,0.82765253
2.75837919,4.49764372,0.18640924,0.60465461,1.29860636,1.11465578,0.82351824,1.41118380,0.22513395,0.81011145
2.76438219,4.41182010,0.18743185,0.59389986,1.27403524,1.08456125,0.80761884,1.39079367,0.21796978,0.79210674
2.77038519,4.32583799,0.18824715,0.58313510,1.25034947,1.05390448,0.79091631,1.37185763,0.21069043,0.77386912
2.77638819,4.24090777,0.18883772,0.57252109,1.22793829,1.02301889,0.77361753,1.35484127,0.20336734,0.75562277
2.78239120,4.15822290,0.18918296,0.56221884,1.20716267,0.99223014,0.75593210,1.34021187,0.19607021,0.73758062
2.78839420,4.07894183,0.18926006,0.55238609,1.18834770,0.96185054,0.73806960,1.32843250,0.18886625,0.71993985
2.79439720,4.00417006,0.18904519,0.54317378,1.17177612,0.93217406,0.72023670,1.31995500,0.18181935,0.70287800
2.80040020,3.93494277,0.18851479,0.53472285,1.15768326,0.90347199,0.70263424,1.31521203,0.17498944,0.68654968
2.80640320,3.87220844,0.18764709,0.52716140,1.14625366,0.87598938,0.68545416,1.31460842,0.16843175,0.67108400
2.81240620,3.81681406,0.18642353,0.52060226,1.13761940,0.84994231,0.66887656,1.31851202,0.16219629,0.65658297
2.81840920,3.76949245,0.18483020,0.51514132,1.13186029,0.82551613,0.65306677,1.32724465,0.15632729,0.64312068
2.82441221,3.73085227,0.18285924,0.51085640,1.12900594,0.80286451,0.63817269,1.34107350,0.15086281,0.63074363
2.83041521,3.70137130,0.18050996,0.50780693,1.12903950,0.78210957,0.62432240,1.36020358,0.14583438,0.61947187
2.83641821,3.68139343,0.17778992,0.50603427,1.13190312,0.76334279,0.61162220,1.38477168,0.14126685,0.60930127
2.84242121,3.67112957,0.17471560,0.50556281,1.13750458,0.74662685,0.60015524,1.41484246,0.13717827,0.60020652
2.84842421,3.67066276,0.17131299,0.50640157,1.14572502,0.73199813,0.58998068,1.45040689,0.13357996,0.59214489
2.85442721,3.67995722,0.16761774,0.50854638,1.15642723,0.71946993,0.58113361,1.49138346,0.13047669,0.58506068
2.86043022,3.69887113,0.16367510,0.51198226,1.16946402,0.70903601,0.57362563,1.53762216,0.12786696,0.57888986
2.86643322,3.72717248,0.15953954,0.51668608,1.18468629,0.70067451,0.56744617,1.58891125,0.12574343,0.57356503
2.87243622,3.76455717,0.15527408,0.52262909,1.20195024,0.69435185,0.56256452,1.64498650,0.12409346,0.56902016
2.87843922,3.81066843,0.15094936,0.52977927,1.22112331,0.69002649,0.55893242,1.70554245,0.12289965,0.56519504
2.88444222,3.86511632,0.14664244,0.53810319,1.24208850,0.68765236,0.55648716,1.77024505,0.12214053,0.56203913
2.89044522,3.92749614,0.14243534,0.54756739,1.26474663,0.68718163,0.55515503,1.83874497,0.12179126,0.55951462
2.89644822,3.99740448,0.13841338,0.55813898,1.28901655,0.68856685,0.55485493,1.91069062,0.12182427,0.55759848
2.90245123,4.07445177,0.13466340,0.56978548,1.31483312,0.69176207,0.55550203,1.98574007,0.12220998,0.55628345
2.90845423,4.15827031,0.13127171,0.58247390,1.34214297,0.69672316,0.55701121,2.06357092,0.12291744,0.55557786
2.91445723,4.24851712,0.12832202,0.59616894,1.37089851,0.70340694,0.55930014,2.14388737,0.12391486,0.55550423
2.92046023,4.34487112,0.12589333,0.61083061,1.40105025,0.71176947,0.56229186,2.22642377,0.12517017,0.55609682
2.92646323,4.44702466,0.12405773,0.62641122,1.43253814,0.72176338,0.56591673,2.31094436,0.12665140,0.55739817
2.93246623,4.55466968,0.12287830,0.64285211,1.46528241,0.73333448,0.57011363,2.39723890,0.12832702,0.55945483
2.93846923,4.66747930,0.12240715,0.66008017,1.49917451,0.74641790,0.57483042,2.48511426,0.13016618,0.56231261
2.94447224,4.78508596,0.12268355,0.67800465,1.53406897,0.76093393,0.58002358,2.57438248,0.13213887,0.56601145
2.95047524,4.90705761,0.12373246,0.69651427,1.56977669,0.77678393,0.58565727,2.66484591,0.13421599,0.57058044
2.95647824,5.03287349,0.12556317,0.71547510,1.60606027,0.79384657,0.59170161,2.75628027,0.13636939,0.57603312
2.96248124,5.16190160,0.12816855,0.73472942,1.64263201,0.81197483,0.59813070,2.84841695,0.13857186,0.58236336
2.96848424,5.29337949,0.13152455,0.75409565,1.67915477,0.83099389,0.60492022,2.94092553,0.14079713,0.58954226
2.97448724,5.42640036,0.13559029,0.77336968,1.71524603,0.85070035,0.61204501,3.03339823,0.14301981,0.59751603
2.98049025,5.55990591,0.14030861,0.79232748,1.75048514,0.87086277,0.61947675,3.12533719,0.14521542,0.60620527
2.98649325,5.69268733,0.14560720,0.81072917,1.78442347,0.89122391,0.62718193,3.21614610,0.14736040,0.61550552
2.99249625,5.82339513,0.15140016,0.82832432,1.81659727,0.91150449,0.63512033,3.30512707,0.14943226,0.62528925
2.99849925,5.95055831,0.15759010,0.84485845,1.84654265,0.93140847,0.64324405,3.39148342,0.15140964,0.63540914
3.00450225,6.07261250,0.16407066,0.86008036,1.87381181,0.95062986,0.65149725,3.47432901,0.15327261,0.64570258
3.01050525,6.18793649,0.17072933,0.87375007,1.89799009,0.96886057,0.65981658,3.55270397,0.15500283,0.65599709
3.01650825,6.29489578,0.17745054,0.88564693,1.91871255,0.98579921,0.66813235,3.62559668,0.15658389,0.66611651
3.02251126,6.39189138,0.18411889,0.89557766,1.93567951,1.00116027,0.67637023,3.69197125,0.15800161,0.67588758
3.02851426,6.47741183,0.19062235,0.90338376,1.94867010,1.01468350,0.68445349,3.75079946,0.15924430,0.68514660
3.03451726,6.55008597,0.19685535,0.90894799,1.95755290,1.02614278,0.69230552,3.80109584,0.16030310,0.69374587
3.04052026,6.60873389,0.20272158,0.91219955,1.96229334,1.03535421,0.69985249,3.84195432,0.16117213,0.70155953
3.04652326,6.65241371,0.20813646,0.91311776,1.96295706,1.04218305,0.70702588,3.87258482,0.16184868,0.70848855
3.05252626,6.68046156,0.21302907,0.91173382,1.95970923,1.04654903,0.71376478,3.89234781,0.16233325,0.71446458
3.05852926,6.69252288,0.21734358,0.90813079,1.95280963,1.04842979,0.72001773,3.90078540,0.16262944,0.71945258
3.06453227,6.68857337,0.22103998,0.90244156,1.94260372,1.04786234,0.72574386,3.89764706,0.16274387,0.72345196
3.07053527,6.66892817,0.22409427,0.89484494,1.92951011,1.04494237,0.73091354,3.88290890,0.16268577,0.72649630
3.07653827,6.63423898,0.22649799,0.88556004,1.91400495,1.03982143,0.73550806,3.85678513,0.16246671,0.72865161
3.08254127,6.58547881,0.22825709,0.87483927,1.89660404,1.03270213,0.73951882,3.81973121,0.16210004,0.73001328
3.08854427,6.52391514,0.22939047,0.86296005,1.87784352,1.02383151,0.74294576,3.77243819,0.16160043,0.73070186
3.09454727,6.45107236,0.22992789,0.85021588,1.85826001,1.01349293,0.74579530,3.71581835,0.16098328,0.73085784
3.10055028,6.36868524,0.22990784,0.83690698,1.83837114,1.00199670,0.74807798,3.65098253,0.16026417,0.73063567
3.10655328,6.27864522,0.22937500,0.82333089,1.81865741,0.98967007,0.74980589,3.57921013,0.15945840,0.73019741
3.11255628,6.18294180,0.22837785,0.80977359,1.79954610,0.97684665,0.75099014,3.50191256,0.15858050,0.72970612
3.11855928,6.08360131,0.22696630,0.79650130,1.78139790,0.96385596,0.75163854,3.42059199,0.15764393,0.72931927
3.12456228,5.98262540,0.22518955,0.78375333,1.76449679,0.95101338,0.75175369,3.33679658,0.15666079,0.72918259
3.13056528,5.88193161,0.22309420,0.77173627,1.74904342,0.93861078,0.75133147,3.25207412,0.15564174,0.72942435
3.13656828,5.78329793,0.22072285,0.76061954,1.73515209,0.92690822,0.75036024,3.16792582,0.15459593,0.73015039
3.14257129,5.68831342,0.21811298,0.75053245,1.72285134,0.91612697,0.74882058,3.08576187,0.15353108,0.73143999
3.14857429,5.59833608,0.21529635,0.74156278,1.71208767,0.90644392,0.74668565,3.00686047,0.15245367,0.73334279
3.15457729,5.51445950,0.21229882,0.73375679,1.70273234,0.89798764,0.74392208,2.93233169,0.15136907,0.73587665
3.16058029,5.43748873,0.20914047,0.72712053,1.69459038,0.89083603,0.74049143,2.86308755,0.15028178,0.73902666
3.16658329,5.36792614,0.20583616,0.72162230,1.68741154,0.88501567,0.73635186,2.79981910,0.14919564,0.74274527
3.17258629,5.30596719,0.20239626,0.71719605,1.68090235,0.88050270,0.73146015,2.74298146,0.14811399,0.74695343
3.17858929,5.25150606,0.19882761,0.71374561,1.67473899,0.87722532,0.72577373,2.69278689,0.14703977,0.75154282
3.18459230,5.20415061,0.19513452,0.71114941,1.66858012,0.87506765,0.71925278,2.64920639,0.14597557,0.75637910
3.19059530,5.16324602,0.19131985,0.70926561,1.66207947,0.87387487,0.71186218,2.61197930,0.14492359,0.76130602
3.19659830,5.12790620,0.18738601,0.70793746,1.65489777,0.87345950,0.70357327,2.58063063,0.14388554,0.76615032
3.20260130,5.09705196,0.18333585,0.70699874,1.64671357,0.87360857,0.69436545,2.55449523,0.14286251,0.77072741
3.20860430,5.06945461,0.17917345,0.70627909,1.63723302,0.87409150,0.68422748,2.53274798,0.14185472,0.77484745
3.21460730,5.04378360,0.17490465,0.70560928,1.62619839,0.87466849,0.67315855,2.51443873,0.14086141,0.77832194
3.22061031,5.01865688,0.17053751,0.70482624,1.61339517,0.87509912,0.66116916,2.49853060,0.13988057,0.78097036
3.22661331,4.99269222,0.16608251,0.70377773,1.59865804,0.87515099,0.64828178,2.48394037,0.13890889,0.78262688
3.23261631,4.96455802,0.16155261,0.70232677,1.58187551,0.87460803,0.63453132,2.46957936,0.13794165,0.78314672
3.23861931,4.93302183,0.15696320,0.70035553,1.56299332,0.87327831,0.61996552,2.45439330,0.13697283,0.78241205
3.24462231,4.89699519,0.15233189,0.69776882,1.54201679,0.87100100,0.60464509,2.43739987,0.13599519,0.78033715
3.25062531,4.85557314,0.14767828,0.69449700,1.51901195,0.86765238,0.58864382,2.41772247,0.13500056,0.77687265
3.25662831,4.80806713,0.14302361,0.69049829,1.49410559,0.86315051,0.57204841,2.39461918,0.13398022,0.77200856
3.26263132,4.75403020,0.13839044,0.68576034,1.46748421,0.85745850,0.55495825,2.36750595,0.13292531,0.76577606
3.26863432,4.69327359,0.13380230,0.68030114,1.43939182,0.85058623,0.53748481,2.33597330,0.13182739,0.75824788
3.27463732,4.62587426,0.12928335,0.67416909,1.41012657,0.84259045,0.51975090,2.29979618,0.13067893,0.74953720
3.28064032,4.55217307,0.12485805,0.66744223,1.38003622,0.83357325,0.50188959,2.25893690,0.12947394,0.73979514
3.28664332,4.47276390,0.12055091,0.66022662,1.34951244,0.82367889,0.48404277,2.21354118,0.12820841,0.72920688
3.29264632,4.38847403,0.11638615,0.65265393,1.31898393,0.81308923,0.46635943,2.16392791,0.12688084,0.71798654
3.29864932,4.30033696,0.11238750,0.64487819,1.28890844,0.80201787,0.44899365,2.11057324,0.12549252,0.70637102
3.30465233,4.20955841,0.10857788,0.63707180,1.25976373,0.79070315,0.43210221,2.05408983,0.12404786,0.69461309
3.31065533,4.11747724,0.10497920,0.62942085,1.23203760,0.77940040,0.41584207,1.99520239,0.12255440,0.68297384
3.31665833,4.02552249,0.10161201,0.62211990,1.20621721,0.76837362,0.40036761,1.93472060,0.12102281,0.67171497
3.32266133,3.93516836,0.09849525,0.61536630,1.18277771,0.75788690,0.38582784,1.87351059,0.11946664,0.66109108
3.32866433,3.84788869,0.09564588,0.60935424,1.16217057,0.74819587,0.37236352,1.81246603,0.11790204,0.65134224
3.33466733,3.76511232,0.09307853,0.60426852,1.14481172,0.73953949,0.36010451,1.75248013,0.11634718,0.64268714
3.34067034,3.68818108,0.09080505,0.60027842,1.13106989,0.73213231,0.34916713,1.69441927,0.11482174,0.63531705
3.34667334,3.61831136,0.08883414,0.59753167,1.12125530,0.72615761,0.33965194,1.63909929,0.11334623,0.62939066
3.35267634,3.55656053,0.08717089,0.59614876,1.11560922,0.72176137,0.33164173,1.58726491,0.11194125,0.62503009
3.35867934,3.50379899,0.08581633,0.59621767,1.11429450,0.71904745,0.32519998,1.53957290,0.11062678,0.62231803
3.36468234,3.46068851,0.08476703,0.59778939,1.11738759,0.71807395,0.32036970,1.49657916,0.10942152,0.62129617
3.37068534,3.42766724,0.08401478,0.60087416,1.12487229,0.71885090,0.31717278,1.45872998,0.10834225,0.62196479
3.37668834,3.40494171,0.08354628,0.60543880,1.13663568,0.72133935,0.31560978,1.42635720,0.10740330,0.62428366
3.38269135,3.39248564,0.08334300,0.61140510,1.15246630,0.72545182,0.31566021,1.39967724,0.10661616,0.62817399
3.38869435,3.39004564,0.08338117,0.61864965,1.17205513,0.73105418,0.31728327,1.37879367,0.10598919,0.63352148
3.39469735,3.39715317,0.08363192,0.62700493,1.19499927,0.73796891,0.32041903,1.36370279,0.10552759,0.64018034
3.40070035,3.41314254,0.08406163,0.63626195,1.22080871,0.74597964,0.32499003,1.35430186,0.10523339,0.64797806
3.40670335,3.43717401,0.08463244,0.64617434,1.24891581,0.75483688,0.33090315,1.35039933,0.10510568,0.65672087
3.41270635,3.46826135,0.08530300,0.65646385,1.27868779,0.76426478,0.33805188,1.35172662,0.10514094,0.66619963
3.41870935,3.50530283,0.08602937,0.66682725,1.30944156,0.77396880,0.34631866,1.35795076,0.10533348,0.67619602
3.42471236,3.54711452,0.08676614,0.67694431,1.34046074,0.78364395,0.35557751,1.36868746,0.10567598,0.68648885
3.43071536,3.59246486,0.08746766,0.68648672,1.37101426,0.79298340,0.36569654,1.38351393,0.10615996,0.69686014
3.43671836,3.64010909,0.08808936,0.69512759,1.40037590,0.80168720,0.37654050,1.40198120,0.10677636,0.70710099
3.44272136,3.68882244,0.08858911,0.70255122,1.42784399,0.80947066,0.38797316,1.42362527,0.10751602,0.71701676
3.44872436,3.73743085,0.08892864,0.70846275,1.45276061,0.81607228,0.39985941,1.44797698,0.10837001,0.72643167
3.45472736,3.78483811,0.08907475,0.71259723,1.47452941,0.82126071,0.41206706,1.47457024,0.10932994,0.73519233
3.46073037,3.83004852,0.08900054,0.71472782,1.49263136,0.82484057,0.42446820,1.50294860,0.11038809,0.74317041
3.46673337,3.87218436,0.08868627,0.71467273,1.50663776,0.82665699,0.43694022,1.53267004,0.11153734,0.75026405
3.47273637,3.91049784,0.08812011,0.71230054,1.51622001,0.82659847,0.44936626,1.56331012,0.11277102,0.75639821
3.47873937,3.94437734,0.08729856,0.70753383,1.52115576,0.82459821,0.46163524,1.59446371,0.11408260,0.76152392
3.48474237,3.97334814,0.08622651,0.70035078,1.52133122,0.82063377,0.47364157,1.62574561,0.11546530,0.76561639
3.49074537,3.99706831,0.08491701,0.69078497,1.51673981,0.81472520,0.48528449,1.65679037,0.11691161,0.76867240
3.49674837,4.01532040,0.08339075,0.67892316,1.50747717,0.80693179,0.49646714,1.68725181,0.11841279,0.77070686
3.50275138,4.02800012,0.08167520,0.66490145,1.49373311,0.79734765,0.50709569,1.71680258,0.11995849,0.77174901
3.50875438,4.03510301,0.07980351,0.64889996,1.47578093,0.78609645,0.51707843,1.74513432,0.12153629,0.77183839
3.51475738,4.03671048,0.07781321,0.63113629,1.45396485,0.77332566,0.52632508,1.77195864,0.12313159,0.77102090
3.52076038,4.03297630,0.07574478,0.61185825,1.42868630,0.75920058,0.53474657,1.79700931,0.12472745,0.76934523
3.52676338,4.02411461,0.07364018,0.59133611,1.40038969,0.74389849,0.54225514,1.82004578,0.12630478,0.76685975
3.53276638,4.01039030,0.07154128,0.56985479,1.36954854,0.72760326,0.54876512,1.84085805,0.12784268,0.76361025
3.53876938,3.99211225,0.06948853,0.54770637,1.33665245,0.71050064,0.55419434,1.85927276,0.12931897,0.75963847
3.54477239,3.96962965,0.06751962,0.52518310,1.30219555,0.69277438,0.55846611,1.87516021,0.13071091,0.75498158
3.55077539,3.94333132,0.06566839,0.50257131,1.26666666,0.67460326,0.56151187,1.88844199,0.13199603,0.74967256
3.55677839,3.91364758,0.06396405,0.48014618,1.23054154,0.65615917,0.56327427,1.89909850,0.13315314,0.74374131
3.56278139,3.88105387,0.06243054,0.45816766,1.19427707,0.63760598,0.56371076,1.90717598,0.13416325,0.73721658
3.56878439,3.84607535,0.06108629,0.43687742,1.15830748,0.61909931,0.56279722,1.91279222,0.13501059,0.73012826
3.57478739,3.80929138,0.05994416,0.41649678,1.12304223,0.60078687,0.56053175,1.91614041,0.13568341,0.72250999
3.58079040,3.77133876,0.05901172,0.39722563,1.08886539,0.58280919,0.55693819,1.91749062,0.13617475,0.71440174
3.58679340,3.73291293,0.05829172,0.37924205,1.05613591,0.56530065,0.55206922,1.91718832,0.13648297,0.70585228
3.59279640,3.69476608,0.05778280,0.36270256,1.02518863,0.54839045,0.54600890,1.91564983,0.13661200,0.69692119
3.59879940,3.65770188,0.05748028,0.34774277,0.99633542,0.53220345,0.53887435,1.91335438,0.13657141,0.68768026
3.60480240,3.62256619,0.05737705,0.33447826,0.96986619,0.51686063,0.53081653,1.91083310,0.13637623,0.67821433
3.61080540,3.59023404,0.05746456,0.32300561,0.94604944,0.50247922,0.52201995,1.90865493,0.13604640,0.66862124
3.61680840,3.56159304,0.05773371,0.31340322,0.92513212,0.48917224,0.51270127,1.90741027,0.13560618,0.65901112
3.62281141,3.53752378,0.05817564,0.30573221,0.90733872,0.47704765,0.50310681,1.90769263,0.13508322,0.64950490
3.62881441,3.51887812,0.05878247,0.30003685,0.89286941,0.46620703,0.49350889,1.91007939,0.13450760,0.64023226
3.63481741,3.50645621,0.05954782,0.29634493,0.88189746,0.45674378,0.48420129,1.91511218,0.13391073,0.63132899
3.64082041,3.50098335,0.06046712,0.29466780,0.87456593,0.44874125,0.47549369,1.92327800,0.13332423,0.62293403
3.64682341,3.50308770,0.06153775,0.29500013,0.87098377,0.44227050,0.46770549,1.93499175,0.13277888,0.61518628
3.65282641,3.51327991,0.06275888,0.29731963,0.87122174,0.43738819,0.46115892,1.95058096,0.13230358,0.60822132
3.65882941,3.53193537,0.06413117,0.30158648,0.87530812,0.43413443,0.45617196,1.97027347,0.13192443,0.60216822
3.66483242,3.55927998,0.06565626,0.30774286,0.88322476,0.43253098,0.45305091,1.99418834,0.13166402,0.59714645
3.67083542,3.59537969,0.06733602,0.31571244,0.89490346,0.43257956,0.45208308,2.02233060,0.13154082,0.59326311
3.67683842,3.64013449,0.06917181,0.32540002,0.91022315,0.43426069,0.45352971,2.05458969,0.13156873,0.59061040
3.68284142,3.69327646,0.07116352,0.33669131,0.92900789,0.43753287,0.45761924,2.09074178,0.13175686,0.58926354
3.68884442,3.75437238,0.07330871,0.34945305,0.95102609,0.44233225,0.46454131,2.13045567,0.13210944,0.58927896
3.69484742,3.82283018,0.07560171,0.36353340,0.97599090,0.44857282,0.47444141,2.17330198,0.13262590,0.59069294
3.70085043,3.89790935,0.07803288,0.37876272,1.00356209,0.45614705,0.48741662,2.21876507,0.13330109,0.59352069
3.70685343,3.97873475,0.08058800,0.39495483,1.03334941,0.46492707,0.50351233,2.26625733,0.13412562,0.59775571
3.71285643,4.06431340,0.08324784,0.41190866,1.06491750,0.47476643,0.52272029,2.31513516,0.13508629,0.60336976
3.71885943,4.15355408,0.08598807,0.42941043,1.09779234,0.48550220,0.54497796,2.36471598,0.13616665,0.61031312
3.72486243,4.24528909,0.08877931,0.44723630,1.13146926,0.49695774,0.57016932,2.41429589,0.13734759,0.61851549
3.73086543,4.33829804,0.09158765,0.46515557,1.16542241,0.50894576,0.59812711,2.46316729,0.13860807,0.62788727
3.73686843,4.43133318,0.09437531,0.48293421,1.19911541,0.52127194,0.62863659,2.51063597,0.13992576,0.63832154
3.74287144,4.52314594,0.09710167,0.50033888,1.23201322,0.53373888,0.66144079,2.55603745,0.14127789,0.64969656
3.74887444,4.61251434,0.09972453,0.51714133,1.26359469,0.54615035,0.69624708,2.59875199,0.14264203,0.66187883
3.75487744,4.69827072,0.10220157,0.53312288,1.29336568,0.55831580,0.73273494,2.63821819,0.14399688,0.67472678
3.76088044,4.77932938,0.10449194,0.54807922,1.32087224,0.57005495,0.77056479,2.67394488,0.14532309,0.68809492
3.76688344,4.85471342,0.10655795,0.56182505,1.34571344,0.58120248,0.80938753,2.70552118,0.14660408,0.70183841
3.77288644,4.92358013,0.10836673,0.57419860,1.36755341,0.59161241,0.84885445,2.73262459,0.14782676,0.71581786
3.77888944,4.98524416,0.10989178,0.58506586,1.38613209,0.60116229,0.88862720,2.75502705,0.14898217,0.72990420
3.78489245,5.03919748,0.11111442,0.59432425,1.40127424,0.60975682,0.92838740,2.77259892,0.15006611,0.74398344
3.79089545,5.08512533,0.11202488,0.60190558,1.41289614,0.61733080,0.96784537,2.78531073,0.15107952,0.75796096
3.79689845,5.12291733,0.11262317,0.60777825,1.42100976,0.62385124,1.00674760,2.79323274,0.15202877,0.77176525
3.80290145,5.15267271,0.11291950,0.61194838,1.42572390,0.62931851,1.04488266,2.79653222,0.15292568,0.78535059
3.80890445,5.17469922,0.11293435,0.61445986,1.42724220,0.63376629,1.08208501,2.79546850,0.15378744,0.79869880
3.81490745,5.18950509,0.11269804,0.61539322,1.42585782,0.63726040,1.11823655,2.79038571,0.15463615,0.81181955
3.82091046,5.19778386,0.11224992,0.61486331,1.42194488,0.63989641,1.15326572,2.78170332,0.15549828,0.82474934
3.82691346,5.20039213,0.11163711,0.61301576,1.41594685,0.64179603,1.18714413,2.76990457,0.15640377,0.83754892
3.83291646,5.19832073,0.11091292,0.61002234,1.40836215,0.64310242,1.21988073,2.75552306,0.15738501,0.85029942
3.83891946,5.19266002,0.11013491,0.60607544,1.39972745,0.64397462,1.25151374,2.73912766,0.15847563,0.86309706
3.84492246,5.18456052,0.10936272,0.60138166,1.39059939,0.64458121,1.28210078,2.72130613,0.15970909,0.87604684
3.85092546,5.17519031,0.10865583,0.59615500,1.38153519,0.64509348,1.31170766,2.70264802,0.16111731,0.88925543
3.85692846,5.16569086,0.10807122,0.59060973,1.37307314,0.64567854,1.34039632,2.68372717,0.16272918,0.90282359
3.86293147,5.15713330,0.10766113,0.58495334,1.36571365,0.64649245,1.36821275,2.66508462,0.16456921,0.91683860
3.86893447,5.15047699,0.10747094,0.57937992,1.35990176,0.64767392,1.39517549,2.64721230,0.16665619,0.93136696
3.87493747,5.14653234,0.10753739,0.57406411,1.35601177,0.64933874,1.42126544,2.63053839,0.16900212,0.94644795
3.88094047,5.14592976,0.10788709,0.56915606,1.35433475,0.65157520,1.44641769,2.61541476,0.17161133,0.96208833
3.88694347,5.14909603,0.10853544,0.56477759,1.35506943,0.65444087,1.47051594,2.60210702,0.17447987,0.97825843
3.89294647,5.15623948,0.10948603,0.56101959,1.35831689,0.65796066,1.49338994,2.59078772,0.17759520,0.99489004
3.89894947,5.16734448,0.11073051,0.55794100,1.36407920,0.66212646,1.51481622,2.58153279,0.18093623,1.01187609
3.90495248,5.18217550,0.11224893,0.55556910,1.37226204,0.66689817,1.53452237,2.57432158,0.18447363,1.02907218
3.91095548,5.20029050,0.11401054,0.55390136,1.38268119,0.67220613,1.55219450,2.56904023,0.18817041,1.04629995
3.91695848,5.22106263,0.11597497,0.55290844,1.39507232,0.67795483,1.56748789,2.56548823,0.19198285,1.06335205
3.92296148,5.24370919,0.11809383,0.55253834,1.40910376,0.68402752,1.58004015,2.56338796,0.19586155,1.07999845
3.92896448,5.26732607,0.12031246,0.55272132,1.42439143,0.69029162,1.58948624,2.56239640,0.19975262,1.09599374
3.93496748,5.29092582,0.12257194,0.55337538,1.44051524,0.69660445,1.59547472,2.56211867,0.20359905,1.11108507
3.94097049,5.31347736,0.12481112,0.55441191,1.45703600,0.70281914,1.59768419,2.56212265,0.20734203,1.12502022
3.94697349,5.33394526,0.12696870,0.55574126,1.47351235,0.70879028,1.59583918,2.56195393,0.21092228,1.13755556
3.95297649,5.35132676,0.12898513,0.55727783,1.48951649,0.71437911,1.58972456,2.56115055,0.21428126,1.14846328
3.95897949,5.36468480,0.13080439,0.55894460,1.50464853,0.71945789,1.57919768,2.55925684,0.21736232,1.15753792
3.96498249,5.37317590,0.13237551,0.56067667,1.51854842,0.72391355,1.56419764,2.55583604,0.22011168,1.16460155
3.97098549,5.37607186,0.13365380,0.56242382,1.53090552,0.72765017,1.54475121,2.55048106,0.22247923,1.16950783
3.97698849,5.37277493,0.13460177,0.56415193,1.54146518,0.73059056,1.52097502,2.54282352,0.22441925,1.17214463
3.98299150,5.36282642,0.13518979,0.56584333,1.55003258,0.73267678,1.49307408,2.53254060,0.22589090,1.17243536
3.98899450,5.34590908,0.13539636,0.56749607,1.55647369,0.73386975,1.46133672,2.51936005,0.22685865,1.17033904
3.99499750,5.32184404,0.13520816,0.56912222,1.56071368,0.73414821,1.42612620,2.50306326,0.22729262,1.16584939
4.00100050,5.29058334,0.13461984,0.57074551,1.56273325,0.73350701,1.38786964,2.48348678,0.22716882,1.15899301
4.00700350,5.25219906,0.13363362,0.57239832,1.56256305,0.73195509,1.34704481,2.46052238,0.22646937,1.14982695
4.01300650,5.20687038,0.13225875,0.57411850,1.56027695,0.72951327,1.30416546,2.43411612,0.22518273,1.13843596
4.01900950,5.15486967,0.13051082,0.57594600,1.55598458,0.72621212,1.25976605,2.40426646,0.22330386,1.12492953
4.02501251,5.09654866,0.12841106,0.57791981,1.54982356,0.72208997,1.21438661,2.37102190,0.22083446,1.10943893
4.03101551,5.03232557,0.12598562,0.58007525,1.54195205,0.71719127,1.16855828,2.33447814,0.21778314,1.09211446
4.03701851,4.96267383,0.12326478,0.58244186,1.53254185,0.71156538,1.12279035,2.29477496,0.21416560,1.07312289
4.04302151,4.88811273,0.12028229,0.58504205,1.52177256,0.70526578,1.07755906,2.25209294,0.21000476,1.05264522
4.04902451,4.80920028,0.11707467,0.58789062,1.50982685,0.69834979,1.03329865,2.20665006,0.20533079,1.03087471
4.05502751,4.72652798,0.11368058,0.59099509,1.49688707,0.69087860,0.99039479,2.15869808,0.20018110,1.00801506
4.06103052,4.64071753,0.11014021,0.59435696,1.48313321,0.68291778,0.94918041,2.10851890,0.19460009,0.98427883
4.06703352,4.55241882,0.10649476,0.59797375,1.46874224,0.67453791,0.90993387,2.05642065,0.18863889,0.95988590
4.07303652,4.46230900,0.10278583,0.60184172,1.45388856,0.66581538,0.87287935,2.00273374,0.18235479,0.93506192
4.07903952,4.37109189,0.09905495,0.60595903,1.43874544,0.65683321,0.83818904,1.94780677,0.17581055,0.91003664
4.08504252,4.27949737,0.09534301,0.61032931,1.42348726,0.64768175,0.80598688,1.89200233,0.16907357,0.88504211
4.09104552,4.18828027,0.09168977,0.61496513,1.40829203,0.63845907,0.77635350,1.83569287,0.16221483,0.86031078
4.09704852,4.09821832,0.08813331,0.61989136,1.39334420,0.62927120,0.74933189,1.77925661,0.15530775,0.83607328
4.10305153,4.01010891,0.08470954,0.62514802,1.37883700,0.62023179,0.72493355,1.72307364,0.14842692,0.81255619
4.10905453,3.92476428,0.08145167,0.63079235,1.36497441,0.61146144,0.70314466,1.66752224,0.14164679,0.78997956
4.11505753,3.84300518,0.07838972,0.63689997,1.35197206,0.60308650,0.68393208,1.61297557,0.13504033,0.76855448
4.12106053,3.76565267,0.07555010,0.64356481,1.34005706,0.59523738,0.66724884,1.55979857,0.12867769,0.74848054
4.12706353,3.69351821,0.07295519,0.65089772,1.32946641,0.58804640,0.65303904,1.50834527,0.12262503,0.72994341
4.13306653,3.62739199,0.07062298,0.65902373,1.32044384,0.58164519,0.64124184,1.45895630,0.11694329,0.71311249
4.13906953,3.56802957,0.06856682,0.66807784,1.31323500,0.57616169,0.63179461,1.41195648,0.11168724,0.69813873
4.14507254,3.51613709,0.06679521,0.67819943,1.30808119,0.57171688,0.62463502,1.36765258,0.10690461,0.68515262
4.15107554,3.47235521,0.06531172,0.68952561,1.30521142,0.56842130,0.61970221,1.32633074,0.10263541,0.67426234
4.15707854,3.43724206,0.06411495,0.70218346,1.30483340,0.56637137,0.61693689,1.28825386,0.09891138,0.66555218
4.16308154,3.41125576,0.06319865,0.71628171,1.30712353,0.56564586,0.61628054,1.25365838,0.09575570,0.65908113
4.16908454,3.39473691,0.06255188,0.73190216,1.31221642,0.56630246,0.61767372,1.22275080,0.09318276,0.65488169
4.17508754,3.38789158,0.06215927,0.74909116,1.32019436,0.56837460,0.62105365,1.19570359,0.09119815,0.65295890
4.18109055,3.39077576,0.06200141,0.76785185,1.33107742,0.57186875,0.62635120,1.17265075,0.08979878,0.65328959
4.18709355,3.40328177,0.06205527,0.78813729,1.34481456,0.57676234,0.63348748,1.15368305,0.08897312,0.65582198
4.19309655,3.42512755,0.06229470,0.80984521,1.36127650,0.58300230,0.64237015,1.13884324,0.08870155,0.66047549
4.19909955,3.45584973,0.06269106,0.83281465,1.38025078,0.59050450,0.65288990,1.12812135,0.08895683,0.66714103
4.20510255,3.49480113,0.06321380,0.85682472,1.40143950,0.59915406,0.66491710,1.12145066,0.08970465,0.67568167
4.21110555,3.54115341,0.06383120,0.88159597,1.42446012,0.60880672,0.67829911,1.11870439,0.09090436,0.68593393
4.21710855,3.59390546,0.06451112,0.90679417,1.44884957,0.61929113,0.69285832,1.11969374,0.09250963,0.69770954
4.22311156,3.65189785,0.06522172,0.93203685,1.47407176,0.63041221,0.70839132,1.12416747,0.09446943,0.71079804
4.22911456,3.71383337,0.06593231,0.95690213,1.49952840,0.64195542,0.72466925,1.13181333,0.09672885,0.72496994
4.23511756,3.77830348,0.06661417,0.98093985,1.52457301,0.65369191,0.74143962,1.14226168,0.09923024,0.73998071
4.24112056,3.84382029,0.06724131,1.00368451,1.54852755,0.66538430,0.75842954,1.15509112,0.10191424,0.75557537
4.24712356,3.90885305,0.06779130,1.02466953,1.57070134,0.67679302,0.77535044,1.16983651,0.10472096,0.77149380
4.25312656,3.97186819,0.06824600,1.04344231,1.59041137,0.68768295,0.79190421,1.18599891,0.10759122,0.78747645
4.25912956,4.03137157,0.06859226,1.05957943,1.60700346,0.69783000,0.80779046,1.20305739,0.11046774,0.80327046
4.26513257,4.08595117,0.06882246,1.07270136,1.61987323,0.70702762,0.82271478,1.22048219,0.11329630,0.81863593
4.27113557,4.13431881,0.06893504,1.08248600,1.62848614,0.71509274,0.83639756,1.23774890,0.11602698,0.83335197
4.27713857,4.17534883,0.06893481,1.08868047,1.63239567,0.72187098,0.84858298,1.25435290,0.11861509,0.84722251
4.28314157,4.20811227,0.06883308,1.09111060,1.63125894,0.72724098,0.85904778,1.26982362,0.12102218,0.86008140
4.28914457,4.23190480,0.06864769,1.08968763,1.62484895,0.73111751,0.86760926,1.28373790,0.12321673,0.87179666
4.29514757,4.24626714,0.06840270,1.08441193,1.61306297,0.73345339,0.87413216,1.29573179,0.12517469,0.88227351
4.30115058,4.25099681,0.06812796,1.07537335,1.59592672,0.73423996,0.87853396,1.30551030,0.12687979,0.89145621
4.30715358,4.24615072,0.06785840,1.06274840,1.57359401,0.73350626,0.88078830,1.31285466,0.12832359,0.89932829
4.31315658,4.23203807,0.06763309,1.04679423,1.54634192,0.73131674,0.88092625,1.31762659,0.12950525,0.90591134
4.31915958,4.20920405,0.06749414,1.02783970,1.51456178,0.72776786,0.87903528,1.31976948,0.13043108,0.91126221
4.32516258,4.17840478,0.06748532,1.00627402,1.47874610,0.72298345,0.87525603,1.31930637,0.13111381,0.91546881
4.33116558,4.14057459,0.06765063,0.98253337,1.43947234,0.71710932,0.86977684,1.31633491,0.13157167,0.91864456
4.33716858,4.09678724,0.06803268,0.95708621,1.39738391,0.71030711,0.86282636,1.31101935,0.13182727,0.92092188
4.34317159,4.04821261,0.06867108,0.93041779,1.35316947,0.70274785,0.85466458,1.30358023,0.13190640,0.92244488
4.34917459,3.99607105,0.06960077,0.90301473,1.30754126,0.69460543,0.84557269,1.29428212,0.13183667,0.92336172
4.35517759,3.94158734,0.07085051,0.87535012,1.26121340,0.68605029,0.83584220,1.28342007,0.13164624,0.92381692
4.36118059,3.88594655,0.07244145,0.84786996,1.21488118,0.67724358,0.82576404,1.27130549,0.13136248,0.92394415
4.36718359,3.83025361,0.07438598,0.82098128,1.16920195,0.66833211,0.81561792,1.25825218,0.13101086,0.92385976
4.37318659,3.77549865,0.07668679,0.79504262,1.12477865,0.65944430,0.80566263,1.24456319,0.13061389,0.92365754
4.37918959,3.72252946,0.07933629,0.77035701,1.08214621,0.65068718,0.79612773,1.23051917,0.13019039,0.92340484
4.38519260,3.67203231,0.08231648,0.74716764,1.04176161,0.64214477,0.78720686,1.21636880,0.12975487,0.92314049
4.39119560,3.62452185,0.08559911,0.72565649,1.00399760,0.63387765,0.77905311,1.20232172,0.12931738,0.92287443
4.39719860,3.58034026,0.08914633,0.70594556,0.96914029,0.62592386,0.77177650,1.18854427,0.12888344,0.92258931
4.40320160,3.53966550,0.09291170,0.68810066,0.93739039,0.61830105,0.76544363,1.17515821,0.12845450,0.92224380
4.40920460,3.50252774,0.09684165,0.67213735,0.90886790,0.61100962,0.76007945,1.16224235,0.12802850,0.92177751
4.41520760,3.46883307,0.10087715,0.65802868,0.88361969,0.60403676,0.75567088,1.14983687,0.12760076,0.92111734
4.42121061,3.43839261,0.10495574,0.64571408,0.86162946,0.59736107,0.75217215,1.13795012,0.12716513,0.92018465
4.42721361,3.41095539,0.10901367,0.63510896,0.84282934,0.59095752,0.74951125,1.12656718,0.12671521,0.91890309
4.43321661,3.38624290,0.11298814,0.62611447,0.82711244,0.58480242,0.74759736,1.11565978,0.12624573,0.91720640
4.43921961,3.36398312,0.11681949,0.61862672,0.81434556,0.57887809,0.74632856,1.10519676,0.12575388,0.91504585
4.44522261,3.34394205,0.12045332,0.61254507,0.80438137,0.57317698,0.74559960,1.09515451,0.12524068,0.91239669
4.45122561,3.32595068,0.12384234,0.60777897,0.79706934,0.56770486,0.74530917,1.08552651,0.12471207,0.90926327
4.45722861,3.30992598,0.12694789,0.60425309,0.79226490,0.56248298,0.74536641,1.07633151,0.12417997,0.90568252
4.46323162,3.29588441,0.12974118,0.60191035,0.78983641,0.55754898,0.74569631,1.06761961,0.12366288,0.90172530
4.46923462,3.28394731,0.13220399,0.60071288,0.78966961,0.55295652,0.74624380,1.05947601,0.12318629,0.89749579
4.47523762,3.27433777,0.13432893,0.60064089,0.79166945,0.54877346,0.74697645,1.05202196,0.12278261,0.89312858
4.48124062,3.26736932,0.13611931,0.60168948,0.79575940,0.54507892,0.74788576,1.04541292,0.12249079,0.88878390
4.48724362,3.26342695,0.13758848,0.60386392,0.80187831,0.54195920,0.74898696,1.03983398,0.12235547,0.88464092
4.49324662,3.26294187,0.13875874,0.60717349,0.80997532,0.53950280,0.75031765,1.03549270,0.12242578,0.88088972
4.49924962,3.26636149,0.13966003,0.61162456,0.82000316,0.53779488,0.75193531,1.03260984,0.12275376,0.87772231
4.50525263,3.27411644,0.14032821,0.61721324,0.83191044,0.53691152,0.75391395,1.03140854,0.12339249,0.87532314
4.51125563,3.28658674,0.14080320,0.62391832,0.84563349,0.53691404,0.75634018,1.03210239,0.12439397,0.87385979
4.51725863,3.30406917,0.14112707,0.63169487,0.86108841,0.53784377,0.75930889,1.03488325,0.12580683,0.87347427
4.52326163,3.32674779,0.14134207,0.64046896,0.87816380,0.53971765,0.76291886,1.03990945,0.12767403,0.87427552
4.52926463,3.35466935,0.14148877,0.65013403,0.89671484,0.54252488,0.76726837,1.04729501,0.13003047,0.87633343
4.53526763,3.38772515,0.14160434,0.66054911,0.91655894,0.54622483,0.77245114,1.05710044,0.13290084,0.87967485
4.54127064,3.42564019,0.14172113,0.67153902,0.93747347,0.55074638,0.77855256,1.06932582,0.13629763,0.88428162
4.54727364,3.46797034,0.14186542,0.68289666,0.95919568,0.55598878,0.78564637,1.08390622,0.14021946,0.89009082
4.55327664,3.51410753,0.14205655,0.69438733,0.98142475,0.56182387,0.79379182,1.10070996,0.14464979,0.89699711
4.55927964,3.56329262,0.14230639,0.70575474,1.00382610,0.56809967,0.80303119,1.11953965,0.14955613,0.90485694
4.56528264,3.61463503,0.14261905,0.71672853,1.02603756,0.57464506,0.81338781,1.14013586,0.15488970,0.91349432
4.57128564,3.66713807,0.14299098,0.72703275,1.04767726,0.58127529,0.82486430,1.16218340,0.16058572,0.92270781
4.57728864,3.71972845,0.14341134,0.73639497,1.06835266,0.58779803,0.83744115,1.18531956,0.16656417,0.93227818
4.58329165,3.77128825,0.14386255,0.74455540,1.08767052,0.59401968,0.85107547,1.20914420,0.17273116,0.94197629
4.58929465,3.82068788,0.14432114,0.75127559,1.10524713,0.59975145,0.86569996,1.23323080,0.17898089,0.95157082
4.59529765,3.86681821,0.14475863,0.75634626,1.12071845,0.60481514,0.88122198,1.25713827,0.18519797,0.96083525
4.60130065,3.90862037,0.14514268,0.75959381,1.13374969,0.60904809,0.89752285,1.28042270,0.19126027,0.96955388
4.60730365,3.94511217,0.14543815,0.76088527,1.14404396,0.61230735,0.91445737,1.30264869,0.19704206,0.97752661
4.61330665,3.97540996,0.14560829,0.76013140,1.15134964,0.61447270,0.93185366,1.32339978,0.20241741,0.98457228
4.61930965,3.99874545,0.14561588,0.75728795,1.15546617,0.61544853,0.94951342,1.34228753,0.20726367,0.99053063
4.62531266,4.01447717,0.14542430,0.75235500,1.15624828,0.61516473,0.96721276,1.35895909,0.21146501,0.99526286
4.63131566,4.02209663,0.14499860,0.74537453,1.15360839,0.61357630,0.98470370,1.37310307,0.21491579,0.99865100
4.63731866,4.02122959,0.14430642,0.73642649,1.14751726,0.61066224,1.00171640,1.38445364,0.21752369,1.00059636
4.64332166,4.01163305,0.14331888,0.72562359,1.13800303,0.60642354,1.01796243,1.39279289,0.21921252,1.00101741
4.64932466,3.99318878,0.14201125,0.71310520,1.12514874,0.60088062,1.03313882,1.39795170,0.21992449,0.99984717
4.65532766,3.96589432,0.14036366,0.69903068,1.10908854,0.59407054,1.04693324,1.39980925,0.21962195,0.99703089
4.66133067,3.92985240,0.13836154,0.68357263,1.09000283,0.58604397,1.05903001,1.39829143,0.21828853,0.99252378
4.66733367,3.88525972,0.13599599,0.66691030,1.06811261,0.57686225,1.06911706,1.39336857,0.21592955,0.98628954
4.67333667,3.83239599,0.13326412,0.64922356,1.04367327,0.56659480,1.07689354,1.38505256,0.21257184,0.97829951
4.67933967,3.77161374,0.13016909,0.63068765,1.01696809,0.55531682,1.08207796,1.37339389,0.20826276,0.96853271
4.68534267,3.70332948,0.12672017,0.61146897,0.98830169,0.54310744,1.08441654,1.35847863,0.20306874,0.95697673
4.69134567,3.62801651,0.12293263,0.59172188,0.95799362,0.53004848,1.08369157,1.34042559,0.19707312,0.94362941
4.69734867,3.54619926,0.11882749,0.57158678,0.92637219,0.51622357,1.07972933,1.31938385,0.19037360,0.92850114
4.70335168,3.45844911,0.11443120,0.55118920,0.89376881,0.50171784,1.07240730,1.29553047,0.18307929,0.91161755
4.70935468,3.36538134,0.10977519,0.53063993,0.86051276,0.48661786,1.06166034,1.26906863,0.17530750,0.89302234
4.71535768,3.26765265,0.10489531,0.51003602,0.82692648,0.47101184,1.04748554,1.24022586,0.16718042,0.87277999
4.72136068,3.16595885,0.09983116,0.48946239,0.79332153,0.45499001,1.02994534,1.20925229,0.15882175,0.85097796
4.72736368,3.06103197,0.09462543,0.46899391,0.75999488,0.43864490,1.00916895,1.17641893,0.15035348,0.82772831
4.73336668,2.95363648,0.08932307,0.44869764,0.72722588,0.42207152,0.98535174,1.14201548,0.14189286,0.80316827
4.73936968,2.84456409,0.08397046,0.42863509,0.69527360,0.40536735,0.95875265,1.10634786,0.13354974,0.77745982
4.74537269,2.73462680,0.07861458,0.40886426,0.66437458,0.38863195,0.92968967,1.06973513,0.12542419,0.75078815
4.75137569,2.62464827,0.07330215,0.38944134,0.63474103,0.37196629,0.89853342,1.03250580,0.11760464,0.72335884
4.75737869,2.51545338,0.06807876,0.37042193,0.60655936,0.35547176,0.86569925,0.99499356,0.11016652,0.69539418
4.76338169,2.40785647,0.06298812,0.35186176,0.57998915,0.33924878,0.83163783,0.95753244,0.10317133,0.66712836
4.76938469,2.30264844,0.05807133,0.33381691,0.55516249,0.32339529,0.79682495,0.92045155,0.09666625,0.63880223
4.77538769,2.20058349,0.05336619,0.31634350,0.53218373,0.30800500,0.76175053,0.88406955,0.09068421,0.61065741
4.78139070,2.10236602,0.04890671,0.29949701,0.51112978,0.29316561,0.72690750,0.84868911,0.08524439,0.58293052
4.78739370,2.00863834,0.04472265,0.28333133,0.49205082,0.27895714,0.69278081,0.81459157,0.08035313,0.55584744
4.79339670,1.91996993,0.04083922,0.26789759,0.47497159,0.26545040,0.65983692,0.78203197,0.07600517,0.52961815
4.79939970,1.83684868,0.03727689,0.25324299,0.45989316,0.25270572,0.62851408,0.75123480,0.07218511,0.50443229
4.80540270,1.75967463,0.03405129,0.23940977,0.44679521,0.24077207,0.59921374,0.72239053,0.06886911,0.48045562
4.81140570,1.68875640,0.03117332,0.22643422,0.43563874,0.22968659,0.57229307,0.69565315,0.06602671,0.45782761
4.81740870,1.62431048,0.02864921,0.21434617,0.42636904,0.21947452,0.54805888,0.67113860,0.06362266,0.43666012
4.82341171,1.56646309,0.02648083,0.20316865,0.41891898,0.21014954,0.52676290,0.64892436,0.06161871,0.41703715
4.82941471,1.51525451,0.02466595,0.19291794,0.41321227,0.20171458,0.50859839,0.62904992,0.05997542,0.39901569
4.83541771,1.47064538,0.02319863,0.18360398,0.40916659,0.19416284,0.49369804,0.61151807,0.05865364,0.38262740
4.84142071,1.43252430,0.02206961,0.17523101,0.40669653,0.18747908,0.48213304,0.59629690,0.05761594,0.36788099
4.84742371,1.40071642,0.02126672,0.16779840,0.40571595,0.18164109,0.47391325,0.58332234,0.05682770,0.35476500
4.85342671,1.37499210,0.02077538,0.16130161,0.40613986,0.17662114,0.46898828,0.57250092,0.05625797,0.34325094
4.85942971,1.35507537,0.02057898,0.15573316,0.40788560,0.17238740,0.46724946,0.56371285,0.05588003,0.33329629
4.86543272,1.34065161,0.02065938,0.15108346,0.41087318,0.16890519,0.46853257,0.55681493,0.05567163,0.32484738
4.87143572,1.33137414,0.02099730,0.14734149,0.41502503,0.16613806,0.47262130,0.55164361,0.05561495,0.31784191
4.87743872,1.32686962,0.02157279,0.14449519,0.42026491,0.16404853,0.47925150,0.54801774,0.05569634,0.31221096
4.88344172,1.32674222,0.02236561,0.14253160,0.42651634,0.16259866,0.48811599,0.54574137,0.05590577,0.30788051
4.88944472,1.33057669,0.02335565,0.14143654,0.43370055,0.16175025,0.49887029,0.54460637,0.05623611,0.30477234
4.89544772,1.33794063,0.02452335,0.14119410,0.44173427,0.16146484,0.51113897,0.54439518,0.05668233,0.30280456
4.90145073,1.34838631,0.02585005,0.14178567,0.45052738,0.16170350,0.52452283,0.54488359,0.05724055,0.30189161
4.90745373,1.36145249,0.02731839,0.14318890,0.45998090,0.16242648,0.53860675,0.54584376,0.05790713,0.30194405
4.91345673,1.37666648,0.02891272,0.14537629,0.46998536,0.16359276,0.55296827,0.54704759,0.05867779,0.30286819
4.91945973,1.39354708,0.03061935,0.14831392,0.48041977,0.16515970,0.56718665,0.54827034,0.05954683,0.30456571
4.92546273,1.41160848,0.03242698,0.15196005,0.49115138,0.16708262,0.58085230,0.54929472,0.06050650,0.30693346
4.93146573,1.43036530,0.03432688,0.15626398,0.50203633,0.16931461,0.59357638,0.54991518,0.06154659,0.30986351
4.93746873,1.44933898,0.03631321,0.16116510,0.51292123,0.17180651,0.60500017,0.54994252,0.06265415,0.31324357
4.94347174,1.46806526,0.03838312,0.16659232,0.52364555,0.17450704,0.61480403,0.54920847,0.06381359,0.31695787
4.94947474,1.48610260,0.04053686,0.17246395,0.53404498,0.17736323,0.62271548,0.54757017,0.06500685,0.32088845
4.95547774,1.50304117,0.04277777,0.17868805,0.54395533,0.18032100,0.62851615,0.54491434,0.06621392,0.32491691
4.96148074,1.51851208,0.04511219,0.18516329,0.55321702,0.18332597,0.63204725,0.54116080,0.06741344,0.32892651
4.96748374,1.53219612,0.04754924,0.19178042,0.56167978,0.18632444,0.63321328,0.53626518,0.06858353,0.33280458
4.97348674,1.54383183,0.05010048,0.19842410,0.56920747,0.18926443,0.63198374,0.53022063,0.06970268,0.33644504
4.97948974,1.55322206,0.05277945,0.20497537,0.57568253,0.19209683,0.62839280,0.52305834,0.07075073,0.33975105
4.98549275,1.56023881,0.05560114,0.21131430,0.58101012,0.19477651,0.62253681,0.51484668,0.07170976,0.34263741
4.99149575,1.56482577,0.05858131,0.21732300,0.58512140,0.19726334,0.61456969,0.50568911,0.07256498,0.34503277
4.99749875,1.56699847,0.06173567,0.22288875,0.58797592,0.19952312,0.60469646,0.49572065,0.07330544,0.34688145
5.00350175,1.56684164,0.06507908,0.22790706,0.58956303,0.20152824,0.59316510,0.48510314,0.07392463,0.34814466
5.00950475,1.56450391,0.06862462,0.23228464,0.58990194,0.20325818,0.58025695,0.47401945,0.07442076,0.34880115
5.01550775,1.56018991,0.07238259,0.23594197,0.58904066,0.20469965,0.56627626,0.46266678,0.07479687,0.34884719
5.02151076,1.55414984,0.07635953,0.23881552,0.58705361,0.20584647,0.55153911,0.45124933,0.07506061,0.34829575
5.02751376,1.54666709,0.08055727,0.24085931,0.58403812,0.20669912,0.53636221,0.43997069,0.07522387,0.34717506
5.03351676,1.53804408,0.08497197,0.24204592,0.58010985,0.20726397,0.52105206,0.42902615,0.07530198,0.34552643
5.03951976,1.52858712,0.08959328,0.24236668,0.57539734,0.20755226,0.50589475,0.41859540,0.07531286,0.34340155
5.04552276,1.51859070,0.09440357,0.24183124,0.57003596,0.20757881,0.49114693,0.40883562,0.07527590,0.34085923
5.05152576,1.50832196,0.09937735,0.24046631,0.56416148,0.20736051,0.47702815,0.39987565,0.07521074,0.33796196
5.05752876,1.49800607,0.10448087,0.23831387,0.55790358,0.20691485,0.46371479,0.39181103,0.07513598,0.33477213
5.06353177,1.48781306,0.10967198,0.23542877,0.55137963,0.20625819,0.45133588,0.38470041,0.07506798,0.33134847
5.06953477,1.47784693,0.11490013,0.23187585,0.54468898,0.20540432,0.43997075,0.37856335,0.07501963,0.32774255
5.07553777,1.46813747,0.12010687,0.22772689,0.53790819,0.20436301,0.42964862,0.37337956,0.07499934,0.32399577
5.08154077,1.45863533,0.12522646,0.22305738,0.53108727,0.20313886,0.42035005,0.36908969,0.07501027,0.32013691
5.08754377,1.44921077,0.13018690,0.21794338,0.52424733,0.20173050,0.41201013,0.36559748,0.07504976,0.31618033
5.09354677,1.43965618,0.13491131,0.21245861,0.51737967,0.20013008,0.40452318,0.36277348,0.07510913,0.31212507
5.09954977,1.42969247,0.13931957,0.20667189,0.51044638,0.19832331,0.39774886,0.36045980,0.07517375,0.30795477
5.10555278,1.41897926,0.14333019,0.20064511,0.50338258,0.19628981,0.39151925,0.35847606,0.07522351,0.30363854
5.11155578,1.40712832,0.14686250,0.19443179,0.49610004,0.19400402,0.38564676,0.35662615,0.07523356,0.29913268
5.11755878,1.39372002,0.14983892,0.18807621,0.48849215,0.19143645,0.37993245,0.35470549,0.07517531,0.29438318
5.12356178,1.37832189,0.15218735,0.18161327,0.48043991,0.18855533,0.37417449,0.35250870,0.07501774,0.28932896
5.12956478,1.36050857,0.15384352,0.17506888,0.47181875,0.18532850,0.36817652,0.34983719,0.07472881,0.28390549
5.13556778,1.33988220,0.15475321,0.16846099,0.46250571,0.18172546,0.36175536,0.34650653,0.07427701,0.27804884
5.14157079,1.31609235,0.15487432,0.16180096,0.45238676,0.17771955,0.35474817,0.34235319,0.07363293,0.27169972
5.14757379,1.28885443,0.15417853,0.15509528,0.44136371,0.17328995,0.34701844,0.33724047,0.07277074,0.26480750
5.15357679,1.25796578,0.15265267,0.14834754,0.42936054,0.16842362,0.33846097,0.33106346,0.07166957,0.25733373
5.15957979,1.22331861,0.15029953,0.14156034,0.41632867,0.16311684,0.32900535,0.32375265,0.07031465,0.24925531
5.16558279,1.18490906,0.14713822,0.13473719,0.40225107,0.15737641,0.31861816,0.31527626,0.06869824,0.24056679
5.17158579,1.14284218,0.14320387,0.12788415,0.38714484,0.15122042,0.30730368,0.30564112,0.06682021,0.23128196
5.17758879,1.09733234,0.13854693,0.12101117,0.37106232,0.14467845,0.29510315,0.29489218,0.06468832,0.22143450
5.18359180,1.04869925,0.13323181,0.11413310,0.35409056,0.13779129,0.28209278,0.28311059,0.06231818,0.21107773
5.18959480,0.99735982,0.12733507,0.10727016,0.33634932,0.13061018,0.26838052,0.27041056,0.05973284,0.20028348
5.19559780,0.94381621,0.12094332,0.10044814,0.31798769,0.12319548,0.25410186,0.25693518,0.05696213,0.18914014
5.20160080,0.88864082,0.11415063,0.09369802,0.29917952,0.11561509,0.23941480,0.24285131,0.05404176,0.17775003
5.20760380,0.83245882,0.10705592,0.08705534,0.28011791,0.10794246,0.22449430,0.22834392,0.05101213,0.16622622
5.21360680,0.77592923,0.09976012,0.08055919,0.26100914,0.10025446,0.20952643,0.21360997,0.04791713,0.15468896
5.21960980,0.71972530,0.09236348,0.07425101,0.24206617,0.09262905,0.19470240,0.19885227,0.04480269,0.14326198
5.22561281,0.66451503,0.08496297,0.06817317,0.22350217,0.08514310,0.18021275,0.18427337,0.04171548,0.13206870
5.23161581,0.61094270,0.07764989,0.06236761,0.20552426,0.07787021,0.16624196,0.17006981,0.03870148,0.12122860
5.23761881,0.55961197,0.07050791,0.05687437,0.18832775,0.07087876,0.15296346,0.15642697,0.03580478,0.11085390
5.24362181,0.51107114,0.06361136,0.05173024,0.17209100,0.06423025,0.14053533,0.14351448,0.03306637,0.10104667
5.24962481,0.46580096,0.05702404,0.04696763,0.15697117,0.05797792,0.12909668,0.13148243,0.03052318,0.09189634
5.25562781,0.42420519,0.05079847,0.04261354,0.14310078,0.05216572,0.11876484,0.12045843,0.02820725,0.08347782
5.26163082,0.38660389,0.04497549,0.03868878,0.13058526,0.04682774,0.10963323,0.11054543,0.02614506,0.07585018
5.26763382,0.35322960,0.03958435,0.03520743,0.11950145,0.04198781,0.10176999,0.10182041,0.02435711,0.06905584
5.27363682,0.32422601,0.03464315,0.03217651,0.10989689,0.03765960,0.09521732,0.09433378,0.02285760,0.06312031
5.27963982,0.29964894,0.03015953,0.02959589,0.10178995,0.03384690,0.08999138,0.08810948,0.02165436,0.05805237
5.28564282,0.27946947,0.02613169,0.02745839,0.09517071,0.03054425,0.08608281,0.08314564,0.02074882,0.05384468
5.29164582,0.26357858,0.02254956,0.02575009,0.09000230,0.02773763,0.08345763,0.07941584,0.02013625,0.05047475
5.29764882,0.25179333,0.01939602,0.02445071,0.08622291,0.02540544,0.08205863,0.07687065,0.01980599,0.04790609
5.30365183,0.24386405,0.01664826,0.02353419,0.08374801,0.02351948,0.08180710,0.07543967,0.01974186,0.04608972
5.30965483,0.23948234,0.01427910,0.02296937,0.08247302,0.02204605,0.08260481,0.07503373,0.01992267,0.04496566
5.31565783,0.23828972,0.01225823,0.02272069,0.08227610,0.02094704,0.08433633,0.07554737,0.02032270,0.04446471
5.32166083,0.23988668,0.01055338,0.02274899,0.08302122,0.02018100,0.08687156,0.07686150,0.02091243,0.04451013
5.32766383,0.24384208,0.00913137,0.02301236,0.08456128,0.01970422,0.09006852,0.07884620,0.02165914,0.04501950
5.33366683,0.24970263,0.00795905,0.02346700,0.08674138,0.01947175,0.09377625,0.08136363,0.02252771,0.04590652
5.33966983,0.25700259,0.00700399,0.02406807,0.08940206,0.01943829,0.09783802,0.08427106,0.02348137,0.04708281
5.34567284,0.26527340,0.00623518,0.02477063,0.09238266,0.01955916,0.10209459,0.08742388,0.02448258,0.04845976
5.35167584,0.27405319,0.00562346,0.02553048,0.09552460,0.01979103,0.10638758,0.09067873,0.02549378,0.04995027
5.35767884,0.28289604,0.00514190,0.02630501,0.09867460,0.02009271,0.11056291,0.09389650,0.02647835,0.05147044
5.36368184,0.29138089,0.00476597,0.02705405,0.10168777,0.02042580,0.11447417,0.09694530,0.02740135,0.05294120
5.36968484,0.29911982,0.00447375,0.02774062,0.10443054,0.02075522,0.11798582,0.09970328,0.02823041,0.05428983
5.37568784,0.30576555,0.00424592,0.02833162,0.10678324,0.02104974,0.12097628,0.10206113,0.02893639,0.05545126
5.38169085,0.31101799,0.00406575,0.02879843,0.10864246,0.02128237,0.12334057,0.10392438,0.02949410,0.05636930
5.38769385,0.31462954,0.00391902,0.02911740,0.10992293,0.02143061,0.12499260,0.10521523,0.02988285,0.05699751
5.39369685,0.31640908,0.00379388,0.02927019,0.11055888,0.02147665,0.12586686,0.10587401,0.03008684,0.05729993
5.39969985,0.31622433,0.00368073,0.02924401,0.11050495,0.02140745,0.12591967,0.10586003,0.03009550,0.05725150
5.40570285,0.31400266,0.00357200,0.02903167,0.10973643,0.02121469,0.12512956,0.10515193,0.02990357,0.05683813
5.41170585,0.30973010,0.00346198,0.02863146,0.10824904,0.02089460,0.12349720,0.10374750,0.02951108,0.05605651
5.41770885,0.30344882,0.00334660,0.02804696,0.10605797,0.02044773,0.12104447,0.10166284,0.02892314,0.05491366
5.42371186,0.29525286,0.00322325,0.02728657,0.10319645,0.01987855,0.11781301,0.09893106,0.02814961,0.05342608
5.42971486,0.28528263,0.00309052,0.02636305,0.09971384,0.01919503,0.11386215,0.09560048,0.02720457,0.05161880
5.43571786,0.27371809,0.00294807,0.02529283,0.09567328,0.01840810,0.10926632,0.09173240,0.02610574,0.04952405
5.44172086,0.26077104,0.00279636,0.02409536,0.09114896,0.01753109,0.10411213,0.08739859,0.02487373,0.04717991
5.44772386,0.24667689,0.00263654,0.02279226,0.08622331,0.01657910,0.09849515,0.08267854,0.02353134,0.04462880
5.45372686,0.23168611,0.00247020,0.02140658,0.08098398,0.01556842,0.09251661,0.07765667,0.02210272,0.04191586
5.45972986,0.21605575,0.00229929,0.01996202,0.07552089,0.01451592,0.08628009,0.07241947,0.02061256,0.03908752
5.46573287,0.20004139,0.00212590,0.01848212,0.06992342,0.01343845,0.07988834,0.06705288,0.01908539,0.03618991
5.47173587,0.18388975,0.00195222,0.01698965,0.06427788,0.01235236,0.07344042,0.06163978,0.01754487,0.03326762
5.47773887,0.16783224,0.00178035,0.01550595,0.05866516,0.01127302,0.06702913,0.05625789,0.01601314,0.03036247
5.48374187,0.15207958,0.00161231,0.01405048,0.05315895,0.01021445,0.06073891,0.05097794,0.01451036,0.02751254
5.48974487,0.13681765,0.00144987,0.01264038,0.04782424,0.00918905,0.05464421,0.04586232,0.01305432,0.02475144
5.49574787,0.12220461,0.00129459,0.01129026,0.04271633,0.00820738,0.04880835,0.04096409,0.01166012,0.02210777
5.50175088,0.10836930,0.00114774,0.01001201,0.03788025,0.00727804,0.04328288,0.03632649,0.01034009,0.01960481
5.50775388,0.09541075,0.00101031,0.00881478,0.03335063,0.00640765,0.03810743,0.03198273,0.00910369,0.01726049
5.51375688,0.08339887,0.00088299,0.00770501,0.02915191,0.00560088,0.03330998,0.02795626,0.00795759,0.01508744
5.51975988,0.07237595,0.00076621,0.00668663,0.02529888,0.00486057,0.02890746,0.02426129,0.00690585,0.01309331
5.52576288,0.06235903,0.00066011,0.00576118,0.02179749,0.00418783,0.02490670,0.02090352,0.00595008,0.01128117
5.53176588,0.05334273,0.00056464,0.00492819,0.01864586,0.00358231,0.02130555,0.01788115,0.00508978,0.00965006
5.53776888,0.04530243,0.00047951,0.00418537,0.01583539,0.00304234,0.01809421,0.01518595,0.00432261,0.00819551
5.54377189,0.03819779,0.00040430,0.00352899,0.01335197,0.00256521,0.01525657,0.01280439,0.00364471,0.00691023
5.54977489,0.03197608,0.00033843,0.00295418,0.01117719,0.00214738,0.01277157,0.01071880,0.00305106,0.00578468
5.55577789,0.02657556,0.00028127,0.00245524,0.00928944,0.00178470,0.01061455,0.00890848,0.00253576,0.00480769
5.56178089,0.02192854,0.00023208,0.00202591,0.00766509,0.00147263,0.00875849,0.00735074,0.00209235,0.00396702
5.56778389,0.01796417,0.00019012,0.00165966,0.00627935,0.00120640,0.00717508,0.00602183,0.00171409,0.00324984
5.57378689,0.01461082,0.00015463,0.00134985,0.00510719,0.00098120,0.00583572,0.00489774,0.00139412,0.00264319
5.57978989,0.01179810,0.00012486,0.00108999,0.00412401,0.00079231,0.00471229,0.00395488,0.00112574,0.00213435
5.58579290,0.00945844,0.00010010,0.00087384,0.00330618,0.00063519,0.00377780,0.00317060,0.00090250,0.00171109
5.59179590,0.00752830,0.00007967,0.00069552,0.00263151,0.00050557,0.00300689,0.00252359,0.00071833,0.00136192
5.59779890,0.00594901,0.00006296,0.00054961,0.00207947,0.00039951,0.00237610,0.00199419,0.00056764,0.00107621
5.60380190,0.00466726,0.00004939,0.00043119,0.00163143,0.00031343,0.00186415,0.00156453,0.00044534,0.00084434
5.60980490,0.00363538,0.00003847,0.00033586,0.00127074,0.00024414,0.00145201,0.00121863,0.00034688,0.00065766
5.61580790,0.00281130,0.00002975,0.00025973,0.00098268,0.00018879,0.00112286,0.00094238,0.00026825,0.00050858
5.62181091,0.00215841,0.00002284,0.00019941,0.00075447,0.00014495,0.00086209,0.00072353,0.00020595,0.00039047
5.62781391,0.00164525,0.00001741,0.00015200,0.00057509,0.00011049,0.00065713,0.00055151,0.00015698,0.00029764
5.63381691,0.00124508,0.00001318,0.00011503,0.00043522,0.00008361,0.00049730,0.00041737,0.00011880,0.00022524
5.63981991,0.00093548,0.00000990,0.00008643,0.00032700,0.00006282,0.00037364,0.00031359,0.00008926,0.00016923
5.64582291,0.00069782,0.00000739,0.00006447,0.00024392,0.00004686,0.00027872,0.00023392,0.00006658,0.00012624
5.65182591,0.00051680,0.00000547,0.00004775,0.00018065,0.00003471,0.00020641,0.00017324,0.00004931,0.00009349
5.65782891,0.00037999,0.00000402,0.00003511,0.00013282,0.00002552,0.00015177,0.00012738,0.00003626,0.00006874
5.66383192,0.00027739,0.00000294,0.00002563,0.00009696,0.00001863,0.00011079,0.00009298,0.00002647,0.00005018
5.66983492,0.00020103,0.00000213,0.00001857,0.00007027,0.00001350,0.00008030,0.00006739,0.00001918,0.00003637
5.67583792,0.00014465,0.00000153,0.00001336,0.00005056,0.00000971,0.00005778,0.00004849,0.00001380,0.00002617
5.68184092,0.00010334,0.00000109,0.00000955,0.00003612,0.00000694,0.00004127,0.00003464,0.00000986,0.00001869
5.68784392,0.00007329,0.00000078,0.00000677,0.00002562,0.00000492,0.00002927,0.00002457,0.00000699,0.00001326
5.69384692,0.00005161,0.00000055,0.00000477,0.00001804,0.00000347,0.00002061,0.00001730,0.00000492,0.00000934
5.69984992,0.00003608,0.00000038,0.00000333,0.00001261,0.00000242,0.00001441,0.00001209,0.00000344,0.00000653
5.70585293,0.00002504,0.00000027,0.00000231,0.00000875,0.00000168,0.00001000,0.00000839,0.00000239,0.00000453
5.71185593,0.00001726,0.00000018,0.00000159,0.00000603,0.00000116,0.00000689,0.00000578,0.00000165,0.00000312
5.71785893,0.00001181,0.00000012,0.00000109,0.00000413,0.00000079,0.00000472,0.00000396,0.00000113,0.00000214
5.72386193,0.00000802,0.00000008,0.00000074,0.00000280,0.00000054,0.00000320,0.00000269,0.00000077,0.00000145
5.72986493,0.00000541,0.00000006,0.00000050,0.00000189,0.00000036,0.00000216,0.00000181,0.00000052,0.00000098
5.73586793,0.00000362,0.00000004,0.00000033,0.00000127,0.00000024,0.00000145,0.00000121,0.00000035,0.00000065
5.74187094,0.00000241,0.00000003,0.00000022,0.00000084,0.00000016,0.00000096,0.00000081,0.00000023,0.00000044
5.74787394,0.00000159,0.00000002,0.00000015,0.00000056,0.00000011,0.00000063,0.00000053,0.00000015,0.00000029
5.75387694,0.00000104,0.00000001,0.00000010,0.00000036,0.00000007,0.00000042,0.00000035,0.00000010,0.00000019
5.75987994,0.00000068,0.00000001,0.00000006,0.00000024,0.00000005,0.00000027,0.00000023,0.00000006,0.00000012
5.76588294,0.00000044,0.00000000,0.00000004,0.00000015,0.00000003,0.00000017,0.00000015,0.00000004,0.00000008
5.77188594,0.00000028,0.00000000,0.00000003,0.00000010,0.00000002,0.00000011,0.00000009,0.00000003,0.00000005
5.77788894,0.00000018,0.00000000,0.00000002,0.00000006,0.00000001,0.00000007,0.00000006,0.00000002,0.00000003
5.78389195,0.00000011,0.00000000,0.00000001,0.00000004,0.00000001,0.00000005,0.00000004,0.00000001,0.00000002
5.78989495,0.00000007,0.00000000,0.00000001,0.00000002,0.00000000,0.00000003,0.00000002,0.00000001,0.00000001
5.79589795,0.00000004,0.00000000,0.00000000,0.00000002,0.00000000,0.00000002,0.00000001,0.00000000,0.00000001
5.80190095,0.00000003,0.00000000,0.00000000,0.00000001,0.00000000,0.00000001,0.00000001,0.00000000,0.00000000
5.80790395,0.00000002,0.00000000,0.00000000,0.00000001,0.00000000,0.00000001,0.00000001,0.00000000,0.00000000
5.81390695,0.00000001,0.00000000,0.00000000,0.00000000,0.00000000,0.00000000,0.00000000,0.00000000,0.00000000
5.81990995,0.00000001,0.00000000,0.00000000,0.00000000,0.00000000,0.00000000,0.00000000,0.00000000,0.00000000
5.82591296,0.00000000,0.00000000,0.00000000,0.00000000,0.00000000,0.00000000,0.00000000,0.00000000,0.00000000
5.83191596,0.00000000,0.00000000,0.00000000,0.00000000,0.00000000,0.00000000,0.00000000,0.00000000,0.00000000
5.83791896,0.00000000,0.00000000,0.00000000,0.00000000,0.00000000,0.00000000,0.00000000,0.00000000,0.00000000
5.84392196,0.00000000,0.00000000,0.00000000,0.00000000,0.00000000,0.00000000,0.00000000,0.00000000,0.00000000
5.84992496,0.00000000,0.00000000,0.00000000,0.00000000,0.00000000,0.00000000,0.00000000,0.00000000,0.00000000
5.85592796,0.00000000,0.00000000,0.00000000,0.00000000,0.00000000,0.00000000,0.00000000,0.00000000,0.00000000
5.86193097,0.00000000,0.00000000,0.00000000,0.00000000,0.00000000,0.00000000,0.00000000,0.00000000,0.00000000
5.86793397,0.00000000,0.00000000,0.00000000,0.00000000,0.00000000,0.00000000,0.00000000,0.00000000,0.00000000
5.87393697,0.00000000,0.00000000,0.00000000,0.00000000,0.00000000,0.00000000,0.00000000,0.00000000,0.00000000
5.87993997,0.00000000,0.00000000,0.00000000,0.00000000,0.00000000,0.00000000,0.00000000,0.00000000,0.00000000
5.88594297,0.00000000,0.00000000,0.00000000,0.00000000,0.00000000,0.00000000,0.00000000,0.00000000,0.00000000
5.89194597,0.00000000,0.00000000,0.00000000,0.00000000,0.00000000,0.00000000,0.00000000,0.00000000,0.00000000
5.89794897,0.00000000,0.00000000,0.00000000,0.00000000,0.00000000,0.00000000,0.00000000,0.00000000,0.00000000
5.90395198,0.00000000,0.00000000,0.00000000,0.00000000,0.00000000,0.00000000,0.00000000,0.00000000,0.00000000
5.90995498,0.00000000,0.00000000,0.00000000,0.00000000,0.00000000,0.00000000,0.00000000,0.00000000,0.00000000
5.91595798,0.00000000,0.00000000,0.00000000,0.00000000,0.00000000,0.00000000,0.00000000,0.00000000,0.00000000
5.92196098,0.00000000,0.00000000,0.00000000,0.00000000,0.00000000,0.00000000,0.00000000,0.00000000,0.00000000
5.92796398,0.00000000,0.00000000,0.00000000,0.00000000,0.00000000,0.00000000,0.00000000,0.00000000,0.00000000
5.93396698,0.00000000,0.00000000,0.00000000,0.00000000,0.00000000,0.00000000,0.00000000,0.00000000,0.00000000
5.93996998,0.00000000,0.00000000,0.00000000,0.00000000,0.00000000,0.00000000,0.00000000,0.00000000,0.00000000
5.94597299,0.00000000,0.00000000,0.00000000,0.00000000,0.00000000,0.00000000,0.00000000,0.00000000,0.00000000
5.95197599,0.00000000,0.00000000,0.00000000,0.00000000,0.00000000,0.00000000,0.00000000,0.00000000,0.00000000
5.95797899,0.00000000,0.00000000,0.00000000,0.00000000,0.00000000,0.00000000,0.00000000,0.00000000,0.00000000
5.96398199,0.00000000,0.00000000,0.00000000,0.00000000,0.00000000,0.00000000,0.00000000,0.00000000,0.00000000
5.96998499,0.00000000,0.00000000,0.00000000,0.00000000,0.00000000,0.00000000,0.00000000,0.00000000,0.00000000
5.97598799,0.00000000,0.00000000,0.00000000,0.00000000,0.00000000,0.00000000,0.00000000,0.00000000,0.00000000
5.98199100,0.00000000,0.00000000,0.00000000,0.00000000,0.00000000,0.00000000,0.00000000,0.00000000,0.00000000
5.98799400,0.00000000,0.00000000,0.00000000,0.00000000,0.00000000,0.00000000,0.00000000,0.00000000,0.00000000
5.99399700,0.00000000,0.00000000,0.00000000,0.00000000,0.00000000,0.00000000,0.00000000,0.00000000,0.00000000
6.00000000,0.00000000,0.00000000,0.00000000,0.00000000,0.00000000,0.00000000,0.00000000,0.00000000,0.00000000
