energy_ev,total_up,C_s_up,C_p_up,S_s_up,S_p_up,Y_p_up,Y_d_up
-6.00000000,0.00000000,0.00000000,0.00000000,0.00000000,0.00000000,0.00000000,0.00000000
-5.99399700,0.00000000,0.00000000,0.00000000,0.00000000,0.00000000,0.00000000,0.00000000
-5.98799400,0.00000000,0.00000000,0.00000000,0.00000000,0.00000000,0.00000000,0.00000000
-5.98199100,0.00000000,0.00000000,0.00000000,0.00000000,0.00000000,0.00000000,0.00000000
-5.97598799,0.00000000,0.00000000,0.00000000,0.00000000,0.00000000,0.00000000,0.00000000
-5.96998499,0.00000000,0.00000000,0.00000000,0.00000000,0.00000000,0.00000000,0.00000000
-5.96398199,0.00000000,0.00000000,0.00000000,0.00000000,0.00000000,0.00000000,0.00000000
-5.95797899,0.00000000,0.00000000,0.00000000,0.00000000,0.00000000,0.00000000,0.00000000
-5.95197599,0.00000000,0.00000000,0.00000000,0.00000000,0.00000000,0.00000000,0.00000000
-5.94597299,0.00000000,0.00000000,0.00000000,0.00000000,0.00000000,0.00000000,0.00000000
-5.93996998,0.00000000,0.00000000,0.00000000,0.00000000,0.00000000,0.00000000,0.00000000
-5.93396698,0.00000000,0.00000000,0.00000000,0.00000000,0.00000000,0.00000000,0.00000000
-5.92796398,0.00000000,0.00000000,0.00000000,0.00000000,0.00000000,0.00000000,0.00000000
-5.92196098,0.00000000,0.00000000,0.00000000,0.00000000,0.00000000,0.00000000,0.00000000
-5.91595798,0.00000000,0.00000000,0.00000000,0.00000000,0.00000000,0.00000000,0.00000000
-5.90995498,0.00000000,0.00000000,0.00000000,0.00000000,0.00000000,0.00000000,0.00000000
-5.90395198,0.00000000,0.00000000,0.00000000,0.00000000,0.00000000,0.00000000,0.00000000
-5.89794897,0.00000000,0.00000000,0.00000000,0.00000000,0.00000000,0.00000000,0.00000000
-5.89194597,0.00000000,0.00000000,0.00000000,0.00000000,0.00000000,0.00000000,0.00000000
-5.88594297,0.00000000,0.00000000,0.00000000,0.00000000,0.00000000,0.00000000,0.00000000
-5.87993997,0.00000000,0.00000000,0.00000000,0.00000000,0.00000000,0.00000000,0.00000000
-5.87393697,0.00000000,0.00000000,0.00000000,0.00000000,0.00000000,0.00000000,0.00000000
-5.86793397,0.00000000,0.00000000,0.00000000,0.00000000,0.00000000,0.00000000,0.00000000
-5.86193097,0.00000000,0.00000000,0.00000000,0.00000000,0.00000000,0.00000000,0.00000000
-5.85592796,0.00000000,0.00000000,0.00000000,0.00000000,0.00000000,0.00000000,0.00000000
-5.84992496,0.00000000,0.00000000,0.00000000,0.00000000,0.00000000,0.00000000,0.00000000
-5.84392196,0.00000000,0.00000000,0.00000000,0.00000000,0.00000000,0.00000000,0.00000000
-5.83791896,0.00000000,0.00000000,0.00000000,0.00000000,0.00000000,0.00000000,0.00000000
-5.83191596,0.00000000,0.00000000,0.00000000,0.00000000,0.00000000,0.00000000,0.00000000
-5.82591296,0.00000000,0.00000000,0.00000000,0.00000000,0.00000000,0.00000000,0.00000000
-5.81990995,0.00000000,0.00000000,0.00000000,0.00000000,0.00000000,0.00000000,0.00000000
-5.81390695,0.00000000,0.00000000,0.00000000,0.00000000,0.00000000,0.00000000,0.00000000
-5.80790395,0.00000000,0.00000000,0.00000000,0.00000000,0.00000000,0.00000000,0.00000000
-5.80190095,0.00000000,0.00000000,0.00000000,0.00000000,0.00000000,0.00000000,0.00000000
-5.79589795,0.00000000,0.00000000,0.00000000,0.00000000,0.00000000,0.00000000,0.00000000
-5.78989495,0.00000000,0.00000000,0.00000000,0.00000000,0.00000000,0.00000000,0.00000000
-5.78389195,0.00000000,0.00000000,0.00000000,0.00000000,0.00000000,0.00000000,0.00000000
-5.77788894,0.00000000,0.00000000,0.00000000,0.00000000,0.00000000,0.00000000,0.00000000
-5.77188594,0.00000000,0.00000000,0.00000000,0.00000000,0.00000000,0.00000000,0.00000000
-5.76588294,0.00000000,0.00000000,0.00000000,0.00000000,0.00000000,0.00000000,0.00000000
-5.75987994,0.00000000,0.00000000,0.00000000,0.00000000,0.00000000,0.00000000,0.00000000
-5.75387694,0.00000000,0.00000000,0.00000000,0.00000000,0.00000000,0.00000000,0.00000000
-5.74787394,0.00000000,0.00000000,0.00000000,0.00000000,0.00000000,0.00000000,0.00000000
-5.74187094,0.00000000,0.00000000,0.00000000,0.00000000,0.00000000,0.00000000,0.00000000
-5.73586793,0.00000000,0.00000000,0.00000000,0.00000000,0.00000000,0.00000000,0.00000000
-5.72986493,0.00000000,0.00000000,0.00000000,0.00000000,0.00000000,0.00000000,0.00000000
-5.72386193,0.00000000,0.00000000,0.00000000,0.00000000,0.00000000,0.00000000,0.00000000
-5.71785893,0.00000000,0.00000000,0.00000000,0.00000000,0.00000000,0.00000000,0.00000000
-5.71185593,0.00000000,0.00000000,0.00000000,0.00000000,0.00000000,0.00000000,0.00000000
-5.70585293,0.00000000,0.00000000,0.00000000,0.00000000,0.00000000,0.00000000,0.00000000
-5.69984992,0.00000000,0.00000000,0.00000000,0.00000000,0.00000000,0.00000000,0.00000000
-5.69384692,0.00000000,0.00000000,0.00000000,0.00000000,0.00000000,0.00000000,0.00000000
-5.68784392,0.00000000,0.00000000,0.00000000,0.00000000,0.00000000,0.00000000,0.00000000
-5.68184092,0.00000000,0.00000000,0.00000000,0.00000000,0.00000000,0.00000000,0.00000000
-5.67583792,0.00000000,0.00000000,0.00000000,0.00000000,0.00000000,0.00000000,0.00000000
-5.66983492,0.00000000,0.00000000,0.00000000,0.00000000,0.00000000,0.00000000,0.00000000
-5.66383192,0.00000000,0.00000000,0.00000000,0.00000000,0.00000000,0.00000000,0.00000000
-5.65782891,0.00000000,0.00000000,0.00000000,0.00000000,0.00000000,0.00000000,0.00000000
-5.65182591,0.00000000,0.00000000,0.00000000,0.00000000,0.00000000,0.00000000,0.00000000
-5.64582291,0.00000000,0.00000000,0.00000000,0.00000000,0.00000000,0.00000000,0.00000000
-5.63981991,0.00000000,0.00000000,0.00000000,0.00000000,0.00000000,0.00000000,0.00000000
-5.63381691,0.00000000,0.00000000,0.00000000,0.00000000,0.00000000,0.00000000,0.00000000
-5.62781391,0.00000000,0.00000000,0.00000000,0.00000000,0.00000000,0.00000000,0.00000000
-5.62181091,0.00000000,0.00000000,0.00000000,0.00000000,0.00000000,0.00000000,0.00000000
-5.61580790,0.00000000,0.00000000,0.00000000,0.00000000,0.00000000,0.00000000,0.00000000
-5.60980490,0.00000000,0.00000000,0.00000000,0.00000000,0.00000000,0.00000000,0.00000000
-5.60380190,0.00000000,0.00000000,0.00000000,0.00000000,0.00000000,0.00000000,0.00000000
-5.59779890,0.00000000,0.00000000,0.00000000,0.00000000,0.00000000,0.00000000,0.00000000
-5.59179590,0.00000000,0.00000000,0.00000000,0.00000000,0.00000000,0.00000000,0.00000000
-5.58579290,0.00000000,0.00000000,0.00000000,0.00000000,0.00000000,0.00000000,0.00000000
-5.57978989,0.00000001,0.00000000,0.00000000,0.00000000,0.00000000,0.00000000,0.00000000
-5.57378689,0.00000001,0.00000000,0.00000000,0.00000000,0.00000001,0.00000000,0.00000000
-5.56778389,0.00000002,0.00000000,0.00000000,0.00000000,0.00000001,0.00000000,0.00000000
-5.56178089,0.00000003,0.00000000,0.00000000,0.00000000,0.00000002,0.00000000,0.00000000
-5.55577789,0.00000005,0.00000000,0.00000000,0.00000000,0.00000003,0.00000000,0.00000000
-5.54977489,0.00000008,0.00000000,0.00000000,0.00000000,0.00000005,0.00000000,0.00000001
-5.54377189,0.00000013,0.00000000,0.00000000,0.00000000,0.00000007,0.00000001,0.00000001
-5.53776888,0.00000020,0.00000000,0.00000001,0.00000000,0.00000011,0.00000001,0.00000002
-5.53176588,0.00000031,0.00000000,0.00000001,0.00000000,0.00000018,0.00000002,0.00000002
-5.52576288,0.00000048,0.00000000,0.00000002,0.00000000,0.00000027,0.00000003,0.00000004
-5.51975988,0.00000073,0.00000000,0.00000003,0.00000001,0.00000042,0.00000004,0.00000006
-5.51375688,0.00000112,0.00000000,0.00000004,0.00000001,0.00000064,0.00000006,0.00000009
-5.50775388,0.00000170,0.00000000,0.00000006,0.00000001,0.00000097,0.00000010,0.00000013
-5.50175088,0.00000256,0.00000000,0.00000010,0.00000002,0.00000146,0.00000014,0.00000020
-5.49574787,0.00000383,0.00000000,0.00000015,0.00000003,0.00000218,0.00000022,0.00000030
-5.48974487,0.00000569,0.00000000,0.00000022,0.00000004,0.00000324,0.00000032,0.00000045
-5.48374187,0.00000838,0.00000000,0.00000032,0.00000007,0.00000477,0.00000047,0.00000066
-5.47773887,0.00001226,0.00000000,0.00000047,0.00000010,0.00000698,0.00000069,0.00000097
-5.47173587,0.00001781,0.00000000,0.00000068,0.00000014,0.00001014,0.00000100,0.00000141
-5.46573287,0.00002569,0.00000000,0.00000098,0.00000020,0.00001462,0.00000145,0.00000203
-5.45972986,0.00003679,0.00000000,0.00000140,0.00000029,0.00002093,0.00000207,0.00000291
-5.45372686,0.00005229,0.00000000,0.00000200,0.00000041,0.00002976,0.00000294,0.00000413
-5.44772386,0.00007381,0.00000000,0.00000282,0.00000058,0.00004200,0.00000416,0.00000583
-5.44172086,0.00010343,0.00000000,0.00000395,0.00000081,0.00005886,0.00000582,0.00000817
-5.43571786,0.00014389,0.00000000,0.00000549,0.00000112,0.00008188,0.00000810,0.00001137
-5.42971486,0.00019874,0.00000000,0.00000758,0.00000155,0.00011310,0.00001119,0.00001570
-5.42371186,0.00027253,0.00000000,0.00001040,0.00000212,0.00015509,0.00001534,0.00002153
-5.41770885,0.00037104,0.00000000,0.00001416,0.00000289,0.00021114,0.00002089,0.00002931
-5.41170585,0.00050153,0.00000000,0.00001914,0.00000391,0.00028540,0.00002824,0.00003962
-5.40570285,0.00067303,0.00000000,0.00002569,0.00000525,0.00038299,0.00003789,0.00005317
-5.39969985,0.00089670,0.00000000,0.00003422,0.00000699,0.00051027,0.00005049,0.00007084
-5.39369685,0.00118612,0.00000000,0.00004527,0.00000925,0.00067497,0.00006678,0.00009370
-5.38769385,0.00155769,0.00000000,0.00005945,0.00001214,0.00088641,0.00008770,0.00012305
-5.38169085,0.00203096,0.00000000,0.00007751,0.00001583,0.00115574,0.00011435,0.00016044
-5.37568784,0.00262901,0.00000000,0.00010033,0.00002049,0.00149606,0.00014802,0.00020768
-5.36968484,0.00337873,0.00000000,0.00012895,0.00002634,0.00192270,0.00019023,0.00026691
-5.36368184,0.00431107,0.00000000,0.00016453,0.00003361,0.00245325,0.00024272,0.00034056
-5.35767884,0.00546118,0.00000000,0.00020842,0.00004257,0.00310773,0.00030748,0.00043142
-5.35167584,0.00686844,0.00000000,0.00026213,0.00005354,0.00390855,0.00038671,0.00054259
-5.34567284,0.00857628,0.00000000,0.00032731,0.00006685,0.00488041,0.00048287,0.00067750
-5.33966983,0.01063188,0.00000000,0.00040576,0.00008288,0.00605017,0.00059860,0.00083989
-5.33366683,0.01308553,0.00000000,0.00049940,0.00010200,0.00744644,0.00073675,0.00103372
-5.32766383,0.01598978,0.00000000,0.00061024,0.00012464,0.00909912,0.00090026,0.00126315
-5.32166083,0.01939829,0.00000000,0.00074033,0.00015121,0.01103877,0.00109217,0.00153241
-5.31565783,0.02336438,0.00000000,0.00089169,0.00018213,0.01329571,0.00131547,0.00184572
-5.30965483,0.02793928,0.00000000,0.00106629,0.00021779,0.01589910,0.00157305,0.00220712
-5.30365183,0.03317005,0.00000000,0.00126592,0.00025857,0.01887571,0.00186755,0.00262034
-5.29764882,0.03909731,0.00000000,0.00149213,0.00030477,0.02224867,0.00220127,0.00308858
-5.29164582,0.04575280,0.00000000,0.00174613,0.00035665,0.02603604,0.00257599,0.00361434
-5.28564282,0.05315674,0.00000000,0.00202870,0.00041437,0.03024932,0.00299285,0.00419923
-5.27963982,0.06131532,0.00000000,0.00234007,0.00047797,0.03489203,0.00345220,0.00484374
-5.27363682,0.07021819,0.00000000,0.00267984,0.00054737,0.03995829,0.00395345,0.00554704
-5.26763382,0.07983626,0.00000000,0.00304691,0.00062234,0.04543154,0.00449497,0.00630684
-5.26163082,0.09011990,0.00000000,0.00343938,0.00070250,0.05128353,0.00507397,0.00711922
-5.25562781,0.10099762,0.00000000,0.00385453,0.00078730,0.05747360,0.00568641,0.00797853
-5.24962481,0.11237548,0.00000000,0.00428876,0.00087599,0.06394827,0.00632701,0.00887735
-5.24362181,0.12413719,0.00000000,0.00473764,0.00096768,0.07064138,0.00698922,0.00980649
-5.23761881,0.13614517,0.00000000,0.00519591,0.00106128,0.07747462,0.00766530,0.01075509
-5.23161581,0.14824242,0.00000000,0.00565760,0.00115558,0.08435867,0.00834640,0.01171073
-5.22561281,0.16025541,0.00000000,0.00611607,0.00124923,0.09119478,0.00902276,0.01265973
-5.21960980,0.17199780,0.00000000,0.00656421,0.00134076,0.09787688,0.00968389,0.01358734
-5.21360680,0.18327491,0.00000000,0.00699460,0.00142867,0.10429423,0.01031882,0.01447820
-5.20760380,0.19388897,0.00000000,0.00739968,0.00151141,0.11033426,0.01091642,0.01531668
-5.20160080,0.20364473,0.00000000,0.00777200,0.00158746,0.11588586,0.01146570,0.01608736
-5.19559780,0.21235535,0.00000000,0.00810444,0.00165536,0.12084272,0.01195614,0.01677547
-5.18959480,0.21984836,0.00000000,0.00839040,0.00171377,0.12510669,0.01237803,0.01736740
-5.18359180,0.22597129,0.00000000,0.00862408,0.00176150,0.12859101,0.01272278,0.01785109
-5.17758879,0.23059684,0.00000001,0.00880060,0.00179756,0.13122323,0.01298324,0.01821649
-5.17158579,0.23362726,0.00000001,0.00891625,0.00182118,0.13294773,0.01315391,0.01845587
-5.16558279,0.23499783,0.00000002,0.00896854,0.00183187,0.13372770,0.01323116,0.01856413
-5.15957979,0.23467913,0.00000002,0.00895636,0.00182939,0.13354638,0.01321333,0.01853893
-5.15357679,0.23267810,0.00000004,0.00887997,0.00181380,0.13240774,0.01310083,0.01838082
-5.14757379,0.22903786,0.00000006,0.00874100,0.00178543,0.13033632,0.01289613,0.01809320
-5.14157079,0.22383610,0.00000008,0.00854242,0.00174490,0.12737635,0.01260363,0.01768221
-5.13556778,0.21718243,0.00000012,0.00828840,0.00169306,0.12359022,0.01222954,0.01715648
-5.12956478,0.20921455,0.00000018,0.00798418,0.00163098,0.11905631,0.01178171,0.01652689
-5.12356178,0.20009356,0.00000026,0.00763591,0.00155993,0.11386634,0.01126928,0.01580614
-5.11755878,0.18999865,0.00000038,0.00725039,0.00148130,0.10812232,0.01070249,0.01500836
-5.11155578,0.17912136,0.00000055,0.00683491,0.00139660,0.10193333,0.01009231,0.01414865
-5.10555278,0.16765971,0.00000078,0.00639699,0.00130739,0.09541212,0.00945012,0.01324260
-5.09954977,0.15581244,0.00000110,0.00594415,0.00121522,0.08867193,0.00878744,0.01230585
-5.09354677,0.14377365,0.00000155,0.00548375,0.00112163,0.08182334,0.00811564,0.01135364
-5.08754377,0.13172796,0.00000217,0.00502273,0.00102809,0.07497165,0.00744567,0.01040045
-5.08154077,0.11984645,0.00000300,0.00456752,0.00093594,0.06821446,0.00678792,0.00945965
-5.07553777,0.10828350,0.00000413,0.00412385,0.00084644,0.06163997,0.00615202,0.00854325
-5.06953477,0.09717445,0.00000564,0.00369671,0.00076070,0.05532562,0.00554680,0.00766170
-5.06353177,0.08663437,0.00000764,0.00329026,0.00067968,0.04933745,0.00498028,0.00682379
-5.05752876,0.07675765,0.00001028,0.00290780,0.00060418,0.04372985,0.00445968,0.00603660
-5.05152576,0.06761857,0.00001374,0.00255181,0.00053489,0.03854592,0.00399155,0.00530553
-5.04552276,0.05927250,0.00001823,0.00222397,0.00047236,0.03381819,0.00358191,0.00463439
-5.03951976,0.05175790,0.00002400,0.00192522,0.00041704,0.02956979,0.00323645,0.00402552
-5.03351676,0.04509870,0.00003139,0.00165584,0.00036928,0.02581578,0.00296073,0.00347998
-5.02751376,0.03930705,0.00004075,0.00141556,0.00032939,0.02256483,0.00276043,0.00299774
-5.02151076,0.03438631,0.00005253,0.00120365,0.00029762,0.01982084,0.00264159,0.00257792
-5.01550775,0.03033396,0.00006721,0.00101903,0.00027425,0.01758471,0.00261084,0.00221898
-5.00950475,0.02714450,0.00008539,0.00086037,0.00025953,0.01585589,0.00267562,0.00191895
-5.00350175,0.02481200,0.00010771,0.00072621,0.00025377,0.01463396,0.00284431,0.00167564
-4.99749875,0.02333243,0.00013489,0.00061504,0.00025733,0.01391981,0.00312637,0.00148680
-4.99149575,0.02270533,0.00016771,0.00052536,0.00027062,0.01371666,0.00353236,0.00135030
-4.98549275,0.02293520,0.00020701,0.00045580,0.00029413,0.01403072,0.00407394,0.00126423
-4.97948974,0.02403209,0.00025369,0.00040515,0.00032841,0.01487152,0.00476366,0.00122698
-4.97348674,0.02601170,0.00030867,0.00037239,0.00037406,0.01625184,0.00561480,0.00123733
-4.96748374,0.02889485,0.00037287,0.00035674,0.00043170,0.01818728,0.00664101,0.00129441
-4.96148074,0.03270628,0.00044718,0.00035769,0.00050199,0.02069545,0.00785585,0.00139774
-4.95547774,0.03747290,0.00053245,0.00037495,0.00058555,0.02379484,0.00927226,0.00154714
-4.94947474,0.04322155,0.00062944,0.00040853,0.00068295,0.02750332,0.01090195,0.00174264
-4.94347174,0.04997629,0.00073874,0.00045860,0.00079464,0.03183641,0.01275465,0.00198442
-4.93746873,0.05775529,0.00086081,0.00052556,0.00092093,0.03680538,0.01483738,0.00227268
-4.93146573,0.06656767,0.00099585,0.00060995,0.00106193,0.04241519,0.01715369,0.00260744
-4.92546273,0.07641007,0.00114381,0.00071240,0.00121750,0.04866239,0.01970286,0.00298848
-4.91945973,0.08726351,0.00130433,0.00083355,0.00138720,0.05553321,0.02247921,0.00341513
-4.91345673,0.09909037,0.00147671,0.00097405,0.00157028,0.06300171,0.02547148,0.00388617
-4.90745373,0.11183197,0.00165989,0.00113441,0.00176562,0.07102830,0.02866236,0.00439969
-4.90145073,0.12540668,0.00185244,0.00131497,0.00197171,0.07955877,0.03202818,0.00495301
-4.89544772,0.13970895,0.00205253,0.00151585,0.00218669,0.08852370,0.03553888,0.00554259
-4.88944472,0.15460927,0.00225797,0.00173683,0.00240831,0.09783865,0.03915813,0.00616404
-4.88344172,0.16995524,0.00246625,0.00197735,0.00263400,0.10740498,0.04284387,0.00681210
-4.87743872,0.18557388,0.00267453,0.00223645,0.00286090,0.11711145,0.04654902,0.00748076
-4.87143572,0.20127516,0.00287979,0.00251275,0.00308593,0.12683662,0.05022255,0.00816337
-4.86543272,0.21685675,0.00307880,0.00280444,0.00330590,0.13645204,0.05381082,0.00885286
-4.85942971,0.23211001,0.00326832,0.00310932,0.00351759,0.14582609,0.05725917,0.00954196
-4.85342671,0.24682692,0.00344509,0.00342484,0.00371787,0.15482852,0.06051368,0.01022352
-4.84742371,0.26080799,0.00360604,0.00374818,0.00390384,0.16333552,0.06352316,0.01089090
-4.84142071,0.27387067,0.00374833,0.00407634,0.00407295,0.17123503,0.06624114,0.01153834
-4.83541771,0.28585821,0.00386948,0.00440632,0.00422314,0.17843235,0.06862791,0.01216141
-4.82941471,0.29664846,0.00396746,0.00473520,0.00435299,0.18485563,0.07065248,0.01275749
-4.82341171,0.30616239,0.00404082,0.00506041,0.00446178,0.19046114,0.07229437,0.01332618
-4.81740870,0.31437187,0.00408869,0.00537983,0.00454967,0.19523808,0.07354514,0.01386980
-4.81140570,0.32130654,0.00411093,0.00569205,0.00461775,0.19921264,0.07440970,0.01439376
-4.80540270,0.32705917,0.00410807,0.00599653,0.00466810,0.20245129,0.07490713,0.01490695
-4.79939970,0.33178948,0.00408140,0.00629376,0.00470382,0.20506286,0.07507116,0.01542199
-4.79339670,0.33572599,0.00403289,0.00658545,0.00472909,0.20719952,0.07495015,0.01595544
-4.78739370,0.33916575,0.00396521,0.00687462,0.00474905,0.20905640,0.07460666,0.01652790
-4.78139070,0.34247185,0.00388161,0.00716566,0.00476985,0.21086973,0.07411648,0.01716391
-4.77538769,0.34606853,0.00378589,0.00746437,0.00479848,0.21291369,0.07356723,0.01789177
-4.76938469,0.35043400,0.00368225,0.00777789,0.00484267,0.21549566,0.07305654,0.01874323
-4.76338169,0.35609097,0.00357522,0.00811458,0.00491077,0.21895021,0.07268985,0.01975288
-4.75737869,0.36359500,0.00346949,0.00848385,0.00501154,0.22363170,0.07257790,0.02095758
-4.75137569,0.37352094,0.00336981,0.00889589,0.00515397,0.22990584,0.07283389,0.02239552
-4.74537269,0.38644773,0.00328083,0.00936132,0.00534704,0.23814011,0.07357051,0.02410527
-4.73936968,0.40294184,0.00320698,0.00989084,0.00559951,0.24869350,0.07489690,0.02612468
-4.73336668,0.42353986,0.00315232,0.01049479,0.00591969,0.26190575,0.07691542,0.02848955
-4.72736368,0.44873055,0.00312047,0.01118266,0.00631515,0.27808619,0.07971864,0.03123239
-4.72136068,0.47893701,0.00311446,0.01196262,0.00679251,0.29750276,0.08338637,0.03438104
-4.71535768,0.51449943,0.00313665,0.01284101,0.00735721,0.32037135,0.08798287,0.03795724
-4.70935468,0.55565900,0.00318868,0.01382192,0.00801328,0.34684582,0.09355442,0.04197541
-4.70335168,0.60254353,0.00327140,0.01490676,0.00876312,0.37700907,0.10012718,0.04644137
-4.69734867,0.65515536,0.00338485,0.01609386,0.00960737,0.41086559,0.10770554,0.05135130
-4.69134567,0.71336215,0.00352824,0.01737830,0.01054473,0.44833554,0.11627090,0.05669089
-4.68534267,0.77689082,0.00369997,0.01875166,0.01157190,0.48925093,0.12578099,0.06243474
-4.67933967,0.84532526,0.00389769,0.02020205,0.01268351,0.53335399,0.13616978,0.06854605
-4.67333667,0.91810790,0.00411831,0.02171415,0.01387209,0.58029788,0.14734801,0.07497668
-4.66733367,0.99454537,0.00435810,0.02326949,0.01512813,0.62964996,0.15920424,0.08166748
-4.66133067,1.07381829,0.00461278,0.02484675,0.01644020,0.68089749,0.17160659,0.08854909
-4.65532766,1.15499496,0.00487762,0.02642225,0.01779503,0.73345580,0.18440497,0.09554300
-4.64932466,1.23704872,0.00514758,0.02797057,0.01917778,0.78667874,0.19743391,0.10256301
-4.64332166,1.31887857,0.00541738,0.02946521,0.02057221,0.83987117,0.21051571,0.10951693
-4.63731866,1.39933243,0.00568168,0.03087931,0.02196100,0.89230308,0.22346414,0.11630860
-4.63131566,1.47723238,0.00593522,0.03218648,0.02332607,0.94322511,0.23608825,0.12284003
-4.62531266,1.55140112,0.00617287,0.03336154,0.02464887,0.99188489,0.24819647,0.12901373
-4.61930965,1.62068897,0.00638986,0.03438131,0.02591084,1.03754380,0.25960075,0.13473501
-4.61330665,1.68400035,0.00658181,0.03522532,0.02709369,1.07949357,0.27012066,0.13991431
-4.60730365,1.74031919,0.00674483,0.03587639,0.02817982,1.11707242,0.27958727,0.14446938
-4.60130065,1.78873242,0.00687565,0.03632122,0.02915271,1.14968003,0.28784693,0.14832733
-4.59529765,1.82845087,0.00697166,0.03655068,0.02999722,1.17679123,0.29476458,0.15142638
-4.58929465,1.85882712,0.00703094,0.03656013,0.03070001,1.19796780,0.30022667,0.15371734
-4.58329165,1.87936980,0.00705229,0.03634947,0.03124974,1.21286822,0.30414367,0.15516478
-4.57728864,1.88975403,0.00703525,0.03592311,0.03163742,1.22125517,0.30645194,0.15574780
-4.57128564,1.88982797,0.00698007,0.03528978,0.03185658,1.22300063,0.30711512,0.15546048
-4.56528264,1.87961529,0.00688770,0.03446222,0.03190346,1.21808843,0.30612495,0.15431187
-4.55927964,1.85931375,0.00675971,0.03345674,0.03177711,1.20661445,0.30350145,0.15232573
-4.55327664,1.82929001,0.00659828,0.03229275,0.03147946,1.18878432,0.29929257,0.14953987
-4.54727364,1.79007106,0.00640609,0.03099219,0.03101530,1.16490894,0.29357335,0.14600521
-4.54127064,1.74233252,0.00618626,0.02957894,0.03039221,1.13539790,0.28644449,0.14178460
-4.53526763,1.68688425,0.00594228,0.02807822,0.02962046,1.10075104,0.27803057,0.13695139
-4.52926463,1.62465381,0.00567791,0.02651602,0.02871279,1.06154843,0.26847776,0.13158791
-4.52326163,1.55666812,0.00539712,0.02491856,0.02768419,1.01843905,0.25795130,0.12578377
-4.51725863,1.48403391,0.00510398,0.02331181,0.02655162,0.97212845,0.24663264,0.11963409
-4.51125563,1.40791739,0.00480264,0.02172103,0.02533365,0.92336568,0.23471636,0.11323783
-4.50525263,1.32952364,0.00449719,0.02017048,0.02405012,0.87292988,0.22240706,0.10669597
-4.49924962,1.25007613,0.00419167,0.01868306,0.02272176,0.82161676,0.20991604,0.10010991
-4.49324662,1.17079683,0.00388998,0.01728018,0.02136977,0.77022528,0.19745810,0.09357981
-4.48724362,1.09288710,0.00359585,0.01598154,0.02001542,0.71954475,0.18524827,0.08720321
-4.48124062,1.01750990,0.00331279,0.01480507,0.01867968,0.67034264,0.17349878,0.08107360
-4.47523762,0.94577323,0.00304408,0.01376684,0.01738280,0.62335321,0.16241605,0.07527926
-4.46923462,0.87871524,0.00279275,0.01288105,0.01614399,0.57926718,0.15219787,0.06990216
-4.46323162,0.81729090,0.00256159,0.01215998,0.01498107,0.53872240,0.14303083,0.06501707
-4.45722861,0.76236030,0.00235308,0.01161398,0.01391020,0.50229578,0.13508787,0.06069073
-4.45122561,0.71467866,0.00216949,0.01125142,0.01294561,0.47049618,0.12852601,0.05698120
-4.44522261,0.67488789,0.00201281,0.01107863,0.01209942,0.44375864,0.12348434,0.05393726
-4.43921961,0.64350958,0.00188477,0.01109986,0.01138147,0.42243954,0.12008209,0.05159801
-4.43321661,0.62093962,0.00178691,0.01131713,0.01079921,0.40681291,0.11841696,0.04999250
-4.42721361,0.60744410,0.00172050,0.01173016,0.01035759,0.39706772,0.11856357,0.04913944
-4.42121061,0.60315673,0.00168663,0.01233623,0.01005911,0.39330626,0.12057210,0.04904709
-4.41520760,0.60807775,0.00168616,0.01313007,0.00990372,0.39554352,0.12446718,0.04971322
-4.40920460,0.62207449,0.00171976,0.01410378,0.00988900,0.40370772,0.13024706,0.05112516
-4.40320160,0.64488374,0.00178790,0.01524677,0.01001014,0.41764205,0.13788304,0.05326004
-4.39719860,0.67611619,0.00189085,0.01654574,0.01026017,0.43710770,0.14731933,0.05608524
-4.39119560,0.71526312,0.00202867,0.01798481,0.01063006,0.46178842,0.15847342,0.05955889
-4.38519260,0.76170569,0.00220123,0.01954563,0.01110901,0.49129668,0.17123696,0.06363079
-4.37918959,0.81472688,0.00240819,0.02120768,0.01168469,0.52518148,0.18547729,0.06824336
-4.37318659,0.87352632,0.00264900,0.02294863,0.01234355,0.56293801,0.20103966,0.07333299
-4.36718359,0.93723792,0.00292290,0.02474479,0.01307117,0.60401907,0.21775021,0.07883152
-4.36118059,1.00495014,0.00322896,0.02657174,0.01385265,0.64784808,0.23541964,0.08466800
-4.35517759,1.07572865,0.00356606,0.02840489,0.01467307,0.69383365,0.25384759,0.09077063
-4.34917459,1.14864076,0.00393297,0.03022030,0.01551786,0.74138518,0.27282773,0.09706879
-4.34317159,1.22278093,0.00432831,0.03199533,0.01637331,0.78992924,0.29215321,0.10349516
-4.33716858,1.29729663,0.00475070,0.03370943,0.01722702,0.83892604,0.31162257,0.10998789
-4.33116558,1.37141338,0.00519873,0.03534486,0.01806828,0.88788543,0.33104572,0.11649254
-4.32516258,1.44445802,0.00567109,0.03688729,0.01888855,0.93638182,0.35024986,0.12296397
-4.31915958,1.51587911,0.00616662,0.03832634,0.01968172,0.98406712,0.36908496,0.12936782
-4.31315658,1.58526343,0.00668436,0.03965597,0.02044445,1.03068139,0.38742874,0.13568165
-4.30715358,1.65234760,0.00722368,0.04087470,0.02117632,1.07606021,0.40519066,0.14189572
-4.30115058,1.71702419,0.00778432,0.04198564,0.02187992,1.12013862,0.42231489,0.14801311
-4.29514757,1.77934176,0.00836643,0.04299631,0.02256089,1.16295116,0.43878194,0.15404944
-4.28914457,1.83949862,0.00897064,0.04391836,0.02322772,1.20462784,0.45460891,0.16003199
-4.28314157,1.89783037,0.00959805,0.04476695,0.02389154,1.24538620,0.46984818,0.16599832
-4.27713857,1.95479178,0.01025022,0.04556016,0.02456575,1.28551956,0.48458465,0.17199440
-4.27113557,2.01093340,0.01092913,0.04631815,0.02526562,1.32538202,0.49893151,0.17807241
-4.26513257,2.06687418,0.01163709,0.04706227,0.02600764,1.36537076,0.51302469,0.18428821
-4.25912956,2.12327102,0.01237664,0.04781414,0.02680903,1.40590636,0.52701625,0.19069859
-4.25312656,2.18078659,0.01315037,0.04859475,0.02768696,1.44741191,0.54106689,0.19735853
-4.24712356,2.24005690,0.01396075,0.04942356,0.02865793,1.49029197,0.55533791,0.20431844
-4.24112056,2.30165972,0.01480992,0.05031769,0.02973704,1.53491194,0.56998293,0.21162163
-4.23511756,2.36608535,0.01569945,0.05129128,0.03093731,1.58157898,0.58513975,0.21930195
-4.22911456,2.43371063,0.01663010,0.05235496,0.03226905,1.63052486,0.60092265,0.22738187
-4.22311156,2.50477721,0.01760158,0.05351541,0.03373931,1.68189166,0.61741537,0.23587090
-4.21710855,2.57937470,0.01861232,0.05477524,0.03535133,1.73572047,0.63466517,0.24476442
-4.21110555,2.65742906,0.01965924,0.05613287,0.03710425,1.79194351,0.65267814,0.25404300
-4.20510255,2.73869647,0.02073765,0.05758263,0.03899274,1.85037984,0.67141589,0.26367211
-4.19909955,2.82276252,0.02184104,0.05911501,0.04100693,1.91073447,0.69079381,0.27360226
-4.19309655,2.90904654,0.02296110,0.06071698,0.04313237,1.97260086,0.71068087,0.28376950
-4.18709355,2.99681050,0.02408770,0.06237234,0.04535012,2.03546652,0.73090108,0.29409618
-4.18109055,3.08517211,0.02520898,0.06406224,0.04763705,2.09872133,0.75123638,0.30449203
-4.17508754,3.17312149,0.02631150,0.06576559,0.04996617,2.16166830,0.77143103,0.31485546
-4.16908454,3.25954072,0.02738052,0.06745958,0.05230711,2.22353644,0.79119717,0.32507500
-4.16308154,3.34322586,0.02840026,0.06912013,0.05462678,2.28349523,0.81022153,0.33503092
-4.15707854,3.42291078,0.02935432,0.07072228,0.05688998,2.34067052,0.82817299,0.34459700
-4.15107554,3.49729248,0.03022607,0.07224067,0.05906022,2.39416161,0.84471080,0.35364242
-4.14507254,3.56505740,0.03099914,0.07364985,0.06110051,2.44305901,0.85949321,0.36203382
-4.13906953,3.62490844,0.03165791,0.07492468,0.06297425,2.48646297,0.87218630,0.36963741
-4.13306653,3.67559232,0.03218793,0.07604064,0.06464609,2.52350237,0.88247282,0.37632140
-4.12706353,3.71592705,0.03257647,0.07697418,0.06608281,2.55335375,0.89006072,0.38195839
-4.12106053,3.74482907,0.03281292,0.07770306,0.06725414,2.57526030,0.89469127,0.38642807
-4.11505753,3.76133970,0.03288911,0.07820669,0.06813362,2.58855053,0.89614653,0.38961987
-4.10905453,3.76465043,0.03279973,0.07846653,0.06869923,2.59265609,0.89425593,0.39143580
-4.10305153,3.75412650,0.03254242,0.07846643,0.06893405,2.58712861,0.88890194,0.39179320
-4.09704852,3.72932804,0.03211802,0.07819308,0.06882677,2.57165481,0.88002450,0.39062745
-4.09104552,3.69002822,0.03153053,0.07763635,0.06837203,2.54606956,0.86762423,0.38789440
-4.08504252,3.63622757,0.03078708,0.07678973,0.06757062,2.51036629,0.85176423,0.38357261
-4.07903952,3.56816377,0.02989774,0.07565060,0.06642957,2.46470419,0.83257045,0.37766508
-4.07303652,3.48631630,0.02887533,0.07422057,0.06496201,2.40941182,0.81023053,0.37020045
-4.06703352,3.39140527,0.02773502,0.07250564,0.06318689,2.34498663,0.78499115,0.36123362
-4.06103052,3.28438421,0.02649401,0.07051633,0.06112859,2.27209015,0.75715391,0.35084562
-4.05502751,3.16642648,0.02517105,0.06826763,0.05881628,2.19153869,0.72706977,0.33914272
-4.04902451,3.03890541,0.02378598,0.06577889,0.05628326,2.10428965,0.69513226,0.32625479
-4.04302151,2.90336848,0.02235925,0.06307347,0.05356614,2.01142347,0.66176946,0.31233284
-4.03701851,2.76150600,0.02091139,0.06017841,0.05070396,1.91412182,0.62743518,0.29754596
-4.03101551,2.61511531,0.01946262,0.05712379,0.04773724,1.81364247,0.59259924,0.28207755
-4.02501251,2.46606121,0.01803233,0.05394215,0.04470703,1.71129153,0.55773743,0.26612112
-4.01900950,2.31623417,0.01663871,0.05066771,0.04165397,1.60839404,0.52332116,0.24987570
-4.01300650,2.16750728,0.01529843,0.04733559,0.03861740,1.50626368,0.48980723,0.23354112
-4.00700350,2.02169358,0.01402631,0.04398098,0.03563448,1.40617264,0.45762789,0.21731327
-4.00100050,1.88050501,0.01283513,0.04063832,0.03273952,1.30932258,0.42718154,0.20137948
-3.99499750,1.74551429,0.01173543,0.03734052,0.02996328,1.21681766,0.39882418,0.18591428
-3.98899450,1.61812084,0.01073543,0.03411825,0.02733252,1.12964035,0.37286199,0.17107560
-3.98299150,1.49952193,0.00984099,0.03099930,0.02486958,1.04863085,0.34954505,0.15700158
-3.97698849,1.39068956,0.00905561,0.02800809,0.02259215,0.97447059,0.32906251,0.14380801
-3.97098549,1.29235391,0.00838050,0.02516528,0.02051319,0.90767027,0.31153914,0.13158658
-3.96498249,1.20499353,0.00781468,0.02248754,0.01864092,0.84856275,0.29703350,0.12040384
-3.95897949,1.12883245,0.00735512,0.01998743,0.01697896,0.79730070,0.28553765,0.11030094
-3.95297649,1.06384400,0.00699693,0.01767341,0.01552658,0.75385914,0.27697845,0.10129412
-3.94697349,1.00976115,0.00673352,0.01555004,0.01427902,0.71804250,0.27122040,0.09337581
-3.94097049,0.96609269,0.00655689,0.01361818,0.01322789,0.68949600,0.26806992,0.08651644
-3.93496748,0.93214487,0.00645778,0.01187534,0.01236164,0.66772079,0.26728105,0.08066661
-3.92896448,0.90704742,0.00642599,0.01031612,0.01166602,0.65209241,0.26856231,0.07575978
-3.92296148,0.88978337,0.00645062,0.00893262,0.01112464,0.64188188,0.27158469,0.07171522
-3.91695848,0.87922155,0.00652030,0.00771494,0.01071947,0.63627893,0.27599046,0.06844111
-3.91095548,0.87415096,0.00662349,0.00665165,0.01043141,0.63441643,0.28140270,0.06583775
-3.90495248,0.87331584,0.00674872,0.00573025,0.01024075,0.63539559,0.28743514,0.06380079
-3.89894947,0.87545069,0.00688484,0.00493763,0.01012769,0.63831103,0.29370227,0.06222431
-3.89294647,0.87931403,0.00702126,0.00426045,0.01007283,0.64227507,0.29982920,0.06100371
-3.88694347,0.88372019,0.00714819,0.00368548,0.01005755,0.64644062,0.30546115,0.06003837
-3.88094047,0.88756812,0.00725677,0.00319993,0.01006438,0.65002201,0.31027227,0.05923400
-3.87493747,0.88986663,0.00733931,0.00279164,0.01007737,0.65231320,0.31397340,0.05850461
-3.86893447,0.88975522,0.00738940,0.00244930,0.01008232,0.65270287,0.31631869,0.05777408
-3.86293147,0.88652025,0.00740198,0.00216256,0.01006700,0.65068611,0.31711078,0.05697740
-3.85692846,0.87960584,0.00737342,0.00192213,0.01002128,0.64587236,0.31620435,0.05606138
-3.85092546,0.86861956,0.00730154,0.00171979,0.00993726,0.63798951,0.31350804,0.05498502
-3.84492246,0.85333277,0.00718558,0.00154839,0.00980921,0.62688411,0.30898461,0.05371949
-3.83891946,0.83367593,0.00702614,0.00140184,0.00963360,0.61251798,0.30264944,0.05224773
-3.83291646,0.80972919,0.00682503,0.00127504,0.00940897,0.59496128,0.29456737,0.05056370
-3.82691346,0.78170874,0.00658521,0.00116378,0.00913578,0.57438262,0.28484816,0.04867141
-3.82091046,0.74994986,0.00631056,0.00106470,0.00881622,0.55103660,0.27364070,0.04658365
-3.81490745,0.71488710,0.00600575,0.00097513,0.00845398,0.52524945,0.26112624,0.04432064
-3.80890445,0.67703277,0.00567598,0.00089307,0.00805396,0.49740323,0.24751100,0.04190850
-3.80290145,0.63695451,0.00532685,0.00081699,0.00762206,0.46791951,0.23301841,0.03937772
-3.79689845,0.59525276,0.00496409,0.00074586,0.00716482,0.43724294,0.21788125,0.03676160
-3.79089545,0.55253911,0.00459344,0.00067893,0.00668922,0.40582547,0.20233415,0.03409484
-3.78489245,0.50941620,0.00422044,0.00061577,0.00620235,0.37411165,0.18660654,0.03141210
-3.77888944,0.46645975,0.00385026,0.00055613,0.00571119,0.34252562,0.17091640,0.02874688
-3.77288644,0.42420335,0.00348764,0.00049988,0.00522240,0.31145998,0.15546491,0.02613044
-3.76688344,0.38312616,0.00313674,0.00044700,0.00474214,0.28126691,0.14043220,0.02359103
-3.76088044,0.34364387,0.00280109,0.00039753,0.00427592,0.25225161,0.12597421,0.02115319
-3.75487744,0.30610280,0.00248357,0.00035148,0.00382848,0.22466805,0.11222070,0.01883745
-3.74887444,0.27077712,0.00218637,0.00030891,0.00340377,0.19871701,0.09927435,0.01666001
-3.74287144,0.23786886,0.00191103,0.00026981,0.00300487,0.17454618,0.08721091,0.01463280
-3.73686843,0.20751042,0.00165848,0.00023417,0.00263401,0.15225204,0.07608018,0.01276357
-3.73086543,0.17976920,0.00142905,0.00020193,0.00229262,0.13188331,0.06590778,0.01105614
-3.72486243,0.15465376,0.00122259,0.00017299,0.00198139,0.11344552,0.05669753,0.00951079
-3.71885943,0.13212124,0.00103850,0.00014721,0.00170029,0.09690649,0.04843416,0.00812471
-3.71285643,0.11208544,0.00087585,0.00012444,0.00144875,0.08220228,0.04108637,0.00689244
-3.70685343,0.09442518,0.00073342,0.00010449,0.00122569,0.06924335,0.03460989,0.00580642
-3.70085043,0.07899258,0.00060977,0.00008713,0.00102962,0.05792063,0.02895060,0.00485750
-3.69484742,0.06562096,0.00050335,0.00007217,0.00085879,0.04811134,0.02404740,0.00403535
-3.68884442,0.05413208,0.00041255,0.00005937,0.00071122,0.03968430,0.01983491,0.00332900
-3.68284142,0.04434258,0.00033572,0.00004850,0.00058484,0.03250463,0.01624584,0.00272713
-3.67683842,0.03606943,0.00027125,0.00003935,0.00047750,0.02643779,0.01321304,0.00221849
-3.67083542,0.02913455,0.00021760,0.00003171,0.00038709,0.02135289,0.01067113,0.00179211
-3.66483242,0.02336824,0.00017332,0.00002537,0.00031158,0.01712530,0.00855783,0.00143756
-3.65882941,0.01861191,0.00013707,0.00002016,0.00024901,0.01363855,0.00681492,0.00114509
-3.65282641,0.01471978,0.00010763,0.00001591,0.00019760,0.01078561,0.00538891,0.00090574
-3.64682341,0.01155995,0.00008391,0.00001247,0.00015568,0.00846967,0.00423138,0.00071141
-3.64082041,0.00901474,0.00006495,0.00000971,0.00012179,0.00660438,0.00329916,0.00055485
-3.63481741,0.00698058,0.00004992,0.00000750,0.00009460,0.00511375,0.00255424,0.00042972
-3.62881441,0.00536747,0.00003809,0.00000576,0.00007295,0.00393176,0.00196363,0.00033047
-3.62281141,0.00409815,0.00002886,0.00000440,0.00005586,0.00300176,0.00149897,0.00025237
-3.61680840,0.00310702,0.00002171,0.00000334,0.00004247,0.00227563,0.00113622,0.00019138
-3.61080540,0.00233907,0.00001622,0.00000252,0.00003206,0.00171304,0.00085520,0.00014411
-3.60480240,0.00174860,0.00001203,0.00000190,0.00002403,0.00128048,0.00063916,0.00010777
-3.59879940,0.00129807,0.00000885,0.00000144,0.00001788,0.00095045,0.00047434,0.00008005
-3.59279640,0.00095698,0.00000647,0.00000111,0.00001322,0.00070056,0.00034957,0.00005907
-3.58679340,0.00070076,0.00000470,0.00000089,0.00000970,0.00051281,0.00025583,0.00004333
-3.58079040,0.00050986,0.00000339,0.00000076,0.00000707,0.00037284,0.00018596,0.00003163
-3.57478739,0.00036885,0.00000242,0.00000073,0.00000512,0.00026935,0.00013429,0.00002304
-3.56878439,0.00026574,0.00000172,0.00000079,0.00000369,0.00019349,0.00009642,0.00001683
-3.56278139,0.00019126,0.00000121,0.00000097,0.00000265,0.00013842,0.00006891,0.00001246
-3.55677839,0.00013841,0.00000085,0.00000129,0.00000191,0.00009895,0.00004916,0.00000952
-3.55077539,0.00010199,0.00000059,0.00000180,0.00000139,0.00007116,0.00003522,0.00000774
-3.54477239,0.00007827,0.00000041,0.00000256,0.00000104,0.00005217,0.00002563,0.00000694
-3.53876938,0.00006473,0.00000028,0.00000368,0.00000083,0.00003993,0.00001934,0.00000706
-3.53276638,0.00005987,0.00000019,0.00000528,0.00000073,0.00003306,0.00001565,0.00000812
-3.52676338,0.00006311,0.00000013,0.00000756,0.00000073,0.00003074,0.00001412,0.00001023
-3.52076038,0.00007470,0.00000009,0.00001076,0.00000083,0.00003267,0.00001452,0.00001361
-3.51475738,0.00009577,0.00000006,0.00001523,0.00000105,0.00003898,0.00001687,0.00001862
-3.50875438,0.00012839,0.00000005,0.00002139,0.00000141,0.00005029,0.00002137,0.00002573
-3.50275138,0.00017569,0.00000004,0.00002985,0.00000195,0.00006770,0.00002844,0.00003561
-3.49674837,0.00024206,0.00000004,0.00004136,0.00000273,0.00009290,0.00003875,0.00004915
-3.49074537,0.00033346,0.00000005,0.00005691,0.00000383,0.00012827,0.00005323,0.00006749
-3.48474237,0.00045769,0.00000007,0.00007775,0.00000536,0.00017701,0.00007316,0.00009211
-3.47873937,0.00062486,0.00000010,0.00010547,0.00000745,0.00024336,0.00010023,0.00012487
-3.47273637,0.00084791,0.00000015,0.00014206,0.00001032,0.00033281,0.00013662,0.00016812
-3.46673337,0.00114318,0.00000022,0.00019000,0.00001419,0.00045241,0.00018512,0.00022478
-3.46073037,0.00153108,0.00000032,0.00025232,0.00001940,0.00061111,0.00024924,0.00029843
-3.45472736,0.00203691,0.00000048,0.00033272,0.00002634,0.00082014,0.00033338,0.00039341
-3.44872436,0.00269170,0.00000069,0.00043565,0.00003554,0.00109349,0.00044299,0.00051498
-3.44272136,0.00353316,0.00000100,0.00056642,0.00004762,0.00144839,0.00058472,0.00066938
-3.43671836,0.00460663,0.00000144,0.00073127,0.00006340,0.00190591,0.00076667,0.00086396
-3.43071536,0.00596613,0.00000206,0.00093747,0.00008386,0.00249152,0.00099855,0.00110727
-3.42471236,0.00767536,0.00000292,0.00119340,0.00011018,0.00323579,0.00129193,0.00140916
-3.41870935,0.00980865,0.00000410,0.00150858,0.00014383,0.00417494,0.00166042,0.00178080
-3.41270635,0.01245180,0.00000573,0.00189368,0.00018652,0.00535160,0.00211986,0.00223473
-3.40670335,0.01570278,0.00000795,0.00236052,0.00024031,0.00681529,0.00268852,0.00278480
-3.40070035,0.01967215,0.00001094,0.00292198,0.00030759,0.00862303,0.00338719,0.00344611
-3.39469735,0.02448316,0.00001495,0.00359187,0.00039116,0.01083970,0.00423925,0.00423483
-3.38869435,0.03027148,0.00002029,0.00438475,0.00049420,0.01353826,0.00527069,0.00516799
-3.38269135,0.03718441,0.00002733,0.00531565,0.00062035,0.01679980,0.00650995,0.00626315
-3.37668834,0.04537954,0.00003655,0.00639976,0.00077370,0.02071327,0.00798775,0.00753803
-3.37068534,0.05502282,0.00004854,0.00765199,0.00095874,0.02537492,0.00973671,0.00901001
-3.36468234,0.06628587,0.00006399,0.00908652,0.00118042,0.03088730,0.01179087,0.01069558
-3.35867934,0.07934271,0.00008375,0.01071627,0.00144409,0.03735796,0.01418502,0.01260971
-3.35267634,0.09436565,0.00010883,0.01255229,0.00175540,0.04489761,0.01695390,0.01476517
-3.34667334,0.11152064,0.00014041,0.01460315,0.00212030,0.05361783,0.02013119,0.01717183
-3.34067034,0.13096194,0.00017985,0.01687438,0.00254488,0.06362837,0.02374846,0.01983592
-3.33466733,0.15282633,0.00022872,0.01936778,0.00303526,0.07503395,0.02783382,0.02275934
-3.32866433,0.17722695,0.00028877,0.02208095,0.00359746,0.08793069,0.03241064,0.02593904
-3.32266133,0.20424701,0.00036197,0.02500681,0.00423721,0.10240222,0.03749607,0.02936647
-3.31665833,0.23393353,0.00045047,0.02813319,0.00495976,0.11851557,0.04309966,0.03302717
-3.31065533,0.26629139,0.00055658,0.03144267,0.00576968,0.13631692,0.04922193,0.03690051
-3.30465233,0.30127792,0.00068275,0.03491250,0.00667064,0.15582744,0.05585309,0.04095964
-3.29864932,0.33879832,0.00083150,0.03851476,0.00766515,0.17703930,0.06297193,0.04517167
-3.29264632,0.37870210,0.00100539,0.04221664,0.00875442,0.19991205,0.07054494,0.04949800
-3.28664332,0.42078087,0.00120691,0.04598099,0.00993806,0.22436957,0.07852576,0.05389496
-3.28064032,0.46476764,0.00143842,0.04976705,0.01121398,0.25029772,0.08685493,0.05831464
-3.27463732,0.51033767,0.00170203,0.05353132,0.01257815,0.27754294,0.09546013,0.06270587
-3.26863432,0.55711116,0.00199949,0.05722862,0.01402454,0.30591180,0.10425679,0.06701547
-3.26263132,0.60465766,0.00233207,0.06081318,0.01554502,0.33517174,0.11314922,0.07118953
-3.25662831,0.65250220,0.00270043,0.06423993,0.01712937,0.36505301,0.12203214,0.07517478
-3.25062531,0.70013309,0.00310452,0.06746567,0.01876526,0.39525188,0.13079267,0.07892004
-3.24462231,0.74701105,0.00354346,0.07045028,0.02043842,0.42543506,0.13931270,0.08237753
-3.23861931,0.79257963,0.00401541,0.07315782,0.02213277,0.45524532,0.14747160,0.08550418
-3.23261631,0.83627652,0.00451754,0.07555748,0.02383065,0.48430815,0.15514909,0.08826269
-3.22661331,0.87754535,0.00504598,0.07762437,0.02551311,0.51223931,0.16222833,0.09062251
-3.22061031,0.91584785,0.00559577,0.07934009,0.02716027,0.53865311,0.16859903,0.09256043
-3.21460730,0.95067575,0.00616091,0.08069305,0.02875169,0.56317121,0.17416042,0.09406108
-3.20860430,0.98156227,0.00673444,0.08167855,0.03026679,0.58543152,0.17882410,0.09511703
-3.20260130,1.00809279,0.00730853,0.08229863,0.03168530,0.60509720,0.18251657,0.09572869
-3.19659830,1.02991439,0.00787464,0.08256166,0.03298774,0.62186523,0.18518138,0.09590400
-3.19059530,1.04674408,0.00842374,0.08248177,0.03415580,0.63547447,0.18678088,0.09565779
-3.18459230,1.05837546,0.00894650,0.08207808,0.03517288,0.64571288,0.18729737,0.09501112
-3.17858929,1.06468377,0.00943359,0.08137386,0.03602438,0.65242372,0.18673383,0.09399040
-3.17258629,1.06562917,0.00987593,0.08039555,0.03669814,0.65551046,0.18511405,0.09262647
-3.16658329,1.06125833,0.01026500,0.07917189,0.03718472,0.65494050,0.18248231,0.09095366
-3.16058029,1.05170431,0.01059309,0.07773293,0.03747759,0.65074725,0.17890254,0.08900896
-3.15457729,1.03718491,0.01085360,0.07610928,0.03757337,0.64303095,0.17445713,0.08683114
-3.14857429,1.01799949,0.01104124,0.07433139,0.03747187,0.63195787,0.16924537,0.08446017
-3.14257129,0.99452468,0.01115222,0.07242901,0.03717610,0.61775822,0.16338165,0.08193664
-3.13656828,0.96720890,0.01118445,0.07043081,0.03669221,0.60072275,0.15699358,0.07930144
-3.13056528,0.93656606,0.01113757,0.06836426,0.03602936,0.58119819,0.15021991,0.07659564
-3.12456228,0.90316865,0.01101299,0.06625553,0.03519949,0.55958176,0.14320853,0.07386045
-3.11855928,0.86764032,0.01081388,0.06412972,0.03421704,0.53631491,0.13611452,0.07113741
-3.11255628,0.83064816,0.01054505,0.06201111,0.03309866,0.51187644,0.12909833,0.06846868
-3.10655328,0.79289481,0.01021281,0.05992354,0.03186282,0.48677528,0.12232397,0.06589738
-3.10055028,0.75511048,0.00982476,0.05789084,0.03052944,0.46154303,0.11595749,0.06346804
-3.09454727,0.71804494,0.00938958,0.05593731,0.02911947,0.43672638,0.11016539,0.06122693
-3.08854427,0.68245941,0.00891673,0.05408807,0.02765450,0.41287967,0.10511322,0.05922242
-3.08254127,0.64911835,0.00841617,0.05236942,0.02615634,0.39055746,0.10096411,0.05750515
-3.07653827,0.61878097,0.00789811,0.05080900,0.02464662,0.37030720,0.09787720,0.05612806
-3.07053527,0.59219248,0.00737268,0.04943583,0.02314648,0.35266210,0.09600597,0.05514617
-3.06453227,0.57007467,0.00684969,0.04828011,0.02167615,0.33813389,0.09549630,0.05461607
-3.05852926,0.55311588,0.00633839,0.04737284,0.02025470,0.32720566,0.09648420,0.05459525
-3.05252626,0.54196016,0.00584724,0.04674525,0.01889978,0.32032447,0.09909328,0.05514092
-3.04652326,0.53719545,0.00538377,0.04642790,0.01762732,0.31789372,0.10343173,0.05630870
-3.04052026,0.53934092,0.00495443,0.04644973,0.01645140,0.32026529,0.10958906,0.05815093
-3.03451726,0.54883331,0.00456449,0.04683688,0.01538404,0.32773129,0.11763240,0.06071473
-3.02851426,0.56601281,0.00421800,0.04761135,0.01443507,0.34051554,0.12760271,0.06403986
-3.02251126,0.59110837,0.00391778,0.04878972,0.01361205,0.35876492,0.13951084,0.06815643
-3.01650825,0.62422326,0.00366540,0.05038174,0.01292017,0.38254078,0.15333366,0.07308259
-3.01050525,0.66532131,0.00346128,0.05238910,0.01236221,0.41181066,0.16901057,0.07882224
-3.00450225,0.71421441,0.00330469,0.05480431,0.01193856,0.44644082,0.18644050,0.08536292
-2.99849925,0.77055236,0.00319392,0.05760979,0.01164718,0.48618992,0.20547969,0.09267400
-2.99249625,0.83381557,0.00312629,0.06077727,0.01148370,0.53070446,0.22594055,0.10070523
-2.98649325,0.90331162,0.00309835,0.06426756,0.01144149,0.57951646,0.24759176,0.10938588
-2.98049025,0.97817652,0.00310595,0.06803066,0.01151177,0.63204395,0.27015980,0.11862446
-2.97448724,1.05738108,0.00314439,0.07200641,0.01168382,0.68759461,0.29333211,0.12830918
-2.96848424,1.13974317,0.00320855,0.07612546,0.01194514,0.74537316,0.31676186,0.13830921
-2.96248124,1.22394591,0.00329303,0.08031081,0.01228177,0.80449250,0.34007445,0.14847667
-2.95647824,1.30856191,0.00339224,0.08447965,0.01267855,0.86398879,0.36287547,0.15864951
-2.95047524,1.39208312,0.00350063,0.08854565,0.01311951,0.92284035,0.38476004,0.16865506
-2.94447224,1.47295582,0.00361271,0.09242152,0.01358823,0.97998991,0.40532324,0.17831429
-2.93846923,1.54961959,0.00372323,0.09602176,0.01406826,1.03436981,0.42417127,0.18744660
-2.93246623,1.62054923,0.00382731,0.09926553,0.01454364,1.08492929,0.44093290,0.19587493
-2.92646323,1.68429797,0.00392050,0.10207953,0.01499925,1.13066297,0.45527072,0.20343117
-2.92046023,1.73954049,0.00399893,0.10440074,0.01542137,1.17063940,0.46689180,0.20996139
-2.91445723,1.78511390,0.00405935,0.10617898,0.01579810,1.20402869,0.47555727,0.21533098
-2.90845423,1.82005503,0.00409923,0.10737903,0.01611973,1.23012778,0.48109023,0.21942925
-2.90245123,1.84363231,0.00411679,0.10798247,0.01637919,1.24838260,0.48338192,0.22217338
-2.89644822,1.85537094,0.00411104,0.10798887,0.01657231,1.25840571,0.48239551,0.22351157
-2.89044522,1.85506999,0.00408183,0.10741652,0.01669808,1.25998898,0.47816760,0.22342521
-2.88444222,1.84281082,0.00402977,0.10630253,0.01675881,1.25311037,0.47080723,0.22192993
-2.87843922,1.81895621,0.00395629,0.10470232,0.01676019,1.23793468,0.46049243,0.21907557
-2.87243622,1.78414029,0.00386356,0.10268856,0.01671121,1.21480815,0.44746450,0.21494503
-2.86643322,1.73924961,0.00375444,0.10034953,0.01662408,1.18424700,0.43202026,0.20965200
-2.86043022,1.68539618,0.00363240,0.09778695,0.01651394,1.14692066,0.41450264,0.20333768
-2.85442721,1.62388356,0.00350146,0.09511350,0.01639854,1.10363023,0.39529002,0.19616677
-2.84842421,1.55616745,0.00336612,0.09244983,0.01629776,1.05528311,0.37478465,0.18832260
-2.84242121,1.48381232,0.00323120,0.08992144,0.01623312,1.00286510,0.35340088,0.18000193
-2.83641821,1.40844585,0.00310181,0.08765530,0.01622717,0.94741085,0.33155342,0.17140932
-2.83041521,1.33171278,0.00298321,0.08577649,0.01630280,0.88997410,0.30964610,0.16275148
-2.82441221,1.25522995,0.00288071,0.08440469,0.01648260,0.83159868,0.28806175,0.15423171
-2.81840920,1.18054397,0.00279959,0.08365091,0.01678808,0.77329140,0.26715308,0.14604464
-2.81240620,1.10909276,0.00274498,0.08361429,0.01723894,0.71599775,0.24723526,0.13837132
-2.80640320,1.04217212,0.00272174,0.08437914,0.01785237,0.66058099,0.22858001,0.13137500
-2.80040020,0.98090807,0.00273440,0.08601231,0.01864237,0.60780534,0.21141149,0.12519744
-2.79439720,0.92623540,0.00278704,0.08856092,0.01961908,0.55832334,0.19590383,0.11995609
-2.78839420,0.87888282,0.00288316,0.09205043,0.02078824,0.51266768,0.18218038,0.11574188
-2.78239120,0.83936455,0.00302562,0.09648330,0.02215077,0.47124722,0.17031450,0.11261791
-2.77638819,0.80797824,0.00321655,0.10183802,0.02370235,0.43434708,0.16033169,0.11061886
-2.77038519,0.78480874,0.00345719,0.10806886,0.02543329,0.40213231,0.15221290,0.10975110
-2.76438219,0.76973735,0.00374788,0.11510606,0.02732843,0.37465466,0.14589886,0.10999352
-2.75837919,0.76245575,0.00408795,0.12285676,0.02936725,0.35186201,0.14129512,0.11129903
-2.75237619,0.76248411,0.00447565,0.13120651,0.03152413,0.33360969,0.13827766,0.11359658
-2.74637319,0.76919255,0.00490811,0.14002147,0.03376883,0.31967331,0.13669885,0.11679366
-2.74037019,0.78182534,0.00538137,0.14915115,0.03606708,0.30976246,0.13639351,0.12077935
-2.73436718,0.79952711,0.00589032,0.15843181,0.03838134,0.30353480,0.13718505,0.12542761
-2.72836418,0.82137038,0.00642880,0.16769037,0.04067175,0.30061019,0.13889133,0.13060091
-2.72236118,0.84638371,0.00698968,0.17674873,0.04289712,0.30058436,0.14133033,0.13615411
-2.71635818,0.87357999,0.00756498,0.18542843,0.04501609,0.30304197,0.14432529,0.14193837
-2.71035518,0.90198399,0.00814600,0.19355552,0.04698829,0.30756871,0.14770946,0.14780522
-2.70435218,0.93065891,0.00872357,0.20096546,0.04877551,0.31376236,0.15133020,0.15361048
-2.69834917,0.95873102,0.00928828,0.20750795,0.05034291,0.32124256,0.15505245,0.15921812
-2.69234617,0.98541208,0.00983069,0.21305143,0.05166008,0.32965938,0.15876155,0.16450386
-2.68634317,1.01001902,0.01034164,0.21748719,0.05270200,0.33870043,0.16236529,0.16935843
-2.68034017,1.03199028,0.01081254,0.22073289,0.05344992,0.34809655,0.16579535,0.17369047
-2.67433717,1.05089863,0.01123562,0.22273537,0.05389195,0.35762616,0.16900797,0.17742889
-2.66833417,1.06645997,0.01160420,0.22347254,0.05402349,0.36711805,0.17198399,0.18052471
-2.66233117,1.07853810,0.01191290,0.22295449,0.05384745,0.37645286,0.17472826,0.18295218
-2.65632816,1.08714513,0.01215787,0.22122354,0.05337413,0.38556303,0.17726848,0.18470937
-2.65032516,1.09243775,0.01233689,0.21835330,0.05262098,0.39443150,0.17965364,0.18581797
-2.64432216,1.09470937,0.01244944,0.21444691,0.05161200,0.40308901,0.18195199,0.18632241
-2.63831916,1.09437845,0.01249678,0.20963425,0.05037703,0.41161020,0.18424875,0.18628833
-2.63231616,1.09197331,0.01248183,0.20406844,0.04895077,0.42010866,0.18664359,0.18580039
-2.62631316,1.08811407,0.01240913,0.19792168,0.04737173,0.42873089,0.18924808,0.18495953
-2.62031016,1.08349214,0.01228465,0.19138058,0.04568096,0.43764957,0.19218303,0.18387977
-2.61430715,1.07884797,0.01211557,0.18464108,0.04392085,0.44705608,0.19557588,0.18268454
-2.60830415,1.07494776,0.01191007,0.17790327,0.04213381,0.45715272,0.19955824,0.18150281
-2.60230115,1.07255991,0.01167705,0.17136613,0.04036100,0.46814467,0.20426354,0.18046507
-2.59629815,1.07243174,0.01142581,0.16522242,0.03864121,0.48023199,0.20982472,0.17969925
-2.59029515,1.07526739,0.01116582,0.15965394,0.03700975,0.49360194,0.21637222,0.17932673
-2.58429215,1.08170724,0.01090639,0.15482710,0.03549760,0.50842174,0.22403188,0.17945865
-2.57828914,1.09230968,0.01065649,0.15088906,0.03413061,0.52483206,0.23292300,0.18019244
-2.57228614,1.10753539,0.01042444,0.14796454,0.03292904,0.54294132,0.24315628,0.18160886
-2.56628314,1.12773462,0.01021778,0.14615317,0.03190720,0.56282101,0.25483174,0.18376955
-2.56028014,1.15313755,0.01004310,0.14552767,0.03107336,0.58450209,0.26803644,0.18671508
-2.55427714,1.18384790,0.00990593,0.14613260,0.03042981,0.60797244,0.28284194,0.19046371
-2.54827414,1.21983975,0.00981067,0.14798393,0.02997318,0.63317551,0.29930159,0.19501073
-2.54227114,1.26095735,0.00976056,0.15106915,0.02969486,0.66000997,0.31744751,0.20032846
-2.53626813,1.30691789,0.00975762,0.15534810,0.02958160,0.68833038,0.33728732,0.20636686
-2.53026513,1.35731677,0.00980274,0.16075428,0.02961618,0.71794871,0.35880080,0.21305474
-2.52426213,1.41163534,0.00989564,0.16719670,0.02977821,0.74863672,0.38193648,0.22030154
-2.51825913,1.46925053,0.01003497,0.17456220,0.03004491,0.78012888,0.40660834,0.22799950
-2.51225613,1.52944635,0.01021829,0.18271813,0.03039196,0.81212603,0.43269296,0.23602639
-2.50625313,1.59142686,0.01044221,0.19151533,0.03079429,0.84429936,0.46002714,0.24424840
-2.50025013,1.65433050,0.01070240,0.20079144,0.03122681,0.87629497,0.48840648,0.25252350
-2.49424712,1.71724550,0.01099363,0.21037441,0.03166512,0.90773880,0.51758505,0.26070479
-2.48824412,1.77922647,0.01130990,0.22008616,0.03208611,0.93824203,0.54727645,0.26864412
-2.48224112,1.83931182,0.01164448,0.22974641,0.03246842,0.96740699,0.57715639,0.27619570
-2.47623812,1.89654211,0.01199000,0.23917659,0.03279287,0.99483355,0.60686720,0.28321967
-2.47023512,1.94997929,0.01233859,0.24820377,0.03304274,1.02012616,0.63602397,0.28958562
-2.46423212,1.99872639,0.01268193,0.25666458,0.03320397,1.04290143,0.66422272,0.29517600
-2.45822911,2.04194782,0.01301148,0.26440904,0.03326527,1.06279626,0.69105016,0.29988920
-2.45222611,2.07888973,0.01331859,0.27130423,0.03321813,1.07947656,0.71609502,0.30364249
-2.44622311,2.10890002,0.01359471,0.27723777,0.03305681,1.09264617,0.73896046,0.30637452
-2.44022011,2.13144758,0.01383157,0.28212085,0.03277821,1.10205596,0.75927720,0.30804749
-2.43421711,2.14613998,0.01402143,0.28589092,0.03238179,1.10751265,0.77671682,0.30864873
-2.42821411,2.15273891,0.01415726,0.28851377,0.03186934,1.10888712,0.79100459,0.30819178
-2.42221111,2.15117252,0.01423295,0.28998498,0.03124487,1.10612158,0.80193115,0.30671682
-2.41620810,2.14154391,0.01424354,0.29033055,0.03051435,1.09923530,0.80936251,0.30429041
-2.41020510,2.12413480,0.01418537,0.28960672,0.02968553,1.08832843,0.81324765,0.30100439
-2.40420210,2.09940397,0.01405619,0.28789881,0.02876770,1.07358333,0.81362324,0.29697405
-2.39819910,2.06797971,0.01385531,0.28531911,0.02777151,1.05526333,0.81061507,0.29233544
-2.39219610,2.03064608,0.01358359,0.28200378,0.02670866,1.03370836,0.80443595,0.28724185
-2.38619310,1.98832301,0.01324346,0.27810877,0.02559172,1.00932771,0.79537986,0.28185957
-2.38019010,1.94204048,0.01283885,0.27380490,0.02443382,0.98258964,0.78381264,0.27636287
-2.37418709,1.89290745,0.01237507,0.26927221,0.02324842,0.95400833,0.77015931,0.27092855
-2.36818409,1.84207645,0.01185865,0.26469362,0.02204901,0.92412842,0.75488868,0.26572994
-2.36218109,1.79070517,0.01129714,0.26024841,0.02084883,0.89350777,0.73849569,0.26093084
-2.35617809,1.73991644,0.01069882,0.25610544,0.01966059,0.86269910,0.72148236,0.25667935
-2.35017509,1.69075838,0.01007252,0.25241657,0.01849620,0.83223138,0.70433824,0.25310212
-2.34417209,1.64416645,0.00942730,0.24931056,0.01736652,0.80259167,0.68752116,0.25029900
-2.33816908,1.60092914,0.00877215,0.24688765,0.01628110,0.77420848,0.67143930,0.24833856
-2.33216608,1.56165910,0.00811582,0.24521511,0.01524803,0.74743723,0.65643537,0.24725458
-2.32616308,1.52677094,0.00746651,0.24432408,0.01427373,0.72254878,0.64277373,0.24704386
-2.32016008,1.49646713,0.00683171,0.24420774,0.01336291,0.69972137,0.63063102,0.24766526
-2.31415708,1.47073261,0.00621803,0.24482103,0.01251846,0.67903657,0.62009074,0.24904038
-2.30815408,1.44933857,0.00563108,0.24608191,0.01174154,0.66047933,0.61114209,0.25105566
-2.30215108,1.43185530,0.00507540,0.24787431,0.01103159,0.64394222,0.60368304,0.25356599
-2.29614807,1.41767361,0.00455443,0.25005236,0.01038648,0.62923350,0.59752745,0.25639968
-2.29014507,1.40603377,0.00407055,0.25244609,0.00980272,0.61608880,0.59241591,0.25936463
-2.28414207,1.39606073,0.00362508,0.25486813,0.00927563,0.60418557,0.58802964,0.26225540
-2.27813907,1.38680386,0.00321840,0.25712119,0.00879966,0.59315979,0.58400679,0.26486100
-2.27213607,1.37727945,0.00285006,0.25900603,0.00836862,0.58262395,0.57996036,0.26697286
-2.26613307,1.36651382,0.00251889,0.26032952,0.00797602,0.57218546,0.57549671,0.26839294
-2.26013007,1.35358526,0.00222312,0.26091247,0.00761530,0.56146462,0.57023394,0.26894126
-2.25412706,1.33766269,0.00196054,0.26059688,0.00728016,0.55011133,0.56381921,0.26846282
-2.24812406,1.31803957,0.00172865,0.25925228,0.00696478,0.53781980,0.55594411,0.26683352
-2.24212106,1.29416156,0.00152473,0.25678095,0.00666403,0.52434056,0.54635772,0.26396470
-2.23611806,1.26564693,0.00134600,0.25312175,0.00637370,0.50948954,0.53487653,0.25980638
-2.23011506,1.23229915,0.00118972,0.24825258,0.00609056,0.49315378,0.52139115,0.25434892
-2.22411206,1.19411143,0.00105324,0.24219119,0.00581252,0.47529374,0.50586953,0.24762306
-2.21810905,1.15126343,0.00093407,0.23499462,0.00553867,0.45594241,0.48835674,0.23969859
-2.21210605,1.10411082,0.00082997,0.22675715,0.00526924,0.43520132,0.46897165,0.23068156
-2.20610305,1.05316846,0.00073891,0.21760710,0.00500564,0.41323401,0.44790067,0.22071031
-2.20010005,0.99908856,0.00065917,0.20770258,0.00475036,0.39025736,0.42538919,0.20995063
-2.19409705,0.94263505,0.00058926,0.19722640,0.00450689,0.36653149,0.40173119,0.19859015
-2.18809405,0.88465566,0.00052799,0.18638057,0.00427964,0.34234859,0.37725769,0.18683243
-2.18209105,0.82605304,0.00047440,0.17538042,0.00407381,0.31802164,0.35232460,0.17489082
-2.17608804,0.76775639,0.00042778,0.16444884,0.00389525,0.29387325,0.32730065,0.16298259
-2.17008504,0.71069463,0.00038764,0.15381062,0.00375036,0.27022527,0.30255585,0.15132333
-2.16408204,0.65577220,0.00035370,0.14368725,0.00364591,0.24738965,0.27845097,0.14012193
-2.15807904,0.60384809,0.00032586,0.13429221,0.00358896,0.22566064,0.25532843,0.12957631
-2.15207604,0.55571867,0.00030417,0.12582691,0.00358666,0.20530864,0.23350484,0.11986981
-2.14607304,0.51210440,0.00028886,0.11847728,0.00364616,0.18657586,0.21326523,0.11116846
-2.14007004,0.47364043,0.00028027,0.11241100,0.00377441,0.16967354,0.19485919,0.10361902
-2.13406703,0.44087093,0.00027890,0.10777542,0.00397801,0.15478080,0.17849863,0.09734771
-2.12806403,0.41424647,0.00028534,0.10469592,0.00426305,0.14204486,0.16435723,0.09245959
-2.12206103,0.39412428,0.00030033,0.10327490,0.00463492,0.13158237,0.15257120,0.08903850
-2.11605803,0.38077046,0.00032469,0.10359107,0.00509810,0.12348160,0.14324117,0.08714738
-2.11005503,0.37436390,0.00035935,0.10569906,0.00565599,0.11780524,0.13643499,0.08682890
-2.10405203,0.37500096,0.00040534,0.10962937,0.00631064,0.11459341,0.13219099,0.08810628
-2.09804902,0.38270078,0.00046377,0.11538842,0.00706261,0.11386677,0.13052171,0.09098419
-2.09204602,0.39741061,0.00053579,0.12295887,0.00791072,0.11562939,0.13141749,0.09544976
-2.08604302,0.41901088,0.00062263,0.13230001,0.00885188,0.11987130,0.13485007,0.10147348
-2.08004002,0.44731992,0.00072551,0.14334843,0.00988096,0.12657043,0.14077575,0.10901013
-2.07403702,0.48209812,0.00084562,0.15601886,0.01099066,0.13569402,0.14913813,0.11799965
-2.06803402,0.52305162,0.00098411,0.17020517,0.01217146,0.14719935,0.15987022,0.12836796
-2.06203102,0.56983554,0.00114201,0.18578179,0.01341166,0.16103376,0.17289593,0.14002778
-2.05602801,0.62205680,0.00132019,0.20260530,0.01469742,0.17713416,0.18813092,0.15287949
-2.05002501,0.67927684,0.00151931,0.22051636,0.01601295,0.19542587,0.20548263,0.16681197
-2.04402201,0.74101416,0.00173974,0.23934194,0.01734077,0.21582108,0.22484986,0.18170354
-2.03801901,0.80674687,0.00198153,0.25889783,0.01866202,0.23821694,0.24612153,0.19742298
-2.03201601,0.87591553,0.00224433,0.27899129,0.01995684,0.26249346,0.26917510,0.21383056
-2.02601301,0.94792608,0.00252733,0.29942395,0.02120491,0.28851142,0.29387449,0.23077925
-2.02001001,1.02215319,0.00282927,0.31999470,0.02238588,0.31611033,0.32006776,0.24811592
-2.01400700,1.09794397,0.00314833,0.34050254,0.02347997,0.34510682,0.34758465,0.26568265
-2.00800400,1.17462215,0.00348218,0.36074938,0.02446855,0.37529341,0.37623428,0.28331805
-2.00200100,1.25149282,0.00382795,0.38054258,0.02533462,0.40643806,0.40580310,0.30085870
-1.99599800,1.32784782,0.00418226,0.39969728,0.02606340,0.43828454,0.43605336,0.31814056
-1.98999500,1.40297187,0.00454126,0.41803839,0.02664273,0.47055379,0.46672238,0.33500049
-1.98399200,1.47614954,0.00490070,0.43540233,0.02706349,0.50294643,0.49752278,0.35127785
-1.97798899,1.54667322,0.00525601,0.45163845,0.02731990,0.53514657,0.52814390,0.36681611
-1.97198599,1.61385213,0.00560244,0.46661014,0.02740966,0.56682673,0.55825462,0.38146474
-1.96598299,1.67702245,0.00593515,0.48019581,0.02733408,0.59765417,0.58750756,0.39508103
-1.95997999,1.73555844,0.00624938,0.49228972,0.02709802,0.62729826,0.61554484,0.40753223
-1.95397699,1.78888461,0.00654061,0.50280266,0.02670973,0.65543884,0.64200531,0.41869771
-1.94797399,1.83648854,0.00680466,0.51166269,0.02618063,0.68177534,0.66653302,0.42847132
-1.94197099,1.87793411,0.00703793,0.51881588,0.02552495,0.70603628,0.68878688,0.43676376
-1.93596798,1.91287467,0.00723746,0.52422703,0.02475934,0.72798879,0.70845092,0.44350499
-1.92996498,1.94106553,0.00740112,0.52788049,0.02390240,0.74744768,0.72524511,0.44864652
-1.92396198,1.96237523,0.00752765,0.52978085,0.02297416,0.76428370,0.73893586,0.45216348
-1.91795898,1.97679476,0.00761680,0.52995366,0.02199559,0.77843041,0.74934605,0.45405642
-1.91195598,1.98444419,0.00766927,0.52844586,0.02098811,0.78988919,0.75636388,0.45435255
-1.90595298,1.98557602,0.00768680,0.52532595,0.01997304,0.79873224,0.75995008,0.45310648
-1.89994997,1.98057463,0.00767207,0.52068380,0.01897121,0.80510297,0.76014317,0.45040020
-1.89394697,1.96995171,0.00762861,0.51462998,0.01800250,0.80921382,0.75706220,0.44634238
-1.88794397,1.95433723,0.00756071,0.50729451,0.01708554,0.81134137,0.75090700,0.44106672
-1.88194097,1.93446626,0.00747323,0.49882511,0.01623733,0.81181877,0.74195557,0.43472965
-1.87593797,1.91116181,0.00737143,0.48938484,0.01547308,0.81102590,0.73055887,0.42750716
-1.86993497,1.88531427,0.00726078,0.47914925,0.01480599,0.80937736,0.71713297,0.41959102
-1.86393197,1.85785828,0.00714670,0.46830311,0.01424713,0.80730910,0.70214896,0.41118446
-1.85792896,1.82974791,0.00703441,0.45703685,0.01380536,0.80526393,0.68612105,0.40249750
-1.85192596,1.80193117,0.00692865,0.44554288,0.01348732,0.80367685,0.66959321,0.39374211
-1.84592296,1.77532505,0.00683356,0.43401185,0.01329741,0.80296069,0.65312500,0.38512737
-1.83991996,1.75079202,0.00675246,0.42262919,0.01323786,0.80349275,0.63727709,0.37685488
-1.83391696,1.72911914,0.00668779,0.41157188,0.01330883,0.80560306,0.62259702,0.36911454
-1.82791396,1.71100037,0.00664095,0.40100572,0.01350844,0.80956476,0.60960577,0.36208088
-1.82191096,1.69702293,0.00661233,0.39108306,0.01383294,0.81558702,0.59878546,0.35591001
-1.81590795,1.68765787,0.00660128,0.38194119,0.01427685,0.82381057,0.59056859,0.35073725
-1.80990495,1.68325518,0.00660617,0.37370113,0.01483308,0.83430627,0.58532920,0.34667551
-1.80390195,1.68404304,0.00662451,0.36646711,0.01549307,0.84707632,0.58337585,0.34381432
-1.79789895,1.69013116,0.00665305,0.36032635,0.01624701,0.86205810,0.58494674,0.34221948
-1.79189595,1.70151744,0.00668798,0.35534924,0.01708393,0.87913036,0.59020686,0.34193329
-1.78589295,1.71809740,0.00672511,0.35158977,0.01799193,0.89812114,0.59924696,0.34297516
-1.77988994,1.73967558,0.00676006,0.34908596,0.01895829,0.91881712,0.61208442,0.34534258
-1.77388694,1.76597815,0.00678848,0.34786045,0.01996964,0.94097378,0.62866563,0.34901232
-1.76788394,1.79666608,0.00680627,0.34792090,0.02101216,0.96432588,0.64886984,0.35394177
-1.76188094,1.83134806,0.00680969,0.34926036,0.02207167,0.98859761,0.67251404,0.36007033
-1.75587794,1.86959278,0.00679559,0.35185745,0.02313383,1.01351221,0.69935898,0.36732087
-1.74987494,1.91094003,0.00676153,0.35567645,0.02418426,1.03880035,0.72911579,0.37560116
-1.74387194,1.95491052,0.00670579,0.36066734,0.02520872,1.06420721,0.76145323,0.38480542
-1.73786893,2.00101406,0.00662753,0.36676580,0.02619322,1.08949798,0.79600535,0.39481573
-1.73186593,2.04875637,0.00652669,0.37389337,0.02712420,1.11446153,0.83237935,0.40550372
-1.72586293,2.09764433,0.00640404,0.38195773,0.02798870,1.13891239,0.87016357,0.41673215
-1.71985993,2.14719009,0.00626106,0.39085331,0.02877449,1.16269107,0.90893545,0.42835676
-1.71385693,2.19691408,0.00609988,0.40046226,0.02947025,1.18566275,0.94826932,0.44022824
-1.70785393,2.24634732,0.00592314,0.41065586,0.03006576,1.20771461,0.98774400,0.45219427
-1.70185093,2.29503319,0.00573387,0.42129636,0.03055206,1.22875215,1.02695000,0.46410178
-1.69584792,2.34252898,0.00553534,0.43223938,0.03092161,1.24869457,1.06549637,0.47579933
-1.68984492,2.38840747,0.00533095,0.44333678,0.03116844,1.26746973,1.10301708,0.48713955
-1.68384192,2.43225875,0.00512410,0.45443993,0.03128831,1.28500897,1.13917689,0.49798160
-1.67783892,2.47369255,0.00491805,0.46540345,0.03127884,1.30124211,1.17367674,0.50819372
-1.67183592,2.51234117,0.00471589,0.47608923,0.03113958,1.31609297,1.20625864,0.51765562
-1.66583292,2.54786325,0.00452046,0.48637064,0.03087208,1.32947580,1.23671010,0.52626087
-1.65982991,2.57994850,0.00433431,0.49613690,0.03047989,1.34129277,1.26486805,0.53391910
-1.65382691,2.60832337,0.00415970,0.50529737,0.02996857,1.35143297,1.29062239,0.54055805
-1.64782391,2.63275771,0.00399865,0.51378574,0.02934556,1.35977287,1.31391908,0.54612545
-1.64182091,2.65307240,0.00385295,0.52156379,0.02862014,1.36617851,1.33476277,0.55059065
-1.63581791,2.66914766,0.00372424,0.52862482,0.02780320,1.37050935,1.35321885,0.55394598
-1.62981491,2.68093180,0.00361409,0.53499631,0.02690705,1.37262380,1.36941487,0.55620783
-1.62381191,2.68845003,0.00352406,0.54074179,0.02594521,1.37238609,1.38354110,0.55741739
-1.61780890,2.69181273,0.00345579,0.54596174,0.02493216,1.36967437,1.39584992,0.55764097
-1.61180590,2.69122269,0.00341104,0.55079328,0.02388300,1.36438954,1.40665396,0.55696986
-1.60580290,2.68698046,0.00339180,0.55540859,0.02281324,1.35646445,1.41632248,0.55551962
-1.59979990,2.67948724,0.00340024,0.56001187,0.02173848,1.34587281,1.42527579,0.55342873
-1.59379690,2.66924440,0.00343878,0.56483479,0.02067413,1.33263737,1.43397742,0.55085651
-1.58779390,2.65684921,0.00351005,0.57013043,0.01963521,1.31683679,1.44292395,0.54798029
-1.58179090,2.64298604,0.00361687,0.57616573,0.01863609,1.29861055,1.45263223,0.54499166
-1.57578789,2.62841287,0.00376215,0.58321256,0.01769029,1.27816157,1.46362420,0.54209201
-1.56978489,2.61394296,0.00394881,0.59153768,0.01681040,1.25575605,1.47640947,0.53948719
-1.56378189,2.60042186,0.00417969,0.60139183,0.01600787,1.23172033,1.49146610,0.53738144
-1.55777889,2.58870040,0.00445739,0.61299838,0.01529301,1.20643473,1.50922006,0.53597089
-1.55177589,2.57960443,0.00478418,0.62654194,0.01467493,1.18032428,1.53002436,0.53543657
-1.54577289,2.57390248,0.00516183,0.64215753,0.01416153,1.15384677,1.55413855,0.53593752
-1.53976988,2.57227275,0.00559149,0.65992081,0.01375956,1.12747847,1.58170971,0.53760397
-1.53376688,2.57527110,0.00607360,0.67983984,0.01347467,1.10169808,1.61275603,0.54053124
-1.52776388,2.58330165,0.00660774,0.70184915,0.01331145,1.07696963,1.64715401,0.54477442
-1.52176088,2.59659169,0.00719259,0.72580623,0.01327359,1.05372512,1.68463029,0.55034446
-1.51575788,2.61517263,0.00782585,0.75149112,0.01336395,1.03234778,1.72475892,0.55720568
-1.50975488,2.63886821,0.00850425,0.77860916,0.01358464,1.01315677,1.76696468,0.56527515
-1.50375188,2.66729109,0.00922356,0.80679702,0.01393715,0.99639413,1.81053289,0.57442396
-1.49774887,2.69984851,0.00997862,0.83563201,0.01442241,0.98221461,1.85462548,0.58448057
-1.49174587,2.73575708,0.01076342,0.86464426,0.01504085,0.97067914,1.89830332,0.59523603
-1.48574287,2.77406652,0.01157122,0.89333147,0.01579239,0.96175208,1.94055381,0.60645109
-1.47973987,2.81369134,0.01239465,0.92117565,0.01667649,0.95530264,1.98032305,0.61786477
-1.47373687,2.85344938,0.01322589,0.94766100,0.01769204,0.95111037,2.01655106,0.62920414
-1.46773387,2.89210519,0.01405678,0.97229224,0.01883731,0.94887444,2.04820870,0.64019477
-1.46173087,2.92841656,0.01487903,0.99461256,0.02010979,0.94822637,2.07433467,0.65057143
-1.45572786,2.96118167,0.01568432,1.01422023,0.02150607,0.94874552,2.09407087,0.66008848
-1.44972486,2.98928471,0.01646448,1.03078311,0.02302158,0.94997656,2.10669453,0.66852935
-1.44372186,3.01173777,0.01721159,1.04405039,0.02465045,0.95144816,2.11164561,0.67571478
-1.43771886,3.02771682,0.01791815,1.05386092,0.02638523,0.95269184,2.10854825,0.68150924
-1.43171586,3.03659018,0.01857707,1.06014781,0.02821671,0.95326021,2.09722527,0.68582534
-1.42571286,3.03793818,0.01918186,1.06293903,0.03013374,0.95274362,2.07770514,0.68862590
-1.41970985,3.03156326,0.01972657,1.06235406,0.03212306,0.95078459,2.05022114,0.68992368
-1.41370685,3.01749010,0.02020588,1.05859686,0.03416925,0.94708925,2.01520293,0.68977888
-1.40770385,2.99595632,0.02061513,1.05194550,0.03625469,0.94143554,1.97326100,0.68829436
-1.40170085,2.96739433,0.02095027,1.04273904,0.03835966,0.93367781,1.92516488,0.68560919
-1.39569785,2.93240579,0.02120796,1.03136245,0.04046253,0.92374779,1.87181620,0.68189071
-1.38969485,2.89173014,0.02138547,1.01823030,0.04254006,0.91165212,1.81421803,0.67732560
-1.38369185,2.84620915,0.02148080,1.00377008,0.04456773,0.89746687,1.75344182,0.67211059
-1.37768884,2.79674958,0.02149262,0.98840595,0.04652029,0.88132931,1.69059353,0.66644318
-1.37168584,2.74428580,0.02142036,0.97254375,0.04837233,0.86342786,1.62678040,0.66051299
-1.36568284,2.68974439,0.02126418,0.95655787,0.05009887,0.84399064,1.56307957,0.65449405
-1.35967984,2.63401237,0.02102511,0.94078050,0.05167609,0.82327345,1.50050984,0.64853858
-1.35367684,2.57791038,0.02070498,0.92549367,0.05308201,0.80154790,1.44000734,0.64277231
-1.34767384,2.52217176,0.02030655,0.91092424,0.05429717,0.77909025,1.38240582,0.63729172
-1.34167084,2.46742820,0.01983349,0.89724182,0.05530528,0.75617161,1.32842182,0.63216301
-1.33566783,2.41420196,0.01929040,0.88455953,0.05609379,0.73304978,1.27864486,0.62742298
-1.32966483,2.36290442,0.01868279,0.87293718,0.05665435,0.70996316,1.23353242,0.62308136
-1.32366183,2.31384042,0.01801706,0.86238661,0.05698314,0.68712676,1.19340933,0.61912459
-1.31765883,2.26721737,0.01730040,0.85287854,0.05708113,0.66473042,1.15847091,0.61552058
-1.31165583,2.22315813,0.01654069,0.84435038,0.05695409,0.64293899,1.12878937,0.61222408
-1.30565283,2.18171634,0.01574640,0.83671461,0.05661252,0.62189425,1.10432248,0.60918238
-1.29964982,2.14289306,0.01492636,0.82986697,0.05607143,0.60171839,1.08492398,0.60634089
-1.29364682,2.10665355,0.01408964,0.82369419,0.05534996,0.58251840,1.07035503,0.60364830
-1.28764382,2.07294311,0.01324531,0.81808078,0.05447088,0.56439121,1.06029607,0.60106108
-1.28164082,2.04170126,0.01240225,0.81291473,0.05346008,0.54742898,1.05435870,0.59854703
-1.27563782,2.01287354,0.01156890,0.80809182,0.05234584,0.53172424,1.05209731,0.59608796
-1.26963482,1.98642075,0.01075315,0.80351874,0.05115823,0.51737448,1.05302032,0.59368114
-1.26363182,1.96232536,0.00996209,0.79911483,0.04992836,0.50448591,1.05660102,0.59133989
-1.25762881,1.94059534,0.00920190,0.79481296,0.04868776,0.49317613,1.06228802,0.58909317
-1.25162581,1.92126549,0.00847773,0.79055936,0.04746765,0.48357559,1.06951570,0.58698434
-1.24562281,1.90439683,0.00779362,0.78631311,0.04629844,0.47582763,1.07771455,0.58506943
-1.23961981,1.89007428,0.00715249,0.78204520,0.04520915,0.47008717,1.08632183,0.58341484
-1.23361681,1.87840324,0.00655615,0.77773767,0.04422694,0.46651800,1.09479256,0.58209485
-1.22761381,1.86950530,0.00600532,0.77338284,0.04337674,0.46528876,1.10261078,0.58118903
-1.22161081,1.86351340,0.00549972,0.76898296,0.04268091,0.46656761,1.10930115,0.58077964
-1.21560780,1.86056671,0.00503822,0.76455018,0.04215899,0.47051596,1.11444060,0.58094915
-1.20960480,1.86080524,0.00461892,0.76010693,0.04182741,0.47728116,1.11766958,0.58177793
-1.20360180,1.86436424,0.00423934,0.75568660,0.04169935,0.48698860,1.11870271,0.58334207
-1.19759880,1.87136833,0.00389654,0.75133440,0.04178452,0.49973331,1.11733809,0.58571140
-1.19159580,1.88192523,0.00358729,0.74710819,0.04208900,0.51557145,1.11346481,0.58894757
-1.18559280,1.89611916,0.00330825,0.74307901,0.04261511,0.53451202,1.10706823,0.59310229
-1.17958979,1.91400381,0.00305602,0.73933134,0.04336122,0.55650898,1.09823234,0.59821556
-1.17358679,1.93559498,0.00282736,0.73596265,0.04432162,0.58145444,1.08713906,0.60431402
-1.16758379,1.96086316,0.00261919,0.73308220,0.04548643,0.60917307,1.07406410,0.61140929
-1.16158079,1.98972630,0.00242874,0.73080919,0.04684154,0.63941826,1.05936940,0.61949650
-1.15557779,2.02204320,0.00225356,0.72926989,0.04836859,0.67187035,1.04349230,0.62855298
-1.14957479,2.05760809,0.00209155,0.72859425,0.05004505,0.70613733,1.02693166,0.63853721
-1.14357179,2.09614678,0.00194097,0.72891167,0.05184444,0.74175816,1.01023161,0.64938825
-1.13756878,2.13731514,0.00180047,0.73034651,0.05373662,0.77820901,0.99396329,0.66102556
-1.13156578,2.18070014,0.00166900,0.73301319,0.05568824,0.81491233,0.97870565,0.67334956
-1.12556278,2.22582400,0.00154583,0.73701142,0.05766335,0.85124881,0.96502587,0.68624279
-1.11955978,2.27215145,0.00143048,0.74242154,0.05962410,0.88657188,0.95346032,0.69957180
-1.11355678,2.31910030,0.00132268,0.74930041,0.06153161,0.92022442,0.94449693,0.71318980
-1.10755378,2.36605489,0.00122235,0.75767791,0.06334691,0.95155718,0.93855956,0.72693991
-1.10155078,2.41238223,0.00112951,0.76755420,0.06503196,0.97994819,0.93599513,0.74065903
-1.09554777,2.45744992,0.00104427,0.77889796,0.06655071,1.00482246,0.93706385,0.75418206
-1.08954477,2.50064542,0.00096680,0.79164563,0.06787013,1.02567123,0.94193296,0.76734645
-1.08354177,2.54139552,0.00089728,0.80570167,0.06896116,1.04206978,0.95067405,0.77999670
-1.07753877,2.57918515,0.00083589,0.82093976,0.06979960,1.05369319,0.96326398,0.79198875
-1.07153577,2.61357479,0.00078281,0.83720507,0.07036681,1.06032921,0.97958914,0.80319405
-1.06553277,2.64421533,0.00073817,0.85431733,0.07065020,1.06188758,0.99945279,0.81350301
-1.05952976,2.67085994,0.00070209,0.87207470,0.07064358,1.05840553,1.02258488,0.82282787
-1.05352676,2.69337227,0.00067465,0.89025831,0.07034720,1.05004897,1.04865395,0.83110474
-1.04752376,2.71173056,0.00065589,0.90863727,0.06976761,1.03710935,1.07728033,0.83829487
-1.04152076,2.72602767,0.00064583,0.92697408,0.06891725,1.01999627,1.10805012,0.84438499
-1.03551776,2.73646682,0.00064447,0.94503020,0.06781389,0.99922617,1.14052913,0.84938689
-1.02951476,2.74335347,0.00065177,0.96257167,0.06647983,0.97540750,1.17427626,0.85333617
-1.02351176,2.74708363,0.00066767,0.97937461,0.06494104,0.94922293,1.20885574,0.85629031
-1.01750875,2.74812907,0.00069208,0.99523030,0.06322614,0.92140938,1.24384765,0.85832615
-1.01150575,2.74702005,0.00072488,1.00994984,0.06136542,0.89273659,1.27885642,0.85953690
-1.00550275,2.74432631,0.00076588,1.02336815,0.05938978,0.86398508,1.31351697,0.86002866
-0.99949975,2.74063690,0.00081488,1.03534705,0.05732977,0.83592423,1.34749846,0.85991683
-0.99349675,2.73653963,0.00087158,1.04577756,0.05521474,0.80929122,1.38050554,0.85932224
-0.98749375,2.73260083,0.00093560,1.05458104,0.05307205,0.78477171,1.41227738,0.85836727
-0.98149075,2.72934610,0.00100650,1.06170941,0.05092649,0.76298255,1.44258469,0.85717205
-0.97548774,2.72724265,0.00108371,1.06714424,0.04879981,0.74445725,1.47122521,0.85585080
-0.96948474,2.72668391,0.00116657,1.07089489,0.04671042,0.72963450,1.49801804,0.85450841
-0.96348174,2.72797677,0.00125432,1.07299582,0.04467328,0.71884990,1.52279760,0.85323742
-0.95747874,2.73133204,0.00134609,1.07350316,0.04269994,0.71233117,1.54540760,0.85211540
-0.95147574,2.73685842,0.00144090,1.07249078,0.04079864,0.71019671,1.56569564,0.85120296
-0.94547274,2.74456014,0.00153773,1.07004604,0.03897466,0.71245742,1.58350910,0.85054225
-0.93946973,2.75433844,0.00163548,1.06626552,0.03723059,0.71902168,1.59869251,0.85015618
-0.93346673,2.76599671,0.00173303,1.06125076,0.03556686,0.72970295,1.61108690,0.85004834
-0.92746373,2.77924920,0.00182928,1.05510438,0.03398214,0.74422978,1.62053109,0.85020348
-0.92146073,2.79373268,0.00192317,1.04792663,0.03247386,0.76225775,1.62686506,0.85058872
-0.91545773,2.80902064,0.00201375,1.03981244,0.03103867,0.78338267,1.62993504,0.85115521
-0.90945473,2.82463927,0.00210019,1.03084906,0.02967296,0.80715471,1.62960010,0.85184022
-0.90345173,2.84008432,0.00218186,1.02111426,0.02837319,0.83309264,1.62573970,0.85256948
-0.89744872,2.85483805,0.00225835,1.01067506,0.02713635,0.86069788,1.61826158,0.85325967
-0.89144572,2.86838532,0.00232947,0.99958695,0.02596016,0.88946764,1.60710952,0.85382075
-0.88544272,2.88022802,0.00239535,0.98789334,0.02484339,0.91890673,1.59227013,0.85415818
-0.87943972,2.88989711,0.00245637,0.97562541,0.02378589,0.94853767,1.57377831,0.85417474
-0.87343672,2.89696175,0.00251322,0.96280210,0.02278873,0.97790879,1.55172079,0.85377193
-0.86743372,2.90103516,0.00256684,0.94943015,0.02185411,1.00660011,1.52623742,0.85285089
-0.86143072,2.90177725,0.00261841,0.93550442,0.02098525,1.03422701,1.49752001,0.85131295
-0.85542771,2.89889410,0.00266932,0.92100817,0.02018623,1.06044174,1.46580878,0.84905968
-0.84942471,2.89213474,0.00272109,0.90591369,0.01946171,1.08493294,1.43138653,0.84599284
-0.84342171,2.88128601,0.00277531,0.89018307,0.01881661,1.10742356,1.39457076,0.84201411
-0.83741871,2.86616613,0.00283355,0.87376944,0.01825577,1.12766763,1.35570442,0.83702503
-0.83141571,2.84661799,0.00289731,0.85661860,0.01778359,1.14544625,1.31514555,0.83092717
-0.82541271,2.82250309,0.00296789,0.83867128,0.01740360,1.16056340,1.27325665,0.82362280
-0.81940970,2.79369685,0.00304635,0.81986587,0.01711818,1.17284207,1.23039423,0.81501614
-0.81340670,2.76008619,0.00313340,0.80014187,0.01692814,1.18212115,1.18689919,0.80501538
-0.80740370,2.72156964,0.00322936,0.77944375,0.01683250,1.18825353,1.14308854,0.79353532
-0.80140070,2.67806057,0.00333410,0.75772534,0.01682824,1.19110552,1.09924877,0.78050081
-0.79539770,2.62949313,0.00344699,0.73495442,0.01691021,1.19055802,1.05563134,0.76585066
-0.78939470,2.57583102,0.00356695,0.71111738,0.01707106,1.18650913,1.01245016,0.74954199
-0.78339170,2.51707828,0.00369237,0.68622365,0.01730133,1.17887837,0.96988140,0.73155472
-0.77738869,2.45329150,0.00382124,0.66030976,0.01758963,1.16761198,0.92806522,0.71189589
-0.77138569,2.38459256,0.00395114,0.63344261,0.01792288,1.15268917,0.88710943,0.69060365
-0.76538269,2.31118096,0.00407935,0.60572191,0.01828672,1.13412868,0.84709459,0.66775045
-0.75937969,2.23334476,0.00420295,0.57728140,0.01866595,1.11199536,0.80808039,0.64344541
-0.75337669,2.15146926,0.00431890,0.54828893,0.01904506,1.08640603,0.77011268,0.61783545
-0.74737369,2.06604270,0.00442422,0.51894517,0.01940879,1.05753433,0.73323093,0.59110516
-0.74137069,1.97765841,0.00451607,0.48948106,0.01974276,1.02561413,0.69747561,0.56347528
-0.73536768,1.88701295,0.00459190,0.46015399,0.02003403,0.99094108,0.66289521,0.53519982
-0.72936468,1.79490036,0.00464956,0.43124297,0.02027170,0.95387215,0.62955247,0.50656195
-0.72336168,1.70220235,0.00468740,0.40304278,0.02044747,0.91482306,0.59752970,0.47786861
-0.71735868,1.60987487,0.00470442,0.37585748,0.02055603,0.87426368,0.56693290,0.44944431
-0.71135568,1.51893170,0.00470026,0.34999352,0.02059549,0.83271139,0.53789449,0.42162408
-0.70535268,1.43042531,0.00467530,0.32575250,0.02056762,0.79072286,0.51057481,0.39474610
-0.69934967,1.34542614,0.00463066,0.30342405,0.02047796,0.74888434,0.48516210,0.36914397
-0.69334667,1.26500077,0.00456819,0.28327889,0.02033590,0.70780107,0.46187118,0.34513918
-0.68734367,1.19018980,0.00449047,0.26556233,0.02015450,0.66808606,0.44094085,0.32303384
-0.68134067,1.12198626,0.00440067,0.25048825,0.01995031,0.63034874,0.42263023,0.30310387
-0.67533767,1.06131510,0.00430254,0.23823387,0.01974300,0.59518386,0.40721403,0.28559295
-0.66933467,1.00901439,0.00420025,0.22893515,0.01955490,0.56316102,0.39497719,0.27070725
-0.66333167,0.96581868,0.00409829,0.22268319,0.01941049,0.53481509,0.38620879,0.25861107
-0.65732866,0.93234493,0.00400132,0.21952136,0.01933578,0.51063781,0.38119580,0.24942353
-0.65132566,0.90908126,0.00391404,0.21944346,0.01935768,0.49107073,0.38021657,0.24321628
-0.64532266,0.89637871,0.00384103,0.22239282,0.01950333,0.47649956,0.38353445,0.24001222
-0.63931966,0.89444618,0.00378663,0.22826246,0.01979940,0.46724998,0.39139171,0.23978540
-0.63331666,0.90334850,0.00375480,0.23689620,0.02027150,0.46358489,0.40400390,0.24246187
-0.62731366,0.92300764,0.00374900,0.24809093,0.02094351,0.46570293,0.42155479,0.24792165
-0.62131066,0.95320701,0.00377214,0.26159998,0.02183701,0.47373830,0.44419206,0.25600165
-0.61530765,0.99359861,0.00382643,0.27713755,0.02297082,0.48776150,0.47202370,0.26649961
-0.60930465,1.04371280,0.00391342,0.29438427,0.02436053,0.50778106,0.50511524,0.27917885
-0.60330165,1.10297052,0.00403393,0.31299376,0.02601816,0.53374582,0.54348780,0.29377393
-0.59729865,1.17069745,0.00418805,0.33260007,0.02795193,0.56554777,0.58711675,0.30999683
-0.59129565,1.24613973,0.00437523,0.35282598,0.03016603,0.60302524,0.63593117,0.32754384
-0.58529265,1.32848081,0.00459428,0.37329172,0.03266057,0.64596616,0.68981369,0.34610271
-0.57928964,1.41685881,0.00484350,0.39362407,0.03543158,0.69411148,0.74860086,0.36535997
-0.57328664,1.51038387,0.00512075,0.41346543,0.03847103,0.74715846,0.81208376,0.38500818
-0.56728364,1.60815492,0.00542357,0.43248251,0.04176705,0.80476386,0.88000882,0.40475291
-0.56128064,1.70927521,0.00574935,0.45037442,0.04530409,0.86654707,0.95207874,0.42431911
-0.55527764,1.81286628,0.00609537,0.46687969,0.04906319,0.93209299,1.02795345,0.44345673
-0.54927464,1.91807971,0.00645904,0.48178196,0.05302230,1.00095488,1.10725109,0.46194534
-0.54327164,2.02410644,0.00683793,0.49491417,0.05715662,1.07265715,1.18954911,0.47959752
-0.53726863,2.13018350,0.00722991,0.50616093,0.06143897,1.14669819,1.27438537,0.49626104
-0.53126563,2.23559788,0.00763324,0.51545900,0.06584014,1.22255329,1.36125963,0.51181957
-0.52526263,2.33968788,0.00804661,0.52279602,0.07032932,1.29967777,1.44963523,0.52619206
-0.51925963,2.44184194,0.00846917,0.52820726,0.07487439,1.37751045,1.53894141,0.53933083
-0.51325663,2.54149546,0.00890057,0.53177094,0.07944237,1.45547745,1.62857623,0.55121844
-0.50725363,2.63812607,0.00934084,0.53360204,0.08399965,1.53299640,1.71791029,0.56186357
-0.50125063,2.73124774,0.00979039,0.53384517,0.08851236,1.60948118,1.80629141,0.57129621
-0.49524762,2.82040467,0.01024989,0.53266680,0.09294661,1.68434709,1.89305029,0.57956229
-0.48924462,2.90516518,0.01072013,0.53024714,0.09726873,1.75701648,1.97750729,0.58671819
-0.48324162,2.98511658,0.01120189,0.52677229,0.10144548,1.82692486,2.05898021,0.59282541
-0.47723862,3.05986127,0.01169575,0.52242685,0.10544426,1.89352733,2.13679313,0.59794550
-0.47123562,3.12901459,0.01220196,0.51738739,0.10923330,1.95630535,2.21028614,0.60213582
-0.46523262,3.19220488,0.01272027,0.51181705,0.11278181,2.01477369,2.27882581,0.60544602
-0.45922961,3.24907569,0.01324976,0.50586142,0.11606022,2.06848745,2.34181630,0.60791558
-0.45322661,3.29929039,0.01378876,0.49964583,0.11904038,2.11704911,2.39871070,0.60957246
-0.44722361,3.34253892,0.01433471,0.49327405,0.12169582,2.16011542,2.44902259,0.61043280
-0.44122061,3.37854650,0.01488416,0.48682832,0.12400207,2.19740396,2.49233737,0.61050172
-0.43521761,3.40708390,0.01543277,0.48037055,0.12593701,2.22869933,2.52832308,0.60977510
-0.42921461,3.42797869,0.01597531,0.47394450,0.12748124,2.25385867,2.55674054,0.60824212
-0.42321161,3.44112697,0.01650582,0.46757874,0.12861861,2.27281649,2.57745235,0.60588845
-0.41720860,3.44650491,0.01701773,0.46129003,0.12933663,2.28558846,2.59043048,0.60269979
-0.41120560,3.44417926,0.01750404,0.45508690,0.12962706,2.29227406,2.59576223,0.59866563
-0.40520260,3.43431640,0.01795760,0.44897322,0.12948636,2.29305788,2.59365407,0.59378284
-0.39919960,3.41718907,0.01837129,0.44295139,0.12891626,2.28820931,2.58443321,0.58805907
-0.39319660,3.39318032,0.01873836,0.43702515,0.12792413,2.27808054,2.56854660,0.58151556
-0.38719360,3.36278419,0.01905264,0.43120166,0.12652338,2.26310264,2.54655710,0.57418935
-0.38119060,3.32660280,0.01930885,0.42549304,0.12473369,2.24377965,2.51913671,0.56613471
-0.37518759,3.28533970,0.01950276,0.41991702,0.12258110,2.22068072,2.48705673,0.55742371
-0.36918459,3.23978955,0.01963145,0.41449701,0.12009795,2.19443030,2.45117500,0.54814597
-0.36318159,3.19082426,0.01969341,0.40926149,0.11732259,2.16569661,2.41242017,0.53840752
-0.35717859,3.13937608,0.01968864,0.40424293,0.11429898,2.13517858,2.37177348,0.52832893
-0.35117559,3.08641811,0.01961868,0.39947623,0.11107596,2.10359168,2.33024834,0.51804274
-0.34517259,3.03294308,0.01948659,0.39499709,0.10770649,2.07165308,2.28886820,0.50769041
-0.33916958,2.97994112,0.01929682,0.39084011,0.10424658,2.04006661,2.24864349,0.49741883
-0.33316658,2.92837734,0.01905514,0.38703709,0.10075419,2.00950809,2.21054821,0.48737671
-0.32716358,2.87917028,0.01876837,0.38361546,0.09728795,1.98061154,2.17549706,0.47771083
-0.32116058,2.83317186,0.01844423,0.38059700,0.09390588,1.95395682,2.14432381,0.46856245
-0.31515758,2.79114969,0.01809108,0.37799689,0.09066410,1.93005903,2.11776169,0.46006396
-0.30915458,2.75377228,0.01771765,0.37582324,0.08761550,1.90936009,2.09642656,0.45233584
-0.30315158,2.72159743,0.01733279,0.37407688,0.08480855,1.89222259,2.08080327,0.44548409
-0.29714857,2.69506427,0.01694523,0.37275164,0.08228626,1.87892613,2.07123580,0.43959807
-0.29114557,2.67448868,0.01656338,0.37183487,0.08008521,1.86966579,2.06792136,0.43474891
-0.28514257,2.66006204,0.01619507,0.37130824,0.07823483,1.86455277,2.07090848,0.43098833
-0.27913957,2.65185289,0.01584741,0.37114867,0.07675684,1.86361677,2.08009917,0.42834796
-0.27313657,2.64981119,0.01552667,0.37132938,0.07566489,1.86680965,2.09525466,0.42683904
-0.26713357,2.65377440,0.01523811,0.37182090,0.07496446,1.87401007,2.11600461,0.42645252
-0.26113057,2.66347507,0.01498592,0.37259205,0.07465292,1.88502865,2.14185905,0.42715942
-0.25512756,2.67854933,0.01477319,0.37361075,0.07471977,1.89961323,2.17222270,0.42891152
-0.24912456,2.69854591,0.01460184,0.37484474,0.07514705,1.91745411,2.20641107,0.43164223
-0.24312156,2.72293531,0.01447263,0.37626210,0.07590996,1.93818900,2.24366763,0.43526777
-0.23711856,2.75111913,0.01438516,0.37783163,0.07697753,1.96140769,2.28318184,0.43968845
-0.23111556,2.78243944,0.01433791,0.37952313,0.07831341,1.98665663,2.32410732,0.44479029
-0.22511256,2.81618829,0.01432828,0.38130760,0.07987683,2.01344351,2.36557995,0.45044686
-0.21910955,2.85161773,0.01435265,0.38315743,0.08162349,2.04124234,2.40673565,0.45652131
-0.21310655,2.88795042,0.01440646,0.38504660,0.08350659,2.06949909,2.44672745,0.46286880
-0.20710355,2.92439126,0.01448434,0.38695099,0.08547789,2.09763856,2.48474191,0.46933913
-0.20110055,2.96014017,0.01458021,0.38884880,0.08748871,2.12507250,2.52001462,0.47577970
-0.19509755,2.99440631,0.01468740,0.39072108,0.08949098,2.15120937,2.55184474,0.48203870
-0.18909455,3.02642348,0.01479888,0.39255247,0.09143828,2.17546559,2.57960843,0.48796848
-0.18309155,3.05546679,0.01490737,0.39433199,0.09328679,2.19727844,2.60277098,0.49342910
-0.17708854,3.08087013,0.01500559,0.39605402,0.09499619,2.21612005,2.62089756,0.49829181
-0.17108554,3.10204383,0.01508640,0.39771917,0.09653048,2.23151225,2.63366215,0.50244248
-0.16508254,3.11849203,0.01514308,0.39933530,0.09785870,2.24304156,2.64085464,0.50578482
-0.15907954,3.12982875,0.01516946,0.40091825,0.09895551,2.25037365,2.64238546,0.50824318
-0.15307654,3.13579195,0.01516016,0.40249249,0.09980162,2.25326642,2.63828767,0.50976485
-0.14707354,3.13625463,0.01511072,0.40409140,0.10038402,2.25158107,2.62871618,0.51032181
-0.14107054,3.13123212,0.01501773,0.40575725,0.10069609,2.24529014,2.61394366,0.50991170
-0.13506753,3.12088504,0.01487896,0.40754073,0.10073748,2.23448213,2.59435329,0.50855799
-0.12906453,3.10551717,0.01469336,0.40949998,0.10051379,2.21936199,2.57042794,0.50630937
-0.12306153,3.08556816,0.01446113,0.41169916,0.10003609,2.20024722,2.54273625,0.50323830
-0.11705853,3.06160094,0.01418364,0.41420650,0.09932024,2.17755962,2.51191546,0.49943878
-0.11105553,3.03428409,0.01386336,0.41709190,0.09838614,2.15181256,2.47865171,0.49502341
-0.10505253,3.00436970,0.01350376,0.42042415,0.09725674,2.12359446,2.44365811,0.49011983
-0.09904952,2.97266751,0.01310910,0.42426781,0.09595709,2.09354878,2.40765152,0.48486677
-0.09304652,2.94001631,0.01268434,0.42867989,0.09451331,2.06235155,2.37132856,0.47940978
-0.08704352,2.90725367,0.01223484,0.43370646,0.09295156,2.03068725,2.33534206,0.47389677
-0.08104052,2.87518547,0.01176624,0.43937942,0.09129704,1.99922405,2.30027858,0.46847374
-0.07503752,2.84455634,0.01128421,0.44571337,0.08957319,1.96858960,2.26663823,0.46328060
-0.06903452,2.81602239,0.01079427,0.45270301,0.08780088,1.93934827,2.23481747,0.45844746
-0.06303152,2.79012740,0.01030166,0.46032101,0.08599784,1.91198101,2.20509572,0.45409135
-0.05702851,2.76728350,0.00981112,0.46851659,0.08417832,1.88686850,2.17762648,0.45031356
-0.05102551,2.74775718,0.00932686,0.47721490,0.08235280,1.86427843,2.15243340,0.44719769
-0.04502251,2.73166116,0.00885243,0.48631726,0.08052808,1.84435743,2.12941156,0.44480829
-0.03901951,2.71895244,0.00839070,0.49570235,0.07870737,1.82712778,2.10833382,0.44319027
-0.03301651,2.70943651,0.00794386,0.50522828,0.07689076,1.81248912,2.08886238,0.44236890
-0.02701351,2.70277754,0.00751343,0.51473561,0.07507563,1.80022502,2.07056461,0.44235042
-0.02101051,2.69851386,0.00710030,0.52405113,0.07325734,1.79001391,2.05293296,0.44312305
-0.01500750,2.69607802,0.00670485,0.53299238,0.07142989,1.78144389,2.03540769,0.44465850
-0.00900450,2.69482057,0.00632696,0.54137265,0.06958670,1.77403079,2.01740168,0.44691364
-0.00300150,2.69403625,0.00596620,0.54900639,0.06772132,1.76723850,1.99832608,0.44983234
0.00300150,2.69299164,0.00562185,0.55571475,0.06582817,1.76050088,1.97761570,0.45334747
0.00900450,2.69095293,0.00529304,0.56133102,0.06390315,1.75324414,1.95475304,0.45738269
0.01500750,2.68721275,0.00497884,0.56570586,0.06194420,1.74490887,1.92928985,0.46185432
0.02101051,2.68111492,0.00467831,0.56871199,0.05995174,1.73497085,1.90086534,0.46667291
0.02701351,2.67207636,0.00439060,0.57024822,0.05792888,1.72295993,1.86922032,0.47174483
0.03301651,2.65960522,0.00411500,0.57024265,0.05588169,1.70847618,1.83420668,0.47697352
0.03901951,2.64331492,0.00385093,0.56865495,0.05381909,1.69120295,1.79579193,0.48226070
0.04502251,2.62293360,0.00359802,0.56547754,0.05175279,1.67091641,1.75405879,0.48750749
0.05102551,2.59830904,0.00335606,0.56073577,0.04969702,1.64749139,1.70920003,0.49261543
0.05702851,2.56940902,0.00312502,0.55448701,0.04766818,1.62090352,1.66150882,0.49748747
0.06303152,2.53631759,0.00290499,0.54681870,0.04568439,1.59122774,1.61136552,0.50202901
0.06903452,2.49922749,0.00269621,0.53784558,0.04376494,1.55863347,1.55922134,0.50614905
0.07503752,2.45842946,0.00249897,0.52770606,0.04192979,1.52337686,1.50557999,0.50976129
0.08104052,2.41429906,0.00231360,0.51655797,0.04019894,1.48579047,1.45097810,0.51278542
0.08704352,2.36728161,0.00214043,0.50457391,0.03859185,1.44627098,1.39596552,0.51514842
0.09304652,2.31787609,0.00197974,0.49193628,0.03712684,1.40526556,1.34108617,0.51678589
0.09904952,2.26661860,0.00183173,0.47883229,0.03582055,1.36325732,1.28686044,0.51764333
0.10505253,2.21406593,0.00169649,0.46544906,0.03468739,1.32075052,1.23376972,0.51767737
0.11105553,2.16077996,0.00157395,0.45196897,0.03373910,1.27825597,1.18224354,0.51685683
0.11705853,2.10731321,0.00146394,0.43856555,0.03298426,1.23627722,1.13264982,0.51516352
0.12306153,2.05419594,0.00136609,0.42539978,0.03242804,1.19529772,1.08528823,0.51259284
0.12906453,2.00192495,0.00127990,0.41261717,0.03207183,1.15576949,1.04038684,0.50915393
0.13506753,1.95095451,0.00120469,0.40034543,0.03191305,1.11810337,0.99810170,0.50486954
0.14107054,1.90168905,0.00113966,0.38869298,0.03194508,1.08266114,0.95851938,0.49977546
0.14707354,1.85447803,0.00108391,0.37774810,0.03215718,1.04974944,0.92166175,0.49391960
0.15307654,1.80961261,0.00103643,0.36757883,0.03253457,1.01961559,0.88749281,0.48736065
0.15907954,1.76732405,0.00099613,0.35823337,0.03305863,0.99244532,0.85592689,0.48016654
0.16508254,1.72778375,0.00096192,0.34974120,0.03370712,0.96836210,0.82683781,0.47241251
0.17108554,1.69110462,0.00093267,0.34211441,0.03445463,0.94742807,0.80006842,0.46417911
0.17708854,1.65734358,0.00090730,0.33534949,0.03527299,0.92964635,0.77544004,0.45555006
0.18309155,1.62650493,0.00088475,0.32942925,0.03613194,0.91496452,0.75276151,0.44661009
0.18909455,1.59854447,0.00086405,0.32432481,0.03699975,0.90327900,0.73183729,0.43744289
0.19509755,1.57337404,0.00084432,0.31999757,0.03784396,0.89444018,0.71247455,0.42812913
0.20110055,1.55086625,0.00082479,0.31640105,0.03863226,0.88825802,0.69448888,0.41874474
0.20710355,1.53085943,0.00080480,0.31348254,0.03933323,0.88450797,0.67770867,0.40935942
0.21310655,1.51316236,0.00078382,0.31118450,0.03991728,0.88293698,0.66197806,0.40003543
0.21910955,1.49755895,0.00076145,0.30944565,0.04035739,0.88326948,0.64715851,0.39082666
0.22511256,1.48381256,0.00073742,0.30820186,0.04062992,0.88521314,0.63312914,0.38177804
0.23111556,1.47167005,0.00071158,0.30738672,0.04071526,0.88846437,0.61978595,0.37292518
0.23711856,1.46086544,0.00068389,0.30693191,0.04059839,0.89271339,0.60704020,0.36429430
0.24312156,1.45112333,0.00065441,0.30676740,0.04026931,0.89764893,0.59481611,0.35590244
0.24912456,1.44216188,0.00062328,0.30682154,0.03972328,0.90296245,0.58304817,0.34775775
0.25512756,1.43369569,0.00059072,0.30702114,0.03896088,0.90835185,0.57167819,0.33986011
0.26113057,1.42543832,0.00055701,0.30729157,0.03798798,0.91352479,0.56065249,0.33220171
0.26713357,1.41710483,0.00052246,0.30755689,0.03681540,0.91820151,0.54991923,0.32476785
0.27313657,1.40841419,0.00048741,0.30774024,0.03545851,0.92211731,0.53942616,0.31753774
0.27913957,1.39909164,0.00045221,0.30776426,0.03393665,0.92502464,0.52911887,0.31048537
0.28514257,1.38887122,0.00041720,0.30755185,0.03227244,0.92669486,0.51893963,0.30358038
0.29114557,1.37749825,0.00038273,0.30702697,0.03049099,0.92691977,0.50882688,0.29678901
0.29714857,1.36473204,0.00034908,0.30611579,0.02861908,0.92551288,0.49871530,0.29007495
0.30315158,1.35034856,0.00031656,0.30474784,0.02668430,0.92231053,0.48853649,0.28340026
0.30915458,1.33414338,0.00028539,0.30285733,0.02471426,0.91717286,0.47822017,0.27672632
0.31515758,1.31593448,0.00025577,0.30038458,0.02273573,0.90998462,0.46769585,0.27001469
0.32116058,1.29556522,0.00022788,0.29727733,0.02077403,0.90065592,0.45689472,0.26322800
0.32716358,1.27290717,0.00020182,0.29349213,0.01885239,0.88912287,0.44575185,0.25633092
0.33316658,1.24786287,0.00017767,0.28899546,0.01699146,0.87534821,0.43420839,0.24929094
0.33916958,1.22036831,0.00015547,0.28376485,0.01520899,0.85932166,0.42221378,0.24207934
0.34517259,1.19039519,0.00013523,0.27778960,0.01351960,0.84106039,0.40972779,0.23467192
0.35117559,1.15795272,0.00011690,0.27107143,0.01193466,0.82060912,0.39672232,0.22704984
0.35717859,1.12308895,0.00010045,0.26362472,0.01046236,0.79804013,0.38318288,0.21920029
0.36318159,1.08589149,0.00008578,0.25547650,0.00910782,0.77345303,0.36910966,0.21111706
0.36918459,1.04648758,0.00007280,0.24666618,0.00787329,0.74697411,0.35451819,0.20280103
0.37518759,1.00504336,0.00006140,0.23724492,0.00675846,0.71875544,0.33943953,0.19426048
0.38119060,0.96176237,0.00005147,0.22727476,0.00576081,0.68897349,0.32392002,0.18551118
0.38719360,0.91688316,0.00004287,0.21682754,0.00487593,0.65782728,0.30802054,0.17657637
0.39319660,0.87067611,0.00003548,0.20598352,0.00409792,0.62553607,0.29181540,0.16748642
0.39919960,0.82343941,0.00002919,0.19482993,0.00341978,0.59233658,0.27539087,0.15827839
0.40520260,0.77549428,0.00002385,0.18345929,0.00283372,0.55847970,0.25884332,0.14899527
0.41120560,0.72717965,0.00001937,0.17196774,0.00233149,0.52422684,0.24227728,0.13968509
0.41720860,0.67884629,0.00001563,0.16045335,0.00190471,0.48984597,0.22580318,0.13039987
0.42321161,0.63085066,0.00001253,0.14901436,0.00154502,0.45560741,0.20953520,0.12119438
0.42921461,0.58354878,0.00000998,0.13774767,0.00124437,0.42177960,0.19358900,0.11212489
0.43521761,0.53729008,0.00000790,0.12674737,0.00099511,0.38862488,0.17807967,0.10324779
0.44122061,0.49241177,0.00000621,0.11610348,0.00079013,0.35639560,0.16311983,0.09461831
0.44722361,0.44923367,0.00000485,0.10590093,0.00062291,0.32533045,0.14881800,0.08628925
0.45322661,0.40805387,0.00000376,0.09621878,0.00048759,0.29565149,0.13527726,0.07830984
0.45922961,0.36914528,0.00000290,0.08712972,0.00037895,0.26756165,0.12259435,0.07072477
0.46523262,0.33275317,0.00000222,0.07869982,0.00029242,0.24124296,0.11085900,0.06357338
0.47123562,0.29909376,0.00000169,0.07098856,0.00022404,0.21685560,0.10015370,0.05688913
0.47723862,0.26835380,0.00000127,0.06404904,0.00017042,0.19453752,0.09055375,0.05069919
0.48324162,0.24069108,0.00000096,0.05792839,0.00012871,0.17440483,0.08212757,0.04502434
0.48924462,0.21623573,0.00000071,0.05266832,0.00009652,0.15655272,0.07493719,0.03987905
0.49524762,0.19509200,0.00000053,0.04830566,0.00007186,0.14105677,0.06903880,0.03527176
0.50125063,0.17734051,0.00000039,0.04487295,0.00005312,0.12797460,0.06448328,0.03120522
0.50725363,0.16304037,0.00000028,0.04239889,0.00003898,0.11734745,0.06131662,0.02767709
0.51325663,0.15223127,0.00000021,0.04090857,0.00002841,0.10920182,0.05958005,0.02468048
0.51925963,0.14493496,0.00000015,0.04042357,0.00002055,0.10355065,0.05930987,0.02220453
0.52526263,0.14115614,0.00000011,0.04096168,0.00001476,0.10039412,0.06053684,0.02023503
0.53126563,0.14088250,0.00000008,0.04253632,0.00001053,0.09971988,0.06328517,0.01875490
0.53726863,0.14408371,0.00000005,0.04515563,0.00000745,0.10150259,0.06757092,0.01774462
0.54327164,0.15070960,0.00000004,0.04882120,0.00000524,0.10570278,0.07340010,0.01718258
0.54927464,0.16068730,0.00000003,0.05352663,0.00000366,0.11226513,0.08076624,0.01704523
0.55527764,0.17391774,0.00000002,0.05925569,0.00000253,0.12111619,0.08964782,0.01730720
0.56128064,0.19027157,0.00000001,0.06598056,0.00000174,0.13216171,0.10000544,0.01794126
0.56728364,0.20958503,0.00000001,0.07365995,0.00000119,0.14528390,0.11177918,0.01891822
0.57328664,0.23165585,0.00000001,0.08223743,0.00000081,0.16033873,0.12488606,0.02020681
0.57928964,0.25623989,0.00000000,0.09163998,0.00000054,0.17715368,0.13921814,0.02177350
0.58529265,0.28304880,0.00000000,0.10177704,0.00000036,0.19552619,0.15464115,0.02358235
0.59129565,0.31174901,0.00000000,0.11254012,0.00000024,0.21522304,0.17099415,0.02559496
0.59729865,0.34196270,0.00000000,0.12380311,0.00000016,0.23598098,0.18809016,0.02777054
0.60330165,0.37327071,0.00000000,0.13542337,0.00000011,0.25750883,0.20571807,0.03006601
0.60930465,0.40521772,0.00000000,0.14724365,0.00000007,0.27949106,0.22364574,0.03243641
0.61530765,0.43731985,0.00000000,0.15909496,0.00000005,0.30159298,0.24162444,0.03483534
0.62131066,0.46907437,0.00000000,0.17080012,0.00000004,0.32346750,0.25939443,0.03721573
0.62731366,0.49997148,0.00000000,0.18217821,0.00000003,0.34476322,0.27669163,0.03953058
0.63331666,0.52950768,0.00000000,0.19304942,0.00000003,0.36513366,0.29325507,0.04173408
0.63931966,0.55720030,0.00000000,0.20324046,0.00000004,0.38424728,0.30883486,0.04378261
0.64532266,0.58260252,0.00000001,0.21259008,0.00000005,0.40179780,0.32320031,0.04563601
0.65132566,0.60531826,0.00000001,0.22095447,0.00000008,0.41751449,0.33614786,0.04725871
0.65732866,0.62501615,0.00000002,0.22821242,0.00000011,0.43117178,0.34750835,0.04862097
0.66333167,0.64144196,0.00000002,0.23426977,0.00000016,0.44259779,0.35715325,0.04969993
0.66933467,0.65442867,0.00000003,0.23906309,0.00000023,0.45168123,0.36499960,0.05048059
0.67533767,0.66390386,0.00000005,0.24256230,0.00000033,0.45837646,0.37101313,0.05095656
0.68134067,0.66989365,0.00000007,0.24477200,0.00000047,0.46270605,0.37520962,0.05113067
0.68734367,0.67252315,0.00000010,0.24573155,0.00000067,0.46476105,0.37765413,0.05101527
0.69334667,0.67201324,0.00000015,0.24551380,0.00000094,0.46469853,0.37845825,0.05063230
0.69934967,0.66867370,0.00000021,0.24422244,0.00000132,0.46273663,0.37777536,0.05001317
0.70535268,0.66289301,0.00000030,0.24198812,0.00000182,0.45914722,0.37579416,0.04919832
0.71135568,0.65512523,0.00000041,0.23896361,0.00000251,0.45424652,0.37273074,0.04823663
0.71735868,0.64587458,0.00000057,0.23531802,0.00000344,0.44838399,0.36881954,0.04718466
0.72336168,0.63567832,0.00000079,0.23123043,0.00000467,0.44192996,0.36430370,0.04610578
0.72936468,0.62508875,0.00000108,0.22688330,0.00000629,0.43526267,0.35942523,0.04506915
0.73536768,0.61465518,0.00000146,0.22245579,0.00000842,0.42875501,0.35441540,0.04414881
0.74137069,0.60490643,0.00000197,0.21811741,0.00001120,0.42276172,0.34948597,0.04342267
0.74737369,0.59633483,0.00000264,0.21402216,0.00001479,0.41760749,0.34482148,0.04297164
0.75337669,0.58938212,0.00000350,0.21030352,0.00001939,0.41357627,0.34057302,0.04287882
0.75937969,0.58442784,0.00000462,0.20707027,0.00002525,0.41090243,0.33685376,0.04322884
0.76538269,0.58178054,0.00000605,0.20440354,0.00003265,0.40976373,0.33373623,0.04410723
0.77138569,0.58167204,0.00000788,0.20235489,0.00004191,0.41027659,0.33125164,0.04560004
0.77738869,0.58425465,0.00001018,0.20094562,0.00005344,0.41249355,0.32939089,0.04779335
0.78339170,0.58960139,0.00001306,0.20016724,0.00006766,0.41640289,0.32810739,0.05077300
0.78939470,0.59770893,0.00001665,0.19998293,0.00008506,0.42193060,0.32732123,0.05462414
0.79539770,0.60850283,0.00002107,0.20033005,0.00010620,0.42894408,0.32692467,0.05943081
0.80140070,0.62184480,0.00002647,0.20112330,0.00013166,0.43725786,0.32678834,0.06527528
0.80740370,0.63754130,0.00003304,0.20225865,0.00016210,0.44664061,0.32676804,0.07223719
0.81340670,0.65535318,0.00004094,0.20361762,0.00019818,0.45682345,0.32671163,0.08039236
0.81940970,0.67500576,0.00005039,0.20507186,0.00024061,0.46750913,0.32646585,0.08981129
0.82541271,0.69619875,0.00006158,0.20648784,0.00029010,0.47838171,0.32588261,0.10055721
0.83141571,0.71861582,0.00007473,0.20773149,0.00034733,0.48911648,0.32482459,0.11268367
0.83741871,0.74193321,0.00009007,0.20867256,0.00041297,0.49938982,0.32317004,0.12623179
0.84342171,0.76582721,0.00010779,0.20918873,0.00048761,0.50888857,0.32081647,0.14122710
0.84942471,0.78998028,0.00012809,0.20916928,0.00057174,0.51731884,0.31768339,0.15767604
0.85542771,0.81408561,0.00015117,0.20851813,0.00066574,0.52441381,0.31371386,0.17556235
0.86143072,0.83785022,0.00017715,0.20715646,0.00076983,0.52994041,0.30887507,0.19484340
0.86743372,0.86099653,0.00020615,0.20502455,0.00088401,0.53370474,0.30315801,0.21544670
0.87343672,0.88326267,0.00023822,0.20208303,0.00100810,0.53555599,0.29657616,0.23726676
0.87943972,0.90440165,0.00027335,0.19831350,0.00114165,0.53538887,0.28916365,0.26016261
0.88544272,0.92417971,0.00031147,0.19371841,0.00128394,0.53314451,0.28097277,0.28395617
0.89144572,0.94237423,0.00035243,0.18832043,0.00143397,0.52880983,0.27207111,0.30843164
0.89744872,0.95877148,0.00039598,0.18216115,0.00159046,0.52241547,0.26253851,0.33333626
0.90345173,0.97316459,0.00044180,0.17529931,0.00175182,0.51403250,0.25246385,0.35838244
0.90945473,0.98535212,0.00048946,0.16780863,0.00191620,0.50376795,0.24194192,0.38325146
0.91545773,0.99513743,0.00053847,0.15977518,0.00208153,0.49175952,0.23107049,0.40759877
0.92146073,1.00232916,0.00058822,0.15129464,0.00224549,0.47816969,0.21994751,0.43106071
0.92746373,1.00674294,0.00063807,0.14246929,0.00240564,0.46317948,0.20866873,0.45326276
0.93346673,1.00820432,0.00068728,0.13340500,0.00255942,0.44698211,0.19732565,0.47382879
0.93946973,1.00655298,0.00073508,0.12420830,0.00270423,0.42977699,0.18600384,0.49239124
0.94547274,1.00164788,0.00078069,0.11498358,0.00283752,0.41176398,0.17478171,0.50860176
0.95147574,0.99337328,0.00082329,0.10583053,0.00295687,0.39313848,0.16372964,0.52214187
0.95747874,0.98164513,0.00086212,0.09684188,0.00306001,0.37408716,0.15290951,0.53273322
0.96348174,0.96641752,0.00089642,0.08810162,0.00314499,0.35478472,0.14237455,0.54014693
0.96948474,0.94768874,0.00092553,0.07968349,0.00321013,0.33539146,0.13216950,0.54421166
0.97548774,0.92550641,0.00094885,0.07165001,0.00325420,0.31605191,0.12233097,0.54481994
0.98149075,0.89997151,0.00096591,0.06405191,0.00327636,0.29689418,0.11288808,0.54193247
0.98749375,0.87124064,0.00097635,0.05692802,0.00327628,0.27803020,0.10386314,0.53558013
0.99349675,0.83952657,0.00097995,0.05030550,0.00325411,0.25955651,0.09527247,0.52586373
0.99949975,0.80509668,0.00097663,0.04420045,0.00321050,0.24155553,0.08712722,0.51295122
1.00550275,0.76826942,0.00096646,0.03861878,0.00314660,0.22409718,0.07943423,0.49707284
1.01150575,0.72940882,0.00094967,0.03355736,0.00306402,0.20724065,0.07219682,0.47851409
1.01750875,0.68891724,0.00092660,0.02900529,0.00296481,0.19103624,0.06541553,0.45760710
1.02351176,0.64722673,0.00089774,0.02494524,0.00285140,0.17552702,0.05908880,0.43472071
1.02951476,0.60478938,0.00086368,0.02135494,0.00272657,0.16075049,0.05321355,0.41024968
1.03551776,0.56206712,0.00082510,0.01820852,0.00259336,0.14673987,0.04778571,0.38460353
1.04152076,0.51952140,0.00078276,0.01547790,0.00245503,0.13352528,0.04280064,0.35819562
1.04752376,0.47760336,0.00073747,0.01313401,0.00231498,0.12113457,0.03825352,0.33143268
1.05352676,0.43674482,0.00069004,0.01114797,0.00217672,0.10959408,0.03413969,0.30470541
1.05952976,0.39735043,0.00064132,0.00949201,0.00204377,0.09892907,0.03045492,0.27838035
1.06553277,0.35979141,0.00059210,0.00814037,0.00191967,0.08916413,0.02719564,0.25279331
1.07153577,0.32440098,0.00054317,0.00706995,0.00180788,0.08032346,0.02435920,0.22824449
1.07753877,0.29147152,0.00049524,0.00626084,0.00171177,0.07243108,0.02194407,0.20499534
1.08354177,0.26125355,0.00044897,0.00569668,0.00163457,0.06551105,0.01994993,0.18326708
1.08954477,0.23395621,0.00040494,0.00536492,0.00157936,0.05958765,0.01837788,0.16324090
1.09554777,0.20974923,0.00036365,0.00525689,0.00154903,0.05468549,0.01723043,0.14505936
1.10155078,0.18876593,0.00032552,0.00536773,0.00154624,0.05082967,0.01651152,0.12882905
1.10755378,0.17110689,0.00029089,0.00569631,0.00157340,0.04804578,0.01622637,0.11462397
1.11355678,0.15684406,0.00026001,0.00624487,0.00163265,0.04635977,0.01638134,0.10248944
1.11955978,0.14602471,0.00023308,0.00701867,0.00172578,0.04579771,0.01698349,0.09244622
1.12556278,0.13867513,0.00021021,0.00802550,0.00185421,0.04638522,0.01804018,0.08449455
1.13156578,0.13480340,0.00019146,0.00927506,0.00201893,0.04814666,0.01955841,0.07861774
1.13756878,0.13440139,0.00017684,0.01077828,0.00222046,0.05110408,0.02154403,0.07478530
1.14357179,0.13744540,0.00016631,0.01254653,0.00245875,0.05527571,0.02400092,0.07295527
1.14957479,0.14389569,0.00015980,0.01459077,0.00273316,0.06067420,0.02692992,0.07307576
1.15557779,0.15369472,0.00015718,0.01692064,0.00304237,0.06730456,0.03032781,0.07508561
1.16158079,0.16676419,0.00015832,0.01954349,0.00338435,0.07516183,0.03418618,0.07891422
1.16758379,0.18300122,0.00016305,0.02246342,0.00375630,0.08422863,0.03849032,0.08448069
1.17358679,0.20227379,0.00017114,0.02568029,0.00415467,0.09447258,0.04321823,0.09169229
1.17958979,0.22441589,0.00018239,0.02918883,0.00457509,0.10584386,0.04833973,0.10044265
1.18559280,0.24922276,0.00019651,0.03297782,0.00501246,0.11827297,0.05381574,0.11060968
1.19159580,0.27644656,0.00021323,0.03702934,0.00546097,0.13166879,0.05959784,0.12205362
1.19759880,0.30579313,0.00023222,0.04131827,0.00591418,0.14591727,0.06562813,0.13461539
1.20360180,0.33691995,0.00025313,0.04581195,0.00636514,0.16088068,0.07183942,0.14811556
1.20960480,0.36943599,0.00027556,0.05047008,0.00680653,0.17639770,0.07815584,0.16235401
1.21560780,0.40290340,0.00029912,0.05524488,0.00723081,0.19228437,0.08449377,0.17711063
1.22161081,0.43684163,0.00032336,0.06008158,0.00763041,0.20833606,0.09076324,0.19214706
1.22761381,0.47073371,0.00034782,0.06491915,0.00799792,0.22433033,0.09686962,0.20720960
1.23361681,0.50403487,0.00037202,0.06969140,0.00832634,0.24003079,0.10271568,0.22203317
1.23961981,0.53618325,0.00039548,0.07432826,0.00860922,0.25519186,0.10820390,0.23634641
1.24562281,0.56661241,0.00041774,0.07875741,0.00884089,0.26956428,0.11323899,0.24987763
1.25162581,0.59476518,0.00043832,0.08290602,0.00901662,0.28290114,0.11773039,0.26236140
1.25762881,0.62010839,0.00045679,0.08670269,0.00913279,0.29496439,0.12159495,0.27354562
1.26363182,0.64214780,0.00047275,0.09007945,0.00918698,0.30553137,0.12475928,0.28319862
1.26963482,0.66044266,0.00048585,0.09297374,0.00917806,0.31440131,0.12716204,0.29111602
1.27563782,0.67461913,0.00049579,0.09533030,0.00910620,0.32140130,0.12875584,0.29712708
1.28164082,0.68438204,0.00050235,0.09710296,0.00897289,0.32639172,0.12950873,0.30110005
1.28764382,0.68952431,0.00050538,0.09825607,0.00878087,0.32927063,0.12940523,0.30294642
1.29364682,0.68993370,0.00050479,0.09876572,0.00853403,0.32997710,0.12844682,0.30262376
1.29964982,0.68559635,0.00050061,0.09862057,0.00823728,0.32849324,0.12665192,0.30013695
1.30565283,0.67659712,0.00049290,0.09782226,0.00789638,0.32484486,0.12405525,0.29553785
1.31165583,0.66311655,0.00048184,0.09638538,0.00751776,0.31910065,0.12070672,0.28892328
1.31765883,0.64542462,0.00046764,0.09433707,0.00710832,0.31137002,0.11666983,0.28043146
1.32366183,0.62387159,0.00045061,0.09171613,0.00667521,0.30179959,0.11201969,0.27023713
1.32966483,0.59887635,0.00043109,0.08857182,0.00622565,0.29056855,0.10684064,0.25854545
1.33566783,0.57091278,0.00040945,0.08496231,0.00576671,0.27788306,0.10122379,0.24558511
1.34167084,0.54049478,0.00038610,0.08095291,0.00530513,0.26396993,0.09526429,0.23160086
1.34767384,0.50816054,0.00036147,0.07661407,0.00484719,0.24906986,0.08905873,0.21684588
1.35367684,0.47445684,0.00033599,0.07201932,0.00439857,0.23343054,0.08270258,0.20157419
1.35967984,0.43992385,0.00031005,0.06724322,0.00396427,0.21729986,0.07628778,0.18603358
1.36568284,0.40508118,0.00028407,0.06235936,0.00354850,0.20091945,0.06990069,0.17045918
1.37168584,0.37041554,0.00025839,0.05743853,0.00315470,0.18451889,0.06362027,0.15506794
1.37768884,0.33637036,0.00023335,0.05254704,0.00278551,0.16831064,0.05751673,0.14005423
1.38369185,0.30333779,0.00020922,0.04774539,0.00244278,0.15248595,0.05165048,0.12558652
1.38969485,0.27165299,0.00018624,0.04308715,0.00212764,0.13721175,0.04607158,0.11180530
1.39569785,0.24159092,0.00016459,0.03861824,0.00184055,0.12262859,0.04081944,0.09882215
1.40170085,0.21336533,0.00014441,0.03437643,0.00158137,0.10884961,0.03592305,0.08671992
1.40770385,0.18712991,0.00012580,0.03039121,0.00134944,0.09596053,0.03140135,0.07555375
1.41370685,0.16298129,0.00010880,0.02668391,0.00114370,0.08402044,0.02726398,0.06535304
1.41970985,0.14096346,0.00009342,0.02326810,0.00096274,0.07306338,0.02351216,0.05612396
1.42571286,0.12107339,0.00007964,0.02015013,0.00080489,0.06310056,0.02013980,0.04785237
1.43171586,0.10326741,0.00006741,0.01732990,0.00066835,0.05412295,0.01713459,0.04050712
1.43771886,0.08746807,0.00005664,0.01480170,0.00055120,0.04610422,0.01447922,0.03404332
1.44372186,0.07357099,0.00004725,0.01255510,0.00045150,0.03900382,0.01215251,0.02840569
1.44972486,0.06145167,0.00003914,0.01057592,0.00036731,0.03277007,0.01013055,0.02353161
1.45572786,0.05097180,0.00003218,0.00884712,0.00029679,0.02734310,0.00838771,0.01935401
1.46173087,0.04198506,0.00002627,0.00734966,0.00023817,0.02265765,0.00689753,0.01580386
1.46773387,0.03434214,0.00002130,0.00606333,0.00018983,0.01864555,0.00563354,0.01281234
1.47373687,0.02789504,0.00001714,0.00496741,0.00015027,0.01523793,0.00456985,0.01031257
1.47973987,0.02250056,0.00001369,0.00404130,0.00011815,0.01236697,0.00368174,0.00824099
1.48574287,0.01802296,0.00001086,0.00326498,0.00009226,0.00996747,0.00294600,0.00653832
1.49174587,0.01433590,0.00000855,0.00261943,0.00007155,0.00797788,0.00234120,0.00515026
1.49774887,0.01132378,0.00000669,0.00208688,0.00005511,0.00634117,0.00184784,0.00402782
1.50375188,0.00888234,0.00000519,0.00165101,0.00004216,0.00500527,0.00144849,0.00312749
1.50975488,0.00691893,0.00000400,0.00129709,0.00003203,0.00392339,0.00112768,0.00241112
1.51575788,0.00535227,0.00000306,0.00101196,0.00002417,0.00305403,0.00087193,0.00184569
1.52176088,0.00411196,0.00000233,0.00078405,0.00001812,0.00236085,0.00066959,0.00140304
1.52776388,0.00313779,0.00000176,0.00060331,0.00001349,0.00181243,0.00051074,0.00105937
1.53376688,0.00237885,0.00000132,0.00046114,0.00000997,0.00138191,0.00038698,0.00079486
1.53976988,0.00179261,0.00000098,0.00035024,0.00000733,0.00104662,0.00029133,0.00059320
1.54577289,0.00134401,0.00000073,0.00026449,0.00000535,0.00078762,0.00021802,0.00044117
1.55177589,0.00100449,0.00000054,0.00019886,0.00000389,0.00058929,0.00016233,0.00032819
1.55777889,0.00075121,0.00000040,0.00014924,0.00000281,0.00043887,0.00012049,0.00024599
1.56378189,0.00056621,0.00000030,0.00011236,0.00000203,0.00032611,0.00008947,0.00018828
1.56978489,0.00043581,0.00000023,0.00008565,0.00000148,0.00024288,0.00006694,0.00015049
1.57578789,0.00035003,0.00000018,0.00006718,0.00000109,0.00018288,0.00005111,0.00012960
1.58179090,0.00030220,0.00000016,0.00005557,0.00000084,0.00014133,0.00004068,0.00012398
1.58779390,0.00028869,0.00000016,0.00004997,0.00000069,0.00011479,0.00003475,0.00013335
1.59379690,0.00030875,0.00000018,0.00004998,0.00000063,0.00010099,0.00003281,0.00015879
1.59979990,0.00036452,0.00000021,0.00005565,0.00000065,0.00009867,0.00003466,0.00020282
1.60580290,0.00046122,0.00000027,0.00006755,0.00000074,0.00010754,0.00004047,0.00026959
1.61180590,0.00060741,0.00000036,0.00008670,0.00000092,0.00012825,0.00005070,0.00036510
1.61780890,0.00081549,0.00000049,0.00011473,0.00000120,0.00016240,0.00006617,0.00049757
1.62381191,0.00110232,0.00000067,0.00015388,0.00000160,0.00021260,0.00008812,0.00067782
1.62981491,0.00149001,0.00000090,0.00020716,0.00000214,0.00028258,0.00011820,0.00091985
1.63581791,0.00200687,0.00000122,0.00027844,0.00000287,0.00037732,0.00015859,0.00124142
1.64182091,0.00268849,0.00000163,0.00037261,0.00000384,0.00050326,0.00021204,0.00166476
1.64782391,0.00357901,0.00000217,0.00049576,0.00000511,0.00066848,0.00028200,0.00221731
1.65382691,0.00473243,0.00000287,0.00065535,0.00000675,0.00088293,0.00037269,0.00293264
1.65982991,0.00621401,0.00000377,0.00086040,0.00000887,0.00115870,0.00048925,0.00385127
1.66583292,0.00810176,0.00000492,0.00112170,0.00001156,0.00151028,0.00063780,0.00502157
1.67183592,0.01048771,0.00000637,0.00145198,0.00001496,0.00195478,0.00082558,0.00650062
1.67783892,0.01347919,0.00000818,0.00186611,0.00001923,0.00251218,0.00106104,0.00835498
1.68384192,0.01719979,0.00001044,0.00238118,0.00002454,0.00320549,0.00135389,0.01066125
1.68984492,0.02178991,0.00001323,0.00301663,0.00003108,0.00406087,0.00171519,0.01350648
1.69584792,0.02740684,0.00001664,0.00379424,0.00003910,0.00510762,0.00215732,0.01698818
1.70185093,0.03422420,0.00002078,0.00473804,0.00004882,0.00637809,0.00269394,0.02121395
1.70785393,0.04243048,0.00002576,0.00587413,0.00006053,0.00790741,0.00333989,0.02630065
1.71385693,0.05222671,0.00003171,0.00723033,0.00007450,0.00973305,0.00411100,0.03237288
1.71985993,0.06382304,0.00003875,0.00883573,0.00009104,0.01189415,0.00502380,0.03956090
1.72586293,0.07743411,0.00004702,0.01072006,0.00011046,0.01443072,0.00609518,0.04799777
1.73186593,0.09327325,0.00005664,0.01291285,0.00013306,0.01738252,0.00734195,0.05781571
1.73786893,0.11154544,0.00006773,0.01544247,0.00015912,0.02078775,0.00878024,0.06914178
1.74387194,0.13243920,0.00008042,0.01833503,0.00018893,0.02468153,0.01042488,0.08209284
1.74987494,0.15611736,0.00009480,0.02161306,0.00022270,0.02909423,0.01228869,0.09676982
1.75587794,0.18270726,0.00011094,0.02529420,0.00026064,0.03404955,0.01438170,0.11325166
1.76188094,0.21229041,0.00012891,0.02938972,0.00030284,0.03956270,0.01671032,0.13158886
1.76788394,0.24489216,0.00014870,0.03390314,0.00034934,0.04563841,0.01927655,0.15179716
1.77388694,0.28047190,0.00017031,0.03882884,0.00040010,0.05226909,0.02207719,0.17385137
1.77988994,0.31891414,0.00019365,0.04415082,0.00045494,0.05943324,0.02510315,0.19767991
1.78589295,0.36002126,0.00021861,0.04984174,0.00051358,0.06709401,0.02833888,0.22316029
1.79189595,0.40350830,0.00024502,0.05586213,0.00057561,0.07519831,0.03176194,0.25011587
1.79789895,0.44900044,0.00027264,0.06216011,0.00064051,0.08367628,0.03534282,0.27831431
1.80390195,0.49603351,0.00030120,0.06867142,0.00070760,0.09244142,0.03904500,0.30746791
1.80990495,0.54405803,0.00033036,0.07531998,0.00077611,0.10139132,0.04282522,0.33723608
1.81590795,0.59244687,0.00035975,0.08201897,0.00084514,0.11040912,0.04663412,0.36723007
1.82191096,0.64050655,0.00038893,0.08867239,0.00091370,0.11936558,0.05041710,0.39702005
1.82791396,0.68749213,0.00041746,0.09517709,0.00098072,0.12812186,0.05411553,0.42614426
1.83391696,0.73262527,0.00044487,0.10142533,0.00104511,0.13653291,0.05766814,0.45412027
1.83991996,0.77511493,0.00047067,0.10730759,0.00110572,0.14445130,0.06101266,0.48045774
1.84592296,0.81417991,0.00049439,0.11271569,0.00116145,0.15173146,0.06408759,0.50467249
1.85192596,0.84907254,0.00051558,0.11754612,0.00121123,0.15823404,0.06683407,0.52630108
1.85792896,0.87910231,0.00053382,0.12170327,0.00125408,0.16383034,0.06919774,0.54491556
1.86393197,0.90365859,0.00054874,0.12510257,0.00128912,0.16840655,0.07113051,0.56013747
1.86993497,0.92223128,0.00056002,0.12767335,0.00131563,0.17186759,0.07259222,0.57165071
1.87593797,0.93442847,0.00056744,0.12936130,0.00133305,0.17414041,0.07355198,0.57921248
1.88194097,0.93999034,0.00057083,0.13013039,0.00134102,0.17517655,0.07398930,0.58266189
1.88794397,0.93879844,0.00057013,0.12996409,0.00133937,0.17495389,0.07389479,0.58192573
1.89394697,0.93088004,0.00056535,0.12886603,0.00132814,0.17347745,0.07327054,0.57702122
1.89994997,0.91640738,0.00055661,0.12685988,0.00130758,0.17077926,0.07212998,0.56805551
1.90595298,0.89569167,0.00054408,0.12398843,0.00127815,0.16691721,0.07049747,0.55522206
1.91195598,0.86917239,0.00052806,0.12031220,0.00124050,0.16197306,0.06840743,0.53879396
1.91795898,0.83740222,0.00050887,0.11590723,0.00119541,0.15604962,0.06590311,0.51911476
1.92396198,0.80102857,0.00048692,0.11086255,0.00114385,0.14926732,0.06303515,0.49658695
1.92996498,0.76077239,0.00046266,0.10527722,0.00108686,0.14176022,0.05985989,0.47165896
1.93596798,0.71740547,0.00043656,0.09925710,0.00102558,0.13367177,0.05643756,0.44481118
1.94197099,0.67172712,0.00040913,0.09291160,0.00096119,0.12515044,0.05283040,0.41654157
1.94797399,0.62454135,0.00038088,0.08635050,0.00089489,0.11634549,0.04910088,0.38735163
1.95397699,0.57663552,0.00035230,0.07968087,0.00082789,0.10740291,0.04530993,0.35773329
1.95997999,0.52876116,0.00032388,0.07300439,0.00076133,0.09846186,0.04151544,0.32815716
1.96598299,0.48161774,0.00029607,0.06641502,0.00069631,0.08965163,0.03777091,0.29906261
1.97198599,0.43583984,0.00026929,0.05999717,0.00063386,0.08108917,0.03412443,0.27084994
1.97798899,0.39198785,0.00024393,0.05382430,0.00057492,0.07287740,0.03061788,0.24387479
1.98399200,0.35054246,0.00022032,0.04795810,0.00052036,0.06510412,0.02728646,0.21844486
1.98999500,0.31190260,0.00019876,0.04244818,0.00047095,0.05784159,0.02415852,0.19481877
1.99599800,0.27638666,0.00017948,0.03733212,0.00042736,0.05114681,0.02125559,0.17320688
2.00200100,0.24423650,0.00016271,0.03263604,0.00039020,0.04506219,0.01859270,0.15377387
2.00800400,0.21562357,0.00014861,0.02837542,0.00036002,0.03961673,0.01617884,0.13664252
2.01400700,0.19065678,0.00013730,0.02455623,0.00033728,0.03482751,0.01401761,0.12189858
2.02001001,0.16939123,0.00012888,0.02117620,0.00032243,0.03070130,0.01210791,0.10959597
2.02601301,0.15183734,0.00012343,0.01822617,0.00031585,0.02723638,0.01044477,0.09976227
2.03201601,0.13796962,0.00012099,0.01569151,0.00031790,0.02442418,0.00902006,0.09240379
2.03801901,0.12773484,0.00012157,0.01355347,0.00032891,0.02225091,0.00782332,0.08751018
2.04402201,0.12105885,0.00012517,0.01179038,0.00034919,0.02069894,0.00684241,0.08505811
2.05002501,0.11785207,0.00013176,0.01037881,0.00037900,0.01974797,0.00606413,0.08501393
2.05602801,0.11801320,0.00014129,0.00929447,0.00041857,0.01937583,0.00547479,0.08733522
2.06203102,0.12143133,0.00015369,0.00851294,0.00046808,0.01955902,0.00506054,0.09197110
2.06803402,0.12798623,0.00016884,0.00801027,0.00052763,0.02027301,0.00480773,0.09886151
2.07403702,0.13754733,0.00018661,0.00776335,0.00059724,0.02149214,0.00470311,0.10793549
2.08004002,0.14997130,0.00020682,0.00775010,0.00067682,0.02318939,0.00473392,0.11910867
2.08604302,0.16509894,0.00022927,0.00794960,0.00076613,0.02533597,0.00488793,0.13228031
2.09204602,0.18275150,0.00025371,0.00834202,0.00086482,0.02790070,0.00515344,0.14733015
2.09804902,0.20272704,0.00027984,0.00890863,0.00097234,0.03084956,0.00551919,0.16411538
2.10405203,0.22479728,0.00030733,0.00963157,0.00108798,0.03414507,0.00597429,0.18246817
2.11005503,0.24870544,0.00033581,0.01049386,0.00121085,0.03774597,0.00650816,0.20219398
2.11605803,0.27416536,0.00036488,0.01147925,0.00133987,0.04160701,0.00711049,0.22307114
2.12206103,0.30086238,0.00039410,0.01257231,0.00147380,0.04567904,0.00777118,0.24485175
2.12806403,0.32845631,0.00042302,0.01375847,0.00161127,0.04990938,0.00848048,0.26726425
2.13406703,0.35658645,0.00045117,0.01502428,0.00175078,0.05424259,0.00922901,0.29001770
2.14007004,0.38487892,0.00047809,0.01635775,0.00189077,0.05862151,0.01000800,0.31280790
2.14607304,0.41295604,0.00050333,0.01774883,0.00202969,0.06298876,0.01080953,0.33532503
2.15207604,0.44044767,0.00052649,0.01918997,0.00216600,0.06728844,0.01162682,0.35726288
2.15807904,0.46700402,0.00054717,0.02067681,0.00229830,0.07146815,0.01245464,0.37832917
2.16408204,0.49230945,0.00056507,0.02220895,0.00242538,0.07548118,0.01328967,0.39825668
2.17008504,0.51609674,0.00057994,0.02379063,0.00254626,0.07928878,0.01413096,0.41681462
2.17608804,0.53816096,0.00059163,0.02543154,0.00266029,0.08286242,0.01498030,0.43381977
2.18209105,0.55837242,0.00060005,0.02714746,0.00276722,0.08618586,0.01584262,0.44914679
2.18809405,0.57668767,0.00060524,0.02896073,0.00286720,0.08925698,0.01672627,0.46273705
2.19409705,0.59315804,0.00060733,0.03090062,0.00296085,0.09208924,0.01764323,0.47460550
2.20010005,0.60793495,0.00060655,0.03300335,0.00304926,0.09471256,0.01860920,0.48484509
2.20610305,0.62127138,0.00060323,0.03531185,0.00313400,0.09717363,0.01964347,0.49362818
2.21210605,0.63351919,0.00059779,0.03787513,0.00321709,0.09953555,0.02076874,0.50120488
2.21810905,0.64512195,0.00059072,0.04074727,0.00330092,0.10187670,0.02201059,0.50789786
2.22411206,0.65660327,0.00058259,0.04398602,0.00338822,0.10428882,0.02339691,0.51409386
2.23011506,0.66855081,0.00057401,0.04765095,0.00348196,0.10687445,0.02495700,0.52023197
2.23611806,0.68159633,0.00056562,0.05180125,0.00358521,0.10974356,0.02672058,0.52678893
2.24212106,0.69639243,0.00055806,0.05649317,0.00370108,0.11300962,0.02871659,0.53426199
2.24812406,0.71358668,0.00055196,0.06177724,0.00383250,0.11678524,0.03097187,0.54314993
2.25412706,0.73379424,0.00054791,0.06769521,0.00398217,0.12117739,0.03350979,0.55393294
2.26013007,0.75756988,0.00054645,0.07427707,0.00415237,0.12628254,0.03634883,0.56705216
2.26613307,0.78538084,0.00054802,0.08153803,0.00434486,0.13218181,0.03950113,0.58288978
2.27213607,0.81758137,0.00055299,0.08947582,0.00456075,0.13893641,0.04297128,0.60175049
2.27813907,0.85439054,0.00056159,0.09806821,0.00480043,0.14658353,0.04675514,0.62384526
2.28414207,0.89587412,0.00057393,0.10727127,0.00506348,0.15513288,0.05083895,0.64927798
2.29014507,0.94193153,0.00059001,0.11701807,0.00534866,0.16456414,0.05519873,0.67803590
2.29614807,0.99228882,0.00060967,0.12721836,0.00565389,0.17482537,0.05980000,0.70998409
2.30215108,1.04649793,0.00063262,0.13775895,0.00597625,0.18583254,0.06459793,0.74486449
2.30815408,1.10394263,0.00065845,0.14850522,0.00631211,0.19747028,0.06953781,0.78229953
2.31415708,1.16385117,0.00068661,0.15930339,0.00665715,0.20959385,0.07455605,0.82180035
2.32016008,1.22531501,0.00071648,0.16998390,0.00700649,0.22203222,0.07958146,0.86277919
2.32616308,1.28731334,0.00074732,0.18036551,0.00735486,0.23459230,0.08453695,0.90456573
2.33216608,1.34874216,0.00077836,0.19026019,0.00769672,0.24706413,0.08934154,0.94642648
2.33816908,1.40844694,0.00080875,0.19947852,0.00802645,0.25922671,0.09391262,0.98758659
2.34417209,1.46525756,0.00083768,0.20783549,0.00833848,0.27085448,0.09816828,1.02725305
2.35017509,1.51802395,0.00086431,0.21515639,0.00862749,0.28172400,0.10202982,1.06463850
2.35617809,1.56565106,0.00088787,0.22128250,0.00888851,0.29162064,0.10542408,1.09898449
2.36218109,1.60713181,0.00090763,0.22607646,0.00911710,0.30034497,0.10828573,1.12958345
2.36818409,1.64157648,0.00092297,0.22942697,0.00930941,0.30771865,0.11055924,1.15579835
2.37418709,1.66823767,0.00093337,0.23125264,0.00946229,0.31358953,0.11220055,1.17707955
2.38019010,1.68652975,0.00093843,0.23150477,0.00957334,0.31783579,0.11317834,1.19297807
2.38619310,1.69604230,0.00093790,0.23016904,0.00964093,0.32036897,0.11347484,1.20315513
2.39219610,1.69654718,0.00093164,0.22726583,0.00966420,0.32113582,0.11308618,1.20738766
2.39819910,1.68799926,0.00091967,0.22284946,0.00964304,0.32011891,0.11202219,1.20556990
2.40420210,1.67053115,0.00090215,0.21700609,0.00957804,0.31733605,0.11030588,1.19771118
2.41020510,1.64444239,0.00087935,0.20985057,0.00947044,0.31283859,0.10797235,1.18393042
2.41620810,1.61018402,0.00085167,0.20152240,0.00932203,0.30670875,0.10506744,1.16444768
2.42221111,1.56833934,0.00081959,0.19218090,0.00913512,0.29905611,0.10164603,1.13957337
2.42821411,1.51960201,0.00078368,0.18199989,0.00891241,0.29001347,0.09777018,1.10969583
2.43421711,1.46475248,0.00074457,0.17116213,0.00865693,0.27973229,0.09350716,1.07526782
2.44022011,1.40463377,0.00070292,0.15985372,0.00837196,0.26837792,0.08892737,1.03679241
2.44622311,1.34012766,0.00065940,0.14825875,0.00806098,0.25612478,0.08410245,0.99480909
2.45222611,1.27213203,0.00061470,0.13655435,0.00772757,0.24315172,0.07910338,0.94988024
2.45822911,1.20154002,0.00056944,0.12490632,0.00737538,0.22963769,0.07399883,0.90257852
2.46423212,1.12922153,0.00052426,0.11346557,0.00700809,0.21575778,0.06885376,0.85347537
2.47023512,1.05600743,0.00047970,0.10236528,0.00662935,0.20167985,0.06372822,0.80313079
2.47623812,0.98267658,0.00043627,0.09171898,0.00624274,0.18756164,0.05867646,0.75208450
2.48224112,0.90994569,0.00039439,0.08161947,0.00585176,0.17354855,0.05374628,0.70084844
2.48824412,0.83846190,0.00035442,0.07213856,0.00545979,0.15977193,0.04897874,0.64990070
2.49424712,0.76879797,0.00031663,0.06332753,0.00507007,0.14634795,0.04440794,0.59968064
2.50025013,0.70144973,0.00028125,0.05521819,0.00468567,0.13337698,0.04006117,0.55058522
2.50625313,0.63683548,0.00024841,0.04782454,0.00430947,0.12094344,0.03595916,0.50296640
2.51225613,0.57529716,0.00021820,0.04114472,0.00394414,0.10911602,0.03211648,0.45712953
2.51825913,0.51710290,0.00019064,0.03516323,0.00359213,0.09794822,0.02854205,0.41333261
2.52426213,0.46245065,0.00016570,0.02985334,0.00325563,0.08747917,0.02523970,0.37178635
2.53026513,0.41147275,0.00014333,0.02517945,0.00293660,0.07773468,0.02220884,0.33265503
2.53626813,0.36424117,0.00012344,0.02109936,0.00263674,0.06872844,0.01944505,0.29605803
2.54227114,0.32077319,0.00010592,0.01756649,0.00235748,0.06046328,0.01694074,0.26207195
2.54827414,0.28103750,0.00009062,0.01453174,0.00210005,0.05293257,0.01468574,0.23073340
2.55427714,0.24496043,0.00007744,0.01194521,0.00186542,0.04612158,0.01266789,0.20204221
2.56028014,0.21243232,0.00006622,0.00975762,0.00165435,0.04000895,0.01087353,0.17596517
2.56628314,0.18331384,0.00005685,0.00792139,0.00146747,0.03456800,0.00928800,0.15244007
2.57228614,0.15744224,0.00004921,0.00639157,0.00130521,0.02976808,0.00789607,0.13138002
2.57828914,0.13463732,0.00004321,0.00512643,0.00116795,0.02557584,0.00668226,0.11267793
2.58429215,0.11470721,0.00003877,0.00408785,0.00105594,0.02195635,0.00563122,0.09621103
2.59029515,0.09745364,0.00003586,0.00324152,0.00096944,0.01887420,0.00472790,0.08184532
2.59629815,0.08267690,0.00003446,0.00255703,0.00090867,0.01629440,0.00395788,0.06943985
2.60230115,0.07018021,0.00003458,0.00200776,0.00087387,0.01418318,0.00330741,0.05885072
2.60830415,0.05977348,0.00003630,0.00157070,0.00086529,0.01250867,0.00276364,0.04993474
2.61430715,0.05127663,0.00003972,0.00122626,0.00088324,0.01124134,0.00231463,0.04255264
2.62031016,0.04452214,0.00004499,0.00095797,0.00092799,0.01035440,0.00194946,0.03657186
2.62631316,0.03935711,0.00005233,0.00075220,0.00099986,0.00982402,0.00165820,0.03186874
2.63231616,0.03564463,0.00006200,0.00059784,0.00109909,0.00962933,0.00143195,0.02833036
2.63831916,0.03326472,0.00007435,0.00048607,0.00122584,0.00975246,0.00126275,0.02585576
2.64432216,0.03211470,0.00008977,0.00041002,0.00138011,0.01017826,0.00114360,0.02435680
2.65032516,0.03210911,0.00010876,0.00036460,0.00156169,0.01089412,0.00106835,0.02375852
2.65632816,0.03317930,0.00013190,0.00034627,0.00177010,0.01188962,0.00103166,0.02399922
2.66233117,0.03527267,0.00015984,0.00035281,0.00200447,0.01315611,0.00102887,0.02503016
2.66833417,0.03835175,0.00019335,0.00038320,0.00226351,0.01468632,0.00105599,0.02681506
2.67433717,0.04239292,0.00023329,0.00043750,0.00254545,0.01647395,0.00110954,0.02932931
2.68034017,0.04738520,0.00028063,0.00051667,0.00284798,0.01851328,0.00118655,0.03255911
2.68634317,0.05332869,0.00033642,0.00062252,0.00316818,0.02079874,0.00128444,0.03650033
2.69234617,0.06023311,0.00040181,0.00075759,0.00350259,0.02332461,0.00140098,0.04115737
2.69834917,0.06811603,0.00047803,0.00092508,0.00384714,0.02608472,0.00153422,0.04654181
2.70435218,0.07700116,0.00056638,0.00112871,0.00419725,0.02907221,0.00168251,0.05267096
2.71035518,0.08691635,0.00066818,0.00137269,0.00454786,0.03227930,0.00184442,0.05956626
2.71635818,0.09789147,0.00078475,0.00166160,0.00489351,0.03569711,0.00201877,0.06725152
2.72236118,0.10995607,0.00091739,0.00200024,0.00522850,0.03931553,0.00220463,0.07575096
2.72836418,0.12313685,0.00106731,0.00239358,0.00554700,0.04312302,0.00240133,0.08508714
2.73436718,0.13745480,0.00123558,0.00284659,0.00584321,0.04710649,0.00260851,0.09527860
2.74037019,0.15292225,0.00142307,0.00336416,0.00611152,0.05125104,0.00282618,0.10633745
2.74637319,0.16953970,0.00163037,0.00395091,0.00634669,0.05553978,0.00305475,0.11826676
2.75237619,0.18729257,0.00185775,0.00461114,0.00654400,0.05995353,0.00329509,0.13105797
2.75837919,0.20614801,0.00210509,0.00534868,0.00669942,0.06447051,0.00354862,0.14468828
2.76438219,0.22605188,0.00237179,0.00616681,0.00680976,0.06906604,0.00381739,0.15911827
2.77038519,0.24692616,0.00265673,0.00706822,0.00687272,0.07371220,0.00410411,0.17428980
2.77638819,0.26866683,0.00295824,0.00805494,0.00688704,0.07837754,0.00441229,0.19012432
2.78239120,0.29114264,0.00327405,0.00912839,0.00685250,0.08302686,0.00474621,0.20652190
2.78839420,0.31419479,0.00360129,0.01028941,0.00676994,0.08762115,0.00511107,0.22336093
2.79439720,0.33763776,0.00393650,0.01153833,0.00664125,0.09211758,0.00551296,0.24049880
2.80040020,0.36126149,0.00427568,0.01287514,0.00646926,0.09646982,0.00595889,0.25777351
2.80640320,0.38483485,0.00461430,0.01429961,0.00625766,0.10062851,0.00645684,0.27500644
2.81240620,0.40811055,0.00494748,0.01581147,0.00601091,0.10454200,0.00701563,0.29200608
2.81840920,0.43083132,0.00527000,0.01741061,0.00573403,0.10815738,0.00764491,0.30857290
2.82441221,0.45273719,0.00557650,0.01909726,0.00543247,0.11142176,0.00835503,0.32450498
2.83041521,0.47357372,0.00586160,0.02087209,0.00511193,0.11428373,0.00915684,0.33960445
2.83641821,0.49310074,0.00612007,0.02273637,0.00477819,0.11669512,0.01006151,0.35368433
2.84242121,0.51110126,0.00634699,0.02469195,0.00443694,0.11861274,0.01108024,0.36657556
2.84842421,0.52739009,0.00653790,0.02674125,0.00409363,0.12000023,0.01222392,0.37813383
2.85442721,0.54182182,0.00668901,0.02888712,0.00375334,0.12082988,0.01350279,0.38824592
2.86043022,0.55429751,0.00679727,0.03113256,0.00342068,0.12108425,0.01492598,0.39683517
2.86643322,0.56476987,0.00686053,0.03348042,0.00309966,0.12075759,0.01650107,0.40386577
2.87243622,0.57324653,0.00687760,0.03593297,0.00279370,0.11985686,0.01823365,0.40934561
2.87843922,0.57979112,0.00684833,0.03849138,0.00250552,0.11840247,0.02012679,0.41332748
2.88444222,0.58452206,0.00677361,0.04115519,0.00223721,0.11642838,0.02218065,0.41590843
2.89044522,0.58760897,0.00665535,0.04392173,0.00199020,0.11398186,0.02439206,0.41722741
2.89644822,0.58926698,0.00649641,0.04678555,0.00176528,0.11112263,0.02675415,0.41746106
2.90245123,0.58974891,0.00630055,0.04973795,0.00156271,0.10792157,0.02925614,0.41681785
2.90845423,0.58933584,0.00607225,0.05276655,0.00138223,0.10445887,0.03188320,0.41553093
2.91445723,0.58832649,0.00581661,0.05585506,0.00122315,0.10082192,0.03461644,0.41384973
2.92046023,0.58702571,0.00553914,0.05898311,0.00108445,0.09710280,0.03743305,0.41203092
2.92646323,0.58573285,0.00524564,0.06212638,0.00096482,0.09339560,0.04030662,0.41032893
2.93246623,0.58473035,0.00494196,0.06525686,0.00086274,0.08979360,0.04320753,0.40898649
2.93846923,0.58427309,0.00463385,0.06834336,0.00077660,0.08638654,0.04610362,0.40822569
2.94447224,0.58457910,0.00432681,0.07135217,0.00070471,0.08325802,0.04896081,0.40823968
2.95047524,0.58582172,0.00402591,0.07424796,0.00064540,0.08048305,0.05174404,0.40918567
2.95647824,0.58812391,0.00373568,0.07699478,0.00059703,0.07812611,0.05441807,0.41117920
2.96248124,0.59155456,0.00346002,0.07955717,0.00055808,0.07623951,0.05694853,0.41429011
2.96848424,0.59612717,0.00320210,0.08190136,0.00052715,0.07486231,0.05930286,0.41854033
2.97448724,0.60180078,0.00296435,0.08399645,0.00050302,0.07401973,0.06145126,0.42390340
2.98049025,0.60848315,0.00274840,0.08581552,0.00048463,0.07372319,0.06336763,0.43030604
2.98649325,0.61603607,0.00255514,0.08733672,0.00047113,0.07397081,0.06503039,0.43763135
2.99249625,0.62428234,0.00238475,0.08854417,0.00046186,0.07474850,0.06642323,0.44572386
2.99849925,0.63301451,0.00223673,0.08942864,0.00045638,0.07603146,0.06753570,0.45439594
3.00450225,0.64200460,0.00210999,0.08998807,0.00045440,0.07778610,0.06836364,0.46343553
3.01050525,0.65101473,0.00200296,0.09022786,0.00045588,0.07997224,0.06890958,0.47261484
3.01650825,0.65980804,0.00191366,0.09016088,0.00046090,0.08254553,0.06918283,0.48169957
3.02251126,0.66815951,0.00183982,0.08980726,0.00046972,0.08545983,0.06919951,0.49045846
3.02851426,0.67586624,0.00177900,0.08919391,0.00048272,0.08866969,0.06898245,0.49867271
3.03451726,0.68275666,0.00172866,0.08835380,0.00050041,0.09213245,0.06856083,0.50614475
3.04052026,0.68869838,0.00168626,0.08732514,0.00052335,0.09581018,0.06796982,0.51270618
3.04652326,0.69360410,0.00164937,0.08615020,0.00055216,0.09967109,0.06724997,0.51822439
3.05252626,0.69743543,0.00161573,0.08487416,0.00058747,0.10369048,0.06644653,0.52260749
3.05852926,0.70020433,0.00158331,0.08354372,0.00062991,0.10785111,0.06560859,0.52580748
3.06453227,0.70197191,0.00155034,0.08220569,0.00068003,0.11214289,0.06478818,0.52782121
3.07053527,0.70284475,0.00151539,0.08090550,0.00073828,0.11656203,0.06403910,0.52868929
3.07653827,0.70296864,0.00147733,0.07968577,0.00080500,0.12110957,0.06341575,0.52849280
3.08254127,0.70252012,0.00143539,0.07858485,0.00088035,0.12578940,0.06297181,0.52734797
3.08854427,0.70169607,0.00138910,0.07763551,0.00096430,0.13060586,0.06275881,0.52539907
3.09454727,0.70070189,0.00133830,0.07686375,0.00105659,0.13556117,0.06282459,0.52280985
3.10055028,0.69973876,0.00128313,0.07628776,0.00115672,0.14065263,0.06321183,0.51975393
3.10655328,0.69899074,0.00122392,0.07591714,0.00126392,0.14587001,0.06395642,0.51640463
3.11255628,0.69861231,0.00116125,0.07575238,0.00137717,0.15119318,0.06508600,0.51292484
3.11855928,0.69871714,0.00109582,0.07578461,0.00149517,0.15659011,0.06661854,0.50945735
3.12456228,0.69936858,0.00102843,0.07599571,0.00161641,0.16201560,0.06856106,0.50611637
3.13056528,0.70057273,0.00095997,0.07635877,0.00173913,0.16741058,0.07090866,0.50298049
3.13656828,0.70227420,0.00089133,0.07683879,0.00186139,0.17270241,0.07364374,0.50008766
3.14257129,0.70435523,0.00082339,0.07739386,0.00198112,0.17780586,0.07673564,0.49743242
3.14857429,0.70663804,0.00075696,0.07797651,0.00209617,0.18262505,0.08014071,0.49496553
3.15457729,0.70889055,0.00069281,0.07853537,0.00220436,0.18705617,0.08380274,0.49259604
3.16058029,0.71083507,0.00063158,0.07901700,0.00230357,0.19099083,0.08765390,0.49019576
3.16658329,0.71215979,0.00057384,0.07936786,0.00239179,0.19431999,0.09161623,0.48760573
3.17258629,0.71253227,0.00052002,0.07953631,0.00246719,0.19693818,0.09560343,0.48464460
3.17858929,0.71161440,0.00047045,0.07947455,0.00252822,0.19874787,0.09952316,0.48111816
3.18459230,0.70907808,0.00042539,0.07914043,0.00257363,0.19966371,0.10327966,0.47682974
3.19059530,0.70462078,0.00038497,0.07849911,0.00260256,0.19961645,0.10677662,0.47159086
3.19659830,0.69798016,0.00034930,0.07752427,0.00261456,0.19855635,0.10992018,0.46523151
3.20260130,0.68894723,0.00031841,0.07619922,0.00260964,0.19645585,0.11262197,0.45760969
3.20860430,0.67737721,0.00029232,0.07451736,0.00258829,0.19331141,0.11480206,0.44861962
3.21460730,0.66319773,0.00027108,0.07248244,0.00255149,0.18914441,0.11639167,0.43819832
3.22061031,0.64641408,0.00025475,0.07010834,0.00250068,0.18400114,0.11733559,0.42633026
3.22661331,0.62711123,0.00024345,0.06741841,0.00243781,0.17795175,0.11759410,0.41305003
3.23261631,0.60545276,0.00023740,0.06444455,0.00236522,0.17108842,0.11714435,0.39844280
3.23861931,0.58167679,0.00023691,0.06122598,0.00228570,0.16352268,0.11598126,0.38264285
3.24462231,0.55608925,0.00024244,0.05780776,0.00220237,0.15538215,0.11411765,0.36583018
3.25062531,0.52905495,0.00025457,0.05423917,0.00211866,0.14680682,0.11158387,0.34822556
3.25662831,0.50098686,0.00027405,0.05057207,0.00203828,0.13794507,0.10842671,0.33008424
3.26263132,0.47233425,0.00030181,0.04685923,0.00196512,0.12894954,0.10470788,0.31168876
3.26863432,0.44357020,0.00033892,0.04315277,0.00190323,0.11997319,0.10050189,0.29334108
3.27463732,0.41517892,0.00038662,0.03950274,0.00185673,0.11116545,0.09589367,0.27535449
3.28064032,0.38764356,0.00044629,0.03595593,0.00182977,0.10266885,0.09097585,0.25804561
3.28664332,0.36143470,0.00051942,0.03255492,0.00182646,0.09461604,0.08584590,0.24172664
3.29264632,0.33700001,0.00060761,0.02933734,0.00185082,0.08712735,0.08060321,0.22669817
3.29864932,0.31475512,0.00071249,0.02633549,0.00190669,0.08030880,0.07534632,0.21324276
3.30465233,0.29507611,0.00083568,0.02357620,0.00199771,0.07425078,0.07017025,0.20161928
3.31065533,0.27829334,0.00097874,0.02108087,0.00212719,0.06902710,0.06516410,0.19205813
3.31665833,0.26468694,0.00114309,0.01886587,0.00229809,0.06469460,0.06040905,0.18475739
3.32266133,0.25448367,0.00132996,0.01694299,0.00251295,0.06129306,0.05597660,0.17987989
3.32866433,0.24785519,0.00154026,0.01532018,0.00277376,0.05884555,0.05192741,0.17755109
3.33466733,0.24491758,0.00177455,0.01400224,0.00308198,0.05735898,0.04831033,0.17785788
3.34067034,0.24573206,0.00203295,0.01299175,0.00343838,0.05682492,0.04516207,0.18084818
3.34667334,0.25030679,0.00231505,0.01228990,0.00384310,0.05722058,0.04250705,0.18653137
3.35267634,0.25859969,0.00261987,0.01189738,0.00429553,0.05850998,0.04035775,0.19487944
3.35867934,0.27052221,0.00294578,0.01181521,0.00479434,0.06064521,0.03871534,0.20582911
3.36468234,0.28594402,0.00329053,0.01204551,0.00533745,0.06356792,0.03757051,0.21928456
3.37068534,0.30469861,0.00365117,0.01259216,0.00592215,0.06721081,0.03690463,0.23512113
3.37668834,0.32658963,0.00402412,0.01346136,0.00654506,0.07149942,0.03669099,0.25318971
3.38269135,0.35139798,0.00440519,0.01466206,0.00720234,0.07635392,0.03689617,0.27332185
3.38869435,0.37888950,0.00478966,0.01620621,0.00788975,0.08169111,0.03748155,0.29533560
3.39469735,0.40882307,0.00517238,0.01810882,0.00860282,0.08742654,0.03840475,0.31904176
3.40070035,0.44095877,0.00554790,0.02038793,0.00933707,0.09347664,0.03962112,0.34425047
3.40670335,0.47506602,0.00591058,0.02306427,0.01008815,0.09976091,0.04108514,0.37077784
3.41270635,0.51093113,0.00625480,0.02616079,0.01085208,0.10620405,0.04275171,0.39845243
3.41870935,0.54836397,0.00657510,0.02970198,0.01162541,0.11273796,0.04457735,0.42712105
3.42471236,0.58720335,0.00686637,0.03371296,0.01240541,0.11930347,0.04652120,0.45665374
3.43071536,0.62732069,0.00712401,0.03821840,0.01319018,0.12585174,0.04854586,0.48694751
3.43671836,0.66862165,0.00734408,0.04324125,0.01397874,0.13234521,0.05061798,0.51792848
3.44272136,0.71104539,0.00752343,0.04880134,0.01477106,0.13875805,0.05270870,0.54955224
3.44872436,0.75456135,0.00765983,0.05491388,0.01556802,0.14507600,0.05479375,0.58180222
3.45472736,0.79916351,0.00775203,0.06158785,0.01637133,0.15129552,0.05685348,0.61468598
3.46073037,0.84486213,0.00779977,0.06882441,0.01718328,0.15742244,0.05887249,0.64822947
3.46673337,0.89167341,0.00780379,0.07661535,0.01800657,0.16346984,0.06083923,0.68246944
3.47273637,0.93960733,0.00776580,0.08494172,0.01884398,0.16945554,0.06274535,0.71744426
3.47873937,0.98865436,0.00768837,0.09377251,0.01969801,0.17539914,0.06458494,0.75318358
3.48474237,1.03877165,0.00757483,0.10306379,0.02057052,0.18131874,0.06635371,0.78969737
3.49074537,1.08986952,0.00742910,0.11275799,0.02146238,0.18722765,0.06804811,0.82696486
3.49674837,1.14179913,0.00725557,0.12278371,0.02237306,0.19313123,0.06966451,0.86492403
3.50275138,1.19434194,0.00705886,0.13305589,0.02330036,0.19902392,0.07119842,0.90346241
3.50875438,1.24720200,0.00684372,0.14347650,0.02424011,0.20488691,0.07264384,0.94240958
3.51475738,1.30000147,0.00661479,0.15393569,0.02518606,0.21068644,0.07399278,0.98153211
3.52076038,1.35228010,0.00637648,0.16431347,0.02612972,0.21637289,0.07523492,1.02053132
3.52676338,1.40349873,0.00613282,0.17448176,0.02706049,0.22188082,0.07635760,1.05904411
3.53276638,1.45304727,0.00588737,0.18430702,0.02796573,0.22713000,0.07734583,1.09664709
3.53876938,1.50025663,0.00564312,0.19365306,0.02883112,0.23202736,0.07818272,1.13286402
3.54477239,1.54441474,0.00540245,0.20238427,0.02964095,0.23646984,0.07884998,1.16717632
3.55077539,1.58478565,0.00516714,0.21036896,0.03037866,0.24034804,0.07932863,1.19903635
3.55677839,1.62063144,0.00493836,0.21748279,0.03102737,0.24355045,0.07959982,1.22788304
3.56278139,1.65123573,0.00471673,0.22361217,0.03157044,0.24596813,0.07964582,1.25315915
3.56878439,1.67592805,0.00450238,0.22865752,0.03199216,0.24749948,0.07945095,1.27432962
3.57478739,1.69410804,0.00429506,0.23253627,0.03227831,0.24805505,0.07900259,1.29090021
3.58079040,1.70526833,0.00409421,0.23518550,0.03241673,0.24756192,0.07829210,1.30243559
3.58679340,1.70901537,0.00389907,0.23656410,0.03239787,0.24596769,0.07731567,1.30857634
3.59279640,1.70508719,0.00370876,0.23665445,0.03221519,0.24324358,0.07607505,1.30905397
3.59879940,1.69336745,0.00352241,0.23546348,0.03186544,0.23938681,0.07457808,1.30370349
3.60480240,1.67389515,0.00333922,0.23302313,0.03134890,0.23442184,0.07283905,1.29247299
3.61080540,1.64686971,0.00315849,0.22939014,0.03066936,0.22840071,0.07087892,1.27542980
3.61680840,1.61265111,0.00297972,0.22464523,0.02983411,0.22140226,0.06872522,1.25276311
3.62281141,1.57175527,0.00280264,0.21889161,0.02885369,0.21353034,0.06641187,1.22478283
3.62881441,1.52484458,0.00262718,0.21225299,0.02774159,0.20491125,0.06397871,1.19191478
3.63481741,1.47271418,0.00245348,0.20487099,0.02651379,0.19569026,0.06147085,1.15469242
3.64082041,1.41627431,0.00228191,0.19690216,0.02518829,0.18602765,0.05893792,1.11374525
3.64682341,1.35652937,0.00211300,0.18851454,0.02378457,0.17609431,0.05643308,1.06978445
3.65282641,1.29455426,0.00194741,0.17988400,0.02232296,0.16606704,0.05401195,1.02358606
3.65882941,1.23146891,0.00178591,0.17119035,0.02082409,0.15612387,0.05173140,0.97597236
3.66483242,1.16841149,0.00162930,0.16261333,0.01930833,0.14643938,0.04964832,0.92779182
3.67083542,1.10651124,0.00147841,0.15432859,0.01779525,0.13718040,0.04781821,0.87989845
3.67683842,1.04686150,0.00133400,0.14650368,0.01630316,0.12850192,0.04629385,0.83313087
3.68284142,0.99049370,0.00119679,0.13929430,0.01484872,0.12054356,0.04512388,0.78829184
3.68884442,0.93835287,0.00106738,0.13284062,0.01344665,0.11342651,0.04435144,0.74612880
3.69484742,0.89127537,0.00094626,0.12726406,0.01210949,0.10725105,0.04401283,0.70731577
3.70085043,0.84996912,0.00083377,0.12266432,0.01084746,0.10209463,0.04413625,0.67243724
3.70685343,0.81499714,0.00073012,0.11911696,0.00966846,0.09801053,0.04474066,0.64197444
3.71285643,0.78676448,0.00063537,0.11667138,0.00857804,0.09502712,0.04583480,0.61629421
3.71885943,0.76550903,0.00054945,0.11534946,0.00757952,0.09314766,0.04741641,0.59564096
3.72486243,0.75129649,0.00047215,0.11514477,0.00667416,0.09235065,0.04947166,0.58013184
3.73086543,0.74401970,0.00040318,0.11602244,0.00586134,0.09259070,0.05197489,0.56975530
3.73686843,0.74340232,0.00034214,0.11791979,0.00513878,0.09379986,0.05488863,0.56437315
3.74287144,0.74900710,0.00028855,0.12074755,0.00450284,0.09588951,0.05816404,0.56372609
3.74887444,0.76024846,0.00024189,0.12439196,0.00394873,0.09875260,0.06174167,0.56744263
3.75487744,0.77640932,0.00020162,0.12871748,0.00347079,0.10226640,0.06555262,0.57505123
3.76088044,0.79666171,0.00016717,0.13357015,0.00306275,0.10629554,0.06952006,0.58599534
3.76688344,0.82009083,0.00013797,0.13878161,0.00271798,0.11069546,0.07356119,0.59965095
3.77288644,0.84572182,0.00011349,0.14417360,0.00242965,0.11531608,0.07758944,0.61534613
3.77888944,0.87254857,0.00009320,0.14956286,0.00219102,0.12000561,0.08151699,0.63238212
3.78489245,0.89956364,0.00007663,0.15476624,0.00199550,0.12461455,0.08525745,0.65005501
3.79089545,0.92578841,0.00006335,0.15960590,0.00183690,0.12899956,0.08872871,0.66767764
3.79689845,0.95030232,0.00005299,0.16391451,0.00170945,0.13302726,0.09185569,0.68460072
3.80290145,0.97227033,0.00004523,0.16754000,0.00160795,0.13657772,0.09457305,0.70023248
3.80890445,0.99096738,0.00003981,0.17034999,0.00152782,0.13954755,0.09682766,0.71405622
3.81490745,1.00579911,0.00003653,0.17223556,0.00146514,0.14185252,0.09858076,0.72564499
3.82091046,1.01631797,0.00003525,0.17311421,0.00141666,0.14342954,0.09980957,0.73467292
3.82691346,1.02223402,0.00003589,0.17293191,0.00137984,0.14423794,0.10050854,0.74092282
3.83291646,1.02342013,0.00003842,0.17166425,0.00135280,0.14426004,0.10068985,0.74428964
3.83891946,1.01991135,0.00004287,0.16931649,0.00133429,0.14350088,0.10038337,0.74477987
3.84492246,1.01189842,0.00004930,0.16592263,0.00132368,0.14198727,0.09963587,0.74250683
3.85092546,0.99971597,0.00005785,0.16154347,0.00132089,0.13976606,0.09850970,0.73768222
3.85692846,0.98382566,0.00006864,0.15626389,0.00132630,0.13690181,0.09708070,0.73060416
3.86293147,0.96479523,0.00008186,0.15018928,0.00134069,0.13347394,0.09543569,0.72164248
3.86893447,0.94327430,0.00009771,0.14344146,0.00136518,0.12957341,0.09366944,0.71122171
3.87493747,0.91996788,0.00011639,0.13615415,0.00140110,0.12529916,0.09188126,0.69980266
3.88094047,0.89560875,0.00013810,0.12846830,0.00144991,0.12075451,0.09017144,0.68786315
3.88694347,0.87092976,0.00016305,0.12052734,0.00151313,0.11604343,0.08863751,0.67587884
3.89294647,0.84663716,0.00019139,0.11247269,0.00159217,0.11126712,0.08737058,0.66430474
3.89894947,0.82338575,0.00022326,0.10443952,0.00168833,0.10652086,0.08645190,0.65355811
3.90495248,0.80175695,0.00025873,0.09655305,0.00180260,0.10189116,0.08594964,0.64400329
3.91095548,0.78224020,0.00029780,0.08892551,0.00193566,0.09745352,0.08591622,0.63593893
3.91695848,0.76521842,0.00034043,0.08165363,0.00208776,0.09327067,0.08638611,0.62958802
3.92296148,0.75095779,0.00038644,0.07481703,0.00225867,0.08939134,0.08737425,0.62509082
3.92896448,0.73960196,0.00043559,0.06847716,0.00244762,0.08584966,0.08887523,0.62250102
3.93496748,0.73117090,0.00048751,0.06267711,0.00265327,0.08266512,0.09086313,0.62178495
3.94097049,0.72556394,0.00054176,0.05744197,0.00287373,0.07984295,0.09329215,0.62282387
3.94697349,0.72256705,0.00059775,0.05277979,0.00310652,0.07737508,0.09609793,0.62541920
3.95297649,0.72186376,0.00065482,0.04868305,0.00334868,0.07524140,0.09919959,0.62930031
3.95897949,0.72304924,0.00071222,0.04513054,0.00359677,0.07341140,0.10250235,0.63413474
3.96498249,0.72564705,0.00076910,0.04208950,0.00384697,0.07184602,0.10590069,0.63954032
3.97098549,0.72912792,0.00082458,0.03951789,0.00409522,0.07049968,0.10928189,0.64509886
3.97698849,0.73292982,0.00087773,0.03736690,0.00433730,0.06932237,0.11252989,0.65037096
3.98299150,0.73647860,0.00092761,0.03558325,0.00456903,0.06826180,0.11552918,0.65491137
3.98899450,0.73920867,0.00097329,0.03411156,0.00478634,0.06726540,0.11816879,0.65828444
3.99499750,0.74058274,0.00101390,0.03289645,0.00498549,0.06628232,0.12034594,0.66007914
4.00100050,0.74011027,0.00104862,0.03188450,0.00516321,0.06526512,0.12196955,0.65992313
4.00700350,0.73736370,0.00107674,0.03102586,0.00531681,0.06417133,0.12296310,0.65749533
4.01300650,0.73199217,0.00109769,0.03027564,0.00544434,0.06296470,0.12326707,0.65253669
4.01900950,0.72373219,0.00111101,0.02959493,0.00554468,0.06161615,0.12284063,0.64485858
4.02501251,0.71241487,0.00111642,0.02895156,0.00561761,0.06010446,0.12166269,0.63434874
4.03101551,0.69796970,0.00111380,0.02832048,0.00566384,0.05841661,0.11973210,0.62097430
4.03701851,0.68042461,0.00110321,0.02768391,0.00568504,0.05654778,0.11706727,0.60478213
4.04302151,0.65990255,0.00108488,0.02703113,0.00568377,0.05450111,0.11370495,0.58589623
4.04902451,0.63661486,0.00105919,0.02635812,0.00566346,0.05228717,0.10969850,0.56451255
4.05502751,0.61085167,0.00102669,0.02566693,0.00562823,0.04992317,0.10511561,0.54089139
4.06103052,0.58296994,0.00098805,0.02496491,0.00558280,0.04743204,0.10003561,0.51534787
4.06703352,0.55337969,0.00094404,0.02426382,0.00553231,0.04484130,0.09454651,0.48824075
4.07303652,0.52252913,0.00089552,0.02357887,0.00548210,0.04218188,0.08874195,0.45996040
4.07903952,0.49088927,0.00084342,0.02292771,0.00543753,0.03948692,0.08271814,0.43091619
4.08504252,0.45893886,0.00078866,0.02232951,0.00540378,0.03679059,0.07657092,0.40152413
4.09104552,0.42715012,0.00073219,0.02180406,0.00538558,0.03412693,0.07039309,0.37219511
4.09704852,0.39597606,0.00067492,0.02137099,0.00538710,0.03152891,0.06427213,0.34332436
4.10305153,0.36583974,0.00061772,0.02104914,0.00541171,0.02902756,0.05828827,0.31528247
4.10905453,0.33712584,0.00056139,0.02085613,0.00546186,0.02665137,0.05251309,0.28840837
4.11505753,0.31017497,0.00050663,0.02080806,0.00553899,0.02442583,0.04700858,0.26300443
4.12106053,0.28528064,0.00045408,0.02091955,0.00564342,0.02237325,0.04182672,0.23933381
4.12706353,0.26268903,0.00040424,0.02120383,0.00577437,0.02051281,0.03700946,0.21762010
4.13306653,0.24260127,0.00035754,0.02167316,0.00592996,0.01886075,0.03258919,0.19804902
4.13906953,0.22517816,0.00031430,0.02233937,0.00610729,0.01743083,0.02858955,0.18077218
4.14507254,0.21054682,0.00027475,0.02321459,0.00630256,0.01623494,0.02502648,0.16591233
4.15107554,0.19880887,0.00023903,0.02431206,0.00651122,0.01528383,0.02190954,0.15356998
4.15707854,0.19004963,0.00020721,0.02564702,0.00672814,0.01458792,0.01924333,0.14383087
4.16308154,0.18434779,0.00017931,0.02723758,0.00694787,0.01415816,0.01702895,0.13677381
4.16908454,0.18178500,0.00015529,0.02910554,0.00716480,0.01400694,0.01526544,0.13247852
4.17508754,0.18245476,0.00013510,0.03127707,0.00737346,0.01414884,0.01395117,0.13103294
4.18109055,0.18647007,0.00011864,0.03378315,0.00756867,0.01460135,0.01308498,0.13253959
4.18709355,0.19396933,0.00010584,0.03665976,0.00774583,0.01538543,0.01266718,0.13712058
4.19309655,0.20512011,0.00009664,0.03994767,0.00790103,0.01652583,0.01270029,0.14492094
4.19909955,0.22012026,0.00009096,0.04369189,0.00803123,0.01805121,0.01318948,0.15610993
4.20510255,0.23919627,0.00008881,0.04794061,0.00813435,0.01999392,0.01414272,0.17088011
4.21110555,0.26259860,0.00009020,0.05274374,0.00820935,0.02238959,0.01557062,0.18944410
4.21710855,0.29059405,0.00009520,0.05815096,0.00825618,0.02527625,0.01748596,0.21202892
4.22311156,0.32345515,0.00010391,0.06420933,0.00827578,0.02869330,0.01990293,0.23886808
4.22911456,0.36144699,0.00011651,0.07096059,0.00826996,0.03268001,0.02283609,0.27019140
4.23511756,0.40481174,0.00013322,0.07843816,0.00824129,0.03727388,0.02629909,0.30621314
4.24112056,0.45375156,0.00015429,0.08666396,0.00819290,0.04250868,0.03030328,0.34711851
4.24712356,0.50841043,0.00018004,0.09564525,0.00812829,0.04841238,0.03485602,0.39304936
4.25312656,0.56885582,0.00021079,0.10537164,0.00805114,0.05500491,0.03995915,0.44408938
4.25912956,0.63506095,0.00024692,0.11581232,0.00796508,0.06229602,0.04560727,0.50024966
4.26513257,0.70688865,0.00028879,0.12691393,0.00787350,0.07028314,0.05178623,0.56145518
4.27113557,0.78407771,0.00033679,0.13859896,0.00777936,0.07894951,0.05847171,0.62753300
4.27713857,0.86623259,0.00039124,0.15076507,0.00768506,0.08826259,0.06562814,0.69820281
4.28314157,0.95281721,0.00045246,0.16328528,0.00759228,0.09817287,0.07320784,0.77307053
4.28914457,1.04315359,0.00052069,0.17600925,0.00750198,0.10861327,0.08115062,0.85162545
4.29514757,1.13642575,0.00059609,0.18876558,0.00741430,0.11949902,0.08938383,0.93324131
4.30115058,1.23168893,0.00067869,0.20136517,0.00732865,0.13072825,0.09782280,1.01718165
4.30715358,1.32788444,0.00076842,0.21360564,0.00724372,0.14218322,0.10637191,1.10260939
4.31315658,1.42385950,0.00086504,0.22527651,0.00715762,0.15373227,0.11492607,1.18860064
4.31915958,1.51839175,0.00096813,0.23616512,0.00706801,0.16523231,0.12337265,1.27416222
4.32516258,1.61021754,0.00107711,0.24606299,0.00697225,0.17653192,0.13159392,1.35825259
4.33116558,1.69806296,0.00119117,0.25477244,0.00686757,0.18747496,0.13946974,1.43980520
4.33716858,1.78067646,0.00130933,0.26211301,0.00675125,0.19790440,0.14688054,1.51775375
4.34317159,1.85686178,0.00143038,0.26792764,0.00662078,0.20766645,0.15371043,1.59105802
4.34917459,1.92550982,0.00155295,0.27208810,0.00647405,0.21661464,0.15985039,1.65872965
4.35517759,1.98562811,0.00167549,0.27449957,0.00630941,0.22461382,0.16520126,1.71985649
4.36118059,2.03636687,0.00179629,0.27510411,0.00612585,0.23154381,0.16967660,1.77362497
4.36718359,2.07704038,0.00191355,0.27388279,0.00592299,0.23730265,0.17320519,1.81933922
4.37318659,2.10714311,0.00202539,0.27085651,0.00570118,0.24180924,0.17573312,1.85643668
4.37918959,2.12635995,0.00212992,0.26608540,0.00546146,0.24500533,0.17722536,1.88449937
4.38519260,2.13457031,0.00222527,0.25966682,0.00520553,0.24685680,0.17766678,1.90326070
4.39119560,2.13184627,0.00230965,0.25173214,0.00493569,0.24735411,0.17706258,1.91260777
4.39719860,2.11844504,0.00238144,0.24244243,0.00465478,0.24651208,0.17543812,1.91257924
4.40320160,2.09479624,0.00243918,0.23198327,0.00436602,0.24436888,0.17283822,1.90335912
4.40920460,2.06148510,0.00248169,0.22055890,0.00407295,0.24098442,0.16932587,1.88526704
4.41520760,2.01923216,0.00250805,0.20838606,0.00377929,0.23643823,0.16498051,1.85874561
4.42121061,1.96887077,0.00251768,0.19568773,0.00348881,0.23082678,0.15989596,1.82434558
4.42721361,1.91132332,0.00251034,0.18268707,0.00320526,0.22426071,0.15417802,1.78270953
4.43321661,1.84757723,0.00248615,0.16960169,0.00293224,0.21686162,0.14794189,1.73455479
4.43921961,1.77866150,0.00244561,0.15663862,0.00267313,0.20875908,0.14130954,1.68065635
4.44522261,1.70562483,0.00238956,0.14399002,0.00243105,0.20008745,0.13440704,1.62183019
4.45122561,1.62951553,0.00231918,0.13182968,0.00220879,0.19098301,0.12736201,1.55891759
4.45722861,1.55136400,0.00223597,0.12031050,0.00200880,0.18158130,0.12030129,1.49277077
4.46323162,1.47216776,0.00214167,0.10956287,0.00183319,0.17201466,0.11334876,1.42423995
4.46923462,1.39287916,0.00203828,0.09969385,0.00168377,0.16241019,0.10662360,1.35416210
4.47523762,1.31439578,0.00192796,0.09078725,0.00156202,0.15288802,0.10023875,1.28335121
4.48124062,1.23755324,0.00181301,0.08290423,0.00146918,0.14355994,0.09429983,1.21259017
4.48724362,1.16312023,0.00169582,0.07608463,0.00140632,0.13452836,0.08890443,1.14262402
4.49324662,1.09179548,0.00157883,0.07034858,0.00137434,0.12588556,0.08414175,1.07415455
4.49924962,1.02420638,0.00146448,0.06569852,0.00137410,0.11771337,0.08009261,1.00783597
4.50525263,0.96090902,0.00135520,0.06212130,0.00140646,0.11008295,0.07682985,0.94427176
4.51125563,0.90238936,0.00125339,0.05959048,0.00147234,0.10305501,0.07441901,0.88401234
4.51725863,0.84906550,0.00116136,0.05806853,0.00157283,0.09668008,0.07291930,0.82755378
4.52326163,0.80129082,0.00108141,0.05750903,0.00170921,0.09099916,0.07238477,0.77533733
4.52926463,0.75935784,0.00101575,0.05785875,0.00188306,0.08604439,0.07286565,0.72774985
4.53526763,0.72350293,0.00096653,0.05905961,0.00209628,0.08184006,0.07440981,0.68512511
4.54127064,0.69391157,0.00093586,0.06105052,0.00235114,0.07840355,0.07706416,0.64774599
4.54727364,0.67072426,0.00092582,0.06376906,0.00265034,0.07574660,0.08087605,0.61584743
4.55327664,0.65404274,0.00093842,0.06715306,0.00299699,0.07387645,0.08589442,0.58962014
4.55927964,0.64393649,0.00097565,0.07114203,0.00339466,0.07279717,0.09217078,0.56921482
4.56528264,0.64044929,0.00103942,0.07567854,0.00384730,0.07251091,0.09975970,0.55474680
4.57128564,0.64360533,0.00113161,0.08070931,0.00435926,0.07301910,0.10871900,0.54630068
4.57728864,0.65341481,0.00125394,0.08618638,0.00493518,0.07432357,0.11910935,0.54393489
4.58329165,0.66987849,0.00140803,0.09206788,0.00557988,0.07642743,0.13099332,0.54768564
4.58929465,0.69299093,0.00159527,0.09831879,0.00629830,0.07933584,0.14443383,0.55757003
4.59529765,0.72274210,0.00181679,0.10491135,0.00709527,0.08305647,0.15949211,0.57358808
4.60130065,0.75911707,0.00207338,0.11182529,0.00797539,0.08759956,0.17622499,0.59572338
4.60730365,0.80209369,0.00236543,0.11904763,0.00894279,0.09297784,0.19468187,0.62394218
4.61330665,0.85163821,0.00269282,0.12657233,0.01000094,0.09920592,0.21490125,0.65819091
4.61930965,0.90769892,0.00305485,0.13439943,0.01115246,0.10629948,0.23690721,0.69839222
4.62531266,0.97019809,0.00345020,0.14253400,0.01239883,0.11427400,0.26070571,0.74443959
4.63131566,1.03902251,0.00387686,0.15098461,0.01374026,0.12314337,0.28628127,0.79619090
4.63731866,1.11401323,0.00433208,0.15976167,0.01517549,0.13291810,0.31359390,0.85346131
4.64332166,1.19495496,0.00481238,0.16887542,0.01670164,0.14360351,0.34257666,0.91601584
4.64932466,1.28156576,0.00531355,0.17833381,0.01831413,0.15519768,0.37313400,0.98356225
4.65532766,1.37348782,0.00583068,0.18814032,0.02000662,0.16768954,0.40514090,1.05574467
4.66133067,1.47027969,0.00635825,0.19829173,0.02177107,0.18105694,0.43844300,1.13213847
4.66733367,1.57141069,0.00689023,0.20877609,0.02359775,0.19526488,0.47285772,1.21224686
4.67333667,1.67625787,0.00742016,0.21957089,0.02547542,0.21026398,0.50817626,1.29549946
4.67933967,1.78410584,0.00794136,0.23064148,0.02739152,0.22598930,0.54416645,1.38125325
4.68534267,1.89414963,0.00844703,0.24194003,0.02933235,0.24235941,0.58057629,1.46879587
4.69134567,2.00550056,0.00893047,0.25340487,0.03128339,0.25927599,0.61713793,1.55735142
4.69734867,2.11719514,0.00938521,0.26496042,0.03322954,0.27662377,0.65357193,1.64608854
4.70335168,2.22820651,0.00980521,0.27651765,0.03515541,0.29427098,0.68959152,1.73413061
4.70935468,2.33745838,0.01018501,0.28797523,0.03704558,0.31207036,0.72490670,1.82056781
4.71535768,2.44384080,0.01051987,0.29922108,0.03888487,0.32986050,0.75922785,1.90447067
4.72136068,2.54622751,0.01080583,0.31013466,0.04065850,0.34746783,0.79226899,1.98490470
4.72736368,2.64349427,0.01103986,0.32058958,0.04235227,0.36470901,0.82375028,2.06094576
4.73336668,2.73453789,0.01121987,0.33045666,0.04395266,0.38139378,0.85340008,2.13169580
4.73936968,2.81829540,0.01134472,0.33960733,0.04544691,0.39732827,0.88095637,2.19629856
4.74537269,2.89376315,0.01141417,0.34791714,0.04682299,0.41231862,0.90616786,2.25395502
4.75137569,2.96001539,0.01142891,0.35526938,0.04806961,0.42617495,0.92879489,2.30393819
4.75737869,3.01622204,0.01139039,0.36155858,0.04917619,0.43871556,0.94861032,2.34560709
4.76338169,3.06166542,0.01130076,0.36669388,0.05013282,0.44977116,0.96540065,2.37841959
4.76938469,3.09575563,0.01116277,0.37060193,0.05093019,0.45918922,0.97896761,2.40194396
4.77538769,3.11804410,0.01097964,0.37322951,0.05155968,0.46683803,0.98913031,2.41586877
4.78139070,3.12823524,0.01075493,0.37454542,0.05201332,0.47261059,0.99572806,2.42001105
4.78739370,3.12619556,0.01049243,0.37454178,0.05228391,0.47642797,0.99862388,2.41432229
4.79339670,3.11196004,0.01019608,0.37323464,0.05236519,0.47824204,0.99770869,2.39889206
4.79939970,3.08573526,0.00986984,0.37066379,0.05225200,0.47803746,0.99290585,2.37394907
4.80540270,3.04789899,0.00951767,0.36689175,0.05194054,0.47583281,0.98417599,2.33985927
4.81140570,2.99899591,0.00914343,0.36200216,0.05142863,0.47168068,0.97152166,2.29712104
4.81740870,2.93972931,0.00875087,0.35609730,0.05071600,0.46566673,0.95499160,2.24635707
4.82341171,2.87094865,0.00834358,0.34929512,0.04980455,0.45790769,0.93468412,2.18830324
4.82941471,2.79363314,0.00792501,0.34172576,0.04869860,0.44854840,0.91074939,2.12379437
4.83541771,2.70887157,0.00749845,0.33352767,0.04740507,0.43775783,0.88339021,2.05374728
4.84142071,2.61783896,0.00706706,0.32484354,0.04593360,0.42572441,0.85286114,1.97914144
4.84742371,2.52177059,0.00663381,0.31581625,0.04429655,0.41265070,0.81946582,1.90099778
4.85342671,2.42193430,0.00620156,0.30658488,0.04250896,0.39874772,0.78355238,1.82035636
4.85942971,2.31960190,0.00577303,0.29728099,0.04058832,0.38422908,0.74550725,1.73825348
4.86543272,2.21602087,0.00535079,0.28802541,0.03855433,0.36930529,0.70574725,1.65569917
4.87143572,2.11238710,0.00493727,0.27892544,0.03642847,0.35417833,0.66471057,1.57365572
4.87743872,2.00981991,0.00453473,0.27007282,0.03423358,0.33903677,0.62284675,1.49301794
4.88344172,1.90934000,0.00414525,0.26154224,0.03199330,0.32405170,0.58060630,1.41459600
4.88944472,1.81185113,0.00377074,0.25339063,0.02973153,0.30937339,0.53843021,1.33910109
4.89544772,1.71812610,0.00341284,0.24565712,0.02747187,0.29512901,0.49673993,1.26713458
4.90145073,1.62879719,0.00307300,0.23836356,0.02523700,0.28142127,0.45592820,1.19918065
4.90745373,1.54435129,0.00275238,0.23151567,0.02304825,0.26832801,0.41635105,1.13560268
4.91345673,1.46512958,0.00245188,0.22510460,0.02092506,0.25590271,0.37832129,1.07664316
4.91945973,1.39133137,0.00217212,0.21910877,0.01888465,0.24417575,0.34210368,1.02242690
4.92546273,1.32302176,0.00191345,0.21349608,0.01694171,0.23315637,0.30791185,0.97296735
4.93146573,1.26014249,0.00167592,0.20822604,0.01510820,0.22283510,0.27590707,0.92817546
4.93746873,1.20252539,0.00145935,0.20325208,0.01339328,0.21318652,0.24619869,0.88787066
4.94347174,1.14990771,0.00126329,0.19852366,0.01180330,0.20417226,0.21884615,0.85179349
4.94947474,1.10194884,0.00108710,0.19398831,0.01034192,0.19574401,0.19386237,0.81961943
4.95547774,1.05824763,0.00092994,0.18959350,0.00901026,0.18784654,0.17121827,0.79097341
4.96148074,1.01835994,0.00079083,0.18528820,0.00780717,0.18042049,0.15084802,0.76544460
4.96748374,0.98181599,0.00066866,0.18102438,0.00672950,0.17340498,0.13265497,0.74260124
4.97348674,0.94813691,0.00056227,0.17675820,0.00577245,0.16674003,0.11651775,0.72200495
4.97948974,0.91685049,0.00047044,0.17245107,0.00492990,0.16036857,0.10229644,0.70322455
4.98549275,0.88750571,0.00039193,0.16807056,0.00419476,0.15423828,0.08983850,0.68584884
4.99149575,0.85968584,0.00032555,0.16359112,0.00355933,0.14830316,0.07898431,0.66949840
4.99749875,0.83302010,0.00027017,0.15899481,0.00301559,0.14252478,0.06957219,0.65383603
5.00350175,0.80719351,0.00022470,0.15427176,0.00255550,0.13687341,0.06144280,0.63857576
5.00950475,0.78195505,0.00018818,0.14942069,0.00217126,0.13132881,0.05444277,0.62349018
5.01550775,0.75712380,0.00015975,0.14444917,0.00185556,0.12588095,0.04842774,0.60841598
5.02151076,0.73259303,0.00013868,0.13937385,0.00160167,0.12053045,0.04326456,0.59325762
5.02751376,0.70833219,0.00012439,0.13422047,0.00140367,0.11528886,0.03883295,0.57798887
5.03351676,0.68438671,0.00011641,0.12902370,0.00125651,0.11017871,0.03502648,0.56265232
5.03951976,0.66087545,0.00011442,0.12382674,0.00115607,0.10523332,0.03175303,0.54735676
5.04552276,0.63798615,0.00011824,0.11868071,0.00109919,0.10049648,0.02893486,0.53227246
5.05152576,0.61596857,0.00012783,0.11364374,0.00108369,0.09602170,0.02650823,0.51762452
5.05752876,0.59512589,0.00014325,0.10877984,0.00110833,0.09187132,0.02442282,0.50368446
5.06353177,0.57580422,0.00016470,0.10415751,0.00117275,0.08811533,0.02264093,0.49076020
5.06953477,0.55838081,0.00019245,0.09984808,0.00127744,0.08482985,0.02113653,0.47918495
5.07553777,0.54325117,0.00022688,0.09592392,0.00142360,0.08209539,0.01989430,0.46930516
5.08154077,0.53081542,0.00026841,0.09245646,0.00161309,0.07999482,0.01890869,0.46146800
5.08754377,0.52146454,0.00031755,0.08951414,0.00184827,0.07861116,0.01818296,0.45600889
5.09354677,0.51556667,0.00037478,0.08716029,0.00213191,0.07802515,0.01772837,0.45323934
5.09954977,0.51345406,0.00044064,0.08545110,0.00246701,0.07831265,0.01756343,0.45343556
5.10555278,0.51541097,0.00051562,0.08443367,0.00285672,0.07954199,0.01771327,0.45682828
5.11155578,0.52166299,0.00060018,0.08414419,0.00330412,0.08177131,0.01820914,0.46359393
5.11755878,0.53236789,0.00069472,0.08460638,0.00381213,0.08504586,0.01908796,0.47384764
5.12356178,0.54760846,0.00079955,0.08583021,0.00438333,0.08939557,0.02039197,0.48763803
5.12956478,0.56738733,0.00091490,0.08781086,0.00501983,0.09483266,0.02216835,0.50494403
5.13556778,0.59162403,0.00104086,0.09052816,0.00572314,0.10134970,0.02446889,0.52567381
5.14157079,0.62015415,0.00117741,0.09394629,0.00649405,0.10891796,0.02734950,0.54966565
5.14757379,0.65273077,0.00132436,0.09801395,0.00733251,0.11748624,0.03086963,0.57669072
5.15357679,0.68902787,0.00148141,0.10266489,0.00823754,0.12698028,0.03509148,0.60645768
5.15957979,0.72864579,0.00164809,0.10781890,0.00920718,0.13730275,0.04007896,0.63861878
5.16558279,0.77111831,0.00182377,0.11338310,0.01023844,0.14833394,0.04589629,0.67277728
5.17158579,0.81592137,0.00200771,0.11925373,0.01132725,0.15993305,0.05260632,0.70849594
5.17758879,0.86248286,0.00219901,0.12531810,0.01246849,0.17194034,0.06026843,0.74530619
5.18359180,0.91019356,0.00239665,0.13145702,0.01365598,0.18417982,0.06893607,0.78271780
5.18959480,0.95841850,0.00259948,0.13754730,0.01488253,0.19646266,0.07865396,0.82022862
5.19559780,1.00650873,0.00280629,0.14346453,0.01613997,0.20859117,0.08945496,0.85733422
5.20160080,1.05381311,0.00301572,0.14908593,0.01741925,0.22036318,0.10135677,0.89353703
5.20760380,1.09968960,0.00322636,0.15429314,0.01871049,0.23157677,0.11435851,0.92835486
5.21360680,1.14351615,0.00343671,0.15897507,0.02000308,0.24203521,0.12843737,0.96132856
5.21960980,1.18470056,0.00364521,0.16303048,0.02128577,0.25155186,0.14354546,0.99202857
5.22561281,1.22268934,0.00385023,0.16637038,0.02254678,0.25995491,0.15960713,1.02006046
5.23161581,1.25697539,0.00405008,0.16892008,0.02377391,0.26709176,0.17651681,1.04506926
5.23761881,1.28710428,0.00424302,0.17062086,0.02495467,0.27283291,0.19413780,1.06674260
5.24362181,1.31267931,0.00442724,0.17143115,0.02607639,0.27707515,0.21230197,1.08481285
5.24962481,1.33336522,0.00460092,0.17132729,0.02712640,0.27974402,0.23081060,1.09905827
5.25562781,1.34889065,0.00476218,0.17030370,0.02809216,0.28079535,0.24943658,1.10930331
5.26163082,1.35904959,0.00490916,0.16837257,0.02896148,0.28021591,0.26792787,1.11541837
5.26763382,1.36370186,0.00503999,0.16556308,0.02972268,0.27802314,0.28601228,1.11731909
5.27363682,1.36277281,0.00515284,0.16192010,0.03036482,0.27426392,0.30340350,1.11496531
5.27963982,1.35625247,0.00524597,0.15750255,0.03087793,0.26901263,0.31980826,1.10836007
5.28564282,1.34419421,0.00531776,0.15238137,0.03125324,0.26236836,0.33493434,1.09754858
5.29164582,1.32671315,0.00536673,0.14663734,0.03148346,0.25445159,0.34849909,1.08261729
5.29764882,1.30398424,0.00539165,0.14035860,0.03156293,0.24540046,0.36023837,1.06369321
5.30365183,1.27624023,0.00539153,0.13363827,0.03148793,0.23536669,0.36991519,1.04094329
5.30965483,1.24376938,0.00536570,0.12657198,0.03125682,0.22451141,0.37732798,1.01457396
5.31565783,1.20691294,0.00531383,0.11925556,0.03087020,0.21300105,0.38231791,0.98483060
5.32166083,1.16606236,0.00523601,0.11178290,0.03033101,0.20100341,0.38477506,0.95199692
5.32766383,1.12165610,0.00513272,0.10424407,0.02964458,0.18868405,0.38464301,0.91639405
5.33366683,1.07417592,0.00500488,0.09672371,0.02881861,0.17620305,0.38192177,0.87837919
5.33966983,1.02414276,0.00485382,0.08929974,0.02786306,0.16371238,0.37666878,0.83834381
5.34567284,0.97211199,0.00468130,0.08204239,0.02679000,0.15135368,0.36899802,0.79671118
5.35167584,0.91866812,0.00448945,0.07501363,0.02561335,0.13925672,0.35907731,0.75393328
5.35767884,0.86441907,0.00428072,0.06826679,0.02434861,0.12753835,0.34712383,0.71048707
5.36368184,0.80998993,0.00405788,0.06184660,0.02301250,0.11630199,0.33339818,0.66687023
5.36968484,0.75601656,0.00382386,0.05578935,0.02162257,0.10563764,0.31819723,0.62359634
5.37568784,0.70313894,0.00358176,0.05012340,0.02019679,0.09562230,0.30184611,0.58118971
5.38169085,0.65199457,0.00333473,0.04486974,0.01875313,0.08632067,0.28468965,0.54018001
5.38769385,0.60321202,0.00308590,0.04004272,0.01730914,0.07778624,0.26708375,0.50109674
5.39369685,0.55740473,0.00283829,0.03565088,0.01588160,0.07006239,0.24938682,0.46446376
5.39969985,0.51516510,0.00259477,0.03169776,0.01448611,0.06318373,0.23195181,0.43079379
5.40570285,0.47705893,0.00235800,0.02818270,0.01313686,0.05717735,0.21511883,0.40058316
5.41170585,0.44362010,0.00213033,0.02510168,0.01184635,0.05206400,0.19920876,0.37430647
5.41770885,0.41534546,0.00191381,0.02244796,0.01062523,0.04785912,0.18451779,0.35241138
5.42371186,0.39268966,0.00171017,0.02021275,0.00948222,0.04457371,0.17131297,0.33531320
5.42971486,0.37605982,0.00152075,0.01838566,0.00842403,0.04221488,0.15982875,0.32338925
5.43571786,0.36580985,0.00134658,0.01695511,0.00745541,0.04078610,0.15026436,0.31697282
5.44172086,0.36223420,0.00118832,0.01590855,0.00657924,0.04028721,0.14278210,0.31634659
5.44772386,0.36556096,0.00104633,0.01523263,0.00579663,0.04071404,0.13750603,0.32173545
5.45372686,0.37594427,0.00092066,0.01491311,0.00510708,0.04205780,0.13452141,0.33329867
5.45972986,0.39345613,0.00081113,0.01493487,0.00450867,0.04430418,0.13387425,0.35112160
5.46573287,0.41807783,0.00071733,0.01528163,0.00399829,0.04743226,0.13557136,0.37520705
5.47173587,0.44969132,0.00063869,0.01593577,0.00357180,0.05141336,0.13958041,0.40546664
5.47773887,0.48807104,0.00057450,0.01687798,0.00322426,0.05620976,0.14583036,0.44171265
5.48374187,0.53287674,0.00052398,0.01808708,0.00295015,0.06177360,0.15421201,0.48365092
5.48974487,0.58364805,0.00048629,0.01953965,0.00274350,0.06804587,0.16457901,0.53087534
5.49574787,0.63980150,0.00046060,0.02120997,0.00259811,0.07495574,0.17674917,0.58286471
5.50175088,0.70063071,0.00044610,0.02306981,0.00250768,0.08242032,0.19050645,0.63898247
5.50775388,0.76531034,0.00044205,0.02508856,0.00246597,0.09034479,0.20560366,0.69848017
5.51375688,0.83290453,0.00044781,0.02723336,0.00246688,0.09862321,0.22176597,0.76050481
5.51975988,0.90237990,0.00046286,0.02946942,0.00250458,0.10713980,0.23869537,0.82411074
5.52576288,0.97262344,0.00048682,0.03176051,0.00257359,0.11577095,0.25607607,0.88827582
5.53176588,1.04246502,0.00051947,0.03406962,0.00266887,0.12438769,0.27358093,0.95192212
5.53776888,1.11070406,0.00056076,0.03635971,0.00278588,0.13285874,0.29087863,1.01394037
5.54377189,1.17613969,0.00061083,0.03859459,0.00292062,0.14105397,0.30764162,1.07321767
5.54977489,1.23760317,0.00067002,0.04073986,0.00306970,0.14884808,0.32355446,1.12866755
5.55577789,1.29399157,0.00073882,0.04276391,0.00323036,0.15612442,0.33832230,1.17926103
5.56178089,1.34430100,0.00081792,0.04463881,0.00340046,0.16277878,0.35167918,1.22405762
5.56778389,1.38765801,0.00090814,0.04634123,0.00357854,0.16872282,0.36339567,1.26223467
5.57378689,1.42334764,0.00101044,0.04785311,0.00376375,0.17388710,0.37328565,1.29311377
5.57978989,1.45083655,0.00112584,0.04916229,0.00395584,0.17822345,0.38121163,1.31618284
5.58579290,1.46979013,0.00125542,0.05026274,0.00415510,0.18170659,0.38708855,1.33111283
5.59179590,1.48008249,0.00140023,0.05115472,0.00436228,0.18433478,0.39088568,1.33776797
5.59779890,1.48179885,0.00156124,0.05184456,0.00457850,0.18612961,0.39262644,1.33620927
5.60380190,1.47522998,0.00173925,0.05234419,0.00480513,0.18713472,0.39238631,1.32669065
5.60980490,1.46085896,0.00193487,0.05267050,0.00504367,0.18741368,0.39028863,1.30964824
5.61580790,1.43934094,0.00214839,0.05284433,0.00529563,0.18704701,0.38649871,1.28568305
5.62181091,1.41147681,0.00237974,0.05288946,0.00556236,0.18612849,0.38121642,1.25553813
5.62781391,1.37818218,0.00262842,0.05283135,0.00584495,0.18476110,0.37466768,1.22007111
5.63381691,1.34045333,0.00289346,0.05269588,0.00614411,0.18305261,0.36709526,1.18022387
5.63981991,1.29933168,0.00317339,0.05250814,0.00646008,0.18111117,0.35874940,1.13699044
5.64582291,1.25586886,0.00346619,0.05229128,0.00679256,0.17904119,0.34987879,1.09138506
5.65182591,1.21109377,0.00376934,0.05206548,0.00714073,0.17693961,0.34072223,1.04441175
5.65782891,1.16598343,0.00407984,0.05184723,0.00750319,0.17489288,0.33150155,0.99703670
5.66383192,1.12143877,0.00439427,0.05164881,0.00787812,0.17297469,0.32241600,0.95016479
5.66983492,1.07826632,0.00470885,0.05147804,0.00826332,0.17124469,0.31363842,0.90462101
5.67583792,1.03716630,0.00501960,0.05133839,0.00865642,0.16974810,0.30531326,0.86113725
5.68184092,0.99872739,0.00532243,0.05122938,0.00905501,0.16851635,0.29755645,0.82034478
5.68784392,0.96342766,0.00561328,0.05114716,0.00945690,0.16756850,0.29045708,0.78277217
5.69384692,0.93164131,0.00588830,0.05108541,0.00986036,0.16691347,0.28408051,0.74884815
5.69984992,0.90364993,0.00614399,0.05103641,0.01026429,0.16655274,0.27847270,0.71890869
5.70585293,0.87965734,0.00637737,0.05099212,0.01066853,0.16648349,0.27366534,0.69320734
5.71185593,0.85980637,0.00658607,0.05094534,0.01107395,0.16670172,0.26968130,0.67192768
5.71785893,0.84419636,0.00676847,0.05089084,0.01148268,0.16720532,0.26653996,0.65519675
5.72386193,0.83289979,0.00692380,0.05082630,0.01189811,0.16799674,0.26426201,0.64309822
5.72986493,0.82597680,0.00705215,0.05075309,0.01232495,0.16908501,0.26287327,0.63568440
5.73586793,0.82348648,0.00715450,0.05067680,0.01276911,0.17048714,0.26240722,0.63298600
5.74187094,0.82549418,0.00723267,0.05060746,0.01323756,0.17222851,0.26290604,0.63501912
5.74787394,0.83207410,0.00728923,0.05055947,0.01373805,0.17434248,0.26441998,0.64178883
5.75387694,0.84330727,0.00732741,0.05055119,0.01427878,0.17686892,0.26700507,0.65328939
5.75987994,0.85927481,0.00735093,0.05060425,0.01486800,0.17985201,0.27071930,0.66950100
5.76588294,0.88004715,0.00736381,0.05074261,0.01551350,0.18333722,0.27561743,0.69038352
5.77188594,0.90566982,0.00737015,0.05099133,0.01622217,0.18736776,0.28174480,0.71586770
5.77788894,0.93614692,0.00737397,0.05137528,0.01699941,0.19198065,0.28913058,0.74584472
5.78389195,0.97142349,0.00737894,0.05191768,0.01784867,0.19720265,0.29778075,0.78015481
5.78989495,1.01136790,0.00738823,0.05263871,0.01877098,0.20304640,0.30767147,0.81857600
5.79589795,1.05575567,0.00740428,0.05355415,0.01976456,0.20950677,0.31874332,0.86081394
5.80190095,1.10425596,0.00742872,0.05467414,0.02082451,0.21655804,0.33089663,0.90649361
5.80790395,1.15642174,0.00746223,0.05600219,0.02194262,0.22415165,0.34398862,0.95515386
5.81390695,1.21168463,0.00750450,0.05753445,0.02310738,0.23221513,0.35783245,1.00624527
5.81990995,1.26935498,0.00755422,0.05925926,0.02430400,0.24065194,0.37219836,1.05913189
5.82591296,1.32862762,0.00760912,0.06115704,0.02551473,0.24934252,0.38681717,1.11309706
5.83191596,1.38859331,0.00766612,0.06320050,0.02671920,0.25814642,0.40138587,1.16735326
5.83791896,1.44825557,0.00772139,0.06535523,0.02789500,0.26690546,0.41557529,1.22105584
5.84392196,1.50655241,0.00777058,0.06758049,0.02901828,0.27544784,0.42903945,1.27332013
5.84992496,1.56238218,0.00780902,0.06983040,0.03006455,0.28359297,0.44142630,1.32324131
5.85592796,1.61463238,0.00783192,0.07205519,0.03100941,0.29115682,0.45238926,1.36991630
5.86193097,1.66221035,0.00783461,0.07420276,0.03182944,0.29795759,0.46159906,1.41246677
5.86793397,1.70407453,0.00781278,0.07622023,0.03250296,0.30382141,0.46875537,1.45006227
5.87393697,1.73926499,0.00776262,0.07805553,0.03301083,0.30858790,0.47359761,1.48194273
5.87993997,1.76693191,0.00768107,0.07965902,0.03333716,0.31211518,0.47591442,1.50743925
5.88594297,1.78636093,0.00756591,0.08098491,0.03346983,0.31428441,0.47555144,1.52599244
5.89194597,1.79699439,0.00741586,0.08199266,0.03340093,0.31500334,0.47241683,1.53716776
5.89794897,1.79844756,0.00723068,0.08264805,0.03312710,0.31420906,0.46648459,1.54066716
5.90395198,1.79051948,0.00701110,0.08292416,0.03264957,0.31186972,0.45779527,1.53633688
5.90995498,1.77319799,0.00675888,0.08280198,0.03197412,0.30798507,0.44645428,1.52417101
5.91595798,1.74665902,0.00647664,0.08227084,0.03111086,0.30258615,0.43262782,1.50431112
5.92196098,1.71126035,0.00616781,0.08132856,0.03007387,0.29573388,0.41653676,1.47704189
5.92796398,1.66753021,0.00583647,0.07998133,0.02888063,0.28751680,0.39844869,1.44278323
5.93396698,1.61615146,0.00548717,0.07824336,0.02755150,0.27804813,0.37866873,1.40207917
5.93996998,1.55794214,0.00512480,0.07613632,0.02610894,0.26746213,0.35752934,1.35558429
5.94597299,1.49383306,0.00475438,0.07368862,0.02457685,0.25591010,0.33537983,1.30404795
5.95197599,1.42484369,0.00438091,0.07093447,0.02297979,0.24355617,0.31257585,1.24829721
5.95797899,1.35205701,0.00400922,0.06791295,0.02134229,0.23057286,0.28946943,1.18921884
5.96398199,1.27659425,0.00364380,0.06466690,0.01968814,0.21713682,0.26639985,1.12774110
5.96998499,1.19959048,0.00328874,0.06124179,0.01803984,0.20342474,0.24368574,1.06481570
5.97598799,1.12217152,0.00294758,0.05768463,0.01641806,0.18960954,0.22161850,1.00140042
5.98199100,1.04543291,0.00262332,0.05404292,0.01484123,0.17585698,0.20045739,0.93844281
5.98799400,0.97042127,0.00231832,0.05036356,0.01332529,0.16232278,0.18042607,0.87686512
5.99399700,0.89811832,0.00203433,0.04669198,0.01188345,0.14915016,0.16171080,0.81755075
6.00000000,0.82942777,0.00177251,0.04307126,0.01052618,0.13646803,0.14446003,0.76133228
