energy_ev,total_up,Bi_p_up,Bi_d_up,S_s_up,S_p_up,Ti_p_up,Ti_d_up
-6.00000000,1.69839293,0.14433984,0.00163161,0.02547347,1.03435264,0.93719460,0.42333604
-5.99399700,1.69126960,0.14208255,0.00160851,0.02486596,1.03177674,0.95386631,0.41897503
-5.98799400,1.68263483,0.13992284,0.00158916,0.02420995,1.02799537,0.97006120,0.41376324
-5.98199100,1.67219060,0.13784837,0.00157276,0.02350274,1.02282815,0.98562962,0.40765397
-5.97598799,1.65976727,0.13585521,0.00155861,0.02274406,1.01617610,1.00045976,0.40064252
-5.96998499,1.64532837,0.13394801,0.00154608,0.02193607,1.00802448,1.01448078,0.39276643
-5.96398199,1.62897022,0.13213991,0.00153470,0.02108331,0.99844249,1.02766486,0.38410403
-5.95797899,1.61091693,0.13045222,0.00152411,0.02019243,0.98757999,1.04002814,0.37477154
-5.95197599,1.59151127,0.12891377,0.00151411,0.01927197,0.97566153,1.05163055,0.36491881
-5.94597299,1.57120192,0.12756018,0.00150465,0.01833200,0.96297819,1.06257447,0.35472407
-5.93996998,1.55052788,0.12643285,0.00149581,0.01738378,0.94987752,1.07300220,0.34438789
-5.93396698,1.53010046,0.12557786,0.00148784,0.01643934,0.93675201,1.08309232,0.33412663
-5.92796398,1.51058369,0.12504463,0.00148108,0.01551116,0.92402655,1.09305464,0.32416570
-5.92196098,1.49267343,0.12488459,0.00147602,0.01461173,0.91214517,1.10312394,0.31473277
-5.91595798,1.47707600,0.12514956,0.00147324,0.01375324,0.90155755,1.11355245,0.30605127
-5.90995498,1.46448655,0.12589016,0.00147338,0.01294729,0.89270539,1.12460107,0.29833420
-5.90395198,1.45556783,0.12715402,0.00147716,0.01220460,0.88600916,1.13652951,0.29177860
-5.89794897,1.45092961,0.12898406,0.00148533,0.01153479,0.88185543,1.14958557,0.28656062
-5.89194597,1.45110928,0.13141661,0.00149863,0.01094622,0.88058494,1.16399385,0.28283131
-5.88594297,1.45655406,0.13447965,0.00151781,0.01044585,0.88248190,1.17994425,0.28071327
-5.87993997,1.46760525,0.13819116,0.00154355,0.01003911,0.88776452,1.19758080,0.28029805
-5.87393697,1.48448487,0.14255747,0.00157649,0.00972990,0.89657725,1.21699125,0.28164447
-5.86793397,1.50728532,0.14757203,0.00161715,0.00952049,0.90898482,1.23819806,0.28477765
-5.86193097,1.53596233,0.15321429,0.00166595,0.00941158,0.92496845,1.26115131,0.28968900
-5.85592796,1.57033163,0.15944905,0.00172317,0.00940226,0.94442429,1.28572398,0.29633689
-5.84992496,1.61006959,0.16622616,0.00178893,0.00949010,0.96716441,1.31171020,0.30464810
-5.84392196,1.65471821,0.17348073,0.00186318,0.00967118,0.99292022,1.33882657,0.31452004
-5.83791896,1.70369414,0.18113375,0.00194572,0.00994016,1.02134853,1.36671692,0.32582351
-5.83191596,1.75630203,0.18909331,0.00203615,0.01029038,1.05204002,1.39496033,0.33840613
-5.82591296,1.81175162,0.19725628,0.00213391,0.01071401,1.08452986,1.42308238,0.35209620
-5.81990995,1.86917814,0.20551040,0.00223827,0.01120211,1.11831038,1.45056909,0.36670692
-5.81390695,1.92766555,0.21373684,0.00234834,0.01174486,1.15284508,1.47688313,0.38204091
-5.80790395,1.98627146,0.22181314,0.00246312,0.01233165,1.18758369,1.50148157,0.39789473
-5.80190095,2.04405312,0.22961625,0.00258147,0.01295135,1.22197754,1.52383427,0.41406349
-5.79589795,2.10009323,0.23702587,0.00270220,0.01359243,1.25549471,1.54344223,0.43034514
-5.78989495,2.15352466,0.24392772,0.00282404,0.01424325,1.28763422,1.55985484,0.44654448
-5.78389195,2.20355293,0.25021678,0.00294572,0.01489223,1.31793879,1.57268536,0.46247667
-5.77788894,2.24947569,0.25580027,0.00306596,0.01552806,1.34600549,1.58162374,0.47797015
-5.77188594,2.29069828,0.26060030,0.00318352,0.01613997,1.37149398,1.58644639,0.49286885
-5.76588294,2.32674486,0.26455618,0.00329726,0.01671789,1.39413187,1.58702233,0.50703365
-5.75987994,2.35726478,0.26762613,0.00340607,0.01725264,1.41371721,1.58331553,0.52034314
-5.75387694,2.38203392,0.26978840,0.00350902,0.01773609,1.43011802,1.57538358,0.53269354
-5.74787394,2.40095138,0.27104183,0.00360525,0.01816130,1.44326904,1.56337274,0.54399808
-5.74187094,2.41403172,0.27140571,0.00369407,0.01852257,1.45316599,1.54750986,0.55418567
-5.73586793,2.42139338,0.27091895,0.00377492,0.01881555,1.45985784,1.52809160,0.56319927
-5.72986493,2.42324412,0.26963870,0.00384739,0.01903720,1.46343757,1.50547182,0.57099385
-5.72386193,2.41986428,0.26763828,0.00391120,0.01918580,1.46403209,1.48004759,0.57753438
-5.71785893,2.41158895,0.26500470,0.00396618,0.01926089,1.46179181,1.45224472,0.58279377
-5.71185593,2.39878982,0.26183567,0.00401231,0.01926314,1.45688067,1.42250353,0.58675111
-5.70585293,2.38185784,0.25823634,0.00404963,0.01919427,1.44946707,1.39126534,0.58939022
-5.69984992,2.36118743,0.25431586,0.00407828,0.01905691,1.43971608,1.35896032,0.59069877
-5.69384692,2.33716281,0.25018379,0.00409844,0.01885445,1.42778356,1.32599710,0.59066787
-5.68784392,2.31014720,0.24594667,0.00411033,0.01859085,1.41381209,1.29275431,0.58929230
-5.68184092,2.28047492,0.24170469,0.00411421,0.01827059,1.39792902,1.25957418,0.58657129
-5.67583792,2.24844671,0.23754873,0.00411032,0.01789840,1.38024652,1.22675824,0.58250985
-5.66983492,2.21432804,0.23355776,0.00409892,0.01747926,1.36086339,1.19456492,0.57712048
-5.66383192,2.17835028,0.22979681,0.00408024,0.01701822,1.33986840,1.16320889,0.57042514
-5.65782891,2.14071415,0.22631545,0.00405447,0.01652034,1.31734475,1.13286176,0.56245743
-5.65182591,2.10159509,0.22314691,0.00402181,0.01599062,1.29337526,1.10365398,0.55326461
-5.64582291,2.06114991,0.22030787,0.00398243,0.01543398,1.26804769,1.07567751,0.54290947
-5.63981991,2.01952411,0.21779886,0.00393647,0.01485520,1.24145998,1.04898903,0.53147172
-5.63381691,1.97685917,0.21560523,0.00388407,0.01425895,1.21372478,1.02361349,0.51904888
-5.62781391,1.93329951,0.21369874,0.00382540,0.01364978,1.18497302,0.99954769,0.50575652
-5.62181091,1.88899840,0.21203954,0.00376061,0.01303213,1.15535623,0.97676390,0.49172769
-5.61580790,1.84412257,0.21057859,0.00368990,0.01241033,1.12504749,0.95521339,0.47711158
-5.60980490,1.79885531,0.20926027,0.00361350,0.01178865,1.09424088,0.93482977,0.46207143
-5.60380190,1.75339786,0.20802522,0.00353172,0.01117128,1.06314946,0.91553224,0.44678169
-5.59779890,1.70796906,0.20681314,0.00344492,0.01056232,1.03200192,0.89722882,0.43142453
-5.59179590,1.66280346,0.20556550,0.00335352,0.00996584,1.00103815,0.87981939,0.41618588
-5.58579290,1.61814794,0.20422808,0.00325803,0.00938576,0.97050384,0.86319887,0.40125112
-5.57978989,1.57425723,0.20275318,0.00315906,0.00882591,0.94064455,0.84726020,0.38680054
-5.57378689,1.53138838,0.20110144,0.00305727,0.00828997,0.91169942,0.83189749,0.37300493
-5.56778389,1.48979480,0.19924319,0.00295339,0.00778140,0.88389503,0.81700894,0.36002125
-5.56178089,1.44971991,0.19715930,0.00284824,0.00730342,0.85743941,0.80249968,0.34798872
-5.55577789,1.41139084,0.19484156,0.00274266,0.00685897,0.83251672,0.78828439,0.33702544
-5.54977489,1.37501242,0.19229245,0.00263753,0.00645062,0.80928264,0.77428952,0.32722561
-5.54377189,1.34076158,0.18952450,0.00253377,0.00608057,0.78786071,0.76045506,0.31865755
-5.53776888,1.30878262,0.18655913,0.00243226,0.00575057,0.76833967,0.74673576,0.31136242
-5.53176588,1.27918311,0.18342513,0.00233387,0.00546189,0.75077186,0.73310169,0.30535387
-5.52576288,1.25203092,0.18015690,0.00223941,0.00521532,0.73517272,0.71953808,0.30061846
-5.51975988,1.22735219,0.17679239,0.00214965,0.00501112,0.72152135,0.70604446,0.29711681
-5.51375688,1.20513042,0.17337101,0.00206523,0.00484905,0.70976201,0.69263313,0.29478563
-5.50775388,1.18530673,0.16993153,0.00198671,0.00472834,0.69980655,0.67932708,0.29354021
-5.50175088,1.16778120,0.16651012,0.00191452,0.00464774,0.69153763,0.66615740,0.29327756
-5.49574787,1.15241548,0.16313855,0.00184896,0.00460555,0.68481263,0.65316042,0.29387995
-5.48974487,1.13903642,0.15984280,0.00179019,0.00459968,0.67946815,0.64037480,0.29521880
-5.48374187,1.12744094,0.15664194,0.00173823,0.00462766,0.67532496,0.62783871,0.29715865
-5.47773887,1.11740185,0.15354754,0.00169294,0.00468677,0.67219332,0.61558733,0.29956133
-5.47173587,1.10867468,0.15056354,0.00165410,0.00477412,0.66987853,0.60365090,0.30228997
-5.46573287,1.10100524,0.14768648,0.00162131,0.00488670,0.66818660,0.59205338,0.30521292
-5.45972986,1.09413791,0.14490637,0.00159411,0.00502148,0.66692984,0.58081200,0.30820728
-5.45372686,1.08782420,0.14220777,0.00157195,0.00517554,0.66593239,0.56993750,0.31116220
-5.44772386,1.08183149,0.13957135,0.00155421,0.00534614,0.66503536,0.55943533,0.31398157
-5.44172086,1.07595151,0.13697560,0.00154025,0.00553080,0.66410158,0.54930756,0.31658627
-5.43571786,1.07000832,0.13439875,0.00152941,0.00572741,0.66301968,0.53955541,0.31891581
-5.42971486,1.06386529,0.13182065,0.00152107,0.00593425,0.66170750,0.53018229,0.32092924
-5.42371186,1.05743094,0.12922460,0.00151462,0.00615004,0.66011453,0.52119702,0.32260555
-5.41770885,1.05066313,0.12659899,0.00150956,0.00637402,0.65822337,0.51261716,0.32394327
-5.41170585,1.04357150,0.12393861,0.00150544,0.00660585,0.65605015,0.50447200,0.32495949
-5.40570285,1.03621785,0.12124562,0.00150194,0.00684569,0.65364371,0.49680517,0.32568830
-5.39969985,1.02871445,0.11853004,0.00149883,0.00709406,0.65108376,0.48967652,0.32617861
-5.39369685,1.02122028,0.11580983,0.00149600,0.00735181,0.64847783,0.48316316,0.32649164
-5.38769385,1.01393526,0.11311041,0.00149348,0.00762000,0.64595733,0.47735963,0.32669793
-5.38169085,1.00709279,0.11046385,0.00149139,0.00789981,0.64367269,0.47237694,0.32687427
-5.37568784,1.00095082,0.10790756,0.00148995,0.00819237,0.64178791,0.46834072,0.32710046
-5.36968484,0.99578200,0.10548272,0.00148947,0.00849868,0.64047470,0.46538839,0.32745611
-5.36368184,0.99186327,0.10323242,0.00149031,0.00881941,0.63990650,0.46366556,0.32801773
-5.35767884,0.98946547,0.10119977,0.00149289,0.00915486,0.64025257,0.46332183,0.32885607
-5.35167584,0.98884348,0.09942594,0.00149762,0.00950480,0.64167261,0.46450617,0.33003395
-5.34567284,0.99022743,0.09794826,0.00150492,0.00986841,0.64431197,0.46736216,0.33160466
-5.33966983,0.99381531,0.09679866,0.00151518,0.01024423,0.64829784,0.47202331,0.33361103
-5.33366683,0.99976759,0.09600226,0.00152870,0.01063017,0.65373644,0.47860865,0.33608507
-5.32766383,1.00820381,0.09557648,0.00154573,0.01102354,0.66071147,0.48721897,0.33904852
-5.32166083,1.01920148,0.09553043,0.00156642,0.01142109,0.66928376,0.49793359,0.34251384
-5.31565783,1.03279732,0.09586491,0.00159082,0.01181914,0.67949218,0.51080810,0.34648605
-5.30965483,1.04899049,0.09657276,0.00161888,0.01221373,0.69135561,0.52587296,0.35096488
-5.30365183,1.06774782,0.09763968,0.00165042,0.01260079,0.70487588,0.54313296,0.35594745
-5.29764882,1.08901053,0.09904544,0.00168519,0.01297630,0.72004140,0.56256766,0.36143106
-5.29164582,1.11270191,0.10076542,0.00172284,0.01333651,0.73683125,0.58413258,0.36741614
-5.28564282,1.13873562,0.10277239,0.00176297,0.01367815,0.75521936,0.60776109,0.37390888
-5.27963982,1.16702389,0.10503842,0.00180512,0.01399858,0.77517852,0.63336680,0.38092368
-5.27363682,1.19748514,0.10753681,0.00184881,0.01429595,0.79668387,0.66084628,0.38848491
-5.26763382,1.23005044,0.11024403,0.00189358,0.01456937,0.81971562,0.69008197,0.39662805
-5.26163082,1.26466841,0.11314140,0.00193901,0.01481894,0.84426073,0.72094502,0.40540000
-5.25562781,1.30130818,0.11621658,0.00198472,0.01504580,0.87031345,0.75329793,0.41485840
-5.24962481,1.33996012,0.11946469,0.00203044,0.01525213,0.89787454,0.78699689,0.42507007
-5.24362181,1.38063430,0.12288899,0.00207599,0.01544105,0.92694921,0.82189366,0.43610839
-5.23761881,1.42335661,0.12650117,0.00212132,0.01561650,0.95754390,0.85783694,0.44804994
-5.23161581,1.46816284,0.13032110,0.00216648,0.01578308,0.98966191,0.89467320,0.46097024
-5.22561281,1.51509083,0.13437610,0.00221170,0.01594585,1.02329833,0.93224706,0.47493901
-5.21960980,1.56417128,0.13869972,0.00225729,0.01611005,1.05843434,0.97040114,0.49001504
-5.21360680,1.61541757,0.14333006,0.00230369,0.01628086,1.09503136,1.00897558,0.50624095
-5.20760380,1.66881523,0.14830777,0.00235142,0.01646315,1.13302536,1.04780730,0.52363810
-5.20160080,1.72431158,0.15367361,0.00240109,0.01666119,1.17232170,1.08672907,0.54220198
-5.19559780,1.78180621,0.15946588,0.00245331,0.01687843,1.21279078,1.12556857,0.56189827
-5.18959480,1.84114271,0.16571764,0.00250872,0.01711726,1.25426492,1.16414757,0.58265982
-5.18359180,1.90210233,0.17245400,0.00256789,0.01737889,1.29653660,1.20228127,0.60438485
-5.17758879,1.96439980,0.17968940,0.00263136,0.01766320,1.33935829,1.23977796,0.62693632
-5.17158579,2.02768172,0.18742525,0.00269951,0.01796869,1.38244394,1.27643904,0.65014277
-5.16558279,2.09152774,0.19564777,0.00277260,0.01829246,1.42547220,1.31205943,0.67380052
-5.15957979,2.15545442,0.20432643,0.00285070,0.01863033,1.46809116,1.34642847,0.69767717
-5.15357679,2.21892195,0.21341282,0.00293371,0.01897690,1.50992464,1.37933126,0.72151639
-5.14757379,2.28134340,0.22284033,0.00302128,0.01932577,1.55057964,1.41055043,0.74504377
-5.14157079,2.34209626,0.23252439,0.00311286,0.01966973,1.58965475,1.43986834,0.76797341
-5.13556778,2.40053583,0.24236359,0.00320770,0.02000105,1.62674925,1.46706969,0.79001522
-5.12956478,2.45601021,0.25224152,0.00330482,0.02031174,1.66147246,1.49194449,0.81088239
-5.12356178,2.50787606,0.26202938,0.00340309,0.02059387,1.69345300,1.51429122,0.83029892
-5.11755878,2.55551483,0.27158925,0.00350120,0.02083983,1.72234770,1.53392032,0.84800678
-5.11155578,2.59834883,0.28077802,0.00359778,0.02104262,1.74784977,1.55065780,0.86377254
-5.10555278,2.63585648,0.28945170,0.00369135,0.02119614,1.76969599,1.56434887,0.87739317
-5.09954977,2.66758638,0.29747015,0.00378046,0.02129533,1.78767267,1.57486162,0.88870079
-5.09354677,2.69316951,0.30470182,0.00386367,0.02133642,1.80162018,1.58209059,0.89756631
-5.08754377,2.71232938,0.31102851,0.00393966,0.02131699,1.81143607,1.58596000,0.90390172
-5.08154077,2.72488954,0.31634977,0.00400723,0.02123603,1.81707658,1.58642680,0.90766120
-5.07553777,2.73077840,0.32058685,0.00406541,0.02109399,1.81855661,1.58348321,0.90884091
-5.06953477,2.73003106,0.32368594,0.00411342,0.02089267,1.81594828,1.57715864,0.90747759
-5.06353177,2.72278831,0.32562051,0.00415076,0.02063517,1.80937813,1.56752105,0.90364608
-5.05752876,2.70929258,0.32639277,0.00417721,0.02032571,1.79902313,1.55467746,0.89745604
-5.05152576,2.68988129,0.32603387,0.00419285,0.01996947,1.78510572,1.53877369,0.88904779
-5.04552276,2.66497771,0.32460312,0.00419805,0.01957237,1.76788810,1.51999319,0.87858781
-5.03951976,2.63507969,0.32218606,0.00419346,0.01914091,1.74766593,1.49855497,0.86626378
-5.03351676,2.60074682,0.31889142,0.00417997,0.01868187,1.72476177,1.47471070,0.85227959
-5.02751376,2.56258621,0.31484729,0.00415873,0.01820218,1.69951828,1.44874091,0.83685042
-5.02151076,2.52123774,0.31019646,0.00413104,0.01770868,1.67229165,1.42095049,0.82019795
-5.01550775,2.47735895,0.30509125,0.00409837,0.01720799,1.64344505,1.39166362,0.80254603
-5.00950475,2.43161025,0.29968810,0.00406225,0.01670635,1.61334262,1.36121807,0.78411665
-5.00350175,2.38464086,0.29414203,0.00402428,0.01620952,1.58234371,1.32995933,0.76512648
-4.99749875,2.33707570,0.28860136,0.00398600,0.01572273,1.55079776,1.29823448,0.74578382
-4.99149575,2.28950378,0.28320289,0.00394893,0.01525062,1.51903953,1.26638600,0.72628608
-4.98549275,2.24246806,0.27806761,0.00391444,0.01479726,1.48738490,1.23474583,0.70681768
-4.97948974,2.19645709,0.27329734,0.00388378,0.01436615,1.45612712,1.20362958,0.68754828
-4.97348674,2.15189839,0.26897219,0.00385800,0.01396027,1.42553346,1.17333115,0.66863140
-4.96748374,2.10915350,0.26514907,0.00383792,0.01358210,1.39584217,1.14411781,0.65020324
-4.96148074,2.06851474,0.26186110,0.00382417,0.01323372,1.36725986,1.11622576,0.63238169
-4.95547774,2.03020346,0.25911809,0.00381712,0.01291681,1.33995910,1.08985627,0.61526549
-4.94947474,1.99436957,0.25690781,0.00381691,0.01263272,1.31407634,1.06517238,0.59893357
-4.94347174,1.96109238,0.25519798,0.00382343,0.01238246,1.28971018,1.04229620,0.58344440
-4.93746873,1.93038246,0.25393899,0.00383638,0.01216677,1.26692001,1.02130690,0.56883558
-4.93146573,1.90218440,0.25306688,0.00385522,0.01198606,1.24572513,1.00223930,0.55512358
-4.92546273,1.87638052,0.25250674,0.00387927,0.01184042,1.22610445,0.98508318,0.54230371
-4.91945973,1.85279546,0.25217611,0.00390765,0.01172957,1.20799696,0.96978339,0.53035045
-4.91345673,1.83120151,0.25198842,0.00393939,0.01165282,1.19130301,0.95624081,0.51921808
-4.90745373,1.81132500,0.25185616,0.00397341,0.01160903,1.17588661,0.94431414,0.50884187
-4.90145073,1.79285352,0.25169391,0.00400856,0.01159657,1.16157881,0.93382279,0.49913971
-4.89544772,1.77544416,0.25142091,0.00404367,0.01161328,1.14818225,0.92455078,0.49001434
-4.88944472,1.75873278,0.25096332,0.00407754,0.01165648,1.13547684,0.91625170,0.48135610
-4.88344172,1.74234418,0.25025605,0.00410903,0.01172294,1.12322663,0.90865491,0.47304623
-4.87743872,1.72590319,0.24924422,0.00413703,0.01180895,1.11118757,0.90147265,0.46496065
-4.87143572,1.70904638,0.24788416,0.00416052,0.01191038,1.09911620,0.89440821,0.45697415
-4.86543272,1.69143422,0.24614416,0.00417859,0.01202276,1.08677878,0.88716493,0.44896480
-4.85942971,1.67276328,0.24400483,0.00419044,0.01214141,1.07396071,0.87945573,0.44081854
-4.85342671,1.65277809,0.24145920,0.00419544,0.01226160,1.06047578,0.87101301,0.43243363
-4.84742371,1.63128224,0.23851254,0.00419310,0.01237866,1.04617493,0.86159855,0.42372494
-4.84142071,1.60814814,0.23518197,0.00418310,0.01248824,1.03095408,0.85101299,0.41462783
-4.83541771,1.58332505,0.23149586,0.00416530,0.01258639,1.01476068,0.83910469,0.40510142
-4.82941471,1.55684493,0.22749303,0.00413973,0.01266976,0.99759867,0.82577740,0.39513115
-4.82341171,1.52882580,0.22322172,0.00410658,0.01273577,0.97953161,0.81099659,0.38473056
-4.81740870,1.49947219,0.21873847,0.00406623,0.01278267,0.96068371,0.79479402,0.37394203
-4.81140570,1.46907280,0.21410678,0.00401915,0.01280966,0.94123883,0.77727039,0.36283673
-4.80540270,1.43799519,0.20939561,0.00396599,0.01281689,0.92143738,0.75859598,0.35151350
-4.79939970,1.40667777,0.20467778,0.00390748,0.01280549,0.90157122,0.73900908,0.34009685
-4.79339670,1.37561931,0.20002833,0.00384441,0.01277749,0.88197689,0.71881243,0.32873421
-4.78739370,1.34536646,0.19552269,0.00377765,0.01273572,0.86302742,0.69836760,0.31759244
-4.78139070,1.31649971,0.19123498,0.00370810,0.01268372,0.84512296,0.67808776,0.30685373
-4.77538769,1.28961847,0.18723626,0.00363665,0.01262548,0.82868082,0.65842880,0.29671123
-4.76938469,1.26532576,0.18359291,0.00356418,0.01256535,0.81412521,0.63987936,0.28736435
-4.76338169,1.24421312,0.18036509,0.00349154,0.01250777,0.80187702,0.62294999,0.27901403
-4.75737869,1.22684637,0.17760547,0.00341952,0.01245711,0.79234409,0.60816174,0.27185806
-4.75137569,1.21375250,0.17535807,0.00334886,0.01241743,0.78591213,0.59603461,0.26608664
-4.74537269,1.20540817,0.17365739,0.00328025,0.01239235,0.78293664,0.58707606,0.26187820
-4.73936968,1.20223000,0.17252781,0.00321430,0.01238487,0.78373585,0.58176982,0.25939564
-4.73336668,1.20456667,0.17198319,0.00315156,0.01239727,0.78858469,0.58056530,0.25878294
-4.72736368,1.21269299,0.17202675,0.00309254,0.01243106,0.79770999,0.58386773,0.26016229
-4.72136068,1.22680565,0.17265117,0.00303770,0.01248689,0.81128657,0.59202903,0.26363160
-4.71535768,1.24702055,0.17383888,0.00298747,0.01256462,0.82943426,0.60533967,0.26926252
-4.70935468,1.27337153,0.17556256,0.00294226,0.01266331,0.85221573,0.62402154,0.27709885
-4.70335168,1.30581011,0.17778573,0.00290246,0.01278133,0.87963492,0.64822182,0.28715534
-4.69734867,1.34420626,0.18046354,0.00286843,0.01291644,0.91163603,0.67800800,0.29941691
-4.69134567,1.38834981,0.18354364,0.00284056,0.01306592,0.94810303,0.71336408,0.31383832
-4.68534267,1.43795260,0.18696713,0.00281919,0.01322667,0.98885961,0.75418811,0.33034411
-4.67933967,1.49265127,0.19066964,0.00280465,0.01339533,1.03366979,0.80029111,0.34882910
-4.67333667,1.55201076,0.19458256,0.00279725,0.01356845,1.08223908,0.85139759,0.36915931
-4.66733367,1.61552870,0.19863424,0.00279726,0.01374253,1.13421650,0.90714764,0.39117341
-4.66133067,1.68264091,0.20275150,0.00280486,0.01391414,1.18919765,0.96710099,0.41468467
-4.65532766,1.75272806,0.20686110,0.00282020,0.01407998,1.24672883,1.03074279,0.43948358
-4.64932466,1.82512391,0.21089143,0.00284329,0.01423695,1.30631261,1.09749150,0.46534103
-4.64332166,1.89912504,0.21477424,0.00287409,0.01438215,1.36741473,1.16670853,0.49201209
-4.63731866,1.97400227,0.21844652,0.00291239,0.01451294,1.42947250,1.23770986,0.51924042
-4.63131566,2.04901362,0.22185236,0.00295789,0.01462690,1.49190465,1.30977918,0.54676309
-4.62531266,2.12341867,0.22494477,0.00301016,0.01472187,1.55412232,1.38218239,0.57431585
-4.61930965,2.19649390,0.22768746,0.00306865,0.01479588,1.61554113,1.45418315,0.60163864
-4.61330665,2.26754868,0.23005635,0.00313271,0.01484723,1.67559382,1.52505883,0.62848118
-4.60730365,2.33594123,0.23204084,0.00320157,0.01487440,1.73374307,1.59411650,0.65460844
-4.60130065,2.40109385,0.23364467,0.00327443,0.01487608,1.78949404,1.66070844,0.67980579
-4.59529765,2.46250694,0.23488634,0.00335041,0.01485119,1.84240594,1.72424641,0.70388362
-4.58929465,2.51977082,0.23579894,0.00342863,0.01479886,1.89210238,1.78421435,0.72668125
-4.58329165,2.57257499,0.23642933,0.00350819,0.01471847,1.93827974,1.84017896,0.74806997
-4.57728864,2.62071411,0.23683681,0.00358826,0.01460967,1.98071327,1.89179769,0.76795502
-4.57128564,2.66409039,0.23709097,0.00366802,0.01447238,2.01926067,1.93882396,0.78627656
-4.56528264,2.70271217,0.23726910,0.00374675,0.01430683,2.05386285,1.98110937,0.80300941
-4.55927964,2.73668867,0.23745294,0.00382382,0.01411359,2.08454190,2.01860293,0.81816175
-4.55327664,2.76622104,0.23772508,0.00389865,0.01389356,2.11139633,2.05134729,0.83177280
-4.54727364,2.79159026,0.23816509,0.00397079,0.01364796,2.13459385,2.07947236,0.84390955
-4.54127064,2.81314217,0.23884545,0.00403984,0.01337841,2.15436201,2.10318654,0.85466281
-4.53526763,2.83127062,0.23982768,0.00410548,0.01308679,2.17097720,2.12276596,0.86414267
-4.52926463,2.84639939,0.24115863,0.00416741,0.01277532,2.18475245,2.13854236,0.87247363
-4.52326163,2.85896367,0.24286732,0.00422538,0.01244647,2.19602465,2.15088996,0.87978963
-4.51725863,2.86939214,0.24496236,0.00427912,0.01210293,2.20514178,2.16021196,0.88622917
-4.51125563,2.87809031,0.24743025,0.00432833,0.01174757,2.21245060,2.16692707,0.89193065
-4.50525263,2.88542581,0.25023453,0.00437267,0.01138337,2.21828523,2.17145658,0.89702815
-4.49924962,2.89171629,0.25331602,0.00441174,0.01101337,2.22295716,2.17421237,0.90164775
-4.49324662,2.89722033,0.25659403,0.00444506,0.01064061,2.22674683,2.17558602,0.90590444
-4.48724362,2.90213141,0.25996869,0.00447207,0.01026810,2.22989699,2.17593934,0.90989964
-4.48124062,2.90657531,0.26332410,0.00449215,0.00989875,2.23260791,2.17559652,0.91371939
-4.47523762,2.91061037,0.26653245,0.00450463,0.00953536,2.23503440,2.17483764,0.91743307
-4.46923462,2.91423077,0.26945868,0.00450878,0.00918055,2.23728452,2.17389390,0.92109266
-4.46323162,2.91737204,0.27196569,0.00450390,0.00883681,2.23941976,2.17294415,0.92473241
-4.45722861,2.91991847,0.27391968,0.00448932,0.00850641,2.24145647,2.17211285,0.92836882
-4.45122561,2.92171186,0.27519552,0.00446444,0.00819148,2.24336830,2.17146917,0.93200091
-4.44522261,2.92256088,0.27568179,0.00442877,0.00789395,2.24508934,2.17102719,0.93561063
-4.43921961,2.92225072,0.27528540,0.00438198,0.00761560,2.24651774,2.17074702,0.93916337
-4.43321661,2.92055230,0.27393535,0.00432393,0.00735807,2.24751968,2.17053685,0.94260853
-4.42721361,2.91723090,0.27158572,0.00425472,0.00712288,2.24793344,2.17025575,0.94588027
-4.42121061,2.91205369,0.26821755,0.00417468,0.00691142,2.24757360,2.16971736,0.94889821
-4.41520760,2.90479623,0.26383967,0.00408441,0.00672501,2.24623530,2.16869434,0.95156844
-4.40920460,2.89524782,0.25848838,0.00398476,0.00656488,2.24369864,2.16692378,0.95378467
-4.40320160,2.88321576,0.25222610,0.00387688,0.00643217,2.23973323,2.16411348,0.95542972
-4.39719860,2.86852880,0.24513902,0.00376213,0.00632795,2.23410314,2.15994931,0.95637743
-4.39119560,2.85104005,0.23733390,0.00364211,0.00625323,2.22657226,2.15410359,0.95649504
-4.38519260,2.83062949,0.22893416,0.00351860,0.00620892,2.21691020,2.14624450,0.95564609
-4.37918959,2.80720667,0.22007565,0.00339353,0.00619582,2.20489896,2.13604658,0.95369396
-4.37318659,2.78071358,0.21090197,0.00326894,0.00621466,2.19034013,2.12320202,0.95050587
-4.36718359,2.75112815,0.20155996,0.00314691,0.00626602,2.17306288,2.10743270,0.94595743
-4.36118059,2.71846835,0.19219521,0.00302955,0.00635037,2.15293241,2.08850267,0.93993766
-4.35517759,2.68279699,0.18294805,0.00291892,0.00646806,2.12985877,2.06623067,0.93235416
-4.34917459,2.64422720,0.17395000,0.00281699,0.00661931,2.10380577,2.04050233,0.92313847
-4.34317159,2.60292817,0.16532091,0.00272562,0.00680423,2.07479961,2.01128153,0.91225124
-4.33716858,2.55913110,0.15716680,0.00264652,0.00702285,2.04293683,1.97862052,0.89968702
-4.33116558,2.51313483,0.14957847,0.00258124,0.00727514,2.00839115,1.94266814,0.88547850
-4.32516258,2.46531069,0.14263092,0.00253112,0.00756103,1.97141887,1.90367581,0.86969980
-4.31915958,2.41610609,0.13638341,0.00249732,0.00788051,1.93236211,1.86200074,0.85246876
-4.31315658,2.36604644,0.13088027,0.00248078,0.00823358,1.89164990,1.81810607,0.83394791
-4.30715358,2.31573484,0.12615215,0.00248228,0.00862039,1.84979644,1.77255761,0.81434404
-4.30115058,2.26584913,0.12221776,0.00250240,0.00904118,1.80739652,1.72601714,0.79390625
-4.29514757,2.21713616,0.11908594,0.00254157,0.00949642,1.76511795,1.67923212,0.77292245
-4.28914457,2.17040288,0.11675776,0.00260007,0.00998670,1.72369089,1.63302202,0.75171443
-4.28314157,2.12650438,0.11522877,0.00267808,0.01051283,1.68389432,1.58826150,0.73063140
-4.27713857,2.08632880,0.11449107,0.00277567,0.01107573,1.64653985,1.54586079,0.71004241
-4.27113557,2.05077947,0.11453519,0.00289281,0.01167646,1.61245321,1.50674381,0.69032764
-4.26513257,2.02075461,0.11535162,0.00302945,0.01231606,1.58245395,1.47182460,0.67186894
-4.25912956,1.99712495,0.11693200,0.00318546,0.01299553,1.55733383,1.44198272,0.65503992
-4.25312656,1.98071015,0.11926983,0.00336066,0.01371564,1.53783460,1.41803833,0.64019577
-4.24712356,1.97225439,0.12236077,0.00355484,0.01447685,1.52462588,1.40072779,0.62766335
-4.24112056,1.97240222,0.12620235,0.00376774,0.01527914,1.51828371,1.39068041,0.61773161
-4.23511756,1.98167523,0.13079337,0.00399901,0.01612187,1.51927068,1.38839723,0.61064290
-4.22911456,2.00045055,0.13613275,0.00424825,0.01700362,1.52791825,1.39423248,0.60658533
-4.22311156,2.02894188,0.14221813,0.00451491,0.01792210,1.54441183,1.40837833,0.60568637
-4.21710855,2.06718400,0.14904407,0.00479834,0.01887401,1.56877945,1.43085371,0.60800816
-4.21110555,2.11502127,0.15660013,0.00509768,0.01985502,1.60088425,1.46149737,0.61354438
-4.20510255,2.17210092,0.16486879,0.00541190,0.02085971,1.64042146,1.49996594,0.62221911
-4.19909955,2.23787150,0.17382341,0.00573971,0.02188161,1.68691994,1.54573684,0.63388751
-4.19309655,2.31158683,0.18342625,0.00607957,0.02291326,1.73974845,1.59811646,0.64833848
-4.18709355,2.39231567,0.19362677,0.00642965,0.02394635,1.79812677,1.65625341,0.66529922
-4.18109055,2.47895688,0.20436018,0.00678781,0.02497187,1.86114121,1.71915649,0.68444149
-4.17508754,2.57025999,0.21554649,0.00715161,0.02598031,1.92776434,1.78571725,0.70538953
-4.16908454,2.66485051,0.22709001,0.00751830,0.02696193,1.99687833,1.85473623,0.72772928
-4.16308154,2.76125935,0.23887943,0.00788484,0.02790696,2.06730116,1.92495237,0.75101871
-4.15707854,2.85795547,0.25078859,0.00824795,0.02880589,2.13781489,1.99507447,0.77479887
-4.15107554,2.95338061,0.26267778,0.00860411,0.02964971,2.20719506,2.06381387,0.79860529
-4.14507254,3.04598504,0.27439579,0.00894963,0.03043014,2.27424019,2.12991705,0.82197939
-4.13906953,3.13426295,0.28578246,0.00928073,0.03113982,2.33780027,2.19219706,0.84447945
-4.13306653,3.21678639,0.29667190,0.00959359,0.03177247,2.39680336,2.24956268,0.86569087
-4.12706353,3.29223637,0.30689601,0.00988443,0.03232296,2.45027917,2.30104412,0.88523515
-4.12106053,3.35943019,0.31628849,0.01014960,0.03278738,2.49737899,2.34581439,0.90277758
-4.11505753,3.41734399,0.32468895,0.01038564,0.03316300,2.53739109,2.38320554,0.91803317
-4.10905453,3.46512996,0.33194710,0.01058939,0.03344823,2.56975137,2.41271920,0.93077079
-4.10305153,3.50212757,0.33792688,0.01075802,0.03364248,2.59404879,2.43403112,0.94081533
-4.09704852,3.52786887,0.34251028,0.01088914,0.03374605,2.61002582,2.44698968,0.94804804
-4.09104552,3.54207791,0.34560083,0.01098083,0.03375994,2.61757398,2.45160867,0.95240502
-4.08504252,3.54466460,0.34712645,0.01103168,0.03368567,2.61672501,2.44805481,0.95387407
-4.07903952,3.53571377,0.34704175,0.01104083,0.03352513,2.60763830,2.43663071,0.95249013
-4.07303652,3.51547018,0.34532953,0.01100799,0.03328043,2.59058540,2.41775440,0.94832974
-4.06703352,3.48432039,0.34200151,0.01093342,0.03295375,2.56593250,2.39193625,0.94150457
-4.06103052,3.44277258,0.33709824,0.01081794,0.03254730,2.53412175,2.35975471,0.93215469
-4.05502751,3.39143530,0.33068817,0.01066290,0.03206325,2.49565237,2.32183171,0.92044168
-4.04902451,3.33099618,0.32286600,0.01047017,0.03150376,2.45106245,2.27880917,0.90654197
-4.04302151,3.26220127,0.31375028,0.01024203,0.03087102,2.40091206,2.23132725,0.89064074
-4.03701851,3.18583606,0.30348038,0.00998120,0.03016731,2.34576829,2.18000546,0.87292651
-4.03101551,3.10270825,0.29221302,0.00969074,0.02939515,2.28619271,2.12542706,0.85358658
-4.02501251,3.01363310,0.28011833,0.00937399,0.02855740,2.22273137,2.06812713,0.83280345
-4.01900950,2.91942106,0.26737575,0.00903452,0.02765743,2.15590745,2.00858468,0.81075224
-4.01300650,2.82086798,0.25416973,0.00867605,0.02669916,2.08621651,1.94721850,0.78759902
-4.00700350,2.71874752,0.24068544,0.00830241,0.02568727,2.01412401,1.88438670,0.76349998
-4.00100050,2.61380564,0.22710470,0.00791747,0.02462715,1.94006483,1.82038940,0.73860132
-3.99499750,2.50675667,0.21360199,0.00752505,0.02352504,1.86444441,1.75547410,0.71303977
-3.98899450,2.39828068,0.20034092,0.00712891,0.02238792,1.78764100,1.68984308,0.68694337
-3.98299150,2.28902169,0.18747107,0.00673264,0.02122349,1.71000861,1.62366220,0.66043262
-3.97698849,2.17958651,0.17512523,0.00633967,0.02004007,1.63188033,1.55707039,0.63362161
-3.97098549,2.07054375,0.16341727,0.00595316,0.01884641,1.55357149,1.49018918,0.60661913
-3.96498249,1.96242290,0.15244046,0.00557600,0.01765154,1.47538258,1.42313185,0.57952963
-3.95897949,1.85571341,0.14226646,0.00521076,0.01646455,1.39760151,1.35601145,0.55245393
-3.95297649,1.75086353,0.13294474,0.00485965,0.01529435,1.32050530,1.28894770,0.52548960
-3.94697349,1.64827921,0.12450272,0.00452453,0.01414951,1.24436086,1.22207209,0.49873116
-3.94097049,1.54832285,0.11694635,0.00420684,0.01303799,1.16942514,1.15553140,0.47226986
-3.93496748,1.45131228,0.11026122,0.00390763,0.01196697,1.09594452,1.08948936,0.44619338
-3.92896448,1.35751989,0.10441416,0.00362759,0.01094270,1.02415366,1.02412665,0.42058518
-3.92296148,1.26717228,0.09935524,0.00336699,0.00997039,0.95427383,0.95963928,0.39552384
-3.91695848,1.18045034,0.09502013,0.00312575,0.00905408,0.88651099,0.89623561,0.37108231
-3.91095548,1.09749003,0.09133277,0.00290347,0.00819668,0.82105372,0.83413236,0.34732713
-3.90495248,1.01838377,0.08820816,0.00269943,0.00739990,0.75807114,0.77354973,0.32431778
-3.89894947,0.94318263,0.08555542,0.00251267,0.00666432,0.69771092,0.71470604,0.30210608
-3.89294647,0.87189918,0.08328072,0.00234204,0.00598950,0.64009770,0.65781224,0.28073584
-3.88694347,0.80451091,0.08129029,0.00218619,0.00537404,0.58533168,0.60306648,0.26024258
-3.88094047,0.74096423,0.07949318,0.00204371,0.00481576,0.53348783,0.55064907,0.24065352
-3.87493747,0.68117884,0.07780388,0.00191311,0.00431181,0.48461541,0.50071806,0.22198776
-3.86893447,0.62505229,0.07614458,0.00179292,0.00385884,0.43873816,0.45340552,0.20425658
-3.86293147,0.57246462,0.07444706,0.00168169,0.00345314,0.39585485,0.40881487,0.18746398
-3.85692846,0.52328299,0.07265421,0.00157808,0.00309082,0.35594039,0.36701901,0.17160727
-3.85092546,0.47736597,0.07072107,0.00148085,0.00276792,0.31894734,0.32805959,0.15667778
-3.84492246,0.43456749,0.06861538,0.00138891,0.00248053,0.28480783,0.29194720,0.14266165
-3.83891946,0.39474038,0.06631773,0.00130132,0.00222492,0.25343573,0.25866248,0.12954062
-3.83291646,0.35773928,0.06382124,0.00121734,0.00199761,0.22472910,0.22815805,0.11729279
-3.82691346,0.32342308,0.06113083,0.00113638,0.00179543,0.19857275,0.20036107,0.10589336
-3.82091046,0.29165663,0.05826225,0.00105801,0.00161556,0.17484092,0.17517643,0.09531533
-3.81490745,0.26231207,0.05524068,0.00098200,0.00145559,0.15339986,0.15249024,0.08553010
-3.80890445,0.23526949,0.05209933,0.00090821,0.00131351,0.13411045,0.13217355,0.07650798
-3.80290145,0.21041726,0.04887780,0.00083666,0.00118767,0.11683057,0.11408620,0.06821864
-3.79689845,0.18765194,0.04562046,0.00076745,0.00107686,0.10141739,0.09808051,0.06063147
-3.79089545,0.16687804,0.04237486,0.00070076,0.00098020,0.08772933,0.08400491,0.05371589
-3.78489245,0.14800749,0.03919035,0.00063682,0.00089714,0.07562787,0.07170719,0.04744155
-3.77888944,0.13095917,0.03611669,0.00057589,0.00082747,0.06497906,0.06103748,0.04177854
-3.77288644,0.11565837,0.03320305,0.00051825,0.00077122,0.05565477,0.05185077,0.03669753
-3.76688344,0.10203636,0.03049713,0.00046416,0.00072869,0.04753370,0.04400906,0.03216995
-3.76088044,0.09003010,0.02804460,0.00041389,0.00070036,0.04050217,0.03738304,0.02816802
-3.75487744,0.07958202,0.02588871,0.00036766,0.00068689,0.03445464,0.03185335,0.02466496
-3.74887444,0.07064000,0.02407014,0.00032568,0.00068909,0.02929408,0.02731145,0.02163503
-3.74287144,0.06315742,0.02262705,0.00028812,0.00070783,0.02493219,0.02366010,0.01905366
-3.73686843,0.05709337,0.02159523,0.00025512,0.00074410,0.02128939,0.02081348,0.01689752
-3.73086543,0.05241277,0.02100838,0.00022681,0.00079886,0.01829479,0.01869706,0.01514463
-3.72486243,0.04908659,0.02089836,0.00020330,0.00087310,0.01588594,0.01724720,0.01377436
-3.71885943,0.04709187,0.02129546,0.00018469,0.00096772,0.01400859,0.01641049,0.01276748
-3.71285643,0.04641167,0.02222858,0.00017109,0.00108353,0.01261630,0.01614301,0.01210615
-3.70685343,0.04703478,0.02372530,0.00016261,0.00122118,0.01167007,0.01640936,0.01177382
-3.70085043,0.04895515,0.02581177,0.00015938,0.00138110,0.01113782,0.01718163,0.01175513
-3.69484742,0.05217112,0.02851243,0.00016158,0.00156351,0.01099394,0.01843838,0.01203578
-3.68884442,0.05668424,0.03184950,0.00016937,0.00176827,0.01121870,0.02016347,0.01260231
-3.68284142,0.06249791,0.03584232,0.00018297,0.00199495,0.01179772,0.02234498,0.01344187
-3.67683842,0.06961568,0.04050639,0.00020263,0.00224271,0.01272144,0.02497412,0.01454197
-3.67083542,0.07803937,0.04585232,0.00022860,0.00251030,0.01398450,0.02804423,0.01589022
-3.66483242,0.08776702,0.05188462,0.00026116,0.00279605,0.01558528,0.03154988,0.01747412
-3.65882941,0.09879075,0.05860039,0.00030060,0.00309787,0.01752536,0.03548605,0.01928076
-3.65282641,0.11109472,0.06598794,0.00034720,0.00341325,0.01980908,0.03984749,0.02129671
-3.64682341,0.12465319,0.07402553,0.00040121,0.00373928,0.02244320,0.04462824,0.02350790
-3.64082041,0.13942878,0.08268014,0.00046286,0.00407276,0.02543660,0.04982133,0.02589955
-3.63481741,0.15537125,0.09190652,0.00053233,0.00441016,0.02880008,0.05541871,0.02845626
-3.62881441,0.17241662,0.10164644,0.00060973,0.00474783,0.03254633,0.06141136,0.03116215
-3.62281141,0.19048698,0.11182836,0.00069511,0.00508198,0.03668990,0.06778955,0.03400113
-3.61680840,0.20949091,0.12236748,0.00078842,0.00540886,0.04124737,0.07454343,0.03695724
-3.61080540,0.22932457,0.13316635,0.00088956,0.00572486,0.04623754,0.08166357,0.04001506
-3.60480240,0.24987362,0.14411592,0.00099830,0.00602660,0.05168168,0.08914179,0.04316027
-3.59879940,0.27101572,0.15509722,0.00111435,0.00631108,0.05760385,0.09697196,0.04638018
-3.59279640,0.29262366,0.16598360,0.00123732,0.00657577,0.06403106,0.10515080,0.04966424
-3.58679340,0.31456905,0.17664343,0.00136677,0.00681868,0.07099347,0.11367860,0.05300469
-3.58079040,0.33672628,0.18694333,0.00150218,0.00703850,0.07852435,0.12255980,0.05639695
-3.57478739,0.35897663,0.19675177,0.00164301,0.00723457,0.08665982,0.13180325,0.05984006
-3.56878439,0.38121234,0.20594293,0.00178868,0.00740697,0.09543831,0.14142225,0.06333695
-3.56278139,0.40334027,0.21440067,0.00193863,0.00755647,0.10489963,0.15143410,0.06689447
-3.55677839,0.42528505,0.22202252,0.00209227,0.00768455,0.11508373,0.16185923,0.07052336
-3.55077539,0.44699139,0.22872340,0.00224907,0.00779327,0.12602892,0.17271987,0.07423783
-3.54477239,0.46842537,0.23443904,0.00240852,0.00788524,0.13776979,0.18403820,0.07805508
-3.53876938,0.48957458,0.23912883,0.00257014,0.00796347,0.15033470,0.19583413,0.08199444
-3.53276638,0.51044703,0.24277793,0.00273351,0.00803125,0.16374290,0.20812257,0.08607641
-3.52676338,0.53106865,0.24539861,0.00289822,0.00809199,0.17800158,0.22091061,0.09032146
-3.52076038,0.55147979,0.24703069,0.00306389,0.00814907,0.19310267,0.23419436,0.09474868
-3.51475738,0.57173039,0.24774087,0.00323013,0.00820567,0.20901986,0.24795602,0.09937437
-3.50875438,0.59187451,0.24762123,0.00339653,0.00826466,0.22570579,0.26216103,0.10421061
-3.50275138,0.61196417,0.24678664,0.00356263,0.00832840,0.24308971,0.27675571,0.10926381
-3.49674837,0.63204300,0.24537139,0.00372788,0.00839867,0.26107578,0.29166554,0.11453351
-3.49074537,0.65214006,0.24352496,0.00389167,0.00847659,0.27954216,0.30679418,0.12001120
-3.48474237,0.67226417,0.24140730,0.00405324,0.00856252,0.29834108,0.32202345,0.12567960
-3.47873937,0.69239915,0.23918363,0.00421170,0.00865608,0.31729991,0.33721445,0.13151206
-3.47273637,0.71250032,0.23701913,0.00436603,0.00875618,0.33622342,0.35220966,0.13747247
-3.46673337,0.73249245,0.23507359,0.00451511,0.00886104,0.35489706,0.36683624,0.14351548
-3.46073037,0.75226939,0.23349637,0.00465766,0.00896827,0.37309138,0.38091029,0.14958713
-3.45472736,0.77169542,0.23242179,0.00479234,0.00907506,0.39056730,0.39424201,0.15562587
-3.44872436,0.79060833,0.23196520,0.00491776,0.00917824,0.40708214,0.40664150,0.16156393
-3.44272136,0.80882406,0.23221975,0.00503252,0.00927450,0.42239621,0.41792498,0.16732893
-3.43671836,0.82614268,0.23325417,0.00513527,0.00936055,0.43627950,0.42792118,0.17284584
-3.43071536,0.84235540,0.23511137,0.00522479,0.00943324,0.44851851,0.43647739,0.17803895
-3.42471236,0.85725220,0.23780808,0.00529997,0.00948982,0.45892254,0.44346512,0.18283401
-3.41870935,0.87062974,0.24133539,0.00535997,0.00952798,0.46732949,0.44878492,0.18716029
-3.41270635,0.88229898,0.24566010,0.00540420,0.00954604,0.47361065,0.45237002,0.19095259
-3.40670335,0.89209234,0.25072678,0.00543235,0.00954302,0.47767449,0.45418887,0.19415297
-3.40070035,0.89986967,0.25646049,0.00544448,0.00951868,0.47946908,0.45424609,0.19671232
-3.39469735,0.90552313,0.26276980,0.00544096,0.00947354,0.47898328,0.45258209,0.19859161
-3.38869435,0.90898037,0.26955012,0.00542252,0.00940885,0.47624641,0.44927110,0.19976269
-3.38269135,0.91020619,0.27668704,0.00539021,0.00932655,0.47132670,0.44441803,0.20020887
-3.37668834,0.90920243,0.28405966,0.00534536,0.00922914,0.46432843,0.43815395,0.19992505
-3.37068534,0.90600621,0.29154360,0.00528952,0.00911957,0.45538803,0.43063085,0.19891748
-3.36468234,0.90068676,0.29901372,0.00522443,0.00900107,0.44466931,0.42201552,0.19720325
-3.35867934,0.89334096,0.30634649,0.00515193,0.00887701,0.43235805,0.41248329,0.19480947
-3.35267634,0.88408793,0.31342186,0.00507386,0.00875072,0.41865624,0.40221162,0.19177219
-3.34667334,0.87306306,0.32012470,0.00499203,0.00862533,0.40377608,0.39137396,0.18813523
-3.34067034,0.86041180,0.32634594,0.00490809,0.00850358,0.38793429,0.38013428,0.18394877
-3.33466733,0.84628361,0.33198335,0.00482350,0.00838775,0.37134653,0.36864233,0.17926803
-3.32866433,0.83082640,0.33694206,0.00473945,0.00827951,0.35422254,0.35702991,0.17415187
-3.32266133,0.81418177,0.34113506,0.00465681,0.00817988,0.33676177,0.34540832,0.16866150
-3.31665833,0.79648143,0.34448364,0.00457613,0.00808919,0.31914994,0.33386695,0.16285927
-3.31065533,0.77784477,0.34691797,0.00449759,0.00800707,0.30155632,0.32247314,0.15680766
-3.30465233,0.75837783,0.34837780,0.00442102,0.00793256,0.28413195,0.31127317,0.15056843
-3.29864932,0.73817376,0.34881344,0.00434595,0.00786414,0.26700860,0.30029419,0.14420193
-3.29264632,0.71731444,0.34818700,0.00427163,0.00779987,0.25029859,0.28954717,0.13776672
-3.28664332,0.69587342,0.34647382,0.00419706,0.00773757,0.23409526,0.27903039,0.13131925
-3.28064032,0.67391974,0.34366412,0.00412114,0.00767496,0.21847404,0.26873346,0.12491385
-3.27463732,0.65152243,0.33976469,0.00404266,0.00760984,0.20349397,0.25864153,0.11860279
-3.26863432,0.62875537,0.33480062,0.00396042,0.00754028,0.18919957,0.24873948,0.11243650
-3.26263132,0.60570211,0.32881678,0.00387332,0.00746480,0.17562293,0.23901588,0.10646385
-3.25662831,0.58246038,0.32187905,0.00378042,0.00738250,0.16278585,0.22946652,0.10073247
-3.25062531,0.55914583,0.31407496,0.00368098,0.00729323,0.15070197,0.22009731,0.09528906
-3.24462231,0.53589481,0.30551388,0.00357458,0.00719761,0.13937876,0.21092651,0.09017959
-3.23861931,0.51286591,0.29632633,0.00346109,0.00709718,0.12881931,0.20198598,0.08544948
-3.23261631,0.49024000,0.28666257,0.00334073,0.00699432,0.11902381,0.19332172,0.08114353
-3.22661331,0.46821884,0.27669028,0.00321406,0.00689225,0.10999072,0.18499336,0.07730576
-3.22061031,0.44702205,0.26659147,0.00308198,0.00679499,0.10171759,0.17707285,0.07397896
-3.21460730,0.42688260,0.25655851,0.00294567,0.00670714,0.09420153,0.16964232,0.07120412
-3.20860430,0.40804104,0.24678955,0.00280661,0.00663380,0.08743934,0.16279129,0.06901961
-3.20260130,0.39073853,0.23748332,0.00266643,0.00658036,0.08142729,0.15661323,0.06746016
-3.19659830,0.37520911,0.22883362,0.00252693,0.00655224,0.07616071,0.15120177,0.06655570
-3.19059530,0.36167142,0.22102357,0.00238999,0.00655470,0.07163333,0.14664661,0.06633010
-3.18459230,0.35032036,0.21422000,0.00225745,0.00659257,0.06783643,0.14302940,0.06679983
-3.17858929,0.34131898,0.20856807,0.00213111,0.00667004,0.06475800,0.14041966,0.06797263
-3.17258629,0.33479102,0.20418640,0.00201263,0.00679040,0.06238182,0.13887107,0.06984624
-3.16658329,0.33081445,0.20116299,0.00190346,0.00695588,0.06068668,0.13841808,0.07240735
-3.16058029,0.32941641,0.19955195,0.00180484,0.00716745,0.05964563,0.13907322,0.07563067
-3.15457729,0.33056967,0.19937141,0.00171772,0.00742470,0.05922549,0.14082503,0.07947841
-3.14857429,0.33419106,0.20060254,0.00164279,0.00772578,0.05938660,0.14363691,0.08390009
-3.14257129,0.34014180,0.20318993,0.00158039,0.00806733,0.06008281,0.14744672,0.08883273
-3.13656828,0.34822991,0.20704317,0.00153063,0.00844454,0.06126176,0.15216751,0.09420157
-3.13056528,0.35821478,0.21203975,0.00149330,0.00885118,0.06286554,0.15768900,0.09992122
-3.12456228,0.36981357,0.21802920,0.00146798,0.00927978,0.06483160,0.16388010,0.10589738
-3.11855928,0.38270951,0.22483826,0.00145403,0.00972179,0.06709395,0.17059228,0.11202887
-3.11255628,0.39656170,0.23227701,0.00145066,0.01016776,0.06958465,0.17766363,0.11821024
-3.10655328,0.41101608,0.24014565,0.00145699,0.01060769,0.07223550,0.18492370,0.12433460
-3.10055028,0.42571726,0.24824184,0.00147207,0.01103124,0.07497981,0.19219864,0.13029675
-3.09454727,0.44032069,0.25636815,0.00149499,0.01142807,0.07775433,0.19931676,0.13599641
-3.08854427,0.45450472,0.26433947,0.00152486,0.01178818,0.08050111,0.20611415,0.14134151
-3.08254127,0.46798208,0.27198999,0.00156093,0.01210216,0.08316929,0.21244013,0.14625124
-3.07653827,0.48051020,0.27917954,0.00160259,0.01236155,0.08571669,0.21816238,0.15065897
-3.07053527,0.49190005,0.28579893,0.00164941,0.01255907,0.08811117,0.22317153,0.15451462
-3.06453227,0.50202296,0.29177412,0.00170117,0.01268886,0.09033161,0.22738490,0.15778659
-3.05852926,0.51081520,0.29706901,0.00175786,0.01274666,0.09236856,0.23074947,0.16046302
-3.05252626,0.51827996,0.30168660,0.00181968,0.01272991,0.09422439,0.23324357,0.16255236
-3.04652326,0.52448669,0.30566867,0.00188705,0.01263788,0.09591301,0.23487762,0.16408311
-3.04052026,0.52956771,0.30909363,0.00196053,0.01247161,0.09745916,0.23569350,0.16510292
-3.03451726,0.53371225,0.31207297,0.00204083,0.01223389,0.09889719,0.23576285,0.16567682
-3.02851426,0.53715815,0.31474613,0.00212878,0.01192914,0.10026955,0.23518415,0.16588484
-3.02251126,0.54018147,0.31727419,0.00222519,0.01156322,0.10162483,0.23407891,0.16581903
-3.01650825,0.54308458,0.31983258,0.00233090,0.01114325,0.10301569,0.23258686,0.16558004
-3.01050525,0.54618316,0.32260311,0.00244664,0.01067735,0.10449657,0.23086064,0.16527339
-3.00450225,0.54979280,0.32576568,0.00257300,0.01017434,0.10612138,0.22906004,0.16500556
-2.99849925,0.55421561,0.32949004,0.00271039,0.00964350,0.10794132,0.22734601,0.16488022
-2.99249625,0.55972767,0.33392804,0.00285894,0.00909427,0.11000283,0.22587490,0.16499451
-2.98649325,0.56656769,0.33920650,0.00301854,0.00853594,0.11234585,0.22479295,0.16543587
-2.98049025,0.57492744,0.34542135,0.00318872,0.00797743,0.11500244,0.22423134,0.16627918
-2.97448724,0.58494443,0.35263296,0.00336871,0.00742705,0.11799584,0.22430205,0.16758462
-2.96848424,0.59669691,0.36086310,0.00355740,0.00689233,0.12133994,0.22509457,0.16939614
-2.96248124,0.61020155,0.37009348,0.00375337,0.00637981,0.12503925,0.22667366,0.17174070
-2.95647824,0.62541375,0.38026609,0.00395490,0.00589501,0.12908929,0.22907806,0.17462811
-2.95047524,0.64223031,0.39128501,0.00416005,0.00544231,0.13347731,0.23232035,0.17805165
-2.94447224,0.66049456,0.40301991,0.00436666,0.00502497,0.13818343,0.23638766,0.18198918
-2.93846923,0.68000321,0.41531079,0.00457246,0.00464512,0.14318188,0.24124338,0.18640480
-2.93246623,0.70051479,0.42797374,0.00477512,0.00430381,0.14844243,0.24682946,0.19125088
-2.92646323,0.72175909,0.44080758,0.00497227,0.00400114,0.15393179,0.25306942,0.19647025
-2.92046023,0.74344705,0.45360081,0.00516166,0.00373632,0.15961492,0.25987160,0.20199867
-2.91445723,0.76528070,0.46613884,0.00534113,0.00350782,0.16545616,0.26713275,0.20776707
-2.90845423,0.78696259,0.47821083,0.00550873,0.00331348,0.17142009,0.27474154,0.21370387
-2.90245123,0.80820446,0.48961619,0.00566271,0.00315066,0.17747208,0.28258204,0.21973696
-2.89644822,0.82873458,0.50017025,0.00580159,0.00301640,0.18357851,0.29053686,0.22579545
-2.89044522,0.84830390,0.50970905,0.00592416,0.00290749,0.18970665,0.29849002,0.23181111
-2.88444222,0.86669049,0.51809299,0.00602950,0.00282063,0.19582426,0.30632934,0.23771945
-2.87843922,0.88370267,0.52520944,0.00611694,0.00275253,0.20189895,0.31394848,0.24346059
-2.87243622,0.89918054,0.53097419,0.00618606,0.00270000,0.20789742,0.32124852,0.24897972
-2.86643322,0.91299634,0.53533178,0.00623671,0.00266000,0.21378460,0.32813911,0.25422747
-2.86043022,0.92505375,0.53825497,0.00626887,0.00262974,0.21952286,0.33453937,0.25916005
-2.85442721,0.93528637,0.53974332,0.00628274,0.00260669,0.22507145,0.34037852,0.26373931
-2.84842421,0.94365576,0.53982121,0.00627860,0.00258863,0.23038605,0.34559625,0.26793279
-2.84242121,0.95014915,0.53853535,0.00625686,0.00257367,0.23541874,0.35014307,0.27171373
-2.83641821,0.95477720,0.53595207,0.00621797,0.00256025,0.24011834,0.35398054,0.27506119
-2.83041521,0.95757180,0.53215452,0.00616247,0.00254716,0.24443108,0.35708148,0.27796018
-2.82441221,0.95858425,0.52723988,0.00609090,0.00253351,0.24830168,0.35943016,0.28040183
-2.81840920,0.95788362,0.52131674,0.00600388,0.00251874,0.25167479,0.36102242,0.28238365
-2.81240620,0.95555549,0.51450269,0.00590206,0.00250259,0.25449668,0.36186581,0.28390971
-2.80640320,0.95170080,0.50692210,0.00578616,0.00248507,0.25671703,0.36197954,0.28499078
-2.80040020,0.94643476,0.49870419,0.00565701,0.00246648,0.25829092,0.36139420,0.28564438
-2.79439720,0.93988575,0.48998123,0.00551552,0.00244733,0.25918062,0.36015141,0.28589458
-2.78839420,0.93219388,0.48088687,0.00536275,0.00242835,0.25935728,0.35830293,0.28577166
-2.78239120,0.92350919,0.47155453,0.00519991,0.00241043,0.25880233,0.35590962,0.28531148
-2.77638819,0.91398936,0.46211575,0.00502836,0.00239461,0.25750847,0.35303990,0.28455449
-2.77038519,0.90379677,0.45269846,0.00484965,0.00238202,0.25548022,0.34976788,0.28354462
-2.76438219,0.89309514,0.44342513,0.00466547,0.00237384,0.25273404,0.34617122,0.28232781
-2.75837919,0.88204546,0.43441078,0.00447768,0.00237127,0.24929792,0.34232860,0.28095037
-2.75237619,0.87080177,0.42576091,0.00428824,0.00237547,0.24521052,0.33831716,0.27945721
-2.74637319,0.85950656,0.41756927,0.00409919,0.00238750,0.24051995,0.33420986,0.27789008
-2.74037019,0.84828642,0.40991577,0.00391260,0.00240832,0.23528219,0.33007289,0.27628579
-2.73436718,0.83724783,0.40286445,0.00373054,0.00243868,0.22955937,0.32596344,0.27467463
-2.72836418,0.82647378,0.39646172,0.00355496,0.00247913,0.22341788,0.32192775,0.27307911
-2.72236118,0.81602109,0.39073497,0.00338769,0.00252993,0.21692652,0.31799982,0.27151293
-2.71635818,0.80591903,0.38569178,0.00323037,0.00259109,0.21015483,0.31420068,0.26998055
-2.71035518,0.79616918,0.38131969,0.00308435,0.00266226,0.20317157,0.31053842,0.26847710
-2.70435218,0.78674682,0.37758681,0.00295073,0.00274280,0.19604358,0.30700896,0.26698897
-2.69834917,0.77760386,0.37444322,0.00283025,0.00283171,0.18883493,0.30359769,0.26549484
-2.69234617,0.76867333,0.37182324,0.00272332,0.00292772,0.18160655,0.30028175,0.26396734
-2.68634317,0.75987524,0.36964860,0.00263001,0.00302923,0.17441620,0.29703303,0.26237510
-2.68034017,0.75112374,0.36783239,0.00255005,0.00313442,0.16731879,0.29382175,0.26068531
-2.67433717,0.74233535,0.36628374,0.00248286,0.00324127,0.16036716,0.29062042,0.25886654
-2.66833417,0.73343777,0.36491309,0.00242760,0.00334763,0.15361300,0.28740805,0.25689186
-2.66233117,0.72437914,0.36363782,0.00238323,0.00345130,0.14710799,0.28417451,0.25474196
-2.65632816,0.71513720,0.36238812,0.00234854,0.00355010,0.14090513,0.28092464,0.25240831
-2.65032516,0.70572799,0.36111272,0.00232227,0.00364198,0.13505994,0.27768220,0.24989609
-2.64432216,0.69621364,0.35978435,0.00230315,0.00372506,0.12963170,0.27449319,0.24722682
-2.63831916,0.68670893,0.35840458,0.00229000,0.00379778,0.12468440,0.27142861,0.24444048
-2.63231616,0.67738607,0.35700786,0.00228176,0.00385890,0.12028752,0.26858629,0.24159711
-2.62631316,0.66847755,0.35566438,0.00227759,0.00390760,0.11651641,0.26609186,0.23877763
-2.62031016,0.66027668,0.35448168,0.00227691,0.00394355,0.11345227,0.26409860,0.23608394
-2.61430715,0.65313554,0.35360474,0.00227944,0.00396688,0.11118173,0.26278612,0.23363809
-2.60830415,0.64746034,0.35321451,0.00228521,0.00397825,0.10979590,0.26235791,0.23158053
-2.60230115,0.64370410,0.35352466,0.00229458,0.00397879,0.10938896,0.26303767,0.23006757
-2.59629815,0.64235663,0.35477674,0.00230824,0.00397012,0.11005627,0.26506446,0.22926774
-2.59029515,0.64393208,0.35723369,0.00232714,0.00395423,0.11189201,0.26868679,0.22935755
-2.58429215,0.64895422,0.36117191,0.00235249,0.00393346,0.11498645,0.27415575,0.23051635
-2.57828914,0.65793992,0.36687202,0.00238567,0.00391039,0.11942285,0.28171730,0.23292065
-2.57228614,0.67138130,0.37460876,0.00242816,0.00388774,0.12527417,0.29160399,0.23673808
-2.56628314,0.68972693,0.38464017,0.00248146,0.00386823,0.13259959,0.30402632,0.24212105
-2.56028014,0.71336310,0.39719659,0.00254703,0.00385452,0.14144110,0.31916400,0.24920043
-2.55427714,0.74259545,0.41246985,0.00262613,0.00384903,0.15182013,0.33715747,0.25807952
-2.54827414,0.77763196,0.43060314,0.00271979,0.00385388,0.16373458,0.35809999,0.26882844
-2.54227114,0.81856802,0.45168188,0.00282871,0.00387075,0.17715619,0.38203058,0.28147934
-2.53626813,0.86537414,0.47572619,0.00295317,0.00390084,0.19202857,0.40892825,0.29602253
-2.53026513,0.91788713,0.50268523,0.00309300,0.00394478,0.20826592,0.43870769,0.31240377
-2.52426213,0.97580524,0.53243371,0.00324750,0.00400257,0.22575258,0.47121686,0.33052299
-2.51825913,1.03868761,0.56477096,0.00341544,0.00407360,0.24434358,0.50623649,0.35023439
-2.51225613,1.10595845,0.59942252,0.00359506,0.00415664,0.26386612,0.54348187,0.37134811
-2.50625313,1.17691592,0.63604444,0.00378408,0.00424989,0.28412211,0.58260679,0.39363349
-2.50025013,1.25074567,0.67423015,0.00397974,0.00435101,0.30489167,0.62320973,0.41682377
-2.49424712,1.32653868,0.71351975,0.00417888,0.00445723,0.32593757,0.66484214,0.44062212
-2.48824412,1.40331290,0.75341141,0.00437800,0.00456542,0.34701045,0.70701854,0.46470894
-2.48224112,1.48003802,0.79337451,0.00457339,0.00467224,0.36785468,0.74922824,0.48875003
-2.47623812,1.55566248,0.83286400,0.00476123,0.00477426,0.38821463,0.79094816,0.51240536
-2.47023512,1.62914170,0.87133548,0.00493770,0.00486804,0.40784121,0.83165638,0.53533827
-2.46423212,1.69946657,0.90826045,0.00509915,0.00495033,0.42649826,0.87084576,0.55722452
-2.45822911,1.76569097,0.94314099,0.00524216,0.00501814,0.44396876,0.90803737,0.57776106
-2.45222611,1.82695734,0.97552355,0.00536376,0.00506889,0.46006038,0.94279292,0.59667401
-2.44622311,1.88251933,1.00501104,0.00546144,0.00510048,0.47461033,0.97472582,0.61372572
-2.44022011,1.93176056,1.03127300,0.00553331,0.00511138,0.48748923,1.00351054,0.62872048
-2.43421711,1.97420891,1.05405335,0.00557818,0.00510068,0.49860384,1.02888969,0.64150886
-2.42821411,2.00954586,1.07317555,0.00559555,0.00506814,0.50789863,1.05067883,0.65199036
-2.42221111,2.03761051,1.08854501,0.00558572,0.00501415,0.51535599,1.06876867,0.66011451
-2.41620810,2.05839851,1.10014872,0.00554973,0.00493978,0.52099531,1.08312481,0.66588032
-2.41020510,2.07205579,1.10805235,0.00548938,0.00484667,0.52487080,1.09378494,0.66933414
-2.40420210,2.07886787,1.11239483,0.00540715,0.00473701,0.52706833,1.10085392,0.67056621
-2.39819910,2.07924511,1.11338100,0.00530611,0.00461344,0.52770128,1.10449686,0.66970598
-2.39219610,2.07370470,1.11127242,0.00518990,0.00447895,0.52690583,1.10493064,0.66691648
-2.38619310,2.06285035,1.10637704,0.00506253,0.00433677,0.52483564,1.10241428,0.66238804
-2.38019010,2.04735033,1.09903794,0.00492831,0.00419025,0.52165632,1.09723859,0.65633155
-2.37418709,2.02791494,1.08962180,0.00479168,0.00404277,0.51753993,1.08971549,0.64897161
-2.36818409,2.00527412,1.07850728,0.00465713,0.00389758,0.51265949,1.08016746,0.64053973
-2.36218109,1.98015588,1.06607391,0.00452899,0.00375772,0.50718395,1.06891743,0.63126790
-2.35617809,1.95326629,1.05269159,0.00441135,0.00362592,0.50127365,1.05627948,0.62138251
-2.35017509,1.92527152,1.03871110,0.00430793,0.00350453,0.49507626,1.04255048,0.61109905
-2.34417209,1.89678219,1.02445575,0.00422196,0.00339540,0.48872358,1.02800302,0.60061741
-2.33816908,1.86834038,1.01021425,0.00415610,0.00329991,0.48232898,1.01287958,0.59011801
-2.33216608,1.84040947,0.99623501,0.00411237,0.00321889,0.47598557,0.99738815,0.57975868
-2.32616308,1.81336676,0.98272180,0.00409207,0.00315263,0.46976522,0.98169921,0.56967243
-2.32016008,1.78749895,0.96983082,0.00409580,0.00310089,0.46371822,0.96594409,0.55996589
-2.31415708,1.76300036,0.95766918,0.00412341,0.00306296,0.45787367,0.95021474,0.55071861
-2.30815408,1.73997375,0.94629469,0.00417405,0.00303767,0.45224044,0.93456464,0.54198302
-2.30215108,1.71843367,0.93571708,0.00424617,0.00302348,0.44680876,0.91901099,0.53378502
-2.29614807,1.69831209,0.92590039,0.00433763,0.00301857,0.44155221,0.90353788,0.52612524
-2.29014507,1.67946612,0.91676663,0.00444572,0.00302093,0.43643023,0.88810039,0.51898082
-2.28414207,1.66168768,0.90820052,0.00456730,0.00302840,0.43139082,0.87262953,0.51230775
-2.27813907,1.64471474,0.90005524,0.00469889,0.00303887,0.42637367,0.85703777,0.50604356
-2.27213607,1.62824398,0.89215910,0.00483680,0.00305027,0.42131327,0.84122500,0.50011052
-2.26613307,1.61194440,0.88432288,0.00497723,0.00306072,0.41614230,0.82508480,0.49441905
-2.26013007,1.59547157,0.87634764,0.00511646,0.00306863,0.41079483,0.80851076,0.48887139
-2.25412706,1.57848222,0.86803285,0.00525091,0.00307269,0.40520960,0.79140264,0.48336547
-2.24812406,1.56064846,0.85918457,0.00537730,0.00307202,0.39933300,0.77367221,0.47779871
-2.24212106,1.54167150,0.84962326,0.00549276,0.00306614,0.39312182,0.75524852,0.47207185
-2.23611806,1.52129414,0.83919117,0.00559493,0.00305505,0.38654572,0.73608240,0.46609255
-2.23011506,1.49931182,0.82775887,0.00568204,0.00303916,0.37958922,0.71615015,0.45977876
-2.22411206,1.47558164,0.81523075,0.00575293,0.00301937,0.37225321,0.69545615,0.45306163
-2.21810905,1.45002923,0.80154924,0.00580717,0.00299697,0.36455603,0.67403439,0.44588803
-2.21210605,1.42265303,0.78669760,0.00584499,0.00297360,0.35653387,0.65194890,0.43822251
-2.20610305,1.39352597,0.77070123,0.00586727,0.00295124,0.34824068,0.62929300,0.43004860
-2.20010005,1.36279443,0.75362737,0.00587554,0.00293208,0.33974744,0.60618757,0.42136957
-2.19409705,1.33067453,0.73558324,0.00587188,0.00291849,0.33114094,0.58277826,0.41220845
-2.18809405,1.29744600,0.71671273,0.00585882,0.00291291,0.32252186,0.55923194,0.40260747
-2.18209105,1.26344367,0.69719182,0.00583926,0.00291776,0.31400252,0.53573239,0.39262686
-2.17608804,1.22904713,0.67722282,0.00581630,0.00293537,0.30570404,0.51247549,0.38234309
-2.17008504,1.19466887,0.65702776,0.00579316,0.00296791,0.29775314,0.48966410,0.37184661
-2.16408204,1.16074115,0.63684120,0.00577301,0.00301729,0.29027861,0.46750267,0.36123912
-2.15807904,1.12770242,0.61690259,0.00575886,0.00308511,0.28340760,0.44619191,0.35063060
-2.15207604,1.09598338,0.59744870,0.00575341,0.00317259,0.27726167,0.42592354,0.34013593
-2.14607304,1.06599338,0.57870617,0.00575895,0.00328056,0.27195291,0.40687533,0.32987153
-2.14007004,1.03810743,0.56088449,0.00577726,0.00340940,0.26758001,0.38920652,0.31995178
-2.13406703,1.01265436,0.54416973,0.00580953,0.00355901,0.26422468,0.37305371,0.31048557
-2.12806403,0.98990631,0.52871905,0.00585634,0.00372884,0.26194821,0.35852736,0.30157297
-2.12206103,0.97006999,0.51465620,0.00591757,0.00391788,0.26078862,0.34570888,0.29330208
-2.11605803,0.95327982,0.50206816,0.00599245,0.00412467,0.26075830,0.33464851,0.28574629
-2.11005503,0.93959330,0.49100294,0.00607956,0.00434735,0.26184230,0.32536390,0.27896179
-2.10405203,0.92898849,0.48146853,0.00617688,0.00458368,0.26399741,0.31783956,0.27298574
-2.09804902,0.92136393,0.47343309,0.00628182,0.00483113,0.26715211,0.31202709,0.26783476
-2.09204602,0.91654075,0.46682631,0.00639137,0.00508687,0.27120732,0.30784626,0.26350421
-2.08604302,0.91426711,0.46154178,0.00650214,0.00534790,0.27603814,0.30518698,0.25996795
-2.08004002,0.91422466,0.45744039,0.00661050,0.00561108,0.28149644,0.30391202,0.25717883
-2.07403702,0.91603704,0.45435464,0.00671266,0.00587323,0.28741430,0.30386044,0.25506975
-2.06803402,0.91927991,0.45209359,0.00680481,0.00613116,0.29360813,0.30485171,0.25355546
-2.06203102,0.92349249,0.45044850,0.00688323,0.00638180,0.29988350,0.30669039,0.25253478
-2.05602801,0.92819008,0.44919874,0.00694442,0.00662219,0.30604032,0.30917107,0.25189352
-2.05002501,0.93287718,0.44811803,0.00698515,0.00684961,0.31187836,0.31208367,0.25150765
-2.04402201,0.93706092,0.44698070,0.00700261,0.00706157,0.31720276,0.31521868,0.25124697
-2.03801901,0.94026425,0.44556776,0.00699443,0.00725590,0.32182946,0.31837225,0.25097883
-2.03201601,0.94203848,0.44367267,0.00695880,0.00743074,0.32559018,0.32135101,0.25057203
-2.02601301,0.94197487,0.44110665,0.00689445,0.00758458,0.32833690,0.32397628,0.24990062
-2.02001001,0.93971471,0.43770323,0.00680076,0.00771624,0.32994565,0.32608771,0.24884747
-2.01400700,0.93495774,0.43332217,0.00667768,0.00782488,0.33031934,0.32754606,0.24730755
-2.00800400,0.92746858,0.42785233,0.00652580,0.00790996,0.32938973,0.32823523,0.24519076
-2.00200100,0.91708098,0.42121373,0.00634626,0.00797122,0.32711831,0.32806331,0.24242419
-1.99599800,0.90369985,0.41335848,0.00614076,0.00800862,0.32349629,0.32696283,0.23895373
-1.98999500,0.88730105,0.40427082,0.00591149,0.00802235,0.31854349,0.32489016,0.23474514
-1.98399200,0.86792904,0.39396615,0.00566104,0.00801271,0.31230646,0.32182428,0.22978426
-1.97798899,0.84569255,0.38248919,0.00539238,0.00798012,0.30485583,0.31776485,0.22407670
-1.97198599,0.82075862,0.36991136,0.00510872,0.00792506,0.29628302,0.31272995,0.21764686
-1.96598299,0.79334518,0.35632749,0.00481346,0.00784807,0.28669657,0.30675352,0.21053633
-1.95997999,0.76371264,0.34185214,0.00451007,0.00774967,0.27621821,0.29988269,0.20280190
-1.95397699,0.73215481,0.32661543,0.00420206,0.00763042,0.26497883,0.29217516,0.19451321
-1.94797399,0.69898959,0.31075883,0.00389284,0.00749088,0.25311461,0.28369672,0.18575009
-1.94197099,0.66454972,0.29443089,0.00358569,0.00733162,0.24076329,0.27451907,0.17659983
-1.93596798,0.62917392,0.27778318,0.00328365,0.00715328,0.22806092,0.26471792,0.16715440
-1.92996498,0.59319884,0.26096640,0.00298951,0.00695654,0.21513890,0.25437152,0.15750778
-1.92396198,0.55695174,0.24412703,0.00270574,0.00674222,0.20212169,0.24355947,0.14775348
-1.91795898,0.52074444,0.22740430,0.00243447,0.00651125,0.18912488,0.23236187,0.13798230
-1.91195598,0.48486827,0.21092784,0.00217747,0.00626475,0.17625391,0.22085876,0.12828044
-1.90595298,0.44959030,0.19481572,0.00193614,0.00600402,0.16360315,0.20912978,0.11872790
-1.89994997,0.41515067,0.17917320,0.00171151,0.00573059,0.15125556,0.19725384,0.10939732
-1.89394697,0.38176108,0.16409195,0.00150430,0.00544619,0.13928261,0.18530901,0.10035315
-1.88794397,0.34960417,0.14964970,0.00131490,0.00515276,0.12774455,0.17337221,0.09165119
-1.88194097,0.31883384,0.13591045,0.00114341,0.00485244,0.11669087,0.16151901,0.08333842
-1.87593797,0.28957627,0.12292501,0.00098973,0.00454753,0.10616105,0.14982318,0.07545316
-1.86993497,0.26193143,0.11073181,0.00085355,0.00424044,0.09618520,0.13835623,0.06802549
-1.86393197,0.23597517,0.09935801,0.00073445,0.00393365,0.08678497,0.12718683,0.06107776
-1.85792896,0.21176152,0.08882078,0.00063191,0.00362966,0.07797432,0.11638011,0.05462540
-1.85192596,0.18932523,0.07912873,0.00054540,0.00333092,0.06976034,0.10599698,0.04867775
-1.84592296,0.16868447,0.07028331,0.00047441,0.00303979,0.06214401,0.09609343,0.04323897
-1.83991996,0.14984349,0.06228033,0.00041849,0.00275845,0.05512093,0.08671989,0.03830900
-1.83391696,0.13279531,0.05511143,0.00037734,0.00248888,0.04868200,0.07792069,0.03388451
-1.82791396,0.11752431,0.04876545,0.00035079,0.00223283,0.04281405,0.06973368,0.02995984
-1.82191096,0.10400868,0.04322972,0.00033886,0.00199175,0.03750045,0.06219006,0.02652784
-1.81590795,0.09222268,0.03849125,0.00034179,0.00176681,0.03272169,0.05531425,0.02358067
-1.80990495,0.08213866,0.03453772,0.00036004,0.00155886,0.02845588,0.04912416,0.02111050
-1.80390195,0.07372879,0.03135828,0.00039431,0.00136845,0.02467930,0.04363140,0.01911003
-1.79789895,0.06696643,0.02894414,0.00044553,0.00119586,0.02136691,0.03884181,0.01757298
-1.79189595,0.06182710,0.02728891,0.00051484,0.00104107,0.01849274,0.03475597,0.01649430
-1.78589295,0.05828898,0.02638868,0.00060355,0.00090383,0.01603041,0.03136980,0.01587031
-1.77988994,0.05633292,0.02624178,0.00071312,0.00078367,0.01395344,0.02867513,0.01569859
-1.77388694,0.05594194,0.02684825,0.00084510,0.00067995,0.01223560,0.02666022,0.01597776
-1.76788394,0.05710008,0.02820904,0.00100105,0.00059189,0.01085120,0.02531021,0.01670697
-1.76188094,0.05979086,0.03032488,0.00118248,0.00051858,0.00977529,0.02460735,0.01788534
-1.75587794,0.06399511,0.03319490,0.00139076,0.00045905,0.00898376,0.02453120,0.01951112
-1.74987494,0.06968839,0.03681504,0.00162700,0.00041227,0.00845345,0.02505851,0.02158081
-1.74387194,0.07683818,0.04117632,0.00189197,0.00037719,0.00816214,0.02616306,0.02408810
-1.73786893,0.08540071,0.04626293,0.00218599,0.00035274,0.00808851,0.02781531,0.02702286
-1.73186593,0.09531789,0.05205047,0.00250886,0.00033786,0.00821200,0.02998196,0.03037002
-1.72586293,0.10651432,0.05850419,0.00285972,0.00033150,0.00851273,0.03262546,0.03410859
-1.71985993,0.11889466,0.06557752,0.00323699,0.00033265,0.00897131,0.03570356,0.03821076
-1.71385693,0.13234159,0.07321085,0.00363836,0.00034029,0.00956877,0.03916889,0.04264123
-1.70785393,0.14671453,0.08133087,0.00406067,0.00035347,0.01028636,0.04296871,0.04735677
-1.70185093,0.16184921,0.08985035,0.00449997,0.00037122,0.01110555,0.04704488,0.05230611
-1.69584792,0.17755848,0.09866854,0.00495152,0.00039262,0.01200796,0.05133403,0.05743016
-1.68984492,0.19363411,0.10767232,0.00540986,0.00041678,0.01297545,0.05576808,0.06266265
-1.68384192,0.20984998,0.11673792,0.00586890,0.00044281,0.01399018,0.06027506,0.06793116
-1.67783892,0.22596632,0.12573342,0.00632204,0.00046988,0.01503485,0.06478023,0.07315849
-1.67183592,0.24173515,0.13452174,0.00676233,0.00049718,0.01609290,0.06920750,0.07826450
-1.66583292,0.25690654,0.14296424,0.00718268,0.00052392,0.01714886,0.07348116,0.08316812
-1.65982991,0.27123564,0.15092466,0.00757604,0.00054940,0.01818869,0.07752769,0.08778963
-1.65382691,0.28449001,0.15827327,0.00793564,0.00057294,0.01920010,0.08127784,0.09205315
-1.64782391,0.29645706,0.16489109,0.00825517,0.00059395,0.02017293,0.08466855,0.09588902
-1.64182091,0.30695120,0.17067387,0.00852904,0.00061189,0.02109949,0.08764497,0.09923612
-1.63581791,0.31582015,0.17553572,0.00875255,0.00062634,0.02197474,0.09016217,0.10204407
-1.62981491,0.32295042,0.17941221,0.00892206,0.00063695,0.02279651,0.09218657,0.10427493
-1.62381191,0.32827129,0.18226265,0.00903512,0.00064348,0.02356556,0.09369710,0.10590459
-1.61780890,0.33175720,0.18407151,0.00909056,0.00064578,0.02428544,0.09468578,0.10692362
-1.61180590,0.33342846,0.18484887,0.00908853,0.00064383,0.02496233,0.09515788,0.10733751
-1.60580290,0.33334996,0.18462980,0.00903049,0.00063770,0.02560468,0.09513155,0.10716637
-1.59979990,0.33162815,0.18347275,0.00891916,0.00062755,0.02622270,0.09463687,0.10644395
-1.59379690,0.32840623,0.18145697,0.00875837,0.00061364,0.02682777,0.09371455,0.10521623
-1.58779390,0.32385791,0.17867911,0.00855297,0.00059632,0.02743173,0.09241405,0.10353935
-1.58179090,0.31817983,0.17524905,0.00830859,0.00057598,0.02804615,0.09079144,0.10147735
-1.57578789,0.31158332,0.17128540,0.00803146,0.00055307,0.02868151,0.08890708,0.09909944
-1.56978489,0.30428559,0.16691066,0.00772816,0.00052807,0.02934647,0.08682303,0.09647725
-1.56378189,0.29650105,0.16224639,0.00740541,0.00050150,0.03004714,0.08460067,0.09368199
-1.55777889,0.28843302,0.15740861,0.00706980,0.00047385,0.03078650,0.08229826,0.09078185
-1.55177589,0.28026635,0.15250370,0.00672765,0.00044561,0.03156398,0.07996893,0.08783953
-1.54577289,0.27216126,0.14762492,0.00638475,0.00041723,0.03237511,0.07765889,0.08491023
-1.53976988,0.26424866,0.14284975,0.00604629,0.00038913,0.03321155,0.07540614,0.08204011
-1.53376688,0.25662725,0.13823817,0.00571666,0.00036169,0.03406117,0.07323970,0.07926522
-1.52776388,0.24936235,0.13383186,0.00539947,0.00033522,0.03490842,0.07117930,0.07661101
-1.52176088,0.24248663,0.12965451,0.00509747,0.00030997,0.03573496,0.06923565,0.07409249
-1.51575788,0.23600246,0.12571293,0.00481257,0.00028614,0.03652040,0.06741119,0.07171480
-1.50975488,0.22988592,0.12199908,0.00454594,0.00026387,0.03724325,0.06570128,0.06947434
-1.50375188,0.22409202,0.11849282,0.00429806,0.00024325,0.03788198,0.06409581,0.06736030
-1.49774887,0.21856090,0.11516512,0.00406883,0.00022432,0.03841615,0.06258105,0.06535652
-1.49174587,0.21322471,0.11198171,0.00385774,0.00020709,0.03882755,0.06114170,0.06344347
-1.48574287,0.20801470,0.10890684,0.00366400,0.00019153,0.03910139,0.05976303,0.06160046
-1.47973987,0.20286823,0.10590705,0.00348669,0.00017760,0.03922726,0.05843300,0.05980773
-1.47373687,0.19773540,0.10295463,0.00332492,0.00016525,0.03920012,0.05714422,0.05804845
-1.46773387,0.19258485,0.10003086,0.00317795,0.00015443,0.03902098,0.05589571,0.05631057
-1.46173087,0.18740867,0.09712858,0.00304532,0.00014509,0.03869750,0.05469435,0.05458836
-1.45572786,0.18222616,0.09425427,0.00292698,0.00013721,0.03824423,0.05355600,0.05288354
-1.44972486,0.17708626,0.09142945,0.00282331,0.00013078,0.03768269,0.05250617,0.05120625
-1.44372186,0.17206866,0.08869127,0.00273524,0.00012582,0.03704120,0.05158027,0.04957541
-1.43771886,0.16728366,0.08609252,0.00266420,0.00012238,0.03635439,0.05082341,0.04801889
-1.43171586,0.16287064,0.08370092,0.00261220,0.00012055,0.03566256,0.05028975,0.04657321
-1.42571286,0.15899545,0.08159770,0.00258172,0.00012045,0.03501080,0.05004148,0.04528303
-1.41970985,0.15584673,0.07987575,0.00257573,0.00012222,0.03444793,0.05014729,0.04420026
-1.41370685,0.15363136,0.07863716,0.00259757,0.00012604,0.03402527,0.05068060,0.04338302
-1.40770385,0.15256923,0.07799047,0.00265085,0.00013212,0.03379538,0.05171741,0.04289440
-1.40170085,0.15288742,0.07804748,0.00273937,0.00014068,0.03381057,0.05333393,0.04280115
-1.39569785,0.15481410,0.07891996,0.00286699,0.00015195,0.03412159,0.05560400,0.04317218
-1.38969485,0.15857222,0.08071619,0.00303747,0.00016618,0.03477612,0.05859645,0.04407722
-1.38369185,0.16437318,0.08353742,0.00325432,0.00018361,0.03581741,0.06237231,0.04558530
-1.37768884,0.17241060,0.08747439,0.00352072,0.00020447,0.03728298,0.06698217,0.04776342
-1.37168584,0.18285445,0.09260401,0.00383930,0.00022897,0.03920343,0.07246357,0.05067520
-1.36568284,0.19584551,0.09898622,0.00421203,0.00025727,0.04160137,0.07883866,0.05437966
-1.35967984,0.21149044,0.10666110,0.00464012,0.00028953,0.04449056,0.08611211,0.05893005
-1.35367684,0.22985749,0.11564647,0.00512385,0.00032582,0.04787526,0.09426946,0.06437286
-1.34767384,0.25097298,0.12593584,0.00566254,0.00036618,0.05174979,0.10327586,0.07074679
-1.34167084,0.27481877,0.13749700,0.00625442,0.00041055,0.05609835,0.11307550,0.07808198
-1.33566783,0.30133066,0.15027124,0.00689661,0.00045885,0.06089520,0.12359153,0.08639925
-1.32966483,0.33039792,0.16417323,0.00758514,0.00051086,0.06610498,0.13472674,0.09570939
-1.32366183,0.36186397,0.17909181,0.00831492,0.00056634,0.07168348,0.14636490,0.10601265
-1.31765883,0.39552829,0.19489145,0.00907985,0.00062493,0.07757859,0.15837287,0.11729818
-1.31165583,0.43114952,0.21141472,0.00987286,0.00068621,0.08373155,0.17060335,0.12954370
-1.30565283,0.46844971,0.22848549,0.01068613,0.00074970,0.09007848,0.18289824,0.14271506
-1.29964982,0.50711964,0.24591301,0.01151117,0.00081485,0.09655200,0.19509264,0.15676608
-1.29364682,0.54682517,0.26349662,0.01233908,0.00088106,0.10308310,0.20701921,0.17163829
-1.28764382,0.58721427,0.28103114,0.01316075,0.00094770,0.10960301,0.21851275,0.18726089
-1.28164082,0.62792467,0.29831262,0.01396711,0.00101412,0.11604510,0.22941505,0.20355074
-1.27563782,0.66859184,0.31514434,0.01474937,0.00107967,0.12234672,0.23957953,0.22041255
-1.26963482,0.70885692,0.33134283,0.01549928,0.00114374,0.12845084,0.24887565,0.23773911
-1.26363182,0.74837452,0.34674363,0.01620934,0.00120571,0.13430748,0.25719290,0.25541180
-1.25762881,0.78681984,0.36120651,0.01687308,0.00126506,0.13987492,0.26444413,0.27330128
-1.25162581,0.82389517,0.37461999,0.01748515,0.00132131,0.14512041,0.27056815,0.29126832
-1.24562281,0.85933514,0.38690489,0.01804156,0.00137409,0.15002065,0.27553134,0.30916506
-1.23961981,0.89291093,0.39801663,0.01853971,0.00142311,0.15456177,0.27932839,0.32683640
-1.23361681,0.92443298,0.40794629,0.01897848,0.00146817,0.15873894,0.28198194,0.34412180
-1.22761381,0.95375232,0.41672018,0.01935817,0.00150919,0.16255557,0.28354125,0.36085731
-1.22161081,0.98076047,0.42439799,0.01968049,0.00154618,0.16602223,0.28407991,0.37687799
-1.21560780,1.00538784,0.43106953,0.01994841,0.00157924,0.16915521,0.28369266,0.39202046
-1.20960480,1.02760103,0.43685016,0.02016595,0.00160856,0.17197490,0.28249156,0.40612585
-1.20360180,1.04739890,0.44187509,0.02033805,0.00163439,0.17450410,0.28060152,0.41904274
-1.19759880,1.06480781,0.44629281,0.02047025,0.00165703,0.17676621,0.27815552,0.43063033
-1.19159580,1.07987629,0.45025787,0.02056845,0.00167680,0.17878358,0.27528968,0.44076145
-1.18559280,1.09266929,0.45392347,0.02063860,0.00169404,0.18057587,0.27213828,0.44932554
-1.17958979,1.10326238,0.45743393,0.02068645,0.00170907,0.18215878,0.26882917,0.45623136
-1.17358679,1.11173612,0.46091775,0.02071726,0.00172217,0.18354297,0.26547945,0.46140927
-1.16758379,1.11817083,0.46448114,0.02073558,0.00173358,0.18473334,0.26219180,0.46481311
-1.16158079,1.12264201,0.46820277,0.02074500,0.00174345,0.18572866,0.25905150,0.46642146
-1.15557779,1.12521645,0.47212952,0.02074805,0.00175189,0.18652155,0.25612417,0.46623826
-1.14957479,1.12594929,0.47627379,0.02074605,0.00175890,0.18709883,0.25345445,0.46429265
-1.14357179,1.12488202,0.48061221,0.02073905,0.00176440,0.18744216,0.25106538,0.46063818
-1.13756878,1.12204141,0.48508597,0.02072590,0.00176824,0.18752898,0.24895872,0.45535124
-1.13156578,1.11743943,0.48960264,0.02070425,0.00177017,0.18733362,0.24711600,0.44852881
-1.12556278,1.11107410,0.49403936,0.02067072,0.00176991,0.18682859,0.24550019,0.44028563
-1.11955978,1.10293113,0.49824738,0.02062102,0.00176713,0.18598595,0.24405808,0.43075096
-1.11355678,1.09298633,0.50205753,0.02055021,0.00176145,0.18477866,0.24272300,0.42006490
-1.10755378,1.08120859,0.50528664,0.02045291,0.00175250,0.18318194,0.24141801,0.40837464
-1.10155078,1.06756344,0.50774432,0.02032357,0.00173993,0.18117445,0.24005919,0.39583062
-1.09554777,1.05201693,0.50924010,0.02015671,0.00172341,0.17873939,0.23855917,0.38258295
-1.08954477,1.03453974,0.50959050,0.01994720,0.00170269,0.17586541,0.23683048,0.36877808
-1.08354177,1.01511143,0.50862578,0.01969053,0.00167757,0.17254723,0.23478889,0.35455595
-1.07753877,0.99372469,0.50619613,0.01938298,0.00164796,0.16878619,0.23235651,0.34004778
-1.07153577,0.97038942,0.50217710,0.01902182,0.00161387,0.16459047,0.22946456,0.32537438
-1.06553277,0.94513659,0.49647413,0.01860550,0.00157542,0.15997514,0.22605576,0.31064534
-1.05952976,0.91802160,0.48902592,0.01813368,0.00153286,0.15496200,0.22208637,0.29595877
-1.05352676,0.88912731,0.47980676,0.01760735,0.00148658,0.14957930,0.21752770,0.28140179
-1.04752376,0.85856633,0.46882759,0.01702879,0.00143708,0.14386121,0.21236719,0.26705156
-1.04152076,0.82648264,0.45613588,0.01640154,0.00138501,0.13784728,0.20660900,0.25297688
-1.03551776,0.79305242,0.44181446,0.01573036,0.00133110,0.13158165,0.20027413,0.23924007
-1.02951476,0.75848402,0.42597918,0.01502104,0.00127625,0.12511234,0.19340003,0.22589913
-1.02351176,0.72301702,0.40877572,0.01428031,0.00122143,0.11849036,0.18603986,0.21300999
-1.01750875,0.68692039,0.39037562,0.01351566,0.00116770,0.11176883,0.17826128,0.20062867
-1.01150575,0.65048976,0.37097162,0.01273512,0.00111623,0.10500209,0.17014492,0.18881323
-1.00550275,0.61404375,0.35077260,0.01194712,0.00106823,0.09824479,0.16178259,0.17762546
-0.99949975,0.57791965,0.32999826,0.01116025,0.00102497,0.09155101,0.15327515,0.16713214
-0.99349675,0.54246834,0.30887366,0.01038312,0.00098774,0.08497342,0.14473037,0.15740575
-0.98749375,0.50804871,0.28762395,0.00962415,0.00095787,0.07856247,0.13626052,0.14852480
-0.98149075,0.47502171,0.26646926,0.00889145,0.00093664,0.07236571,0.12798004,0.14057354
-0.97548774,0.44374420,0.24562008,0.00819264,0.00092533,0.06642706,0.12000316,0.13364114
-0.96948474,0.41456279,0.22527311,0.00753480,0.00092515,0.06078632,0.11244172,0.12782054
-0.96348174,0.38780788,0.20560777,0.00692436,0.00093723,0.05547869,0.10540301,0.12320676
-0.95747874,0.36378805,0.18678347,0.00636703,0.00096257,0.05053447,0.09898796,0.11989500
-0.95147574,0.34278502,0.16893752,0.00586778,0.00100205,0.04597877,0.09328949,0.11797853
-0.94547274,0.32504936,0.15218395,0.00543083,0.00105640,0.04183152,0.08839120,0.11754648
-0.93946973,0.31079696,0.13661294,0.00505967,0.00112612,0.03810744,0.08436639,0.11868170
-0.93346673,0.30020665,0.12229114,0.00475704,0.00121152,0.03481626,0.08127743,0.12145874
-0.92746373,0.29341873,0.10926248,0.00452502,0.00131268,0.03196297,0.07917551,0.12594214
-0.92146073,0.29053472,0.09754968,0.00436507,0.00142943,0.02954828,0.07810070,0.13218509
-0.91545773,0.29161829,0.08715620,0.00427808,0.00156132,0.02756911,0.07808243,0.14022860
-0.90945473,0.29669723,0.07806858,0.00426442,0.00170768,0.02601920,0.07914027,0.15010109
-0.90345173,0.30576663,0.07025904,0.00432406,0.00186758,0.02488977,0.08128499,0.16181870
-0.89744872,0.31879287,0.06368822,0.00445657,0.00203987,0.02417029,0.08451992,0.17538610
-0.89144572,0.33571854,0.05830799,0.00466124,0.00222321,0.02384917,0.08884243,0.19079777
-0.88544272,0.35646789,0.05406419,0.00493712,0.00241611,0.02391457,0.09424557,0.20803995
-0.87943972,0.38095265,0.05089919,0.00528307,0.00261697,0.02435506,0.10071974,0.22709270
-0.87343672,0.40907786,0.04875420,0.00569783,0.00282414,0.02516031,0.10825430,0.24793239
-0.86743372,0.44074743,0.04757130,0.00618004,0.00303600,0.02632167,0.11683896,0.27053404
-0.86143072,0.47586900,0.04729506,0.00672824,0.00325098,0.02783257,0.12646499,0.29487357
-0.85542771,0.51435780,0.04787372,0.00734094,0.00346766,0.02968884,0.13712597,0.32092957
-0.84942471,0.55613911,0.04926001,0.00801656,0.00368483,0.03188882,0.14881816,0.34868446
-0.84342171,0.60114901,0.05141145,0.00875342,0.00390147,0.03443328,0.16154023,0.37812473
-0.83741871,0.64933318,0.05429022,0.00954972,0.00411686,0.03732514,0.17529244,0.40924021
-0.83141571,0.70064358,0.05786269,0.01040344,0.00433058,0.04056892,0.19007521,0.44202206
-0.82541271,0.75503291,0.06209847,0.01131229,0.00454246,0.04417008,0.20588696,0.47645960
-0.81940970,0.81244699,0.06696927,0.01227358,0.00475262,0.04813404,0.22272152,0.51253589
-0.81340670,0.87281527,0.07244749,0.01328414,0.00496140,0.05246511,0.24056487,0.55022216
-0.80740370,0.93603985,0.07850460,0.01434018,0.00516931,0.05716528,0.25939170,0.58947138
-0.80140070,1.00198348,0.08510957,0.01543716,0.00537695,0.06223287,0.27916162,0.63021116
-0.79539770,1.07045732,0.09222727,0.01656968,0.00558493,0.06766122,0.29981556,0.67233656
-0.78939470,1.14120913,0.09981705,0.01773138,0.00579378,0.07343742,0.32127228,0.71570297
-0.78339170,1.21391275,0.10783154,0.01891481,0.00600382,0.07954107,0.34342549,0.76011991
-0.77738869,1.28815970,0.11621575,0.02011143,0.00621514,0.08594339,0.36614172,0.80534599
-0.77138569,1.36345384,0.12490664,0.02131155,0.00642741,0.09260646,0.38925907,0.85108572
-0.76538269,1.43920963,0.13383308,0.02250440,0.00663991,0.09948287,0.41258732,0.89698855
-0.75937969,1.51475470,0.14291629,0.02367816,0.00685143,0.10651573,0.43590919,0.94265049
-0.75337669,1.58933710,0.15207083,0.02482018,0.00706026,0.11363909,0.45898307,0.98761860
-0.74737369,1.66213734,0.16120604,0.02591710,0.00726421,0.12077884,0.48154723,1.03139847
-0.74137069,1.73228512,0.17022794,0.02695520,0.00746063,0.12785402,0.50332521,1.07346450
-0.73536768,1.79888032,0.17904147,0.02792064,0.00764647,0.13477858,0.52403251,1.11327291
-0.72936468,1.86101759,0.18755307,0.02879985,0.00781841,0.14146340,0.54338418,1.15027692
-0.72336168,1.91781362,0.19567337,0.02957992,0.00797294,0.14781876,0.56110303,1.18394363
-0.71735868,1.96843586,0.20331999,0.03024898,0.00810651,0.15375684,0.57692814,1.21377179
-0.71135568,2.01213157,0.21042028,0.03079661,0.00821568,0.15919443,0.59062330,1.23930981
-0.70535268,2.04825567,0.21691374,0.03121423,0.00829726,0.16405551,0.60198487,1.26017297
-0.69934967,2.07629603,0.22275430,0.03149538,0.00834850,0.16827380,0.61084889,1.27605917
-0.69334667,2.09589507,0.22791198,0.03163606,0.00836715,0.17179492,0.61709686,1.28676227
-0.68734367,2.10686632,0.23237414,0.03163491,0.00835166,0.17457827,0.62066005,1.29218236
-0.68134067,2.10920515,0.23614611,0.03149332,0.00830122,0.17659844,0.62152208,1.29233239
-0.67533767,2.10309311,0.23925117,0.03121546,0.00821586,0.17784605,0.61971972,1.28734075
-0.66933467,2.08889535,0.24172991,0.03080822,0.00809643,0.17832807,0.61534170,1.27744963
-0.66333167,2.06715140,0.24363895,0.03028105,0.00794466,0.17806754,0.60852581,1.26300912
-0.65732866,2.03855953,0.24504913,0.02964569,0.00776308,0.17710275,0.59945431,1.24446726
-0.65132566,2.00395533,0.24604312,0.02891584,0.00755495,0.17548584,0.58834798,1.22235659
-0.64532266,1.96428562,0.24671272,0.02810677,0.00732416,0.17328104,0.57545893,1.19727754
-0.63931966,1.92057861,0.24715580,0.02723487,0.00707511,0.17056241,0.56106280,1.16987962
-0.63331666,1.87391182,0.24747303,0.02631718,0.00681257,0.16741144,0.54545040,1.14084104
-0.62731366,1.82537889,0.24776461,0.02537091,0.00654149,0.16391437,0.52891935,1.11084775
-0.62131066,1.77605685,0.24812702,0.02441296,0.00626685,0.16015956,0.51176597,1.08057260
-0.61530765,1.72697496,0.24864992,0.02345950,0.00599354,0.15623483,0.49427774,1.05065558
-0.60930465,1.67908625,0.24941330,0.02252555,0.00572614,0.15222501,0.47672657,1.02168579
-0.60330165,1.63324288,0.25048502,0.02162466,0.00546884,0.14820968,0.45936304,0.99418573
-0.59729865,1.59017581,0.25191871,0.02076863,0.00522530,0.14426122,0.44241172,0.96859848
-0.59129565,1.55047943,0.25375213,0.01996731,0.00499854,0.14044327,0.42606774,0.94527795
-0.58529265,1.51460138,0.25600606,0.01922848,0.00479093,0.13680946,0.41049435,0.92448259
-0.57928964,1.48283749,0.25868366,0.01855778,0.00460410,0.13340262,0.39582170,0.90637233
-0.57328664,1.45533176,0.26177034,0.01795877,0.00443896,0.13025432,0.38214652,0.89100889
-0.56728364,1.43208101,0.26523414,0.01743295,0.00429571,0.12738481,0.36953274,0.87835908
-0.56128064,1.41294361,0.26902661,0.01697994,0.00417386,0.12480322,0.35801277,0.86830086
-0.55527764,1.39765180,0.27308409,0.01659760,0.00407236,0.12250819,0.34758944,0.86063173
-0.54927464,1.38582695,0.27732941,0.01628229,0.00398959,0.12048858,0.33823833,0.85507908
-0.54327164,1.37699692,0.28167394,0.01602904,0.00392352,0.11872450,0.32991055,0.85131197
-0.53726863,1.37061513,0.28601999,0.01583181,0.00387176,0.11718850,0.32253568,0.84895398
-0.53126563,1.36608036,0.29026334,0.01568374,0.00383172,0.11584678,0.31602492,0.84759665
-0.52526263,1.36275698,0.29429608,0.01557736,0.00380066,0.11466062,0.31027435,0.84681300
-0.51925963,1.35999487,0.29800948,0.01550483,0.00377582,0.11358773,0.30516829,0.84617102
-0.51325663,1.35714865,0.30129688,0.01545812,0.00375449,0.11258369,0.30058260,0.84524639
-0.50725363,1.35359571,0.30405664,0.01542926,0.00373414,0.11160338,0.29638812,0.84363457
-0.50125063,1.34875281,0.30619484,0.01541044,0.00371241,0.11060229,0.29245400,0.84096162
-0.49524762,1.34209089,0.30762793,0.01539423,0.00368726,0.10953786,0.28865096,0.83689383
-0.48924462,1.33314775,0.30828499,0.01537365,0.00365695,0.10837067,0.28485455,0.83114582
-0.48324162,1.32153865,0.30810979,0.01534231,0.00362008,0.10706554,0.28094815,0.82348704
-0.47723862,1.30696443,0.30706237,0.01529449,0.00357565,0.10559247,0.27682582,0.81374665
-0.47123562,1.28921725,0.30512025,0.01522524,0.00352302,0.10392745,0.27239489,0.80181662
-0.46523262,1.26818385,0.30227914,0.01513037,0.00346192,0.10205309,0.26757816,0.78765309
-0.45922961,1.24384623,0.29855317,0.01500656,0.00339242,0.09995900,0.26231567,0.77127611
-0.45322661,1.21628009,0.29397464,0.01485131,0.00331494,0.09764204,0.25656605,0.75276773
-0.44722361,1.18565080,0.28859328,0.01466300,0.00323016,0.09510627,0.25030727,0.73226853
-0.44122061,1.15220736,0.28247504,0.01444087,0.00313904,0.09236275,0.24353678,0.70997293
-0.43521761,1.11627439,0.27570050,0.01418496,0.00304271,0.08942907,0.23627120,0.68612318
-0.42921461,1.07824253,0.26836285,0.01389612,0.00294247,0.08632873,0.22854522,0.66100245
-0.42321161,1.03855747,0.26056564,0.01357595,0.00283970,0.08309028,0.22041011,0.63492720
-0.41720860,0.99770802,0.25242026,0.01322671,0.00273584,0.07974637,0.21193165,0.60823897
-0.41120560,0.95621349,0.24404328,0.01285133,0.00263231,0.07633268,0.20318760,0.58129593
-0.40520260,0.91461086,0.23555368,0.01245322,0.00253047,0.07288676,0.19426500,0.55446442
-0.39919960,0.87344196,0.22707017,0.01203628,0.00243160,0.06944681,0.18525705,0.52811062
-0.39319660,0.83324111,0.21870852,0.01160476,0.00233681,0.06605060,0.17626007,0.50259265
-0.38719360,0.79452342,0.21057903,0.01116320,0.00224705,0.06273432,0.16737040,0.47825322
-0.38119060,0.75777410,0.20278424,0.01071626,0.00216305,0.05953164,0.15868149,0.45541291
-0.37518759,0.72343888,0.19541691,0.01026870,0.00208535,0.05647285,0.15028123,0.43436433
-0.36918459,0.69191582,0.18855822,0.00982525,0.00201423,0.05358417,0.14224959,0.41536709
-0.36318159,0.66354850,0.18227640,0.00939049,0.00194978,0.05088732,0.13465678,0.39864366
-0.35717859,0.63862067,0.17662561,0.00896880,0.00189184,0.04839918,0.12756180,0.38437615
-0.35117559,0.61735244,0.17164524,0.00856426,0.00184008,0.04613177,0.12101149,0.37270394
-0.34517259,0.59989790,0.16735951,0.00818056,0.00179397,0.04409230,0.11504014,0.36372224
-0.33916958,0.58634414,0.16377747,0.00782099,0.00175287,0.04228348,0.10966956,0.35748138
-0.33316658,0.57671168,0.16089330,0.00748832,0.00171600,0.04070398,0.10490960,0.35398699
-0.32716358,0.57095614,0.15868695,0.00718483,0.00168255,0.03934893,0.10075913,0.35320086
-0.32116058,0.56897127,0.15712508,0.00691224,0.00165165,0.03821065,0.09720735,0.35504267
-0.31515758,0.57059309,0.15616229,0.00667173,0.00162248,0.03727933,0.09423538,0.35939243
-0.30915458,0.57560533,0.15574262,0.00646395,0.00159424,0.03654381,0.09181811,0.36609379
-0.30315158,0.58374602,0.15580122,0.00628900,0.00156624,0.03599234,0.08992624,0.37495813
-0.29714857,0.59471527,0.15626639,0.00614654,0.00153790,0.03561337,0.08852835,0.38576962
-0.29114557,0.60818427,0.15706158,0.00603579,0.00150878,0.03539625,0.08759312,0.39829110
-0.28514257,0.62380533,0.15810779,0.00595558,0.00147860,0.03533196,0.08709141,0.41227101
-0.27913957,0.64122310,0.15932585,0.00590449,0.00144727,0.03541370,0.08699844,0.42745108
-0.27313657,0.66008665,0.16063894,0.00588088,0.00141487,0.03563747,0.08729573,0.44357491
-0.26713357,0.68006222,0.16197506,0.00588303,0.00138166,0.03600255,0.08797302,0.46039726
-0.26113057,0.70084653,0.16326940,0.00590916,0.00134808,0.03651197,0.08902984,0.47769377
-0.25512756,0.72218001,0.16446670,0.00595763,0.00131476,0.03717276,0.09047706,0.49527089
-0.24912456,0.74385975,0.16552333,0.00602695,0.00128248,0.03799625,0.09233795,0.51297567
-0.24312156,0.76575144,0.16640916,0.00611594,0.00125215,0.03899814,0.09464907,0.53070502
-0.23711856,0.78779985,0.16710903,0.00622373,0.00122486,0.04019858,0.09746069,0.54841389
-0.23111556,0.81003714,0.16762381,0.00634990,0.00120176,0.04162199,0.10083683,0.56612203
-0.22511256,0.83258845,0.16797094,0.00649447,0.00118415,0.04329678,0.10485481,0.58391873
-0.21910955,0.85567416,0.16818447,0.00665796,0.00117336,0.04525497,0.10960428,0.60196509
-0.21310655,0.87960833,0.16831437,0.00684136,0.00117081,0.04753148,0.11518570,0.62049351
-0.20710355,0.90479305,0.16842534,0.00704609,0.00117794,0.05016334,0.12170824,0.63980394
-0.20110055,0.93170826,0.16859494,0.00727398,0.00119619,0.05318872,0.12928714,0.66025692
-0.19509755,0.96089737,0.16891109,0.00752713,0.00122697,0.05664563,0.13804050,0.68226313
-0.18909455,0.99294857,0.16946912,0.00780785,0.00127166,0.06057064,0.14808553,0.70626971
-0.18309155,1.02847246,0.17036831,0.00811848,0.00133152,0.06499727,0.15953440,0.73274373
-0.17708854,1.06807663,0.17170813,0.00846126,0.00140771,0.06995443,0.17248976,0.76215306
-0.17108554,1.11233800,0.17358428,0.00883816,0.00150120,0.07546467,0.18704000,0.79494550
-0.16508254,1.16177405,0.17608473,0.00925073,0.00161276,0.08154257,0.20325449,0.83152685
-0.15907954,1.21681414,0.17928582,0.00969992,0.00174290,0.08819310,0.22117894,0.87223886
-0.15307654,1.27777218,0.18324868,0.01018593,0.00189185,0.09541018,0.24083099,0.91733806
-0.14707354,1.34482190,0.18801615,0.01070812,0.00205951,0.10317554,0.26219634,0.96697646
-0.14107054,1.41797621,0.19361025,0.01126486,0.00224540,0.11145776,0.28522554,1.02118512
-0.13506753,1.49707151,0.20003033,0.01185351,0.00244866,0.12021181,0.30983164,1.07986149
-0.12906453,1.58175822,0.20725214,0.01247040,0.00266805,0.12937895,0.33588882,1.14276142
-0.12306153,1.67149801,0.21522766,0.01311082,0.00290192,0.13888718,0.36323225,1.20949625
-0.11705853,1.76556840,0.22388589,0.01376911,0.00314821,0.14865208,0.39165909,1.27953564
-0.11105553,1.86307476,0.23313448,0.01443875,0.00340454,0.15857828,0.42093090,1.35221602
-0.10505253,1.96296951,0.24286221,0.01511254,0.00366817,0.16856132,0.45077725,1.42675477
-0.09904952,2.06407791,0.25294211,0.01578275,0.00393615,0.17848992,0.48090064,1.50226967
-0.09304652,2.16512967,0.26323521,0.01644135,0.00420529,0.18824871,0.51098254,1.57780281
-0.08704352,2.26479512,0.27359477,0.01708020,0.00447236,0.19772109,0.54069040,1.65234843
-0.08104052,2.36172455,0.28387062,0.01769134,0.00473406,0.20679236,0.56968551,1.72488317
-0.07503752,2.45458907,0.29391375,0.01826718,0.00498724,0.21535283,0.59763124,1.79439790
-0.06903452,2.54212145,0.30358058,0.01880077,0.00522890,0.22330087,0.62420175,1.85992950
-0.06303152,2.62315512,0.31273715,0.01928595,0.00545638,0.23054573,0.64909043,1.92059146
-0.05702851,2.69665979,0.32126264,0.01971758,0.00566739,0.23701010,0.67201814,1.97560189
-0.05102551,2.76177225,0.32905249,0.02009165,0.00586012,0.24263216,0.69274073,2.02430788
-0.04502251,2.81782109,0.33602067,0.02040542,0.00603330,0.24736723,0.71105565,2.06620507
-0.03901951,2.86434456,0.34210131,0.02065748,0.00618628,0.25118873,0.72680737,2.10095193
-0.03301651,2.90110088,0.34724946,0.02084774,0.00631905,0.25408871,0.73989140,2.12837794
-0.02701351,2.92807077,0.35144112,0.02097747,0.00643222,0.25607758,0.75025680,2.14848578
-0.02101051,2.94545257,0.35467252,0.02104922,0.00652708,0.25718345,0.75790710,2.16144743
-0.01500750,2.95365021,0.35695873,0.02106673,0.00660550,0.25745080,0.76289953,2.16759467
-0.00900450,2.95325498,0.35833179,0.02103485,0.00666994,0.25693877,0.76534268,2.16740455
-0.00300150,2.94502206,0.35883834,0.02095936,0.00672333,0.25571902,0.76539270,2.16148067
0.00300150,2.92984313,0.35853703,0.02084688,0.00676903,0.25387335,0.76324810,2.15053134
0.00900450,2.90871633,0.35749574,0.02070465,0.00681072,0.25149109,0.75914352,2.13534552
0.01500750,2.88271483,0.35578881,0.02054040,0.00685228,0.24866653,0.75334246,2.11676783
0.02101051,2.85295551,0.35349439,0.02036219,0.00689769,0.24549623,0.74612954,2.09567356
0.02701351,2.82056866,0.35069196,0.02017825,0.00695093,0.24207655,0.73780226,2.07294469
0.03301651,2.78666992,0.34746012,0.01999680,0.00701583,0.23850134,0.72866275,2.04944768
0.03901951,2.75233509,0.34387481,0.01982595,0.00709601,0.23485981,0.71900962,2.02601385
0.04502251,2.71857848,0.34000775,0.01967353,0.00719474,0.23123481,0.70913020,2.00342261
0.05102551,2.68633509,0.33592537,0.01954697,0.00731482,0.22770125,0.69929344,1.98238794
0.05702851,2.65644673,0.33168800,0.01945319,0.00745854,0.22432496,0.68974353,1.96354823
0.06303152,2.62965201,0.32734940,0.01939849,0.00762757,0.22116174,0.68069447,1.94745924
0.06903452,2.60658009,0.32295661,0.01938843,0.00782290,0.21825683,0.67232570,1.93459024
0.07503752,2.58774763,0.31854991,0.01942775,0.00804479,0.21564449,0.66477882,1.92532271
0.08104052,2.57355880,0.31416310,0.01952032,0.00829271,0.21334795,0.65815557,1.91995147
0.08704352,2.56430772,0.30982382,0.01966900,0.00856535,0.21137952,0.65251695,1.91868767
0.09304652,2.56018297,0.30555402,0.01987567,0.00886059,0.20974092,0.64788359,1.92166330
0.09904952,2.56127374,0.30137045,0.02014114,0.00917552,0.20842381,0.64423733,1.92893677
0.10505253,2.56757726,0.29728529,0.02046517,0.00950649,0.20741048,0.64152386,1.94049920
0.11105553,2.57900718,0.29330674,0.02084647,0.00984917,0.20667472,0.63965645,1.95628121
0.11705853,2.59540251,0.28943972,0.02128277,0.01019861,0.20618283,0.63852063,1.97615969
0.12306153,2.61653705,0.28568655,0.02177084,0.01054935,0.20589480,0.63797961,1.99996469
0.12906453,2.64212896,0.28204769,0.02230663,0.01089557,0.20576562,0.63788031,2.02748594
0.13506753,2.67185026,0.27852242,0.02288535,0.01123118,0.20574663,0.63805986,2.05847912
0.14107054,2.70533609,0.27510965,0.02350164,0.01155003,0.20578707,0.63835217,2.09267155
0.14707354,2.74219362,0.27180856,0.02414970,0.01184605,0.20583556,0.63859458,2.12976750
0.15307654,2.78201014,0.26861924,0.02482346,0.01211341,0.20584161,0.63863412,2.16945277
0.15907954,2.82436052,0.26554322,0.02551671,0.01234671,0.20575715,0.63833319,2.21139875
0.16508254,2.86881344,0.26258387,0.02622325,0.01254113,0.20553784,0.63757460,2.25526569
0.17108554,2.91493659,0.25974657,0.02693703,0.01269260,0.20514427,0.63626546,2.30070536
0.17708854,2.96230040,0.25703873,0.02765223,0.01279789,0.20454300,0.63434001,2.34736299
0.18309155,3.01048047,0.25446951,0.02836332,0.01285474,0.20370727,0.63176121,2.39487846
0.18909455,3.05905856,0.25204928,0.02906514,0.01286192,0.20261749,0.62852097,2.44288693
0.19509755,3.10762218,0.24978891,0.02975285,0.01281926,0.20126137,0.62463908,2.49101878
0.20110055,3.15576311,0.24769874,0.03042195,0.01272766,0.19963382,0.62016093,2.53889920
0.20710355,3.20307485,0.24578746,0.03106820,0.01258902,0.19773654,0.61515419,2.58614734
0.21310655,3.24914952,0.24406077,0.03168758,0.01240621,0.19557730,0.60970447,2.63237540
0.21910955,3.29357452,0.24252013,0.03227619,0.01218295,0.19316910,0.60391048,2.67718770
0.22511256,3.33592935,0.24116147,0.03283019,0.01192366,0.19052910,0.59787869,2.72018015
0.23111556,3.37578309,0.23997409,0.03334576,0.01163331,0.18767756,0.59171800,2.76094015
0.23711856,3.41269299,0.23893983,0.03381901,0.01131728,0.18463663,0.58553447,2.79904732
0.24312156,3.44620458,0.23803254,0.03424601,0.01098119,0.18142935,0.57942663,2.83407531
0.24912456,3.47585362,0.23721799,0.03462281,0.01063067,0.17807862,0.57348139,2.86559468
0.25512756,3.50117018,0.23645420,0.03494545,0.01027129,0.17460643,0.56777081,2.89317725
0.26113057,3.52168493,0.23569232,0.03521010,0.00990834,0.17103325,0.56234986,2.91640184
0.26713357,3.53693768,0.23487791,0.03541313,0.00954677,0.16737769,0.55725522,2.93486143
0.27313657,3.54648804,0.23395272,0.03555130,0.00919104,0.16365639,0.55250513,2.94817165
0.27913957,3.54992776,0.23285681,0.03562189,0.00884509,0.15988408,0.54810013,2.95598053
0.28514257,3.54689455,0.23153093,0.03562288,0.00851227,0.15607391,0.54402472,2.95797905
0.29114557,3.53708659,0.22991910,0.03555310,0.00819534,0.15223794,0.54024973,2.95391226
0.29714857,3.52027724,0.22797112,0.03541236,0.00789650,0.14838773,0.53673511,2.94359055
0.30315158,3.49632917,0.22564506,0.03520158,0.00761739,0.14453499,0.53343310,2.92690055
0.30915458,3.46520718,0.22290944,0.03492288,0.00735917,0.14069225,0.53029150,2.90381507
0.31515758,3.42698910,0.21974497,0.03457958,0.00712256,0.13687349,0.52725678,2.87440176
0.32116058,3.38187388,0.21614587,0.03417619,0.00690793,0.13309466,0.52427709,2.83882976
0.32716358,3.33018668,0.21212058,0.03371837,0.00671536,0.12937408,0.52130471,2.79737403
0.33316658,3.27238014,0.20769184,0.03321280,0.00654472,0.12573267,0.51829817,2.75041701
0.33916958,3.20903185,0.20289612,0.03266704,0.00639572,0.12219401,0.51522378,2.69844716
0.34517259,3.14083778,0.19778245,0.03208930,0.00626799,0.11878417,0.51205659,2.64205441
0.35117559,3.06860178,0.19241069,0.03148829,0.00616109,0.11553142,0.50878087,2.58192240
0.35717859,2.99322131,0.18684933,0.03087292,0.00607455,0.11246572,0.50539007,2.51881760
0.36318159,2.91566998,0.18117296,0.03025208,0.00600789,0.10961810,0.50188638,2.45357557
0.36918459,2.83697716,0.17545944,0.02963441,0.00596063,0.10701994,0.49827991,2.38708466
0.37518759,2.75820556,0.16978711,0.02902808,0.00593225,0.10470208,0.49458773,2.32026765
0.38119060,2.68042729,0.16423198,0.02844055,0.00592221,0.10269406,0.49083257,2.25406180
0.38719360,2.60469925,0.15886506,0.02787844,0.00592990,0.10102317,0.48704166,2.18939797
0.39319660,2.53203853,0.15375017,0.02734737,0.00595460,0.09971366,0.48324531,2.12717928
0.39919960,2.46339867,0.14894193,0.02685187,0.00599551,0.09878592,0.47947574,2.06826016
0.40520260,2.39964727,0.14448439,0.02639530,0.00605166,0.09825578,0.47576582,2.01342619
0.41120560,2.34154574,0.14041009,0.02597984,0.00612190,0.09813389,0.47214796,1.96337537
0.41720860,2.28973167,0.13673961,0.02560653,0.00620491,0.09842522,0.46865311,1.91870146
0.42321161,2.24470413,0.13348167,0.02527528,0.00629918,0.09912863,0.46530981,1.87987964
0.42921461,2.20681244,0.13063365,0.02498496,0.00640297,0.10023661,0.46214333,1.84725508
0.43521761,2.17624857,0.12818252,0.02473349,0.00651436,0.10173517,0.45917493,1.82103462
0.44122061,2.15304325,0.12610606,0.02451800,0.00663126,0.10360376,0.45642107,1.80128184
0.44722361,2.13706604,0.12437435,0.02433491,0.00675141,0.10581541,0.45389282,1.78791563
0.45322661,2.12802924,0.12295135,0.02418007,0.00687242,0.10833697,0.45159521,1.78071244
0.45922961,2.12549559,0.12179661,0.02404895,0.00699180,0.11112950,0.44952673,1.77931203
0.46523262,2.12888960,0.12086690,0.02393670,0.00710703,0.11414872,0.44767885,1.78322679
0.47123562,2.13751238,0.12011781,0.02383836,0.00721556,0.11734574,0.44603577,1.79185440
0.47723862,2.15055945,0.11950518,0.02374893,0.00731491,0.12066777,0.44457419,1.80449346
0.48324162,2.16714143,0.11898637,0.02366353,0.00740266,0.12405903,0.44326339,1.82036194
0.48924462,2.18630692,0.11852136,0.02357749,0.00747656,0.12746181,0.44206550,1.83861780
0.49524762,2.20706714,0.11807357,0.02348644,0.00753456,0.13081756,0.44093604,1.85838143
0.50125063,2.22842168,0.11761054,0.02338645,0.00757484,0.13406811,0.43982472,1.87875922
0.50725363,2.24938474,0.11710438,0.02327404,0.00759590,0.13715697,0.43867661,1.89886762
0.51325663,2.26901104,0.11653202,0.02314633,0.00759657,0.14003059,0.43743360,1.91785708
0.51925963,2.28642074,0.11587530,0.02300103,0.00757604,0.14263972,0.43603611,1.93493498
0.52526263,2.30082259,0.11512092,0.02283655,0.00753395,0.14494058,0.43442514,1.94938703
0.53126563,2.31153458,0.11426023,0.02265198,0.00747035,0.14689612,0.43254445,1.96059638
0.53726863,2.31800147,0.11328896,0.02244719,0.00738576,0.14847699,0.43034292,1.96805977
0.54327164,2.31980856,0.11220684,0.02222276,0.00728116,0.14966240,0.42777699,1.97140035
0.54927464,2.31669132,0.11101715,0.02198004,0.00715798,0.15044084,0.42481300,1.97037653
0.55527764,2.30854062,0.10972625,0.02172111,0.00701812,0.15081044,0.42142943,1.96488689
0.56128064,2.29540326,0.10834304,0.02144876,0.00686390,0.15077914,0.41761891,1.95497076
0.56728364,2.27747797,0.10687843,0.02116641,0.00669804,0.15036462,0.41338984,1.94080461
0.57328664,2.25510704,0.10534483,0.02087808,0.00652359,0.14959386,0.40876755,1.92269448
0.57928964,2.22876384,0.10375563,0.02058829,0.00634392,0.14850252,0.40379496,1.90106467
0.58529265,2.19903680,0.10212471,0.02030196,0.00616264,0.14713402,0.39853260,1.87644319
0.59129565,2.16661037,0.10046602,0.02002431,0.00598352,0.14553842,0.39305797,1.84944446
0.59729865,2.13224371,0.09879320,0.01976075,0.00581043,0.14377110,0.38746421,1.82074995
0.60330165,2.09674769,0.09711926,0.01951669,0.00564726,0.14189125,0.38185809,1.79108733
0.60930465,2.06096101,0.09545637,0.01929746,0.00549780,0.13996034,0.37635730,1.76120881
0.61530765,2.02572619,0.09381570,0.01910813,0.00536573,0.13804047,0.37108717,1.73186931
0.62131066,1.99186598,0.09220731,0.01895335,0.00525446,0.13619265,0.36617685,1.70380509
0.62731366,1.96016088,0.09064020,0.01883723,0.00516708,0.13447525,0.36175509,1.67771339
0.63331666,1.93132828,0.08912234,0.01876317,0.00510627,0.13294239,0.35794571,1.65423352
0.63931966,1.90600371,0.08766079,0.01873373,0.00507425,0.13164251,0.35486301,1.63392984
0.64532266,1.88472443,0.08626188,0.01875050,0.00507266,0.13061708,0.35260716,1.61727696
0.65132566,1.86791580,0.08493137,0.01881398,0.00510254,0.12989943,0.35125989,1.60464743
0.65732866,1.85588061,0.08367467,0.01892354,0.00516426,0.12951391,0.35088051,1.59630213
0.66333167,1.84879139,0.08249703,0.01907727,0.00525749,0.12947512,0.35150253,1.59238333
0.66933467,1.84668590,0.08140372,0.01927204,0.00538117,0.12978750,0.35313106,1.59291081
0.67533767,1.84946582,0.08040014,0.01950341,0.00553352,0.13044510,0.35574098,1.59778071
0.68134067,1.85689853,0.07949198,0.01976574,0.00571201,0.13143161,0.35927617,1.60676736
0.68734367,1.86862206,0.07868521,0.02005220,0.00591345,0.13272074,0.36364972,1.61952786
0.69334667,1.88415295,0.07798615,0.02035489,0.00613397,0.13427666,0.36874523,1.63560947
0.69934967,1.90289700,0.07740135,0.02066503,0.00636913,0.13605489,0.37441921,1.65445948
0.70535268,1.92416265,0.07693753,0.02097306,0.00661400,0.13800327,0.38050444,1.67543755
0.71135568,1.94717674,0.07660137,0.02126895,0.00686324,0.14006319,0.38681427,1.69783024
0.71735868,1.97110244,0.07639934,0.02154235,0.00711123,0.14217099,0.39314775,1.72086735
0.72336168,1.99505883,0.07633744,0.02178292,0.00735222,0.14425949,0.39929531,1.74373997
0.72936468,2.01814196,0.07642088,0.02198058,0.00758042,0.14625963,0.40504496,1.76561964
0.73536768,2.03944672,0.07665381,0.02212577,0.00779020,0.14810220,0.41018863,1.78567840
0.74137069,2.05808921,0.07703899,0.02220977,0.00797617,0.14971956,0.41452862,1.80310918
0.74737369,2.07322896,0.07757746,0.02222490,0.00813338,0.15104736,0.41788372,1.81714606
0.75337669,2.08409057,0.07826828,0.02216482,0.00825740,0.15202618,0.42009503,1.82708395
0.75937969,2.08998416,0.07910830,0.02202468,0.00834447,0.15260306,0.42103107,1.83229722
0.76538269,2.09032418,0.08009195,0.02180129,0.00839160,0.15273287,0.42059215,1.83225674
0.77138569,2.08464599,0.08121124,0.02149322,0.00839662,0.15237954,0.41871381,1.82654486
0.77738869,2.07261993,0.08245572,0.02110091,0.00835824,0.15151698,0.41536927,1.81486807
0.78339170,2.05406234,0.08381273,0.02062661,0.00827611,0.15012986,0.41057076,1.79706676
0.78939470,2.02894333,0.08526775,0.02007437,0.00815079,0.14821403,0.40436975,1.77312200
0.79539770,1.99739106,0.08680487,0.01944995,0.00798373,0.14577677,0.39685610,1.74315903
0.80140070,1.95969240,0.08840749,0.01876064,0.00777723,0.14283668,0.38815617,1.70744740
0.80740370,1.91628996,0.09005923,0.01801514,0.00753436,0.13942341,0.37842996,1.66639762
0.81340670,1.86777553,0.09174486,0.01722329,0.00725886,0.13557704,0.36786736,1.62055452
0.81940970,1.81488003,0.09345144,0.01639589,0.00695506,0.13134732,0.35668375,1.57058745
0.82541271,1.75846037,0.09516953,0.01554440,0.00662772,0.12679269,0.34511491,1.51727744
0.83141571,1.69948328,0.09689440,0.01468074,0.00628191,0.12197912,0.33341154,1.46150177
0.83741871,1.63900668,0.09862714,0.01381704,0.00592289,0.11697883,0.32183346,1.40421622
0.84342171,1.57815882,0.10037574,0.01296536,0.00555598,0.11186891,0.31064362,1.34643553
0.84942471,1.51811583,0.10215594,0.01213753,0.00518642,0.10672987,0.30010221,1.28921231
0.85542771,1.46007792,0.10399180,0.01134494,0.00481925,0.10164414,0.29046075,1.23361522
0.86143072,1.40524491,0.10591593,0.01059837,0.00445925,0.09669459,0.28195651,1.18070653
0.86743372,1.35479143,0.10796940,0.00990784,0.00411078,0.09196300,0.27480731,1.13151986
0.87343672,1.30984240,0.11020113,0.00928251,0.00377778,0.08752863,0.26920670,1.08703838
0.87943972,1.27144913,0.11266694,0.00873062,0.00346367,0.08346682,0.26531979,1.04817396
0.88544272,1.24056665,0.11542802,0.00825934,0.00317133,0.07984761,0.26327967,1.01574780
0.89144572,1.21803255,0.11854913,0.00787483,0.00290308,0.07673454,0.26318453,0.99047274
0.89744872,1.20454792,0.12209631,0.00758212,0.00266070,0.07418342,0.26509560,0.97293777
0.90345173,1.20066072,0.12613435,0.00738515,0.00244540,0.07224130,0.26903582,0.96359494
0.90945473,1.20675187,0.13072406,0.00728672,0.00225788,0.07094552,0.27498945,0.96274900
0.91545773,1.22302462,0.13591940,0.00728851,0.00209835,0.07032294,0.28290245,0.97054997
0.92146073,1.24949730,0.14176464,0.00739107,0.00196660,0.07038922,0.29268374,0.98698884
0.92746373,1.28599978,0.14829172,0.00759381,0.00186201,0.07114840,0.30420728,1.01189648
0.93346673,1.33217392,0.15551781,0.00789503,0.00178366,0.07259260,0.31731494,1.04494598
0.93946973,1.38747803,0.16344328,0.00829188,0.00173035,0.07470194,0.33182006,1.08565827
0.94547274,1.45119544,0.17205023,0.00878043,0.00170065,0.07744471,0.34751164,1.13341109
0.95147574,1.52244722,0.18130143,0.00935561,0.00169301,0.08077777,0.36415905,1.18745128
0.95747874,1.60020876,0.19114012,0.01001133,0.00170575,0.08464725,0.38151714,1.24691003
0.96348174,1.68333011,0.20149029,0.01074044,0.00173716,0.08898948,0.39933166,1.31082098
0.96948474,1.77055955,0.21225776,0.01153483,0.00178552,0.09373218,0.41734467,1.37814075
0.97548774,1.86057011,0.22333182,0.01238549,0.00184915,0.09879589,0.43530014,1.44777157
0.98149075,1.95198818,0.23458758,0.01328262,0.00192645,0.10409569,0.45294918,1.51858529
0.98749375,2.04342369,0.24588872,0.01421574,0.00201589,0.10954300,0.47005513,1.58944843
0.99349675,2.13350092,0.25709073,0.01517381,0.00211608,0.11504759,0.48639817,1.65924740
0.99949975,2.22088911,0.26804440,0.01614544,0.00222578,0.12051965,0.50177939,1.72691325
1.00550275,2.30433197,0.27859951,0.01711901,0.00234388,0.12587183,0.51602430,1.79144523
1.01150575,2.38267505,0.28860850,0.01808289,0.00246942,0.13102129,0.52898561,1.85193244
1.01750875,2.45489018,0.29793005,0.01902565,0.00260160,0.13589155,0.54054526,1.90757271
1.02351176,2.52009614,0.30643243,0.01993622,0.00273975,0.14041421,0.55061576,1.95768828
1.02951476,2.57757474,0.31399643,0.02080414,0.00288335,0.14453031,0.55914065,2.00173760
1.03551776,2.62678192,0.32051794,0.02161968,0.00303199,0.14819147,0.56609427,2.03932279
1.04152076,2.66735335,0.32590993,0.02237408,0.00318535,0.15136061,0.57148074,2.07019268
1.04752376,2.69910446,0.33010395,0.02305962,0.00334323,0.15401230,0.57533230,2.09424111
1.05352676,2.72202492,0.33305098,0.02366982,0.00350546,0.15613274,0.57770693,2.11150083
1.05952976,2.73626796,0.33472179,0.02419943,0.00367193,0.15771932,0.57868546,2.12213311
1.06553277,2.74213490,0.33510677,0.02464457,0.00384254,0.15877989,0.57836819,2.12641362
1.07153577,2.74005578,0.33421524,0.02500267,0.00401718,0.15933168,0.57687108,2.12471528
1.07753877,2.73056698,0.33207447,0.02527250,0.00419575,0.15940000,0.57432174,2.11748874
1.08354177,2.71428667,0.32872830,0.02545413,0.00437805,0.15901682,0.57085516,2.10524149
1.08954477,2.69188953,0.32423561,0.02554881,0.00456386,0.15821913,0.56660942,2.08851653
1.09554777,2.66408147,0.31866857,0.02555887,0.00475285,0.15704743,0.56172153,2.06787142
1.10155078,2.63157579,0.31211091,0.02548769,0.00494459,0.15554422,0.55632340,2.04385884
1.10755378,2.59507147,0.30465612,0.02533945,0.00513850,0.15375257,0.55053811,2.01700921
1.11355678,2.55523458,0.29640571,0.02511909,0.00533388,0.15171497,0.54447671,1.98781624
1.11955978,2.51268338,0.28746752,0.02483217,0.00552988,0.14947234,0.53823544,1.95672580
1.12556278,2.46797748,0.27795414,0.02448469,0.00572543,0.14706331,0.53189361,1.92412846
1.13156578,2.42161126,0.26798137,0.02408303,0.00591932,0.14452379,0.52551217,1.89035577
1.13756878,2.37401145,0.25766676,0.02363383,0.00611012,0.14188670,0.51913296,1.85568011
1.14357179,2.32553855,0.24712813,0.02314385,0.00629623,0.13918206,0.51277871,1.82031793
1.14957479,2.27649157,0.23648220,0.02261998,0.00647582,0.13643712,0.50645379,1.78443571
1.15557779,2.22711541,0.22584310,0.02206906,0.00664692,0.13367678,0.50014556,1.74815818
1.16158079,2.17761012,0.21532087,0.02149788,0.00680738,0.13092393,0.49382643,1.71157797
1.16758379,2.12814114,0.20502002,0.02091311,0.00695492,0.12819995,0.48745634,1.67476595
1.17358679,2.07884976,0.19503790,0.02032121,0.00708716,0.12552511,0.48098574,1.63778160
1.17958979,2.02986291,0.18546320,0.01972841,0.00720169,0.12291889,0.47435881,1.60068247
1.18559280,1.98130166,0.17637443,0.01914060,0.00729609,0.12040018,0.46751679,1.56353242
1.19159580,1.93328789,0.16783849,0.01856333,0.00736804,0.11798739,0.46040140,1.52640788
1.19759880,1.88594868,0.15990940,0.01800165,0.00741536,0.11569828,0.45295807,1.48940193
1.20360180,1.83941837,0.15262725,0.01746014,0.00743606,0.11354968,0.44513891,1.45262602
1.20960480,1.79383812,0.14601749,0.01694274,0.00742848,0.11155710,0.43690535,1.41620930
1.21560780,1.74935333,0.14009050,0.01645274,0.00739130,0.10973416,0.42823022,1.38029572
1.22161081,1.70610911,0.13484161,0.01599269,0.00732366,0.10809190,0.41909940,1.34503929
1.22761381,1.66424445,0.13025165,0.01556435,0.00722513,0.10663817,0.40951281,1.31059778
1.23361681,1.62388545,0.12628780,0.01516865,0.00709586,0.10537691,0.39948479,1.27712557
1.23961981,1.58513844,0.12290507,0.01480565,0.00693650,0.10430757,0.38904395,1.24476597
1.24562281,1.54808337,0.12004814,0.01447457,0.00674829,0.10342466,0.37823244,1.21364387
1.25162581,1.51276830,0.11765351,0.01417376,0.00653298,0.10271742,0.36710470,1.18385900
1.25762881,1.47920526,0.11565208,0.01390082,0.00629287,0.10216977,0.35572584,1.15548048
1.26363182,1.44736798,0.11397177,0.01365261,0.00603070,0.10176041,0.34416970,1.12854294
1.26963482,1.41719176,0.11254032,0.01342538,0.00574960,0.10146327,0.33251669,1.10304455
1.27563782,1.38857542,0.11128798,0.01321488,0.00545303,0.10124809,0.32085152,1.07894704
1.28164082,1.36138542,0.11015003,0.01301653,0.00514468,0.10108132,0.30926093,1.05617777
1.28764382,1.33546194,0.10906905,0.01282552,0.00482835,0.10092716,0.29783152,1.03463375
1.29364682,1.31062636,0.10799670,0.01263703,0.00450791,0.10074873,0.28664770,1.01418723
1.29964982,1.28669006,0.10689513,0.01244635,0.00418712,0.10050942,0.27578994,0.99469269
1.30565283,1.26346358,0.10573775,0.01224906,0.00386961,0.10017414,0.26533321,0.97599464
1.31165583,1.24076604,0.10450950,0.01204118,0.00355878,0.09971064,0.25534573,0.95793585
1.31765883,1.21843385,0.10320651,0.01181930,0.00325770,0.09909068,0.24588811,0.94036545
1.32366183,1.19632857,0.10183529,0.01158067,0.00296909,0.09829108,0.23701265,0.92314659
1.32966483,1.17434324,0.10041139,0.01132333,0.00269528,0.09729454,0.22876304,0.90616296
1.33566783,1.15240701,0.09895774,0.01104615,0.00243818,0.09609025,0.22117425,0.88932419
1.34167084,1.13048789,0.09750274,0.01074883,0.00219925,0.09467423,0.21427276,0.87256967
1.34767384,1.10859354,0.09607819,0.01043199,0.00197957,0.09304941,0.20807690,0.85587067
1.35367684,1.08677027,0.09471726,0.01009705,0.00177982,0.09122548,0.20259748,0.83923103
1.35967984,1.06510047,0.09345258,0.00974628,0.00160032,0.08921849,0.19783860,0.82268617
1.36568284,1.04369886,0.09231458,0.00938267,0.00144111,0.08705028,0.19379867,0.80630102
1.37168584,1.02270792,0.09133022,0.00900989,0.00130195,0.08474772,0.19047159,0.79016691
1.37768884,1.00229307,0.09052217,0.00863222,0.00118244,0.08234197,0.18784813,0.77439788
1.38369185,0.98263797,0.08990839,0.00825442,0.00108201,0.07986756,0.18591753,0.75912677
1.38969485,0.96394039,0.08950235,0.00788167,0.00100006,0.07736158,0.18466919,0.74450144
1.39569785,0.94640894,0.08931364,0.00751948,0.00093593,0.07486289,0.18409454,0.73068138
1.40170085,0.93026089,0.08934900,0.00717358,0.00088901,0.07241145,0.18418890,0.71783493
1.40770385,0.91572104,0.08961380,0.00684989,0.00085877,0.07004771,0.18495343,0.70613719
1.41370685,0.90302167,0.09011367,0.00655444,0.00084477,0.06781217,0.18639690,0.69576868
1.41970985,0.89240309,0.09085625,0.00629328,0.00084671,0.06574503,0.18853718,0.68691450
1.42571286,0.88411467,0.09185296,0.00607247,0.00086442,0.06388597,0.19140250,0.67976393
1.43171586,0.87841551,0.09312053,0.00589801,0.00089789,0.06227394,0.19503208,0.67450989
1.43771886,0.87557459,0.09468229,0.00577579,0.00094721,0.06094703,0.19947617,0.67134828
1.44372186,0.87586948,0.09656893,0.00571152,0.00101262,0.05994227,0.20479531,0.67047639
1.44972486,0.87958334,0.09881879,0.00571069,0.00109440,0.05929545,0.21105876,0.67209038
1.45572786,0.88699973,0.10147751,0.00577847,0.00119288,0.05904071,0.21834198,0.67638141
1.46173087,0.89839498,0.10459695,0.00591964,0.00130839,0.05921015,0.22672323,0.68353019
1.46773387,0.91402813,0.10823360,0.00613847,0.00144115,0.05983311,0.23627929,0.69370005
1.47373687,0.93412855,0.11244616,0.00643858,0.00159129,0.06093544,0.24708046,0.70702857
1.47973987,0.95888170,0.11729276,0.00682282,0.00175874,0.06253855,0.25918497,0.72361807
1.48574287,0.98841361,0.12282759,0.00729314,0.00194318,0.06465826,0.27263309,0.74352543
1.49174587,1.02277490,0.12909733,0.00785036,0.00214400,0.06730372,0.28744124,0.76675172
1.49774887,1.06192539,0.13613739,0.00849409,0.00236024,0.07047622,0.30359634,0.79323253
1.50375188,1.10572015,0.14396823,0.00922255,0.00259060,0.07416798,0.32105082,0.82282936
1.50975488,1.15389821,0.15259196,0.01003245,0.00283338,0.07836123,0.33971863,0.85532321
1.51575788,1.20607484,0.16198930,0.01091886,0.00308649,0.08302732,0.35947247,0.89041073
1.52176088,1.26173818,0.17211721,0.01187519,0.00334749,0.08812620,0.38014262,0.92770355
1.52776388,1.32025107,0.18290734,0.01289313,0.00361359,0.09360626,0.40151750,0.96673127
1.53376688,1.38085811,0.19426529,0.01396271,0.00388174,0.09940446,0.42334603,1.00694825
1.53976988,1.44269841,0.20607097,0.01507237,0.00414868,0.10544700,0.44534193,1.04774403
1.54577289,1.50482341,0.21817989,0.01620913,0.00441101,0.11165037,0.46718977,1.08845733
1.55177589,1.56621942,0.23042562,0.01735877,0.00466530,0.11792283,0.48855251,1.12839296
1.55777889,1.62583401,0.24262314,0.01850610,0.00490820,0.12416633,0.50908051,1.16684098
1.56378189,1.68260498,0.25457318,0.01963528,0.00513650,0.13027871,0.52842132,1.20309720
1.56978489,1.73549079,0.26606723,0.02073017,0.00534727,0.13615620,0.54623004,1.23648418
1.57578789,1.78350098,0.27689322,0.02177467,0.00553791,0.14169607,0.56217980,1.26637155
1.58179090,1.82572521,0.28684149,0.02275317,0.00570624,0.14679935,0.57597168,1.29219474
1.58779390,1.86135954,0.29571102,0.02365087,0.00585057,0.15137354,0.58734392,1.31347119
1.59379690,1.88972896,0.30331543,0.02445418,0.00596972,0.15533507,0.59607977,1.32981333
1.59979990,1.91030491,0.30948874,0.02515106,0.00606302,0.15861162,0.60201382,1.34093774
1.60580290,1.92271752,0.31409056,0.02573129,0.00613037,0.16114402,0.60503646,1.34667015
1.61180590,1.92676194,0.31701050,0.02618675,0.00617213,0.16288780,0.60509637,1.34694626
1.61780890,1.92239887,0.31817167,0.02651150,0.00618912,0.16381421,0.60220102,1.34180851
1.62381191,1.90974956,0.31753311,0.02670197,0.00618257,0.16391082,0.59641519,1.33139919
1.62981491,1.88908592,0.31509114,0.02675692,0.00615400,0.16318156,0.58785780,1.31595056
1.63581791,1.86081644,0.31087947,0.02667746,0.00610521,0.16164642,0.57669707,1.29577258
1.64182091,1.82546898,0.30496827,0.02646685,0.00603811,0.15934053,0.56314454,1.27123920
1.64782391,1.78367147,0.29746208,0.02613044,0.00595472,0.15631306,0.54744823,1.24277396
1.65382691,1.73613150,0.28849683,0.02567536,0.00585705,0.15262571,0.52988512,1.21083574
1.65982991,1.68361605,0.27823601,0.02511033,0.00574708,0.14835101,0.51075365,1.17590536
1.66583292,1.62693194,0.26686629,0.02444539,0.00562667,0.14357046,0.49036622,1.13847359
1.67183592,1.56690798,0.25459260,0.02369158,0.00549756,0.13837265,0.46904217,1.09903110
1.67783892,1.50437922,0.24163305,0.02286069,0.00536137,0.13285133,0.44710141,1.05806035
1.68384192,1.44017363,0.22821382,0.02196501,0.00521957,0.12710359,0.42485883,1.01602974
1.68984492,1.37510133,0.21456416,0.02101705,0.00507352,0.12122813,0.40261966,0.97338969
1.69584792,1.30994615,0.20091171,0.02002932,0.00492450,0.11532367,0.38067562,0.93057053
1.70185093,1.24545948,0.18747827,0.01901419,0.00477373,0.10948754,0.35930210,0.88798170
1.70785393,1.18235571,0.17447612,0.01798369,0.00462244,0.10381445,0.33875601,0.84601198
1.71385693,1.12130912,0.16210486,0.01694939,0.00447189,0.09839542,0.31927439,0.80503008
1.71985993,1.06295148,0.15054903,0.01592234,0.00432344,0.09331682,0.30107349,0.76538541
1.72586293,1.00786999,0.13997613,0.01491295,0.00417852,0.08865963,0.28434831,0.72740837
1.73186593,0.95660520,0.13053543,0.01393099,0.00403872,0.08449871,0.26927233,0.69141006
1.73786893,0.90964852,0.12235713,0.01298552,0.00390578,0.08090218,0.25599736,0.65768108
1.74387194,0.86743919,0.11555201,0.01208490,0.00378155,0.07793090,0.24465345,0.62648944
1.74987494,0.83036054,0.11021147,0.01123674,0.00366806,0.07563793,0.23534862,0.59807752
1.75587794,0.79873572,0.10640768,0.01044790,0.00356739,0.07406802,0.22816858,0.57265829
1.76188094,0.77282299,0.10419404,0.00972450,0.00348172,0.07325718,0.22317621,0.55041097
1.76788394,0.75281081,0.10360563,0.00907185,0.00341324,0.07323217,0.22041096,0.53147643
1.77388694,0.73881316,0.10465968,0.00849447,0.00336411,0.07401011,0.21988811,0.51595274
1.77988994,0.73086532,0.10735609,0.00799606,0.00333638,0.07559814,0.22159804,0.50389111
1.78589295,0.72892063,0.11167786,0.00757946,0.00333197,0.07799308,0.22550543,0.49529261
1.79189595,0.73284857,0.11759154,0.00724665,0.00335256,0.08118129,0.23154871,0.49010602
1.79789895,0.74243438,0.12504768,0.00699867,0.00339957,0.08513862,0.23963960,0.48822692
1.80390195,0.75738070,0.13398135,0.00683569,0.00347408,0.08983051,0.24966303,0.48949839
1.80990495,0.77731115,0.14431279,0.00675693,0.00357680,0.09521231,0.26147744,0.49371313
1.81590795,0.80177618,0.15594825,0.00676069,0.00370799,0.10122982,0.27491555,0.50061732
1.82191096,0.83026104,0.16878107,0.00684435,0.00386746,0.10782002,0.28978569,0.50991591
1.82791396,0.86219575,0.18269318,0.00700443,0.00405453,0.11491204,0.30587376,0.52127923
1.83391696,0.89696691,0.19755679,0.00723660,0.00426799,0.12242840,0.32294581,0.53435082
1.83991996,0.93393102,0.21323662,0.00753576,0.00450611,0.13028641,0.34075129,0.54875602
1.84592296,0.97242893,0.22959242,0.00789612,0.00476664,0.13839977,0.35902698,0.56411118
1.85192596,1.01180091,0.24648177,0.00831127,0.00504685,0.14668029,0.37750143,0.58003307
1.85792896,1.05140191,0.26376318,0.00877435,0.00534347,0.15503975,0.39590002,0.59614819
1.86393197,1.09061652,0.28129931,0.00927808,0.00565283,0.16339176,0.41395035,0.61210158
1.86993497,1.12887299,0.29896007,0.00981496,0.00597086,0.17165358,0.43138804,0.62756505
1.87593797,1.16565593,0.31662566,0.01037738,0.00629316,0.17974793,0.44796246,0.64224427
1.88194097,1.20051716,0.33418918,0.01095775,0.00661510,0.18760456,0.46344256,0.65588480
1.88794397,1.23308441,0.35155869,0.01154864,0.00693189,0.19516166,0.47762236,0.66827670
1.89394697,1.26306741,0.36865866,0.01214289,0.00723872,0.20236698,0.49032595,0.67925768
1.89994997,1.29026132,0.38543052,0.01273375,0.00753085,0.20917868,0.50141184,0.68871487
1.90595298,1.31454735,0.40183230,0.01331496,0.00780375,0.21556581,0.51077646,0.69658497
1.91195598,1.33589054,0.41783739,0.01388083,0.00805322,0.22150844,0.51835660,0.70285308
1.91795898,1.35433485,0.43343228,0.01442632,0.00827555,0.22699742,0.52413070,0.70755026
1.92396198,1.36999587,0.44861343,0.01494707,0.00846760,0.23203387,0.52811891,0.71074985
1.92996498,1.38305144,0.46338350,0.01543942,0.00862695,0.23662824,0.53038192,0.71256296
1.93596798,1.39373060,0.47774693,0.01590043,0.00875199,0.24079918,0.53101846,0.71313310
1.94197099,1.40230143,0.49170532,0.01632783,0.00884200,0.24457216,0.53016172,0.71263035
1.94797399,1.40905826,0.50525269,0.01672003,0.00889719,0.24797793,0.52797473,0.71124518
1.95397699,1.41430883,0.51837112,0.01707605,0.00891877,0.25105092,0.52464484,0.70918223
1.95997999,1.41836200,0.53102687,0.01739550,0.00890889,0.25382757,0.52037769,0.70665413
1.96598299,1.42151643,0.54316737,0.01767851,0.00887064,0.25634478,0.51539074,0.70387568
1.97198599,1.42405070,0.55471927,0.01792567,0.00880797,0.25863846,0.50990671,0.70105843
1.97798899,1.42621534,0.56558776,0.01813804,0.00872556,0.26074224,0.50414726,0.69840588
1.98399200,1.42822687,0.57565725,0.01831704,0.00862874,0.26268650,0.49832697,0.69610937
1.98999500,1.43026412,0.58479343,0.01846449,0.00852328,0.26449755,0.49264812,0.69434466
1.99599800,1.43246681,0.59284677,0.01858256,0.00841524,0.26619731,0.48729620,0.69326939
2.00200100,1.43493640,0.59965711,0.01867377,0.00831076,0.26780310,0.48243640,0.69302124
2.00800400,1.43773886,0.60505944,0.01874097,0.00821589,0.26932792,0.47821120,0.69371692
2.01400700,1.44090919,0.60889033,0.01878737,0.00813638,0.27078089,0.47473900,0.69545180
2.02001001,1.44445738,0.61099486,0.01881653,0.00807751,0.27216800,0.47211377,0.69830027
2.02601301,1.44837514,0.61123366,0.01883233,0.00804389,0.27349311,0.47040570,0.70231653
2.03201601,1.45264324,0.60948964,0.01883899,0.00803935,0.27475895,0.46966264,0.70753586
2.03801901,1.45723870,0.60567421,0.01884099,0.00806682,0.27596830,0.46991220,0.71397620
2.04402201,1.46214154,0.59973246,0.01884306,0.00812825,0.27712510,0.47116430,0.72163983
2.05002501,1.46734059,0.59164726,0.01885009,0.00822455,0.27823542,0.47341401,0.73051518
2.05602801,1.47283796,0.58144184,0.01886703,0.00835558,0.27930834,0.47664434,0.74057842
2.06203102,1.47865189,0.56918096,0.01889877,0.00852019,0.28035642,0.48082899,0.75179494
2.06803402,1.48481776,0.55497034,0.01895003,0.00871629,0.28139603,0.48593470,0.76412045
2.07403702,1.49138720,0.53895457,0.01902515,0.00894088,0.28244712,0.49192314,0.77750168
2.08004002,1.49842520,0.52131358,0.01912799,0.00919022,0.28353277,0.49875220,0.79187668
2.08604302,1.50600546,0.50225772,0.01926173,0.00945992,0.28467821,0.50637675,0.80717458
2.09204602,1.51420411,0.48202180,0.01942871,0.00974510,0.28590953,0.51474860,0.82331492
2.09804902,1.52309215,0.46085831,0.01963030,0.01004055,0.28725211,0.52381596,0.84020660
2.10405203,1.53272712,0.43903015,0.01986678,0.01034083,0.28872868,0.53352232,0.85774653
2.11005503,1.54314427,0.41680321,0.02013722,0.01064049,0.29035737,0.54380493,0.87581806
2.11605803,1.55434804,0.39443897,0.02043947,0.01093415,0.29214962,0.55459297,0.89428940
2.12206103,1.56630409,0.37218772,0.02077011,0.01121664,0.29410824,0.56580570,0.91301230
2.12806403,1.57893268,0.35028229,0.02112450,0.01148313,0.29622567,0.57735064,0.93182096
2.13406703,1.59210374,0.32893282,0.02149689,0.01172922,0.29848263,0.58912206,0.95053157
2.14007004,1.60563405,0.30832258,0.02188049,0.01195101,0.30084716,0.60099995,0.96894261
2.14607304,1.61928703,0.28860499,0.02226770,0.01214518,0.30327432,0.61284961,0.98683602
2.15207604,1.63277504,0.26990185,0.02265029,0.01230903,0.30570650,0.62452193,1.00397931
2.15807904,1.64576465,0.25230283,0.02301965,0.01244055,0.30807435,0.63585464,1.02012892
2.16408204,1.65788444,0.23586618,0.02336703,0.01253836,0.31029848,0.64667431,1.03503444
2.17008504,1.66873538,0.22062037,0.02368386,0.01260184,0.31229172,0.65679932,1.04844399
2.17608804,1.67790328,0.20656676,0.02396197,0.01263101,0.31396196,0.66604358,1.06011040
2.18209105,1.68497286,0.19368289,0.02419387,0.01262659,0.31521543,0.67422105,1.06979810
2.18809405,1.68954286,0.18192636,0.02437301,0.01258996,0.31596029,0.68115069,1.07729036
2.19409705,1.69124156,0.17123898,0.02449396,0.01252311,0.31611027,0.68666188,1.08239676
2.20010005,1.68974185,0.16155106,0.02455262,0.01242857,0.31558841,0.69059995,1.08496033
2.20610305,1.68477540,0.15278556,0.02454629,0.01230942,0.31433038,0.69283159,1.08486425
2.21210605,1.67614505,0.14486208,0.02447383,0.01216912,0.31228755,0.69325003,1.08203764
2.21810905,1.66373493,0.13770042,0.02433562,0.01201148,0.30942940,0.69177958,1.07646023
2.22411206,1.64751790,0.13122361,0.02413357,0.01184058,0.30574534,0.68837949,1.06816560
2.23011506,1.62755985,0.12536047,0.02387107,0.01166057,0.30124570,0.68304689,1.05724292
2.23611806,1.60402080,0.12004747,0.02355283,0.01147566,0.29596192,0.67581861,1.04383696
2.24212106,1.57715275,0.11523013,0.02318478,0.01128992,0.28994602,0.66677200,1.02814648
2.24812406,1.54729442,0.11086373,0.02277385,0.01110722,0.28326915,0.65602445,1.01042097
2.25412706,1.51486316,0.10691359,0.02232778,0.01093109,0.27601964,0.64373179,0.99095591
2.26013007,1.48034452,0.10335490,0.02185489,0.01076460,0.26830034,0.63008564,0.97008677
2.26613307,1.44427987,0.10017217,0.02136386,0.01061033,0.26022558,0.61530961,0.94818192
2.27213607,1.40725269,0.09735849,0.02086348,0.01047027,0.25191793,0.59965475,0.92563484
2.27813907,1.36987423,0.09491450,0.02036247,0.01034579,0.24350469,0.58339413,0.90285584
2.28414207,1.33276884,0.09284741,0.01986923,0.01023764,0.23511456,0.56681692,0.88026358
2.29014507,1.29655973,0.09116984,0.01939170,0.01014597,0.22687444,0.55022197,0.85827664
2.29614807,1.26185553,0.08989872,0.01893719,0.01007034,0.21890649,0.53391124,0.83730544
2.30215108,1.22923787,0.08905429,0.01851224,0.01000987,0.21132561,0.51818308,0.81774457
2.30815408,1.19925044,0.08865906,0.01812256,0.00996326,0.20423739,0.50332557,0.79996570
2.31415708,1.17238949,0.08873683,0.01777293,0.00992895,0.19773647,0.48961018,0.78431117
2.32016008,1.14909583,0.08931178,0.01746722,0.00990523,0.19190545,0.47728568,0.77108827
2.32616308,1.12974839,0.09040751,0.01720831,0.00989036,0.18681414,0.46657258,0.76056419
2.33216608,1.11465907,0.09204611,0.01699822,0.00988269,0.18251931,0.45765814,0.75296161
2.33816908,1.10406890,0.09424711,0.01683804,0.00988079,0.17906468,0.45069207,0.74845497
2.34417209,1.09814524,0.09702641,0.01672807,0.00988351,0.17648121,0.44578308,0.74716729
2.35017509,1.09697990,0.10039517,0.01666786,0.00989007,0.17478752,0.44299615,0.74916764
2.35617809,1.10058816,0.10435860,0.01665629,0.00990010,0.17399048,0.44235094,0.75446915
2.36218109,1.10890854,0.10891472,0.01669165,0.00991363,0.17408573,0.44382106,0.76302777
2.36818409,1.12180332,0.11405320,0.01677175,0.00993109,0.17505831,0.44733453,0.77474168
2.37418709,1.13905991,0.11975421,0.01689396,0.00995324,0.17688315,0.45277527,0.78945165
2.38019010,1.16039317,0.12598749,0.01705530,0.00998111,0.17952554,0.45998575,0.80694222
2.38619310,1.18544865,0.13271160,0.01725251,0.01001592,0.18294159,0.46877067,0.82694405
2.39219610,1.21380710,0.13987347,0.01748211,0.01005893,0.18707855,0.47890176,0.84913738
2.39819910,1.24499020,0.14740836,0.01774042,0.01011138,0.19187519,0.49012348,0.87315676
2.40420210,1.27846757,0.15524022,0.01802363,0.01017434,0.19726221,0.50215942,0.89859700
2.41020510,1.31366521,0.16328250,0.01832781,0.01024862,0.20316262,0.51471952,0.92502031
2.41620810,1.34997522,0.17143945,0.01864897,0.01033467,0.20949236,0.52750746,0.95196467
2.42221111,1.38676665,0.17960786,0.01898301,0.01043253,0.21616089,0.54022841,0.97895298
2.42821411,1.42339734,0.18767921,0.01932581,0.01054176,0.22307208,0.55259654,1.00550311
2.43421711,1.45922641,0.19554220,0.01967317,0.01066143,0.23012515,0.56434222,1.03113821
2.44022011,1.49362707,0.20308546,0.02002089,0.01079014,0.23721590,0.57521861,1.05539726
2.44622311,1.52599934,0.21020051,0.02036473,0.01092603,0.24423806,0.58500739,1.07784531
2.45222611,1.55578230,0.21678462,0.02070042,0.01106685,0.25108477,0.59352334,1.09808310
2.45822911,1.58246542,0.22274365,0.02102371,0.01121005,0.25765027,0.60061787,1.11575580
2.46423212,1.60559867,0.22799467,0.02133036,0.01135285,0.26383164,0.60618110,1.13056048
2.47023512,1.62480101,0.23246817,0.02161618,0.01149238,0.26953064,0.61014272,1.14225207
2.47623812,1.63976704,0.23610993,0.02187705,0.01162580,0.27465554,0.61247148,1.15064771
2.48224112,1.65027177,0.23888234,0.02210893,0.01175038,0.27912292,0.61317351,1.15562934
2.48824412,1.65617325,0.24076519,0.02230800,0.01186365,0.28285950,0.61228959,1.15714450
2.49424712,1.65741326,0.24175596,0.02247059,0.01196352,0.28580371,0.60989158,1.15520542
2.50025013,1.65401617,0.24186951,0.02259335,0.01204835,0.28790724,0.60607817,1.14988662
2.50625313,1.64608605,0.24113732,0.02267327,0.01211704,0.28913636,0.60097036,1.14132106
2.51225613,1.63380244,0.23960631,0.02270777,0.01216913,0.28947297,0.59470666,1.12969524
2.51825913,1.61741500,0.23733732,0.02269480,0.01220481,0.28891548,0.58743852,1.11524346
2.52426213,1.59723730,0.23440332,0.02263293,0.01222496,0.28747937,0.57932600,1.09824151
2.53026513,1.57364016,0.23088749,0.02252143,0.01223118,0.28519745,0.57053389,1.07900009
2.53626813,1.54704471,0.22688122,0.02236038,0.01222577,0.28211984,0.56122851,1.05785829
2.54227114,1.51791550,0.22248221,0.02215074,0.01221168,0.27831361,0.55157506,1.03517715
2.54827414,1.48675367,0.21779251,0.02189442,0.01219252,0.27386209,0.54173582,1.01133372
2.55427714,1.45409053,0.21291688,0.02159437,0.01217246,0.26886388,0.53186887,0.98671558
2.56028014,1.42048139,0.20796120,0.02125455,0.01215616,0.26343151,0.52212754,0.96171595
2.56628314,1.38649978,0.20303112,0.02088005,0.01214870,0.25768986,0.51266034,0.93672936
2.57228614,1.35273199,0.19823091,0.02047696,0.01215546,0.25177426,0.50361132,0.91214796
2.57828914,1.31977175,0.19366245,0.02005242,0.01218204,0.24582834,0.49512066,0.88835830
2.58429215,1.28821512,0.18942435,0.01961451,0.01223410,0.24000171,0.48732550,0.86573852
2.59029515,1.25865536,0.18561121,0.01917214,0.01231729,0.23444746,0.48036067,0.84465590
2.59629815,1.23167766,0.18231298,0.01873495,0.01243710,0.22931952,0.47435946,0.82546455
2.60230115,1.20785371,0.17961421,0.01831311,0.01259873,0.22476997,0.46945400,0.80850322
2.60830415,1.18773600,0.17759355,0.01791717,0.01280695,0.22094632,0.46577555,0.79409305
2.61430715,1.17185174,0.17632304,0.01755784,0.01306602,0.21798886,0.46345424,0.78253523
2.62031016,1.16069651,0.17586751,0.01724577,0.01337955,0.21602801,0.46261853,0.77410843
2.62631316,1.15472747,0.17628395,0.01699133,0.01375040,0.21518191,0.46339416,0.76906598
2.63231616,1.15435635,0.17762094,0.01680436,0.01418057,0.21555406,0.46590268,0.76763276
2.63831916,1.15994217,0.17991801,0.01669394,0.01467117,0.21723120,0.47025945,0.77000181
2.64432216,1.17178372,0.18320518,0.01666820,0.01522228,0.22028143,0.47657130,0.77633064
2.65032516,1.19011206,0.18750250,0.01673402,0.01583297,0.22475257,0.48493366,0.78673726
2.65632816,1.21508303,0.19281972,0.01689691,0.01650124,0.23067071,0.49542740,0.80129608
2.66233117,1.24677000,0.19915607,0.01716079,0.01722403,0.23803906,0.50811521,0.82003365
2.66833417,1.28515687,0.20650012,0.01752783,0.01799717,0.24683713,0.52303791,0.84292437
2.67433717,1.33013175,0.21482980,0.01799831,0.01881547,0.25702007,0.54021041,0.86988644
2.68034017,1.38148136,0.22411253,0.01857052,0.01967271,0.26851843,0.55961772,0.90077800
2.68634317,1.43888644,0.23430537,0.01924070,0.02056170,0.28123810,0.58121108,0.93539381
2.69234617,1.50191851,0.24535534,0.02000295,0.02147432,0.29506073,0.60490429,0.97346264
2.69834917,1.57003828,0.25719972,0.02084929,0.02240164,0.30984439,0.63057055,1.01464556
2.70435218,1.64259592,0.26976646,0.02176964,0.02333395,0.32542467,0.65803998,1.05853551
2.71035518,1.71883379,0.28297458,0.02275195,0.02426087,0.34161629,0.68709801,1.10465828
2.71635818,1.79789165,0.29673465,0.02378228,0.02517149,0.35821507,0.71748493,1.15247515
2.72236118,1.87881481,0.31094935,0.02484503,0.02605443,0.37500045,0.74889674,1.20138755
2.72836418,1.96056543,0.32551398,0.02592316,0.02689802,0.39173856,0.78098752,1.25074368
2.73436718,2.04203698,0.34031721,0.02699847,0.02769043,0.40818582,0.81337346,1.29984742
2.74037019,2.12207192,0.35524189,0.02805194,0.02841987,0.42409294,0.84563856,1.34796934
2.74637319,2.19948240,0.37016594,0.02906412,0.02907472,0.43920957,0.87734206,1.39435981
2.75237619,2.27307368,0.38496348,0.03001558,0.02964380,0.45328917,0.90802751,1.43826405
2.75837919,2.34166972,0.39950608,0.03088735,0.03011656,0.46609427,0.93723317,1.47893862
2.76438219,2.40414028,0.41366418,0.03166139,0.03048328,0.47740185,0.96450370,1.51566913
2.77038519,2.45942870,0.42730867,0.03232110,0.03073536,0.48700869,0.98940248,1.54778842
2.77638819,2.50657938,0.44031252,0.03285177,0.03086554,0.49473662,1.01152444,1.57469467
2.78239120,2.54476400,0.45255252,0.03324105,0.03086806,0.50043729,1.03050861,1.59586873
2.78839420,2.57330529,0.46391106,0.03347929,0.03073895,0.50399648,1.04605013,1.61089002
2.79439720,2.59169747,0.47427778,0.03355994,0.03047615,0.50533754,1.05791098,1.61945012
2.80040020,2.59962225,0.48355114,0.03347971,0.03007963,0.50442405,1.06592909,1.62136363
2.80640320,2.59695975,0.49163986,0.03323881,0.02955148,0.50126132,1.07002529,1.61657555
2.81240620,2.58379366,0.49846407,0.03284090,0.02889596,0.49589678,1.07020777,1.60516490
2.81840920,2.56041017,0.50395626,0.03229310,0.02811943,0.48841918,1.06657373,1.58734422
2.82441221,2.52729084,0.50806196,0.03160576,0.02723026,0.47895657,1.05930814,1.56345484
2.83041521,2.48509930,0.51074012,0.03079221,0.02623868,0.46767308,1.04867951,1.53395815
2.83641821,2.43466239,0.51196329,0.02986837,0.02515653,0.45476473,1.03503286,1.49942292
2.84242121,2.37694645,0.51171753,0.02885227,0.02399703,0.44045425,1.01878002,1.46050930
2.84842421,2.31302947,0.51000223,0.02776354,0.02277446,0.42498517,1.00038767,1.41794996
2.85442721,2.24407053,0.50682973,0.02662286,0.02150379,0.40861545,0.98036361,1.37252917
2.86043022,2.17127732,0.50222494,0.02545131,0.02020037,0.39161074,0.95924164,1.32506056
2.86643322,2.09587327,0.49622492,0.02426982,0.01887952,0.37423765,0.93756583,1.27636442
2.87243622,2.01906545,0.48887845,0.02309858,0.01755622,0.35675719,0.91587458,1.22724538
2.87843922,1.94201427,0.48024570,0.02195654,0.01624480,0.33941859,0.89468527,1.17847130
2.88444222,1.86580629,0.47039790,0.02086089,0.01495858,0.32245382,0.87447993,1.13075414
2.89044522,1.79143073,0.45941708,0.01982673,0.01370971,0.30607280,0.85569261,1.08473337
2.89644822,1.71976065,0.44739578,0.01886675,0.01250890,0.29045960,0.83869878,1.04096260
2.90245123,1.65153907,0.43443679,0.01799100,0.01136535,0.27576964,0.82380721,0.99989966
2.90845423,1.58737039,0.42065278,0.01720682,0.01028661,0.26212791,0.81125458,0.96190045
2.91445723,1.52771712,0.40616578,0.01651884,0.00927860,0.24962833,0.80120298,0.92721669
2.92046023,1.47290168,0.39110655,0.01592901,0.00834558,0.23833410,0.79374020,0.89599725
2.92646323,1.42311290,0.37561369,0.01543683,0.00749030,0.22827901,0.78888293,0.86829317
2.93246623,1.37841663,0.35983245,0.01503954,0.00671404,0.21946958,0.78658233,0.84406562
2.93846923,1.33876967,0.34391335,0.01473246,0.00601679,0.21188795,0.78673187,0.82319665
2.94447224,1.30403626,0.32801043,0.01450931,0.00539739,0.20549524,0.78917681,0.80550184
2.95047524,1.27400612,0.31227927,0.01436256,0.00485375,0.20023534,0.79372483,0.79074442
2.95647824,1.24841311,0.29687474,0.01428385,0.00438299,0.19603878,0.80015719,0.77865001
2.96248124,1.22695353,0.28194855,0.01426429,0.00398163,0.19282666,0.80823979,0.76892136
2.96848424,1.20930330,0.26764663,0.01429486,0.00364577,0.19051433,0.81773352,0.76125232
2.97448724,1.19513296,0.25410642,0.01436671,0.00337123,0.18901477,0.82840332,0.75534052
2.98049025,1.18412015,0.24145415,0.01447138,0.00315368,0.18824144,0.84002540,0.75089820
2.98649325,1.17595886,0.22980214,0.01460107,0.00298875,0.18811057,0.85239236,0.74766065
2.99249625,1.17036535,0.21924633,0.01474871,0.00287211,0.18854280,0.86531588,0.74539227
2.99849925,1.16708050,0.20986390,0.01490814,0.00279955,0.18946419,0.87862689,0.74388979
3.00450225,1.16586899,0.20171134,0.01507406,0.00276698,0.19080652,0.89217351,0.74298299
3.01050525,1.16651548,0.19482281,0.01524205,0.00277047,0.19250709,0.90581676,0.74253293
3.01650825,1.16881852,0.18920899,0.01540848,0.00280625,0.19450800,0.91942472,0.74242818
3.02251126,1.17258278,0.18485650,0.01557046,0.00287069,0.19675504,0.93286559,0.74257929
3.02851426,1.17761060,0.18172785,0.01572565,0.00296030,0.19919648,0.94600034,0.74291241
3.03451726,1.18369362,0.17976209,0.01587215,0.00307168,0.20178164,0.95867564,0.74336228
3.04052026,1.19060539,0.17887608,0.01600839,0.00320153,0.20445977,0.97071788,0.74386552
3.04652326,1.19809580,0.17896647,0.01613301,0.00334663,0.20717898,0.98192881,0.74435459
3.05252626,1.20588799,0.17991232,0.01624472,0.00350382,0.20988566,0.99208342,0.74475311
3.05852926,1.21367821,0.18157836,0.01634227,0.00367004,0.21252430,1.00093051,0.74497274
3.06453227,1.22113889,0.18381883,0.01642441,0.00384231,0.21503785,1.00819609,0.74491217
3.07053527,1.22792500,0.18648168,0.01648988,0.00401782,0.21736854,1.01358964,0.74445797
3.07653827,1.23368335,0.18941328,0.01653742,0.00419392,0.21945921,1.01681305,0.74348764
3.08254127,1.23806454,0.19246320,0.01656585,0.00436818,0.22125507,1.01757187,0.74187430
3.08854427,1.24073676,0.19548905,0.01657412,0.00453849,0.22270566,1.01558815,0.73949297
3.09454727,1.24140061,0.19836126,0.01656138,0.00470309,0.22376704,1.01061434,0.73622778
3.10055028,1.23980414,0.20096747,0.01652710,0.00486062,0.22440399,1.00244720,0.73197969
3.10655328,1.23575707,0.20321650,0.01647111,0.00501022,0.22459200,0.99094103,0.72667412
3.11255628,1.22914324,0.20504169,0.01639365,0.00515152,0.22431901,0.97601932,0.72026798
3.11855928,1.21993058,0.20640347,0.01629542,0.00528475,0.22358676,0.95768401,0.71275546
3.12456228,1.20817789,0.20729105,0.01617756,0.00541068,0.22241154,0.93602180,0.70417241
3.13056528,1.19403793,0.20772327,0.01604166,0.00553068,0.22082449,0.91120694,0.69459867
3.13656828,1.17775671,0.20774841,0.01588969,0.00564669,0.21887116,0.88350038,0.68415851
3.14257129,1.15966881,0.20744308,0.01572392,0.00576121,0.21661059,0.85324509,0.67301881
3.14857429,1.14018918,0.20691030,0.01554684,0.00587721,0.21411386,0.82085777,0.66138543
3.15457729,1.11980165,0.20627662,0.01536107,0.00599812,0.21146209,0.78681733,0.64949759
3.16058029,1.09904481,0.20568867,0.01516924,0.00612776,0.20874425,0.75165063,0.63762091
3.16658329,1.07849607,0.20530900,0.01497392,0.00627020,0.20605460,0.71591623,0.62603933
3.17258629,1.05875438,0.20531153,0.01477754,0.00642976,0.20349013,0.68018682,0.61504629
3.17858929,1.04042271,0.20587663,0.01458232,0.00661086,0.20114794,0.64503119,0.60493578
3.18459230,1.02409068,0.20718602,0.01439026,0.00681793,0.19912277,0.61099656,0.59599344
3.19059530,1.01031815,0.20941752,0.01420315,0.00705537,0.19750468,0.57859204,0.58848828
3.19659830,0.99962015,0.21273992,0.01402254,0.00732738,0.19637698,0.54827376,0.58266508
3.20260130,0.99245364,0.21730782,0.01384983,0.00763794,0.19581440,0.52043245,0.57873794
3.20860430,0.98920610,0.22325680,0.01368633,0.00799067,0.19588154,0.49538368,0.57688484
3.21460730,0.99018635,0.23069874,0.01353329,0.00838877,0.19663154,0.47336115,0.57724349
3.22061031,0.99561725,0.23971756,0.01339199,0.00883490,0.19810500,0.45451314,0.57990828
3.22661331,1.00563050,0.25036529,0.01326376,0.00933111,0.20032905,0.43890198,0.58492836
3.23261631,1.02026325,0.26265876,0.01315006,0.00987878,0.20331653,0.42650661,0.59230672
3.23861931,1.03945638,0.27657673,0.01305246,0.01047847,0.20706539,0.41722769,0.60200018
3.24462231,1.06305453,0.29205780,0.01297263,0.01112987,0.21155812,0.41089518,0.61392014
3.25062531,1.09080749,0.30899912,0.01291227,0.01183175,0.21676132,0.40727770,0.62793406
3.25662831,1.12237328,0.32725600,0.01287309,0.01258182,0.22262550,0.40609350,0.64386758
3.26263132,1.15732270,0.34664257,0.01285664,0.01337675,0.22908500,0.40702225,0.66150722
3.26863432,1.19514557,0.36693357,0.01286426,0.01421210,0.23605824,0.40971746,0.68060380
3.27463732,1.23525873,0.38786742,0.01289690,0.01508232,0.24344835,0.41381888,0.70087637
3.28064032,1.27701584,0.40915052,0.01295504,0.01598076,0.25114415,0.41896451,0.72201696
3.28664332,1.31971917,0.43046284,0.01303857,0.01689973,0.25902171,0.42480193,0.74369602
3.29264632,1.36263327,0.45146477,0.01314668,0.01783059,0.26694644,0.43099844,0.76556848
3.29864932,1.40500048,0.47180504,0.01327783,0.01876390,0.27477564,0.43724996,0.78728070
3.30465233,1.44605804,0.49112958,0.01342972,0.01968956,0.28236175,0.44328832,0.80847795
3.31065533,1.48505648,0.50909106,0.01359931,0.02059704,0.28955600,0.44888693,0.82881241
3.31665833,1.52127884,0.52535875,0.01378289,0.02147561,0.29621248,0.45386462,0.84795156
3.32266133,1.55405999,0.53962843,0.01397621,0.02231462,0.30219246,0.45808780,0.86558662
3.32866433,1.58280559,0.55163190,0.01417459,0.02310375,0.30736890,0.46147089,0.88144082
3.33466733,1.60700974,0.56114562,0.01437312,0.02383334,0.31163077,0.46397513,0.89527716
3.34067034,1.62627060,0.56799829,0.01456686,0.02449463,0.31488716,0.46560600,0.90690531
3.34667334,1.64030333,0.57207678,0.01475104,0.02508007,0.31707086,0.46640938,0.91618738
3.35267634,1.64894952,0.57333022,0.01492128,0.02558349,0.31814130,0.46646671,0.92304215
3.35867934,1.65218276,0.57177209,0.01507374,0.02600035,0.31808657,0.46588945,0.92744771
3.36468234,1.65010980,0.56748002,0.01520534,0.02632783,0.31692453,0.46481307,0.92944205
3.37068534,1.64296730,0.56059342,0.01531387,0.02656492,0.31470274,0.46339089,0.92912187
3.37668834,1.63111410,0.55130889,0.01539806,0.02671243,0.31149739,0.46178795,0.92663924
3.38269135,1.61501928,0.53987373,0.01545766,0.02677294,0.30741104,0.46017537,0.92219659
3.38869435,1.59524660,0.52657775,0.01549339,0.02675069,0.30256938,0.45872509,0.91603985
3.39469735,1.57243582,0.51174374,0.01550695,0.02665138,0.29711710,0.45760549,0.90845042
3.40070035,1.54728190,0.49571709,0.01550086,0.02648200,0.29121301,0.45697777,0.89973595
3.40670335,1.52051275,0.47885498,0.01547837,0.02625050,0.28502476,0.45699324,0.89022063
3.41270635,1.49286678,0.46151562,0.01544330,0.02596559,0.27872313,0.45779150,0.88023522
3.41870935,1.46507093,0.44404804,0.01539983,0.02563635,0.27247648,0.45949947,0.87010732
3.42471236,1.43782033,0.42678277,0.01535239,0.02527205,0.26644534,0.46223109,0.86015224
3.43071536,1.41176009,0.41002394,0.01530541,0.02488177,0.26077747,0.46608767,0.85066483
3.43671836,1.38747019,0.39404284,0.01526318,0.02447425,0.25560361,0.47115848,0.84191257
3.44272136,1.36545363,0.37907330,0.01522975,0.02405759,0.25103407,0.47752168,0.83413005
3.44872436,1.34612834,0.36530898,0.01520879,0.02363914,0.24715628,0.48524509,0.82751500
3.45472736,1.32982278,0.35290243,0.01520349,0.02322536,0.24403335,0.49438689,0.82222597
3.46073037,1.31677521,0.34196594,0.01521661,0.02282177,0.24170367,0.50499588,0.81838142
3.46673337,1.30713631,0.33257387,0.01525041,0.02243289,0.24018154,0.51711148,0.81606034
3.47273637,1.30097470,0.32476631,0.01530672,0.02206227,0.23945873,0.53076306,0.81530404
3.47873937,1.29828494,0.31855366,0.01538702,0.02171257,0.23950682,0.54596902,0.81611900
3.48474237,1.29899722,0.31392184,0.01549250,0.02138564,0.24028019,0.56273537,0.81848049
3.49074537,1.30298831,0.31083770,0.01562423,0.02108262,0.24171950,0.58105412,0.82233677
3.49674837,1.31009301,0.30925435,0.01578322,0.02080407,0.24375546,0.60090154,0.82761353
3.50275138,1.32011544,0.30911603,0.01597053,0.02055012,0.24631261,0.62223652,0.83421846
3.50875438,1.33283987,0.31036231,0.01618744,0.02032062,0.24931306,0.64499918,0.84204570
3.51475738,1.34804026,0.31293129,0.01643543,0.02011523,0.25267996,0.66910991,0.85097995
3.52076038,1.36548856,0.31676180,0.01671630,0.01993362,0.25634046,0.69446899,0.86090025
3.52676338,1.38496116,0.32179436,0.01703217,0.01977550,0.26022825,0.72095686,0.87168319
3.53276638,1.40624355,0.32797102,0.01738543,0.01964077,0.26428534,0.74843511,0.88320557
3.53876938,1.42913309,0.33523420,0.01777871,0.01952960,0.26846327,0.77674816,0.89534650
3.54477239,1.45343998,0.34352453,0.01821478,0.01944245,0.27272359,0.80572562,0.90798888
3.55077539,1.47898652,0.35277798,0.01869639,0.01938014,0.27703766,0.83518508,0.92102035
3.55677839,1.50560505,0.36292263,0.01922618,0.01934388,0.28138592,0.86493542,0.93433377
3.56278139,1.53313472,0.37387518,0.01980642,0.01933522,0.28575656,0.89478018,0.94782723
3.56878439,1.56141755,0.38553770,0.02043891,0.01935607,0.29014384,0.92452114,0.96140374
3.57478739,1.59029420,0.39779471,0.02112473,0.01940867,0.29454613,0.95396163,0.97497076
3.58079040,1.61959967,0.41051111,0.02186414,0.01949550,0.29896376,0.98290969,0.98843954
3.58679340,1.64915961,0.42353101,0.02265637,0.01961923,0.30339695,1.01118089,1.00172449
3.59279640,1.67878734,0.43667766,0.02349956,0.01978261,0.30784375,1.03860071,1.01474265
3.59879940,1.70828201,0.44975474,0.02439065,0.01998842,0.31229835,1.06500652,1.02741336
3.60480240,1.73742809,0.46254887,0.02532538,0.02023929,0.31674959,1.09024929,1.03965826
3.61080540,1.76599639,0.47483348,0.02629830,0.02053763,0.32118003,1.11419487,1.05140153
3.61680840,1.79374656,0.48637372,0.02730288,0.02088549,0.32556535,1.13672512,1.06257062
3.62281141,1.82043107,0.49693241,0.02833157,0.02128442,0.32987437,1.15773892,1.07309731
3.62881441,1.84580053,0.50627672,0.02937603,0.02173534,0.33406941,1.17715305,1.08291902
3.63481741,1.86960997,0.51418513,0.03042732,0.02223844,0.33810720,1.19490321,1.09198051
3.64082041,1.89162594,0.52045458,0.03147612,0.02279304,0.34194010,1.21094490,1.10023563
3.64682341,1.91163383,0.52490730,0.03251298,0.02339751,0.34551764,1.22525447,1.10764918
3.65282641,1.92944513,0.52739696,0.03352860,0.02404918,0.34878824,1.23783004,1.11419860
3.65882941,1.94490420,0.52781392,0.03451406,0.02474430,0.35170108,1.24869241,1.11987552
3.66483242,1.95789404,0.52608930,0.03546102,0.02547801,0.35420790,1.25788570,1.12468686
3.67083542,1.96834098,0.52219760,0.03636197,0.02624435,0.35626482,1.26547774,1.12865558
3.67683842,1.97621782,0.51615776,0.03721038,0.02703634,0.35783386,1.27156009,1.13182089
3.68284142,1.98154536,0.50803273,0.03800079,0.02784603,0.35888434,1.27624748,1.13423793
3.68884442,1.98439243,0.49792742,0.03872892,0.02866467,0.35939397,1.27967686,1.13597696
3.69484742,1.98487422,0.48598525,0.03939172,0.02948286,0.35934963,1.28200573,1.13712216
3.70085043,1.98314940,0.47238346,0.03998728,0.03029081,0.35874790,1.28341001,1.13777001
3.70685343,1.97941597,0.45732742,0.04051487,0.03107853,0.35759526,1.28408141,1.13802749
3.71285643,1.97390639,0.44104428,0.04097481,0.03183618,0.35590808,1.28422430,1.13801018
3.71885943,1.96688206,0.42377615,0.04136835,0.03255430,0.35371231,1.28405227,1.13784035
3.72486243,1.95862755,0.40577324,0.04169756,0.03322417,0.35104309,1.28378440,1.13764515
3.73086543,1.94944483,0.38728714,0.04196519,0.03383809,0.34794410,1.28364138,1.13755490
3.73686843,1.93964759,0.36856465,0.04217449,0.03438966,0.34446677,1.28384151,1.13770158
3.74287144,1.92955571,0.34984223,0.04232910,0.03487402,0.34066946,1.28459669,1.13821736
3.74887444,1.91948997,0.33134125,0.04243288,0.03528806,0.33661637,1.28610827,1.13923313
3.75487744,1.90976691,0.31326428,0.04248980,0.03563057,0.33237650,1.28856306,1.14087698
3.76088044,1.90069365,0.29579227,0.04250376,0.03590227,0.32802227,1.29212915,1.14327229
3.76688344,1.89256257,0.27908275,0.04247857,0.03610579,0.32362820,1.29695179,1.14653553
3.77288644,1.88564570,0.26326893,0.04241774,0.03624560,0.31926931,1.30314928,1.15077345
3.77888944,1.88018877,0.24845958,0.04232447,0.03632779,0.31501942,1.31080882,1.15607972
3.78489245,1.87640483,0.23473960,0.04220155,0.03635980,0.31094934,1.31998258,1.16253097
3.79089545,1.87446756,0.22217116,0.04205129,0.03635011,0.30712500,1.33068392,1.17018233
3.79689845,1.87450448,0.21079513,0.04187546,0.03630779,0.30360550,1.34288417,1.17906263
3.80290145,1.87659032,0.20063285,0.04167529,0.03624213,0.30044128,1.35651009,1.18916950
3.80890445,1.88074099,0.19168800,0.04145141,0.03616216,0.29767240,1.37144227,1.20046483
3.81490745,1.88690870,0.18394839,0.04120389,0.03607622,0.29532708,1.38751493,1.21287077
3.82091046,1.89497865,0.17738785,0.04093223,0.03599158,0.29342060,1.40451722,1.22626694
3.82691346,1.90476788,0.17196792,0.04063543,0.03591409,0.29195464,1.42219645,1.24048904
3.83291646,1.91602677,0.16763939,0.04031209,0.03584789,0.29091716,1.44026327,1.25532941
3.83891946,1.92844351,0.16434383,0.03996044,0.03579532,0.29028287,1.45839908,1.27053975
3.84492246,1.94165172,0.16201489,0.03957857,0.03575676,0.29001430,1.47626544,1.28583611
3.85092546,1.95524133,0.16057967,0.03916448,0.03573078,0.29006350,1.49351533,1.30090634
3.85692846,1.96877235,0.15995992,0.03871635,0.03571421,0.29037427,1.50980605,1.31541975
3.86293147,1.98179136,0.16007340,0.03823265,0.03570246,0.29088491,1.52481300,1.32903867
3.86893447,1.99384972,0.16083522,0.03771237,0.03568983,0.29153118,1.53824403,1.34143159
3.87493747,2.00452306,0.16215924,0.03715518,0.03566994,0.29224962,1.54985334,1.35228712
3.88094047,2.01343080,0.16395964,0.03656161,0.03563615,0.29298076,1.55945433,1.36132822
3.88694347,2.02025482,0.16615251,0.03593319,0.03558202,0.29367218,1.56693057,1.36832583
3.89294647,2.02475617,0.16865759,0.03527251,0.03550179,0.29428126,1.57224414,1.37311123
3.89894947,2.02678881,0.17139996,0.03458334,0.03539074,0.29477740,1.57544067,1.37558626
3.90495248,2.02630962,0.17431180,0.03387056,0.03524555,0.29514359,1.57665069,1.37573087
3.91095548,2.02338384,0.17733409,0.03314015,0.03506453,0.29537727,1.57608692,1.37360745
3.91695848,2.01818564,0.18041810,0.03239903,0.03484779,0.29549038,1.57403748,1.36936147
3.92296148,2.01099362,0.18352680,0.03165492,0.03459731,0.29550861,1.57085518,1.36321848
3.92896448,2.00218131,0.18663589,0.03091610,0.03431683,0.29546995,1.56694336,1.35547731
3.93496748,1.99220311,0.18973460,0.03019113,0.03401172,0.29542250,1.56273885,1.34649987
3.94097049,1.98157633,0.19282602,0.02948859,0.03368873,0.29542184,1.55869294,1.33669794
3.94697349,1.97086018,0.19592706,0.02881674,0.03335564,0.29552794,1.55525123,1.32651751
3.95297649,1.96063274,0.19906791,0.02818323,0.03302093,0.29580193,1.55283348,1.31642156
3.95897949,1.95146705,0.20229102,0.02759481,0.03269334,0.29630278,1.55181445,1.30687192
3.96498249,1.94390743,0.20564964,0.02705709,0.03238148,0.29708420,1.55250676,1.29831117
3.97098549,1.93844721,0.20920582,0.02657428,0.03209344,0.29819179,1.55514654,1.29114540
3.97698849,1.93550876,0.21302813,0.02614911,0.03183643,0.29966066,1.55988272,1.28572854
3.98299150,1.93542679,0.21718888,0.02578268,0.03161650,0.30151360,1.56677029,1.28234903
3.98899450,1.93843540,0.22176120,0.02547448,0.03143832,0.30375977,1.57576791,1.28121920
3.99499750,1.94465948,0.22681577,0.02522242,0.03130504,0.30639416,1.58673980,1.28246785
4.00100050,1.95411046,0.23241765,0.02502297,0.03121822,0.30939751,1.59946173,1.28613619
4.00700350,1.96668652,0.23862298,0.02487131,0.03117786,0.31273686,1.61363059,1.29217707
4.01300650,1.98217687,0.24547591,0.02476158,0.03118251,0.31636666,1.62887703,1.30045747
4.01900950,2.00026978,0.25300579,0.02468715,0.03122942,0.32023014,1.64478035,1.31076396
4.02501251,2.02056372,0.26122470,0.02464089,0.03131473,0.32426113,1.66088480,1.32281066
4.03101551,2.04258110,0.27012549,0.02461552,0.03143379,0.32838601,1.67671658,1.33624927
4.03701851,2.06578371,0.27968042,0.02460384,0.03158138,0.33252575,1.69180055,1.35068074
4.04302151,2.08958941,0.28984044,0.02459907,0.03175201,0.33659808,1.70567615,1.36566790
4.04902451,2.11338928,0.30053519,0.02459512,0.03194020,0.34051948,1.71791173,1.38074871
4.05502751,2.13656474,0.31167382,0.02458677,0.03214075,0.34420722,1.72811702,1.39544953
4.06103052,2.15850409,0.32314647,0.02456987,0.03234892,0.34758117,1.73595331,1.40929803
4.06703352,2.17861818,0.33482662,0.02454149,0.03256068,0.35056553,1.74114127,1.42183555
4.07303652,2.19635480,0.34657404,0.02449998,0.03277279,0.35309043,1.74346647,1.43262841
4.07903952,2.21121172,0.35823843,0.02444501,0.03298294,0.35509336,1.74278262,1.44127815
4.08504252,2.22274810,0.36966357,0.02437754,0.03318975,0.35652049,1.73901282,1.44743053
4.09104552,2.23059430,0.38069178,0.02429980,0.03339276,0.35732790,1.73214907,1.45078319
4.09704852,2.23445996,0.39116872,0.02421514,0.03359237,0.35748268,1.72225043,1.45109195
4.10305153,2.23414033,0.40094815,0.02412789,0.03378974,0.35696387,1.70943991,1.44817573
4.10905453,2.22952080,0.40989664,0.02404323,0.03398659,0.35576329,1.69390059,1.44192005
4.11505753,2.22057958,0.41789790,0.02396696,0.03418505,0.35388622,1.67587097,1.43227918
4.12106053,2.20738840,0.42485672,0.02390529,0.03438743,0.35135173,1.65563984,1.41927685
4.12706353,2.19011127,0.43070214,0.02386463,0.03459595,0.34819292,1.63354057,1.40300555
4.13306653,2.16900109,0.43538996,0.02385134,0.03481251,0.34445666,1.60994504,1.38362444
4.13906953,2.14439419,0.43890428,0.02387155,0.03503842,0.34020311,1.58525696,1.36135574
4.14507254,2.11670261,0.44125803,0.02393084,0.03527417,0.33550472,1.55990472,1.33647982
4.15107554,2.08640443,0.44249259,0.02403413,0.03551919,0.33044486,1.53433362,1.30932878
4.15707854,2.05403194,0.44267625,0.02418540,0.03577168,0.32511600,1.50899740,1.28027879
4.16308154,2.02015811,0.44190190,0.02438758,0.03602846,0.31961750,1.48434925,1.24974120
4.16908454,1.98538152,0.44028366,0.02464233,0.03628490,0.31405300,1.46083218,1.21815258
4.17508754,1.95031016,0.43795289,0.02494998,0.03653488,0.30852755,1.43886897,1.18596397
4.18109055,1.91554450,0.43505362,0.02530939,0.03677086,0.30314449,1.41885190,1.15362956
4.18709355,1.88166043,0.43173752,0.02571794,0.03698402,0.29800226,1.40113246,1.12159510
4.19309655,1.84919265,0.42815873,0.02617150,0.03716444,0.29319128,1.38601141,1.09028637
4.19909955,1.81861898,0.42446876,0.02666444,0.03730140,0.28879088,1.37372951,1.06009820
4.20510255,1.79034628,0.42081148,0.02718975,0.03738368,0.28486663,1.36445931,1.03138416
4.21110555,1.76469851,0.41731872,0.02773909,0.03739997,0.28146806,1.35829831,1.00444756
4.21710855,1.74190741,0.41410628,0.02830297,0.03733929,0.27862686,1.35526394,0.97953387
4.22311156,1.72210618,0.41127079,0.02887095,0.03719138,0.27635573,1.35529063,0.95682499
4.22911456,1.70532653,0.40888741,0.02943185,0.03694715,0.27464795,1.35822914,0.93643552
4.23511756,1.69149920,0.40700841,0.02997397,0.03659908,0.27347762,1.36384848,0.91841122
4.24112056,1.68045801,0.40566268,0.03048541,0.03614155,0.27280068,1.37184038,0.90272977
4.24712356,1.67194749,0.40485624,0.03095435,0.03557115,0.27255657,1.38182635,0.88930384
4.25312656,1.66563364,0.40457360,0.03136930,0.03488688,0.27267066,1.39336729,0.87798631
4.25912956,1.66111771,0.40477992,0.03171951,0.03409029,0.27305714,1.40597531,0.86857764
4.26513257,1.65795239,0.40542386,0.03199517,0.03318550,0.27362240,1.41912756,0.86083497
4.27113557,1.65565996,0.40644101,0.03218779,0.03217915,0.27426882,1.43228172,0.85448282
4.27713857,1.65375171,0.40775771,0.03229041,0.03108027,0.27489865,1.44489247,0.84922486
4.28314157,1.65174792,0.40929506,0.03229792,0.02990003,0.27541797,1.45642875,0.84475648
4.28914457,1.64919780,0.41097311,0.03220722,0.02865148,0.27574057,1.46639085,0.84077761
4.29514757,1.64569850,0.41271484,0.03201746,0.02734919,0.27579150,1.47432709,0.83700533
4.30115058,1.64091256,0.41444999,0.03173012,0.02600888,0.27551023,1.47984918,0.83318584
4.30715358,1.63458319,0.41611850,0.03134914,0.02464703,0.27485331,1.48264587,0.82910531
4.31315658,1.62654661,0.41767345,0.03088090,0.02328045,0.27379631,1.48249435,0.82459912
4.31915958,1.61674116,0.41908345,0.03033420,0.02192597,0.27233512,1.47926876,0.81955928
4.32516258,1.60521256,0.42033440,0.02972017,0.02060001,0.27048641,1.47294563,0.81393947
4.33116558,1.59211530,0.42143062,0.02905206,0.01931831,0.26828739,1.46360592,0.80775769
4.33716858,1.57770982,0.42239523,0.02834501,0.01809564,0.26579467,1.45143342,0.80109633
4.34317159,1.56235572,0.42326995,0.02761576,0.01694555,0.26308245,1.43670971,0.79409948
4.34917459,1.54650099,0.42411424,0.02688226,0.01588023,0.26024009,1.41980559,0.78696774
4.35517759,1.53066775,0.42500384,0.02616327,0.01491036,0.25736901,1.40116943,0.77995053
4.36118059,1.51543491,0.42602877,0.02547790,0.01404498,0.25457922,1.38131274,0.77333628
4.36718359,1.50141829,0.42729092,0.02484511,0.01329147,0.25198550,1.36079345,0.76744078
4.37318659,1.48924896,0.42890113,0.02428320,0.01265550,0.24970339,1.34019763,0.76259415
4.37918959,1.47955048,0.43097602,0.02380933,0.01214099,0.24784518,1.32012012,0.75912685
4.38519260,1.47291591,0.43363444,0.02343899,0.01175017,0.24651604,1.30114491,0.75735543
4.39119560,1.46988526,0.43699374,0.02318554,0.01148352,0.24581031,1.28382597,0.75756832
4.39719860,1.47092440,0.44116585,0.02305981,0.01133985,0.24580831,1.26866910,0.76001248
4.40320160,1.47640595,0.44625323,0.02306970,0.01131632,0.24657351,1.25611560,0.76488124
4.40920460,1.48659298,0.45234486,0.02321994,0.01140845,0.24815033,1.24652824,0.77230390
4.41520760,1.50162609,0.45951215,0.02351181,0.01161022,0.25056260,1.24018000,0.78233758
4.42121061,1.52151432,0.46780509,0.02394311,0.01191414,0.25381264,1.23724596,0.79496153
4.42721361,1.54613031,0.47724861,0.02450809,0.01231130,0.25788111,1.23779864,0.81007430
4.43321661,1.57520991,0.48783931,0.02519756,0.01279156,0.26272744,1.24180684,0.82749385
4.43921961,1.60835624,0.49954277,0.02599907,0.01334367,0.26829103,1.24913794,0.84696066
4.44522261,1.64504831,0.51229145,0.02689723,0.01395547,0.27449297,1.25956367,0.86814370
4.45122561,1.68465368,0.52598345,0.02787406,0.01461414,0.28123833,1.27276889,0.89064922
4.45722861,1.72644505,0.54048229,0.02890946,0.01530644,0.28841887,1.28836311,0.91403191
4.46323162,1.76962005,0.55561765,0.02998177,0.01601901,0.29591612,1.30589430,0.93780802
4.46923462,1.81332370,0.57118743,0.03106830,0.01673874,0.30360466,1.32486438,0.96147013
4.47523762,1.85667263,0.58696090,0.03214600,0.01745303,0.31135557,1.34474580,0.98450272
4.48124062,1.89878043,0.60268317,0.03319206,0.01815022,0.31903980,1.36499861,1.00639827
4.48724362,1.93878295,0.61808074,0.03418456,0.01881986,0.32653154,1.38508732,1.02667292
4.49324662,1.97586294,0.63286806,0.03510303,0.01945305,0.33371132,1.40449701,1.04488140
4.49924962,2.00927291,0.64675494,0.03592905,0.02004275,0.34046880,1.42274800,1.06063040
4.50525263,2.03835554,0.65945446,0.03664670,0.02058397,0.34670519,1.43940876,1.07359005
4.51125563,2.06256082,0.67069123,0.03724302,0.02107397,0.35233527,1.45410636,1.08350295
4.51725863,2.08145943,0.68020944,0.03770828,0.02151238,0.35728884,1.46653453,1.09019057
4.52326163,2.09475183,0.68778060,0.03803624,0.02190122,0.36151175,1.47645877,1.09355666
4.52926463,2.10227294,0.69321048,0.03822424,0.02224483,0.36496641,1.48371882,1.09358778
4.53526763,2.10399225,0.69634491,0.03827321,0.02254979,0.36763177,1.48822823,1.09035093
4.54127064,2.10000954,0.69707437,0.03818757,0.02282470,0.36950290,1.48997146,1.08398847
4.54727364,2.09054655,0.69533689,0.03797501,0.02307990,0.37059018,1.48899873,1.07471066
4.55327664,2.07593511,0.69111943,0.03764618,0.02332715,0.37091816,1.48541896,1.06278619
4.55927964,2.05660220,0.68445745,0.03721432,0.02357923,0.37052416,1.47939132,1.04853127
4.56528264,2.03305285,0.67543290,0.03669480,0.02384948,0.36945664,1.47111578,1.03229759
4.57128564,2.00585149,0.66417070,0.03610457,0.02415140,0.36777356,1.46082319,1.01445990
4.57728864,1.97560258,0.65083390,0.03546166,0.02449812,0.36554055,1.44876535,0.99540352
4.58329165,1.94293127,0.63561778,0.03478458,0.02490193,0.36282917,1.43520545,0.97551242
4.58929465,1.90846482,0.61874331,0.03409176,0.02537380,0.35971515,1.42040927,0.95515812
4.59529765,1.87281524,0.60045008,0.03340098,0.02592294,0.35627673,1.40463728,0.93468992
4.60130065,1.83656383,0.58098932,0.03272886,0.02655636,0.35259302,1.38813801,0.91442654
4.60730365,1.80024785,0.56061694,0.03209039,0.02727852,0.34874249,1.37114260,0.89464947
4.61330665,1.76434953,0.53958723,0.03149849,0.02809100,0.34480148,1.35386067,0.87559799
4.61930965,1.72928770,0.51814713,0.03096372,0.02899229,0.34084285,1.33647731,0.85746605
4.62531266,1.69541179,0.49653145,0.03049395,0.02997758,0.33693456,1.31915124,0.84040063
4.63131566,1.66299838,0.47495889,0.03009427,0.03103874,0.33313847,1.30201381,0.82450180
4.63731866,1.63224991,0.45362911,0.02976683,0.03216433,0.32950901,1.28516882,0.80982409
4.64332166,1.60329553,0.43272071,0.02951095,0.03333974,0.32609206,1.26869288,0.79637897
4.64932466,1.57619364,0.41239001,0.02932312,0.03454742,0.32292382,1.25263624,0.78413845
4.65532766,1.55093615,0.39277064,0.02919727,0.03576730,0.32002983,1.23702390,0.77303938
4.66133067,1.52745400,0.37397371,0.02912502,0.03697719,0.31742417,1.22185702,0.76298831
4.66733367,1.50562386,0.35608849,0.02909598,0.03815337,0.31510883,1.20711447,0.75386689
4.67333667,1.48527574,0.33918348,0.02909822,0.03927129,0.31307335,1.19275462,0.74553743
4.67933967,1.46620144,0.32330778,0.02911860,0.04030624,0.31129486,1.17871745,0.73784867
4.68534267,1.44816359,0.30849256,0.02914335,0.04123412,0.30973843,1.16492685,0.73064157
4.69134567,1.43090523,0.29475279,0.02915845,0.04203231,0.30835784,1.15129346,0.72375506
4.69734867,1.41415974,0.28208900,0.02915015,0.04268040,0.30709687,1.13771788,0.71703158
4.70335168,1.39766094,0.27048910,0.02910539,0.04316093,0.30589100,1.12409446,0.71032246
4.70935468,1.38115329,0.25993036,0.02901226,0.04346013,0.30466954,1.11031558,0.70349296
4.71535768,1.36440190,0.25038135,0.02886029,0.04356846,0.30335823,1.09627648,0.69642687
4.72136068,1.34720207,0.24180406,0.02864087,0.04348110,0.30188216,1.08188049,0.68903069
4.72736368,1.32938822,0.23415596,0.02834738,0.04319822,0.30016885,1.06704449,0.68123712
4.73336668,1.31084185,0.22739216,0.02797544,0.04272516,0.29815159,1.05170453,0.67300789
4.73936968,1.29149812,0.22146748,0.02752298,0.04207236,0.29577265,1.03582120,0.66433576
4.74537269,1.27135094,0.21633842,0.02699026,0.04125518,0.29298647,1.01938451,0.65524559
4.75137569,1.25045610,0.21196497,0.02637982,0.04029352,0.28976240,1.00241811,0.64579436
4.75737869,1.22893223,0.20831209,0.02569637,0.03921127,0.28608712,0.98498232,0.63607013
4.76338169,1.20695950,0.20535089,0.02494658,0.03803561,0.28196638,0.96717586,0.62618983
4.76938469,1.18477575,0.20305926,0.02413888,0.03679629,0.27742614,0.94913592,0.61629591
4.77538769,1.16267026,0.20142203,0.02328317,0.03552472,0.27251280,0.93103656,0.60655191
4.78139070,1.14097502,0.20043054,0.02239050,0.03425310,0.26729275,0.91308511,0.59713690
4.78739370,1.12005395,0.20008163,0.02147276,0.03301348,0.26185091,0.89551684,0.58823923
4.79339670,1.10029022,0.20037606,0.02054230,0.03183691,0.25628858,0.87858781,0.58004936
4.79939970,1.08207215,0.20131648,0.01961165,0.03075256,0.25072043,0.86256624,0.57275249
4.80540270,1.06577833,0.20290494,0.01869316,0.02978704,0.24527089,0.84772264,0.56652082
4.81140570,1.05176238,0.20514027,0.01779866,0.02896372,0.24006999,0.83431917,0.56150610
4.81740870,1.04033814,0.20801526,0.01693926,0.02830222,0.23524887,0.82259864,0.55783263
4.82341171,1.03176590,0.21151404,0.01612501,0.02781803,0.23093510,0.81277373,0.55559098
4.82941471,1.02624027,0.21560972,0.01536477,0.02752228,0.22724801,0.80501688,0.55483295
4.83541771,1.02388028,0.22026244,0.01466600,0.02742155,0.22429423,0.79945136,0.55556779
4.84142071,1.02472217,0.22541818,0.01403463,0.02751797,0.22216366,0.79614412,0.55776005
4.84742371,1.02871529,0.23100818,0.01347502,0.02780923,0.22092593,0.79510054,0.56132909
4.85342671,1.03572117,0.23694930,0.01298988,0.02828886,0.22062766,0.79626165,0.56615046
4.85942971,1.04551605,0.24314519,0.01258031,0.02894646,0.22129041,0.79950381,0.57205896
4.86543272,1.05779651,0.24948836,0.01224578,0.02976806,0.22290967,0.80464097,0.57885335
4.87143572,1.07218820,0.25586301,0.01198428,0.03073651,0.22545457,0.81142940,0.58630255
4.87743872,1.08825709,0.26214849,0.01179235,0.03183188,0.22886874,0.81957479,0.59415300
4.88344172,1.10552290,0.26822331,0.01166523,0.03303186,0.23307184,0.82874130,0.60213689
4.88944472,1.12347398,0.27396939,0.01159704,0.03431227,0.23796201,0.83856220,0.60998095
4.89544772,1.14158312,0.27927643,0.01158088,0.03564740,0.24341898,0.84865173,0.61741527
4.90145073,1.15932359,0.28404603,0.01160906,0.03701054,0.24930772,0.85861752,0.62418202
4.90745373,1.17618477,0.28819552,0.01167325,0.03837434,0.25548258,0.86807323,0.63004339
4.91345673,1.19168669,0.29166111,0.01176469,0.03971130,0.26179157,0.87665071,0.63478877
4.91945973,1.20539313,0.29440030,0.01187438,0.04099419,0.26808081,0.88401137,0.63824061
4.92546273,1.21692267,0.29639333,0.01199329,0.04219651,0.27419890,0.88985621,0.64025894
4.93146573,1.22595740,0.29764370,0.01211252,0.04329288,0.28000099,0.89393426,0.64074436
4.93746873,1.23224916,0.29817752,0.01222354,0.04425960,0.28535259,0.89604904,0.63963939
4.94347174,1.23562310,0.29804203,0.01231831,0.04507498,0.29013276,0.89606296,0.63692838
4.94947474,1.23597859,0.29730296,0.01238951,0.04571988,0.29423685,0.89389946,0.63263576
4.95547774,1.23328765,0.29604131,0.01243066,0.04617806,0.29757843,0.88954301,0.62682312
4.96148074,1.22759106,0.29434930,0.01243627,0.04643658,0.30009066,0.88303690,0.61958504
4.96748374,1.21899241,0.29232600,0.01240194,0.04648613,0.30172683,0.87447911,0.61104406
4.97348674,1.20765049,0.29007270,0.01232446,0.04632130,0.30246031,0.86401633,0.60134494
4.97948974,1.19377035,0.28768825,0.01220186,0.04594076,0.30228377,0.85183660,0.59064854
4.98549275,1.17759342,0.28526473,0.01203344,0.04534731,0.30120781,0.83816066,0.57912555
4.99149575,1.15938716,0.28288341,0.01181976,0.04454789,0.29925922,0.82323260,0.56695030
4.99749875,1.13943465,0.28061143,0.01156257,0.04355344,0.29647869,0.80731002,0.55429494
5.00350175,1.11802437,0.27849919,0.01126478,0.04237863,0.29291840,0.79065407,0.54132401
5.00950475,1.09544074,0.27657850,0.01093032,0.04104151,0.28863937,0.77351991,0.52818988
5.01550775,1.07195555,0.27486173,0.01056402,0.03956304,0.28370885,0.75614773,0.51502884
5.02151076,1.04782064,0.27334181,0.01017142,0.03796656,0.27819780,0.73875481,0.50195813
5.02751376,1.02326201,0.27199299,0.00975864,0.03627717,0.27217854,0.72152883,0.48907398
5.03351676,0.99847549,0.27077257,0.00933217,0.03452108,0.26572276,0.70462265,0.47645055
5.03951976,0.97362405,0.26962310,0.00889867,0.03272497,0.25889976,0.68815077,0.46413982
5.04552276,0.94883681,0.26847526,0.00846481,0.03091532,0.25177525,0.67218752,0.45217242
5.05152576,0.92420960,0.26725110,0.00803708,0.02911778,0.24441042,0.65676711,0.44055920
5.05752876,0.89980702,0.26586753,0.00762163,0.02735662,0.23686147,0.64188529,0.42929359
5.06353177,0.87566582,0.26423987,0.00722414,0.02565426,0.22917954,0.62750274,0.41835444
5.06953477,0.85179935,0.26228549,0.00684969,0.02403081,0.22141093,0.61354981,0.40770938
5.07553777,0.82820281,0.25992711,0.00650270,0.02250381,0.21359762,0.59993257,0.39731835
5.08154077,0.80485903,0.25709600,0.00618680,0.02108797,0.20577794,0.58653959,0.38713735
5.08754377,0.78174455,0.25373473,0.00590489,0.01979505,0.19798738,0.57324942,0.37712205
5.09354677,0.75883556,0.24979946,0.00565901,0.01863382,0.19025945,0.55993829,0.36723130
5.09954977,0.73611350,0.24526190,0.00545046,0.01761010,0.18262652,0.54648763,0.35743019
5.10555278,0.71357022,0.24011061,0.00527972,0.01672683,0.17512052,0.53279121,0.34769283
5.11155578,0.69121216,0.23435187,0.00514658,0.01598425,0.16777358,0.51876157,0.33800450
5.11755878,0.66906384,0.22801002,0.00505013,0.01538004,0.16061847,0.50433543,0.32836322
5.12356178,0.64717017,0.22112735,0.00498885,0.01490958,0.15368891,0.48947803,0.31878084
5.12956478,0.62559788,0.21376339,0.00496067,0.01456617,0.14701967,0.47418611,0.30928340
5.13556778,0.60443595,0.20599393,0.00496303,0.01434131,0.14064661,0.45848967,0.29991105
5.14157079,0.58379505,0.19790951,0.00499300,0.01422491,0.13460655,0.44245240,0.29071749
5.14757379,0.56380639,0.18961361,0.00504733,0.01420565,0.12893712,0.42617096,0.28176891
5.15357679,0.54461981,0.18122049,0.00512252,0.01427117,0.12367654,0.40977311,0.27314278
5.15957979,0.52640157,0.17285284,0.00521495,0.01440846,0.11886349,0.39341508,0.26492635
5.16558279,0.50933176,0.16463914,0.00532095,0.01460411,0.11453693,0.37727813,0.25721507
5.17158579,0.49360162,0.15671094,0.00543690,0.01484464,0.11073609,0.36156472,0.25011102
5.17758879,0.47941089,0.14919999,0.00555931,0.01511685,0.10750043,0.34649434,0.24372136
5.18359180,0.46696518,0.14223539,0.00568494,0.01540809,0.10486975,0.33229922,0.23815688
5.18959480,0.45647338,0.13594075,0.00581085,0.01570668,0.10288423,0.31922011,0.23353064
5.19559780,0.44814526,0.13043144,0.00593453,0.01600214,0.10158461,0.30750211,0.22995669
5.20160080,0.44218895,0.12581202,0.00605395,0.01628554,0.10101214,0.29739069,0.22754883
5.20760380,0.43880840,0.12217385,0.00616763,0.01654972,0.10120856,0.28912782,0.22641936
5.21360680,0.43820067,0.11959301,0.00627465,0.01678957,0.10221583,0.28294831,0.22667771
5.21960980,0.44055288,0.11812856,0.00637473,0.01700213,0.10407566,0.27907613,0.22842896
5.22561281,0.44603876,0.11782114,0.00646818,0.01718673,0.10682876,0.27772078,0.23177207
5.23161581,0.45481482,0.11869199,0.00655588,0.01734496,0.11051384,0.27907357,0.23679789
5.23761881,0.46701598,0.12074250,0.00663925,0.01748067,0.11516627,0.28330374,0.24358687
5.24362181,0.48275085,0.12395410,0.00672013,0.01759979,0.12081648,0.29055452,0.25220646
5.24962481,0.50209671,0.12828878,0.00680072,0.01771011,0.12748819,0.30093896,0.26270839
5.25562781,0.52509438,0.13368999,0.00688342,0.01782104,0.13519641,0.31453577,0.27512574
5.26163082,0.55174326,0.14008405,0.00697074,0.01794322,0.14394547,0.33138528,0.28947007
5.26763382,0.58199676,0.14738194,0.00706512,0.01808819,0.15372707,0.35148553,0.30572876
5.27363682,0.61575860,0.15548154,0.00716883,0.01826797,0.16451855,0.37478897,0.32386266
5.27963982,0.65288007,0.16427010,0.00728381,0.01849469,0.17628148,0.40119977,0.34380430
5.28564282,0.69315883,0.17362700,0.00741161,0.01878020,0.18896067,0.43057214,0.36545690
5.29164582,0.73633929,0.18342662,0.00755327,0.01913578,0.20248380,0.46270989,0.38869417
5.29764882,0.78211489,0.19354125,0.00770927,0.01957184,0.21676161,0.49736734,0.41336123
5.30365183,0.83013235,0.20384393,0.00787955,0.02009776,0.23168886,0.53425183,0.43927658
5.30965483,0.87999783,0.21421117,0.00806352,0.02072174,0.24714591,0.57302792,0.46623509
5.31565783,0.93128492,0.22452539,0.00826009,0.02145080,0.26300104,0.61332314,0.49401218
5.32166083,0.98354417,0.23467698,0.00846781,0.02229080,0.27911333,0.65473529,0.52236874
5.32766383,1.03631378,0.24456599,0.00868496,0.02324653,0.29533603,0.69684110,0.55105692
5.33366683,1.08913102,0.25410344,0.00890970,0.02432190,0.31152023,0.73920584,0.57982622
5.33966983,1.14154373,0.26321202,0.00914025,0.02552007,0.32751878,0.78139350,0.60842986
5.34567284,1.19312150,0.27182642,0.00937500,0.02684366,0.34319001,0.82297725,0.63663095
5.35167584,1.24346566,0.27989321,0.00961270,0.02829486,0.35840138,0.86354942,0.66420810
5.35767884,1.29221791,0.28737033,0.00985255,0.02987556,0.37303257,0.90273078,0.69096032
5.36368184,1.33906662,0.29422615,0.01009433,0.03158731,0.38697801,0.94017846,0.71671071
5.36968484,1.38375093,0.30043848,0.01033842,0.03343132,0.40014870,0.97559222,0.74130890
5.37568784,1.42606199,0.30599321,0.01058584,0.03540819,0.41247317,1.00871866,0.76463203
5.38169085,1.46584150,0.31088299,0.01083819,0.03751769,0.42389749,1.03935325,0.78658417
5.38769385,1.50297761,0.31510591,0.01109760,0.03975829,0.43438455,1.06734008,0.80709423
5.39369685,1.53739826,0.31866416,0.01136651,0.04212673,0.44391245,1.09256937,0.82611261
5.39969985,1.56906269,0.32156291,0.01164760,0.04461740,0.45247214,1.11497293,0.84360662
5.40570285,1.59795126,0.32380933,0.01194349,0.04722183,0.46006466,1.13451801,0.85955516
5.41170585,1.62405469,0.32541175,0.01225656,0.04992805,0.46669791,1.15119986,0.87394287
5.41770885,1.64736299,0.32637903,0.01258867,0.05272010,0.47238336,1.16503354,0.88675428
5.42371186,1.66785514,0.32672015,0.01294095,0.05557762,0.47713283,1.17604557,0.89796829
5.42971486,1.68549012,0.32644391,0.01331359,0.05847556,0.48095557,1.18426603,0.90755342
5.43571786,1.70019985,0.32555875,0.01370561,0.06138411,0.48385582,1.18972155,0.91546415
5.44172086,1.71188469,0.32407276,0.01411476,0.06426886,0.48583103,1.19242971,0.92163870
5.44772386,1.72041183,0.32199365,0.01453745,0.06709118,0.48687089,1.19239529,0.92599842
5.45372686,1.72561676,0.31932892,0.01496870,0.06980886,0.48695713,1.18960852,0.92844882
5.45972986,1.72730780,0.31608599,0.01540221,0.07237702,0.48606421,1.18404550,0.92888242
5.46573287,1.72527370,0.31227243,0.01583052,0.07474924,0.48416085,1.17567074,0.92718310
5.47173587,1.71929364,0.30789628,0.01624514,0.07687884,0.48121219,1.16444166,0.92323184
5.47773887,1.70914942,0.30296639,0.01663687,0.07872038,0.47718259,1.15031473,0.91691357
5.48374187,1.69463906,0.29749294,0.01699608,0.08023119,0.47203887,1.13325285,0.90812462
5.48974487,1.67559101,0.29148800,0.01731304,0.08137287,0.46575366,1.11323342,0.89678049
5.49574787,1.65187833,0.28496627,0.01757834,0.08211286,0.45830891,1.09025668,0.88282342
5.50175088,1.62343199,0.27794590,0.01778321,0.08242572,0.44969904,1.06435364,0.86622931
5.50775388,1.59025249,0.27044945,0.01791992,0.08229430,0.43993386,1.03559318,0.84701360
5.51375688,1.55241928,0.26250491,0.01798208,0.08171062,0.42904087,1.00408777,0.82523580
5.51975988,1.51009733,0.25414675,0.01796497,0.08067645,0.41706688,0.96999754,0.80100238
5.52576288,1.46354060,0.24541695,0.01786575,0.07920351,0.40407888,0.93353231,0.77446777
5.53176588,1.41309202,0.23636599,0.01768361,0.07731335,0.39016414,0.89495150,0.74583354
5.53776888,1.35918015,0.22705359,0.01741989,0.07503687,0.37542939,0.85456193,0.71534562
5.54377189,1.30231248,0.21754931,0.01707807,0.07241346,0.35999930,0.81271348,0.68328987
5.54977489,1.24306580,0.20793275,0.01666369,0.06948992,0.34401425,0.76979294,0.64998599
5.55577789,1.18207388,0.19829345,0.01618424,0.06631903,0.32762745,0.72621630,0.61578020
5.56178089,1.12001323,0.18873035,0.01564891,0.06295804,0.31100163,0.68241981,0.58103701
5.56778389,1.05758722,0.17935074,0.01506833,0.05946692,0.29430536,0.63885019,0.54613031
5.57378689,0.99550947,0.17026885,0.01445428,0.05590668,0.27770921,0.59595455,0.51143429
5.57978989,0.93448695,0.16160385,0.01381930,0.05233761,0.26138185,0.55417022,0.47731451
5.58579290,0.87520342,0.15347754,0.01317635,0.04881765,0.24548626,0.51391499,0.44411929
5.59179590,0.81830376,0.14601157,0.01253842,0.04540091,0.23017612,0.47557810,0.41217200
5.59779890,0.76437964,0.13932437,0.01191817,0.04213634,0.21559254,0.43951211,0.38176418
5.60380190,0.71395695,0.13352786,0.01132758,0.03906668,0.20186115,0.40602599,0.35314981
5.60980490,0.66748509,0.12872405,0.01077763,0.03622762,0.18908968,0.37537943,0.32654089
5.61580790,0.62532856,0.12500154,0.01027801,0.03364724,0.17736596,0.34777856,0.30210425
5.62181091,0.58776077,0.12243224,0.00983691,0.03134573,0.16675652,0.32337293,0.27995962
5.62781391,0.55496019,0.12106818,0.00946079,0.02933540,0.15730563,0.30225385,0.26017908
5.63381691,0.52700874,0.12093876,0.00915429,0.02762082,0.14903492,0.28445396,0.24278754
5.63981991,0.50389248,0.12204838,0.00892011,0.02619933,0.14194339,0.26994793,0.22776442
5.64582291,0.48550434,0.12437472,0.00875899,0.02506164,0.13600805,0.25865424,0.21504622
5.65182591,0.47164885,0.12786760,0.00866975,0.02419260,0.13118487,0.25043799,0.20452995
5.65782891,0.46204868,0.13244869,0.00864934,0.02357210,0.12741029,0.24511445,0.19607724
5.66383192,0.45635287,0.13801195,0.00869297,0.02317605,0.12460299,0.24245361,0.18951909
5.66983492,0.45414645,0.14442501,0.00879426,0.02297739,0.12266616,0.24218535,0.18466097
5.67583792,0.45496139,0.15153141,0.00894546,0.02294713,0.12148999,0.24400539,0.18128833
5.68184092,0.45828851,0.15915365,0.00913769,0.02305531,0.12095444,0.24758178,0.17917230
5.68784392,0.46359019,0.16709711,0.00936115,0.02327196,0.12093230,0.25256201,0.17807543
5.69384692,0.47031355,0.17515468,0.00960547,0.02356795,0.12129228,0.25858053,0.17775747
5.69984992,0.47790379,0.18311196,0.00985995,0.02391572,0.12190228,0.26526661,0.17798096
5.70585293,0.48581737,0.19075290,0.01011388,0.02428990,0.12263256,0.27225235,0.17851653
5.71185593,0.49353465,0.19786573,0.01035683,0.02466779,0.12335888,0.27918074,0.17914787
5.71785893,0.50057169,0.20424886,0.01057892,0.02502969,0.12396539,0.28571345,0.17967616
5.72386193,0.50649082,0.20971668,0.01077109,0.02535908,0.12434728,0.29153825,0.17992393
5.72986493,0.51090966,0.21410493,0.01092533,0.02564267,0.12441303,0.29637577,0.17973814
5.73586793,0.51350833,0.21727536,0.01103482,0.02587030,0.12408627,0.29998534,0.17899262
5.74187094,0.51403467,0.21911973,0.01109417,0.02603479,0.12330710,0.30216975,0.17758953
5.74787394,0.51230725,0.21956273,0.01109941,0.02613157,0.12203289,0.30277879,0.17546008
5.75387694,0.50821623,0.21856378,0.01104814,0.02615837,0.12023851,0.30171133,0.17256434
5.75987994,0.50172195,0.21611771,0.01093943,0.02611480,0.11791607,0.29891596,0.16889022
5.76588294,0.49285158,0.21225422,0.01077385,0.02600193,0.11507411,0.29439009,0.16445173
5.77188594,0.48169385,0.20703612,0.01055335,0.02582185,0.11173627,0.28817767,0.15928657
5.77788894,0.46839226,0.20055663,0.01028108,0.02557731,0.10793968,0.28036553,0.15345313
5.78389195,0.45313711,0.19293553,0.00996130,0.02527139,0.10373296,0.27107857,0.14702712
5.78989495,0.43615669,0.18431479,0.00959912,0.02490722,0.09917405,0.26047404,0.14009797
5.79589795,0.41770805,0.17485346,0.00920036,0.02448783,0.09432790,0.24873511,0.13276503
5.80190095,0.39806780,0.16472231,0.00877127,0.02401600,0.08926420,0.23606408,0.12513393
5.80790395,0.37752318,0.15409843,0.00831839,0.02349430,0.08405520,0.22267550,0.11731301
5.81390695,0.35636392,0.14315988,0.00784829,0.02292512,0.07877361,0.20878941,0.10941016
5.81990995,0.33487492,0.13208072,0.00736746,0.02231080,0.07349089,0.19462511,0.10152998
5.82591296,0.31333018,0.12102661,0.00688209,0.02165376,0.06827572,0.18039549,0.09377145
5.83191596,0.29198786,0.11015099,0.00639799,0.02095676,0.06319284,0.16630227,0.08622613
5.83791896,0.27108676,0.09959211,0.00592045,0.02022305,0.05830218,0.15253203,0.07897684
5.84392196,0.25084389,0.08947079,0.00545422,0.01945660,0.05365838,0.13925344,0.07209691
5.84992496,0.23145334,0.07988910,0.00500341,0.01866222,0.04931055,0.12661529,0.06564986
5.85592796,0.21308607,0.07092971,0.00457152,0.01784575,0.04530226,0.11474559,0.05968949
5.86193097,0.19589053,0.06265615,0.00416144,0.01701406,0.04167182,0.10375144,0.05426034
5.86793397,0.17999391,0.05511349,0.00377544,0.01617509,0.03845258,0.09371975,0.04939837
5.87393697,0.16550374,0.04832972,0.00341526,0.01533781,0.03567339,0.08471838,0.04513181
5.87993997,0.15250967,0.04231743,0.00308210,0.01451204,0.03335909,0.07679780,0.04148206
5.88594297,0.14108529,0.03707576,0.00277675,0.01370834,0.03153084,0.06999303,0.03846465
5.89194597,0.13128972,0.03259251,0.00249958,0.01293770,0.03020654,0.06432556,0.03609002
5.89794897,0.12316892,0.02884628,0.00225061,0.01221133,0.02940093,0.05980535,0.03436425
5.90395198,0.11675662,0.02580853,0.00202958,0.01154031,0.02912574,0.05643260,0.03328957
5.90995498,0.11207483,0.02344547,0.00183600,0.01093532,0.02938951,0.05419936,0.03286472
5.91595798,0.10913393,0.02171979,0.00166916,0.01040625,0.03019738,0.05309077,0.03308504
5.92196098,0.10793238,0.02059210,0.00152816,0.00996193,0.03155068,0.05308605,0.03394243
5.92796398,0.10845616,0.02002216,0.00141198,0.00960985,0.03344645,0.05415918,0.03542517
5.93396698,0.11067798,0.01996986,0.00131945,0.00935584,0.03587687,0.05627926,0.03751756
5.93996998,0.11455644,0.02039595,0.00124931,0.00920392,0.03882874,0.05941074,0.04019955
5.94597299,0.12003530,0.02126259,0.00120016,0.00915611,0.04228291,0.06351347,0.04344638
5.95197599,0.12704292,0.02253375,0.00117055,0.00921229,0.04621392,0.06854262,0.04722822
5.95797899,0.13549207,0.02417552,0.00115890,0.00937021,0.05058972,0.07444875,0.05150996
5.96398199,0.14528020,0.02615632,0.00116360,0.00962546,0.05537163,0.08117785,0.05625116
5.96998499,0.15629027,0.02844709,0.00118295,0.00997158,0.06051450,0.08867160,0.06140623
5.97598799,0.16839218,0.03102147,0.00121524,0.01040022,0.06596723,0.09686781,0.06692479
5.98199100,0.18144486,0.03385605,0.00125871,0.01090134,0.07167348,0.10570109,0.07275233
5.98799400,0.19529893,0.03693056,0.00131165,0.01146352,0.07757268,0.11510373,0.07883106
5.99399700,0.20979993,0.04022813,0.00137235,0.01207429,0.08360130,0.12500680,0.08510103
6.00000000,0.22479192,0.04373558,0.00143921,0.01272049,0.08969432,0.13534140,0.09150141
