energy_ev,total_up,C_s_up,C_p_up,Hf_p_up,Hf_d_up,Li_s_up,S_s_up,S_p_up
-6.00000000,1.89977369,0.01964818,0.11761750,0.39180567,0.24962016,0.15621608,0.03302970,0.94313323
-5.99399700,2.06923638,0.02108002,0.12818631,0.42530158,0.27351362,0.16912392,0.03622965,1.02887502
-5.98799400,2.27116763,0.02282258,0.14054421,0.46553826,0.30176915,0.18564923,0.03993385,1.13121581
-5.98199100,2.50480650,0.02486429,0.15460343,0.51238538,0.33430565,0.20585312,0.04412039,1.24988023
-5.97598799,2.76894542,0.02719000,0.17025194,0.56561581,0.37098691,0.22976577,0.04875929,1.38436422
-5.96998499,3.06190877,0.02978090,0.18735341,0.62490159,0.41161812,0.25738153,0.05381216,1.53392120
-5.96398199,3.38153772,0.03261468,0.20574761,0.68981117,0.45594312,0.28865359,0.05923213,1.69755121
-5.95797899,3.72518407,0.03566562,0.22525153,0.75980862,0.50364277,0.32348869,0.06496387,1.87399429
-5.95197599,4.08971514,0.03890480,0.24566112,0.83425507,0.55433460,0.36174200,0.07094393,2.06172938
-5.94597299,4.47153177,0.04230032,0.26675382,0.91241300,0.60757409,0.40321270,0.07710128,2.25898005
-5.93996998,4.86660077,0.04581763,0.28829175,0.99345351,0.66285777,0.44764065,0.08335813,2.46372769
-5.93396698,5.27050248,0.04941995,0.31002555,1.07646685,0.71962823,0.49470443,0.08963106,2.67373302
-5.92796398,5.67849362,0.05306865,0.33169873,1.16047611,0.77728106,0.54402113,0.09583237,2.88656592
-5.92196098,6.08558434,0.05672380,0.35305255,1.24445401,0.83517366,0.59514811,0.10187166,3.09964342
-5.91595798,6.48662796,0.06034466,0.37383096,1.32734221,0.89263577,0.64758692,0.10765766,3.31027519
-5.90995498,6.87642093,0.06389031,0.39378573,1.40807285,0.94898137,0.70078940,0.11310013,3.51571536
-5.90395198,7.24980997,0.06732014,0.41268132,1.48559139,1.00352173,0.75416595,0.11811193,3.71321915
-5.89794897,7.60180270,0.07059453,0.43029953,1.55888011,1.05557907,0.80709570,0.12261103,3.90010255
-5.89194597,7.92767792,0.07367536,0.44644351,1.62698133,1.10450047,0.85893846,0.12652249,4.07380284
-5.88594297,8.22309141,0.07652660,0.46094119,1.68901935,1.14967153,0.90904793,0.12978039,4.23193778
-5.87993997,8.48417337,0.07911481,0.47364793,1.74422042,1.19052924,0.95678571,0.13232942,4.37236124
-5.87393697,8.70761365,0.08140969,0.48444830,1.79192977,1.22657377,1.00153570,0.13412637,4.49321310
-5.86793397,8.89073187,0.08338446,0.49325707,1.83162510,1.25737858,1.04271822,0.13514123,4.59296139
-5.86193097,9.03152970,0.08501635,0.50001929,1.86292607,1.28259870,1.07980332,0.13535795,4.67043530
-5.85592796,9.12872374,0.08628690,0.50470970,1.88559935,1.30197685,1.11232278,0.13477484,4.72484758
-5.84992496,9.18175825,0.08718232,0.50733135,1.89955934,1.31534727,1.13988040,0.13340460,4.75580591
-5.84392196,9.19079769,0.08769374,0.50791381,1.90486451,1.32263716,1.16216007,0.13127394,4.76331278
-5.83791896,9.15670025,0.08781739,0.50651091,1.90170985,1.32386592,1.17893148,0.12842281,4.74775442
-5.83191596,9.08097407,0.08755477,0.50319818,1.89041586,1.31914215,1.19005331,0.12490336,4.70987948
-5.82591296,8.96571869,0.08691269,0.49807029,1.87141476,1.30865873,1.19547379,0.12077852,4.65076872
-5.81990995,8.81355474,0.08590328,0.49123837,1.84523483,1.29268627,1.19522892,0.11612039,4.57179734
-5.81390695,8.62754516,0.08454391,0.48282748,1.81248349,1.27156520,1.18943836,0.11100840,4.47459188
-5.80790395,8.41111152,0.08285695,0.47297431,1.77383015,1.24569685,1.17829944,0.10552738,4.36098343
-5.80190095,8.16794866,0.08086956,0.46182497,1.72998943,1.21553396,1.16207961,0.09976550,4.23295950
-5.79589795,7.90194091,0.07861323,0.44953312,1.68170548,1.18157078,1.14110768,0.09381229,4.09261609
-5.78989495,7.61708247,0.07612336,0.43625828,1.62973794,1.14433326,1.11576440,0.08775665,3.94211196
-5.78389195,7.31740417,0.07343863,0.42216423,1.57484983,1.10436944,1.08647258,0.08168499,3.78362631
-5.77788894,7.00690809,0.07060035,0.40741768,1.51779752,1.06224025,1.05368736,0.07567957,3.61932095
-5.77188594,6.68951085,0.06765168,0.39218680,1.45932288,1.01851093,1.01788669,0.06981697,3.45130774
-5.76588294,6.36899597,0.06463678,0.37663989,1.40014727,0.97374314,0.97956238,0.06416682,3.28162142
-5.75987994,6.04897479,0.06159998,0.36094389,1.34096721,0.92848759,0.93921189,0.05879078,3.11219795
-5.75387694,5.73285520,0.05858482,0.34526274,1.28245126,0.88327753,0.89733093,0.05374174,2.94485779
-5.74787394,5.42381722,0.05563315,0.32975564,1.22523759,0.83862269,0.85440686,0.04906332,2.78129358
-5.74187094,5.12479383,0.05278422,0.31457511,1.16993193,0.79500382,0.81091301,0.04478959,2.62306151
-5.73586793,4.83845595,0.05007383,0.29986491,1.11710532,0.75286773,0.76730368,0.04094502,2.47157532
-5.72986493,4.56720021,0.04753355,0.28575790,1.06729138,0.71262274,0.72401005,0.03754463,2.32810229
-5.72386193,4.31313846,0.04519001,0.27237382,1.02098282,0.67463446,0.68143658,0.03459441,2.19376038
-5.71785893,4.07808844,0.04306435,0.25981717,0.97862717,0.63922211,0.63995820,0.03209180,2.06951584
-5.71185593,3.86356506,0.04117178,0.24817528,0.94062160,0.60665514,0.59991808,0.03002642,1.95618107
-5.70585293,3.67077259,0.03952132,0.23751666,0.90730715,0.57715046,0.56162591,0.02838086,1.85441236
-5.69984992,3.50059784,0.03811569,0.22788970,0.87896254,0.55087028,0.52535691,0.02713157,1.76470771
-5.69384692,3.35360537,0.03695138,0.21932196,0.85579808,0.52792067,0.49135141,0.02624989,1.68740483
-5.68784392,3.23003528,0.03601892,0.21181993,0.83794994,0.50835105,0.45981507,0.02570304,1.62267981
-5.68184092,3.12980489,0.03530333,0.20536952,0.82547545,0.49215470,0.43091982,0.02545528,1.57054701
-5.67583792,3.05251503,0.03478466,0.19993712,0.81834979,0.47927033,0.40480537,0.02546893,1.53086056
-5.66983492,2.99746200,0.03443881,0.19547141,0.81646450,0.46958492,0.38158144,0.02570555,1.50331821
-5.66383192,2.96365561,0.03423834,0.19190564,0.81962814,0.46293777,0.36133040,0.02612697,1.48746786
-5.65782891,2.94984374,0.03415348,0.18916049,0.82756936,0.45912566,0.34411047,0.02669635,1.48271709
-5.65182591,2.95454324,0.03415316,0.18714735,0.83994232,0.45790917,0.32995900,0.02737917,1.48834595
-5.64582291,2.97607654,0.03420603,0.18577170,0.85633460,0.45901987,0.31889593,0.02814409,1.50352284
-5.63981991,3.01261330,0.03428159,0.18493673,0.87627715,0.46216818,0.31092698,0.02896372,1.52732322
-5.63381691,3.06221552,0.03435113,0.18454677,0.89925614,0.46705172,0.30604649,0.02981530,1.55875075
-5.62781391,3.12288480,0.03438866,0.18451049,0.92472613,0.47336370,0.30423958,0.03068109,1.59676007
-5.62181091,3.19260981,0.03437169,0.18474369,0.95212409,0.48080117,0.30548351,0.03154874,1.64028061
-5.61580790,3.26941218,0.03428190,0.18517157,0.98088366,0.48907268,0.30974804,0.03241133,1.68824027
-5.60980490,3.35138912,0.03410554,0.18573034,1.01044901,0.49790514,0.31699473,0.03326730,1.73958836
-5.60380190,3.43675089,0.03383375,0.18636821,1.04028787,0.50704960,0.32717519,0.03412011,1.79331655
-5.59779890,3.52385197,0.03346260,0.18704567,1.06990298,0.51628571,0.34022830,0.03497771,1.84847738
-5.59179590,3.61121480,0.03299297,0.18773506,1.09884181,0.52542472,0.35607657,0.03585185,1.90419931
-5.58579290,3.69754537,0.03243018,0.18841969,1.12670402,0.53431107,0.37462191,0.03675721,1.95969804
-5.57978989,3.78174067,0.03178359,0.18909234,1.15314652,0.54282234,0.39574111,0.03771040,2.01428368
-5.57378689,3.86288798,0.03106591,0.18975352,1.17788618,0.55086795,0.41928124,0.03872885,2.06736372
-5.56778389,3.94025689,0.03029249,0.19040951,1.20070009,0.55838647,0.44505557,0.03982965,2.11844202
-5.56178089,4.01328487,0.02948051,0.19107029,1.22142361,0.56534205,0.47284019,0.04102846,2.16711398
-5.55577789,4.08155772,0.02864818,0.19174758,1.23994658,0.57171992,0.50237172,0.04233834,2.21305861
-5.54977489,4.14478632,0.02781386,0.19245316,1.25620789,0.57752149,0.53334649,0.04376880,2.25602811
-5.54377189,4.20278127,0.02699535,0.19319731,1.27018887,0.58275923,0.56542134,0.04532494,2.29583556
-5.53776888,4.25542673,0.02620913,0.19398776,1.28190593,0.58745157,0.59821611,0.04700673,2.33234180
-5.53176588,4.30265515,0.02546984,0.19482895,1.29140288,0.59161820,0.63131806,0.04880857,2.36544198
-5.52576288,4.34442384,0.02478972,0.19572161,1.29874320,0.59527582,0.66428793,0.05071910,2.39505281
-5.51975988,4.38069451,0.02417836,0.19666278,1.30400277,0.59843473,0.69666758,0.05272113,2.42110094
-5.51375688,4.41141659,0.02364250,0.19764601,1.30726318,0.60109612,0.72798898,0.05479201,2.44351312
-5.50775388,4.43651458,0.02318598,0.19866178,1.30860597,0.60325032,0.75778411,0.05690404,2.46220861
-5.50175088,4.45587992,0.02280985,0.19969802,1.30810782,0.60487602,0.78559544,0.05902527,2.47709384
-5.49574787,4.46936722,0.02251258,0.20074071,1.30583699,0.60594030,0.81098661,0.06112036,2.48805988
-5.48974487,4.47679471,0.02229045,0.20177438,1.30185085,0.60639952,0.83355275,0.06315171,2.49498222
-5.48374187,4.47794861,0.02213788,0.20278261,1.29619464,0.60620097,0.85293020,0.06508057,2.49772323
-5.47773887,4.47259108,0.02204799,0.20374836,1.28890139,0.60528510,0.86880507,0.06686836,2.49613669
-5.47173587,4.46047120,0.02201307,0.20465425,1.27999305,0.60358832,0.88092052,0.06847791,2.49007441
-5.46573287,4.44133864,0.02202514,0.20548282,1.26948258,0.60104615,0.88908241,0.06987472,2.47939451
-5.45972986,4.41495948,0.02207646,0.20621665,1.25737712,0.59759661,0.89316317,0.07102815,2.46397093
-5.45372686,4.38113372,0.02216003,0.20683870,1.24368207,0.59318387,0.89310384,0.07191249,2.44370396
-5.44772386,4.33971409,0.02227004,0.20733263,1.22840593,0.58776185,0.88891437,0.07250788,2.41853125
-5.44172086,4.29062562,0.02240226,0.20768335,1.21156583,0.58129779,0.88067204,0.07280111,2.38843897
-5.43571786,4.23388529,0.02255434,0.20787782,1.19319351,0.57377571,0.86851843,0.07278618,2.35347268
-5.42971486,4.16962145,0.02272603,0.20790608,1.17334165,0.56519961,0.85265483,0.07246465,2.31374748
-5.42371186,4.09809191,0.02291928,0.20776252,1.15209009,0.55559624,0.83333652,0.07184580,2.26945702
-5.41770885,4.01970016,0.02313830,0.20744737,1.12955187,0.54501757,0.81086612,0.07094654,2.22088081
-5.41170585,3.93500870,0.02338941,0.20696834,1.10587855,0.53354250,0.78558605,0.06979115,2.16838961
-5.40570285,3.84474843,0.02368090,0.20634226,1.08126457,0.52127802,0.75787066,0.06841075,2.11244812
-5.39969985,3.74982325,0.02402271,0.20559665,1.05595019,0.50835948,0.72811791,0.06684258,2.05361489
-5.39369685,3.65130877,0.02442599,0.20477097,1.03022268,0.49494999,0.69674105,0.06512914,1.99253879
-5.38769385,3.55044430,0.02490272,0.20391756,1.00441541,0.48123875,0.66416029,0.06331714,1.92995204
-5.38169085,3.44861752,0.02546506,0.20310194,0.97890456,0.46743828,0.63079473,0.06145631,1.86665934
-5.37568784,3.34734133,0.02612477,0.20240238,0.95410331,0.45378059,0.59705465,0.05959809,1.80352332
-5.36968484,3.24822292,0.02689258,0.20190878,0.93045339,0.44051210,0.56333425,0.05779428,1.74144633
-5.36368184,3.15292533,0.02777751,0.20172058,0.90841411,0.42788761,0.53000497,0.05609563,1.68134881
-5.35767884,3.06312235,0.02878621,0.20194388,0.88844910,0.41616319,0.49740950,0.05455042,1.62414500
-5.35167584,2.98044800,0.02992234,0.20268768,0.87101112,0.40558840,0.46585655,0.05320304,1.57071641
-5.34567284,2.90644219,0.03118604,0.20405950,0.85652539,0.39639786,0.43561647,0.05209278,1.52188415
-5.33966983,2.84249478,0.03257348,0.20616040,0.84537231,0.38880268,0.40691776,0.05125254,1.47838110
-5.33366683,2.78979027,0.03407646,0.20907975,0.83787009,0.38298190,0.37994457,0.05070792,1.44082502
-5.32766383,2.74925577,0.03568228,0.21288994,0.83425830,0.37907445,0.35483529,0.05047632,1.40969387
-5.32166083,2.72151492,0.03737366,0.21764130,0.83468310,0.37717197,0.33168203,0.05056646,1.38530459
-5.31565783,2.70685026,0.03912888,0.22335767,0.83918514,0.37731286,0.31053133,0.05097802,1.36779636
-5.30965483,2.70517650,0.04092209,0.23003273,0.84769072,0.37947797,0.29138576,0.05170169,1.35711957
-5.30365183,2.71602655,0.04272380,0.23762752,0.86000706,0.38358818,0.27420663,0.05271949,1.35303107
-5.29764882,2.73855190,0.04450154,0.24606922,0.87582214,0.38950422,0.25891745,0.05400541,1.35509659
-5.29164582,2.77153815,0.04622067,0.25525154,0.89470938,0.39702870,0.24540834,0.05552635,1.36270025
-5.28564282,2.81343579,0.04784530,0.26503660,0.91613727,0.40591061,0.23354107,0.05724336,1.37506147
-5.27963982,2.86240567,0.04933934,0.27525851,0.93948394,0.41585210,0.22315453,0.05911309,1.39125862
-5.27363682,2.91637778,0.05066761,0.28572837,0.96405595,0.42651737,0.21407067,0.06108951,1.41025879
-5.26763382,2.97312128,0.05179693,0.29624071,0.98911111,0.43754343,0.20610058,0.06312567,1.43095261
-5.26163082,3.03032297,0.05269721,0.30658092,1.01388401,0.44855231,0.19905049,0.06517554,1.45219273
-5.25562781,3.08567117,0.05334250,0.31653355,1.03761370,0.45916417,0.19272767,0.06719590,1.47283458
-5.24962481,3.13694123,0.05371187,0.32589096,1.05957196,0.46901094,0.18694591,0.06914808,1.49177746
-5.24362181,3.18207911,0.05379021,0.33446202,1.07909129,0.47774973,0.18153049,0.07099947,1.50800446
-5.23761881,3.21927933,0.05356882,0.34208033,1.09559121,0.48507553,0.17632253,0.07272487,1.52061941
-5.23161581,3.24705378,0.05304576,0.34861172,1.10860179,0.49073258,0.17118253,0.07430754,1.52887929
-5.22561281,3.26428852,0.05222609,0.35396055,1.11778340,0.49452403,0.16599311,0.07573976,1.53222071
-5.21960980,3.27028605,0.05112178,0.35807459,1.12294185,0.49631935,0.16066086,0.07702319,1.53027950
-5.21360680,3.26479146,0.04975145,0.36094815,1.12403819,0.49605920,0.15511735,0.07816869,1.52290257
-5.20760380,3.24800155,0.04813993,0.36262351,1.12119303,0.49375772,0.14931917,0.07919586,1.51015170
-5.20160080,3.22055691,0.04631759,0.36319042,1.11468501,0.48950197,0.14324724,0.08013217,1.49229937
-5.19559780,3.18351775,0.04431952,0.36278382,1.10494385,0.48344881,0.13690537,0.08101180,1.46981701
-5.18959480,3.13832497,0.04218466,0.36157994,1.09253818,0.47581929,0.13031813,0.08187427,1.44335630
-5.18359180,3.08674868,0.03995473,0.35979085,1.07815887,0.46689087,0.12352827,0.08276287,1.41372481
-5.17758879,3.03082676,0.03767323,0.35765793,1.06259857,0.45698796,0.11659368,0.08372301,1.38185697
-5.17158579,2.97279627,0.03538432,0.35544434,1.04672844,0.44647109,0.10958411,0.08480056,1.34878188
-5.16558279,2.91502089,0.03313187,0.35342702,1.03147280,0.43572528,0.10257779,0.08604026,1.31558938
-5.15957979,2.85991712,0.03095840,0.35188837,1.01778283,0.42514804,0.09565799,0.08748419,1.28339564
-5.15357679,2.80988204,0.02890421,0.35110792,1.00660996,0.41513744,0.08890973,0.08917050,1.25330971
-5.14757379,2.76722487,0.02700662,0.35135434,0.99887986,0.40608073,0.08241666,0.09113222,1.22640193
-5.14157079,2.73410416,0.02529922,0.35287792,0.99546756,0.39834365,0.07625830,0.09339640,1.20367516
-5.13556778,2.71247210,0.02381133,0.35590362,0.99717425,0.39226094,0.07050752,0.09598336,1.18603945
-5.12956478,2.70402651,0.02256756,0.36062494,1.00470609,0.38812804,0.06522852,0.09890621,1.17429056
-5.12356178,2.71017130,0.02158747,0.36719860,1.01865528,0.38619415,0.06047518,0.10217051,1.16909238
-5.11755878,2.73198508,0.02088537,0.37573995,1.03948364,0.38665674,0.05628987,0.10577408,1.17096342
-5.11155578,2.77019790,0.02047015,0.38631941,1.06750870,0.38965744,0.05270261,0.10970693,1.18026713
-5.10555278,2.82517578,0.02034536,0.39895967,1.10289249,0.39527935,0.04973074,0.11395130,1.19720575
-5.09954977,2.89691238,0.02050922,0.41363378,1.14563318,0.40354567,0.04737892,0.11848172,1.22181761
-5.09354677,2.98502773,0.02095482,0.43026423,1.19555953,0.41441963,0.04563944,0.12326520,1.25397739
-5.08754377,3.08877358,0.02167036,0.44872290,1.25232870,0.42780560,0.04449292,0.12826145,1.29339938
-5.08154077,3.20704528,0.02263950,0.46883215,1.31542721,0.44355150,0.04390927,0.13342314,1.33964338
-5.07553777,3.33840029,0.02384175,0.49036691,1.38417576,0.46145224,0.04384886,0.13869638,1.39212323
-5.06953477,3.48108335,0.02525300,0.51305802,1.45773787,0.48125443,0.04426399,0.14402119,1.45011797
-5.06353177,3.63305854,0.02684604,0.53659683,1.53513260,0.50266212,0.04510041,0.14933229,1.51278559
-5.05752876,3.79204818,0.02859123,0.56064103,1.61525162,0.52534367,0.04629918,0.15455993,1.57917927
-5.05152576,3.95557855,0.03045717,0.58482181,1.69688041,0.54893957,0.04779844,0.15963108,1.64826623
-5.04552276,4.12103215,0.03241148,0.60875220,1.77872358,0.57307119,0.04953544,0.16447075,1.71894885
-5.03951976,4.28570551,0.03442157,0.63203649,1.85943375,0.59735029,0.05144848,0.16900358,1.79008794
-5.03351676,4.44687182,0.03645546,0.65428051,1.93764348,0.62138902,0.05347895,0.17315561,1.86052763
-5.02751376,4.60184665,0.03848257,0.67510245,2.01199937,0.64481021,0.05557326,0.17685616,1.92912154
-5.02151076,4.74805490,0.04047452,0.69414389,2.08119732,0.66725762,0.05768464,0.18003988,1.99475923
-5.01550775,4.88309699,0.04240580,0.71108064,2.14401773,0.68840581,0.05977491,0.18264868,2.05639252
-5.00950475,5.00481183,0.04425447,0.72563295,2.19935940,0.70796927,0.06181588,0.18463367,2.11306050
-5.00350175,5.11133408,0.04600264,0.73757462,2.24627076,0.72571046,0.06379056,0.18595687,2.16391255
-4.99749875,5.20114363,0.04763685,0.74674063,2.28397729,0.74144635,0.06569404,0.18659261,2.20822838
-4.99149575,5.27310499,0.04914836,0.75303284,2.31190386,0.75505338,0.06753399,0.18652868,2.24543446
-4.98549275,5.32649502,0.05053317,0.75642367,2.32969105,0.76647032,0.06933070,0.18576696,2.27511609
-4.97948974,5.36101783,0.05179197,0.75695723,2.33720486,0.77569918,0.07111674,0.18432358,2.29702472
-4.97348674,5.37680615,0.05292985,0.75474819,2.33453928,0.78280390,0.07293614,0.18222871,2.31108031
-4.96748374,5.37440930,0.05395589,0.74997811,2.32201166,0.78790711,0.07484311,0.17952572,2.31736861
-4.96148074,5.35476827,0.05488262,0.74288956,2.30015104,0.79118484,0.07690032,0.17627002,2.31613375
-4.95547774,5.31917921,0.05572531,0.73377825,2.26968005,0.79285970,0.07917679,0.17252741,2.30776639
-4.94947474,5.26924696,0.05650127,0.72298343,2.23149101,0.79319259,0.08174548,0.16837226,2.29278800
-4.94347174,5.20683068,0.05722905,0.71087712,2.18661724,0.79247355,0.08468057,0.16388530,2.27183223
-4.93746873,5.13398400,0.05792756,0.69785249,2.13620082,0.79101192,0.08805454,0.15915142,2.24562386
-4.93146573,5.05289196,0.05861538,0.68431199,2.08145788,0.78912640,0.09193523,0.15425741,2.21495636
-4.92546273,4.96580722,0.05930995,0.67065561,2.02364272,0.78713520,0.09638287,0.14928972,2.18066884
-4.91945973,4.87498772,0.06002694,0.65726969,1.96401209,0.78534691,0.10144724,0.14433248,2.14362320
-4.91345673,4.78263792,0.06077973,0.64451676,1.90379065,0.78405201,0.10716511,0.13946561,2.10468205
-4.90745373,4.69085495,0.06157894,0.63272660,1.84413885,0.78351558,0.11355797,0.13476332,2.06468811
-4.90145073,4.60158139,0.06243219,0.62218876,1.78612392,0.78397117,0.12063019,0.13029281,2.02444553
-4.89544772,4.51656509,0.06334390,0.61314676,1.73069494,0.78561593,0.12836771,0.12611331,1.98470338
-4.88944472,4.43732692,0.06431527,0.60579388,1.67866247,0.78860705,0.13673731,0.12227540,1.94614159
-4.88344172,4.36513641,0.06534434,0.60027063,1.63068312,0.79305940,0.14568647,0.11882062,1.90935951
-4.87743872,4.30099516,0.06642620,0.59666377,1.58724942,0.79904428,0.15514379,0.11578127,1.87486702
-4.87143572,4.24562770,0.06755317,0.59500668,1.54868491,0.80658915,0.16502016,0.11318045,1.84307815
-4.86543272,4.19947931,0.06871516,0.59528104,1.51514450,0.81567815,0.17521038,0.11103216,1.81430727
-4.85942971,4.16272002,0.06989992,0.59741948,1.48661982,0.82625333,0.18559540,0.10934159,1.78876762
-4.85342671,4.13525434,0.07109341,0.60130910,1.46294921,0.83821633,0.19604493,0.10810545,1.76657201
-4.84742371,4.11673594,0.07228013,0.60679566,1.44383186,0.85143060,0.20642045,0.10731231,1.74773576
-4.84142071,4.10658674,0.07344334,0.61368826,1.42884559,0.86572386,0.21657846,0.10694298,1.73218161
-4.83541771,4.10401990,0.07456539,0.62176442,1.41746761,0.88089106,0.22637385,0.10697096,1.71974659
-4.82941471,4.10806634,0.07562790,0.63077538,1.40909743,0.89669758,0.23566329,0.10736281,1.71019065
-4.82341171,4.11760430,0.07661202,0.64045171,1.40308139,0.91288295,0.24430852,0.10807866,1.70320708
-4.81740870,4.13139180,0.07749853,0.65050896,1.39873783,0.92916514,0.25217942,0.10907273,1.69843462
-4.81140570,4.14810168,0.07826812,0.66065357,1.39538220,0.94524541,0.25915684,0.11029396,1.69547097
-4.80540270,4.16635879,0.07890150,0.67058889,1.39235143,0.96081393,0.26513498,0.11168668,1.69388776
-4.79939970,4.18477918,0.07937966,0.68002126,1.38902677,0.97555622,0.27002347,0.11319156,1.69324661
-4.79339670,4.20201060,0.07968411,0.68866632,1.38485458,0.98916036,0.27374884,0.11474653,1.69311607
-4.78739370,4.21677381,0.07979720,0.69625524,1.37936436,1.00132502,0.27625572,0.11628798,1.69308910
-4.78139070,4.22790382,0.07970245,0.70254099,1.37218379,1.01176808,0.27750739,0.11775208,1.69280061
-4.77538769,4.23439002,0.07938495,0.70730446,1.36305026,1.02023578,0.27748606,0.11907615,1.69194464
-4.76938469,4.23541404,0.07883183,0.71036024,1.35181877,1.02651194,0.27619266,0.12020026,1.69029045
-4.76338169,4.23038403,0.07803270,0.71156195,1.33846599,1.03042706,0.27364627,0.12106874,1.68769701
-4.75737869,4.21896376,0.07698014,0.71080686,1.32309048,1.03186670,0.26988332,0.12163178,1.68412521
-4.75137569,4.20109512,0.07567015,0.70803948,1.30590915,1.03077888,0.26495642,0.12184690,1.67964695
-4.74537269,4.17701259,0.07410257,0.70325414,1.28725011,1.02717985,0.25893309,0.12168031,1.67445078
-4.73936968,4.14724838,0.07228141,0.69649604,1.26754215,1.02115793,0.25189419,0.12110802,1.66884313
-4.73336668,4.11262713,0.07021511,0.68786079,1.24730119,1.01287489,0.24393231,0.12011676,1.66324511
-4.72736368,4.07424970,0.06791662,0.67749232,1.22711402,1.00256474,0.23515002,0.11870445,1.65818435
-4.72136068,4.03346572,0.06540343,0.66557897,1.20761995,0.99052969,0.22565801,0.11688044,1.65428193
-4.71535768,3.99183538,0.06269738,0.65234797,1.18949078,0.97713316,0.21557319,0.11466524,1.65223462
-4.70935468,3.95108127,0.05982435,0.63805832,1.17340974,0.96279015,0.20501675,0.11208997,1.65279285
-4.70335168,3.91303194,0.05681385,0.62299228,1.16005004,0.94795510,0.19411220,0.10919530,1.65673512
-4.69734867,3.87955913,0.05369839,0.60744593,1.15005381,0.93310782,0.18298339,0.10603019,1.66483986
-4.69134567,3.85251125,0.05051283,0.59171892,1.14401193,0.91873796,0.17175260,0.10265027,1.67785575
-4.68534267,3.83364587,0.04729363,0.57610418,1.14244576,0.90532870,0.16053865,0.09911596,1.69647193
-4.67933967,3.82456440,0.04407802,0.56087772,1.14579119,0.89334048,0.14945517,0.09549055,1.72128944
-4.67333667,3.82665182,0.04090318,0.54628924,1.15438575,0.88319548,0.13860889,0.09183817,1.75279509
-4.66733367,3.84102446,0.03780544,0.53255393,1.16845932,0.87526345,0.12809823,0.08822182,1.79133927
-4.66133067,3.86848818,0.03481950,0.51984583,1.18812872,0.86984986,0.11801197,0.08470147,1.83711863
-4.65532766,3.90950905,0.03197773,0.50829310,1.21339649,0.86718646,0.10842829,0.08133246,1.89016440
-4.64932466,3.96419759,0.02930957,0.49797546,1.24415382,0.86742505,0.09941393,0.07816405,1.95033715
-4.64332166,4.03230730,0.02684101,0.48892385,1.28018759,0.87063435,0.09102373,0.07523834,2.01732783
-4.63731866,4.11324711,0.02459421,0.48112237,1.32119098,0.87680021,0.08330041,0.07258954,2.09066514
-4.63131566,4.20610663,0.02258721,0.47451228,1.36677720,0.88582885,0.07627466,0.07024354,2.16972863
-4.62531266,4.30969267,0.02083378,0.46899793,1.41649567,0.89755282,0.06996550,0.06821781,2.25376664
-4.61930965,4.42257446,0.01934332,0.46445411,1.46984965,0.91173939,0.06438083,0.06652170,2.34191801
-4.61330665,4.54313509,0.01812097,0.46073460,1.52631468,0.92810051,0.05951834,0.06515692,2.43323632
-4.60730365,4.66962612,0.01716768,0.45768126,1.58535655,0.94630397,0.05536643,0.06411833,2.52671534
-4.60130065,4.80022254,0.01648047,0.45513330,1.64644833,0.96598503,0.05190541,0.06339481,2.62131429
-4.59529765,4.93307534,0.01605263,0.45293612,1.70908526,0.98675792,0.04910876,0.06297038,2.71598190
-4.58929465,5.06635944,0.01587413,0.45094941,1.77279719,1.00822667,0.04694441,0.06282525,2.80967814
-4.58329165,5.19831509,0.01593193,0.44905402,1.83715795,1.02999496,0.04537608,0.06293699,2.90139300
-4.57728864,5.32728168,0.01621041,0.44715732,1.90179127,1.05167457,0.04436460,0.06328157,2.99016192
-4.57128564,5.45172335,0.01669179,0.44519685,1.96637350,1.07289233,0.04386914,0.06383441,3.07507768
-4.56528264,5.57024652,0.01735657,0.44314219,2.03063290,1.09329562,0.04384838,0.06457123,3.15529912
-4.55927964,5.68160987,0.01818403,0.44099487,2.09434605,1.11255639,0.04426154,0.06546887,3.23005687
-4.55327664,5.78472799,0.01915265,0.43878670,2.15733174,1.13037396,0.04506927,0.06650586,3.29865693
-4.54727364,5.87866987,0.02024060,0.43657637,2.21944278,1.14647687,0.04623442,0.06766289,3.36048262
-4.54127064,5.96265377,0.02142617,0.43444480,2.28055652,1.16062397,0.04772256,0.06892315,3.41499565
-4.53526763,6.03603985,0.02268816,0.43248934,2.34056445,1.17260510,0.04950237,0.07027237,3.46173698
-4.52926463,6.09832183,0.02400633,0.43081734,2.39936165,1.18224158,0.05154579,0.07169890,3.50032780
-4.52326163,6.14911870,0.02536164,0.42953917,2.45683647,1.18938659,0.05382793,0.07319344,3.53047114
-4.51725863,6.18816717,0.02673655,0.42876127,2.51286106,1.19392569,0.05632689,0.07474880,3.55195391
-4.51125563,6.21531507,0.02811519,0.42857934,2.56728306,1.19577739,0.05902321,0.07635939,3.56464962
-4.50525263,6.23051598,0.02948346,0.42907210,2.61991890,1.19489370,0.06189927,0.07802072,3.56852114
-4.49924962,6.23382472,0.03082901,0.43029575,2.67054891,1.19126079,0.06493848,0.07972876,3.56362339
-4.49324662,6.22539349,0.03214119,0.43227951,2.71891471,1.18489923,0.06812431,0.08147922,3.55010532
-4.48724362,6.20546821,0.03341089,0.43502220,2.76471899,1.17586407,0.07143930,0.08326687,3.52821089
-4.48124062,6.17438485,0.03463025,0.43849019,2.80762802,1.16424436,0.07486400,0.08508484,3.49827857
-4.47523762,6.13256553,0.03579241,0.44261670,2.84727707,1.15016216,0.07837595,0.08692397,3.46073926
-4.46923462,6.08051440,0.03689120,0.44730251,2.88327883,1.13377088,0.08194880,0.08877227,3.41611251
-4.46323162,6.01881356,0.03792074,0.45241810,2.91523512,1.11525313,0.08555156,0.09061455,3.36500111
-4.45722861,5.94811929,0.03887519,0.45780715,2.94275159,1.09481797,0.08914811,0.09243216,3.30808449
-4.45122561,5.86915926,0.03974844,0.46329132,2.96545532,1.07269782,0.09269696,0.09420304,3.24611112
-4.44522261,5.78273083,0.04053394,0.46867613,2.98301501,1.04914522,0.09615143,0.09590194,3.17989054
-4.43921961,5.68970130,0.04122455,0.47375774,2.99516287,1.02442939,0.09946010,0.09750090,3.11028531
-4.43321661,5.59100974,0.04181259,0.47833049,3.00171758,0.99883307,0.10256773,0.09896996,3.03820342
-4.42721361,5.48767069,0.04228990,0.48219474,3.00260704,0.97264948,0.10541644,0.10027817,2.96459120
-4.42121061,5.38077891,0.04264810,0.48516477,2.99788962,0.94617963,0.10794730,0.10139467,2.89042692
-4.41520760,5.27151451,0.04287889,0.48707648,2.98777252,0.91972995,0.11010211,0.10228996,2.81671473
-4.40920460,5.16114701,0.04297449,0.48779435,2.97262560,0.89361014,0.11182538,0.10293724,2.74447874
-4.40320160,5.05103693,0.04292808,0.48721751,2.95298927,0.86813107,0.11306648,0.10331368,2.67475635
-4.39719860,4.94263319,0.04273431,0.48528448,2.92957515,0.84360266,0.11378158,0.10340170,2.60859042
-4.39119560,4.83746461,0.04238982,0.48197634,2.90325839,0.82033127,0.11393568,0.10318994,2.54701924
-4.38519260,4.73712409,0.04189367,0.47731817,2.87506102,0.79861671,0.11350424,0.10267412,2.49106375
-4.37918959,4.64324427,0.04124773,0.47137865,2.84612624,0.77874826,0.11247455,0.10185748,2.44171127
-4.37318659,4.55746412,0.04045700,0.46426770,2.81768397,0.76099987,0.11084669,0.10075096,2.39989559
-4.36718359,4.48138666,0.03952976,0.45613242,2.79100858,0.74562432,0.10863403,0.09937296,2.36647326
-4.36118059,4.41652844,0.03847756,0.44715129,2.76737051,0.73284639,0.10586320,0.09774878,2.34219653
-4.35517759,4.36426273,0.03731520,0.43752707,2.74798372,0.72285526,0.10257358,0.09590962,2.32768377
-4.34917459,4.32575862,0.03606037,0.42747872,2.73395138,0.71579634,0.09881634,0.09389138,2.32338847
-4.34317159,4.30191911,0.03473336,0.41723263,2.72621286,0.71176305,0.09465299,0.09173320,2.32956857
-4.33716858,4.29332183,0.03335648,0.40701378,2.72549452,0.71078885,0.09015366,0.08947579,2.34625769
-4.33116558,4.30016602,0.03195357,0.39703714,2.73226754,0.71284032,0.08539498,0.08715981,2.37324050
-4.32516258,4.32222957,0.03054932,0.38749977,2.74671513,0.71781159,0.08045793,0.08482417,2.41003408
-4.31915958,4.35883976,0.02916860,0.37857408,2.76871144,0.72552092,0.07542549,0.08250450,2.45587722
-4.31315658,4.40886037,0.02783585,0.37040247,2.79781380,0.73570970,0.07038043,0.08023188,2.50972924
-4.30715358,4.47069760,0.02657445,0.36309362,2.83326919,0.74804441,0.06540310,0.07803180,2.57027946
-4.30115058,4.54232585,0.02540615,0.35672057,2.87403515,0.76212167,0.06056950,0.07592340,2.63596809
-4.29514757,4.62133345,0.02435063,0.35132057,2.91881447,0.77747649,0.05594957,0.07391920,2.70501847
-4.28914457,4.70498731,0.02342508,0.34689663,2.96610218,0.79359357,0.05160576,0.07202505,2.77548010
-4.28314157,4.79031430,0.02264392,0.34342064,3.01424287,0.80992131,0.04759198,0.07024057,2.84528109
-4.27713857,4.87419601,0.02201859,0.34083762,3.06149538,0.82588815,0.04395282,0.06855975,2.91228833
-4.27113557,4.95347281,0.02155751,0.33907104,3.10610185,0.84092039,0.04072311,0.06697195,2.97437278
-4.26513257,5.02505249,0.02126595,0.33802860,3.14635759,0.85446090,0.03792776,0.06546302,3.02947719
-4.25912956,5.08601829,0.02114618,0.33760820,3.18067837,0.86598780,0.03558188,0.06401647,3.07568328
-4.25312656,5.13373117,0.02119745,0.33770370,3.20766173,0.87503219,0.03369111,0.06261484,3.11127520
-4.24712356,5.16592145,0.02141624,0.33821018,3.22613931,0.88119414,0.03225211,0.06124082,3.13479637
-4.24112056,5.18076540,0.02179630,0.33902836,3.23521783,0.88415623,0.03125326,0.05987843,3.14509709
-4.23511756,5.17694326,0.02232889,0.34006803,3.23430677,0.88369376,0.03067540,0.05851394,3.14137072
-4.22911456,5.15367619,0.02300292,0.34125029,3.22313181,0.87968145,0.03049267,0.05713656,3.12317675
-4.22311156,5.11074077,0.02380515,0.34250865,3.20173368,0.87209615,0.03067349,0.05573895,3.09045004
-4.21710855,5.04846085,0.02472034,0.34378905,3.17045305,0.86101548,0.03118150,0.05431742,3.04349580
-4.21110555,4.96767791,0.02573147,0.34504876,3.12990260,0.84661263,0.03197662,0.05287188,2.98297103
-4.20510255,4.86970195,0.02681992,0.34625457,3.08092830,0.82914761,0.03301615,0.05140564,2.90985367
-4.19909955,4.75624627,0.02796573,0.34738036,3.02456234,0.80895541,0.03425593,0.04992490,2.82540105
-4.19309655,4.62934981,0.02914778,0.34840436,2.96197042,0.78643179,0.03565159,0.04843818,2.73110030
-4.18709355,4.49129156,0.03034417,0.34930637,2.89439641,0.76201752,0.03715981,0.04695564,2.62861303
-4.18109055,4.34450165,0.03153248,0.35006523,2.82310747,0.73618175,0.03873973,0.04548830,2.51971740
-4.17508754,4.19147373,0.03269016,0.35065669,2.74934219,0.70940548,0.04035436,0.04404736,2.40625018
-4.16908454,4.03468280,0.03379496,0.35105197,2.67426463,0.68216589,0.04197203,0.04264344,2.29005163
-4.16308154,3.87651237,0.03482532,0.35121710,2.59892586,0.65492221,0.04356791,0.04128610,2.17291549
-4.15707854,3.71919384,0.03576090,0.35111309,2.52423497,0.62810383,0.04512544,0.03998327,2.05654612
-4.15107554,3.56476034,0.03658301,0.35069696,2.45094019,0.60210097,0.04663773,0.03874103,1.94252428
-4.14507254,3.41501622,0.03727509,0.34992355,2.37962054,0.57725830,0.04810888,0.03756342,1.83228228
-4.13906953,3.27152238,0.03782319,0.34874812,2.31068779,0.55387162,0.04955505,0.03645244,1.72708905
-4.13306653,3.13559682,0.03821631,0.34712932,2.24439784,0.53218741,0.05100534,0.03540824,1.62804481
-4.12706353,3.00832898,0.03844683,0.34503260,2.18087033,0.51240522,0.05250241,0.03442940,1.53608443
-4.12106053,2.89060544,0.03851072,0.34243377,2.12011472,0.49468230,0.05410270,0.03351334,1.45198854
-4.11505753,2.78314455,0.03840773,0.33932228,2.06206110,0.47914015,0.05587626,0.03265677,1.37640061
-4.10905453,2.68653659,0.03814149,0.33570437,2.00659347,0.46587239,0.05790613,0.03185629,1.30984835
-4.10305153,2.60128643,0.03771943,0.33160555,1.95358364,0.45495317,0.06028726,0.03110886,1.25276738
-4.09704852,2.52785527,0.03715267,0.32707241,1.90292356,0.44644573,0.06312492,0.03041239,1.20552535
-4.09104552,2.46669874,0.03645573,0.32217360,1.85455447,0.44041038,0.06653257,0.02976616,1.16844463
-4.08504252,2.41829838,0.03564617,0.31699991,1.80849116,0.43691131,0.07062932,0.02917129,1.14182194
-4.07903952,2.38318481,0.03474410,0.31166330,1.76484024,0.43602191,0.07553688,0.02863098,1.12594364
-4.07303652,2.36195080,0.03377167,0.30629507,1.72381168,0.43782826,0.08137617,0.02815080,1.12109564
-4.06703352,2.35525365,0.03275239,0.30104311,1.68572297,0.44243051,0.08826359,0.02773871,1.12756747
-4.06103052,2.36380675,0.03171048,0.29606841,1.65099618,0.44994221,0.09630718,0.02740509,1.14565019
-4.05502751,2.38836103,0.03067020,0.29154093,1.62014807,0.46048762,0.10560263,0.02716256,1.17562864
-4.04902451,2.42967753,0.02965509,0.28763502,1.59377411,0.47419726,0.11622948,0.02702578,1.21776845
-4.04302151,2.48849289,0.02868732,0.28452472,1.57252734,0.49120208,0.12824748,0.02701110,1.27229905
-4.03701851,2.56548017,0.02778702,0.28237892,1.55709343,0.51162659,0.14169348,0.02713618,1.33939370
-4.03101551,2.66120739,0.02697170,0.28135685,1.54816319,0.53558151,0.15657879,0.02741950,1.41914821
-4.02501251,2.77609657,0.02625575,0.28160391,1.54640404,0.56315642,0.17288739,0.02787991,1.51155973
-4.01900950,2.91038575,0.02564999,0.28324816,1.55243198,0.59441290,0.19057498,0.02853611,1.61650724
-4.01300650,3.06409641,0.02516143,0.28639747,1.56678512,0.62937862,0.20956896,0.02940613,1.73373493
-4.00700350,3.23700821,0.02479304,0.29113751,1.58990028,0.66804268,0.22976954,0.03050684,1.86283996
-4.00100050,3.42864254,0.02454377,0.29753069,1.62209328,0.71035251,0.25105183,0.03185350,2.00326508
-3.99499750,3.63825554,0.02440858,0.30561585,1.66354378,0.75621238,0.27326897,0.03345928,2.15429695
-3.98899450,3.86484102,0.02437871,0.31540878,1.71428487,0.80548355,0.29625614,0.03533486,2.31507006
-3.98299150,4.10714241,0.02444200,0.32690351,1.77419774,0.85798590,0.31983529,0.03748806,2.48457610
-3.97698849,4.36367291,0.02458338,0.34007398,1.84301092,0.91350070,0.34382047,0.03992347,2.66167795
-3.97098549,4.63274204,0.02478540,0.35487628,1.92030390,0.97177434,0.36802330,0.04264217,2.84512757
-3.96498249,4.91248667,0.02502888,0.37125087,2.00551450,1.03252243,0.39225857,0.04564137,3.03358634
-3.95897949,5.20090418,0.02529358,0.38912490,2.09794916,1.09543399,0.41634939,0.04891420,3.22564661
-3.95297649,5.49588583,0.02555894,0.40841439,2.19679554,1.16017524,0.44013182,0.05244943,3.41985325
-3.94697349,5.79524803,0.02580477,0.42902596,2.30113668,1.22639279,0.46345858,0.05623128,3.61472365
-3.94097049,6.09676015,0.02601193,0.45085829,2.40996610,1.29371593,0.48620173,0.06023924,3.80876555
-3.93496748,6.39816764,0.02616299,0.47380305,2.52220334,1.36175795,0.50825407,0.06444796,4.00049162
-3.92896448,6.69721008,0.02624276,0.49774546,2.63670972,1.43011665,0.52952925,0.06882720,4.18843079
-3.92296148,6.99163428,0.02623874,0.52256446,2.75230408,1.49837410,0.54996055,0.07334190,4.37113619
-3.91695848,7.27920337,0.02614151,0.54813265,2.86777869,1.56609619,0.56949852,0.07795235,4.54719028
-3.91095548,7.55770325,0.02594493,0.57431625,2.98191541,1.63283218,0.58810754,0.08261447,4.71520809
-3.90495248,7.82494825,0.02564628,0.60097505,3.09350235,1.69811506,0.60576164,0.08728028,4.87383953
-3.89894947,8.07878801,0.02524622,0.62796280,3.20135132,1.76146291,0.62243990,0.09189849,5.02177219
-3.89294647,8.31711770,0.02474868,0.65512804,3.30431638,1.82238203,0.63812160,0.09641531,5.15773586
-3.88694347,8.53789340,0.02416064,0.68231558,3.40131340,1.88037206,0.65278180,0.10077536,5.28050999
-3.88094047,8.73915400,0.02349182,0.70936878,3.49134069,1.93493332,0.66638729,0.10492275,5.38893503
-3.87493747,8.91905055,0.02275428,0.73613253,3.57350040,1.98557661,0.67889354,0.10880232,5.48192816
-3.86893447,9.07588287,0.02196199,0.76245706,3.64702012,2.03183506,0.69024263,0.11236087,5.55850371
-3.86293147,9.20814285,0.02113039,0.78820235,3.71127398,2.07327795,0.70036255,0.11554854,5.61779762
-3.85692846,9.31456277,0.02027586,0.81324306,3.76580241,2.10952574,0.70916765,0.11832010,5.65909530
-3.85092546,9.39416626,0.01941528,0.83747363,3.81032938,2.14026570,0.71656050,0.12063619,5.68186145
-3.84492246,9.44631910,0.01856559,0.86081340,3.84477617,2.16526725,0.72243482,0.12246449,5.68577005
-3.83891946,9.47077658,0.01774330,0.88321134,3.86927062,2.18439606,0.72667946,0.12378067,5.67073271
-3.83291646,9.46772388,0.01696415,0.90465016,3.88415086,2.19762607,0.72918301,0.12456914,5.63692314
-3.82691346,9.43780640,0.01624278,0.92514944,3.88996295,2.20504852,0.72983893,0.12482353,5.58479581
-3.82091046,9.38214696,0.01559237,0.94476756,3.88745185,2.20687714,0.72855070,0.12454694,5.51509697
-3.81490745,9.30234771,0.01502449,0.96360223,3.87754585,2.20344917,0.72523682,0.12375187,5.42886654
-3.80890445,9.20047518,0.01454884,0.98178951,3.86133448,2.19522169,0.71983534,0.12245980,5.32742997
-3.80290145,9.07902808,0.01417310,0.99950122,3.84004072,2.18276320,0.71230768,0.12070065,5.21237957
-3.79689845,8.94088804,0.01390290,1.01694084,3.81498822,2.16674076,0.70264150,0.11851182,5.08554557
-3.79089545,8.78925495,0.01374169,1.03433796,3.78756496,2.14790299,0.69085264,0.11593712,4.94895762
-3.78489245,8.62756900,0.01369075,1.05194155,3.75918445,2.12705966,0.67698595,0.11302552,4.80479820
-3.77888944,8.45942257,0.01374922,1.07001222,3.73124616,2.10505873,0.66111507,0.10982978,4.65534959
-3.77288644,8.28846556,0.01391411,1.08881388,3.70509652,2.08276186,0.64334132,0.10640498,4.50293668
-3.76688344,8.11830802,0.01418043,1.10860505,3.68199200,2.06101944,0.62379163,0.10280716,4.34986796
-3.76088044,7.95242423,0.01454124,1.12963025,3.66306552,2.04064624,0.60261590,0.09909185,4.19837714
-3.75487744,7.79406203,0.01498786,1.15211186,3.64929720,2.02239874,0.57998367,0.09531285,4.05056775
-3.74887444,7.64616114,0.01550997,1.17624261,3.64149043,2.00695511,0.55608060,0.09152097,3.90836301
-3.74287144,7.51128337,0.01609583,1.20217935,3.64025382,1.99489860,0.53110465,0.08776311,3.77346265
-3.73686843,7.39155731,0.01673254,1.23003797,3.64598927,1.98670494,0.50526224,0.08408139,3.64730829
-3.73086543,7.28863906,0.01740621,1.25989004,3.65888645,1.98273420,0.47876450,0.08051248,3.53105835
-3.72486243,7.20368998,0.01810226,1.29176106,3.67892341,1.98322725,0.45182369,0.07708722,3.42557292
-3.71885943,7.13737157,0.01880573,1.32563055,3.70587326,1.98830669,0.42464988,0.07383038,3.33140880
-3.71285643,7.08985692,0.01950150,1.36143390,3.73931624,1.99798212,0.39744787,0.07076052,3.24882406
-3.70685343,7.06085733,0.02017468,1.39906596,3.77865689,2.01215920,0.37041453,0.06789020,3.17779167
-3.70085043,7.04966246,0.02081083,1.43838623,3.82314552,2.03065193,0.34373637,0.06522621,3.11802075
-3.69484742,7.05519166,0.02139630,1.47922535,3.87190343,2.05319745,0.31758745,0.06276994,3.06898435
-3.68884442,7.07605394,0.02191850,1.52139277,3.92395098,2.07947254,0.29212770,0.06051793,3.02995224
-3.68284142,7.11061393,0.02236615,1.56468515,3.97823788,2.10911109,0.26750145,0.05846246,3.00002702
-3.67683842,7.15706110,0.02272952,1.60889519,4.03367475,2.14172162,0.24383632,0.05659220,2.97818223
-3.67083542,7.21347954,0.02300063,1.65382058,4.08916513,2.17690436,0.22124243,0.05489291,2.96330097
-3.66483242,7.27791602,0.02317338,1.69927251,4.14363714,2.21426692,0.19981193,0.05334820,2.95421365
-3.65882941,7.34844400,0.02324367,1.74508372,4.19607383,2.25343841,0.17961879,0.05194022,2.94973393
-3.65282641,7.42322203,0.02320945,1.79111535,4.24554147,2.29408128,0.16071899,0.05065041,2.94869184
-3.64682341,7.50054498,0.02307073,1.83726277,4.29121495,2.33590098,0.14315097,0.04946017,2.94996350
-3.64082041,7.57888736,0.02282954,1.88345989,4.33239975,2.37865298,0.12693639,0.04835151,2.95249697
-3.63481741,7.65693797,0.02248979,1.92968203,4.36854984,2.42214760,0.11208125,0.04730764,2.95533396
-3.62881441,7.73362599,0.02205720,1.97594717,4.39928126,2.46625237,0.09857723,0.04631351,2.95762742
-3.62281141,7.80813855,0.02153905,2.02231584,4.42438113,2.51089257,0.08640325,0.04535621,2.95865496
-3.61680840,7.87993026,0.02094402,2.06888954,4.44381225,2.55604985,0.07552727,0.04442544,2.95782846
-3.61080540,7.94872550,0.02028190,2.11580801,4.45771340,2.60175955,0.06590821,0.04351368,2.95469992
-3.60480240,8.01451402,0.01956339,2.16324546,4.46639589,2.64810674,0.05749794,0.04261648,2.94896398
-3.59879940,8.07754080,0.01879978,2.21140602,4.47033671,2.69522149,0.05024326,0.04173251,2.94045727
-3.59279640,8.13829076,0.01800272,2.26051851,4.47016911,2.74327320,0.04408785,0.04086363,2.92915499
-3.58679340,8.19746894,0.01718399,2.31083069,4.46667109,2.79246448,0.03897404,0.04001473,2.91516470
-3.58079040,8.25597659,0.01635520,2.36260313,4.46075231,2.84302421,0.03484447,0.03919368,2.89871769
-3.57478739,8.31488338,0.01552763,2.41610264,4.45344014,2.89519997,0.03164338,0.03841095,2.88015787
-3.56878439,8.37539586,0.01471199,2.47159524,4.44586485,2.94924962,0.02931771,0.03767939,2.85992838
-3.56278139,8.43882219,0.01391830,2.52933870,4.43924426,3.00543181,0.02781783,0.03701373,2.83855595
-3.55677839,8.50653302,0.01315572,2.58957434,4.43486764,3.06399552,0.02709786,0.03643015,2.81663305
-3.55077539,8.57991873,0.01243245,2.65251830,4.43407865,3.12516828,0.02711575,0.03594567,2.79479814
-3.54477239,8.66034309,0.01175565,2.71835192,4.43825689,3.18914333,0.02783293,0.03557763,2.77371409
-3.53876938,8.74909379,0.01113137,2.78721155,4.44879756,3.25606571,0.02921364,0.03534298,2.75404526
-3.53276638,8.84733080,0.01056451,2.85917760,4.46708874,3.32601774,0.03122410,0.03525763,2.73643367
-3.52676338,8.95603346,0.01005881,2.93426347,4.49448591,3.39900420,0.03383128,0.03533578,2.72147488
-3.52076038,9.07594809,0.00961682,3.01240430,4.53228349,3.47493805,0.03700170,0.03558926,2.70969445
-3.51475738,9.20753794,0.00923990,3.09344640,4.58168340,3.55362721,0.04070007,0.03602686,2.70152562
-3.50875438,9.35093767,0.00892826,3.17713774,4.64376100,3.63476345,0.04488793,0.03665379,2.69728946
-3.50275138,9.50591479,0.00868095,3.26312024,4.71942909,3.71791417,0.04952248,0.03747117,2.69717821
-3.49674837,9.67184050,0.00849593,3.35092457,4.80940099,3.80251792,0.05455551,0.03847558,2.70124286
-3.49074537,9.84767215,0.00837010,3.43996805,4.91415408,3.88788441,0.05993267,0.03965885,2.70938581
-3.48474237,10.03194930,0.00829935,3.52955630,5.03389538,3.97319960,0.06559305,0.04100792,2.72135931
-3.47873937,10.22280489,0.00827867,3.61888896,5.16853091,4.05753613,0.07146918,0.04250482,2.73677009
-3.47273637,10.41799228,0.00830224,3.70706987,5.31764073,4.13986920,0.07748743,0.04412694,2.75509038
-3.46673337,10.61492832,0.00836355,3.79312154,5.48046143,4.21909765,0.08356891,0.04584735,2.77567533
-3.46073037,10.81075155,0.00845552,3.87600385,5.65587758,4.29406960,0.08963080,0.04763542,2.79778617
-3.45472736,11.00239422,0.00857072,3.95463633,5.84242365,4.36361193,0.09558808,0.04945749,2.82061854
-3.44872436,11.18666553,0.00870151,4.02792355,6.03829706,4.42656237,0.10135559,0.05127775,2.84333483
-3.44272136,11.36034330,0.00884027,4.09478244,6.24138304,4.48180299,0.10685042,0.05305925,2.86509921
-3.43671836,11.52027039,0.00897959,4.15417080,6.44929108,4.52829371,0.11199440,0.05476492,2.88511389
-3.43071536,11.66345220,0.00911250,4.20511565,6.65940250,4.56510439,0.11671664,0.05635876,2.90265487
-3.42471236,11.78715114,0.00923272,4.24674047,6.86892779,4.59144411,0.12095597,0.05780689,2.91710562
-3.41870935,11.88897431,0.00933480,4.27829021,7.07497240,4.60668653,0.12466324,0.05907868,2.92798699
-3.41270635,11.96695082,0.00941436,4.29915300,7.27460865,4.61039016,0.12780312,0.06014769,2.93498193
-3.40670335,12.01959572,0.00946826,4.30887799,7.46495149,4.60231287,0.13035558,0.06099261,2.93795376
-3.40070035,12.04595800,0.00949466,4.30718848,7.64323561,4.58242025,0.13231671,0.06159785,2.93695711
-3.39469735,12.04565114,0.00949319,4.29399018,7.80689089,4.55088736,0.13369898,0.06195414,2.93224074
-3.38869435,12.01886507,0.00946494,4.26937418,7.95361370,4.50809433,0.13453078,0.06205874,2.92424231
-3.38269135,11.96635959,0.00941245,4.23361494,8.08143123,4.45461588,0.13485533,0.06191552,2.91357505
-3.37668834,11.88943989,0.00933968,4.18716343,8.18875648,4.39120555,0.13472897,0.06153480,2.90100697
-3.37068534,11.78991538,0.00925193,4.13063575,8.27443190,4.31877530,0.13421883,0.06093294,2.88743355
-3.36468234,11.67004390,0.00915565,4.06479792,8.33775981,4.23837147,0.13340014,0.06013174,2.87384505
-3.35867934,11.53246381,0.00905832,3.99054742,8.37851872,4.15114797,0.13235310,0.05915774,2.86129010
-3.35267634,11.38011663,0.00896824,3.90889210,8.39696460,4.05833783,0.13115964,0.05804128,2.85083699
-3.34667334,11.21616349,0.00889432,3.82092731,8.39381738,3.96122391,0.12990011,0.05681559,2.84353456
-3.34067034,11.04389844,0.00884589,3.72781193,8.37023313,3.86111000,0.12865013,0.05551575,2.84037446
-3.33466733,10.86666209,0.00883247,3.63074398,8.32776310,3.75929291,0.12747768,0.05417770,2.84225647
-3.32866433,10.68775839,0.00886360,3.53093660,8.26830149,3.65703649,0.12644069,0.05283727,2.84995836
-3.32266133,10.51037775,0.00894869,3.42959489,8.19402398,3.55554827,0.12558510,0.05152933,2.86411175
-3.31665833,10.33752888,0.00909682,3.32789440,8.10731982,3.45595920,0.12494354,0.05028700,2.88518495
-3.31065533,10.17198170,0.00931673,3.22696162,8.01072016,3.35930705,0.12453478,0.04914107,2.91347349
-3.30465233,10.01622278,0.00961667,3.12785695,7.90682565,3.26652369,0.12436373,0.04811947,2.94909869
-3.29864932,9.87242459,0.01000437,3.03156066,7.79823615,3.17842653,0.12442223,0.04724702,2.99201419
-3.29264632,9.74242881,0.01048708,2.93896186,7.68748533,3.09571401,0.12469042,0.04654521,3.04201989
-3.28664332,9.62774357,0.01107149,2.85085080,7.57698230,3.01896517,0.12513862,0.04603218,3.09878250
-3.28064032,9.52955358,0.01176379,2.76791445,7.46896234,2.94864287,0.12572964,0.04572285,3.16186136
-3.27463732,9.44874158,0.01256966,2.69073530,7.36544782,2.88510032,0.12642136,0.04562901,3.23073798
-3.26863432,9.38591872,0.01349426,2.61979300,7.26822007,2.82859029,0.12716952,0.04575961,3.30484751
-3.26263132,9.34146136,0.01454217,2.55546868,7.17880198,2.77927624,0.12793039,0.04612095,3.38361016
-3.25662831,9.31555090,0.01571732,2.49805125,7.09845103,2.73724461,0.12866336,0.04671694,3.46646056
-3.25062531,9.30821351,0.01702289,2.44774529,7.02816112,2.70251746,0.12933326,0.04754927,3.55287318
-3.24462231,9.31935646,0.01846109,2.40467967,6.96867196,2.67506437,0.12991220,0.04861752,3.64238209
-3.23861931,9.34879788,0.02003296,2.36891646,6.92048385,2.65481302,0.13038101,0.04991923,3.73459359
-3.23261631,9.39628762,0.02173807,2.34045935,6.88387584,2.64165748,0.13073005,0.05144977,3.82919078
-3.22661331,9.46151701,0.02357422,2.31926092,6.85892534,2.63546379,0.13095948,0.05320226,3.92592959
-3.22061031,9.54411666,0.02553706,2.30522844,6.84552715,2.63607239,0.13107891,0.05516728,4.02462626
-3.21460730,9.64364202,0.02761977,2.29822771,6.84341051,2.64329713,0.13110650,0.05733264,4.12513699
-3.20860430,9.75954771,0.02981272,2.29808474,6.85215312,2.65692126,0.13106759,0.05968302,4.22733094
-3.20260130,9.89115233,0.03210315,2.30458535,6.87119130,2.67669040,0.13099283,0.06219967,4.33105835
-3.19659830,10.03759669,0.03447493,2.31747276,6.89982662,2.70230353,0.13091609,0.06486018,4.43611593
-3.19059530,10.19779887,0.03690848,2.33644354,6.93722903,2.73340246,0.13087208,0.06763827,4.54221201
-3.18459230,10.37041025,0.03938068,2.36114257,6.98243773,2.76956116,0.13089399,0.07050380,4.64893404
-3.17858929,10.55377689,0.04186505,2.39115741,7.03436092,2.81027577,0.13101113,0.07342283,4.75572124
-3.17258629,10.74591047,0.04433200,2.42601307,7.09177586,2.85495669,0.13124678,0.07635798,4.86184462
-3.16658329,10.94447289,0.04674924,2.46516771,7.15333104,2.90292372,0.13161635,0.07926891,4.96639677
-3.16058029,11.14677781,0.04908244,2.50801024,7.21755182,2.95340521,0.13212588,0.08211307,5.06829277
-3.15457729,11.34981161,0.05129590,2.55386025,7.28285109,3.00554214,0.13277117,0.08484653,5.16628341
-3.14857429,11.55027507,0.05335345,2.60197104,7.34754577,3.05839737,0.13353723,0.08742513,5.25898086
-3.14257129,11.74464576,0.05521943,2.65153597,7.40988008,3.11097042,0.13439852,0.08980562,5.34489633
-3.13656828,11.92925999,0.05685966,2.70169835,7.46805541,3.16221745,0.13531955,0.09194695,5.42248848
-3.13056528,12.10041155,0.05824254,2.75156480,7.52026659,3.21107602,0.13625617,0.09381156,5.49022052
-3.12456228,12.25446343,0.05934004,2.80022173,7.56474359,3.25649354,0.13715723,0.09536663,5.54662340
-3.11855928,12.38796764,0.06012860,2.84675454,7.59979712,3.29745835,0.13796669,0.09658523,5.59036200
-3.11255628,12.49778750,0.06059004,2.89026862,7.62386639,3.33303198,0.13862599,0.09744728,5.62030086
-3.10655328,12.58121615,0.06071212,2.92991140,7.63556687,3.36238087,0.13907664,0.09794033,5.63556589
-3.10055028,12.63608514,0.06048910,2.96489436,7.63373555,3.38480601,0.13926279,0.09806006,5.63559856
-3.09454727,12.66085706,0.05992194,2.99451392,7.61747146,3.39976882,0.13913382,0.09781048,5.62019938
-3.08854427,12.65469678,0.05901838,3.01817022,7.58616905,3.40691168,0.13864661,0.09720385,5.58955797
-3.08254127,12.61751698,0.05779271,3.03538270,7.53954238,3.40607198,0.13776764,0.09626022,5.54426752
-3.07653827,12.54999471,0.05626540,3.04580178,7.47763854,3.39728866,0.13647455,0.09500679,5.48532240
-3.07053527,12.45355720,0.05446246,3.04921588,7.40083907,3.38080063,0.13475724,0.09347692,5.41409841
-3.06453227,12.33033686,0.05241472,3.04555342,7.30984889,3.35703694,0.13261849,0.09170891,5.33231603
-3.05852926,12.18309689,0.05015687,3.03487982,7.20567290,3.32659905,0.13007396,0.08974472,5.24198808
-3.05252626,12.01513046,0.04772658,3.01738935,7.08958096,3.29023582,0.12715158,0.08762841,5.14535378
-3.04652326,11.83013801,0.04516338,2.99339269,6.96306275,3.24881240,0.12389054,0.08540470,5.04480211
-3.04052026,11.63208819,0.04250772,2.96330057,6.82777447,3.20327450,0.12033969,0.08311744,4.94278786
-3.03451726,11.42506909,0.03979994,2.92760449,6.68548005,3.15460973,0.11655558,0.08080825,4.84174415
-3.02851426,11.21313660,0.03707942,2.88685570,6.53798936,3.10380788,0.11260031,0.07851516,4.74399538
-3.02251126,11.00016723,0.03438381,2.84164334,6.38709679,3.05182215,0.10853903,0.07627162,4.65167457
-3.01650825,10.78972212,0.03174831,2.79257311,6.23452282,2.99953315,0.10443755,0.07410561,4.56664882
-3.01050525,10.58492853,0.02920523,2.74024736,6.08186162,2.94771739,0.10035993,0.07203902,4.49045620
-3.00450225,10.38838407,0.02678361,2.68524762,5.93053687,2.89702182,0.09636627,0.07008734,4.42425670
-2.99849925,10.20208749,0.02450899,2.62812036,5.78176792,2.84794528,0.09251075,0.06825963,4.36879930
-2.99249625,10.02739856,0.02240330,2.56936626,5.63654728,2.80082789,0.08884005,0.06655870,4.32440627
-2.98649325,9.86502791,0.02048496,2.50943350,5.49563021,2.75584835,0.08539218,0.06498163,4.29097496
-2.98049025,9.71505596,0.01876893,2.44871485,5.35953615,2.71302916,0.08219576,0.06352040,4.26799651
-2.97448724,9.57697875,0.01726690,2.38754832,5.22856111,2.67224904,0.07926971,0.06216281,4.25459014
-2.96848424,9.44977711,0.01598756,2.32622082,5.10279950,2.63326164,0.07662348,0.06089351,4.24955075
-2.96248124,9.33200417,0.01493682,2.26497425,4.98217345,2.59571923,0.07425758,0.05969508,4.25140734
-2.95647824,9.22188614,0.01411804,2.20401311,4.86646719,2.55919974,0.07216452,0.05854922,4.25848898
-2.95047524,9.11743008,0.01353230,2.14351278,4.75536397,2.52323577,0.07033003,0.05743787,4.26899518
-2.94447224,9.01653297,0.01317855,2.08362781,4.64848292,2.48734367,0.06873444,0.05634438,4.28106704
-2.93846923,8.91708644,0.01305378,2.02449928,4.54541349,2.45105120,0.06735424,0.05525447,4.29285634
-2.93246623,8.81707207,0.01315314,1.96626072,4.44574557,2.41392253,0.06616359,0.05415709,4.30258935
-2.92646323,8.71464340,0.01346996,1.90904227,4.34909348,2.37557914,0.06513589,0.05304519,4.30862320
-2.92046023,8.60819160,0.01399588,1.85297267,4.25511308,2.33571612,0.06424510,0.05191619,4.30949285
-2.91445723,8.49639307,0.01472078,1.79817929,4.16351149,2.29411308,0.06346706,0.05077234,4.30394751
-2.90845423,8.37823856,0.01563284,1.74478626,4.07404969,2.25063980,0.06278041,0.04962079,4.29097600
-2.90245123,8.25304447,0.01671858,1.69291107,3.98653877,2.20525656,0.06216746,0.04847357,4.26982104
-2.89644822,8.12044785,0.01796287,1.64266023,3.90083101,2.15800988,0.06161469,0.04734730,4.23998326
-2.89044522,7.98038796,0.01934909,1.59412452,3.81680742,2.10902422,0.06111300,0.04626276,4.20121592
-2.88444222,7.83307703,0.02085926,1.54737432,3.73436352,2.05849063,0.06065788,0.04524434,4.15351199
-2.87843922,7.67896389,0.02247429,1.50245585,3.65339499,2.00665340,0.06024915,0.04431938,4.09708504
-2.87243622,7.51869367,0.02417424,1.45938845,3.57378510,1.95379564,0.05989077,0.04351741,4.03234590
-2.86643322,7.35306670,0.02593873,1.41816360,3.49539511,1.90022484,0.05959030,0.04286935,3.95987675
-2.86043022,7.18299940,0.02774730,1.37874571,3.41805891,1.84625926,0.05935838,0.04240673,3.88040414
-2.85442721,7.00948908,0.02957992,1.34107468,3.34158233,1.79221586,0.05920812,0.04216083,3.79477226
-2.84842421,6.83358419,0.03141747,1.30507034,3.26574762,1.73840031,0.05915441,0.04216195,3.70391753
-2.84242121,6.65636060,0.03324216,1.27063824,3.19032248,1.68509932,0.05921323,0.04243859,3.60884510
-2.83641821,6.47890401,0.03503802,1.23767655,3.11507327,1.63257547,0.05940093,0.04301678,3.51060764
-2.83041521,6.30229779,0.03679125,1.20608361,3.03978121,1.58106443,0.05973359,0.04391938,3.41028649
-2.82441221,6.12761530,0.03849052,1.17576543,2.96426041,1.53077430,0.06022632,0.04516545,3.30897501
-2.81840920,5.95591529,0.04012712,1.14664281,2.88837629,1.48188667,0.06089258,0.04676965,3.20776374
-2.81240620,5.78823889,0.04169499,1.11865741,2.81206303,1.43455910,0.06174361,0.04874167,3.10772700
-2.80640320,5.62560679,0.04319063,1.09177650,2.73533857,1.38892835,0.06278777,0.05108573,3.00991044
-2.80040020,5.46901535,0.04461282,1.06599588,2.65831626,1.34511402,0.06403005,0.05380004,2.91531921
-2.79439720,5.31943059,0.04596220,1.04134090,2.58121192,1.30322210,0.06547150,0.05687639,2.82490637
-2.78839420,5.17777947,0.04724080,1.01786549,2.50434594,1.26334813,0.06710880,0.06029976,2.73956152
-2.78239120,5.04493843,0.04845132,0.99564911,2.42813998,1.22557965,0.06893386,0.06404798,2.66009953
-2.77638819,4.92171912,0.04959657,0.97479206,2.35310828,1.18999781,0.07093355,0.06809154,2.58724973
-2.77038519,4.80885214,0.05067865,0.95540909,2.27984404,1.15667804,0.07308951,0.07239351,2.52164563
-2.76438219,4.70696954,0.05169837,0.93762197,2.20900125,1.12568984,0.07537807,0.07690960,2.46381583
-2.75837919,4.61658717,0.05265459,0.92155121,2.14127297,1.09709576,0.07777040,0.08158844,2.41417633
-2.75237619,4.53808805,0.05354379,0.90730746,2.07736693,1.07094974,0.08023278,0.08637206,2.37302494
-2.74637319,4.47170789,0.05435972,0.89498306,2.01797955,1.04729500,0.08272699,0.09119659,2.34053797
-2.74037019,4.41752387,0.05509326,0.88464402,1.96376953,1.02616173,0.08521101,0.09599324,2.31676967
-2.73436718,4.37544735,0.05573250,0.87632300,1.91533204,1.00756472,0.08763977,0.10068944,2.30165444
-2.72836418,4.34522130,0.05626304,0.87001342,1.87317473,0.99150120,0.08996611,0.10521031,2.29501191
-2.72236118,4.32642264,0.05666843,0.86566513,1.83769640,0.97794902,0.09214191,0.10948023,2.29655466
-2.71635818,4.31846941,0.05693087,0.86318169,1.80916916,0.96686524,0.09411923,0.11342463,2.30589819
-2.71035518,4.32063254,0.05703199,0.86241949,1.78772493,0.95818535,0.09585158,0.11697180,2.32257271
-2.70435218,4.33205164,0.05695377,0.86318866,1.77334663,0.95182295,0.09729521,0.12005480,2.34603613
-2.69834917,4.35175395,0.05667952,0.86525589,1.76586453,0.94767014,0.09841028,0.12261326,2.37568748
-2.69234617,4.37867566,0.05619483,0.86834884,1.76495786,0.94559832,0.09916201,0.12459515,2.41088022
-2.68634317,4.41168445,0.05548844,0.87216232,1.77016165,0.94545953,0.09952174,0.12595822,2.45093460
-2.68034017,4.44960244,0.05455307,0.87636575,1.78087867,0.94708818,0.09946770,0.12667130,2.49514864
-2.67433717,4.49122846,0.05338601,0.88061182,1.79639592,0.95030305,0.09898566,0.12671526,2.54280729
-2.66833417,4.53535897,0.05198955,0.88454602,1.81590514,0.95490954,0.09806934,0.12608353,2.59318933
-2.66233117,4.58080701,0.05037123,0.88781676,1.83852673,0.96070203,0.09672052,0.12478233,2.64557223
-2.65632816,4.62641865,0.04854376,0.89008564,1.86333588,0.96746635,0.09494899,0.12283045,2.69923478
-2.65032516,4.67108685,0.04652482,0.89103763,1.88939026,0.97498218,0.09277223,0.12025866,2.75345807
-2.64432216,4.71376257,0.04433656,0.89039070,1.91575799,0.98302552,0.09021480,0.11710875,2.80752505
-2.63831916,4.75346347,0.04200496,0.88790459,1.94154481,0.99137108,0.08730770,0.11343227,2.86071955
-2.63231616,4.78928036,0.03955906,0.88338836,1.96591944,0.99979459,0.08408741,0.10928897,2.91232521
-2.62631316,4.82038198,0.03703000,0.87670638,1.98813614,1.00807519,0.08059495,0.10474513,2.96162523
-2.62031016,4.84601855,0.03445012,0.86778264,2.00755349,1.01599772,0.07687483,0.09987165,3.00790361
-2.61430715,4.86552463,0.03185195,0.85660300,2.02364878,1.02335508,0.07297390,0.09474222,3.05044838
-2.60830415,4.87832194,0.02926730,0.84321546,2.03602754,1.02995071,0.06894034,0.08943141,3.08855759
-2.60230115,4.88392250,0.02672640,0.82772826,2.04442792,1.03560110,0.06482260,0.08401290,3.12154813
-2.59629815,4.88193260,0.02425714,0.81030608,2.04872000,1.04013851,0.06066848,0.07855784,3.14876765
-2.59029515,4.87205784,0.02188451,0.79116435,2.04890030,1.04341372,0.05652421,0.07313344,3.16960941
-2.58429215,4.85410929,0.01963012,0.77056193,2.04508211,1.04529910,0.05243382,0.06780172,3.18352979
-2.57828914,4.82801097,0.01751192,0.74879268,2.03748229,1.04569161,0.04843842,0.06261861,3.19006776
-2.57228614,4.79380828,0.01554410,0.72617601,2.02640569,1.04451602,0.04457580,0.05763320,3.18886573
-2.56628314,4.75167708,0.01373705,0.70304715,2.01222796,1.04172804,0.04088004,0.05288737,3.17969060
-2.56028014,4.70193300,0.01209758,0.67974731,1.99537805,1.03731742,0.03738126,0.04841555,3.16245420
-2.55427714,4.64504025,0.01062916,0.65661439,1.97632137,1.03131074,0.03410550,0.04424486,3.13723175
-2.54827414,4.58161925,0.00933225,0.63397437,1.95554451,1.02377390,0.03107465,0.04039530,3.10427731
-2.54227114,4.51245219,0.00820475,0.61213403,1.93354231,1.01481399,0.02830651,0.03688025,3.06403514
-2.53626813,4.43848577,0.00724240,0.59137486,1.91080774,1.00458052,0.02581485,0.03370701,3.01714592
-2.53026513,4.36083006,0.00643924,0.57194871,1.88782499,0.99326559,0.02360953,0.03087749,2.96444696
-2.52426213,4.28075294,0.00578806,0.55407483,1.86506557,0.98110312,0.02169667,0.02838901,2.90696598
-2.51825913,4.19966916,0.00528078,0.53793862,1.84298725,0.96836671,0.02007878,0.02623503,2.84590789
-2.51225613,4.11912371,0.00490881,0.52369162,1.82203533,0.95536616,0.01875496,0.02440598,2.78263464
-2.50625313,4.04076902,0.00466335,0.51145279,1.80264537,0.94244251,0.01772107,0.02288999,2.71863831
-2.50025013,3.96633608,0.00453563,0.50131057,1.78524670,0.92996159,0.01696984,0.02167365,2.65550804
-2.49424712,3.89759951,0.00451710,0.49332562,1.77026562,0.91830614,0.01649104,0.02074258,2.59489147
-2.48824412,3.83633746,0.00459950,0.48753375,1.75812757,0.90786657,0.01627165,0.02008204,2.53845202
-2.48224112,3.78428682,0.00477494,0.48394883,1.74925732,0.89903057,0.01629597,0.01967733,2.48782303
-2.47623812,3.74309536,0.00503594,0.48256540,1.74407659,0.89217192,0.01654577,0.01951414,2.44456050
-2.47023512,3.71427189,0.00537535,0.48336076,1.74299877,0.88763873,0.01700051,0.01957877,2.41009595
-2.46423212,3.69913653,0.00578631,0.48629648,1.74642046,0.88574155,0.01763745,0.01985829,2.38569099
-2.45822911,3.69877270,0.00626216,0.49131911,1.75471010,0.88674191,0.01843195,0.02034052,2.37239544
-2.45222611,3.71398300,0.00679635,0.49836038,1.76819402,0.89084158,0.01935773,0.02101395,2.37101054
-2.44622311,3.74525092,0.00738234,0.50733665,1.78714055,0.89817324,0.02038715,0.02186768,2.38205860
-2.44022011,3.79271020,0.00801349,0.51814813,1.81174321,0.90879279,0.02149163,0.02289113,2.40576052
-2.43421711,3.85612360,0.00868299,0.53067771,1.84210382,0.92267391,0.02264205,0.02407385,2.44202212
-2.42821411,3.93487235,0.00938378,0.54478991,1.87821678,0.93970515,0.02380921,0.02540524,2.49042987
-2.42221111,4.02795734,0.01010849,0.56032997,1.91995543,0.95968967,0.02496433,0.02687426,2.55025658
-2.41620810,4.13401239,0.01084945,0.57712339,1.96706177,0.98234791,0.02607959,0.02846922,2.62047689
-2.41020510,4.25132984,0.01159865,0.59497601,2.01914006,1.00732316,0.02712860,0.03017747,2.69979226
-2.40420210,4.37789758,0.01234777,0.61367486,2.07565526,1.03418983,0.02808697,0.03198526,2.78666467
-2.39819910,4.51144678,0.01308822,0.63298967,2.13593640,1.06246425,0.02893278,0.03387755,2.87935811
-2.39219610,4.64950857,0.01381124,0.65267520,2.19918529,1.09161756,0.02964697,0.03583794,2.97598625
-2.38619310,4.78947781,0.01450793,0.67247426,2.26449006,1.12109032,0.03021372,0.03784864,3.07456500
-2.38019010,4.92868159,0.01516943,0.69212136,2.33084335,1.15030817,0.03062075,0.03989048,3.17306781
-2.37418709,5.06445008,0.01578700,0.71134669,2.39716427,1.17869809,0.03085946,0.04194305,3.26948219
-2.36818409,5.19418700,0.01635217,0.72988056,2.46232333,1.20570445,0.03092500,0.04398481,3.36186520
-2.36218109,5.31543730,0.01685691,0.74745777,2.52516927,1.23080452,0.03081627,0.04599336,3.44839619
-2.35617809,5.42594943,0.01729376,0.76382194,2.58455667,1.25352253,0.03053576,0.04794567,3.52742496
-2.35017509,5.52373032,0.01765600,0.77872965,2.63937333,1.27344211,0.03008931,0.04981843,3.59751381
-2.34417209,5.60709096,0.01793782,0.79195412,2.68856633,1.29021645,0.02948578,0.05158836,3.65747208
-2.33816908,5.67468140,0.01813443,0.80328836,2.73116575,1.30357598,0.02873670,0.05323259,3.70638210
-2.33216608,5.72551418,0.01824220,0.81254790,2.76630549,1.31333334,0.02785576,0.05472906,3.74361597
-2.32616308,5.75897575,0.01825878,0.81957279,2.79324046,1.31938552,0.02685840,0.05605687,3.76884264
-2.32016008,5.77482582,0.01818319,0.82422916,2.81135973,1.32171320,0.02576125,0.05719668,3.78202532
-2.31415708,5.77318537,0.01801582,0.82641019,2.82019568,1.32037749,0.02458168,0.05813110,3.78340959
-2.30815408,5.75451395,0.01775851,0.82603666,2.81942895,1.31551408,0.02333733,0.05884494,3.77350269
-2.30215108,5.71957760,0.01741449,0.82305713,2.80888949,1.30732536,0.02204566,0.05932560,3.75304504
-2.29614807,5.66940898,0.01698833,0.81744783,2.78855409,1.29607066,0.02072358,0.05956328,3.72297508
-2.29014507,5.60526126,0.01648585,0.80921235,2.75854061,1.28205505,0.01938709,0.05955122,3.68438883
-2.28414207,5.52855772,0.01591400,0.79838113,2.71909972,1.26561718,0.01805106,0.05928583,3.63849555
-2.27813907,5.44083880,0.01528067,0.78501090,2.67060435,1.24711660,0.01672899,0.05876683,3.58657129
-2.27213607,5.34370865,0.01459452,0.76918393,2.61353753,1.22692091,0.01543289,0.05799726,3.52991190
-2.26613307,5.23878282,0.01386479,0.75100725,2.54847908,1.20539329,0.01417316,0.05698348,3.46978706
-2.26013007,5.12763890,0.01310106,0.73061162,2.47609148,1.18288074,0.01295859,0.05573510,3.40739713
-2.25412706,5.01177151,0.01231300,0.70815043,2.39710540,1.15970348,0.01179636,0.05426480,3.34383411
-2.24812406,4.89255323,0.01151023,0.68379821,2.31230508,1.13614575,0.01069210,0.05258814,3.28004825
-2.24212106,4.77120233,0.01070203,0.65774894,2.22251393,1.11244844,0.00964996,0.05072330,3.21682135
-2.23611806,4.64875836,0.00989721,0.63021393,2.12858037,1.08880370,0.00867275,0.04869075,3.15474764
-2.23011506,4.52606630,0.00910389,0.60141941,2.03136426,1.06535169,0.00776203,0.04651287,3.09422309
-2.22411206,4.40376930,0.00832943,0.57160363,1.93172398,1.04217971,0.00691826,0.04421355,3.03544321
-2.21810905,4.28231041,0.00758029,0.54101366,1.83050424,1.01932348,0.00614095,0.04181773,2.97840956
-2.21210605,4.16194272,0.00686195,0.50990187,1.72852487,0.99677078,0.00542879,0.03935094,2.92294462
-2.20610305,4.04274749,0.00617892,0.47852214,1.62657063,0.97446710,0.00477979,0.03683885,2.86871414
-2.20010005,3.92465921,0.00553469,0.44712597,1.52538224,0.95232313,0.00419141,0.03430676,2.81525626
-2.19409705,3.80749644,0.00493177,0.41595863,1.42564867,0.93022371,0.00366069,0.03177916,2.76201579
-2.18809405,3.69099702,0.00437176,0.38525531,1.32800101,0.90803793,0.00318435,0.02927929,2.70838235
-2.18209105,3.57485583,0.00385539,0.35523771,1.23300774,0.88562978,0.00275889,0.02682879,2.65373035
-2.17608804,3.45876343,0.00338263,0.32611090,1.14117174,0.86286895,0.00238071,0.02444732,2.59745922
-2.17008504,3.34244373,0.00295277,0.29806079,1.05292891,0.83964120,0.00204612,0.02215231,2.53903175
-2.16408204,3.22568876,0.00256456,0.27125218,0.96864845,0.81585782,0.00175149,0.01995872,2.47800897
-2.15807904,3.10838900,0.00221626,0.24582754,0.88863467,0.79146369,0.00149325,0.01787896,2.41407970
-2.15207604,2.99055774,0.00190578,0.22190648,0.81313028,0.76644354,0.00126794,0.01592278,2.34708365
-2.14607304,2.87234838,0.00163077,0.19958592,0.74232095,0.74082611,0.00107228,0.01409728,2.27702676
-2.14007004,2.75406376,0.00138871,0.17894105,0.67634079,0.71468597,0.00090313,0.01240699,2.20408840
-2.13406703,2.63615739,0.00117698,0.16002679,0.61527880,0.68814298,0.00075761,0.01085403,2.12861998
-2.12806403,2.51922639,0.00099298,0.14287987,0.55918558,0.66135933,0.00063299,0.00943825,2.05113538
-2.12206103,2.40399687,0.00083410,0.12752122,0.50808046,0.63453451,0.00052680,0.00815752,1.97229369
-2.11605803,2.29130254,0.00069786,0.11395878,0.46195845,0.60789825,0.00043679,0.00700793,1.89287548
-2.11005503,2.18205776,0.00058190,0.10219027,0.42079685,0.58170206,0.00036090,0.00598414,1.81375369
-2.10405203,2.07722673,0.00048402,0.09220612,0.38456138,0.55620969,0.00029731,0.00507961,1.73586097
-2.09804902,1.97779014,0.00040223,0.08399218,0.35321150,0.53168700,0.00024441,0.00428696,1.66015500
-2.09204602,1.88471144,0.00033472,0.07753220,0.32670491,0.50839186,0.00020075,0.00359820,1.58758364
-2.08604302,1.79890405,0.00027990,0.07280995,0.30500103,0.48656450,0.00016512,0.00300503,1.51905151
-2.08004002,1.72120132,0.00023640,0.06981098,0.28806354,0.46641886,0.00013642,0.00249908,1.45538965
-2.07403702,1.65233048,0.00020306,0.06852380,0.27586180,0.44813514,0.00011378,0.00207210,1.39732941
-2.06803402,1.59289170,0.00017894,0.06894065,0.26837142,0.43185419,0.00009642,0.00171618,1.34548170
-2.06203102,1.54334295,0.00016333,0.07105771,0.26557385,0.41767358,0.00008373,0.00142387,1.30032222
-2.05602801,1.50399105,0.00015568,0.07487479,0.26745518,0.40564575,0.00007524,0.00118827,1.26218297
-2.05002501,1.47498903,0.00015566,0.08039470,0.27400428,0.39577806,0.00007055,0.00100318,1.23125006
-2.04402201,1.45633940,0.00016310,0.08762200,0.28521027,0.38803472,0.00006941,0.00086308,1.20756753
-2.03801901,1.44790272,0.00017799,0.09656164,0.30105964,0.38234033,0.00007164,0.00076317,1.19104636
-2.03201601,1.44941074,0.00020047,0.10721717,0.32153289,0.37858493,0.00007716,0.00069938,1.18147810
-2.02601301,1.46048300,0.00023079,0.11958885,0.34660098,0.37662998,0.00008593,0.00066829,1.17855180
-2.02001001,1.48064565,0.00026929,0.13367157,0.37622158,0.37631519,0.00009799,0.00066715,1.18187328
-2.01400700,1.50935153,0.00031637,0.14945275,0.41033518,0.37746559,0.00011345,0.00069374,1.19098560
-2.00800400,1.54600003,0.00037247,0.16691029,0.44886115,0.37989869,0.00013242,0.00074634,1.20538939
-2.00200100,1.58995590,0.00043804,0.18601049,0.49169379,0.38343123,0.00015505,0.00082360,1.22456212
-1.99599800,1.64056581,0.00051346,0.20670610,0.53869834,0.38788525,0.00018152,0.00092450,1.24797537
-1.98999500,1.69717206,0.00059907,0.22893457,0.58970714,0.39309336,0.00021201,0.00104819,1.27510927
-1.98399200,1.75912278,0.00069508,0.25261643,0.64451583,0.39890289,0.00024668,0.00119393,1.30546359
-1.97798899,1.82577842,0.00080154,0.27765382,0.70287968,0.40517881,0.00028570,0.00136099,1.33856513
-1.97198599,1.89651429,0.00091833,0.30392934,0.76451032,0.41180555,0.00032922,0.00154858,1.37397138
-1.96598299,1.97071967,0.00104510,0.33130513,0.82907270,0.41868760,0.00037737,0.00175573,1.41127055
-1.95997999,2.04779365,0.00118127,0.35962225,0.89618272,0.42574902,0.00043028,0.00198130,1.45007825
-1.95397699,2.12713868,0.00132600,0.38870039,0.96540553,0.43293210,0.00048804,0.00222388,1.49003159
-1.94797399,2.20815245,0.00147815,0.41833808,1.03625473,0.44019536,0.00055076,0.00248180,1.53078119
-1.94197099,2.29021930,0.00163636,0.44831324,1.10819287,0.44751105,0.00061857,0.00275313,1.57198212
-1.93596798,2.37270206,0.00179898,0.47838438,1.18063320,0.45486252,0.00069162,0.00303572,1.61328451
-1.92996498,2.45493550,0.00196415,0.50829233,1.25294320,0.46224164,0.00077009,0.00332722,1.65432491
-1.92396198,2.53622224,0.00212982,0.53776266,1.32444979,0.46964650,0.00085428,0.00362518,1.69471910
-1.91795898,2.61583207,0.00229380,0.56650874,1.39444659,0.47707963,0.00094457,0.00392715,1.73405723
-1.91195598,2.69300509,0.00245383,0.59423562,1.46220314,0.48454674,0.00104147,0.00423078,1.77190187
-1.90595298,2.76695925,0.00260765,0.62064449,1.52697606,0.49205624,0.00114564,0.00453398,1.80778933
-1.89994997,2.83690212,0.00275305,0.64543785,1.58802210,0.49961930,0.00125794,0.00483504,1.84123457
-1.89394697,2.90204670,0.00288799,0.66832532,1.64461271,0.50725057,0.00137941,0.00513277,1.87173950
-1.88794397,2.96163070,0.00301064,0.68902980,1.69604986,0.51496922,0.00151127,0.00542666,1.89880455
-1.88194097,3.01493838,0.00311949,0.70729397,1.74168257,0.52280027,0.00165496,0.00571700,1.92194290
-1.87593797,3.06132385,0.00321337,0.72288693,1.78092367,0.53077584,0.00181208,0.00600496,1.94069676
-1.86993497,3.10023459,0.00329156,0.73561067,1.81326615,0.53893604,0.00198438,0.00629271,1.95465476
-1.86393197,3.13123380,0.00335377,0.74530622,1.83829841,0.54732941,0.00217368,0.00658342,1.96346962
-1.85792896,3.15402032,0.00340019,0.75185916,1.85571794,0.55601243,0.00238186,0.00688131,1.96687502
-1.85192596,3.16844476,0.00343150,0.75520439,1.86534262,0.56504807,0.00261071,0.00719155,1.96470086
-1.84592296,3.17452090,0.00344883,0.75532976,1.86711929,0.57450331,0.00286187,0.00752021,1.95688580
-1.83991996,3.17243140,0.00345375,0.75227852,1.86112917,0.58444550,0.00313673,0.00787410,1.94348663
-1.83391696,3.16252743,0.00344818,0.74615041,1.84758972,0.59493765,0.00343631,0.00826059,1.92468358
-1.82791396,3.14532209,0.00343435,0.73710129,1.82685297,0.60603295,0.00376112,0.00868739,1.90078150
-1.82191096,3.12147763,0.00341470,0.72534126,1.79940026,0.61776869,0.00411108,0.00916227,1.87220653
-1.81590795,3.09178722,0.00339177,0.71113131,1.76583357,0.63015992,0.00448541,0.00969278,1.83949848
-1.80990495,3.05715193,0.00336815,0.69477863,1.72686377,0.64319332,0.00488254,0.01028590,1.80329913
-1.80390195,3.01855421,0.00334630,0.67663060,1.68329621,0.65682178,0.00530004,0.01094778,1.76433692
-1.79789895,2.97702885,0.00332855,0.65706776,1.63601422,0.67095996,0.00573460,0.01168333,1.72340878
-1.79189595,2.93363314,0.00331694,0.63649588,1.58596109,0.68548141,0.00618204,0.01249600,1.68135967
-1.78589295,2.88941724,0.00331314,0.61533747,1.53412109,0.70021751,0.00663734,0.01338743,1.63906077
-1.77988994,2.84539637,0.00331845,0.59402289,1.48150025,0.71495854,0.00709468,0.01435722,1.59738721
-1.77388694,2.80252574,0.00333367,0.57298142,1.42910739,0.72945698,0.00754761,0.01540272,1.55719598
-1.76788394,2.76167933,0.00335914,0.55263246,1.37793593,0.74343304,0.00798918,0.01651891,1.51930509
-1.76188094,2.72363306,0.00339470,0.53337714,1.32894688,0.75658235,0.00841209,0.01769832,1.48447435
-1.75587794,2.68905281,0.00343969,0.51559064,1.28305331,0.76858548,0.00880896,0.01893097,1.45338865
-1.74987494,2.65848739,0.00349299,0.49961513,1.24110651,0.77911891,0.00917249,0.02020452,1.42664389
-1.74387194,2.63236622,0.00355309,0.48575381,1.20388380,0.78786708,0.00949574,0.02150438,1.40473612
-1.73786893,2.61100132,0.00361808,0.47426589,1.17207822,0.79453470,0.00977231,0.02281394,1.38805378
-1.73186593,2.59459289,0.00368582,0.46536263,1.14628963,0.79885903,0.00999664,0.02411491,1.37687328
-1.72586293,2.58323783,0.00375391,0.45920453,1.12701743,0.80062127,0.01016412,0.02538769,1.37135758
-1.71985993,2.57694011,0.00381988,0.45589949,1.11465437,0.79965670,0.01027132,0.02661181,1.37155777
-1.71385693,2.57562230,0.00388119,0.45550210,1.10948147,0.79586294,0.01031611,0.02776647,1.37741707
-1.70785393,2.57913730,0.00393540,0.45801374,1.11166387,0.78920599,0.01029771,0.02883106,1.38877716
-1.70185093,2.58727963,0.00398019,0.46338365,1.12124738,0.77972377,0.01021681,0.02978574,1.40538623
-1.69584792,2.59979571,0.00401348,0.47151069,1.13815589,0.76752710,0.01007549,0.03061202,1.42690848
-1.68984492,2.61639272,0.00403349,0.48224592,1.16218958,0.75279796,0.00987721,0.03129330,1.45293467
-1.68384192,2.63674594,0.00403881,0.49539566,1.19302427,0.73578539,0.00962672,0.03181544,1.48299330
-1.67783892,2.66050469,0.00402843,0.51072529,1.23021203,0.71679906,0.00932992,0.03216720,1.51656234
-1.67183592,2.68729692,0.00400180,0.52796350,1.27318358,0.69620102,0.00899367,0.03234064,1.55308109
-1.66583292,2.71673300,0.00395884,0.54680719,1.32125270,0.67439602,0.00862566,0.03233146,1.59196210
-1.65982991,2.74840915,0.00389995,0.56692672,1.37362329,0.65182076,0.00823415,0.03213915,1.63260308
-1.65382691,2.78191085,0.00382600,0.58797191,1.42939921,0.62893271,0.00782780,0.03176709,1.67439853
-1.64782391,2.81681684,0.00373832,0.60957833,1.48759731,0.60619870,0.00741543,0.03122253,1.71675126
-1.64182091,2.85270398,0.00363861,0.63137411,1.54716382,0.58408387,0.00700581,0.03051637,1.75908350
-1.63581791,2.88915318,0.00352897,0.65298719,1.60699390,0.56304123,0.00660747,0.02966293,1.80084751
-1.62981491,2.92575631,0.00341178,0.67405269,1.66595427,0.54350205,0.00622851,0.02867947,1.84153559
-1.62381191,2.96212398,0.00328962,0.69422048,1.72290822,0.52586723,0.00587646,0.02758576,1.88068913
-1.61780890,2.99789372,0.00316523,0.71316259,1.77674255,0.51049980,0.00555809,0.02640345,1.91790648
-1.61180590,3.03273793,0.00304141,0.73058025,1.82639522,0.49771852,0.00527931,0.02515545,1.95284922
-1.60580290,3.06637094,0.00292091,0.74621031,1.87088290,0.48779260,0.00504509,0.02386524,1.98524647
-1.59979990,3.09855437,0.00280637,0.75983080,1.90932703,0.48093741,0.00485934,0.02255621,2.01489689
-1.59379690,3.12910004,0.00270023,0.77126514,1.94097724,0.47731123,0.00472491,0.02125099,2.04166801
-1.58779390,3.15786985,0.00260463,0.78038508,1.96523103,0.47701289,0.00464350,0.01997082,2.06549268
-1.58179090,3.18477221,0.00252139,0.78711185,1.98164859,0.48008043,0.00461569,0.01873502,2.08636251
-1.57578789,3.20975496,0.00245191,0.79141565,1.98996193,0.48649063,0.00464094,0.01756050,2.10431852
-1.56978489,3.23279479,0.00239714,0.79331325,1.99007791,0.49615966,0.00471761,0.01646142,2.11943905
-1.56378189,3.25388408,0.00235757,0.79286398,1.98207484,0.50894485,0.00484306,0.01544896,2.13182572
-1.55777889,3.27301563,0.00233319,0.79016406,1.96619285,0.52464783,0.00501370,0.01453110,2.14158796
-1.55177589,3.29016696,0.00232355,0.78533980,1.94281865,0.54301904,0.00522511,0.01371272,2.14882707
-1.54577289,3.30528511,0.00232770,0.77853981,1.91246535,0.56376395,0.00547218,0.01299560,2.15362089
-1.53976988,3.31827395,0.00234432,0.76992689,1.87574859,0.58655086,0.00574928,0.01237870,2.15601012
-1.53376688,3.32898500,0.00237171,0.75966983,1.83336035,0.61102048,0.00605041,0.01185838,2.15598736
-1.52776388,3.33721350,0.00240790,0.74793589,1.78604173,0.63679707,0.00636945,0.01142886,2.15348994
-1.52176088,3.34270046,0.00245070,0.73488417,1.73455633,0.66350105,0.00670034,0.01108256,2.14839725
-1.51575788,3.34514136,0.00249780,0.72066035,1.67966545,0.69076263,0.00703732,0.01081065,2.14053313
-1.50975488,3.34420161,0.00254686,0.70539316,1.62210646,0.71823600,0.00737515,0.01060347,2.12967354
-1.50375188,3.33953824,0.00259558,0.68919263,1.56257513,0.74561359,0.00770936,0.01045104,2.11555931
-1.49774887,3.33082662,0.00264183,0.67215032,1.50171263,0.77263956,0.00803637,0.01034353,2.09791347
-1.49174587,3.31779090,0.00268368,0.65434122,1.44009740,0.79912179,0.00835376,0.01027162,2.07646224
-1.48574287,3.30023579,0.00271949,0.63582735,1.37824195,0.82494165,0.00866033,0.01022692,2.05095850
-1.47973987,3.27807764,0.00274797,0.61666256,1.31659401,0.85006068,0.00895618,0.01020219,2.02120624
-1.47373687,3.25137223,0.00276820,0.59689809,1.25554154,0.87452362,0.00924278,0.01019161,1.98708449
-1.46773387,3.22033682,0.00277967,0.57658860,1.19542052,0.89845720,0.00952289,0.01019083,1.94856905
-1.46173087,3.18536446,0.00278227,0.55579789,1.13652467,0.92206438,0.00980047,0.01019704,1.90575050
-1.45572786,3.14702869,0.00277627,0.53460417,1.07911589,0.94561397,0.01008051,0.01020889,1.85884719
-1.44972486,3.10607755,0.00276230,0.51310411,1.02343442,0.96942579,0.01036876,0.01022638,1.80821208
-1.44372186,3.06341635,0.00274128,0.49141553,0.96970782,0.99385181,0.01067149,0.01025063,1.75433277
-1.43771886,3.02007956,0.00271438,0.46967854,0.91815791,1.01925408,0.01099514,0.01028362,1.69782450
-1.43171586,2.97719277,0.00268294,0.44805473,0.86900522,1.04598032,0.01134588,0.01032791,1.63941611
-1.42571286,2.93592640,0.00264839,0.42672474,0.82247059,1.07433840,0.01172934,0.01038628,1.57992966
-1.41970985,2.89744352,0.00261217,0.40588407,0.77877383,1.10457108,0.01215010,0.01046141,1.52025460
-1.41370685,2.86284454,0.00257563,0.38573749,0.73812972,1.13683227,0.01261141,0.01055557,1.46131763
-1.40770385,2.83311177,0.00254001,0.36649239,0.70074159,1.17116635,0.01311483,0.01067030,1.40404998
-1.40170085,2.80905688,0.00250634,0.34835126,0.66679322,1.20749166,0.01365996,0.01080618,1.34935344
-1.39569785,2.79127444,0.00247539,0.33150395,0.63643948,1.24558941,0.01424423,0.01096263,1.29806694
-1.38969485,2.78010395,0.00244765,0.31611996,0.60979671,1.28509874,0.01486284,0.01113780,1.25093524
-1.38369185,2.77560278,0.00242328,0.30234132,0.58693336,1.32551860,0.01550869,0.01132852,1.20858117
-1.37768884,2.77753146,0.00240218,0.29027624,0.56786167,1.36621648,0.01617255,0.01153028,1.17148259
-1.37168584,2.78535228,0.00238390,0.27999404,0.55253102,1.40644395,0.01684317,0.01173740,1.13995508
-1.36568284,2.79824134,0.00236775,0.27152148,0.54082342,1.44535835,0.01750766,0.01194318,1.11414098
-1.35967984,2.81511348,0.00235282,0.26484073,0.53255146,1.48204987,0.01815183,0.01214009,1.09400503
-1.35367684,2.83465888,0.00233801,0.25988895,0.52745901,1.51557261,0.01876066,0.01232010,1.07933679
-1.34767384,2.85538953,0.00232211,0.25655968,0.52522463,1.54497853,0.01931883,0.01247500,1.06975937
-1.34167084,2.87569329,0.00230389,0.25470571,0.52546763,1.56935238,0.01981127,0.01259668,1.06474409
-1.33566783,2.89389296,0.00228211,0.25414351,0.52775660,1.58784620,0.02022371,0.01267753,1.06363016
-1.32966483,2.90830768,0.00225562,0.25465891,0.53162002,1.59971185,0.02054323,0.01271071,1.06564869
-1.32366183,2.91731388,0.00222342,0.25601379,0.53655845,1.60432983,0.02075880,0.01269050,1.06994974
-1.31765883,2.91940323,0.00218468,0.25795351,0.54205800,1.60123341,0.02086168,0.01261248,1.07563157
-1.31165583,2.91323527,0.00213884,0.26021487,0.54760436,1.59012694,0.02084582,0.01247379,1.08177075
-1.30565283,2.89768269,0.00208558,0.26253412,0.55269689,1.57089764,0.02070815,0.01227323,1.08745222
-1.29964982,2.87186787,0.00202487,0.26465490,0.55686231,1.54362054,0.02044871,0.01201137,1.09179817
-1.29364682,2.83518957,0.00195695,0.26633577,0.55966741,1.50855663,0.02007073,0.01169050,1.09399483
-1.28764382,2.78733918,0.00188237,0.26735696,0.56073031,1.46614446,0.01958059,0.01131464,1.09331634
-1.28164082,2.72830658,0.00180193,0.26752637,0.55972998,1.41698587,0.01898765,0.01088936,1.08914499
-1.27563782,2.65837590,0.00171668,0.26668435,0.55641357,1.36182674,0.01830402,0.01042166,1.08098734
-1.26963482,2.57811196,0.00162788,0.26470734,0.55060151,1.30153380,0.01754424,0.00991976,1.06848572
-1.26363182,2.48833850,0.00153697,0.26151020,0.54219008,1.23706859,0.01672489,0.00939286,1.05142508
-1.25762881,2.39010943,0.00144553,0.25704712,0.53115154,1.16945997,0.01586415,0.00885090,1.02973493
-1.25162581,2.28467456,0.00135522,0.25131134,0.51753186,1.09977609,0.01498138,0.00830428,1.00348671
-1.24562281,2.17344142,0.00126776,0.24433348,0.50144621,1.02909718,0.01409663,0.00776364,0.97288658
-1.23961981,2.05793450,0.00118491,0.23617881,0.48307245,0.95848982,0.01323022,0.00723960,0.93826442
-1.23361681,1.93975358,0.00110839,0.22694343,0.46264291,0.88898371,0.01240229,0.00674254,0.90005916
-1.22761381,1.82053219,0.00103988,0.21674977,0.44043491,0.82155123,0.01163241,0.00628243,0.85880145
-1.22161081,1.70189763,0.00098096,0.20574134,0.41676031,0.75709034,0.01093925,0.00586861,0.81509413
-1.21560780,1.58543330,0.00093312,0.19407722,0.39195457,0.69641073,0.01034021,0.00550968,0.76959136
-1.20960480,1.47264430,0.00089774,0.18192633,0.36636575,0.64022341,0.00985118,0.00521334,0.72297720
-1.20360180,1.36492665,0.00087600,0.16946174,0.34034383,0.58913322,0.00948627,0.00498633,0.67594432
-1.19759880,1.26354070,0.00086896,0.15685536,0.31423069,0.54363427,0.00925760,0.00483429,0.62917358
-1.19159580,1.16958889,0.00087744,0.14427296,0.28835115,0.50410756,0.00917510,0.00476173,0.58331507
-1.18559280,1.08399792,0.00090210,0.13186986,0.26300516,0.47082066,0.00924633,0.00477192,0.53897129
-1.17958979,1.00750528,0.00094332,0.11978733,0.23846154,0.44392882,0.00947631,0.00486684,0.49668259
-1.17358679,0.94065011,0.00100126,0.10814971,0.21495316,0.42347727,0.00986740,0.00504713,0.45691553
-1.16758379,0.88376817,0.00107581,0.09706248,0.19267377,0.40940443,0.01041909,0.00531201,0.42005405
-1.16158079,0.83699076,0.00116656,0.08661098,0.17177634,0.40154566,0.01112794,0.00565924,0.38639375
-1.15557779,0.80024743,0.00127278,0.07686007,0.15237284,0.39963782,0.01198748,0.00608509,0.35613901
-1.14957479,0.77327226,0.00139346,0.06785439,0.13453540,0.40332428,0.01298808,0.00658428,0.32940304
-1.14357179,0.75561364,0.00152724,0.05961930,0.11829852,0.41216075,0.01411702,0.00715000,0.30621046
-1.13756878,0.74664727,0.00167242,0.05216233,0.10366226,0.42562198,0.01535847,0.00777394,0.28650226
-1.13156578,0.74559238,0.00182702,0.04547501,0.09059610,0.44310953,0.01669366,0.00844633,0.27014277
-1.12556278,0.75153080,0.00198872,0.03953501,0.07904333,0.46396092,0.01810103,0.00915603,0.25692824
-1.11955978,0.76342893,0.00215495,0.03430844,0.06892560,0.48746011,0.01955658,0.00989072,0.24659678
-1.11355678,0.78016196,0.00232291,0.02975221,0.06014767,0.51284966,0.02103423,0.01063705,0.23883925
-1.10755378,0.80054037,0.00248963,0.02581636,0.05260198,0.53934440,0.02250636,0.01138094,0.23331062
-1.10155078,0.82333789,0.00265200,0.02244629,0.04617299,0.56614650,0.02394434,0.01210779,0.22964173
-1.09554777,0.84732059,0.00280689,0.01958481,0.04074113,0.59246185,0.02531924,0.01280292,0.22745078
-1.08954477,0.87127629,0.00295119,0.01717397,0.03618640,0.61751717,0.02660251,0.01345182,0.22635459
-1.08354177,0.89404351,0.00308195,0.01515662,0.03239134,0.64057751,0.02776679,0.01404062,0.22597906
-1.07753877,0.91453924,0.00319637,0.01347778,0.02924364,0.66096355,0.02878664,0.01455643,0.22596885
-1.07153577,0.93178455,0.00329198,0.01208561,0.02663807,0.67806797,0.02963928,0.01498769,0.22599580
-1.06553277,0.94492719,0.00336666,0.01093226,0.02447801,0.69137030,0.03030528,0.01532458,0.22576616
-1.05952976,0.95326046,0.00341872,0.00997440,0.02267648,0.70044961,0.03076913,0.01555924,0.22502630
-1.05352676,0.95623759,0.00344697,0.00917352,0.02115669,0.70499438,0.03101974,0.01568606,0.22356690
-1.04752376,0.95348110,0.00345071,0.00849609,0.01985230,0.70480916,0.03105076,0.01570182,0.22122560
-1.04152076,0.94478680,0.00342981,0.00791348,0.01870725,0.69981757,0.03086076,0.01560580,0.21788796
-1.03551776,0.93012234,0.00338468,0.00740183,0.01767541,0.69006155,0.03045321,0.01539976,0.21348695
-1.02951476,0.90962028,0.00331623,0.00694173,0.01671991,0.67569681,0.02983636,0.01508787,0.20800099
-1.02351176,0.88356618,0.00322590,0.00651788,0.01581242,0.65698463,0.02902288,0.01467653,0.20145064
-1.01750875,0.85238223,0.00311553,0.00611865,0.01493222,0.63428047,0.02802940,0.01417417,0.19389424
-1.01150575,0.81660705,0.00298736,0.00573566,0.01406524,0.60801980,0.02687594,0.01359089,0.18542261
-1.00550275,0.77687273,0.00284392,0.00536326,0.01320306,0.57870178,0.02558516,0.01293817,0.17615312
-0.99949975,0.73388005,0.00268793,0.00499814,0.01234196,0.54687158,0.02418166,0.01222844,0.16622340
-0.99349675,0.68837295,0.00252227,0.00463883,0.01148188,0.51310215,0.02269115,0.01147472,0.15578487
-0.98749375,0.64111323,0.00234982,0.00428531,0.01062561,0.47797594,0.02113970,0.01069016,0.14499644
-0.98149075,0.59285658,0.00217345,0.00393866,0.00977794,0.44206768,0.01955296,0.00988777,0.13401859
-0.97548774,0.54433076,0.00199589,0.00360073,0.00894493,0.40592857,0.01795548,0.00907994,0.12300795
-0.96948474,0.49621654,0.00181967,0.00327385,0.00813333,0.37007247,0.01637013,0.00827824,0.11211270
-0.96348174,0.44913215,0.00164709,0.00296063,0.00735005,0.33496460,0.01481760,0.00749314,0.10146870
-0.95747874,0.40362137,0.00148018,0.00266383,0.00660180,0.30101287,0.01331601,0.00673380,0.09119667
-0.95147574,0.36014551,0.00132063,0.00238622,0.00589483,0.26856207,0.01188066,0.00600795,0.08140024
-0.94547274,0.31907922,0.00116982,0.00213055,0.00523473,0.23789071,0.01052391,0.00532186,0.07216499
-0.93946973,0.28070987,0.00102879,0.00189959,0.00462641,0.20921058,0.00925515,0.00468026,0.06355833
-0.93346673,0.24524022,0.00089826,0.00169615,0.00407411,0.18266857,0.00808091,0.00408645,0.05563030
-0.92746373,0.21279379,0.00077866,0.00152320,0.00358155,0.15835047,0.00700498,0.00354236,0.04841493
-0.92146073,0.18342262,0.00067014,0.00138406,0.00315207,0.13628644,0.00602870,0.00304867,0.04193233
-0.91545773,0.15711656,0.00057260,0.00128254,0.00278895,0.11645757,0.00515122,0.00260493,0.03619115
-0.90945473,0.13381377,0.00048575,0.00122321,0.00249566,0.09880320,0.00436986,0.00220980,0.03119142
-0.90345173,0.11341176,0.00040911,0.00121165,0.00227619,0.08322867,0.00368039,0.00186114,0.02692756
-0.89744872,0.09577856,0.00034208,0.00125472,0.00213549,0.06961299,0.00307745,0.00155624,0.02339151
-0.89144572,0.08076350,0.00028399,0.00136086,0.00207976,0.05781621,0.00255480,0.00129194,0.02057580
-0.88544272,0.06820730,0.00023406,0.00154045,0.00211692,0.04768626,0.00210569,0.00106483,0.01847649
-0.87943972,0.05795123,0.00019153,0.00180604,0.00225689,0.03906506,0.00172306,0.00087134,0.01709598
-0.87343672,0.04984504,0.00015560,0.00217266,0.00251201,0.03179377,0.00139984,0.00070789,0.01644542
-0.86743372,0.04375369,0.00012551,0.00265813,0.00289731,0.02571713,0.00112908,0.00057097,0.01654681
-0.86143072,0.03956254,0.00010050,0.00328317,0.00343076,0.02068695,0.00090415,0.00045722,0.01743470
-0.85542771,0.03718127,0.00007990,0.00407160,0.00413339,0.01656461,0.00071883,0.00036351,0.01915734
-0.84942471,0.03654632,0.00006307,0.00505036,0.00502945,0.01322285,0.00056739,0.00028693,0.02177728
-0.84342171,0.03762190,0.00004943,0.00624944,0.00614624,0.01054683,0.00044464,0.00022485,0.02537142
-0.83741871,0.04039979,0.00003845,0.00770163,0.00751399,0.00843450,0.00034594,0.00017494,0.03003031
-0.83141571,0.04489774,0.00002970,0.00944219,0.00916547,0.00679657,0.00026722,0.00013513,0.03585678
-0.82541271,0.05115672,0.00002278,0.01150824,0.01113544,0.00555598,0.00020493,0.00010363,0.04296380
-0.81940970,0.05923702,0.00001734,0.01393807,0.01345996,0.00464713,0.00015603,0.00007890,0.05147156
-0.81340670,0.06921336,0.00001311,0.01677012,0.01617545,0.00401492,0.00011795,0.00005965,0.06150379
-0.80740370,0.08116907,0.00000984,0.02004192,0.01931756,0.00361356,0.00008852,0.00004476,0.07318336
-0.80140070,0.09518947,0.00000733,0.02378867,0.02291996,0.00340545,0.00006596,0.00003335,0.08662720
-0.79539770,0.11135469,0.00000542,0.02804185,0.02701285,0.00335995,0.00004879,0.00002467,0.10194062
-0.78939470,0.12973214,0.00000398,0.03282759,0.03162145,0.00345224,0.00003583,0.00001812,0.11921133
-0.78339170,0.15036875,0.00000290,0.03816502,0.03676443,0.00366223,0.00002613,0.00001321,0.13850319
-0.77738869,0.17328341,0.00000210,0.04406463,0.04245227,0.00397354,0.00001892,0.00000957,0.15985004
-0.77138569,0.19845983,0.00000151,0.05052671,0.04868584,0.00437261,0.00001360,0.00000687,0.18324977
-0.76538269,0.22584018,0.00000108,0.05753997,0.05545495,0.00484792,0.00000970,0.00000491,0.20865916
-0.75937969,0.25531981,0.00000076,0.06508032,0.06273732,0.00538932,0.00000687,0.00000348,0.23598943
-0.75337669,0.28674333,0.00000054,0.07311012,0.07049772,0.00598744,0.00000483,0.00000244,0.26510321
-0.74737369,0.31990250,0.00000038,0.08157772,0.07868756,0.00663331,0.00000338,0.00000171,0.29581281
-0.74137069,0.35453586,0.00000026,0.09041748,0.08724493,0.00731798,0.00000234,0.00000118,0.32788036
-0.73536768,0.39033065,0.00000018,0.09955038,0.09609511,0.00803233,0.00000161,0.00000081,0.36101964
-0.72936468,0.42692665,0.00000012,0.10888506,0.10515155,0.00876694,0.00000110,0.00000056,0.39489996
-0.72336168,0.46392227,0.00000008,0.11831941,0.11431741,0.00951205,0.00000075,0.00000038,0.42915189
-0.71735868,0.50088257,0.00000006,0.12774270,0.12348748,0.01025758,0.00000050,0.00000025,0.46337477
-0.71135568,0.53734893,0.00000004,0.13703805,0.13255059,0.01099327,0.00000034,0.00000017,0.49714573
-0.70535268,0.57285012,0.00000002,0.14608533,0.14139227,0.01170883,0.00000022,0.00000011,0.53002999
-0.69934967,0.60691424,0.00000002,0.15476418,0.14989766,0.01239412,0.00000015,0.00000008,0.56159192
-0.69334667,0.63908108,0.00000001,0.16295722,0.15795447,0.01303935,0.00000010,0.00000005,0.59140647
-0.68734367,0.66891426,0.00000001,0.17055314,0.16545593,0.01363538,0.00000006,0.00000004,0.61907045
-0.68134067,0.69601281,0.00000001,0.17744969,0.17230358,0.01417385,0.00000004,0.00000003,0.64421312
-0.67533767,0.72002136,0.00000000,0.18355626,0.17840970,0.01464743,0.00000003,0.00000002,0.66650576
-0.66933467,0.74063883,0.00000000,0.18879614,0.18369944,0.01505001,0.00000002,0.00000002,0.68566955
-0.66333167,0.75762504,0.00000000,0.19310820,0.18811237,0.01537680,0.00000001,0.00000003,0.70148174
-0.65732866,0.77080504,0.00000000,0.19644795,0.19160355,0.01562443,0.00000001,0.00000004,0.71377962
-0.65132566,0.78007110,0.00000001,0.19878814,0.19414398,0.01579101,0.00000001,0.00000006,0.72246238
-0.64532266,0.78538238,0.00000001,0.20011857,0.19572059,0.01587612,0.00000001,0.00000009,0.72749074
-0.63931966,0.78676236,0.00000001,0.20044553,0.19633559,0.01588081,0.00000002,0.00000014,0.72888462
-0.63331666,0.78429438,0.00000002,0.19979056,0.19600548,0.01580748,0.00000003,0.00000021,0.72671899
-0.62731366,0.77811566,0.00000003,0.19818896,0.19475958,0.01565981,0.00000004,0.00000032,0.72111829
-0.62131066,0.76841010,0.00000004,0.19568792,0.19263842,0.01544268,0.00000006,0.00000048,0.71224979
-0.61530765,0.75540049,0.00000006,0.19234454,0.18969188,0.01516206,0.00000009,0.00000071,0.70031635
-0.60930465,0.73934052,0.00000009,0.18822368,0.18597737,0.01482493,0.00000013,0.00000104,0.68554890
-0.60330165,0.72050694,0.00000013,0.18339601,0.18155795,0.01443926,0.00000019,0.00000152,0.66819911
-0.59729865,0.69919235,0.00000019,0.17793610,0.17650071,0.01401400,0.00000028,0.00000221,0.64853260
-0.59129565,0.67569890,0.00000028,0.17192071,0.17087526,0.01355921,0.00000040,0.00000318,0.62682284
-0.58529265,0.65033302,0.00000039,0.16542746,0.16475249,0.01308621,0.00000057,0.00000455,0.60334595
-0.57928964,0.62340135,0.00000056,0.15853365,0.15820358,0.01260787,0.00000081,0.00000645,0.57837659
-0.57328664,0.59520791,0.00000079,0.15131548,0.15129931,0.01213902,0.00000113,0.00000909,0.55218471
-0.56728364,0.56605238,0.00000110,0.14384748,0.14410949,0.01169696,0.00000159,0.00001272,0.52503335
-0.56128064,0.53622943,0.00000153,0.13620224,0.13670268,0.01130217,0.00000220,0.00001766,0.49717711
-0.55527764,0.50602895,0.00000211,0.12845027,0.12914605,0.01097917,0.00000304,0.00002435,0.46886135
-0.54927464,0.47573686,0.00000288,0.12066006,0.12150527,0.01075749,0.00000416,0.00003333,0.44032171
-0.54327164,0.44563662,0.00000392,0.11289827,0.11384454,0.01067291,0.00000565,0.00004529,0.41178400
-0.53726863,0.41601084,0.00000528,0.10522986,0.10622658,0.01076880,0.00000762,0.00006110,0.38346408
-0.53126563,0.38714328,0.00000708,0.09771842,0.09871262,0.01109762,0.00001021,0.00008184,0.35556781
-0.52526263,0.35932084,0.00000941,0.09042630,0.09136239,0.01172264,0.00001358,0.00010884,0.32829084
-0.51925963,0.33283551,0.00001243,0.08341489,0.08423400,0.01271967,0.00001793,0.00014370,0.30181826
-0.51325663,0.30798630,0.00001629,0.07674476,0.07738385,0.01417892,0.00002351,0.00018837,0.27632408
-0.50725363,0.28508097,0.00002120,0.07047580,0.07086645,0.01620678,0.00003059,0.00024515,0.25197065
-0.50125063,0.26443757,0.00002739,0.06466733,0.06473428,0.01892754,0.00003952,0.00031675,0.22890792
-0.49524762,0.24638573,0.00003514,0.05937817,0.05903757,0.02248487,0.00005070,0.00040633,0.20727286
-0.48924462,0.23126748,0.00004476,0.05466668,0.05382419,0.02704292,0.00006457,0.00051749,0.18718879
-0.48324162,0.21943756,0.00005659,0.05059072,0.04913947,0.03278690,0.00008165,0.00065433,0.16876494
-0.47723862,0.21126300,0.00007104,0.04720757,0.04502602,0.03992300,0.00010250,0.00082141,0.15209618
-0.47123562,0.20712170,0.00008854,0.04457376,0.04152368,0.04867731,0.00012775,0.00102376,0.13726292
-0.46523262,0.20739978,0.00010956,0.04274479,0.03866926,0.05929384,0.00015807,0.00126678,0.12433110
-0.45922961,0.21248747,0.00013459,0.04177460,0.03649645,0.07203113,0.00019419,0.00155624,0.11335240
-0.45322661,0.22277312,0.00016416,0.04171493,0.03503544,0.08715756,0.00023685,0.00189812,0.10436445
-0.44722361,0.23863538,0.00019879,0.04261440,0.03431266,0.10494514,0.00028681,0.00229847,0.09739100
-0.44122061,0.26043310,0.00023899,0.04451729,0.03435017,0.12566173,0.00034481,0.00276327,0.09244197
-0.43521761,0.28849311,0.00028525,0.04746206,0.03516509,0.14956180,0.00041157,0.00329822,0.08951335
-0.42921461,0.32309590,0.00033803,0.05147959,0.03676871,0.17687572,0.00048772,0.00390845,0.08858675
-0.42321161,0.36445950,0.00039770,0.05659109,0.03916553,0.20779799,0.00057382,0.00459833,0.08962875
-0.41720860,0.41272188,0.00046454,0.06280591,0.04235217,0.24247449,0.00067026,0.00537113,0.09258989
-0.41120560,0.46792261,0.00053872,0.07011910,0.04631609,0.28098945,0.00077730,0.00622876,0.09740342
-0.40520260,0.52998454,0.00062026,0.07850902,0.05103435,0.32335253,0.00089496,0.00717145,0.10398387
-0.39919960,0.59869636,0.00070901,0.08793501,0.05647240,0.36948666,0.00102304,0.00819753,0.11222560
-0.39319660,0.67369722,0.00080465,0.09833536,0.06258295,0.41921735,0.00116107,0.00930313,0.12200134
-0.38719360,0.75446447,0.00090664,0.10962563,0.06930509,0.47226421,0.00130827,0.01048204,0.13316111
-0.38119060,0.84030558,0.00101423,0.12169759,0.07656370,0.52823537,0.00146357,0.01172553,0.14553154
-0.37518759,0.93035546,0.00112644,0.13441886,0.08426936,0.58662547,0.00162558,0.01302237,0.15891580
-0.36918459,1.02357994,0.00124211,0.14763338,0.09231863,0.64681773,0.00179261,0.01435880,0.17309444
-0.36318159,1.11878607,0.00135983,0.16116292,0.10059502,0.70809061,0.00196268,0.01571873,0.18782703
-0.35717859,1.21463972,0.00147806,0.17480949,0.10897050,0.76962915,0.00213355,0.01708393,0.20285500
-0.35117559,1.30969051,0.00159508,0.18835882,0.11730762,0.83054116,0.00230279,0.01843444,0.21790542
-0.34517259,1.40240355,0.00170906,0.20158483,0.12546229,0.88987779,0.00246779,0.01974896,0.23269589
-0.33916958,1.49119746,0.00181813,0.21425493,0.13328699,0.94665822,0.00262590,0.02100543,0.24694040
-0.33316658,1.57448738,0.00192039,0.22613600,0.14063450,0.99989753,0.00277445,0.02218158,0.26035588
-0.32716358,1.65073143,0.00201399,0.23700092,0.14736186,1.04863690,0.00291085,0.02325565,0.27266943
-0.32116058,1.71847905,0.00209722,0.24663525,0.15333453,1.09197493,0.00303271,0.02420700,0.28362574
-0.31515758,1.77641896,0.00216850,0.25484391,0.15843048,1.12909891,0.00313791,0.02501681,0.29299445
-0.30915458,1.82342487,0.00222650,0.26145749,0.16254412,1.15931448,0.00322467,0.02566870,0.30057730
-0.30315158,1.85859681,0.00227016,0.26633792,0.16558972,1.18207272,0.00329165,0.02614931,0.30621437
-0.29714857,1.88129606,0.00229874,0.26938320,0.16750445,1.19699309,0.00333804,0.02644877,0.30978946
-0.29114557,1.89117225,0.00231188,0.27053101,0.16825051,1.20388135,0.00336357,0.02656105,0.31123414
-0.28514257,1.88818106,0.00230956,0.26976096,0.16781658,1.20274155,0.00336859,0.02648422,0.31053030
-0.27913957,1.87259182,0.00229217,0.26709542,0.16621832,1.19378157,0.00335404,0.02622051,0.30771105
-0.27313657,1.84498450,0.00226051,0.26259879,0.16349789,1.17741175,0.00332154,0.02577627,0.30285998
-0.26713357,1.80623623,0.00221570,0.25637539,0.15972268,1.15423694,0.00327326,0.02516176,0.29610865
-0.26113057,1.75749789,0.00215925,0.24856589,0.15498302,1.12504193,0.00321200,0.02439080,0.28763257
-0.25512756,1.70016189,0.00209295,0.23934257,0.14938928,1.09077126,0.00314104,0.02348035,0.27764576
-0.24912456,1.63582238,0.00201884,0.22890363,0.14306823,1.05250389,0.00306414,0.02244989,0.26639414
-0.24312156,1.56622972,0.00193918,0.21746671,0.13615903,1.01142410,0.00298541,0.02132089,0.25414802
-0.23711856,1.49324099,0.00185636,0.20526201,0.12880884,0.96878943,0.00290926,0.02011607,0.24119409
-0.23111556,1.41876851,0.00177284,0.19252529,0.12116843,0.92589714,0.00284028,0.01885877,0.22782706
-0.22511256,1.34472826,0.00169109,0.17949099,0.11338778,0.88405020,0.00278314,0.01757224,0.21434156
-0.21910955,1.27298996,0.00161354,0.16638577,0.10561195,0.84452393,0.00274249,0.01627909,0.20102422
-0.21310655,1.20533046,0.00154249,0.15342272,0.09797733,0.80853439,0.00272286,0.01500065,0.18814660
-0.20710355,1.14339170,0.00148009,0.14079641,0.09060845,0.77720923,0.00272857,0.01375658,0.17595879
-0.20110055,1.08864423,0.00142828,0.12867889,0.08361531,0.75156182,0.00276364,0.01256441,0.16468422
-0.19509755,1.04235710,0.00138875,0.11721673,0.07709137,0.73246907,0.00283170,0.01143932,0.15451545
-0.18909455,1.00557455,0.00136293,0.10652923,0.07111231,0.72065333,0.00293596,0.01039393,0.14561125
-0.18309155,0.97909958,0.00135193,0.09670756,0.06573534,0.71666865,0.00307913,0.00943820,0.13809486
-0.17708854,0.96348448,0.00135658,0.08781506,0.06099928,0.72089131,0.00326340,0.00857949,0.13205337
-0.17108554,0.95902803,0.00137740,0.07988830,0.05692513,0.73351488,0.00349040,0.00782263,0.12753824
-0.16508254,0.96577900,0.00141460,0.07293907,0.05351731,0.75454951,0.00376124,0.00717010,0.12456685
-0.15907954,0.98354559,0.00146814,0.06695690,0.05076524,0.78382546,0.00407651,0.00662222,0.12312486
-0.15307654,1.01191034,0.00153771,0.06191220,0.04864542,0.82100068,0.00443631,0.00617746,0.12316946
-0.14707354,1.05024987,0.00162279,0.05775974,0.04712372,0.86557226,0.00484033,0.00583270,0.12463317
-0.14107054,1.09775909,0.00172267,0.05444232,0.04615798,0.91689161,0.00528793,0.00558354,0.12742832
-0.13506753,1.15347927,0.00183652,0.05189461,0.04570073,0.97418299,0.00577821,0.00542465,0.13145181
-0.12906453,1.21632939,0.00196340,0.05004696,0.04570192,1.03656523,0.00631015,0.00535003,0.13659033
-0.12306153,1.28514018,0.00210235,0.04882913,0.04611180,1.10307618,0.00688269,0.00535335,0.14272563
-0.11705853,1.35869022,0.00225240,0.04817381,0.04688359,1.17269946,0.00749491,0.00542817,0.14974004
-0.11105553,1.43574321,0.00241263,0.04801987,0.04797613,1.24439293,0.00814608,0.00556824,0.15752181
-0.10505253,1.51508576,0.00258224,0.04831529,0.04935626,1.31711822,0.00883583,0.00576768,0.16597037
-0.09904952,1.59556457,0.00276050,0.04901973,0.05100103,1.38987051,0.00956422,0.00602118,0.17500129
-0.09304652,1.67612204,0.00294689,0.05010667,0.05289955,1.46170772,0.01033178,0.00632415,0.18455079
-0.08704352,1.75582919,0.00314100,0.05156499,0.05505448,1.53177804,0.01113960,0.00667282,0.19457961
-0.08104052,1.83391476,0.00334262,0.05340017,0.05748314,1.59934499,0.01198930,0.00706430,0.20507628
-0.07503752,1.90978934,0.00355168,0.05563485,0.06021810,1.66380884,0.01288295,0.00749663,0.21605931
-0.06903452,1.98306343,0.00376822,0.05830886,0.06330725,1.72472355,0.01382300,0.00796875,0.22757851
-0.06303152,2.05355864,0.00399237,0.06147864,0.06681338,1.78180842,0.01481213,0.00848045,0.23971504
-0.05702851,2.12131111,0.00422428,0.06521608,0.07081310,1.83495370,0.01585302,0.00903230,0.25258028
-0.05102551,2.18656678,0.00446406,0.06960673,0.07539519,1.88421985,0.01694815,0.00962546,0.26631331
-0.04502251,2.24976840,0.00471172,0.07474746,0.08065837,1.92983020,0.01809949,0.01026157,0.28107711
-0.03901951,2.31153429,0.00496706,0.08074353,0.08670845,1.97215708,0.01930819,0.01094253,0.29705339
-0.03301651,2.37262954,0.00522960,0.08770516,0.09365499,2.01170199,0.02057434,0.01167030,0.31443626
-0.02701351,2.43393051,0.00549856,0.09574370,0.10160747,2.04907031,0.02189662,0.01244664,0.33342477
-0.02101051,2.49638387,0.00577270,0.10496746,0.11067109,2.08494172,0.02327213,0.01327291,0.35421460
-0.01500750,2.56096179,0.00605038,0.11547720,0.12094225,2.12003751,0.02469610,0.01414983,0.37698912
-0.00900450,2.62861508,0.00632945,0.12736168,0.13250395,2.15508614,0.02616186,0.01507731,0.40191012
-0.00300150,2.70022616,0.00660729,0.14069317,0.14542112,2.19078865,0.02766080,0.01605424,0.42910861
0.00300150,2.77656407,0.00688083,0.15552313,0.15973619,2.22778547,0.02918245,0.01707840,0.45867589
0.00900450,2.85824330,0.00714656,0.17187829,0.17546490,2.26662605,0.03071468,0.01814637,0.49065553
0.01500750,2.94568839,0.00740069,0.18975731,0.19259268,2.30774285,0.03224405,0.01925354,0.52503630
0.02101051,3.03910597,0.00763915,0.20912801,0.21107164,2.35143068,0.03375625,0.02039418,0.56174666
0.02701351,3.13846533,0.00785781,0.22992548,0.23081843,2.39783242,0.03523665,0.02156157,0.60065090
0.03301651,3.24348852,0.00805253,0.25205113,0.25171299,2.44693153,0.03667090,0.02274818,0.64154730
0.03901951,3.35365035,0.00821940,0.27537271,0.27359841,2.49855174,0.03804564,0.02394594,0.68416833
0.04502251,3.46818820,0.00835483,0.29972539,0.29628188,2.55236356,0.03934918,0.02514657,0.72818311
0.05102551,3.58612103,0.00845569,0.32491396,0.31953683,2.60789716,0.04057221,0.02634188,0.77320200
0.05702851,3.70627679,0.00851952,0.35071594,0.34310622,2.66456088,0.04170840,0.02752414,0.81878320
0.06303152,3.82732660,0.00854455,0.37688573,0.36670694,2.72166406,0.04275493,0.02868640,0.86444132
0.06903452,3.94782419,0.00852985,0.40315952,0.39003523,2.77844305,0.04371288,0.02982285,0.90965748
0.07503752,4.06624863,0.00847536,0.42926076,0.41277296,2.83408894,0.04458739,0.03092901,0.95389064
0.08104052,4.18104833,0.00838194,0.45490622,0.43459461,2.88777546,0.04538774,0.03200200,0.99658982
0.08704352,4.29068440,0.00825130,0.47981208,0.45517480,2.93868583,0.04612707,0.03304053,1.03720678
0.09304652,4.39367135,0.00808600,0.50370019,0.47419601,2.98603709,0.04682196,0.03404498,1.07520866
0.09904952,4.48861364,0.00788933,0.52630393,0.49135634,3.02910110,0.04749173,0.03501723,1.11009013
0.10505253,4.57423660,0.00766521,0.54737369,0.50637706,3.06722113,0.04815760,0.03596040,1.14138481
0.11105553,4.64941079,0.00741805,0.56668168,0.51900964,3.09982379,0.04884164,0.03687858,1.16867535
0.11705853,4.71316925,0.00715257,0.58402593,0.52904205,3.12642597,0.04956557,0.03777632,1.19160207
0.12306153,4.76471744,0.00687367,0.59923340,0.53630419,3.14663702,0.05034953,0.03865815,1.20986978
0.12906453,4.80343619,0.00658622,0.61216204,0.54067211,3.16015639,0.05121080,0.03952805,1.22325273
0.13506753,4.82887824,0.00629495,0.62270192,0.54207104,3.16676772,0.05216262,0.04038885,1.23159751
0.14107054,4.84075943,0.00600424,0.63077539,0.54047708,3.16632990,0.05321304,0.04124169,1.23482405
0.14707354,4.83894563,0.00571804,0.63633636,0.53591741,3.15876635,0.05436409,0.04208557,1.23292459
0.15307654,4.82343687,0.00543974,0.63936883,0.52846921,3.14405339,0.05561103,0.04291692,1.22596101
0.15907954,4.79435004,0.00517212,0.63988485,0.51825721,3.12220889,0.05694204,0.04372934,1.21406059
0.16508254,4.75190151,0.00491727,0.63792202,0.50544991,3.09328199,0.05833810,0.04451351,1.19741044
0.17108554,4.69639100,0.00467661,0.63354080,0.49025484,3.05734489,0.05977336,0.04525719,1.17625101
0.17708854,4.62818764,0.00445089,0.62682166,0.47291284,3.01448712,0.06121570,0.04594548,1.15086883
0.18309155,4.54771907,0.00424021,0.61786239,0.45369160,2.96481279,0.06262771,0.04656116,1.12158891
0.18909455,4.45546395,0.00404413,0.60677556,0.43287876,2.90844093,0.06396794,0.04708531,1.08876698
0.19509755,4.35194812,0.00386173,0.59368630,0.41077475,2.84550869,0.06519238,0.04749795,1.05278187
0.20110055,4.23774398,0.00369170,0.57873034,0.38768567,2.77617715,0.06625612,0.04777883,1.01402820
0.20710355,4.11347285,0.00353245,0.56205254,0.36391629,2.70063906,0.06711508,0.04790833,0.97290964
0.21310655,3.97980927,0.00338221,0.54380562,0.33976359,2.61912773,0.06772778,0.04786831,0.92983270
0.21910955,3.83748649,0.00323918,0.52414920,0.31551082,2.53192633,0.06805705,0.04764297,0.88520128
0.22511256,3.68730197,0.00310154,0.50324901,0.29142244,2.43937651,0.06807150,0.04721965,0.83941185
0.23111556,3.53012189,0.00296762,0.48127621,0.26773978,2.34188564,0.06774688,0.04658951,0.79284941
0.23711856,3.36688364,0.00283593,0.45840666,0.24467782,2.23993177,0.06706710,0.04574807,0.74588399
0.24312156,3.19859533,0.00270521,0.43482007,0.22242283,2.13406563,0.06602484,0.04469554,0.69886778
0.24912456,3.02633190,0.00257450,0.41069893,0.20113102,2.02490933,0.06462194,0.04343699,0.65213275
0.25512756,2.85122727,0.00244312,0.38622726,0.18092814,1.91315142,0.06286929,0.04198233,0.60598860
0.26113057,2.67446247,0.00231072,0.36158895,0.16190991,1.79953835,0.06078643,0.04034603,0.56072114
0.26713357,2.49725008,0.00217723,0.33696589,0.14414322,1.68486261,0.05840082,0.03854674,0.51659086
0.27313657,2.32081541,0.00204284,0.31253587,0.12766794,1.56994799,0.05574673,0.03660664,0.47383179
0.27913957,2.14637512,0.00190800,0.28847018,0.11249928,1.45563259,0.05286406,0.03455079,0.43265052
0.28514257,1.97511441,0.00177335,0.26493121,0.09863045,1.34275039,0.04979682,0.03240627,0.39322545
0.29114557,1.80816364,0.00163965,0.24207003,0.08603566,1.23211228,0.04659168,0.03020135,0.35570629
0.29714857,1.64657561,0.00150778,0.22002403,0.07467310,1.12448746,0.04329636,0.02796458,0.32021377
0.30315158,1.49130461,0.00137866,0.19891486,0.06448808,1.02058598,0.03995821,0.02572400,0.28683968
0.30915458,1.34318809,0.00125320,0.17884665,0.05541587,0.92104337,0.03662276,0.02350633,0.25564727
0.31515758,1.20293197,0.00113229,0.15990470,0.04738459,0.82640790,0.03333259,0.02133628,0.22667193
0.32116058,1.07110004,0.00101672,0.14215458,0.04031767,0.73713093,0.03012622,0.01923603,0.19992237
0.32716358,0.94810786,0.00090719,0.12564186,0.03413613,0.65356079,0.02703743,0.01722476,0.17538207
0.33316658,0.83422133,0.00080427,0.11039224,0.02876054,0.57594020,0.02409465,0.01531836,0.15301122
0.33916958,0.72955985,0.00070838,0.09641236,0.02411268,0.50440714,0.02132070,0.01352931,0.13274896
0.34517259,0.63410353,0.00061981,0.08369093,0.02011680,0.43899899,0.01873274,0.01186666,0.11451589
0.35117559,0.54770421,0.00053871,0.07220039,0.01670076,0.37965950,0.01634234,0.01033613,0.09821682
0.35717859,0.47009934,0.00046508,0.06189881,0.01379669,0.32624816,0.01415589,0.00894030,0.08374376
0.36318159,0.40092818,0.00039880,0.05273211,0.01134157,0.27855128,0.01217499,0.00767893,0.07097881
0.36918459,0.33974942,0.00033966,0.04463637,0.00927755,0.23629433,0.01039704,0.00654930,0.05979720
0.37518759,0.28605940,0.00028732,0.03754019,0.00755203,0.19915488,0.00881589,0.00554660,0.05007014
0.38119060,0.23931027,0.00024141,0.03136701,0.00611769,0.16677559,0.00742248,0.00466435,0.04166748
0.38719360,0.19892743,0.00020147,0.02603735,0.00493232,0.13877673,0.00620555,0.00389476,0.03446021
0.39319660,0.16432561,0.00016704,0.02147079,0.00395863,0.11476792,0.00515222,0.00322918,0.02832257
0.39919960,0.13492334,0.00013761,0.01758781,0.00316395,0.09435863,0.00424866,0.00265843,0.02313393
0.40520260,0.11015533,0.00011269,0.01431125,0.00251992,0.07716740,0.00348055,0.00217308,0.01878025
0.41120560,0.08948281,0.00009178,0.01156764,0.00200211,0.06282947,0.00283362,0.00176380,0.01515524
0.41720860,0.07240167,0.00007443,0.00928810,0.00158972,0.05100291,0.00229396,0.00142151,0.01216122
0.42321161,0.05844838,0.00006018,0.00740904,0.00126515,0.04137317,0.00184835,0.00113762,0.00970958
0.42921461,0.04720409,0.00004864,0.00587264,0.00101373,0.03365630,0.00148449,0.00090410,0.00772102
0.43521761,0.03829683,0.00003945,0.00462705,0.00082337,0.02760080,0.00119114,0.00071359,0.00612563
0.44122061,0.03140226,0.00003227,0.00362642,0.00068422,0.02298831,0.00095823,0.00055946,0.00486261
0.44722361,0.02624304,0.00002683,0.00283084,0.00058846,0.01963350,0.00077686,0.00043582,0.00388004
0.45322661,0.02258733,0.00002290,0.00220604,0.00053001,0.01738295,0.00063933,0.00033749,0.00313439
0.45922961,0.02024639,0.00002027,0.00172317,0.00050430,0.01611367,0.00053905,0.00026001,0.00259012
0.46523262,0.01907171,0.00001877,0.00135842,0.00050809,0.01573094,0.00047050,0.00019953,0.00221914
0.47123562,0.01895186,0.00001827,0.00109265,0.00053931,0.01616608,0.00042914,0.00015283,0.00200036
0.47723862,0.01980906,0.00001868,0.00091108,0.00059685,0.01737381,0.00041127,0.00011722,0.00191929
0.48324162,0.02159587,0.00001990,0.00080295,0.00068049,0.01932972,0.00041394,0.00009047,0.00196767
0.48924462,0.02429192,0.00002190,0.00076122,0.00079074,0.02202760,0.00043483,0.00007077,0.00214320
0.49524762,0.02790081,0.00002461,0.00078237,0.00092880,0.02547694,0.00047212,0.00005668,0.00244935
0.50125063,0.03244730,0.00002803,0.00086620,0.00109642,0.02970049,0.00052441,0.00004704,0.00289528
0.50725363,0.03797480,0.00003212,0.00101571,0.00129586,0.03473200,0.00059057,0.00004096,0.00349582
0.51325663,0.04454310,0.00003687,0.00123701,0.00152985,0.04061420,0.00066969,0.00003773,0.00427152
0.51925963,0.05222651,0.00004227,0.00153927,0.00180151,0.04739698,0.00076094,0.00003686,0.00524875
0.52526263,0.06111226,0.00004832,0.00193470,0.00211438,0.05513585,0.00086353,0.00003795,0.00645983
0.53126563,0.07129922,0.00005501,0.00243854,0.00247233,0.06389066,0.00097663,0.00004075,0.00794317
0.53726863,0.08289685,0.00006232,0.00306898,0.00287959,0.07372467,0.00109932,0.00004510,0.00974328
0.54327164,0.09602442,0.00007025,0.00384713,0.00334072,0.08470381,0.00123054,0.00005089,0.01191080
0.54927464,0.11081033,0.00007880,0.00479687,0.00386061,0.09689639,0.00136910,0.00005809,0.01450233
0.55527764,0.12739156,0.00008795,0.00594464,0.00444450,0.11037295,0.00151361,0.00006673,0.01758007
0.56128064,0.14591313,0.00009773,0.00731912,0.00509792,0.12520642,0.00166257,0.00007686,0.02121131
0.56728364,0.16652746,0.00010817,0.00895077,0.00582674,0.14147252,0.00181430,0.00008858,0.02546759
0.57328664,0.18939356,0.00011930,0.01087133,0.00663713,0.15925024,0.00196708,0.00010202,0.03042361
0.57928964,0.21467605,0.00013123,0.01311299,0.00753553,0.17862250,0.00211913,0.00011734,0.03615580
0.58529265,0.24254370,0.00014408,0.01570763,0.00852864,0.19967678,0.00226870,0.00013470,0.04274060
0.59129565,0.27316780,0.00015803,0.01868575,0.00962333,0.22250576,0.00241416,0.00015432,0.05025245
0.59729865,0.30671990,0.00017335,0.02207538,0.01082659,0.24720779,0.00255409,0.00017641,0.05876146
0.60330165,0.34336933,0.00019036,0.02590084,0.01214546,0.27388727,0.00268733,0.00020123,0.06833094
0.60930465,0.38328024,0.00020950,0.03018148,0.01358690,0.30265473,0.00281313,0.00022902,0.07901470
0.61530765,0.42660833,0.00023128,0.03493038,0.01515768,0.33362672,0.00293119,0.00026007,0.09085442
0.62131066,0.47349741,0.00025637,0.04015313,0.01686428,0.36692538,0.00304174,0.00029467,0.10387699
0.62731366,0.52407589,0.00028551,0.04584667,0.01871267,0.40267775,0.00314565,0.00033311,0.11809207
0.63331666,0.57845326,0.00031960,0.05199837,0.02070826,0.44101471,0.00324439,0.00037570,0.13348999
0.63931966,0.63671688,0.00035964,0.05858526,0.02285564,0.48206975,0.00334014,0.00042275,0.15004006
0.64532266,0.69892903,0.00040675,0.06557358,0.02515853,0.52597734,0.00343572,0.00047456,0.16768947
0.65132566,0.76512443,0.00046215,0.07291872,0.02761955,0.57287103,0.00353457,0.00053143,0.18636284
0.65732866,0.83530823,0.00052715,0.08056546,0.03024012,0.62288122,0.00364071,0.00059364,0.20596242
0.66333167,0.90945457,0.00060310,0.08844864,0.03302028,0.67613262,0.00375860,0.00066144,0.22636916
0.66933467,0.98750552,0.00069137,0.09649418,0.03595859,0.73274114,0.00389306,0.00073505,0.24744438
0.67533767,1.06937039,0.00079332,0.10462052,0.03905198,0.79281044,0.00404909,0.00081463,0.26903228
0.68134067,1.15492517,0.00091021,0.11274038,0.04229562,0.85642783,0.00423169,0.00090028,0.29096292
0.68734367,1.24401198,0.00104320,0.12076271,0.04568277,0.92365949,0.00444568,0.00099204,0.31305578
0.69334667,1.33643826,0.00119324,0.12859490,0.04920468,0.99454501,0.00469546,0.00108982,0.33512362
0.69934967,1.43197549,0.00136104,0.13614510,0.05285040,1.06909129,0.00498486,0.00119346,0.35697644
0.70535268,1.53035737,0.00154700,0.14332446,0.05660671,1.14726561,0.00531685,0.00130264,0.37842550
0.71135568,1.63127731,0.00175117,0.15004932,0.06045794,1.22898834,0.00569344,0.00141693,0.39928711
0.71735868,1.73438532,0.00197315,0.15624324,0.06438588,1.31412514,0.00611541,0.00153571,0.41938605
0.72336168,1.83928438,0.00221211,0.16183867,0.06836972,1.40247927,0.00658227,0.00165822,0.43855858
0.72936468,1.94552669,0.00246671,0.16677838,0.07238596,1.49378416,0.00709209,0.00178352,0.45665480
0.73536768,2.05260998,0.00273512,0.17101648,0.07640852,1.58769680,0.00764148,0.00191049,0.47354048
0.74137069,2.15997462,0.00301503,0.17451896,0.08040880,1.68379250,0.00822560,0.00203784,0.48909828
0.74737369,2.26700181,0.00330363,0.17726397,0.08435590,1.78156149,0.00883820,0.00216413,0.50322832
0.75337669,2.37301362,0.00359769,0.17924162,0.08821698,1.88040782,0.00947175,0.00228776,0.51584836
0.75937969,2.47727522,0.00389363,0.18045344,0.09195766,1.97965119,0.01011762,0.00240704,0.52689355
0.76538269,2.57899987,0.00418757,0.18091164,0.09554262,2.07853180,0.01076629,0.00252018,0.53631587
0.77138569,2.67735681,0.00447545,0.18063809,0.09893630,2.17621860,0.01140763,0.00262536,0.54408344
0.77738869,2.77148220,0.00475315,0.17966314,0.10210361,2.27182084,0.01203117,0.00272076,0.55017973
0.78339170,2.86049297,0.00501658,0.17802440,0.10501088,2.36440281,0.01262647,0.00280462,0.55460282
0.78939470,2.94350323,0.00526183,0.17576550,0.10762663,2.45300125,0.01318341,0.00287531,0.55736465
0.79539770,3.01964261,0.00548528,0.17293481,0.10992254,2.53664501,0.01369253,0.00293134,0.55849041
0.80140070,3.08807587,0.00568370,0.16958432,0.11187419,2.61437614,0.01414532,0.00297145,0.55801789
0.80740370,3.14802282,0.00585436,0.16576852,0.11346183,2.68527150,0.01453447,0.00299465,0.55599693
0.81340670,3.19877753,0.00599512,0.16154343,0.11467091,2.74846414,0.01485411,0.00300025,0.55248873
0.81940970,3.23972605,0.00610446,0.15696568,0.11549249,2.80316343,0.01509996,0.00298792,0.54756507
0.82541271,3.27036158,0.00618154,0.15209175,0.11592340,2.84867303,0.01526937,0.00295767,0.54130732
0.83141571,3.29029642,0.00622617,0.14697717,0.11596618,2.88440622,0.01536142,0.00290989,0.53380513
0.83741871,3.29927019,0.00623883,0.14167588,0.11562884,2.90989779,0.01537681,0.00284535,0.52515498
0.84342171,3.29715407,0.00622060,0.13623959,0.11492430,2.92481227,0.01531777,0.00276517,0.51545824
0.84942471,3.28395086,0.00617310,0.13071720,0.11386978,2.92894838,0.01518790,0.00267079,0.50481923
0.85542771,3.25979134,0.00609840,0.12515421,0.11248595,2.92223979,0.01499195,0.00256399,0.49334294
0.86143072,3.22492726,0.00599894,0.11959225,0.11079605,2.90475243,0.01473559,0.00244677,0.48113278
0.86743372,3.17972165,0.00587740,0.11406864,0.10882492,2.87667892,0.01442513,0.00232134,0.46828842
0.87343672,3.12463715,0.00573662,0.10861602,0.10659813,2.83833058,0.01406725,0.00219009,0.45490388
0.87943972,3.06022342,0.00557951,0.10326211,0.10414114,2.79012780,0.01366880,0.00205550,0.44106588
0.88544272,2.98710410,0.00540893,0.09802957,0.10147861,2.73258920,0.01323648,0.00192010,0.42685277
0.89144572,2.90596435,0.00522763,0.09293602,0.09863384,2.66632044,0.01277674,0.00178645,0.41233402
0.89744872,2.81753928,0.00503820,0.08799420,0.09562850,2.59200293,0.01229555,0.00165704,0.39757026
0.90345173,2.72260388,0.00484302,0.08321226,0.09248243,2.51038288,0.01179833,0.00153431,0.38261395
0.90945473,2.62196434,0.00464425,0.07859428,0.08921372,2.42226097,0.01128989,0.00142063,0.36751068
0.91545773,2.51645105,0.00444379,0.07414076,0.08583894,2.32848267,0.01077436,0.00131821,0.35230084
0.92146073,2.40691272,0.00424334,0.06984938,0.08237347,2.22992904,0.01025529,0.00122915,0.33702166
0.92746373,2.29421145,0.00404439,0.06571570,0.07883195,2.12750802,0.00973562,0.00115540,0.32170943
0.93346673,2.17921832,0.00384825,0.06173394,0.07522877,2.02214575,0.00921782,0.00109879,0.30640163
0.93946973,2.06280872,0.00365610,0.05789770,0.07157855,1.91477794,0.00870395,0.00106098,0.29113897
0.94547274,1.94585727,0.00346901,0.05420070,0.06789650,1.80634064,0.00819576,0.00104347,0.27596698
0.95147574,1.82923167,0.00328797,0.05063730,0.06419883,1.69776061,0.00769481,0.00104760,0.26093712
0.95747874,1.71378531,0.00311393,0.04720303,0.06050284,1.58994489,0.00720253,0.00107457,0.24610725
0.96348174,1.60034848,0.00294781,0.04389485,0.05682705,1.48376968,0.00672027,0.00112533,0.23154152
0.96948474,1.48971821,0.00279049,0.04071140,0.05319102,1.38006865,0.00624941,0.00120067,0.21730948
0.97548774,1.38264694,0.00264283,0.03765294,0.04961511,1.27962090,0.00579133,0.00130109,0.20348463
0.98149075,1.27983049,0.00250565,0.03472128,0.04612012,1.18313888,0.00534748,0.00142684,0.19014239
0.98749375,1.18189564,0.00237969,0.03191949,0.04272674,1.09125678,0.00491927,0.00157781,0.17735764
0.99349675,1.08938814,0.00226558,0.02925158,0.03945502,1.00451971,0.00450817,0.00175354,0.16520204
0.99949975,1.00276157,0.00216386,0.02672209,0.03632375,0.92337443,0.00411555,0.00195314,0.15374117
1.00550275,0.92236784,0.00207488,0.02433562,0.03334988,0.84816177,0.00374270,0.00217526,0.14303181
1.01150575,0.84844984,0.00199877,0.02209641,0.03054797,0.77911152,0.00339078,0.00241805,0.13311944
1.01750875,0.78113677,0.00193548,0.02000792,0.02792971,0.71633978,0.00306075,0.00267916,0.12403611
1.02351176,0.72044246,0.00188468,0.01807242,0.02550357,0.65984934,0.00275331,0.00295567,0.11579884
1.02951476,0.66626700,0.00184579,0.01629076,0.02327454,0.60953294,0.00246891,0.00324418,0.10840865
1.03551776,0.61840163,0.00181795,0.01466216,0.02124406,0.56517946,0.00220771,0.00354076,0.10185018
1.04152076,0.57653687,0.00180008,0.01318405,0.01941002,0.52648303,0.00196955,0.00384105,0.09609211
1.04752376,0.54027361,0.00179084,0.01185210,0.01776695,0.49305451,0.00175400,0.00414032,0.09108804
1.05352676,0.50913673,0.00178869,0.01066032,0.01630631,0.46443514,0.00156032,0.00443355,0.08677821
1.05952976,0.48259075,0.00179195,0.00960114,0.01501686,0.44011184,0.00138752,0.00471554,0.08309151
1.06553277,0.46005696,0.00179881,0.00866572,0.01388520,0.41953359,0.00123441,0.00498109,0.07994806
1.07153577,0.44093124,0.00180742,0.00784415,0.01289622,0.40212821,0.00109959,0.00522507,0.07726195
1.07753877,0.42460206,0.00181592,0.00712580,0.01203372,0.38731914,0.00098156,0.00544262,0.07494422
1.08354177,0.41046782,0.00182252,0.00649960,0.01128093,0.37454148,0.00087870,0.00562927,0.07290581
1.08954477,0.39795306,0.00182555,0.00595439,0.01062110,0.36325676,0.00078939,0.00578107,0.07106038
1.09554777,0.38652286,0.00182351,0.00547919,0.01003793,0.35296604,0.00071199,0.00589478,0.06932692
1.10155078,0.37569508,0.00181512,0.00506346,0.00951607,0.34322091,0.00064494,0.00596789,0.06763202
1.10755378,0.36505003,0.00179935,0.00469735,0.00904146,0.33363208,0.00058672,0.00599878,0.06591173
1.11355678,0.35423734,0.00177545,0.00437186,0.00860161,0.32387540,0.00053596,0.00598672,0.06411294
1.11955978,0.34297997,0.00174296,0.00407899,0.00818579,0.31369528,0.00049140,0.00593194,0.06219427
1.12556278,0.33107538,0.00170174,0.00381180,0.00778517,0.30290545,0.00045193,0.00583556,0.06012644
1.13156578,0.31839404,0.00165191,0.00356448,0.00739281,0.29138735,0.00041660,0.00569962,0.05789218
1.13756878,0.30487546,0.00159389,0.00333229,0.00700364,0.27908629,0.00038461,0.00552696,0.05548569
1.14357179,0.29052213,0.00152832,0.00311158,0.00661434,0.26600568,0.00035531,0.00532111,0.05291167
1.14957479,0.27539186,0.00145606,0.00289965,0.00622320,0.25219985,0.00032821,0.00508623,0.05018407
1.15557779,0.25958879,0.00137815,0.00269468,0.00582986,0.23776566,0.00030295,0.00482690,0.04732460
1.16158079,0.24325373,0.00129575,0.00249563,0.00543515,0.22283362,0.00027928,0.00454802,0.04436111
1.16758379,0.22655422,0.00121009,0.00230208,0.00504080,0.20755862,0.00025709,0.00425465,0.04132580
1.17358679,0.20967475,0.00112244,0.00211413,0.00464924,0.19211091,0.00023636,0.00395186,0.03825359
1.17958979,0.19280753,0.00103407,0.00193226,0.00426330,0.17666767,0.00021719,0.00364459,0.03518049
1.18559280,0.17614423,0.00094622,0.00175725,0.00388609,0.16140531,0.00019977,0.00333755,0.03214213
1.19159580,0.15986889,0.00086002,0.00159004,0.00352074,0.14649298,0.00018438,0.00303509,0.02917254
1.19759880,0.14415216,0.00077654,0.00143170,0.00317028,0.13208729,0.00017142,0.00274117,0.02630308
1.20360180,0.12914712,0.00069672,0.00128335,0.00283752,0.11832839,0.00016140,0.00245926,0.02356175
1.20960480,0.11498660,0.00062139,0.00114610,0.00252499,0.10533749,0.00015499,0.00219233,0.02097267
1.21560780,0.10178198,0.00055124,0.00102109,0.00223486,0.09321570,0.00015304,0.00194288,0.01855588
1.22161081,0.08962351,0.00048686,0.00090945,0.00196898,0.08204426,0.00015659,0.00171293,0.01632739
1.22761381,0.07858183,0.00042873,0.00081234,0.00172887,0.07188585,0.00016695,0.00150407,0.01429940
1.23361681,0.06871065,0.00037726,0.00073102,0.00151583,0.06278692,0.00018577,0.00131757,0.01248080
1.23961981,0.06005039,0.00033278,0.00066686,0.00133097,0.05478090,0.00021506,0.00115440,0.01087777
1.24562281,0.05263245,0.00029561,0.00062148,0.00117538,0.04789201,0.00025728,0.00101538,0.00949453
1.25162581,0.04648412,0.00026606,0.00059680,0.00105022,0.04213952,0.00031544,0.00090124,0.00833416
1.25762881,0.04163362,0.00024447,0.00059514,0.00095689,0.03754223,0.00039314,0.00081277,0.00739948
1.26363182,0.03811537,0.00023124,0.00061934,0.00089717,0.03412309,0.00049469,0.00075090,0.00669388
1.26963482,0.03597508,0.00022687,0.00067284,0.00087339,0.03191359,0.00062514,0.00071682,0.00622227
1.27563782,0.03527452,0.00023195,0.00075981,0.00088859,0.03095796,0.00079039,0.00071208,0.00599176
1.28164082,0.03609589,0.00024724,0.00088524,0.00094671,0.03131692,0.00099723,0.00073868,0.00601246
1.28764382,0.03854547,0.00027363,0.00105502,0.00105272,0.03307082,0.00125333,0.00079915,0.00629802
1.29364682,0.04275655,0.00031218,0.00127601,0.00121282,0.03632209,0.00156732,0.00089664,0.00686610
1.29964982,0.04889134,0.00036413,0.00155609,0.00143452,0.04119683,0.00194866,0.00103490,0.00773863
1.30565283,0.05714178,0.00043085,0.00190419,0.00172683,0.04784549,0.00240767,0.00121838,0.00894196
1.31165583,0.06772918,0.00051386,0.00233028,0.00210029,0.05644241,0.00295529,0.00145215,0.01050671
1.31765883,0.08090242,0.00061481,0.00284529,0.00256711,0.06718430,0.00360298,0.00174193,0.01246748
1.32366183,0.09693475,0.00073537,0.00346105,0.00314110,0.08028737,0.00436244,0.00209400,0.01486230
1.32966483,0.11611910,0.00087728,0.00419016,0.00383773,0.09598337,0.00524532,0.00251512,0.01773182
1.33566783,0.13876182,0.00104219,0.00504575,0.00467398,0.11451418,0.00626284,0.00301235,0.02111836
1.34167084,0.16517490,0.00123164,0.00604128,0.00566822,0.13612532,0.00742540,0.00359296,0.02506460
1.34767384,0.19566688,0.00144698,0.00719027,0.00683993,0.16105830,0.00874210,0.00426420,0.02961223
1.35367684,0.23053248,0.00168925,0.00850591,0.00820944,0.18954195,0.01022028,0.00503307,0.03480033
1.35967984,0.27004123,0.00195911,0.01000075,0.00979747,0.22178315,0.01186501,0.00590606,0.04066367
1.36568284,0.31442551,0.00225673,0.01168629,0.01162462,0.25795696,0.01367862,0.00688892,0.04723097
1.37168584,0.36386834,0.00258175,0.01357257,0.01371083,0.29819682,0.01566026,0.00798637,0.05452313
1.37768884,0.41849141,0.00293314,0.01566777,0.01607460,0.34258497,0.01780552,0.00920177,0.06255158
1.38369185,0.47834389,0.00330919,0.01797782,0.01873230,0.39114372,0.02010618,0.01053691,0.07131681
1.38969485,0.54339257,0.00370744,0.02050606,0.02169731,0.44382795,0.02255001,0.01199174,0.08080712
1.39569785,0.61351398,0.00412467,0.02325296,0.02497913,0.50051935,0.02512081,0.01356412,0.09099775
1.40170085,0.68848892,0.00455689,0.02621587,0.02858254,0.56102290,0.02779856,0.01524969,0.10185038
1.40770385,0.76799998,0.00499943,0.02938894,0.03250669,0.62506584,0.03055972,0.01704172,0.11331317
1.41370685,0.85163242,0.00544694,0.03276305,0.03674430,0.69229961,0.03337778,0.01893106,0.12532129
1.41970985,0.93887871,0.00589354,0.03632590,0.04128097,0.76230487,0.03622393,0.02090617,0.13779798
1.42571286,1.02914684,0.00633293,0.04006222,0.04609458,0.83459964,0.03906787,0.02295320,0.15065615
1.43171586,1.12177236,0.00675856,0.04395406,0.05115492,0.90865055,0.04187881,0.02505618,0.16380054
1.43771886,1.21603385,0.00716378,0.04798118,0.05642349,0.98388691,0.04462643,0.02719726,0.17713025
1.44372186,1.31117152,0.00754205,0.05212154,0.06185362,1.05971710,0.04728202,0.02935700,0.19054166
1.44972486,1.40640824,0.00788715,0.05635185,0.06739085,1.13554694,0.04981945,0.03151481,0.20393155
1.45572786,1.50097214,0.00819334,0.06064811,0.07297357,1.21079902,0.05221616,0.03364931,0.21720033
1.46173087,1.59412010,0.00845558,0.06498620,0.07853403,1.28493246,0.05445396,0.03573885,0.23025520
1.46773387,1.68516080,0.00866966,0.06934245,0.08399960,1.35746201,0.05651966,0.03776191,0.24301311
1.47373687,1.77347664,0.00883238,0.07369406,0.08929433,1.42797576,0.05840543,0.03969764,0.25540332
1.47973987,1.85854312,0.00894159,0.07801958,0.09434074,1.49615039,0.06010892,0.04152625,0.26736945
1.48574287,1.93994507,0.00899631,0.08229912,0.09906173,1.56176325,0.06163311,0.04322942,0.27887094
1.49174587,2.01738857,0.00899673,0.08651455,0.10338272,1.62470060,0.06298575,0.04479068,0.28988375
1.49774887,2.09070811,0.00894418,0.09064950,0.10723368,1.68496132,0.06417874,0.04619564,0.30040033
1.50375188,2.15986845,0.00884105,0.09468923,0.11055125,1.74265602,0.06522703,0.04743220,0.31042880
1.50975488,2.22496103,0.00869071,0.09862042,0.11328058,1.79800107,0.06614753,0.04849069,0.31999140
1.51575788,2.28619488,0.00849737,0.10243076,0.11537708,1.85130803,0.06695779,0.04936385,0.32912231
1.52176088,2.34388259,0.00826589,0.10610859,0.11680780,1.90296856,0.06767465,0.05004684,0.33786484
1.52776388,2.39842168,0.00800162,0.10964240,0.11755247,1.95343554,0.06831300,0.05053710,0.34626832
1.53376688,2.45027236,0.00771018,0.11302035,0.11760414,2.00320106,0.06888452,0.05083416,0.35438469
1.53976988,2.49993260,0.00739731,0.11622991,0.11696933,2.05277224,0.06939676,0.05093948,0.36226505
1.54577289,2.54791163,0.00706865,0.11925744,0.11566781,2.10264591,0.06985235,0.05085615,0.36995629
1.55177589,2.59470304,0.00672960,0.12208802,0.11373190,2.15328307,0.07024862,0.05058871,0.37749811
1.55777889,2.64075866,0.00638516,0.12470537,0.11120530,2.20508445,0.07057748,0.05014290,0.38492030
1.56378189,2.68646432,0.00603982,0.12709191,0.10814169,2.25836788,0.07082572,0.04952542,0.39224075
1.56978489,2.73211849,0.00569750,0.12922903,0.10460295,2.31334854,0.07097557,0.04874381,0.39946393
1.57578789,2.77791460,0.00536147,0.13109747,0.10065718,2.37012282,0.07100563,0.04780625,0.40658007
1.58179090,2.82392762,0.00503435,0.13267791,0.09637665,2.42865622,0.07089203,0.04672156,0.41356508
1.58779390,2.87010537,0.00471814,0.13395158,0.09183563,2.48877588,0.07060978,0.04549905,0.42038092
1.59379690,2.91626461,0.00441422,0.13490101,0.08710836,2.55016772,0.07013421,0.04414859,0.42697668
1.59979990,2.96209206,0.00412343,0.13551074,0.08226709,2.61237835,0.06944248,0.04268061,0.43329000
1.60580290,3.00714985,0.00384617,0.13576807,0.07738037,2.67482140,0.06851495,0.04110611,0.43924883
1.61180590,3.05088530,0.00358243,0.13566365,0.07251156,2.73678819,0.06733650,0.03943672,0.44477351
1.61780890,3.09264435,0.00333194,0.13519207,0.06771768,2.79746211,0.06589756,0.03768474,0.44977880
1.62381191,3.13168816,0.00309420,0.13435218,0.06304853,2.85593633,0.06419494,0.03586313,0.45417613
1.62981491,3.16721232,0.00286860,0.13314735,0.05854622,2.91123434,0.06223229,0.03398554,0.45787556
1.63581791,3.19836796,0.00265449,0.13158548,0.05424496,2.96233266,0.06002027,0.03206619,0.46078787
1.64182091,3.22428444,0.00245121,0.12967890,0.05017117,3.00818528,0.05757644,0.03011983,0.46282633
1.64782391,3.24409287,0.00225817,0.12744408,0.04634390,3.04774926,0.05492473,0.02816160,0.46390845
1.65382691,3.25695015,0.00207488,0.12490125,0.04277544,3.08001096,0.05209481,0.02620684,0.46395759
1.65982991,3.26206306,0.00190094,0.12207393,0.03947217,3.10401246,0.04912109,0.02427094,0.46290445
1.66583292,3.25871203,0.00173609,0.11898842,0.03643554,3.11887754,0.04604169,0.02236909,0.46068859
1.67183592,3.24627409,0.00158017,0.11567333,0.03366316,3.12383693,0.04289723,0.02051611,0.45725988
1.67783892,3.22424482,0.00143313,0.11215911,0.03114992,3.11825213,0.03972971,0.01872624,0.45257999
1.68384192,3.19225862,0.00129501,0.10847772,0.02888921,3.10163723,0.03658132,0.01701293,0.44662391
1.68984492,3.15010700,0.00116595,0.10466238,0.02687406,3.07367841,0.03349345,0.01538879,0.43938143
1.69584792,3.09775435,0.00104609,0.10074750,0.02509828,3.03425025,0.03050579,0.01386539,0.43085863
1.70185093,3.03535059,0.00093565,0.09676866,0.02355749,2.98342844,0.02765565,0.01245330,0.42107925
1.70785393,2.96324031,0.00083485,0.09276282,0.02225010,2.92149829,0.02497746,0.01116207,0.41008586
1.71385693,2.88196769,0.00074392,0.08876853,0.02117818,2.84895852,0.02250249,0.01000030,0.39794077
1.71985993,2.79227692,0.00066308,0.08482626,0.02034811,2.76651998,0.02025876,0.00897575,0.38472656
1.72586293,2.69510761,0.00059256,0.08097874,0.01977121,2.67509897,0.01827113,0.00809550,0.37054615
1.73186593,2.59158496,0.00053256,0.07727128,0.01946410,2.57580498,0.01656158,0.00736612,0.35552231
1.73786893,2.48300460,0.00048330,0.07375200,0.01944889,2.46992309,0.01514946,0.00679387,0.33979650
1.74387194,2.37081221,0.00044498,0.07047194,0.01975319,2.35889095,0.01405200,0.00638485,0.32352718
1.74987494,2.25657812,0.00041780,0.06748500,0.02040982,2.24427117,0.01328461,0.00614518,0.30688737
1.75587794,2.14196730,0.00040197,0.06484766,0.02145637,2.12771938,0.01286131,0.00608112,0.29006161
1.76188094,2.02870555,0.00039770,0.06261849,0.02293436,2.01094902,0.01279496,0.00619906,0.27324243
1.76788394,1.91854244,0.00040522,0.06085736,0.02488826,1.89569366,0.01309746,0.00650557,0.25662630
1.77388694,1.81321222,0.00042475,0.05962444,0.02736412,1.78366799,0.01377967,0.00700722,0.24040933
1.77988994,1.71439352,0.00045648,0.05897893,0.03040795,1.67652847,0.01485128,0.00771045,0.22478271
1.78589295,1.62366902,0.00050059,0.05897761,0.03406392,1.57583494,0.01632038,0.00862119,0.20992819
1.79189595,1.54248639,0.00055720,0.05967315,0.03837221,1.48301412,0.01819296,0.00974455,0.19601371
1.79789895,1.47212144,0.00062637,0.06111238,0.04336681,1.39932628,0.02047212,0.01108433,0.18318925
1.80390195,1.41364471,0.00070804,0.06333448,0.04907310,1.32583581,0.02315725,0.01264251,0.17158325
1.80990495,1.36789268,0.00080202,0.06636922,0.05550553,1.26338679,0.02624309,0.01441871,0.16129950
1.81590795,1.33544431,0.00090796,0.07023534,0.06266528,1.21258408,0.02971870,0.01640960,0.15241476
1.82191096,1.31660409,0.00102528,0.07493911,0.07053815,1.17378070,0.03356658,0.01860843,0.14497720
1.82791396,1.31139204,0.00115323,0.08047326,0.07909281,1.14707178,0.03776177,0.02100450,0.13900561
1.83391696,1.31954149,0.00129075,0.08681629,0.08827935,1.13229542,0.04227117,0.02358284,0.13448953
1.83991996,1.34050474,0.00143657,0.09393223,0.09802852,1.12904046,0.04705317,0.02632393,0.13139025
1.84592296,1.37346704,0.00158913,0.10177101,0.10825153,1.13666116,0.05205743,0.02920367,0.12964266
1.85192596,1.41736855,0.00174660,0.11026931,0.11884061,1.15429839,0.05722516,0.03219344,0.12915791
1.85792896,1.47093407,0.00190691,0.11935213,0.12967037,1.18090691,0.06248975,0.03526046,0.12982683
1.86393197,1.53270989,0.00206778,0.12893480,0.14059990,1.21528799,0.06777777,0.03836826,0.13152395
1.86993497,1.60110674,0.00222676,0.13892561,0.15147573,1.25612654,0.07301044,0.04147745,0.13411206
1.87593797,1.67444776,0.00238126,0.14922882,0.16213546,1.30203161,0.07810546,0.04454661,0.13744719
1.88194097,1.75101978,0.00252867,0.15974804,0.17241200,1.35157913,0.08297919,0.04753337,0.14138367
1.88794397,1.82912647,0.00266636,0.17038979,0.18213835,1.40335531,0.08754904,0.05039561,0.14577939
1.89394697,1.90714121,0.00279181,0.18106702,0.19115255,1.45599946,0.09173615,0.05309271,0.15050083
1.89994997,1.98355780,0.00290267,0.19170262,0.19930277,1.50824450,0.09546800,0.05558684,0.15542772
1.90595298,2.05703701,0.00299686,0.20223246,0.20645234,1.55895384,0.09868109,0.05784422,0.16045723
1.91195598,2.12644702,0.00307261,0.21260802,0.21248425,1.60715304,0.10132335,0.05983623,0.16550749
1.91795898,2.19089600,0.00312852,0.22279840,0.21730524,1.65205517,0.10335631,0.06154041,0.17052015
1.92396198,2.24975553,0.00316369,0.23279148,0.22084903,1.69307880,0.10475688,0.06294125,0.17546202
1.92996498,2.30267357,0.00317766,0.24259432,0.22307867,1.72985789,0.10551855,0.06403071,0.18032561
1.93596798,2.34957668,0.00317051,0.25223260,0.22398785,1.76224327,0.10565208,0.06480846,0.18512854
1.94197099,2.39066121,0.00314282,0.26174921,0.22360113,1.79029569,0.10518557,0.06528189,0.18991177
1.94797399,2.42637391,0.00309572,0.27120198,0.22197310,1.81427089,0.10416379,0.06546578,0.19473675
1.95397699,2.45738304,0.00303080,0.28066068,0.21918652,1.83459747,0.10264699,0.06538174,0.19968158
1.95997999,2.48454117,0.00295011,0.29020338,0.21534948,1.85184869,0.10070902,0.06505734,0.20483630
1.96598299,2.50884170,0.00285609,0.29991237,0.21059186,1.86670956,0.09843495,0.06452517,0.21029753
1.97198599,2.53137095,0.00275155,0.30986986,0.20506117,1.87994092,0.09591827,0.06382162,0.21616268
1.97798899,2.55325825,0.00263955,0.32015349,0.19891797,1.89234216,0.09325770,0.06298568,0.22252400
1.98399200,2.57562624,0.00252333,0.33083213,0.19233121,1.90471440,0.09055389,0.06205760,0.22946282
1.98999500,2.59954359,0.00240630,0.34196185,0.18547355,1.91782570,0.08790593,0.06107767,0.23704403
1.99599800,2.62598223,0.00229190,0.35358245,0.17851691,1.93237989,0.08540810,0.06008502,0.24531144
2.00200100,2.65578074,0.00218356,0.36571458,0.17162846,1.94899022,0.08314664,0.05911653,0.25428392
2.00800400,2.68961529,0.00208466,0.37835758,0.16496711,1.96815886,0.08119698,0.05820595,0.26395268
2.01400700,2.72797902,0.00199845,0.39148815,0.15868060,1.99026270,0.07962133,0.05738309,0.27427991
2.02001001,2.77117031,0.00192804,0.40505982,0.15290330,2.01554585,0.07846682,0.05667331,0.28519868
2.02601301,2.81928992,0.00187633,0.41900327,0.14775451,2.04411869,0.07776422,0.05609712,0.29661431
2.03201601,2.87224660,0.00184599,0.43322754,0.14333757,2.07596293,0.07752722,0.05567002,0.30840700
2.03801901,2.92977032,0.00183947,0.44762194,0.13973930,2.11094209,0.07775246,0.05540246,0.32043573
2.04402201,2.99143198,0.00185892,0.46205871,0.13703002,2.14881637,0.07842006,0.05529998,0.33254315
2.05002501,3.05666828,0.00190623,0.47639626,0.13526380,2.18926075,0.07949480,0.05536347,0.34456123
2.05602801,3.12481028,0.00198293,0.49048302,0.13447894,2.23188523,0.08092785,0.05558952,0.35631746
2.06203102,3.19511397,0.00209025,0.50416161,0.13469859,2.27625594,0.08265882,0.05597086,0.36764109
2.06803402,3.26679155,0.00222902,0.51727335,0.13593131,2.32191594,0.08461838,0.05649684,0.37836939
2.07403702,3.33904179,0.00239968,0.52966295,0.13817162,2.36840477,0.08673088,0.05715393,0.38835328
2.08004002,3.41107843,0.00260220,0.54118323,0.14140037,2.41527580,0.08891733,0.05792627,0.39746230
2.08604302,3.48215548,0.00283606,0.55169980,0.14558509,2.46211079,0.09109829,0.05879617,0.40558859
2.09204602,3.55158870,0.00310021,0.56109541,0.15068012,2.50853123,0.09319665,0.05974459,0.41264966
2.09804902,3.61877281,0.00339302,0.56927415,0.15662670,2.55420629,0.09514035,0.06075169,0.41858993
2.10405203,3.68319413,0.00371223,0.57616495,0.16335309,2.59885740,0.09686466,0.06179723,0.42338101
2.11005503,3.74443871,0.00405497,0.58172472,0.17077470,2.64225967,0.09831424,0.06286101,0.42702070
2.11605803,3.80219617,0.00441770,0.58594055,0.17879438,2.68424064,0.09944469,0.06392327,0.42953095
2.12206103,3.85625965,0.00479626,0.58883130,0.18730297,2.72467681,0.10022371,0.06496507,0.43095485
2.12806403,3.90652231,0.00518590,0.59044816,0.19618015,2.76348852,0.10063176,0.06596857,0.43135298
2.13406703,3.95297111,0.00558130,0.59087432,0.20529562,2.80063387,0.10066226,0.06691740,0.43079940
2.14007004,3.99567829,0.00597672,0.59022364,0.21451078,2.83610207,0.10032133,0.06779682,0.42937743
2.14607304,4.03479121,0.00636605,0.58863825,0.22368075,2.86990687,0.09962720,0.06859403,0.42717560
2.15207604,4.07052096,0.00674298,0.58628532,0.23265686,2.90208026,0.09860916,0.06929832,0.42428400
2.15807904,4.10313016,0.00710117,0.58335273,0.24128943,2.93266681,0.09730637,0.06990117,0.42079113
2.16408204,4.13292024,0.00743435,0.58004402,0.24943088,2.96171861,0.09576628,0.07039640,0.41678140
2.17008504,4.16021834,0.00773660,0.57657262,0.25693900,2.98929083,0.09404310,0.07078019,0.41233348
2.17608804,4.18536389,0.00800245,0.57315545,0.26368023,3.01543774,0.09219602,0.07105106,0.40751924
2.18209105,4.20869506,0.00822710,0.57000626,0.26953292,3.04020892,0.09028755,0.07120981,0.40240345
2.18809405,4.23053499,0.00840656,0.56732868,0.27439027,3.06364560,0.08838179,0.07125943,0.39704403
2.19409705,4.25117795,0.00853780,0.56530941,0.27816302,3.08577663,0.08654284,0.07120491,0.39149273
2.20010005,4.27087563,0.00861884,0.56411170,0.28078156,3.10661431,0.08483330,0.07105304,0.38579606
2.20610305,4.28982376,0.00864884,0.56386928,0.28219756,3.12614976,0.08331288,0.07081214,0.37999631
2.21210605,4.30814962,0.00862813,0.56468116,0.28238492,3.14434808,0.08203713,0.07049175,0.37413262
2.21810905,4.32590078,0.00855821,0.56660736,0.28134001,3.16114363,0.08105637,0.07010234,0.36824181
2.22411206,4.34303596,0.00844172,0.56966582,0.27908136,3.17643565,0.08041469,0.06965491,0.36235906
2.23011506,4.35941852,0.00828231,0.57383071,0.27564860,3.19008487,0.08014910,0.06916065,0.35651835
2.23611806,4.37481353,0.00808461,0.57903213,0.27110085,3.20191165,0.08028881,0.06863059,0.35075266
2.24212106,4.38888894,0.00785401,0.58515744,0.26551472,3.21169615,0.08085467,0.06807520,0.34509399
2.24812406,4.40122148,0.00759657,0.59205404,0.25898182,3.21918114,0.08185869,0.06750412,0.33957328
2.25412706,4.41130763,0.00731881,0.59953375,0.25160609,3.22407769,0.08330377,0.06692582,0.33422040
2.26013007,4.41857977,0.00702755,0.60737849,0.24350096,3.22607418,0.08518355,0.06634741,0.32906414
2.26613307,4.42242721,0.00672977,0.61534722,0.23478652,3.22484822,0.08748246,0.06577442,0.32413241
2.27213607,4.42222142,0.00643239,0.62318382,0.22558674,3.22008162,0.09017597,0.06521069,0.31945269
2.27813907,4.41734477,0.00614220,0.63062565,0.21602693,3.21147744,0.09323111,0.06465837,0.31505260
2.28414207,4.40722118,0.00586565,0.63741245,0.20623138,3.19877849,0.09660713,0.06411791,0.31096079
2.29014507,4.39134734,0.00560881,0.64329528,0.19632128,3.18178625,0.10025656,0.06358821,0.30720787
2.29614807,4.36932280,0.00537727,0.64804503,0.18641306,3.16037893,0.10412633,0.06306681,0.30382735
2.30215108,4.34087696,0.00517603,0.65146023,0.17661693,3.13452739,0.10815932,0.06255011,0.30085646
2.30815408,4.30589147,0.00500949,0.65337380,0.16703578,3.10430778,0.11229600,0.06203379,0.29833670
2.31415708,4.26441633,0.00488138,0.65365848,0.15776438,3.06990973,0.11647624,0.06151307,0.29631386
2.32016008,4.21667840,0.00479474,0.65223065,0.14888880,3.03163915,0.12064129,0.06098320,0.29483755
2.32616308,4.16308167,0.00475192,0.64905242,0.14048609,2.98991506,0.12473576,0.06043987,0.29395999
2.33216608,4.10419854,0.00475451,0.64413197,0.13262408,2.94526018,0.12870962,0.05987961,0.29373407
2.33816908,4.04075268,0.00480336,0.63752205,0.12536136,2.89828557,0.13252004,0.05930022,0.29421073
2.34417209,3.97359371,0.00489854,0.62931680,0.11874744,2.84966956,0.13613311,0.05870115,0.29543570
2.35017509,3.90366524,0.00503934,0.61964704,0.11282285,2.80013233,0.13952522,0.05808381,0.29744568
2.35617809,3.83196767,0.00522428,0.60867435,0.10761950,2.75040706,0.14268427,0.05745182,0.30026436
2.36218109,3.75951788,0.00545104,0.59658411,0.10316100,2.70120950,0.14561030,0.05681121,0.30389834
2.36818409,3.68730790,0.00571655,0.58357798,0.09946307,2.65320749,0.14831588,0.05617047,0.30833336
2.37418709,3.61626509,0.00601696,0.56986613,0.09653401,2.60699227,0.15082600,0.05554056,0.31353109
2.38019010,3.54721579,0.00634768,0.55565960,0.09437526,2.56305341,0.15317745,0.05493483,0.31942680
2.38619310,3.48085471,0.00670347,0.54116309,0.09298189,2.52175870,0.15541787,0.05436877,0.32592816
2.39219610,3.41772177,0.00707853,0.52656860,0.09234328,2.48334040,0.15760430,0.05385976,0.33291534
2.39819910,3.35818733,0.00746656,0.51205003,0.09244362,2.44788866,0.15980142,0.05342669,0.34024259
2.40420210,3.30244692,0.00786098,0.49775900,0.09326259,2.41535252,0.16207943,0.05308949,0.34774131
2.41020510,3.25052519,0.00825499,0.48382203,0.09477579,2.38554848,0.16451164,0.05286864,0.35522449
2.41620810,3.20228881,0.00864185,0.47033902,0.09695528,2.35817604,0.16717189,0.05278461,0.36249244
2.42221111,3.15746715,0.00901499,0.45738298,0.09976984,2.33283930,0.17013186,0.05285723,0.36933960
2.42821411,3.11567922,0.00936821,0.44500100,0.10318525,2.30907312,0.17345819,0.05310511,0.37556192
2.43421711,3.07646491,0.00969592,0.43321613,0.10716427,2.28637241,0.17720979,0.05354491,0.38096465
2.44022011,3.03931849,0.00999325,0.42203009,0.11166656,2.26422243,0.18143505,0.05419081,0.38536999
2.44622311,3.00372197,0.01025621,0.41142642,0.11664840,2.24212842,0.18616936,0.05505378,0.38862416
2.45222611,2.96917628,0.01048185,0.40137398,0.12206229,2.21964269,0.19143276,0.05614107,0.39060368
2.45822911,2.93522824,0.01066827,0.39183046,0.12785637,2.19638742,0.19722799,0.05745563,0.39122022
2.46423212,2.90149188,0.01081469,0.38274565,0.13397394,2.17207211,0.20353891,0.05899563,0.39042401
2.47023512,2.86766282,0.01092144,0.37406452,0.14035282,2.14650447,0.21032939,0.06075412,0.38820542
2.47623812,2.83352529,0.01098989,0.36572969,0.14692493,2.11959452,0.21754279,0.06271871,0.38459481
2.48224112,2.79895159,0.01102233,0.35768353,0.15361599,2.09135175,0.22510208,0.06487149,0.37966044
2.48824412,2.76389471,0.01102186,0.34986964,0.16034545,2.06187581,0.23291054,0.06718899,0.37350480
2.49424712,2.72837497,0.01099219,0.34223391,0.16702675,2.03134173,0.24085329,0.06964237,0.36625940
2.50025013,2.69246214,0.01093744,0.33472520,0.17356796,1.99998075,0.24879947,0.07219781,0.35807848
2.50625313,2.65625474,0.01086194,0.32729570,0.17987281,1.96805836,0.25660510,0.07481701,0.34913179
2.51225613,2.61985844,0.01077004,0.31990113,0.18584215,1.93585120,0.26411665,0.07745796,0.33959710
2.51825913,2.58336539,0.01066588,0.31250100,0.19137583,1.90362443,0.27117511,0.08007583,0.32965263
2.52426213,2.54683621,0.01055321,0.30505879,0.19637490,1.87161126,0.27762053,0.08262408,0.31946987
2.53026513,2.51028627,0.01043527,0.29754251,0.20074414,1.83999610,0.28329689,0.08505568,0.30920726
2.53626813,2.47367748,0.01031469,0.28992530,0.20439479,1.80890234,0.28805705,0.08732447,0.29900484
2.54227114,2.43691617,0.01019337,0.28218644,0.20724735,1.77838585,0.29176769,0.08938656,0.28898022
2.54827414,2.39985771,0.01007254,0.27431256,0.20923436,1.74843438,0.29431401,0.09120182,0.27922598
2.55427714,2.36231751,0.00995273,0.26629901,0.21030299,1.71897313,0.29560397,0.09273528,0.26980865
2.56028014,2.32408793,0.00983387,0.25815151,0.21041741,1.68987610,0.29557196,0.09395856,0.26076902
2.56628314,2.28496017,0.00971543,0.24988765,0.20956061,1.66098249,0.29418169,0.09485109,0.25212399
2.57228614,2.24474982,0.00959652,0.24153853,0.20773589,1.63211723,0.29142823,0.09540124,0.24386945
2.57828914,2.20332459,0.00947610,0.23315003,0.20496764,1.60311443,0.28733905,0.09560718,0.23598425
2.58429215,2.16063256,0.00935317,0.22478394,0.20130154,1.57384227,0.28197406,0.09547751,0.22843478
2.59029515,2.11672921,0.00922694,0.21651856,0.19680411,1.54422798,0.27542470,0.09503162,0.22117999
2.59629815,2.07180155,0.00909704,0.20844895,0.19156160,1.51428135,0.26781198,0.09429972,0.21417647
2.60230115,2.02618792,0.00896367,0.20068655,0.18567827,1.48411542,0.25928367,0.09332254,0.20738335
2.60830415,1.98039199,0.00882779,0.19335822,0.17927420,1.45396299,0.25001070,0.09215072,0.20076675
2.61430715,1.93508991,0.00869117,0.18660472,0.17248247,1.42418806,0.24018291,0.09084382,0.19430355
2.62031016,1.89112991,0.00855651,0.18057858,0.16544611,1.39529119,0.23000427,0.08946910,0.18798423
2.62631316,1.84952384,0.00842743,0.17544137,0.15831472,1.36790838,0.21968778,0.08809985,0.18181487
2.63231616,1.81143054,0.00830847,0.17136050,0.15124088,1.34280309,0.20945009,0.08681364,0.17581792
2.63831916,1.77813136,0.00820499,0.16850553,0.14437651,1.32085158,0.19950618,0.08569023,0.17003205
2.64432216,1.75099844,0.00812307,0.16704409,0.13786925,1.30302181,0.19006405,0.08480928,0.16451092
2.65032516,1.73145651,0.00806932,0.16713753,0.13185899,1.29034657,0.18131959,0.08424805,0.15932102
2.65632816,1.72093959,0.00805068,0.16893644,0.12647452,1.28389180,0.17345184,0.08407899,0.15453879
2.66233117,1.72084401,0.00807419,0.17257599,0.12183056,1.28472102,0.16661863,0.08436731,0.15024707
2.66833417,1.73247922,0.00814668,0.17817137,0.11802502,1.29385735,0.16095271,0.08516869,0.14653116
2.67433717,1.75701842,0.00827454,0.18581349,0.11513679,1.31224451,0.15655846,0.08652717,0.14347472
2.68034017,1.79545070,0.00846340,0.19556486,0.11322389,1.34070816,0.15350919,0.08847323,0.14115566
2.68634317,1.84853668,0.00871789,0.20745606,0.11232221,1.37991933,0.15184526,0.09102225,0.13964229
2.69234617,1.91676947,0.00904133,0.22148270,0.11244476,1.43036133,0.15157275,0.09417334,0.13898994
2.69834917,2.00034265,0.00943552,0.23760323,0.11358157,1.49230158,0.15266312,0.09790859,0.13923809
2.70435218,2.09912680,0.00990059,0.25573754,0.11570015,1.56576959,0.15505349,0.10219289,0.14040841
2.71035518,2.21265590,0.01043482,0.27576652,0.11874665,1.65054237,0.15864795,0.10697421,0.14250357
2.71635818,2.34012442,0.01103456,0.29753280,0.12264763,1.74613774,0.16331960,0.11218453,0.14550695
2.72236118,2.48039575,0.01169423,0.32084247,0.12731242,1.85181648,0.16891348,0.11774123,0.14938338
2.72836418,2.63202197,0.01240638,0.34546799,0.13263619,1.96659311,0.17525027,0.12354908,0.15408070
2.73436718,2.79327477,0.01316178,0.37115227,0.13850334,2.08925549,0.18213081,0.12950265,0.15953219
2.74037019,2.96218648,0.01394962,0.39761368,0.14479151,2.21839252,0.18934118,0.13548921,0.16565965
2.74637319,3.13660008,0.01475780,0.42455211,0.15137577,2.35242905,0.19665834,0.14139187,0.17237710
2.75237619,3.31422650,0.01557316,0.45165566,0.15813306,2.48966705,0.20385615,0.14709297,0.17959473
2.75837919,3.49270699,0.01638191,0.47860799,0.16494660,2.62833117,0.21071155,0.15247762,0.18722307
2.76438219,3.66967847,0.01716998,0.50509596,0.17171014,2.76661738,0.21701071,0.15743710,0.19517703
2.77038519,3.84283907,0.01792345,0.53081725,0.17833194,2.90274255,0.22255505,0.16187217,0.20337964
2.77638819,4.01001155,0.01862895,0.55548789,0.18473811,3.03499319,0.22716662,0.16569605,0.21176535
2.78239120,4.16920191,0.01927412,0.57884916,0.19087537,3.16177136,0.23069309,0.16883698,0.22028255
2.78839420,4.31865097,0.01984791,0.60067378,0.19671293,3.28163611,0.23301162,0.17124027,0.22889540
2.79439720,4.45687698,0.02034100,0.62077115,0.20224347,3.39333874,0.23403199,0.17286976,0.23758464
2.80040020,4.58270753,0.02074604,0.63899127,0.20748302,3.49585063,0.23369848,0.17370855,0.24634756
2.80640320,4.69529983,0.02105792,0.65522749,0.21246990,3.58838283,0.23199060,0.17375914,0.25519696
2.81240620,4.79414883,0.02127384,0.66941768,0.21726255,3.67039674,0.22892265,0.17304275,0.26415935
2.81840920,4.87908317,0.02139344,0.68154408,0.22193644,3.74160588,0.22454215,0.17159812,0.27327227
2.82441221,4.95024967,0.02141870,0.69163167,0.22658011,3.80196907,0.21892718,0.16947959,0.28258121
2.83041521,5.00808752,0.02135391,0.69974524,0.23129057,3.85167568,0.21218280,0.16675479,0.29213602
2.83641821,5.05329374,0.02120539,0.70598537,0.23616818,3.89112411,0.20443669,0.16350183,0.30198722
2.84242121,5.08678194,0.02098129,0.71048332,0.24131125,3.92089485,0.19583437,0.15980624,0.31218236
2.84842421,5.10963650,0.02069121,0.71339529,0.24681069,3.94171952,0.18653391,0.15575786,0.32276266
2.85442721,5.12306456,0.02034585,0.71489611,0.25274477,3.95444776,0.17670072,0.15144761,0.33376007
2.86043022,5.12834805,0.01995662,0.71517272,0.25917444,3.96001342,0.16650234,0.14696449,0.34519504
2.86643322,5.12679777,0.01953517,0.71441759,0.26613922,3.95940168,0.15610361,0.14239278,0.35707489
2.87243622,5.11971161,0.01909301,0.71282246,0.27365401,3.95361853,0.14566239,0.13780966,0.36939312
2.87843922,5.10833825,0.01864111,0.71057235,0.28170682,3.94366362,0.13532577,0.13328326,0.38212943
2.88444222,5.09384745,0.01818955,0.70784032,0.29025769,3.93050753,0.12522723,0.12887125,0.39525056
2.89044522,5.07730771,0.01774719,0.70478289,0.29923865,3.91507381,0.11548443,0.12461997,0.40871180
2.89644822,5.05967154,0.01732147,0.70153631,0.30855487,3.89822619,0.10619792,0.12056412,0.42245910
2.90245123,5.04176804,0.01691819,0.69821376,0.31808697,3.88076080,0.09745058,0.11672703,0.43643159
2.90845423,5.02430254,0.01654146,0.69490354,0.32769418,3.86340311,0.08930788,0.11312141,0.45056436
2.91445723,5.00786221,0.01619366,0.69166819,0.33721857,3.84680905,0.08181868,0.10975051,0.46479139
2.92046023,4.99292688,0.01587552,0.68854460,0.34648981,3.83156963,0.07501669,0.10660967,0.47904834
2.92646323,4.97988375,0.01558620,0.68554510,0.35533057,3.81821810,0.06892228,0.10368810,0.49327523
2.93246623,4.96904473,0.01532354,0.68265937,0.36356216,3.80723905,0.06354452,0.10097082,0.50741869
2.93846923,4.96066538,0.01508421,0.67985720,0.37101028,3.79907824,0.05888350,0.09844058,0.52143387
2.94447224,4.95496403,0.01486407,0.67709201,0.37751071,3.79415266,0.05493256,0.09607979,0.53528579
2.95047524,4.95214015,0.01465838,0.67430489,0.38291453,3.79285978,0.05168045,0.09387222,0.54895023
2.95647824,4.95239089,0.01446213,0.67142921,0.38709299,3.79558559,0.04911332,0.09180450,0.56241400
2.96248124,4.95592513,0.01427033,0.66839549,0.38994157,3.80271062,0.04721636,0.08986722,0.57567471
2.96848424,4.96297416,0.01407827,0.66513642,0.39138332,3.81461374,0.04597514,0.08805575,0.58874007
2.97448724,4.97379860,0.01388172,0.66159179,0.39137116,3.83167324,0.04537655,0.08637060,0.60162662
2.98049025,4.98869119,0.01367718,0.65771315,0.38988931,3.85426510,0.04540926,0.08481742,0.61435819
2.98649325,5.00797510,0.01346197,0.65346794,0.38695361,3.88275832,0.04606386,0.08340657,0.62696387
2.99249625,5.03199781,0.01323434,0.64884291,0.38261089,3.91750728,0.04733247,0.08215235,0.63947577
2.99849925,5.06112053,0.01299351,0.64384653,0.37693724,3.95884130,0.04920807,0.08107197,0.65192651
3.00450225,5.09570341,0.01273961,0.63851032,0.37003557,4.00705163,0.05168346,0.08018419,0.66434655
3.01050525,5.13608692,0.01247368,0.63288893,0.36203219,4.06237606,0.05475001,0.07950788,0.67676140
3.01650825,5.18256995,0.01219749,0.62705878,0.35307283,4.12498188,0.05839612,0.07906047,0.68918881
3.02251126,5.23538528,0.01191343,0.62111542,0.34331816,4.19494731,0.06260571,0.07885638,0.70163599
3.02851426,5.29467335,0.01162434,0.61516951,0.33293889,4.27224253,0.06735661,0.07890555,0.71409694
3.03451726,5.36045537,0.01133328,0.60934164,0.32211078,4.35671070,0.07261901,0.07921215,0.72655002
3.04052026,5.43260690,0.01104338,0.60375617,0.31100961,4.44804997,0.07835417,0.07977349,0.73895577
3.04652326,5.51083322,0.01075763,0.59853431,0.29980640,4.54579752,0.08451332,0.08057922,0.75125514
3.05252626,5.59464783,0.01047872,0.59378694,0.28866284,4.64931633,0.09103687,0.08161083,0.76336826
3.05852926,5.68335543,0.01020886,0.58960731,0.27772735,4.75778593,0.09785409,0.08284157,0.77519376
3.06453227,5.77604074,0.00994969,0.58606420,0.26713166,4.87019788,0.10488323,0.08423664,0.78660878
3.07053527,5.87156428,0.00970218,0.58319593,0.25698804,4.98535696,0.11203206,0.08575381,0.79746978
3.07653827,5.96856621,0.00946660,0.58100541,0.24738740,5.10188863,0.11919905,0.08734436,0.80761416
3.08254127,6.06547887,0.00924247,0.57945679,0.23839811,5.21825342,0.12627491,0.08895428,0.81686272
3.08854427,6.16054854,0.00902866,0.57847387,0.23006558,5.33276838,0.13314470,0.09052578,0.82502305
3.09454727,6.25186629,0.00882341,0.57794029,0.22241271,5.44363568,0.13969031,0.09199895,0.83189370
3.10055028,6.33740763,0.00862445,0.57770190,0.21544097,5.54897773,0.14579326,0.09331361,0.83726910
3.10655328,6.41508005,0.00842912,0.57757095,0.20913215,5.64687848,0.15133781,0.09441116,0.84094524
3.11255628,6.48277715,0.00823451,0.57733211,0.20345067,5.73542942,0.15621405,0.09523643,0.84272572
3.11855928,6.53843753,0.00803763,0.57675014,0.19834626,5.81277916,0.16032118,0.09573949,0.84242817
3.12456228,6.58010653,0.00783554,0.57557864,0.19375707,5.87718475,0.16357045,0.09587723,0.83989074
3.13056528,6.60599830,0.00762553,0.57356978,0.18961284,5.92706286,0.16588798,0.09561480,0.83497845
3.13656828,6.61455574,0.00740520,0.57048432,0.18583822,5.96103872,0.16721710,0.09492672,0.82758906
3.14257129,6.60450562,0.00717264,0.56610149,0.18235601,5.97799084,0.16752024,0.09379770,0.81765830
3.14857429,6.57490649,0.00692647,0.56022833,0.17909025,5.97708927,0.16678017,0.09222313,0.80516410
3.15457729,6.52518711,0.00666593,0.55270801,0.17596908,5.95782573,0.16500069,0.09020922,0.79012974
3.16058029,6.45517329,0.00639090,0.54342661,0.17292720,5.92003405,0.16220647,0.08777277,0.77262557
3.16658329,6.36510200,0.00610189,0.53231829,0.16990808,5.86389960,0.15844237,0.08494058,0.75276928
3.17258629,6.25562156,0.00580003,0.51936833,0.16686560,5.78995725,0.15377201,0.08174863,0.73072466
3.17858929,6.12777798,0.00548700,0.50461422,0.16376534,5.69907757,0.14827575,0.07824092,0.70669876
3.18459230,5.98298755,0.00516496,0.48814449,0.16058544,5.59244171,0.14204820,0.07446810,0.68093763
3.19059530,5.82299706,0.00483647,0.47009560,0.15731689,5.47150594,0.13519529,0.07048602,0.65372066
3.19659830,5.64983304,0.00450437,0.45064702,0.15396358,5.33795720,0.12783108,0.06635406,0.62535386
3.20260130,5.46574230,0.00417167,0.43001467,0.15054185,5.19366175,0.12007450,0.06213353,0.59616222
3.20860430,5.27312634,0.00384145,0.40844325,0.14707973,5.04060877,0.11204594,0.05788605,0.56648153
3.21460730,5.07447232,0.00351675,0.38619767,0.14361594,4.88085172,0.10386416,0.05367201,0.53664990
3.22061031,4.87228352,0.00320048,0.36355412,0.14019853,4.71644960,0.09564326,0.04954916,0.50699939
3.22661331,4.66901207,0.00289534,0.34079114,0.13688346,4.54941071,0.08749013,0.04557139,0.47784800
3.23261631,4.46699663,0.00260374,0.31818102,0.13373291,4.38164110,0.07950230,0.04178767,0.44949239
3.23861931,4.26840722,0.00232780,0.29598200,0.13081359,4.21489965,0.07176620,0.03824123,0.42220143
3.24462231,4.07519898,0.00206927,0.27443142,0.12819494,4.05076121,0.06435602,0.03496895,0.39621100
3.25062531,3.88907638,0.00182955,0.25374009,0.12594732,3.89058912,0.05733303,0.03200094,0.37171996
3.25662831,3.71146846,0.00160971,0.23408813,0.12414031,3.73551747,0.05074540,0.02936042,0.34888749
3.26263132,3.54351545,0.00141048,0.21562203,0.12284100,3.58644336,0.04462848,0.02706365,0.32783186
3.26863432,3.38606649,0.00123232,0.19845335,0.12211254,3.44402870,0.03900546,0.02512018,0.30863038
3.27463732,3.23968769,0.00107545,0.18265861,0.12201275,3.30871093,0.03388836,0.02353312,0.29132075
3.28064032,3.10467936,0.00093994,0.16828044,0.12259303,3.18072136,0.02927932,0.02229959,0.27590338
3.28664332,2.98110111,0.00082570,0.15532981,0.12389756,3.06010984,0.02517196,0.02141131,0.26234471
3.29264632,2.86880302,0.00073260,0.14378911,0.12596267,2.94677419,0.02155294,0.02085516,0.25058127
3.29864932,2.76746129,0.00066051,0.13361579,0.12881670,2.84049268,0.01840348,0.02061388,0.24052432
3.30465233,2.67661645,0.00060934,0.12474653,0.13248000,2.74095800,0.01570085,0.02066674,0.23206486
3.31065533,2.59571258,0.00057910,0.11710163,0.13696534,2.64781101,0.01341979,0.02099029,0.22507881
3.31665833,2.52413573,0.00056990,0.11058933,0.14227856,2.56067295,0.01153373,0.02155906,0.21943228
3.32266133,2.46125030,0.00058201,0.10511015,0.14841943,2.47917477,0.01001590,0.02234626,0.21498664
3.32866433,2.40643193,0.00061585,0.10056085,0.15538258,2.40298256,0.00884019,0.02332443,0.21160336
3.33466733,2.35909607,0.00067196,0.09683812,0.16315858,2.33181840,0.00798182,0.02446611,0.20914852
3.34067034,2.31872128,0.00075102,0.09384174,0.17173483,2.26547590,0.00741778,0.02574439,0.20749677
3.34667334,2.28486680,0.00085378,0.09147730,0.18109634,2.20383039,0.00712710,0.02713342,0.20653484
3.35267634,2.25718398,0.00098101,0.08965842,0.19122617,2.14684351,0.00709087,0.02860882,0.20616443
3.35867934,2.23542166,0.00113347,0.08830839,0.20210547,2.09456255,0.00729217,0.03014802,0.20630443
3.36468234,2.21942540,0.00131178,0.08736138,0.21371308,2.04711480,0.00771577,0.03173047,0.20689258
3.37068534,2.20913118,0.00151637,0.08676313,0.22602454,2.00469759,0.00834779,0.03333776,0.20788638
3.37668834,2.20455393,0.00174741,0.08647127,0.23901065,1.96756458,0.00917521,0.03495361,0.20926342
3.38269135,2.20577187,0.00200467,0.08645520,0.25263553,1.93600926,0.01018541,0.03656374,0.21102106
3.38869435,2.21290738,0.00228749,0.08669575,0.26685423,1.91034653,0.01136567,0.03815568,0.21317549
3.39469735,2.22610569,0.00259466,0.08718448,0.28161024,1.89089325,0.01270265,0.03971843,0.21576036
3.40070035,2.24551245,0.00292440,0.08792286,0.29683284,1.87794883,0.01418204,0.04124213,0.21882480
3.40670335,2.27125148,0.00327427,0.08892127,0.31243471,1.87177680,0.01578823,0.04271763,0.22243123
3.41270635,2.30340393,0.00364120,0.09019792,0.32830991,1.87258821,0.01750409,0.04413609,0.22665268
3.41870935,2.34199011,0.00402144,0.09177772,0.34433260,1.88052777,0.01931099,0.04548861,0.23157010
3.42471236,2.38695483,0.00441065,0.09369118,0.36035660,1.89566322,0.02118887,0.04676590,0.23726943
3.43071536,2.43815747,0.00480394,0.09597323,0.37621613,1.91797870,0.02311659,0.04795804,0.24383874
3.43671836,2.49536701,0.00519597,0.09866220,0.39172770,1.94737208,0.02507238,0.04905444,0.25136535
3.44272136,2.55826261,0.00558110,0.10179875,0.40669339,1.98365668,0.02703450,0.05004382,0.25993325
3.44872436,2.62643961,0.00595352,0.10542490,0.42090537,2.02656692,0.02898201,0.05091440,0.26962054
3.45472736,2.69942060,0.00630744,0.10958305,0.43415164,2.07576772,0.03089571,0.05165429,0.28049730
3.46073037,2.77667093,0.00663731,0.11431503,0.44622273,2.13086706,0.03275910,0.05225190,0.29262360
3.46673337,2.85761770,0.00693801,0.11966120,0.45691913,2.19143081,0.03455945,0.05269655,0.30604786
3.47273637,2.94167098,0.00720504,0.12565942,0.46605911,2.25699915,0.03628883,0.05297914,0.32080547
3.47873937,3.02824611,0.00743474,0.13234413,0.47348642,2.32710340,0.03794505,0.05309284,0.33691771
3.48474237,3.11678548,0.00762447,0.13974527,0.47907769,2.40128257,0.03953251,0.05303380,0.35439085
3.49074537,3.20677868,0.00777274,0.14788723,0.48274885,2.47909841,0.04106294,0.05280175,0.37321552
3.49674837,3.29777970,0.00787936,0.15678783,0.48446039,2.56014844,0.04255579,0.05240061,0.39336625
3.50275138,3.38942018,0.00794548,0.16645722,0.48422099,2.64407607,0.04403849,0.05183882,0.41480124
3.50875438,3.48141817,0.00797365,0.17689697,0.48208941,2.73057752,0.04554637,0.05112955,0.43746228
3.51475738,3.57358186,0.00796774,0.18809917,0.47817433,2.81940530,0.04712226,0.05029076,0.46127484
3.52076038,3.66580832,0.00793293,0.20004581,0.47263223,2.91036808,0.04881577,0.04934493,0.48614844
3.52676338,3.75807763,0.00787552,0.21270838,0.46566334,3.00332745,0.05068229,0.04831866,0.51197718
3.53276638,3.85044276,0.00780281,0.22604777,0.45750573,3.09819162,0.05278168,0.04724198,0.53864055
3.53876938,3.94301632,0.00772281,0.24001455,0.44842801,3.19490692,0.05517665,0.04614756,0.56600457
3.54477239,4.03595490,0.00764406,0.25454966,0.43872072,3.29344756,0.05793101,0.04506969,0.59392317
3.55077539,4.12944210,0.00757530,0.26958548,0.42868704,3.39380428,0.06110768,0.04404319,0.62223996
3.55677839,4.22367143,0.00752518,0.28504730,0.41863310,3.49597277,0.06476663,0.04310225,0.65079031
3.56278139,4.31882981,0.00750198,0.30085517,0.40885837,3.59994226,0.06896281,0.04227926,0.67940376
3.56878439,4.41508259,0.00751327,0.31692597,0.39964653,3.70568490,0.07374406,0.04160367,0.70790666
3.57478739,4.51256066,0.00756570,0.33317567,0.39125723,3.81314630,0.07914925,0.04110096,0.73612512
3.58079040,4.61134998,0.00766467,0.34952168,0.38391896,3.92223748,0.08520654,0.04079174,0.76388805
3.58679340,4.71148377,0.00781416,0.36588507,0.37782337,4.03282837,0.09193193,0.04069097,0.79103028
3.59279640,4.81293721,0.00801657,0.38219255,0.37312118,4.14474288,0.09932816,0.04080753,0.81739569
3.59879940,4.91562445,0.00827254,0.39837818,0.36991972,4.25775543,0.10738407,0.04114383,0.84284016
3.60480240,5.01939760,0.00858098,0.41438447,0.36828213,4.37158875,0.11607428,0.04169578,0.86723421
3.61080540,5.12404732,0.00893899,0.43016295,0.36822824,4.48591292,0.12535954,0.04245296,0.89046543
3.61680840,5.22930446,0.00934196,0.44567410,0.36973683,4.60034530,0.13518744,0.04339903,0.91244027
3.62281141,5.33484244,0.00978368,0.46088653,0.37274930,4.71445129,0.14549373,0.04451231,0.93308544
3.62881441,5.44028007,0.01025653,0.47577556,0.37717438,4.82774582,0.15620409,0.04576663,0.95234856
3.63481741,5.54518444,0.01075170,0.49032107,0.38289373,4.93969549,0.16723644,0.04713227,0.97019826
3.64082041,5.64907405,0.01125948,0.50450500,0.38976815,5.04972144,0.17850357,0.04857704,0.98662352
3.64682341,5.75142185,0.01176954,0.51830828,0.39764410,5.15720296,0.18991624,0.05006748,1.00163237
3.65282641,5.85165859,0.01227132,0.53170779,0.40636040,5.26148199,0.20138636,0.05157007,1.01524999
3.65882941,5.94917654,0.01275432,0.54467312,0.41575467,5.36186866,0.21283041,0.05305245,1.02751611
3.66483242,6.04333386,0.01320849,0.55716371,0.42566942,5.45764788,0.22417281,0.05448461,1.03848207
3.67083542,6.13345977,0.01362456,0.56912634,0.43595757,5.54808725,0.23534909,0.05584002,1.04820734
3.67683842,6.21886084,0.01399432,0.58049332,0.44648708,5.63244614,0.24630879,0.05709658,1.05675588
3.68284142,6.29882859,0.01431093,0.59118145,0.45714467,5.70998594,0.25701782,0.05823746,1.06419231
3.68884442,6.37264822,0.01456909,0.60109191,0.46783844,5.77998148,0.26746022,0.05925175,1.07057818
3.69484742,6.43960879,0.01476526,0.61011130,0.47849926,5.84173321,0.27763913,0.06013492,1.07596835
3.70085043,6.49901443,0.01489770,0.61811357,0.48908092,5.89458002,0.28757690,0.06088896,1.08040775
3.70685343,6.55019656,0.01496656,0.62496316,0.49955908,5.93791226,0.29731422,0.06152240,1.08392859
3.71285643,6.59252666,0.01497375,0.63051893,0.50992899,5.97118473,0.30690824,0.06204999,1.08654825
3.71885943,6.62542945,0.01492290,0.63463903,0.52020218,5.99392904,0.31642975,0.06249217,1.08826783
3.72486243,6.64839590,0.01481917,0.63718622,0.53040216,6.00576523,0.32595941,0.06287434,1.08907158
3.73086543,6.66099593,0.01466896,0.63803360,0.54055952,6.00641221,0.33558317,0.06322590,1.08892715
3.73686843,6.66289025,0.01447972,0.63707046,0.55070660,5.99569674,0.34538712,0.06357908,1.08778678
3.74287144,6.65384129,0.01425958,0.63420777,0.56087197,5.97356087,0.35545188,0.06396774,1.08558937
3.74887444,6.63372284,0.01401703,0.62938329,0.57107526,5.94006780,0.36584688,0.06442599,1.08226341
3.75487744,6.60252834,0.01376059,0.62256589,0.58132237,5.89540589,0.37662477,0.06498680,1.07773059
3.76088044,6.56037771,0.01349851,0.61375877,0.59160173,5.83989122,0.38781626,0.06568070,1.07191013
3.76688344,6.50752260,0.01323843,0.60300161,0.60188151,5.77396846,0.39942574,0.06653441,1.06472351
3.77288644,6.44435014,0.01298713,0.59037135,0.61210835,5.69821028,0.41142782,0.06756977,1.05609947
3.77888944,6.37138493,0.01275034,0.57598159,0.62220747,5.61331531,0.42376522,0.06880270,1.04597918
3.78489245,6.28928937,0.01253256,0.55998067,0.63208444,5.52010462,0.43634798,0.07024253,1.03432115
3.79089545,6.19886199,0.01233695,0.54254841,0.64162842,5.41951672,0.44905423,0.07189146,1.02110585
3.79689845,6.10103363,0.01216533,0.52389175,0.65071671,5.31260075,0.46173251,0.07374437,1.00633969
3.80290145,5.99686112,0.01201820,0.50423944,0.65922054,5.20050778,0.47420556,0.07578897,0.99005820
3.80890445,5.88751809,0.01189482,0.48383596,0.66701151,5.08447986,0.48627550,0.07800611,0.97232829
3.81490745,5.77428242,0.01179336,0.46293500,0.67396853,4.96583639,0.49773010,0.08037056,0.95324926
3.82091046,5.65852016,0.01171110,0.44179278,0.67998456,4.84595764,0.50834996,0.08285181,0.93295268
3.82691346,5.54166530,0.01164467,0.42066138,0.68497299,4.72626505,0.51791615,0.08541532,0.91160086
3.83291646,5.42519551,0.01159025,0.39978239,0.68887288,4.60819814,0.52621806,0.08802371,0.88938405
3.83891946,5.31060355,0.01154387,0.37938117,0.69165295,4.49318819,0.53306094,0.09063814,0.86651641
3.84492246,5.19936491,0.01150165,0.35966171,0.69331389,4.38262884,0.53827295,0.09321975,0.84323073
3.85092546,5.09290196,0.01146002,0.34080244,0.69388874,4.27784417,0.54171117,0.09573092,0.81977222
3.85692846,4.99254568,0.01141596,0.32295294,0.69344131,4.18005499,0.54326646,0.09813654,0.79639148
3.86293147,4.89949596,0.01136710,0.30623168,0.69206270,4.09034456,0.54286689,0.10040505,0.77333697
3.86893447,4.81478212,0.01131193,0.29072470,0.68986603,4.00962481,0.54047956,0.10250924,0.75084726
3.87493747,4.73922512,0.01124978,0.27648537,0.68697963,3.93860475,0.53611089,0.10442682,0.72914329
3.88094047,4.67340359,0.01118088,0.26353501,0.68353930,3.87776257,0.52980526,0.10614072,0.70842115
3.88694347,4.61762530,0.01110631,0.25186428,0.67967980,3.82732306,0.52164230,0.10763902,0.68884549
3.89294647,4.57190606,0.01102788,0.24143546,0.67552634,3.78724188,0.51173292,0.10891472,0.67054398
3.89894947,4.53595763,0.01094802,0.23218520,0.67118647,3.75719800,0.50021434,0.10996519,0.65360305
3.90495248,4.50918596,0.01086958,0.22402787,0.66674299,3.73659533,0.48724448,0.11079142,0.63806512
3.91095548,4.49070057,0.01079560,0.21685930,0.66224814,3.72457416,0.47299599,0.11139718,0.62392738
3.91695848,4.47933547,0.01072914,0.21056071,0.65771968,3.72003249,0.45765025,0.11178804,0.61114235
3.92296148,4.47368132,0.01067301,0.20500293,0.65313894,3.72165697,0.44139168,0.11197041,0.59962006
3.92896448,4.47212801,0.01062953,0.20005052,0.64845108,3.72796248,0.42440247,0.11195061,0.58923184
3.93496748,4.47291614,0.01060041,0.19556599,0.64356748,3.73733894,0.40685826,0.11173413,0.57981554
3.94097049,4.47419548,0.01058650,0.19141370,0.63837027,3.74810357,0.38892454,0.11132492,0.57118200
3.94697349,4.47408794,0.01058774,0.18746368,0.63271860,3.75855631,0.37075414,0.11072507,0.56312241
3.95297649,4.47075241,0.01060303,0.18359496,0.62645645,3.76703609,0.35248580,0.10993457,0.55541632
3.95897949,4.46244848,0.01063026,0.17969858,0.61942155,3.77197545,0.33424358,0.10895144,0.54783990
3.96498249,4.44759638,0.01066632,0.17568015,0.61145490,3.77195105,0.31613736,0.10777207,0.54017410
3.97098549,4.42483051,0.01070722,0.17146172,0.60241045,3.76572796,0.29826399,0.10639177,0.53221246
3.97698849,4.39304423,0.01074822,0.16698333,0.59216454,3.75229593,0.28070908,0.10480558,0.52376812
3.98299150,4.35142429,0.01078405,0.16220374,0.58062459,3.73089613,0.26354936,0.10300914,0.51467987
3.98899450,4.29947376,0.01080912,0.15710079,0.56773679,3.70103790,0.24685515,0.10099981,0.50481705
3.99499750,4.23702303,0.01081779,0.15167103,0.55349242,3.66250498,0.23069310,0.09877772,0.49408307
4.00100050,4.16422904,0.01080460,0.14592900,0.53793267,3.61535188,0.21512878,0.09634683,0.48241755
4.00700350,4.08156372,0.01076463,0.13990597,0.52115183,3.55989120,0.20022927,0.09371602,0.46979708
4.01300650,3.98979296,0.01069364,0.13364834,0.50329889,3.49667342,0.18606532,0.09089996,0.45623466
4.01900950,3.88994799,0.01058840,0.12721577,0.48457748,3.42646094,0.17271339,0.08791991,0.44177794
4.02501251,3.78329136,0.01044682,0.12067913,0.46524444,3.35019821,0.16025715,0.08480424,0.42650642
4.03101551,3.67127967,0.01026813,0.11411832,0.44560702,3.26898024,0.14878878,0.08158888,0.41052792
4.03701851,3.55552523,0.01005299,0.10762013,0.42601898,3.18402116,0.13840965,0.07831737,0.39397430
4.04302151,3.43775873,0.00980348,0.10127618,0.40687568,3.09662471,0.12923082,0.07504082,0.37699702
4.04902451,3.31979422,0.00952316,0.09518093,0.38860839,3.00815789,0.12137287,0.07181750,0.35976238
4.05502751,3.20349788,0.00921696,0.08942993,0.37167792,2.92002866,0.11496547,0.06871236,0.34244693
4.06103052,3.09076079,0.00889106,0.08411825,0.35656755,2.83366794,0.11014629,0.06579612,0.32523302
4.06703352,2.98347598,0.00855275,0.07933907,0.34377548,2.75051590,0.10705956,0.06314437,0.30830465
4.07303652,2.88351904,0.00821020,0.07518252,0.33380657,2.67201172,0.10585383,0.06083625,0.29184387
4.07903952,2.79273155,0.00787225,0.07173457,0.32716346,2.59958579,0.10667928,0.05895317,0.27602742
4.08504252,2.71290579,0.00754813,0.06907610,0.32433707,2.53465295,0.10968422,0.05757719,0.26102396
4.09104552,2.64576945,0.00724722,0.06728191,0.32579616,2.47860532,0.11501095,0.05678934,0.24699165
4.09704852,2.59296873,0.00697879,0.06641981,0.33197625,2.43280302,0.12279082,0.05666779,0.23407606
4.10305153,2.55604847,0.00675169,0.06654952,0.34326766,2.39856150,0.13313866,0.05728594,0.22240837
4.10905453,2.53642831,0.00657414,0.06772159,0.36000291,2.37713427,0.14614662,0.05871040,0.21210378
4.11505753,2.53537427,0.00645353,0.06997606,0.38244357,2.36969051,0.16187746,0.06099897,0.20326002
4.12106053,2.55396561,0.00639614,0.07334108,0.41076700,2.37728729,0.18035773,0.06419859,0.19595599
4.12706353,2.59305781,0.00640706,0.07783141,0.44505320,2.40083689,0.20157080,0.06834340,0.19025041
4.13306653,2.65324258,0.00648998,0.08344685,0.48527245,2.44107025,0.22545034,0.07345289,0.18618056
4.13906953,2.73480703,0.00664717,0.09017073,0.53127427,2.49849829,0.25187441,0.07953023,0.18376109
4.14507254,2.83769417,0.00687937,0.09796850,0.58277840,2.57337300,0.28066067,0.08656096,0.18298296
4.15107554,2.96146751,0.00718579,0.10678664,0.63936861,2.66565093,0.31156309,0.09451193,0.18381268
4.15707854,3.10528266,0.00756417,0.11655185,0.70048985,2.77496166,0.34427045,0.10333074,0.18619175
4.16308154,3.26786889,0.00801078,0.12717078,0.76544963,2.90058399,0.37840709,0.11294568,0.19003672
4.16908454,3.44752320,0.00852063,0.13853038,0.83342394,3.04143227,0.41353611,0.12326621,0.19523961
4.17508754,3.64211917,0.00908753,0.15049894,0.90346826,3.19605507,0.44916512,0.13418409,0.20166912
4.18109055,3.84913214,0.00970431,0.16292785,0.97453367,3.36264768,0.48475470,0.14557508,0.20917248
4.18709355,4.06568142,0.01036301,0.17565422,1.04548799,3.53907952,0.51972933,0.15730134,0.21757808
4.19309655,4.28858939,0.01105517,0.18850419,1.11514166,3.72293622,0.55349072,0.16921433,0.22669889
4.19909955,4.51445617,0.01177199,0.20129707,1.18227756,3.91157594,0.58543291,0.18115824,0.23633658
4.20510255,4.73974797,0.01250471,0.21384993,1.24568387,4.10219815,0.61495886,0.19297386,0.24628629
4.21110555,4.96089571,0.01324478,0.22598279,1.30418891,4.29192249,0.64149777,0.20450268,0.25634195
4.21710855,5.17440049,0.01398419,0.23752397,1.35669644,4.47787469,0.66452240,0.21559115,0.26630192
4.22311156,5.37694125,0.01471569,0.24831559,1.40222001,4.65727607,0.68356571,0.22609486,0.27597483
4.22911456,5.56548014,0.01543306,0.25821881,1.43991491,4.82753257,0.69823605,0.23588257,0.28518537
4.23511756,5.73736082,0.01613128,0.26711870,1.46910606,4.98631953,0.70823013,0.24483979,0.29377975
4.24112056,5.89039521,0.01680673,0.27492852,1.48931071,5.13165834,0.71334323,0.25287189,0.30163077
4.24712356,6.02293465,0.01745728,0.28159303,1.50025464,5.26198150,0.71347610,0.25990649,0.30864209
4.25312656,6.13392224,0.01808244,0.28709097,1.50188118,5.37618317,0.70863822,0.26589511,0.31475170
4.25912956,6.22292392,0.01868333,0.29143625,1.49435237,5.47365299,0.69894724,0.27081394,0.31993432
4.26513257,6.29013685,0.01926272,0.29467803,1.47804231,5.55429185,0.68462473,0.27466381,0.32420267
4.27113557,6.33637497,0.01982488,0.29689953,1.45352280,5.61850898,0.66598824,0.27746917,0.32760756
4.27713857,6.36303232,0.02037555,0.29821570,1.42154207,5.66720071,0.64344029,0.27927639,0.33023678
4.28314157,6.37202609,0.02092167,0.29876970,1.38299745,5.70171224,0.61745461,0.28015122,0.33221283
4.28914457,6.36572203,0.02147123,0.29872858,1.33890322,5.72378406,0.58856050,0.28017568,0.33368952
4.29514757,6.34684561,0.02203292,0.29827801,1.29035524,5.73548589,0.55732571,0.27944446,0.33484762
4.30115058,6.31838296,0.02261585,0.29761659,1.23849378,5.73914076,0.52433900,0.27806100,0.33588965
4.30715358,6.28347571,0.02322921,0.29694974,1.18446635,5.73724284,0.49019267,0.27613341,0.33703405
4.31315658,6.24531413,0.02388184,0.29648354,1.12939189,5.73237211,0.45546614,0.27377038,0.33850877
4.31915958,6.20703273,0.02458186,0.29641867,1.07432802,5.72710942,0.42071090,0.27107728,0.34054458
4.32516258,6.17161213,0.02533625,0.29694475,1.02024229,5.72395491,0.38643751,0.26815254,0.34336832
4.33116558,6.14179068,0.02615045,0.29823517,0.96798877,5.72525268,0.35310481,0.26508453,0.34719613
4.33716858,6.11998841,0.02702795,0.30044272,0.91829025,5.73312394,0.32111184,0.26194890,0.35222689
4.34317159,6.10824565,0.02796997,0.30369595,0.87172688,5.74941057,0.29079223,0.25880664,0.35863616
4.34917459,6.10817733,0.02897510,0.30809654,0.82873087,5.77563043,0.26241128,0.25570275,0.36657050
4.35517759,6.12094389,0.03003914,0.31371763,0.78958732,5.81294494,0.23616549,0.25266569,0.37614256
4.36118059,6.14723845,0.03115485,0.32060301,0.75444061,5.86213932,0.21218424,0.24970748,0.38742686
4.36718359,6.18728954,0.03231193,0.32876741,0.72330549,5.92361507,0.19053340,0.24682453,0.40045645
4.37318659,6.24087809,0.03349707,0.33819748,0.69608216,5.99739381,0.17122045,0.24399903,0.41522050
4.37918959,6.30736687,0.03469407,0.34885358,0.67257426,6.08313147,0.15420084,0.24120102,0.43166283
4.38519260,6.38574013,0.03588415,0.36067219,0.65250862,6.18014119,0.13938512,0.23839075,0.44968155
4.39119560,6.47465117,0.03704631,0.37356870,0.63555597,6.28742331,0.12664654,0.23552155,0.46912968
4.39719860,6.57247525,0.03815784,0.38744058,0.62135125,6.40370073,0.11582882,0.23254278,0.48981682
4.40320160,6.67736547,0.03919490,0.40217059,0.60951303,6.52745771,0.10675384,0.22940297,0.51151186
4.40920460,6.78730924,0.04013326,0.41763003,0.59966090,6.65698048,0.09922890,0.22605284,0.53394678
4.41520760,6.90018329,0.04094894,0.43368179,0.59143055,6.79039811,0.09305361,0.22244822,0.55682121
4.42121061,7.01380545,0.04161906,0.45018306,0.58448590,6.92572238,0.08802601,0.21855263,0.57980805
4.42721361,7.12598193,0.04212257,0.46698780,0.57852820,7.06088553,0.08394804,0.21433947,0.60255971
4.43321661,7.23454916,0.04244095,0.48394861,0.57330198,7.19377537,0.08063025,0.20979378,0.62471509
4.43921961,7.33740967,0.04255893,0.50091829,0.56859802,7.32226732,0.07789557,0.20491340,0.64590702
4.44522261,7.43256216,0.04246502,0.51775095,0.56425359,7.44425341,0.07558247,0.19970962,0.66577005
4.45122561,7.51812599,0.04215200,0.53430269,0.56015035,7.55766849,0.07354718,0.19420726,0.68394843
4.45722861,7.59236079,0.04161719,0.55043214,0.55621042,7.66051427,0.07166526,0.18844417,0.70010403
4.46323162,7.65368219,0.04086260,0.56600068,0.55239105,7.75088165,0.06983242,0.18247023,0.71392412
4.46923462,7.70067466,0.03989497,0.58087281,0.54867864,7.82697232,0.06796472,0.17634597,0.72512867
4.47523762,7.73210253,0.03872554,0.59491648,0.54508231,7.88712015,0.06599821,0.17014079,0.73347708
4.48124062,7.74692016,0.03736972,0.60800372,0.54162774,7.92981303,0.06388801,0.16393090,0.73877412
4.48724362,7.74428204,0.03584667,0.62001158,0.53835161,7.95371559,0.06160705,0.15779720,0.74087492
4.49324662,7.72355341,0.03417864,0.63082348,0.53529678,7.95769287,0.05914438,0.15182296,0.73968884
4.49924962,7.68432153,0.03239035,0.64033098,0.53250859,7.94083484,0.05650328,0.14609164,0.73518211
4.50525263,7.62640746,0.03050819,0.64843600,0.53003216,7.90248124,0.05369912,0.14068471,0.72737921
4.51125563,7.54987791,0.02855950,0.65505338,0.52791076,7.84224601,0.05075720,0.13567970,0.71636284
4.51725863,7.45505637,0.02657177,0.66011372,0.52618513,7.76004019,0.04771051,0.13114841,0.70227258
4.52326163,7.34253243,0.02457188,0.66356641,0.52489342,7.65609201,0.04459758,0.12715535,0.68530217
4.52926463,7.21316821,0.02258550,0.66538251,0.52407164,7.53096292,0.04146047,0.12375642,0.66569561
4.53526763,7.06810042,0.02063640,0.66555744,0.52375423,7.38555796,0.03834284,0.12099785,0.64374200
4.54127064,6.90873718,0.01874606,0.66411334,0.52397465,7.22112917,0.03528838,0.11891532,0.61976956
4.54727364,6.73674815,0.01693322,0.66110058,0.52476552,7.03927097,0.03233936,0.11753333,0.59413865
4.55327664,6.55404750,0.01521367,0.65659873,0.52615837,6.84190643,0.02953549,0.11686472,0.56723428
4.55927964,6.36276899,0.01360008,0.65071638,0.52818273,6.63126401,0.02691306,0.11691042,0.53945814
4.56528264,6.16523316,0.01210201,0.64359003,0.53086469,6.40984446,0.02450430,0.11765926,0.51122044
4.57128564,5.96390695,0.01072599,0.63538191,0.53422477,6.18037832,0.02233697,0.11908804,0.48293171
4.57728864,5.76135646,0.00947570,0.62627665,0.53827551,5.94577455,0.02043412,0.12116167,0.45499478
4.58329165,5.56019395,0.00835224,0.61647697,0.54301872,5.70906164,0.01881412,0.12383355,0.42779717
4.58929465,5.36302061,0.00735441,0.60619851,0.54844283,5.47332252,0.01749063,0.12704604,0.40170390
4.59529765,5.17236682,0.00647913,0.59566389,0.55452054,5.24162532,0.01647278,0.13073120,0.37705102
4.60130065,4.99063196,0.00572180,0.58509622,0.56120703,5.01695202,0.01576539,0.13481167,0.35413980
4.60730365,4.82002570,0.00507671,0.57471234,0.56843902,4.80212723,0.01536909,0.13920188,0.33323183
4.61330665,4.66251295,0.00453745,0.56471603,0.57613486,4.59974958,0.01528057,0.14380934,0.31454490
4.61930965,4.51976447,0.00409726,0.55529140,0.58419581,4.41212788,0.01549269,0.14853630,0.29824989
4.62531266,4.39311497,0.00374944,0.54659680,0.59250856,4.24122451,0.01599459,0.15328154,0.28446855
4.63131566,4.28353030,0.00348764,0.53875943,0.60094892,4.08860776,0.01677178,0.15794235,0.27327223
4.63731866,4.19158498,0.00330614,0.53187089,0.60938661,3.95541511,0.01780620,0.16241666,0.26468160
4.64332166,4.11745107,0.00320008,0.52598394,0.61769087,3.84232868,0.01907625,0.16660524,0.25866735
4.64932466,4.06089886,0.00316569,0.52111049,0.62573669,3.74956395,0.02055683,0.17041395,0.25515176
4.65532766,4.02130949,0.00320035,0.51722101,0.63341118,3.67687212,0.02221952,0.17375588,0.25401130
4.66133067,3.99769922,0.00330270,0.51424548,0.64061981,3.62355635,0.02403268,0.17655338,0.25508006
4.66733367,3.98875457,0.00347267,0.51207578,0.64729210,3.58850132,0.02596173,0.17873995,0.25815410
4.67333667,3.99287726,0.00371141,0.51056943,0.65338624,3.57021521,0.02796955,0.18026177,0.26299656
4.67933967,4.00823731,0.00402120,0.50955483,0.65889249,3.56688284,0.03001697,0.18107894,0.26934354
4.68534267,4.03283260,0.00440532,0.50883752,0.66383491,3.57642783,0.03206337,0.18116642,0.27691047
4.69134567,4.06455271,0.00486780,0.50820745,0.66827128,3.59658202,0.03406748,0.18051443,0.28539912
4.69734867,4.10124479,0.00541322,0.50744696,0.67229107,3.62495919,0.03598819,0.17912862,0.29450474
4.70335168,4.14077895,0.00604640,0.50633915,0.67601149,3.65913079,0.03778551,0.17702968,0.30392336
4.70935468,4.18111095,0.00677206,0.50467631,0.67957162,3.69670052,0.03942156,0.17425268,0.31335904
4.71535768,4.22033968,0.00759448,0.50226817,0.68312502,3.73537529,0.04086157,0.17084600,0.32253063
4.72136068,4.25675752,0.00851713,0.49894946,0.68683088,3.77302972,0.04207484,0.16686998,0.33117814
4.72736368,4.28889152,0.00954233,0.49458667,0.69084438,3.80776189,0.04303564,0.16239530,0.33906821
4.73336668,4.31553423,0.01067087,0.48908354,0.69530648,3.83793843,0.04372396,0.15750122,0.34599862
4.73936968,4.33576309,0.01190173,0.48238516,0.70033389,3.86222746,0.04412616,0.15227364,0.35180175
4.74537269,4.34894795,0.01323180,0.47448045,0.70600956,3.87961843,0.04423530,0.14680306,0.35634678
4.75137569,4.35474696,0.01465564,0.46540285,0.71237438,3.88942860,0.04405141,0.14118259,0.35954055
4.75737869,4.35309127,0.01616540,0.45522934,0.71942045,3.89129655,0.04358138,0.13550591,0.36132725
4.76338169,4.34415994,0.01775076,0.44407767,0.72708650,3.88516353,0.04283873,0.12986535,0.36168683
4.76938469,4.32834648,0.01939894,0.43210192,0.73525559,3.87124420,0.04184304,0.12435001,0.36063240
4.77538769,4.30621887,0.02109490,0.41948675,0.74375558,3.84998851,0.04061931,0.11904408,0.35820664
4.78139070,4.27847545,0.02282154,0.40644036,0.75236218,3.82203717,0.03919698,0.11402519,0.35447762
4.78739370,4.24589854,0.02456001,0.39318663,0.76080478,3.78817274,0.03760900,0.10936305,0.34953405
4.79339670,4.20930825,0.02629019,0.37995665,0.76877467,3.74926914,0.03589060,0.10511815,0.34348039
4.79939970,4.16951836,0.02799104,0.36698007,0.77593543,3.70624164,0.03407824,0.10134068,0.33643196
4.80540270,4.12729610,0.02964122,0.35447657,0.78193504,3.65999959,0.03220834,0.09806966,0.32851026
4.81140570,4.08332718,0.03121955,0.34264782,0.78641909,3.61140379,0.03031629,0.09533221,0.31983872
4.81740870,4.03818735,0.03270554,0.33167017,0.78904445,3.56122975,0.02843531,0.09314307,0.31053905
4.82341171,3.99232087,0.03407993,0.32168847,0.78949290,3.51013820,0.02659568,0.09150431,0.30072818
4.82941471,3.94602655,0.03532511,0.31281103,0.78748386,3.45865316,0.02482394,0.09040529,0.29051600
4.83541771,3.89945101,0.03642554,0.30510611,0.78278568,3.40714817,0.02314237,0.08982283,0.28000371
4.84142071,3.85258908,0.03736801,0.29859987,0.77522502,3.35584022,0.02156863,0.08972167,0.26928292
4.84742371,3.80529065,0.03814195,0.29327593,0.76469380,3.30479135,0.02011556,0.09005518,0.25843533
4.85342671,3.75727339,0.03873947,0.28907643,0.75115342,3.25391695,0.01879122,0.09076629,0.24753289
4.85942971,3.70814038,0.03915547,0.28590464,0.73463615,3.20300018,0.01759907,0.09178881,0.23663843
4.86543272,3.65740196,0.03938755,0.28362888,0.71524367,3.15171151,0.01653827,0.09304891,0.22580647
4.87143572,3.60450074,0.03943593,0.28208763,0.69314295,3.09963227,0.01560412,0.09446682,0.21508432
4.87743872,3.54883903,0.03930323,0.28109570,0.66855972,3.04628141,0.01478867,0.09595886,0.20451320
4.88344172,3.48980771,0.03899428,0.28045104,0.64176989,2.99114416,0.01408127,0.09743954,0.19412930
4.88944472,3.42681565,0.03851583,0.27994207,0.61308960,2.93370169,0.01346924,0.09882377,0.18396492
4.89544772,3.35931883,0.03787635,0.27935531,0.58286418,2.87346067,0.01293856,0.10002919,0.17404933
4.90145073,3.28684820,0.03708568,0.27848276,0.55145685,2.80998161,0.01247448,0.10097840,0.16440959
4.90745373,3.20903537,0.03615485,0.27712910,0.51923741,2.74290513,0.01206216,0.10160112,0.15507113
4.91345673,3.12563524,0.03509582,0.27511817,0.48657165,2.67197502,0.01168723,0.10183615,0.14605825
4.91945973,3.03654461,0.03392130,0.27229863,0.45381179,2.59705722,0.01133623,0.10163309,0.13739432
4.92546273,2.94181593,0.03264452,0.26854862,0.42128822,2.51815397,0.01099705,0.10095369,0.12910199
4.93146573,2.84166557,0.03127914,0.26377918,0.38930283,2.43541226,0.01065922,0.09977283,0.12120308
4.93746873,2.73647587,0.02983908,0.25793633,0.35812409,2.34912641,0.01031412,0.09807907,0.11371848
4.94347174,2.62679078,0.02833840,0.25100190,0.32798366,2.25973406,0.00995508,0.09587472,0.10666783
4.94947474,2.51330490,0.02679122,0.24299294,0.29907480,2.16780600,0.00957745,0.09317545,0.10006914
4.95547774,2.39684613,0.02521153,0.23395987,0.27155213,2.07402976,0.00917854,0.09000948,0.09393830
4.96148074,2.27835258,0.02361316,0.22398353,0.24553264,1.97918778,0.00875746,0.08641632,0.08828854
4.96748374,2.15884435,0.02200960,0.21317118,0.22109786,1.88413084,0.00831499,0.08244521,0.08312977
4.97348674,2.03939157,0.02041387,0.20165178,0.19829664,1.78974803,0.00785332,0.07815325,0.07846797
4.97948974,1.92107985,0.01883840,0.18957075,0.17714858,1.69693446,0.00737580,0.07360333,0.07430455
4.98549275,1.80497476,0.01729486,0.17708434,0.15764772,1.60655826,0.00688668,0.06886200,0.07063573
4.99149575,1.69208702,0.01579403,0.16435406,0.13976631,1.51942849,0.00639083,0.06399728,0.06745202
4.99749875,1.58333981,0.01434564,0.15154127,0.12345861,1.43626535,0.00589344,0.05907659,0.06473778
5.00350175,1.47953995,0.01295826,0.13880211,0.10866437,1.35767420,0.00539979,0.05416484,0.06247102
5.00950475,1.38135402,0.01163922,0.12628315,0.09531213,1.28412468,0.00491502,0.04932268,0.06062325
5.01550775,1.28929067,0.01039448,0.11411756,0.08332216,1.21593578,0.00444396,0.04460513,0.05915972
5.02151076,1.20368967,0.00922861,0.10242231,0.07260904,1.15326763,0.00399090,0.04006049,0.05803973
5.02751376,1.12471813,0.00814479,0.09129603,0.06308387,1.09612027,0.00355958,0.03572949,0.05721727
5.03351676,1.05237383,0.00714482,0.08081785,0.05465618,1.04433929,0.00315303,0.03164495,0.05664195
5.03951976,0.98649528,0.00622917,0.07104700,0.04723548,0.99762798,0.00277356,0.02783161,0.05626000
5.04552276,0.92677778,0.00539708,0.06202322,0.04073263,0.95556522,0.00242275,0.02430631,0.05601562
5.05152576,0.87279439,0.00464666,0.05376772,0.03506082,0.91762800,0.00210150,0.02107843,0.05585236
5.05752876,0.82402074,0.00397506,0.04628471,0.03013648,0.88321750,0.00181003,0.01815049,0.05571462
5.06353177,0.77986217,0.00337861,0.03956337,0.02587998,0.85168715,0.00154800,0.01551898,0.05554915
5.06953477,0.73968192,0.00285294,0.03358005,0.02221611,0.82237135,0.00131454,0.01317519,0.05530658
5.07553777,0.70282888,0.00239323,0.02830054,0.01907455,0.79461350,0.00110838,0.01110617,0.05494272
5.08154077,0.66866379,0.00199428,0.02368250,0.01639008,0.76779197,0.00092792,0.00929567,0.05441980
5.08754377,0.63658265,0.00165073,0.01967770,0.01410283,0.74134282,0.00077132,0.00772507,0.05370737
5.09354677,0.60603648,0.00135718,0.01623419,0.01215832,0.71477864,0.00063659,0.00637419,0.05278305
5.09954977,0.57654694,0.00110827,0.01329818,0.01050746,0.68770254,0.00052165,0.00522212,0.05163288
5.10555278,0.54771726,0.00089885,0.01081572,0.00910644,0.65981726,0.00042442,0.00424780,0.05025141
5.11155578,0.51923850,0.00072402,0.00873407,0.00791662,0.63092908,0.00034285,0.00343063,0.04864145
5.11755878,0.49089124,0.00057918,0.00700283,0.00690421,0.60094687,0.00027498,0.00275090,0.04681359
5.12356178,0.46254314,0.00046012,0.00557473,0.00604005,0.56987669,0.00021897,0.00219010,0.04478534
5.12956478,0.43414276,0.00036300,0.00440620,0.00529924,0.53781252,0.00017313,0.00173118,0.04258023
5.13556778,0.40571052,0.00028438,0.00345775,0.00466076,0.50492398,0.00013591,0.00135864,0.04022654
5.14157079,0.37732740,0.00022124,0.00269408,0.00410708,0.47144179,0.00010593,0.00105865,0.03775611
5.14757379,0.34912223,0.00017092,0.00208408,0.00362379,0.43764192,0.00008197,0.00081901,0.03520301
5.15357679,0.32125835,0.00013111,0.00160066,0.00319913,0.40382939,0.00006299,0.00062908,0.03260223
5.15957979,0.29392035,0.00009987,0.00122059,0.00282367,0.37032236,0.00004805,0.00047973,0.02998846
5.16558279,0.26730151,0.00007554,0.00092411,0.00248986,0.33743734,0.00003640,0.00036323,0.02739496
5.17158579,0.24159249,0.00005673,0.00069464,0.00219178,0.30547607,0.00002738,0.00027305,0.02485265
5.17758879,0.21697158,0.00004230,0.00051841,0.00192474,0.27471446,0.00002044,0.00020379,0.02238928
5.18359180,0.19359693,0.00003132,0.00038413,0.00168509,0.24539394,0.00001516,0.00015102,0.02002887
5.18959480,0.17160064,0.00002303,0.00028259,0.00146992,0.21771526,0.00001116,0.00011111,0.01779130
5.19559780,0.15108495,0.00001681,0.00020640,0.00127690,0.19183472,0.00000816,0.00008116,0.01569216
5.20160080,0.13212027,0.00001218,0.00014968,0.00110412,0.16786280,0.00000593,0.00005886,0.01374270
5.20760380,0.11474501,0.00000877,0.00010777,0.00094993,0.14586471,0.00000427,0.00004238,0.01195000
5.21360680,0.09896675,0.00000627,0.00007704,0.00081289,0.12586288,0.00000306,0.00003030,0.01031725
5.21960980,0.08476476,0.00000445,0.00005468,0.00069170,0.10784071,0.00000218,0.00002151,0.00884414
5.22561281,0.07209325,0.00000313,0.00003853,0.00058511,0.09174742,0.00000154,0.00001516,0.00752727
5.23161581,0.06088536,0.00000219,0.00002696,0.00049191,0.07750351,0.00000108,0.00001061,0.00636072
5.23761881,0.05105736,0.00000152,0.00001873,0.00041096,0.06500657,0.00000075,0.00000737,0.00533654
5.24362181,0.04251294,0.00000105,0.00001292,0.00034112,0.05413710,0.00000052,0.00000509,0.00444523
5.24962481,0.03514739,0.00000072,0.00000885,0.00028130,0.04476401,0.00000036,0.00000348,0.00367628
5.25562781,0.02885144,0.00000049,0.00000601,0.00023041,0.03674978,0.00000025,0.00000237,0.00301857
5.26163082,0.02351466,0.00000033,0.00000406,0.00018746,0.02995495,0.00000017,0.00000160,0.00246076
5.26763382,0.01902840,0.00000022,0.00000272,0.00015147,0.02424193,0.00000011,0.00000107,0.00199165
5.27363682,0.01528812,0.00000015,0.00000181,0.00012155,0.01947817,0.00000008,0.00000072,0.00160042
5.27963982,0.01219526,0.00000010,0.00000120,0.00009686,0.01553851,0.00000005,0.00000047,0.00127681
5.28564282,0.00965852,0.00000006,0.00000079,0.00007665,0.01230691,0.00000003,0.00000031,0.00101132
5.29164582,0.00759470,0.00000004,0.00000051,0.00006023,0.00967756,0.00000002,0.00000020,0.00079530
5.29764882,0.00592911,0.00000003,0.00000033,0.00004699,0.00755541,0.00000001,0.00000013,0.00062092
5.30365183,0.00459563,0.00000002,0.00000021,0.00003641,0.00585632,0.00000001,0.00000008,0.00048131
5.30965483,0.00353653,0.00000001,0.00000014,0.00002801,0.00450678,0.00000001,0.00000005,0.00037040
5.31565783,0.00270199,0.00000001,0.00000009,0.00002139,0.00344334,0.00000000,0.00000003,0.00028301
5.32166083,0.00204958,0.00000000,0.00000005,0.00001622,0.00261196,0.00000000,0.00000002,0.00021468
5.32766383,0.00154354,0.00000000,0.00000003,0.00001221,0.00196710,0.00000000,0.00000001,0.00016168
5.33366683,0.00115410,0.00000000,0.00000002,0.00000913,0.00147081,0.00000000,0.00000001,0.00012089
5.33966983,0.00085673,0.00000000,0.00000001,0.00000678,0.00109184,0.00000000,0.00000001,0.00008974
5.34567284,0.00063141,0.00000000,0.00000001,0.00000499,0.00080470,0.00000000,0.00000000,0.00006614
5.35167584,0.00046202,0.00000000,0.00000000,0.00000365,0.00058881,0.00000000,0.00000000,0.00004840
5.35767884,0.00033564,0.00000000,0.00000000,0.00000265,0.00042775,0.00000000,0.00000000,0.00003516
5.36368184,0.00024208,0.00000000,0.00000000,0.00000191,0.00030852,0.00000000,0.00000000,0.00002536
5.36968484,0.00017334,0.00000000,0.00000000,0.00000137,0.00022092,0.00000000,0.00000000,0.00001816
5.37568784,0.00012324,0.00000000,0.00000000,0.00000097,0.00015706,0.00000000,0.00000000,0.00001291
5.38169085,0.00008698,0.00000000,0.00000000,0.00000069,0.00011086,0.00000000,0.00000000,0.00000911
5.38769385,0.00006095,0.00000000,0.00000000,0.00000048,0.00007768,0.00000000,0.00000000,0.00000639
5.39369685,0.00004241,0.00000000,0.00000000,0.00000034,0.00005405,0.00000000,0.00000000,0.00000444
5.39969985,0.00002929,0.00000000,0.00000000,0.00000023,0.00003733,0.00000000,0.00000000,0.00000307
5.40570285,0.00002009,0.00000000,0.00000000,0.00000016,0.00002560,0.00000000,0.00000000,0.00000210
5.41170585,0.00001368,0.00000000,0.00000000,0.00000011,0.00001743,0.00000000,0.00000000,0.00000143
5.41770885,0.00000924,0.00000000,0.00000000,0.00000007,0.00001178,0.00000000,0.00000000,0.00000097
5.42371186,0.00000620,0.00000000,0.00000000,0.00000005,0.00000791,0.00000000,0.00000000,0.00000065
5.42971486,0.00000413,0.00000000,0.00000000,0.00000003,0.00000527,0.00000000,0.00000000,0.00000043
5.43571786,0.00000273,0.00000000,0.00000000,0.00000002,0.00000348,0.00000000,0.00000000,0.00000029
5.44172086,0.00000180,0.00000000,0.00000000,0.00000001,0.00000229,0.00000000,0.00000000,0.00000019
5.44772386,0.00000117,0.00000000,0.00000000,0.00000001,0.00000149,0.00000000,0.00000000,0.00000012
5.45372686,0.00000076,0.00000000,0.00000000,0.00000001,0.00000097,0.00000000,0.00000000,0.00000008
5.45972986,0.00000049,0.00000000,0.00000000,0.00000000,0.00000062,0.00000000,0.00000000,0.00000005
5.46573287,0.00000031,0.00000000,0.00000000,0.00000000,0.00000040,0.00000000,0.00000000,0.00000003
5.47173587,0.00000020,0.00000000,0.00000000,0.00000000,0.00000025,0.00000000,0.00000000,0.00000002
5.47773887,0.00000012,0.00000000,0.00000000,0.00000000,0.00000016,0.00000000,0.00000000,0.00000001
5.48374187,0.00000008,0.00000000,0.00000000,0.00000000,0.00000010,0.00000000,0.00000000,0.00000001
5.48974487,0.00000005,0.00000000,0.00000000,0.00000000,0.00000006,0.00000000,0.00000000,0.00000001
5.49574787,0.00000003,0.00000000,0.00000000,0.00000000,0.00000004,0.00000000,0.00000000,0.00000000
5.50175088,0.00000002,0.00000000,0.00000000,0.00000000,0.00000002,0.00000000,0.00000000,0.00000000
5.50775388,0.00000001,0.00000000,0.00000000,0.00000000,0.00000001,0.00000000,0.00000000,0.00000000
5.51375688,0.00000001,0.00000000,0.00000000,0.00000000,0.00000001,0.00000000,0.00000000,0.00000000
5.51975988,0.00000000,0.00000000,0.00000000,0.00000000,0.00000001,0.00000000,0.00000000,0.00000000
5.52576288,0.00000000,0.00000000,0.00000000,0.00000000,0.00000000,0.00000000,0.00000000,0.00000000
5.53176588,0.00000000,0.00000000,0.00000000,0.00000000,0.00000000,0.00000000,0.00000000,0.00000000
5.53776888,0.00000000,0.00000000,0.00000000,0.00000000,0.00000000,0.00000000,0.00000000,0.00000000
5.54377189,0.00000000,0.00000000,0.00000000,0.00000000,0.00000000,0.00000000,0.00000000,0.00000000
5.54977489,0.00000000,0.00000000,0.00000000,0.00000000,0.00000000,0.00000000,0.00000000,0.00000000
5.55577789,0.00000000,0.00000000,0.00000000,0.00000000,0.00000000,0.00000000,0.00000000,0.00000000
5.56178089,0.00000000,0.00000000,0.00000000,0.00000000,0.00000000,0.00000000,0.00000000,0.00000000
5.56778389,0.00000000,0.00000000,0.00000000,0.00000000,0.00000000,0.00000000,0.00000000,0.00000000
5.57378689,0.00000000,0.00000000,0.00000000,0.00000000,0.00000000,0.00000000,0.00000000,0.00000000
5.57978989,0.00000000,0.00000000,0.00000000,0.00000000,0.00000000,0.00000000,0.00000000,0.00000000
5.58579290,0.00000000,0.00000000,0.00000000,0.00000000,0.00000000,0.00000000,0.00000000,0.00000000
5.59179590,0.00000000,0.00000000,0.00000000,0.00000000,0.00000000,0.00000000,0.00000000,0.00000000
5.59779890,0.00000000,0.00000000,0.00000000,0.00000000,0.00000000,0.00000000,0.00000000,0.00000000
5.60380190,0.00000000,0.00000000,0.00000000,0.00000000,0.00000000,0.00000000,0.00000000,0.00000000
5.60980490,0.00000000,0.00000000,0.00000000,0.00000000,0.00000000,0.00000000,0.00000000,0.00000000
5.61580790,0.00000000,0.00000000,0.00000000,0.00000000,0.00000000,0.00000000,0.00000000,0.00000000
5.62181091,0.00000000,0.00000000,0.00000000,0.00000000,0.00000000,0.00000000,0.00000000,0.00000000
5.62781391,0.00000000,0.00000000,0.00000000,0.00000000,0.00000000,0.00000000,0.00000000,0.00000000
5.63381691,0.00000000,0.00000000,0.00000000,0.00000000,0.00000000,0.00000000,0.00000000,0.00000000
5.63981991,0.00000000,0.00000000,0.00000000,0.00000000,0.00000000,0.00000000,0.00000000,0.00000000
5.64582291,0.00000000,0.00000000,0.00000000,0.00000000,0.00000000,0.00000000,0.00000000,0.00000000
5.65182591,0.00000000,0.00000000,0.00000000,0.00000000,0.00000000,0.00000000,0.00000000,0.00000000
5.65782891,0.00000000,0.00000000,0.00000000,0.00000000,0.00000000,0.00000000,0.00000000,0.00000000
5.66383192,0.00000000,0.00000000,0.00000000,0.00000000,0.00000000,0.00000000,0.00000000,0.00000000
5.66983492,0.00000000,0.00000000,0.00000000,0.00000000,0.00000000,0.00000000,0.00000000,0.00000000
5.67583792,0.00000000,0.00000000,0.00000000,0.00000000,0.00000000,0.00000000,0.00000000,0.00000000
5.68184092,0.00000000,0.00000000,0.00000000,0.00000000,0.00000000,0.00000000,0.00000000,0.00000000
5.68784392,0.00000000,0.00000000,0.00000000,0.00000000,0.00000000,0.00000000,0.00000000,0.00000000
5.69384692,0.00000000,0.00000000,0.00000000,0.00000000,0.00000000,0.00000000,0.00000000,0.00000000
5.69984992,0.00000000,0.00000000,0.00000000,0.00000000,0.00000000,0.00000000,0.00000000,0.00000000
5.70585293,0.00000000,0.00000000,0.00000000,0.00000000,0.00000000,0.00000000,0.00000000,0.00000000
5.71185593,0.00000000,0.00000000,0.00000000,0.00000000,0.00000000,0.00000000,0.00000000,0.00000000
5.71785893,0.00000000,0.00000000,0.00000000,0.00000000,0.00000000,0.00000000,0.00000000,0.00000000
5.72386193,0.00000000,0.00000000,0.00000000,0.00000000,0.00000000,0.00000000,0.00000000,0.00000000
5.72986493,0.00000000,0.00000000,0.00000000,0.00000000,0.00000000,0.00000000,0.00000000,0.00000000
5.73586793,0.00000000,0.00000000,0.00000000,0.00000000,0.00000000,0.00000000,0.00000000,0.00000000
5.74187094,0.00000000,0.00000000,0.00000000,0.00000000,0.00000000,0.00000000,0.00000000,0.00000000
5.74787394,0.00000000,0.00000000,0.00000000,0.00000000,0.00000000,0.00000000,0.00000000,0.00000000
5.75387694,0.00000000,0.00000000,0.00000000,0.00000000,0.00000000,0.00000000,0.00000000,0.00000000
5.75987994,0.00000000,0.00000000,0.00000000,0.00000000,0.00000000,0.00000000,0.00000000,0.00000000
5.76588294,0.00000000,0.00000000,0.00000000,0.00000000,0.00000000,0.00000000,0.00000000,0.00000000
5.77188594,0.00000000,0.00000000,0.00000000,0.00000000,0.00000000,0.00000000,0.00000000,0.00000000
5.77788894,0.00000000,0.00000000,0.00000000,0.00000000,0.00000000,0.00000000,0.00000000,0.00000000
5.78389195,0.00000000,0.00000000,0.00000000,0.00000000,0.00000000,0.00000000,0.00000000,0.00000000
5.78989495,0.00000000,0.00000000,0.00000000,0.00000000,0.00000000,0.00000000,0.00000000,0.00000000
5.79589795,0.00000000,0.00000000,0.00000000,0.00000000,0.00000000,0.00000000,0.00000000,0.00000000
5.80190095,0.00000000,0.00000000,0.00000000,0.00000000,0.00000000,0.00000000,0.00000000,0.00000000
5.80790395,0.00000000,0.00000000,0.00000000,0.00000000,0.00000000,0.00000000,0.00000000,0.00000000
5.81390695,0.00000000,0.00000000,0.00000000,0.00000000,0.00000000,0.00000000,0.00000000,0.00000000
5.81990995,0.00000000,0.00000000,0.00000000,0.00000000,0.00000000,0.00000000,0.00000000,0.00000000
5.82591296,0.00000000,0.00000000,0.00000000,0.00000000,0.00000000,0.00000000,0.00000000,0.00000000
5.83191596,0.00000000,0.00000000,0.00000000,0.00000000,0.00000000,0.00000000,0.00000000,0.00000000
5.83791896,0.00000000,0.00000000,0.00000000,0.00000000,0.00000000,0.00000000,0.00000000,0.00000000
5.84392196,0.00000000,0.00000000,0.00000000,0.00000000,0.00000000,0.00000000,0.00000000,0.00000000
5.84992496,0.00000000,0.00000000,0.00000000,0.00000000,0.00000000,0.00000000,0.00000000,0.00000000
5.85592796,0.00000000,0.00000000,0.00000000,0.00000000,0.00000000,0.00000000,0.00000000,0.00000000
5.86193097,0.00000000,0.00000000,0.00000000,0.00000000,0.00000000,0.00000000,0.00000000,0.00000000
5.86793397,0.00000000,0.00000000,0.00000000,0.00000000,0.00000000,0.00000000,0.00000000,0.00000000
5.87393697,0.00000000,0.00000000,0.00000000,0.00000000,0.00000000,0.00000000,0.00000000,0.00000000
5.87993997,0.00000000,0.00000000,0.00000000,0.00000000,0.00000000,0.00000000,0.00000000,0.00000000
5.88594297,0.00000000,0.00000000,0.00000000,0.00000000,0.00000000,0.00000000,0.00000000,0.00000000
5.89194597,0.00000000,0.00000000,0.00000000,0.00000000,0.00000000,0.00000000,0.00000000,0.00000000
5.89794897,0.00000000,0.00000000,0.00000000,0.00000000,0.00000000,0.00000000,0.00000000,0.00000000
5.90395198,0.00000000,0.00000000,0.00000000,0.00000000,0.00000000,0.00000000,0.00000000,0.00000000
5.90995498,0.00000000,0.00000000,0.00000000,0.00000000,0.00000000,0.00000000,0.00000000,0.00000000
5.91595798,0.00000000,0.00000000,0.00000000,0.00000000,0.00000000,0.00000000,0.00000000,0.00000000
5.92196098,0.00000000,0.00000000,0.00000000,0.00000000,0.00000000,0.00000000,0.00000000,0.00000000
5.92796398,0.00000000,0.00000000,0.00000000,0.00000000,0.00000000,0.00000000,0.00000000,0.00000000
5.93396698,0.00000000,0.00000000,0.00000000,0.00000000,0.00000000,0.00000000,0.00000000,0.00000000
5.93996998,0.00000000,0.00000000,0.00000000,0.00000000,0.00000000,0.00000000,0.00000000,0.00000000
5.94597299,0.00000000,0.00000000,0.00000000,0.00000000,0.00000000,0.00000000,0.00000000,0.00000000
5.95197599,0.00000000,0.00000000,0.00000000,0.00000000,0.00000000,0.00000000,0.00000000,0.00000000
5.95797899,0.00000000,0.00000000,0.00000000,0.00000000,0.00000000,0.00000000,0.00000000,0.00000000
5.96398199,0.00000000,0.00000000,0.00000000,0.00000000,0.00000000,0.00000000,0.00000000,0.00000000
5.96998499,0.00000000,0.00000000,0.00000000,0.00000000,0.00000000,0.00000000,0.00000000,0.00000000
5.97598799,0.00000000,0.00000000,0.00000000,0.00000000,0.00000000,0.00000000,0.00000000,0.00000000
5.98199100,0.00000000,0.00000000,0.00000000,0.00000000,0.00000000,0.00000000,0.00000000,0.00000000
5.98799400,0.00000000,0.00000000,0.00000000,0.00000000,0.00000000,0.00000000,0.00000000,0.00000000
5.99399700,0.00000000,0.00000000,0.00000000,0.00000000,0.00000000,0.00000000,0.00000000,0.00000000
6.00000000,0.00000000,0.00000000,0.00000000,0.00000000,0.00000000,0.00000000,0.00000000,0.00000000
