energy_ev,total_up,Nb_p_up,Nb_d_up,S_s_up,S_p_up,Sn_p_up,Sn_d_up
-6.00000000,0.77842730,0.68263613,0.28676270,0.00203267,0.41372741,0.03947702,0.00018838
-5.99399700,0.81605688,0.71355219,0.30037599,0.00214835,0.43363958,0.04184213,0.00019805
-5.98799400,0.85277235,0.74349317,0.31337980,0.00225641,0.45322016,0.04423337,0.00020734
-5.98199100,0.88760987,0.77155406,0.32540320,0.00235462,0.47195990,0.04661615,0.00021601
-5.97598799,0.91969018,0.79690721,0.33610561,0.00244089,0.48939554,0.04895962,0.00022387
-5.96998499,0.94823799,0.81882040,0.34518483,0.00251336,0.50511956,0.05123727,0.00023073
-5.96398199,0.97259839,0.83667250,0.35238413,0.00257046,0.51878846,0.05342735,0.00023644
-5.95797899,0.99224981,0.84996622,0.35749809,0.00261095,0.53012916,0.05551312,0.00024087
-5.95197599,1.00681291,0.85833719,0.36037708,0.00263394,0.53894307,0.05748283,0.00024394
-5.94597299,1.01605477,0.86155919,0.36092989,0.00263894,0.54510789,0.05932949,0.00024559
-5.93996998,1.01988844,0.85954497,0.35912464,0.00262589,0.54857680,0.06105037,0.00024581
-5.93396698,1.01836753,0.85234286,0.35498781,0.00259509,0.54937524,0.06264635,0.00024462
-5.92796398,1.01167631,0.84012914,0.34860129,0.00254725,0.54759525,0.06412101,0.00024206
-5.92196098,1.00011565,0.82319641,0.34009783,0.00248344,0.54338782,0.06547973,0.00023823
-5.91595798,0.98408555,0.80193876,0.32965491,0.00240504,0.53695353,0.06672852,0.00023321
-5.90995498,0.96406507,0.77683413,0.31748727,0.00231370,0.52853193,0.06787309,0.00022715
-5.90395198,0.94059075,0.74842483,0.30383865,0.00221126,0.51839039,0.06891779,0.00022019
-5.89794897,0.91423450,0.71729711,0.28897288,0.00209971,0.50681269,0.06986475,0.00021247
-5.89194597,0.88558206,0.68406054,0.27316481,0.00198112,0.49408820,0.07071329,0.00020415
-5.88594297,0.85521294,0.64932836,0.25669156,0.00185758,0.48050198,0.07145944,0.00019540
-5.87993997,0.82368286,0.61369922,0.23982419,0.00173112,0.46632625,0.07209585,0.00018635
-5.87393697,0.79150919,0.57774131,0.22282036,0.00160367,0.45181370,0.07261193,0.00017716
-5.86793397,0.75915993,0.54197919,0.20591804,0.00147701,0.43719260,0.07299425,0.00016794
-5.86193097,0.72704646,0.50688370,0.18933057,0.00135275,0.42266396,0.07322731,0.00015881
-5.85592796,0.69551989,0.47286504,0.17324305,0.00123228,0.40840060,0.07329442,0.00014987
-5.84992496,0.66487099,0.44026905,0.15781015,0.00111675,0.39454792,0.07317878,0.00014120
-5.84392196,0.63533296,0.40937632,0.14315527,0.00100708,0.38122604,0.07286465,0.00013286
-5.83791896,0.60708666,0.38040392,0.12937091,0.00090397,0.36853305,0.07233854,0.00012488
-5.83191596,0.58026742,0.35350919,0.11652016,0.00080788,0.35654874,0.07159031,0.00011732
-5.82591296,0.55497278,0.32879503,0.10463896,0.00071907,0.34533856,0.07061415,0.00011018
-5.81990995,0.53127033,0.30631618,0.09373911,0.00063763,0.33495730,0.06940930,0.00010348
-5.81390695,0.50920504,0.28608605,0.08381165,0.00056347,0.32545206,0.06798062,0.00009722
-5.80790395,0.48880546,0.26808333,0.07483042,0.00049638,0.31686444,0.06633871,0.00009138
-5.80190095,0.47008847,0.25225835,0.06675572,0.00043604,0.30923149,0.06449985,0.00008597
-5.79589795,0.45306218,0.23853851,0.05953773,0.00038207,0.30258554,0.06248557,0.00008098
-5.78989495,0.43772707,0.22683290,0.05311970,0.00033400,0.29695296,0.06032192,0.00007637
-5.78389195,0.42407542,0.21703585,0.04744076,0.00029139,0.29235180,0.05803859,0.00007216
-5.77788894,0.41208921,0.20902945,0.04243829,0.00025372,0.28878877,0.05566771,0.00006831
-5.77188594,0.40173700,0.20268521,0.03804981,0.00022054,0.28625576,0.05324266,0.00006481
-5.76588294,0.39297017,0.19786505,0.03421449,0.00019136,0.28472628,0.05079677,0.00006164
-5.75987994,0.38571905,0.19442177,0.03087414,0.00016576,0.28415217,0.04836202,0.00005880
-5.75387694,0.37988945,0.19219936,0.02797398,0.00014334,0.28446097,0.04596792,0.00005626
-5.74787394,0.37536007,0.19103328,0.02546294,0.00012372,0.28555425,0.04364050,0.00005399
-5.74187094,0.37198117,0.19075113,0.02329385,0.00010656,0.28730722,0.04140147,0.00005199
-5.73586793,0.36957480,0.19117368,0.02142337,0.00009158,0.28956961,0.03926772,0.00005022
-5.72986493,0.36793677,0.19211650,0.01981190,0.00007851,0.29216819,0.03725098,0.00004865
-5.72386193,0.36684033,0.19339226,0.01842332,0.00006712,0.29491056,0.03535781,0.00004727
-5.71785893,0.36604154,0.19481368,0.01722480,0.00005720,0.29759039,0.03358985,0.00004603
-5.71185593,0.36528606,0.19619695,0.01618656,0.00004859,0.29999367,0.03194425,0.00004491
-5.70585293,0.36431703,0.19736570,0.01528172,0.00004113,0.30190580,0.03041434,0.00004387
-5.69984992,0.36288362,0.19815511,0.01448618,0.00003467,0.30311904,0.02899044,0.00004288
-5.69384692,0.36074984,0.19841608,0.01377848,0.00002911,0.30344011,0.02766076,0.00004192
-5.68784392,0.35770309,0.19801926,0.01313984,0.00002434,0.30269739,0.02641238,0.00004094
-5.68184092,0.35356193,0.19685859,0.01255406,0.00002027,0.30074733,0.02523220,0.00003994
-5.67583792,0.34818285,0.19485426,0.01200762,0.00001681,0.29747991,0.02410786,0.00003887
-5.66983492,0.34146546,0.19195490,0.01148960,0.00001388,0.29282267,0.02302864,0.00003774
-5.66383192,0.33335601,0.18813887,0.01099180,0.00001144,0.28674324,0.02198615,0.00003651
-5.65782891,0.32384902,0.18341450,0.01050863,0.00000941,0.27925022,0.02097499,0.00003520
-5.65182591,0.31298705,0.17781945,0.01003716,0.00000776,0.27039239,0.01999321,0.00003378
-5.64582291,0.30085859,0.17141910,0.00957705,0.00000643,0.26025634,0.01904269,0.00003227
-5.63981991,0.28759427,0.16430399,0.00913043,0.00000540,0.24896269,0.01812934,0.00003068
-5.63381691,0.27336174,0.15658671,0.00870186,0.00000463,0.23666108,0.01726321,0.00002900
-5.62781391,0.25835933,0.14839813,0.00829815,0.00000409,0.22352427,0.01645844,0.00002727
-5.62181091,0.24280906,0.13988325,0.00792822,0.00000379,0.20974160,0.01573319,0.00002548
-5.61580790,0.22694912,0.13119700,0.00760292,0.00000369,0.19551223,0.01510945,0.00002367
-5.60980490,0.21102646,0.12249988,0.00733487,0.00000381,0.18103836,0.01461276,0.00002185
-5.60380190,0.19528951,0.11395393,0.00713824,0.00000413,0.16651885,0.01427190,0.00002004
-5.59779890,0.17998152,0.10571886,0.00702850,0.00000467,0.15214335,0.01411852,0.00001826
-5.59179590,0.16533465,0.09794869,0.00702226,0.00000544,0.13808737,0.01418671,0.00001653
-5.58579290,0.15156491,0.09078878,0.00713694,0.00000646,0.12450814,0.01451246,0.00001486
-5.57978989,0.13886811,0.08437341,0.00739049,0.00000774,0.11154161,0.01513309,0.00001327
-5.57378689,0.12741674,0.07882372,0.00780111,0.00000930,0.09930050,0.01608653,0.00001177
-5.56778389,0.11735780,0.07424620,0.00838678,0.00001118,0.08787329,0.01741055,0.00001037
-5.56178089,0.10881144,0.07073142,0.00916491,0.00001341,0.07732430,0.01914177,0.00000907
-5.55577789,0.10187021,0.06835312,0.01015181,0.00001600,0.06769448,0.02131465,0.00000788
-5.54977489,0.09659899,0.06716748,0.01136210,0.00001899,0.05900294,0.02396024,0.00000679
-5.54377189,0.09303515,0.06721244,0.01280820,0.00002239,0.05124900,0.02710490,0.00000582
-5.53776888,0.09118908,0.06850720,0.01449959,0.00002623,0.04441466,0.03076885,0.00000495
-5.53176588,0.09104483,0.07105170,0.01644221,0.00003052,0.03846723,0.03496472,0.00000418
-5.52576288,0.09256079,0.07482606,0.01863774,0.00003527,0.03336200,0.03969611,0.00000351
-5.51975988,0.09567053,0.07979021,0.02108301,0.00004047,0.02904499,0.04495609,0.00000293
-5.51375688,0.10028354,0.08588350,0.02376942,0.00004612,0.02545544,0.05072605,0.00000243
-5.50775388,0.10628627,0.09302461,0.02668249,0.00005218,0.02252809,0.05697458,0.00000200
-5.50175088,0.11354316,0.10111160,0.02980157,0.00005863,0.02019529,0.06365680,0.00000165
-5.49574787,0.12189816,0.11002254,0.03309974,0.00006541,0.01838866,0.07071404,0.00000136
-5.48974487,0.13117653,0.11961649,0.03654398,0.00007247,0.01704064,0.07807402,0.00000113
-5.48374187,0.14118723,0.12973514,0.04009556,0.00007974,0.01608558,0.08565161,0.00000095
-5.47773887,0.15172590,0.14020517,0.04371076,0.00008715,0.01546074,0.09335011,0.00000083
-5.47173587,0.16257858,0.15084131,0.04734191,0.00009461,0.01510690,0.10106329,0.00000076
-5.46573287,0.17352607,0.16145011,0.05093870,0.00010204,0.01496899,0.10867790,0.00000073
-5.45972986,0.18434909,0.17183443,0.05444983,0.00010935,0.01499633,0.11607683,0.00000076
-5.45372686,0.19483401,0.18179862,0.05782487,0.00011647,0.01514299,0.12314280,0.00000086
-5.44772386,0.20477911,0.19115403,0.06101636,0.00012332,0.01536789,0.12976236,0.00000102
-5.44172086,0.21400124,0.19972498,0.06398209,0.00012987,0.01563495,0.13583024,0.00000126
-5.43571786,0.22234248,0.20735475,0.06668738,0.00013608,0.01591312,0.14125374,0.00000160
-5.42971486,0.22967688,0.21391144,0.06910741,0.00014195,0.01617645,0.14595710,0.00000206
-5.42371186,0.23591664,0.21929350,0.07122943,0.00014752,0.01640403,0.14988560,0.00000267
-5.41770885,0.24101774,0.22343456,0.07305477,0.00015286,0.01657998,0.15300923,0.00000345
-5.41170585,0.24498462,0.22630744,0.07460056,0.00015809,0.01669338,0.15532576,0.00000445
-5.40570285,0.24787362,0.22792704,0.07590106,0.00016338,0.01673810,0.15686307,0.00000571
-5.39969985,0.24979511,0.22835206,0.07700854,0.00016895,0.01671268,0.15768051,0.00000728
-5.39369685,0.25091390,0.22768523,0.07799361,0.00017506,0.01662001,0.15786932,0.00000923
-5.38769385,0.25144800,0.22607216,0.07894493,0.00018204,0.01646706,0.15755198,0.00001163
-5.38169085,0.25166552,0.22369871,0.07996828,0.00019026,0.01626449,0.15688035,0.00001454
-5.37568784,0.25187973,0.22078681,0.08118499,0.00020015,0.01602617,0.15603285,0.00001805
-5.36968484,0.25244227,0.21758906,0.08272960,0.00021214,0.01576868,0.15521043,0.00002225
-5.36368184,0.25373458,0.21438199,0.08474693,0.00022674,0.01551067,0.15463160,0.00002724
-5.35767884,0.25615787,0.21145826,0.08738842,0.00024444,0.01527227,0.15452659,0.00003310
-5.35167584,0.26012147,0.20911810,0.09080789,0.00026576,0.01507437,0.15513066,0.00003994
-5.34567284,0.26603021,0.20765999,0.09515681,0.00029119,0.01493791,0.15667690,0.00004784
-5.33966983,0.27427083,0.20737114,0.10057906,0.00032121,0.01488317,0.15938858,0.00005690
-5.33366683,0.28519788,0.20851774,0.10720547,0.00035624,0.01492900,0.16347130,0.00006718
-5.32766383,0.29911960,0.21133555,0.11514814,0.00039662,0.01509219,0.16910513,0.00007876
-5.32166083,0.31628395,0.21602085,0.12449482,0.00044262,0.01538676,0.17643708,0.00009166
-5.31565783,0.33686561,0.22272232,0.13530348,0.00049440,0.01582339,0.18557400,0.00010591
-5.30965483,0.36095410,0.23153383,0.14759732,0.00055197,0.01640892,0.19657634,0.00012150
-5.30365183,0.38854385,0.24248870,0.16136048,0.00061522,0.01714592,0.20945288,0.00013839
-5.29764882,0.41952640,0.25555545,0.17653455,0.00068386,0.01803240,0.22415678,0.00015649
-5.29164582,0.45368551,0.27063545,0.19301634,0.00075743,0.01906165,0.24058313,0.00017568
-5.28564282,0.49069539,0.28756249,0.21065682,0.00083529,0.02022220,0.25856826,0.00019581
-5.27963982,0.53012248,0.30610451,0.22926166,0.00091665,0.02149798,0.27789089,0.00021668
-5.27363682,0.57143105,0.32596761,0.24859339,0.00100052,0.02286861,0.29827532,0.00023806
-5.26763382,0.61399266,0.34680215,0.26837518,0.00108578,0.02430979,0.31939662,0.00025967
-5.26163082,0.65709944,0.36821112,0.28829638,0.00117116,0.02579400,0.34088782,0.00028120
-5.25562781,0.69998110,0.38976037,0.30801966,0.00125529,0.02729114,0.36234898,0.00030233
-5.24962481,0.74182498,0.41099066,0.32718954,0.00133674,0.02876947,0.38335792,0.00032272
-5.24362181,0.78179897,0.43143102,0.34544220,0.00141402,0.03019653,0.40348222,0.00034201
-5.23761881,0.81907616,0.45061307,0.36241609,0.00148568,0.03154021,0.42229229,0.00035986
-5.23161581,0.85286058,0.46808583,0.37776310,0.00155029,0.03276979,0.43937485,0.00037592
-5.22561281,0.88241305,0.48343043,0.39115972,0.00160655,0.03385701,0.45434646,0.00038988
-5.21960980,0.90707597,0.49627419,0.40231787,0.00165329,0.03477712,0.46686647,0.00040146
-5.21360680,0.92629611,0.50630344,0.41099484,0.00168950,0.03550982,0.47664897,0.00041043
-5.20760380,0.93964444,0.51327471,0.41700189,0.00171443,0.03604006,0.48347307,0.00041660
-5.20160080,0.94683203,0.51702359,0.42021126,0.00172752,0.03635874,0.48719128,0.00041984
-5.19559780,0.94772140,0.51747116,0.42056109,0.00172853,0.03646320,0.48773539,0.00042009
-5.18959480,0.94233278,0.51462736,0.41805811,0.00171745,0.03635752,0.48511975,0.00041735
-5.18359180,0.93084492,0.50859157,0.41277807,0.00169457,0.03605256,0.47944175,0.00041169
-5.17758879,0.91359059,0.49954998,0.40486365,0.00166044,0.03556584,0.47087941,0.00040325
-5.17158579,0.89104680,0.48777013,0.39452025,0.00161587,0.03492119,0.45968638,0.00039221
-5.16558279,0.86382029,0.47359279,0.38200964,0.00156187,0.03414817,0.44618426,0.00037884
-5.15957979,0.83262898,0.45742145,0.36764185,0.00149967,0.03328134,0.43075290,0.00036341
-5.15357679,0.79828006,0.43970996,0.35176571,0.00143065,0.03235936,0.41381884,0.00034628
-5.14757379,0.76164588,0.42094880,0.33475843,0.00135629,0.03142396,0.39584256,0.00032779
-5.14157079,0.72363840,0.40165046,0.31701460,0.00127815,0.03051886,0.37730483,0.00030834
-5.13556778,0.68518341,0.38233458,0.29893522,0.00119782,0.02968862,0.35869291,0.00028830
-5.12956478,0.64719538,0.36351330,0.28091705,0.00111687,0.02897748,0.34048698,0.00026809
-5.12356178,0.61055389,0.34567732,0.26334277,0.00103683,0.02842819,0.32314718,0.00024807
-5.11755878,0.57608229,0.32928313,0.24657212,0.00095913,0.02808098,0.30710188,0.00022861
-5.11155578,0.54452938,0.31474181,0.23093450,0.00088513,0.02797258,0.29273732,0.00021007
-5.10555278,0.51655429,0.30240951,0.21672301,0.00081601,0.02813530,0.28038894,0.00019276
-5.09954977,0.49271509,0.29258004,0.20419009,0.00075285,0.02859633,0.27033457,0.00017698
-5.09354677,0.47346106,0.28547950,0.19354479,0.00069656,0.02937713,0.26278965,0.00016299
-5.08754377,0.45912863,0.28126304,0.18495158,0.00064792,0.03049308,0.25790433,0.00015103
-5.08154077,0.44994075,0.28001375,0.17853060,0.00060754,0.03195312,0.25576263,0.00014132
-5.07553777,0.44600951,0.28174357,0.17435914,0.00057592,0.03375978,0.25638331,0.00013403
-5.06953477,0.44734154,0.28639606,0.17247419,0.00055341,0.03590917,0.25972257,0.00012932
-5.06353177,0.45384571,0.29385089,0.17287582,0.00054029,0.03839130,0.26567822,0.00012734
-5.05752876,0.46534282,0.30392972,0.17553111,0.00053669,0.04119041,0.27409513,0.00012819
-5.05152576,0.48157655,0.31640345,0.18037845,0.00054273,0.04428549,0.28477184,0.00013199
-5.04552276,0.50222537,0.33100032,0.18733194,0.00055840,0.04765089,0.29746794,0.00013880
-5.03951976,0.52691483,0.34741473,0.19628564,0.00058368,0.05125693,0.31191206,0.00014870
-5.03351676,0.55522977,0.36531646,0.20711768,0.00061850,0.05507069,0.32781019,0.00016172
-5.02751376,0.58672606,0.38436001,0.21969376,0.00066273,0.05905664,0.34485404,0.00017788
-5.02151076,0.62094152,0.40419369,0.23387022,0.00071624,0.06317735,0.36272919,0.00019718
-5.01550775,0.65740561,0.42446829,0.24949648,0.00077883,0.06739412,0.38112282,0.00021958
-5.00950475,0.69564789,0.44484504,0.26641675,0.00085027,0.07166756,0.39973078,0.00024501
-5.00350175,0.73520473,0.46500254,0.28447118,0.00093030,0.07595798,0.41826378,0.00027336
-4.99749875,0.77562465,0.48464265,0.30349631,0.00101857,0.08022583,0.43645261,0.00030448
-4.99149575,0.81647188,0.50349512,0.32332512,0.00111467,0.08443189,0.45405224,0.00033816
-4.98549275,0.85732862,0.52132086,0.34378659,0.00121811,0.08853752,0.47084476,0.00037415
-4.97948974,0.89779601,0.53791399,0.36470509,0.00132828,0.09250470,0.48664119,0.00041213
-4.97348674,0.93749410,0.55310257,0.38589969,0.00144449,0.09629617,0.50128220,0.00045176
-4.96748374,0.97606132,0.56674830,0.40718362,0.00156590,0.09987548,0.51463790,0.00049262
-4.96148074,1.01315372,0.57874536,0.42836413,0.00169156,0.10320712,0.52660684,0.00053424
-4.95547774,1.04844449,0.58901852,0.44924281,0.00182038,0.10625672,0.53711448,0.00057614
-4.94947474,1.08162412,0.59752097,0.46961669,0.00195114,0.10899140,0.54611130,0.00061777
-4.94347174,1.11240162,0.60423197,0.48928017,0.00208253,0.11138023,0.55357094,0.00065859
-4.93746873,1.14050711,0.60915477,0.50802790,0.00221312,0.11339487,0.55948843,0.00069804
-4.93146573,1.16569598,0.61231492,0.52565862,0.00234141,0.11501036,0.56387890,0.00073555
-4.92546273,1.18775467,0.61375915,0.54198006,0.00246584,0.11620607,0.56677681,0.00077061
-4.91945973,1.20650810,0.61355505,0.55681452,0.00258487,0.11696680,0.56823594,0.00080272
-4.91345673,1.22182842,0.61179147,0.57000528,0.00269697,0.11728386,0.56832998,0.00083144
-4.90745373,1.23364484,0.60857966,0.58142342,0.00280070,0.11715628,0.56715391,0.00085642
-4.90145073,1.24195390,0.60405500,0.59097472,0.00289474,0.11659188,0.56482588,0.00087735
-4.89544772,1.24682967,0.59837906,0.59860639,0.00297793,0.11560821,0.56148943,0.00089408
-4.88944472,1.24843305,0.59174182,0.60431324,0.00304935,0.11423329,0.55731577,0.00090652
-4.88344172,1.24701946,0.58436350,0.60814274,0.00310833,0.11250607,0.55250590,0.00091472
-4.87743872,1.24294411,0.57649587,0.61019875,0.00315450,0.11047645,0.54729198,0.00091883
-4.87143572,1.23666397,0.56842250,0.61064347,0.00318781,0.10820500,0.54193782,0.00091913
-4.86543272,1.22873602,0.56045759,0.60969721,0.00320856,0.10576215,0.53673800,0.00091601
-4.85942971,1.21981095,0.55294321,0.60763587,0.00321739,0.10322688,0.53201532,0.00090997
-4.85342671,1.21062215,0.54624455,0.60478589,0.00321528,0.10068508,0.52811643,0.00090158
-4.84742371,1.20196970,0.54074313,0.60151659,0.00320351,0.09822735,0.52540527,0.00089151
-4.84142071,1.19469964,0.53682797,0.59823006,0.00318365,0.09594649,0.52425458,0.00088046
-4.83541771,1.18967864,0.53488470,0.59534873,0.00315751,0.09393467,0.52503528,0.00086917
-4.82941471,1.18776495,0.53528306,0.59330097,0.00312705,0.09228046,0.52810410,0.00085839
-4.82341171,1.18977634,0.53836293,0.59250516,0.00309432,0.09106563,0.53378980,0.00084885
-4.81740870,1.19645635,0.54441953,0.59335286,0.00306142,0.09036212,0.54237837,0.00084123
-4.81140570,1.20843996,0.55368846,0.59619170,0.00303035,0.09022905,0.55409799,0.00083612
-4.80540270,1.22622047,0.56633104,0.60130862,0.00300297,0.09071005,0.56910420,0.00083406
-4.79939970,1.25011891,0.58242098,0.60891451,0.00298093,0.09183100,0.58746631,0.00083542
-4.79339670,1.28025776,0.60193290,0.61913066,0.00296556,0.09359820,0.60915561,0.00084046
-4.78739370,1.31654037,0.62473362,0.63197809,0.00295782,0.09599725,0.63403624,0.00084930
-4.78139070,1.35863762,0.65057676,0.64737013,0.00295827,0.09899246,0.66185941,0.00086187
-4.77538769,1.40598270,0.67910133,0.66510901,0.00296703,0.10252716,0.69226157,0.00087797
-4.76938469,1.45777507,0.70983455,0.68488669,0.00298375,0.10652460,0.72476693,0.00089723
-4.76338169,1.51299386,0.74219936,0.70629020,0.00300760,0.11088975,0.75879459,0.00091912
-4.75737869,1.57042078,0.77552637,0.72881150,0.00303737,0.11551165,0.79367040,0.00094299
-4.75137569,1.62867197,0.80907021,0.75186152,0.00307143,0.12026656,0.82864320,0.00096808
-4.74537269,1.68623792,0.84202976,0.77478816,0.00310783,0.12502161,0.86290509,0.00099354
-4.73936968,1.74153014,0.87357165,0.79689729,0.00314436,0.12963879,0.89561508,0.00101843
-4.73336668,1.79293262,0.90285598,0.81747631,0.00317868,0.13397937,0.92592514,0.00104183
-4.72736368,1.83885616,0.92906358,0.83581890,0.00320836,0.13790831,0.95300779,0.00106280
-4.72136068,1.87779328,0.95142324,0.85125028,0.00323100,0.14129866,0.97608382,0.00108043
-4.71535768,1.90837122,0.96923818,0.86315156,0.00324434,0.14403575,0.99444919,0.00109390
-4.70935468,1.92940082,0.98191020,0.87098237,0.00324632,0.14602090,1.00749978,0.00110249
-4.70335168,1.93991900,0.98896075,0.87430051,0.00323520,0.14717465,1.01475281,0.00110558
-4.69734867,1.93922311,0.99004772,0.87277806,0.00320961,0.14743924,1.01586411,0.00110273
-4.69134567,1.92689542,0.98497741,0.86621294,0.00316857,0.14678033,1.01064044,0.00109363
-4.68534267,1.90281702,0.97371104,0.85453566,0.00311159,0.14518790,0.99904612,0.00107816
-4.67933967,1.86717047,0.95636557,0.83781106,0.00303860,0.14267614,0.98120410,0.00105637
-4.67333667,1.82043132,0.93320902,0.81623489,0.00295004,0.13928271,0.95739109,0.00102846
-4.66733367,1.76334915,0.90465035,0.79012572,0.00284676,0.13506695,0.92802739,0.00099479
-4.66133067,1.69691924,0.87122468,0.75991252,0.00272999,0.13010756,0.89366177,0.00095588
-4.65532766,1.62234636,0.83357454,0.72611869,0.00260134,0.12449962,0.85495238,0.00091234
-4.64932466,1.54100264,0.79242801,0.68934341,0.00246268,0.11835116,0.81264440,0.00086490
-4.64332166,1.45438143,0.74857492,0.65024118,0.00231609,0.11177950,0.76754578,0.00081433
-4.63731866,1.36404938,0.70284214,0.60950045,0.00216378,0.10490736,0.72050195,0.00076146
-4.63131566,1.27159887,0.65606886,0.56782254,0.00200802,0.09785916,0.67237067,0.00070714
-4.62531266,1.17860260,0.60908314,0.52590145,0.00185109,0.09075738,0.62399804,0.00065219
-4.61930965,1.08657218,0.56268028,0.48440547,0.00169516,0.08371928,0.57619649,0.00059742
-4.61330665,0.99692196,0.51760389,0.44396120,0.00154231,0.07685402,0.52972559,0.00054356
-4.60730365,0.91093918,0.47453005,0.40514045,0.00139442,0.07026029,0.48527598,0.00049131
-4.60130065,0.82976095,0.43405495,0.36845014,0.00125318,0.06402449,0.44345693,0.00044125
-4.59529765,0.75435841,0.39668610,0.33432552,0.00112006,0.05821936,0.40478761,0.00039391
-4.58929465,0.68552780,0.36283696,0.30312646,0.00099630,0.05290328,0.36969187,0.00034970
-4.58329165,0.62388800,0.33282495,0.27513664,0.00088291,0.04811999,0.33849656,0.00030898
-4.57728864,0.56988389,0.30687237,0.25056540,0.00078069,0.04389882,0.31143276,0.00027199
-4.57128564,0.52379469,0.28510986,0.22955164,0.00069025,0.04025524,0.28863972,0.00023892
-4.56528264,0.48574605,0.26758199,0.21216951,0.00061204,0.03719183,0.27017085,0.00020989
-4.55927964,0.45572520,0.25425438,0.19843528,0.00054635,0.03469942,0.25600137,0.00018495
-4.55327664,0.43359781,0.24502202,0.18831486,0.00049340,0.03275845,0.24603700,0.00016412
-4.54727364,0.41912583,0.23971825,0.18173170,0.00045330,0.03134042,0.24012339,0.00014739
-4.54127064,0.41198533,0.23812408,0.17857442,0.00042613,0.03040940,0.23805565,0.00013471
-4.53526763,0.41178367,0.23997749,0.17870406,0.00041194,0.02992354,0.23958781,0.00012603
-4.52926463,0.41807544,0.24498245,0.18196050,0.00041075,0.02983654,0.24444184,0.00012128
-4.52326163,0.43037659,0.25281748,0.18816787,0.00042259,0.03009909,0.25231598,0.00012039
-4.51725863,0.44817665,0.26314357,0.19713894,0.00044749,0.03066010,0.26289232,0.00012330
-4.51125563,0.47094873,0.27561135,0.20867830,0.00048544,0.03146797,0.27584333,0.00012994
-4.50525263,0.49815722,0.28986749,0.22258431,0.00053643,0.03247159,0.29083754,0.00014023
-4.49924962,0.52926341,0.30556023,0.23865004,0.00060040,0.03362136,0.30754406,0.00015409
-4.49324662,0.56372895,0.32234404,0.25666320,0.00067720,0.03486991,0.32563626,0.00017144
-4.48724362,0.60101763,0.33988348,0.27640514,0.00076658,0.03617281,0.34479435,0.00019215
-4.48124062,0.64059547,0.35785620,0.29764939,0.00086815,0.03748908,0.36470723,0.00021609
-4.47523762,0.68192982,0.37595517,0.32015969,0.00098136,0.03878161,0.38507349,0.00024308
-4.46923462,0.72448759,0.39389025,0.34368798,0.00110544,0.04001737,0.40560183,0.00027291
-4.46323162,0.76773322,0.41138908,0.36797253,0.00123940,0.04116757,0.42601100,0.00030529
-4.45722861,0.81112680,0.42819748,0.39273651,0.00138201,0.04220770,0.44602945,0.00033990
-4.45122561,0.85412276,0.44407950,0.41768731,0.00153176,0.04311739,0.46539489,0.00037636
-4.44522261,0.89616971,0.45881723,0.44251684,0.00168691,0.04388033,0.48385394,0.00041422
-4.43921961,0.93671164,0.47221042,0.46690296,0.00184544,0.04448392,0.50116203,0.00045298
-4.43321661,0.97519097,0.48407633,0.49051236,0.00200514,0.04491909,0.51708380,0.00049210
-4.42721361,1.01105353,0.49424963,0.51300475,0.00216360,0.04517991,0.53139410,0.00053099
-4.42121061,1.04375571,0.50258266,0.53403850,0.00231828,0.04526328,0.54387963,0.00056901
-4.41520760,1.07277350,0.50894608,0.55327771,0.00246655,0.04516866,0.55434134,0.00060555
-4.40920460,1.09761351,0.51322997,0.57040024,0.00260579,0.04489771,0.56259757,0.00063996
-4.40320160,1.11782538,0.51534528,0.58510680,0.00273344,0.04445409,0.56848779,0.00067164
-4.39719860,1.13301515,0.51522570,0.59713039,0.00284710,0.04384325,0.57187679,0.00070001
-4.39119560,1.14285895,0.51282970,0.60624595,0.00294457,0.04307226,0.57265912,0.00072458
-4.38519260,1.14711635,0.50814268,0.61227953,0.00302396,0.04214971,0.57076357,0.00074490
-4.37918959,1.14564252,0.50117904,0.61511663,0.00308374,0.04108563,0.56615727,0.00076066
-4.37318659,1.13839848,0.49198387,0.61470918,0.00312283,0.03989146,0.55884923,0.00077161
-4.36718359,1.12545869,0.48063415,0.61108073,0.00314056,0.03858001,0.54889294,0.00077766
-4.36118059,1.10701535,0.46723919,0.60432946,0.00313681,0.03716542,0.53638778,0.00077883
-4.35517759,1.08337905,0.45194027,0.59462870,0.00311190,0.03566311,0.52147909,0.00077528
-4.34917459,1.05497525,0.43490919,0.58222494,0.00306670,0.03408966,0.50435668,0.00076728
-4.34317159,1.02233671,0.41634581,0.56743302,0.00300252,0.03246275,0.48525178,0.00075525
-4.33716858,0.98609182,0.39647456,0.55062887,0.00292108,0.03080088,0.46443246,0.00073967
-4.33116558,0.94694929,0.37553999,0.53223982,0.00282449,0.02912318,0.44219761,0.00072117
-4.32516258,0.90567961,0.35380145,0.51273284,0.00271514,0.02744910,0.41886972,0.00070041
-4.31915958,0.86309411,0.33152724,0.49260122,0.00259566,0.02579806,0.39478678,0.00067813
-4.31315658,0.82002229,0.30898827,0.47235017,0.00246879,0.02418904,0.37029355,0.00065509
-4.30715358,0.77728844,0.28645169,0.45248181,0.00233732,0.02264020,0.34573259,0.00063203
-4.30115058,0.73568850,0.26417460,0.43348033,0.00220401,0.02116845,0.32143549,0.00060972
-4.29514757,0.69596805,0.24239825,0.41579773,0.00207150,0.01978906,0.29771463,0.00058885
-4.28914457,0.65880229,0.22134282,0.39984082,0.00194221,0.01851525,0.27485574,0.00057005
-4.28314157,0.62477888,0.20120316,0.38595996,0.00181834,0.01735790,0.25311164,0.00055388
-4.27713857,0.59438428,0.18214540,0.37443995,0.00170175,0.01632528,0.23269738,0.00054079
-4.27113557,0.56799389,0.16430487,0.36549347,0.00159397,0.01542284,0.21378681,0.00053113
-4.26513257,0.54586662,0.14778496,0.35925725,0.00149615,0.01465318,0.19651078,0.00052513
-4.25912956,0.52814379,0.13265728,0.35579116,0.00140908,0.01401596,0.18095698,0.00052291
-4.25312656,0.51485230,0.11896277,0.35508023,0.00133315,0.01350807,0.16717118,0.00052446
-4.24712356,0.50591201,0.10671383,0.35703938,0.00126842,0.01312374,0.15515990,0.00052966
-4.24112056,0.50114676,0.09589712,0.36152080,0.00121461,0.01285490,0.14489429,0.00053832
-4.23511756,0.50029856,0.08647712,0.36832357,0.00117114,0.01269145,0.13631490,0.00055013
-4.22911456,0.50304422,0.07839998,0.37720508,0.00113721,0.01262169,0.12933720,0.00056473
-4.22311156,0.50901377,0.07159762,0.38789372,0.00111180,0.01263279,0.12385744,0.00058172
-4.21710855,0.51780962,0.06599185,0.40010237,0.00109376,0.01271127,0.11975874,0.00060066
-4.21110555,0.52902579,0.06149834,0.41354190,0.00108186,0.01284348,0.11691702,0.00062111
-4.20510255,0.54226622,0.05803026,0.42793420,0.00107482,0.01301610,0.11520654,0.00064264
-4.19909955,0.55716133,0.05550146,0.44302402,0.00107139,0.01321661,0.11450491,0.00066485
-4.19309655,0.57338203,0.05382912,0.45858901,0.00107037,0.01343367,0.11469725,0.00068739
-4.18709355,0.59065062,0.05293580,0.47444751,0.00107067,0.01365751,0.11567956,0.00070998
-4.18109055,0.60874795,0.05275080,0.49046363,0.00107131,0.01388021,0.11736095,0.00073239
-4.17508754,0.62751663,0.05321088,0.50654933,0.00107147,0.01409591,0.11966499,0.00075449
-4.16908454,0.64686002,0.05426039,0.52266336,0.00107051,0.01430090,0.12252990,0.00077620
-4.16308154,0.66673723,0.05585079,0.53880716,0.00106793,0.01449372,0.12590782,0.00079753
-4.15707854,0.68715437,0.05793971,0.55501783,0.00106342,0.01467505,0.12976322,0.00081853
-4.15107554,0.70815261,0.06048964,0.57135860,0.00105683,0.01484766,0.13407058,0.00083930
-4.14507254,0.72979376,0.06346637,0.58790744,0.00104815,0.01501617,0.13881157,0.00086000
-4.13906953,0.75214433,0.06683728,0.60474430,0.00103747,0.01518690,0.14397186,0.00088077
-4.13306653,0.77525905,0.07056969,0.62193800,0.00102502,0.01536752,0.14953789,0.00090175
-4.12706353,0.79916493,0.07462936,0.63953344,0.00101105,0.01556689,0.15549376,0.00092307
-4.12106053,0.82384700,0.07897928,0.65754007,0.00099590,0.01579470,0.16181852,0.00094481
-4.11505753,0.84923667,0.08357884,0.67592242,0.00097988,0.01606127,0.16848404,0.00096699
-4.10905453,0.87520371,0.08838353,0.69459339,0.00096334,0.01637730,0.17545360,0.00098957
-4.10305153,0.90155244,0.09334524,0.71341090,0.00094657,0.01675370,0.18268136,0.00101243
-4.09704852,0.92802260,0.09841308,0.73217820,0.00092983,0.01720142,0.19011288,0.00103539
-4.09104552,0.95429515,0.10353492,0.75064808,0.00091333,0.01773137,0.19768643,0.00105818
-4.08504252,0.98000275,0.10865942,0.76853083,0.00089721,0.01835430,0.20533537,0.00108048
-4.07903952,1.00474452,0.11373867,0.78550565,0.00088157,0.01908078,0.21299128,0.00110192
-4.07303652,1.02810442,0.11873114,0.80123493,0.00086646,0.01992111,0.22058768,0.00112209
-4.06703352,1.04967213,0.12360505,0.81538069,0.00085188,0.02088535,0.22806427,0.00114059
-4.06103052,1.06906548,0.12834176,0.82762225,0.00083783,0.02198317,0.23537132,0.00115702
-4.05502751,1.08595299,0.13293925,0.83767412,0.00082429,0.02322378,0.24247396,0.00117101
-4.04902451,1.10007526,0.13741535,0.84530307,0.00081123,0.02461582,0.24935623,0.00118225
-4.04302151,1.11126401,0.14181060,0.85034344,0.00079869,0.02616711,0.25602446,0.00119052
-4.03701851,1.11945753,0.14619064,0.85270965,0.00078671,0.02788451,0.26250992,0.00119568
-4.03101551,1.12471167,0.15064788,0.85240531,0.00077541,0.02977354,0.26887054,0.00119771
-4.02501251,1.12720564,0.15530242,0.84952812,0.00076498,0.03183819,0.27519149,0.00119666
-4.01900950,1.12724218,0.16030208,0.84427051,0.00075564,0.03408055,0.28158469,0.00119275
-4.01300650,1.12524210,0.16582146,0.83691569,0.00074771,0.03650056,0.28818715,0.00118626
-4.00700350,1.12173336,0.17206002,0.82782940,0.00074154,0.03909581,0.29515832,0.00117760
-4.00100050,1.11733515,0.17923923,0.81744771,0.00073756,0.04186135,0.30267635,0.00116723
-3.99499750,1.11273786,0.18759873,0.80626151,0.00073621,0.04478968,0.31093368,0.00115571
-3.98899450,1.10867980,0.19739156,0.79479848,0.00073792,0.04787083,0.32013190,0.00114361
-3.98299150,1.10592179,0.20887866,0.78360338,0.00074314,0.05109264,0.33047618,0.00113155
-3.97698849,1.10522092,0.22232263,0.77321768,0.00075226,0.05444110,0.34216942,0.00112013
-3.97098549,1.10730439,0.23798089,0.76415957,0.00076563,0.05790094,0.35540631,0.00110993
-3.96498249,1.11284483,0.25609839,0.75690509,0.00078348,0.06145630,0.37036743,0.00110148
-3.95897949,1.12243785,0.27690013,0.75187149,0.00080596,0.06509156,0.38721354,0.00109527
-3.95297649,1.13658284,0.30058342,0.74940325,0.00083308,0.06879215,0.40608012,0.00109170
-3.94697349,1.15566742,0.32731037,0.74976155,0.00086473,0.07254550,0.42707227,0.00109109
-3.94097049,1.17995617,0.35720049,0.75311734,0.00090063,0.07634188,0.45026004,0.00109366
-3.93496748,1.20958372,0.39032390,0.75954829,0.00094038,0.08017523,0.47567412,0.00109955
-3.92896448,1.24455226,0.42669515,0.76903958,0.00098344,0.08404377,0.50330216,0.00110883
-3.92296148,1.28473320,0.46626801,0.78148828,0.00102914,0.08795052,0.53308557,0.00112145
-3.91695848,1.32987279,0.50893134,0.79671090,0.00107671,0.09190354,0.56491693,0.00113733
-3.91095548,1.37960112,0.55450637,0.81445378,0.00112531,0.09591594,0.59863821,0.00115630
-3.90495248,1.43344398,0.60274553,0.83440550,0.00117405,0.10000563,0.63403977,0.00117816
-3.89894947,1.49083711,0.65333293,0.85621075,0.00122203,0.10419480,0.67086039,0.00120266
-3.89294647,1.55114192,0.70588680,0.87948492,0.00126838,0.10850914,0.70878847,0.00122952
-3.88694347,1.61366248,0.75996377,0.90382872,0.00131228,0.11297688,0.74746442,0.00125848
-3.88094047,1.67766268,0.81506512,0.92884211,0.00135301,0.11762755,0.78648461,0.00128925
-3.87493747,1.74238351,0.87064490,0.95413698,0.00138998,0.12249072,0.82540668,0.00132155
-3.86893447,1.80705942,0.92611980,0.97934797,0.00142272,0.12759452,0.86375651,0.00135511
-3.86293147,1.87093381,0.98088042,1.00414119,0.00145095,0.13296420,0.90103667,0.00138969
-3.85692846,1.93327281,1.03430385,1.02822036,0.00147457,0.13862069,0.93673620,0.00142505
-3.85092546,1.99337737,1.08576694,1.05133038,0.00149362,0.14457917,0.97034167,0.00146098
-3.84492246,2.05059326,1.13466001,1.07325824,0.00150833,0.15084774,1.00134904,0.00149726
-3.83891946,2.10431880,1.18040035,1.09383148,0.00151909,0.15742627,1.02927607,0.00153369
-3.83291646,2.15401045,1.22244519,1.11291439,0.00152639,0.16430533,1.05367478,0.00157008
-3.82691346,2.19918605,1.26030352,1.13040250,0.00153085,0.17146531,1.07414352,0.00160623
-3.82091046,2.23942603,1.29354636,1.14621558,0.00153313,0.17887579,1.09033802,0.00164191
-3.81490745,2.27437272,1.32181515,1.16028996,0.00153391,0.18649503,1.10198113,0.00167690
-3.80890445,2.30372811,1.34482795,1.17257064,0.00153387,0.19426982,1.10887067,0.00171092
-3.80290145,2.32725043,1.36238325,1.18300378,0.00153362,0.20213545,1.11088506,0.00174368
-3.79689845,2.34475003,1.37436140,1.19153017,0.00153367,0.21001609,1.10798651,0.00177486
-3.79089545,2.35608499,1.38072373,1.19808020,0.00153444,0.21782538,1.10022162,0.00180407
-3.78489245,2.36115701,1.38150947,1.20257072,0.00153618,0.22546744,1.08771938,0.00183093
-3.77888944,2.35990809,1.37683096,1.20490413,0.00153898,0.23283821,1.07068670,0.00185498
-3.77288644,2.35231833,1.36686736,1.20496980,0.00154275,0.23982713,1.04940183,0.00187578
-3.76688344,2.33840522,1.35185738,1.20264804,0.00154726,0.24631924,1.02420585,0.00189285
-3.76088044,2.31822479,1.33209147,1.19781619,0.00155211,0.25219766,0.99549293,0.00190571
-3.75487744,2.29187439,1.30790404,1.19035690,0.00155674,0.25734633,0.96369957,0.00191390
-3.74887444,2.25949736,1.27966584,1.18016786,0.00156051,0.26165313,0.92929365,0.00191699
-3.74287144,2.22128913,1.24777719,1.16717283,0.00156269,0.26501305,0.89276351,0.00191460
-3.73686843,2.17750442,1.21266196,1.15133297,0.00156250,0.26733163,0.85460770,0.00190642
-3.73086543,2.12846498,1.17476264,1.13265816,0.00155919,0.26852817,0.81532560,0.00189224
-3.72486243,2.07456730,1.13453639,1.11121741,0.00155201,0.26853892,0.77540935,0.00187195
-3.71885943,2.01628934,1.09245200,1.08714775,0.00154030,0.26731986,0.73533708,0.00184555
-3.71285643,1.95419576,1.04898752,1.06066102,0.00152351,0.26484904,0.69556756,0.00181322
-3.70685343,1.88894074,1.00462833,1.03204803,0.00150124,0.26112838,0.65653618,0.00177523
-3.70085043,1.82126770,0.95986522,1.00167951,0.00147322,0.25618460,0.61865213,0.00173205
-3.69484742,1.75200548,0.91519225,0.97000384,0.00143938,0.25006955,0.58229648,0.00168426
-3.68884442,1.68206039,0.87110394,0.93754116,0.00139982,0.24285956,0.54782095,0.00163261
-3.68284142,1.61240412,0.82809160,0.90487398,0.00135482,0.23465395,0.51554707,0.00157795
-3.67683842,1.54405732,0.78663856,0.87263450,0.00130484,0.22557275,0.48576541,0.00152127
-3.67083542,1.47806933,0.74721419,0.84148889,0.00125047,0.21575368,0.45873470,0.00146362
-3.66483242,1.41549430,0.71026679,0.81211910,0.00119247,0.20534845,0.43468062,0.00140612
-3.65882941,1.35736466,0.67621532,0.78520266,0.00113167,0.19451858,0.41379421,0.00134992
-3.65282641,1.30466263,0.64544049,0.76139136,0.00106901,0.18343098,0.39622979,0.00129613
-3.64682341,1.25829100,0.61827521,0.74128943,0.00100545,0.17225328,0.38210260,0.00124587
-3.64082041,1.21904427,0.59499520,0.72543212,0.00094199,0.16114935,0.37148618,0.00120015
-3.63481741,1.18758148,0.57580999,0.71426561,0.00087961,0.15027496,0.36440980,0.00115988
-3.62881441,1.16440191,0.56085489,0.70812897,0.00081928,0.13977391,0.36085619,0.00112583
-3.62281141,1.14982488,0.55018459,0.70723906,0.00076189,0.12977474,0.36075982,0.00109860
-3.61680840,1.14397472,0.54376868,0.71167909,0.00070827,0.12038802,0.36400610,0.00107864
-3.61080540,1.14677191,0.54148958,0.72139144,0.00065921,0.11170454,0.37043178,0.00106618
-3.60480240,1.15793097,0.54314322,0.73617524,0.00061538,0.10379410,0.37982669,0.00106124
-3.59879940,1.17696557,0.54844266,0.75568908,0.00057741,0.09670525,0.39193714,0.00106366
-3.59279640,1.20320107,0.55702460,0.77945886,0.00054587,0.09046570,0.40647090,0.00107308
-3.58679340,1.23579421,0.56845883,0.80689090,0.00052129,0.08508344,0.42310379,0.00108897
-3.58079040,1.27375953,0.58226028,0.83728984,0.00050416,0.08054845,0.44148785,0.00111063
-3.57478739,1.31600163,0.59790331,0.86988092,0.00049500,0.07683491,0.46126070,0.00113723
-3.56878439,1.36135220,0.61483770,0.90383596,0.00049436,0.07390375,0.48205586,0.00116787
-3.56278139,1.40861044,0.63250584,0.93830203,0.00050284,0.07170547,0.50351361,0.00120154
-3.55677839,1.45658528,0.65036028,0.97243187,0.00052111,0.07018300,0.52529194,0.00123725
-3.55077539,1.50413780,0.66788096,1.00541476,0.00054998,0.06927463,0.54707704,0.00127400
-3.54477239,1.55022193,0.68459155,1.03650664,0.00059033,0.06891676,0.56859290,0.00131083
-3.53876938,1.59392180,0.70007393,1.06505823,0.00064323,0.06904639,0.58960956,0.00134688
-3.53276638,1.63448421,0.71398048,1.09053982,0.00070983,0.06960343,0.60994947,0.00138141
-3.52676338,1.67134456,0.72604348,1.11256176,0.00079144,0.07053252,0.62949186,0.00141380
-3.52076038,1.70414539,0.73608140,1.13088954,0.00088944,0.07178456,0.64817465,0.00144362
-3.51475738,1.73274644,0.74400170,1.14545286,0.00100532,0.07331775,0.66599396,0.00147061
-3.50875438,1.75722597,0.74980028,1.15634810,0.00114057,0.07509832,0.68300116,0.00149470
-3.50275138,1.77787320,0.75355747,1.16383413,0.00129667,0.07710071,0.69929762,0.00151603
-3.49674837,1.79517219,0.75543110,1.16832145,0.00147499,0.07930755,0.71502738,0.00153490
-3.49074537,1.80977803,0.75564669,1.17035520,0.00167675,0.08170916,0.73036812,0.00155182
-3.48474237,1.82248612,0.75448558,1.17059268,0.00190293,0.08430286,0.74552083,0.00156744
-3.47873937,1.83419619,0.75227138,1.16977627,0.00215416,0.08709195,0.76069859,0.00158257
-3.47273637,1.84587229,0.74935542,1.16870301,0.00243069,0.09008456,0.77611509,0.00159812
-3.46673337,1.85850059,0.74610176,1.16819198,0.00273224,0.09329224,0.79197319,0.00161507
-3.46073037,1.87304665,0.74287244,1.16905089,0.00305800,0.09672860,0.80845404,0.00163446
-3.45472736,1.89041372,0.74001340,1.17204326,0.00340652,0.10040766,0.82570726,0.00165735
-3.44872436,1.91140368,0.73784165,1.17785733,0.00377572,0.10434236,0.84384229,0.00168473
-3.44272136,1.93668204,0.73663386,1.18707810,0.00416280,0.10854291,0.86292138,0.00171755
-3.43671836,1.96674806,0.73661695,1.20016333,0.00456434,0.11301531,0.88295420,0.00175664
-3.43071536,2.00191098,0.73796053,1.21742444,0.00497623,0.11775979,0.90389431,0.00180268
-3.42471236,2.04227303,0.74077153,1.23901290,0.00539384,0.12276951,0.92563753,0.00185616
-3.41870935,2.08771959,0.74509094,1.26491245,0.00581199,0.12802926,0.94802201,0.00191736
-3.41270635,2.13791673,0.75089265,1.29493740,0.00622518,0.13351446,0.97083016,0.00198633
-3.40670335,2.19231605,0.75808428,1.32873687,0.00662763,0.13919036,0.99379215,0.00206282
-3.40070035,2.25016655,0.76650994,1.36580476,0.00701349,0.14501149,1.01659106,0.00214634
-3.39469735,2.31053319,0.77595470,1.40549495,0.00737702,0.15092153,1.03886933,0.00223610
-3.38869435,2.37232134,0.78615075,1.44704126,0.00771271,0.15685345,1.06023655,0.00233103
-3.38269135,2.43430667,0.79678499,1.48958125,0.00801554,0.16273018,1.08027834,0.00242979
-3.37668834,2.49516942,0.80750791,1.53218319,0.00828106,0.16846565,1.09856622,0.00253082
-3.37068534,2.55353205,0.81794363,1.57387528,0.00850563,0.17396627,1.11466829,0.00263232
-3.36468234,2.60799946,0.82770075,1.61367599,0.00868650,0.17913289,1.12816041,0.00273234
-3.35867934,2.65720023,0.83638399,1.65062473,0.00882197,0.18386316,1.13863788,0.00282882
-3.35267634,2.69982797,0.84360611,1.68381169,0.00891142,0.18805417,1.14572710,0.00291962
-3.34667334,2.73468131,0.84900001,1.71240589,0.00895537,0.19160545,1.14909706,0.00300264
-3.34067034,2.76070126,0.85223048,1.73568063,0.00895551,0.19442202,1.14847031,0.00307581
-3.33466733,2.77700472,0.85300534,1.75303516,0.00891463,0.19641760,1.14363297,0.00313723
-3.32866433,2.78291273,0.85108560,1.76401224,0.00883660,0.19751757,1.13444346,0.00318520
-3.32266133,2.77797271,0.84629410,1.76831057,0.00872619,0.19766188,1.12083962,0.00321826
-3.31665833,2.76197340,0.83852248,1.76579188,0.00858903,0.19680741,1.10284380,0.00323529
-3.31065533,2.73495212,0.82773594,1.75648247,0.00843135,0.19492998,1.08056559,0.00323552
-3.30465233,2.69719394,0.81397577,1.74056896,0.00825987,0.19202566,1.05420220,0.00321854
-3.29864932,2.64922264,0.79735926,1.71838871,0.00808157,0.18811150,1.02403606,0.00318435
-3.29264632,2.59178384,0.77807718,1.69041525,0.00790351,0.18322543,0.99042982,0.00313337
-3.28664332,2.52582109,0.75638875,1.65723939,0.00773257,0.17742553,0.95381891,0.00306639
-3.28064032,2.45244582,0.73261430,1.61954698,0.00757533,0.17078859,0.91470164,0.00298456
-3.27463732,2.37290256,0.70712605,1.57809427,0.00743782,0.16340791,0.87362750,0.00288936
-3.26863432,2.28853099,0.68033734,1.53368209,0.00732538,0.15539076,0.83118388,0.00278254
-3.26263132,2.20072651,0.65269081,1.48713005,0.00724250,0.14685523,0.78798181,0.00266611
-3.25662831,2.11090117,0.62464612,1.43925189,0.00719274,0.13792690,0.74464141,0.00254219
-3.25062531,2.02044654,0.59666778,1.39083310,0.00717858,0.12873539,0.70177745,0.00241306
-3.24462231,1.93070029,0.56921364,1.34261185,0.00720143,0.11941086,0.65998580,0.00228100
-3.23861931,1.84291753,0.54272455,1.29526374,0.00726157,0.11008076,0.61983110,0.00214832
-3.23261631,1.75824818,0.51761562,1.24939109,0.00735819,0.10086683,0.58183635,0.00201725
-3.22661331,1.67772076,0.49426948,1.20551679,0.00748944,0.09188250,0.54647448,0.00188992
-3.22061031,1.60223291,0.47303164,1.16408266,0.00765249,0.08323086,0.51416236,0.00176832
-3.21460730,1.53254835,0.45420804,1.12545199,0.00784371,0.07500301,0.48525717,0.00165428
-3.20860430,1.46929972,0.43806482,1.08991556,0.00805872,0.06727713,0.46005508,0.00154945
-3.20260130,1.41299635,0.42483001,1.05770034,0.00829263,0.06011796,0.43879216,0.00145527
-3.19659830,1.36403570,0.41469685,1.02897989,0.00854018,0.05357688,0.42164704,0.00137300
-3.19059530,1.32271716,0.40782835,1.00388542,0.00879597,0.04769235,0.40874507,0.00130368
-3.18459230,1.28925666,0.40436268,0.98251644,0.00905459,0.04249077,0.40016347,0.00124817
-3.17858929,1.26380087,0.40441881,0.96495008,0.00931089,0.03798757,0.39593690,0.00120712
-3.17258629,1.24643955,0.40810190,0.95124822,0.00956009,0.03418852,0.39606320,0.00118098
-3.16658329,1.23721503,0.41550814,0.94146184,0.00979799,0.03109111,0.40050851,0.00117004
-3.16058029,1.23612823,0.42672843,0.93563226,0.01002109,0.02868593,0.40921185,0.00117437
-3.15457729,1.24314066,0.44185072,0.93378909,0.01022670,0.02695795,0.42208840,0.00119386
-3.14857429,1.25817241,0.46096085,0.93594512,0.01041305,0.02588777,0.43903176,0.00122820
-3.14257129,1.28109653,0.48414165,0.94208866,0.01057929,0.02545257,0.45991483,0.00127688
-3.13656828,1.31173037,0.51147046,0.95217378,0.01072554,0.02562695,0.48458950,0.00133917
-3.13056528,1.34982488,0.54301512,0.96610962,0.01085283,0.02638353,0.51288534,0.00141410
-3.12456228,1.39505297,0.57882869,0.98374936,0.01096308,0.02769336,0.54460756,0.00150052
-3.11855928,1.44699818,0.61894329,1.00488016,0.01105897,0.02952615,0.57953448,0.00159702
-3.11255628,1.50514495,0.66336318,1.02921492,0.01114383,0.03185031,0.61741505,0.00170197
-3.10655328,1.56887167,0.71205774,1.05638669,0.01122153,0.03463294,0.65796663,0.00181354
-3.10055028,1.63744741,0.76495452,1.08594662,0.01129632,0.03783966,0.70087350,0.00192971
-3.09454727,1.71003337,0.82193281,1.11736573,0.01137261,0.04143444,0.74578632,0.00204828
-3.08854427,1.78568912,0.88281802,1.15004102,0.01145491,0.04537945,0.79232290,0.00216696
-3.08254127,1.86338417,0.94737709,1.18330567,0.01154756,0.04963489,0.84007017,0.00228333
-3.07653827,1.94201428,1.01531516,1.21644317,0.01165466,0.05415888,0.88858764,0.00239499
-3.07053527,2.02042216,1.08627357,1.24870483,0.01177988,0.05890749,0.93741211,0.00249954
-3.06453227,2.09742168,1.15982927,1.27932985,0.01192636,0.06383479,0.98606347,0.00259468
-3.05852926,2.17182440,1.23549577,1.30756707,0.01209656,0.06889307,1.03405142,0.00267826
-3.05252626,2.24246735,1.31272540,1.33269733,0.01229220,0.07403308,1.08088276,0.00274837
-3.04652326,2.30824066,1.39091320,1.35405536,0.01251419,0.07920452,1.12606901,0.00280335
-3.04052026,2.36811386,1.46940216,1.37105015,0.01276256,0.08435653,1.16913390,0.00284185
-3.03451726,2.42115972,1.54749012,1.38318292,0.01303641,0.08943832,1.20962071,0.00286292
-3.02851426,2.46657473,1.62443820,1.39006170,0.01333394,0.09439998,1.24709904,0.00286597
-3.02251126,2.50369559,1.69948112,1.39141227,0.01365242,0.09919332,1.28117103,0.00285084
-3.01650825,2.53201129,1.77183927,1.38708474,0.01398826,0.10377288,1.31147690,0.00281777
-3.01050525,2.55117087,1.84073301,1.37705601,0.01433701,0.10809702,1.33769999,0.00276740
-3.00450225,2.56098693,1.90539893,1.36142801,0.01469351,0.11212922,1.35957117,0.00270077
-2.99849925,2.56143553,1.96510848,1.34042222,0.01505197,0.11583933,1.37687310,0.00261925
-2.99249625,2.55265309,2.01918855,1.31437110,0.01540609,0.11920510,1.38944420,0.00252451
-2.98649325,2.53493100,2.06704408,1.28370688,0.01574927,0.12221368,1.39718269,0.00241848
-2.98049025,2.50870888,2.10818202,1.24894883,0.01607476,0.12486319,1.40005077,0.00230328
-2.97448724,2.47456707,2.14223629,1.21068943,0.01637591,0.12716439,1.39807893,0.00218118
-2.96848424,2.43321918,2.16899279,1.16958057,0.01664640,0.12914223,1.39137040,0.00205450
-2.96248124,2.38550487,2.18841350,1.12632014,0.01688044,0.13083734,1.38010554,0.00192561
-2.95647824,2.33238330,2.20065868,1.08163975,0.01707310,0.13230740,1.36454592,0.00179684
-2.95047524,2.27492706,2.20610577,1.03629387,0.01722043,0.13362821,1.34503783,0.00167042
-2.94447224,2.21431646,2.20536381,0.99105062,0.01731980,0.13489448,1.32201457,0.00154851
-2.93846923,2.15183364,2.19928218,0.94668423,0.01736996,0.13622017,1.29599733,0.00143310
-2.93246623,2.08885584,2.18895256,0.90396910,0.01737124,0.13773840,1.26759406,0.00132601
-2.92646323,2.02684739,2.17570305,0.86367513,0.01732561,0.13960073,1.23749581,0.00122890
-2.92046023,1.96734940,2.16108409,0.82656403,0.01723669,0.14197586,1.20647045,0.00114325
-2.91445723,1.91196682,2.14684547,0.79338610,0.01710967,0.14504761,1.17535336,0.00107033
-2.90845423,1.86235208,2.13490485,0.76487709,0.01695120,0.14901224,1.14503496,0.00101125
-2.90245123,1.82018520,2.12730791,0.74175476,0.01676916,0.15407506,1.11644538,0.00096695
-2.89644822,1.78715001,2.12618105,0.72471457,0.01657240,0.16044636,1.09053630,0.00093820
-2.89044522,1.76490679,2.13367776,0.71442434,0.01637044,0.16833670,1.06826041,0.00092562
-2.88444222,1.75506153,2.15192010,0.71151766,0.01617304,0.17795167,1.05054912,0.00092970
-2.87843922,1.75913237,2.18293697,0.71658578,0.01598987,0.18948616,1.03828911,0.00095078
-2.87243622,1.77851415,2.22860108,0.73016820,0.01583006,0.20311835,1.03229846,0.00098910
-2.86643322,1.81444181,2.29056646,0.75274195,0.01570182,0.21900350,1.03330314,0.00104475
-2.86043022,1.86795382,2.37020869,0.78470973,0.01561212,0.23726765,1.04191480,0.00111771
-2.85442721,1.93985671,2.46856962,0.82638746,0.01556631,0.25800157,1.05861039,0.00120784
-2.84842421,2.03069205,2.58630839,0.87799140,0.01556793,0.28125499,1.08371458,0.00131485
-2.84242121,2.14070673,2.72366050,0.93962547,0.01561852,0.30703136,1.11738533,0.00143833
-2.83641821,2.26982801,2.88040622,1.01126926,0.01571754,0.33528333,1.15960344,0.00157770
-2.83041521,2.41764415,3.05584957,1.09276725,0.01586238,0.36590917,1.21016611,0.00173225
-2.82441221,2.58339170,3.24880873,1.18381987,0.01604846,0.39875027,1.26868512,0.00190109
-2.81840920,2.76595010,3.45761856,1.28397694,0.01626938,0.43358988,1.33458946,0.00208315
-2.81240620,2.96384452,3.68014548,1.39263397,0.01651724,0.47015333,1.40713265,0.00227720
-2.80640320,3.17525708,3.91381488,1.50903187,0.01678289,0.50810973,1.48540450,0.00248182
-2.80040020,3.39804706,4.15565065,1.63226049,0.01705636,0.54707530,1.56834716,0.00269542
-2.79439720,3.62977989,4.40232657,1.76126614,0.01732721,0.58661843,1.65477503,0.00291627
-2.78839420,3.86776494,4.65022840,1.89486347,0.01758495,0.62626626,1.74339830,0.00314244
-2.78239120,4.10910155,4.89552589,2.03175163,0.01781945,0.66551300,1.83284934,0.00337193
-2.77638819,4.35073250,5.13425294,2.17053450,0.01802129,0.70382956,1.92171162,0.00360258
-2.77038519,4.58950397,5.36239454,2.30974487,0.01818209,0.74067459,2.00855022,0.00383220
-2.76438219,4.82223060,5.57597806,2.44787189,0.01829482,0.77550635,2.09194339,0.00405853
-2.75837919,5.04576385,5.77116690,2.58339116,0.01835394,0.80779535,2.17051418,0.00427931
-2.75237619,5.25706201,5.94435379,2.71479664,0.01835561,0.83703726,2.24296137,0.00449235
-2.74637319,5.45325943,6.09225104,2.84063323,0.01829769,0.86276565,2.30808885,0.00469549
-2.74037019,5.63173289,6.21197497,2.95952915,0.01817978,0.88456418,2.36483243,0.00488675
-2.73436718,5.79016277,6.30112166,3.07022663,0.01800309,0.90207770,2.41228336,0.00506426
-2.72836418,5.92658670,6.35783141,3.17160998,0.01777034,0.91502196,2.44970778,0.00522640
-2.72236118,6.03944365,6.38083940,3.26272970,0.01748554,0.92319136,2.47656133,0.00537175
-2.71635818,6.12760673,6.36951056,3.34282181,0.01715376,0.92646452,2.49249856,0.00549918
-2.71035518,6.19040318,6.32385708,3.41132137,0.01678088,0.92480744,2.49737671,0.00560784
-2.70435218,6.22762083,6.24453766,3.46786969,0.01637331,0.91827400,2.49125373,0.00569718
-2.69834917,6.23950065,6.13283825,3.51231496,0.01593771,0.90700380,2.47438077,0.00576695
-2.69234617,6.22671563,5.99063483,3.54470612,0.01548072,0.89121751,2.44718934,0.00581724
-2.68634317,6.19033710,5.82033936,3.56528044,0.01500875,0.87120977,2.41027377,0.00584839
-2.68034017,6.13178974,5.62483105,3.57444534,0.01452779,0.84734012,2.36436976,0.00586105
-2.67433717,6.05279759,5.40737542,3.57275541,0.01404320,0.82002214,2.31032991,0.00585612
-2.66833417,5.95532321,5.17153428,3.56088569,0.01355963,0.78971151,2.24909725,0.00583472
-2.66233117,5.84150291,4.92107006,3.53960264,0.01308098,0.75689331,2.18167784,0.00579818
-2.65632816,5.71358072,4.65984819,3.50973415,0.01261036,0.72206914,2.10911364,0.00574795
-2.65032516,5.57384406,4.39174110,3.47214008,0.01215014,0.68574464,2.03245646,0.00568563
-2.64432216,5.42456351,4.12053731,3.42768467,0.01170205,0.64841776,1.95274409,0.00561288
-2.63831916,5.26793922,3.84985858,3.37721216,0.01126726,0.61056827,1.87097920,0.00553139
-2.63231616,5.10605552,3.58308785,3.32152666,0.01084659,0.57264881,1.78811158,0.00544286
-2.62631316,4.94084535,3.32330978,3.26137688,0.01044063,0.53507765,1.70502401,0.00534896
-2.62031016,4.77406497,3.07326517,3.19744654,0.01004994,0.49823340,1.62252194,0.00525128
-2.61430715,4.60727930,2.83531988,3.13035024,0.00967525,0.46245150,1.54132673,0.00515134
-2.60830415,4.44185731,2.61144797,3.06063491,0.00931756,0.42802262,1.46207234,0.00505054
-2.60230115,4.27897671,2.40322842,2.98878613,0.00897838,0.39519263,1.38530490,0.00495014
-2.59629815,4.11963635,2.21185396,2.91523874,0.00865974,0.36416401,1.31148474,0.00485129
-2.59029515,3.96467487,2.03815035,2.84039051,0.00836435,0.33509841,1.24099028,0.00475495
-2.58429215,3.81479353,1.88260392,2.76461794,0.00809557,0.30811995,1.17412323,0.00466196
-2.57828914,3.67058133,1.74539515,2.68829268,0.00785743,0.28331918,1.11111458,0.00457300
-2.57228614,3.53254039,1.62643611,2.61179745,0.00765455,0.26075712,1.05213081,0.00448860
-2.56628314,3.40110985,1.52540931,2.53554005,0.00749198,0.24046927,0.99728011,0.00440914
-2.56028014,3.27668650,1.44180621,2.45996442,0.00737513,0.22246938,0.94661816,0.00433488
-2.55427714,3.15964104,1.37496342,2.38555773,0.00730946,0.20675265,0.90015335,0.00426595
-2.54827414,3.05032885,1.32409530,2.31285280,0.00730033,0.19329836,0.85785138,0.00420236
-2.54227114,2.94909468,1.28832194,2.24242533,0.00735268,0.18207180,0.81963916,0.00414404
-2.53626813,2.85627119,1.26669184,2.17488585,0.00747077,0.17302545,0.78540805,0.00409081
-2.53026513,2.77217140,1.25819913,2.11086656,0.00765791,0.16609954,0.75501668,0.00404242
-2.52426213,2.69707573,1.26179534,2.05100337,0.00791619,0.16122197,0.72829327,0.00399857
-2.51825913,2.63121441,1.27639648,1.99591417,0.00824622,0.15830771,0.70503771,0.00395888
-2.51225613,2.57474663,1.30088581,1.94617407,0.00864693,0.15725791,0.68502360,0.00392293
-2.50625313,2.52773759,1.33411374,1.90228901,0.00911542,0.15795887,0.66800018,0.00389026
-2.50025013,2.49013531,1.37489565,1.86466905,0.00964681,0.16028093,0.65369449,0.00386036
-2.49424712,2.46174847,1.42200911,1.83360278,0.01023427,0.16407762,0.64181370,0.00383268
-2.48824412,2.44222728,1.47419160,1.80923438,0.01086899,0.16918521,0.63204776,0.00380663
-2.48224112,2.43104861,1.53014009,1.79154464,0.01154033,0.17542274,0.62407243,0.00378158
-2.47623812,2.42750690,1.58851323,1.78033721,0.01223603,0.18259271,0.61755272,0.00375686
-2.47023512,2.43071193,1.64793737,1.77523117,0.01294240,0.19048259,0.61214675,0.00373177
-2.46423212,2.43959422,1.70701654,1.77566060,0.01364474,0.19886705,0.60751005,0.00370556
-2.45822911,2.45291844,1.76434704,1.78088159,0.01432767,0.20751106,0.60330032,0.00367744
-2.45222611,2.46930496,1.81853624,1.78998684,0.01497560,0.21617377,0.59918250,0.00364661
-2.44622311,2.48725897,1.86822544,1.80192738,0.01557316,0.22461302,0.59483417,0.00361224
-2.44022011,2.50520643,1.91211585,1.81554092,0.01610573,0.23259041,0.58995111,0.00357352
-2.43421711,2.52153549,1.94899676,1.82958573,0.01655983,0.23987674,0.58425294,0.00352965
-2.42821411,2.53464201,1.97777470,1.84277874,0.01692364,0.24625753,0.57748859,0.00347988
-2.42221111,2.54297707,1.99750206,1.85383626,0.01718732,0.25153852,0.56944151,0.00342351
-2.41620810,2.54509461,2.00740375,1.86151586,0.01734338,0.25555075,0.55993428,0.00335997
-2.41020510,2.53969714,2.00690045,1.86465724,0.01738694,0.25815512,0.54883256,0.00328877
-2.40420210,2.52567730,1.99562714,1.86222078,0.01731583,0.25924608,0.53604808,0.00320959
-2.39819910,2.50215366,1.97344563,1.85332177,0.01713073,0.25875441,0.52154047,0.00312227
-2.39219610,2.46849887,1.94045040,1.83725909,0.01683509,0.25664878,0.50531788,0.00302683
-2.38619310,2.42435909,1.89696713,1.81353714,0.01643502,0.25293613,0.48743628,0.00292350
-2.38019010,2.36966385,1.84354372,1.78188015,0.01593905,0.24766080,0.46799731,0.00281269
-2.37418709,2.30462590,1.78093419,1.74223834,0.01535789,0.24090241,0.44714484,0.00269504
-2.36818409,2.22973126,1.71007595,1.69478604,0.01470401,0.23277264,0.42506033,0.00257136
-2.36218109,2.14571998,1.63206133,1.63991190,0.01399127,0.22341096,0.40195703,0.00244263
-2.35617809,2.05355878,1.54810476,1.57820187,0.01323449,0.21297969,0.37807342,0.00231002
-2.35017509,1.95440674,1.45950687,1.51041597,0.01244896,0.20165833,0.35366601,0.00217480
-2.34417209,1.84957592,1.36761699,1.43746008,0.01165006,0.18963769,0.32900189,0.00203835
-2.33816908,1.74048856,1.27379585,1.36035397,0.01085277,0.17711390,0.30435126,0.00190210
-2.33216608,1.62863282,1.17937959,1.28019726,0.01007137,0.16428262,0.27998029,0.00176753
-2.32616308,1.51551895,1.08564680,1.19813463,0.00931902,0.15133359,0.25614449,0.00163610
-2.32016008,1.40263751,0.99378941,1.11532177,0.00860755,0.13844582,0.23308299,0.00150924
-2.31415708,1.29142127,0.90488845,1.03289337,0.00794718,0.12578353,0.21101363,0.00138831
-2.30815408,1.18321178,0.81989528,0.95193415,0.00734642,0.11349288,0.19012925,0.00127455
-2.30215108,1.07923181,0.73961849,0.87345397,0.00681194,0.10169963,0.17059509,0.00116913
-2.29614807,0.98056388,0.66471649,0.79836742,0.00634857,0.09050775,0.15254722,0.00107303
-2.29014507,0.88813530,0.59569558,0.72747842,0.00595930,0.07999883,0.13609213,0.00098712
-2.28414207,0.80270950,0.53291302,0.66146977,0.00564538,0.07023239,0.12130715,0.00091211
-2.27813907,0.72488328,0.47658429,0.60089767,0.00540640,0.06124683,0.10824167,0.00084852
-2.27213607,0.65508931,0.42679405,0.54619068,0.00524052,0.05306100,0.09691897,0.00079675
-2.26613307,0.59360321,0.38350968,0.49765283,0.00514461,0.04567624,0.08733843,0.00075701
-2.26013007,0.54055411,0.34659677,0.45547007,0.00511444,0.03907866,0.07947794,0.00072937
-2.25412706,0.49593802,0.31583554,0.41971950,0.00514500,0.03324172,0.07329634,0.00071374
-2.24812406,0.45963281,0.29093768,0.39038059,0.00523066,0.02812877,0.06873588,0.00070991
-2.24212106,0.43141426,0.27156268,0.36734780,0.00536544,0.02369553,0.06572432,0.00071751
-2.23611806,0.41097217,0.25733341,0.35044377,0.00554328,0.01989255,0.06417686,0.00073605
-2.23011506,0.39792609,0.24785016,0.33943268,0.00575823,0.01666729,0.06399777,0.00076492
-2.22411206,0.39184009,0.24270325,0.33403321,0.00600473,0.01396605,0.06508170,0.00080340
-2.21810905,0.39223640,0.24148359,0.33393059,0.00627774,0.01173558,0.06731475,0.00085067
-2.21210605,0.39860752,0.24379151,0.33878764,0.00657295,0.00992435,0.07057539,0.00090579
-2.20610305,0.41042691,0.24924349,0.34825444,0.00688693,0.00848359,0.07473528,0.00096776
-2.20010005,0.42715816,0.25747712,0.36197651,0.00721715,0.00736797,0.07966009,0.00103549
-2.19409705,0.44826280,0.26815427,0.37960153,0.00756212,0.00653608,0.08521047,0.00110783
-2.18809405,0.47320689,0.28096274,0.40078451,0.00792130,0.00595067,0.09124311,0.00118359
-2.18209105,0.50146648,0.29561641,0.42519143,0.00829512,0.00557869,0.09761221,0.00126156
-2.17608804,0.53253216,0.31185440,0.45250165,0.00868480,0.00539123,0.10417109,0.00134051
-2.17008504,0.56591285,0.32943919,0.48240888,0.00909226,0.00536327,0.11077417,0.00141925
-2.16408204,0.60113893,0.34815414,0.51462121,0.00951987,0.00547346,0.11727928,0.00149662
-2.15807904,0.63776474,0.36780060,0.54886005,0.00997027,0.00570375,0.12355005,0.00157152
-2.15207604,0.67537071,0.38819489,0.58485843,0.01044608,0.00603911,0.12945858,0.00164298
-2.14607304,0.71356500,0.40916540,0.62235868,0.01094967,0.00646716,0.13488806,0.00171011
-2.14007004,0.75198482,0.43055016,0.66110998,0.01148289,0.00697795,0.13973533,0.00177219
-2.13406703,0.79029742,0.45219501,0.70086570,0.01204690,0.00756366,0.14391316,0.00182866
-2.12806403,0.82820092,0.47395266,0.74138119,0.01264193,0.00821847,0.14735230,0.00187911
-2.12206103,0.86542500,0.49568290,0.78241208,0.01326722,0.00893841,0.15000297,0.00192334
-2.11605803,0.90173159,0.51725399,0.82371346,0.01392095,0.00972132,0.15183584,0.00196133
-2.11005503,0.93691577,0.53854549,0.86504022,0.01460028,0.01056685,0.15284247,0.00199324
-2.10405203,0.97080693,0.55945231,0.90614887,0.01530153,0.01147656,0.15303499,0.00201944
-2.09804902,1.00327041,0.57989024,0.94680088,0.01602034,0.01245399,0.15244531,0.00204042
-2.09204602,1.03420972,0.59980246,0.98676775,0.01675203,0.01350485,0.15112362,0.00205685
-2.08604302,1.06356935,0.61916700,1.02583781,0.01749196,0.01463713,0.14913652,0.00206953
-2.08004002,1.09133833,0.63800475,1.06382455,0.01823601,0.01586132,0.14656463,0.00207935
-2.07403702,1.11755426,0.65638741,1.10057628,0.01898101,0.01719045,0.14350002,0.00208728
-2.06803402,1.14230774,0.67444509,1.13598662,0.01972528,0.01864027,0.14004344,0.00209435
-2.06203102,1.16574687,0.69237274,1.17000540,0.02046906,0.02022914,0.13630156,0.00210161
-2.05602801,1.18808143,0.71043494,1.20264915,0.02121497,0.02197801,0.13238430,0.00211011
-2.05002501,1.20958617,0.72896829,1.23401049,0.02196830,0.02391019,0.12840239,0.00212087
-2.04402201,1.23060271,0.74838105,1.26426554,0.02273723,0.02605095,0.12446517,0.00213490
-2.03801901,1.25153942,0.76914921,1.29367865,0.02353296,0.02842706,0.12067878,0.00215313
-2.03201601,1.27286871,0.79180897,1.32260338,0.02436953,0.03106612,0.11714467,0.00217641
-2.02601301,1.29512115,0.81694517,1.35147942,0.02526362,0.03399572,0.11395852,0.00220553
-2.02001001,1.31887605,0.84517578,1.38082459,0.02623411,0.03724255,0.11120937,0.00224116
-2.01400700,1.34474827,0.87713259,1.41122193,0.02730140,0.04083126,0.10897917,0.00228390
-2.00800400,1.37337116,0.91343864,1.44330158,0.02848665,0.04478329,0.10734243,0.00233422
-2.00200100,1.40537596,0.95468292,1.47771805,0.02981087,0.04911571,0.10636608,0.00239247
-1.99599800,1.44136798,1.00139337,1.51512313,0.03129389,0.05383987,0.10610944,0.00245890
-1.98999500,1.48190054,1.05400906,1.55613570,0.03295323,0.05896029,0.10662421,0.00253360
-1.98399200,1.52744746,1.11285310,1.60130936,0.03480306,0.06447348,0.10795448,0.00261656
-1.97798899,1.57837549,1.17810719,1.65109949,0.03685309,0.07036702,0.11013684,0.00270761
-1.97198599,1.63491808,1.24978959,1.70583139,0.03910765,0.07661881,0.11320049,0.00280645
-1.96598299,1.69715181,1.32773747,1.76567104,0.04156485,0.08319657,0.11716739,0.00291263
-1.95997999,1.76497726,1.41159508,1.83060038,0.04421602,0.09005771,0.12205263,0.00302556
-1.95397699,1.83810539,1.50080862,1.90039868,0.04704530,0.09714948,0.12786494,0.00314453
-1.94797399,1.91605102,1.59462860,1.97463130,0.05002964,0.10440958,0.13460746,0.00326869
-1.94197099,1.99813394,1.69212004,2.05264716,0.05313894,0.11176707,0.14227882,0.00339709
-1.93596798,2.08348856,1.79218061,2.13358531,0.05633665,0.11914377,0.15087449,0.00352869
-1.92996498,2.17108201,1.89356630,2.21639124,0.05958056,0.12645590,0.16038845,0.00366239
-1.92396198,2.25974050,1.99492383,2.29984228,0.06282391,0.13361611,0.17081513,0.00379706
-1.91795898,2.34818302,2.09482864,2.38258169,0.06601670,0.14053576,0.18215142,0.00393158
-1.91195598,2.43506123,2.19182695,2.46315992,0.06910724,0.14712731,0.19439879,0.00406486
-1.90595298,2.51900368,2.28448003,2.54008152,0.07204371,0.15330687,0.20756512,0.00419587
-1.89994997,2.59866261,2.37140887,2.61185557,0.07477581,0.15899664,0.22166634,0.00432371
-1.89394697,2.67276086,2.45133694,2.67704741,0.07725640,0.16412729,0.23672726,0.00444760
-1.88794397,2.74013676,2.52312926,2.73432919,0.07944298,0.16864008,0.25278185,0.00456693
-1.88194097,2.79978468,2.58582582,2.78252696,0.08129899,0.17248867,0.26987232,0.00468124
-1.87593797,2.85088911,2.63866776,2.82066188,0.08279487,0.17564052,0.28804724,0.00479028
-1.86993497,2.89285074,2.68111522,2.84798393,0.08390884,0.17807780,0.30735832,0.00489394
-1.86393197,2.92530300,2.71285603,2.86399621,0.08462733,0.17979783,0.32785611,0.00499228
-1.85792896,2.94811849,2.73380513,2.86846918,0.08494513,0.18081296,0.34958445,0.00508549
-1.85192596,2.96140508,2.74409496,2.86144416,0.08486511,0.18115003,0.37257410,0.00517384
-1.84592296,2.96549209,2.74405776,2.84322623,0.08439778,0.18084926,0.39683566,0.00525764
-1.83991996,2.96090762,2.73420096,2.81436733,0.08356044,0.17996287,0.42235227,0.00533721
-1.83391696,2.94834847,2.71517749,2.77564067,0.08237626,0.17855332,0.44907248,0.00541280
-1.82791396,2.92864465,2.68775278,2.72800813,0.08087307,0.17669145,0.47690380,0.00548456
-1.82191096,2.90272070,2.65277073,2.67258246,0.07908223,0.17445442,0.50570746,0.00555248
-1.81590795,2.87155598,2.61112048,2.61058657,0.07703737,0.17192388,0.53529477,0.00561637
-1.80990495,2.83614639,2.56370606,2.54331185,0.07477324,0.16918411,0.56542574,0.00567582
-1.80390195,2.79746953,2.51142049,2.47207776,0.07232468,0.16632048,0.59580996,0.00573021
-1.79789895,2.75645492,2.45512556,2.39819421,0.06972574,0.16341828,0.62611026,0.00577870
-1.79189595,2.71396087,2.39563804,2.32292853,0.06700894,0.16056174,0.65594898,0.00582024
-1.78589295,2.67075839,2.33372261,2.24747776,0.06420482,0.15783352,0.68491693,0.00585365
-1.77988994,2.62752268,2.27009131,2.17294708,0.06134161,0.15531453,0.71258456,0.00587764
-1.77388694,2.58483162,2.20540868,2.10033453,0.05844515,0.15308387,0.73851502,0.00589088
-1.76788394,2.54317061,2.14030149,2.03052156,0.05553891,0.15121914,0.76227854,0.00589210
-1.76188094,2.50294224,2.07537168,1.96426905,0.05264420,0.14979666,0.78346732,0.00588011
-1.75587794,2.46447952,2.01121074,1.90221766,0.04978043,0.14889178,0.80171024,0.00585396
-1.74987494,2.42806074,1.94841391,1.84489162,0.04696541,0.14857892,0.81668667,0.00581292
-1.74387194,2.39392426,1.88759246,1.79270466,0.04421569,0.14893144,0.82813851,0.00575662
-1.73786893,2.36228173,1.82938276,1.74596705,0.04154684,0.15002107,0.83587985,0.00568502
-1.73186593,2.33332827,1.77445071,1.70489277,0.03897366,0.15191696,0.83980374,0.00559852
-1.72586293,2.30724875,1.72349104,1.66960606,0.03651037,0.15468432,0.83988571,0.00549791
-1.71985993,2.28421949,1.67722087,1.64014674,0.03417062,0.15838254,0.83618379,0.00538437
-1.71385693,2.26440545,1.63636776,1.61647425,0.03196747,0.16306296,0.82883517,0.00525945
-1.70785393,2.24795322,1.60165280,1.59847041,0.02991329,0.16876638,0.81804964,0.00512501
-1.70185093,2.23498063,1.57376951,1.58594110,0.02801953,0.17552036,0.80410030,0.00498318
-1.69584792,2.22556412,1.55335999,1.57861768,0.02629648,0.18333652,0.78731202,0.00483622
-1.68984492,2.21972521,1.54098961,1.57615855,0.02475301,0.19220805,0.76804838,0.00468650
-1.68384192,2.21741771,1.53712202,1.57815173,0.02339625,0.20210748,0.74669794,0.00453636
-1.67783892,2.21851695,1.54209591,1.58411909,0.02223137,0.21298512,0.72366032,0.00438808
-1.67183592,2.22281249,1.55610519,1.59352289,0.02126136,0.22476807,0.69933311,0.00424374
-1.66583292,2.23000530,1.57918377,1.60577498,0.02048683,0.23736013,0.67410007,0.00410519
-1.65982991,2.23971027,1.61119608,1.62024889,0.01990598,0.25064264,0.64832115,0.00397398
-1.65382691,2.25146424,1.65183388,1.63629478,0.01951458,0.26447621,0.62232478,0.00385134
-1.64782391,2.26473945,1.70061972,1.65325676,0.01930601,0.27870349,0.59640251,0.00373814
-1.64182091,2.27896204,1.75691687,1.67049228,0.01927149,0.29315274,0.57080615,0.00363492
-1.63581791,2.29353439,1.81994523,1.68739242,0.01940026,0.30764222,0.54574721,0.00354188
-1.62981491,2.30786034,1.88880226,1.70340251,0.01967987,0.32198513,0.52139840,0.00345893
-1.62381191,2.32137161,1.96248791,1.71804162,0.02009651,0.33599486,0.49789693,0.00338572
-1.61780890,2.33355387,2.03993208,1.73092015,0.02063539,0.34949050,0.47534896,0.00332174
-1.61180590,2.34397097,2.12002324,1.74175435,0.02128105,0.36230204,0.45383495,0.00326632
-1.60580290,2.35228565,2.20163668,1.75037684,0.02201775,0.37427534,0.43341535,0.00321874
-1.59979990,2.35827556,2.28366114,1.75674246,0.02282977,0.38527638,0.41413617,0.00317829
-1.59379690,2.36184356,2.36502255,1.76092904,0.02370174,0.39519474,0.39603414,0.00314429
-1.58779390,2.36302167,2.44470409,1.76313276,0.02461888,0.40394607,0.37914104,0.00311616
-1.58179090,2.36196842,2.52176191,1.76365824,0.02556720,0.41147349,0.36348724,0.00309348
-1.57578789,2.35895959,2.59533636,1.76290378,0.02653370,0.41774792,0.34910399,0.00307598
-1.56978489,2.35437320,2.66465862,1.76134225,0.02750651,0.42276721,0.33602484,0.00306355
-1.56378189,2.34866919,2.72905340,1.75949854,0.02847493,0.42655438,0.32428592,0.00305624
-1.55777889,2.34236513,2.78793807,1.75792450,0.02942958,0.42915484,0.31392543,0.00305429
-1.55177589,2.33600926,2.84081926,1.75717247,0.03036237,0.43063306,0.30498243,0.00305801
-1.54577289,2.33015212,2.88728759,1.75776866,0.03126662,0.43106858,0.29749505,0.00306784
-1.53976988,2.32531826,2.92701170,1.76018729,0.03213702,0.43055181,0.29149852,0.00308422
-1.53376688,2.32197939,2.95973221,1.76482672,0.03296969,0.42917979,0.28702293,0.00310763
-1.52776388,2.32053013,2.98525636,1.77198850,0.03376217,0.42705198,0.28409116,0.00313844
-1.52176088,2.32126741,3.00345382,1.78186012,0.03451349,0.42426649,0.28271687,0.00317695
-1.51575788,2.32437432,3.01425386,1.79450208,0.03522411,0.42091667,0.28290278,0.00322328
-1.50975488,2.32990897,3.01764396,1.80983986,0.03589593,0.41708835,0.28463925,0.00327737
-1.50375188,2.33779866,3.01366966,1.82766090,0.03653221,0.41285769,0.28790308,0.00333892
-1.49774887,2.34783938,3.00243514,1.84761688,0.03713754,0.40828969,0.29265669,0.00340738
-1.49174587,2.35970070,2.98410420,1.86923109,0.03771761,0.40343738,0.29884745,0.00348194
-1.48574287,2.37293539,2.95890102,1.89191072,0.03827912,0.39834163,0.30640727,0.00356150
-1.47973987,2.38699359,2.92711010,1.91496366,0.03882944,0.39303153,0.31525232,0.00364473
-1.47373687,2.40124080,2.88907510,1.93761936,0.03937634,0.38752518,0.32528284,0.00373004
-1.46773387,2.41497896,2.84519606,1.95905305,0.03992764,0.38183097,0.33638315,0.00381567
-1.46173087,2.42746998,2.79592504,1.97841260,0.04049077,0.37594907,0.34842167,0.00389968
-1.45572786,2.43796085,2.74176004,1.99484729,0.04107240,0.36987318,0.36125121,0.00398001
-1.44972486,2.44570951,2.68323762,2.00753737,0.04167794,0.36359235,0.37470941,0.00405457
-1.44372186,2.45001085,2.62092442,2.01572376,0.04231120,0.35709289,0.38861947,0.00412127
-1.43771886,2.45022185,2.55540810,2.01873665,0.04297401,0.35036025,0.40279130,0.00417811
-1.43171586,2.44578517,2.48728841,2.01602211,0.04366588,0.34338083,0.41702312,0.00422321
-1.42571286,2.43625061,2.41716866,2.00716579,0.04438391,0.33614365,0.43110357,0.00425489
-1.41970985,2.42129363,2.34564839,1.99191274,0.04512263,0.32864184,0.44481454,0.00427174
-1.41370685,2.40073033,2.27331732,1.97018263,0.04587407,0.32087403,0.45793449,0.00427262
-1.40770385,2.37452861,2.20075115,1.94207965,0.04662799,0.31284534,0.47024261,0.00425676
-1.40170085,2.34281486,2.12850891,1.90789660,0.04737220,0.30456829,0.48152337,0.00422372
-1.39569785,2.30587607,2.05713204,1.86811294,0.04809300,0.29606325,0.49157175,0.00417347
-1.38969485,2.26415719,1.98714477,1.82338669,0.04877574,0.28735873,0.50019877,0.00410634
-1.38369185,2.21825365,1.91905521,1.77454031,0.04940551,0.27849129,0.50723716,0.00402304
-1.37768884,2.16889934,1.85335691,1.72254100,0.04996780,0.26950510,0.51254710,0.00392465
-1.37168584,2.11695020,1.79052996,1.66847595,0.05044920,0.26045129,0.51602157,0.00381253
-1.36568284,2.06336392,1.73104111,1.61352344,0.05083808,0.25138689,0.51759126,0.00368838
-1.35967984,2.00917622,1.67534241,1.55892056,0.05112519,0.24237360,0.51722856,0.00355409
-1.35367684,1.95547452,1.62386782,1.50592876,0.05130412,0.23347627,0.51495055,0.00341178
-1.34767384,1.90336953,1.57702753,1.45579838,0.05137165,0.22476125,0.51082078,0.00326366
-1.34167084,1.85396581,1.53519984,1.40973317,0.05132793,0.21629460,0.50494950,0.00311207
-1.33566783,1.80833195,1.49872086,1.36885604,0.05117645,0.20814023,0.49749244,0.00295934
-1.32966483,1.76747133,1.46787220,1.33417721,0.05092382,0.20035813,0.48864795,0.00280782
-1.32366183,1.73229437,1.44286735,1.30656548,0.05057943,0.19300262,0.47865268,0.00265976
-1.31765883,1.70359294,1.42383748,1.28672380,0.05015488,0.18612074,0.46777571,0.00251735
-1.31165583,1.68201784,1.41081750,1.27516947,0.04966330,0.17975093,0.45631161,0.00238260
-1.30565283,1.66805993,1.40373346,1.27221988,0.04911863,0.17392193,0.44457231,0.00225740
-1.29964982,1.66203550,1.40239222,1.27798375,0.04853483,0.16865194,0.43287844,0.00214344
-1.29364682,1.66407635,1.40647440,1.29235839,0.04792502,0.16394820,0.42155019,0.00204221
-1.28764382,1.67412484,1.41553151,1.31503261,0.04730082,0.15980686,0.41089816,0.00195501
-1.28164082,1.69193412,1.42898776,1.34549545,0.04667165,0.15621320,0.40121456,0.00188291
-1.27563782,1.71707345,1.44614718,1.38305004,0.04604429,0.15314218,0.39276500,0.00182675
-1.26963482,1.74893846,1.46620597,1.42683232,0.04542247,0.15055931,0.38578114,0.00178717
-1.26363182,1.78676602,1.48827012,1.47583385,0.04480682,0.14842173,0.38045458,0.00176459
-1.25762881,1.82965322,1.51137764,1.52892802,0.04419483,0.14667956,0.37693187,0.00175916
-1.25162581,1.87657975,1.53452472,1.58489884,0.04358115,0.14527735,0.37531108,0.00177084
-1.24562281,1.92643304,1.55669473,1.64247134,0.04295798,0.14415567,0.37563967,0.00179934
-1.23961981,1.97803529,1.57688895,1.70034275,0.04231564,0.14325269,0.37791380,0.00184414
-1.23361681,2.03017140,1.59415743,1.75721348,0.04164321,0.14250580,0.38207899,0.00190447
-1.22761381,2.08161722,1.60762887,1.81181707,0.04092930,0.14185310,0.38803198,0.00197932
-1.22161081,2.13116690,1.61653789,1.86294823,0.04016280,0.14123479,0.39562364,0.00206744
-1.21560780,2.17765899,1.62024870,1.90948841,0.03933360,0.14059450,0.40466286,0.00216734
-1.20960480,2.22000024,1.61827394,1.95042807,0.03843330,0.13988029,0.41492118,0.00227728
-1.20360180,2.25718689,1.61028799,1.98488546,0.03745579,0.13904564,0.42613809,0.00239532
-1.19759880,2.28832291,1.59613437,2.01212150,0.03639767,0.13805014,0.43802677,0.00251931
-1.19159580,2.31263504,1.57582690,2.03155051,0.03525862,0.13686006,0.45028031,0.00264694
-1.18559280,2.32948439,1.54954496,2.04274704,0.03404152,0.13544874,0.46257815,0.00277573
-1.17958979,2.33837488,1.51762324,2.04544872,0.03275246,0.13379682,0.47459276,0.00290314
-1.17358679,2.33895843,1.48053671,2.03955543,0.03140061,0.13189237,0.48599647,0.00302655
-1.16758379,2.33103718,1.43888166,2.02512516,0.02999794,0.12973085,0.49646831,0.00314338
-1.16158079,2.31456296,1.39335395,2.00236688,0.02855884,0.12731503,0.50570084,0.00325110
-1.15557779,2.28963430,1.34472541,1.97163075,0.02709962,0.12465475,0.51340687,0.00334733
-1.14957479,2.25649109,1.29381949,1.93339626,0.02563799,0.12176663,0.51932587,0.00342987
-1.14357179,2.21550718,1.24148715,1.88825838,0.02419254,0.11867362,0.52322997,0.00349679
-1.13756878,2.16718099,1.18858370,1.83691236,0.02278206,0.11540455,0.52492949,0.00354647
-1.13156578,2.11212430,1.13594731,1.78013728,0.02142509,0.11199343,0.52427760,0.00357766
-1.12556278,2.05104929,1.08437963,1.71877867,0.02013931,0.10847874,0.52117417,0.00358951
-1.11955978,1.98475388,1.03462881,1.65373056,0.01894107,0.10490251,0.51556850,0.00358159
-1.11355678,1.91410555,0.98737501,1.58591704,0.01784500,0.10130929,0.50746081,0.00355393
-1.10755378,1.84002370,0.94321835,1.51627367,0.01686361,0.09774502,0.49690239,0.00350698
-1.10155078,1.76346092,0.90266930,1.44572911,0.01600697,0.09425573,0.48399439,0.00344163
-1.09554777,1.68538330,0.86614120,1.37518707,0.01528254,0.09088620,0.46888509,0.00335915
-1.08954477,1.60675040,0.83394484,1.30550912,0.01469495,0.08767856,0.45176596,0.00326117
-1.08354177,1.52849524,0.80628491,1.23749869,0.01424593,0.08467085,0.43286632,0.00314962
-1.07753877,1.45150496,0.78325825,1.17188662,0.01393426,0.08189573,0.41244700,0.00302665
-1.07153577,1.37660288,0.76485382,1.10931889,0.01375580,0.07937916,0.39079321,0.00289460
-1.06553277,1.30453244,0.75095447,1.05034670,0.01370359,0.07713940,0.36820678,0.00275589
-1.05952976,1.23594388,0.74134061,0.99541947,0.01376799,0.07518614,0.34499815,0.00261298
-1.05352676,1.17138408,0.73569578,0.94488099,0.01393688,0.07351998,0.32147843,0.00246829
-1.04752376,1.11129011,0.73361445,0.89896897,0.01419593,0.07213219,0.29795183,0.00232414
-1.04152076,1.05598674,0.73461187,0.85781800,0.01452896,0.07100489,0.27470868,0.00218271
-1.03551776,1.00568799,0.73813622,0.82146585,0.01491826,0.07011154,0.25201933,0.00204599
-1.02951476,0.96050278,0.74358278,0.78986286,0.01534503,0.06941783,0.23012907,0.00191576
-1.02351176,0.92044401,0.75031003,0.76288400,0.01578987,0.06888286,0.20925432,0.00179355
-1.01750875,0.88544092,0.75765729,0.74034301,0.01623323,0.06846065,0.18957987,0.00168064
-1.01150575,0.85535370,0.76496340,0.72200786,0.01665593,0.06810188,0.17125750,0.00157809
-1.00550275,0.82998955,0.77158585,0.70761677,0.01703967,0.06775573,0.15440559,0.00148670
-0.99949975,0.80911937,0.77691972,0.69689392,0.01736749,0.06737184,0.13910986,0.00140707
-0.99349675,0.79249372,0.78041556,0.68956389,0.01762423,0.06690223,0.12542488,0.00133958
-0.98749375,0.77985751,0.78159556,0.68536413,0.01779695,0.06630311,0.11337627,0.00128444
-0.98149075,0.77096212,0.78006731,0.68405470,0.01787521,0.06553649,0.10296334,0.00124172
-0.97548774,0.76557457,0.77553435,0.68542473,0.01785138,0.06457159,0.09416207,0.00121132
-0.96948474,0.76348304,0.76780327,0.68929525,0.01772073,0.06338585,0.08692800,0.00119305
-0.96348174,0.76449854,0.75678676,0.69551831,0.01748155,0.06196565,0.08119925,0.00118660
-0.95747874,0.76845277,0.74250275,0.70397254,0.01713505,0.06030663,0.07689915,0.00119156
-0.95147574,0.77519255,0.72506955,0.71455541,0.01668527,0.05841367,0.07393871,0.00120742
-0.94547274,0.78457120,0.70469728,0.72717309,0.01613881,0.05630049,0.07221874,0.00123357
-0.93946973,0.79643790,0.68167625,0.74172831,0.01550455,0.05398894,0.07163163,0.00126932
-0.93346673,0.81062576,0.65636271,0.75810762,0.01479325,0.05150805,0.07206284,0.00131385
-0.92746373,0.82693999,0.62916291,0.77616875,0.01401716,0.04889289,0.07339221,0.00136624
-0.92146073,0.84514695,0.60051624,0.79572935,0.01318954,0.04618325,0.07549507,0.00142544
-0.91545773,0.86496542,0.57087836,0.81655803,0.01232424,0.04342235,0.07824338,0.00149029
-0.90945473,0.88606099,0.54070512,0.83836860,0.01143524,0.04065549,0.08150686,0.00155954
-0.90345173,0.90804427,0.51043809,0.86081822,0.01053622,0.03792878,0.08515428,0.00163181
-0.89744872,0.93047351,0.48049230,0.88350998,0.00964026,0.03528806,0.08905500,0.00170566
-0.89144572,0.95286186,0.45124677,0.90599995,0.00875944,0.03277794,0.09308065,0.00177959
-0.88544272,0.97468924,0.42303806,0.92780879,0.00790468,0.03044098,0.09710724,0.00185209
-0.87943972,0.99541832,0.39615708,0.94843731,0.00708554,0.02831723,0.10101739,0.00192165
-0.87343672,1.01451411,0.37084909,0.96738552,0.00631009,0.02644380,0.10470288,0.00198683
-0.86743372,1.03146597,0.34731665,0.98417400,0.00558493,0.02485473,0.10806725,0.00204630
-0.86143072,1.04581130,0.32572534,0.99836678,0.00491523,0.02358100,0.11102860,0.00209890
-0.85542771,1.05715920,0.30621153,1.00959426,0.00430477,0.02265069,0.11352217,0.00214365
-0.84942471,1.06521327,0.28889193,1.01757511,0.00375613,0.02208919,0.11550287,0.00217983
-0.84342171,1.06979188,0.27387410,1.02213582,0.00327086,0.02191950,0.11694748,0.00220701
-0.83741871,1.07084507,0.26126735,1.02322691,0.00284967,0.02216261,0.11785647,0.00222506
-0.83141571,1.06846691,0.25119350,1.02093472,0.00249266,0.02283777,0.11825521,0.00223417
-0.82541271,1.06290268,0.24379670,1.01548822,0.00219950,0.02396281,0.11819472,0.00223488
-0.81940970,1.05455029,0.23925198,1.00726029,0.00196970,0.02555431,0.11775166,0.00222806
-0.81340670,1.04395586,0.23777185,0.99676327,0.00180275,0.02762777,0.11702763,0.00221488
-0.80740370,1.03180341,0.23961066,0.98463903,0.00169831,0.03019765,0.11614776,0.00219681
-0.80140070,1.01889920,0.24506634,0.97164371,0.00165632,0.03327732,0.11525855,0.00217557
-0.79539770,1.00615105,0.25447932,0.95862777,0.00167711,0.03687894,0.11452510,0.00215306
-0.78939470,0.99454364,0.26822836,0.94651220,0.00176145,0.04101319,0.11412763,0.00213134
-0.78339170,0.98511059,0.28672348,0.93626157,0.00191056,0.04568904,0.11425745,0.00211256
-0.77738869,0.97890430,0.31039573,0.92885510,0.00212609,0.05091334,0.11511255,0.00209889
-0.77138569,0.97696465,0.33968424,0.92525657,0.00241001,0.05669042,0.11689267,0.00209245
-0.76538269,0.98028751,0.37502067,0.92638412,0.00276454,0.06302165,0.11979429,0.00209527
-0.75937969,0.98979404,0.41681143,0.93308090,0.00319196,0.06990496,0.12400535,0.00210922
-0.75337669,1.00630171,0.46541827,0.94608741,0.00369446,0.07733437,0.12970003,0.00213597
-0.74737369,1.03049785,0.52113785,0.96601627,0.00427394,0.08529950,0.13703369,0.00217690
-0.74137069,1.06291627,0.58418086,0.99333020,0.00493178,0.09378511,0.14613803,0.00223311
-0.73536768,1.10391788,0.65465181,1.02832372,0.00566862,0.10277071,0.15711675,0.00230536
-0.72936468,1.15367541,0.73253008,1.07110902,0.00648415,0.11223017,0.17004168,0.00239406
-0.72336168,1.21216300,0.81765343,1.12160655,0.00737691,0.12213140,0.18494969,0.00249922
-0.71735868,1.27915069,0.90970472,1.17954052,0.00834413,0.13243621,0.20184045,0.00262051
-0.71135568,1.35420417,1.00820283,1.24443955,0.00938154,0.14310016,0.22067503,0.00275718
-0.70535268,1.43668994,1.11249861,1.31564261,0.01048333,0.15407262,0.24137564,0.00290813
-0.69934967,1.52578569,1.22177632,1.39231025,0.01164206,0.16529695,0.26382642,0.00307192
-0.69334667,1.62049596,1.33506117,1.47344102,0.01284873,0.17671082,0.28787532,0.00324677
-0.68734367,1.71967271,1.45123308,1.55789278,0.01409276,0.18824674,0.31333715,0.00343063
-0.68134067,1.82204044,1.56904642,1.64440851,0.01536219,0.19983267,0.33999755,0.00362119
-0.67533767,1.92622518,1.68715549,1.73164604,0.01664387,0.21139289,0.36761800,0.00381593
-0.66933467,2.03078670,1.80414488,1.81821097,0.01792362,0.22284891,0.39594147,0.00401222
-0.66333167,2.13425300,1.91856380,1.90269178,0.01918658,0.23412053,0.42469873,0.00420730
-0.65732866,2.23515604,2.02896296,1.98369613,0.02041750,0.24512698,0.45361494,0.00439841
-0.65132566,2.33206762,2.13393278,2.05988729,0.02160107,0.25578805,0.48241636,0.00458279
-0.64532266,2.42363422,2.23214122,2.13001919,0.02272223,0.26602531,0.51083690,0.00475780
-0.63931966,2.50860961,2.32236970,2.19296926,0.02376655,0.27576317,0.53862425,0.00492092
-0.63331666,2.58588421,2.40354570,2.24776746,0.02472053,0.28492995,0.56554535,0.00506983
-0.62731366,2.65451016,2.47477050,2.29362077,0.02557186,0.29345882,0.59139115,0.00520250
-0.62131066,2.71372124,2.53534120,2.32993208,0.02630972,0.30128857,0.61598027,0.00531715
-0.61530765,2.76294721,2.58476596,2.35631286,0.02692494,0.30836432,0.63916174,0.00541237
-0.60930465,2.80182209,2.62277217,2.37258929,0.02741020,0.31463799,0.66081657,0.00548708
-0.60330165,2.83018640,2.64930734,2.37880152,0.02776012,0.32006877,0.68085837,0.00554061
-0.59729865,2.84808349,2.66453293,2.37519663,0.02797131,0.32462334,0.69923292,0.00557266
-0.59129565,2.85575051,2.66881179,2.36221535,0.02804240,0.32827616,0.71591700,0.00558334
-0.58529265,2.85360455,2.66268997,2.34047358,0.02797403,0.33100959,0.73091645,0.00557316
-0.57928964,2.84222491,2.64687399,2.31073945,0.02776873,0.33281407,0.74426386,0.00554298
-0.57328664,2.82233231,2.62220481,2.27390721,0.02743087,0.33368826,0.75601585,0.00549401
-0.56728364,2.79476615,2.58962975,2.23096882,0.02696655,0.33363923,0.76625036,0.00542780
-0.56128064,2.76046075,2.55017361,2.18298483,0.02638340,0.33268272,0.77506387,0.00534615
-0.55527764,2.72042151,2.50491030,2.13105536,0.02569049,0.33084335,0.78256893,0.00525111
-0.54927464,2.67570184,2.45493575,2.07629249,0.02489812,0.32815496,0.78889181,0.00514492
-0.54327164,2.62738155,2.40134334,2.01979488,0.02401766,0.32466089,0.79417068,0.00502993
-0.53726863,2.57654723,2.34520211,1.96262534,0.02306137,0.32041427,0.79855388,0.00490859
-0.53126563,2.52427500,2.28753847,1.90579202,0.02204219,0.31547826,0.80219874,0.00478337
-0.52526263,2.47161577,2.22932147,1.85023335,0.02097357,0.30992611,0.80527040,0.00465671
-0.51925963,2.41958317,2.17145164,1.79680701,0.01986925,0.30384121,0.80794090,0.00453096
-0.51325663,2.36914381,2.11475333,1.74628271,0.01874306,0.29731680,0.81038818,0.00440834
-0.50725363,2.32120990,2.05997005,1.69933863,0.01760870,0.29045559,0.81279505,0.00429091
-0.50125063,2.27663373,2.00776259,1.65656094,0.01647957,0.28336901,0.81534779,0.00418052
-0.49524762,2.23620365,1.95870930,1.61844607,0.01536850,0.27617622,0.81823448,0.00407879
-0.48924462,2.20064124,1.91330803,1.58540488,0.01428760,0.26900283,0.82164284,0.00398708
-0.48324162,2.17059913,1.87197928,1.55776832,0.01324807,0.26197928,0.82575757,0.00390651
-0.47723862,2.14665923,1.83507000,1.53579375,0.01225996,0.25523892,0.83075722,0.00383797
-0.47123562,2.12933087,1.80285761,1.51967146,0.01133211,0.24891586,0.83681051,0.00378210
-0.46523262,2.11904884,1.77555396,1.50953074,0.01047193,0.24314250,0.84407231,0.00373934
-0.45922961,2.11617091,1.75330883,1.50544521,0.00968534,0.23804690,0.85267932,0.00370998
-0.45322661,2.12097498,1.73621291,1.50743693,0.00897669,0.23375002,0.86274560,0.00369418
-0.44722361,2.13365573,1.72430003,1.51547925,0.00834871,0.23036288,0.87435825,0.00369202
-0.44122061,2.15432096,1.71754872,1.52949827,0.00780251,0.22798371,0.88757328,0.00370357
-0.43521761,2.18298785,1.71588316,1.54937301,0.00733762,0.22669526,0.90241199,0.00372891
-0.42921461,2.21957923,1.71917354,1.57493442,0.00695203,0.22656227,0.91885809,0.00376820
-0.42321161,2.26392034,1.72723618,1.60596359,0.00664231,0.22762923,0.93685558,0.00382169
-0.41720860,2.31573622,1.73983348,1.64218944,0.00640375,0.22991854,0.95630772,0.00388979
-0.41120560,2.37465011,1.75667395,1.68328625,0.00623047,0.23342919,0.97707706,0.00397301
-0.40520260,2.44018301,1.77741257,1.72887144,0.00611563,0.23813586,0.99898651,0.00407203
-0.39919960,2.51175462,1.80165172,1.77850391,0.00605163,0.24398870,1.02182162,0.00418764
-0.39319660,2.58868582,1.82894268,1.83168334,0.00603029,0.25091375,1.04533373,0.00432070
-0.38719360,2.67020264,1.85878810,1.88785051,0.00604309,0.25881384,1.06924409,0.00447212
-0.38119060,2.75544175,1.89064521,1.94638905,0.00608138,0.26757029,1.09324858,0.00464274
-0.37518759,2.84345740,1.92393009,2.00662848,0.00613656,0.27704500,1.11702295,0.00483328
-0.36918459,2.93322969,1.95802288,2.06784870,0.00620034,0.28708309,1.14022836,0.00504427
-0.36318159,3.02367402,1.99227383,2.12928589,0.00626486,0.29751601,1.16251703,0.00527589
-0.35717859,3.11365170,2.02601035,2.19013964,0.00632293,0.30816483,1.18353779,0.00552794
-0.35117559,3.20198155,2.05854483,2.24958140,0.00636811,0.31884385,1.20294148,0.00579973
-0.34517259,3.28745260,2.08918332,2.30676395,0.00639488,0.32936426,1.22038621,0.00608997
-0.33916958,3.36883777,2.11723482,2.36083193,0.00639869,0.33953781,1.23554220,0.00639677
-0.33316658,3.44490882,2.14202146,2.41093333,0.00637604,0.34918041,1.24809663,0.00671756
-0.32716358,3.51445249,2.16288916,2.45623181,0.00632451,0.35811555,1.25775819,0.00704911
-0.32116058,3.57628806,2.17921903,2.49591996,0.00624275,0.36617752,1.26426171,0.00738751
-0.31515758,3.62928646,2.19043922,2.52923320,0.00613047,0.37321441,1.26737282,0.00772827
-0.30915458,3.67239078,2.19603722,2.55546452,0.00598834,0.37909071,1.26689274,0.00806637
-0.30315158,3.70463825,2.19557239,2.57397966,0.00581795,0.38368975,1.26266329,0.00839640
-0.29714857,3.72518331,2.18868856,2.58423279,0.00562170,0.38691574,1.25457198,0.00871265
-0.29114557,3.73332144,2.17512627,2.58578214,0.00540271,0.38869551,1.24255728,0.00900937
-0.28514257,3.72851302,2.15473438,2.57830546,0.00516467,0.38897998,1.22661366,0.00928086
-0.27913957,3.71040653,2.12748064,2.56161471,0.00491175,0.38774524,1.20679641,0.00952172
-0.27313657,3.67886015,2.09346062,2.53566938,0.00464847,0.38499335,1.18322587,0.00972700
-0.26713357,3.63396069,2.05290463,2.50058799,0.00437964,0.38075277,1.15609067,0.00989247
-0.26113057,3.57603878,2.00618206,2.45665704,0.00411021,0.37507839,1.12564977,0.01001471
-0.25512756,3.50567925,1.95380273,2.40433667,0.00384524,0.36805124,1.09223305,0.01009130
-0.24912456,3.42372585,1.89641498,2.34426272,0.00358983,0.35977764,1.05623994,0.01012098
-0.24312156,3.33127933,1.83480004,2.27724437,0.00334911,0.35038807,1.01813619,0.01010368
-0.23711856,3.22968857,1.76986291,2.20425734,0.00312820,0.34003545,0.97844853,0.01004061
-0.23111556,3.12053423,1.70261943,2.12643212,0.00293223,0.32889304,0.93775718,0.00993427
-0.22511256,3.00560516,1.63418005,2.04503749,0.00276638,0.31715185,0.89668649,0.00978839
-0.21910955,2.88686779,1.56573054,1.96145935,0.00263591,0.30501768,0.85589378,0.00960788
-0.21310655,2.76642923,1.49851014,1.87717536,0.00254619,0.29270775,0.81605671,0.00939869
-0.20710355,2.64649496,1.43378774,1.79372574,0.00250279,0.28044711,0.77785965,0.00916765
-0.20110055,2.52932231,1.37283688,1.71268128,0.00251149,0.26846467,0.74197943,0.00892233
-0.19509755,2.41717097,1.31691006,1.63560899,0.00257835,0.25698923,0.70907081,0.00867074
-0.18909455,2.31225205,1.26721325,1.56403664,0.00270969,0.24624537,0.67975236,0.00842120
-0.18309155,2.21667703,1.22488116,1.49941693,0.00291217,0.23644931,0.65459294,0.00818200
-0.17708854,2.13240806,1.19095373,1.44309239,0.00319265,0.22780495,0.63409922,0.00796124
-0.17108554,2.06121091,1.16635446,1.39626188,0.00355822,0.22049996,0.61870456,0.00776655
-0.16508254,2.00461178,1.15187074,1.35994955,0.00401604,0.21470213,0.60875945,0.00760487
-0.15907954,1.96385891,1.14813657,1.33497714,0.00457318,0.21055595,0.60452354,0.00748225
-0.15307654,1.93988996,1.15561761,1.32194032,0.00523646,0.20817950,0.60615954,0.00740367
-0.14707354,1.93330573,1.17459876,1.32118957,0.00601218,0.20766158,0.61372880,0.00737290
-0.14107054,1.94435087,1.20517425,1.33281629,0.00690582,0.20905924,0.62718862,0.00739236
-0.13506753,1.97290175,1.24724008,1.35664447,0.00792173,0.21239571,0.64639125,0.00746307
-0.12906453,2.01846200,1.30048911,1.39222808,0.00906280,0.21765861,0.67108443,0.00758461
-0.12306153,2.08016561,1.36440854,1.43885472,0.01033004,0.22479877,0.70091351,0.00775511
-0.11705853,2.15678786,1.43828021,1.49555526,0.01172228,0.23372946,0.73542509,0.00797128
-0.11105553,2.24676382,1.52118370,1.56111964,0.01323574,0.24432626,0.77407214,0.00822851
-0.10505253,2.34821448,1.61200268,1.63411877,0.01486382,0.25642753,0.81622057,0.00852098
-0.09904952,2.45898017,1.70943481,1.71293196,0.01659673,0.26983574,0.86115752,0.00884179
-0.09304652,2.57666089,1.81200545,1.79577981,0.01842144,0.28431953,0.90810110,0.00918314
-0.08704352,2.69866310,1.91808570,1.88076170,0.02032149,0.29961673,0.95621188,0.00953654
-0.08104052,2.82225225,2.02591491,1.96589730,0.02227711,0.31543828,1.00460605,0.00989301
-0.07503752,2.94461008,2.13362781,2.04917113,0.02426534,0.33147316,1.05237014,0.01024330
-0.06903452,3.06289571,2.23928629,2.12857912,0.02626036,0.34739425,1.09857738,0.01057815
-0.06303152,3.17430911,2.34091544,2.20217595,0.02823392,0.36286497,1.14230525,0.01088853
-0.05702851,3.27615541,2.43654342,2.26812191,0.03015589,0.37754676,1.18265416,0.01116581
-0.05102551,3.36590833,2.52424423,2.32472776,0.03199500,0.39110702,1.21876674,0.01140207
-0.04502251,3.44127096,2.60218237,2.37049638,0.03371960,0.40322737,1.24984720,0.01159023
-0.03901951,3.50023185,2.66865804,2.40415966,0.03529853,0.41361203,1.27518027,0.01172424
-0.03301651,3.54111462,2.72215122,2.42470938,0.03670203,0.42199579,1.29414905,0.01179925
-0.02701351,3.56261926,2.76136311,2.43142112,0.03790266,0.42815155,1.30625105,0.01181171
-0.02101051,3.56385357,2.78525315,2.42387005,0.03887618,0.43189685,1.31111178,0.01175943
-0.01500750,3.54435338,2.79306988,2.40193823,0.03960234,0.43309925,1.30849524,0.01164163
-0.00900450,3.50409070,2.78437430,2.36581295,0.04006559,0.43168025,1.29831086,0.01145894
-0.00300150,3.44346940,2.75905438,2.31597627,0.04025560,0.42761757,1.28061635,0.01121333
0.00300150,3.36330826,2.71732987,2.25318610,0.04016768,0.42094565,1.25561629,0.01090806
0.00900450,3.26481222,2.65974685,2.17844951,0.03980292,0.41175433,1.22365639,0.01054756
0.01500750,3.14953259,2.58716224,2.09298952,0.03916820,0.40018575,1.18521351,0.01013724
0.02101051,3.01931800,2.50071841,1.99820646,0.03827597,0.38642962,1.14088172,0.00968337
0.02701351,2.87625780,2.40180909,1.89563561,0.03714383,0.37071699,1.09135507,0.00919286
0.03301651,2.72262029,2.29203776,1.78690269,0.03579396,0.35331285,1.03740745,0.00867306
0.03901951,2.56078806,2.17317035,1.67367893,0.03425238,0.33450794,0.97987059,0.00813156
0.04502251,2.39319305,2.04708405,1.55763744,0.03254813,0.31460994,0.91961096,0.00757598
0.05102551,2.22225367,1.91571450,1.44041237,0.03071234,0.29393460,0.85750640,0.00701382
0.05702851,2.05031629,1.78100327,1.32356226,0.02877730,0.27279711,0.79442352,0.00645220
0.06303152,1.87960307,1.64484794,1.20853880,0.02677552,0.25150400,0.73119658,0.00589779
0.06903452,1.71216775,1.50905635,1.09666167,0.02473883,0.23034592,0.66860872,0.00535666
0.07503752,1.54986056,1.37530685,0.98910017,0.02269761,0.20959148,0.60737592,0.00483413
0.08104052,1.39430298,1.24511550,0.88686172,0.02068006,0.18948245,0.54813439,0.00433480
0.08704352,1.24687255,1.11981123,0.79078714,0.01871162,0.17023020,0.49143147,0.00386243
0.09304652,1.10869761,1.00051931,0.70155237,0.01681458,0.15201361,0.43772015,0.00341998
0.09904952,0.98066106,0.88815303,0.61967587,0.01500776,0.13497832,0.38735721,0.00300960
0.10505253,0.86341250,0.78341330,0.54553095,0.01330641,0.11923719,0.34060469,0.00263271
0.11105553,0.75738714,0.68679546,0.47936197,0.01172217,0.10487188,0.29763428,0.00229003
0.11705853,0.66283016,0.59860224,0.42130330,0.01026322,0.09193527,0.25853428,0.00198169
0.12306153,0.57982488,0.51896182,0.37139998,0.00893448,0.08045466,0.22331851,0.00170732
0.12906453,0.50832321,0.44784968,0.32962896,0.00773794,0.07043533,0.19193664,0.00146611
0.13506753,0.44817670,0.38511297,0.29591978,0.00667299,0.06186436,0.16428542,0.00125700
0.14107054,0.39916683,0.33049618,0.27017400,0.00573679,0.05471449,0.14022022,0.00107869
0.14707354,0.36103334,0.28366687,0.25228236,0.00492476,0.04894779,0.11956642,0.00092983
0.15307654,0.33349945,0.24424059,0.24213924,0.00423089,0.04451897,0.10213027,0.00080903
0.15907954,0.31629327,0.21180405,0.23965383,0.00364815,0.04137834,0.08770879,0.00071500
0.16508254,0.30916481,0.18593593,0.24475787,0.00316884,0.03947411,0.07609856,0.00064663
0.17108554,0.31189830,0.16622483,0.25740983,0.00278485,0.03875421,0.06710315,0.00060303
0.17708854,0.32431970,0.15228420,0.27759558,0.00248796,0.03916747,0.06053904,0.00058356
0.18309155,0.34629969,0.14376390,0.30532584,0.00226996,0.04066429,0.05624020,0.00058793
0.18909455,0.37775215,0.14035862,0.34063066,0.00212287,0.04319672,0.05406104,0.00061619
0.19509755,0.41862893,0.14181317,0.38355148,0.00203898,0.04671817,0.05387815,0.00066872
0.20110055,0.46891115,0.14792486,0.43413126,0.00201093,0.05118279,0.05559058,0.00074626
0.20710355,0.52859781,0.15854311,0.49240319,0.00203172,0.05654452,0.05911911,0.00084990
0.21310655,0.59769228,0.17356676,0.55837858,0.00209473,0.06275610,0.06440445,0.00098103
0.21910955,0.67618733,0.19293915,0.63203451,0.00219366,0.06976799,0.07140454,0.00114127
0.22511256,0.76404925,0.21664135,0.71330168,0.00232253,0.07752734,0.08009123,0.00133248
0.23111556,0.86120170,0.24468371,0.80205300,0.00247566,0.08597710,0.09044634,0.00155664
0.23711856,0.96750965,0.27709604,0.89809315,0.00264759,0.09505536,0.10245730,0.00181575
0.24312156,1.08276399,0.31391658,1.00114959,0.00283309,0.10469484,0.11611264,0.00211179
0.24912456,1.20666705,0.35518009,1.11086495,0.00302716,0.11482267,0.13139718,0.00244655
0.25512756,1.33881939,0.40090510,1.22679125,0.00322500,0.12536048,0.14828744,0.00282154
0.26113057,1.47870818,0.45108089,1.34838568,0.00342206,0.13622458,0.16674703,0.00323789
0.26713357,1.62569741,0.50565425,1.47500820,0.00361403,0.14732653,0.18672248,0.00369615
0.27313657,1.77902018,0.56451658,1.60592086,0.00379690,0.15857369,0.20813943,0.00419626
0.27913957,1.93777344,0.62749157,1.74028891,0.00396699,0.16987006,0.23089950,0.00473733
0.28514257,2.10091556,0.69432426,1.87718367,0.00412103,0.18111709,0.25487782,0.00531764
0.29114557,2.26726706,0.76467162,2.01558729,0.00425615,0.19221455,0.27992149,0.00593445
0.29714857,2.43551491,0.83809561,2.15439972,0.00436997,0.20306149,0.30584900,0.00658402
0.30315158,2.60422105,0.91405901,2.29244770,0.00446062,0.21355712,0.33245086,0.00726154
0.30915458,2.77183533,0.99192469,2.42849652,0.00452673,0.22360175,0.35949129,0.00796114
0.31515758,2.93671337,1.07095877,2.56126429,0.00456750,0.23309773,0.38671128,0.00867594
0.32116058,3.09713953,1.15033808,2.68943933,0.00458262,0.24195041,0.41383282,0.00939814
0.32716358,3.25135514,1.22916195,2.81170051,0.00457234,0.25006922,0.44056434,0.01011916
0.33316658,3.39759164,1.30646852,2.92674066,0.00453733,0.25736876,0.46660726,0.01082980
0.33916958,3.53410820,1.38125520,3.03329272,0.00447873,0.26377010,0.49166337,0.01152049
0.34517259,3.65923309,1.45250291,3.13015829,0.00439803,0.26920217,0.51544297,0.01218149
0.35117559,3.77140744,1.51920319,3.21623772,0.00429704,0.27360322,0.53767330,0.01280321
0.35717859,3.86923003,1.58038746,3.29056090,0.00417779,0.27692245,0.55810705,0.01337648
0.36318159,3.95150110,1.63515705,3.35231732,0.00404248,0.27912165,0.57653051,0.01389283
0.36918459,4.01726347,1.68271276,3.40088430,0.00389341,0.28017685,0.59277090,0.01434479
0.37518759,4.06583844,1.72238256,3.43585144,0.00373292,0.28007974,0.60670263,0.01472614
0.38119060,4.09685475,1.75364601,3.45704016,0.00356332,0.27883902,0.61825196,0.01503213
0.38719360,4.11026835,1.77615405,3.46451650,0.00338686,0.27648133,0.62739989,0.01525962
0.39319660,4.10637151,1.78974307,3.45859612,0.00320566,0.27305172,0.63418288,0.01540725
0.39919960,4.08579008,1.79444230,3.43984052,0.00302173,0.26861367,0.63869140,0.01547543
0.40520260,4.04946821,1.79047406,3.40904387,0.00283690,0.26324840,0.64106618,0.01546634
0.41120560,3.99864068,1.77824650,3.36721066,0.00265286,0.25705365,0.64149233,0.01538384
0.41720860,3.93479361,1.75833926,3.31552436,0.00247111,0.25014166,0.64019143,0.01523328
0.42321161,3.85961486,1.73148246,3.25530861,0.00229301,0.24263666,0.63741207,0.01502134
0.42921461,3.77493646,1.69853023,3.18798220,0.00211978,0.23467177,0.63341923,0.01475568
0.43521761,3.68267157,1.66042992,3.11501005,0.00195249,0.22638546,0.62848302,0.01444472
0.44122061,3.58474909,1.61818862,3.03785271,0.00179211,0.21791779,0.62286735,0.01409727
0.44722361,3.48304915,1.57283884,2.95791667,0.00163954,0.20940650,0.61681924,0.01372220
0.45322661,3.37934288,1.52540494,2.87650837,0.00149558,0.20098327,0.61055930,0.01332818
0.45922961,3.27523936,1.47687214,2.79479416,0.00136103,0.19277021,0.60427388,0.01292331
0.46523262,3.17214260,1.42815966,2.71376845,0.00123665,0.18487686,0.59810943,0.01251499
0.47123562,3.07122061,1.38009918,2.63423166,0.00112321,0.17739780,0.59216942,0.01210961
0.47723862,2.97338788,1.33341963,2.55677909,0.00102151,0.17041104,0.58651382,0.01171252
0.48324162,2.87930199,1.28873874,2.48180105,0.00093242,0.16397725,0.58116140,0.01132793
0.48924462,2.78937390,1.24656155,2.40949413,0.00085689,0.15813977,0.57609457,0.01095887
0.49524762,2.70379104,1.20728535,2.33988253,0.00079597,0.15292554,0.57126643,0.01060732
0.50125063,2.62255113,1.17121047,2.27284784,0.00075083,0.14834678,0.56660968,0.01027429
0.50725363,2.54550446,1.13855566,2.20816548,0.00072279,0.14440321,0.56204676,0.00995999
0.51325663,2.47240154,1.10947679,2.14554503,0.00071333,0.14108488,0.55750051,0.00966398
0.51925963,2.40294300,1.08408708,2.08467204,0.00072410,0.13837511,0.55290479,0.00938545
0.52526263,2.33682843,1.06247750,2.02524855,0.00075691,0.13625364,0.54821420,0.00912337
0.53126563,2.27380108,1.04473544,1.96702986,0.00081373,0.13469949,0.54341237,0.00887673
0.53726863,2.21368560,1.03096025,1.90985525,0.00089667,0.13369358,0.53851818,0.00864469
0.54327164,2.15641655,1.02127444,1.85367086,0.00100796,0.13322071,0.53358942,0.00842675
0.54927464,2.10205606,1.01582947,1.79854362,0.00114987,0.13327092,0.52872366,0.00822285
0.55527764,2.05079972,1.01480565,1.74466531,0.00132466,0.13384005,0.52405618,0.00803339
0.56128064,2.00297050,1.01840585,1.69234696,0.00153454,0.13492943,0.51975492,0.00785930
0.56728364,1.95900134,1.02684342,1.64200408,0.00178150,0.13654480,0.51601279,0.00770195
0.57328664,1.91940780,1.04032484,1.59413387,0.00206727,0.13869448,0.51303759,0.00756309
0.57928964,1.88475247,1.05902826,1.54928597,0.00239317,0.14138683,0.51104021,0.00744470
0.58529265,1.85560373,1.08307920,1.50802888,0.00275999,0.14462730,0.51022169,0.00734887
0.59129565,1.83249150,1.11252511,1.47091401,0.00316790,0.14841521,0.51075983,0.00727761
0.59729865,1.81586281,1.14731037,1.43843992,0.00361626,0.15274047,0.51279621,0.00723266
0.60330165,1.80604019,1.18725377,1.41101876,0.00410358,0.15758048,0.51642434,0.00721533
0.60930465,1.80318533,1.23202993,1.38894707,0.00462741,0.16289751,0.52167962,0.00722636
0.61530765,1.80727068,1.28115641,1.37238274,0.00518426,0.16863669,0.52853184,0.00726574
0.62131066,1.81806051,1.33398773,1.36132941,0.00576961,0.17472481,0.53688055,0.00733266
0.62731366,1.83510306,1.38971720,1.35562926,0.00637788,0.18107017,0.54655392,0.00742542
0.63331666,1.85773424,1.44738710,1.35496463,0.00700250,0.18756338,0.55731091,0.00754146
0.63931966,1.88509302,1.50590728,1.35886827,0.00763603,0.19407934,0.56884711,0.00767734
0.64532266,1.91614783,1.56408172,1.36674180,0.00827027,0.20048017,0.58080374,0.00782887
0.65132566,1.94973262,1.62064209,1.37788108,0.00889647,0.20661913,0.59277957,0.00799125
0.65732866,1.98459093,1.67428709,1.39150734,0.00950556,0.21234533,0.60434533,0.00815919
0.66333167,2.01942559,1.72372578,1.40680214,0.01008840,0.21750891,0.61505963,0.00832713
0.66933467,2.05295156,1.76772295,1.42294441,0.01063608,0.22196662,0.62448600,0.00848945
0.67533767,2.08394921,1.80514439,1.43914744,0.01114021,0.22558745,0.63220994,0.00864072
0.68134067,2.11131530,1.83499981,1.45469412,0.01159318,0.22825792,0.63785536,0.00877585
0.68734367,2.13410908,1.85648140,1.46896831,0.01198849,0.22988698,0.64109948,0.00889039
0.69334667,2.15159130,1.86899602,1.48148108,0.01232096,0.23041001,0.64168566,0.00898061
0.69934967,2.16325409,1.87218935,1.49189044,0.01258694,0.22979196,0.63943336,0.00904376
0.70535268,2.16884055,1.86596091,1.50001366,0.01278448,0.22802928,0.63424502,0.00907806
0.71135568,2.16835304,1.85046911,1.50583189,0.01291338,0.22515056,0.62610947,0.00908288
0.71735868,2.16205006,1.82612599,1.50948691,0.01297523,0.22121601,0.61510179,0.00905866
0.72336168,2.15043210,1.79358210,1.51127047,0.01297337,0.21631548,0.60137977,0.00900694
0.72936468,2.13421739,1.75370207,1.51160705,0.01291274,0.21056546,0.58517727,0.00893027
0.73536768,2.11430896,1.70753222,1.51103101,0.01279971,0.20410493,0.56679477,0.00883206
0.74137069,2.09175481,1.65626164,1.51015952,0.01264182,0.19709039,0.54658778,0.00871649
0.74737369,2.06770331,1.60117873,1.50966272,0.01244752,0.18969025,0.52495370,0.00858825
0.75337669,2.04335605,1.54362501,1.51023271,0.01222583,0.18207888,0.50231776,0.00845242
0.75937969,2.01992029,1.48494853,1.51255279,0.01198602,0.17443045,0.47911876,0.00831420
0.76538269,1.99856332,1.42645870,1.51726843,0.01173724,0.16691300,0.45579527,0.00817877
0.77138569,1.98037051,1.36938442,1.52496118,0.01148826,0.15968287,0.43277278,0.00805101
0.77738869,1.96630877,1.31483735,1.53612653,0.01124714,0.15287974,0.41045240,0.00793541
0.78339170,1.95719655,1.26378134,1.55115644,0.01102103,0.14662242,0.38920139,0.00783584
0.78939470,1.95368146,1.21700932,1.57032698,0.01081593,0.14100562,0.36934583,0.00775550
0.79539770,1.95622566,1.17512792,1.59379120,0.01063660,0.13609775,0.35116545,0.00769674
0.80140070,1.96509933,1.13855030,1.62157729,0.01048651,0.13193978,0.33489069,0.00766108
0.80740370,1.98038159,1.10749690,1.65359136,0.01036779,0.12854518,0.32070184,0.00764917
0.81340670,2.00196848,1.08200361,1.68962465,0.01028135,0.12590096,0.30873001,0.00766077
0.81940970,2.02958681,1.06193663,1.72936419,0.01022696,0.12396958,0.29905965,0.00769484
0.82541271,2.06281295,1.04701298,1.77240627,0.01020341,0.12269180,0.29173231,0.00774959
0.83141571,2.10109521,1.03682553,1.81827188,0.01020876,0.12199017,0.28675121,0.00782258
0.83741871,2.14377860,1.03087116,1.86642314,0.01024047,0.12177306,0.28408633,0.00791082
0.84342171,2.19013069,1.02858092,1.91628021,0.01029572,0.12193907,0.28367969,0.00801092
0.84942471,2.23936740,1.02935061,1.96723767,0.01037159,0.12238152,0.28545044,0.00811922
0.85542771,2.29067777,1.03257087,2.01868002,0.01046526,0.12299299,0.28929970,0.00823189
0.86143072,2.34324675,1.03765543,2.06999573,0.01057427,0.12366963,0.29511477,0.00834508
0.86743372,2.39627545,1.04406665,2.12058953,0.01069661,0.12431501,0.30277285,0.00845503
0.87343672,2.44899850,1.05133754,2.16989286,0.01083092,0.12484357,0.31214408,0.00855818
0.87943972,2.50069805,1.05908973,2.21737226,0.01097654,0.12518335,0.32309399,0.00865125
0.88544272,2.55071478,1.06704694,2.26253605,0.01113360,0.12527803,0.33548547,0.00873130
0.89144572,2.59845576,1.07504368,2.30493922,0.01130304,0.12508818,0.34918027,0.00879579
0.89744872,2.64339976,1.08302937,2.34418704,0.01148657,0.12459176,0.36404040,0.00884261
0.90345173,2.68510028,1.09106779,2.37993757,0.01168668,0.12378384,0.37992919,0.00887009
0.90945473,2.72318699,1.09933231,2.41190347,0.01190656,0.12267563,0.39671256,0.00887701
0.91545773,2.75736591,1.10809722,2.43985345,0.01215002,0.12129285,0.41426024,0.00886257
0.92146073,2.78741903,1.11772562,2.46361364,0.01242137,0.11967367,0.43244721,0.00882638
0.92746373,2.81320372,1.12865448,2.48306901,0.01272537,0.11786620,0.45115522,0.00876842
0.93346673,2.83465216,1.14137732,2.49816520,0.01306703,0.11592579,0.47027452,0.00868905
0.93946973,2.85177114,1.15642509,2.50891040,0.01345155,0.11391219,0.48970548,0.00858890
0.94547274,2.86464201,1.17434588,2.51537749,0.01388414,0.11188677,0.50936022,0.00846894
0.95147574,2.87342083,1.19568377,2.51770601,0.01436987,0.10990994,0.52916384,0.00833037
0.95747874,2.87833831,1.22095758,2.51610377,0.01491350,0.10803874,0.54905528,0.00817468
0.96348174,2.87969912,1.25063972,2.51084753,0.01551934,0.10632489,0.56898754,0.00800357
0.96948474,2.87788007,1.28513576,2.50228249,0.01619099,0.10481319,0.58892711,0.00781898
0.97548774,2.87332676,1.32476513,2.49082005,0.01693122,0.10354035,0.60885253,0.00762309
0.98149075,2.86654806,1.36974338,2.47693344,0.01774170,0.10253431,0.62875207,0.00741827
0.98749375,2.85810812,1.42016641,2.46115099,0.01862281,0.10181393,0.64862046,0.00720714
0.99349675,2.84861564,1.47599734,2.44404679,0.01957346,0.10138912,0.66845481,0.00699250
0.99949975,2.83871030,1.53705624,2.42622875,0.02059086,0.10126124,0.68825001,0.00677733
1.00550275,2.82904658,1.60301344,2.40832425,0.02167041,0.10142380,0.70799359,0.00656477
1.01150575,2.82027517,1.67338671,2.39096353,0.02280554,0.10186329,0.72766060,0.00635807
1.01750875,2.81302260,1.74754283,2.37476160,0.02398767,0.10256024,0.74720872,0.00616055
1.02351176,2.80786977,1.82470366,2.36029898,0.02520618,0.10349015,0.76657391,0.00597551
1.02951476,2.80533032,1.90395712,2.34810217,0.02644851,0.10462458,0.78566707,0.00580618
1.03551776,2.80582960,1.98427287,2.33862470,0.02770027,0.10593208,0.80437182,0.00565563
1.04152076,2.80968529,2.06452253,2.33222938,0.02894551,0.10737904,0.82254379,0.00552668
1.04752376,2.81709060,2.14350405,2.32917261,0.03016697,0.10893044,0.84001147,0.00542178
1.05352676,2.82810066,2.21996955,2.32959157,0.03134648,0.11055047,0.85657870,0.00534296
1.05952976,2.84262310,2.29265576,2.33349462,0.03246540,0.11220303,0.87202871,0.00529170
1.06553277,2.86041292,2.36031601,2.34075556,0.03350509,0.11385211,0.88612956,0.00526886
1.07153577,2.88107224,2.42175267,2.35111195,0.03444739,0.11546208,0.89864075,0.00527463
1.07753877,2.90405492,2.47584861,2.36416763,0.03527515,0.11699792,0.90932066,0.00530846
1.08354177,2.92867594,2.52159670,2.37939941,0.03597271,0.11842540,0.91793438,0.00536901
1.08954477,2.95412534,2.55812590,2.39616772,0.03652633,0.11971124,0.92426159,0.00545420
1.09554777,2.97948626,2.58472304,2.41373103,0.03692459,0.12082332,0.92810417,0.00556116
1.10155078,3.00375664,2.60084949,2.43126347,0.03715869,0.12173082,0.92929291,0.00568632
1.10755378,3.02587381,2.60615204,2.44787531,0.03722270,0.12240453,0.92769334,0.00582548
1.11355678,3.04474147,2.60046774,2.46263564,0.03711365,0.12281709,0.92321021,0.00597387
1.11955978,3.05925816,2.58382277,2.47459670,0.03683159,0.12294334,0.91579051,0.00612632
1.12556278,3.06834654,2.55642559,2.48281909,0.03637950,0.12276074,0.90542510,0.00627736
1.13156578,3.07098270,2.51865497,2.48639736,0.03576316,0.12224976,0.89214876,0.00642139
1.13756878,3.06622462,2.47104361,2.48448509,0.03499090,0.12139436,0.87603895,0.00655286
1.14357179,3.05323905,2.41425851,2.47631884,0.03407334,0.12018244,0.85721333,0.00666641
1.14957479,3.03132600,2.34907879,2.46124025,0.03302299,0.11860625,0.83582631,0.00675705
1.15557779,2.99994011,2.27637236,2.43871563,0.03185396,0.11666280,0.81206477,0.00682031
1.16158079,2.95870812,2.19707226,2.40835224,0.03058152,0.11435418,0.78614338,0.00685239
1.16758379,2.90744197,2.11215364,2.36991099,0.02922171,0.11168778,0.75829950,0.00685026
1.17358679,2.84614689,2.02261215,2.32331475,0.02779105,0.10867639,0.72878812,0.00681179
1.17958979,2.77502414,1.92944450,2.26865219,0.02630608,0.10533822,0.69787678,0.00673576
1.18559280,2.69446835,1.83363134,2.20617682,0.02478316,0.10169666,0.66584085,0.00662192
1.19159580,2.60505927,1.73612303,2.13630126,0.02323812,0.09778005,0.63295910,0.00647099
1.19759880,2.50754835,1.63782824,2.05958694,0.02168605,0.09362118,0.59950966,0.00628460
1.20360180,2.40284045,1.53960525,1.97672949,0.02014111,0.08925669,0.56576652,0.00606523
1.20960480,2.29197145,1.44225600,1.88854059,0.01861636,0.08472643,0.53199640,0.00581612
1.21560780,2.17608249,1.34652244,1.79592668,0.01712367,0.08007260,0.49845622,0.00554114
1.22161081,2.05639197,1.25308499,1.69986567,0.01567361,0.07533891,0.46539087,0.00524467
1.22761381,1.93416622,1.16256271,1.60138230,0.01427537,0.07056975,0.43303156,0.00493144
1.23361681,1.81069006,1.07551488,1.50152336,0.01293682,0.06580921,0.40159454,0.00460638
1.23961981,1.68723834,0.99244362,1.40133345,0.01166443,0.06110034,0.37128011,0.00427451
1.24562281,1.56504945,0.91379730,1.30183235,0.01046330,0.05648431,0.34227220,0.00394073
1.25162581,1.44530175,0.83997434,1.20399466,0.00933725,0.05199975,0.31473809,0.00360979
1.25762881,1.32909348,0.77132731,1.10873236,0.00828885,0.04768219,0.28882854,0.00328612
1.26363182,1.21742683,0.70816694,1.01688071,0.00731949,0.04356364,0.26467820,0.00297378
1.26963482,1.11119636,0.65076590,0.92918776,0.00642947,0.03967230,0.24240619,0.00267640
1.27563782,1.01118179,0.59936219,0.84630755,0.00561812,0.03603236,0.22211693,0.00239715
1.28164082,0.91804509,0.55416200,0.76879686,0.00488392,0.03266405,0.20390101,0.00213872
1.28764382,0.83233146,0.51534178,0.69711528,0.00422460,0.02958369,0.18783623,0.00190334
1.29364682,0.75447367,0.48304962,0.63162815,0.00363727,0.02680391,0.17398856,0.00169284
1.29964982,0.68479928,0.45740570,0.57261198,0.00311857,0.02433390,0.16241304,0.00150865
1.30565283,0.62353985,0.43850185,0.52026172,0.00266476,0.02217981,0.15315455,0.00135189
1.31165583,0.57084167,0.42640030,0.47469937,0.00227187,0.02034504,0.14624845,0.00122340
1.31765883,0.52677708,0.42113156,0.43598332,0.00193583,0.01883072,0.14172089,0.00112386
1.32366183,0.49135592,0.42269160,0.40411791,0.00165251,0.01763600,0.13958890,0.00105379
1.32966483,0.46453637,0.43103856,0.37906283,0.00141789,0.01675846,0.13986018,0.00101367
1.33566783,0.44623484,0.44608898,0.36074178,0.00122805,0.01619437,0.14253260,0.00100389
1.34167084,0.43633437,0.46771406,0.34905024,0.00107932,0.01593898,0.14759337,0.00102489
1.34767384,0.43469140,0.49573595,0.34386200,0.00096824,0.01598668,0.15501803,0.00107707
1.35367684,0.44114064,0.52992446,0.34503432,0.00089161,0.01633114,0.16476912,0.00116087
1.35967984,0.45549796,0.56999442,0.35241162,0.00084653,0.01696539,0.17679475,0.00127668
1.36568284,0.47756143,0.61560390,0.36582769,0.00083033,0.01788174,0.19102706,0.00142484
1.37168584,0.50711046,0.66635352,0.38510640,0.00084058,0.01907182,0.20738064,0.00160558
1.37768884,0.54390330,0.72178697,0.41006109,0.00087505,0.02052637,0.22575100,0.00181894
1.38369185,0.58767316,0.78139283,0.44049261,0.00093168,0.02223517,0.24601319,0.00206469
1.38969485,0.63812318,0.84460782,0.47618640,0.00100848,0.02418677,0.26802067,0.00234225
1.39569785,0.69492071,0.91082138,0.51690858,0.00110352,0.02636838,0.29160450,0.00265062
1.40170085,0.75769112,0.97938152,0.56240155,0.00121487,0.02876561,0.31657292,0.00298826
1.40770385,0.82601181,1.04960191,0.61237917,0.00134056,0.03136230,0.34271150,0.00335305
1.41370685,0.89940662,1.12076999,0.66652196,0.00147849,0.03414034,0.36978380,0.00374223
1.41970985,0.97734135,1.19215597,0.72447263,0.00162647,0.03707957,0.39753281,0.00415235
1.42571286,1.05922067,1.26302250,0.78583233,0.00178214,0.04015770,0.42568298,0.00457926
1.43171586,1.14438691,1.33263493,0.85015787,0.00194301,0.04335031,0.45394315,0.00501815
1.43771886,1.23212121,1.40027183,0.91696043,0.00210643,0.04663090,0.48201023,0.00546355
1.44372186,1.32164724,1.46523574,0.98570595,0.00226967,0.04997107,0.50957357,0.00590945
1.44972486,1.41213784,1.52686387,1.05581752,0.00242990,0.05334075,0.53632027,0.00634942
1.45572786,1.50272463,1.58453873,1.12668004,0.00258428,0.05670858,0.56194097,0.00677669
1.46173087,1.59251056,1.63769849,1.19764708,0.00273003,0.06004229,0.58613638,0.00718440
1.46773387,1.68058541,1.68584696,1.26805021,0.00286450,0.06330931,0.60862412,0.00756571
1.47373687,1.76604372,1.72856300,1.33721044,0.00298525,0.06647730,0.62914590,0.00791406
1.47973987,1.84800478,1.76550940,1.40445163,0.00309014,0.06951490,0.64747473,0.00822333
1.48574287,1.92563416,1.79644089,1.46911556,0.00317742,0.07239245,0.66342197,0.00848809
1.49174587,1.99816583,1.82121126,1.53057797,0.00324581,0.07508279,0.67684401,0.00870374
1.49774887,2.06492424,1.83977935,1.58826518,0.00329459,0.07756205,0.68764829,0.00886673
1.50375188,2.12534532,1.85221381,1.64167044,0.00332363,0.07981047,0.69579852,0.00897466
1.50975488,2.17899561,1.85869635,1.69036938,0.00333350,0.08181315,0.70131876,0.00902643
1.51575788,2.22558851,1.85952341,1.73403384,0.00332545,0.08356077,0.70429634,0.00902228
1.52176088,2.26499703,1.85510594,1.77244329,0.00330148,0.08505024,0.70488332,0.00896381
1.52776388,2.29726215,1.84596737,1.80549335,0.00326429,0.08628517,0.70329650,0.00885399
1.53376688,2.32259651,1.83273928,1.83320086,0.00321735,0.08727630,0.69981587,0.00869707
1.53976988,2.34138298,1.81615515,1.85570524,0.00316481,0.08804170,0.69478152,0.00849850
1.54577289,2.35416807,1.79704162,1.87326578,0.00311148,0.08860682,0.68858898,0.00826475
1.55177589,2.36165030,1.77630775,1.88625525,0.00306278,0.08900431,0.68168316,0.00800316
1.55777889,2.36466392,1.75493193,1.89514972,0.00302468,0.08927371,0.67455087,0.00772176
1.56378189,2.36415844,1.73394669,1.90051513,0.00300359,0.08946084,0.66771218,0.00742902
1.56978489,2.36117474,1.71442161,1.90299129,0.00300632,0.08961696,0.66171070,0.00713366
1.57578789,2.35681852,1.69744424,1.90327370,0.00303997,0.08979783,0.65710287,0.00684439
1.58179090,2.35223201,1.68409956,1.90209423,0.00311179,0.09006241,0.65444661,0.00656971
1.58779390,2.34856483,1.67544792,1.90020118,0.00322912,0.09047146,0.65428932,0.00631772
1.59379690,2.34694484,1.67250206,1.89833962,0.00339923,0.09108594,0.65715554,0.00609590
1.59979990,2.34844990,1.67620323,1.89723260,0.00362920,0.09196529,0.66353436,0.00591094
1.60580290,2.35408109,1.68739717,1.89756378,0.00392580,0.09316554,0.67386687,0.00576862
1.61180590,2.36473812,1.70681014,1.89996199,0.00429532,0.09473746,0.68853381,0.00567366
1.61780890,2.38119730,1.73502566,1.90498784,0.00474340,0.09672463,0.70784372,0.00562963
1.62381191,2.40409246,1.77246259,1.91312266,0.00527492,0.09916158,0.73202181,0.00563891
1.62981491,2.43389898,1.81935517,1.92475964,0.00589379,0.10207207,0.76119988,0.00570261
1.63581791,2.47092117,1.87573583,1.94019720,0.00660280,0.10546751,0.79540762,0.00582055
1.64182091,2.51528296,1.94142147,1.95963416,0.00740347,0.10934571,0.83456571,0.00599133
1.64782391,2.56692203,2.01600407,1.98316676,0.00829587,0.11368984,0.87848097,0.00621230
1.65382691,2.62558734,2.09884632,2.01078710,0.00927851,0.11846786,0.92684399,0.00647966
1.65982991,2.69084021,2.18908312,2.04238286,0.01034820,0.12363237,0.97922959,0.00678851
1.66583292,2.76205894,2.28562936,2.07773829,0.01149997,0.12912091,1.03510032,0.00713302
1.67183592,2.83844706,2.38719442,2.11653631,0.01272698,0.13485680,1.09381329,0.00750649
1.67783892,2.91904533,2.49230375,2.15836184,0.01402056,0.14075044,1.15463032,0.00790155
1.68384192,3.00274764,2.59932719,2.20270658,0.01537016,0.14670120,1.21673148,0.00831031
1.68984492,3.08832061,2.70651382,2.24897528,0.01676345,0.15259969,1.27923175,0.00872459
1.69584792,3.17442715,2.81203258,2.29649408,0.01818644,0.15833049,1.34120062,0.00913605
1.70185093,3.25965354,2.91401755,2.34452071,0.01962364,0.16377518,1.40168394,0.00953647
1.70785393,3.34253977,3.01061669,2.39225723,0.02105827,0.16881564,1.45972757,0.00991793
1.71385693,3.42161275,3.10004228,2.43886505,0.02247254,0.17333742,1.51440200,0.01027301
1.71985993,3.49542149,3.18062138,2.48348230,0.02384795,0.17723311,1.56482714,0.01059502
1.72586293,3.56257342,3.25084423,2.52524345,0.02516561,0.18040559,1.61019627,0.01087816
1.73186593,3.62177090,3.30940885,2.56330063,0.02640667,0.18277096,1.64979832,0.01111767
1.73786893,3.67184652,3.35525966,2.59684612,0.02755266,0.18426114,1.68303761,0.01130999
1.74387194,3.71179596,3.38761869,2.62513534,0.02858594,0.18482589,1.70945003,0.01145281
1.74987494,3.74080712,3.40600779,2.64750927,0.02949008,0.18443431,1.72871527,0.01154516
1.75587794,3.75828416,3.41026077,2.66341547,0.03025026,0.18307564,1.74066423,0.01158737
1.76188094,3.76386536,3.40052489,2.67242652,0.03085364,0.18075941,1.74528152,0.01158108
1.76788394,3.75743371,3.37725144,2.67425503,0.03128970,0.17751492,1.74270275,0.01152914
1.77388694,3.73911958,3.34117579,2.66876404,0.03155052,0.17339000,1.73320674,0.01143546
1.77988994,3.70929509,3.29328767,2.65597237,0.03163098,0.16844932,1.71720302,0.01130491
1.78589295,3.66856008,3.23479282,2.63605414,0.03152899,0.16277206,1.69521498,0.01114307
1.79189595,3.61772012,3.16706791,2.60933237,0.03124548,0.15644922,1.66785951,0.01095606
1.79789895,3.55775716,3.09161022,2.57626657,0.03078447,0.14958076,1.63582390,0.01075029
1.80390195,3.48979408,3.00998466,2.53743489,0.03015297,0.14227239,1.59984099,0.01053223
1.80990495,3.41505450,2.92377004,2.49351138,0.02936083,0.13463255,1.56066359,0.01030820
1.81590795,3.33481957,2.83450701,2.44523950,0.02842048,0.12676932,1.51903920,0.01008411
1.82191096,3.25038363,2.74364967,2.39340301,0.02734667,0.11878768,1.47568605,0.00986532
1.82791396,3.16301063,2.65252280,2.33879572,0.02615603,0.11078695,1.43127147,0.00965641
1.83391696,3.07389343,2.56228640,2.28219165,0.02486674,0.10285871,1.38639333,0.00946112
1.83991996,2.98411764,2.47390855,2.22431707,0.02349801,0.09508511,1.34156524,0.00928220
1.84592296,2.89463164,2.38814764,2.16582589,0.02206963,0.08753763,1.29720607,0.00912137
1.85192596,2.80622414,2.30554420,2.10727964,0.02060154,0.08027632,1.25363398,0.00897936
1.85792896,2.71951005,2.22642223,2.04913303,0.01911328,0.07334948,1.21106508,0.00885589
1.86393197,2.63492519,2.15089951,1.99172573,0.01762365,0.06679381,1.16961661,0.00874978
1.86993497,2.55272967,2.07890606,1.93528080,0.01615027,0.06063481,1.12931423,0.00865904
1.87593797,2.47301971,2.01020929,1.87990948,0.01470927,0.05488759,1.09010291,0.00858106
1.88194097,2.39574656,1.94444442,1.82562202,0.01331498,0.04955790,1.05186081,0.00851269
1.88794397,2.32074160,1.88114846,1.77234372,0.01197977,0.04464330,1.01441520,0.00845049
1.89394697,2.24774572,1.81979587,1.71993496,0.01071391,0.04013444,0.97755976,0.00839089
1.89994997,2.17644133,1.75983415,1.66821403,0.00952548,0.03601642,0.94107213,0.00833033
1.90595298,2.10648501,1.70071767,1.61698117,0.00842042,0.03227008,0.90473102,0.00826547
1.91195598,2.03753901,1.64193819,1.56604244,0.00740255,0.02887327,0.86833197,0.00819332
1.91795898,1.96929990,1.58305088,1.51523182,0.00647375,0.02580194,0.83170109,0.00811135
1.92396198,1.90152277,1.52369485,1.46443042,0.00563408,0.02303120,0.79470617,0.00801758
1.92996498,1.83403999,1.46360759,1.41358166,0.00488199,0.02053616,0.75726483,0.00791068
1.93596798,1.76677372,1.40263318,1.36270157,0.00421457,0.01829262,0.71934941,0.00778993
1.94197099,1.69974184,1.34072423,1.31188394,0.00362776,0.01627762,0.68098857,0.00765525
1.94797399,1.63305723,1.27793822,1.26130003,0.00311660,0.01446982,0.64226583,0.00750717
1.95397699,1.56692116,1.21442867,1.21119323,0.00267547,0.01284977,0.60331518,0.00734675
1.95997999,1.50161126,1.15043230,1.16186907,0.00229830,0.01140007,0.56431429,0.00717552
1.96598299,1.43746538,1.08625323,1.11368148,0.00197879,0.01010537,0.52547587,0.00699534
1.97198599,1.37486248,1.02224518,1.06701620,0.00171058,0.00895237,0.48703763,0.00680836
1.97798899,1.31420194,0.95879307,1.02227252,0.00148739,0.00792974,0.44925163,0.00661684
1.98399200,1.25588263,0.89629488,0.97984446,0.00130318,0.00702796,0.41237346,0.00642312
1.98999500,1.20028303,0.83514480,0.94010253,0.00115225,0.00623921,0.37665191,0.00622946
1.99599800,1.14774347,0.77571840,0.90337705,0.00102930,0.00555722,0.34231966,0.00603800
2.00200100,1.09855148,0.71836042,0.86994404,0.00092949,0.00497705,0.30958519,0.00585069
2.00800400,1.05293078,0.66337544,0.84001423,0.00084846,0.00449502,0.27862643,0.00566923
2.01400700,1.01103438,0.61102159,0.81372567,0.00078240,0.00410852,0.24958617,0.00549505
2.02001001,0.97294183,0.56150720,0.79114023,0.00072796,0.00381590,0.22256941,0.00532928
2.02601301,0.93866047,0.51499024,0.77224387,0.00068233,0.00361630,0.19764246,0.00517279
2.03201601,0.90813027,0.47157997,0.75695057,0.00064313,0.00350955,0.17483383,0.00502617
2.03801901,0.88123176,0.43134053,0.74510934,0.00060845,0.00349604,0.15413660,0.00488979
2.04402201,0.85779627,0.39429591,0.73651390,0.00057675,0.00357655,0.13551206,0.00476381
2.05002501,0.83761776,0.36043562,0.73091428,0.00054688,0.00375209,0.11889435,0.00464825
2.05602801,0.82046542,0.32972085,0.72802952,0.00051797,0.00402377,0.10419571,0.00454300
2.06203102,0.80609630,0.30209046,0.72756099,0.00048944,0.00439255,0.09131219,0.00444790
2.06803402,0.79426729,0.27746659,0.72920526,0.00046094,0.00485907,0.08012943,0.00436275
2.07403702,0.78474588,0.25575959,0.73266626,0.00043229,0.00542342,0.07052831,0.00428734
2.08004002,0.77731925,0.23687212,0.73766592,0.00040346,0.00608494,0.06239022,0.00422149
2.08604302,0.77180135,0.22070246,0.74395306,0.00037455,0.00684196,0.05560190,0.00416508
2.09204602,0.76803800,0.20714689,0.75131019,0.00034570,0.00769164,0.05005953,0.00411803
2.09804902,0.76590975,0.19610133,0.75955815,0.00031714,0.00862976,0.04567216,0.00408035
2.10405203,0.76533284,0.18746242,0.76855858,0.00028911,0.00965060,0.04236436,0.00405211
2.11005503,0.76625835,0.18112806,0.77821435,0.00026185,0.01074683,0.04007799,0.00403342
2.11605803,0.76866987,0.17699763,0.78846818,0.00023559,0.01190951,0.03877327,0.00402450
2.12206103,0.77257991,0.17497210,0.79929976,0.00021056,0.01312809,0.03842894,0.00402557
2.12806403,0.77802546,0.17495398,0.81072158,0.00018693,0.01439054,0.03904175,0.00403691
2.13406703,0.78506297,0.17684735,0.82277394,0.00016487,0.01568353,0.04062519,0.00405884
2.14007004,0.79376292,0.18055780,0.83551928,0.00014450,0.01699268,0.04320747,0.00409166
2.14607304,0.80420416,0.18599254,0.84903615,0.00012589,0.01830288,0.04682897,0.00413569
2.15207604,0.81646823,0.19306027,0.86341298,0.00010912,0.01959866,0.05153906,0.00419122
2.15807904,0.83063353,0.20167106,0.87874173,0.00009422,0.02086459,0.05739235,0.00425852
2.16408204,0.84676950,0.21173597,0.89511151,0.00008121,0.02208574,0.06444459,0.00433777
2.17008504,0.86493059,0.22316636,0.91260218,0.00007011,0.02324808,0.07274817,0.00442910
2.17608804,0.88515014,0.23587283,0.93127781,0.00006095,0.02433891,0.08234747,0.00453251
2.18209105,0.90743404,0.24976375,0.95118015,0.00005379,0.02534724,0.09327402,0.00464787
2.18809405,0.93175419,0.26474344,0.97232198,0.00004871,0.02626410,0.10554191,0.00477489
2.19409705,0.95804200,0.28070995,0.99468046,0.00004585,0.02708285,0.11914330,0.00491305
2.20010005,0.98618193,0.29755267,1.01819063,0.00004543,0.02779928,0.13404460,0.00506161
2.20610305,1.01600555,0.31514997,1.04273926,0.00004776,0.02841182,0.15018323,0.00521952
2.21210605,1.04728641,0.33336695,1.06815945,0.00005325,0.02892152,0.16746538,0.00538546
2.21810905,1.07973625,0.35205369,1.09422629,0.00006248,0.02933204,0.18576489,0.00555776
2.22411206,1.11300301,0.37104424,1.12065400,0.00007616,0.02964958,0.20492349,0.00573440
2.23011506,1.14667126,0.39015659,1.14709521,0.00009522,0.02988275,0.22475246,0.00591302
2.23611806,1.18026536,0.40919386,1.17314260,0.00012081,0.03004248,0.24503583,0.00609095
2.24212106,1.21325593,0.42794687,1.19833343,0.00015431,0.03014186,0.26553524,0.00626518
2.24812406,1.24506968,0.44619825,1.22215713,0.00019739,0.03019602,0.28599620,0.00643251
2.25412706,1.27510272,0.46372804,1.24406610,0.00025205,0.03022208,0.30615572,0.00658951
2.26013007,1.30273718,0.48032061,1.26348957,0.00032057,0.03023909,0.32575106,0.00673270
2.26613307,1.32736061,0.49577288,1.27985027,0.00040561,0.03026802,0.34452925,0.00685862
2.27213607,1.34838762,0.50990327,1.29258330,0.00051016,0.03033180,0.36225695,0.00696393
2.27813907,1.36528275,0.52256119,1.30115658,0.00063757,0.03045536,0.37873026,0.00704557
2.28414207,1.37758367,0.53363637,1.30509187,0.00079150,0.03066568,0.39378397,0.00710086
2.29014507,1.38492335,0.54306771,1.30398545,0.00097593,0.03099179,0.40729968,0.00712763
2.29614807,1.38705014,0.55085090,1.29752732,0.00119505,0.03146475,0.41921244,0.00712435
2.30215108,1.38384460,0.55704447,1.28551800,0.00145327,0.03211754,0.42951540,0.00709021
2.30815408,1.37533187,0.56177356,1.26788175,0.00175503,0.03298477,0.43826212,0.00702518
2.31415708,1.36168887,0.56523139,1.24467567,0.00210477,0.03410233,0.44556639,0.00693010
2.32016008,1.34324569,0.56767779,1.21609391,0.00250676,0.03550679,0.45159937,0.00680666
2.32616308,1.32048085,0.56943493,1.18246665,0.00296493,0.03723470,0.45658404,0.00665739
2.33216608,1.29401046,0.57088019,1.14425395,0.00348273,0.03932164,0.46078725,0.00648565
2.33816908,1.26457167,0.57243640,1.10203451,0.00406296,0.04180115,0.46450957,0.00629550
2.34417209,1.23300109,0.57455971,1.05648991,0.00470754,0.04470348,0.46807340,0.00609163
2.35017509,1.20020914,0.57772560,1.00838518,0.00541741,0.04805425,0.47180985,0.00587921
2.35617809,1.16715144,0.58241361,0.95854642,0.00619229,0.05187302,0.47604502,0.00566376
2.36218109,1.13479864,0.58909135,0.90783665,0.00703057,0.05617193,0.48108626,0.00545099
2.36818409,1.10410602,0.59819853,0.85713099,0.00792923,0.06095430,0.48720915,0.00524660
2.37418709,1.07598418,0.61013161,0.80729228,0.00888369,0.06621344,0.49464569,0.00505615
2.38019010,1.05127213,0.62522969,0.75914810,0.00988783,0.07193163,0.50357429,0.00488490
2.38619310,1.03071375,0.64376222,0.71347017,0.01093401,0.07807939,0.51411206,0.00473765
2.39219610,1.01493867,0.66591901,0.67095691,0.01201312,0.08461506,0.52630956,0.00461861
2.39819910,1.00444793,0.69180281,0.63221954,0.01311472,0.09148477,0.54014833,0.00453129
2.40420210,0.99960494,0.72142471,0.59777224,0.01422723,0.09862283,0.55554120,0.00447847
2.41020510,1.00063170,0.75470251,0.56802639,0.01533814,0.10595256,0.57233517,0.00446207
2.41620810,1.00761018,0.79146202,0.54328881,0.01643431,0.11338755,0.59031676,0.00448318
2.42221111,1.02048828,0.83144111,0.52376381,0.01750225,0.12083331,0.60921937,0.00454204
2.42821411,1.03909005,0.87429644,0.50955872,0.01852842,0.12818936,0.62873229,0.00463807
2.43421711,1.06312929,0.91961248,0.50069233,0.01949963,0.13535159,0.64851087,0.00476994
2.44022011,1.09222586,0.96691262,0.49710581,0.02040330,0.14221493,0.66818726,0.00493563
2.44622311,1.12592399,1.01567197,0.49867552,0.02122779,0.14867612,0.68738136,0.00513254
2.45222611,1.16371187,1.06533158,0.50522728,0.02196267,0.15463667,0.70571153,0.00535760
2.45822911,1.20504180,1.11531366,0.51655137,0.02259896,0.16000574,0.72280452,0.00560740
2.46423212,1.24935049,1.16503755,0.53241810,0.02312933,0.16470294,0.73830455,0.00587830
2.47023512,1.29607896,1.21393608,0.55259328,0.02354821,0.16866092,0.75188121,0.00616663
2.47623812,1.34469172,1.26147197,0.57685330,0.02385190,0.17182772,0.76323607,0.00646875
2.48224112,1.39469489,1.30715401,0.60499958,0.02403859,0.17416872,0.77210805,0.00678127
2.48824412,1.44565318,1.35055258,0.63687187,0.02410834,0.17566819,0.77827752,0.00710110
2.49424712,1.49720526,1.39131417,0.67236029,0.02406305,0.17633040,0.78156930,0.00742560
2.50025013,1.54907755,1.42917449,0.71141560,0.02390633,0.17618015,0.78185465,0.00775268
2.50625313,1.60109597,1.46396979,0.75405757,0.02364345,0.17526286,0.77905238,0.00808084
2.51225613,1.65319544,1.49564570,0.80038087,0.02328112,0.17364403,0.77312933,0.00840923
2.51825913,1.70542671,1.52426348,0.85055835,0.02282743,0.17140826,0.76410014,0.00873767
2.52426213,1.75796011,1.55000285,0.90484113,0.02229167,0.16865768,0.75202658,0.00906662
2.53026513,1.81108571,1.57316126,0.96355528,0.02168418,0.16550995,0.73701634,0.00939714
2.53626813,1.86520953,1.59414915,1.02709480,0.02101624,0.16209577,0.71922140,0.00973084
2.54227114,1.92084527,1.61348100,1.09591066,0.02029992,0.15855599,0.69883577,0.01006976
2.54827414,1.97860139,1.63176217,1.17049573,0.01954797,0.15503842,0.67609278,0.01041623
2.55427714,2.03916328,1.64967152,1.25136586,0.01877372,0.15169430,0.65126161,0.01077277
2.56028014,2.10327060,1.66794036,1.33903719,0.01799093,0.14867460,0.62464321,0.01114192
2.56628314,2.17169013,1.68732806,1.43400023,0.01721369,0.14612614,0.59656550,0.01152612
2.57228614,2.24518469,1.70859518,1.53669141,0.01645632,0.14418774,0.56737777,0.01192753
2.57828914,2.32447901,1.73247503,1.64746302,0.01573321,0.14298634,0.53744456,0.01234791
2.58429215,2.41022368,1.75964485,1.76655252,0.01505871,0.14263333,0.50713883,0.01278856
2.59029515,2.50295853,1.79069762,1.89405279,0.01444696,0.14322112,0.47683484,0.01325017
2.59629815,2.60307717,1.82611598,2.02988433,0.01391175,0.14482004,0.44690073,0.01373284
2.60230115,2.71079414,1.86624933,2.17377124,0.01346629,0.14747578,0.41769115,0.01423604
2.60830415,2.82611659,1.91129528,2.32522210,0.01312311,0.15120737,0.38954006,0.01475864
2.61430715,2.94882196,1.96128649,2.48351722,0.01289379,0.15600583,0.36275412,0.01529900
2.62031016,3.07844313,2.01608353,2.64770331,0.01278878,0.16183362,0.33760669,0.01585503
2.62631316,3.21426225,2.07537429,2.81659640,0.01281719,0.16862483,0.31433280,0.01642434
2.63231616,3.35531383,2.13868007,2.98879351,0.01298660,0.17628635,0.29312520,0.01700436
2.63831916,3.50039759,2.20536817,3.16269310,0.01330281,0.18469972,0.27413164,0.01759249
2.64432216,3.64810075,2.27467039,3.33652406,0.01376967,0.19372403,0.25745339,0.01818624
2.65032516,3.79682922,2.34570669,3.50838224,0.01438889,0.20319939,0.24314506,0.01878334
2.65632816,3.94484638,2.41751293,3.67627359,0.01515985,0.21295119,0.23121570,0.01938182
2.66233117,4.09031806,2.48907128,3.83816208,0.01607943,0.22279488,0.22163105,0.01998012
2.66833417,4.23136170,2.55934206,3.99202075,0.01714192,0.23254112,0.21431682,0.02057707
2.67433717,4.36609760,2.62729541,4.13588366,0.01833886,0.24200108,0.20916288,0.02117187
2.68034017,4.49270001,2.69194144,4.26789679,0.01965904,0.25099180,0.20602816,0.02176404
2.68634317,4.60944597,2.75235773,4.38636564,0.02108847,0.25934134,0.20474611,0.02235328
2.69234617,4.71475967,2.80771280,4.48979778,0.02261038,0.26689343,0.20513048,0.02293936
2.69834917,4.80725079,2.85728510,4.57693857,0.02420540,0.27351164,0.20698128,0.02352194
2.70435218,4.88574538,2.90047676,4.64679883,0.02585169,0.27908278,0.21009079,0.02410035
2.71035518,4.94930837,2.93682214,4.69867368,0.02752522,0.28351936,0.21424935,0.02467346
2.71635818,4.99725734,2.96599109,4.73215215,0.02920011,0.28676130,0.21925095,0.02523949
2.72236118,5.02916772,2.98778766,4.74711769,0.03084907,0.28877644,0.22489842,0.02579583
2.72836418,5.04486990,3.00214460,4.74374021,0.03244386,0.28956036,0.23100809,0.02633902
2.73436718,5.04443928,3.00911482,4.72246062,0.03395592,0.28913513,0.23741394,0.02686461
2.74037019,5.02818062,3.00886055,4.68396916,0.03535699,0.28754743,0.24397111,0.02736724
2.74637319,4.99660798,3.00164130,4.62917904,0.03661977,0.28486591,0.25055863,0.02784069
2.75237619,4.95042197,2.98780142,4.55919694,0.03771866,0.28117818,0.25708155,0.02827804
2.75837919,4.89048572,2.96775823,4.47529200,0.03863044,0.27658744,0.26347218,0.02867185
2.76438219,4.81780083,2.94199111,4.37886460,0.03933497,0.27120891,0.26969053,0.02901443
2.77038519,4.73348444,2.91103201,4.27141619,0.03981580,0.26516633,0.27572395,0.02929817
2.77638819,4.63874806,2.87545757,4.15452111,0.04006074,0.25858857,0.28158586,0.02951583
2.78239120,4.53487860,2.83588262,4.02980077,0.04006223,0.25160643,0.28731367,0.02966093
2.78839420,4.42322153,2.79295476,3.89890058,0.03981777,0.24434980,0.29296588,0.02972807
2.79439720,4.30516600,2.74734965,3.76346953,0.03932996,0.23694513,0.29861836,0.02971324
2.80040020,4.18213129,2.69976633,3.62514193,0.03860663,0.22951326,0.30435999,0.02961412
2.80640320,4.05555399,2.65092198,3.48552099,0.03766066,0.22216763,0.31028765,0.02943033
2.81240620,3.92687508,2.60154569,3.34616352,0.03650970,0.21501277,0.31650083,0.02916350
2.81840920,3.79752642,2.55237076,3.20856518,0.03517577,0.20814308,0.32309593,0.02881745
2.82441221,3.66891591,2.50412527,3.07414586,0.03368478,0.20164183,0.33016048,0.02839814
2.83041521,3.54241121,2.45752105,2.94423477,0.03206583,0.19558040,0.33776763,0.02791358
2.83641821,3.41932193,2.41324118,2.82005524,0.03035063,0.19001762,0.34597096,0.02737369
2.84242121,3.30088058,2.37192655,2.70270932,0.02857273,0.18499934,0.35480006,0.02679009
2.84842421,3.18822292,2.33416214,2.59316271,0.02676685,0.18055807,0.36425698,0.02617574
2.85442721,3.08236849,2.30046384,2.49223044,0.02496819,0.17671289,0.37431392,0.02554468
2.86043022,2.98420241,2.27126671,2.40056436,0.02321181,0.17346950,0.38491214,0.02491164
2.86643322,2.89445948,2.24691553,2.31864311,0.02153203,0.17082053,0.39596250,0.02429162
2.87243622,2.81371164,2.22765847,2.24676552,0.01996199,0.16874608,0.40734734,0.02369959
2.87843922,2.74235992,2.21364434,2.18504821,0.01853321,0.16721466,0.41892405,0.02315007
2.88444222,2.68063131,2.20492391,2.13342799,0.01727527,0.16618432,0.43052984,0.02265683
2.89044522,2.62858121,2.20145516,2.09166934,0.01621554,0.16560420,0.44198781,0.02223258
2.89644822,2.58610135,2.20311231,2.05937704,0.01537896,0.16541630,0.45311393,0.02188874
2.90245123,2.55293288,2.20969773,2.03601354,0.01478790,0.16555745,0.46372446,0.02163523
2.90845423,2.52868387,2.22095613,2.02092047,0.01446193,0.16596155,0.47364362,0.02148030
2.91445723,2.51285011,2.23658956,2.01334328,0.01441770,0.16656174,0.48271091,0.02143046
2.92046023,2.50483796,2.25627218,2.01245782,0.01466869,0.16729263,0.49078777,0.02149034
2.92646323,2.50398769,2.27966330,2.01739748,0.01522502,0.16809228,0.49776299,0.02166269
2.93246623,2.50959588,2.30641767,2.02727952,0.01609313,0.16890396,0.50355681,0.02194835
2.93846923,2.52093537,2.33619185,2.04122913,0.01727543,0.16967756,0.50812317,0.02234619
2.94447224,2.53727173,2.36864616,2.05840019,0.01877000,0.17037047,0.51145006,0.02285316
2.95047524,2.55787534,2.40344180,2.07799174,0.02057012,0.17094802,0.51355804,0.02346426
2.95647824,2.58202863,2.44023340,2.09925955,0.02266394,0.17138343,0.51449679,0.02417255
2.96248124,2.60902855,2.47865762,2.12152267,0.02503415,0.17165721,0.51434008,0.02496918
2.96848424,2.63818483,2.51831884,2.14416513,0.02765765,0.17175610,0.51317944,0.02584343
2.97448724,2.66881482,2.55877345,2.16663338,0.03050549,0.17167179,0.51111690,0.02678274
2.98049025,2.70023625,2.59951430,2.18843040,0.03354280,0.17139924,0.50825734,0.02777285
2.98649325,2.73175937,2.63995722,2.20910765,0.03672900,0.17093499,0.50470085,0.02879789
2.99249625,2.76268006,2.67943139,2.22825608,0.04001822,0.17027549,0.50053581,0.02984065
2.99849925,2.79227545,2.71717507,2.24549757,0.04335993,0.16941562,0.49583288,0.03088274
3.00450225,2.81980324,2.75233811,2.26047798,0.04669980,0.16834745,0.49064058,0.03190503
3.01050525,2.84450595,2.78399192,2.27286280,0.04998083,0.16705944,0.48498245,0.03288794
3.01650825,2.86562038,2.81114722,2.28233606,0.05314463,0.16553612,0.47885629,0.03381195
3.02251126,2.88239247,2.83277929,2.28860285,0.05613293,0.16375819,0.47223520,0.03465808
3.02851426,2.89409703,2.84785978,2.29139529,0.05888914,0.16170326,0.46507056,0.03540842
3.03451726,2.90006129,2.85539348,2.29048156,0.06136006,0.15934685,0.45729656,0.03604667
3.04052026,2.89969095,2.85445838,2.28567707,0.06349745,0.15666391,0.44883616,0.03655863
3.04652326,2.89249674,2.84424648,2.27685668,0.06525963,0.15363053,0.43960779,0.03693274
3.05252626,2.87811979,2.82410304,2.26396668,0.06661285,0.15022582,0.42953258,0.03716042
3.05852926,2.85635359,2.79356189,2.24703523,0.06753242,0.14643378,0.41854155,0.03723642
3.06453227,2.82716091,2.75237441,2.22617988,0.06800364,0.14224502,0.40658222,0.03715902
3.07053527,2.79068394,2.70053036,2.20161123,0.06802224,0.13765826,0.39362438,0.03693010
3.07653827,2.74724654,2.63826907,2.17363172,0.06759458,0.13268147,0.37966450,0.03655505
3.08254127,2.69734816,2.56608028,2.14262935,0.06673740,0.12733249,0.36472872,0.03604258
3.08854427,2.64164917,2.48469415,2.10906615,0.06547723,0.12163929,0.34887409,0.03540442
3.09454727,2.58094833,2.39506122,2.07346185,0.06384939,0.11563964,0.33218818,0.03465479
3.10055028,2.51615333,2.29832298,2.03637352,0.06189672,0.10938030,0.31478708,0.03380993
3.10655328,2.44824625,2.19577506,1.99837244,0.05966809,0.10291585,0.29681191,0.03288746
3.11255628,2.37824556,2.08882459,1.96001933,0.05721665,0.09630709,0.27842420,0.03190573
3.11855928,2.30716705,1.97894430,1.92183982,0.05459805,0.08961921,0.25980036,0.03088317
3.12456228,2.23598578,1.86762558,1.88430134,0.05186860,0.08291981,0.24112567,0.02983772
3.13056528,2.16560116,1.75633289,1.84779319,0.04908353,0.07627685,0.22258798,0.02878621
3.13656828,2.09680709,1.64646157,1.81261083,0.04629532,0.06975668,0.20437174,0.02774391
3.14257129,2.03026861,1.53930098,1.77894551,0.04355228,0.06342226,0.18665232,0.02672419
3.14857429,1.96650609,1.43600428,1.74687970,0.04089740,0.05733148,0.16959116,0.02573821
3.15457729,1.90588757,1.33756593,1.71638866,0.03836742,0.05153597,0.15333173,0.02479485
3.16058029,1.84862917,1.24480711,1.68734775,0.03599229,0.04608007,0.13799658,0.02390065
3.16658329,1.79480319,1.15836934,1.65954514,0.03379488,0.04100021,0.12368541,0.02305991
3.17258629,1.74435278,1.07871552,1.63269885,0.03179102,0.03632466,0.11047414,0.02227489
3.17858929,1.69711216,1.00613766,1.60647697,0.02998985,0.03207356,0.09841506,0.02154610
3.18459230,1.65283048,0.94077018,1.58051978,0.02839436,0.02825918,0.08753770,0.02087253
3.19059530,1.61119797,0.88260729,1.55446240,0.02700211,0.02488650,0.07785043,0.02025210
3.19659830,1.57187238,0.83152316,1.52795653,0.02580616,0.02195389,0.06934264,0.01968191
3.20260130,1.53450433,0.78729335,1.50069005,0.02479604,0.01945391,0.06198713,0.01915866
3.20860430,1.49875988,0.74961626,1.47240353,0.02395869,0.01737413,0.05574278,0.01867885
3.21460730,1.46433940,0.71813347,1.44290264,0.02327948,0.01569805,0.05055713,0.01823911
3.22061031,1.43099180,0.69244790,1.41206625,0.02274303,0.01440584,0.04636894,0.01783631
3.22661331,1.39852360,0.67213941,1.37984976,0.02233405,0.01347513,0.04311038,0.01746773
3.23261631,1.36680289,0.65677729,1.34628387,0.02203787,0.01288160,0.04070913,0.01713108
3.23861931,1.33575829,0.64592962,1.31146931,0.02184096,0.01259954,0.03908997,0.01682451
3.24462231,1.30537360,0.63916971,1.27556789,0.02173117,0.01260226,0.03817619,0.01654654
3.25062531,1.27567878,0.63607992,1.23879092,0.02169784,0.01286245,0.03789063,0.01629597
3.25662831,1.24673846,0.63625355,1.20138584,0.02173175,0.01335236,0.03815648,0.01607175
3.26263132,1.21863897,0.63929527,1.16362201,0.02182493,0.01404410,0.03889793,0.01587285
3.26863432,1.19147498,0.64482092,1.12577670,0.02197034,0.01490971,0.04004065,0.01569817
3.27463732,1.16533694,0.65245732,1.08812207,0.02216156,0.01592135,0.04151222,0.01554636
3.28064032,1.14030021,0.66184263,1.05091406,0.02239236,0.01705146,0.04324262,0.01541583
3.28664332,1.11641669,0.67262788,1.01438363,0.02265629,0.01827298,0.04516464,0.01530465
3.29264632,1.09370950,0.68447982,0.97873078,0.02294636,0.01955956,0.04721455,0.01521061
3.29864932,1.07217102,0.69708541,0.94412165,0.02325474,0.02088587,0.04933274,0.01513125
3.30465233,1.05176439,0.71015773,0.91068845,0.02357258,0.02222797,0.05146451,0.01506397
3.31065533,1.03242824,0.72344333,0.87853221,0.02388994,0.02356363,0.05356097,0.01500616
3.31665833,1.01408421,0.73673031,0.84772776,0.02419582,0.02487281,0.05557995,0.01495540
3.32266133,0.99664667,0.74985691,0.81833054,0.02447838,0.02613807,0.05748697,0.01490963
3.32866433,0.98003388,0.76271978,0.79038446,0.02472516,0.02734493,0.05925609,0.01486734
3.33466733,0.96417972,0.77528132,0.76393031,0.02492354,0.02848230,0.06087078,0.01482774
3.34067034,0.94904508,0.78757554,0.73901376,0.02506112,0.02954273,0.06232448,0.01479097
3.34667334,0.93462810,0.79971153,0.71569264,0.02512631,0.03052265,0.06362110,0.01475817
3.35267634,0.92097242,0.81187441,0.69404261,0.02510875,0.03142246,0.06477517,0.01473157
3.35867934,0.90817290,0.82432304,0.67416099,0.02499991,0.03224651,0.06581177,0.01471454
3.36468234,0.89637819,0.83738446,0.65616844,0.02479345,0.03300299,0.06676610,0.01471152
3.37068534,0.88578999,0.85144504,0.64020818,0.02448565,0.03370360,0.06768286,0.01472793
3.37668834,0.87665895,0.86693837,0.62644300,0.02407566,0.03436318,0.06861523,0.01477002
3.38269135,0.86927712,0.88433039,0.61504996,0.02356563,0.03499922,0.06962364,0.01484465
3.38869435,0.86396763,0.90410218,0.60621333,0.02296078,0.03563124,0.07077436,0.01495904
3.39469735,0.86107175,0.92673107,0.60011594,0.02226923,0.03628015,0.07213781,0.01512043
3.40070035,0.86093410,0.95267076,0.59692959,0.02150179,0.03696754,0.07378679,0.01533585
3.40670335,0.86388672,0.98233137,0.59680488,0.02067162,0.03771498,0.07579461,0.01561172
3.41270635,0.87023267,1.01606001,0.59986115,0.01979372,0.03854334,0.07823314,0.01595354
3.41870935,0.88022991,1.05412275,0.60617691,0.01888446,0.03947209,0.08117087,0.01636564
3.42471236,0.89407623,1.09668873,0.61578128,0.01796095,0.04051875,0.08467093,0.01685082
3.43071536,0.91189570,1.14381686,0.62864685,0.01704045,0.04169831,0.08878923,0.01741022
3.43671836,0.93372741,1.19544568,0.64468426,0.01613975,0.04302280,0.09357258,0.01804305
3.44272136,0.95951673,1.25138674,0.66373868,0.01527461,0.04450088,0.09905695,0.01874652
3.44872436,0.98910944,1.31132173,0.68558849,0.01445922,0.04613756,0.10526576,0.01951575
3.45472736,1.02224908,1.37480338,0.70994600,0.01370575,0.04793396,0.11220836,0.02034379
3.46073037,1.05857737,1.44126022,0.73646037,0.01302399,0.04988710,0.11987861,0.02122168
3.46673337,1.09763792,1.51000506,0.76472254,0.01242109,0.05198984,0.12825368,0.02213860
3.47273637,1.13888295,1.58024693,0.79427209,0.01190139,0.05423076,0.13729301,0.02308201
3.47873937,1.18168294,1.65110634,0.82460580,0.01146638,0.05659418,0.14693766,0.02403797
3.48474237,1.22533902,1.72163332,0.85518767,0.01111475,0.05906017,0.15710992,0.02499136
3.49074537,1.26909766,1.79082800,0.88546019,0.01084257,0.06160467,0.16771336,0.02592630
3.49674837,1.31216739,1.85766321,0.91485659,0.01064352,0.06419965,0.17863344,0.02682647
3.50275138,1.35373718,1.92110846,0.94281366,0.01050921,0.06681333,0.18973856,0.02767552
3.50875438,1.39299595,1.98015491,0.96878493,0.01042956,0.06941055,0.20088180,0.02845751
3.51475738,1.42915268,2.03384056,0.99225378,0.01039327,0.07195322,0.21190324,0.02915733
3.52076038,1.46145676,2.08127494,1.01274623,0.01038822,0.07440090,0.22263297,0.02976106
3.52676338,1.48921772,2.12166266,1.02984288,0.01040196,0.07671152,0.23289468,0.03025644
3.53276638,1.51182398,2.15432513,1.04318981,0.01042217,0.07884220,0.24250979,0.03063316
3.53876938,1.52875988,2.17871949,1.05250791,0.01043709,0.08075026,0.25130206,0.03088320
3.54477239,1.53962044,2.19445435,1.05760048,0.01043593,0.08239422,0.25910251,0.03100108
3.55077539,1.54412333,2.20130154,1.05835868,0.01040917,0.08373498,0.26575442,0.03098404
3.55677839,1.54211748,2.19920342,1.05476467,0.01034890,0.08473702,0.27111840,0.03083212
3.56278139,1.53358816,2.18827540,1.04689228,0.01024901,0.08536948,0.27507709,0.03054824
3.56878439,1.51865807,2.16880358,1.03490514,0.01010535,0.08560735,0.27753951,0.03013807
3.57478739,1.49758447,2.14123733,1.01905226,0.00991581,0.08543240,0.27844465,0.02960995
3.58079040,1.47075242,2.10617727,0.99966130,0.00968033,0.08483405,0.27776426,0.02897461
3.58679340,1.43866423,2.06435887,0.97712960,0.00940088,0.08380997,0.27550468,0.02824490
3.59279640,1.40192571,2.01663240,0.95191346,0.00908132,0.08236648,0.27170758,0.02743543
3.59879940,1.36122950,1.96393989,0.92451591,0.00872730,0.08051868,0.26644949,0.02656217
3.60480240,1.31733627,1.90729004,0.89547353,0.00834605,0.07829025,0.25984034,0.02564198
3.61080540,1.27105443,1.84773191,0.86534266,0.00794619,0.07571310,0.25202085,0.02469218
3.61680840,1.22321915,1.78632848,0.83468562,0.00753756,0.07282662,0.24315900,0.02373008
3.62281141,1.17467131,1.72413076,0.80405732,0.00713095,0.06967688,0.23344574,0.02277254
3.62881441,1.12623732,1.66215353,0.77399259,0.00673797,0.06631547,0.22309015,0.02183553
3.63481741,1.07871028,1.60135325,0.74499482,0.00637084,0.06279841,0.21231422,0.02093378
3.64082041,1.03283312,1.54260881,0.71752596,0.00604222,0.05918489,0.20134763,0.02008044
3.64682341,0.98928417,1.48670558,0.69199820,0.00576510,0.05553603,0.19042256,0.01928680
3.65282641,0.94866554,1.43432299,0.66876749,0.00555268,0.05191370,0.17976897,0.01856211
3.65882941,0.91149445,1.38602583,0.64812892,0.00541829,0.04837949,0.16961043,0.01791343
3.66483242,0.87819761,1.34225926,0.63031390,0.00537529,0.04499381,0.16016059,0.01734555
3.67083542,0.84910865,1.30334746,0.61548923,0.00543699,0.04181512,0.15162056,0.01686100
3.67683842,0.82446847,1.26949574,0.60375783,0.00561663,0.03889944,0.14417704,0.01646010
3.68284142,0.80442832,1.24079577,0.59516104,0.00592724,0.03630003,0.13800136,0.01614112
3.68884442,0.78905520,1.21723374,0.58968231,0.00638158,0.03406719,0.13324921,0.01590038
3.69484742,0.77833943,1.19870095,0.58725216,0.00699199,0.03224829,0.13006100,0.01573254
3.70085043,0.77220389,1.18500649,0.58775423,0.00777028,0.03088788,0.12856266,0.01563084
3.70685343,0.77051454,1.17589163,0.59103213,0.00872756,0.03002787,0.12886674,0.01558741
3.71285643,0.77309181,1.17104531,0.59689704,0.00987403,0.02970768,0.13107339,0.01559360
3.71885943,0.77972246,1.17012039,0.60513579,0.01121877,0.02996443,0.13527127,0.01564032
3.72486243,0.79017147,1.17275001,0.61551920,0.01276958,0.03083293,0.14153793,0.01571842
3.73086543,0.80419346,1.17856370,0.62781055,0.01453271,0.03234562,0.14993966,0.01581901
3.73686843,0.82154345,1.18720251,0.64177389,0.01651271,0.03453231,0.16053051,0.01593382
3.74287144,0.84198640,1.19833278,0.65718200,0.01871226,0.03741965,0.17335058,0.01605557
3.74887444,0.86530535,1.21165807,0.67382383,0.02113203,0.04103053,0.18842338,0.01617817
3.75487744,0.89130792,1.22692872,0.69151107,0.02377064,0.04538318,0.20575250,0.01629702
3.76088044,0.91983083,1.24394885,0.71008389,0.02662463,0.05049017,0.22531758,0.01640922
3.76688344,0.95074257,1.26258046,0.72941542,0.02968851,0.05635724,0.24706988,0.01651363
3.77288644,0.98394395,1.28274450,0.74941492,0.03295488,0.06298211,0.27092769,0.01661098
3.77888944,1.01936675,1.30441908,0.77002961,0.03641459,0.07035330,0.29677196,0.01670385
3.78489245,1.05697046,1.32763481,0.79124490,0.04005694,0.07844900,0.32444237,0.01679656
3.79089545,1.09673740,1.35246762,0.81308314,0.04386989,0.08723612,0.35373434,0.01689502
3.79689845,1.13866639,1.37902946,0.83560076,0.04784026,0.09666957,0.38439733,0.01700649
3.80290145,1.18276534,1.40745736,0.85888394,0.05195400,0.10669188,0.41613459,0.01713927
3.80890445,1.22904297,1.43790137,0.88304294,0.05619628,0.11723315,0.44860479,0.01730236
3.81490745,1.27750014,1.47051196,0.90820506,0.06055159,0.12821137,0.48142563,0.01750508
3.82091046,1.32812097,1.50542733,0.93450667,0.06500379,0.13953326,0.51417934,0.01775661
3.82691346,1.38086424,1.54276137,0.96208428,0.06953601,0.15109544,0.54642034,0.01806560
3.83291646,1.43565522,1.58259241,0.99106515,0.07413049,0.16278605,0.57768455,0.01843968
3.83891946,1.49237828,1.62495336,1.02155758,0.07876835,0.17448666,0.60750029,0.01888513
3.84492246,1.55087062,1.66982337,1.05364127,0.08342928,0.18607457,0.63540027,0.01940646
3.85092546,1.61091708,1.71712125,1.08735807,0.08809118,0.19742520,0.66093427,0.02000609
3.85692846,1.67224656,1.76670080,1.12270366,0.09272983,0.20841469,0.68368192,0.02068413
3.86293147,1.73452996,1.81834798,1.15962020,0.09731858,0.21892246,0.70326507,0.02143819
3.86893447,1.79737993,1.87178000,1.19799072,0.10182806,0.22883374,0.71935921,0.02226329
3.87493747,1.86035254,1.92664637,1.23763530,0.10622605,0.23804190,0.73170336,0.02315188
3.88094047,1.92295104,1.98253179,1.27830955,0.11047749,0.24645063,0.74010804,0.02409395
3.88694347,1.98463180,2.03896100,1.31970558,0.11454466,0.25397572,0.74446095,0.02507718
3.89294647,2.04481247,2.09540547,1.36145574,0.11838748,0.26054659,0.74473014,0.02608728
3.89894947,2.10288258,2.15129210,1.40313919,0.12196414,0.26610744,0.74096448,0.02710830
3.90495248,2.15821632,2.20601395,1.44429142,0.12523182,0.27061808,0.73329156,0.02812309
3.91095548,2.21018773,2.25894288,1.48441655,0.12814761,0.27405440,0.72191304,0.02911378
3.91695848,2.25818787,2.30944429,1.52300233,0.13066960,0.27640858,0.70709779,0.03006228
3.92296148,2.30164388,2.35689369,1.55953743,0.13275808,0.27768900,0.68917308,0.03095086
3.92896448,2.34003946,2.40069501,1.59353056,0.13437676,0.27792000,0.66851439,0.03176265
3.93496748,2.37293631,2.44030026,1.62453097,0.13549407,0.27714146,0.64553407,0.03248220
3.94097049,2.39999583,2.47523013,1.65214947,0.13608436,0.27540827,0.62066957,0.03309596
3.94697349,2.42100042,2.50509491,1.67607939,0.13612901,0.27278974,0.59437149,0.03359271
3.95297649,2.43587343,2.52961500,1.69611644,0.13561742,0.26936891,0.56709213,0.03396395
3.95897949,2.44469694,2.54864015,1.71217682,0.13454780,0.26524192,0.53927464,0.03420416
3.96498249,2.44772622,2.56216648,1.72431244,0.13292768,0.26051718,0.51134336,0.03431102
3.97098549,2.44540021,2.57035035,1.73272261,0.13077423,0.25531463,0.48369537,0.03428551
3.97698849,2.43834680,2.57351808,1.73776127,0.12811427,0.24976476,0.45669361,0.03413191
3.98299150,2.42738232,2.57217066,1.73993920,0.12498399,0.24400760,0.43066143,0.03385767
3.98899450,2.41350445,2.56698274,1.73992055,0.12142843,0.23819150,0.40587885,0.03347326
3.99499750,2.39787830,2.55879525,1.73851342,0.11750066,0.23247164,0.38258021,0.03299186
4.00100050,2.38181520,2.54860145,1.73665438,0.11326073,0.22700837,0.36095331,0.03242899
4.00700350,2.36674455,2.53752628,1.73538688,0.10877444,0.22196524,0.34113980,0.03180211
4.01300650,2.35417898,2.52679929,1.73583404,0.10411187,0.21750675,0.32323671,0.03113006
4.01900950,2.34567360,2.51772171,1.73916637,0.09934585,0.21379580,0.30729889,0.03043264
4.02501251,2.34278035,2.51162857,1.74656519,0.09455028,0.21099092,0.29334224,0.02972998
4.03101551,2.34699888,2.50984687,1.75918302,0.08979849,0.20924330,0.28134745,0.02904204
4.03701851,2.35972549,2.51365138,1.77810201,0.08516150,0.20869364,0.27126428,0.02838809
4.04302151,2.38220202,2.52421941,1.80429213,0.08070647,0.20946898,0.26301596,0.02778614
4.04902451,2.41546666,2.54258644,1.83857056,0.07649516,0.21167952,0.25650387,0.02725258
4.05502751,2.46030882,2.56960417,1.88156403,0.07258259,0.21541565,0.25161213,0.02680170
4.06103052,2.51722999,2.60590298,1.93367580,0.06901593,0.22074514,0.24821220,0.02644540
4.06703352,2.58641275,2.65186016,1.99505880,0.06583359,0.22771077,0.24616727,0.02619292
4.07303652,2.66769942,2.70757570,2.06559657,0.06306458,0.23632845,0.24533652,0.02605069
4.07903952,2.76058209,2.77285673,2.14489296,0.06072824,0.24658580,0.24557898,0.02602224
4.08504252,2.86420493,2.84721165,2.23227180,0.05883421,0.25844156,0.24675725,0.02610820
4.09104552,2.97737932,2.92985475,2.32678688,0.05738272,0.27182557,0.24874070,0.02630643
4.09704852,3.09861207,3.01972129,2.42724250,0.05636531,0.28663963,0.25140842,0.02661220
4.10305153,3.22614601,3.11549329,2.53222420,0.05576565,0.30275904,0.25465163,0.02701842
4.10905453,3.35801197,3.21563513,2.64013894,0.05556078,0.32003503,0.25837576,0.02751603
4.11505753,3.49209043,3.31843821,2.74926348,0.05572246,0.33829775,0.26250191,0.02809435
4.12106053,3.62618072,3.42207316,2.85779920,0.05621874,0.35736004,0.26696795,0.02874152
4.12706353,3.75807506,3.52464796,2.96393139,0.05701555,0.37702165,0.27172891,0.02944500
4.13306653,3.88563454,3.62426981,3.06589073,0.05807838,0.39707388,0.27675694,0.03019198
4.13906953,4.00686384,3.71910860,3.16201421,0.05937381,0.41730450,0.28204066,0.03096990
4.14507254,4.11998145,3.80745949,3.25080327,0.06087098,0.43750272,0.28758387,0.03176686
4.15107554,4.22348231,3.88780211,3.33097619,0.06254281,0.45746413,0.29340374,0.03257204
4.15707854,4.31619001,3.95885406,3.40151284,0.06436692,0.47699535,0.29952846,0.03337598
4.16308154,4.39729602,4.01961647,3.46168931,0.06632631,0.49591829,0.30599437,0.03417093
4.16908454,4.46638420,4.06940953,3.51110120,0.06840963,0.51407382,0.31284259,0.03495093
4.17508754,4.52343909,4.10789656,3.54967414,0.07061103,0.53132478,0.32011544,0.03571197
4.18109055,4.56883775,4.13509528,3.57766110,0.07292976,0.54755813,0.32785248,0.03645193
4.18709355,4.60332511,4.15137567,3.59562656,0.07536932,0.56268627,0.33608652,0.03717049
4.19309655,4.62797391,4.15744423,3.60441806,0.07793633,0.57664742,0.34483960,0.03786889
4.19909955,4.64413094,4.15431509,3.60512637,0.08063922,0.58940502,0.35411928,0.03854971
4.20510255,4.65335173,4.14326872,3.59903602,0.08348665,0.60094629,0.36391512,0.03921643
4.21110555,4.65732667,4.12579991,3.58756812,0.08648593,0.61127987,0.37419585,0.03987310
4.21710855,4.65780164,4.10355663,3.57221815,0.08964137,0.62043279,0.38490706,0.04052382
4.22311156,4.65649656,4.07827222,3.55449113,0.09295283,0.62844668,0.39596980,0.04117232
4.22911456,4.65502536,4.05169351,3.53583696,0.09641428,0.63537365,0.40728002,0.04182152
4.23511756,4.65482079,4.02550743,3.51758870,0.10001283,0.64127174,0.41870909,0.04247308
4.24112056,4.65706720,4.00126931,3.50090609,0.10372786,0.64620036,0.43010520,0.04312705
4.24712356,4.66264415,3.98033555,3.48672693,0.10753068,0.65021574,0.44129590,0.04378158
4.25312656,4.67208306,3.96380361,3.47572781,0.11138445,0.65336677,0.45209157,0.04443271
4.25912956,4.68553893,3.95246181,3.46829623,0.11524457,0.65569127,0.46228969,0.04507427
4.26513257,4.70277800,3.94675129,3.46451472,0.11905944,0.65721300,0.47167996,0.04569789
4.27113557,4.72318215,3.94674191,3.46415791,0.12277152,0.65793953,0.48004992,0.04629311
4.27713857,4.74576973,3.95212344,3.46670233,0.12631873,0.65786108,0.48719089,0.04684762
4.28314157,4.76923200,3.96221288,3.47134877,0.12963608,0.65695050,0.49290419,0.04734760
4.28914457,4.79198395,3.97597778,3.47705609,0.13265747,0.65516436,0.49700713,0.04777817
4.29514757,4.81222735,3.99207520,3.48258527,0.13531759,0.65244521,0.49933883,0.04812388
4.30115058,4.82802360,4.00890491,3.48655180,0.13755386,0.64872489,0.49976544,0.04836932
4.30715358,4.83737360,4.02467481,3.48748446,0.13930828,0.64392880,0.49818465,0.04849972
4.31315658,4.83830135,4.03747619,3.48388805,0.14052919,0.63798097,0.49452936,0.04850162
4.31915958,4.82893805,4.04536558,3.47430757,0.14117287,0.63080966,0.48877026,0.04836342
4.32516258,4.80760323,4.04644972,3.45739128,0.14120484,0.62235327,0.48091740,0.04807605
4.33116558,4.77287960,4.03897001,3.43195000,0.14060098,0.61256617,0.47102047,0.04763343
4.33716858,4.72367858,4.02138257,3.39701032,0.13934828,0.60142424,0.45916802,0.04703293
4.34317159,4.65929367,3.99243015,3.35185935,0.13744525,0.58892975,0.44548548,0.04627569
4.34917459,4.57943943,3.95120268,3.29607936,0.13490210,0.57511530,0.43013216,0.04536680
4.35517759,4.48427441,3.89718335,3.22957062,0.13174043,0.56004650,0.41329726,0.04431535
4.36118059,4.37440676,3.83027806,3.15256164,0.12799279,0.54382325,0.39519512,0.04313437
4.36718359,4.25088248,3.75082680,3.06560634,0.12370177,0.52657950,0.37605979,0.04184055
4.37318659,4.11515651,3.65959613,2.96956819,0.11891895,0.50848129,0.35613918,0.04045385
4.37918959,3.96904779,3.55775328,2.86559223,0.11370355,0.48972330,0.33568893,0.03899700
4.38519260,3.81468025,3.44682287,2.75506599,0.10812097,0.47052376,0.31496625,0.03749487
4.39119560,3.65441200,3.32862826,2.63957107,0.10224111,0.45111814,0.29422379,0.03597370
4.39719860,3.49075580,3.20522050,2.52082768,0.09613671,0.43175180,0.27370400,0.03446034
4.40320160,3.32629398,3.07879788,2.40063417,0.08988161,0.41267181,0.25363375,0.03298139
4.40920460,3.16359137,2.95162012,2.28080456,0.08354906,0.39411853,0.23421980,0.03156238
4.41520760,3.00510987,2.82592111,2.16310632,0.07721011,0.37631717,0.21564478,0.03022690
4.42121061,2.85312806,2.70382411,2.04920132,0.07093216,0.35946982,0.19806419,0.02899592
4.42721361,2.70966897,2.58726329,1.94059200,0.06477766,0.34374835,0.18160419,0.02788705
4.43321661,2.57643900,2.47791508,1.83857518,0.05880303,0.32928840,0.16636027,0.02691401
4.43921961,2.45478006,2.37714206,1.74420497,0.05305782,0.31618498,0.15239699,0.02608621
4.44522261,2.34563663,2.28595179,1.65826617,0.04758414,0.30448964,0.13974839,0.02540848
4.45122561,2.24953875,2.20497195,1.58125885,0.04241627,0.29420961,0.12841942,0.02488093
4.45722861,2.16660118,2.13444231,1.51339445,0.03758065,0.28530869,0.11838800,0.02449909
4.46323162,2.09653826,2.07422361,1.45460299,0.03309594,0.27771007,0.10960775,0.02425402
4.46923462,2.03869344,2.02382218,1.40455081,0.02897344,0.27130080,0.10201126,0.02413280
4.47523762,1.99208175,1.98242864,1.36266763,0.02521759,0.26593771,0.09551373,0.02411897
4.48124062,1.95544305,1.94896855,1.32818127,0.02182667,0.26145457,0.09001692,0.02419320
4.48724362,1.92730349,1.92216208,1.30015854,0.01879355,0.25766995,0.08541316,0.02433401
4.49324662,1.90604233,1.90058975,1.27755005,0.01610656,0.25439568,0.08158939,0.02451857
4.49924962,1.88996120,1.88276091,1.25923701,0.01375033,0.25144517,0.07843107,0.02472349
4.50525263,1.87735281,1.86718176,1.24407811,0.01170671,0.24864151,0.07582577,0.02492569
4.51125563,1.86656635,1.85241992,1.23095425,0.00995551,0.24582479,0.07366649,0.02510312
4.51725863,1.85606690,1.83716250,1.21880968,0.00847531,0.24285831,0.07185445,0.02523557
4.52326163,1.84448688,1.82026567,1.20668789,0.00724411,0.23963356,0.07030143,0.02530521
4.52926463,1.83066756,1.80079357,1.19376109,0.00623988,0.23607366,0.06893152,0.02529718
4.53526763,1.81368961,1.77804553,1.17935251,0.00544105,0.23213515,0.06768235,0.02519995
4.54127064,1.79289187,1.75157094,1.16295094,0.00482681,0.22780822,0.06650568,0.02500555
4.54727364,1.76787833,1.72117168,1.14421759,0.00437736,0.22311528,0.06536755,0.02470972
4.55327664,1.73851368,1.68689297,1.12298534,0.00407410,0.21810812,0.06424785,0.02431183
4.55927964,1.70490844,1.64900356,1.09925107,0.00389962,0.21286388,0.06313954,0.02381474
4.56528264,1.66739486,1.60796710,1.07316195,0.00383771,0.20747999,0.06204748,0.02322446
4.57128564,1.62649553,1.56440654,1.04499662,0.00387333,0.20206843,0.06098701,0.02254979
4.57728864,1.58288636,1.51906384,1.01514270,0.00399243,0.19674966,0.05998241,0.02180181
4.58329165,1.53735621,1.47275719,0.98407169,0.00418188,0.19164652,0.05906519,0.02099336
4.58929465,1.49076512,1.42633817,0.95231277,0.00442933,0.18687831,0.05827252,0.02013848
4.59529765,1.44400314,1.38065078,0.92042663,0.00472305,0.18255551,0.05764558,0.01925184
4.60130065,1.39795165,1.33649432,0.88898045,0.00505188,0.17877520,0.05722820,0.01834815
4.60730365,1.35344853,1.29459153,0.85852517,0.00540511,0.17561739,0.05706555,0.01744173
4.61330665,1.31125851,1.25556314,0.82957553,0.00577251,0.17314247,0.05720306,0.01654601
4.61930965,1.27204946,1.21990943,0.80259365,0.00614424,0.17138971,0.05768556,0.01567316
4.62531266,1.23637510,1.18799909,0.77797634,0.00651098,0.17037683,0.05855647,0.01483382
4.63131566,1.20466413,1.16006505,0.75604623,0.00686399,0.17010060,0.05985722,0.01403690
4.63731866,1.17721556,1.13620682,0.73704665,0.00719521,0.17053831,0.06162666,0.01328945
4.64332166,1.15419972,1.11639837,0.72113982,0.00749742,0.17164998,0.06390050,0.01259665
4.64932466,1.13566408,1.10050056,0.70840815,0.00776443,0.17338111,0.06671070,0.01196184
4.65532766,1.12154296,1.08827683,0.69885794,0.00799126,0.17566575,0.07008475,0.01138665
4.66133067,1.11167019,1.07941086,0.69242498,0.00817431,0.17842971,0.07404482,0.01087115
4.66733367,1.10579367,1.07352519,0.68898162,0.00831160,0.18159375,0.07860675,0.01041407
4.67333667,1.10359093,1.07019949,0.68834463,0.00840293,0.18507652,0.08377891,0.01001304
4.67933967,1.10468477,1.06898779,0.69028355,0.00845009,0.18879715,0.08956090,0.00966479
4.68534267,1.10865855,1.06943394,0.69452913,0.00845697,0.19267741,0.09594227,0.00936548
4.69134567,1.11507042,1.07108482,0.70078168,0.00842978,0.19664340,0.10290115,0.00911084
4.69734867,1.12346644,1.07350128,0.70871904,0.00837715,0.20062667,0.11040316,0.00889648
4.70335168,1.13339228,1.07626675,0.71800438,0.00831025,0.20456489,0.11840042,0.00871805
4.70935468,1.14440375,1.07899372,0.72829357,0.00824289,0.20840211,0.12683102,0.00857142
4.71535768,1.15607613,1.08132858,0.73924239,0.00819160,0.21208866,0.13561896,0.00845284
4.72136068,1.16801267,1.08295510,0.75051352,0.00817572,0.21558085,0.14467462,0.00835905
4.72736368,1.17985233,1.08359710,0.76178342,0.00821741,0.21884046,0.15389595,0.00828738
4.73336668,1.19127712,1.08302073,0.77274925,0.00834170,0.22183434,0.16317030,0.00823583
4.73936968,1.20201900,1.08103660,0.78313548,0.00857644,0.22453396,0.17237699,0.00820308
4.74537269,1.21186645,1.07750210,0.79270055,0.00895229,0.22691514,0.18139049,0.00818860
4.75137569,1.22067063,1.07232388,0.80124295,0.00950253,0.22895803,0.19008414,0.00819255
4.75737869,1.22835077,1.06546056,0.80860685,0.01026291,0.23064715,0.19833433,0.00821586
4.76338169,1.23489870,1.05692529,0.81468686,0.01127133,0.23197178,0.20602479,0.00826014
4.76938469,1.24038187,1.04678807,0.81943153,0.01256738,0.23292632,0.21305100,0.00832767
4.77538769,1.24494460,1.03517735,0.82284551,0.01419185,0.23351088,0.21932437,0.00842132
4.78139070,1.24880700,1.02228051,0.82498987,0.01618593,0.23373172,0.22477591,0.00854442
4.78739370,1.25226129,1.00834286,0.82598053,0.01859037,0.23360164,0.22935928,0.00870071
4.79339670,1.25566507,0.99366484,0.82598458,0.02144437,0.23314021,0.23305304,0.00889415
4.79939970,1.25943153,0.97859710,0.82521450,0.02478438,0.23237362,0.23586181,0.00912878
4.80540270,1.26401661,0.96353352,0.82392039,0.02864265,0.23133425,0.23781642,0.00940851
4.81140570,1.26990323,0.94890199,0.82238036,0.03304575,0.23005985,0.23897293,0.00973695
4.81740870,1.27758311,0.93515325,0.82088957,0.03801290,0.22859231,0.23941049,0.01011716
4.82341171,1.28753680,0.92274810,0.81974818,0.04355437,0.22697610,0.23922830,0.01055143
4.82941471,1.30021258,0.91214347,0.81924886,0.04966980,0.22525635,0.23854168,0.01104108
4.83541771,1.31600534,0.90377772,0.81966443,0.05634673,0.22347681,0.23747747,0.01158622
4.84142071,1.33523624,0.89805600,0.82123618,0.06355930,0.22167765,0.23616913,0.01218560
4.84742371,1.35813427,0.89533624,0.82416338,0.07126714,0.21989334,0.23475151,0.01283642
4.85342671,1.38482060,0.89591624,0.82859472,0.07941479,0.21815067,0.23335588,0.01353427
4.85942971,1.41529668,0.90002269,0.83462175,0.08793143,0.21646714,0.23210521,0.01427304
4.86543272,1.44943663,0.90780227,0.84227491,0.09673117,0.21484973,0.23110999,0.01504498
4.87143572,1.48698454,0.91931552,0.85152214,0.10571394,0.21329424,0.23046483,0.01584075
4.87743872,1.52755681,0.93453335,0.86227018,0.11476688,0.21178525,0.23024580,0.01664962
4.88344172,1.57064959,0.95333654,0.87436820,0.12376640,0.21029663,0.23050874,0.01745963
4.88944472,1.61565090,0.97551795,0.88761383,0.13258071,0.20879279,0.23128842,0.01825792
4.89544772,1.66185707,1.00078737,0.90176082,0.14107288,0.20723043,0.23259855,0.01903106
4.90145073,1.70849253,1.02877865,0.91652816,0.14910431,0.20556080,0.23443258,0.01976542
4.90745373,1.75473226,1.05905873,0.93160990,0.15653839,0.20373238,0.23676513,0.02044756
4.91345673,1.79972578,1.09113812,0.94668534,0.16324443,0.20169376,0.23955397,0.02106464
4.91945973,1.84262155,1.12448251,0.96142894,0.16910143,0.19939671,0.24274230,0.02160482
4.92546273,1.88259102,1.15852495,0.97551962,0.17400180,0.19679907,0.24626133,0.02205762
4.93146573,1.91885114,1.19267835,0.98864901,0.17785462,0.19386760,0.25003301,0.02241425
4.93746873,1.95068477,1.22634797,1.00052861,0.18058853,0.19058039,0.25397272,0.02266789
4.94347174,1.97745826,1.25894366,1.01089552,0.18215397,0.18692896,0.25799202,0.02281385
4.94947474,1.99863591,1.28989177,1.01951697,0.18252469,0.18291978,0.26200131,0.02284974
4.95547774,2.01379117,1.31864660,1.02619366,0.18169849,0.17857530,0.26591251,0.02277552
4.96148074,2.02261453,1.34470141,1.03076220,0.17969723,0.17393443,0.26964165,0.02259345
4.96748374,2.02491834,1.36759892,1.03309687,0.17656595,0.16905251,0.27311150,0.02230804
4.97348674,2.02063902,1.38694152,1.03311098,0.17237129,0.16400076,0.27625426,0.02192588
4.97948974,2.00983683,1.40240082,1.03075813,0.16719930,0.15886534,0.27901418,0.02145547
4.98549275,1.99269395,1.41372684,1.02603358,0.16115260,0.15374606,0.28135039,0.02090695
4.99149575,1.96951101,1.42075650,1.01897583,0.15434723,0.14875481,0.28323950,0.02029189
4.99749875,1.94070260,1.42342114,1.00966850,0.14690919,0.14401380,0.28467832,0.01962298
5.00350175,1.90679195,1.42175305,0.99824235,0.13897091,0.13965367,0.28568618,0.01891380
5.00950475,1.86840485,1.41589031,0.98487737,0.13066774,0.13581145,0.28630701,0.01817854
5.01550775,1.82626289,1.40607987,0.96980454,0.12213468,0.13262852,0.28661083,0.01743175
5.02151076,1.78117586,1.39267811,0.95330696,0.11350346,0.13024845,0.28669449,0.01668815
5.02751376,1.73403310,1.37614885,0.93572007,0.10489999,0.12881476,0.28668159,0.01596238
5.03351676,1.68579351,1.35705818,0.91743032,0.09644237,0.12846862,0.28672114,0.01526887
5.03951976,1.63747406,1.33606601,0.89887224,0.08823948,0.12934633,0.28698523,0.01462160
5.04552276,1.59013645,1.31391420,0.88052342,0.08039009,0.13157669,0.28766517,0.01403405
5.05152576,1.54487188,1.29141144,0.86289735,0.07298257,0.13527816,0.28896647,0.01351896
5.05752876,1.50278384,1.26941489,0.84653404,0.06609511,0.14055582,0.29110249,0.01308825
5.06353177,1.46496920,1.24880935,0.83198860,0.05979642,0.14749813,0.29428702,0.01275288
5.06953477,1.43249768,1.23048422,0.81981803,0.05414675,0.15617360,0.29872586,0.01252271
5.07553777,1.40639037,1.21530930,0.81056666,0.04919926,0.16662739,0.30460797,0.01240635
5.08154077,1.38759786,1.20411020,0.80475075,0.04500148,0.17887800,0.31209625,0.01241105
5.08754377,1.37697865,1.19764435,0.80284301,0.04159690,0.19291418,0.32131857,0.01254254
5.09354677,1.37527870,1.19657861,0.80525761,0.03902645,0.20869223,0.33235945,0.01280496
5.09954977,1.38311301,1.20146948,0.81233654,0.03732988,0.22613392,0.34525282,0.01320067
5.10555278,1.40094986,1.21274680,0.82433790,0.03654682,0.24512520,0.35997629,0.01373024
5.11155578,1.42909863,1.23070158,0.84142680,0.03671751,0.26551585,0.37644735,0.01439234
5.11755878,1.46770157,1.25547873,0.86366940,0.03788321,0.28712027,0.39452177,0.01518373
5.12356178,1.51673013,1.28707474,0.89103039,0.04008603,0.30971958,0.41399446,0.01609929
5.12956478,1.57598584,1.32534067,0.92337408,0.04336832,0.33306502,0.43460286,0.01713206
5.13556778,1.64510583,1.36999005,0.96046918,0.04777164,0.35688263,0.45603282,0.01827335
5.14157079,1.72357269,1.42061142,1.00199691,0.05333514,0.38087931,0.47792684,0.01951291
5.14757379,1.81072820,1.47668483,1.04756230,0.06009360,0.40474991,0.49989449,0.02083911
5.15357679,1.90579037,1.53760137,1.09670786,0.06807508,0.42818534,0.52152432,0.02223920
5.15957979,2.00787288,1.60268493,1.14892917,0.07729832,0.45088124,0.54239717,0.02369954
5.16558279,2.11600621,1.67121502,1.20369155,0.08776999,0.47254709,0.56209993,0.02520591
5.17158579,2.22915953,1.74244961,1.26044698,0.09948194,0.49291514,0.58023942,0.02674385
5.17758879,2.34626260,1.81564701,1.31865065,0.11240855,0.51174909,0.59645562,0.02829890
5.18359180,2.46622681,1.89008586,1.37777618,0.12650439,0.52885182,0.61043370,0.02985696
5.18959480,2.58796491,1.96508248,1.43732908,0.14170235,0.54407205,0.62191441,0.03140455
5.19559780,2.71040896,2.04000508,1.49685787,0.15791229,0.55730955,0.63070217,0.03292909
5.20160080,2.83252611,2.11428445,1.55596255,0.17502045,0.56851855,0.63667086,0.03441910
5.20760380,2.95333237,2.18742103,1.61430028,0.19288967,0.57770938,0.63976684,0.03586442
5.21360680,3.07190420,2.25898853,1.67158818,0.21136044,0.58494805,0.64000926,0.03725636
5.21960980,3.18738832,2.32863441,1.72760362,0.23025297,0.59035384,0.63748788,0.03858782
5.22561281,3.29900983,2.39607759,1.78218209,0.24937001,0.59409513,0.63235833,0.03985335
5.23161581,3.40607908,2.46110410,1.83521325,0.26850063,0.59638332,0.62483548,0.04104920
5.23761881,3.50799753,2.52356108,1.88663543,0.28742467,0.59746542,0.61518507,0.04217332
5.24362181,3.60426268,2.58334998,1.93642930,0.30591773,0.59761539,0.60371419,0.04322528
5.24962481,3.69447237,2.64041921,1.98461093,0.32375665,0.59712459,0.59076112,0.04420627
5.25562781,3.77832817,2.69475684,2.03122487,0.34072501,0.59629179,0.57668490,0.04511889
5.26163082,3.85563783,2.74638371,2.07633733,0.35661872,0.59541302,0.56185515,0.04596710
5.26763382,3.92631645,2.79534685,2.12002989,0.37125121,0.59477161,0.54664252,0.04675598
5.27363682,3.99038584,2.84171357,2.16239367,0.38445810,0.59462884,0.53140995,0.04749159
5.27963982,4.04797185,2.88556578,2.20352403,0.39610124,0.59521541,0.51650503,0.04818070
5.28564282,4.09929889,2.92699473,2.24351563,0.40607167,0.59672403,0.50225351,0.04883054
5.29164582,4.14468160,2.96609563,2.28245783,0.41429175,0.59930339,0.48895393,0.04944856
5.29764882,4.18451321,3.00296212,2.32043010,0.42071609,0.60305365,0.47687340,0.05004214
5.30365183,4.21925055,3.03768047,2.35749730,0.42533135,0.60802351,0.46624425,0.05061827
5.30965483,4.24939604,3.07032323,2.39370482,0.42815507,0.61420908,0.45726154,0.05118330
5.31565783,4.27547688,3.10094269,2.42907342,0.42923343,0.62155449,0.45008115,0.05174266
5.32166083,4.29802224,3.12956401,2.46359383,0.42863825,0.62995417,0.44481837,0.05230058
5.32766383,4.31753937,3.15617859,2.49722134,0.42646332,0.63925685,0.44154676,0.05285991
5.33366683,4.33448961,3.18073797,2.52987065,0.42282022,0.64927106,0.44029736,0.05342194
5.33966983,4.34926569,3.20314881,2.56141126,0.41783401,0.65977200,0.44105809,0.05398626
5.34567284,4.36217137,3.22326950,2.59166393,0.41163882,0.67050957,0.44377345,0.05455076
5.35167584,4.37340482,3.24090887,2.62039867,0.40437361,0.68121730,0.44834459,0.05511160
5.35767884,4.38304677,3.25582761,2.64733462,0.39617830,0.69162190,0.45462995,0.05566333
5.36368184,4.39105416,3.26774250,2.67214240,0.38719037,0.70145303,0.46244649,0.05619906
5.36968484,4.39726016,3.27633386,2.69444902,0.37754199,0.71045302,0.47157189,0.05671064
5.37568784,4.40138056,3.28125601,2.71384575,0.36735780,0.71838625,0.48174769,0.05718903
5.38169085,4.40302648,3.28215062,2.72989867,0.35675333,0.72504755,0.49268358,0.05762451
5.38769385,4.40172304,3.27866235,2.74216200,0.34583394,0.73026969,0.50406290,0.05800717
5.39369685,4.39693296,3.27045620,2.75019353,0.33469444,0.73392931,0.51554930,0.05832716
5.39969985,4.38808399,3.25723575,2.75357187,0.32341899,0.73595120,0.52679453,0.05857514
5.40570285,4.37459893,3.23876117,2.75191449,0.31208149,0.73631072,0.53744709,0.05874257
5.41170585,4.35592640,3.21486621,2.74489588,0.30074617,0.73503427,0.54716157,0.05882206
5.41770885,4.33157097,3.18547291,2.73226491,0.28946833,0.73219767,0.55560830,0.05880758
5.42371186,4.30112095,3.15060327,2.71386024,0.27829516,0.72792266,0.56248293,0.05869469
5.42971486,4.26427237,3.11038700,2.68962309,0.26726655,0.72237151,0.56751548,0.05848065
5.43571786,4.22084793,3.06506472,2.65960645,0.25641579,0.71574012,0.57047859,0.05816444
5.44172086,4.17080991,3.01498628,2.62398007,0.24577029,0.70824975,0.57119433,0.05774682
5.44772386,4.11426644,2.96060408,2.58303080,0.23535205,0.70013792,0.56953946,0.05723016
5.45372686,4.05147094,2.90246164,2.53715817,0.22517817,0.69164869,0.56544873,0.05661834
5.45972986,3.98281474,2.84117776,2.48686504,0.21526117,0.68302288,0.55891604,0.05591655
5.46573287,3.90881350,2.77742710,2.43274387,0.20560932,0.67448863,0.54999347,0.05513108
5.47173587,3.83008827,2.71191806,2.37545909,0.19622694,0.66625266,0.53878815,0.05426903
5.47773887,3.74734223,2.64536903,2.31572623,0.18711471,0.65849268,0.52545719,0.05333809
5.48374187,3.66133447,2.57848420,2.25428906,0.17827003,0.65135113,0.51020083,0.05234624
5.48974487,3.57285228,2.51193011,2.19189545,0.16968743,0.64493064,0.49325434,0.05130159
5.49574787,3.48268329,2.44631405,2.12927345,0.16135908,0.63929129,0.47487882,0.05021208
5.50175088,3.39158896,2.38216541,2.06710838,0.15327528,0.63444970,0.45535165,0.04908535
5.50775388,3.30028066,2.31992064,2.00602224,0.14542518,0.63038004,0.43495684,0.04792857
5.51375688,3.20939932,2.25991268,1.94655620,0.13779735,0.62701673,0.41397576,0.04674835
5.51975988,3.11949959,2.20236501,1.88915687,0.13038045,0.62425874,0.39267876,0.04555065
5.52576288,3.03103883,2.14739053,1.83416700,0.12316391,0.62197528,0.37131788,0.04434077
5.53176588,2.94437140,2.09499510,1.78182078,0.11613848,0.62001241,0.35012099,0.04312333
5.53776888,2.85974801,2.04508533,1.73224374,0.10929675,0.61820048,0.32928748,0.04190229
5.54377189,2.77731986,1.99748001,1.68545712,0.10263352,0.61636188,0.30898560,0.04068104
5.54977489,2.69714707,1.95192454,1.64138627,0.09614606,0.61431884,0.28935132,0.03946241
5.55577789,2.61921066,1.90810744,1.59987245,0.08983423,0.61190099,0.27048879,0.03824877
5.56178089,2.54342727,1.86567801,1.56068740,0.08370048,0.60895237,0.25247196,0.03704214
5.56778389,2.46966568,1.82426449,1.52354975,0.07774965,0.60533754,0.23534735,0.03584421
5.57378689,2.39776434,1.78349167,1.48814262,0.07198869,0.60094685,0.21913756,0.03465651
5.57978989,2.32754887,1.74299745,1.45413139,0.06642629,0.59570046,0.20384526,0.03348041
5.58579290,2.25884893,1.70244768,1.42118104,0.06107239,0.58955119,0.18945746,0.03231726
5.59179590,2.19151360,1.66154893,1.38897220,0.05593765,0.58248616,0.17594967,0.03116841
5.59779890,2.12542481,1.62005879,1.35721556,0.05103295,0.57452711,0.16328987,0.03003533
5.60380190,2.06050830,1.57779375,1.32566386,0.04636882,0.56572960,0.15144195,0.02891962
5.60980490,1.99674182,1.53463443,1.29412149,0.04195497,0.55618110,0.14036874,0.02782307
5.61580790,1.93416036,1.49052846,1.26245115,0.03779982,0.54599810,0.13003421,0.02674769
5.62181091,1.87285841,1.44549098,1.23057779,0.03391014,0.53532235,0.12040521,0.02569573
5.62781391,1.81298910,1.39960302,1.19848961,0.03029079,0.52431643,0.11145241,0.02466969
5.63381691,1.75476058,1.35300806,1.16623646,0.02694447,0.51315871,0.10315073,0.02367231
5.63981991,1.69842967,1.30590685,1.13392567,0.02387167,0.50203796,0.09547925,0.02270653
5.64582291,1.64429310,1.25855086,1.10171572,0.02107064,0.49114769,0.08842073,0.02177543
5.65182591,1.59267676,1.21123445,1.06980802,0.01853744,0.48068040,0.08196081,0.02088223
5.65782891,1.54392321,1.16428599,1.03843720,0.01626607,0.47082185,0.07608697,0.02003014
5.66383192,1.49837804,1.11805820,1.00786027,0.01424866,0.46174561,0.07078756,0.01922228
5.66983492,1.45637544,1.07291768,0.97834511,0.01247569,0.45360783,0.06605062,0.01846162
5.67583792,1.41822346,1.02923411,0.95015868,0.01093623,0.44654253,0.06186294,0.01775079
5.68184092,1.38418955,0.98736902,0.92355534,0.00961817,0.44065741,0.05820918,0.01709204
5.68784392,1.35448678,0.94766464,0.89876574,0.00850850,0.43603036,0.05507116,0.01648708
5.69384692,1.32926128,0.91043292,0.87598653,0.00759350,0.43270669,0.05242738,0.01593697
5.69984992,1.30858130,0.87594502,0.85537133,0.00685896,0.43069718,0.05025266,0.01544205
5.70585293,1.29242831,0.84442168,0.83702322,0.00629038,0.42997701,0.04851808,0.01500186
5.71185593,1.28069056,0.81602470,0.82098888,0.00587306,0.43048557,0.04719104,0.01461504
5.71785893,1.27315927,0.79084986,0.80725474,0.00559225,0.43212715,0.04623546,0.01427937
5.72386193,1.26952774,0.76892168,0.79574515,0.00543325,0.43477263,0.04561220,0.01399172
5.72986493,1.26939355,0.75019011,0.78632258,0.00538143,0.43826193,0.04527949,0.01374810
5.73586793,1.27226376,0.73452960,0.77879000,0.00542232,0.44240736,0.04519353,0.01354368
5.74187094,1.27756325,0.72174049,0.77289526,0.00554167,0.44699773,0.04530913,0.01337294
5.74787394,1.28464585,0.71155293,0.76833735,0.00572541,0.45180309,0.04558039,0.01322972
5.75387694,1.29280826,0.70363326,0.76477438,0.00595982,0.45658017,0.04596139,0.01310741
5.75987994,1.30130618,0.69759262,0.76183306,0.00623146,0.46107819,0.04640697,0.01299904
5.76588294,1.30937249,0.69299783,0.75911933,0.00652736,0.46504504,0.04687340,0.01289752
5.77188594,1.31623679,0.68938386,0.75622989,0.00683503,0.46823369,0.04731916,0.01279577
5.77788894,1.32114581,0.68626780,0.75276421,0.00714263,0.47040865,0.04770556,0.01268692
5.78389195,1.32338410,0.68316361,0.74833665,0.00743904,0.47135224,0.04799749,0.01256449
5.78989495,1.32229425,0.67959732,0.74258832,0.00771403,0.47087060,0.04816399,0.01242258
5.79589795,1.31729607,0.67512186,0.73519832,0.00795839,0.46879926,0.04817879,0.01225599
5.80190095,1.30790394,0.66933127,0.72589386,0.00816405,0.46500795,0.04802087,0.01206040
5.80790395,1.29374185,0.66187346,0.71445908,0.00832423,0.45940471,0.04767482,0.01183247
5.81390695,1.27455535,0.65246116,0.70074215,0.00843352,0.45193892,0.04713117,0.01156995
5.81990995,1.25022021,0.64088073,0.68466051,0.00848797,0.44260335,0.04638661,0.01127171
5.82591296,1.22074727,0.62699832,0.66620396,0.00848513,0.43143492,0.04544409,0.01093782
5.83191596,1.18628326,0.61076334,0.64543564,0.00842407,0.41851437,0.04431282,0.01056951
5.83791896,1.14710777,0.59220912,0.62249083,0.00830531,0.40396464,0.04300816,0.01016914
5.84392196,1.10362622,0.57145072,0.59757370,0.00813080,0.38794806,0.04155136,0.00974015
5.84992496,1.05635942,0.54868026,0.57095206,0.00790377,0.37066259,0.03996925,0.00928699
5.85592796,1.00592984,0.52415983,0.54295059,0.00762859,0.35233701,0.03829383,0.00881495
5.86193097,0.95304549,0.49821246,0.51394254,0.00731060,0.33322541,0.03656174,0.00833009
5.86793397,0.89848183,0.47121164,0.48434055,0.00695589,0.31360122,0.03481375,0.00783906
5.87393697,0.84306248,0.44356968,0.45458668,0.00657109,0.29375080,0.03309411,0.00734895
5.87993997,0.78763948,0.41572568,0.42514225,0.00616316,0.27396698,0.03144992,0.00686715
5.88594297,0.73307379,0.38813318,0.39647760,0.00573915,0.25454278,0.02993047,0.00640115
5.89194597,0.68021655,0.36124839,0.36906226,0.00530600,0.23576538,0.02858655,0.00595846
5.89794897,0.62989171,0.33551887,0.34335564,0.00487037,0.21791055,0.02746975,0.00554642
5.90395198,0.58288033,0.31137334,0.31979839,0.00443843,0.20123770,0.02663170,0.00517206
5.90995498,0.53990679,0.28921257,0.29880466,0.00401577,0.18598557,0.02612333,0.00484203
5.91595798,0.50162707,0.26940151,0.28075513,0.00360728,0.17236862,0.02599405,0.00456246
5.92196098,0.46861897,0.25226270,0.26599084,0.00321709,0.16057406,0.02629085,0.00433885
5.92796398,0.44137419,0.23807096,0.25480773,0.00284850,0.15075948,0.02705739,0.00417603
5.93396698,0.42029201,0.22704910,0.24745180,0.00250403,0.14305111,0.02833295,0.00407804
5.93996998,0.40567437,0.21936468,0.24411471,0.00218542,0.13754244,0.03015132,0.00404807
5.94597299,0.39772202,0.21512767,0.24492977,0.00189365,0.13429324,0.03253964,0.00408841
5.95197599,0.39653157,0.21438876,0.24996829,0.00162905,0.13332891,0.03551709,0.00420035
5.95797899,0.40209329,0.21713833,0.25923618,0.00139136,0.13463998,0.03909368,0.00438412
5.96398199,0.41428959,0.22330610,0.27267098,0.00117982,0.13818190,0.04326896,0.00463886
5.96998499,0.43289423,0.23276129,0.29013939,0.00099327,0.14387498,0.04803087,0.00496255
5.97598799,0.45757246,0.24531345,0.31143549,0.00083020,0.15160465,0.05335465,0.00535194
5.98199100,0.48788230,0.26071417,0.33627997,0.00068894,0.16122196,0.05920208,0.00580256
5.98799400,0.52327732,0.27865953,0.36432067,0.00056761,0.17254463,0.06552094,0.00630872
5.99399700,0.56311139,0.29879377,0.39513462,0.00046431,0.18535851,0.07224487,0.00686348
6.00000000,0.60664564,0.32071416,0.42823206,0.00037710,0.19941980,0.07929369,0.00745872
