energy_ev,total_up,Ag_p_up,Ag_d_up,C_s_up,C_p_up,S_s_up,S_p_up
-6.00000000,9.69981625,2.41653448,7.29395619,0.01938697,1.02278845,0.02500502,0.58932676
-5.99399700,9.83061646,2.45204265,7.41281672,0.01885196,1.03611642,0.02641746,0.57530296
-5.98799400,9.95718436,2.48543329,7.52889828,0.01831676,1.04890304,0.02780511,0.56127557
-5.98199100,10.07720980,2.51641212,7.64014432,0.01779240,1.06083902,0.02914647,0.54739570
-5.97598799,10.18816517,2.54461793,7.74434032,0.01728850,1.07159884,0.03042000,0.53378785
-5.96998499,10.28736716,2.56962893,7.83916788,0.01681297,1.08084869,0.03160451,0.52054817
-5.96398199,10.37205246,2.59097385,7.92226846,0.01637184,1.08825548,0.03267970,0.50774465
-5.95797899,10.43946442,2.60814736,7.99131405,0.01596920,1.09349659,0.03362663,0.49541897
-5.95197599,10.48694672,2.62062897,8.04408204,0.01560719,1.09626993,0.03442828,0.48358997
-5.94597299,10.51204006,2.62790425,8.07853109,0.01528607,1.09630386,0.03506996,0.47225830
-5.93996998,10.51257753,2.62948750,8.09287485,0.01500440,1.09336666,0.03553981,0.46141191
-5.93396698,10.48677433,2.62494465,8.08565030,0.01475927,1.08727508,0.03582909,0.45103211
-5.92796398,10.43330807,2.61391520,8.05577807,0.01454653,1.07790161,0.03593252,0.44109968
-5.92196098,10.35138613,2.59613238,8.00261218,0.01436111,1.06518024,0.03584847,0.43160082
-5.91595798,10.24079749,2.57144053,7.92597731,0.01419738,1.04911049,0.03557902,0.42253252
-5.90995498,10.10194688,2.53980902,7.82619224,0.01404939,1.02975947,0.03512991,0.41390706
-5.90395198,9.93587026,2.50134238,7.70407881,0.01391127,1.00726205,0.03451048,0.40575556
-5.89794897,9.74423116,2.45628609,7.56095617,0.01377746,0.98181912,0.03373333,0.39813024
-5.89194597,9.52929840,2.40502820,7.39862076,0.01364303,0.95369404,0.03281404,0.39110549
-5.88594297,9.29390621,2.34809668,7.21931309,0.01350387,0.92320733,0.03177072,0.38477756
-5.87993997,9.04139852,2.28615274,7.02567242,0.01335694,0.89073011,0.03062349,0.37926305
-5.87393697,8.77555934,2.21998050,6.82068121,0.01320033,0.85667621,0.02939399,0.37469620
-5.86793397,8.50053180,2.15047339,6.60760104,0.01303342,0.82149337,0.02810474,0.37122517
-5.86193097,8.22072829,2.07861762,6.38990202,0.01285691,0.78565389,0.02677863,0.36900736
-5.85592796,7.94073429,2.00547329,6.17118771,0.01267281,0.74964480,0.02543829,0.36820419
-5.84992496,7.66520850,1.93215358,5.95511734,0.01248439,0.71395797,0.02410564,0.36897526
-5.84392196,7.39878153,1.85980242,5.74532729,0.01229608,0.67908025,0.02280135,0.37147232
-5.83791896,7.14595550,1.78957100,5.54535343,0.01211336,0.64548400,0.02154445,0.37583317
-5.83191596,6.91100646,1.72259368,5.35855583,0.01194256,0.61361797,0.02035201,0.38217573
-5.82591296,6.69789152,1.65996362,5.18804727,0.01179067,0.58389885,0.01923882,0.39059235
-5.81990995,6.51016212,1.60270842,5.03662657,0.01166512,0.55670346,0.01821729,0.40114478
-5.81390695,6.35088512,1.55176640,4.90671802,0.01157351,0.53236180,0.01729726,0.41385967
-5.80790395,6.22257266,1.50796378,4.80031774,0.01152337,0.51115084,0.01648601,0.42872489
-5.80190095,6.12712229,1.47199332,4.71894786,0.01152188,0.49328936,0.01578827,0.44568682
-5.79589795,6.06576816,1.44439493,4.66361930,0.01157562,0.47893366,0.01520630,0.46464846
-5.78989495,6.03904453,1.42553874,4.63480405,0.01169027,0.46817433,0.01474001,0.48546872
-5.78389195,6.04676229,1.41561122,4.63241742,0.01187043,0.46103414,0.01438714,0.50796263
-5.77788894,6.08799956,1.41460494,4.65581109,0.01211933,0.45746706,0.01414340,0.53190270
-5.77188594,6.16110708,1.42231247,4.70377746,0.01243871,0.45735841,0.01400270,0.55702126
-5.76588294,6.26372891,1.43832490,4.77456578,0.01282861,0.46052645,0.01395736,0.58301393
-5.75987994,6.39283907,1.46203549,4.86591032,0.01328729,0.46672510,0.01399828,0.60954398
-5.75387694,6.54479413,1.49264852,4.97507085,0.01381120,0.47564816,0.01411523,0.63624769
-5.74787394,6.71540178,1.52919381,5.09888513,0.01439493,0.48693479,0.01429697,0.66274054
-5.74187094,6.90000476,1.57054655,5.23383317,0.01503133,0.50017637,0.01453152,0.68862423
-5.73586793,7.09357924,1.61545246,5.37611243,0.01571161,0.51492468,0.01480639,0.71349442
-5.72986493,7.29084622,1.66255774,5.52172292,0.01642556,0.53070118,0.01510872,0.73694899
-5.72386193,7.48639403,1.71044312,5.66656063,0.01716176,0.54700736,0.01542557,0.75859682
-5.71785893,7.67480927,1.75766127,5.80651737,0.01790797,0.56333592,0.01574409,0.77806690
-5.71185593,7.85081339,1.80277651,5.93758486,0.01865141,0.57918253,0.01605176,0.79501751
-5.70585293,8.00940123,1.84440551,6.05596023,0.01937926,0.59405783,0.01633660,0.80914537
-5.69984992,8.14597781,1.88125788,6.15815009,0.02007900,0.60749947,0.01658741,0.82019452
-5.69384692,8.25648910,1.91217509,6.24107005,0.02073892,0.61908371,0.01679397,0.82796457
-5.68784392,8.33754253,1.93616653,6.30213639,0.02134853,0.62843629,0.01694725,0.83231820
-5.68184092,8.38651312,1.95244130,6.33934659,0.02189899,0.63524221,0.01703960,0.83318754
-5.67583792,8.40163106,1.96043453,6.35134592,0.02238344,0.63925410,0.01706491,0.83057923
-5.66983492,8.38204713,1.95982726,6.33747702,0.02279736,0.64029881,0.01701878,0.82457776
-5.66383192,8.32787312,1.95055905,6.29781039,0.02313877,0.63828206,0.01689858,0.81534705
-5.65782891,8.24019472,1.93283272,6.23315402,0.02340835,0.63319094,0.01670356,0.80312994
-5.65182591,8.12105564,1.90711102,6.14504100,0.02360950,0.62509406,0.01643480,0.78824553
-5.64582291,7.97341257,1.87410525,6.03569492,0.02374826,0.61413946,0.01609528,0.77108424
-5.63981991,7.80106149,1.83475603,5.90797345,0.02383310,0.60055016,0.01568967,0.75210073
-5.63381691,7.60853711,1.79020696,5.76529151,0.02387462,0.58461760,0.01522432,0.73180455
-5.62781391,7.40098812,1.74177195,5.61152588,0.02388522,0.56669313,0.01470699,0.71074897
-5.62181091,7.18403189,1.69089721,5.45090429,0.02387852,0.54717773,0.01414668,0.68951804
-5.61580790,6.96359290,1.63911916,5.28788218,0.02386892,0.52651041,0.01355337,0.66871220
-5.60980490,6.74573011,1.58801967,5.12701097,0.02387096,0.50515554,0.01293773,0.64893302
-5.60380190,6.53645855,1.53917985,4.97280222,0.02389874,0.48358958,0.01231081,0.63076727
-5.59779890,6.34157093,1.49413388,4.82959187,0.02396533,0.46228757,0.01168379,0.61477099
-5.59179590,6.16646497,1.45432431,4.70140904,0.02408219,0.44170977,0.01106762,0.60145385
-5.58579290,6.01598184,1.42106001,4.59185369,0.02425875,0.42228890,0.01047280,0.59126447
-5.57978989,5.89426112,1.39547801,4.50398699,0.02450191,0.40441828,0.00990905,0.58457707
-5.57378689,5.80461668,1.37851038,4.44023810,0.02481577,0.38844129,0.00938515,0.58167991
-5.56778389,5.74943753,1.37085689,4.40233036,0.02520147,0.37464234,0.00890870,0.58276587
-5.56178089,5.73011687,1.37296432,4.39122921,0.02565706,0.36323965,0.00848599,0.58792562
-5.55577789,5.74701146,1.38501308,4.40711368,0.02617759,0.35438005,0.00812187,0.59714352
-5.54977489,5.79943290,1.40691120,4.44937241,0.02675528,0.34813590,0.00781973,0.61029651
-5.54377189,5.88567097,1.43829637,4.51662437,0.02737983,0.34450417,0.00758143,0.62715604
-5.53776888,6.00304861,1.47854558,4.60676372,0.02803883,0.34340777,0.00740736,0.64739317
-5.53176588,6.14800678,1.52679249,4.71702756,0.02871820,0.34469905,0.00729645,0.67058655
-5.52576288,6.31621686,1.58195198,4.84408441,0.02940280,0.34816533,0.00724635,0.69623334
-5.51975988,6.50271698,1.64275129,4.98414067,0.03007700,0.35353635,0.00725344,0.72376258
-5.51375688,6.70206813,1.70776694,5.13306172,0.03072527,0.36049333,0.00731309,0.75255081
-5.50775388,6.90852508,1.77546646,5.28650370,0.03133279,0.36867950,0.00741974,0.78193937
-5.50175088,7.11621655,1.84425358,5.44005166,0.03188604,0.37771159,0.00756712,0.81125297
-5.49574787,7.31932866,1.91251571,5.58935946,0.03237326,0.38719208,0.00774842,0.83981878
-5.48974487,7.51228561,1.97867195,5.73028662,0.03278488,0.39672172,0.00795650,0.86698565
-5.48374187,7.68992120,2.04122025,5.85902742,0.03311387,0.40591189,0.00818404,0.89214253
-5.47773887,7.84763545,2.09878202,5.97222781,0.03335595,0.41439647,0.00842378,0.91473573
-5.47173587,7.98153067,2.15014255,6.06708585,0.03350967,0.42184271,0.00866864,0.93428422
-5.46573287,8.08852224,2.19428584,6.14143233,0.03357643,0.42796077,0.00891191,0.95039251
-5.45972986,8.16642022,2.23042249,6.19378862,0.03356029,0.43251163,0.00914738,0.96276059
-5.45372686,8.21397901,2.25800964,6.22339989,0.03346778,0.43531303,0.00936946,0.97119068
-5.44772386,8.23091356,2.27676208,6.23024266,0.03330753,0.43624331,0.00957331,0.97559040
-5.44172086,8.21788187,2.28665426,6.21500686,0.03308987,0.43524297,0.00975487,0.97597249
-5.43571786,8.17643511,2.28791316,6.17905336,0.03282632,0.43231409,0.00991094,0.97245090
-5.42971486,8.10893778,2.28100217,6.12434915,0.03252914,0.42751743,0.01003921,0.96523367
-5.42371186,8.01846156,2.26659704,6.05338313,0.03221073,0.42096771,0.01013822,0.95461280
-5.41770885,7.90865782,2.24555469,5.96906622,0.03188317,0.41282697,0.01020736,0.94095162
-5.41170585,7.78361407,2.21887635,5.87462010,0.03155773,0.40329668,0.01024681,0.92467021
-5.40570285,7.64770061,2.18766667,5.77345923,0.03124447,0.39260864,0.01025745,0.90622955
-5.39969985,7.50541358,2.15309037,5.66907102,0.03095183,0.38101535,0.01024079,0.88611489
-5.39369685,7.36122055,2.11632839,5.56489856,0.03068646,0.36878014,0.01019881,0.86481920
-5.38769385,7.21941459,2.07853510,5.46423064,0.03045298,0.35616738,0.01013392,0.84282716
-5.38169085,7.08398188,2.04079832,5.37010259,0.03025397,0.34343335,0.01004875,0.82060042
-5.37568784,6.95848724,2.00410356,5.28521116,0.03008995,0.33081793,0.00994609,0.79856441
-5.36968484,6.84598081,1.96930368,5.21184596,0.02995952,0.31853750,0.00982874,0.77709733
-5.36368184,6.74892824,1.93709487,5.15183886,0.02985957,0.30677913,0.00969941,0.75652141
-5.35767884,6.66916528,1.90799954,5.10653202,0.02978547,0.29569633,0.00956063,0.73709670
-5.35167584,6.60787691,1.88235649,5.07676451,0.02973145,0.28540631,0.00941465,0.71901738
-5.34567284,6.56559994,1.86031830,5.06287655,0.02969088,0.27598878,0.00926343,0.70241062
-5.33966983,6.54224730,1.84185561,5.06472993,0.02965662,0.26748626,0.00910853,0.68733779
-5.33366683,6.53715145,1.82676785,5.08174256,0.02962135,0.25990569,0.00895115,0.67379774
-5.32766383,6.54912386,1.81469969,5.11293483,0.02957785,0.25322119,0.00879210,0.66173208
-5.32166083,6.57652733,1.80516215,5.15698529,0.02951932,0.24737789,0.00863181,0.65103186
-5.31565783,6.61735758,1.79755769,5.21229285,0.02943959,0.24229638,0.00847039,0.64154553
-5.30965483,6.66933084,1.79120791,5.27704319,0.02933329,0.23787780,0.00830764,0.63308774
-5.30365183,6.72997385,1.78538295,5.34927665,0.02919599,0.23400921,0.00814310,0.62544865
-5.29764882,6.79671367,1.77933151,5.42695571,0.02902429,0.23056899,0.00797616,0.61840344
-5.29164582,6.86696406,1.77231031,5.50802969,0.02881584,0.22743218,0.00780604,0.61172163
-5.28564282,6.93820652,1.76361227,5.59049530,0.02856933,0.22447558,0.00763190,0.60517607
-5.27963982,7.00806353,1.75259224,5.67245140,0.02828446,0.22158235,0.00745290,0.59855125
-5.27363682,7.07436258,1.73868977,5.75214680,0.02796187,0.21864605,0.00726821,0.59165069
-5.26763382,7.13518950,1.72144803,5.82802012,0.02760302,0.21557404,0.00707711,0.58430334
-5.26163082,7.18893006,1.70052859,5.89873115,0.02721008,0.21229020,0.00687898,0.57636870
-5.25562781,7.23429914,1.67572145,5.96318284,0.02678583,0.20873677,0.00667338,0.56774068
-5.24962481,7.27035710,1.64695038,6.02053403,0.02633350,0.20487548,0.00646003,0.55835002
-5.24362181,7.29651315,1.61427319,6.07020244,0.02585664,0.20068786,0.00623885,0.54816526
-5.23761881,7.31251609,1.57787741,6.11185834,0.02535900,0.19617482,0.00600998,0.53719238
-5.23161581,7.31843299,1.53807134,6.14540913,0.02484438,0.19135551,0.00577377,0.52547290
-5.22561281,7.31461679,1.49527112,6.17097565,0.02431650,0.18626559,0.00553078,0.51308089
-5.21960980,7.30166424,1.44998429,6.18886107,0.02377889,0.18095490,0.00528177,0.50011870
-5.21360680,7.28036585,1.40279055,6.19951377,0.02323481,0.17548484,0.00502770,0.48671181
-5.20760380,7.25165011,1.35432063,6.20348563,0.02268712,0.16992529,0.00476968,0.47300298
-5.20160080,7.21652420,1.30523390,6.20138778,0.02213823,0.16435147,0.00450899,0.45914581
-5.19559780,7.17601410,1.25619582,6.19384568,0.02159005,0.15884071,0.00424702,0.44529820
-5.18959480,7.13110660,1.20785603,6.18145578,0.02104398,0.15346930,0.00398527,0.43161585
-5.18359180,7.08269616,1.16082782,6.16474595,0.02050088,0.14830954,0.00372527,0.41824611
-5.17758879,7.03153921,1.11566991,6.14414184,0.01996115,0.14342711,0.00346862,0.40532238
-5.17158579,6.97821827,1.07287095,6.11994102,0.01942474,0.13887883,0.00321688,0.39295945
-5.16558279,6.92311774,1.03283744,6.09229652,0.01889128,0.13471086,0.00297158,0.38124981
-5.15957979,6.86641289,0.99588532,6.06121091,0.01836019,0.13095751,0.00273418,0.37026115
-5.15357679,6.80807261,0.96223530,6.02654147,0.01783075,0.12764051,0.00250603,0.36003506
-5.14757379,6.74787601,0.93201218,5.98801656,0.01730234,0.12476887,0.00228837,0.35058712
-5.14157079,6.68544208,0.90524782,5.94526238,0.01677451,0.12233932,0.00208227,0.34190814
-5.13556778,6.62027090,0.88188745,5.89783894,0.01624714,0.12033715,0.00188864,0.33396649
-5.12956478,6.55179417,0.86179902,5.84528343,0.01572060,0.11873759,0.00170823,0.32671157
-5.12356178,6.47943229,0.84478500,5.78715840,0.01519583,0.11750744,0.00154158,0.32007786
-5.11755878,6.40265476,0.83059593,5.72310226,0.01467446,0.11660702,0.00138907,0.31398964
-5.11155578,6.32104040,0.81894512,5.65287890,0.01415882,0.11599230,0.00125093,0.30836598
-5.10555278,6.23433374,0.80952389,5.57642350,0.01365198,0.11561699,0.00112719,0.30312565
-5.09954977,6.14249425,0.80201642,5.49388154,0.01315772,0.11543470,0.00101777,0.29819187
-5.09354677,6.04573519,0.79611388,5.40563840,0.01268044,0.11540085,0.00092249,0.29349657
-5.08754377,5.94454943,0.79152694,5.31233732,0.01222508,0.11547443,0.00084104,0.28898386
-5.08154077,5.83972045,0.78799632,5.21488417,0.01179694,0.11561936,0.00077307,0.28461269
-5.07553777,5.73231716,0.78530093,5.11443812,0.01140150,0.11580555,0.00071818,0.28035851
-5.06953477,5.62367244,0.78326329,5.01238803,0.01104423,0.11600955,0.00067595,0.27621384
-5.06353177,5.51534589,0.78175206,4.91031537,0.01073037,0.11621467,0.00064597,0.27218776
-5.05752876,5.40907233,0.78068173,4.80994488,0.01046465,0.11641086,0.00062785,0.26830438
-5.05152576,5.30669824,0.78000940,4.71308528,0.01025112,0.11659401,0.00062119,0.26460039
-5.04552276,5.21010922,0.77972918,4.62156255,0.01009289,0.11676500,0.00062568,0.26112183
-5.03951976,5.12115183,0.77986430,4.53714897,0.00999194,0.11692847,0.00064100,0.25792028
-5.03351676,5.04155363,0.78045770,4.46149136,0.00994898,0.11709139,0.00066687,0.25504862
-5.02751376,4.97284528,0.78156135,4.39604177,0.00996332,0.11726142,0.00070303,0.25255675
-5.02151076,4.91628864,0.78322528,4.34199413,0.01003275,0.11744542,0.00074920,0.25048734
-5.01550775,4.87281417,0.78548669,4.30022976,0.01015361,0.11764794,0.00080509,0.24887198
-5.00950475,4.84297088,0.78835994,4.27127446,0.01032074,0.11786987,0.00087037,0.24772779
-5.00350175,4.82689107,0.79182799,4.25526892,0.01052762,0.11810746,0.00094461,0.24705487
-4.99749875,4.82427158,0.79583579,4.25195410,0.01076650,0.11835154,0.00102732,0.24683458
-4.99149575,4.83437228,0.80028602,4.26067185,0.01102861,0.11858719,0.00111786,0.24702873
-4.98549275,4.85603195,0.80503751,4.28038084,0.01130440,0.11879381,0.00121545,0.24757991
-4.97948974,4.88770054,0.80990642,4.30968683,0.01158383,0.11894549,0.00131918,0.24841268
-4.97348674,4.92748640,0.81467018,4.34688584,0.01185670,0.11901194,0.00142794,0.24943582
-4.96748374,4.97321613,0.81907396,4.39001830,0.01211294,0.11895955,0.00154049,0.25054531
-4.96148074,5.02250451,0.82283938,4.43693154,0.01234294,0.11875286,0.00165538,0.25162806
-4.95547774,5.07283131,0.82567497,4.48534822,0.01253791,0.11835614,0.00177106,0.25256609
-4.94947474,5.12162189,0.82728788,4.53293772,0.01269012,0.11773512,0.00188582,0.25324101
-4.94347174,5.16632827,0.82739610,4.57738775,0.01279316,0.11685868,0.00199789,0.25353856
-4.93746873,5.20450758,0.82574072,4.61647354,0.01284219,0.11570046,0.00210542,0.25335303
-4.93146573,5.23389504,0.82209733,4.64812218,0.01283402,0.11424029,0.00220657,0.25259128
-4.92546273,5.25246891,0.81628631,4.67047001,0.01276724,0.11246537,0.00229951,0.25117630
-4.91945973,5.25850547,0.80818110,4.68191143,0.01264221,0.11037110,0.00238255,0.24904997
-4.91345673,5.25062232,0.79771435,4.68113764,0.01246101,0.10796159,0.00245409,0.24617514
-4.90745373,5.22780904,0.78488148,4.66716468,0.01222734,0.10524972,0.00251278,0.24253674
-4.90145073,5.18944468,0.76974153,4.63935016,0.01194634,0.10225687,0.00255745,0.23814203
-4.89544772,5.13530191,0.75241531,4.59739865,0.01162432,0.09901223,0.00258725,0.23301988
-4.88944472,5.06553845,0.73308095,4.54135616,0.01126858,0.09555183,0.00260161,0.22721931
-4.88344172,4.98067656,0.71196710,4.47159433,0.01088703,0.09191721,0.00260030,0.22080718
-4.87743872,4.88157177,0.68934412,4.38878532,0.01048794,0.08815397,0.00258343,0.21386528
-4.87143572,4.76937254,0.66551373,4.29386866,0.01007959,0.08431010,0.00255142,0.20648697
-4.86543272,4.64547260,0.64079769,4.18801160,0.00967002,0.08043425,0.00250502,0.19877342
-4.85942971,4.51145810,0.61552586,4.07256461,0.00926670,0.07657412,0.00244527,0.19082981
-4.85342671,4.36905162,0.59002452,3.94901372,0.00887633,0.07277480,0.00237349,0.18276145
-4.84742371,4.22005542,0.56460510,3.81893176,0.00850466,0.06907736,0.00229118,0.17467017
-4.84142071,4.06629610,0.53955420,3.68393027,0.00815629,0.06551764,0.00220005,0.16665104
-4.83541771,3.90957280,0.51512496,3.54561399,0.00783464,0.06212532,0.00210192,0.15878956
-4.82941471,3.75161089,0.49153045,3.40553956,0.00754189,0.05892322,0.00199869,0.15115943
-4.82341171,3.59402298,0.46893907,3.26518016,0.00727899,0.05592704,0.00189228,0.14382098
-4.81740870,3.43827841,0.44747221,3.12589714,0.00704577,0.05314526,0.00178461,0.13682032
-4.81140570,3.28568241,0.42720411,2.98891972,0.00684103,0.05057950,0.00167755,0.13018913
-4.80540270,3.13736527,0.40816397,2.85533330,0.00666270,0.04822504,0.00157291,0.12394516
-4.79939970,2.99428156,0.39033993,2.72607651,0.00650805,0.04607161,0.00147240,0.11809334
-4.79339670,2.85721903,0.37368475,2.60194659,0.00637386,0.04410444,0.00137763,0.11262740
-4.78739370,2.72681595,0.35812279,2.48361246,0.00625669,0.04230533,0.00129010,0.10753189
-4.78139070,2.60358574,0.34355789,2.37163430,0.00615304,0.04065390,0.00121125,0.10278449
-4.77538769,2.48794676,0.32988175,2.26648801,0.00605957,0.03912882,0.00114242,0.09835849
-4.76938469,2.38025550,0.31698223,2.16859282,0.00597333,0.03770900,0.00108492,0.09422526
-4.76338169,2.28084050,0.30475130,2.07834009,0.00589182,0.03637469,0.00104002,0.09035656
-4.75737869,2.19003500,0.29309215,1.99612108,0.00581319,0.03510845,0.00100898,0.08672672
-4.75137569,2.10820599,0.28192514,1.92235200,0.00573629,0.03389597,0.00099311,0.08331436
-4.74537269,2.03577748,0.27119234,1.85749412,0.00566069,0.03272660,0.00099377,0.08010374
-4.73936968,1.97324662,0.26086050,1.80206771,0.00558668,0.03159377,0.00101238,0.07708563
-4.73336668,1.92119120,0.25092229,1.75665852,0.00551525,0.03049512,0.00105046,0.07425769
-4.72736368,1.88026786,0.24139597,1.72191605,0.00544795,0.02943237,0.00110962,0.07162429
-4.72136068,1.85120099,0.23232333,1.69854346,0.00538682,0.02841112,0.00119158,0.06919599
-4.71535768,1.83476248,0.22376635,1.68727943,0.00533421,0.02744030,0.00129817,0.06698842
-4.70935468,1.83174352,0.21580265,1.68887274,0.00529265,0.02653160,0.00143131,0.06502099
-4.70335168,1.84291979,0.20852001,1.70405076,0.00526464,0.02569876,0.00159302,0.06331527
-4.69734867,1.86901179,0.20201040,1.73348364,0.00525253,0.02495674,0.00178540,0.06189322
-4.69134567,1.91064270,0.19636371,1.77774606,0.00525832,0.02432097,0.00201060,0.06077541
-4.68534267,1.96829594,0.19166168,1.83727857,0.00528353,0.02380649,0.00227088,0.05997927
-4.67933967,2.04227475,0.18797213,1.91235081,0.00532909,0.02342730,0.00256853,0.05951753
-4.67333667,2.13266630,0.18534404,2.00302856,0.00539525,0.02319563,0.00290593,0.05939687
-4.66733367,2.23931215,0.18380342,2.10914672,0.00548152,0.02312151,0.00328555,0.05961689
-4.66133067,2.36178689,0.18335044,2.23028959,0.00558665,0.02321231,0.00370997,0.06016949
-4.65532766,2.49938630,0.18395768,2.36577983,0.00570867,0.02347256,0.00418192,0.06103858
-4.64932466,2.65112574,0.18556975,2.51467684,0.00584491,0.02390386,0.00470431,0.06220022
-4.64332166,2.81574908,0.18810410,2.67578481,0.00599212,0.02450495,0.00528030,0.06362313
-4.63731866,2.99174795,0.19145317,2.84767028,0.00614658,0.02527191,0.00591333,0.06526960
-4.63131566,3.17739046,0.19548746,3.02868856,0.00630421,0.02619853,0.00660717,0.06709661
-4.62531266,3.37075825,0.20005967,3.21701778,0.00646075,0.02727669,0.00736598,0.06905731
-4.61930965,3.56979030,0.20500943,3.41069947,0.00661190,0.02849687,0.00819432,0.07110251
-4.61330665,3.77233156,0.21016859,3.60768361,0.00675347,0.02984868,0.00909722,0.07318239
-4.60730365,3.97618465,0.21536672,3.80587671,0.00688158,0.03132139,0.01008009,0.07524813
-4.60130065,4.17916238,0.22043659,4.00319093,0.00699274,0.03290441,0.01114882,0.07725345
-4.59529765,4.37913947,0.22521948,4.19759254,0.00708401,0.03458778,0.01230960,0.07915605
-4.58929465,4.57410158,0.22957000,4.38714822,0.00715311,0.03636252,0.01356895,0.08091880
-4.58329165,4.76219039,0.23336031,4.57006786,0.00719847,0.03822095,0.01493356,0.08251069
-4.57728864,4.94174352,0.23648358,4.74474294,0.00721933,0.04015684,0.01641018,0.08390749
-4.57128564,5.11132879,0.23885663,4.90977969,0.00721574,0.04216553,0.01800545,0.08509213
-4.56528264,5.26977213,0.24042159,5.06402680,0.00718858,0.04424387,0.01972574,0.08605477
-4.55927964,5.41617937,0.24114669,5.20659746,0.00713954,0.04639015,0.02157698,0.08679264
-4.55327664,5.54995187,0.24102612,5.33688590,0.00707111,0.04860386,0.02356440,0.08730958
-4.54727364,5.67079634,0.24007907,5.45457860,0.00698654,0.05088547,0.02569239,0.08761551
-4.54127064,5.77872929,0.23834803,5.55966049,0.00688971,0.05323605,0.02796429,0.08772561
-4.53526763,5.87407627,0.23589646,5.65241629,0.00678516,0.05565702,0.03038216,0.08765953
-4.52926463,5.95746638,0.23280595,5.73342721,0.00667789,0.05814972,0.03294663,0.08744052
-4.52326163,6.02982190,0.22917310,5.80356286,0.00657338,0.06071511,0.03565671,0.08709454
-4.51725863,6.09234301,0.22510605,5.86396829,0.00647740,0.06335341,0.03850961,0.08664947
-4.51125563,6.14648741,0.22072108,5.91604570,0.00639593,0.06606385,0.04150063,0.08613432
-4.50525263,6.19394425,0.21613905,5.96143041,0.00633506,0.06884438,0.04462301,0.08557860
-4.49924962,6.23660215,0.21148212,6.00196061,0.00630084,0.07169143,0.04786777,0.08501166
-4.49324662,6.27651058,0.20687056,6.03964031,0.00629918,0.07459974,0.05122366,0.08446229
-4.48724362,6.31583468,0.20241985,6.07659549,0.00633567,0.07756218,0.05467700,0.08395819
-4.48124062,6.35680328,0.19823807,6.11502318,0.00641548,0.08056965,0.05821168,0.08352564
-4.47523762,6.40165066,0.19442357,6.15713411,0.00654321,0.08361093,0.06180905,0.08318916
-4.46923462,6.45255285,0.19106305,6.20508972,0.00672276,0.08667262,0.06544795,0.08297112
-4.46323162,6.51155993,0.18822988,6.26093492,0.00695716,0.08973908,0.06910470,0.08289146
-4.45722861,6.58052613,0.18598283,6.32652858,0.00724850,0.09279239,0.07275320,0.08296731
-4.45122561,6.66104033,0.18436507,6.40347416,0.00759777,0.09581238,0.07636510,0.08321264
-4.44522261,6.75435953,0.18340358,6.49305323,0.00800481,0.09877663,0.07990997,0.08363788
-4.43921961,6.86134863,0.18310882,6.59616500,0.00846822,0.10166066,0.08335564,0.08424957
-4.43321661,6.98242949,0.18347478,6.71327505,0.00898535,0.10443803,0.08666861,0.08505003
-4.42721361,7.11754254,0.18447936,6.84437626,0.00955226,0.10708065,0.08981449,0.08603707
-4.42121061,7.26612366,0.18608508,6.98896486,0.01016381,0.10955914,0.09275864,0.08720380
-4.41520760,7.42709861,0.18824016,7.14603375,0.01081367,0.11184329,0.09546678,0.08853857
-4.40920460,7.59889674,0.19087987,7.31408471,0.01149447,0.11390257,0.09790573,0.09002496
-4.40320160,7.77948460,0.19392824,7.49116047,0.01219792,0.11570682,0.10004421,0.09164208
-4.39719860,7.96641938,0.19730008,7.67489616,0.01291503,0.11722697,0.10185360,0.09336485
-4.39119560,8.15692096,0.20090318,7.86258936,0.01363625,0.11843579,0.10330874,0.09516465
-4.38519260,8.34796042,0.20464072,8.05128631,0.01435177,0.11930874,0.10438871,0.09700998
-4.37918959,8.53636190,0.20841393,8.23788158,0.01505171,0.11982474,0.10507745,0.09886735
-4.37318659,8.71891393,0.21212464,8.41922707,0.01572638,0.11996698,0.10536441,0.10070226
-4.36718359,8.89248578,0.21567798,8.59224623,0.01636657,0.11972360,0.10524494,0.10248031
-4.36118059,9.05414380,0.21898493,8.75404845,0.01696373,0.11908831,0.10472065,0.10416830
-4.35517759,9.20126286,0.22196469,8.90203879,0.01751024,0.11806081,0.10379949,0.10573538
-4.34917459,9.33162776,0.22454688,9.03401806,0.01799961,0.11664713,0.10249574,0.10715413
-4.34317159,9.44352006,0.22667342,9.14826876,0.01842661,0.11485970,0.10082976,0.10840154
-4.33716858,9.53578633,0.22829994,9.24362279,0.01878746,0.11271729,0.09882761,0.10945984
-4.33116558,9.60788437,0.22939699,9.31950773,0.01907988,0.11024471,0.09652049,0.11031722
-4.32516258,9.65990529,0.22995061,9.37596939,0.01930320,0.10747233,0.09394402,0.11096825
-4.31915958,9.69256996,0.22996259,9.41366925,0.01945831,0.10443546,0.09113745,0.11141413
-4.31315658,9.70719976,0.22945015,9.43385657,0.01954768,0.10117350,0.08814271,0.11166264
-4.30715358,9.70566264,0.22844532,9.43831622,0.01957528,0.09772905,0.08500350,0.11172794
-4.30115058,9.69029632,0.22699380,9.42929402,0.01954645,0.09414687,0.08176426,0.11162999
-4.29514757,9.66381196,0.22515352,9.40940268,0.01946779,0.09047287,0.07846925,0.11139385
-4.28914457,9.62918204,0.22299284,9.38151216,0.01934701,0.08675298,0.07516155,0.11104878
-4.28314157,9.58951697,0.22058864,9.34862888,0.01919271,0.08303215,0.07188227,0.11062715
-4.27713857,9.54793592,0.21802409,9.31376892,0.01901418,0.07935336,0.06866971,0.11016323
-4.27113557,9.50743683,0.21538651,9.27983051,0.01882124,0.07575677,0.06555875,0.10969198
-4.26513257,9.47077146,0.21276512,9.24947116,0.01862400,0.07227892,0.06258029,0.10924779
-4.25912956,9.44033060,0.21024904,9.22499478,0.01843270,0.06895222,0.05976087,0.10886327
-4.25312656,9.41804440,0.20792529,9.20825348,0.01825749,0.06580442,0.05712242,0.10856818
-4.24712356,9.40530215,0.20587724,9.20056849,0.01810836,0.06285844,0.05468212,0.10838846
-4.24112056,9.40289500,0.20418320,9.20267349,0.01799492,0.06013222,0.05245250,0.10834551
-4.23511756,9.41098399,0.20291550,9.21468296,0.01792639,0.05763881,0.05044154,0.10845568
-4.22911456,9.42909504,0.20213985,9.23608683,0.01791149,0.05538665,0.04865296,0.10873000
-4.22311156,9.45614084,0.20191512,9.26577186,0.01795845,0.05337989,0.04708662,0.10917418
-4.21710855,9.49046874,0.20229340,9.30206849,0.01807497,0.05161892,0.04573900,0.10978886
-4.21110555,9.52993250,0.20332045,9.34282131,0.01826825,0.05010092,0.04460365,0.11057014
-4.20510255,9.57198435,0.20503629,9.38547970,0.01854503,0.04882049,0.04367184,0.11151019
-4.19909955,9.61378331,0.20747595,9.42720458,0.01891162,0.04777031,0.04293307,0.11259818
-4.19309655,9.65231456,0.21067031,9.46498618,0.01937394,0.04694179,0.04237563,0.11382119
-4.18709355,9.68451437,0.21464680,9.49576757,0.01993752,0.04632564,0.04198715,0.11516516
-4.18109055,9.70739476,0.21943002,9.51656809,0.02060751,0.04591240,0.04175503,0.11661595
-4.17508754,9.71816215,0.22504208,9.52460100,0.02138866,0.04569292,0.04166685,0.11816015
-4.16908454,9.71432468,0.23150262,9.51738029,0.02228520,0.04565861,0.04171065,0.11978585
-4.16308154,9.69378338,0.23882851,9.49281166,0.02330080,0.04580169,0.04187514,0.12148322
-4.15707854,9.65490355,0.24703318,9.44926414,0.02443840,0.04611522,0.04214982,0.12324490
-4.15107554,9.59656350,0.25612554,9.38561945,0.02570002,0.04659305,0.04252495,0.12506609
-4.14507254,9.51817929,0.26610869,9.30129776,0.02708661,0.04722966,0.04299150,0.12694446
-4.13906953,9.41970532,0.27697837,9.19625951,0.02859784,0.04801988,0.04354099,0.12887990
-4.13306653,9.30161183,0.28872131,9.07098436,0.03023188,0.04895854,0.04416527,0.13087399
-4.12706353,9.16484180,0.30131370,8.92642956,0.03198525,0.05004014,0.04485628,0.13292944
-4.12106053,9.01075041,0.31471969,8.76397075,0.03385269,0.05125843,0.04560582,0.13504935
-4.11505753,8.84103132,0.32889038,8.58532949,0.03582705,0.05260608,0.04640528,0.13723657
-4.10905453,8.65763423,0.34376317,8.39249165,0.03789930,0.05407436,0.04724541,0.13949302
-4.10305153,8.46267877,0.35926166,8.18762169,0.04005855,0.05565298,0.04811622,0.14181916
-4.09704852,8.25836910,0.37529625,7.97297727,0.04229221,0.05732993,0.04900682,0.14421358
-4.09104552,8.04691381,0.39176538,7.75082846,0.04458622,0.05909150,0.04990545,0.14667280
-4.08504252,7.83045458,0.40855738,7.52338535,0.04692528,0.06092246,0.05079951,0.14919132
-4.07903952,7.61100643,0.42555294,7.29273668,0.04929330,0.06280621,0.05167572,0.15176178
-4.07303652,7.39041151,0.44262800,7.06080156,0.05167371,0.06472522,0.05252031,0.15437544
-4.06703352,7.17030700,0.45965698,6.82929518,0.05404993,0.06666137,0.05331933,0.15702277
-4.06103052,6.95210720,0.47651604,6.59970841,0.05640580,0.06859642,0.05405892,0.15969412
-4.05502751,6.73699850,0.49308627,6.37330047,0.05872597,0.07051246,0.05472568,0.16238057
-4.04902451,6.52594557,0.50925653,6.15110286,0.06099627,0.07239238,0.05530702,0.16507464
-4.04302151,6.31970630,0.52492578,5.93393257,0.06320394,0.07422016,0.05579144,0.16777101
-4.03701851,6.11885278,0.54000461,5.72241177,0.06533786,0.07598118,0.05616890,0.17046704
-4.03101551,5.92379577,0.55441605,5.51699164,0.06738857,0.07766238,0.05643095,0.17316315
-4.02501251,5.73480983,0.56809537,5.31797747,0.06934827,0.07925222,0.05657100,0.17586290
-4.01900950,5.55205700,0.58098906,5.12555322,0.07121061,0.08074061,0.05658434,0.17857279
-4.01300650,5.37560736,0.59305295,4.93980342,0.07297046,0.08211866,0.05646818,0.18130178
-4.00700350,5.20545514,0.60424969,4.76073140,0.07462352,0.08337833,0.05622157,0.18406057
-4.00100050,5.04153024,0.61454575,4.58827319,0.07616598,0.08451203,0.05584530,0.18686059
-3.99499750,4.88370493,0.62390830,4.42230711,0.07759400,0.08551220,0.05534167,0.18971283
-3.98899450,4.73179685,0.63230214,4.26265945,0.07890338,0.08637090,0.05471427,0.19262658
-3.98299150,4.58556914,0.63968710,4.10910727,0.08008910,0.08707944,0.05396777,0.19560809
-3.97698849,4.44472933,0.64601613,3.96137956,0.08114513,0.08762817,0.05310760,0.19865936
-3.97098549,4.30892846,0.65123442,3.81915795,0.08206420,0.08800640,0.05213978,0.20177704
-3.96498249,4.17776198,0.65527963,3.68207842,0.08283779,0.08820248,0.05107072,0.20495161
-3.95897949,4.05077367,0.65808336,3.54973516,0.08345627,0.08820409,0.04990703,0.20816685
-3.95297649,3.92746347,0.65957404,3.42168737,0.08390916,0.08799869,0.04865549,0.21139976
-3.94697349,3.80729980,0.65968086,3.29746951,0.08418562,0.08757419,0.04732302,0.21462078
-3.94097049,3.68973632,0.65833886,3.17660513,0.08427497,0.08691971,0.04591672,0.21779458
-3.93496748,3.57423260,0.65549466,3.05862378,0.08416736,0.08602647,0.04444399,0.22088116
-3.92896448,3.46027773,0.65111267,2.94308034,0.08385454,0.08488869,0.04291266,0.22383739
-3.92296148,3.34741573,0.64518126,2.82957576,0.08333054,0.08350451,0.04133118,0.22661888
-3.91695848,3.23527084,0.63771851,2.71777761,0.08259245,0.08187676,0.03970882,0.22918199
-3.91095548,3.12357133,0.62877715,2.60743941,0.08164099,0.08001364,0.03805585,0.23148610
-3.90495248,3.01216990,0.61844822,2.49841697,0.08048104,0.07792915,0.03638365,0.23349581
-3.89894947,2.90105926,0.60686323,2.39068077,0.07912196,0.07564330,0.03470486,0.23518304
-3.89294647,2.79038151,0.59419441,2.28432309,0.07757776,0.07318203,0.03303335,0.23652896
-3.88694347,2.68043047,0.58065314,2.17955933,0.07586701,0.07057681,0.03138423,0.23752551
-3.88094047,2.57164654,0.56648620,2.07672304,0.07401254,0.06786398,0.02977365,0.23817657
-3.87493747,2.46460386,0.55197019,1.97625482,0.07204097,0.06508384,0.02821863,0.23849855
-3.86893447,2.35999051,0.53740416,1.87868541,0.06998200,0.06227943,0.02673669,0.23852042
-3.86293147,2.25858233,0.52310070,1.78461377,0.06786754,0.05949520,0.02534548,0.23828314
-3.85692846,2.16121178,0.50937597,1.69468128,0.06573077,0.05677555,0.02406236,0.23783848
-3.85092546,2.06873323,0.49653895,1.60954327,0.06360501,0.05416329,0.02290381,0.23724727
-3.84492246,1.98198643,0.48488049,1.52983941,0.06152268,0.05169816,0.02188500,0.23657710
-3.83891946,1.90175993,0.47466257,1.45616424,0.05951420,0.04941545,0.02101918,0.23589967
-3.83291646,1.82875612,0.46610832,1.38903957,0.05760695,0.04734471,0.02031722,0.23528775
-3.82691346,1.76355968,0.45939321,1.32888974,0.05582438,0.04550879,0.01978710,0.23481200
-3.82091046,1.70661073,0.45463777,1.27602111,0.05418527,0.04392306,0.01943355,0.23453783
-3.81490745,1.65818397,0.45190231,1.23060649,0.05270312,0.04259498,0.01925772,0.23452236
-3.80890445,1.61837466,0.45118373,1.19267529,0.05138574,0.04152395,0.01925695,0.23481172
-3.80290145,1.58709206,0.45241472,1.16210955,0.05023518,0.04070152,0.01942471,0.23543879
-3.79689845,1.56406033,0.45546540,1.13864602,0.04924765,0.04011185,0.01975058,0.23642162
-3.79089545,1.54882699,0.46014720,1.12188400,0.04841387,0.03973253,0.02022045,0.23776248
-3.78489245,1.54077832,0.46621912,1.11129842,0.04771951,0.03953560,0.02081676,0.23944778
-3.77888944,1.53916089,0.47339585,1.10625757,0.04714580,0.03948869,0.02151895,0.24144875
-3.77288644,1.54310829,0.48135768,1.10604441,0.04667030,0.03955648,0.02230390,0.24372293
-3.76688344,1.55167180,0.48976159,1.10988064,0.04626783,0.03970202,0.02314662,0.24621644
-3.76088044,1.56385349,0.49825323,1.11695232,0.04591142,0.03988821,0.02402082,0.24886687
-3.75487744,1.57864045,0.50647918,1.12643597,0.04557330,0.04007919,0.02489972,0.25160663
-3.74887444,1.59503859,0.51409912,1.13752401,0.04522592,0.04024158,0.02575673,0.25436666
-3.74287144,1.61210453,0.52079723,1.14944859,0.04484292,0.04034559,0.02656624,0.25708021
-3.73686843,1.62897434,0.52629256,1.16150277,0.04440001,0.04036598,0.02730426,0.25968652
-3.73086543,1.64488794,0.53034775,1.17305838,0.04387573,0.04028267,0.02794910,0.26213419
-3.72486243,1.65920824,0.53277595,1.18357998,0.04325216,0.04008121,0.02848192,0.26438402
-3.71885943,1.67143441,0.53344556,1.19263438,0.04251534,0.03975292,0.02888720,0.26641119
-3.71285643,1.68120891,0.53228267,1.19989579,0.04165566,0.03929482,0.02915303,0.26820657
-3.70685343,1.68831816,0.52927120,1.20514638,0.04066799,0.03870932,0.02927134,0.26977717
-3.70085043,1.69268730,0.52445081,1.20827271,0.03955168,0.03800368,0.02923796,0.27114564
-3.69484742,1.69436933,0.51791268,1.20925836,0.03831039,0.03718932,0.02905257,0.27234887
-3.68884442,1.69352962,0.50979357,1.20817327,0.03695181,0.03628102,0.02871848,0.27343572
-3.68284142,1.69042664,0.50026831,1.20516067,0.03548717,0.03529601,0.02824236,0.27446405
-3.67683842,1.68539009,0.48954136,1.20042218,0.03393077,0.03425307,0.02763384,0.27549726
-3.67083542,1.67879754,0.47783763,1.19420205,0.03229936,0.03317158,0.02690503,0.27660038
-3.66483242,1.67105085,0.46539323,1.18677113,0.03061151,0.03207073,0.02607004,0.27783606
-3.65882941,1.66255339,0.45244634,1.17841152,0.02888698,0.03096869,0.02514441,0.27926069
-3.65282641,1.65368911,0.43922883,1.16940228,0.02714609,0.02988203,0.02414461,0.28092069
-3.64682341,1.64480431,0.42595876,1.16000694,0.02540917,0.02882522,0.02308748,0.28284938
-3.64082041,1.63619274,0.41283413,1.15046308,0.02369601,0.02781025,0.02198981,0.28506445
-3.63481741,1.62808445,0.40002810,1.14097421,0.02202547,0.02684652,0.02086784,0.28756618
-3.62881441,1.62063867,0.38768563,1.13170415,0.02041513,0.02594074,0.01973696,0.29033652
-3.62281141,1.61394072,0.37592180,1.12277382,0.01888104,0.02509707,0.01861137,0.29333915
-3.61680840,1.60800284,0.36482159,1.11426042,0.01743757,0.02431738,0.01750390,0.29652029
-3.61080540,1.60276867,0.35444109,1.10619873,0.01609739,0.02360158,0.01642584,0.29981057
-3.60480240,1.59812099,0.34480998,1.09858438,0.01487145,0.02294799,0.01538685,0.30312757
-3.59879940,1.59389233,0.33593520,1.09137881,0.01376911,0.02235392,0.01439495,0.30637912
-3.59279640,1.58987790,0.32780539,1.08451564,0.01279830,0.02181612,0.01345659,0.30946725
-3.58679340,1.58585037,0.32039611,1.07790824,0.01196568,0.02133136,0.01257667,0.31229252
-3.58079040,1.58157613,0.31367549,1.07145816,0.01127689,0.02089693,0.01175875,0.31475877
-3.57478739,1.57683234,0.30761014,1.06506438,0.01073675,0.02051125,0.01100513,0.31677802
-3.56878439,1.57142458,0.30217115,1.05863291,0.01034951,0.02017428,0.01031711,0.31827542
-3.56278139,1.56520450,0.29733995,1.05208683,0.01011902,0.01988806,0.00969515,0.31919411
-3.55677839,1.55808710,0.29311387,1.04537628,0.01004889,0.01965713,0.00913915,0.31949989
-3.55077539,1.55006726,0.28951135,1.03848838,0.01014265,0.01948889,0.00864861,0.31918549
-3.54477239,1.54123502,0.28657644,1.03145670,0.01040377,0.01939393,0.00822297,0.31827436
-3.53876938,1.53178912,0.28438274,1.02437002,0.01083569,0.01938631,0.00786177,0.31682393
-3.53276638,1.52204839,0.28303638,1.01738012,0.01144179,0.01948376,0.00756495,0.31492807
-3.52676338,1.51246043,0.28267811,1.01070807,0.01222524,0.01970778,0.00733308,0.31271876
-3.52076038,1.50360691,0.28348440,1.00464883,0.01318888,0.02008365,0.00716753,0.31036685
-3.51475738,1.49620523,0.28566724,0.99957365,0.01433499,0.02064041,0.00707070,0.30808173
-3.50875438,1.49110570,0.28947278,0.99592989,0.01566502,0.02141061,0.00704618,0.30610995
-3.50275138,1.48928400,0.29517864,0.99423801,0.01717934,0.02243005,0.00709882,0.30473255
-3.49674837,1.49182846,0.30308979,0.99508528,0.01887687,0.02373730,0.00723483,0.30426120
-3.49074537,1.49992187,0.31353305,0.99911619,0.02075480,0.02537309,0.00746174,0.30503294
-3.48474237,1.51481784,0.32685016,1.00701931,0.02280831,0.02737962,0.00778833,0.30740372
-3.47873937,1.53781159,0.34338951,1.01951081,0.02503022,0.02979964,0.00822445,0.31174051
-3.47273637,1.57020572,0.36349661,1.03731463,0.02741082,0.03267544,0.00878077,0.31841227
-3.46673337,1.61327129,0.38750345,1.06113983,0.02993764,0.03604770,0.00946847,0.32777979
-3.46073037,1.66820521,0.41571701,1.09165545,0.03259536,0.03995426,0.01029878,0.34018455
-3.45472736,1.73608477,0.44840714,1.12946379,0.03536576,0.04442883,0.01128248,0.35593694
-3.44872436,1.81782083,0.48579420,1.17507262,0.03822777,0.04949963,0.01242936,0.37530406
-3.44272136,1.91411105,0.52803687,1.22886754,0.04115764,0.05518815,0.01374759,0.39849744
-3.43671836,2.02539493,0.57522054,1.29108534,0.04412917,0.06150790,0.01524311,0.42566118
-3.43071536,2.15181252,0.62734675,1.36178971,0.04711403,0.06846331,0.01691894,0.45686095
-3.42471236,2.29316875,0.68432426,1.44085012,0.05008222,0.07604885,0.01877465,0.49207423
-3.41870935,2.44890520,0.74596212,1.52792540,0.05300254,0.08424837,0.02080581,0.53118248
-3.41270635,2.61808126,0.81196532,1.62245274,0.05584318,0.09303467,0.02300356,0.57396562
-3.40670335,2.79936622,0.88193331,1.72364328,0.05857237,0.10236952,0.02535435,0.62009924
-3.40070035,2.99104363,0.95536175,1.83048490,0.06115898,0.11220382,0.02783980,0.66915509
-3.39469735,3.19102887,1.03164766,1.94175278,0.06357330,0.12247831,0.03043679,0.72060491
-3.38869435,3.39690030,1.11009806,2.05602801,0.06578766,0.13312441,0.03311775,0.77382802
-3.38269135,3.60594398,1.18994193,2.17172399,0.06777715,0.14406552,0.03585120,0.82812245
-3.37668834,3.81521099,1.27034528,2.28712029,0.06952025,0.15521847,0.03860239,0.88271962
-3.37068534,4.02158619,1.35042885,2.40040312,0.07099940,0.16649520,0.04133432,0.93680216
-3.36468234,4.22186615,1.42928792,2.50971114,0.07220156,0.17780453,0.04400877,0.98952437
-3.35867934,4.41284389,1.50601340,2.61318517,0.07311859,0.18905401,0.04658756,1.04003472
-3.35267634,4.59139720,1.57971349,2.70902003,0.07374760,0.20015162,0.04903386,1.08749948
-3.34667334,4.75457707,1.64953501,2.79551640,0.07409109,0.21100748,0.05131350,1.13112664
-3.34067034,4.89969289,1.71468339,2.87113076,0.07415705,0.22153520,0.05339631,1.17018906
-3.33466733,5.02439043,1.77444076,2.93452119,0.07395883,0.23165308,0.05525726,1.20404602
-3.32866433,5.12671954,1.82818100,2.98458708,0.07351487,0.24128496,0.05687752,1.23216200
-3.32266133,5.20518830,1.87538156,3.02050099,0.07284829,0.25036072,0.05824518,1.25412206
-3.31665833,5.25880133,1.91563127,3.04173120,0.07198630,0.25881658,0.05935580,1.26964294
-3.31065533,5.28708048,1.94863418,3.04805390,0.07095950,0.26659496,0.06021257,1.27857948
-3.30465233,5.29006697,1.97420927,3.03955450,0.06980096,0.27364423,0.06082611,1.28092609
-3.29864932,5.26830520,1.99228637,3.01661804,0.06854533,0.27991826,0.06121398,1.27681311
-3.29264632,5.22280888,2.00289862,2.97990912,0.06722772,0.28537585,0.06139979,1.26649845
-3.28664332,5.15501155,2.00617222,2.93034252,0.06588268,0.28998021,0.06141210,1.25035479
-3.28064032,5.06670388,2.00231403,2.86904582,0.06454303,0.29369851,0.06128297,1.22885315
-3.27463732,4.95996104,1.99159800,2.79731584,0.06323889,0.29650159,0.06104642,1.20254360
-3.26863432,4.83706358,1.97435111,2.71657122,0.06199665,0.29836386,0.06073672,1.17203402
-3.26263132,4.70041578,1.95093979,2.62830304,0.06083821,0.29926347,0.06038670,1.13796806
-3.25662831,4.55246519,1.92175735,2.53402595,0.05978025,0.29918278,0.06002616,1.10100330
-3.25062531,4.39562684,1.88721316,2.43523195,0.05883383,0.29810901,0.05968035,1.06179044
-3.24462231,4.23221552,1.84772379,2.33334854,0.05800417,0.29603515,0.05936878,1.02095465
-3.23861931,4.06438834,1.80370665,2.22970302,0.05729070,0.29296103,0.05910431,0.97907963
-3.23261631,3.89409981,1.75557581,2.12549404,0.05668733,0.28889440,0.05889253,0.93669492
-3.22661331,3.72307030,1.70374015,2.02177117,0.05618308,0.28385210,0.05873159,0.89426692
-3.22061031,3.55276831,1.64860345,1.91942271,0.05576278,0.27786100,0.05861241,0.85219358
-3.21460730,3.38440610,1.59056600,1.81917170,0.05540816,0.27095881,0.05851925,0.81080281
-3.20860430,3.21894767,1.53002729,1.72157943,0.05509898,0.26319463,0.05843060,0.77035423
-3.20260130,3.05712721,1.46738923,1.62705570,0.05481430,0.25462908,0.05832045,0.73104395
-3.19659830,2.89947621,1.40305945,1.53587442,0.05453384,0.24533411,0.05815968,0.69301164
-3.19059530,2.74635663,1.33745408,1.44819343,0.05423929,0.23539237,0.05791766,0.65634947
-3.18459230,2.59799775,1.27099974,1.36407691,0.05391555,0.22489617,0.05756393,0.62111205
-3.17858929,2.45453426,1.20413431,1.28351901,0.05355189,0.21394612,0.05706982,0.58732680
-3.17258629,2.31604322,1.13730641,1.20646726,0.05314281,0.20264938,0.05640997,0.55500408
-3.16658329,2.18257801,1.07097336,1.13284461,0.05268875,0.19111769,0.05556372,0.52414652
-3.16058029,2.05419751,1.00559780,1.06256905,0.05219646,0.17946528,0.05451622,0.49475707
-3.15457729,1.93098949,0.94164291,0.99556997,0.05167910,0.16780662,0.05325926,0.46684546
-3.14857429,1.81308723,0.87956660,0.93180086,0.05115594,0.15625422,0.05179185,0.44043279
-3.14257129,1.70067939,0.81981488,0.87124799,0.05065181,0.14491655,0.05012040,0.41555420
-3.13656828,1.59401296,0.76281467,0.81393511,0.05019616,0.13389611,0.04825864,0.39225960
-3.13056528,1.49339005,0.70896647,0.75992441,0.04982195,0.12328776,0.04622722,0.37061269
-3.12456228,1.39915923,0.65863718,0.70931406,0.04956417,0.11317733,0.04405312,0.35068838
-3.11855928,1.31170249,0.61215336,0.66223302,0.04945828,0.10364060,0.04176878,0.33256897
-3.11255628,1.23141907,0.56979526,0.61883352,0.04953852,0.09474260,0.03941111,0.31633948
-3.10655328,1.15870738,0.53179191,0.57928220,0.04983614,0.08653728,0.03702042,0.30208239
-3.10055028,1.09394630,0.49831725,0.54375029,0.05037771,0.07906752,0.03463931,0.28987233
-3.09454727,1.03747693,0.46948775,0.51240367,0.05118351,0.07236543,0.03231154,0.27977091
-3.08854427,0.98958598,0.44536125,0.48539334,0.05226617,0.06645294,0.03008102,0.27182206
-3.08254127,0.95049143,0.42593733,0.46284672,0.05362950,0.06134261,0.02799078,0.26604824
-3.07653827,0.92033114,0.41115889,0.44486020,0.05526765,0.05703858,0.02608220,0.26244755
-3.07053527,0.89915478,0.40091509,0.43149312,0.05716467,0.05353768,0.02439421,0.26099193
-3.06453227,0.88691912,0.39504526,0.42276337,0.05929446,0.05083051,0.02296274,0.26162659
-3.05852926,0.88348669,0.39334380,0.41864451,0.06162104,0.04890253,0.02182022,0.26427037
-3.05252626,0.88862733,0.39556565,0.41906449,0.06409935,0.04773512,0.02099518,0.26881730
-3.04652326,0.90202243,0.40143228,0.42390556,0.06667635,0.04730644,0.02051196,0.27513889
-3.04052026,0.92327100,0.41063775,0.43300534,0.06929250,0.04759217,0.02039047,0.28308709
-3.03451726,0.95189723,0.42285481,0.44615879,0.07188353,0.04856604,0.02064594,0.29249772
-3.02851426,0.98735876,0.43774069,0.46312068,0.07438241,0.05020014,0.02128878,0.30319411
-3.02251126,1.02905514,0.45494239,0.48360851,0.07672149,0.05246500,0.02232438,0.31499071
-3.01650825,1.07633604,0.47410148,0.50730554,0.07883468,0.05532949,0.02375289,0.32769649
-3.01050525,1.12850873,0.49485814,0.53386389,0.08065960,0.05876048,0.02556907,0.34111801
-3.00450225,1.18484491,0.51685464,0.56290763,0.08213964,0.06272237,0.02776206,0.35506203
-2.99849925,1.24458650,0.53973805,0.59403574,0.08322575,0.06717655,0.03031529,0.36933757
-2.99249625,1.30695078,0.56316256,0.62682517,0.08387801,0.07208073,0.03320628,0.38375745
-2.98649325,1.37113509,0.58679137,0.66083400,0.08406682,0.07738843,0.03640667,0.39813948
-2.98049025,1.43632135,0.61029836,0.69560481,0.08377373,0.08304839,0.03988224,0.41230716
-2.97448724,1.50168101,0.63336985,0.73066857,0.08299186,0.08900432,0.04359310,0.42609029
-2.96848424,1.56638071,0.65570650,0.76554912,0.08172588,0.09519478,0.04749404,0.43932545
-2.96248124,1.62958928,0.67702560,0.79976831,0.07999159,0.10155336,0.05153504,0.45185665
-2.95647824,1.69048623,0.69706382,0.83285211,0.07781516,0.10800915,0.05566196,0.46353618
-2.95047524,1.74827200,0.71558056,0.86433744,0.07523198,0.11448765,0.05981743,0.47422586
-2.94447224,1.80218012,0.73236168,0.89377993,0.07228530,0.12091185,0.06394192,0.48379867
-2.93846923,1.85149091,0.74722374,0.92076223,0.06902463,0.12720377,0.06797497,0.49214082
-2.93246623,1.89554649,0.76001829,0.94490283,0.06550404,0.13328613,0.07185654,0.49915431
-2.92646323,1.93376658,0.77063621,0.96586497,0.06178039,0.13908426,0.07552846,0.50475961
-2.92046023,1.96566426,0.77901148,0.98336523,0.05791159,0.14452809,0.07893593,0.50889856
-2.91445723,1.99086091,0.78512427,0.99718155,0.05395499,0.14955410,0.08202903,0.51153721
-2.90845423,2.00909945,0.78900289,1.00716003,0.04996584,0.15410717,0.08476410,0.51266827
-2.90245123,2.02025493,0.79072416,1.01322016,0.04599604,0.15814220,0.08710503,0.51231311
-2.89644822,2.02434167,0.79041220,1.01535822,0.04209303,0.16162539,0.08902443,0.51052296
-2.89044522,2.02151631,0.78823518,1.01364836,0.03829900,0.16453512,0.09050444,0.50737916
-2.88444222,2.01207609,0.78440023,1.00824122,0.03465031,0.16686239,0.09153737,0.50299232
-2.87843922,1.99645240,0.77914642,0.99936011,0.03117722,0.16861067,0.09212603,0.49750039
-2.87243622,1.97519936,0.77273609,0.98729462,0.02790377,0.16979542,0.09228366,0.49106548
-2.86643322,1.94897793,0.76544487,0.97239204,0.02484798,0.17044295,0.09203364,0.48386968
-2.86043022,1.91853602,0.75755094,0.95504676,0.02202214,0.17058901,0.09140877,0.47610987
-2.85442721,1.88468552,0.74932393,0.93568818,0.01943332,0.17027700,0.09045036,0.46799187
-2.84842421,1.84827730,0.74101418,0.91476763,0.01708393,0.16955597,0.08920702,0.45972414
-2.84242121,1.81017523,0.73284294,0.89274489,0.01497244,0.16847852,0.08773318,0.45151131
-2.83641821,1.77123064,0.72499413,0.87007490,0.01309405,0.16709871,0.08608751,0.44354794
-2.83041521,1.73225821,0.71760810,0.84719531,0.01144144,0.16547014,0.08433127,0.43601272
-2.82441221,1.69401465,0.71077785,0.82451539,0.01000553,0.16364422,0.08252652,0.42906349
-2.81840920,1.65718090,0.70454797,0.80240672,0.00877610,0.16166883,0.08073444,0.42283331
-2.81240620,1.62234873,0.69891633,0.78119617,0.00774247,0.15958733,0.07901372,0.41742768
-2.80640320,1.59001210,0.69383853,0.76116114,0.00689405,0.15743801,0.07741903,0.41292319
-2.80040020,1.56056352,0.68923472,0.74252740,0.00622084,0.15525397,0.07599976,0.40936740
-2.79439720,1.53429526,0.68499859,0.72546930,0.00571382,0.15306337,0.07479892,0.40678017
-2.78839420,1.51140501,0.68100779,0.71011226,0.00536533,0.15089004,0.07385232,0.40515610
-2.78239120,1.49200540,0.67713529,0.69653708,0.00516925,0.14875439,0.07318802,0.40446806
-2.77638819,1.47613654,0.67326101,0.68478589,0.00512120,0.14667446,0.07282602,0.40467153
-2.77038519,1.46378064,0.66928293,0.67486905,0.00521863,0.14466704,0.07277824,0.40570943
-2.76438219,1.45487781,0.66512721,0.66677270,0.00546079,0.14274882,0.07304879,0.40751736
-2.75837919,1.44934197,0.66075667,0.66046626,0.00584873,0.14093745,0.07363442,0.41002873
-2.75237619,1.44707607,0.65617717,0.65590971,0.00638512,0.13925234,0.07452518,0.41317977
-2.74637319,1.44798578,0.65144172,0.65306005,0.00707415,0.13771538,0.07570534,0.41691405
-2.74037019,1.45199117,0.64665210,0.65187668,0.00792126,0.13635125,0.07715432,0.42118640
-2.73436718,1.45903594,0.64195793,0.65232564,0.00893298,0.13518761,0.07884786,0.42596614
-2.72836418,1.46909400,0.63755359,0.65438249,0.01011662,0.13425496,0.08075914,0.43123945
-2.72236118,1.48217354,0.63367305,0.65803393,0.01148004,0.13358635,0.08286003,0.43701089
-2.71635818,1.49831858,0.63058316,0.66327820,0.01303144,0.13321689,0.08512222,0.44330421
-2.71035518,1.51760854,0.62857581,0.67012460,0.01477910,0.13318325,0.08751842,0.45016221
-2.70435218,1.54015611,0.62795947,0.67859215,0.01673122,0.13352308,0.09002339,0.45764606
-2.69834917,1.56610391,0.62905063,0.68870788,0.01889577,0.13427451,0.09261491,0.46583382
-2.69234617,1.59562035,0.63216549,0.70050482,0.02128038,0.13547577,0.09527455,0.47481857
-2.68634317,1.62889509,0.63761235,0.71402010,0.02389228,0.13716488,0.09798835,0.48470590
-2.68034017,1.66613438,0.64568491,0.72929317,0.02673828,0.13937959,0.10074726,0.49561109
-2.67433717,1.70755643,0.65665669,0.74636440,0.02982478,0.14215744,0.10354733,0.50765587
-2.66833417,1.75338671,0.67077640,0.76527400,0.03315774,0.14553588,0.10638980,0.52096485
-2.66233117,1.80385332,0.68826447,0.78606127,0.03674272,0.14955264,0.10928081,0.53566159
-2.65632816,1.85918189,0.70931016,0.80876396,0.04058479,0.15424590,0.11223103,0.55186444
-2.65032516,1.91958994,0.73406940,0.83341776,0.04468848,0.15965457,0.11525494,0.56968202
-2.64432216,1.98528031,0.76266262,0.86005547,0.04905756,0.16581831,0.11837002,0.58920848
-2.63831916,2.05643318,0.79517264,0.88870577,0.05369474,0.17277734,0.12159573,0.61051859
-2.63231616,2.13319670,0.83164203,0.91939130,0.05860128,0.18057195,0.12495229,0.63366264
-2.62631316,2.21567585,0.87206991,0.95212591,0.06377645,0.18924158,0.12845946,0.65866143
-2.62031016,2.30391968,0.91640800,0.98691093,0.06921682,0.19882354,0.13213521,0.68550132
-2.61430715,2.39790715,0.96455593,1.02373053,0.07491555,0.20935122,0.13599439,0.71412974
-2.60830415,2.49753197,1.01635593,1.06254608,0.08086149,0.22085205,0.14004751,0.74445109
-2.60230115,2.60258708,1.07158723,1.10328997,0.08703832,0.23334494,0.14429954,0.77632360
-2.59629815,2.71274960,1.12996051,1.14585894,0.09342366,0.24683763,0.14874897,0.80955709
-2.59029515,2.82756717,1.19111292,1.19010748,0.09998828,0.26132391,0.15338700,0.84391201
-2.58429215,2.94644677,1.25460426,1.23584172,0.10669542,0.27678081,0.15819702,0.87909996
-2.57828914,3.06864703,1.31991484,1.28281426,0.11350038,0.29316612,0.16315434,0.91478570
-2.57228614,3.19327502,1.38644576,1.33072060,0.12035030,0.31041627,0.16822623,0.95059100
-2.56628314,3.31928833,1.45352183,1.37919750,0.12718432,0.32844476,0.17337228,0.98610001
-2.56028014,3.44550312,1.52039789,1.42782364,0.13393408,0.34714141,0.17854495,1.02086641
-2.55427714,3.57060846,1.58626842,1.47612307,0.14052461,0.36637240,0.18369050,1.05442192
-2.54827414,3.69318696,1.65028064,1.52357134,0.14687559,0.38598134,0.18875010,1.08628618
-2.54227114,3.81174136,1.71155099,1.56960448,0.15290300,0.40579129,0.19366111,1.11597750
-2.53626813,3.92472644,1.76918449,1.61363055,0.15852107,0.42560782,0.19835854,1.14302424
-2.53026513,4.03058524,1.82229637,1.65504337,0.16364445,0.44522305,0.20277660,1.16697638
-2.52426213,4.12778821,1.87003543,1.69323813,0.16819060,0.46442039,0.20685023,1.18741688
-2.51825913,4.21487397,1.91160791,1.72762793,0.17208220,0.48298006,0.21051668,1.20397239
-2.51225613,4.29048977,1.94630114,1.75766085,0.17524955,0.50068495,0.21371695,1.21632292
-2.50625313,4.35343026,1.97350570,1.78283657,0.17763276,0.51732676,0.21639721,1.22421017
-2.50025013,4.40267258,1.99273531,1.80272188,0.17918378,0.53271194,0.21850994,1.22744414
-2.49424712,4.43740657,2.00364318,1.81696428,0.17986798,0.54666741,0.22001501,1.22590792
-2.48824412,4.45705852,2.00603440,1.82530312,0.17966536,0.55904552,0.22088049,1.21956036
-2.48224112,4.46130757,1.99987334,1.82757762,0.17857129,0.56972823,0.22108328,1.20843683
-2.47623812,4.45009404,1.98528589,1.82373160,0.17659667,0.57863020,0.22060946,1.19264771
-2.47023512,4.42361922,1.96255636,1.81381445,0.17376767,0.58570057,0.21945454,1.17237514
-2.46423212,4.38233692,1.93211888,1.79797861,0.17012489,0.59092350,0.21762335,1.14786782
-2.45822911,4.32693685,1.89454389,1.77647339,0.16572215,0.59431725,0.21512982,1.11943433
-2.45222611,4.25832080,1.85052007,1.74963577,0.16062480,0.59593199,0.21199654,1.08743506
-2.44622311,4.17757258,1.80083255,1.71787835,0.15490782,0.59584631,0.20825417,1.05227316
-2.44022011,4.08592301,1.74633825,1.68167517,0.14865367,0.59416272,0.20394060,1.01438469
-2.43421711,3.98471132,1.68793939,1.64154606,0.14194999,0.59100226,0.19910010,0.97422835
-2.42821411,3.87534482,1.62655628,1.59804013,0.13488734,0.58649852,0.19378226,0.93227516
-2.42221111,3.75925807,1.56310043,1.55171917,0.12755693,0.58079144,0.18804086,0.88899813
-2.41620810,3.63787350,1.49844911,1.50314166,0.12004860,0.57402107,0.18193270,0.84486255
-2.41020510,3.51256471,1.43342232,1.45284802,0.11244890,0.56632171,0.17551639,0.80031684
-2.40420210,3.38462396,1.36876296,1.40134763,0.10483948,0.55781671,0.16885113,0.75578443
-2.39819910,3.25523490,1.30512095,1.34910805,0.09729582,0.54861409,0.16199557,0.71165660
-2.39219610,3.12545136,1.24304180,1.29654691,0.08988620,0.53880335,0.15500667,0.66828681
-2.38619310,2.99618284,1.18295981,1.24402642,0.08267101,0.52845348,0.14793877,0.62598622
-2.38019010,2.86818701,1.12519611,1.19185083,0.07570239,0.51761229,0.14084274,0.58502080
-2.37418709,2.74206892,1.06996122,1.14026654,0.06902409,0.50630714,0.13376526,0.54560990
-2.36818409,2.61828690,1.01736188,1.08946481,0.06267168,0.49454687,0.12674840,0.50792626
-2.36218109,2.49716418,0.96741164,1.03958669,0.05667285,0.48232486,0.11982929,0.47209747
-2.35617809,2.37890545,0.92004440,0.99072975,0.05104801,0.46962303,0.11304005,0.43820860
-2.35017509,2.26361728,0.87513020,0.94295618,0.04581089,0.45641647,0.10640788,0.40630600
-2.34417209,2.15133107,0.83249239,0.89630175,0.04096936,0.44267850,0.09995532,0.37640193
-2.33816908,2.04202718,0.79192528,0.85078500,0.03652620,0.42838572,0.09370070,0.34847985
-2.33216608,1.93565898,0.75321139,0.80641625,0.03247999,0.41352294,0.08765864,0.32250010
-2.32616308,1.83217552,0.71613752,0.76320584,0.02882584,0.39808748,0.08184067,0.29840566
-2.32016008,1.73154154,0.68050898,0.72117133,0.02555629,0.38209279,0.07625585,0.27612784
-2.31415708,1.63375414,0.64616136,0.68034303,0.02266192,0.36557108,0.07091143,0.25559154
-2.30815408,1.53885510,0.61296947,0.64076798,0.02013209,0.34857490,0.06581339,0.23671995
-2.30215108,1.44693858,0.58085324,0.60251191,0.01795543,0.33117750,0.06096696,0.21943857
-2.29614807,1.35815396,0.54978048,0.56565938,0.01612032,0.31347209,0.05637703,0.20367831
-2.29014507,1.27270393,0.51976658,0.53031199,0.01461520,0.29556996,0.05204841,0.18937772
-2.28414207,1.19083817,0.49087153,0.49658505,0.01342884,0.27759768,0.04798593,0.17648425
-2.27813907,1.11284326,0.46319440,0.46460275,0.01255039,0.25969352,0.04419449,0.16495469
-2.27213607,1.03902948,0.43686602,0.43449229,0.01196941,0.24200323,0.04067892,0.15475471
-2.26613307,0.96971553,0.41204013,0.40637732,0.01167574,0.22467555,0.03744371,0.14585770
-2.26013007,0.90521192,0.38888376,0.38037105,0.01165928,0.20785755,0.03449273,0.13824314
-2.25412706,0.84580424,0.36756717,0.35656950,0.01190968,0.19169013,0.03182876,0.13189435
-2.24812406,0.79173697,0.34825406,0.33504512,0.01241601,0.17630386,0.02945315,0.12679617
-2.24212106,0.74319886,0.33109235,0.31584136,0.01316630,0.16181525,0.02736530,0.12293234
-2.23611806,0.70031040,0.31620599,0.29896817,0.01414711,0.14832372,0.02556232,0.12028303
-2.23011506,0.66311410,0.30368795,0.28439894,0.01534312,0.13590927,0.02403862,0.11882242
-2.22411206,0.63156772,0.29359479,0.27206880,0.01673668,0.12463088,0.02278564,0.11851655
-2.21810905,0.60554091,0.28594261,0.26187453,0.01830753,0.11452573,0.02179167,0.11932148
-2.21210605,0.58481503,0.28070477,0.25367591,0.02003252,0.10560913,0.02104176,0.12118185
-2.20610305,0.56908626,0.27781092,0.24729855,0.02188545,0.09787510,0.02051776,0.12402984
-2.20010005,0.55797150,0.27714764,0.24253806,0.02383714,0.09129750,0.02019850,0.12778456
-2.19409705,0.55101705,0.27856023,0.23916530,0.02585557,0.08583173,0.02006007,0.13235196
-2.18809405,0.54770926,0.28185570,0.23693251,0.02790617,0.08141668,0.02007622,0.13762511
-2.18209105,0.54748708,0.28680668,0.23558016,0.02995238,0.07797704,0.02021889,0.14348499
-2.17608804,0.54975562,0.29315615,0.23484406,0.03195625,0.07542568,0.02045876,0.14980169
-2.17008504,0.55390063,0.30062284,0.23446261,0.03387924,0.07366619,0.02076598,0.15643606
-2.16408204,0.55930309,0.30890707,0.23418384,0.03568312,0.07259541,0.02111083,0.16324168
-2.15807904,0.56535371,0.31769702,0.23377206,0.03733097,0.07210588,0.02146449,0.17006732
-2.15207604,0.57146684,0.32667523,0.23301373,0.03878813,0.07208826,0.02179973,0.17675955
-2.14607304,0.57709336,0.33552526,0.23172259,0.04002327,0.07243360,0.02209164,0.18316582
-2.14007004,0.58173251,0.34393840,0.22974372,0.04100930,0.07303551,0.02231828,0.18913760
-2.13406703,0.58494207,0.35162021,0.22695646,0.04172422,0.07379217,0.02246120,0.19453373
-2.12806403,0.58634697,0.35829696,0.22327625,0.04215183,0.07460821,0.02250595,0.19922388
-2.12206103,0.58564608,0.36372168,0.21865514,0.04228224,0.07539643,0.02244238,0.20309185
-2.11605803,0.58261704,0.36767967,0.21308128,0.04211220,0.07607933,0.02226496,0.20603881
-2.11005503,0.57711916,0.36999346,0.20657728,0.04164515,0.07659050,0.02197277,0.20798629
-2.10405203,0.56909441,0.37052696,0.19919763,0.04089115,0.07687577,0.02156957,0.20887875
-2.09804902,0.55856648,0.36918861,0.19102532,0.03986645,0.07689417,0.02106359,0.20868571
-2.09204602,0.54563805,0.36593362,0.18216782,0.03859297,0.07661868,0.02046729,0.20740328
-2.08604302,0.53048644,0.36076497,0.17275265,0.03709751,0.07603665,0.01979699,0.20505505
-2.08004002,0.51335779,0.35373328,0.16292269,0.03541089,0.07515002,0.01907241,0.20169223
-2.07403702,0.49455999,0.34493545,0.15283143,0.03356692,0.07397524,0.01831620,0.19739310
-2.06803402,0.47445459,0.33451217,0.14263840,0.03160138,0.07254293,0.01755332,0.19226165
-2.06203102,0.45344792,0.32264433,0.13250482,0.02955093,0.07089721,0.01681050,0.18642549
-2.05602801,0.43198186,0.30954854,0.12258976,0.02745209,0.06909484,0.01611559,0.18003311
-2.05002501,0.41052418,0.29547189,0.11304675,0.02534027,0.06720415,0.01549700,0.17325053
-2.04402201,0.38955907,0.28068620,0.10402110,0.02324893,0.06530364,0.01498303,0.16625741
-2.03801901,0.36957782,0.26548196,0.09564771,0.02120883,0.06348062,0.01460138,0.15924292
-2.03201601,0.35107005,0.25016230,0.08804973,0.01924751,0.06182959,0.01437848,0.15240119
-2.02601301,0.33451551,0.23503714,0.08133763,0.01738881,0.06045064,0.01433902,0.14592680
-2.02001001,0.32037672,0.22041785,0.07560903,0.01565270,0.05944782,0.01450538,0.14001028
-2.01400700,0.30909247,0.20661256,0.07094894,0.01405513,0.05892752,0.01489715,0.13483378
-2.00800400,0.30107230,0.19392225,0.06743044,0.01260810,0.05899700,0.01553064,0.13056704
-2.00200100,0.29669207,0.18263790,0.06511571,0.01131984,0.05976291,0.01641842,0.12736384
-1.99599800,0.29629050,0.17303852,0.06405731,0.01019510,0.06133008,0.01756890,0.12535894
-1.98999500,0.30016678,0.16539024,0.06429961,0.00923551,0.06380035,0.01898598,0.12466560
-1.98399200,0.30857921,0.15994626,0.06588027,0.00844002,0.06727159,0.02066866,0.12537390
-1.97798899,0.32174480,0.15694764,0.06883177,0.00780536,0.07183689,0.02261090,0.12754960
-1.97198599,0.33983976,0.15662465,0.07318281,0.00732655,0.07758381,0.02480135,0.13123388
-1.96598299,0.36300075,0.15919852,0.07895960,0.00699738,0.08459384,0.02722340,0.13644376
-1.95997999,0.39132686,0.16488328,0.08618694,0.00681094,0.09294176,0.02985520,0.14317318
-1.95397699,0.42488200,0.17388745,0.09488906,0.00676004,0.10269519,0.03266993,0.15139482
-1.94797399,0.46369764,0.18641517,0.10509021,0.00683768,0.11391394,0.03563617,0.16106243
-1.94197099,0.50777561,0.20266662,0.11681483,0.00703747,0.12664938,0.03871846,0.17211365
-1.93596798,0.55709065,0.22283731,0.13008739,0.00735393,0.14094356,0.04187798,0.18447314
-1.92996498,0.61159249,0.24711607,0.14493175,0.00778283,0.15682815,0.04507344,0.19805592
-1.92396198,0.67120707,0.27568152,0.16137009,0.00832142,0.17432312,0.04826198,0.21277076
-1.91795898,0.73583672,0.30869685,0.17942125,0.00896861,0.19343508,0.05140029,0.22852331
-1.91195598,0.80535885,0.34630302,0.19909862,0.00972507,0.21415531,0.05444566,0.24521894
-1.90595298,0.87962318,0.38861014,0.22040747,0.01059326,0.23645749,0.05735709,0.26276506
-1.89994997,0.95844714,0.43568761,0.24334170,0.01157739,0.26029509,0.06009633,0.28107272
-1.89394697,1.04160965,0.48755295,0.26788033,0.01268321,0.28559864,0.06262887,0.30005744
-1.88794397,1.12884332,0.54415991,0.29398349,0.01391788,0.31227288,0.06492470,0.31963908
-1.88194097,1.21982546,0.60538643,0.32158832,0.01528956,0.34019391,0.06695893,0.33974089
-1.87593797,1.31416828,0.67102298,0.35060494,0.01680704,0.36920674,0.06871227,0.36028760
-1.86993497,1.41140913,0.74076210,0.38091262,0.01847926,0.39912316,0.07017113,0.38120279
-1.86393197,1.51100137,0.81418979,0.41235651,0.02031479,0.42972048,0.07132765,0.40240562
-1.85792896,1.61230697,0.89077976,0.44474522,0.02232121,0.46074116,0.07217937,0.42380720
-1.85192596,1.71459172,0.96989103,0.47784958,0.02450459,0.49189365,0.07272880,0.44530688
-1.84592296,1.81702407,1.05076974,0.51140274,0.02686889,0.52285470,0.07298281,0.46678882
-1.83991996,1.91867845,1.13255563,0.54510200,0.02941546,0.55327322,0.07295187,0.48811902
-1.83391696,2.01854382,1.21429350,0.57861249,0.03214262,0.58277585,0.07264927,0.50914336
-1.82791396,2.11553795,1.29494982,0.61157276,0.03504535,0.61097415,0.07209033,0.52968682
-1.82191096,2.20852767,1.37343436,0.64360238,0.03811514,0.63747352,0.07129165,0.54955407
-1.81590795,2.29635478,1.44862626,0.67431133,0.04134000,0.66188339,0.07027043,0.56853180
-1.80990495,2.37786726,1.51940404,0.70331104,0.04470471,0.68382859,0.06904401,0.58639262
-1.80390195,2.45195475,1.58467833,0.73022663,0.04819118,0.70296141,0.06762944,0.60290074
-1.79789895,2.51758701,1.64342629,0.75470997,0.05177906,0.71897392,0.06604338,0.61781909
-1.79189595,2.57385377,1.69472622,0.77645299,0.05544648,0.73160996,0.06430206,0.63091779
-1.78589295,2.62000413,1.73779083,0.79520051,0.05917098,0.74067623,0.06242147,0.64198355
-1.77988994,2.65548360,1.77199777,0.81076212,0.06293044,0.74605192,0.06041767,0.65082966
-1.77388694,2.67996666,1.79691577,0.82302234,0.06670411,0.74769644,0.05830720,0.65730601
-1.76788394,2.69338314,1.81232515,0.83194847,0.07047354,0.74565455,0.05610764,0.66130878
-1.76188094,2.69593665,1.81823169,0.83759571,0.07422350,0.74005877,0.05383809,0.66278920
-1.75587794,2.68811384,1.81487285,0.84010899,0.07794265,0.73112868,0.05151972,0.66176097
-1.74987494,2.67068362,1.80271613,0.83972147,0.08162398,0.71916712,0.04917627,0.65830602
-1.74387194,2.64468590,1.78244933,0.83674950,0.08526504,0.70455325,0.04683438,0.65257812
-1.73786893,2.61141011,1.75496317,0.83158417,0.08886778,0.68773281,0.04452395,0.64480435
-1.73186593,2.57236419,1.72132691,0.82467981,0.09243811,0.66920590,0.04227821,0.63528413
-1.72586293,2.52923508,1.68275797,0.81653977,0.09598510,0.64951271,0.04013373,0.62438590
-1.71985993,2.48384254,1.64058702,0.80770024,0.09951992,0.62921794,0.03813027,0.61254154
-1.71385693,2.43808796,1.59621975,0.79871260,0.10305454,0.60889441,0.03631044,0.60023864
-1.70785393,2.39390045,1.55109721,0.79012533,0.10660017,0.58910667,0.03471920,0.58801098
-1.70185093,2.35318230,1.50665612,0.78246599,0.11016574,0.57039515,0.03340322,0.57642743
-1.69584792,2.31775594,1.46429067,0.77622422,0.11375632,0.55326157,0.03241012,0.56607960
-1.68984492,2.28931436,1.42531719,0.77183647,0.11737167,0.53815600,0.03178748,0.55756866
-1.68384192,2.26937661,1.39094287,0.76967290,0.12100496,0.52546618,0.03158185,0.55149149
-1.67783892,2.25924974,1.36223912,0.77002702,0.12464193,0.51550914,0.03183758,0.54842667
-1.67183592,2.25999803,1.34012037,0.77310834,0.12826024,0.50852552,0.03259552,0.54892037
-1.66583292,2.27241997,1.32532832,0.77903814,0.13182943,0.50467637,0.03389172,0.55347262
-1.65982991,2.29703316,1.31842167,0.78784834,0.13531123,0.50404259,0.03575602,0.56252389
-1.65382691,2.33406675,1.31977100,0.79948328,0.13866037,0.50662653,0.03821066,0.57644259
-1.64782391,2.38346092,1.32955837,0.81380399,0.14182579,0.51235565,0.04126883,0.59551327
-1.64182091,2.44487269,1.34778091,0.83059479,0.14475228,0.52108785,0.04493338,0.61992618
-1.63581791,2.51768709,1.37425783,0.84957143,0.14738230,0.53261808,0.04919560,0.64976805
-1.62981491,2.60103298,1.40864018,0.87039051,0.14965812,0.54668587,0.05403416,0.68501470
-1.62381191,2.69380261,1.45042278,0.89265963,0.15152389,0.56298352,0.05941432,0.72552557
-1.61780890,2.79467439,1.49895776,0.91594780,0.15292784,0.58116448,0.06528744,0.77104062
-1.61180590,2.90213821,1.55346948,0.93979581,0.15382420,0.60085193,0.07159092,0.82117988
-1.60580290,3.01452320,1.61307053,0.96372626,0.15417491,0.62164721,0.07824843,0.87544599
-1.59979990,3.13002754,1.67677872,0.98725314,0.15395110,0.64313797,0.08517082,0.93322994
-1.59379690,3.24675049,1.74353510,1.00989077,0.15313405,0.66490617,0.09225733,0.99382029
-1.58779390,3.36272645,1.81222298,1.03116219,0.15171585,0.68653565,0.09939743,1.05641583
-1.58179090,3.47596108,1.88168803,1.05060708,0.14969959,0.70761951,0.10647312,1.12014167
-1.57578789,3.58446938,1.95075946,1.06778916,0.14709912,0.72776710,0.11336162,1.18406842
-1.56978489,3.68631522,2.01827210,1.08230329,0.14393854,0.74661076,0.11993850,1.24723411
-1.56378189,3.77965201,2.08308923,1.09378237,0.14025126,0.76381216,0.12608099,1.30866821
-1.55777889,3.86276351,2.14412565,1.10190385,0.13607889,0.77906828,0.13167150,1.36741693
-1.55177589,3.93410375,2.20037049,1.10639610,0.13146997,0.79211686,0.13660110,1.42256891
-1.54577289,3.99233492,2.25090914,1.10704428,0.12647852,0.80274115,0.14077289,1.47328030
-1.53976988,4.03636165,2.29494342,1.10369583,0.12116268,0.81077395,0.14410507,1.51879821
-1.53376688,4.06536027,2.33180918,1.09626495,0.11558329,0.81610057,0.14653362,1.55848145
-1.52776388,4.07880174,2.36099067,1.08473630,0.10980261,0.81866068,0.14801440,1.59181768
-1.52176088,4.07646682,2.38213077,1.06916723,0.10388313,0.81844894,0.14852462,1.61843628
-1.51575788,4.05845263,2.39503671,1.04968856,0.09788656,0.81551417,0.14806363,1.63811627
-1.50975488,4.02516996,2.39968085,1.02650351,0.09187295,0.80995716,0.14665296,1.65078896
-1.50375188,3.97733120,2.39619642,0.99988484,0.08589996,0.80192707,0.14433559,1.65653547
-1.49774887,3.91592902,2.38486843,0.97016990,0.08002230,0.79161655,0.14117457,1.65557914
-1.49174587,3.84220685,2.36612014,0.93775391,0.07429127,0.77925580,0.13725096,1.64827339
-1.48574287,3.75762199,2.34049584,0.90308132,0.06875441,0.76510563,0.13266129,1.63508574
-1.47973987,3.66380317,2.30864057,0.86663575,0.06345525,0.74945001,0.12751454,1.61657886
-1.47373687,3.56250407,2.27127807,0.82892871,0.05843306,0.73258821,0.12192889,1.59338954
-1.46773387,3.45555493,2.22918770,0.79048748,0.05372269,0.71482698,0.11602829,1.56620668
-1.46173087,3.34481391,2.18318145,0.75184266,0.04935443,0.69647297,0.10993906,1.53574913
-1.45572786,3.23212011,2.13408198,0.71351576,0.04535387,0.67782564,0.10378652,1.50274441
-1.44972486,3.11924974,2.08270235,0.67600729,0.04174175,0.65917090,0.09769198,1.46790890
-1.44372186,3.00787670,2.02982810,0.63978572,0.03853387,0.64077560,0.09176984,1.43193016
-1.43771886,2.89953851,1.97620194,0.60527771,0.03574098,0.62288292,0.08612529,1.39545172
-1.43171586,2.79560807,1.92251129,0.57285971,0.03336869,0.60570873,0.08085223,1.35906045
-1.42571286,2.69727155,1.86937856,0.54285132,0.03141748,0.58943879,0.07603170,1.32327674
-1.41970985,2.60551230,1.81735392,0.51551030,0.02988265,0.57422684,0.07173076,1.28854716
-1.41370685,2.52110051,1.76691032,0.49102946,0.02875447,0.56019332,0.06800173,1.25523949
-1.40770385,2.44458813,1.71844044,0.46953522,0.02801831,0.54742480,0.06488178,1.22363987
-1.40170085,2.37630860,1.67225496,0.45108790,0.02765495,0.53597381,0.06239296,1.19395182
-1.39569785,2.31638090,1.62858215,0.43568346,0.02764091,0.52585921,0.06054238,1.16629686
-1.38969485,2.26471735,1.58756829,0.42325677,0.02794897,0.51706683,0.05932281,1.14071647
-1.38369185,2.22103490,1.54927894,0.41368601,0.02854878,0.50955060,0.05871331,1.11717550
-1.37768884,2.18486964,1.51370089,0.40679817,0.02940758,0.50323396,0.05868026,1.09556664
-1.37168584,2.15559417,1.48074507,0.40237554,0.03049105,0.49801175,0.05917838,1.07571631
-1.36568284,2.13243794,1.45025038,0.40016285,0.03176421,0.49375260,0.06015202,1.05739166
-1.35967984,2.11451020,1.42198871,0.39987509,0.03319240,0.49030184,0.06153652,1.04030898
-1.35367684,2.10082548,1.39567137,0.40120566,0.03474235,0.48748496,0.06325980,1.02414331
-1.34767384,2.09033131,1.37095704,0.40383487,0.03638314,0.48511175,0.06524393,1.00853935
-1.34167084,2.08193765,1.34746125,0.40743843,0.03808719,0.48298098,0.06740695,0.99312339
-1.33566783,2.07454763,1.32476751,0.41169585,0.03983116,0.48088556,0.06966468,0.97751617
-1.32966483,2.06708868,1.30243976,0.41629846,0.04159666,0.47861815,0.07193264,0.96134618
-1.32366183,2.05854315,1.28003595,0.42095692,0.04337085,0.47597704,0.07412799,0.94426304
-1.31765883,2.04797756,1.25712235,0.42540791,0.04514670,0.47277201,0.07617145,0.92595044
-1.31165583,2.03456916,1.23328800,0.42941991,0.04692314,0.46883003,0.07798914,0.90613819
-1.30565283,2.01762891,1.20815884,0.43279770,0.04870480,0.46400066,0.07951435,0.88461261
-1.29964982,1.99661985,1.18141091,0.43538566,0.05050156,0.45816065,0.08068906,0.86122501
-1.29364682,1.97116996,1.15278196,0.43706961,0.05232772,0.45121783,0.08146529,0.83589766
-1.28764382,1.94107911,1.12208118,0.43777715,0.05420103,0.44311398,0.08180617,0.80862699
-1.28164082,1.90631956,1.08919630,0.43747652,0.05614137,0.43382648,0.08168665,0.77948383
-1.27563782,1.86703023,1.05409817,0.43617417,0.05816937,0.42336882,0.08109389,0.74861072
-1.26963482,1.82350503,1.01684226,0.43391102,0.06030490,0.41178994,0.08002729,0.71621643
-1.26363182,1.77617588,0.97756740,0.43075766,0.06256551,0.39917231,0.07849813,0.68256783
-1.25762881,1.72559136,0.93649172,0.42680889,0.06496498,0.38562909,0.07652889,0.64797992
-1.25162581,1.67239229,0.89390603,0.42217769,0.06751202,0.37130029,0.07415225,0.61280413
-1.24562281,1.61728535,0.85016525,0.41698908,0.07020921,0.35634840,0.07140977,0.57741583
-1.23961981,1.56101640,0.80567801,0.41137418,0.07305223,0.34095342,0.06835038,0.54220165
-1.23361681,1.50434458,0.76089522,0.40546469,0.07602950,0.32530781,0.06502875,0.50754707
-1.22761381,1.44801871,0.71629811,0.39938819,0.07912224,0.30961139,0.06150352,0.47382511
-1.22161081,1.39275695,0.67238606,0.39326442,0.08230492,0.29406653,0.05783549,0.44138652
-1.21560780,1.33923063,0.62966509,0.38720263,0.08554616,0.27887376,0.05408591,0.41055185
-1.20960480,1.28805286,0.58863708,0.38130030,0.08881012,0.26422802,0.05031488,0.38160570
-1.20360180,1.23977217,0.54979045,0.37564298,0.09205810,0.25031564,0.04657982,0.35479336
-1.19759880,1.19487122,0.51359231,0.37030545,0.09525056,0.23731207,0.04293426,0.33031968
-1.19159580,1.15377031,0.48048247,0.36535391,0.09834925,0.22538056,0.03942677,0.30835023
-1.18559280,1.11683505,0.45086935,0.36084906,0.10131944,0.21467158,0.03610018,0.28901435
-1.17958979,1.08438767,0.42512781,0.35684988,0.10413221,0.20532309,0.03299104,0.27240993
-1.17358679,1.05672075,0.40359884,0.35341783,0.10676655,0.19746148,0.03012938,0.25860938
-1.16758379,1.03411271,0.38659094,0.35062118,0.10921126,0.19120306,0.02753864,0.24766647
-1.16158079,1.01684380,0.37438298,0.34853921,0.11146654,0.18665613,0.02523586,0.23962353
-1.15557779,1.00521163,0.36722818,0.34726606,0.11354521,0.18392317,0.02323207,0.23451861
-1.14957479,0.99954516,0.36535894,0.34691384,0.11547346,0.18310325,0.02153280,0.23239214
-1.14357179,1.00021641,0.36899198,0.34761501,0.11729113,0.18429433,0.02013877,0.23329270
-1.13756878,1.00764882,0.37833341,0.34952365,0.11905148,0.18759529,0.01904656,0.23728163
-1.13156578,1.02232181,0.39358321,0.35281556,0.12082041,0.19310749,0.01824947,0.24443605
-1.12556278,1.04477070,0.41493861,0.35768712,0.12267531,0.20093574,0.01773829,0.25485020
-1.11955978,1.07558184,0.44259590,0.36435277,0.12470326,0.21118830,0.01750204,0.26863486
-1.11355678,1.11538248,0.47675015,0.37304116,0.12699898,0.22397608,0.01752877,0.28591476
-1.10755378,1.16482530,0.51759253,0.38398988,0.12966228,0.23941055,0.01780617,0.30682394
-1.10155078,1.22456774,0.56530482,0.39743893,0.13279527,0.25760060,0.01832210,0.33149916
-1.09554777,1.29524629,0.62005095,0.41362295,0.13649922,0.27864799,0.01906505,0.36007141
-1.08954477,1.37744625,0.68196553,0.43276228,0.14087132,0.30264174,0.02002443,0.39265576
-1.08354177,1.47166769,0.75113957,0.45505323,0.14600121,0.32965125,0.02119068,0.42933989
-1.07753877,1.57828851,0.82760357,0.48065762,0.15196754,0.35971853,0.02255534,0.47017162
-1.07153577,1.69752578,0.91130872,0.50969190,0.15883454,0.39284969,0.02411087,0.51514599
-1.06553277,1.82939691,1.00210685,0.54221631,0.16664863,0.42900610,0.02585035,0.56419235
-1.05952976,1.97368227,1.09973016,0.57822447,0.17543540,0.46809554,0.02776717,0.61716217
-1.05352676,2.12989105,1.20377183,0.61763372,0.18519680,0.50996393,0.02985444,0.67381822
-1.04752376,2.29723247,1.31366878,0.66027698,0.19590886,0.55438806,0.03210452,0.73382575
-1.04152076,2.47459424,1.42868793,0.70589637,0.20751992,0.60106994,0.03450834,0.79674643
-1.03551776,2.66053017,1.54791717,0.75413928,0.21994959,0.64963334,0.03705485,0.86203559
-1.02951476,2.85325882,1.67026234,0.80455736,0.23308851,0.69962284,0.03973042,0.92904331
-1.02351176,3.05067431,1.79445112,0.85660867,0.24679901,0.75050600,0.04251836,0.99701981
-1.01750875,3.25037049,1.91904470,0.90966345,0.26091666,0.80167881,0.04539852,1.06512531
-1.01150575,3.44967874,2.04245748,0.96301360,0.27525292,0.85247460,0.04834705,1.13244428
-1.00550275,3.64571910,2.16298485,1.01588581,0.28959871,0.90217641,0.05133631,1.19800418
-0.99949975,3.83546394,2.27883868,1.06745826,0.30372898,0.95003253,0.05433503,1.26079785
-0.99349675,4.01581236,2.38818945,1.11688034,0.31740804,0.99527485,0.05730859,1.31980924
-0.98749375,4.18367315,2.48921381,1.16329497,0.33039569,1.03713947,0.06021953,1.37404146
-0.98149075,4.33605322,2.58014586,1.20586279,0.34245383,1.07488871,0.06302832,1.42254608
-0.97548774,4.47014844,2.65933006,1.24378712,0.35335331,1.10783372,0.06569421,1.46445263
-0.96948474,4.58343288,2.72527369,1.27633908,0.36288090,1.13535675,0.06817626,1.49899704
-0.96348174,4.67374297,2.77669640,1.30288148,0.37084595,1.15693200,0.07043449,1.52554777
-0.95747874,4.73935270,2.81257474,1.32289074,0.37708665,1.17214420,0.07243103,1.54362851
-0.95147574,4.77903663,2.83217955,1.33597572,0.38147544,1.18070392,0.07413134,1.55293644
-0.94547274,4.79211768,2.83510442,1.34189269,0.38392344,1.18245890,0.07550530,1.55335510
-0.93946973,4.77849747,2.82128378,1.34055566,0.38438381,1.17740092,0.07652827,1.54496145
-0.93346673,4.73866782,2.79099983,1.33204176,0.38285363,1.16566767,0.07718192,1.52802660
-0.92746373,4.67370255,2.74487777,1.31659111,0.37937451,1.14753956,0.07745491,1.50301016
-0.92146073,4.58523001,2.68386955,1.29460143,0.37403166,1.12343170,0.07734332,1.47054854
-0.91545773,4.47538726,2.60922683,1.26661742,0.36695160,1.09388115,0.07685081,1.43143745
-0.90945473,4.34675780,2.52246427,1.23331526,0.35829859,1.05953019,0.07598855,1.38660949
-0.90345173,4.20229524,2.42531460,1.19548304,0.34826978,1.02110622,0.07477482,1.33710758
-0.89744872,4.04523605,2.31967760,1.15399764,0.33708946,0.97939922,0.07323445,1.28405523
-0.89144572,3.87900467,2.20756472,1.10979905,0.32500249,0.93523764,0.07139794,1.22862481
-0.88544272,3.70711444,2.09104190,1.06386302,0.31226716,0.88946378,0.06930046,1.17200497
-0.87943972,3.53306803,1.97217232,1.01717311,0.29914782,0.84290957,0.06698071,1.11536814
-0.87343672,3.36026069,1.85296156,0.97069283,0.28590739,0.79637366,0.06447965,1.05983935
-0.86743372,3.19188950,1.73530668,0.92533916,0.27280009,0.75060064,0.06183922,1.00646726
-0.86143072,3.03087140,1.62095099,0.88195786,0.26006465,0.70626306,0.05910114,0.95619808
-0.85542771,2.87977232,1.51144571,0.84130161,0.24791800,0.66394676,0.05630565,0.90985338
-0.84942471,2.74074925,1.40811946,0.80401145,0.23654992,0.62413984,0.05349051,0.86811194
-0.84342171,2.61550662,1.31205618,0.77060205,0.22611852,0.58722551,0.05069007,0.83149646
-0.83741871,2.50526784,1.22408166,0.74145103,0.21674684,0.55347875,0.04793459,0.80036494
-0.83141571,2.41076221,1.14475870,0.71679283,0.20852054,0.52306679,0.04524967,0.77490727
-0.82541271,2.33222735,1.07439050,0.69671692,0.20148686,0.49605306,0.04265602,0.75514668
-0.81940970,2.26942623,1.01303164,0.68117050,0.19565469,0.47240423,0.04016935,0.74094610
-0.81340670,2.22167831,0.96050600,0.66996550,0.19099589,0.45200004,0.03780048,0.73201908
-0.80740370,2.18790306,0.91643056,0.66278953,0.18744773,0.43464523,0.03555564,0.72794497
-0.80140070,2.16667460,0.88024405,0.65922054,0.18491632,0.42008328,0.03343693,0.72818777
-0.79539770,2.15628530,0.85123936,0.65874449,0.18328103,0.40801110,0.03144281,0.73211822
-0.78939470,2.15481645,0.82859851,0.66077568,0.18239960,0.39809447,0.02956881,0.73903829
-0.78339170,2.16021340,0.81142896,0.66467884,0.18211396,0.38998338,0.02780816,0.74820738
-0.77738869,2.17036293,0.79880011,0.66979238,0.18225629,0.38332702,0.02615247,0.75886937
-0.77138569,2.18317007,0.78977885,0.67545198,0.18265537,0.37778783,0.02459241,0.77027964
-0.76538269,2.19663195,0.78346304,0.68101361,0.18314285,0.37305421,0.02311829,0.78173102
-0.75937969,2.20890601,0.77901191,0.68587527,0.18355918,0.36885154,0.02172064,0.79257792
-0.75337669,2.21837032,0.77567256,0.68949668,0.18375913,0.36495129,0.02039059,0.80225755
-0.74737369,2.22367382,0.77280170,0.69141610,0.18361654,0.36117785,0.01912027,0.81030758
-0.74137069,2.22377473,0.76988208,0.69126373,0.18302818,0.35741301,0.01790302,0.81637946
-0.73536768,2.21796582,0.76653319,0.68877128,0.18191662,0.35359796,0.01673356,0.82024682
-0.72936468,2.20588564,0.76251594,0.68377726,0.18023196,0.34973278,0.01560804,0.82180877
-0.72336168,2.18751548,0.75773131,0.67622799,0.17795238,0.34587356,0.01452397,0.82108779
-0.71735868,2.16316239,0.75221328,0.66617429,0.17508351,0.34212715,0.01348017,0.81822242
-0.71135568,2.13342906,0.74611624,0.65376405,0.17165673,0.33864380,0.01247659,0.81345505
-0.70535268,2.09917221,0.73969760,0.63923127,0.16772637,0.33560806,0.01151411,0.80711544
-0.69934967,2.06145126,0.73329651,0.62288190,0.16336613,0.33322813,0.01059432,0.79960072
-0.69334667,2.02146981,0.72730938,0.60507738,0.15866479,0.33172410,0.00971930,0.79135273
-0.68734367,1.98051256,0.72216348,0.58621662,0.15372144,0.33131565,0.00889138,0.78283400
-0.68134067,1.93988056,0.71828978,0.56671719,0.14864047,0.33220953,0.00811290,0.77450331
-0.67533767,1.90082775,0.71609602,0.54699669,0.14352662,0.33458730,0.00738606,0.76679207
-0.66933467,1.86450152,0.71594144,0.52745504,0.13848020,0.33859403,0.00671270,0.76008275
-0.66333167,1.83188997,0.71811404,0.50845851,0.13359276,0.34432816,0.00609418,0.75469015
-0.65732866,1.80377802,0.72281150,0.49032610,0.12894334,0.35183319,0.00553128,0.75084660
-0.65132566,1.78071418,0.73012653,0.47331865,0.12459557,0.36109141,0.00502411,0.74869159
-0.64532266,1.76298923,0.74003720,0.45763133,0.12059553,0.37202005,0.00457208,0.74826634
-0.63931966,1.75062735,0.75240281,0.44338930,0.11697056,0.38447009,0.00417389,0.74951345
-0.63331666,1.74338997,0.76696527,0.43064686,0.11372902,0.39822779,0.00382753,0.75228151
-0.62731366,1.74079145,0.78335601,0.41938977,0.11086089,0.41301896,0.00353037,0.75633437
-0.62131066,1.74212590,0.80110803,0.40954050,0.10833919,0.42851581,0.00327917,0.76136454
-0.61530765,1.74650323,0.81967250,0.40096598,0.10612212,0.44434631,0.00307018,0.76700981
-0.60930465,1.75289265,0.83843914,0.39348733,0.10415576,0.46010547,0.00289928,0.77287233
-0.60330165,1.76017133,0.85675949,0.38689104,0.10237717,0.47536834,0.00276201,0.77853907
-0.59729865,1.76717589,0.87397184,0.38094098,0.10071769,0.48970403,0.00265374,0.78360260
-0.59129565,1.77275407,0.88942693,0.37539056,0.09910639,0.50269036,0.00256972,0.78768116
-0.58529265,1.77581449,0.90251301,0.36999465,0.09747336,0.51392829,0.00250527,0.79043706
-0.57928964,1.77537208,0.91267939,0.36452054,0.09575279,0.52305582,0.00245581,0.79159254
-0.57328664,1.77058752,0.91945726,0.35875764,0.09388572,0.52976048,0.00241700,0.79094249
-0.56728364,1.76079900,0.92247715,0.35252556,0.09182223,0.53379014,0.00238479,0.78836336
-0.56128064,1.74554533,0.92148208,0.34568028,0.08952322,0.53496152,0.00235554,0.78381822
-0.55527764,1.72457980,0.91633623,0.33811828,0.08696148,0.53316613,0.00232604,0.77735776
-0.54927464,1.69787467,0.90702869,0.32977873,0.08412230,0.52837349,0.00229355,0.76911743
-0.54327164,1.66561657,0.89367245,0.32064356,0.08100338,0.52063138,0.00225588,0.75931111
-0.53726863,1.62819369,0.87649878,0.31073587,0.07761434,0.51006340,0.00221135,0.74822190
-0.53126563,1.58617584,0.85584754,0.30011670,0.07397561,0.49686379,0.00215877,0.73619051
-0.52526263,1.54028864,0.83215403,0.28888048,0.07011710,0.48129004,0.00209751,0.72360227
-0.51925963,1.49138373,0.80593312,0.27714964,0.06607648,0.46365350,0.00202737,0.71087325
-0.51325663,1.44040634,0.77776157,0.26506846,0.06189727,0.44430853,0.00194857,0.69843652
-0.50725363,1.38836202,0.74825934,0.25279675,0.05762689,0.42364081,0.00186172,0.68672896
-0.50125063,1.33628413,0.71807075,0.24050350,0.05331468,0.40205508,0.00176773,0.67617944
-0.49524762,1.28520314,0.68784634,0.22836086,0.04901002,0.37996313,0.00166775,0.66719863
-0.48924462,1.23611911,0.65822591,0.21653862,0.04476062,0.35777223,0.00156312,0.66017078
-0.48324162,1.18997785,0.62982347,0.20519937,0.04061104,0.33587460,0.00145526,0.65544747
-0.47723862,1.14765132,0.60321415,0.19449453,0.03660145,0.31463813,0.00134566,0.65334329
-0.47123562,1.10992229,0.57892356,0.18456109,0.03276672,0.29439855,0.00123580,0.65413312
-0.46523262,1.07747297,0.55741922,0.17551929,0.02913575,0.27545327,0.00112708,0.65805069
-0.45922961,1.05087741,0.53910433,0.16747096,0.02573119,0.25805689,0.00102081,0.66528786
-0.45322661,1.03059669,0.52431322,0.16049856,0.02256933,0.24241820,0.00091818,0.67599413
-0.44722361,1.01697647,0.51330844,0.15466473,0.01966028,0.22869877,0.00082020,0.69027593
-0.44122061,1.01024591,0.50627906,0.15001227,0.01700835,0.21701276,0.00072772,0.70819515
-0.43521761,1.01051755,0.50333972,0.14656433,0.01461264,0.20742791,0.00064143,0.72976669
-0.42921461,1.01778731,0.50453033,0.14432478,0.01246760,0.19996732,0.00056183,0.75495486
-0.42321161,1.03193455,0.50981606,0.14327869,0.01056385,0.19461205,0.00048931,0.78366862
-0.41720860,1.05272191,0.51908770,0.14339274,0.00888891,0.19130414,0.00042409,0.81575591
-0.41120560,1.07979517,0.53216219,0.14461573,0.00742796,0.18995014,0.00036634,0.85099751
-0.40520260,1.11268349,0.54878371,0.14687901,0.00616457,0.19042482,0.00031611,0.88910102
-0.39919960,1.15080068,0.56862544,0.15009712,0.00508139,0.19257522,0.00027347,0.92969569
-0.39319660,1.19344806,0.59129232,0.15416848,0.00416072,0.19622493,0.00023847,0.97232881
-0.38719360,1.23981999,0.61632517,0.15897643,0.00338503,0.20117866,0.00021125,1.01646460
-0.38119060,1.28901260,0.64320669,0.16439057,0.00273742,0.20722709,0.00019201,1.06148629
-0.37518759,1.34003651,0.67136929,0.17026866,0.00220188,0.21415208,0.00018115,1.10670189
-0.36918459,1.39183400,0.70020539,0.17645892,0.00176362,0.22173231,0.00017924,1.15135434
-0.36318159,1.44330083,0.72907989,0.18280303,0.00140918,0.22974926,0.00018711,1.19463585
-0.35717859,1.49331261,0.75734502,0.18913964,0.00112656,0.23799358,0.00020590,1.23570658
-0.35117559,1.54075516,0.78435712,0.19530839,0.00090527,0.24627174,0.00023708,1.27371718
-0.34517259,1.58455816,0.80949500,0.20115444,0.00073629,0.25441273,0.00028255,1.30783435
-0.33916958,1.62373077,0.83217925,0.20653320,0.00061204,0.26227484,0.00034463,1.33726851
-0.33316658,1.65739791,0.85189180,0.21131522,0.00052635,0.26975199,0.00042612,1.36130242
-0.32716358,1.68483544,0.86819482,0.21539097,0.00047432,0.27677963,0.00053034,1.37931931
-0.32116058,1.70550251,0.88074808,0.21867532,0.00045222,0.28333967,0.00066112,1.39082900
-0.31515758,1.71906936,0.88932391,0.22111140,0.00045744,0.28946425,0.00082284,1.39549093
-0.30915458,1.72543888,0.89381889,0.22267373,0.00048832,0.29523807,0.00102039,1.39313234
-0.30315158,1.72476060,0.89426160,0.22337040,0.00054409,0.30079899,0.00125914,1.38376093
-0.29714857,1.71743589,0.89081578,0.22324406,0.00062475,0.30633662,0.00154487,1.36757093
-0.29114557,1.70411381,0.88377870,0.22237175,0.00073102,0.31208892,0.00188370,1.34494210
-0.28514257,1.68567737,0.87357456,0.22086344,0.00086420,0.31833669,0.00228195,1.31643163
-0.27913957,1.66322032,0.86074293,0.21885929,0.00102618,0.32539589,0.00274598,1.28275909
-0.27313657,1.63801538,0.84592293,0.21652584,0.00121933,0.33360812,0.00328204,1.24478495
-0.26713357,1.61147496,0.82983338,0.21405109,0.00144652,0.34332944,0.00389600,1.20348378
-0.26113057,1.58510598,0.81325004,0.21163879,0.00171108,0.35491780,0.00459317,1.15991311
-0.25512756,1.56046060,0.79698066,0.20950216,0.00201681,0.36871968,0.00537796,1.11517936
-0.24912456,1.53908505,0.78183905,0.20785731,0.00236802,0.38505629,0.00625371,1.07040249
-0.24312156,1.52246862,0.76861928,0.20691656,0.00276963,0.40421008,0.00722232,1.02668071
-0.23711856,1.51199502,0.75807092,0.20688214,0.00322717,0.42641196,0.00828407,0.98505678
-0.23111556,1.50889828,0.75087670,0.20794029,0.00374699,0.45182998,0.00943734,0.94648738
-0.22511256,1.51422485,0.74763317,0.21025624,0.00433636,0.48055999,0.01067845,0.91181662
-0.21910955,1.52880363,0.74883537,0.21397010,0.00500367,0.51261881,0.01200154,0.88175463
-0.21310655,1.55322495,0.75486601,0.21919389,0.00575855,0.54794029,0.01339852,0.85686206
-0.20710355,1.58782949,0.76598956,0.22600984,0.00661218,0.58637469,0.01485909,0.83754067
-0.20110055,1.63270711,0.78235131,0.23446989,0.00757737,0.62769143,0.01637090,0.82403027
-0.19509755,1.68770579,0.80398143,0.24459646,0.00866882,0.67158538,0.01791977,0.81641182
-0.18909455,1.75244980,0.83080366,0.25638436,0.00990322,0.71768641,0.01949006,0.81461609
-0.18309155,1.82636618,0.86264806,0.26980364,0.01129933,0.76557199,0.02106507,0.81843748
-0.17708854,1.90871814,0.89926717,0.28480334,0.01287798,0.81478238,0.02262762,0.82755188
-0.17108554,1.99864361,0.94035469,0.30131570,0.01466197,0.86483772,0.02416063,0.84153773
-0.16508254,2.09519693,0.98556572,0.31926072,0.01667584,0.91525629,0.02564774,0.85989924
-0.15907954,2.19739182,1.03453741,0.33855078,0.01894546,0.96557317,0.02707403,0.88209046
-0.15307654,2.30424317,1.08690912,0.35909494,0.02149748,1.01535830,0.02842663,0.90753929
-0.14707354,2.41480584,1.14234086,0.38080278,0.02435865,1.06423311,0.02969534,0.93567022
-0.14107054,2.52820842,1.20052904,0.40358750,0.02755486,1.11188481,0.03087317,0.96592492
-0.13506753,2.64368025,1.26121880,0.42736802,0.03111013,1.15807749,0.03195672,0.99777983
-0.12906453,2.76057046,1.32421195,0.45207012,0.03504537,1.20265954,0.03294646,1.03076008
-0.12306153,2.87835795,1.38937028,0.47762630,0.03937708,1.24556673,0.03384679,1.06444926
-0.11705853,2.99665199,1.45661366,0.50397455,0.04411598,1.28682068,0.03466595,1.09849485
-0.11105553,3.11518334,1.52591312,0.53105596,0.04926561,1.32652282,0.03541573,1.13260921
-0.10505253,3.23378638,1.59727890,0.55881133,0.05482097,1.36484382,0.03611099,1.16656631
-0.09904952,3.35237342,1.67074421,0.58717701,0.06076737,1.40200904,0.03676892,1.20019470
-0.09304652,3.47090243,1.74634510,0.61608009,0.06707937,1.43828057,0.03740830,1.23336720
-0.08704352,3.58934019,1.82409770,0.64543343,0.07372007,1.47393676,0.03804847,1.26598813
-0.08104052,3.70762292,1.90397379,0.67513059,0.08064073,1.50925021,0.03870834,1.29797889
-0.07503752,3.82561668,1.98587611,0.70504123,0.08778076,1.54446527,0.03940530,1.32926300
-0.06903452,3.94308013,2.06961471,0.73500723,0.09506818,1.57977638,0.04015416,1.35975137
-0.06303152,4.05963168,2.15488589,0.76483977,0.10242057,1.61530815,0.04096622,1.38932901
-0.05702851,4.17472363,2.24125498,0.79431784,0.10974640,1.65109859,0.04184839,1.41784382
-0.05102551,4.28762478,2.32814439,0.82318820,0.11694695,1.68708614,0.04280253,1.44509852
-0.04502251,4.39741326,2.41482782,0.85116712,0.12391850,1.72310156,0.04382501,1.47084594
-0.03901951,4.50298045,2.50043164,0.87794388,0.13055494,1.75886506,0.04490651,1.49478845
-0.03301651,4.60304629,2.58394381,0.90318608,0.13675060,1.79398904,0.04603207,1.51658134
-0.02701351,4.69618597,2.66423057,0.92654656,0.14240321,1.82798655,0.04718146,1.53584030
-0.02101051,4.78086687,2.74006058,0.94767187,0.14741691,1.86028501,0.04832977,1.55215247
-0.01500750,4.85549461,2.81013596,0.96621186,0.15170514,1.89024483,0.04944828,1.56509068
-0.00900450,4.91846594,2.87312905,0.98183010,0.15519330,1.91718202,0.05050548,1.57422994
-0.00300150,4.96822624,2.92772359,0.99421467,0.15782109,1.94039381,0.05146837,1.57916539
0.00300150,5.00332886,2.97265861,1.00308884,0.15954436,1.95918604,0.05230372,1.57953068
0.00900450,5.02249334,3.00677307,1.00822118,0.16033646,1.97290107,0.05297946,1.57501571
0.01500750,5.02465965,3.02904926,1.00943453,0.16018903,1.98094482,0.05346609,1.56538279
0.02101051,5.00903567,3.03865287,1.00661354,0.15911208,1.98281170,0.05373790,1.55048017
0.02701351,4.97513546,3.03496784,0.99971018,0.15713356,1.97810613,0.05377410,1.53025234
0.03301651,4.92280640,3.01762418,0.98874708,0.15429822,1.96655975,0.05355980,1.50474636
0.03901951,4.85224371,2.98651734,0.97381853,0.15066604,1.94804343,0.05308667,1.47411397
0.04502251,4.76399168,2.94181819,0.95508881,0.14631009,1.92257355,0.05235339,1.43860940
0.05102551,4.65893149,2.88397293,0.93278826,0.14131412,1.89031245,0.05136575,1.39858286
0.05702851,4.53825638,2.81369289,0.90720695,0.13576981,1.85156302,0.05013653,1.35447036
0.06303152,4.40343539,2.73193478,0.87868636,0.12977398,1.80675777,0.04868507,1.30678023
0.06903452,4.25616763,2.63987208,0.84760949,0.12342571,1.75644329,0.04703654,1.25607716
0.07503752,4.09832934,2.53885908,0.81438981,0.11682358,1.70126066,0.04522106,1.20296470
0.08104052,3.93191644,2.43038921,0.77945945,0.11006318,1.64192312,0.04327259,1.14806707
0.08704352,3.75898531,2.31604950,0.74325736,0.10323479,1.57919198,0.04122772,1.09201119
0.09304652,3.58159453,2.19747332,0.70621780,0.09642156,1.51385210,0.03912438,1.03540978
0.09904952,3.40175009,2.07629339,0.66875966,0.08969802,1.44668796,0.03700054,0.97884636
0.10505253,3.22135638,1.95409703,0.63127705,0.08312902,1.37846146,0.03489295,0.92286258
0.11105553,3.04217464,1.83238540,0.59413139,0.07676916,1.30989227,0.03283598,0.86794836
0.11705853,2.86579020,1.71253825,0.55764538,0.07066259,1.24164149,0.03086055,0.81453504
0.12306153,2.69358909,1.59578515,0.52209881,0.06484323,1.17429897,0.02899332,0.76299155
0.12906453,2.52674439,1.48318415,0.48772623,0.05933528,1.10837473,0.02725600,0.71362338
0.13506753,2.36621172,1.37560799,0.45471655,0.05415404,1.04429424,0.02566490,0.66667414
0.14107054,2.21273325,1.27373797,0.42321424,0.04930693,0.98239761,0.02423071,0.62232917
0.14707354,2.06684895,1.17806499,0.39332192,0.04479461,0.92294216,0.02295848,0.58072069
0.15307654,1.92891379,1.08889717,0.36510412,0.04061221,0.86610792,0.02184783,0.54193410
0.15907954,1.79911935,1.00637301,0.33859194,0.03675054,0.81200561,0.02089334,0.50601471
0.16508254,1.67751819,0.93047919,0.31378814,0.03319730,0.76068621,0.02008506,0.47297451
0.17108554,1.56404969,0.86107168,0.29067259,0.02993811,0.71215177,0.01940925,0.44279867
0.17708854,1.45856592,0.79789909,0.26920759,0.02695754,0.66636662,0.01884909,0.41545121
0.18309155,1.36085638,0.74062713,0.24934307,0.02423989,0.62326865,0.01838552,0.39087995
0.18909455,1.27067098,0.68886304,0.23102133,0.02176989,0.58277998,0.01799815,0.36902037
0.19509755,1.18774029,0.64217921,0.21418124,0.01953320,0.54481690,0.01766605,0.34979863
0.20110055,1.11179300,0.60013501,0.19876186,0.01751679,0.50929846,0.01736858,0.33313361
0.20710355,1.04257017,0.56229649,0.18470540,0.01570913,0.47615389,0.01708615,0.31893835
0.21310655,0.97983641,0.52825323,0.17195952,0.01410036,0.44532837,0.01680080,0.30712091
0.21910955,0.92338800,0.49763221,0.16047901,0.01268224,0.41678732,0.01649680,0.29758495
0.22511256,0.87305826,0.47010853,0.15022688,0.01144811,0.39051917,0.01616102,0.29023020
0.23111556,0.82872024,0.44541283,0.14117487,0.01039269,0.36653651,0.01578322,0.28495298
0.23711856,0.79028716,0.42333563,0.13330350,0.00951193,0.34487583,0.01535617,0.28164685
0.24312156,0.75771060,0.40372867,0.12660167,0.00880276,0.32559587,0.01487572,0.28020355
0.24912456,0.73097682,0.38650348,0.12106582,0.00826280,0.30877472,0.01434064,0.28051409
0.25512756,0.71010126,0.37162742,0.11669876,0.00789014,0.29450564,0.01375244,0.28247003
0.26113057,0.69512135,0.35911761,0.11350816,0.00768300,0.28289197,0.01311508,0.28596477
0.26713357,0.68608781,0.34903294,0.11150471,0.00763947,0.27404106,0.01243463,0.29089478
0.27313657,0.68305452,0.34146465,0.11070008,0.00775720,0.26805751,0.01171884,0.29716055
0.27913957,0.68606729,0.33652579,0.11110466,0.00803317,0.26503590,0.01097672,0.30466716
0.28514257,0.69515160,0.33433992,0.11272505,0.00846338,0.26505322,0.01021813,0.31332429
0.29114557,0.71029983,0.33502955,0.11556165,0.00904266,0.26816129,0.00945338,0.32304564
0.29714857,0.73145835,0.33870462,0.11960607,0.00976443,0.27437941,0.00869280,0.33374773
0.30315158,0.75851497,0.34545146,0.12483875,0.01062061,0.28368762,0.00794648,0.34534806
0.30915458,0.79128746,0.35532266,0.13122679,0.01160146,0.29602084,0.00722396,0.35776284
0.31515758,0.82951376,0.36832819,0.13872212,0.01269563,0.31126430,0.00653404,0.37090435
0.32116058,0.87284459,0.38442819,0.14726009,0.01389018,0.32925038,0.00588462,0.38467828
0.32716358,0.92083913,0.40352775,0.15675875,0.01517078,0.34975747,0.00528266,0.39898114
0.33316658,0.97296446,0.42547385,0.16711875,0.01652196,0.37251067,0.00473412,0.41369827
0.33916958,1.02859916,0.45005495,0.17822408,0.01792750,0.39718490,0.00424404,0.42870249
0.34517259,1.08704140,0.47700303,0.18994359,0.01937088,0.42341016,0.00381661,0.44385377
0.35117559,1.14752178,0.50599839,0.20213345,0.02083586,0.45077912,0.00345529,0.45900010
0.35717859,1.20922059,0.53667697,0.21464039,0.02230714,0.47885679,0.00316294,0.47397962
0.36318159,1.27128914,0.56864008,0.22730566,0.02377100,0.50719207,0.00294199,0.48862413
0.36918459,1.33287462,0.60146625,0.23996964,0.02521607,0.53533079,0.00279460,0.50276384
0.37518759,1.39314732,0.63472465,0.25247694,0.02663400,0.56282975,0.00272280,0.51623314
0.38119060,1.45132924,0.66798968,0.26468164,0.02802008,0.58927128,0.00272859,0.52887729
0.38719360,1.50672265,0.70085607,0.27645253,0.02937384,0.61427758,0.00281410,0.54055949
0.39319660,1.55873726,0.73295367,0.28767817,0.03069940,0.63752432,0.00298162,0.55116796
0.39919960,1.60691439,0.76396145,0.29827121,0.03200574,0.65875275,0.00323363,0.56062269
0.40520260,1.65094694,0.79361977,0.30817209,0.03330667,0.67777979,0.00357285,0.56888121
0.41120560,1.69069375,0.82174039,0.31735156,0.03462063,0.69450548,0.00400217,0.57594314
0.41720860,1.72618747,0.84821356,0.32581202,0.03597020,0.70891746,0.00452457,0.58185293
0.42321161,1.75763514,0.87301182,0.33358753,0.03738136,0.72109202,0.00514309,0.58670073
0.42921461,1.78541118,0.89619013,0.34074232,0.03888248,0.73119182,0.00586063,0.59062096
0.43521761,1.81004282,0.91788217,0.34736799,0.04050313,0.73945995,0.00667986,0.59378874
0.44122061,1.83218848,0.93829309,0.35357930,0.04227265,0.74621089,0.00760302,0.59641409
0.44722361,1.85260982,0.95768864,0.35950880,0.04421862,0.75181838,0.00863179,0.59873412
0.45322661,1.87213873,0.97638145,0.36530060,0.04636526,0.75670095,0.00976712,0.60100361
0.45922961,1.89164071,0.99471489,0.37110340,0.04873180,0.76130551,0.01100905,0.60348435
0.46523262,1.91197623,1.01304527,0.37706318,0.05133095,0.76608981,0.01235653,0.60643362
0.47123562,1.93396200,1.03172331,0.38331603,0.05416757,0.77150447,0.01380734,0.61009262
0.47723862,1.95833375,1.05107564,0.38998112,0.05723750,0.77797533,0.01535792,0.61467515
0.48324162,1.98571237,1.07138731,0.39715459,0.06052675,0.78588686,0.01700329,0.62035729
0.48924462,2.01657487,1.09288614,0.40490424,0.06401111,0.79556724,0.01873696,0.62726841
0.49524762,2.05123143,1.11572950,0.41326556,0.06765606,0.80727571,0.02055090,0.63548414
0.50125063,2.08980954,1.13999442,0.42223913,0.07141727,0.82119274,0.02243553,0.64502144
0.50725363,2.13224577,1.16567116,0.43178958,0.07524142,0.83741311,0.02437971,0.65583614
0.51325663,2.17828546,1.19266071,0.44184610,0.07906763,0.85594232,0.02637085,0.66782304
0.51925963,2.22749020,1.22077633,0.45230447,0.08282912,0.87669629,0.02839494,0.68081838
0.52526263,2.27925249,1.24974888,0.46303054,0.08645537,0.89950423,0.03043674,0.69460482
0.53126563,2.33281702,1.27923579,0.47386492,0.08987446,0.92411453,0.03247992,0.70891846
0.53726863,2.38730741,1.30883329,0.48462877,0.09301566,0.95020340,0.03450733,0.72345769
0.54327164,2.44175718,1.33809128,0.49513025,0.09581207,0.97738588,0.03650118,0.73789343
0.54927464,2.49514384,1.36653028,0.50517161,0.09820317,1.00522873,0.03844345,0.75188028
0.55527764,2.54642449,1.39365973,0.51455632,0.10013737,1.03326485,0.04031615,0.76506822
0.56128064,2.59457185,1.41899700,0.52309628,0.10157414,1.06100866,0.04210173,0.77711429
0.56728364,2.63860929,1.44208636,0.53061853,0.10248594,1.08797206,0.04378350,0.78769384
0.57328664,2.67764379,1.46251712,0.53697151,0.10285960,1.11368036,0.04534603,0.79651093
0.57928964,2.71089576,1.47994055,0.54203043,0.10269726,1.13768784,0.04677556,0.80330765
0.58529265,2.73772501,1.49408471,0.54570175,0.10201679,1.15959251,0.04806045,0.80787177
0.59129565,2.75765196,1.50476686,0.54792658,0.10085164,1.17904953,0.04919151,0.81004291
0.59729865,2.77037377,1.51190300,0.54868285,0.09925009,1.19578311,0.05016235,0.80971669
0.60330165,2.77577494,1.51551415,0.54798639,0.09727411,1.20959637,0.05096962,0.80684707
0.60930465,2.77393218,1.51572920,0.54589069,0.09499762,1.22037902,0.05161322,0.80144668
0.61530765,2.76511346,1.51278414,0.54248559,0.09250441,1.22811239,0.05209631,0.79358530
0.62131066,2.74977141,1.50701768,0.53789474,0.08988581,1.23287184,0.05242534,0.78338658
0.62731366,2.72853107,1.49886332,0.53227209,0.08723804,1.23482624,0.05260980,0.77102309
0.63331666,2.70217259,1.48883805,0.52579748,0.08465948,1.23423444,0.05266200,0.75671001
0.63931966,2.67160908,1.47752797,0.51867135,0.08224793,1.23143883,0.05259663,0.74069765
0.64532266,2.63786029,1.46557123,0.51110891,0.08009790,1.22685597,0.05243023,0.72326298
0.65132566,2.60202285,1.45363883,0.50333375,0.07829810,1.22096459,0.05218065,0.70470066
0.65732866,2.56523781,1.44241370,0.49557127,0.07692911,1.21429105,0.05186630,0.68531371
0.66333167,2.52865644,1.43256894,0.48804189,0.07606133,1.20739294,0.05150551,0.66540415
0.66933467,2.49340523,1.42474574,0.48095451,0.07575332,1.20084095,0.05111581,0.64526399
0.67533767,2.46055129,1.41953177,0.47450015,0.07605042,1.19519988,0.05071324,0.62516688
0.68134067,2.43106900,1.41744081,0.46884620,0.07698383,1.19100912,0.05031174,0.60536053
0.68734367,2.40580927,1.41889424,0.46413133,0.07856996,1.18876351,0.04992263,0.58606043
0.69334667,2.38547220,1.42420511,0.46046122,0.08081031,1.18889506,0.04955424,0.56744475
0.69934967,2.37058418,1.43356531,0.45790536,0.08369149,1.19175625,0.04921161,0.54965086
0.70535268,2.36148017,1.44703625,0.45649486,0.08718580,1.19760556,0.04889638,0.53277338
0.71135568,2.35829185,1.46454351,0.45622155,0.09125186,1.20659566,0.04860689,0.51686392
0.71735868,2.36094191,1.48587544,0.45703812,0.09583568,1.21876490,0.04833832,0.50193230
0.72336168,2.36914479,1.51068594,0.45885958,0.10087181,1.23403219,0.04808306,0.48794941
0.72936468,2.38241375,1.53850117,0.46156571,0.10628475,1.25219569,0.04783117,0.47485125
0.73536768,2.40007402,1.56873005,0.46500461,0.11199042,1.27293535,0.04757091,0.46254418
0.74137069,2.42128159,1.60067822,0.46899710,0.11789782,1.29581919,0.04728934,0.45091100
0.74737369,2.44504690,1.63356485,0.47334183,0.12391063,1.32031324,0.04697299,0.43981757
0.75337669,2.47026280,1.66654202,0.47782097,0.12992899,1.34579479,0.04660846,0.42911971
0.75937969,2.49573573,1.69871601,0.48220630,0.13585123,1.37156859,0.04618303,0.41867010
0.76538269,2.52021926,1.72916983,0.48626537,0.14157561,1.39688561,0.04568520,0.40832482
0.77138569,2.54244899,1.75698656,0.48976787,0.14700208,1.42096362,0.04510511,0.39794939
0.77738869,2.56117794,1.78127288,0.49249171,0.15203402,1.44300929,0.04443497,0.38742404
0.78339170,2.57521140,1.80118220,0.49422888,0.15657987,1.46224088,0.04366925,0.37664811
0.78939470,2.58344050,1.81593690,0.49479093,0.16055487,1.47791115,0.04280484,0.36554348
0.79539770,2.58487375,1.82484926,0.49401393,0.16388254,1.48932973,0.04184116,0.35405705
0.80140070,2.57866582,1.82734058,0.49176290,0.16649622,1.49588431,0.04078006,0.34216219
0.80740370,2.56414312,1.82295814,0.48793560,0.16834043,1.49706024,0.03962579,0.32985943
0.81340670,2.54082555,1.81138965,0.48246567,0.16937209,1.49245778,0.03838478,0.31717635
0.81940970,2.50844424,1.79247487,0.47532506,0.16956158,1.48180676,0.03706551,0.30416692
0.82541271,2.46695488,1.76621422,0.46652578,0.16889353,1.46497811,0.03567830,0.29091036
0.83141571,2.41654647,1.73277410,0.45612098,0.16736743,1.44199205,0.03423508,0.27750987
0.83741871,2.35764544,1.69248891,0.44420524,0.16499791,1.41302261,0.03274923,0.26409110
0.84342171,2.29091507,1.64585962,0.43091421,0.16181469,1.37839861,0.03123541,0.25080080
0.84942471,2.21725035,1.59354894,0.41642355,0.15786220,1.33860084,0.02970940,0.23780551
0.85542771,2.13776830,1.53637325,0.40094719,0.15319890,1.29425569,0.02818799,0.22529045
0.86143072,2.05379410,1.47529136,0.38473495,0.14789616,1.24612550,0.02668889,0.21345863
0.86743372,1.96684320,1.41139042,0.36806948,0.14203689,1.19509571,0.02523063,0.20253009
0.87343672,1.87859971,1.34586919,0.35126263,0.13571380,1.14215936,0.02383251,0.19274123
0.87943972,1.79089151,1.28001915,0.33465129,0.12902744,1.08839930,0.02251450,0.18434412
0.88544272,1.70566224,1.21520357,0.31859259,0.12208399,1.03496840,0.02129716,0.17760556
0.89144572,1.62494064,1.15283515,0.30345866,0.11499293,0.98306843,0.02020149,0.17280578
0.89744872,1.55080743,1.09435234,0.28963087,0.10786462,0.93392776,0.01924880,0.17023662
0.90345173,1.48536006,1.04119479,0.27749365,0.10080782,0.88877847,0.01846048,0.17019885
0.90945473,1.43067550,0.99477806,0.26742780,0.09392736,0.84883302,0.01785772,0.17299855
0.91545773,1.38877131,0.95646797,0.25980352,0.08732188,0.81526086,0.01746119,0.17894242
0.92146073,1.36156517,0.92755460,0.25497290,0.08108175,0.78916517,0.01729066,0.18833176
0.92746373,1.35083319,0.90922614,0.25326226,0.07528723,0.77155988,0.01736450,0.20145518
0.93346673,1.35816724,0.90254291,0.25496413,0.07000696,0.76334722,0.01769919,0.21858010
0.93946973,1.38493181,0.90841154,0.26032908,0.06529669,0.76529600,0.01830876,0.23994295
0.94547274,1.43222108,0.92755974,0.26955759,0.06119839,0.77802078,0.01920416,0.26573842
0.95147574,1.50081697,0.96051211,0.28279200,0.05773965,0.80196226,0.02039266,0.29610809
0.95747874,1.59114932,1.00756726,0.30010887,0.05493350,0.83736945,0.02187720,0.33112866
0.96348174,1.70325947,1.06877716,0.32151198,0.05277845,0.88428378,0.02365585,0.37080042
0.96948474,1.83676888,1.14392945,0.34692628,0.05125894,0.94252610,0.02572122,0.41503647
0.97548774,1.99085434,1.23253350,0.37619308,0.05034606,1.01168702,0.02806006,0.46365323
0.98149075,2.16423178,1.33381135,0.40906691,0.04999853,1.09112139,0.03065290,0.51636306
0.98749375,2.35515030,1.44669461,0.44521439,0.05016398,1.17994771,0.03347387,0.57276932
0.99349675,2.56139813,1.56982801,0.48421529,0.05078037,1.27705305,0.03649075,0.63236476
0.99949975,2.78032191,1.70158088,0.52556623,0.05177776,1.38110422,0.03966510,0.69453344
1.00550275,3.00886024,1.84006675,0.56868710,0.05308004,1.49056553,0.04295270,0.75855667
1.01150575,3.24359184,1.98317177,0.61293022,0.05460697,1.60372327,0.04630421,0.82362308
1.01750875,3.48079823,2.12859171,0.65759230,0.05627618,1.71871694,0.04966602,0.88884283
1.02351176,3.71653975,2.27387721,0.70192897,0.05800523,1.83357669,0.05298130,0.95326570
1.02951476,3.94674341,2.41648631,0.74517144,0.05971370,1.94626622,0.05619129,1.01590256
1.03551776,4.16730000,2.55384299,0.78654500,0.06132514,2.05473002,0.05923670,1.07574963
1.04152076,4.37416727,2.68339987,0.82528860,0.06276889,2.15694349,0.06205924,1.13181463
1.04752376,4.56347578,2.80270307,0.86067490,0.06398181,2.25096430,0.06460315,1.18314384
1.05352676,4.73163308,2.90945678,0.89202995,0.06490964,2.33498305,0.06681683,1.22884896
1.05952976,4.87542237,3.00158505,0.91875185,0.06550816,2.40737130,0.06865429,1.26813266
1.06553277,4.99209132,3.07728835,0.94032739,0.06574401,2.46672509,0.07007650,1.30031170
1.07153577,5.07942748,3.13509244,0.95634621,0.06559514,2.51190199,0.07105262,1.32483664
1.07753877,5.13581681,3.17388755,0.96651169,0.06505091,2.54205035,0.07156089,1.34130721
1.08354177,5.16028314,3.19295617,0.97064816,0.06411186,2.55662929,0.07158928,1.34948273
1.08954477,5.15250663,3.19198819,0.96870419,0.06278909,2.55541888,0.07113584,1.34928716
1.09554777,5.11282089,3.17108298,0.96075174,0.06110330,2.53851984,0.07020864,1.34080863
1.10155078,5.04218893,3.13073825,0.94698138,0.05908367,2.50634320,0.06882553,1.32429346
1.10755378,4.94215941,3.07182645,0.92769375,0.05676642,2.45959035,0.06701341,1.30013522
1.11355678,4.81480557,2.99555989,0.90328778,0.05419326,2.39922455,0.06480732,1.26885934
1.11955978,4.66264963,2.90344625,0.87424619,0.05140976,2.32643528,0.06224929,1.23110399
1.12556278,4.48857651,2.79723664,0.84111900,0.04846370,2.24259724,0.05938691,1.18759840
1.13156578,4.29574058,2.67886853,0.80450578,0.04540348,2.14922566,0.05627190,1.13913934
1.13756878,4.08746964,2.55040604,0.76503743,0.04227663,2.04792998,0.05295848,1.08656712
1.14357179,3.86717001,2.41398008,0.72335822,0.03912850,1.94036784,0.04950183,1.03074185
1.14957479,3.63823636,2.27173063,0.68010876,0.03600112,1.82820094,0.04595657,0.97252097
1.15557779,3.40396935,2.12575328,0.63591051,0.03293234,1.71305454,0.04237535,0.91273893
1.16158079,3.16750377,1.97805171,0.59135228,0.02995516,1.59648171,0.03880763,0.85218942
1.16758379,2.93174874,1.83049743,0.54697912,0.02709734,1.47993333,0.03529863,0.79161077
1.17358679,2.69934141,1.68479766,0.50328370,0.02438122,1.36473433,0.03188851,0.73167462
1.17958979,2.47261412,1.54247180,0.46070028,0.02182375,1.25206662,0.02861177,0.67297807
1.18559280,2.25357517,1.40483635,0.41960128,0.01943674,1.14295840,0.02549694,0.61603900
1.19159580,2.04390206,1.27299810,0.38029616,0.01722720,1.03827966,0.02256642,0.56129452
1.19759880,1.84494597,1.14785476,0.34303243,0.01519783,0.93874328,0.01983658,0.50910209
1.20360180,1.65774599,1.03010204,0.30799851,0.01334759,0.84491095,0.01731804,0.45974290
1.20960480,1.48305107,0.92024633,0.27532795,0.01167230,0.75720302,0.01501610,0.41342707
1.21560780,1.32134788,0.81862139,0.24510483,0.01016524,0.67591155,0.01293123,0.37030019
1.22161081,1.17289270,0.72540825,0.21736984,0.00881774,0.60121542,0.01105974,0.33045072
1.22761381,1.03774550,0.64065683,0.19212671,0.00761976,0.53319679,0.00939443,0.29391785
1.23361681,0.91580464,0.56430840,0.16934883,0.00656036,0.47185804,0.00792527,0.26069943
1.23961981,0.80684076,0.49621776,0.14898559,0.00562816,0.41713854,0.00664010,0.23075968
1.24562281,0.71052870,0.43617448,0.13096841,0.00481168,0.36893058,0.00552521,0.20403642
1.25162581,0.62647664,0.38392240,0.11521617,0.00409965,0.32709401,0.00456599,0.18044751
1.25762881,0.55425167,0.33917697,0.10164001,0.00348123,0.29146918,0.00374741,0.15989666
1.26363182,0.49340135,0.30164003,0.09014736,0.00294617,0.26188799,0.00305446,0.14227815
1.26963482,0.44347111,0.27101188,0.08064518,0.00248492,0.23818266,0.00247254,0.12748073
1.27563782,0.40401732,0.24700037,0.07304244,0.00208869,0.22019240,0.00198771,0.11539053
1.28164082,0.37461607,0.22932722,0.06725176,0.00174949,0.20776769,0.00158695,0.10589308
1.28764382,0.35486793,0.21773159,0.06319036,0.00146009,0.20077234,0.00125827,0.09887445
1.29364682,0.34439893,0.21197100,0.06078035,0.00121401,0.19908347,0.00099078,0.09422170
1.29964982,0.34285814,0.21181995,0.05994838,0.00100550,0.20258945,0.00077477,0.09182257
1.30565283,0.34991236,0.21706655,0.06062476,0.00082944,0.21118609,0.00060167,0.09156471
1.31165583,0.36523833,0.22750742,0.06274225,0.00068133,0.22477133,0.00046402,0.09333446
1.31765883,0.38851329,0.24294137,0.06623445,0.00055722,0.24323874,0.00035538,0.09701537
1.32366183,0.41940423,0.26316218,0.07103404,0.00045364,0.26647017,0.00027029,0.10248664
1.32966483,0.45755672,0.28795098,0.07707095,0.00036757,0.29432797,0.00020415,0.10962157
1.33566783,0.50258392,0.31706876,0.08427058,0.00029636,0.32664712,0.00015313,0.11828622
1.34167084,0.55405638,0.35024930,0.09255210,0.00023773,0.36322780,0.00011406,0.12833840
1.34767384,0.61149341,0.38719303,0.10182712,0.00018969,0.40382866,0.00008437,0.13962713
1.35367684,0.67435635,0.42756223,0.11199865,0.00015054,0.44816139,0.00006197,0.15199263
1.35967984,0.74204451,0.47097785,0.12296047,0.00011880,0.49588669,0.00004521,0.16526690
1.36568284,0.81389374,0.51701816,0.13459703,0.00009322,0.54661214,0.00003274,0.17927499
1.37168584,0.88917824,0.56521944,0.14678380,0.00007271,0.59989202,0.00002355,0.19383674
1.37768884,0.96711527,0.61507875,0.15938817,0.00005638,0.65522935,0.00001682,0.20876920
1.38369185,1.04687294,0.66605869,0.17227080,0.00004345,0.71207993,0.00001193,0.22388938
1.38969485,1.12758053,0.71759399,0.18528738,0.00003327,0.76985854,0.00000841,0.23901727
1.39569785,1.20834107,0.76909972,0.19829071,0.00002532,0.82794692,0.00000588,0.25397897
1.40170085,1.28824561,0.81998067,0.21113309,0.00001914,0.88570335,0.00000408,0.26860980
1.40770385,1.36638839,0.86964163,0.22366871,0.00001438,0.94247334,0.00000282,0.28275698
1.41370685,1.44188242,0.91749797,0.23575614,0.00001073,0.99760120,0.00000193,0.29628203
1.41970985,1.51387457,0.96298622,0.24726066,0.00000796,1.05044180,0.00000131,0.30906238
1.42571286,1.58155973,1.00557403,0.25805639,0.00000586,1.10037236,0.00000089,0.32099245
1.43171586,1.64419334,1.04476930,0.26802809,0.00000429,1.14680355,0.00000059,0.33198379
1.43771886,1.70110190,1.08012803,0.27707264,0.00000311,1.18918971,0.00000040,0.34196459
1.44372186,1.75169124,1.11126071,0.28510005,0.00000225,1.22703790,0.00000026,0.35087837
1.44972486,1.79545238,1.13783711,0.29203413,0.00000161,1.25991539,0.00000017,0.35868214
1.45572786,1.83196501,1.15958940,0.29781273,0.00000115,1.28745567,0.00000011,0.36534414
1.46173087,1.86089886,1.17631373,0.30238766,0.00000081,1.30936279,0.00000007,0.37084128
1.46773387,1.88201327,1.18787037,0.30572432,0.00000057,1.32541412,0.00000005,0.37515666
1.47373687,1.89515526,1.19418262,0.30780120,0.00000040,1.33546175,0.00000003,0.37827721
1.47973987,1.90025667,1.19523475,0.30860918,0.00000027,1.33943247,0.00000002,0.38019185
1.48574287,1.89733074,1.19106926,0.30815087,0.00000019,1.33732676,0.00000001,0.38089011
1.49174587,1.88646851,1.18178373,0.30644002,0.00000013,1.32921685,0.00000001,0.38036161
1.49774887,1.86783539,1.16752732,0.30350093,0.00000009,1.31524406,0.00000000,0.37859614
1.50375188,1.84166805,1.14849742,0.29936807,0.00000006,1.29561567,0.00000000,0.37558466
1.50975488,1.80827172,1.12493614,0.29408578,0.00000004,1.27060123,0.00000000,0.37132085
1.51575788,1.76801782,1.09712708,0.28770814,0.00000003,1.24052861,0.00000000,0.36580338
1.52176088,1.72134174,1.06539205,0.28029881,0.00000002,1.20577965,0.00000000,0.35903835
1.52776388,1.66874054,1.03008780,0.27193097,0.00000001,1.16678540,0.00000000,0.35104214
1.53376688,1.61077022,0.99160271,0.26268716,0.00000001,1.12402096,0.00000000,0.34184394
1.53976988,1.54804222,0.95035303,0.25265902,0.00000000,1.07799980,0.00000000,0.33148821
1.54577289,1.48121883,0.90677895,0.24194678,0.00000000,1.02926756,0.00000000,0.32003642
1.55177589,1.41100727,0.86133995,0.23065856,0.00000000,0.97839512,0.00000000,0.30756827
1.55777889,1.33815233,0.81450971,0.21890937,0.00000000,0.92597126,0.00000000,0.29418198
1.56378189,1.26342739,0.76677036,0.20681982,0.00000000,0.87259459,0.00000000,0.27999378
1.56978489,1.18762410,0.71860622,0.19451454,0.00000000,0.81886516,0.00000000,0.26513651
1.57578789,1.11154083,0.67049707,0.18212035,0.00000000,0.76537570,0.00000000,0.24975733
1.58179090,1.03597022,0.62291120,0.16976425,0.00000000,0.71270289,0.00000000,0.23401488
1.58779390,0.96168639,0.57629841,0.15757131,0.00000000,0.66139871,0.00000000,0.21807575
1.59379690,0.88943219,0.53108319,0.14566256,0.00000000,0.61198233,0.00000000,0.20211070
1.59979990,0.81990704,0.48765845,0.13415287,0.00000000,0.56493270,0.00000000,0.18629069
1.60580290,0.75375600,0.44637987,0.12314911,0.00000000,0.52068216,0.00000000,0.17078302
1.61180590,0.69156033,0.40756133,0.11274848,0.00000000,0.47961133,0.00000000,0.15574772
1.61780890,0.63383007,0.37147143,0.10303715,0.00000000,0.44204530,0.00000000,0.14133438
1.62381191,0.58099891,0.33833127,0.09408938,0.00000000,0.40825153,0.00000000,0.12767948
1.62981491,0.53342133,0.30831361,0.08596686,0.00000000,0.37843914,0.00000000,0.11490448
1.63581791,0.49137218,0.28154330,0.07871861,0.00000000,0.35275983,0.00000000,0.10311443
1.64182091,0.45504841,0.25809896,0.07238112,0.00000000,0.33131013,0.00000000,0.09239741
1.64782391,0.42457280,0.23801571,0.06697892,0.00000000,0.31413485,0.00000000,0.08282439
1.65382691,0.39999915,0.22128881,0.06252532,0.00000000,0.30123145,0.00000000,0.07444977
1.65982991,0.38131858,0.20787779,0.05902339,0.00000000,0.29255499,0.00000000,0.06731217
1.66583292,0.36846643,0.19771106,0.05646704,0.00000000,0.28802335,0.00000000,0.06143558
1.67183592,0.36132911,0.19069042,0.05484205,0.00000000,0.28752234,0.00000000,0.05683055
1.67783892,0.35975057,0.18669543,0.05412714,0.00000000,0.29091036,0.00000000,0.05349545
1.68384192,0.36353775,0.18558728,0.05429476,0.00000000,0.29802239,0.00000000,0.05141746
1.68984492,0.37246493,0.18721202,0.05531178,0.00000000,0.30867298,0.00000000,0.05057350
1.69584792,0.38627639,0.19140292,0.05713990,0.00000000,0.32265809,0.00000000,0.05093074
1.70185093,0.40468769,0.19798209,0.05973584,0.00000000,0.33975584,0.00000000,0.05244690
1.70785393,0.42738526,0.20676113,0.06305123,0.00000000,0.35972602,0.00000000,0.05507020
1.71385693,0.45402474,0.21754104,0.06703233,0.00000000,0.38230870,0.00000000,0.05873907
1.71985993,0.48422833,0.23011155,0.07161963,0.00000000,0.40722200,0.00000000,0.06338172
1.72586293,0.51758152,0.24424997,0.07674731,0.00000000,0.43415947,0.00000000,0.06891563
1.73186593,0.55363000,0.25971987,0.08234276,0.00000000,0.46278748,0.00000000,0.07524707
1.73786893,0.59187699,0.27627000,0.08832615,0.00000000,0.49274297,0.00000000,0.08227084
1.74387194,0.63178195,0.29363346,0.09461033,0.00000000,0.52363211,0.00000000,0.08987033
1.74987494,0.67276108,0.31152769,0.10110088,0.00000000,0.55503028,0.00000000,0.09791798
1.75587794,0.71419010,0.32965537,0.10769667,0.00000000,0.58648377,0.00000000,0.10627629
1.76188094,0.75540981,0.34770642,0.11429075,0.00000000,0.61751346,0.00000000,0.11479941
1.76788394,0.79573457,0.36536137,0.12077185,0.00000000,0.64762073,0.00000000,0.12333537
1.77388694,0.83446370,0.38229589,0.12702619,0.00000000,0.67629559,0.00000000,0.13172892
1.77988994,0.87089586,0.39818664,0.13293990,0.00000000,0.70302702,0.00000000,0.13982491
1.78589295,0.90434570,0.41271823,0.13840171,0.00000000,0.72731510,0.00000000,0.14747219
1.79189595,0.93416250,0.42559097,0.14330598,0.00000000,0.74868473,0.00000000,0.15452781
1.79789895,0.95974995,0.43652918,0.14755594,0.00000000,0.76670018,0.00000000,0.16086140
1.80390195,0.98058620,0.44528964,0.15106688,0.00000000,0.78097999,0.00000000,0.16635958
1.80990495,0.99624321,0.45166982,0.15376927,0.00000000,0.79121146,0.00000000,0.17093011
1.81590795,1.00640453,0.45551531,0.15561165,0.00000000,0.79716391,0.00000000,0.17450569
1.82191096,1.01088039,0.45672626,0.15656302,0.00000000,0.79870010,0.00000000,0.17704715
1.82791396,1.00961942,0.45526225,0.15661467,0.00000000,0.79578516,0.00000000,0.17854582
1.83391696,1.00271622,0.45114538,0.15578146,0.00000000,0.78849232,0.00000000,0.17902510
1.83991996,0.99041419,0.44446139,0.15410218,0.00000000,0.77700531,0.00000000,0.17854093
1.84592296,0.97310351,0.43535858,0.15163924,0.00000000,0.76161695,0.00000000,0.17718126
1.85192596,0.95131403,0.42404466,0.14847752,0.00000000,0.74272402,0.00000000,0.17506442
1.85792896,0.92570331,0.41078150,0.14472242,0.00000000,0.72081856,0.00000000,0.17233643
1.86393197,0.89704032,0.39587803,0.14049723,0.00000000,0.69647577,0.00000000,0.16916743
1.86993497,0.86618525,0.37968163,0.13593989,0.00000000,0.67033911,0.00000000,0.16574715
1.87593797,0.83406629,0.36256825,0.13119922,0.00000000,0.64310318,0.00000000,0.16227980
1.88194097,0.80165425,0.34493178,0.12643085,0.00000000,0.61549490,0.00000000,0.15897834
1.88794397,0.76993593,0.32717298,0.12179291,0.00000000,0.58825390,0.00000000,0.15605851
1.89394697,0.73988717,0.30968847,0.11744168,0.00000000,0.56211267,0.00000000,0.15373261
1.89994997,0.71244658,0.29286021,0.11352733,0.00000000,0.53777725,0.00000000,0.15220343
1.90595298,0.68849065,0.27704568,0.11018986,0.00000000,0.51590903,0.00000000,0.15165833
1.91195598,0.66881109,0.26256922,0.10755546,0.00000000,0.49710826,0.00000000,0.15226376
1.91795898,0.65409484,0.24971460,0.10573320,0.00000000,0.48189952,0.00000000,0.15416033
1.92396198,0.64490741,0.23871914,0.10481231,0.00000000,0.47071972,0.00000000,0.15745851
1.92996498,0.64167955,0.22976931,0.10485999,0.00000000,0.46390854,0.00000000,0.16223513
1.93596798,0.64469774,0.22299793,0.10591983,0.00000000,0.46170169,0.00000000,0.16853074
1.94197099,0.65409833,0.21848283,0.10801080,0.00000000,0.46422668,0.00000000,0.17634786
1.94797399,0.66986528,0.21624699,0.11112693,0.00000000,0.47150129,0.00000000,0.18565017
1.95397699,0.69183152,0.21625995,0.11523744,0.00000000,0.48343446,0.00000000,0.19636266
1.95997999,0.71968353,0.21844037,0.12028756,0.00000000,0.49982947,0.00000000,0.20837271
1.96598299,0.75296902,0.22265953,0.12619976,0.00000000,0.52038917,0.00000000,0.22153214
1.97198599,0.79110741,0.22874578,0.13287551,0.00000000,0.54472313,0.00000000,0.23566002
1.97798899,0.83340277,0.23648949,0.14019749,0.00000000,0.57235644,0.00000000,0.25054639
1.98399200,0.87905900,0.24564867,0.14803210,0.00000000,0.60273998,0.00000000,0.26595666
1.98999500,0.92719684,0.25595489,0.15623232,0.00000000,0.63526198,0.00000000,0.28163664
1.99599800,0.97687252,0.26711948,0.16464093,0.00000000,0.66926062,0.00000000,0.29731806
2.00200100,1.02709754,0.27883997,0.17309375,0.00000000,0.70403755,0.00000000,0.31272451
2.00800400,1.07685942,0.29080648,0.18142323,0.00000000,0.73887210,0.00000000,0.32757758
2.01400700,1.12514289,0.30270818,0.18946196,0.00000000,0.77303590,0.00000000,0.34160314
2.02001001,1.17095125,0.31423960,0.19704622,0.00000000,0.80580783,0.00000000,0.35453750
2.02601301,1.21332736,0.32510671,0.20401957,0.00000000,0.83648882,0.00000000,0.36613344
2.03201601,1.25137396,0.33503277,0.21023610,0.00000000,0.86441644,0.00000000,0.37616573
2.03801901,1.28427273,0.34376368,0.21556365,0.00000000,0.88897879,0.00000000,0.38443624
2.04402201,1.31130173,0.35107295,0.21988660,0.00000000,0.90962754,0.00000000,0.39077838
2.05002501,1.33185076,0.35676596,0.22310833,0.00000000,0.92588958,0.00000000,0.39506065
2.05602801,1.34543419,0.36068358,0.22515327,0.00000000,0.93737717,0.00000000,0.39718948
2.06203102,1.35170093,0.36270500,0.22596844,0.00000000,0.94379613,0.00000000,0.39711095
2.06803402,1.35044113,0.36274966,0.22552436,0.00000000,0.94495190,0.00000000,0.39481167
2.07403702,1.34158959,0.36077825,0.22381557,0.00000000,0.94075314,0.00000000,0.39031848
2.08004002,1.32522548,0.35679274,0.22086035,0.00000000,0.93121286,0.00000000,0.38369732
2.08604302,1.30156854,0.35083538,0.21670003,0.00000000,0.91644685,0.00000000,0.37505097
2.09204602,1.27097183,0.34298682,0.21139759,0.00000000,0.89666957,0.00000000,0.36451611
2.09804902,1.23391107,0.33336320,0.20503585,0.00000000,0.87218752,0.00000000,0.35225940
2.10405203,1.19097119,0.32211246,0.19771512,0.00000000,0.84339023,0.00000000,0.33847309
2.11005503,1.14283018,0.30940988,0.18955046,0.00000000,0.81073933,0.00000000,0.32336997
2.11605803,1.09024110,0.29545313,0.18066869,0.00000000,0.77475589,0.00000000,0.30717813
2.12206103,1.03401257,0.28045676,0.17120514,0.00000000,0.73600655,0.00000000,0.29013540
2.12806403,0.97498851,0.26464653,0.16130029,0.00000000,0.69508888,0.00000000,0.27248387
2.13406703,0.91402777,0.24825370,0.15109647,0.00000000,0.65261643,0.00000000,0.25446453
2.14007004,0.85198422,0.23150934,0.14073459,0.00000000,0.60920404,0.00000000,0.23631220
2.14607304,0.78968805,0.21463907,0.13035115,0.00000000,0.56545374,0.00000000,0.21825092
2.15207604,0.72792859,0.19785810,0.12007547,0.00000000,0.52194178,0.00000000,0.20048989
2.15807904,0.66743927,0.18136700,0.11002727,0.00000000,0.47920716,0.00000000,0.18321998
2.16408204,0.60888506,0.16534803,0.10031472,0.00000000,0.43774173,0.00000000,0.16661103
2.17008504,0.55285242,0.14996230,0.09103285,0.00000000,0.39798237,0.00000000,0.15080976
2.17608804,0.49984214,0.13534772,0.08226245,0.00000000,0.36030506,0.00000000,0.13593854
2.18209105,0.45026484,0.12161765,0.07406939,0.00000000,0.32502110,0.00000000,0.12209467
2.18809405,0.40443917,0.10886047,0.06650441,0.00000000,0.29237517,0.00000000,0.10935050
2.19409705,0.36259236,0.09713966,0.05960325,0.00000000,0.26254537,0.00000000,0.09775400
2.20010005,0.32486304,0.08649470,0.05338717,0.00000000,0.23564477,0.00000000,0.08732990
2.20610305,0.29130582,0.07694238,0.04786371,0.00000000,0.21172450,0.00000000,0.07808121
2.21210605,0.26189743,0.06847856,0.04302774,0.00000000,0.19077792,0.00000000,0.06999108
2.21810905,0.23654393,0.06108032,0.03886265,0.00000000,0.17274573,0.00000000,0.06302490
2.22411206,0.21508885,0.05470824,0.03534172,0.00000000,0.15752172,0.00000000,0.05713254
2.23011506,0.19732170,0.04930888,0.03242945,0.00000000,0.14495896,0.00000000,0.05225066
2.23611806,0.18298680,0.04481728,0.03008309,0.00000000,0.13487622,0.00000000,0.04830505
2.24212106,0.17179206,0.04115940,0.02825400,0.00000000,0.12706435,0.00000000,0.04521294
2.24812406,0.16341758,0.03825452,0.02688910,0.00000000,0.12129267,0.00000000,0.04288520
2.25412706,0.15752401,0.03601750,0.02593220,0.00000000,0.11731512,0.00000000,0.04122845
2.26013007,0.15376037,0.03436083,0.02532529,0.00000000,0.11487614,0.00000000,0.04014707
2.26613307,0.15177154,0.03319656,0.02500971,0.00000000,0.11371618,0.00000000,0.03954504
2.27213607,0.15120512,0.03243801,0.02492736,0.00000000,0.11357698,0.00000000,0.03932768
2.27813907,0.15171780,0.03200133,0.02502164,0.00000000,0.11420628,0.00000000,0.03940322
2.28414207,0.15298119,0.03180678,0.02523844,0.00000000,0.11536231,0.00000000,0.03968422
2.29014507,0.15468695,0.03177991,0.02552699,0.00000000,0.11681768,0.00000000,0.04008886
2.29614807,0.15655142,0.03185249,0.02584058,0.00000000,0.11836292,0.00000000,0.04054207
2.30215108,0.15831946,0.03196332,0.02613723,0.00000000,0.11980950,0.00000000,0.04097644
2.30815408,0.15976769,0.03205880,0.02638018,0.00000000,0.12099226,0.00000000,0.04133305
2.31415708,0.16070685,0.03209332,0.02653830,0.00000000,0.12177132,0.00000000,0.04156201
2.32016008,0.16098345,0.03202951,0.02658635,0.00000000,0.12203337,0.00000000,0.04162287
2.32616308,0.16048049,0.03183830,0.02650513,0.00000000,0.12169230,0.00000000,0.04148476
2.33216608,0.15911742,0.03149873,0.02628140,0.00000000,0.12068923,0.00000000,0.04112634
2.33816908,0.15684913,0.03099769,0.02590781,0.00000000,0.11899175,0.00000000,0.04053554
2.34417209,0.15366418,0.03032947,0.02538253,0.00000000,0.11659272,0.00000000,0.03970908
2.35017509,0.14958221,0.02949509,0.02470885,0.00000000,0.11350828,0.00000000,0.03865177
2.35617809,0.14465071,0.02850161,0.02389467,0.00000000,0.10977547,0.00000000,0.03737566
2.36218109,0.13894116,0.02736125,0.02295183,0.00000000,0.10544936,0.00000000,0.03589908
2.36818409,0.13254482,0.02609053,0.02189544,0.00000000,0.10059984,0.00000000,0.03424546
2.37418709,0.12556812,0.02470924,0.02074311,0.00000000,0.09530820,0.00000000,0.03244221
2.38019010,0.11812803,0.02323949,0.01951417,0.00000000,0.08966362,0.00000000,0.03051947
2.38619310,0.11034748,0.02170478,0.01822894,0.00000000,0.08375972,0.00000000,0.02850895
2.39219610,0.10235093,0.02012907,0.01690800,0.00000000,0.07769119,0.00000000,0.02644274
2.39819910,0.09426033,0.01853594,0.01557151,0.00000000,0.07155079,0.00000000,0.02435233
2.40420210,0.08619156,0.01694788,0.01423860,0.00000000,0.06542661,0.00000000,0.02226763
2.41020510,0.07825142,0.01538567,0.01292693,0.00000000,0.05939981,0.00000000,0.02021621
2.41620810,0.07053524,0.01386788,0.01165225,0.00000000,0.05354284,0.00000000,0.01822268
2.42221111,0.06312516,0.01241055,0.01042813,0.00000000,0.04791810,0.00000000,0.01630826
2.42821411,0.05608908,0.01102695,0.00926579,0.00000000,0.04257717,0.00000000,0.01449047
2.43421711,0.04948017,0.00972746,0.00817402,0.00000000,0.03756045,0.00000000,0.01278306
2.44022011,0.04333707,0.00851964,0.00715920,0.00000000,0.03289727,0.00000000,0.01119599
2.44622311,0.03768443,0.00740830,0.00622539,0.00000000,0.02860638,0.00000000,0.00973564
2.45222611,0.03253400,0.00639573,0.00537455,0.00000000,0.02469670,0.00000000,0.00840504
2.45822911,0.02788594,0.00548195,0.00460670,0.00000000,0.02116835,0.00000000,0.00720423
2.46423212,0.02373039,0.00466501,0.00392021,0.00000000,0.01801386,0.00000000,0.00613066
2.47023512,0.02004914,0.00394132,0.00331208,0.00000000,0.01521942,0.00000000,0.00517962
2.47623812,0.01681735,0.00330599,0.00277819,0.00000000,0.01276615,0.00000000,0.00434470
2.48224112,0.01400523,0.00275318,0.00231364,0.00000000,0.01063146,0.00000000,0.00361820
2.48824412,0.01157960,0.00227634,0.00191293,0.00000000,0.00879015,0.00000000,0.00299154
2.49424712,0.00950533,0.00186857,0.00157026,0.00000000,0.00721555,0.00000000,0.00245566
2.50025013,0.00774660,0.00152283,0.00127972,0.00000000,0.00588049,0.00000000,0.00200130
2.50625313,0.00626794,0.00123216,0.00103545,0.00000000,0.00475804,0.00000000,0.00161930
2.51225613,0.00503511,0.00098981,0.00083179,0.00000000,0.00382219,0.00000000,0.00130080
2.51825913,0.00401572,0.00078941,0.00066339,0.00000000,0.00304836,0.00000000,0.00103745
2.52426213,0.00317971,0.00062507,0.00052528,0.00000000,0.00241374,0.00000000,0.00082147
2.53026513,0.00249967,0.00049139,0.00041294,0.00000000,0.00189752,0.00000000,0.00064578
2.53626813,0.00195095,0.00038352,0.00032229,0.00000000,0.00148098,0.00000000,0.00050402
2.54227114,0.00151175,0.00029718,0.00024974,0.00000000,0.00114758,0.00000000,0.00039056
2.54827414,0.00116302,0.00022863,0.00019213,0.00000000,0.00088285,0.00000000,0.00030046
2.55427714,0.00088830,0.00017462,0.00014675,0.00000000,0.00067432,0.00000000,0.00022949
2.56028014,0.00067360,0.00013242,0.00011128,0.00000000,0.00051134,0.00000000,0.00017402
2.56628314,0.00050713,0.00009969,0.00008378,0.00000000,0.00038497,0.00000000,0.00013101
2.57228614,0.00037906,0.00007452,0.00006262,0.00000000,0.00028774,0.00000000,0.00009793
2.57828914,0.00028129,0.00005530,0.00004647,0.00000000,0.00021353,0.00000000,0.00007267
2.58429215,0.00020724,0.00004074,0.00003424,0.00000000,0.00015732,0.00000000,0.00005354
2.59029515,0.00015159,0.00002980,0.00002504,0.00000000,0.00011507,0.00000000,0.00003916
2.59629815,0.00011009,0.00002164,0.00001819,0.00000000,0.00008357,0.00000000,0.00002844
2.60230115,0.00007937,0.00001560,0.00001311,0.00000000,0.00006025,0.00000000,0.00002051
2.60830415,0.00005682,0.00001117,0.00000939,0.00000000,0.00004313,0.00000000,0.00001468
2.61430715,0.00004038,0.00000794,0.00000667,0.00000000,0.00003065,0.00000000,0.00001043
2.62031016,0.00002849,0.00000560,0.00000471,0.00000000,0.00002163,0.00000000,0.00000736
2.62631316,0.00001996,0.00000392,0.00000330,0.00000000,0.00001515,0.00000000,0.00000516
2.63231616,0.00001388,0.00000273,0.00000229,0.00000000,0.00001054,0.00000000,0.00000359
2.63831916,0.00000958,0.00000188,0.00000158,0.00000000,0.00000728,0.00000000,0.00000248
2.64432216,0.00000657,0.00000129,0.00000109,0.00000000,0.00000499,0.00000000,0.00000170
2.65032516,0.00000447,0.00000088,0.00000074,0.00000000,0.00000339,0.00000000,0.00000116
2.65632816,0.00000302,0.00000059,0.00000050,0.00000000,0.00000229,0.00000000,0.00000078
2.66233117,0.00000203,0.00000040,0.00000033,0.00000000,0.00000154,0.00000000,0.00000052
2.66833417,0.00000135,0.00000027,0.00000022,0.00000000,0.00000102,0.00000000,0.00000035
2.67433717,0.00000089,0.00000018,0.00000015,0.00000000,0.00000068,0.00000000,0.00000023
2.68034017,0.00000059,0.00000012,0.00000010,0.00000000,0.00000044,0.00000000,0.00000015
2.68634317,0.00000038,0.00000008,0.00000006,0.00000000,0.00000029,0.00000000,0.00000010
2.69234617,0.00000025,0.00000005,0.00000004,0.00000000,0.00000019,0.00000000,0.00000006
2.69834917,0.00000016,0.00000003,0.00000003,0.00000000,0.00000012,0.00000000,0.00000004
2.70435218,0.00000010,0.00000002,0.00000002,0.00000000,0.00000008,0.00000000,0.00000003
2.71035518,0.00000006,0.00000001,0.00000001,0.00000000,0.00000005,0.00000000,0.00000002
2.71635818,0.00000004,0.00000001,0.00000001,0.00000000,0.00000003,0.00000000,0.00000001
2.72236118,0.00000003,0.00000000,0.00000000,0.00000000,0.00000002,0.00000000,0.00000001
2.72836418,0.00000002,0.00000000,0.00000000,0.00000000,0.00000001,0.00000000,0.00000000
2.73436718,0.00000001,0.00000000,0.00000000,0.00000000,0.00000001,0.00000000,0.00000000
2.74037019,0.00000001,0.00000000,0.00000000,0.00000000,0.00000000,0.00000000,0.00000000
2.74637319,0.00000000,0.00000000,0.00000000,0.00000000,0.00000000,0.00000000,0.00000000
2.75237619,0.00000000,0.00000000,0.00000000,0.00000000,0.00000000,0.00000000,0.00000000
2.75837919,0.00000000,0.00000000,0.00000000,0.00000000,0.00000000,0.00000000,0.00000000
2.76438219,0.00000000,0.00000000,0.00000000,0.00000000,0.00000000,0.00000000,0.00000000
2.77038519,0.00000000,0.00000000,0.00000000,0.00000000,0.00000000,0.00000000,0.00000000
2.77638819,0.00000000,0.00000000,0.00000000,0.00000000,0.00000000,0.00000000,0.00000000
2.78239120,0.00000000,0.00000000,0.00000000,0.00000000,0.00000000,0.00000000,0.00000000
2.78839420,0.00000000,0.00000000,0.00000000,0.00000000,0.00000000,0.00000000,0.00000000
2.79439720,0.00000000,0.00000000,0.00000000,0.00000000,0.00000000,0.00000000,0.00000000
2.80040020,0.00000000,0.00000000,0.00000000,0.00000000,0.00000000,0.00000000,0.00000000
2.80640320,0.00000000,0.00000000,0.00000000,0.00000000,0.00000000,0.00000000,0.00000000
2.81240620,0.00000000,0.00000000,0.00000000,0.00000000,0.00000000,0.00000000,0.00000000
2.81840920,0.00000000,0.00000000,0.00000000,0.00000000,0.00000000,0.00000000,0.00000000
2.82441221,0.00000000,0.00000000,0.00000000,0.00000000,0.00000000,0.00000000,0.00000000
2.83041521,0.00000000,0.00000000,0.00000000,0.00000000,0.00000000,0.00000000,0.00000000
2.83641821,0.00000000,0.00000000,0.00000000,0.00000000,0.00000000,0.00000000,0.00000000
2.84242121,0.00000000,0.00000000,0.00000000,0.00000000,0.00000000,0.00000000,0.00000000
2.84842421,0.00000000,0.00000000,0.00000000,0.00000000,0.00000000,0.00000000,0.00000000
2.85442721,0.00000000,0.00000000,0.00000000,0.00000000,0.00000000,0.00000000,0.00000000
2.86043022,0.00000000,0.00000000,0.00000000,0.00000000,0.00000000,0.00000000,0.00000000
2.86643322,0.00000000,0.00000000,0.00000000,0.00000000,0.00000000,0.00000000,0.00000000
2.87243622,0.00000000,0.00000000,0.00000000,0.00000000,0.00000000,0.00000000,0.00000000
2.87843922,0.00000000,0.00000000,0.00000000,0.00000000,0.00000000,0.00000000,0.00000000
2.88444222,0.00000000,0.00000000,0.00000000,0.00000000,0.00000000,0.00000000,0.00000000
2.89044522,0.00000000,0.00000000,0.00000000,0.00000000,0.00000000,0.00000000,0.00000000
2.89644822,0.00000000,0.00000000,0.00000000,0.00000000,0.00000000,0.00000000,0.00000000
2.90245123,0.00000000,0.00000000,0.00000000,0.00000000,0.00000000,0.00000000,0.00000000
2.90845423,0.00000000,0.00000000,0.00000000,0.00000000,0.00000000,0.00000000,0.00000000
2.91445723,0.00000000,0.00000000,0.00000000,0.00000000,0.00000000,0.00000000,0.00000000
2.92046023,0.00000000,0.00000000,0.00000000,0.00000000,0.00000000,0.00000000,0.00000000
2.92646323,0.00000000,0.00000000,0.00000000,0.00000000,0.00000000,0.00000000,0.00000000
2.93246623,0.00000000,0.00000000,0.00000000,0.00000000,0.00000000,0.00000000,0.00000000
2.93846923,0.00000000,0.00000000,0.00000000,0.00000000,0.00000000,0.00000000,0.00000000
2.94447224,0.00000000,0.00000000,0.00000000,0.00000000,0.00000000,0.00000000,0.00000000
2.95047524,0.00000000,0.00000000,0.00000000,0.00000000,0.00000000,0.00000000,0.00000000
2.95647824,0.00000000,0.00000000,0.00000000,0.00000000,0.00000000,0.00000000,0.00000000
2.96248124,0.00000000,0.00000000,0.00000000,0.00000000,0.00000000,0.00000000,0.00000000
2.96848424,0.00000000,0.00000000,0.00000000,0.00000000,0.00000000,0.00000000,0.00000000
2.97448724,0.00000000,0.00000000,0.00000000,0.00000000,0.00000000,0.00000000,0.00000000
2.98049025,0.00000000,0.00000000,0.00000000,0.00000000,0.00000000,0.00000000,0.00000000
2.98649325,0.00000000,0.00000000,0.00000000,0.00000000,0.00000000,0.00000000,0.00000000
2.99249625,0.00000001,0.00000000,0.00000000,0.00000000,0.00000000,0.00000000,0.00000000
2.99849925,0.00000001,0.00000000,0.00000000,0.00000000,0.00000000,0.00000000,0.00000000
3.00450225,0.00000001,0.00000001,0.00000000,0.00000000,0.00000000,0.00000000,0.00000000
3.01050525,0.00000002,0.00000001,0.00000000,0.00000001,0.00000000,0.00000000,0.00000000
3.01650825,0.00000004,0.00000002,0.00000000,0.00000001,0.00000000,0.00000000,0.00000000
3.02251126,0.00000006,0.00000003,0.00000000,0.00000001,0.00000000,0.00000000,0.00000000
3.02851426,0.00000010,0.00000005,0.00000000,0.00000002,0.00000000,0.00000000,0.00000000
3.03451726,0.00000015,0.00000008,0.00000000,0.00000003,0.00000000,0.00000000,0.00000001
3.04052026,0.00000024,0.00000013,0.00000001,0.00000005,0.00000000,0.00000000,0.00000001
3.04652326,0.00000038,0.00000020,0.00000001,0.00000008,0.00000000,0.00000000,0.00000001
3.05252626,0.00000058,0.00000030,0.00000002,0.00000013,0.00000000,0.00000000,0.00000002
3.05852926,0.00000089,0.00000047,0.00000002,0.00000020,0.00000000,0.00000000,0.00000003
3.06453227,0.00000136,0.00000071,0.00000004,0.00000030,0.00000000,0.00000000,0.00000005
3.07053527,0.00000206,0.00000108,0.00000006,0.00000045,0.00000000,0.00000000,0.00000008
3.07653827,0.00000309,0.00000161,0.00000008,0.00000068,0.00000000,0.00000000,0.00000012
3.08254127,0.00000460,0.00000240,0.00000012,0.00000101,0.00000000,0.00000000,0.00000017
3.08854427,0.00000681,0.00000356,0.00000018,0.00000149,0.00000000,0.00000000,0.00000026
3.09454727,0.00001001,0.00000523,0.00000027,0.00000219,0.00000000,0.00000000,0.00000038
3.10055028,0.00001459,0.00000762,0.00000039,0.00000320,0.00000000,0.00000000,0.00000055
3.10655328,0.00002113,0.00001104,0.00000057,0.00000463,0.00000000,0.00000000,0.00000080
3.11255628,0.00003037,0.00001586,0.00000081,0.00000665,0.00000000,0.00000000,0.00000115
3.11855928,0.00004334,0.00002264,0.00000116,0.00000949,0.00000000,0.00000000,0.00000164
3.12456228,0.00006141,0.00003207,0.00000165,0.00001345,0.00000000,0.00000000,0.00000233
3.13056528,0.00008639,0.00004512,0.00000232,0.00001892,0.00000000,0.00000000,0.00000328
3.13656828,0.00012065,0.00006301,0.00000323,0.00002643,0.00000000,0.00000000,0.00000458
3.14257129,0.00016729,0.00008737,0.00000448,0.00003664,0.00000000,0.00000000,0.00000634
3.14857429,0.00023029,0.00012028,0.00000617,0.00005044,0.00000000,0.00000000,0.00000873
3.15457729,0.00031474,0.00016438,0.00000844,0.00006894,0.00000000,0.00000000,0.00001194
3.16058029,0.00042707,0.00022305,0.00001145,0.00009355,0.00000000,0.00000000,0.00001620
3.16658329,0.00057534,0.00030049,0.00001542,0.00012603,0.00000000,0.00000000,0.00002182
3.17258629,0.00076951,0.00040190,0.00002063,0.00016856,0.00000000,0.00000000,0.00002918
3.17858929,0.00102182,0.00053368,0.00002739,0.00022383,0.00000000,0.00000000,0.00003875
3.18459230,0.00134711,0.00070357,0.00003611,0.00029508,0.00000000,0.00000000,0.00005108
3.19059530,0.00176320,0.00092089,0.00004727,0.00038623,0.00000000,0.00000000,0.00006686
3.19659830,0.00229125,0.00119668,0.00006142,0.00050189,0.00000000,0.00000000,0.00008689
3.20260130,0.00295605,0.00154389,0.00007925,0.00064752,0.00000000,0.00000000,0.00011210
3.20860430,0.00378636,0.00197755,0.00010151,0.00082940,0.00000000,0.00000000,0.00014359
3.21460730,0.00481506,0.00251482,0.00012908,0.00105473,0.00000000,0.00000000,0.00018260
3.22061031,0.00607927,0.00317509,0.00016298,0.00133165,0.00000000,0.00000000,0.00023054
3.22661331,0.00762029,0.00397994,0.00020429,0.00166921,0.00000000,0.00000000,0.00028897
3.23261631,0.00948333,0.00495297,0.00025423,0.00207731,0.00000000,0.00000000,0.00035962
3.23861931,0.01171711,0.00611963,0.00031412,0.00256661,0.00000000,0.00000000,0.00044433
3.24462231,0.01437309,0.00750680,0.00038532,0.00314840,0.00000000,0.00000000,0.00054505
3.25062531,0.01750450,0.00914228,0.00046927,0.00383433,0.00000000,0.00000000,0.00066380
3.25662831,0.02116504,0.01105411,0.00056740,0.00463616,0.00000000,0.00000000,0.00080261
3.26263132,0.02540730,0.01326976,0.00068113,0.00556542,0.00000000,0.00000000,0.00096349
3.26863432,0.03028083,0.01581512,0.00081178,0.00663296,0.00000000,0.00000000,0.00114830
3.27463732,0.03583003,0.01871336,0.00096055,0.00784850,0.00000000,0.00000000,0.00135873
3.28064032,0.04209169,0.02198372,0.00112841,0.00922010,0.00000000,0.00000000,0.00159619
3.28664332,0.04909255,0.02564013,0.00131609,0.01075363,0.00000000,0.00000000,0.00186167
3.29264632,0.05684663,0.02968995,0.00152397,0.01245214,0.00000000,0.00000000,0.00215572
3.29864932,0.06535274,0.03413253,0.00175200,0.01431539,0.00000000,0.00000000,0.00247828
3.30465233,0.07459211,0.03895808,0.00199970,0.01633925,0.00000000,0.00000000,0.00282866
3.31065533,0.08452630,0.04414653,0.00226602,0.01851532,0.00000000,0.00000000,0.00320538
3.31665833,0.09509569,0.04966673,0.00254936,0.02083052,0.00000000,0.00000000,0.00360619
3.32266133,0.10621839,0.05547591,0.00284755,0.02326693,0.00000000,0.00000000,0.00402798
3.32866433,0.11779004,0.06151957,0.00315776,0.02580168,0.00000000,0.00000000,0.00446679
3.33466733,0.12968430,0.06773172,0.00347663,0.02840709,0.00000000,0.00000000,0.00491784
3.34067034,0.14175427,0.07403565,0.00380021,0.03105100,0.00000000,0.00000000,0.00537556
3.34667334,0.15383490,0.08034513,0.00412407,0.03369723,0.00000000,0.00000000,0.00583367
3.35267634,0.16574618,0.08656618,0.00444339,0.03630638,0.00000000,0.00000000,0.00628537
3.35867934,0.17729730,0.09259912,0.00475306,0.03883663,0.00000000,0.00000000,0.00672341
3.36468234,0.18829149,0.09834118,0.00504780,0.04124488,0.00000000,0.00000000,0.00714033
3.37068534,0.19853140,0.10368930,0.00532231,0.04348791,0.00000000,0.00000000,0.00752864
3.37668834,0.20782494,0.10854315,0.00557146,0.04552365,0.00000000,0.00000000,0.00788107
3.38269135,0.21599122,0.11280824,0.00579038,0.04731245,0.00000000,0.00000000,0.00819074
3.38869435,0.22286633,0.11639898,0.00597469,0.04881843,0.00000000,0.00000000,0.00845146
3.39469735,0.22830887,0.11924152,0.00612060,0.05001061,0.00000000,0.00000000,0.00865785
3.40070035,0.23220472,0.12127626,0.00622504,0.05086399,0.00000000,0.00000000,0.00880559
3.40670335,0.23447107,0.12245993,0.00628580,0.05136043,0.00000000,0.00000000,0.00889153
3.41270635,0.23505930,0.12276715,0.00630157,0.05148928,0.00000000,0.00000000,0.00891384
3.41870935,0.23395674,0.12219130,0.00627201,0.05124777,0.00000000,0.00000000,0.00887203
3.42471236,0.23118712,0.12074478,0.00619776,0.05064109,0.00000000,0.00000000,0.00876700
3.43071536,0.22680972,0.11845855,0.00608041,0.04968223,0.00000000,0.00000000,0.00860100
3.43671836,0.22091726,0.11538102,0.00592244,0.04839149,0.00000000,0.00000000,0.00837755
3.44272136,0.21363262,0.11157639,0.00572715,0.04679581,0.00000000,0.00000000,0.00810130
3.44872436,0.20510463,0.10712238,0.00549853,0.04492777,0.00000000,0.00000000,0.00777791
3.45472736,0.19550294,0.10210759,0.00524112,0.04282454,0.00000000,0.00000000,0.00741380
3.46073037,0.18501250,0.09662863,0.00495989,0.04052663,0.00000000,0.00000000,0.00701598
3.46673337,0.17382763,0.09078698,0.00466004,0.03807660,0.00000000,0.00000000,0.00659183
3.47273637,0.16214609,0.08468593,0.00434688,0.03551779,0.00000000,0.00000000,0.00614885
3.47873937,0.15016341,0.07842759,0.00402564,0.03289300,0.00000000,0.00000000,0.00569445
3.48474237,0.13806758,0.07211016,0.00370137,0.03024343,0.00000000,0.00000000,0.00523575
3.49074537,0.12603445,0.06582548,0.00337878,0.02760760,0.00000000,0.00000000,0.00477943
3.49674837,0.11422384,0.05965701,0.00306216,0.02502051,0.00000000,0.00000000,0.00433156
3.50275138,0.10277659,0.05367832,0.00275528,0.02251301,0.00000000,0.00000000,0.00389746
3.50875438,0.09181245,0.04795196,0.00246135,0.02011134,0.00000000,0.00000000,0.00348168
3.51475738,0.08142897,0.04252885,0.00218298,0.01783686,0.00000000,0.00000000,0.00308792
3.52076038,0.07170117,0.03744820,0.00192219,0.01570600,0.00000000,0.00000000,0.00271903
3.52676338,0.06268209,0.03273770,0.00168041,0.01373039,0.00000000,0.00000000,0.00237701
3.53276638,0.05440398,0.02841420,0.00145848,0.01191709,0.00000000,0.00000000,0.00206309
3.53876938,0.04688002,0.02448458,0.00125678,0.01026898,0.00000000,0.00000000,0.00177777
3.54477239,0.04010651,0.02094690,0.00107519,0.00878525,0.00000000,0.00000000,0.00152091
3.55077539,0.03406528,0.01779167,0.00091324,0.00746193,0.00000000,0.00000000,0.00129181
3.55677839,0.02872625,0.01500319,0.00077011,0.00629243,0.00000000,0.00000000,0.00108935
3.56278139,0.02405005,0.01256090,0.00064474,0.00526812,0.00000000,0.00000000,0.00091202
3.56878439,0.01999046,0.01044065,0.00053591,0.00437887,0.00000000,0.00000000,0.00075807
3.57478739,0.01649680,0.00861598,0.00044225,0.00361359,0.00000000,0.00000000,0.00062559
3.58079040,0.01351595,0.00705913,0.00036234,0.00296064,0.00000000,0.00000000,0.00051255
3.58679340,0.01099419,0.00574206,0.00029474,0.00240826,0.00000000,0.00000000,0.00041692
3.59279640,0.00887871,0.00463719,0.00023802,0.00194486,0.00000000,0.00000000,0.00033670
3.59879940,0.00711880,0.00371802,0.00019084,0.00155936,0.00000000,0.00000000,0.00026996
3.60480240,0.00566674,0.00295963,0.00015192,0.00124129,0.00000000,0.00000000,0.00021489
3.61080540,0.00447847,0.00233902,0.00012006,0.00098100,0.00000000,0.00000000,0.00016983
3.61680840,0.00351396,0.00183527,0.00009420,0.00076973,0.00000000,0.00000000,0.00013326
3.62281141,0.00273737,0.00142968,0.00007338,0.00059962,0.00000000,0.00000000,0.00010381
3.62881441,0.00211709,0.00110572,0.00005676,0.00046375,0.00000000,0.00000000,0.00008028
3.63481741,0.00162561,0.00084902,0.00004358,0.00035609,0.00000000,0.00000000,0.00006165
3.64082041,0.00123926,0.00064724,0.00003322,0.00027146,0.00000000,0.00000000,0.00004699
3.64682341,0.00093795,0.00048987,0.00002514,0.00020546,0.00000000,0.00000000,0.00003557
3.65282641,0.00070481,0.00036810,0.00001889,0.00015439,0.00000000,0.00000000,0.00002673
3.65882941,0.00052581,0.00027462,0.00001410,0.00011518,0.00000000,0.00000000,0.00001994
3.66483242,0.00038947,0.00020340,0.00001044,0.00008532,0.00000000,0.00000000,0.00001477
3.67083542,0.00028641,0.00014957,0.00000768,0.00006275,0.00000000,0.00000001,0.00001086
3.67683842,0.00020913,0.00010920,0.00000561,0.00004583,0.00000000,0.00000001,0.00000793
3.68284142,0.00015163,0.00007915,0.00000406,0.00003324,0.00000000,0.00000002,0.00000575
3.68884442,0.00010919,0.00005696,0.00000292,0.00002396,0.00000000,0.00000003,0.00000414
3.69484742,0.00007812,0.00004070,0.00000209,0.00001718,0.00000000,0.00000004,0.00000295
3.70085043,0.00005558,0.00002887,0.00000148,0.00001229,0.00000000,0.00000006,0.00000210
3.70685343,0.00003940,0.00002033,0.00000104,0.00000880,0.00000000,0.00000010,0.00000148
3.71285643,0.00002794,0.00001422,0.00000073,0.00000637,0.00000000,0.00000015,0.00000103
3.71885943,0.00001998,0.00000988,0.00000051,0.00000475,0.00000000,0.00000022,0.00000072
3.72486243,0.00001464,0.00000681,0.00000035,0.00000377,0.00000000,0.00000033,0.00000049
3.73086543,0.00001130,0.00000467,0.00000024,0.00000331,0.00000000,0.00000048,0.00000034
3.73686843,0.00000957,0.00000319,0.00000017,0.00000332,0.00000000,0.00000071,0.00000023
3.74287144,0.00000920,0.00000218,0.00000012,0.00000380,0.00000000,0.00000103,0.00000015
3.74887444,0.00001014,0.00000149,0.00000008,0.00000480,0.00000000,0.00000150,0.00000010
3.75487744,0.00001245,0.00000104,0.00000006,0.00000643,0.00000000,0.00000215,0.00000007
3.76088044,0.00001636,0.00000076,0.00000005,0.00000886,0.00000000,0.00000306,0.00000005
3.76688344,0.00002225,0.00000060,0.00000005,0.00001234,0.00000000,0.00000434,0.00000003
3.77288644,0.00003067,0.00000053,0.00000006,0.00001721,0.00000000,0.00000610,0.00000002
3.77888944,0.00004241,0.00000054,0.00000007,0.00002393,0.00000000,0.00000850,0.00000001
3.78489245,0.00005850,0.00000062,0.00000009,0.00003310,0.00000000,0.00001178,0.00000001
3.79089545,0.00008030,0.00000077,0.00000011,0.00004548,0.00000000,0.00001620,0.00000001
3.79689845,0.00010953,0.00000101,0.00000015,0.00006208,0.00000000,0.00002212,0.00000000
3.80290145,0.00014842,0.00000133,0.00000021,0.00008414,0.00000000,0.00002999,0.00000000
3.80890445,0.00019971,0.00000177,0.00000028,0.00011323,0.00000000,0.00004036,0.00000000
3.81490745,0.00026682,0.00000235,0.00000037,0.00015129,0.00000000,0.00005392,0.00000000
3.82091046,0.00035394,0.00000311,0.00000049,0.00020070,0.00000000,0.00007153,0.00000000
3.82691346,0.00046615,0.00000410,0.00000064,0.00026432,0.00000000,0.00009421,0.00000000
3.83291646,0.00060952,0.00000535,0.00000084,0.00034562,0.00000000,0.00012319,0.00000000
3.83891946,0.00079128,0.00000695,0.00000109,0.00044869,0.00000000,0.00015992,0.00000000
3.84492246,0.00101985,0.00000896,0.00000140,0.00057830,0.00000000,0.00020612,0.00000000
3.85092546,0.00130502,0.00001146,0.00000179,0.00074000,0.00000000,0.00026375,0.00000000
3.85692846,0.00165794,0.00001457,0.00000228,0.00094012,0.00000000,0.00033508,0.00000000
3.86293147,0.00209117,0.00001838,0.00000287,0.00118577,0.00000000,0.00042263,0.00000000
3.86893447,0.00261867,0.00002302,0.00000360,0.00148488,0.00000000,0.00052924,0.00000000
3.87493747,0.00325568,0.00002863,0.00000447,0.00184609,0.00000000,0.00065798,0.00000000
3.88094047,0.00401858,0.00003536,0.00000552,0.00227867,0.00000001,0.00081216,0.00000000
3.88694347,0.00492464,0.00004336,0.00000676,0.00279243,0.00000001,0.00099528,0.00000000
3.89294647,0.00599166,0.00005281,0.00000823,0.00339744,0.00000002,0.00121092,0.00000000
3.89894947,0.00723753,0.00006387,0.00000994,0.00410385,0.00000003,0.00146270,0.00000000
3.90495248,0.00867969,0.00007673,0.00001192,0.00492155,0.00000004,0.00175414,0.00000000
3.91095548,0.01033452,0.00009155,0.00001420,0.00585979,0.00000006,0.00208855,0.00000001
3.91695848,0.01221652,0.00010854,0.00001679,0.00692679,0.00000010,0.00246885,0.00000001
3.92296148,0.01433764,0.00012785,0.00001971,0.00812928,0.00000015,0.00289744,0.00000002
3.92896448,0.01670633,0.00014971,0.00002297,0.00947202,0.00000023,0.00337603,0.00000003
3.93496748,0.01932675,0.00017429,0.00002658,0.01095729,0.00000036,0.00390542,0.00000005
3.94097049,0.02219792,0.00020186,0.00003054,0.01258445,0.00000054,0.00448538,0.00000007
3.94697349,0.02531299,0.00023269,0.00003485,0.01434946,0.00000082,0.00511448,0.00000011
3.95297649,0.02865859,0.00026718,0.00003948,0.01624456,0.00000122,0.00578995,0.00000017
3.95897949,0.03221435,0.00030585,0.00004442,0.01825791,0.00000182,0.00650758,0.00000026
3.96498249,0.03595272,0.00034945,0.00004965,0.02037349,0.00000269,0.00726166,0.00000040
3.97098549,0.03983892,0.00039904,0.00005511,0.02257105,0.00000394,0.00804497,0.00000059
3.97698849,0.04383129,0.00045613,0.00006078,0.02482621,0.00000574,0.00884883,0.00000088
3.98299150,0.04788195,0.00052289,0.00006660,0.02711080,0.00000831,0.00966321,0.00000130
3.98899450,0.05193780,0.00060229,0.00007255,0.02939334,0.00001194,0.01047689,0.00000191
3.99499750,0.05594185,0.00069851,0.00007857,0.03163963,0.00001703,0.01127768,0.00000278
4.00100050,0.05983493,0.00081719,0.00008465,0.03381366,0.00002413,0.01205276,0.00000402
4.00700350,0.06355767,0.00096597,0.00009079,0.03587848,0.00003395,0.01278897,0.00000577
4.01300650,0.06705278,0.00115498,0.00009700,0.03779731,0.00004744,0.01347319,0.00000823
4.01900950,0.07026749,0.00139755,0.00010335,0.03953467,0.00006585,0.01409279,0.00001165
4.02501251,0.07315622,0.00171100,0.00010994,0.04105753,0.00009077,0.01463599,0.00001639
4.03101551,0.07568325,0.00211755,0.00011696,0.04233648,0.00012426,0.01509228,0.00002290
4.03701851,0.07782541,0.00264543,0.00012466,0.04334678,0.00016895,0.01545283,0.00003178
4.04302151,0.07957473,0.00333014,0.00013340,0.04406938,0.00022816,0.01571079,0.00004380
4.04902451,0.08094086,0.00421582,0.00014365,0.04449170,0.00030602,0.01586161,0.00005996
4.05502751,0.08195341,0.00535679,0.00015604,0.04460826,0.00040767,0.01590322,0.00008153
4.06103052,0.08266387,0.00681926,0.00017134,0.04442113,0.00053941,0.01583621,0.00011011
4.06703352,0.08314733,0.00868308,0.00019056,0.04394008,0.00070893,0.01566382,0.00014772
4.07303652,0.08350385,0.01104358,0.00021488,0.04318257,0.00092544,0.01539200,0.00019685
4.07903952,0.08385939,0.01401340,0.00024578,0.04217347,0.00119998,0.01502920,0.00026057
4.08504252,0.08436639,0.01772425,0.00028502,0.04094462,0.00154555,0.01458628,0.00034263
4.09104552,0.08520397,0.02232850,0.00033465,0.03953412,0.00197735,0.01407618,0.00044756
4.09704852,0.08657764,0.02800049,0.00039710,0.03798562,0.00251297,0.01351365,0.00058077
4.10305153,0.08871859,0.03493747,0.00047517,0.03634735,0.00317249,0.01291490,0.00074866
4.10905453,0.09188248,0.04335998,0.00057205,0.03467121,0.00397862,0.01229727,0.00095878
4.11505753,0.09634775,0.05351163,0.00069135,0.03301173,0.00495674,0.01167880,0.00121984
4.12106053,0.10241321,0.06565799,0.00083711,0.03142510,0.00613478,0.01107790,0.00154190
4.12706353,0.11039521,0.08008462,0.00101380,0.02996819,0.00754315,0.01051297,0.00193634
4.13306653,0.12062386,0.09709401,0.00122627,0.02869763,0.00921444,0.01000213,0.00241597
4.13906953,0.13343863,0.11700137,0.00147975,0.02766897,0.01118299,0.00956284,0.00299498
4.14507254,0.14918310,0.14012923,0.00177982,0.02693585,0.01348441,0.00921171,0.00368892
4.15107554,0.16819872,0.16680077,0.00213227,0.02654926,0.01615487,0.00896423,0.00451457
4.15707854,0.19081777,0.19733191,0.00254306,0.02655687,0.01923024,0.00883455,0.00548977
4.16308154,0.21735542,0.23202235,0.00301820,0.02700232,0.02274511,0.00883536,0.00663314
4.16908454,0.24810088,0.27114552,0.00356358,0.02792458,0.02673173,0.00897767,0.00796382
4.17508754,0.28330792,0.31493773,0.00418481,0.02935730,0.03121868,0.00927065,0.00950098
4.18109055,0.32318476,0.36358687,0.00488707,0.03132809,0.03622963,0.00972154,0.01126334
4.18709355,0.36788369,0.41722073,0.00567487,0.03385788,0.04178193,0.01033543,0.01326861
4.19309655,0.41749061,0.47589561,0.00655184,0.03696015,0.04788526,0.01111514,0.01553281
4.19909955,0.47201484,0.53958541,0.00752051,0.04064025,0.05454027,0.01206105,0.01806954
4.20510255,0.53137967,0.60817163,0.00858206,0.04489467,0.06173739,0.01317090,0.02088926
4.21110555,0.59541397,0.68143495,0.00973616,0.04971040,0.06945568,0.01443972,0.02399849
4.21710855,0.66384533,0.75904853,0.01098067,0.05506429,0.07766202,0.01585957,0.02739906
4.22311156,0.73629517,0.84057371,0.01231154,0.06092270,0.08631047,0.01741952,0.03108736
4.22911456,0.81227630,0.92545831,0.01372263,0.06724113,0.09534201,0.01910550,0.03505372
4.23511756,0.89119319,1.01303797,0.01520559,0.07396425,0.10468456,0.02090033,0.03928189
4.24112056,0.97234532,1.10254071,0.01674986,0.08102604,0.11425346,0.02278375,0.04374866
4.24712356,1.05493389,1.19309491,0.01834261,0.08835042,0.12395233,0.02473254,0.04842368
4.25312656,1.13807193,1.28374074,0.01996892,0.09585206,0.13367434,0.02672077,0.05326954
4.25912956,1.22079786,1.37344503,0.02161183,0.10343760,0.14330385,0.02872014,0.05824206
4.26513257,1.30209235,1.46111930,0.02325266,0.11100731,0.15271852,0.03070041,0.06329087
4.27113557,1.38089824,1.54564071,0.02487126,0.11845692,0.16179165,0.03262997,0.06836026
4.27713857,1.45614307,1.62587556,0.02644641,0.12567991,0.17039482,0.03447645,0.07339034
4.28314157,1.52676371,1.70070463,0.02795628,0.13256997,0.17840080,0.03620748,0.07831840
4.28914457,1.59173234,1.76904976,0.02937888,0.13902364,0.18568652,0.03779148,0.08308055
4.29514757,1.65008305,1.82990097,0.03069266,0.14494304,0.19213604,0.03919845,0.08761350
4.30115058,1.70093819,1.88234312,0.03187702,0.15023866,0.19764358,0.04040083,0.09185644
4.30715358,1.74353342,1.92558138,0.03291290,0.15483193,0.20211624,0.04137429,0.09575304
4.31315658,1.77724070,1.95896436,0.03378332,0.15865767,0.20547655,0.04209845,0.09925331
4.31915958,1.80158803,1.98200431,0.03447393,0.16166612,0.20766463,0.04255753,0.10231540
4.32516258,1.81627532,1.99439319,0.03497342,0.16382466,0.20863995,0.04274087,0.10490719
4.33116558,1.82118544,1.99601410,0.03527389,0.16511890,0.20838255,0.04264326,0.10700754
4.33716858,1.81638996,1.98694742,0.03537120,0.16555327,0.20689371,0.04226517,0.10860722
4.34317159,1.80214904,1.96747104,0.03526505,0.16515097,0.20419605,0.04161271,0.10970936
4.34917459,1.77890538,1.93805475,0.03495909,0.16395328,0.20033305,0.04069750,0.11032948
4.35517759,1.74727219,1.89934851,0.03446082,0.16201818,0.19536793,0.03953624,0.11049496
4.36118059,1.70801551,1.85216505,0.03378136,0.15941848,0.18938204,0.03815025,0.11024406
4.36718359,1.66203143,1.79745718,0.03293516,0.15623929,0.18247273,0.03656478,0.10962441
4.37318659,1.61031897,1.73629072,0.03193956,0.15257513,0.17475078,0.03480820,0.10869119
4.37918959,1.55394963,1.66981377,0.03081423,0.14852666,0.16633754,0.03291117,0.10750481
4.38519260,1.49403483,1.59922372,0.02958059,0.14419726,0.15736183,0.03090572,0.10612849
4.39119560,1.43169240,1.52573312,0.02826119,0.13968944,0.14795671,0.02882431,0.10462561
4.39719860,1.36801360,1.45053572,0.02687900,0.13510147,0.13825627,0.02669902,0.10305709
4.40320160,1.30403186,1.37477422,0.02545677,0.13052414,0.12839253,0.02456063,0.10147886
4.40920460,1.24069470,1.29951068,0.02401641,0.12603793,0.11849255,0.02243799,0.09993956
4.41520760,1.17883966,1.22570108,0.02257842,0.12171060,0.10867588,0.02035735,0.09847865
4.42121061,1.11917544,1.15417469,0.02116138,0.11759548,0.09905231,0.01834190,0.09712491
4.42721361,1.06226871,1.08561919,0.01978160,0.11373027,0.08972018,0.01641143,0.09589547
4.43321661,1.00853717,1.02057183,0.01845283,0.11013664,0.08076507,0.01458215,0.09479543
4.43921961,0.95824880,0.95941684,0.01718605,0.10682043,0.07225905,0.01286659,0.09381806
4.44522261,0.91152719,0.90238895,0.01598949,0.10377257,0.06426037,0.01127370,0.09294562
4.45122561,0.86836246,0.84958254,0.01486862,0.10097061,0.05681361,0.00980902,0.09215061
4.45722861,0.82862704,0.80096581,0.01382637,0.09838068,0.04995031,0.00847493,0.09139761
4.46323162,0.79209532,0.75639898,0.01286334,0.09595998,0.04368987,0.00727098,0.09064540
4.46923462,0.75846616,0.71565554,0.01197813,0.09365945,0.03804079,0.00619430,0.08984934
4.47523762,0.72738697,0.67844534,0.01116770,0.09142659,0.03300212,0.00524000,0.08896393
4.48124062,0.69847824,0.64443839,0.01042777,0.08920834,0.02856501,0.00440158,0.08794531
4.48724362,0.67135727,0.61328812,0.00975321,0.08695373,0.02471438,0.00367132,0.08675368
4.49324662,0.64566006,0.58465313,0.00913842,0.08461638,0.02143049,0.00304072,0.08535536
4.49924962,0.62106039,0.55821643,0.00857772,0.08215655,0.01869052,0.00250079,0.08372469
4.50525263,0.59728543,0.53370147,0.00806562,0.07954279,0.01646996,0.00204241,0.08184527
4.51125563,0.57412728,0.51088433,0.00759711,0.07675314,0.01474384,0.00165656,0.07971095
4.51725863,0.55145019,0.48960186,0.00716787,0.07377571,0.01348773,0.00133454,0.07732608
4.52326163,0.52919345,0.46975559,0.00677436,0.07060886,0.01267854,0.00106813,0.07470546
4.52926463,0.50737009,0.45131164,0.00641394,0.06726084,0.01229509,0.00084974,0.07187365
4.53526763,0.48606188,0.43429689,0.00608485,0.06374902,0.01231844,0.00067248,0.06886397
4.54127064,0.46541102,0.41879192,0.00578620,0.06009878,0.01273203,0.00053018,0.06571706
4.54727364,0.44560942,0.40492141,0.00551784,0.05634207,0.01352162,0.00041747,0.06247925
4.55327664,0.42688631,0.39284278,0.00528031,0.05251590,0.01467517,0.00032973,0.05920073
4.55927964,0.40949485,0.38273376,0.00507465,0.04866064,0.01618252,0.00026308,0.05593366
4.56528264,0.39369886,0.37477984,0.00490228,0.04481843,0.01803517,0.00021439,0.05273032
4.57128564,0.37976021,0.36916223,0.00476485,0.04103158,0.02022594,0.00018120,0.04964137
4.57728864,0.36792769,0.36604724,0.00466410,0.03734122,0.02274881,0.00016172,0.04671441
4.58329165,0.35842796,0.36557760,0.00460181,0.03378610,0.02559879,0.00015476,0.04399266
4.58929465,0.35145894,0.36786610,0.00457962,0.03040170,0.02877203,0.00015974,0.04151411
4.59529765,0.34718599,0.37299217,0.00459910,0.02721953,0.03226600,0.00017664,0.03931092
4.60130065,0.34574091,0.38100125,0.00466164,0.02426683,0.03607997,0.00020597,0.03740920
4.60730365,0.34722376,0.39190709,0.00476855,0.02156634,0.04021561,0.00024877,0.03582915
4.61330665,0.35170723,0.40569683,0.00492106,0.01913652,0.04467778,0.00030658,0.03458544
4.61930965,0.35924305,0.42233830,0.00512045,0.01699174,0.04947544,0.00038143,0.03368791
4.62531266,0.36986996,0.44178913,0.00536811,0.01514282,0.05462261,0.00047581,0.03314243
4.63131566,0.38362266,0.46400690,0.00566564,0.01359751,0.06013932,0.00059265,0.03295189
4.63731866,0.40054069,0.48895958,0.00601501,0.01236108,0.06605237,0.00073530,0.03311721
4.64332166,0.42067670,0.51663536,0.00641855,0.01143695,0.07239591,0.00090747,0.03363834
4.64932466,0.44410323,0.54705090,0.00687910,0.01082715,0.07921165,0.00111316,0.03451513
4.65532766,0.47091706,0.58025730,0.00739994,0.01053283,0.08654857,0.00135661,0.03574804
4.66133067,0.50124073,0.61634278,0.00798480,0.01055456,0.09446205,0.00164219,0.03733855
4.66733367,0.53522047,0.65543167,0.00863775,0.01089253,0.10301237,0.00197429,0.03928936
4.67333667,0.57302028,0.69767895,0.00936304,0.01154658,0.11226254,0.00235716,0.04160418
4.67933967,0.61481213,0.74326053,0.01016486,0.01251614,0.12227529,0.00279481,0.04428727
4.68534267,0.66076216,0.79235894,0.01104707,0.01379996,0.13310957,0.00329078,0.04734258
4.69134567,0.71101366,0.84514515,0.01201284,0.01539579,0.14481628,0.00384803,0.05077270
4.69734867,0.76566713,0.90175695,0.01306430,0.01729993,0.15743372,0.00446871,0.05457746
4.70335168,0.82475870,0.96227513,0.01420208,0.01950674,0.17098269,0.00515401,0.05875248
4.70935468,0.88823779,1.02669849,0.01542495,0.02200818,0.18546162,0.00590400,0.06328758
4.71535768,0.95594557,1.09491929,0.01672942,0.02479328,0.20084198,0.00671749,0.06816524
4.72136068,1.02759549,1.16670063,0.01810939,0.02784781,0.21706424,0.00759192,0.07335922
4.72736368,1.10275747,1.24165752,0.01955589,0.03115394,0.23403468,0.00852328,0.07883337
4.73336668,1.18084694,1.31924299,0.02105690,0.03469012,0.25162333,0.00950614,0.08454089
4.73936968,1.26112020,1.39874086,0.02259732,0.03843110,0.26966335,0.01053363,0.09042391
4.74537269,1.34267672,1.47926610,0.02415901,0.04234812,0.28795193,0.01159756,0.09641372
4.75137569,1.42446931,1.55977359,0.02572107,0.04640926,0.30625291,0.01268856,0.10243140
4.75737869,1.50532207,1.63907562,0.02726016,0.05058004,0.32430111,0.01379629,0.10838916
4.76338169,1.58395608,1.71586785,0.02875106,0.05482409,0.34180834,0.01490969,0.11419213
4.76938469,1.65902196,1.78876309,0.03016729,0.05910394,0.35847094,0.01601726,0.11974075
4.77538769,1.72913824,1.85633171,0.03148187,0.06338192,0.37397847,0.01710738,0.12493345
4.78139070,1.79293394,1.91714698,0.03266812,0.06762105,0.38802339,0.01816862,0.12966974
4.78739370,1.84909356,1.96983342,0.03370059,0.07178586,0.40031116,0.01919007,0.13385344
4.79339670,1.89640220,2.01311585,0.03455586,0.07584319,0.41057046,0.02016165,0.13739589
4.79939970,1.93378900,2.04586681,0.03521345,0.07976278,0.41856283,0.02107435,0.14021906
4.80540270,1.96036634,2.06714997,0.03565651,0.08351770,0.42409151,0.02192042,0.14225837
4.81140570,1.97546318,2.07625742,0.03587248,0.08708460,0.42700883,0.02269360,0.14346505
4.81740870,1.97865071,2.07273886,0.03585364,0.09044373,0.42722199,0.02338913,0.14380796
4.82341171,1.96975907,2.05642131,0.03559735,0.09357867,0.42469670,0.02400382,0.14327479
4.82941471,1.94888438,2.02741840,0.03510624,0.09647603,0.41945869,0.02453600,0.14187250
4.83541771,1.91638584,1.98612882,0.03438813,0.09912484,0.41159304,0.02498543,0.13962717
4.84142071,1.87287315,1.93322416,0.03345579,0.10151600,0.40124118,0.02535319,0.13658298
4.84742371,1.81918506,1.86962694,0.03232654,0.10364156,0.38859595,0.02564149,0.13280074
4.85342671,1.75636035,1.79648001,0.03102164,0.10549417,0.37389488,0.02585357,0.12835576
4.85942971,1.68560281,1.71510917,0.02956561,0.10706659,0.35741209,0.02599353,0.12333536
4.86543272,1.60824219,1.62698081,0.02798547,0.10835139,0.33944916,0.02606620,0.11783606
4.87143572,1.52569306,1.53365695,0.02630987,0.10934088,0.32032549,0.02607716,0.11196066
4.87743872,1.43941361,1.43674971,0.02456828,0.11002735,0.30036858,0.02603267,0.10581531
4.88344172,1.35086644,1.33787735,0.02279019,0.11040356,0.27990465,0.02593981,0.09950676
4.88944472,1.26148281,1.23862385,0.02100431,0.11046353,0.25925003,0.02580658,0.09313980
4.89544772,1.17263184,1.14050350,0.01923798,0.11020355,0.23870359,0.02564215,0.08681516
4.90145073,1.08559569,1.04493163,0.01751656,0.10962350,0.21854049,0.02545715,0.08062774
4.90745373,1.00155109,0.95320240,0.01586305,0.10872814,0.19900742,0.02526392,0.07466536
4.91345673,0.92155751,0.86647361,0.01429778,0.10752861,0.18031939,0.02507695,0.06900793
4.91945973,0.84655169,0.78575873,0.01283826,0.10604380,0.16265802,0.02491310,0.06372712
4.92546273,0.77734780,0.71192525,0.01149912,0.10430160,0.14617131,0.02479198,0.05888631
4.93146573,0.71464240,0.64569874,0.01029222,0.10233995,0.13097462,0.02473617,0.05454097
4.93746873,0.65902304,0.58767126,0.00922673,0.10020752,0.11715276,0.02477136,0.05073919
4.94347174,0.61097918,0.53831297,0.00830943,0.09796413,0.10476290,0.02492637,0.04752235
4.94947474,0.57091430,0.49798555,0.00754489,0.09568057,0.09383799,0.02523314,0.04492581
4.95547774,0.53915773,0.46695597,0.00693581,0.09343810,0.08439056,0.02572638,0.04297956
4.96148074,0.51597527,0.44540949,0.00648325,0.09132741,0.07641649,0.02644329,0.04170872
4.96748374,0.50157749,0.43346086,0.00618692,0.08944709,0.06989868,0.02742290,0.04113384
4.97348674,0.49612520,0.43116268,0.00604535,0.08790173,0.06481034,0.02870542,0.04127090
4.97948974,0.49973148,0.43851057,0.00605605,0.08679957,0.06111784,0.03033137,0.04213108
4.98549275,0.51246010,0.45544481,0.00621566,0.08624985,0.05878290,0.03234054,0.04372026
4.99149575,0.53432069,0.48184840,0.00651994,0.08635986,0.05776423,0.03477091,0.04603826
4.99749875,0.56526070,0.51754193,0.00696381,0.08723189,0.05801847,0.03765745,0.04907787
5.00350175,0.60515502,0.56227583,0.00754125,0.08896002,0.05950054,0.04103085,0.05282376
5.00950475,0.65379395,0.61572071,0.00824524,0.09162696,0.06216342,0.04491626,0.05725136
5.01550775,0.71087051,0.67745680,0.00906766,0.09530092,0.06595748,0.04933198,0.06232575
5.02151076,0.77596815,0.74696351,0.00999910,0.10003276,0.07082943,0.05428828,0.06800073
5.02751376,0.84854985,0.82361024,0.01102884,0.10585329,0.07672107,0.05978625,0.07421813
5.03351676,0.92794978,0.90664948,0.01214472,0.11277107,0.08356790,0.06581679,0.08090742
5.03951976,1.01336841,0.99521323,0.01333309,0.12077051,0.09129777,0.07235978,0.08798575
5.04552276,1.10387184,1.08831359,0.01457885,0.12981057,0.09982970,0.07938345,0.09535853
5.05152576,1.19839618,1.18484813,0.01586552,0.13982405,0.10907295,0.08684392,0.10292040
5.05752876,1.29575706,1.28361054,0.01717539,0.15071744,0.11892648,0.09468513,0.11055684
5.06353177,1.39466482,1.38330661,0.01848973,0.16237156,0.12927887,0.10283899,0.11814622
5.06953477,1.49374493,1.48257552,0.01978909,0.17464283,0.14000879,0.11122580,0.12556236
5.07553777,1.59156341,1.58001593,0.02105367,0.18736534,0.15098598,0.11975514,0.13267742
5.08154077,1.68665658,1.67421616,0.02226372,0.20035361,0.16207290,0.12832696,0.13936514
5.08754377,1.77756423,1.76378763,0.02339999,0.21340604,0.17312687,0.13683312,0.14550425
5.09354677,1.86286514,1.84740031,0.02444418,0.22630900,0.18400281,0.14515918,0.15098186
5.09954977,1.94121366,1.92381890,0.02537949,0.23884148,0.19455640,0.15318656,0.15569681
5.10555278,2.01137597,1.99193829,0.02619098,0.25078019,0.20464759,0.16079490,0.15956273
5.11155578,2.07226479,2.05081705,0.02686607,0.26190488,0.21414439,0.16786472,0.16251075
5.11755878,2.12297093,2.09970724,0.02739490,0.27200397,0.22292673,0.17428013,0.16449168
5.12356178,2.16279055,2.13807951,0.02777059,0.28087994,0.23089023,0.17993176,0.16547757
5.12956478,2.19124692,2.16564216,0.02798949,0.28835467,0.23794979,0.18471953,0.16546265
5.13556778,2.20810567,2.18235330,0.02805131,0.29427434,0.24404271,0.18855546,0.16446345
5.14157079,2.21338289,2.18842534,0.02795906,0.29851363,0.24913120,0.19136616,0.16251828
5.14757379,2.20734553,2.18432142,0.02771905,0.30097936,0.25320425,0.19309516,0.15968591
5.15357679,2.19050392,2.17074361,0.02734064,0.30161305,0.25627843,0.19370470,0.15604361
5.15957979,2.16359659,2.14861315,0.02683596,0.30039256,0.25839792,0.19317721,0.15168466
5.16558279,2.12756771,2.11904313,0.02621954,0.29733263,0.25963325,0.19151609,0.14671527
5.17158579,2.08353794,2.08330432,0.02550786,0.29248432,0.26007911,0.18874601,0.14125120
5.17758879,2.03276956,2.04278545,0.02471883,0.28593324,0.25985104,0.18491257,0.13541418
5.18359180,1.97662703,1.99894891,0.02387123,0.27779687,0.25908114,0.18008126,0.12932814
5.18959480,1.91653451,1.95328352,0.02298419,0.26822088,0.25791294,0.17433592,0.12311557
5.19559780,1.85393161,1.90725603,0.02207656,0.25737459,0.25649560,0.16777653,0.11689401
5.20160080,1.79022903,1.86226289,0.02116641,0.24544594,0.25497769,0.16051667,0.11077287
5.20760380,1.72676578,1.81958417,0.02027050,0.23263595,0.25350078,0.15268041,0.10485056
5.21360680,1.66476931,1.78034135,0.01940382,0.21915295,0.25219313,0.14439905,0.09921220
5.21960980,1.60532018,1.74546046,0.01857921,0.20520698,0.25116383,0.13580766,0.09392780
5.22561281,1.54932248,1.71564215,0.01780710,0.19100421,0.25049764,0.12704156,0.08905103
5.23161581,1.49748106,1.69133984,0.01709521,0.17674195,0.25025071,0.11823294,0.08461859
5.23761881,1.45028631,1.67274691,0.01644855,0.16260415,0.25044760,0.10950766,0.08065018
5.24362181,1.40800723,1.65979342,0.01586931,0.14875768,0.25107966,0.10098239,0.07714901
5.24962481,1.37069259,1.65215273,0.01535703,0.13534937,0.25210479,0.09276208,0.07410286
5.25562781,1.33818037,1.64925762,0.01490870,0.12250394,0.25344889,0.08493803,0.07148555
5.26163082,1.31011473,1.65032555,0.01451910,0.11032284,0.25500869,0.07758632,0.06925887
5.26763382,1.28596985,1.65439179,0.01418106,0.09888390,0.25665597,0.07076692,0.06737474
5.27363682,1.26507943,1.66034936,0.01388591,0.08824177,0.25824305,0.06452322,0.06577766
5.27963982,1.24667051,1.66699385,0.01362387,0.07842907,0.25960912,0.05888215,0.06440718
5.28564282,1.22990026,1.67307147,0.01338453,0.06945815,0.26058726,0.05385473,0.06320048
5.29164582,1.21389387,1.67732814,0.01315726,0.06132323,0.26101180,0.04943705,0.06209484
5.29764882,1.19778215,1.67855771,0.01293172,0.05400297,0.26072555,0.04561165,0.06102992
5.30365183,1.18073713,1.67564711,0.01269817,0.04746312,0.25958668,0.04234912,0.05994987
5.30965483,1.16200430,1.66761679,0.01244794,0.04165931,0.25747489,0.03960994,0.05880507
5.31565783,1.14093017,1.65365475,0.01217362,0.03653972,0.25429653,0.03734648,0.05755359
5.32166083,1.11698430,1.63314285,0.01186938,0.03204768,0.24998854,0.03550503,0.05616215
5.32766383,1.08977504,1.60567472,0.01153104,0.02812397,0.24452099,0.03402786,0.05460682
5.33366683,1.05905861,1.57106462,0.01115622,0.02470887,0.23789811,0.03285520,0.05287319
5.33966983,1.02474165,1.52934738,0.01074427,0.02174390,0.23015792,0.03192710,0.05095624
5.34567284,0.98687739,1.48076984,0.01029624,0.01917320,0.22137044,0.03118515,0.04885980
5.35167584,0.94565610,1.42577457,0.00981473,0.01694455,0.21163466,0.03057395,0.04659572
5.35767884,0.90139069,1.36497697,0.00930367,0.01501018,0.20107442,0.03004248,0.04418285
5.36368184,0.85449829,1.29913727,0.00876815,0.01332712,0.18983363,0.02954503,0.04164574
5.36968484,0.80547925,1.22912888,0.00821410,0.01185748,0.17807078,0.02904207,0.03901328
5.37568784,0.75489433,1.15590463,0.00764803,0.01056833,0.16595338,0.02850072,0.03631732
5.38169085,0.70334162,1.08046280,0.00707682,0.00943155,0.15365235,0.02789506,0.03359125
5.38769385,0.65143394,1.00381398,0.00650737,0.00842351,0.14133673,0.02720611,0.03086869
5.39369685,0.59977794,0.92695059,0.00594643,0.00752460,0.12916888,0.02642169,0.02818230
5.39969985,0.54895539,0.85081961,0.00540039,0.00671880,0.11730042,0.02553597,0.02556277
5.40570285,0.49950754,0.77629984,0.00487507,0.00599316,0.10586892,0.02454898,0.02303800
5.41170585,0.45192265,0.70418378,0.00437566,0.00533734,0.09499551,0.02346583,0.02063245
5.41770885,0.40662707,0.63516469,0.00390659,0.00474311,0.08478336,0.02229602,0.01836678
5.42371186,0.36397963,0.56982860,0.00347152,0.00420397,0.07531704,0.02105251,0.01625761
5.42971486,0.32426945,0.50865107,0.00307332,0.00371474,0.06666263,0.01975086,0.01431751
5.43571786,0.28771643,0.45199823,0.00271409,0.00327125,0.05886855,0.01840842,0.01255516
5.44172086,0.25447446,0.40013153,0.00239523,0.00287011,0.05196684,0.01704347,0.01097562
5.44772386,0.22463636,0.35321533,0.00211751,0.00250845,0.04597492,0.01567448,0.00958072
5.45372686,0.19824047,0.31132680,0.00188116,0.00218379,0.04089750,0.01431949,0.00836948
5.45972986,0.17527804,0.27446721,0.00168593,0.00189397,0.03672864,0.01299558,0.00733865
5.46573287,0.15570105,0.24257392,0.00153126,0.00163700,0.03345368,0.01171847,0.00648315
5.47173587,0.13943016,0.21553262,0.00141628,0.00141109,0.03105110,0.01050225,0.00579659
5.47773887,0.12636213,0.19318897,0.00133995,0.00121463,0.02949404,0.00935925,0.00527170
5.48374187,0.11637678,0.17535960,0.00130112,0.00104620,0.02875157,0.00830006,0.00490073
5.48974487,0.10934308,0.16184186,0.00129855,0.00090462,0.02878959,0.00733363,0.00467580
5.49574787,0.10512439,0.15242250,0.00133102,0.00078900,0.02957137,0.00646752,0.00458918
5.50175088,0.10358281,0.14688488,0.00139729,0.00069882,0.03105787,0.00570819,0.00463353
5.50775388,0.10458270,0.14501506,0.00149618,0.00063399,0.03320764,0.00506145,0.00480206
5.51375688,0.10799359,0.14660678,0.00162658,0.00059495,0.03597666,0.00453285,0.00508870
5.51975988,0.11369242,0.15146554,0.00178741,0.00058273,0.03931801,0.00412822,0.00548818
5.52576288,0.12156556,0.15941191,0.00197771,0.00059908,0.04318152,0.00385413,0.00599618
5.53176588,0.13151054,0.17028449,0.00219659,0.00064656,0.04751346,0.00371841,0.00660937
5.53776888,0.14343782,0.18394255,0.00244328,0.00072860,0.05225640,0.00373065,0.00732551
5.54377189,0.15727257,0.20026844,0.00271713,0.00084966,0.05734931,0.00390256,0.00814361
5.54977489,0.17295669,0.21917012,0.00301765,0.00101527,0.06272792,0.00424841,0.00906403
5.55577789,0.19045085,0.24058356,0.00334457,0.00123218,0.06832536,0.00478526,0.01008863
5.56178089,0.20973679,0.26447498,0.00369783,0.00150839,0.07407320,0.00553320,0.01122095
5.56778389,0.23081937,0.29084294,0.00407763,0.00185330,0.07990271,0.00651537,0.01246641
5.57378689,0.25372862,0.31971987,0.00448450,0.00227776,0.08574651,0.00775795,0.01383250
5.57978989,0.27852120,0.35117282,0.00491928,0.00279417,0.09154031,0.00928993,0.01532896
5.58579290,0.30528120,0.38530317,0.00538319,0.00341654,0.09722489,0.01114281,0.01696795
5.59179590,0.33412008,0.42224494,0.00587777,0.00416058,0.10274809,0.01335011,0.01876422
5.59779890,0.36517529,0.46216147,0.00640489,0.00504380,0.10806665,0.01594673,0.02073519
5.60380190,0.39860769,0.50524018,0.00696669,0.00608553,0.11314803,0.01896818,0.02290099
5.60980490,0.43459737,0.55168542,0.00756552,0.00730708,0.11797184,0.02244974,0.02528445
5.61580790,0.47333806,0.60170933,0.00820379,0.00873179,0.12253094,0.02642546,0.02791104
5.62181091,0.51503006,0.65552090,0.00888388,0.01038512,0.12683215,0.03092714,0.03080864
5.62781391,0.55987200,0.71331358,0.00960797,0.01229479,0.13089641,0.03598327,0.03400740
5.63381691,0.60805160,0.77525178,0.01037787,0.01449086,0.13475848,0.04161799,0.03753934
5.63981991,0.65973596,0.84145702,0.01119480,0.01700581,0.13846617,0.04785010,0.04143806
5.64582291,0.71506170,0.91199423,0.01205927,0.01987465,0.14207898,0.05469216,0.04573825
5.65182591,0.77412550,0.98685911,0.01297087,0.02313487,0.14566651,0.06214977,0.05047522
5.65782891,0.83697555,1.06596711,0.01392814,0.02682645,0.14930630,0.07022096,0.05568434
5.66383192,0.90360436,1.14914488,0.01492845,0.03099165,0.15308158,0.07889582,0.06140043
5.66983492,0.97394320,1.23612475,0.01596790,0.03567471,0.15707873,0.08815628,0.06765703
5.67583792,1.04785861,1.32654249,0.01704136,0.04092133,0.16138466,0.09797613,0.07448569
5.68184092,1.12515090,1.41993885,0.01814245,0.04677800,0.16608416,0.10832120,0.08191504
5.68784392,1.20555475,1.51576468,0.01926361,0.05329094,0.17125728,0.11914967,0.08996990
5.69384692,1.28874166,1.61338947,0.02039629,0.06050482,0.17697678,0.13041251,0.09867009
5.69984992,1.37432390,1.71211286,0.02153110,0.06846120,0.18330572,0.14205397,0.10802928
5.70585293,1.46185963,1.81117846,0.02265802,0.07719653,0.19029517,0.15401206,0.11805361
5.71185593,1.55085857,1.90978927,0.02376665,0.08673999,0.19798207,0.16621902,0.12874023
5.71785893,1.64078784,2.00712380,0.02484650,0.09711097,0.20638728,0.17860164,0.14007576
5.72386193,1.73107748,2.10235199,0.02588718,0.10831644,0.21551375,0.19108153,0.15203474
5.72986493,1.82112529,2.19465033,0.02687871,0.12034821,0.22534501,0.20357528,0.16457807
5.73586793,1.91030081,2.28321539,0.02781168,0.13318022,0.23584375,0.21599445,0.17765161
5.74187094,1.99794841,2.36727530,0.02867749,0.14676609,0.24695080,0.22824552,0.19118507
5.74787394,2.08338976,2.44609914,0.02946844,0.16103694,0.25858448,0.24022992,0.20509111
5.75387694,2.16592582,2.51900403,0.03017785,0.17589985,0.27064030,0.25184395,0.21926508
5.75987994,2.24483913,2.58536038,0.03080010,0.19123692,0.28299129,0.26297906,0.23358522
5.76588294,2.31939685,2.64459554,0.03133067,0.20690532,0.29548896,0.27352219,0.24791364
5.77188594,2.38885519,2.69619655,0.03176610,0.22273820,0.30796498,0.28335664,0.26209795
5.77788894,2.45246597,2.73971254,0.03210397,0.23854674,0.32023361,0.29236321,0.27597381
5.78389195,2.50948570,2.77475737,0.03234282,0.25412336,0.33209505,0.30042187,0.28936815
5.78989495,2.55918746,2.80101304,0.03248211,0.26924590,0.34333951,0.30741391,0.30210318
5.79589795,2.60087574,2.81823410,0.03252214,0.28368287,0.35375212,0.31322457,0.31400102
5.80190095,2.63390384,2.82625322,0.03246405,0.29719956,0.36311852,0.31774600,0.32488869
5.80790395,2.65769341,2.82498774,0.03230975,0.30956474,0.37123079,0.32088065,0.33460348
5.81390695,2.67175511,2.81444680,0.03206190,0.32055769,0.37789386,0.32254469,0.34299815
5.81990995,2.67570954,2.79473833,0.03172394,0.32997538,0.38293179,0.32267147,0.34994602
5.82591296,2.66930694,2.76607532,0.03130004,0.33763930,0.38619386,0.32121485,0.35534540
5.83191596,2.65244453,2.72878024,0.03079515,0.34340169,0.38756007,0.31815201,0.35912331
5.83791896,2.62517998,2.68328696,0.03021496,0.34715090,0.38694581,0.31348577,0.36123815
5.84392196,2.58774016,2.63013929,0.02956589,0.34881553,0.38430551,0.30724619,0.36168123
5.84992496,2.54052392,2.56998562,0.02885503,0.34836716,0.37963486,0.29949120,0.36047694
5.85592796,2.48409862,2.50356938,0.02809009,0.34582152,0.37297170,0.29030636,0.35768169
5.86193097,2.41919001,2.43171525,0.02727924,0.34123806,0.36439534,0.27980358,0.35338150
5.86793397,2.34666587,2.35531158,0.02643106,0.33471792,0.35402438,0.26811893,0.34768846
5.87393697,2.26751392,2.27528961,0.02555427,0.32640038,0.34201315,0.25540948,0.34073619
5.87993997,2.18281513,2.19260049,0.02465765,0.31645801,0.32854683,0.24184943,0.33267465
5.88594297,2.09371372,2.10819135,0.02374976,0.30509076,0.31383557,0.22762567,0.32366440
5.89194597,2.00138531,2.02298155,0.02283880,0.29251930,0.29810795,0.21293287,0.31387081
5.89794897,1.90700506,1.93784058,0.02193244,0.27897792,0.28160389,0.19796848,0.30345843
5.90395198,1.81171710,1.85356881,0.02103762,0.26470727,0.26456753,0.18292772,0.29258582
5.90995498,1.71660701,1.77088208,0.02016045,0.24994741,0.24724033,0.16799888,0.28140106
5.91595798,1.62267839,1.69040091,0.01930615,0.23493134,0.22985463,0.15335897,0.27003823
5.92196098,1.53083446,1.61264482,0.01847900,0.21987925,0.21262803,0.13917013,0.25861488
5.92796398,1.44186533,1.53803169,0.01768237,0.20499377,0.19575868,0.12557657,0.24723057
5.93396698,1.35644086,1.46688206,0.01691875,0.19045628,0.17942161,0.11270243,0.23596655
5.93996998,1.27510910,1.39942740,0.01618990,0.17642427,0.16376628,0.10065039,0.22488633
5.94597299,1.19829959,1.33582175,0.01549691,0.16302991,0.14891519,0.08950108,0.21403715
5.95197599,1.12633069,1.27615536,0.01484040,0.15037954,0.13496360,0.07931317,0.20345211
5.95797899,1.05941990,1.22046919,0.01422066,0.13855414,0.12198019,0.07012418,0.19315270
5.96398199,0.99769602,1.16876896,0.01363777,0.12761051,0.11000854,0.06195176,0.18315156
5.96998499,0.94121197,1.12103770,0.01309174,0.11758308,0.09906924,0.05479535,0.17345527
5.97598799,0.88995725,1.07724572,0.01258257,0.10848610,0.08916244,0.04863820,0.16406690
5.98199100,0.84386913,1.03735738,0.01211038,0.10031601,0.08027069,0.04344943,0.15498822
5.98799400,0.80284185,1.00133423,0.01167532,0.09305397,0.07236186,0.03918622,0.14622143
5.99399700,0.76673354,0.96913441,0.01127764,0.08666830,0.06539202,0.03579586,0.13777032
6.00000000,0.73537058,0.94070874,0.01091757,0.08111672,0.05930816,0.03321780,0.12964092
