energy_ev,total_up,C_s_up,C_p_up,Hf_p_up,Hf_d_up,Na_s_up,Se_s_up,Se_p_up
-6.00000000,1.91310609,0.00592311,0.13313849,0.94509707,0.31362412,0.56671705,0.02612653,1.15348214
-5.99399700,2.02933159,0.00537311,0.14221946,0.99569399,0.33425120,0.60070350,0.02834289,1.22267679
-5.98799400,2.14735664,0.00490260,0.15144221,1.04539572,0.35541792,0.63360181,0.03068984,1.29281977
-5.98199100,2.26494316,0.00450493,0.16063470,1.09320412,0.37672655,0.66480381,0.03313451,1.36258620
-5.97598799,2.37976237,0.00417296,0.16962019,1.13811502,0.39776097,0.69370737,0.03563950,1.43059601
-5.96998499,2.48945159,0.00389925,0.17822107,1.17914687,0.41809593,0.71973335,0.03816354,1.49544837
-5.96398199,2.59167464,0.00367620,0.18626297,1.21536938,0.43730717,0.74234240,0.04066233,1.55575812
-5.95797899,2.68418379,0.00349624,0.19357891,1.24593128,0.45498199,0.76105105,0.04308958,1.61019324
-5.95197599,2.76488120,0.00335193,0.20001354,1.27008579,0.47073006,0.77544635,0.04539814,1.65751182
-5.94597299,2.83187754,0.00323613,0.20542709,1.28721303,0.48419384,0.78519848,0.04754132,1.69659734
-5.93996998,2.88354553,0.00314212,0.20969910,1.29683836,0.49505855,0.79007079,0.04947415,1.72649071
-5.93396698,2.91856639,0.00306373,0.21273161,1.29864603,0.50306095,0.78992687,0.05115477,1.74641801
-5.92796398,2.93596717,0.00299536,0.21445182,1.29248753,0.50799681,0.78473426,0.05254566,1.75581264
-5.92196098,2.93514759,0.00293214,0.21481398,1.27838443,0.50972664,0.77456481,0.05361486,1.75433110
-5.91595798,2.91589518,0.00286991,0.21380053,1.25652559,0.50817944,0.75959155,0.05433694,1.74186165
-5.90995498,2.87838809,0.00280526,0.21142234,1.22725910,0.50335433,0.74008233,0.05469387,1.71852567
-5.90395198,2.82318556,0.00273555,0.20771812,1.19107918,0.49531987,0.71639057,0.05467555,1.68467148
-5.89794897,2.75120644,0.00265886,0.20275295,1.14860882,0.48421127,0.68894334,0.05428015,1.64086105
-5.89194597,2.66369671,0.00257402,0.19661607,1.10057896,0.47022547,0.65822769,0.05351408,1.58785026
-5.88594297,2.56218744,0.00248047,0.18941788,1.04780502,0.45361429,0.62477536,0.05239181,1.52656338
-5.87993997,2.44844508,0.00237827,0.18128647,0.99116191,0.43467605,0.58914694,0.05093524,1.45806313
-5.87393697,2.32441610,0.00226799,0.17236363,0.93155846,0.41374601,0.55191581,0.04917299,1.38351740
-5.86793397,2.19216835,0.00215065,0.16280065,0.86991237,0.39118586,0.51365269,0.04713940,1.30416421
-5.86193097,2.05383152,0.00202765,0.15275397,0.80712640,0.36737298,0.47491117,0.04487335,1.22127611
-5.85592796,1.91153900,0.00190064,0.14238096,0.74406683,0.34268967,0.43621487,0.04241705,1.13612562
-5.84992496,1.76737326,0.00177150,0.13183584,0.68154478,0.31751288,0.39804644,0.03981471,1.04995285
-5.84392196,1.62331668,0.00164226,0.12126609,0.62030070,0.29220476,0.36083881,0.03711123,0.96393643
-5.83791896,1.48120942,0.00151503,0.11080918,0.56099273,0.26710443,0.32496876,0.03435102,0.87916869
-5.83191596,1.34271524,0.00139197,0.10059002,0.50418863,0.24252108,0.29075279,0.03157681,0.79663579
-5.82591296,1.20929631,0.00127526,0.09071897,0.45036156,0.21872869,0.25844540,0.02882874,0.71720299
-5.81990995,1.08219695,0.00116709,0.08129049,0.39988942,0.19596238,0.22823942,0.02614352,0.64160552
-5.81390695,0.96243635,0.00106964,0.07238247,0.35305731,0.17441644,0.20026826,0.02355387,0.57044459
-5.80790395,0.85080963,0.00098513,0.06405619,0.31006287,0.15424389,0.17460980,0.02108813,0.50418852
-5.80190095,0.74789645,0.00091584,0.05635677,0.27102384,0.13555757,0.15129157,0.01877009,0.44317822
-5.79589795,0.65407599,0.00086414,0.04931421,0.23598735,0.11843237,0.13029676,0.01661904,0.38763646
-5.78989495,0.56954707,0.00083254,0.04294471,0.20494036,0.10290865,0.11157103,0.01464993,0.33768019
-5.78389195,0.49435203,0.00082378,0.03725234,0.17782070,0.08899628,0.09502940,0.01287378,0.29333494
-5.77788894,0.42840286,0.00084085,0.03223093,0.15452812,0.07667939,0.08056323,0.01129811,0.25455063
-5.77188594,0.37150842,0.00088708,0.02786593,0.13493498,0.06592122,0.06804693,0.00992752,0.22121783
-5.76588294,0.32340133,0.00096618,0.02413642,0.11889611,0.05666920,0.05734417,0.00876426,0.19318381
-5.75987994,0.28376339,0.00108231,0.02101690,0.10625750,0.04885974,0.04831340,0.00780891,0.17026772
-5.75387694,0.25224883,0.00124007,0.01847904,0.09686364,0.04242274,0.04081280,0.00706092,0.15227426
-5.74787394,0.22850438,0.00144458,0.01649310,0.09056333,0.03728562,0.03470419,0.00651918,0.13900553
-5.74187094,0.21218584,0.00170141,0.01502918,0.08721387,0.03337677,0.02985631,0.00618251,0.13027064
-5.73586793,0.20297069,0.00201659,0.01405820,0.08668369,0.03062831,0.02614717,0.00604999,0.12589305
-5.72986493,0.20056683,0.00239654,0.01355255,0.08885343,0.02897823,0.02346569,0.00612130,0.12571536
-5.72386193,0.20471721,0.00284801,0.01348647,0.09361569,0.02837176,0.02171255,0.00639680,0.12960180
-5.71785893,0.21520089,0.00337790,0.01383622,0.10087368,0.02876214,0.02080052,0.00687759,0.13743841
-5.71185593,0.23183066,0.00399317,0.01457994,0.11053889,0.03011071,0.02065418,0.00756541,0.14913132
-5.70585293,0.25444780,0.00470062,0.01569740,0.12252817,0.03238646,0.02120920,0.00846239,0.16460313
-5.69984992,0.28291452,0.00550671,0.01716954,0.13676046,0.03556513,0.02241133,0.00957077,0.18378803
-5.69384692,0.31710467,0.00641727,0.01897789,0.15315352,0.03962787,0.02421511,0.01089241,0.20662591
-5.68784392,0.35689342,0.00743730,0.02110400,0.17162088,0.04455962,0.02658238,0.01242837,0.23305579
-5.68184092,0.40214653,0.00857067,0.02352882,0.19206927,0.05034735,0.02948084,0.01417828,0.26300911
-5.67583792,0.45270991,0.00981984,0.02623216,0.21439681,0.05697812,0.03288242,0.01613986,0.29640325
-5.66983492,0.50839998,0.01118561,0.02919214,0.23849207,0.06443726,0.03676193,0.01830824,0.33313559
-5.66383192,0.56899558,0.01266683,0.03238495,0.26423414,0.07270660,0.04109560,0.02067554,0.37307853
-5.65782891,0.63423171,0.01426020,0.03578455,0.29149375,0.08176290,0.04586002,0.02323030,0.41607572
-5.65182591,0.70379559,0.01596007,0.03936274,0.32013529,0.09157667,0.05103107,0.02595713,0.46193977
-5.64582291,0.77732530,0.01775826,0.04308932,0.35001988,0.10211122,0.05658322,0.02883649,0.51045155
-5.63981991,0.85441110,0.01964401,0.04693245,0.38100900,0.11332223,0.06248898,0.03184449,0.56136119
-5.63381691,0.93459944,0.02160395,0.05085921,0.41296865,0.12515772,0.06871871,0.03495302,0.61439078
-5.62781391,1.01739954,0.02362213,0.05483634,0.44577369,0.13755852,0.07524052,0.03812991,0.66923865
-5.62181091,1.10229222,0.02568015,0.05883107,0.47931199,0.15045914,0.08202056,0.04133937,0.72558502
-5.61580790,1.18874058,0.02775740,0.06281201,0.51348808,0.16378912,0.08902336,0.04454254,0.78309883
-5.60980490,1.27620196,0.02983133,0.06675016,0.54822596,0.17747471,0.09621249,0.04769825,0.84144528
-5.60380190,1.36414063,0.03187780,0.07061976,0.58347083,0.19144076,0.10355121,0.05076392,0.90029380
-5.59779890,1.45204038,0.03387156,0.07439916,0.61918933,0.20561290,0.11100326,0.05369655,0.95932589
-5.59179590,1.53941633,0.03578673,0.07807153,0.65536822,0.21991956,0.11853366,0.05645383,1.01824248
-5.58579290,1.62582536,0.03759733,0.08162526,0.69201141,0.23429409,0.12610947,0.05899521,1.07677017
-5.57978989,1.71087419,0.03927789,0.08505432,0.72913527,0.24867644,0.13370039,0.06128310,1.13466611
-5.57378689,1.79422479,0.04080405,0.08835809,0.76676236,0.26301458,0.14127927,0.06328384,1.19172102
-5.56778389,1.87559654,0.04215314,0.09154112,0.80491379,0.27726533,0.14882233,0.06496875,1.24776008
-5.56178089,1.95476481,0.04330476,0.09461243,0.84360054,0.29139457,0.15630925,0.06631484,1.30264152
-5.55577789,2.03155597,0.04424133,0.09758458,0.88281412,0.30537682,0.16372283,0.06730553,1.35625288
-5.54977489,2.10583880,0.04494858,0.10047250,0.92251706,0.31919401,0.17104846,0.06793101,1.40850497
-5.54377189,2.17751285,0.04541591,0.10329206,0.96263378,0.33283360,0.17827336,0.06818844,1.45932383
-5.53776888,2.24649411,0.04563677,0.10605853,1.00304235,0.34628604,0.18538544,0.06808192,1.50864100
-5.53176588,2.31269890,0.04560882,0.10878500,1.04356774,0.35954171,0.19237214,0.06762214,1.55638275
-5.52576288,2.37602691,0.04533406,0.11148074,1.08397703,0.37258742,0.19921903,0.06682596,1.60245871
-5.51975988,2.43634445,0.04481882,0.11414981,1.12397712,0.38540287,0.20590849,0.06571562,1.64675088
-5.51375688,2.49346904,0.04407361,0.11678969,1.16321512,0.39795707,0.21241840,0.06431795,1.68910355
-5.50775388,2.54715655,0.04311292,0.11939040,1.20128187,0.41020507,0.21872103,0.06266332,1.72931502
-5.50175088,2.59709185,0.04195484,0.12193382,1.23771855,0.42208535,0.22478221,0.06078469,1.76713186
-5.49574787,2.64288406,0.04062064,0.12439347,1.27202625,0.43351788,0.23056091,0.05871645,1.80224624
-5.48974487,2.68406696,0.03913423,0.12673483,1.30367855,0.44440332,0.23600921,0.05649344,1.83429694
-5.48374187,2.72010502,0.03752161,0.12891597,1.33213635,0.45462326,0.24107280,0.05414995,1.86287415
-5.47773887,2.75040527,0.03581021,0.13088874,1.35686473,0.46404177,0.24569198,0.05171886,1.88752836
-5.47173587,2.77433461,0.03402825,0.13260030,1.37735099,0.47250828,0.24980319,0.04923094,1.90778289
-5.46573287,2.79124203,0.03220409,0.13399507,1.39312315,0.47986163,0.25334098,0.04671425,1.92314991
-5.45972986,2.80048485,0.03036556,0.13501684,1.40376808,0.48593518,0.25624031,0.04419377,1.93314914
-5.45372686,2.80145766,0.02853937,0.13561112,1.40894846,0.49056290,0.25843922,0.04169115,1.93732840
-5.44772386,2.79362255,0.02675054,0.13572749,1.40841757,0.49358599,0.25988147,0.03922466,1.93528501
-5.44172086,2.77653902,0.02502192,0.13532190,1.40203139,0.49485983,0.26051933,0.03680926,1.92668703
-5.43571786,2.74989196,0.02337370,0.13435877,1.38975718,0.49426085,0.26031603,0.03445682,1.91129298
-5.42971486,2.71351606,0.02182316,0.13281282,1.37167815,0.49169293,0.25924801,0.03217637,1.88896911
-5.42371186,2.66741521,0.02038433,0.13067049,1.34799391,0.48709310,0.25730661,0.02997454,1.85970322
-5.41770885,2.61177579,0.01906789,0.12793092,1.31901662,0.48043607,0.25449925,0.02785587,1.82361402
-5.41170585,2.54697293,0.01788104,0.12460643,1.28516299,0.47173740,0.25084990,0.02582331,1.78095570
-5.40570285,2.47356936,0.01682758,0.12072246,1.24694245,0.46105521,0.24639892,0.02387854,1.73211716
-5.39969985,2.39230666,0.01590794,0.11631704,1.20494204,0.44849012,0.24120220,0.02202239,1.67761593
-5.39369685,2.30408946,0.01511941,0.11143970,1.15980879,0.43418364,0.23532959,0.02025509,1.61808714
-5.38769385,2.20996319,0.01445637,0.10615007,1.11223032,0.41831491,0.22886290,0.01857656,1.55426783
-5.38169085,2.11108660,0.01391062,0.10051604,1.06291460,0.40109603,0.22189332,0.01698657,1.48697757
-5.37568784,2.00870026,0.01347170,0.09461166,1.01256980,0.38276622,0.21451863,0.01548487,1.41709622
-5.36968484,1.90409273,0.01312735,0.08851504,0.96188504,0.36358506,0.20684016,0.01407123,1.34553992
-5.36368184,1.79856575,0.01286389,0.08230597,0.91151296,0.34382515,0.19895986,0.01274546,1.27323637
-5.35767884,1.69340030,0.01266674,0.07606384,0.86205456,0.32376459,0.19097737,0.01150736,1.20110056
-5.35167584,1.58982468,0.01252082,0.06986551,0.81404699,0.30367945,0.18298743,0.01035669,1.13001196
-5.34567284,1.48898608,0.01241106,0.06378358,0.76795453,0.28383681,0.17507766,0.00929304,1.06079395
-5.33966983,1.39192647,0.01232280,0.05788481,0.72416289,0.26448834,0.16732675,0.00831579,0.99419632
-5.33366683,1.29956352,0.01224222,0.05222901,0.68297677,0.24586493,0.15980312,0.00742398,0.93088121
-5.32766383,1.21267707,0.01215672,0.04686819,0.64462047,0.22817230,0.15256414,0.00661628,0.87141283
-5.32166083,1.13190091,0.01205524,0.04184618,0.60924121,0.21158783,0.14565575,0.00589090,0.81625102
-5.31565783,1.05772002,0.01192849,0.03719854,0.57691470,0.19625853,0.13911253,0.00524559,0.76574850
-5.30965483,0.99047249,0.01176922,0.03295283,0.54765237,0.18230025,0.13295818,0.00467759,0.72015144
-5.30365183,0.93035573,0.01157227,0.02912915,0.52140989,0.16979795,0.12720621,0.00418366,0.67960312
-5.29764882,0.87743607,0.01133468,0.02574095,0.49809625,0.15880688,0.12186090,0.00376009,0.64414993
-5.29164582,0.83166102,0.01105566,0.02279598,0.47758300,0.14935464,0.11691839,0.00340277,0.61374935
-5.28564282,0.79287327,0.01073648,0.02029738,0.45971329,0.14144381,0.11236777,0.00310723,0.58827924
-5.27963982,0.76082571,0.01038036,0.01824475,0.44431024,0.13505507,0.10819223,0.00286873,0.56754792
-5.27363682,0.73519676,0.00999225,0.01663535,0.43118445,0.13015057,0.10437011,0.00268227,0.55130464
-5.26763382,0.71560535,0.00957855,0.01546507,0.42014053,0.12667737,0.10087592,0.00254274,0.53924999
-5.26163082,0.70162513,0.00914686,0.01472939,0.41098243,0.12457085,0.09768118,0.00244496,0.53104585
-5.25562781,0.69279745,0.00870562,0.01442415,0.40351776,0.12375791,0.09475527,0.00238374,0.52632484
-5.24962481,0.68864300,0.00826381,0.01454613,0.39756090,0.12415985,0.09206605,0.00235394,0.52469894
-5.24362181,0.68867183,0.00783058,0.01509338,0.39293524,0.12569489,0.08958056,0.00235057,0.52576723
-5.23761881,0.69239177,0.00741497,0.01606536,0.38947441,0.12828019,0.08726550,0.00236877,0.52912285
-5.23161581,0.69931528,0.00702554,0.01746282,0.38702287,0.13183339,0.08508776,0.00240393,0.53435903
-5.22561281,0.70896477,0.00667015,0.01928745,0.38543575,0.13627365,0.08301495,0.00245165,0.54107434
-5.21960980,0.72087652,0.00635566,0.02154127,0.38457828,0.14152216,0.08101581,0.00250786,0.54887721
-5.21360680,0.73460339,0.00608778,0.02422582,0.38432475,0.14750217,0.07906070,0.00256874,0.55738977
-5.20760380,0.74971644,0.00587082,0.02734122,0.38455723,0.15413857,0.07712205,0.00263083,0.56625117
-5.20160080,0.76580563,0.00570768,0.03088502,0.38516411,0.16135716,0.07517482,0.00269099,0.57512034
-5.19559780,0.78247990,0.00559970,0.03485102,0.38603860,0.16908347,0.07319690,0.00274645,0.58367836
-5.18959480,0.79936671,0.00554666,0.03922797,0.38707719,0.17724157,0.07116947,0.00279479,0.59163052
-5.18359180,0.81611131,0.00554683,0.04399839,0.38817841,0.18575260,0.06907740,0.00283397,0.59870795
-5.17758879,0.83237600,0.00559701,0.04913745,0.38924165,0.19453343,0.06690944,0.00286232,0.60466918
-5.17158579,0.84783948,0.00569266,0.05461194,0.39016649,0.20349539,0.06465843,0.00287855,0.60930137
-5.16558279,0.86219660,0.00582805,0.06037961,0.39085246,0.21254330,0.06232144,0.00288175,0.61242151
-5.15957979,0.87515868,0.00599645,0.06638870,0.39119926,0.22157483,0.05989970,0.00287135,0.61387738
-5.15357679,0.88645445,0.00619033,0.07257786,0.39110772,0.23048035,0.05739862,0.00284719,0.61354857
-5.14757379,0.89583196,0.00640162,0.07887650,0.39048128,0.23914336,0.05482753,0.00280943,0.61134736
-5.14157079,0.90306126,0.00662195,0.08520555,0.38922820,0.24744148,0.05219951,0.00275859,0.60721956
-5.13556778,0.90793814,0.00684293,0.09147871,0.38726435,0.25524812,0.04953108,0.00269548,0.60114533
-5.12956478,0.91028860,0.00705643,0.09760407,0.38451653,0.26243481,0.04684184,0.00262124,0.59313993
-5.12356178,0.90997424,0.00725483,0.10348621,0.38092620,0.26887408,0.04415414,0.00253728,0.58325431
-5.11755878,0.90689809,0.00743130,0.10902864,0.37645344,0.27444282,0.04149267,0.00244525,0.57157564
-5.11155578,0.90101080,0.00758001,0.11413644,0.37108098,0.27902611,0.03888415,0.00234705,0.55822759
-5.10555278,0.89231687,0.00769635,0.11871923,0.36481808,0.28252120,0.03635692,0.00224476,0.54337031
-5.09954977,0.88088048,0.00777714,0.12269401,0.35770401,0.28484159,0.03394070,0.00214063,0.52720004
-5.09354677,0.86683068,0.00782072,0.12598806,0.34981090,0.28592091,0.03166627,0.00203706,0.50994838
-5.08754377,0.85036535,0.00782705,0.12854160,0.34124579,0.28571651,0.02956525,0.00193654,0.49188089
-5.08154077,0.83175387,0.00779778,0.13031014,0.33215169,0.28421245,0.02766990,0.00184166,0.47329520
-5.07553777,0.81133788,0.00773624,0.13126633,0.32270749,0.28142184,0.02601293,0.00175506,0.45451842
-5.06953477,0.78953002,0.00764736,0.13140136,0.31312653,0.27738820,0.02462732,0.00167940,0.43590381
-5.06353177,0.76681046,0.00753758,0.13072565,0.30365400,0.27218593,0.02354613,0.00161733,0.41782679
-5.05752876,0.74372103,0.00741470,0.12926898,0.29456293,0.26591970,0.02280232,0.00157144,0.40068007
-5.05152576,0.72085710,0.00728771,0.12707986,0.28614894,0.25872278,0.02242845,0.00154428,0.38486819
-5.04552276,0.69885710,0.00716653,0.12422429,0.27872392,0.25075435,0.02245635,0.00153825,0.37080126
-5.03951976,0.67839016,0.00706176,0.12078394,0.27260859,0.24219589,0.02291674,0.00155560,0.35888811
-5.03351676,0.66014185,0.00698441,0.11685375,0.26812438,0.23324680,0.02383869,0.00159839,0.34952901
-5.02751376,0.64479886,0.00694560,0.11253925,0.26558468,0.22411943,0.02524906,0.00166839,0.34310793
-5.02151076,0.63303259,0.00695623,0.10795346,0.26528582,0.21503369,0.02717177,0.00176710,0.33998461
-5.01550775,0.62548272,0.00702667,0.10321378,0.26749801,0.20621157,0.02962708,0.00189563,0.34048672
-5.00950475,0.62274088,0.00716647,0.09843886,0.27245659,0.19787169,0.03263076,0.00205466,0.34490212
-5.00350175,0.62533541,0.00738404,0.09374561,0.28035384,0.19022424,0.03619327,0.00224441,0.35347172
-4.99749875,0.63371756,0.00768638,0.08924654,0.29133171,0.18346645,0.04031898,0.00246458,0.36638297
-4.99149575,0.64824975,0.00807878,0.08504749,0.30547567,0.17777877,0.04500549,0.00271429,0.38376438
-4.98549275,0.66919657,0.00856466,0.08124588,0.32281008,0.17332197,0.05024302,0.00299210,0.40568128
-4.97948974,0.69671866,0.00914531,0.07792948,0.34329515,0.17023521,0.05601404,0.00329596,0.43213308
-4.97348674,0.73086998,0.00981978,0.07517587,0.36682578,0.16863517,0.06229320,0.00362325,0.46305213
-4.96748374,0.77159863,0.01058480,0.07305237,0.39323242,0.16861615,0.06904739,0.00397081,0.49830441
-4.96148074,0.81875118,0.01143469,0.07161657,0.42228390,0.17025127,0.07623633,0.00433502,0.53769212
-4.95547774,0.87208038,0.01236144,0.07091745,0.45369229,0.17359437,0.08381332,0.00471191,0.58095805
-4.94947474,0.93125602,0.01335477,0.07099667,0.48711970,0.17868269,0.09172642,0.00509726,0.62779179
-4.94347174,0.99587837,0.01440231,0.07189038,0.52218672,0.18554009,0.09991992,0.00548679,0.67783747
-4.93746873,1.06549370,0.01548980,0.07363098,0.55848235,0.19418039,0.10833613,0.00587635,0.73070279
-4.93146573,1.13961095,0.01660144,0.07624895,0.59557497,0.20461081,0.11691726,0.00626211,0.78596902
-4.92546273,1.21771894,0.01772017,0.07977453,0.63302396,0.21683514,0.12560753,0.00664080,0.84320146
-4.91945973,1.29930297,0.01882817,0.08423899,0.67039146,0.23085637,0.13435526,0.00700996,0.90195996
-4.91345673,1.38386012,0.01990723,0.08967560,0.70725381,0.24667855,0.14311482,0.00736814,0.96180900
-4.90745373,1.47091228,0.02093927,0.09611986,0.74321221,0.26430777,0.15184842,0.00771513,1.02232684
-4.90145073,1.56001613,0.02190682,0.10360923,0.77790202,0.28375196,0.16052755,0.00805216,1.08311327
-4.89544772,1.65076958,0.02279352,0.11218203,0.81100039,0.30501961,0.16913397,0.00838204,1.14379566
-4.88944472,1.74281422,0.02358452,0.12187568,0.84223188,0.32811716,0.17766016,0.00870926,1.20403300
-4.88344172,1.83583360,0.02426697,0.13272423,0.87137183,0.35304541,0.18610926,0.00904003,1.26351784
-4.87743872,1.92954747,0.02483032,0.14475528,0.89824746,0.37979482,0.19449426,0.00938229,1.32197599
-4.87143572,2.02370237,0.02526663,0.15798637,0.92273661,0.40834010,0.20283667,0.00974554,1.37916435
-4.86543272,2.11805920,0.02557074,0.17242113,0.94476450,0.43863432,0.21116450,0.01014068,1.43486685
-4.85942971,2.21237858,0.02574040,0.18804521,0.96429860,0.47060287,0.21950982,0.01057976,1.48888912
-4.85342671,2.30640515,0.02577624,0.20482239,0.98134213,0.50413771,0.22790581,0.01107559,1.54105228
-4.84742371,2.39985188,0.02568172,0.22269104,0.99592668,0.53909231,0.23638355,0.01164132,1.59118640
-4.84142071,2.49238567,0.02546290,0.24156120,1.00810441,0.57527764,0.24496866,0.01228998,1.63912418
-4.83541771,2.58361535,0.02512822,0.26131246,1.01794039,0.61245968,0.25367803,0.01303387,1.68469556
-4.82941471,2.67308337,0.02468817,0.28179304,1.02550565,0.65035870,0.26251667,0.01388405,1.72772354
-4.82341171,2.76026175,0.02415487,0.30281995,1.03087125,0.68865060,0.27147507,0.01484971,1.76802191
-4.81740870,2.84455327,0.02354174,0.32418064,1.03410390,0.72697045,0.28052700,0.01593756,1.80539489
-4.81140570,2.92529796,0.02286300,0.34563599,1.03526329,0.76491820,0.28962810,0.01715136,1.83963910
-4.80540270,3.00178507,0.02213329,0.36692466,1.03440114,0.80206653,0.29871522,0.01849137,1.87054766
-4.79939970,3.07327001,0.02136730,0.38776876,1.03156221,0.83797064,0.30770664,0.01995399,1.89791637
-4.79339670,3.13899563,0.02057937,0.40788058,1.02678676,0.87217946,0.31650328,0.02153144,1.92155145
-4.78739370,3.19821675,0.01978318,0.42697010,1.02011452,0.90424798,0.32499069,0.02321165,1.94127861
-4.78139070,3.25022672,0.01899152,0.44475312,1.01158946,0.93375014,0.33304201,0.02497824,1.95695253
-4.77538769,3.29438445,0.01821608,0.46095950,1.00126513,0.96029157,0.34052154,0.02681068,1.96846642
-4.76938469,3.33014040,0.01746726,0.47534120,0.98920998,0.98352164,0.34728901,0.02868465,1.97576062
-4.76338169,3.35705998,0.01675415,0.48767978,0.97551207,1.00314429,0.35320419,0.03057248,1.97882980
-4.75737869,3.37484296,0.01608443,0.49779301,0.96028282,1.01892697,0.35813170,0.03244387,1.97772803
-4.75137569,3.38333752,0.01546435,0.50554024,0.94365931,1.03070727,0.36194590,0.03426661,1.97257115
-4.74537269,3.38254827,0.01489881,0.51082630,0.92580490,1.03839708,0.36453546,0.03600753,1.96353627
-4.73936968,3.37263738,0.01439133,0.51360391,0.90690781,1.04198386,0.36580753,0.03763345,1.95085799
-4.73336668,3.35391892,0.01394416,0.51387432,0.88717790,1.04152920,0.36569127,0.03911218,1.93482160
-4.72736368,3.32684660,0.01355830,0.51168636,0.86684138,1.03716479,0.36414060,0.04041357,1.91575335
-4.72136068,3.29199556,0.01323357,0.50713397,0.84613410,1.02908597,0.36113601,0.04151044,1.89400836
-4.71535768,3.25003946,0.01296863,0.50035233,0.82529345,1.01754344,0.35668544,0.04237950,1.86995672
-4.70935468,3.20172398,0.01276110,0.49151299,0.80454949,1.00283359,0.35082405,0.04300206,1.84396865
-4.70335168,3.14783869,0.01260754,0.48081814,0.78411586,0.98528808,0.34361314,0.04336469,1.81639962
-4.69734867,3.08918868,0.01250351,0.46849439,0.76418106,0.96526313,0.33513801,0.04345960,1.78757618
-4.69134567,3.02656780,0.01244367,0.45478651,0.74490056,0.94312936,0.32550516,0.04328485,1.75778375
-4.68534267,2.96073513,0.01242181,0.43995115,0.72639041,0.91926242,0.31483875,0.04284441,1.72725682
-4.67933967,2.89239587,0.01243094,0.42425109,0.70872277,0.89403507,0.30327670,0.04214796,1.69617252
-4.67333667,2.82218770,0.01246344,0.40795002,0.69192359,0.86781080,0.29096643,0.04121050,1.66464793
-4.66733367,2.75067327,0.01251116,0.39130807,0.67597278,0.84093930,0.27806064,0.04005184,1.63274130
-4.66133067,2.67833885,0.01256560,0.37457812,0.66080683,0.81375362,0.26471313,0.03869590,1.60045729
-4.65532766,2.60559891,0.01261812,0.35800293,0.64632374,0.78656905,0.25107502,0.03716997,1.56775589
-4.64932466,2.53280577,0.01266012,0.34181290,0.63239013,0.75968321,0.23729135,0.03550383,1.53456441
-4.64332166,2.46026344,0.01268331,0.32622453,0.61884985,0.73337720,0.22349826,0.03372895,1.50079185
-4.63731866,2.38824396,0.01267990,0.31143916,0.60553393,0.70791726,0.20982079,0.03187757,1.46634467
-4.63131566,2.31700485,0.01264290,0.29764212,0.59227097,0.68355639,0.19637138,0.02998198,1.43114295
-4.62531266,2.24680601,0.01256628,0.28500178,0.57889752,0.66053566,0.18324894,0.02807370,1.39513569
-4.61930965,2.17792439,0.01244518,0.27366863,0.56526777,0.63908462,0.17053861,0.02618290,1.35831445
-4.61330665,2.11066513,0.01227609,0.26377403,0.55126208,0.61942059,0.15831196,0.02433787,1.32072411
-4.60730365,2.04536795,0.01205696,0.25542876,0.53679363,0.60174664,0.14662772,0.02256455,1.28247012
-4.60130065,1.98240817,0.01178724,0.24872112,0.52181317,0.58624810,0.13553269,0.02088628,1.24372166
-4.59529765,1.92219187,0.01146791,0.24371485,0.50631131,0.57308777,0.12506299,0.01932355,1.20471034
-4.58929465,1.86514544,0.01110145,0.24044672,0.49031850,0.56240003,0.11524531,0.01789391,1.16572456
-4.58329165,1.81169995,0.01069167,0.23892421,0.47390263,0.55428407,0.10609816,0.01661191,1.12709968
-4.57728864,1.76227140,0.01024365,0.23912318,0.45716452,0.54879686,0.09763305,0.01548911,1.08920463
-4.57128564,1.71723808,0.00976345,0.24098597,0.44023169,0.54594629,0.08985544,0.01453413,1.05242564
-4.56528264,1.67691651,0.00925795,0.24442007,0.42325074,0.54568493,0.08276555,0.01375276,1.01714817
-4.55927964,1.64153768,0.00873455,0.24929755,0.40637883,0.54790517,0.07635891,0.01314797,0.98373790
-4.55327664,1.61122528,0.00820092,0.25545553,0.38977500,0.55243608,0.07062665,0.01272006,0.95252208
-4.54727364,1.58597738,0.00766472,0.26269776,0.37359152,0.55904241,0.06555562,0.01246669,0.92377222
-4.54127064,1.56565307,0.00713339,0.27079749,0.35796611,0.56742623,0.06112840,0.01238293,0.89768903
-4.53526763,1.54996503,0.00661384,0.27950157,0.34301515,0.57723107,0.05732309,0.01246139,0.87439065
-4.52926463,1.53847885,0.00611233,0.28853581,0.32882848,0.58804890,0.05411315,0.01269221,0.85390467
-4.52326163,1.53061941,0.00563426,0.29761148,0.31546579,0.59942962,0.05146720,0.01306318,0.83616435
-4.51725863,1.52568413,0.00518405,0.30643265,0.30295486,0.61089277,0.04934894,0.01355982,0.82100936
-4.51125563,1.52286271,0.00476510,0.31470430,0.29129169,0.62194117,0.04771711,0.01416552,0.80819081
-4.50525263,1.52126248,0.00437972,0.32214069,0.28044222,0.63207574,0.04652573,0.01486176,0.79738039
-4.49924962,1.51993810,0.00402917,0.32847379,0.27034569,0.64081105,0.04572449,0.01562830,0.78818309
-4.49324662,1.51792427,0.00371368,0.33346139,0.26091920,0.64769081,0.04525926,0.01644353,0.78015279
-4.48724362,1.51426986,0.00343257,0.33689444,0.25206327,0.65230265,0.04507301,0.01728484,0.77280995
-4.48124062,1.50807189,0.00318434,0.33860344,0.24366792,0.65429147,0.04510675,0.01812902,0.76566061
-4.47523762,1.49850773,0.00296682,0.33846351,0.23561912,0.65337088,0.04530071,0.01895279,0.75821564
-4.46923462,1.48486420,0.00277727,0.33639792,0.22780509,0.64933218,0.04559566,0.01973331,0.75000952
-4.46323162,1.46656219,0.00261260,0.33237999,0.22012219,0.64205044,0.04593429,0.02044871,0.74061773
-4.45722861,1.44317593,0.00246945,0.32643324,0.21248025,0.63148765,0.04626259,0.02107871,0.72967216
-4.45122561,1.41444627,0.00234439,0.31862992,0.20480704,0.61769268,0.04653126,0.02160508,0.71687384
-4.44522261,1.38028752,0.00223401,0.30908786,0.19705178,0.60079829,0.04669694,0.02201219,0.70200269
-4.43921961,1.34078793,0.00213506,0.29796598,0.18918759,0.58101535,0.04672338,0.02228742,0.68492394
-4.43321661,1.29620404,0.00204454,0.28545860,0.18121299,0.55862461,0.04658232,0.02242151,0.66559119
-4.42721361,1.24694948,0.00195976,0.27178892,0.17315232,0.53396652,0.04625420,0.02240877,0.64404617
-4.42121061,1.19357900,0.00187841,0.25720182,0.16505532,0.50742964,0.04572858,0.02224727,0.62041533
-4.41520760,1.13676859,0.00179862,0.24195659,0.15699583,0.47943806,0.04500429,0.02193878,0.59490376
-4.40920460,1.07729285,0.00171890,0.22631955,0.14906998,0.45043858,0.04408926,0.02148868,0.56778664
-4.40320160,1.01600052,0.00163822,0.21055713,0.14139368,0.42088803,0.04300008,0.02090574,0.53939884
-4.39719860,0.95378942,0.00155592,0.19492945,0.13409990,0.39124123,0.04176138,0.02020173,0.51012325
-4.39119560,0.89158149,0.00147172,0.17968476,0.12733557,0.36194002,0.04040484,0.01939100,0.48037812
-4.38519260,0.83029904,0.00138567,0.16505468,0.12125833,0.33340368,0.03896809,0.01849002,0.45060422
-4.37918959,0.77084268,0.00129806,0.15125047,0.11603326,0.30602085,0.03749351,0.01751672,0.42125208
-4.37318659,0.71407164,0.00120943,0.13846020,0.11182948,0.28014313,0.03602677,0.01649000,0.39276971
-4.36718359,0.66078656,0.00112047,0.12684694,0.10881673,0.25608034,0.03461547,0.01542910,0.36559127
-4.36118059,0.61171523,0.00103197,0.11654765,0.10716198,0.23409733,0.03330764,0.01435301,0.34012680
-4.35517759,0.56750092,0.00094480,0.10767288,0.10702587,0.21441227,0.03215038,0.01328001,0.31675320
-4.34917459,0.52869350,0.00085985,0.10030695,0.10855925,0.19719614,0.03118842,0.01222716,0.29580660
-4.34317159,0.49574294,0.00077797,0.09450862,0.11189945,0.18257318,0.03046295,0.01120989,0.27757611
-4.33716858,0.46899492,0.00070002,0.09031194,0.11716658,0.17062221,0.03001042,0.01024174,0.26229886
-4.33116558,0.44868836,0.00062677,0.08772728,0.12445973,0.16137842,0.02986159,0.00933412,0.25015642
-4.32516258,0.43495446,0.00055895,0.08674243,0.13385310,0.15483549,0.03004070,0.00849613,0.24127229
-4.31915958,0.42781707,0.00049724,0.08732357,0.14539221,0.15094791,0.03056488,0.00773456,0.23571060
-4.31315658,0.42719420,0.00044228,0.08941629,0.15909025,0.14963342,0.03144371,0.00705387,0.23347570
-4.30715358,0.43290053,0.00039469,0.09294643,0.17492483,0.15077535,0.03267905,0.00645630,0.23451281
-4.30115058,0.44465103,0.00035511,0.09782102,0.19283512,0.15422507,0.03426506,0.00594202,0.23870943
-4.29514757,0.46206558,0.00032424,0.10392910,0.21271979,0.15980436,0.03618846,0.00550930,0.24589770
-4.28914457,0.48467485,0.00030286,0.11114280,0.23443583,0.16730798,0.03842909,0.00515476,0.25585767
-4.28314157,0.51192752,0.00029189,0.11931858,0.25779851,0.17650637,0.04096065,0.00487362,0.26832135
-4.27713857,0.54319912,0.00029243,0.12829873,0.28258271,0.18714866,0.04375167,0.00465996,0.28297780
-4.27113557,0.57780254,0.00030582,0.13791331,0.30852565,0.19896613,0.04676682,0.00450700,0.29947914
-4.26513257,0.61500033,0.00033366,0.14798252,0.33533127,0.21167609,0.04996824,0.00440737,0.31744748
-4.25912956,0.65401888,0.00037787,0.15831960,0.36267609,0.22498631,0.05331723,0.00435336,0.33648283
-4.25312656,0.69406433,0.00044071,0.16873409,0.39021671,0.23860005,0.05677596,0.00433721,0.35617185
-4.24712356,0.73433992,0.00052481,0.17903569,0.41759856,0.25222152,0.06030926,0.00435127,0.37609724
-4.24112056,0.77406457,0.00063317,0.18903833,0.44446589,0.26556177,0.06388645,0.00438828,0.39584772
-4.23511756,0.81249205,0.00076917,0.19856457,0.47047242,0.27834487,0.06748310,0.00444150,0.41502829
-4.22911456,0.84893021,0.00093652,0.20745006,0.49529243,0.29031417,0.07108258,0.00450489,0.43327036
-4.22311156,0.88275953,0.00113924,0.21554787,0.51863171,0.30123832,0.07467747,0.00457323,0.45024155
-4.21710855,0.91345024,0.00138157,0.22273257,0.54023784,0.31091705,0.07827058,0.00464221,0.46565470
-4.21110555,0.94057723,0.00166789,0.22890379,0.55990943,0.31918611,0.08187555,0.00470850,0.47927576
-4.20510255,0.96383200,0.00200259,0.23398908,0.57750359,0.32592145,0.08551705,0.00476975,0.49093013
-4.19909955,0.98303099,0.00238994,0.23794598,0.59294133,0.33104214,0.08923040,0.00482465,0.50050718
-4.19309655,0.99811980,0.00283391,0.24076302,0.60621057,0.33451210,0.09306068,0.00487282,0.50796275
-4.18709355,1.00917289,0.00333798,0.24245968,0.61736635,0.33634024,0.09706123,0.00491479,0.51331930
-4.18109055,1.01638870,0.00390496,0.24308521,0.62652825,0.33657925,0.10129169,0.00495189,0.51666384
-4.17508754,1.02008017,0.00453676,0.24271637,0.63387498,0.33532274,0.10581546,0.00498612,0.51814356
-4.16908454,1.02066103,0.00523422,0.24145407,0.63963639,0.33270114,0.11069686,0.00502005,0.51795934
-4.16308154,1.01862841,0.00599689,0.23941910,0.64408312,0.32887618,0.11599796,0.00505658,0.51635747
-4.15707854,1.01454244,0.00682286,0.23674721,0.64751448,0.32403451,0.12177519,0.00509885,0.51361984
-4.15107554,1.00900383,0.00770865,0.23358351,0.65024505,0.31838048,0.12807607,0.00515004,0.51005313
-4.14507254,1.00263034,0.00864914,0.23007669,0.65259064,0.31212852,0.13493595,0.00521317,0.50597754
-4.13906953,0.99603329,0.00963750,0.22637319,0.65485439,0.30549548,0.14237517,0.00529098,0.50171541
-4.13306653,0.98979516,0.01066528,0.22261157,0.65731361,0.29869312,0.15039665,0.00538578,0.49758043
-4.12706353,0.98444927,0.01172247,0.21891739,0.66020811,0.29192127,0.15898404,0.00549931,0.49386790
-4.12106053,0.98046246,0.01279779,0.21539877,0.66373057,0.28536174,0.16810071,0.00563266,0.49084626
-4.11505753,0.97822140,0.01387885,0.21214286,0.66801933,0.27917341,0.17768941,0.00578622,0.48875061
-4.10905453,0.97802326,0.01495259,0.20921328,0.67315413,0.27348850,0.18767285,0.00595964,0.48777801
-4.10305153,0.98007066,0.01600563,0.20664869,0.67915470,0.26841017,0.19795513,0.00615182,0.48808504
-4.09704852,0.98447132,0.01702479,0.20446254,0.68598253,0.26401158,0.20842394,0.00636103,0.48978733
-4.09104552,0.99124189,0.01799752,0.20264380,0.69354531,0.26033615,0.21895351,0.00658490,0.49296111
-4.08504252,1.00031568,0.01891248,0.20115880,0.70170397,0.25739914,0.22940812,0.00682058,0.49764645
-4.07903952,1.01155361,0.01975999,0.19995397,0.71028176,0.25519017,0.23964608,0.00706487,0.50385189
-4.07303652,1.02475763,0.02053254,0.19895923,0.71907487,0.25367665,0.24952397,0.00731436,0.51156005
-4.06703352,1.03968575,0.02122520,0.19809197,0.72786391,0.25280774,0.25890091,0.00756559,0.52073375
-4.06103052,1.05606765,0.02183593,0.19726136,0.73642566,0.25251863,0.26764279,0.00781518,0.53132229
-4.05502751,1.07362017,0.02236583,0.19637273,0.74454442,0.25273496,0.27562605,0.00806004,0.54326734
-4.04902451,1.09206161,0.02281926,0.19533192,0.75202244,0.25337700,0.28274116,0.00829748,0.55650802
-4.04302151,1.11112426,0.02320380,0.19404934,0.75868877,0.25436356,0.28889533,0.00852531,0.57098504
-4.03701851,1.13056456,0.02353014,0.19244361,0.76440637,0.25561529,0.29401462,0.00874195,0.58664336
-4.03101551,1.15017035,0.02381172,0.19044464,0.76907697,0.25705741,0.29804519,0.00894647,0.60343345
-4.02501251,1.16976511,0.02406435,0.18799610,0.77264374,0.25862172,0.30095388,0.00913861,0.62131084
-4.01900950,1.18920915,0.02430564,0.18505721,0.77509162,0.26024786,0.30272789,0.00931878,0.64023433
-4.01300650,1.20839775,0.02455434,0.18160383,0.77644558,0.26188392,0.30337387,0.00948798,0.66016258
-4.00700350,1.22725678,0.02482960,0.17762895,0.77676695,0.26348642,0.30291635,0.00964775,0.68104970
-4.00100050,1.24573611,0.02515019,0.17314250,0.77614832,0.26501980,0.30139571,0.00979999,0.70283981
-3.99499750,1.26380147,0.02553364,0.16817074,0.77470730,0.26645550,0.29886582,0.00994689,0.72546114
-3.98899450,1.28142545,0.02599549,0.16275521,0.77257972,0.26777087,0.29539142,0.01009071,0.74881997
-3.98299150,1.29857821,0.02654844,0.15695143,0.76991277,0.26894799,0.29104552,0.01023366,0.77279488
-3.97698849,1.31521888,0.02720172,0.15082742,0.76685864,0.26997260,0.28590679,0.01037772,0.79723162
-3.97098549,1.33128817,0.02796049,0.14446221,0.76356897,0.27083326,0.28005722,0.01052447,0.82193922
-3.96498249,1.34670280,0.02882534,0.13794444,0.76019087,0.27152084,0.27358000,0.01067495,0.84668752
-3.95897949,1.36135252,0.02979206,0.13137114,0.75686449,0.27202857,0.26655778,0.01082959,0.87120649
-3.95297649,1.37509991,0.03085146,0.12484676,0.75372273,0.27235252,0.25907128,0.01098807,0.89518768
-3.94697349,1.38778340,0.03198946,0.11848259,0.75089307,0.27249267,0.25119838,0.01114931,0.91828777
-3.94097049,1.39922350,0.03318738,0.11239642,0.74850160,0.27245465,0.24301355,0.01131146,0.94013454
-3.93496748,1.40923231,0.03442234,0.10671271,0.74667921,0.27225185,0.23458767,0.01147192,0.96033489
-3.92896448,1.41762597,0.03566792,0.10156298,0.74556964,0.27190815,0.22598815,0.01162748,0.97848503
-3.92296148,1.42423959,0.03689493,0.09708653,0.74533914,0.27146081,0.21727941,0.01177437,0.99418238
-3.91695848,1.42894408,0.03807233,0.09343135,0.74618705,0.27096376,0.20852336,0.01190850,1.00703883
-3.91095548,1.43166414,0.03916825,0.09075515,0.74835704,0.27049069,0.19978026,0.01202556,1.01669493
-3.90495248,1.43239642,0.04015106,0.08922626,0.75214789,0.27013814,0.19110938,0.01212130,1.02283435
-3.89894947,1.43122679,0.04099044,0.08902442,0.75792343,0.27002799,0.18256981,0.01219174,1.02519804
-3.89294647,1.42834582,0.04165846,0.09034113,0.76612048,0.27030948,0.17422108,0.01223334,1.02359746
-3.88694347,1.42406127,0.04213058,0.09337952,0.77725421,0.27116020,0.16612370,0.01224327,1.01792620
-3.88094047,1.41880657,0.04238648,0.09835337,0.79192002,0.27278607,0.15833943,0.01221957,1.00816945
-3.87493747,1.41314444,0.04241081,0.10548541,0.81079113,0.27541998,0.15093135,0.01216128,0.99441071
-3.86893447,1.40776492,0.04219373,0.11500443,0.83461155,0.27931901,0.14396370,0.01206860,0.97683546
-3.86293147,1.40347722,0.04173121,0.12714135,0.86418369,0.28476004,0.13750138,0.01194290,0.95573137
-3.85692846,1.40119522,0.04102519,0.14212409,0.90035076,0.29203382,0.13160927,0.01178675,0.93148502
-3.85092546,1.40191667,0.04008343,0.16017117,0.94397373,0.30143739,0.12635120,0.01160387,0.90457514
-3.84492246,1.40669638,0.03891921,0.18148428,0.99590343,0.31326512,0.12178879,0.01139901,0.87556253
-3.83891946,1.41661427,0.03755080,0.20623978,1.05694836,0.32779847,0.11798006,0.01117780,0.84507703
-3.83291646,1.43273907,0.03600082,0.23457949,1.12783921,0.34529472,0.11497796,0.01094651,0.81380205
-3.82691346,1.45608920,0.03429536,0.26660102,1.20919123,0.36597517,0.11282882,0.01071186,0.78245714
-3.82091046,1.48759213,0.03246312,0.30234799,1.30146618,0.39001319,0.11157082,0.01048068,0.75177944
-3.81490745,1.52804411,0.03053440,0.34180063,1.40493528,0.41752255,0.11123255,0.01025970,0.72250453
-3.80890445,1.57807186,0.02854017,0.38486726,1.51964515,0.44854670,0.11183175,0.01005520,0.69534743
-3.80290145,1.63809811,0.02651109,0.43137705,1.64538853,0.48304948,0.11337417,0.00987278,0.67098459
-3.79689845,1.70831268,0.02447668,0.48107472,1.78168143,0.52090781,0.11585286,0.00971709,0.65003719
-3.79089545,1.78865054,0.02246450,0.53361752,1.92774853,0.56190690,0.11924766,0.00959165,0.63305649
-3.78489245,1.87877815,0.02049952,0.58857495,2.08251790,0.60573829,0.12352504,0.00949873,0.62051160
-3.77888944,1.97808897,0.01860364,0.64543155,2.24462615,0.65200125,0.12863838,0.00943918,0.61277988
-3.77288644,2.08570867,0.01679534,0.70359286,2.41243445,0.70020745,0.13452853,0.00941248,0.61014023
-3.76688344,2.20051012,0.01508944,0.76239470,2.58405546,0.74978920,0.14112465,0.00941677,0.61276929
-3.76088044,2.32113782,0.01349710,0.82111549,2.75739058,0.80011098,0.14834549,0.00944894,0.62074055
-3.75487744,2.44604091,0.01202590,0.87899151,2.93017653,0.85048401,0.15610072,0.00950480,0.63402604
-3.74887444,2.57351363,0.01068001,0.93523450,3.10003958,0.90018347,0.16429253,0.00957936,0.65250072
-3.74287144,2.70174168,0.00946054,0.98905095,3.26455565,0.94846765,0.17281734,0.00966704,0.67594888
-3.73686843,2.82885251,0.00836588,1.03966261,3.42131368,0.99459848,0.18156753,0.00976204,0.70407256
-3.73086543,2.95296775,0.00739212,1.08632716,3.56798000,1.03786243,0.19043311,0.00985865,0.73650143
-3.72486243,3.07225551,0.00653354,1.12835828,3.70236090,1.07759121,0.19930340,0.00995158,0.77280391
-3.71885943,3.18498059,0.00578300,1.16514440,3.82246095,1.11318113,0.20806857,0.01003635,0.81249901
-3.71285643,3.28955059,0.00513242,1.19616516,3.92653466,1.14411052,0.21662106,0.01010953,0.85506871
-3.70685343,3.38455633,0.00457320,1.22100508,4.01312962,1.16995442,0.22485690,0.01016909,0.89997039
-3.70085043,3.46880509,0.00409655,1.23936379,4.08111944,1.19039595,0.23267688,0.01021464,0.94664905
-3.69484742,3.54134566,0.00369380,1.25106251,4.12972557,1.20523392,0.23998765,0.01024756,0.99454898
-3.68884442,3.60148476,0.00335673,1.25604659,4.15852749,1.21438647,0.24670278,0.01027117,1.04312463
-3.68284142,3.64879431,0.00307768,1.25438416,4.16746159,1.21789064,0.25274376,0.01029074,1.09185039
-3.67683842,3.68311021,0.00284977,1.24626105,4.15680921,1.21589804,0.25804100,0.01031350,1.14022908
-3.67083542,3.70452287,0.00266696,1.23197246,4.12717518,1.20866691,0.26253491,0.01034850,1.18779896
-3.66483242,3.71336068,0.00252408,1.21191177,4.07945840,1.19655102,0.26617693,0.01040646,1.23413916
-3.65882941,3.71016752,0.00241686,1.18655729,4.01481631,1.17998615,0.26893064,0.01049946,1.27887335
-3.65282641,3.69567564,0.00234190,1.15645747,3.93462521,1.15947462,0.27077288,0.01064066,1.32167185
-3.64682341,3.67077556,0.00229653,1.12221539,3.84043847,1.13556883,0.27169481,0.01084389,1.36225207
-3.64082041,3.63648430,0.00227880,1.08447319,3.73394451,1.10885441,0.27170280,0.01112318,1.40037748
-3.63481741,3.59391341,0.00228732,1.04389704,3.61692630,1.07993381,0.27081931,0.01149228,1.43585534
-3.62881441,3.54423819,0.00232117,1.00116315,3.49122372,1.04941086,0.26908335,0.01196412,1.46853348
-3.62281141,3.48866911,0.00237971,0.95694522,3.35869980,1.01787699,0.26655070,0.01255030,1.49829646
-3.61680840,3.42842632,0.00246252,0.91190368,3.22121170,0.98589941,0.26329374,0.01326048,1.52506137
-3.61080540,3.36471805,0.00256921,0.86667680,3.08058651,0.95401165,0.25940079,0.01410191,1.54877388
-3.60480240,3.29872296,0.00269935,0.82187358,2.93860199,0.92270656,0.25497501,0.01507891,1.56940462
-3.59879940,3.23157695,0.00285231,0.77806862,2.79697189,0.89243174,0.25013278,0.01619241,1.58694642
-3.59279640,3.16436400,0.00302722,0.73579843,2.65733518,0.86358739,0.24500162,0.01743965,1.60141253
-3.58679340,3.09811079,0.00322286,0.69555923,2.52124860,0.83652627,0.23971773,0.01881389,1.61283603
-3.58079040,3.03378463,0.00343762,0.65780576,2.39018156,0.81155539,0.23442309,0.02030424,1.62127033
-3.57478739,2.97229381,0.00366949,0.62295088,2.26551255,0.78893912,0.22926241,0.02189571,1.62679084
-3.56878439,2.91448976,0.00391603,0.59136567,2.14852626,0.76890322,0.22437982,0.02356930,1.62949744
-3.56278139,2.86116985,0.00417443,0.56337967,2.04041052,0.75163927,0.21991560,0.02530231,1.62951742
-3.55677839,2.81308017,0.00444153,0.53928107,1.94225258,0.73730905,0.21600291,0.02706878,1.62700855
-3.55077539,2.77091720,0.00471393,0.51931667,1.85503414,0.72604847,0.21276477,0.02884003,1.62216160
-3.54477239,2.73532768,0.00498808,0.50369141,1.77962475,0.71797058,0.21031118,0.03058545,1.61520200
-3.53876938,2.70690589,0.00526038,0.49256742,1.71677358,0.71316739,0.20873669,0.03227324,1.60638996
-3.53276638,2.68618797,0.00552734,0.48606255,1.66709959,0.71171029,0.20811823,0.03387141,1.59601869
-3.52676338,2.67364297,0.00578570,0.48424839,1.63108016,0.71364894,0.20851341,0.03534865,1.58441039
-3.52076038,2.66966064,0.00603255,0.48714796,1.60903879,0.71900868,0.20995917,0.03667533,1.57190991
-3.51475738,2.67453630,0.00626549,0.49473298,1.60113232,0.72778655,0.21247092,0.03782449,1.55887589
-3.50875438,2.68845341,0.00648272,0.50692122,1.60733835,0.73994616,0.21604194,0.03877261,1.54566985
-3.50275138,2.71146466,0.00668310,0.52357380,1.62744371,0.75541188,0.22064326,0.03950044,1.53264343
-3.49674837,2.74347281,0.00686625,0.54449304,1.66103474,0.77406265,0.22622382,0.03999361,1.52012440
-3.49074537,2.78421255,0.00703253,0.56942077,1.70749045,0.79572601,0.23271103,0.04024304,1.50840222
-3.48474237,2.83323484,0.00718306,0.59803768,1.76597921,0.82017289,0.24001161,0.04024521,1.49771398
-3.47873937,2.88989523,0.00731960,0.62996377,1.83546004,0.84711368,0.24801279,0.04000219,1.48823149
-3.47273637,2.95334749,0.00744452,0.66476025,1.91468899,0.87619612,0.25658396,0.03952149,1.48005055
-3.46673337,3.02254397,0.00756060,0.70193302,2.00223127,0.90700543,0.26557855,0.03881570,1.47318304
-3.46073037,3.09624339,0.00767093,0.74093791,2.09647943,0.93906703,0.27483645,0.03790197,1.46755267
-3.45472736,3.17302685,0.00777867,0.78118776,2.19567759,0.97185203,0.28418679,0.03680131,1.46299467
-3.44872436,3.25132223,0.00788688,0.82206123,2.29795158,1.00478561,0.29345111,0.03553780,1.45925988
-3.44272136,3.32943652,0.00799832,0.86291341,2.40134436,1.03725802,0.30244694,0.03413773,1.45602301
-3.43671836,3.40559555,0.00811523,0.90308779,2.50385604,1.06863816,0.31099177,0.03262872,1.45289513
-3.43071536,3.47798967,0.00823922,0.94192954,2.60348723,1.09828899,0.31890719,0.03103880,1.44943950
-3.42471236,3.54482385,0.00837103,0.97879950,2.69828448,1.12558447,0.32602330,0.02939555,1.44519044
-3.41870935,3.60437021,0.00851053,1.01308859,2.78638633,1.14992723,0.33218302,0.02772542,1.43967395
-3.41270635,3.65502081,0.00865660,1.04423209,2.86606816,1.17076614,0.33724643,0.02605299,1.43242940
-3.40670335,3.69533839,0.00880713,1.07172327,2.93578443,1.18761320,0.34109469,0.02440046,1.42303095
-3.40070035,3.72410284,0.00895910,1.09512581,2.99420648,1.20005878,0.34363356,0.02278733,1.41110781
-3.39469735,3.74035131,0.00910862,1.11408466,3.04025463,1.20778470,0.34479633,0.02123007,1.39636225
-3.38869435,3.74341018,0.00925114,1.12833479,3.07312312,1.21057445,0.34454585,0.01974206,1.37858449
-3.38269135,3.73291744,0.00938158,1.13770746,3.09229725,1.20832013,0.34287584,0.01833360,1.35766385
-3.37668834,3.70883457,0.00949459,1.14213397,3.09756175,1.20102581,0.33981104,0.01701205,1.33359559
-3.37068534,3.67144739,0.00958474,1.14164643,3.08900041,1.18880721,0.33540648,0.01578205,1.30648320
-3.36468234,3.62135613,0.00964682,1.13637582,3.06698697,1.17188774,0.32974567,0.01464581,1.27653623
-3.35867934,3.55945498,0.00967605,1.12654726,3.03216783,1.15059110,0.32293785,0.01360342,1.24406371
-3.35267634,3.48690248,0.00966831,1.11247272,2.98543733,1.12533081,0.31511436,0.01265326,1.20946378
-3.34667334,3.40508390,0.00962037,1.09454148,2.92790680,1.09659718,0.30642436,0.01179234,1.17320994
-3.34067034,3.31556745,0.00953003,1.07320875,2.86086867,1.06494224,0.29702995,0.01101663,1.13583477
-3.33466733,3.22005611,0.00939624,1.04898279,2.78575713,1.03096339,0.28710101,0.01032143,1.09791190
-3.32866433,3.12033716,0.00921918,1.02241108,2.70410695,0.99528619,0.27680993,0.00970159,1.06003708
-3.32266133,3.01823137,0.00900031,0.99406596,2.61751187,0.95854722,0.26632643,0.00915186,1.02280915
-3.31665833,2.91554364,0.00874228,0.96453031,2.52758428,0.92137737,0.25581271,0.00866702,0.98681176
-3.31065533,2.81401685,0.00844891,0.93438364,2.43591721,0.88438622,0.24541912,0.00824206,0.95259643
-3.30465233,2.71529039,0.00812503,0.90418901,2.34405005,0.84814802,0.23528045,0.00787237,0.92066774
-3.29864932,2.62086447,0.00777634,0.87448121,2.25343873,0.81318946,0.22551308,0.00755375,0.89147078
-3.29264632,2.53207101,0.00740920,0.84575642,2.16543098,0.77997966,0.21621290,0.00728257,0.86538152
-3.28664332,2.45005180,0.00703047,0.81846363,2.08124719,0.74892254,0.20745424,0.00705579,0.84269989
-3.28064032,2.37574389,0.00664723,0.79299794,2.00196673,0.72035158,0.19928956,0.00687097,0.82364594
-3.27463732,2.30987236,0.00626659,0.76969587,1.92851977,0.69452695,0.19175010,0.00672634,0.80835871
-3.26863432,2.25294993,0.00589549,0.74883262,1.86168417,0.67163509,0.18484719,0.00662079,0.79689772
-3.26263132,2.20528305,0.00554050,0.73062136,1.80208686,0.65179042,0.17857422,0.00655387,0.78924680
-3.25662831,2.16698351,0.00520762,0.71521432,1.75020903,0.63503908,0.17290913,0.00652578,0.78531986
-3.25062531,2.13798498,0.00490215,0.70270560,1.70639453,0.62136444,0.16781720,0.00653736,0.78496820
-3.24462231,2.11806337,0.00462859,0.69313548,1.67086055,0.61069414,0.16325402,0.00659002,0.78798906
-3.23861931,2.10686015,0.00439048,0.68649606,1.64370989,0.60290837,0.15916849,0.00668571,0.79413491
-3.23261631,2.10390769,0.00419044,0.68273794,1.62494417,0.59784905,0.15550577,0.00682680,0.80312322
-3.22661331,2.10865565,0.00403003,0.68177758,1.61447738,0.59532963,0.15220986,0.00701597,0.81464635
-3.22061031,2.12049767,0.00390985,0.68350536,1.61214925,0.59514525,0.14922593,0.00725609,0.82838123
-3.21460730,2.13879746,0.00382947,0.68779367,1.61773812,0.59708285,0.14650223,0.00755002,0.84399874
-3.20860430,2.16291372,0.00378757,0.69450505,1.63097303,0.60093096,0.14399148,0.00790041,0.86117253
-3.20260130,2.19222319,0.00378192,0.70350002,1.65154493,0.60648898,0.14165187,0.00830952,0.87958709
-3.19659830,2.22614125,0.00380952,0.71464429,1.67911682,0.61357544,0.13944749,0.00877892,0.89894517
-3.19059530,2.26413972,0.00386669,0.72781510,1.71333289,0.62203521,0.13734844,0.00930932,0.91897419
-3.18459230,2.30576126,0.00394916,0.74290652,1.75382657,0.63174527,0.13533046,0.00990029,0.93943186
-3.17858929,2.35063024,0.00405222,0.75983350,1.80022746,0.64261885,0.13337434,0.01055008,0.96011068
-3.17258629,2.39845945,0.00417082,0.77853432,1.85216701,0.65460780,0.13146507,0.01125538,0.98084144
-3.16658329,2.44905265,0.00429971,0.79897151,1.90928288,0.66770300,0.12959085,0.01201124,1.00149545
-3.16058029,2.50230264,0.00443358,0.82113098,1.97122169,0.68193273,0.12774210,0.01281094,1.02198561
-3.15457729,2.55818466,0.00456715,0.84501927,2.03764002,0.69735903,0.12591040,0.01364597,1.04226592
-3.14857429,2.61674521,0.00469537,0.87065906,2.10820327,0.71407194,0.12408767,0.01450608,1.06232963
-3.14257129,2.67808628,0.00481343,0.89808284,2.18258231,0.73218196,0.12226538,0.01537944,1.08220564
-3.13656828,2.74234531,0.00491697,0.92732499,2.26044761,0.75181062,0.12043400,0.01625276,1.10195333
-3.13056528,2.80967128,0.00500211,0.95841242,2.34146083,0.77307972,0.11858273,0.01711164,1.12165573
-3.12456228,2.88019761,0.00506553,0.99135416,2.42526401,0.79609943,0.11669933,0.01794088,1.14141104
-3.11855928,2.95401273,0.00510456,1.02613021,2.51146664,0.82095569,0.11477028,0.01872489,1.16132283
-3.11255628,3.03112942,0.00511721,1.06268023,2.59963108,0.84769751,0.11278105,0.01944810,1.18148901
-3.10655328,3.11145430,0.00510219,1.10089255,2.68925713,0.87632460,0.11071662,0.02009547,1.20199015
-3.10055028,3.19475886,0.00505890,1.14059414,2.77976673,0.90677610,0.10856201,0.02065292,1.22287751
-3.09454727,3.28065371,0.00498744,1.18154214,2.87048986,0.93892083,0.10630294,0.02110781,1.24416136
-3.08854427,3.36856770,0.00488857,1.22341761,2.96065291,0.97254983,0.10392652,0.02144933,1.26580037
-3.08254127,3.45773349,0.00476362,1.26582207,3.04937085,1.00737165,0.10142190,0.02166888,1.28769250
-3.07653827,3.54718100,0.00461449,1.30827721,3.13564434,1.04301086,0.09878082,0.02176034,1.30966837
-3.07053527,3.63574007,0.00444351,1.35022840,3.21836297,1.07901023,0.09599811,0.02172031,1.33148745
-3.06453227,3.72205291,0.00425339,1.39105194,3.29631527,1.11483663,0.09307203,0.02154817,1.35283769
-3.05852926,3.80459701,0.00404712,1.43006624,3.36820607,1.14989087,0.09000450,0.02124613,1.37333898
-3.05252626,3.88171815,0.00382785,1.46654683,3.43268124,1.18352115,0.08680113,0.02081914,1.39255055
-3.04652326,3.95167286,0.00359884,1.49974456,3.48835929,1.21503993,0.08347115,0.02027468,1.40998223
-3.04052026,4.01267910,0.00336335,1.52890675,3.53386899,1.24374360,0.08002719,0.01962251,1.42510940
-3.03451726,4.06297322,0.00312454,1.55330024,3.56789166,1.26893424,0.07648492,0.01887437,1.43739104
-3.02851426,4.10087098,0.00288543,1.57223553,3.58920623,1.28994257,0.07286264,0.01804354,1.44629010
-3.02251126,4.12482992,0.00264882,1.58509097,3.59673518,1.30615122,0.06918074,0.01714444,1.45129540
-3.01650825,4.13351014,0.00241723,1.59133581,3.58958893,1.31701718,0.06546119,0.01619221,1.45194389
-3.01050525,4.12583058,0.00219289,1.59055111,3.56710637,1.32209239,0.06172692,0.01520221,1.44784221
-3.00450225,4.10101787,0.00197769,1.58244742,3.52888938,1.32104154,0.05800131,0.01418968,1.43868631
-2.99849925,4.05864514,0.00177318,1.56687830,3.47482923,1.31365611,0.05430763,0.01316928,1.42427821
-2.99249625,3.99865876,0.00158057,1.54384895,3.40512332,1.29986407,0.05066852,0.01215483,1.40453874
-2.98649325,3.92139120,0.00140073,1.51351953,3.32028095,1.27973452,0.04710561,0.01115894,1.37951568
-2.98049025,3.82755940,0.00123423,1.47620288,3.22111779,1.25347720,0.04363907,0.01019286,1.34938663
-2.97448724,3.71824833,0.00108132,1.43235658,3.10873879,1.22143668,0.04028737,0.00926630,1.31445651
-2.96848424,3.59488035,0.00094200,1.38256990,2.98451030,1.18408172,0.03706697,0.00838732,1.27514963
-2.96248124,3.45917182,0.00081606,1.32754604,2.85002256,1.14198992,0.03399215,0.00756234,1.23199671
-2.95647824,3.31307898,0.00070305,1.26808048,2.70704428,1.09582881,0.03107492,0.00679611,1.18561757
-2.95047524,3.15873542,0.00060242,1.20503652,2.55747123,1.04633387,0.02832492,0.00609181,1.13670020
-2.94447224,2.99838436,0.00051345,1.13931900,2.40327142,0.99428480,0.02574939,0.00545114,1.08597736
-2.93846923,2.83430861,0.00043536,1.07184747,2.24642909,0.94048098,0.02335322,0.00487449,1.03420187
-2.93246623,2.66876149,0.00036730,1.00352984,2.08889006,0.88571709,0.02113896,0.00436101,0.98212169
-2.92646323,2.50390167,0.00030840,0.93523767,1.93251072,0.83076028,0.01910699,0.00390886,0.93045617
-2.92046023,2.34173460,0.00025777,0.86778402,1.77901255,0.77632936,0.01725554,0.00351535,0.87987428
-2.91445723,2.18406286,0.00021454,0.80190471,1.62994393,0.72307714,0.01558091,0.00317707,0.83097611
-2.90845423,2.03244693,0.00017788,0.73824338,1.48665023,0.67157630,0.01407763,0.00289011,0.78427798
-2.90245123,1.88817771,0.00014700,0.67734096,1.35025307,0.62230922,0.01273859,0.00265015,0.74020197
-2.89644822,1.75226102,0.00012114,0.61962946,1.22163874,0.57566193,0.01155532,0.00245265,0.69906996
-2.89044522,1.62541394,0.00009964,0.56543013,1.10145570,0.53192215,0.01051814,0.00229291,0.66110213
-2.88444222,1.50807233,0.00008185,0.51495563,0.99012041,0.49128101,0.00961642,0.00216624,0.62641986
-2.87843922,1.40040812,0.00006724,0.46831580,0.88783053,0.45383831,0.00883882,0.00206799,0.59505227
-2.87243622,1.30235486,0.00005529,0.42552642,0.79458414,0.41961051,0.00817346,0.00199367,0.56694607
-2.86643322,1.21363955,0.00004557,0.38652033,0.71020372,0.38854098,0.00760825,0.00193898,0.54197770
-2.86043022,1.13381873,0.00003770,0.35116021,0.63436333,0.36051176,0.00713101,0.00189988,0.51996714
-2.85442721,1.06231679,0.00003135,0.31925225,0.56661738,0.33535613,0.00672977,0.00187264,0.50069240
-2.84842421,0.99846447,0.00002624,0.29056015,0.50642992,0.31287140,0.00639288,0.00185381,0.48390394
-2.84242121,0.94153581,0.00002214,0.26481869,0.45320291,0.29283127,0.00610926,0.00184034,0.46933828
-2.83641821,0.89078207,0.00001885,0.24174653,0.40630262,0.27499727,0.00586851,0.00182950,0.45673023
-2.83041521,0.84546142,0.00001619,0.22105763,0.36508329,0.25912886,0.00566105,0.00181893,0.44582309
-2.82441221,0.80486347,0.00001404,0.20247120,0.32890747,0.24499194,0.00547823,0.00180664,0.43637680
-2.81840920,0.76832842,0.00001229,0.18571975,0.29716278,0.23236561,0.00531240,0.00179101,0.42817358
-2.81240620,0.73526045,0.00001084,0.17055542,0.26927480,0.22104709,0.00515696,0.00177075,0.42102120
-2.80640320,0.70513570,0.00000964,0.15675440,0.24471645,0.21085490,0.00500636,0.00174492,0.41475412
-2.80040020,0.67750525,0.00000861,0.14411959,0.22301374,0.20163037,0.00485616,0.00171287,0.40923249
-2.79439720,0.65199374,0.00000773,0.13248180,0.20374855,0.19323775,0.00470295,0.00167428,0.40433970
-2.78839420,0.62829453,0.00000696,0.12169950,0.18655875,0.18556318,0.00454434,0.00162907,0.39997854
-2.78239120,0.60616219,0.00000628,0.11165750,0.17113613,0.17851272,0.00437891,0.00157739,0.39606677
-2.77638819,0.58540324,0.00000566,0.10226478,0.15722269,0.17200982,0.00420611,0.00151963,0.39253220
-2.77038519,0.56586613,0.00000510,0.09345175,0.14460588,0.16599246,0.00402626,0.00145633,0.38930800
-2.76438219,0.54743109,0.00000459,0.08516708,0.13311302,0.16041022,0.00384040,0.00138818,0.38632837
-2.75837919,0.53000067,0.00000413,0.07737447,0.12260554,0.15522153,0.00365025,0.00131598,0.38352501
-2.75237619,0.51349139,0.00000370,0.07004945,0.11297328,0.15039122,0.00345814,0.00124059,0.38082457
-2.74637319,0.49782707,0.00000332,0.06317632,0.10412909,0.14588856,0.00326694,0.00116295,0.37814713
-2.74037019,0.48293387,0.00000298,0.05674546,0.09600408,0.14168583,0.00308002,0.00108400,0.37540596
-2.73436718,0.46873728,0.00000267,0.05075099,0.08854342,0.13775744,0.00290117,0.00100467,0.37250831
-2.72836418,0.45516100,0.00000242,0.04518886,0.08170309,0.13407965,0.00273459,0.00092586,0.36935730
-2.72236118,0.44212752,0.00000220,0.04005541,0.07544726,0.13063080,0.00258486,0.00084843,0.36585463
-2.71635818,0.42956018,0.00000204,0.03534633,0.06974654,0.12739190,0.00245693,0.00077315,0.36190408
-2.71035518,0.41738650,0.00000192,0.03105606,0.06457699,0.12434771,0.00235610,0.00070073,0.35741537
-2.70435218,0.40554225,0.00000187,0.02717752,0.05991971,0.12148785,0.00228802,0.00063180,0.35230839
-2.69834917,0.39397611,0.00000187,0.02370223,0.05576108,0.11880816,0.00225872,0.00056686,0.34651732
-2.69234617,0.38265446,0.00000193,0.02062060,0.05209345,0.11631193,0.00227453,0.00050635,0.33999466
-2.68634317,0.37156594,0.00000207,0.01792256,0.04891617,0.11401105,0.00234214,0.00045059,0.33271483
-2.68034017,0.36072564,0.00000229,0.01559818,0.04623699,0.11192683,0.00246849,0.00039982,0.32467716
-2.67433717,0.35017843,0.00000258,0.01363858,0.04407362,0.11009052,0.00266075,0.00035420,0.31590833
-2.66833417,0.34000146,0.00000297,0.01203675,0.04245528,0.10854338,0.00292624,0.00031380,0.30646391
-2.66233117,0.33030551,0.00000345,0.01078848,0.04142444,0.10733630,0.00327225,0.00027862,0.29642920
-2.65632816,0.32123520,0.00000404,0.00989321,0.04103830,0.10652883,0.00370592,0.00024861,0.28591907
-2.65032516,0.31296792,0.00000474,0.00935481,0.04137020,0.10618779,0.00423403,0.00022364,0.27507714
-2.64432216,0.30571155,0.00000556,0.00918232,0.04251067,0.10638531,0.00486272,0.00020357,0.26407400
-2.63831916,0.29970098,0.00000650,0.00939045,0.04456819,0.10719649,0.00559726,0.00018820,0.25310475
-2.63231616,0.29519348,0.00000757,0.01000000,0.04766936,0.10869662,0.00644169,0.00017730,0.24238581
-2.62631316,0.29246305,0.00000878,0.01103800,0.05195861,0.11095819,0.00739855,0.00017061,0.23215114
-2.62031016,0.29179389,0.00001011,0.01253762,0.05759705,0.11404767,0.00846846,0.00016786,0.22264785
-2.61430715,0.29347311,0.00001158,0.01453780,0.06476067,0.11802231,0.00964987,0.00016876,0.21413135
-2.60830415,0.29778283,0.00001318,0.01708259,0.07363753,0.12292701,0.01093872,0.00017299,0.20686016
-2.60230115,0.30499193,0.00001489,0.02022012,0.08442401,0.12879147,0.01232820,0.00018023,0.20109020
-2.59629815,0.31534749,0.00001672,0.02400120,0.09732000,0.13562775,0.01380854,0.00019014,0.19706905
-2.59029515,0.32906624,0.00001863,0.02847767,0.11252312,0.14342829,0.01536694,0.00020237,0.19502975
-2.58429215,0.34632619,0.00002062,0.03370026,0.13022185,0.15216465,0.01698753,0.00021655,0.19518469
-2.57828914,0.36725858,0.00002266,0.03971628,0.15058779,0.16178696,0.01865151,0.00023233,0.19771933
-2.57228614,0.39194039,0.00002473,0.04656694,0.17376721,0.17222417,0.02033741,0.00024932,0.20278606
-2.56628314,0.42038772,0.00002679,0.05428457,0.19987200,0.18338508,0.02202138,0.00026714,0.21049822
-2.56028014,0.45255011,0.00002882,0.06288965,0.22897051,0.19516027,0.02367777,0.00028543,0.22092450
-2.55427714,0.48830608,0.00003079,0.07238802,0.26107849,0.20742466,0.02527965,0.00030382,0.23408392
-2.54827414,0.52746015,0.00003265,0.08276804,0.29615065,0.22004082,0.02679958,0.00032195,0.24994144
-2.54227114,0.56974147,0.00003439,0.09399826,0.33407327,0.23286270,0.02821031,0.00033949,0.26840467
-2.53626813,0.61480435,0.00003596,0.10602546,0.37465842,0.24573982,0.02948563,0.00035614,0.28932166
-2.53026513,0.66223066,0.00003735,0.11877329,0.41764015,0.25852151,0.03060121,0.00037165,0.31248020
-2.52426213,0.71153448,0.00003851,0.13214171,0.46267325,0.27106122,0.03153532,0.00038577,0.33760872
-2.51825913,0.76216877,0.00003944,0.14600736,0.50933493,0.28322046,0.03226964,0.00039833,0.36437900
-2.51225613,0.81353438,0.00004012,0.16022478,0.55712956,0.29487244,0.03278983,0.00040921,0.39241084
-2.50625313,0.86499094,0.00004052,0.17462881,0.60549687,0.30590500,0.03308604,0.00041834,0.42127869
-2.50025013,0.91586985,0.00004066,0.18903789,0.65382338,0.31622292,0.03315327,0.00042569,0.45052026
-2.49424712,0.96548880,0.00004052,0.20325842,0.70145702,0.32574923,0.03299156,0.00043129,0.47964697
-2.48824412,1.01316759,0.00004012,0.21708996,0.74772454,0.33442584,0.03260594,0.00043523,0.50815591
-2.48224112,1.05824482,0.00003946,0.23033113,0.79195111,0.34221314,0.03200627,0.00043763,0.53554316
-2.47623812,1.10009489,0.00003857,0.24278598,0.83348146,0.34908886,0.03120690,0.00043865,0.56131784
-2.47023512,1.13814467,0.00003747,0.25427061,0.87170168,0.35504623,0.03022613,0.00043847,0.58501648
-2.46423212,1.17188930,0.00003617,0.26461969,0.90606069,0.36009155,0.02908562,0.00043728,0.60621717
-2.45822911,1.20090648,0.00003472,0.27369260,0.93609042,0.36424141,0.02780966,0.00043529,0.62455276
-2.45222611,1.22486854,0.00003314,0.28137886,0.96142358,0.36751973,0.02642437,0.00043271,0.63972262
-2.44622311,1.24355190,0.00003146,0.28760255,0.98180821,0.36995482,0.02495694,0.00042970,0.65150232
-2.44022011,1.25684329,0.00002972,0.29232554,0.99711803,0.37157676,0.02343485,0.00042642,0.65975083
-2.43421711,1.26474249,0.00002795,0.29554913,1.00735799,0.37241513,0.02188514,0.00042301,0.66441465
-2.42821411,1.26736148,0.00002617,0.29731426,1.01266456,0.37249736,0.02033383,0.00041956,0.66552890
-2.42221111,1.26491971,0.00002442,0.29769989,1.01330057,0.37184785,0.01880535,0.00041610,0.66321494
-2.41620810,1.25773591,0.00002272,0.29681982,1.00964474,0.37048779,0.01732220,0.00041267,0.65767481
-2.41020510,1.24621663,0.00002109,0.29481807,1.00217614,0.36843581,0.01590470,0.00040923,0.64918263
-2.40420210,1.23084200,0.00001955,0.29186275,0.99145439,0.36570939,0.01457090,0.00040573,0.63807322
-2.39819910,1.21214927,0.00001812,0.28813905,0.97809635,0.36232688,0.01333658,0.00040210,0.62472872
-2.39219610,1.19071497,0.00001681,0.28384141,0.96275054,0.35831017,0.01221546,0.00039824,0.60956355
-2.38619310,1.16713641,0.00001563,0.27916539,0.94607025,0.35368754,0.01121943,0.00039405,0.59300857
-2.38019010,1.14201334,0.00001460,0.27429955,0.92868698,0.34849682,0.01035892,0.00038944,0.57549525
-2.37418709,1.11593059,0.00001372,0.26941782,0.91118528,0.34278839,0.00964324,0.00038431,0.55744042
-2.36818409,1.08944244,0.00001301,0.26467271,0.89408019,0.33662793,0.00908105,0.00037862,0.53923248
-2.36218109,1.06305935,0.00001246,0.26018958,0.87779864,0.33009867,0.00868069,0.00037233,0.52121957
-2.35617809,1.03723757,0.00001208,0.25606252,0.86266535,0.32330299,0.00845058,0.00036545,0.50370032
-2.35017509,1.01237199,0.00001189,0.25235168,0.84889414,0.31636314,0.00839948,0.00035803,0.48691751
-2.34417209,0.98879237,0.00001190,0.24908248,0.83658487,0.30942104,0.00853663,0.00035015,0.47105483
-2.33816908,0.96676291,0.00001211,0.24624652,0.82572612,0.30263706,0.00887189,0.00034194,0.45623689
-2.33216608,0.94648503,0.00001253,0.24380415,0.81620334,0.29618773,0.00941556,0.00033359,0.44253221
-2.32616308,0.92810291,0.00001318,0.24168862,0.80781189,0.29026251,0.01017827,0.00032530,0.42995907
-2.32016008,0.91171133,0.00001407,0.23981147,0.80027435,0.28505951,0.01117052,0.00031730,0.41849375
-2.31415708,0.89736514,0.00001521,0.23806887,0.79326084,0.28078051,0.01240226,0.00030984,0.40808058
-2.30815408,0.88508966,0.00001661,0.23634862,0.78641151,0.27762527,0.01388220,0.00030319,0.39864329
-2.30215108,0.87489140,0.00001828,0.23453736,0.77935976,0.27578540,0.01561715,0.00029760,0.39009688
-2.29614807,0.86676818,0.00002022,0.23252766,0.77175505,0.27543800,0.01761119,0.00029332,0.38235947
-2.29014507,0.86071820,0.00002244,0.23022461,0.76328415,0.27673935,0.01986485,0.00029057,0.37536332
-2.28414207,0.85674741,0.00002494,0.22755155,0.75368970,0.27981885,0.02237428,0.00028954,0.36906451
-2.27813907,0.85487469,0.00002770,0.22445470,0.74278526,0.28477346,0.02513055,0.00029035,0.36345076
-2.27213607,0.85513470,0.00003071,0.22090648,0.73046611,0.29166301,0.02811890,0.00029312,0.35854684
-2.26613307,0.85757811,0.00003395,0.21690729,0.71671537,0.30050643,0.03131833,0.00029787,0.35441743
-2.26013007,0.86226939,0.00003740,0.21248592,0.70160540,0.31127918,0.03470124,0.00030459,0.35116713
-2.25412706,0.86928225,0.00004102,0.20769824,0.68529425,0.32391215,0.03823341,0.00031320,0.34893762
-2.24812406,0.87869305,0.00004477,0.20262470,0.66801785,0.33829189,0.04187417,0.00032356,0.34790218
-2.24212106,0.89057277,0.00004860,0.19736638,0.65007811,0.35426247,0.04557695,0.00033549,0.34825762
-2.23611806,0.90497779,0.00005246,0.19204018,0.63182797,0.37162885,0.04929003,0.00034878,0.35021412
-2.23011506,0.92194036,0.00005630,0.18677314,0.61365392,0.39016166,0.05295769,0.00036317,0.35398344
-2.22411206,0.94145915,0.00006005,0.18169627,0.59595713,0.40960335,0.05652149,0.00037839,0.35976598
-2.21810905,0.96349045,0.00006366,0.17693833,0.57913415,0.42967541,0.05992193,0.00039417,0.36773732
-2.21210605,0.98794072,0.00006707,0.17261959,0.56355789,0.45008644,0.06310012,0.00041024,0.37803493
-2.20610305,1.01466069,0.00007023,0.16884614,0.54956008,0.47054084,0.06599967,0.00042636,0.39074567
-2.20010005,1.04344163,0.00007307,0.16570472,0.53741574,0.49074755,0.06856850,0.00044233,0.40589467
-2.19409705,1.07401378,0.00007557,0.16325864,0.52733046,0.51042876,0.07076069,0.00045799,0.42343633
-2.18809405,1.10604729,0.00007769,0.16154455,0.51943092,0.52932796,0.07253807,0.00047325,0.44324767
-2.18209105,1.13915559,0.00007940,0.16057056,0.51375898,0.54721717,0.07387166,0.00048808,0.46512483
-2.17608804,1.17290104,0.00008069,0.16031551,0.51026962,0.56390287,0.07474273,0.00050253,0.48878263
-2.17008504,1.20680284,0.00008156,0.16072953,0.50883251,0.57923049,0.07514356,0.00051672,0.51385765
-2.16408204,1.24034672,0.00008202,0.16173577,0.50923726,0.59308716,0.07507775,0.00053085,0.53991466
-2.15807904,1.27299613,0.00008209,0.16323327,0.51120179,0.60540263,0.07456009,0.00054516,0.56645637
-2.15207604,1.30420452,0.00008181,0.16510078,0.51438364,0.61614837,0.07361600,0.00055996,0.59293608
-2.14607304,1.33342825,0.00008122,0.16720134,0.51839342,0.62533480,0.07228058,0.00057559,0.61877297
-2.14007004,1.36013953,0.00008036,0.16938747,0.52280988,0.63300690,0.07059727,0.00059242,0.64336922
-2.13406703,1.38383906,0.00007931,0.17150667,0.52719598,0.63923834,0.06861617,0.00061079,0.66612846
-2.12806403,1.40406785,0.00007810,0.17340706,0.53111512,0.64412448,0.06639217,0.00063106,0.68647479
-2.12206103,1.42041765,0.00007681,0.17494286,0.53414695,0.64777462,0.06398291,0.00065350,0.70387137
-2.11605803,1.43253992,0.00007549,0.17597953,0.53590214,0.65030381,0.06144671,0.00067834,0.71783807
-2.11005503,1.44015277,0.00007419,0.17639837,0.53603540,0.65182473,0.05884047,0.00070570,0.72796716
-2.10405203,1.44304578,0.00007297,0.17610033,0.53425652,0.65244003,0.05621785,0.00073561,0.73393655
-2.09804902,1.44108266,0.00007186,0.17500907,0.53033872,0.65223545,0.05362747,0.00076797,0.73551988
-2.09204602,1.43420163,0.00007088,0.17307292,0.52412444,0.65127422,0.05111160,0.00080256,0.73259311
-2.08604302,1.42241376,0.00007006,0.17026591,0.51552817,0.64959289,0.04870502,0.00083900,0.72513736
-2.08004002,1.40579931,0.00006940,0.16658782,0.50453643,0.64719889,0.04643437,0.00087682,0.71323797
-2.07403702,1.38450248,0.00006890,0.16206316,0.49120518,0.64406995,0.04431778,0.00091540,0.69707975
-2.06803402,1.35872486,0.00006854,0.15673938,0.47565464,0.64015529,0.04236498,0.00095403,0.67693890
-2.06203102,1.32871800,0.00006830,0.15068429,0.45806214,0.63537871,0.04057768,0.00099189,0.65317198
-2.05602801,1.29477538,0.00006813,0.14398279,0.43865330,0.62964330,0.03895034,0.00102813,0.62620241
-2.05002501,1.25722431,0.00006801,0.13673334,0.41769200,0.62283743,0.03747111,0.00106184,0.59650532
-2.04402201,1.21641803,0.00006789,0.12904399,0.39546973,0.61484195,0.03612304,0.00109214,0.56459137
-2.03801901,1.17272826,0.00006771,0.12102846,0.37229470,0.60553798,0.03488542,0.00111815,0.53099030
-2.03201601,1.12653849,0.00006744,0.11280225,0.34848132,0.59481495,0.03373511,0.00113906,0.49623485
-2.02601301,1.07823814,0.00006702,0.10447904,0.32434025,0.58257854,0.03264792,0.00115418,0.46084581
-2.02001001,1.02821754,0.00006642,0.09616741,0.30016964,0.56875790,0.03159989,0.00116291,0.42531856
-2.01400700,0.97686386,0.00006560,0.08796811,0.27624754,0.55331204,0.03056847,0.00116481,0.39011168
-2.00800400,0.92455777,0.00006454,0.07997179,0.25282584,0.53623472,0.02953347,0.00115959,0.35563784
-2.00200100,0.87167070,0.00006322,0.07225741,0.23012581,0.51755787,0.02847789,0.00114714,0.32225706
-1.99599800,0.81856268,0.00006162,0.06489112,0.20833514,0.49735325,0.02738842,0.00112752,0.29027251
-1.98999500,0.76558036,0.00005975,0.05792583,0.18760651,0.47573220,0.02625581,0.00110096,0.25992863
-1.98399200,0.71305519,0.00005762,0.05140119,0.16805755,0.45284369,0.02507497,0.00106786,0.23141145
-1.97798899,0.66130168,0.00005525,0.04534405,0.14977193,0.42887060,0.02384483,0.00102876,0.20485076
-1.97198599,0.61061541,0.00005265,0.03976938,0.13280147,0.40402464,0.02256810,0.00098431,0.18032388
-1.96598299,0.56127111,0.00004986,0.03468132,0.11716902,0.37853994,0.02125079,0.00093530,0.15786064
-1.95997999,0.51352045,0.00004692,0.03007458,0.10287180,0.35266598,0.01990168,0.00088256,0.13744916
-1.95397699,0.46758986,0.00004387,0.02593587,0.08988513,0.32665986,0.01853170,0.00082697,0.11904217
-1.94797399,0.42367843,0.00004074,0.02224543,0.07816620,0.30077861,0.01715323,0.00076945,0.10256346
-1.94197099,0.38195588,0.00003758,0.01897846,0.06765786,0.27527171,0.01577948,0.00071088,0.08791427
-1.93596798,0.34256096,0.00003443,0.01610658,0.05829216,0.25037416,0.01442382,0.00065213,0.07497930
-1.92996498,0.30560017,0.00003133,0.01359906,0.04999362,0.22630050,0.01309924,0.00059399,0.06363219
-1.92396198,0.27114719,0.00002831,0.01142399,0.04268219,0.20323989,0.01181781,0.00053719,0.05374049
-1.91795898,0.23924279,0.00002540,0.00954923,0.03627573,0.18135238,0.01059033,0.00048237,0.04516979
-1.91195598,0.20989565,0.00002263,0.00794322,0.03069213,0.16076650,0.00942598,0.00043005,0.03778719
-1.90595298,0.18308367,0.00002002,0.00657561,0.02585101,0.14157821,0.00833217,0.00038066,0.03146413
-1.89994997,0.15875617,0.00001759,0.00541770,0.02167504,0.12385096,0.00731441,0.00033454,0.02607836
-1.89394697,0.13683659,0.00001534,0.00444283,0.01809095,0.10761696,0.00637630,0.00029191,0.02151556
-1.88794397,0.11722568,0.00001329,0.00362652,0.01503013,0.09287935,0.00551962,0.00025288,0.01767019
-1.88194097,0.09980518,0.00001143,0.00294661,0.01242911,0.07961515,0.00474447,0.00021751,0.01444603
-1.87593797,0.08444164,0.00000976,0.00238324,0.01022976,0.06777870,0.00404940,0.00018574,0.01175632
-1.86993497,0.07099038,0.00000827,0.00191879,0.00837925,0.05730552,0.00343170,0.00015747,0.00952360
-1.86393197,0.05929935,0.00000696,0.00153781,0.00683004,0.04811623,0.00288759,0.00013255,0.00767932
-1.85792896,0.04921287,0.00000582,0.00122684,0.00553962,0.04012050,0.00241247,0.00011077,0.00616335
-1.85192596,0.04057501,0.00000483,0.00097424,0.00447027,0.03322077,0.00200118,0.00009191,0.00492332
-1.84592296,0.03323266,0.00000397,0.00077006,0.00358873,0.02731565,0.00164816,0.00007571,0.00391396
-1.83991996,0.02703802,0.00000325,0.00060581,0.00286587,0.02230300,0.00134772,0.00006192,0.00309642
-1.83391696,0.02185079,0.00000264,0.00047432,0.00227632,0.01808243,0.00109417,0.00005028,0.00243754
-1.82791396,0.01753971,0.00000213,0.00036957,0.00179816,0.01455744,0.00088197,0.00004053,0.00190920
-1.82191096,0.01398374,0.00000170,0.00028655,0.00141252,0.01163700,0.00070583,0.00003244,0.00148771
-1.81590795,0.01107269,0.00000135,0.00022106,0.00110328,0.00923676,0.00056082,0.00002578,0.00115321
-1.80990495,0.00870759,0.00000107,0.00016967,0.00085677,0.00727973,0.00044241,0.00002034,0.00088915
-1.80390195,0.00680055,0.00000084,0.00012955,0.00066142,0.00569670,0.00034650,0.00001593,0.00068183
-1.79789895,0.00527447,0.00000065,0.00009839,0.00050757,0.00442629,0.00026943,0.00001239,0.00051996
-1.79189595,0.00406248,0.00000050,0.00007432,0.00038715,0.00341477,0.00020801,0.00000956,0.00039428
-1.78589295,0.00310722,0.00000038,0.00005583,0.00029348,0.00261567,0.00015943,0.00000733,0.00029727
-1.77988994,0.00235999,0.00000029,0.00004171,0.00022109,0.00198931,0.00012132,0.00000558,0.00022282
-1.77388694,0.00177991,0.00000022,0.00003098,0.00016551,0.00150217,0.00009166,0.00000421,0.00016602
-1.76788394,0.00133300,0.00000017,0.00002288,0.00012311,0.00112623,0.00006875,0.00000316,0.00012296
-1.76188094,0.00099128,0.00000012,0.00001679,0.00009098,0.00083835,0.00005120,0.00000235,0.00009051
-1.75587794,0.00073197,0.00000009,0.00001225,0.00006680,0.00061960,0.00003786,0.00000174,0.00006621
-1.74987494,0.00053668,0.00000007,0.00000889,0.00004873,0.00045466,0.00002779,0.00000128,0.00004813
-1.74387194,0.00039071,0.00000005,0.00000641,0.00003531,0.00033124,0.00002025,0.00000093,0.00003477
-1.73786893,0.00028243,0.00000004,0.00000459,0.00002541,0.00023960,0.00001465,0.00000067,0.00002496
-1.73186593,0.00020271,0.00000003,0.00000327,0.00001817,0.00017207,0.00001053,0.00000048,0.00001780
-1.72586293,0.00014446,0.00000002,0.00000231,0.00001290,0.00012269,0.00000751,0.00000035,0.00001261
-1.71985993,0.00010221,0.00000001,0.00000162,0.00000910,0.00008686,0.00000532,0.00000024,0.00000887
-1.71385693,0.00007181,0.00000001,0.00000113,0.00000637,0.00006105,0.00000374,0.00000017,0.00000620
-1.70785393,0.00005009,0.00000001,0.00000079,0.00000443,0.00004260,0.00000261,0.00000012,0.00000431
-1.70185093,0.00003469,0.00000000,0.00000054,0.00000306,0.00002951,0.00000181,0.00000008,0.00000297
-1.69584792,0.00002386,0.00000000,0.00000037,0.00000210,0.00002030,0.00000124,0.00000006,0.00000204
-1.68984492,0.00001629,0.00000000,0.00000025,0.00000143,0.00001387,0.00000085,0.00000004,0.00000139
-1.68384192,0.00001104,0.00000000,0.00000017,0.00000097,0.00000940,0.00000058,0.00000003,0.00000094
-1.67783892,0.00000743,0.00000000,0.00000011,0.00000065,0.00000633,0.00000039,0.00000002,0.00000063
-1.67183592,0.00000497,0.00000000,0.00000008,0.00000043,0.00000423,0.00000026,0.00000001,0.00000042
-1.66583292,0.00000331,0.00000000,0.00000005,0.00000029,0.00000281,0.00000018,0.00000001,0.00000028
-1.65982991,0.00000219,0.00000000,0.00000004,0.00000019,0.00000186,0.00000012,0.00000001,0.00000018
-1.65382691,0.00000146,0.00000000,0.00000003,0.00000012,0.00000123,0.00000009,0.00000000,0.00000012
-1.64782391,0.00000098,0.00000000,0.00000002,0.00000008,0.00000082,0.00000007,0.00000000,0.00000008
-1.64182091,0.00000070,0.00000000,0.00000002,0.00000005,0.00000057,0.00000006,0.00000000,0.00000006
-1.63581791,0.00000054,0.00000000,0.00000002,0.00000004,0.00000042,0.00000007,0.00000001,0.00000004
-1.62981491,0.00000050,0.00000000,0.00000003,0.00000002,0.00000035,0.00000009,0.00000001,0.00000004
-1.62381191,0.00000055,0.00000000,0.00000005,0.00000002,0.00000036,0.00000013,0.00000001,0.00000004
-1.61780890,0.00000072,0.00000000,0.00000007,0.00000002,0.00000045,0.00000020,0.00000002,0.00000005
-1.61180590,0.00000103,0.00000000,0.00000011,0.00000002,0.00000062,0.00000030,0.00000003,0.00000008
-1.60580290,0.00000153,0.00000000,0.00000017,0.00000003,0.00000090,0.00000047,0.00000004,0.00000012
-1.59979990,0.00000231,0.00000000,0.00000026,0.00000004,0.00000135,0.00000071,0.00000007,0.00000017
-1.59379690,0.00000348,0.00000000,0.00000039,0.00000005,0.00000203,0.00000107,0.00000010,0.00000026
-1.58779390,0.00000523,0.00000000,0.00000059,0.00000008,0.00000304,0.00000162,0.00000015,0.00000039
-1.58179090,0.00000781,0.00000000,0.00000088,0.00000012,0.00000454,0.00000242,0.00000022,0.00000059
-1.57578789,0.00001159,0.00000000,0.00000131,0.00000018,0.00000673,0.00000359,0.00000033,0.00000087
-1.56978489,0.00001708,0.00000000,0.00000193,0.00000026,0.00000991,0.00000528,0.00000049,0.00000129
-1.56378189,0.00002498,0.00000000,0.00000282,0.00000039,0.00001449,0.00000773,0.00000072,0.00000189
-1.55777889,0.00003628,0.00000000,0.00000410,0.00000056,0.00002105,0.00001122,0.00000104,0.00000276
-1.55177589,0.00005232,0.00000000,0.00000591,0.00000081,0.00003034,0.00001618,0.00000150,0.00000398
-1.54577289,0.00007491,0.00000000,0.00000846,0.00000117,0.00004344,0.00002316,0.00000215,0.00000572
-1.53976988,0.00010649,0.00000000,0.00001203,0.00000167,0.00006173,0.00003291,0.00000305,0.00000815
-1.53376688,0.00015029,0.00000000,0.00001698,0.00000237,0.00008710,0.00004644,0.00000430,0.00001154
-1.52776388,0.00021058,0.00000000,0.00002379,0.00000334,0.00012201,0.00006505,0.00000603,0.00001622
-1.52176088,0.00029295,0.00000000,0.00003311,0.00000468,0.00016969,0.00009047,0.00000838,0.00002264
-1.51575788,0.00040463,0.00000000,0.00004574,0.00000650,0.00023431,0.00012492,0.00001157,0.00003140
-1.50975488,0.00055489,0.00000000,0.00006275,0.00000898,0.00032121,0.00017125,0.00001587,0.00004325
-1.50375188,0.00075550,0.00000000,0.00008546,0.00001232,0.00043718,0.00023308,0.00002160,0.00005916
-1.49774887,0.00102128,0.00000000,0.00011557,0.00001680,0.00059075,0.00031495,0.00002918,0.00008038
-1.49174587,0.00137071,0.00000000,0.00015518,0.00002275,0.00079253,0.00042251,0.00003915,0.00010848
-1.48574287,0.00182655,0.00000000,0.00020688,0.00003062,0.00105559,0.00056275,0.00005214,0.00014542
-1.47973987,0.00241663,0.00000000,0.00027385,0.00004094,0.00139589,0.00074414,0.00006895,0.00019366
-1.47373687,0.00317452,0.00000000,0.00035994,0.00005440,0.00183263,0.00097694,0.00009052,0.00025620
-1.46773387,0.00414040,0.00000000,0.00046973,0.00007184,0.00238874,0.00127336,0.00011798,0.00033673
-1.46173087,0.00536168,0.00000000,0.00060868,0.00009428,0.00309126,0.00164780,0.00015267,0.00043970
-1.45572786,0.00689380,0.00000000,0.00078318,0.00012297,0.00397167,0.00211703,0.00019615,0.00057046
-1.44972486,0.00880070,0.00000000,0.00100059,0.00015943,0.00506620,0.00270035,0.00025019,0.00073539
-1.44372186,0.01115527,0.00000000,0.00126936,0.00020547,0.00641598,0.00341966,0.00031684,0.00094201
-1.43771886,0.01403944,0.00000000,0.00159903,0.00026326,0.00806705,0.00429948,0.00039836,0.00119914
-1.43171586,0.01754407,0.00000000,0.00200021,0.00033533,0.01007021,0.00536684,0.00049725,0.00151699
-1.42571286,0.02176834,0.00000000,0.00248456,0.00042467,0.01248056,0.00665107,0.00061623,0.00190734
-1.41970985,0.02681877,0.00000000,0.00306467,0.00053478,0.01535684,0.00818341,0.00075821,0.00238359
-1.41370685,0.03280767,0.00000000,0.00375394,0.00066966,0.01876039,0.00999647,0.00092619,0.00296093
-1.40770385,0.03985108,0.00000000,0.00456638,0.00083393,0.02275382,0.01212354,0.00112327,0.00365635
-1.40170085,0.04806602,0.00000000,0.00551626,0.00103282,0.02739932,0.01459761,0.00135250,0.00448871
-1.39569785,0.05756728,0.00000000,0.00661786,0.00127225,0.03275656,0.01745036,0.00161681,0.00547878
-1.38969485,0.06846352,0.00000000,0.00788500,0.00155882,0.03888034,0.02071080,0.00191890,0.00664916
-1.38369185,0.08085293,0.00000000,0.00933060,0.00189988,0.04581794,0.02440390,0.00226107,0.00802425
-1.37768884,0.09481851,0.00000000,0.01096620,0.00230348,0.05360622,0.02854904,0.00264513,0.00963008
-1.37168584,0.11042310,0.00000000,0.01280134,0.00277837,0.06226863,0.03315842,0.00307219,0.01149411
-1.36568284,0.12770428,0.00000000,0.01484308,0.00333401,0.07181222,0.03823544,0.00354259,0.01364500
-1.35967984,0.14666957,0.00000000,0.01709541,0.00398044,0.08222480,0.04377320,0.00405567,0.01611225
-1.35367684,0.16729188,0.00000000,0.01955876,0.00472821,0.09347238,0.04975314,0.00460973,0.01892577
-1.34767384,0.18950575,0.00000000,0.02222953,0.00558827,0.10549708,0.05614390,0.00520184,0.02211543
-1.34167084,0.21320439,0.00000000,0.02509972,0.00657178,0.11821562,0.06290059,0.00582786,0.02571043
-1.33566783,0.23823801,0.00000000,0.02815671,0.00768992,0.13151868,0.06996434,0.00648234,0.02973870
-1.32966483,0.26441345,0.00000000,0.03138310,0.00895365,0.14527102,0.07726251,0.00715852,0.03422618
-1.32366183,0.29149538,0.00000000,0.03475679,0.01037341,0.15931274,0.08470925,0.00784848,0.03919597
-1.31765883,0.31920916,0.00000000,0.03825116,0.01195883,0.17346152,0.09220679,0.00854314,0.04466760
-1.31165583,0.34724537,0.00000000,0.04183548,0.01371839,0.18751595,0.09964718,0.00923251,0.05065610
-1.30565283,0.37526602,0.00000001,0.04547542,0.01565904,0.20125987,0.10691464,0.00990586,0.05717111
-1.29964982,0.40291219,0.00000001,0.04913379,0.01778584,0.21446764,0.11388839,0.01055199,0.06421613
-1.29364682,0.42981293,0.00000001,0.05277138,0.02010162,0.22691020,0.12044588,0.01115956,0.07178760
-1.28764382,0.45559521,0.00000002,0.05634790,0.02260663,0.23836161,0.12646629,0.01171737,0.07987427
-1.28164082,0.47989436,0.00000003,0.05982303,0.02529822,0.24860595,0.13183420,0.01221472,0.08845659
-1.27563782,0.50236472,0.00000005,0.06315747,0.02817062,0.25744419,0.13644327,0.01264177,0.09750624
-1.26963482,0.52269001,0.00000007,0.06631400,0.03121479,0.26470081,0.14019974,0.01298983,0.10698598
-1.26363182,0.54059303,0.00000010,0.06925851,0.03441832,0.27022986,0.14302561,0.01325168,0.11684956
-1.25762881,0.55584412,0.00000014,0.07196087,0.03776547,0.27392010,0.14486138,0.01342179,0.12704202
-1.25162581,0.56826829,0.00000020,0.07439576,0.04123735,0.27569915,0.14566818,0.01349659,0.13750018
-1.24562281,0.57775038,0.00000029,0.07654327,0.04481219,0.27553630,0.14542913,0.01347450,0.14815345
-1.23961981,0.58423836,0.00000041,0.07838936,0.04846575,0.27344400,0.14415006,0.01335607,0.15892483
-1.23361681,0.58774450,0.00000058,0.07992611,0.05217186,0.26947785,0.14185936,0.01314394,0.16973222
-1.22761381,0.58834440,0.00000081,0.08115177,0.05590306,0.26373522,0.13860700,0.01284275,0.18048990
-1.22161081,0.58617419,0.00000112,0.08207062,0.05963140,0.25635259,0.13446292,0.01245899,0.19111012
-1.21560780,0.58142585,0.00000154,0.08269268,0.06332923,0.24750175,0.12951471,0.01200079,0.20150489
-1.20960480,0.57434118,0.00000211,0.08303323,0.06697014,0.23738505,0.12386476,0.01147765,0.21158765
-1.20360180,0.56520472,0.00000286,0.08311223,0.07052991,0.22623013,0.11762705,0.01090016,0.22127508
-1.19759880,0.55433596,0.00000385,0.08295367,0.07398745,0.21428422,0.11092369,0.01027966,0.23048867
-1.19159580,0.54208139,0.00000514,0.08258491,0.07732582,0.20180845,0.10388143,0.00962791,0.23915624
-1.18559280,0.52880680,0.00000683,0.08203591,0.08053310,0.18907248,0.09662824,0.00895682,0.24721323
-1.17958979,0.51489015,0.00000901,0.08133868,0.08360335,0.17634955,0.08929013,0.00827810,0.25460379
-1.17358679,0.50071541,0.00001180,0.08052659,0.08653743,0.16391239,0.08198836,0.00760303,0.26128172
-1.16758379,0.48666762,0.00001535,0.07963403,0.08934375,0.15202990,0.07483707,0.00694223,0.26721104
-1.16158079,0.47312931,0.00001982,0.07869596,0.09203902,0.14096491,0.06794152,0.00630551,0.27236661
-1.15557779,0.46047838,0.00002541,0.07774779,0.09464876,0.13097289,0.06139682,0.00570175,0.27673435
-1.14957479,0.44908731,0.00003236,0.07682528,0.09720784,0.12230157,0.05528726,0.00513879,0.28031153
-1.14357179,0.43932363,0.00004093,0.07596461,0.09976078,0.11519138,0.04968618,0.00462348,0.28310690
-1.13756878,0.43155134,0.00005140,0.07520262,0.10236198,0.10987652,0.04465630,0.00416168,0.28514078
-1.13156578,0.42613289,0.00006410,0.07457700,0.10507562,0.10658630,0.04025048,0.00375832,0.28644511
-1.12556278,0.42343143,0.00007940,0.07412662,0.10797550,0.10554666,0.03651273,0.00341746,0.28706352
-1.11955978,0.42381266,0.00009766,0.07389183,0.11114442,0.10698141,0.03347943,0.00314247,0.28705126
-1.11355678,0.42764599,0.00011930,0.07391462,0.11467333,0.11111296,0.03118068,0.00293608,0.28647511
-1.10755378,0.43530439,0.00014473,0.07423876,0.11866007,0.11816226,0.02964148,0.00280049,0.28541312
-1.10155078,0.44716259,0.00017437,0.07490964,0.12320765,0.12834767,0.02888294,0.00273750,0.28395406
-1.09554777,0.46359315,0.00020865,0.07597399,0.12842204,0.14188259,0.02892312,0.00274857,0.28219663
-1.08954477,0.48496032,0.00024796,0.07747922,0.13440955,0.15897171,0.02977764,0.00283484,0.28024828
-1.08354177,0.51161134,0.00029267,0.07947253,0.14127363,0.17980583,0.03145993,0.00299720,0.27822345
-1.07753877,0.54386543,0.00034310,0.08199966,0.14911126,0.20455533,0.03398106,0.00323619,0.27624148
-1.07153577,0.58200047,0.00039948,0.08510336,0.15800892,0.23336236,0.03734926,0.00355204,0.27442388
-1.06553277,0.62623789,0.00046197,0.08882157,0.16803832,0.26633201,0.04156896,0.00394450,0.27289108
-1.05952976,0.67672622,0.00053064,0.09318540,0.17925191,0.30352283,0.04663957,0.00441281,0.27175883
-1.05352676,0.73352406,0.00060541,0.09821693,0.19167851,0.34493704,0.05255403,0.00495551,0.27113421
-1.04752376,0.79658321,0.00068607,0.10392700,0.20531906,0.39051092,0.05929708,0.00557033,0.27111145
-1.04152076,0.86573300,0.00077228,0.11031299,0.22014287,0.44010593,0.06684355,0.00625401,0.27176778
-1.03551776,0.94066670,0.00086351,0.11735692,0.23608454,0.49350105,0.07515657,0.00700225,0.27315942
-1.02951476,1.02093097,0.00095911,0.12502369,0.25304177,0.55038694,0.08418609,0.00780948,0.27531809
-1.02351176,1.10591936,0.00105823,0.13325986,0.27087427,0.61036237,0.09386747,0.00866888,0.27824807
-1.01750875,1.19487057,0.00115989,0.14199299,0.28940394,0.67293337,0.10412063,0.00957226,0.28192412
-1.01150575,1.28687206,0.00126295,0.15113153,0.30841645,0.73751553,0.11484954,0.01051010,0.28629047
-1.00550275,1.38086953,0.00136618,0.16056550,0.32766429,0.80343953,0.12594237,0.01147158,0.29126088
-0.99949975,1.47568231,0.00146823,0.17016792,0.34687130,0.86996020,0.13727223,0.01244472,0.29671999
-0.99349675,1.57002457,0.00156768,0.17979693,0.36573856,0.93626883,0.14869859,0.01341652,0.30252581
-0.98749375,1.66253191,0.00166310,0.18929873,0.38395152,1.00150871,0.16006933,0.01437320,0.30851345
-0.98149075,1.75179260,0.00175306,0.19851112,0.40118820,1.06479345,0.17122345,0.01530049,0.31449994
-0.97548774,1.83638259,0.00183617,0.20726756,0.41712804,1.12522749,0.18199442,0.01618394,0.32028985
-0.96948474,1.91490287,0.00191114,0.21540168,0.43146125,1.18192833,0.19221384,0.01700925,0.32568165
-0.96348174,1.98601811,0.00197681,0.22275200,0.44389812,1.23404949,0.20171566,0.01776270,0.33047443
-0.95747874,2.04849483,0.00203218,0.22916672,0.45417802,1.28080360,0.21034042,0.01843152,0.33447479
-0.95147574,2.10123779,0.00207645,0.23450833,0.46207769,1.32148462,0.21793964,0.01900420,0.33750352
-0.94547274,2.14332298,0.00210905,0.23865789,0.46741836,1.35548836,0.22438007,0.01947095,0.33940179
-0.93946973,2.17402604,0.00212968,0.24151883,0.47007163,1.38233055,0.22954753,0.01982390,0.34003670
-0.93346673,2.19284472,0.00213828,0.24302001,0.46996358,1.40166158,0.23335039,0.02005742,0.33930580
-0.92746373,2.19951457,0.00213506,0.24311795,0.46707712,1.41327750,0.23572233,0.02016828,0.33714052
-0.92146073,2.19401724,0.00212050,0.24179826,0.46145245,1.41712661,0.23662439,0.02015578,0.33350834
-0.91545773,2.17658089,0.00209533,0.23907595,0.45318559,1.41331147,0.23604618,0.02002175,0.32841359
-0.90945473,2.14767287,0.00206051,0.23499486,0.44242503,1.40208610,0.23400613,0.01977054,0.32189696
-0.90345173,2.10798475,0.00201721,0.22962614,0.42936684,1.38384851,0.23055087,0.01940882,0.31403373
-0.89744872,2.05841053,0.00196676,0.22306579,0.41424820,1.35912876,0.22575370,0.01894544,0.30493079
-0.89144572,2.00001873,0.00191062,0.21543153,0.39733986,1.32857292,0.21971227,0.01839112,0.29472263
-0.88544272,1.93401946,0.00185032,0.20685898,0.37893773,1.29292359,0.21254545,0.01775807,0.28356654
-0.87943972,1.86172782,0.00178745,0.19749743,0.35935408,1.25299754,0.20438969,0.01705968,0.27163713
-0.87343672,1.78452491,0.00172356,0.18750529,0.33890847,1.20966142,0.19539488,0.01631007,0.25912053
-0.86743372,1.70381792,0.00166016,0.17704551,0.31791903,1.16380624,0.18571996,0.01552365,0.24620833
-0.86143072,1.62100076,0.00159866,0.16628097,0.29669424,1.11632162,0.17552844,0.01471476,0.23309172
-0.85542771,1.53741644,0.00154030,0.15537027,0.27552544,1.06807078,0.16498394,0.01389720,0.21995583
-0.84942471,1.45432271,0.00148618,0.14446377,0.25468048,1.01986692,0.15424600,0.01308393,0.20697457
-0.84342171,1.37286176,0.00143715,0.13370021,0.23439846,0.97245200,0.14346628,0.01228671,0.19430618
-0.83741871,1.29403510,0.00139386,0.12320395,0.21488580,0.92647859,0.13278519,0.01151586,0.18208947
-0.83141571,1.21868419,0.00135671,0.11308283,0.19631364,0.88249529,0.12232915,0.01078005,0.17044100
-0.82541271,1.14747730,0.00132585,0.10342673,0.17881654,0.84093624,0.11220847,0.01008616,0.15945316
-0.81940970,1.08090281,0.00130118,0.09430688,0.16249247,0.80211501,0.10251596,0.00943923,0.14919319
-0.81340670,1.01926885,0.00128238,0.08577572,0.14740387,0.76622290,0.09332609,0.00884247,0.13970314
-0.80740370,0.96270908,0.00126889,0.07786750,0.13357982,0.73333176,0.08469496,0.00829732,0.13100072
-0.80140070,0.91119402,0.00125999,0.07059929,0.12101893,0.70340084,0.07666069,0.00780355,0.12308088
-0.79539770,0.86454736,0.00125478,0.06397255,0.10969293,0.67628752,0.06924452,0.00735949,0.11591814
-0.78939470,0.82246631,0.00125227,0.05797498,0.09955077,0.65176123,0.06245217,0.00696218,0.10946943
-0.78339170,0.78454500,0.00125137,0.05258265,0.09052286,0.62951995,0.05627567,0.00660764,0.10367739
-0.77738869,0.75030007,0.00125096,0.04776224,0.08252554,0.60920859,0.05069533,0.00629113,0.09847391
-0.77138569,0.71919712,0.00124992,0.04347343,0.07546540,0.59043827,0.04568196,0.00600741,0.09378378
-0.76538269,0.69067721,0.00124718,0.03967114,0.06924340,0.57280596,0.04119902,0.00575097,0.08952837
-0.75937969,0.66418215,0.00124178,0.03630775,0.06375866,0.55591339,0.03720481,0.00551634,0.08562908
-0.75337669,0.63917792,0.00123284,0.03333509,0.05891182,0.53938467,0.03365449,0.00529823,0.08201054
-0.74737369,0.61517526,0.00121965,0.03070623,0.05460792,0.52288192,0.03050197,0.00509178,0.07860346
-0.74137069,0.59174686,0.00120167,0.02837701,0.05075870,0.50611828,0.02770151,0.00489272,0.07534700
-0.73536768,0.56854078,0.00117852,0.02630730,0.04728441,0.48886808,0.02520911,0.00469745,0.07219058
-0.72936468,0.54528974,0.00115003,0.02446191,0.04411500,0.47097375,0.02298363,0.00450316,0.06909523
-0.72336168,0.52181633,0.00111621,0.02281128,0.04119083,0.45234949,0.02098756,0.00430785,0.06603432
-0.71735868,0.49803412,0.00107724,0.02133188,0.03846292,0.43298169,0.01918762,0.00411035,0.06299380
-0.71135568,0.47394514,0.00103347,0.02000631,0.03589271,0.41292643,0.01755501,0.00391031,0.05997193
-0.70535268,0.44963396,0.00098540,0.01882324,0.03345153,0.39230418,0.01606551,0.00370808,0.05697855
-0.69934967,0.42525899,0.00093363,0.01777707,0.03111974,0.37129236,0.01469933,0.00350473,0.05403401
-0.69334667,0.40104154,0.00087886,0.01686750,0.02888565,0.35011598,0.01344087,0.00330183,0.05116772
-0.68734367,0.37725333,0.00082185,0.01609892,0.02674437,0.32903716,0.01227827,0.00310144,0.04841656
-0.68134067,0.35420290,0.00076341,0.01547967,0.02469647,0.30834381,0.01120295,0.00290596,0.04582305
-0.67533767,0.33222172,0.00070432,0.01502128,0.02274672,0.28833805,0.01020909,0.00271796,0.04343347
-0.66933467,0.31165029,0.00064536,0.01473758,0.02090283,0.26932482,0.00929306,0.00254012,0.04129595
-0.66333167,0.29282484,0.00058725,0.01464383,0.01917429,0.25160115,0.00845291,0.00237511,0.03945856
-0.65732866,0.27606489,0.00053067,0.01475581,0.01757126,0.23544613,0.00768780,0.00222544,0.03796750
-0.65132566,0.26166203,0.00047618,0.01508884,0.01610370,0.22111212,0.00699761,0.00209344,0.03686538
-0.64532266,0.24986997,0.00042430,0.01565692,0.01478058,0.20881717,0.00638248,0.00198109,0.03618960
-0.63931966,0.24089614,0.00037540,0.01647183,0.01360924,0.19873872,0.00584250,0.00189006,0.03597098
-0.63331666,0.23489475,0.00032980,0.01754224,0.01259493,0.19100876,0.00537738,0.00182155,0.03623242
-0.62731366,0.23196141,0.00028768,0.01887293,0.01174052,0.18571020,0.00498630,0.00177633,0.03698784
-0.62131066,0.23212934,0.00024917,0.02046406,0.01104623,0.18287469,0.00466773,0.00175469,0.03824132
-0.61530765,0.23536699,0.00021429,0.02231053,0.01050965,0.18248160,0.00441930,0.00175640,0.03998635
-0.60930465,0.24157729,0.00018298,0.02440148,0.01012568,0.18445817,0.00423781,0.00178074,0.04220546
-0.60330165,0.25059829,0.00015515,0.02671991,0.00988674,0.18868091,0.00411921,0.00182651,0.04486998
-0.59729865,0.26220540,0.00013064,0.02924249,0.00978286,0.19497795,0.00405860,0.00189205,0.04794009
-0.59129565,0.27611505,0.00010924,0.03193954,0.00980201,0.20313255,0.00405033,0.00197522,0.05136524
-0.58529265,0.29198995,0.00009073,0.03477527,0.00993038,0.21288763,0.00408811,0.00207352,0.05508476
-0.57928964,0.30944577,0.00007487,0.03770820,0.01015271,0.22395119,0.00416507,0.00218411,0.05902888
-0.57328664,0.32805931,0.00006141,0.04069184,0.01045269,0.23600280,0.00427393,0.00230382,0.06312000
-0.56728364,0.34737799,0.00005010,0.04367556,0.01081334,0.24870082,0.00440712,0.00242932,0.06727431
-0.56128064,0.36693059,0.00004070,0.04660577,0.01121744,0.26169040,0.00455694,0.00255710,0.07140363
-0.55527764,0.38623894,0.00003298,0.04942712,0.01164794,0.27461213,0.00471573,0.00268360,0.07541759
-0.54927464,0.40483027,0.00002673,0.05208406,0.01208838,0.28711097,0.00487600,0.00280530,0.07922586
-0.54327164,0.42224991,0.00002175,0.05452226,0.01252334,0.29884546,0.00503061,0.00291879,0.08274057
-0.53726863,0.43807400,0.00001788,0.05669030,0.01293877,0.30949667,0.00517290,0.00302086,0.08587879
-0.53126563,0.45192149,0.00001498,0.05854116,0.01332240,0.31877686,0.00529686,0.00310859,0.08856481
-0.52526263,0.46346531,0.00001290,0.06003369,0.01366399,0.32643733,0.00539719,0.00317943,0.09073242
-0.51925963,0.47244194,0.00001155,0.06113396,0.01395564,0.33227529,0.00546950,0.00323124,0.09232682
-0.51325663,0.47865919,0.00001084,0.06181630,0.01419194,0.33613932,0.00551029,0.00326239,0.09330626
-0.50725363,0.48200159,0.00001071,0.06206417,0.01437005,0.33793337,0.00551708,0.00327175,0.09364323
-0.50125063,0.48243335,0.00001109,0.06187064,0.01448977,0.33761896,0.00548840,0.00325876,0.09332516
-0.49524762,0.47999854,0.00001195,0.06123857,0.01455344,0.33521553,0.00542378,0.00322339,0.09235470
-0.48924462,0.47481852,0.00001326,0.06018048,0.01456576,0.33079895,0.00532375,0.00316616,0.09074941
-0.48324162,0.46708673,0.00001501,0.05871803,0.01453358,0.32449819,0.00518973,0.00308809,0.08854095
-0.47723862,0.45706095,0.00001717,0.05688119,0.01446556,0.31649036,0.00502400,0.00299066,0.08577384
-0.47123562,0.44505356,0.00001973,0.05470719,0.01437178,0.30699426,0.00482954,0.00287577,0.08250378
-0.46523262,0.43141994,0.00002269,0.05223921,0.01426331,0.29626290,0.00460991,0.00274561,0.07879569
-0.45922961,0.41654593,0.00002603,0.04952490,0.01415172,0.28457509,0.00436913,0.00260264,0.07472148
-0.45322661,0.40083446,0.00002973,0.04661485,0.01404865,0.27222674,0.00411151,0.00244950,0.07035766
-0.44722361,0.38469231,0.00003379,0.04356098,0.01396526,0.25952198,0.00384153,0.00228887,0.06578299
-0.44122061,0.36851737,0.00003817,0.04041504,0.01391187,0.24676469,0.00356367,0.00212346,0.06107613
-0.43521761,0.35268691,0.00004284,0.03722716,0.01389750,0.23425062,0.00328227,0.00195589,0.05631350
-0.42921461,0.33754744,0.00004776,0.03404457,0.01392959,0.22226042,0.00300146,0.00178863,0.05156732
-0.42321161,0.32340632,0.00005287,0.03091055,0.01401372,0.21105371,0.00272501,0.00162394,0.04690402
-0.41720860,0.31052550,0.00005812,0.02786353,0.01415348,0.20086447,0.00245630,0.00146384,0.04238289
-0.41120560,0.29911741,0.00006344,0.02493653,0.01435036,0.19189762,0.00219820,0.00131005,0.03805519
-0.40520260,0.28934301,0.00006875,0.02215676,0.01460380,0.18432680,0.00195312,0.00116400,0.03396355
-0.39919960,0.28131188,0.00007398,0.01954550,0.01491130,0.17829336,0.00172291,0.00102681,0.03014175
-0.39319660,0.27508415,0.00007904,0.01711817,0.01526861,0.17390622,0.00150892,0.00089929,0.02661478
-0.38719360,0.27067387,0.00008383,0.01488463,0.01566994,0.17124247,0.00131203,0.00078195,0.02339923
-0.38119060,0.26805359,0.00008828,0.01284958,0.01610830,0.17034864,0.00113264,0.00067504,0.02050386
-0.37518759,0.26715964,0.00009230,0.01101311,0.01657580,0.17124207,0.00097076,0.00057856,0.01793034
-0.36918459,0.26789776,0.00009581,0.00937132,0.01706396,0.17391252,0.00082604,0.00049231,0.01567413
-0.36318159,0.27014882,0.00009873,0.00791702,0.01756408,0.17832363,0.00069784,0.00041591,0.01372539
-0.35717859,0.27377409,0.00010102,0.00664037,0.01806746,0.18441418,0.00058531,0.00034884,0.01206997
-0.35117559,0.27862002,0.00010261,0.00552959,0.01856570,0.19209905,0.00048740,0.00029049,0.01069023
-0.34517259,0.28452221,0.00010349,0.00457156,0.01905086,0.20126989,0.00040296,0.00024016,0.00956599
-0.33916958,0.29130863,0.00010362,0.00375236,0.01951564,0.21179551,0.00033075,0.00019712,0.00867526
-0.33316658,0.29880195,0.00010301,0.00305785,0.01995339,0.22352220,0.00026953,0.00016064,0.00799494
-0.32716358,0.30682108,0.00010166,0.00247398,0.02035818,0.23627403,0.00021807,0.00012997,0.00750139
-0.32116058,0.31518222,0.00009961,0.00198722,0.02072478,0.24985333,0.00017516,0.00010440,0.00717092
-0.31515758,0.32369942,0.00009690,0.00158478,0.02104853,0.26404159,0.00013969,0.00008325,0.00698018
-0.30915458,0.33218503,0.00009359,0.00125475,0.02132530,0.27860101,0.00011060,0.00006592,0.00690648
-0.30315158,0.34045015,0.00008974,0.00098632,0.02155138,0.29327675,0.00008694,0.00005181,0.00692801
-0.29714857,0.34830545,0.00008544,0.00076975,0.02172334,0.30780014,0.00006785,0.00004044,0.00702406
-0.29114557,0.35556239,0.00008075,0.00059642,0.02183799,0.32189272,0.00005257,0.00003133,0.00717513
-0.28514257,0.36203511,0.00007578,0.00045880,0.02189232,0.33527143,0.00004044,0.00002410,0.00736308
-0.27913957,0.36754294,0.00007060,0.00035040,0.02188347,0.34765445,0.00003089,0.00001841,0.00757123
-0.27313657,0.37191356,0.00006530,0.00026569,0.02180875,0.35876791,0.00002342,0.00001396,0.00778438
-0.26713357,0.37498679,0.00005997,0.00020001,0.02166573,0.36835296,0.00001763,0.00001051,0.00798899
-0.26113057,0.37661867,0.00005467,0.00014949,0.02145234,0.37617310,0.00001318,0.00000785,0.00817317
-0.25512756,0.37668587,0.00004949,0.00011092,0.02116697,0.38202128,0.00000978,0.00000583,0.00832674
-0.24912456,0.37508993,0.00004447,0.00008172,0.02080867,0.38572654,0.00000720,0.00000429,0.00844130
-0.24312156,0.37176120,0.00003968,0.00005977,0.02037727,0.38715982,0.00000527,0.00000314,0.00851026
-0.23711856,0.36666220,0.00003515,0.00004340,0.01987355,0.38623852,0.00000383,0.00000228,0.00852881
-0.23111556,0.35979001,0.00003091,0.00003129,0.01929936,0.38292969,0.00000276,0.00000164,0.00849391
-0.22511256,0.35117775,0.00002699,0.00002240,0.01865772,0.37725156,0.00000197,0.00000118,0.00840423
-0.21910955,0.34089466,0.00002340,0.00001592,0.01795287,0.36927324,0.00000140,0.00000084,0.00826008
-0.21310655,0.32904499,0.00002014,0.00001123,0.01719023,0.35911272,0.00000099,0.00000059,0.00806327
-0.20710355,0.31576558,0.00001720,0.00000787,0.01637640,0.34693315,0.00000069,0.00000041,0.00781695
-0.20110055,0.30122219,0.00001460,0.00000547,0.01551902,0.33293748,0.00000048,0.00000029,0.00752545
-0.19509755,0.28560480,0.00001229,0.00000378,0.01462660,0.31736189,0.00000033,0.00000020,0.00719405
-0.18909455,0.26912199,0.00001028,0.00000259,0.01370832,0.30046813,0.00000023,0.00000014,0.00682880
-0.18309155,0.25199483,0.00000853,0.00000176,0.01277381,0.28253532,0.00000016,0.00000009,0.00643624
-0.17708854,0.23445036,0.00000703,0.00000119,0.01183289,0.26385131,0.00000011,0.00000006,0.00602320
-0.17108554,0.21671515,0.00000576,0.00000080,0.01089528,0.24470430,0.00000007,0.00000004,0.00559657
-0.16508254,0.19900902,0.00000468,0.00000053,0.00997036,0.22537478,0.00000005,0.00000003,0.00516312
-0.15907954,0.18153940,0.00000377,0.00000035,0.00906695,0.20612830,0.00000004,0.00000002,0.00472925
-0.15307654,0.16449643,0.00000302,0.00000023,0.00819305,0.18720920,0.00000003,0.00000001,0.00430090
-0.14707354,0.14804887,0.00000240,0.00000015,0.00735573,0.16883561,0.00000003,0.00000001,0.00388340
-0.14107054,0.13234122,0.00000190,0.00000010,0.00656094,0.15119570,0.00000004,0.00000001,0.00348135
-0.13506753,0.11749173,0.00000149,0.00000007,0.00581347,0.13444528,0.00000006,0.00000001,0.00309859
-0.12906453,0.10359158,0.00000116,0.00000005,0.00511688,0.11870681,0.00000009,0.00000001,0.00273818
-0.12306153,0.09070510,0.00000089,0.00000004,0.00447354,0.10406957,0.00000013,0.00000002,0.00240238
-0.11705853,0.07887073,0.00000068,0.00000004,0.00388466,0.09059096,0.00000020,0.00000003,0.00209269
-0.11105553,0.06810293,0.00000052,0.00000005,0.00335037,0.07829873,0.00000031,0.00000005,0.00180989
-0.10505253,0.05839456,0.00000039,0.00000006,0.00286984,0.06719394,0.00000047,0.00000007,0.00155415
-0.09904952,0.04971977,0.00000030,0.00000009,0.00244142,0.05725443,0.00000071,0.00000010,0.00132507
-0.09304652,0.04203708,0.00000022,0.00000013,0.00206277,0.04843858,0.00000107,0.00000016,0.00112179
-0.08704352,0.03529264,0.00000017,0.00000019,0.00173102,0.04068922,0.00000160,0.00000023,0.00094309
-0.08104052,0.02942344,0.00000012,0.00000028,0.00144291,0.03393751,0.00000237,0.00000034,0.00078747
-0.07503752,0.02436030,0.00000009,0.00000041,0.00119496,0.02810657,0.00000348,0.00000050,0.00065324
-0.06903452,0.02003073,0.00000007,0.00000059,0.00098359,0.02311483,0.00000509,0.00000074,0.00053865
-0.06303152,0.01636137,0.00000006,0.00000086,0.00080525,0.01887903,0.00000737,0.00000107,0.00044189
-0.05702851,0.01328018,0.00000005,0.00000123,0.00065650,0.01531674,0.00001061,0.00000154,0.00036124
-0.05102551,0.01071822,0.00000005,0.00000176,0.00053416,0.01234853,0.00001515,0.00000220,0.00029506
-0.04502251,0.00861109,0.00000005,0.00000250,0.00043538,0.00989956,0.00002149,0.00000311,0.00024193
-0.03901951,0.00690003,0.00000006,0.00000352,0.00035769,0.00790094,0.00003026,0.00000438,0.00020060
-0.03301651,0.00553280,0.00000007,0.00000492,0.00029908,0.00629060,0.00004231,0.00000613,0.00017014
-0.02701351,0.00446427,0.00000009,0.00000683,0.00025807,0.00501386,0.00005872,0.00000851,0.00014990
-0.02101051,0.00365680,0.00000013,0.00000941,0.00023379,0.00402387,0.00008093,0.00001173,0.00013960
-0.01500750,0.00308058,0.00000017,0.00001288,0.00022601,0.00328170,0.00011072,0.00001604,0.00013939
-0.00900450,0.00271378,0.00000023,0.00001750,0.00023521,0.00275638,0.00015039,0.00002179,0.00014984
-0.00300150,0.00254275,0.00000031,0.00002359,0.00026269,0.00242491,0.00020282,0.00002939,0.00017207
0.00300150,0.00256218,0.00000041,0.00003159,0.00031062,0.00227211,0.00027155,0.00003935,0.00020776
0.00900450,0.00277524,0.00000055,0.00004199,0.00038213,0.00229053,0.00036097,0.00005230,0.00025922
0.01500750,0.00319382,0.00000072,0.00005542,0.00048145,0.00248040,0.00047638,0.00006903,0.00032950
0.02101051,0.00383879,0.00000094,0.00007261,0.00061395,0.00284958,0.00062418,0.00009044,0.00042243
0.02701351,0.00474020,0.00000123,0.00009446,0.00078629,0.00341349,0.00081196,0.00011765,0.00054270
0.03301651,0.00593761,0.00000158,0.00012199,0.00100651,0.00419510,0.00104864,0.00015195,0.00069595
0.03901951,0.00748022,0.00000203,0.00015642,0.00128408,0.00522493,0.00134460,0.00019483,0.00088878
0.04502251,0.00942701,0.00000259,0.00019913,0.00163002,0.00654093,0.00171171,0.00024802,0.00112888
0.05102551,0.01184668,0.00000327,0.00025168,0.00205684,0.00818830,0.00216339,0.00031347,0.00142495
0.05702851,0.01481731,0.00000410,0.00031581,0.00257861,0.01021917,0.00271463,0.00039335,0.00178675
0.06303152,0.01842574,0.00000511,0.00039343,0.00321080,0.01269208,0.00338188,0.00049003,0.00222505
0.06903452,0.02276659,0.00000632,0.00048662,0.00397018,0.01567120,0.00418287,0.00060609,0.00275145
0.07503752,0.02794075,0.00000776,0.00059755,0.00487452,0.01922526,0.00513643,0.00074426,0.00337832
0.08104052,0.03405337,0.00000946,0.00072851,0.00594234,0.02342609,0.00626209,0.00090736,0.00411848
0.08704352,0.04121134,0.00001146,0.00088179,0.00719237,0.02834687,0.00757963,0.00109826,0.00498493
0.09304652,0.04952008,0.00001377,0.00105966,0.00864311,0.03405987,0.00910851,0.00131978,0.00599050
0.09904952,0.05907985,0.00001643,0.00126428,0.01031210,0.04063392,0.01086721,0.00157460,0.00714737
0.10505253,0.06998149,0.00001947,0.00149758,0.01221525,0.04813146,0.01287243,0.00186513,0.00846658
0.11105553,0.08230176,0.00002291,0.00176120,0.01436598,0.05660531,0.01513822,0.00219340,0.00995746
0.11705853,0.09609832,0.00002676,0.00205638,0.01677440,0.06609526,0.01767508,0.00256094,0.01162703
0.12306153,0.11140472,0.00003105,0.00238380,0.01944639,0.07662456,0.02048903,0.00296860,0.01347943
0.12906453,0.12822534,0.00003576,0.00274356,0.02238273,0.08819655,0.02358063,0.00341646,0.01551524
0.13506753,0.14653081,0.00004091,0.00313499,0.02557835,0.10079144,0.02694416,0.00390368,0.01773101
0.14107054,0.16625403,0.00004647,0.00355663,0.02902157,0.11436365,0.03056681,0.00442838,0.02011876
0.14707354,0.18728708,0.00005244,0.00400610,0.03269361,0.12883969,0.03442818,0.00498759,0.02266557
0.15307654,0.20947943,0.00005876,0.00448013,0.03656828,0.14411697,0.03849980,0.00557716,0.02535344
0.15907954,0.23263752,0.00006542,0.00497449,0.04061189,0.16006354,0.04274508,0.00619175,0.02815921
0.16508254,0.25652617,0.00007237,0.00548404,0.04478355,0.17651910,0.04711951,0.00682486,0.03105476
0.17108554,0.28087175,0.00007955,0.00600280,0.04903567,0.19329724,0.05157118,0.00746891,0.03400740
0.17708854,0.30536734,0.00008691,0.00652403,0.05331494,0.21018898,0.05604164,0.00811535,0.03698049
0.18309155,0.32967986,0.00009441,0.00704041,0.05756354,0.22696775,0.06046719,0.00875488,0.03993437
0.18909455,0.35345899,0.00010201,0.00754420,0.06172076,0.24339550,0.06478039,0.00937758,0.04282742
0.19509755,0.37634775,0.00010967,0.00802748,0.06572485,0.25922996,0.06891197,0.00997330,0.04561733
0.20110055,0.39799443,0.00011738,0.00848239,0.06951514,0.27423284,0.07279291,0.01053186,0.04826264
0.20710355,0.41806536,0.00012517,0.00890142,0.07303428,0.28817846,0.07635674,0.01104341,0.05072422
0.21310655,0.43625815,0.00013307,0.00927767,0.07623064,0.30086281,0.07954192,0.01149881,0.05296691
0.21910955,0.45231488,0.00014118,0.00960518,0.07906065,0.31211229,0.08229416,0.01188989,0.05496112
0.22511256,0.46603456,0.00014962,0.00987918,0.08149100,0.32179203,0.08456877,0.01220986,0.05668433
0.23111556,0.47728437,0.00015859,0.01009635,0.08350068,0.32981321,0.08633269,0.01245354,0.05812242
0.23711856,0.48600919,0.00016833,0.01025510,0.08508272,0.33613908,0.08756631,0.01261767,0.05927082
0.24312156,0.49223884,0.00017916,0.01035571,0.08624552,0.34078925,0.08826492,0.01270107,0.06013527
0.24912456,0.49609279,0.00019148,0.01040055,0.08701375,0.34384215,0.08843972,0.01270484,0.06073242
0.25512756,0.49778188,0.00020573,0.01039416,0.08742870,0.34543524,0.08811841,0.01263243,0.06108985
0.26113057,0.49760713,0.00022246,0.01034335,0.08754818,0.34576309,0.08734524,0.01248962,0.06124591
0.26713357,0.49595541,0.00024228,0.01025718,0.08744580,0.34507322,0.08618063,0.01228452,0.06124898
0.27313657,0.49329227,0.00026588,0.01014701,0.08720981,0.34365976,0.08470030,0.01202743,0.06115652
0.27913957,0.49015206,0.00029399,0.01002640,0.08694138,0.34185527,0.08299393,0.01173067,0.06103366
0.28514257,0.48712580,0.00032741,0.00991108,0.08675251,0.34002098,0.08116351,0.01140834,0.06095156
0.29114557,0.48484714,0.00036700,0.00981877,0.08676360,0.33853573,0.07932137,0.01107607,0.06098557
0.29714857,0.48397706,0.00041361,0.00976917,0.08710069,0.33778415,0.07758789,0.01075069,0.06121312
0.30315158,0.48518783,0.00046812,0.00978374,0.08789266,0.33814458,0.07608912,0.01044993,0.06171165
0.30915458,0.48914677,0.00053138,0.00988561,0.08926820,0.33997708,0.07495427,0.01019205,0.06255647
0.31515758,0.49650037,0.00060421,0.01009942,0.09135292,0.34361216,0.07431310,0.00999548,0.06381876
0.32116058,0.50785932,0.00068735,0.01045119,0.09426648,0.34934063,0.07429339,0.00987850,0.06556365
0.32716358,0.52378489,0.00078143,0.01096807,0.09812000,0.35740492,0.07501837,0.00985885,0.06784857
0.33316658,0.54477693,0.00088697,0.01167824,0.10301357,0.36799225,0.07660432,0.00995340,0.07072186
0.33916958,0.57126375,0.00100431,0.01261058,0.10903418,0.38122987,0.07915815,0.01017780,0.07422171
0.34517259,0.60359418,0.00113359,0.01379441,0.11625384,0.39718253,0.08277515,0.01054615,0.07837539
0.35117559,0.64203155,0.00127473,0.01525912,0.12472816,0.41585211,0.08753688,0.01107069,0.08319884
0.35717859,0.68674976,0.00142738,0.01703373,0.13449508,0.43717945,0.09350909,0.01176149,0.08869664
0.36318159,0.73783120,0.00159095,0.01914627,0.14557411,0.46104820,0.10073987,0.01262613,0.09486216
0.36918459,0.79526618,0.00176453,0.02162322,0.15796565,0.48729020,0.10925788,0.01366946,0.10167811
0.37518759,0.85895382,0.00194692,0.02448864,0.17165074,0.51569243,0.11907085,0.01489330,0.10911715
0.38119060,0.92870376,0.00213660,0.02776337,0.18659091,0.54600465,0.13016419,0.01629626,0.11714283
0.38719360,1.00423872,0.00233180,0.03146399,0.20272825,0.57794774,0.14250003,0.01787354,0.12571041
0.39319660,1.08519736,0.00253042,0.03560181,0.21998565,0.61122192,0.15601641,0.01961678,0.13476787
0.39919960,1.17113734,0.00273016,0.04018178,0.23826719,0.64551466,0.17062708,0.02151403,0.14425678
0.40520260,1.26153837,0.00292848,0.04520133,0.25745861,0.68050775,0.18622160,0.02354972,0.15411315
0.41120560,1.35580526,0.00312270,0.05064943,0.27742801,0.71588333,0.20266609,0.02570477,0.16426813
0.41720860,1.45327083,0.00331004,0.05650553,0.29802657,0.75132855,0.21980458,0.02795681,0.17464860
0.42321161,1.55319908,0.00348768,0.06273886,0.31908965,0.78653881,0.23746093,0.03028041,0.18517758
0.42921461,1.65478854,0.00365283,0.06930782,0.34043793,0.82121954,0.25544149,0.03264756,0.19577461
0.43521761,1.75717645,0.00380282,0.07615976,0.36187902,0.85508671,0.27353843,0.03502811,0.20635593
0.44122061,1.85944385,0.00393517,0.08323098,0.38320923,0.88786615,0.29153364,0.03739041,0.21683476
0.44722361,1.96062220,0.00404765,0.09044723,0.40421592,0.91929210,0.30920325,0.03970199,0.22712153
0.45322661,2.05970174,0.00413838,0.09772454,0.42468009,0.94910534,0.32632256,0.04193030,0.23712419
0.45922961,2.15564211,0.00420587,0.10497046,0.44437960,0.97705128,0.34267136,0.04404353,0.24674876
0.46523262,2.24738528,0.00424909,0.11208581,0.46309268,1.00287839,0.35803937,0.04601143,0.25590007
0.47123562,2.33387106,0.00426749,0.11896670,0.48060202,1.02633754,0.37223171,0.04780610,0.26448271
0.47723862,2.41405502,0.00426107,0.12550690,0.49669902,1.04718229,0.38507408,0.04940277,0.27240235
0.48324162,2.48692868,0.00423034,0.13160055,0.51118853,1.06517060,0.39641769,0.05078048,0.27956736
0.48924462,2.55154142,0.00417639,0.13714493,0.52389350,1.08006803,0.40614342,0.05192270,0.28589062
0.49524762,2.60702363,0.00410081,0.14204336,0.53465979,1.09165237,0.41416534,0.05281777,0.29129168
0.50125063,2.65261021,0.00400569,0.14620800,0.54336062,1.09971959,0.42043323,0.05345923,0.29569901
0.50725363,2.68766358,0.00389357,0.14956261,0.54990074,1.10409102,0.42493407,0.05384597,0.29905229
0.51325663,2.71169511,0.00376740,0.15204483,0.55421989,1.10462120,0.42769245,0.05398226,0.30130474
0.51925963,2.72438405,0.00363046,0.15360830,0.55629558,1.10120608,0.42876976,0.05387752,0.30242521
0.52526263,2.72559293,0.00348627,0.15422413,0.55614481,1.09379111,0.42826230,0.05354603,0.30240006
0.53126563,2.71537848,0.00333857,0.15388195,0.55382476,1.08237869,0.42629831,0.05300639,0.30123453
0.53726863,2.69399748,0.00319119,0.15259032,0.54943228,1.06703450,0.42303409,0.05228097,0.29895376
0.54327164,2.66190697,0.00304801,0.15037653,0.54310215,1.04789231,0.41864922,0.05139515,0.29560314
0.54927464,2.61975851,0.00291286,0.14728585,0.53500417,1.02515682,0.41334133,0.05037656,0.29124810
0.55527764,2.56838667,0.00278947,0.14338018,0.52533907,0.99910454,0.40732040,0.04925424,0.28597324
0.56128064,2.50879197,0.00268144,0.13873617,0.51433345,0.97008225,0.40080292,0.04805783,0.27988094
0.56728364,2.44211890,0.00259213,0.13344302,0.50223393,0.93850335,0.39400614,0.04681677,0.27308931
0.57328664,2.36962984,0.00252466,0.12759983,0.48930067,0.90484203,0.38714264,0.04555953,0.26572979
0.57928964,2.29267590,0.00248188,0.12131284,0.47580056,0.86962553,0.38041535,0.04431298,0.25794434
0.58529265,2.21266588,0.00246633,0.11469247,0.46200032,0.83342494,0.37401331,0.04310182,0.24988237
0.59129565,2.13103439,0.00248020,0.10785050,0.44815978,0.79684474,0.36810813,0.04194813,0.24169766
0.59729865,2.04921052,0.00252535,0.10089721,0.43452560,0.76051155,0.36285131,0.04087104,0.23354520
0.60330165,1.96858796,0.00260327,0.09393884,0.42132556,0.72506262,0.35837250,0.03988656,0.22557825
0.60930465,1.89049757,0.00271510,0.08707533,0.40876373,0.69113430,0.35477851,0.03900750,0.21794557
0.61530765,1.81618315,0.00286155,0.08039837,0.39701651,0.65935084,0.35215307,0.03824346,0.21078899
0.62131066,1.74678086,0.00304294,0.07398984,0.38622971,0.63031389,0.35055725,0.03760099,0.20424133
0.62731366,1.68330255,0.00325915,0.06792075,0.37651661,0.60459278,0.35003029,0.03708375,0.19842467
0.63331666,1.62662300,0.00350960,0.06225046,0.36795707,0.58271568,0.35059075,0.03669274,0.19344893
0.63931966,1.57747088,0.00379322,0.05702640,0.36059750,0.56516171,0.35223772,0.03642657,0.18941083
0.64532266,1.53642312,0.00410844,0.05228412,0.35445174,0.55235386,0.35495199,0.03628168,0.18639302
0.65132566,1.50390207,0.00445311,0.04804762,0.34950258,0.54465272,0.35869703,0.03625263,0.18446342
0.65732866,1.48017500,0.00482453,0.04433004,0.34570386,0.54235078,0.36341963,0.03633223,0.18367466
0.66333167,1.46535541,0.00521938,0.04113447,0.34298310,0.54566724,0.36905027,0.03651176,0.18406356
0.66933467,1.45940565,0.00563377,0.03845491,0.34124435,0.55474322,0.37550310,0.03678107,0.18565056
0.67533767,1.46214043,0.00606319,0.03627743,0.34037135,0.56963725,0.38267566,0.03712867,0.18843918
0.68134067,1.47323108,0.00650255,0.03458122,0.34023080,0.59032113,0.39044850,0.03754177,0.19241531
0.68734367,1.49221037,0.00694625,0.03333974,0.34067570,0.61667617,0.39868483,0.03800632,0.19754655
0.69334667,1.51847810,0.00738819,0.03252177,0.34154873,0.64849003,0.40723032,0.03850704,0.20378155
0.69934967,1.55130752,0.00782191,0.03209242,0.34268569,0.68545431,0.41591342,0.03902749,0.21104941
0.70535268,1.58985304,0.00824068,0.03201399,0.34391883,0.72716332,0.42454626,0.03955014,0.21925923
0.71135568,1.63315944,0.00863763,0.03224681,0.34508026,0.77311423,0.43292635,0.04005655,0.22830002
0.71735868,1.68017315,0.00900589,0.03274988,0.34600527,0.82270907,0.44083924,0.04052756,0.23804087
0.72336168,1.72975579,0.00933880,0.03348145,0.34653553,0.87525891,0.44806211,0.04094359,0.24833177
0.72936468,1.78070031,0.00963004,0.03439954,0.34652233,0.92999042,0.45436835,0.04128501,0.25900482
0.73536768,1.83174974,0.00987380,0.03546231,0.34582952,0.98605519,0.45953307,0.04153259,0.26987621
0.74137069,1.88161867,0.01006499,0.03662847,0.34433635,1.04254181,0.46333923,0.04166800,0.28074885
0.74737369,1.92901690,0.01019939,0.03785755,0.34193995,1.09849075,0.46558427,0.04167429,0.29141559
0.75337669,1.97267522,0.01027376,0.03911020,0.33855749,1.15291188,0.46608696,0.04153651,0.30166317
0.75937969,2.01137222,0.01028596,0.04034854,0.33412792,1.20480430,0.46469394,0.04124221,0.31127666
0.76538269,2.04396180,0.01023504,0.04153644,0.32861313,1.25317796,0.46128588,0.04078189,0.32004432
0.77138569,2.06940011,0.01012130,0.04263982,0.32199866,1.29707663,0.45578267,0.04014949,0.32776275
0.77738869,2.08677119,0.00994623,0.04362709,0.31429369,1.33560129,0.44814746,0.03934261,0.33424218
0.78339170,2.09531010,0.00971255,0.04446944,0.30553047,1.36793323,0.43838925,0.03836280,0.33931154
0.78939470,2.09442289,0.00942407,0.04514129,0.29576313,1.39335601,0.42656388,0.03721552,0.34282334
0.79539770,2.08370224,0.00908561,0.04562064,0.28506594,1.41127540,0.41277330,0.03591013,0.34465802
0.80140070,2.06293831,0.00870287,0.04588947,0.27353096,1.42123636,0.39716312,0.03445963,0.34472752
0.80740370,2.03212419,0.00828220,0.04593410,0.26126540,1.42293656,0.37991862,0.03288031,0.34297814
0.81340670,1.99145568,0.00783049,0.04574541,0.24838852,1.41623560,0.36125923,0.03119127,0.33939226
0.81940970,1.94132542,0.00735491,0.04531913,0.23502836,1.40115958,0.34143199,0.02941387,0.33398917
0.82541271,1.88231148,0.00686275,0.04465587,0.22131844,1.37790081,0.32070406,0.02757108,0.32682462
0.83141571,1.81516084,0.00636122,0.04376120,0.20739433,1.34681256,0.29935487,0.02568688,0.31798939
0.83741871,1.74076858,0.00585724,0.04264553,0.19339052,1.30839904,0.27766805,0.02378550,0.30760675
0.84342171,1.66015332,0.00535734,0.04132384,0.17943737,1.26330105,0.25592371,0.02189088,0.29582903
0.84942471,1.57443008,0.00486745,0.03981536,0.16565849,1.21227778,0.23439128,0.02002606,0.28283336
0.85542771,1.48478155,0.00439286,0.03814315,0.15216844,1.15618558,0.21332322,0.01821267,0.26881681
0.86143072,1.39242871,0.00393810,0.03633349,0.13907092,1.09595450,0.19294985,0.01647055,0.25399106
0.86743372,1.29860202,0.00350692,0.03441531,0.12645731,1.03256358,0.17347539,0.01481748,0.23857693
0.87343672,1.20451403,0.00310225,0.03241949,0.11440577,0.96701578,0.15507534,0.01326895,0.22279879
0.87943972,1.11133426,0.00272624,0.03037820,0.10298075,0.90031350,0.13789518,0.01183817,0.20687929
0.88544272,1.02016718,0.00238026,0.02832421,0.09223291,0.83343555,0.12205026,0.01053601,0.19103437
0.89144572,0.93203359,0.00206498,0.02629021,0.08219938,0.76731627,0.10762686,0.00937123,0.17546880
0.89744872,0.84785595,0.00178046,0.02430825,0.07290444,0.70282750,0.09468417,0.00835059,0.16037242
0.90345173,0.76844761,0.00152618,0.02240917,0.06436038,0.64076362,0.08325691,0.00747911,0.14591706
0.90945473,0.69450603,0.00130117,0.02062223,0.05656858,0.58183017,0.07335855,0.00676037,0.13225421
0.91545773,0.62660961,0.00110409,0.01897469,0.04952079,0.52663590,0.06498471,0.00619675,0.11951349
0.92146073,0.56521790,0.00093333,0.01749165,0.04320046,0.47568827,0.05811658,0.00578971,0.10780184
0.92746373,0.51067458,0.00078708,0.01619582,0.03758406,0.42939218,0.05272416,0.00554000,0.09720335
0.93346673,0.46321273,0.00066339,0.01510752,0.03264251,0.38805147,0.04876922,0.00544781,0.08777972
0.93946973,0.42296181,0.00056029,0.01424470,0.02834242,0.35187289,0.04620764,0.00551293,0.07957114
0.94547274,0.38995570,0.00047580,0.01362297,0.02464732,0.32097189,0.04499125,0.00573472,0.07259754
0.95147574,0.36414130,0.00040798,0.01325576,0.02151877,0.29537995,0.04506903,0.00611211,0.06686016
0.95747874,0.34538728,0.00035499,0.01315447,0.01891731,0.27505273,0.04638767,0.00664350,0.06234319
0.96348174,0.33349255,0.00031508,0.01332860,0.01680328,0.25987878,0.04889147,0.00732654,0.05901546
0.96948474,0.32819412,0.00028664,0.01378594,0.01513748,0.24968829,0.05252181,0.00815799,0.05683221
0.97548774,0.32917445,0.00026817,0.01453264,0.01388171,0.24426176,0.05721613,0.00913337,0.05573670
0.98149075,0.33606788,0.00025829,0.01557342,0.01299915,0.24333815,0.06290668,0.01024676,0.05566175
0.98749375,0.34846658,0.00025576,0.01691153,0.01245463,0.24662258,0.06951906,0.01149050,0.05653117
0.99349675,0.36592584,0.00025943,0.01854888,0.01221475,0.25379329,0.07697087,0.01285495,0.05826112
0.99949975,0.38796907,0.00026827,0.02048592,0.01224798,0.26450812,0.08517045,0.01432831,0.06076132
1.00550275,0.41409257,0.00028131,0.02272170,0.01252460,0.27841020,0.09401600,0.01589649,0.06393624
1.01150575,0.44377042,0.00029766,0.02525365,0.01301667,0.29513325,0.10339510,0.01754308,0.06768632
1.01750875,0.47645950,0.00031650,0.02807753,0.01369790,0.31430617,0.11318478,0.01924940,0.07190908
1.02351176,0.51160478,0.00033705,0.03118715,0.01454351,0.33555735,0.12325220,0.02099466,0.07650038
1.02951476,0.54864504,0.00035860,0.03457419,0.01553007,0.35851845,0.13345595,0.02275628,0.08135567
1.03551776,0.58701885,0.00038045,0.03822791,0.01663539,0.38282770,0.14364797,0.02451022,0.08637128
1.04152076,0.62617073,0.00040197,0.04213485,0.01783832,0.40813289,0.15367605,0.02623146,0.09144582
1.04752376,0.66555744,0.00042255,0.04627848,0.01911867,0.43409375,0.16338677,0.02789460,0.09648150
1.05352676,0.70465402,0.00044165,0.05063887,0.02045708,0.46038389,0.17262882,0.02947442,0.10138556
1.05952976,0.74295956,0.00045877,0.05519231,0.02183488,0.48669218,0.18125652,0.03094653,0.10607149
1.06553277,0.78000225,0.00047346,0.05991101,0.02323403,0.51272354,0.18913335,0.03228801,0.11046027
1.07153577,0.81534368,0.00048535,0.06476278,0.02463707,0.53819919,0.19613543,0.03347806,0.11448138
1.07753877,0.84858214,0.00049414,0.06971083,0.02602700,0.56285634,0.20215459,0.03449851,0.11807369
1.08354177,0.87935495,0.00049961,0.07471358,0.02738732,0.58644754,0.20710109,0.03533432,0.12118596
1.08954477,0.90733966,0.00050160,0.07972473,0.02870194,0.60873961,0.21090573,0.03597397,0.12377730
1.09554777,0.93225431,0.00050006,0.08469335,0.02995523,0.62951256,0.21352129,0.03640970,0.12581715
1.10155078,0.95385690,0.00049501,0.08956431,0.03113201,0.64855853,0.21492321,0.03663765,0.12728517
1.10755378,0.97194429,0.00048656,0.09427877,0.03221765,0.66568100,0.21510959,0.03665787,0.12817074
1.11355678,0.98635065,0.00047488,0.09877501,0.03319811,0.68069449,0.21410043,0.03647417,0.12847238
1.11955978,0.99694599,0.00046023,0.10298948,0.03406011,0.69342500,0.21193618,0.03609391,0.12819693
1.12556278,1.00363484,0.00044292,0.10685800,0.03479125,0.70371111,0.20867577,0.03552763,0.12735860
1.13156578,1.00635526,0.00042330,0.11031726,0.03538024,0.71140606,0.20439413,0.03478865,0.12597803
1.13756878,1.00507859,0.00040178,0.11330643,0.03581707,0.71638062,0.19917945,0.03389258,0.12408129
1.14357179,0.99980967,0.00037879,0.11576883,0.03609329,0.71852670,0.19313015,0.03285680,0.12169890
1.14957479,0.99058777,0.00035474,0.11765375,0.03620227,0.71776160,0.18635193,0.03169994,0.11886496
1.15557779,0.97748797,0.00033009,0.11891811,0.03613940,0.71403247,0.17895477,0.03044138,0.11561638
1.16158079,0.96062278,0.00030526,0.11952809,0.03590236,0.70732087,0.17105023,0.02910077,0.11199220
1.16758379,0.94014380,0.00028065,0.11946048,0.03549129,0.69764692,0.16274892,0.02769756,0.10803300
1.17358679,0.91624297,0.00025663,0.11870386,0.03490895,0.68507274,0.15415838,0.02625066,0.10378048
1.17958979,0.88915320,0.00023353,0.11725926,0.03416079,0.66970486,0.14538124,0.02477811,0.09927709
1.18559280,0.85914795,0.00021164,0.11514063,0.03325498,0.65169516,0.13651388,0.02329680,0.09456572
1.19159580,0.82653955,0.00019119,0.11237469,0.03220226,0.63124038,0.12764530,0.02182231,0.08968941
1.19759880,0.79167607,0.00017239,0.10900046,0.03101587,0.60857971,0.11885644,0.02036874,0.08469112
1.20360180,0.75493664,0.00015536,0.10506832,0.02971120,0.58399074,0.11021976,0.01894866,0.07961342
1.20960480,0.71672522,0.00014019,0.10063862,0.02830553,0.55778370,0.10179905,0.01757301,0.07449822
1.21560780,0.67746300,0.00012693,0.09578006,0.02681754,0.53029417,0.09364943,0.01625115,0.06938635
1.22161081,0.63757969,0.00011558,0.09056770,0.02526694,0.50187461,0.08581753,0.01499081,0.06431726
1.22761381,0.59750394,0.00010610,0.08508084,0.02367392,0.47288509,0.07834175,0.01379818,0.05932846
1.23361681,0.55765348,0.00009842,0.07940079,0.02205863,0.44368356,0.07125262,0.01267794,0.05445516
1.23961981,0.51842530,0.00009242,0.07360865,0.02044072,0.41461620,0.06457316,0.01163329,0.04972975
1.24562281,0.48018632,0.00008798,0.06778321,0.01883882,0.38600826,0.05831930,0.01066607,0.04518139
1.25162581,0.44326515,0.00008496,0.06199901,0.01727016,0.35815583,0.05250038,0.00977682,0.04083556
1.25762881,0.40794512,0.00008318,0.05632462,0.01575017,0.33131885,0.04711953,0.00896486,0.03671376
1.26363182,0.37445902,0.00008247,0.05082133,0.01429220,0.30571575,0.04217423,0.00822839,0.03283323
1.26963482,0.34298580,0.00008266,0.04554205,0.01290735,0.28151982,0.03765678,0.00756463,0.02920686
1.27563782,0.31364916,0.00008356,0.04053069,0.01160430,0.25885742,0.03355487,0.00696990,0.02584309
1.28164082,0.28651821,0.00008499,0.03582182,0.01038935,0.23780803,0.02985214,0.00643976,0.02274605
1.28764382,0.26161002,0.00008677,0.03144066,0.00926645,0.21840611,0.02652879,0.00596921,0.01991575
1.29364682,0.23889378,0.00008873,0.02740348,0.00823732,0.20064442,0.02356221,0.00555274,0.01734833
1.29964982,0.21829648,0.00009073,0.02371811,0.00730169,0.18447872,0.02092765,0.00518456,0.01503655
1.30565283,0.19970954,0.00009261,0.02038479,0.00645747,0.16983337,0.01859880,0.00485874,0.01297017
1.31165583,0.18299619,0.00009425,0.01739707,0.00570111,0.15660768,0.01654852,0.00456936,0.01113647
1.31765883,0.16799925,0.00009555,0.01474290,0.00502783,0.14468251,0.01474938,0.00431064,0.00952082
1.32366183,0.15454869,0.00009640,0.01240565,0.00443194,0.13392693,0.01317430,0.00407708,0.00810719
1.32966483,0.14246901,0.00009675,0.01036527,0.00390717,0.12420448,0.01179699,0.00386360,0.00687867
1.33566783,0.13158581,0.00009654,0.00859926,0.00344687,0.11537900,0.01059248,0.00366562,0.00581795
1.34167084,0.12173161,0.00009574,0.00708362,0.00304431,0.10731956,0.00953741,0.00347911,0.00490777
1.34767384,0.11275051,0.00009434,0.00579375,0.00269285,0.09990463,0.00861038,0.00330069,0.00413129
1.35367684,0.10450184,0.00009234,0.00470511,0.00238616,0.09302515,0.00779211,0.00312760,0.00347240
1.35967984,0.09686258,0.00008978,0.00379387,0.00211829,0.08658671,0.00706554,0.00295776,0.00291594
1.36568284,0.08972869,0.00008670,0.00303735,0.00188383,0.08051067,0.00641589,0.00278966,0.00244792
1.37168584,0.08301546,0.00008314,0.00241437,0.00167792,0.07473442,0.00583061,0.00262243,0.00205561
1.37768884,0.07665689,0.00007917,0.00190549,0.00149630,0.06921090,0.00529924,0.00245568,0.00172757
1.38369185,0.07060438,0.00007485,0.00149314,0.00133528,0.06390742,0.00481329,0.00228948,0.00145372
1.38969485,0.06482484,0.00007027,0.00116167,0.00119177,0.05880396,0.00436602,0.00212427,0.00122522
1.39569785,0.05929841,0.00006551,0.00089734,0.00106318,0.05389127,0.00395221,0.00196076,0.00103448
1.40170085,0.05401596,0.00006063,0.00068820,0.00094740,0.04916860,0.00356796,0.00179988,0.00087505
1.40770385,0.04897651,0.00005571,0.00052403,0.00084273,0.04464155,0.00321043,0.00164265,0.00074146
1.41370685,0.04418480,0.00005083,0.00039617,0.00074782,0.04031985,0.00287759,0.00149015,0.00062919
1.41970985,0.03964891,0.00004604,0.00029736,0.00066160,0.03621544,0.00256807,0.00134342,0.00053449
1.42571286,0.03537832,0.00004141,0.00022160,0.00058324,0.03234069,0.00228092,0.00120342,0.00045431
1.43171586,0.03138217,0.00003697,0.00016396,0.00051207,0.02870700,0.00201546,0.00107101,0.00038615
1.43771886,0.02766794,0.00003277,0.00012044,0.00044756,0.02532365,0.00177118,0.00094685,0.00032801
1.44372186,0.02424044,0.00002884,0.00008784,0.00038925,0.02219700,0.00154757,0.00083146,0.00027827
1.44972486,0.02110127,0.00002520,0.00006361,0.00033677,0.01933003,0.00134413,0.00072518,0.00023562
1.45572786,0.01824844,0.00002187,0.00004573,0.00028974,0.01672212,0.00116022,0.00062814,0.00019899
1.46173087,0.01567637,0.00001883,0.00003264,0.00024783,0.01436907,0.00099514,0.00054032,0.00016754
1.46773387,0.01337610,0.00001610,0.00002313,0.00021071,0.01226338,0.00084802,0.00046155,0.00014053
1.47373687,0.01133562,0.00001367,0.00001628,0.00017804,0.01039457,0.00071789,0.00039150,0.00011740
1.47973987,0.00954041,0.00001152,0.00001138,0.00014948,0.00874973,0.00060366,0.00032975,0.00009762
1.48574287,0.00797395,0.00000964,0.00000791,0.00012470,0.00731400,0.00050418,0.00027578,0.00008079
1.49174587,0.00661836,0.00000801,0.00000546,0.00010336,0.00607118,0.00041823,0.00022901,0.00006652
1.49774887,0.00545491,0.00000661,0.00000377,0.00008513,0.00500426,0.00034456,0.00018882,0.00005448
1.50375188,0.00446463,0.00000541,0.00000261,0.00006968,0.00409593,0.00028193,0.00015458,0.00004441
1.50975488,0.00362875,0.00000440,0.00000183,0.00005671,0.00332903,0.00022913,0.00012565,0.00003604
1.51575788,0.00292915,0.00000356,0.00000135,0.00004595,0.00268696,0.00018499,0.00010141,0.00002917
1.52176088,0.00234866,0.00000286,0.00000108,0.00003715,0.00215396,0.00014844,0.00008126,0.00002360
1.52776388,0.00187135,0.00000228,0.00000099,0.00003007,0.00171538,0.00011847,0.00006466,0.00001920
1.53376688,0.00148273,0.00000181,0.00000106,0.00002455,0.00135783,0.00009418,0.00005109,0.00001585
1.53976988,0.00116989,0.00000143,0.00000131,0.00002047,0.00106935,0.00007479,0.00004009,0.00001348
1.54577289,0.00092157,0.00000114,0.00000177,0.00001774,0.00083940,0.00005964,0.00003125,0.00001208
1.55177589,0.00072825,0.00000091,0.00000249,0.00001638,0.00065898,0.00004818,0.00002422,0.00001169
1.55777889,0.00058218,0.00000074,0.00000358,0.00001648,0.00052060,0.00004003,0.00001867,0.00001242
1.56378189,0.00047745,0.00000063,0.00000515,0.00001823,0.00041828,0.00003494,0.00001436,0.00001447
1.56978489,0.00041005,0.00000057,0.00000740,0.00002198,0.00034761,0.00003284,0.00001104,0.00001818
1.57578789,0.00037796,0.00000057,0.00001058,0.00002824,0.00030574,0.00003385,0.00000856,0.00002402
1.58179090,0.00038135,0.00000062,0.00001504,0.00003774,0.00029149,0.00003830,0.00000676,0.00003265
1.58779390,0.00042281,0.00000073,0.00002122,0.00005149,0.00030544,0.00004679,0.00000553,0.00004498
1.59379690,0.00050769,0.00000092,0.00002974,0.00007086,0.00035015,0.00006025,0.00000481,0.00006223
1.59979990,0.00064449,0.00000120,0.00004137,0.00009766,0.00043034,0.00007996,0.00000455,0.00008602
1.60580290,0.00084551,0.00000161,0.00005716,0.00013425,0.00055328,0.00010768,0.00000473,0.00011843
1.61180590,0.00112746,0.00000216,0.00007840,0.00018367,0.00072921,0.00014573,0.00000538,0.00016217
1.61780890,0.00151237,0.00000292,0.00010676,0.00024982,0.00097181,0.00019711,0.00000654,0.00022069
1.62381191,0.00202854,0.00000392,0.00014434,0.00033760,0.00129883,0.00026562,0.00000830,0.00029833
1.62981491,0.00271170,0.00000525,0.00019375,0.00045314,0.00173281,0.00035607,0.00001077,0.00040051
1.63581791,0.00360626,0.00000698,0.00025822,0.00060400,0.00230185,0.00047440,0.00001412,0.00053394
1.64182091,0.00476673,0.00000923,0.00034168,0.00079943,0.00304049,0.00062789,0.00001857,0.00070682
1.64782391,0.00625913,0.00001212,0.00044889,0.00105064,0.00399061,0.00082541,0.00002436,0.00092906
1.65382691,0.00816257,0.00001580,0.00058553,0.00137101,0.00520236,0.00107756,0.00003184,0.00121257
1.65982991,0.01057063,0.00002045,0.00075830,0.00177643,0.00673506,0.00139696,0.00004138,0.00157140
1.66583292,0.01359274,0.00002628,0.00097506,0.00228545,0.00865803,0.00179840,0.00005348,0.00202207
1.67183592,0.01735526,0.00003353,0.00124483,0.00291956,0.01105124,0.00229906,0.00006868,0.00258365
1.67783892,0.02200231,0.00004247,0.00157793,0.00370331,0.01400575,0.00291862,0.00008765,0.00327799
1.68384192,0.02769602,0.00005342,0.00198593,0.00466438,0.01762387,0.00367941,0.00011116,0.00412975
1.68984492,0.03461627,0.00006670,0.00248166,0.00583360,0.02201882,0.00460637,0.00014008,0.00516642
1.69584792,0.04295958,0.00008269,0.00307913,0.00724476,0.02731406,0.00572707,0.00017543,0.00641822
1.70185093,0.05293719,0.00010178,0.00379336,0.00893440,0.03364182,0.00707150,0.00021835,0.00791785
1.70785393,0.06477211,0.00012437,0.00464017,0.01094129,0.04114117,0.00867178,0.00027011,0.00970015
1.71385693,0.07869505,0.00015089,0.00563591,0.01330589,0.04995526,0.01056184,0.00033213,0.01180156
1.71985993,0.09493919,0.00018174,0.00679702,0.01606948,0.06022781,0.01277676,0.00040598,0.01425943
1.72586293,0.11373384,0.00021733,0.00813963,0.01927322,0.07209890,0.01535221,0.00049338,0.01711122
1.73186593,0.13529700,0.00025802,0.00967895,0.02295696,0.08570002,0.01832354,0.00059616,0.02039345
1.73786893,0.15982688,0.00030414,0.01142871,0.02715790,0.10114848,0.02172492,0.00071634,0.02414058
1.74387194,0.18749284,0.00035592,0.01340046,0.03190916,0.11854141,0.02558826,0.00085601,0.02838378
1.74987494,0.21842567,0.00041352,0.01560288,0.03723823,0.13794942,0.02994211,0.00101743,0.03314956
1.75587794,0.25270796,0.00047700,0.01804109,0.04316541,0.15941026,0.03481055,0.00120292,0.03845847
1.76188094,0.29036463,0.00054628,0.02071597,0.04970229,0.18292269,0.04021199,0.00141491,0.04432372
1.76788394,0.33135438,0.00062112,0.02362353,0.05685028,0.20844095,0.04615816,0.00165588,0.05074994
1.77388694,0.37556236,0.00070114,0.02675440,0.06459945,0.23587011,0.05265306,0.00192834,0.05773214
1.77988994,0.42279464,0.00078579,0.03009349,0.07292748,0.26506264,0.05969217,0.00223479,0.06525475
1.78589295,0.47277489,0.00087434,0.03361972,0.08179901,0.29581656,0.06726177,0.00257771,0.07329103
1.79189595,0.52514378,0.00096589,0.03730605,0.09116539,0.32787533,0.07533851,0.00295946,0.08180279
1.79789895,0.57946121,0.00105936,0.04111970,0.10096480,0.36092987,0.08388929,0.00338227,0.09074042
1.80390195,0.63521173,0.00115354,0.04502258,0.11112287,0.39462263,0.09287129,0.00384817,0.10004329
1.80990495,0.69181307,0.00124708,0.04897200,0.12155370,0.42855385,0.10223238,0.00435889,0.10964060
1.81590795,0.74862773,0.00133854,0.05292160,0.13216142,0.46228997,0.11191172,0.00491581,0.11945253
1.82191096,0.80497728,0.00142641,0.05682247,0.14284200,0.49537382,0.12184058,0.00551987,0.12939171
1.82791396,0.86015896,0.00150915,0.06062445,0.15348552,0.52733650,0.13194342,0.00617149,0.13936500
1.83391696,0.91346406,0.00158526,0.06427761,0.16397865,0.55771041,0.14213904,0.00687046,0.14927551
1.83991996,0.96419725,0.00165331,0.06773378,0.17420725,0.58604295,0.15234190,0.00761584,0.15902468
1.84592296,1.01169631,0.00171195,0.07094803,0.18405907,0.61191046,0.16246342,0.00840592,0.16851447
1.85192596,1.05535124,0.00176004,0.07388025,0.19342642,0.63493169,0.17241335,0.00923814,0.17764954
1.85792896,1.09462222,0.00179661,0.07649652,0.20220865,0.65478040,0.18210108,0.01010901,0.18633931
1.86393197,1.12905556,0.00182092,0.07877035,0.21031444,0.67119642,0.19143691,0.01101411,0.19449991
1.86993497,1.15829708,0.00183254,0.08068370,0.21766379,0.68399486,0.20033323,0.01194814,0.20205585
1.87593797,1.18210247,0.00183126,0.08222777,0.22418969,0.69307300,0.20870568,0.01290488,0.20894154
1.88194097,1.20034438,0.00181723,0.08340348,0.22983934,0.69841467,0.21647417,0.01387737,0.21510249
1.88794397,1.21301591,0.00179084,0.08422164,0.23457514,0.70009205,0.22356395,0.01485799,0.22049637
1.89394697,1.22023078,0.00175279,0.08470283,0.23837519,0.69826467,0.22990662,0.01583869,0.22509365
1.89994997,1.22222012,0.00170403,0.08487697,0.24123351,0.69317607,0.23544112,0.01681117,0.22887823
1.90595298,1.21932636,0.00164576,0.08478262,0.24315997,0.68514798,0.24011483,0.01776717,0.23184770
1.91195598,1.21199440,0.00157937,0.08446597,0.24417996,0.67457255,0.24388459,0.01869877,0.23401355
1.91795898,1.20076066,0.00150639,0.08397969,0.24433380,0.66190287,0.24671785,0.01959867,0.23540115
1.92396198,1.18624040,0.00142849,0.08338154,0.24367601,0.64764218,0.24859372,0.02046054,0.23604959
1.92996498,1.16911365,0.00134737,0.08273284,0.24227433,0.63233211,0.24950407,0.02127924,0.23601138
1.93596798,1.15011029,0.00126476,0.08209687,0.24020869,0.61654035,0.24945441,0.02205117,0.23535191
1.94197099,1.12999438,0.00118237,0.08153720,0.23756981,0.60084801,0.24846472,0.02277440,0.23414872
1.94797399,1.10954818,0.00110182,0.08111597,0.23445779,0.58583700,0.24656991,0.02344882,0.23249050
1.95397699,1.08955597,0.00102462,0.08089223,0.23098030,0.57207749,0.24381994,0.02407624,0.23047578
1.95997999,1.07078771,0.00095213,0.08092033,0.22725065,0.56011582,0.24027964,0.02466027,0.22821119
1.96598299,1.05398279,0.00088554,0.08124836,0.22338550,0.55046279,0.23602785,0.02520628,0.22580949
1.97198599,1.03983395,0.00082585,0.08191675,0.21950229,0.54358253,0.23115622,0.02572108,0.22338702
1.97798899,1.02897139,0.00077384,0.08295702,0.21571650,0.53988204,0.22576737,0.02621265,0.22106092
1.98399200,1.02194741,0.00073008,0.08439065,0.21213859,0.53970147,0.21997258,0.02668972,0.21894591
1.98999500,1.01922182,0.00069492,0.08622827,0.20887082,0.54330528,0.21388897,0.02716129,0.21715089
1.99599800,1.02114843,0.00066849,0.08846904,0.20600409,0.55087450,0.20763644,0.02763617,0.21577532
2.00200100,1.02796304,0.00065071,0.09110028,0.20361473,0.56250022,0.20133420,0.02812244,0.21490561
2.00800400,1.03977351,0.00064129,0.09409743,0.20176166,0.57817862,0.19509730,0.02862694,0.21461167
2.01400700,1.05655242,0.00063978,0.09742441,0.20048380,0.59780783,0.18903319,0.02915485,0.21494375
2.02001001,1.07813278,0.00064554,0.10103416,0.19979807,0.62118682,0.18323847,0.02970926,0.21592977
2.02601301,1.10420742,0.00065780,0.10486961,0.19969810,0.64801666,0.17779602,0.03029094,0.21757327
2.03201601,1.13433241,0.00067565,0.10886502,0.20015364,0.67790444,0.17277264,0.03089809,0.21985224
2.03801901,1.16793472,0.00069811,0.11294751,0.20111099,0.71036985,0.16821731,0.03152631,0.22271873
2.04402201,1.20432448,0.00072411,0.11703893,0.20249429,0.74485464,0.16416018,0.03216870,0.22609957
2.05002501,1.24271144,0.00075251,0.12105792,0.20420776,0.78073488,0.16061227,0.03281602,0.22989803
2.05602801,1.28222562,0.00078220,0.12492219,0.20613890,0.81733583,0.15756603,0.03345702,0.23399642
2.06203102,1.32194144,0.00081203,0.12855073,0.20816237,0.85394907,0.15499654,0.03407887,0.23825974
2.06803402,1.36090470,0.00084093,0.13186622,0.21014462,0.88985155,0.15286344,0.03466767,0.24253994
2.07403702,1.39816151,0.00086784,0.13479718,0.21194893,0.92432594,0.15111342,0.03520898,0.24668093
2.08004002,1.43278806,0.00089183,0.13728010,0.21344063,0.95668155,0.14968311,0.03568848,0.25052391
2.08604302,1.46392014,0.00091204,0.13926122,0.21449237,0.98627523,0.14850227,0.03609250,0.25391296
2.09204602,1.49078126,0.00092776,0.14069810,0.21498911,1.01253132,0.14749719,0.03640865,0.25670057
2.09804902,1.51270812,0.00093839,0.14156076,0.21483258,1.03495998,0.14659392,0.03662628,0.25875281
2.10405203,1.52917256,0.00094349,0.14183244,0.21394512,1.05317319,0.14572141,0.03673694,0.25995415
2.11005503,1.53979894,0.00094279,0.14150993,0.21227255,1.06689765,0.14481435,0.03673472,0.26021142
2.11605803,1.54437623,0.00093616,0.14060348,0.20978608,1.07598424,0.14381546,0.03661649,0.25945710
2.12206103,1.54286451,0.00092362,0.13913626,0.20648314,1.08041349,0.14267739,0.03638195,0.25765148
2.12806403,1.53539541,0.00090535,0.13714344,0.20238708,1.08029693,0.14136392,0.03603367,0.25478389
2.13406703,1.52226670,0.00088165,0.13467088,0.19754585,1.07587425,0.13985064,0.03557693,0.25087288
2.14007004,1.50393125,0.00085296,0.13177360,0.19202964,1.06750644,0.13812494,0.03501947,0.24596527
2.14607304,1.48098087,0.00081979,0.12851390,0.18592776,1.05566503,0.13618550,0.03437116,0.24013440
2.15207604,1.45412578,0.00078276,0.12495945,0.17934480,1.04091809,0.13404116,0.03364354,0.23347743
2.15807904,1.42417058,0.00074254,0.12118114,0.17239634,1.02391333,0.13170953,0.03284942,0.22611191
2.16408204,1.39198768,0.00069985,0.11725109,0.16520443,1.00535897,0.12921506,0.03200230,0.21817193
2.17008504,1.35848927,0.00065542,0.11324055,0.15789302,0.98600320,0.12658709,0.03111587,0.20980373
2.17608804,1.32459895,0.00060998,0.10921805,0.15058353,0.96661262,0.12385768,0.03020356,0.20116125
2.18209105,1.29122389,0.00056424,0.10524770,0.14339084,0.94795072,0.12105955,0.02927797,0.19240156
2.18809405,1.25922861,0.00051890,0.10138771,0.13641974,0.93075667,0.11822408,0.02835058,0.18368044
2.19409705,1.22941106,0.00047460,0.09768919,0.12976203,0.91572528,0.11537965,0.02743135,0.17514824
2.20010005,1.20248182,0.00043195,0.09419530,0.12349436,0.90348847,0.11255022,0.02652846,0.16694610
2.20610305,1.17904677,0.00039149,0.09094065,0.11767679,0.89459876,0.10975439,0.02564826,0.15920268
2.21210605,1.15959373,0.00035374,0.08795110,0.11235215,0.88951502,0.10700485,0.02479512,0.15203138
2.21810905,1.14448307,0.00031914,0.08524380,0.10754608,0.88859082,0.10430824,0.02397157,0.14552821
2.22411206,1.13394248,0.00028813,0.08282757,0.10326782,0.89206543,0.10166556,0.02317840,0.13977021
2.23011506,1.12806572,0.00026109,0.08070351,0.09951148,0.90005773,0.09907289,0.02241494,0.13481455
2.23611806,1.12681505,0.00023839,0.07886590,0.09625787,0.91256295,0.09652251,0.02167935,0.13069811
2.24212106,1.13002720,0.00022043,0.07730318,0.09347662,0.92945227,0.09400424,0.02096900,0.12743773
2.24812406,1.13742231,0.00020757,0.07599914,0.09112857,0.95047536,0.09150703,0.02028081,0.12503087
2.25412706,1.14861564,0.00020023,0.07493416,0.08916826,0.97526563,0.08902057,0.01961175,0.12345680
2.26013007,1.16313136,0.00019885,0.07408649,0.08754642,1.00334837,0.08653688,0.01895914,0.12267813
2.26613307,1.18041827,0.00020390,0.07343346,0.08621240,1.03415136,0.08405181,0.01832107,0.12264273
2.27213607,1.19986669,0.00021592,0.07295270,0.08511635,1.06701812,0.08156626,0.01769669,0.12328585
2.27813907,1.22082645,0.00023549,0.07262316,0.08421123,1.10122334,0.07908713,0.01708642,0.12453251
2.28414207,1.24262514,0.00026325,0.07242606,0.08345449,1.13599039,0.07662794,0.01649218,0.12629996
2.29014507,1.26458661,0.00029986,0.07234559,0.08280943,1.17051056,0.07420895,0.01591738,0.12850023
2.29614807,1.28604893,0.00034602,0.07236943,0.08224622,1.20396348,0.07185692,0.01536694,0.13104265
2.30215108,1.30638161,0.00040243,0.07248909,0.08174257,1.23553837,0.06960443,0.01484716,0.13383629
2.30815408,1.32500156,0.00046979,0.07269999,0.08128407,1.26445543,0.06748879,0.01436550,0.13679222
2.31415708,1.34138738,0.00054871,0.07300130,0.08086419,1.28998673,0.06555062,0.01393033,0.13982557
2.32016008,1.35509148,0.00063977,0.07339559,0.08048404,1.31147594,0.06383210,0.01355054,0.14285726
2.32616308,1.36574972,0.00074337,0.07388830,0.08015173,1.32835602,0.06237506,0.01323514,0.14581545
2.33216608,1.37308828,0.00085979,0.07448700,0.07988164,1.34016442,0.06121897,0.01299287,0.14863652
2.33816908,1.37692727,0.00098908,0.07520049,0.07969337,1.34655490,0.06039886,0.01283172,0.15126572
2.34417209,1.37718116,0.00113102,0.07603787,0.07961054,1.34730559,0.05994337,0.01275851,0.15365736
2.35017509,1.37385583,0.00128514,0.07700743,0.07965940,1.34232290,0.05987303,0.01277850,0.15577460
2.35617809,1.36704239,0.00145063,0.07811562,0.07986743,1.33164096,0.06019874,0.01289502,0.15758890
2.36218109,1.35690798,0.00162632,0.07936599,0.08026177,1.31541674,0.06092068,0.01310917,0.15907909
2.36818409,1.34368402,0.00181072,0.08075821,0.08086764,1.29392097,0.06202762,0.01341963,0.16023026
2.37418709,1.32765237,0.00200194,0.08228726,0.08170681,1.26752532,0.06349673,0.01382255,0.16103248
2.38019010,1.30913013,0.00219779,0.08394273,0.08279611,1.23668644,0.06529391,0.01431145,0.16147942
2.38619310,1.28845385,0.00239572,0.08570845,0.08414608,1.20192763,0.06737463,0.01487741,0.16156706
2.39219610,1.26596385,0.00259295,0.08756225,0.08575976,1.16381909,0.06968526,0.01550913,0.16129246
2.39819910,1.24198965,0.00278645,0.08947613,0.08763175,1.12295764,0.07216493,0.01619328,0.16065287
2.40420210,1.21683707,0.00297309,0.09141662,0.08974756,1.07994682,0.07474777,0.01691484,0.15964500
2.41020510,1.19077778,0.00314966,0.09334557,0.09208322,1.03537840,0.07736554,0.01765753,0.15826470
2.41620810,1.16404180,0.00331298,0.09522111,0.09460532,0.98981601,0.07995041,0.01840431,0.15650697
2.42221111,1.13681324,0.00346005,0.09699892,0.09727145,0.94378147,0.08243803,0.01913795,0.15436635
2.42821411,1.10922945,0.00358808,0.09863377,0.10003093,0.89774439,0.08477052,0.01984159,0.15183758
2.43421711,1.08138356,0.00369461,0.10008111,0.10282609,0.85211523,0.08689942,0.02049932,0.14891655
2.44022011,1.05332999,0.00377765,0.10129887,0.10559376,0.80724172,0.08878842,0.02109675,0.14560144
2.44622311,1.02509260,0.00383567,0.10224917,0.10826716,0.76340878,0.09041573,0.02162153,0.14189391
2.45222611,0.99667479,0.00386776,0.10290005,0.11077802,0.72084119,0.09177605,0.02206384,0.13780029
2.45822911,0.96807083,0.00387362,0.10322700,0.11305887,0.67970884,0.09288193,0.02241678,0.13333269
2.46423212,0.93927760,0.00385360,0.10321425,0.11504542,0.64013381,0.09376458,0.02267663,0.12850985
2.47023512,0.91030600,0.00380875,0.10285585,0.11667888,0.60219866,0.09447396,0.02284312,0.12335771
2.47623812,0.88119116,0.00374073,0.10215631,0.11790817,0.56595523,0.09507812,0.02291945,0.11790972
2.48224112,0.85200083,0.00365187,0.10113084,0.11869190,0.53143342,0.09566185,0.02291230,0.11220664
2.48824412,0.82284145,0.00354505,0.09980524,0.11900002,0.49864926,0.09632462,0.02283163,0.10629610
2.49424712,0.79386128,0.00342369,0.09821533,0.11881504,0.46761194,0.09717777,0.02269044,0.10023170
2.50025013,0.76525070,0.00329163,0.09640590,0.11813274,0.43832939,0.09834117,0.02250437,0.09407183
2.50625313,0.73723934,0.00315307,0.09442938,0.11696245,0.41081223,0.09993928,0.02229122,0.08787825
2.51225613,0.71009037,0.00301248,0.09234410,0.11532668,0.38507600,0.10209689,0.02207041,0.08171440
2.51825913,0.68409220,0.00287449,0.09021237,0.11326029,0.36114178,0.10493451,0.02186230,0.07564378
2.52426213,0.65954808,0.00274383,0.08809827,0.11080916,0.33903528,0.10856365,0.02168757,0.06972810
2.53026513,0.63676418,0.00262520,0.08606550,0.10802836,0.31878468,0.11308221,0.02156651,0.06402573
2.53626813,0.61603681,0.00252322,0.08417507,0.10498008,0.30041763,0.11856998,0.02151835,0.05859014
2.54227114,0.59763947,0.00244235,0.08248329,0.10173123,0.28395755,0.12508462,0.02156054,0.05346860
2.54827414,0.58181054,0.00238683,0.08103981,0.09835092,0.26941981,0.13265812,0.02170822,0.04870117
2.55427714,0.56874219,0.00236058,0.07988605,0.09490798,0.25680795,0.14129410,0.02197361,0.04431997
2.56028014,0.55857117,0.00236721,0.07905396,0.09146850,0.24611050,0.15096588,0.02236559,0.04034871
2.56628314,0.55137200,0.00240993,0.07856526,0.08809365,0.23729835,0.16161559,0.02288935,0.03680256
2.57228614,0.54715297,0.00249153,0.07843111,0.08483783,0.23032312,0.17315439,0.02354616,0.03368833
2.57828914,0.54585508,0.00261435,0.07865227,0.08174711,0.22511663,0.18546380,0.02433327,0.03100480
2.58429215,0.54735417,0.00278020,0.07921981,0.07885825,0.22159138,0.19839823,0.02524397,0.02874340
2.59029515,0.55146600,0.00299043,0.08011622,0.07619809,0.21964218,0.21178856,0.02626771,0.02688892
2.59629815,0.55795406,0.00324579,0.08131692,0.07378352,0.21914873,0.22544682,0.02739044,0.02542047
2.60230115,0.56653979,0.00354650,0.08279211,0.07162180,0.21997905,0.23917166,0.02859500,0.02431242
2.60830415,0.57691455,0.00389215,0.08450887,0.06971136,0.22199354,0.25275460,0.02986164,0.02353541
2.61430715,0.58875280,0.00428175,0.08643331,0.06804299,0.22504935,0.26598664,0.03116861,0.02305736
2.62031016,0.60172568,0.00471367,0.08853274,0.06660114,0.22900492,0.27866513,0.03249282,0.02284448
2.62631316,0.61551438,0.00518564,0.09077773,0.06536556,0.23372427,0.29060046,0.03381055,0.02286210
2.63231616,0.62982248,0.00569476,0.09314385,0.06431287,0.23908083,0.30162238,0.03509813,0.02307555
2.63831916,0.64438654,0.00623748,0.09561310,0.06341821,0.24496065,0.31158560,0.03633266,0.02345085
2.64432216,0.65898453,0.00680964,0.09817485,0.06265667,0.25126458,0.32037444,0.03749260,0.02395536
2.65032516,0.67344147,0.00740649,0.10082623,0.06200463,0.25790956,0.32790625,0.03855845,0.02455824
2.65632816,0.68763209,0.00802270,0.10357204,0.06144077,0.26482871,0.33413347,0.03951314,0.02523093
2.66233117,0.70148043,0.00865245,0.10642398,0.06094683,0.27197030,0.33904421,0.04034254,0.02594736
2.66833417,0.71495634,0.00928941,0.10939944,0.06050802,0.27929581,0.34266137,0.04103567,0.02668421
2.67433717,0.72806932,0.00992691,0.11251977,0.06011319,0.28677693,0.34504020,0.04158490,0.02742100
2.68034017,0.74086001,0.01055793,0.11580820,0.05975468,0.29439205,0.34626456,0.04198604,0.02814013
2.68634317,0.75338997,0.01117523,0.11928750,0.05942787,0.30212223,0.34644210,0.04223825,0.02882683
2.69234617,0.76573052,0.01177144,0.12297756,0.05913068,0.30994712,0.34569845,0.04234393,0.02946907
2.69834917,0.77795128,0.01233917,0.12689300,0.05886281,0.31784097,0.34417088,0.04230844,0.03005745
2.70435218,0.79010930,0.01287110,0.13104102,0.05862499,0.32576924,0.34200172,0.04213983,0.03058498
2.71035518,0.80223944,0.01336012,0.13541957,0.05841827,0.33368591,0.33933182,0.04184846,0.03104691
2.71635818,0.81434674,0.01379947,0.14001603,0.05824332,0.34153176,0.33629452,0.04144662,0.03144051
2.72236118,0.82640118,0.01418280,0.14480643,0.05809993,0.34923378,0.33301028,0.04094812,0.03176485
2.72836418,0.83833526,0.01450438,0.14975541,0.05798657,0.35670584,0.32958238,0.04036789,0.03202059
2.73436718,0.85004452,0.01475916,0.15481668,0.05790032,0.36385055,0.32609374,0.03972158,0.03220977
2.74037019,0.86139093,0.01494289,0.15993429,0.05783677,0.37056215,0.32260510,0.03902520,0.03233558
2.74637319,0.87220887,0.01505228,0.16504437,0.05779034,0.37673047,0.31915461,0.03829480,0.03240222
2.75237619,0.88231332,0.01508503,0.17007740,0.05775463,0.38224547,0.31575867,0.03754614,0.03241471
2.75837919,0.89150961,0.01503996,0.17496074,0.05772292,0.38700219,0.31241406,0.03679445,0.03237871
2.76438219,0.89960399,0.01491704,0.17962149,0.05768885,0.39090582,0.30910116,0.03605421,0.03230037
2.77038519,0.90641443,0.01471742,0.18398920,0.05764701,0.39387637,0.30578793,0.03533889,0.03218619
2.77638819,0.91178068,0.01444348,0.18799850,0.05759367,0.39585285,0.30243454,0.03466084,0.03204285
2.78239120,0.91557308,0.01409875,0.19159147,0.05752735,0.39679648,0.29899832,0.03403105,0.03187705
2.78839420,0.91769948,0.01368790,0.19471939,0.05744935,0.39669283,0.29543861,0.03345902,0.03169534
2.79439720,0.91810977,0.01321664,0.19734414,0.05736419,0.39555274,0.29172156,0.03295263,0.03150397
2.80040020,0.91679793,0.01269162,0.19943882,0.05727979,0.39341187,0.28782425,0.03251798,0.03130868
2.80640320,0.91380140,0.01212028,0.20098780,0.05720769,0.39032905,0.28373827,0.03215928,0.03111456
2.81240620,0.90919796,0.01151070,0.20198616,0.05716294,0.38638351,0.27947240,0.03187877,0.03092586
2.81840920,0.90310063,0.01087146,0.20243861,0.05716399,0.38167118,0.27505445,0.03167662,0.03074585
2.82441221,0.89565070,0.01021138,0.20235788,0.05723237,0.37630032,0.27053210,0.03155094,0.03057672
2.83041521,0.88700992,0.00953942,0.20176293,0.05739239,0.37038688,0.26597281,0.03149781,0.03041952
2.83641821,0.87735220,0.00886446,0.20067693,0.05767065,0.36404984,0.26146283,0.03151140,0.03027413
2.84242121,0.86685558,0.00819513,0.19912529,0.05809564,0.35740690,0.25710552,0.03158410,0.03013936
2.84842421,0.85569515,0.00753967,0.19713381,0.05869720,0.35057073,0.25301882,0.03170684,0.03001306
2.85442721,0.84403733,0.00690583,0.19472718,0.05950607,0.34364618,0.24933232,0.03186938,0.02989239
2.86043022,0.83203596,0.00630073,0.19192784,0.06055336,0.33672844,0.24618377,0.03206076,0.02977411
2.86643322,0.81983043,0.00573081,0.18875532,0.06187011,0.32990234,0.24371535,0.03226977,0.02965499
2.87243622,0.80754578,0.00520181,0.18522608,0.06348670,0.32324271,0.24206965,0.03248546,0.02953228
2.87843922,0.79529477,0.00471875,0.18135385,0.06543234,0.31681582,0.24138558,0.03269773,0.02940421
2.88444222,0.78318151,0.00428593,0.17715039,0.06773450,0.31068162,0.24179417,0.03289786,0.02927061
2.89044522,0.77130623,0.00390698,0.17262664,0.07041816,0.30489654,0.24341443,0.03307906,0.02913337
2.89644822,0.75977070,0.00358493,0.16779406,0.07350515,0.29951673,0.24634921,0.03323689,0.02899710
2.90245123,0.74868364,0.00332222,0.16266609,0.07701329,0.29460123,0.25068127,0.03336972,0.02886952
2.90845423,0.73816559,0.00312081,0.15725967,0.08095550,0.29021493,0.25646951,0.03347892,0.02876193
2.91445723,0.72835265,0.00298223,0.15159644,0.08533884,0.28643096,0.26374546,0.03356904,0.02868949
2.92046023,0.71939879,0.00290757,0.14570384,0.09016356,0.28333233,0.27251023,0.03364776,0.02867140
2.92646323,0.71147613,0.00289759,0.13961570,0.09542216,0.28101260,0.28273186,0.03372576,0.02873090
2.93246623,0.70477332,0.00295265,0.13337247,0.10109852,0.27957548,0.29434343,0.03381631,0.02889513
2.93846923,0.69949183,0.00307277,0.12702097,0.10716726,0.27913335,0.30724180,0.03393487,0.02919479
2.94447224,0.69584033,0.00325750,0.12061365,0.11359321,0.27980477,0.32128739,0.03409841,0.02966363
2.95047524,0.69402745,0.00350593,0.11420740,0.12033125,0.28171101,0.33630490,0.03432471,0.03033778
2.95647824,0.69425337,0.00381661,0.10786209,0.12732644,0.28497189,0.35208523,0.03463158,0.03125488
2.96248124,0.69670068,0.00418740,0.10163872,0.13451455,0.28970100,0.36838858,0.03503596,0.03245309
2.96848424,0.70152503,0.00461544,0.09559746,0.14182298,0.29600073,0.38494866,0.03555313,0.03397002
2.97448724,0.70884623,0.00509701,0.08979564,0.14917204,0.30395729,0.40147822,0.03619586,0.03584144
2.98049025,0.71874016,0.00562746,0.08428576,0.15647664,0.31363589,0.41767543,0.03697367,0.03810009
2.98649325,0.73123208,0.00620117,0.07911375,0.16364823,0.32507649,0.43323125,0.03789218,0.04077433
2.99249625,0.74629164,0.00681148,0.07431740,0.17059702,0.33829022,0.44783736,0.03895261,0.04388688
2.99849925,0.76382981,0.00745070,0.06992524,0.17723427,0.35325662,0.46119436,0.04015142,0.04745356
3.00450225,0.78369797,0.00811017,0.06595576,0.18347468,0.36992190,0.47302012,0.04148010,0.05148217
3.01050525,0.80568910,0.00878034,0.06241705,0.18923861,0.38819814,0.48305759,0.04292521,0.05597143
3.01650825,0.82954088,0.00945087,0.05930694,0.19445416,0.40796357,0.49108214,0.04446851,0.06091017
3.02251126,0.85494081,0.01011087,0.05661351,0.19905890,0.42906381,0.49690777,0.04608735,0.06627665
3.02851426,0.88153270,0.01074909,0.05431601,0.20300125,0.45131402,0.50039214,0.04775519,0.07203820
3.03451726,0.90892454,0.01135420,0.05238605,0.20624138,0.47450183,0.50144011,0.04944221,0.07815106
3.04052026,0.93669726,0.01191503,0.05078914,0.20875171,0.49839105,0.50000567,0.05111616,0.08456060
3.04652326,0.96441404,0.01242093,0.04948632,0.21051680,0.52272585,0.49609230,0.05274319,0.09120180
3.05252626,0.99162997,0.01286203,0.04843592,0.21153297,0.54723543,0.48975161,0.05428879,0.09800008
3.05852926,1.01790167,0.01322957,0.04759535,0.21180733,0.57163911,0.48108051,0.05571876,0.10487254
3.06453227,1.04279676,0.01351612,0.04692285,0.21135672,0.59565163,0.47021709,0.05700018,0.11172942
3.07053527,1.06590286,0.01371587,0.04637907,0.21020621,0.61898870,0.45733533,0.05810228,0.11847595
3.07653827,1.08683624,0.01382475,0.04592851,0.20838769,0.64137267,0.44263902,0.05899736,0.12501444
3.08254127,1.10524975,0.01384061,0.04554077,0.20593829,0.66253835,0.42635512,0.05966147,0.13124666
3.08854427,1.12084025,0.01376325,0.04519153,0.20289899,0.68223891,0.40872697,0.06007508,0.13707627
3.09454727,1.13335530,0.01359443,0.04486326,0.19931340,0.70025178,0.39000741,0.06022360,0.14241151
3.10055028,1.14259922,0.01333780,0.04454570,0.19522667,0.71638449,0.37045239,0.06009768,0.14716774
3.10655328,1.14843834,0.01299876,0.04423603,0.19068482,0.73048034,0.35031490,0.05969344,0.15127000
3.11255628,1.15080546,0.01258427,0.04393885,0.18573422,0.74242378,0.32983979,0.05901247,0.15465538
3.11855928,1.14970332,0.01210264,0.04366591,0.18042143,0.75214532,0.30925924,0.05806172,0.15727511
3.12456228,1.14520699,0.01156323,0.04343555,0.17479322,0.75962571,0.28878914,0.05685325,0.15909626
3.13056528,1.13746487,0.01097614,0.04327210,0.16889678,0.76489916,0.26862637,0.05540377,0.16010307
3.13656828,1.12669827,0.01035197,0.04320494,0.16278006,0.76805536,0.24894688,0.05373415,0.16029768
3.14257129,1.11319918,0.00970145,0.04326760,0.15649209,0.76924008,0.22990452,0.05186879,0.15970035
3.14857429,1.09732617,0.00903520,0.04349654,0.15008332,0.76865395,0.21163062,0.04983493,0.15834908
3.15457729,1.07949815,0.00836341,0.04393000,0.14360580,0.76654941,0.19423409,0.04766189,0.15629861
3.16058029,1.06018608,0.00769569,0.04460666,0.13711321,0.76322559,0.17780200,0.04538032,0.15361884
3.16658329,1.03990246,0.00704080,0.04556428,0.13066070,0.75902114,0.16240050,0.04302140,0.15039274
3.17258629,1.01918882,0.00640655,0.04683830,0.12430445,0.75430502,0.14807605,0.04061608,0.14671374
3.17858929,0.99860153,0.00579967,0.04846040,0.11810107,0.74946552,0.13485680,0.03819441,0.14268282
3.18459230,0.97869609,0.00522577,0.05045715,0.11210676,0.74489771,0.12275410,0.03578487,0.13840524
3.19059530,0.96001070,0.00468931,0.05284863,0.10637631,0.74098989,0.11176401,0.03341378,0.13398722
3.19659830,0.94304933,0.00419363,0.05564722,0.10096202,0.73810936,0.10186900,0.03110487,0.12953253
3.20260130,0.92826537,0.00374099,0.05885647,0.09591258,0.73658837,0.09303952,0.02887885,0.12513925
3.20860430,0.91604622,0.00333265,0.06247017,0.09127197,0.73671068,0.08523563,0.02675320,0.12089676
3.21460730,0.90669984,0.00296897,0.06647170,0.08707853,0.73869952,0.07840876,0.02474197,0.11688310
3.22061031,0.90044376,0.00264954,0.07083362,0.08336418,0.74270762,0.07250331,0.02285577,0.11316278
3.22661331,0.89739730,0.00237324,0.07551752,0.08015393,0.74880975,0.06745846,0.02110181,0.10978518
3.23261631,0.89757735,0.00213844,0.08047438,0.07746565,0.75699845,0.06320987,0.01948407,0.10678351
3.23861931,0.90089829,0.00194305,0.08564513,0.07531021,0.76718310,0.05969155,0.01800354,0.10417443
3.24462231,0.90717599,0.00178470,0.09096172,0.07369196,0.77919269,0.05683765,0.01665856,0.10195830
3.25062531,0.91613596,0.00166079,0.09634854,0.07260953,0.79278216,0.05458429,0.01544521,0.10012005
3.25662831,0.92742548,0.00156864,0.10172416,0.07205690,0.80764222,0.05287135,0.01435770,0.09863063
3.26263132,0.94062914,0.00150553,0.10700346,0.07202475,0.82341230,0.05164418,0.01338887,0.09744890
3.26863432,0.95528723,0.00146883,0.11209994,0.07250202,0.83969601,0.05085523,0.01253062,0.09652396
3.27463732,0.97091628,0.00145603,0.11692834,0.07347743,0.85607862,0.05046543,0.01177439,0.09579780
3.28064032,0.98703078,0.00146483,0.12140722,0.07494114,0.87214566,0.05044545,0.01111155,0.09520807
3.28664332,1.00316506,0.00149314,0.12546167,0.07688620,0.88750186,0.05077656,0.01053383,0.09469098
3.29264632,1.01889463,0.00153917,0.12902589,0.07930981,0.90178969,0.05145127,0.01003360,0.09418411
3.29864932,1.03385562,0.00160142,0.13204556,0.08221435,0.91470648,0.05247350,0.00960420,0.09362908
3.30465233,1.04776190,0.00167869,0.13448000,0.08560792,0.92601964,0.05385843,0.00924005,0.09297397
3.31065533,1.06041883,0.00177008,0.13630387,0.08950452,0.93557907,0.05563188,0.00893685,0.09217542
3.31665833,1.07173320,0.00187502,0.13750853,0.09392372,0.94332654,0.05782926,0.00869157,0.09120029
3.32266133,1.08171906,0.00199319,0.13810285,0.09888984,0.94930151,0.06049416,0.00850245,0.09002696
3.32866433,1.09049916,0.00212452,0.13811351,0.10443066,0.95364334,0.06367658,0.00836885,0.08864608
3.33466733,1.09830217,0.00226914,0.13758483,0.11057568,0.95658990,0.06743076,0.00829117,0.08706095
3.34067034,1.10545591,0.00242731,0.13657801,0.11735406,0.95847276,0.07181291,0.00827058,0.08528736
3.34667334,1.11237707,0.00259941,0.13516995,0.12479226,0.95970931,0.07687872,0.00830879,0.08335308
3.35267634,1.11955804,0.00278580,0.13345163,0.13291164,0.96079229,0.08268085,0.00840782,0.08129700
3.35867934,1.12755152,0.00298681,0.13152612,0.14172600,0.96227716,0.08926649,0.00856970,0.07916792
3.36468234,1.13695380,0.00320268,0.12950636,0.15123935,0.96476807,0.09667515,0.00879621,0.07702315
3.37068534,1.14838735,0.00343344,0.12751272,0.16144394,0.96890282,0.10493666,0.00908869,0.07492686
3.37668834,1.16248361,0.00367894,0.12567043,0.17231884,0.97533744,0.11406964,0.00944778,0.07294845
3.38269135,1.17986650,0.00393872,0.12410704,0.18382900,0.98473087,0.12408037,0.00987328,0.07116077
3.38869435,1.20113721,0.00421207,0.12294990,0.19592506,0.99773010,0.13496223,0.01036408,0.06963839
3.39469735,1.22686071,0.00449796,0.12232370,0.20854378,1.01495592,0.14669558,0.01091804,0.06845593
3.40070035,1.25755388,0.00479511,0.12234820,0.22160932,1.03698963,0.15924826,0.01153204,0.06768646
3.40670335,1.29367569,0.00510193,0.12313612,0.23503500,1.06436062,0.17257651,0.01220201,0.06740001
3.41270635,1.33561881,0.00541667,0.12479114,0.24872587,1.09753479,0.18662627,0.01292301,0.06766215
3.41870935,1.38370275,0.00573738,0.12740620,0.26258149,1.13690372,0.20133478,0.01368939,0.06853273
3.42471236,1.43816792,0.00606205,0.13106181,0.27649918,1.18277459,0.21663237,0.01449494,0.07006466
3.43071536,1.49917038,0.00638864,0.13582459,0.29037727,1.23536046,0.23244423,0.01533300,0.07230281
3.43671836,1.56677675,0.00671519,0.14174597,0.30411820,1.29477125,0.24869209,0.01619672,0.07528289
3.44272136,1.64095924,0.00703986,0.14886089,0.31763136,1.36100507,0.26529559,0.01707913,0.07903048
3.44872436,1.72159029,0.00736098,0.15718672,0.33083540,1.43394030,0.28217343,0.01797331,0.08356002
3.45472736,1.80843716,0.00767712,0.16672228,0.34365989,1.51332858,0.29924393,0.01887247,0.08887388
3.46073037,1.90115646,0.00798711,0.17744695,0.35604621,1.59878906,0.31642526,0.01977001,0.09496152
3.46673337,1.99928901,0.00829001,0.18932000,0.36794768,1.68980451,0.33363518,0.02065954,0.10179864
3.47273637,2.10225559,0.00858511,0.20228021,0.37932883,1.78571960,0.35079040,0.02153484,0.10934659
3.47873937,2.20935428,0.00887187,0.21624565,0.39016409,1.88574226,0.36780566,0.02238982,0.11755192
3.48474237,2.31976004,0.00914985,0.23111390,0.40043571,1.98894831,0.38459275,0.02321845,0.12634611
3.49074537,2.43252733,0.00941866,0.24676266,0.41013152,2.09429010,0.40105953,0.02401463,0.13564573
3.49674837,2.54659650,0.00967780,0.26305076,0.41924228,2.20060940,0.41710918,0.02477211,0.14535289
3.50275138,2.66080444,0.00992664,0.27981971,0.42775929,2.30665460,0.43263998,0.02548442,0.15535616
3.50875438,2.77389984,0.01016430,0.29689569,0.43567211,2.41110233,0.44754555,0.02614480,0.16553192
3.51475738,2.88456322,0.01038955,0.31409204,0.44296692,2.51258291,0.46171594,0.02674619,0.17574629
3.52076038,2.99143139,0.01060080,0.33121221,0.44962547,2.60970929,0.47503940,0.02728124,0.18585742
3.52676338,3.09312593,0.01079604,0.34805304,0.45562483,2.70110846,0.48740505,0.02774243,0.19571835
3.53276638,3.18828488,0.01097285,0.36440833,0.46093802,2.78545435,0.49870626,0.02812219,0.20518023
3.53876938,3.27559639,0.01112845,0.38007258,0.46553545,2.86150097,0.50884464,0.02841307,0.21409584
3.54477239,3.35383315,0.01125974,0.39484486,0.46938711,2.92811457,0.51773455,0.02860800,0.22232334
3.55077539,3.42188618,0.01136342,0.40853247,0.47246539,2.98430335,0.52530764,0.02870053,0.22973009
3.55677839,3.47879631,0.01143610,0.42095455,0.47474826,3.02924357,0.53151746,0.02868512,0.23619635
3.56278139,3.52378209,0.01147446,0.43194533,0.47622263,3.06230092,0.53634358,0.02855744,0.24161877
3.56878439,3.55626270,0.01147537,0.44135700,0.47688757,3.08304618,0.53979496,0.02831460,0.24591353
3.57478739,3.57587471,0.01143611,0.44906216,0.47675718,3.09126457,0.54191243,0.02795538,0.24901886
3.58079040,3.58248202,0.01135445,0.45495575,0.47586274,3.08695843,0.54276978,0.02748044,0.25089696
3.58679340,3.57617834,0.01122883,0.45895648,0.47425414,3.07034319,0.54247358,0.02689239,0.25153513
3.59279640,3.55728212,0.01105847,0.46100778,0.47200007,3.04183686,0.54116130,0.02619588,0.25094608
3.59879940,3.52632424,0.01084343,0.46107826,0.46918726,3.00204374,0.53899794,0.02539751,0.24916739
3.60480240,3.48402885,0.01058467,0.45916176,0.46591844,2.95173296,0.53617117,0.02450577,0.24626010
3.61080540,3.43128840,0.01028407,0.45527701,0.46230913,2.89181303,0.53288505,0.02353083,0.24230655
3.61680840,3.36913389,0.00994438,0.44946696,0.45848351,2.82330350,0.52935263,0.02248428,0.23740746
3.62281141,3.29870157,0.00956916,0.44179780,0.45456932,2.74730476,0.52578778,0.02137886,0.23167848
3.62881441,3.22119760,0.00916269,0.43235783,0.45069221,2.66496744,0.52239651,0.02022812,0.22524626
3.63481741,3.13786205,0.00872984,0.42125599,0.44696978,2.57746228,0.51936825,0.01904603,0.21824428
3.64082041,3.04993360,0.00827590,0.40862027,0.44350553,2.48595166,0.51686748,0.01784666,0.21080864
3.64682341,2.95861630,0.00780646,0.39459592,0.44038318,2.39156362,0.51502614,0.01664380,0.20307378
3.65282641,2.86504959,0.00732721,0.37934343,0.43766161,2.29536904,0.51393725,0.01545066,0.19516871
3.65882941,2.77028251,0.00684379,0.36303634,0.43537070,2.19836254,0.51364997,0.01427959,0.18721340
3.66483242,2.67525287,0.00636163,0.34585884,0.43350839,2.10144745,0.51416659,0.01314181,0.17931593
3.67083542,2.58077198,0.00588582,0.32800321,0.43203912,2.00542500,0.51544138,0.01204727,0.17157016
3.67683842,2.48751525,0.00542100,0.30966698,0.43089379,1.91098774,0.51738175,0.01100452,0.16405415
3.68284142,2.39601866,0.00497124,0.29105007,0.42997132,1.81871701,0.51985133,0.01002060,0.15682939
3.68884442,2.30668094,0.00453999,0.27235174,0.42914176,1.72908424,0.52267532,0.00910111,0.14994068
3.69484742,2.21977111,0.00413005,0.25376749,0.42825093,1.64245567,0.52564746,0.00825018,0.14341676
3.70085043,2.13544073,0.00374357,0.23548600,0.42712627,1.55910002,0.52853871,0.00747058,0.13727162
3.70685343,2.05374007,0.00338200,0.21768616,0.42558379,1.47919852,0.53110698,0.00676382,0.13150623
3.71285643,1.97463732,0.00304619,0.20053424,0.42343575,1.40285685,0.53310766,0.00613028,0.12611081
3.71885943,1.89803973,0.00273643,0.18418133,0.42049870,1.33011821,0.53430427,0.00556939,0.12106729
3.72486243,1.82381562,0.00245247,0.16876112,0.41660153,1.26097697,0.53447885,0.00507975,0.11635192
3.73086543,1.75181628,0.00219364,0.15438801,0.41159316,1.19539233,0.53344163,0.00465929,0.11193794
3.73686843,1.68189644,0.00195893,0.14115571,0.40534949,1.13330125,0.53103930,0.00430543,0.10779806
3.74287144,1.61393265,0.00174703,0.12913624,0.39777922,1.07463038,0.52716172,0.00401517,0.10390670
3.74887444,1.54783852,0.00155645,0.11837943,0.38882841,1.01930631,0.52174659,0.00378526,0.10024189
3.75487744,1.48357636,0.00138556,0.10891292,0.37848342,0.96726394,0.51478202,0.00361224,0.09678679
3.76088044,1.42116474,0.00123269,0.10074255,0.36677224,0.91845268,0.50630669,0.00349255,0.09353069
3.76688344,1.36068182,0.00109616,0.09385325,0.35376401,0.87284049,0.49640796,0.00342255,0.09046958
3.77288644,1.30226453,0.00097432,0.08821024,0.33956701,0.83041558,0.48521775,0.00339860,0.08760625
3.77888944,1.24610395,0.00086563,0.08376066,0.32432502,0.79118616,0.47290675,0.00341707,0.08494992
3.78489245,1.19243737,0.00076863,0.08043540,0.30821242,0.75517832,0.45967704,0.00347434,0.08251562
3.79089545,1.14153774,0.00068199,0.07815125,0.29142826,0.72243250,0.44575381,0.00356687,0.08032310
3.79689845,1.09370125,0.00060454,0.07681317,0.27418951,0.69299882,0.43137652,0.00369115,0.07839573
3.80290145,1.04923404,0.00053520,0.07631678,0.25672401,0.66693189,0.41678985,0.00384376,0.07675912
3.80890445,1.00843870,0.00047307,0.07655089,0.23926322,0.64428535,0.40223520,0.00402136,0.07543984
3.81490745,0.97160148,0.00041733,0.07740004,0.22203534,0.62510662,0.38794283,0.00422077,0.07446410
3.82091046,0.93898080,0.00036731,0.07874713,0.20525884,0.60943227,0.37412518,0.00443895,0.07385660
3.82691346,0.91079771,0.00032241,0.08047588,0.18913682,0.59728407,0.36097151,0.00467308,0.07363959
3.83291646,0.88722844,0.00028213,0.08247327,0.17385227,0.58866605,0.34864412,0.00492058,0.07383207
3.83891946,0.86839945,0.00024604,0.08463179,0.15956443,0.58356263,0.33727601,0.00517923,0.07444931
3.84492246,0.85438477,0.00021377,0.08685149,0.14640625,0.58193763,0.32697022,0.00544717,0.07550252
3.85092546,0.84520563,0.00018499,0.08904174,0.13448300,0.58373426,0.31780048,0.00572299,0.07699884
3.85692846,0.84083193,0.00015942,0.09112281,0.12387192,0.58887579,0.30981308,0.00600581,0.07894143
3.86293147,0.84118544,0.00013681,0.09302703,0.11462294,0.59726684,0.30302976,0.00629532,0.08132981
3.86893447,0.84614407,0.00011692,0.09469963,0.10676023,0.60879494,0.29745130,0.00659183,0.08416025
3.87493747,0.85554703,0.00009954,0.09609931,0.10028445,0.62333235,0.29306158,0.00689632,0.08742631
3.88094047,0.86920050,0.00008448,0.09719829,0.09517565,0.64073798,0.28983180,0.00721051,0.09111939
3.88694347,0.88688350,0.00007156,0.09798226,0.09139651,0.66085929,0.28772468,0.00753682,0.09522930
3.89294647,0.90835381,0.00006062,0.09844980,0.08889592,0.68353420,0.28669841,0.00787842,0.09974488
3.89894947,0.93335394,0.00005152,0.09861169,0.08761259,0.70859318,0.28671018,0.00823921,0.10465454
3.90495248,0.96161699,0.00004412,0.09848992,0.08747869,0.73586142,0.28771919,0.00862378,0.10994684
3.91095548,0.99287259,0.00003833,0.09811663,0.08842333,0.76516133,0.28968901,0.00903738,0.11561101
3.91695848,1.02685281,0.00003405,0.09753281,0.09037578,0.79631556,0.29258928,0.00948584,0.12163748
3.92296148,1.06329830,0.00003123,0.09678708,0.09326832,0.82915043,0.29639674,0.00997550,0.12801830
3.92896448,1.10196446,0.00002983,0.09593438,0.09703867,0.86349996,0.30109547,0.01051306,0.13474767
3.93496748,1.14262766,0.00002983,0.09503469,0.10163186,0.89921035,0.30667648,0.01110541,0.14182227
3.94097049,1.18509123,0.00003125,0.09415183,0.10700159,0.93614476,0.31313661,0.01175952,0.14924161
3.94697349,1.22919105,0.00003413,0.09335224,0.11311084,0.97418818,0.32047677,0.01248216,0.15700820
3.95297649,1.27480018,0.00003853,0.09270385,0.11993195,1.01325186,0.32869950,0.01327970,0.16512763
3.95897949,1.32183211,0.00004453,0.09227497,0.12744588,1.05327700,0.33780610,0.01415778,0.17360835
3.96498249,1.37024216,0.00005225,0.09213311,0.13564089,1.09423709,0.34779316,0.01512106,0.18246123
3.97098549,1.42002632,0.00006179,0.09234380,0.14451051,1.13613845,0.35864876,0.01617289,0.19169881
3.97698849,1.47121730,0.00007328,0.09296933,0.15405095,1.17901840,0.37034849,0.01731497,0.20133416
3.98299150,1.52387721,0.00008687,0.09406734,0.16425800,1.22294078,0.38285132,0.01854701,0.21137933
3.98899450,1.57808698,0.00010266,0.09568938,0.17512358,1.26798860,0.39609566,0.01986648,0.22184350
3.99499750,1.63393228,0.00012079,0.09787924,0.18663207,1.31425365,0.40999576,0.02126827,0.23273067
4.00100050,1.69148653,0.00014133,0.10067125,0.19875657,1.36182337,0.42443880,0.02274452,0.24403717
4.00700350,1.75079155,0.00016437,0.10408854,0.21145537,1.41076543,0.43928268,0.02428448,0.25574888
4.01300650,1.81183658,0.00018991,0.10814128,0.22466873,1.46111055,0.45435509,0.02587441,0.26783843
4.01900950,1.87453706,0.00021794,0.11282502,0.23831635,1.51283464,0.46945376,0.02749770,0.28026255
4.02501251,1.93871423,0.00024839,0.11811920,0.25229547,1.56584114,0.48434822,0.02913495,0.29295964
4.03101551,2.00407719,0.00028110,0.12398608,0.26648005,1.61994489,0.49878306,0.03076431,0.30584784
4.03701851,2.07020861,0.00031587,0.13036988,0.28072091,1.67485877,0.51248281,0.03236188,0.31882378
4.04302151,2.13655578,0.00035242,0.13719662,0.29484715,1.73018422,0.52515821,0.03390219,0.33176218
4.04902451,2.20242779,0.00039040,0.14437446,0.30866869,1.78540676,0.53651381,0.03535888,0.34451642
4.05502751,2.26700013,0.00042937,0.15179470,0.32197997,1.83989749,0.54625659,0.03670534,0.35692023
4.06103052,2.32932694,0.00046887,0.15933358,0.33456478,1.89292093,0.55410522,0.03791550,0.36879050
4.06703352,2.38836121,0.00050833,0.16685466,0.34620191,1.94364970,0.55979967,0.03896463,0.37993124
4.07303652,2.44298246,0.00054718,0.17421194,0.35667161,1.99118561,0.56311051,0.03983011,0.39013861
4.07903952,2.49203117,0.00058479,0.18125356,0.36576240,2.03458684,0.56384773,0.04049217,0.39920678
4.08504252,2.53434867,0.00062053,0.18782601,0.37327811,2.07290013,0.56186838,0.04093459,0.40693460
4.09104552,2.56882074,0.00065377,0.19377858,0.37904472,2.10519661,0.55708280,0.04114529,0.41313258
4.09704852,2.59442313,0.00068392,0.19896812,0.38291684,2.13060989,0.54945904,0.04111673,0.41763010
4.10305153,2.61026671,0.00071041,0.20326363,0.38478339,2.14837435,0.53902533,0.04084631,0.42028234
4.10905453,2.61564011,0.00073276,0.20655076,0.38457231,2.15786196,0.52587032,0.04033645,0.42097673
4.11505753,2.61004761,0.00075058,0.20873584,0.38225414,2.15861555,0.51014132,0.03959463,0.41963852
4.12106053,2.59324043,0.00076356,0.20974930,0.37784422,2.15037693,0.49204040,0.03863321,0.41623526
4.12706353,2.56523963,0.00077154,0.20954843,0.37140352,2.13310817,0.47181876,0.03746914,0.41077989
4.13306653,2.52634952,0.00077449,0.20811924,0.36303799,2.10700507,0.44976958,0.03612349,0.40333231
4.13906953,2.47716065,0.00077253,0.20547740,0.35289666,2.07250173,0.42621979,0.03462097,0.39399936
4.14507254,2.41854234,0.00076592,0.20166821,0.34116838,2.03026615,0.40152111,0.03298928,0.38293317
4.15107554,2.35162495,0.00075510,0.19676567,0.32807754,1.98118686,0.37604091,0.03125845,0.37032797
4.15707854,2.27777270,0.00074067,0.19087057,0.31387901,1.92635107,0.35015327,0.02946019,0.35641553
4.16308154,2.19854846,0.00072336,0.18410785,0.29885235,1.86701562,0.32423068,0.02762726,0.34145942
4.16908454,2.11567202,0.00070409,0.17662327,0.28329580,1.80457179,0.29863665,0.02579279,0.32574833
4.17508754,2.03097389,0.00068389,0.16857958,0.26752009,1.74050579,0.27371972,0.02398984,0.30958885
4.18109055,1.94634665,0.00066396,0.16015229,0.25184244,1.67635670,0.24980879,0.02225084,0.29329788
4.18709355,1.86369591,0.00064561,0.15152536,0.23658089,1.61367369,0.22721008,0.02060729,0.27719511
4.19309655,1.78489303,0.00063027,0.14288675,0.22204920,1.55397433,0.20620566,0.01908947,0.26159579
4.19909955,1.71173116,0.00061946,0.13442420,0.20855227,1.49870577,0.18705344,0.01772621,0.24680401
4.20510255,1.64588637,0.00061481,0.12632125,0.19638234,1.44921002,0.16998841,0.01654485,0.23310677
4.21110555,1.58888466,0.00061801,0.11875359,0.18581584,1.40669467,0.15522506,0.01557111,0.22076893
4.21710855,1.54207588,0.00063083,0.11188590,0.17711080,1.37220969,0.14296038,0.01482916,0.21002906
4.22311156,1.50661454,0.00065506,0.10586910,0.17050492,1.34663078,0.13337745,0.01434159,0.20109633
4.22911456,1.48344758,0.00069251,0.10083806,0.16621391,1.33064924,0.12664887,0.01412942,0.19414830
4.23511756,1.47330854,0.00074499,0.09690988,0.16443022,1.32476807,0.12294003,0.01421206,0.18932954
4.24112056,1.47671725,0.00081427,0.09418242,0.16532166,1.32930370,0.12241156,0.01460728,0.18675099
4.24712356,1.49398417,0.00090203,0.09273332,0.16903019,1.34439243,0.12522088,0.01533103,0.18648985
4.25312656,1.52521805,0.00100986,0.09261928,0.17567025,1.37000065,0.13152236,0.01639724,0.18858995
4.25912956,1.57033588,0.00113916,0.09387561,0.18532698,1.40593765,0.14146617,0.01781748,0.19306231
4.26513257,1.62907396,0.00129113,0.09651595,0.19805396,1.45186991,0.15519534,0.01960063,0.19988591
4.27113557,1.70099903,0.00146668,0.10053221,0.21387059,1.50733599,0.17284144,0.02175237,0.20900841
4.27713857,1.78551886,0.00166641,0.10589463,0.23275920,1.57176089,0.19451851,0.02427471,0.22034695
4.28314157,1.88189159,0.00189052,0.11255199,0.25466189,1.64446945,0.22031582,0.02716539,0.23378882
4.28914457,1.98923382,0.00213874,0.12043204,0.27947745,1.72469813,0.25028939,0.03041739,0.24919212
4.29514757,2.10652738,0.00241034,0.12944202,0.30705837,1.81160505,0.28445287,0.03401837,0.26638644
4.30115058,2.23262520,0.00270402,0.13946958,0.33720841,1.90427834,0.32276818,0.03795028,0.28517369
4.30715358,2.36625686,0.00301791,0.15038383,0.36968090,2.00174305,0.36513627,0.04218897,0.30532905
4.31315658,2.50603459,0.00334956,0.16203686,0.40417806,2.10296703,0.41138880,0.04670404,0.32660243
4.31915958,2.65046060,0.00369592,0.17426559,0.44035174,2.20686643,0.46128106,0.05145880,0.34872024
4.32516258,2.79793650,0.00405339,0.18689400,0.47780562,2.31231151,0.51448680,0.05641048,0.37138786
4.33116558,2.94677588,0.00441785,0.19973583,0.51609926,2.41813335,0.57059550,0.06151065,0.39429274
4.33716858,3.09522039,0.00478473,0.21259765,0.55475395,2.52313220,0.62911231,0.06670582,0.41710826
4.34317159,3.24146002,0.00514911,0.22528229,0.59326050,2.62608789,0.68946122,0.07193834,0.43949836
4.34917459,3.38365754,0.00550584,0.23759259,0.63108873,2.72577268,0.75099136,0.07714746,0.46112284
4.35517759,3.51997712,0.00584966,0.24933533,0.66769868,2.82096672,0.81298660,0.08227063,0.48164338
4.36118059,3.64861639,0.00617535,0.26032525,0.70255303,2.91047589,0.87467833,0.08724486,0.50073003
4.36718359,3.76784139,0.00647791,0.27038905,0.73513048,2.99315181,0.93526091,0.09200831,0.51806803
4.37318659,3.87602305,0.00675270,0.27936919,0.76493960,3.06791332,0.99390952,0.09650180,0.53336481
4.37918959,3.97167405,0.00699561,0.28712742,0.79153253,3.13376878,1.04979965,0.10067046,0.54635679
4.38519260,4.05348435,0.00720322,0.29354783,0.81451815,3.18983808,1.10212764,0.10446516,0.55681590
4.39119560,4.12035407,0.00737293,0.29853933,0.83357397,3.23537346,1.15013132,0.10784396,0.56455536
4.39719860,4.17142195,0.00750309,0.30203749,0.84845638,3.26977815,1.19311008,0.11077330,0.56943465
4.40320160,4.20608806,0.00759307,0.30400567,0.85900860,3.29262159,1.23044348,0.11322895,0.57136336
4.40920460,4.22402967,0.00764332,0.30443528,0.86516621,3.30365058,1.26160769,0.11519676,0.57030364
4.41520760,4.22520914,0.00765541,0.30334538,0.86695965,3.30279555,1.28618902,0.11667303,0.56627139
4.42121061,4.20987354,0.00763199,0.30078145,0.86451386,3.29017151,1.30389423,0.11766460,0.55933578
4.42721361,4.17854568,0.00757675,0.29681348,0.85804477,3.26607336,1.31455700,0.11818860,0.54961731
4.43321661,4.13200689,0.00749436,0.29153345,0.84785293,3.23096588,1.31814061,0.11827188,0.53728442
4.43921961,4.07127226,0.00739029,0.28505234,0.83431437,3.18546855,1.31473669,0.11795010,0.52254870
4.44522261,3.99755915,0.00727070,0.27749673,0.81786924,3.13033591,1.30456021,0.11726660,0.50565891
4.45122561,3.91225061,0.00714226,0.26900519,0.79900834,3.06643443,1.28794121,0.11627099,0.48689412
4.45722861,3.81685499,0.00701196,0.25972457,0.77825843,2.99471676,1.26531343,0.11501753,0.46655606
4.46323162,3.71296359,0.00688690,0.24980637,0.75616660,2.91619467,1.23720069,0.11356347,0.44496119
4.46923462,3.60220793,0.00677410,0.23940323,0.73328435,2.83191178,1.20420149,0.11196722,0.42243252
4.47523762,3.48621860,0.00668026,0.22866577,0.71015200,2.74291736,1.16697248,0.11028656,0.39929182
4.48124062,3.36658689,0.00661165,0.21773976,0.68728388,2.65024218,1.12621160,0.10857692,0.37585215
4.48724362,3.24483086,0.00657383,0.20676378,0.66515485,2.55487743,1.08264129,0.10688973,0.35241126
4.49324662,3.12236676,0.00657160,0.19586732,0.64418849,2.45775732,1.03699254,0.10527101,0.32924579
4.49924962,3.00048663,0.00660882,0.18516946,0.62474734,2.35974603,0.98999011,0.10376017,0.30660673
4.50525263,2.88034249,0.00668831,0.17477795,0.60712553,2.26162906,0.94233943,0.10238905,0.28471589
4.51125563,2.76293727,0.00681183,0.16478887,0.59154373,2.16410906,0.89471538,0.10118132,0.26376378
4.51725863,2.64912218,0.00698003,0.15528663,0.57814676,2.06780588,0.84775312,0.10015221,0.24390853
4.52326163,2.53960002,0.00719247,0.14634435,0.56700367,1.97326023,0.80204115,0.09930857,0.22527605
4.52926463,2.43493377,0.00744765,0.13802453,0.55811030,1.88094050,0.75811649,0.09864926,0.20796117
4.53526763,2.33555928,0.00774311,0.13037985,0.55139410,1.79125170,0.71646190,0.09816591,0.19202961
4.54127064,2.24180108,0.00807549,0.12345419,0.54672100,1.70454581,0.67750499,0.09784395,0.17752059
4.54727364,2.15389010,0.00844074,0.11728350,0.54390399,1.62113257,0.64161889,0.09766385,0.16444995
4.55327664,2.07198207,0.00883418,0.11189676,0.54271325,1.54128987,0.60912435,0.09760261,0.15281349
4.55927964,1.99617539,0.00925074,0.10731669,0.54288707,1.46527284,0.58029269,0.09763536,0.14259030
4.56528264,1.92652748,0.00968511,0.10356034,0.54414361,1.39332114,0.55534943,0.09773692,0.13374608
4.57128564,1.86306866,0.01013191,0.10063942,0.54619262,1.32566375,0.53447815,0.09788347,0.12623604
4.57728864,1.80581283,0.01058589,0.09856032,0.54874697,1.26252108,0.51782424,0.09805396,0.12000751
4.58329165,1.75476444,0.01104206,0.09732400,0.55153340,1.20410414,0.50549815,0.09823139,0.11500199
4.58929465,1.70992153,0.01149588,0.09692554,0.55430218,1.15061097,0.49757788,0.09840381,0.11115671
4.59529765,1.67127488,0.01194338,0.09735350,0.55683515,1.10222041,0.49411051,0.09856502,0.10840568
4.60130065,1.63880337,0.01238120,0.09858922,0.55895207,1.05908387,0.49511250,0.09871485,0.10668024
4.60730365,1.61246619,0.01280672,0.10060590,0.56051479,1.02131546,0.50056882,0.09885911,0.10590918
4.61330665,1.59219263,0.01321802,0.10336786,0.56142932,0.98898142,0.51043085,0.09900911,0.10601859
4.61930965,1.57787011,0.01361391,0.10682975,0.56164565,0.96208940,0.52461331,0.09918086,0.10693144
4.62531266,1.56933171,0.01399383,0.11093604,0.56115545,0.94057853,0.54299029,0.09939391,0.10856714
4.63131566,1.56634413,0.01435776,0.11562070,0.55998778,0.92431111,0.56539098,0.09966998,0.11084110
4.63731866,1.56859718,0.01470614,0.12080731,0.55820322,0.91306650,0.59159537,0.10003142,0.11366444
4.64332166,1.57569591,0.01503963,0.12640951,0.55588661,0.90653799,0.62133052,0.10049956,0.11694399
4.64932466,1.58715626,0.01535905,0.13233192,0.55313910,0.90433301,0.65426793,0.10109315,0.12058260
4.65532766,1.60240499,0.01566510,0.13847154,0.55006979,0.90597714,0.69002259,0.10182695,0.12447984
4.66133067,1.62078445,0.01595828,0.14471957,0.54678763,0.91092189,0.72815416,0.10271048,0.12853309
4.66733367,1.64156247,0.01623872,0.15096372,0.54339402,0.91855625,0.76817081,0.10374723,0.13263907
4.67333667,1.66394733,0.01650606,0.15709081,0.53997658,0.92822173,0.80953595,0.10493416,0.13669573
4.67933967,1.68710754,0.01675937,0.16298977,0.53660447,0.93923035,0.85167809,0.10626174,0.14060440
4.68534267,1.71019577,0.01699715,0.16855466,0.53332564,0.95088497,0.89400364,0.10771442,0.14427217
4.69134567,1.73237605,0.01721735,0.17368793,0.53016603,0.96250116,0.93591266,0.10927157,0.14761438
4.69734867,1.75285308,0.01741746,0.17830346,0.52713083,0.97342962,0.97681688,0.11090883,0.15055707
4.70335168,1.77090241,0.01759463,0.18232944,0.52420777,0.98307827,1.01615953,0.11259986,0.15303927
4.70935468,1.78589985,0.01774589,0.18571090,0.52137200,0.99093301,1.05343600,0.11431829,0.15501504
4.71535768,1.79734875,0.01786832,0.18841177,0.51859241,0.99657605,1.08821450,0.11603979,0.15645505
4.72136068,1.80490363,0.01795934,0.19041626,0.51583880,0.99970119,1.12015555,0.11774423,0.15734773
4.72736368,1.80838872,0.01801695,0.19172963,0.51308937,1.00012501,1.14902923,0.11941763,0.15769976
4.73336668,1.80781028,0.01803995,0.19237815,0.51033807,0.99779364,1.17472920,0.12105381,0.15753596
4.73936968,1.80336176,0.01802816,0.19240830,0.50760112,0.99278449,1.19728236,0.12265573,0.15689847
4.74537269,1.79542115,0.01798264,0.19188511,0.50492220,0.98530294,1.21685337,0.12423623,0.15584529
4.75137569,1.78454027,0.01790570,0.19088980,0.50237592,0.97567392,1.23374357,0.12581818,0.15444813
4.75737869,1.77142618,0.01780106,0.18951673,0.50006916,0.96432866,1.24838371,0.12743405,0.15278972
4.76338169,1.75691513,0.01767373,0.18786970,0.49814003,0.95178714,1.26132059,0.12912474,0.15096063
4.76938469,1.74193998,0.01752991,0.18605792,0.49675446,0.93863684,1.27319789,0.13093781,0.14905571
4.77538769,1.72749244,0.01737683,0.18419157,0.49610035,0.92550863,1.28473166,0.13292516,0.14717029
4.78139070,1.71458135,0.01722245,0.18237736,0.49637968,0.91305080,1.29668136,0.13514017,0.14539637
4.78739370,1.70418906,0.01707514,0.18071414,0.49779874,0.90190214,1.30981762,0.13763460,0.14381879
4.79339670,1.69722755,0.01694334,0.17928878,0.50055712,0.89266528,1.32488799,0.14045522,0.14251173
4.79939970,1.69449623,0.01683511,0.17817249,0.50483586,0.88588122,1.34258207,0.14364047,0.14153559
4.80540270,1.69664339,0.01675778,0.17741784,0.51078555,0.88200611,1.36349765,0.14721728,0.14093431
4.81140570,1.70413288,0.01671755,0.17705645,0.51851488,0.88139115,1.38810928,0.15119826,0.14073347
4.81740870,1.71721761,0.01671913,0.17709759,0.52808034,0.88426644,1.41674076,0.15557931,0.14093903
4.82341171,1.73592109,0.01676547,0.17752772,0.53947766,0.89072930,1.44954274,0.16033800,0.14153688
4.82941471,1.76002786,0.01685754,0.17831099,0.55263549,0.90073759,1.48647652,0.16543262,0.14249322
4.83541771,1.78908330,0.01699419,0.17939064,0.56741165,0.91410825,1.52730501,0.17080204,0.14375575
4.84142071,1.82240293,0.01717213,0.18069130,0.58359242,0.93052097,1.57159103,0.17636654,0.14525555
4.84742371,1.85909083,0.01738600,0.18212210,0.60089475,0.94952708,1.61870349,0.18202936,0.14690971
4.85342671,1.89806658,0.01762850,0.18358031,0.61897156,0.97056305,1.66783111,0.18767915,0.14862450
4.85942971,1.93809955,0.01789066,0.18495555,0.63742000,0.99296830,1.71800332,0.19319309,0.15029893
4.86543272,1.97784921,0.01816218,0.18613422,0.65579223,1.01600642,1.76811759,0.19844056,0.15182863
4.87143572,2.01590991,0.01843182,0.18700408,0.67360840,1.03888928,1.81697224,0.20328731,0.15310981
4.87743872,2.05085834,0.01868784,0.18745860,0.69037135,1.06080290,1.86330338,0.20759987,0.15404323
4.88344172,2.08130180,0.01891848,0.18740117,0.70558235,1.08093422,1.90582492,0.21124994,0.15453786
4.88944472,2.10592549,0.01911246,0.18674876,0.71875737,1.09849792,1.94326972,0.21411882,0.15451428
4.89544772,2.12353690,0.01925943,0.18543502,0.72944298,1.11276208,1.97443083,0.21610141,0.15390750
4.90145073,2.13310590,0.01935046,0.18341264,0.73723159,1.12307204,1.99820084,0.21710985,0.15266928
4.90745373,2.13379878,0.01937838,0.18065500,0.74177505,1.12887147,2.01360825,0.21707645,0.15076971
4.91345673,2.12500543,0.01933816,0.17715696,0.74279633,1.12971991,2.01984930,0.21595604,0.14819815
4.91945973,2.10635845,0.01922715,0.17293486,0.74009869,1.12530641,2.01631416,0.21372740,0.14496336
4.92546273,2.07774391,0.01904525,0.16802580,0.73357214,1.11545854,2.00260662,0.21039393,0.14109302
4.93146573,2.03930339,0.01879497,0.16248613,0.72319673,1.10014681,1.97855649,0.20598342,0.13663257
4.93746873,1.99142760,0.01848145,0.15638943,0.70904291,1.07948425,1.94422448,0.20054708,0.13164344
4.94347174,1.93474191,0.01811230,0.14982390,0.69126873,1.05372134,1.89989935,0.19415771,0.12620086
4.94947474,1.87008457,0.01769743,0.14288952,0.67011421,1.02323652,1.84608761,0.18690729,0.12039124
4.95547774,1.79847876,0.01724876,0.13569478,0.64589316,0.98852278,1.78349634,0.17890400,0.11430930
4.96148074,1.72109947,0.01677983,0.12835346,0.61898275,0.95017093,1.71300992,0.17026879,0.10805512
4.96748374,1.63923678,0.01630544,0.12098133,0.58981151,0.90885016,1.63566162,0.16113169,0.10173109
4.97348674,1.55425678,0.01584111,0.11369297,0.55884600,0.86528673,1.55260135,0.15162804,0.09543900
4.97948974,1.46756186,0.01540265,0.10659885,0.52657703,0.82024164,1.46506094,0.14189466,0.08927726
4.98549275,1.38055151,0.01500562,0.09980265,0.49350571,0.77448810,1.37431829,0.13206621,0.08333848
4.99149575,1.29458523,0.01466483,0.09339896,0.46013007,0.72878956,1.28166174,0.12227183,0.07770728
4.99749875,1.21094869,0.01439388,0.08747141,0.42693262,0.68387924,1.18835620,0.11263216,0.07245856
5.00350175,1.13082408,0.01420470,0.08209117,0.39436934,0.64044165,1.09561205,0.10325676,0.06765612
5.00950475,1.05526573,0.01410718,0.07731597,0.36286035,0.59909682,1.00455796,0.09424215,0.06335180
5.01550775,0.98518135,0.01410885,0.07318953,0.33278259,0.56038769,0.91621837,0.08567027,0.05958496
5.02151076,0.92131946,0.01421467,0.06974143,0.30446461,0.52477085,0.83149632,0.07760762,0.05638244
5.02751376,0.86426297,0.01442690,0.06698741,0.27818347,0.49261105,0.75116182,0.07010488,0.05375889
5.03351676,0.81442900,0.01474506,0.06493003,0.25416371,0.46417920,0.67584587,0.06319705,0.05171748
5.03951976,0.77207442,0.01516603,0.06355968,0.23257831,0.43965403,0.60603998,0.05690408,0.05025087
5.04552276,0.73730665,0.01568421,0.06285594,0.21355124,0.41912698,0.54210067,0.05123189,0.04934255
5.05152576,0.71009899,0.01629188,0.06278904,0.19716151,0.40260997,0.48425848,0.04617372,0.04896830
5.05752876,0.69030968,0.01697951,0.06332167,0.18344824,0.39004567,0.43263062,0.04171173,0.04909780
5.06353177,0.67770351,0.01773631,0.06441073,0.17241651,0.38131964,0.38723651,0.03781883,0.04969642
5.06953477,0.67197519,0.01855069,0.06600926,0.16404352,0.37627374,0.34801514,0.03446051,0.05072695
5.07553777,0.67277310,0.01941087,0.06806823,0.15828476,0.37472012,0.31484354,0.03159678,0.05215127
5.08154077,0.67972260,0.02030548,0.07053830,0.15508001,0.37645524,0.28755521,0.02918404,0.05393202
5.08754377,0.69244751,0.02122409,0.07337132,0.15435852,0.38127315,0.26595780,0.02717680,0.05603394
5.09354677,0.71058919,0.02215776,0.07652166,0.15604360,0.38897746,0.24984927,0.02552929,0.05842516
5.09954977,0.73382194,0.02309945,0.07994719,0.16005607,0.39939153,0.23903179,0.02419687,0.06107806
5.10555278,0.76186441,0.02404441,0.08360993,0.16631668,0.41236628,0.23332291,0.02313716,0.06396990
5.11155578,0.79448627,0.02499037,0.08747636,0.17474731,0.42778541,0.23256361,0.02231098,0.06708309
5.11755878,0.83151000,0.02593757,0.09151730,0.18527116,0.44556766,0.23662303,0.02168301,0.07040508
5.12356178,0.87280770,0.02688874,0.09570741,0.19781176,0.46566618,0.24539972,0.02122216,0.07392797
5.12956478,0.91829316,0.02784878,0.10002445,0.21229115,0.48806490,0.25881952,0.02090175,0.07764767
5.13556778,0.96790964,0.02882439,0.10444815,0.22862735,0.51277220,0.27683030,0.02069946,0.08156295
5.14157079,1.02161409,0.02982352,0.10895893,0.24673121,0.53981218,0.29939390,0.02059701,0.08567409
5.14757379,1.07935864,0.03085470,0.11353646,0.26650317,0.56921398,0.32647575,0.02057980,0.08998154
5.15357679,1.14107044,0.03192631,0.11815826,0.28782984,0.60099982,0.35803269,0.02063631,0.09448436
5.15957979,1.20663107,0.03304578,0.12279832,0.31058094,0.63517221,0.39399975,0.02075749,0.09917883
5.16558279,1.27585675,0.03421883,0.12742595,0.33460668,0.67170135,0.43427657,0.02093608,0.10405709
5.17158579,1.34848055,0.03544874,0.13200490,0.35973588,0.71051316,0.47871427,0.02116592,0.10910604
5.17758879,1.42413784,0.03673571,0.13649285,0.38577493,0.75147889,0.52710344,0.02144133,0.11430651
5.18359180,1.50235593,0.03807637,0.14084136,0.41250781,0.79440684,0.57916410,0.02175652,0.11963288
5.18959480,1.58254884,0.03946345,0.14499626,0.43969719,0.83903689,0.63453825,0.02210515,0.12505299
5.19559780,1.66401777,0.04088565,0.14889852,0.46708669,0.88503814,0.69278560,0.02247995,0.13052858
5.20160080,1.74595753,0.04232776,0.15248561,0.49440415,0.93201017,0.75338291,0.02287254,0.13601621
5.20760380,1.82746903,0.04377094,0.15569320,0.52136605,0.97948792,0.81572721,0.02327339,0.14146845
5.21360680,1.90757749,0.04519328,0.15845728,0.54768268,1.02695016,0.87914304,0.02367181,0.14683558
5.21960980,1.98525570,0.04657045,0.16071644,0.57306403,1.07383142,0.94289358,0.02405625,0.15206745
5.22561281,2.05945156,0.04787663,0.16241423,0.59722625,1.11953685,1.00619535,0.02441455,0.15711557
5.23161581,2.12911862,0.04908544,0.16350162,0.61989818,1.16345957,1.06823604,0.02473437,0.16193520
5.23761881,2.19324844,0.05017098,0.16393914,0.64082797,1.20499969,1.12819473,0.02500367,0.16648738
5.24362181,2.25090326,0.05110890,0.16369888,0.65978940,1.24358430,1.18526378,0.02521115,0.17074076
5.24962481,2.30124752,0.05187732,0.16276602,0.67658763,1.27868755,1.23867135,0.02534683,0.17467308
5.25562781,2.34357692,0.05245779,0.16113991,0.69106417,1.30984990,1.28770361,0.02540243,0.17827220
5.26163082,2.37734345,0.05283599,0.15883456,0.70310101,1.33669570,1.33172574,0.02537183,0.18153662
5.26763382,2.40217557,0.05300226,0.15587860,0.71262348,1.35894836,1.37020056,0.02525137,0.18447548
5.27363682,2.41789239,0.05295200,0.15231465,0.71960202,1.37644240,1.40270415,0.02504009,0.18710784
5.27963982,2.42451136,0.05268571,0.14819805,0.72405257,1.38913180,1.42893763,0.02473984,0.18946152
5.28564282,2.42224911,0.05220894,0.14359523,0.72603578,1.39709435,1.44873461,0.02435529,0.19157139
5.29164582,2.41151551,0.05153193,0.13858150,0.72565488,1.40053173,1.46206400,0.02389382,0.19347712
5.29764882,2.39290117,0.05066910,0.13323868,0.72305247,1.39976535,1.46902812,0.02336528,0.19522080
5.30365183,2.36715906,0.04963839,0.12765240,0.71840628,1.39522811,1.46985617,0.02278172,0.19684422
5.30965483,2.33518112,0.04846047,0.12190947,0.71192412,1.38745234,1.46489356,0.02215696,0.19838627
5.31565783,2.29797073,0.04715791,0.11609512,0.70383811,1.37705447,1.45458753,0.02150617,0.19988039
5.32166083,2.25661239,0.04575431,0.11029062,0.69439856,1.36471697,1.43946981,0.02084536,0.20135237
5.32766383,2.21223973,0.04427345,0.10457098,0.68386760,1.35116820,1.42013712,0.02019091,0.20281859
5.33366683,2.16600306,0.04273855,0.09900310,0.67251275,1.33716096,1.39723040,0.01955900,0.20428477
5.33966983,2.11903771,0.04117159,0.09364435,0.66060075,1.32345031,1.37141364,0.01896518,0.20574545
5.34567284,2.07243411,0.03959278,0.08854155,0.64839165,1.31077164,1.34335314,0.01842390,0.20718401
5.35167584,2.02721058,0.03802021,0.08373042,0.63613352,1.29981934,1.31369800,0.01794806,0.20857355
5.35767884,1.98428956,0.03646955,0.07923552,0.62405764,1.29122703,1.28306244,0.01754872,0.20987823
5.36368184,1.94447785,0.03495403,0.07507061,0.61237445,1.28554969,1.25201059,0.01723474,0.21105530
5.36968484,1.90845112,0.03348446,0.07123932,0.60127034,1.28324819,1.22104403,0.01701259,0.21205754
5.37568784,1.87674298,0.03206945,0.06773621,0.59090508,1.28467678,1.19059236,0.01688620,0.21283599
5.38169085,1.84973865,0.03071561,0.06454798,0.58141017,1.29007364,1.16100695,0.01685683,0.21334284
5.38769385,1.82767296,0.02942795,0.06165493,0.57288794,1.29955488,1.13255781,0.01692313,0.21353435
5.39369685,1.81063261,0.02821024,0.05903240,0.56541141,1.31311200,1.10543343,0.01708109,0.21337349
5.39969985,1.79856233,0.02706538,0.05665231,0.55902491,1.33061302,1.07974356,0.01732428,0.21283234
5.40570285,1.79127452,0.02599579,0.05448457,0.55374538,1.35180707,1.05552441,0.01764394,0.21189398
5.41170585,1.78846192,0.02500371,0.05249846,0.54956426,1.37633240,1.03274620,0.01802932,0.21055383
5.41770885,1.78971292,0.02409151,0.05066379,0.54645001,1.40372756,1.01132258,0.01846791,0.20882038
5.42371186,1.79452885,0.02326183,0.04895193,0.54435108,1.43344545,0.99112162,0.01894587,0.20671523
5.42971486,1.80234293,0.02251776,0.04733662,0.54319927,1.46486966,0.97197798,0.01944842,0.20427248
5.43571786,1.81253998,0.02186281,0.04579466,0.54291342,1.49733282,0.95370591,0.01996026,0.20153754
5.44172086,1.82447668,0.02130088,0.04430631,0.54340321,1.53013604,0.93611263,0.02046608,0.19856539
5.44772386,1.83750149,0.02083613,0.04285560,0.54457310,1.56256905,0.91901170,0.02095099,0.19541835
5.45372686,1.85097375,0.02047276,0.04143046,0.54632609,1.59393002,0.90223602,0.02140101,0.19216365
5.45972986,1.86428138,0.02021476,0.04002271,0.54856732,1.62354463,0.88564996,0.02180353,0.18887061
5.46573287,1.87685663,0.02006561,0.03862795,0.55120727,1.65078341,0.86916023,0.02214768,0.18560794
5.47173587,1.88818938,0.02002795,0.03724538,0.55416444,1.67507687,0.85272507,0.02242470,0.18244101
5.47773887,1.89783762,0.02010328,0.03587753,0.55736748,1.69592781,0.83636143,0.02262820,0.17942927
5.48374187,1.90543486,0.02029158,0.03452998,0.56075662,1.71292043,0.82014962,0.02275436,0.17662402
5.48974487,1.91069431,0.02059111,0.03321096,0.56428440,1.72572605,0.80423542,0.02280199,0.17406655
5.49574787,1.91340983,0.02099813,0.03193105,0.56791560,1.73410526,0.78882913,0.02277259,0.17178664
5.50175088,1.91345392,0.02150679,0.03070273,0.57162660,1.73790684,0.77420167,0.02267016,0.16980170
5.50775388,1.91077291,0.02210902,0.02954003,0.57540406,1.73706356,0.76067769,0.02250108,0.16811627
5.51375688,1.90537995,0.02279463,0.02845806,0.57924309,1.73158553,0.74862568,0.02227377,0.16672214
5.51975988,1.89734627,0.02355144,0.02747261,0.58314513,1.72155155,0.73844552,0.02199836,0.16559896
5.52576288,1.88679130,0.02436556,0.02659969,0.58711559,1.70709923,0.73055367,0.02168629,0.16471529
5.53176588,1.87387243,0.02522183,0.02585509,0.59116145,1.68841454,0.72536665,0.02134985,0.16403009
5.53776888,1.85877485,0.02610431,0.02525390,0.59528897,1.66572150,0.72328323,0.02100173,0.16349455
5.54377189,1.84170216,0.02699696,0.02481005,0.59950173,1.63927261,0.72466617,0.02065462,0.16305418
5.54977489,1.82286826,0.02788435,0.02453586,0.60379892,1.60934057,0.72982411,0.02032075,0.16265112
5.55577789,1.80249073,0.02875245,0.02444158,0.60817420,1.57621151,0.73899451,0.02001159,0.16222643
5.56178089,1.78078616,0.02958955,0.02453498,0.61261494,1.54018021,0.75232828,0.01973754,0.16172254
5.56778389,1.75796721,0.03038703,0.02482096,0.61710208,1.50154697,0.76987688,0.01950773,0.16108537
5.57378689,1.73424177,0.03114029,0.02530125,0.62161034,1.46061647,0.79158266,0.01932993,0.16026652
5.57978989,1.70981364,0.03184945,0.02597410,0.62610897,1.41769790,0.81727285,0.01921050,0.15922495
5.58579290,1.68488484,0.03252005,0.02683412,0.63056276,1.37310652,0.84665779,0.01915447,0.15792854
5.59179590,1.65965902,0.03316359,0.02787222,0.63493340,1.32716578,0.87933364,0.01916565,0.15635512
5.59779890,1.63434565,0.03379782,0.02907558,0.63918099,1.28020996,0.91478971,0.01924687,0.15449326
5.60380190,1.60916478,0.03444697,0.03042782,0.64326568,1.23258669,0.95242045,0.01940021,0.15234257
5.60980490,1.58435176,0.03514156,0.03190926,0.64714933,1.18465904,0.99154168,0.01962724,0.14991362
5.61580790,1.56016180,0.03591812,0.03349723,0.65079718,1.13680694,1.03141082,0.01992935,0.14722760
5.62181091,1.53687391,0.03681860,0.03516664,0.65417951,1.08942764,1.07125033,0.02030800,0.14431560
5.62781391,1.51479407,0.03788945,0.03689048,0.65727309,1.04293511,1.11027362,0.02076493,0.14121769
5.63381691,1.49425737,0.03918061,0.03864054,0.66006267,0.99775834,1.14771248,0.02130233,0.13798182
5.63981991,1.47562881,0.04074414,0.04038811,0.66254222,0.95433856,1.18284488,0.02192296,0.13466259
5.64582291,1.45930277,0.04263270,0.04210479,0.66471609,0.91312545,1.21502208,0.02263013,0.13132001
5.65182591,1.44570086,0.04489792,0.04376319,0.66659992,0.87457244,1.24369382,0.02342766,0.12801823
5.65782891,1.43526809,0.04758860,0.04533778,0.66822144,0.83913125,1.26843037,0.02431971,0.12482431
5.66383192,1.42846723,0.05074888,0.04680547,0.66962086,0.80724577,1.28894055,0.02531052,0.12180708
5.66983492,1.42577133,0.05441642,0.04814633,0.67085105,0.77934540,1.30508460,0.02640409,0.11903609
5.67583792,1.42765426,0.05862058,0.04934400,0.67197729,0.75583793,1.31688136,0.02760381,0.11658059
5.68184092,1.43457947,0.06338080,0.05038609,0.67307657,0.73710193,1.32450905,0.02891204,0.11450864
5.68784392,1.44698692,0.06870514,0.05126438,0.67423641,0.72347885,1.32829974,0.03032970,0.11288619
5.69384692,1.46527844,0.07458898,0.05197487,0.67555309,0.71526473,1.32872727,0.03185587,0.11177621
5.69984992,1.48980184,0.08101416,0.05251768,0.67712936,0.71270160,1.32638932,0.03348738,0.11123775
5.70585293,1.52083408,0.08794833,0.05289680,0.67907157,0.71596869,1.32198399,0.03521859,0.11132494
5.71185593,1.55856412,0.09534477,0.05311968,0.68148626,0.72517354,1.31628218,0.03704116,0.11208594
5.71785893,1.60307603,0.10314260,0.05319676,0.68447632,0.74034324,1.31009667,0.03894398,0.11356174
5.72386193,1.65433307,0.11126737,0.05314084,0.68813684,0.76141600,1.30424931,0.04091324,0.11578484
5.72986493,1.71216356,0.11963218,0.05296652,0.69255076,0.78823350,1.29953787,0.04293261,0.11877794
5.73586793,1.77624923,0.12813915,0.05268947,0.69778450,0.82053440,1.29670377,0.04498353,0.12255250
5.74187094,1.84611706,0.13668127,0.05232581,0.70388386,0.85794945,1.29640243,0.04704573,0.12710738
5.74787394,1.92113516,0.14514464,0.05189152,0.71087026,0.89999884,1.29917711,0.04909772,0.13242751
5.75387694,2.00051335,0.15341098,0.05140185,0.71873764,0.94609212,1.30543778,0.05111746,0.13848280
5.75987994,2.08330908,0.16136032,0.05087094,0.72745022,0.99553134,1.31544554,0.05308300,0.14522723
5.76588294,2.16843881,0.16887388,0.05031136,0.73694120,1.04751773,1.32930334,0.05497324,0.15259834
5.77188594,2.25469491,0.17583688,0.04973392,0.74711262,1.10116222,1.34695323,0.05676856,0.16051718
5.77788894,2.34076805,0.18214141,0.04914752,0.75783641,1.15549983,1.36818005,0.05845144,0.16888861
5.78389195,2.42527445,0.18768904,0.04855908,0.76895670,1.20950802,1.39262130,0.06000702,0.17760236
5.78989495,2.50678737,0.19239325,0.04797363,0.78029330,1.26212857,1.41978247,0.06142348,0.18653449
5.79589795,2.58387183,0.19618149,0.04739444,0.79164626,1.31229246,1.44905703,0.06269233,0.19554948
5.80190095,2.65512153,0.19899685,0.04682327,0.80280143,1.35894720,1.47975008,0.06380849,0.20450292
5.80790395,2.71919648,0.20079930,0.04626063,0.81353667,1.40108551,1.51110438,0.06477032,0.21324464
5.81390695,2.77486014,0.20156638,0.04570618,0.82362863,1.43777432,1.54232780,0.06557940,0.22162221
5.81990995,2.82101452,0.20129351,0.04515906,0.83285971,1.46818308,1.57262078,0.06624022,0.22948478
5.82591296,2.85673198,0.19999365,0.04461838,0.84102499,1.49160994,1.60120286,0.06675975,0.23668711
5.83191596,2.88128246,0.19769665,0.04408359,0.84793883,1.50750481,1.62733731,0.06714700,0.24309352
5.83791896,2.89415499,0.19444803,0.04355496,0.85344095,1.51548808,1.65035302,0.06741243,0.24858179
5.84392196,2.89507290,0.19030752,0.04303403,0.85740169,1.51536431,1.66966305,0.06756744,0.25304679
5.84992496,2.88400196,0.18534723,0.04252401,0.85972636,1.50712991,1.68477965,0.06762386,0.25640362
5.85592796,2.86115139,0.17964959,0.04203025,0.86035856,1.49097462,1.69532525,0.06759350,0.25859032
5.86193097,2.82696772,0.17330521,0.04156052,0.85928232,1.46727662,1.70103972,0.06748781,0.25956983
5.86793397,2.78212197,0.16641061,0.04112543,0.85652315,1.43659130,1.70178397,0.06731762,0.25933137
5.87393697,2.72749075,0.15906601,0.04073860,0.85214796,1.39963442,1.69754006,0.06709304,0.25789100
5.87993997,2.66413213,0.15137313,0.04041687,0.84626387,1.35726017,1.68840837,0.06682339,0.25529140
5.88594297,2.59325733,0.14343320,0.04018034,0.83901605,1.31043517,1.67460210,0.06651736,0.25160099
5.89194597,2.51619935,0.13534508,0.04005236,0.83058464,1.26020962,1.65643956,0.06618309,0.24691227
5.89794897,2.43437974,0.12720360,0.04005927,0.82118085,1.20768666,1.63433453,0.06582849,0.24133959
5.90395198,2.34927455,0.11909812,0.04023011,0.81104233,1.15399130,1.60878518,0.06546139,0.23501631
5.90995498,2.26238067,0.11111137,0.04059607,0.80042784,1.10024012,1.58036153,0.06508986,0.22809159
5.91595798,2.17518337,0.10331844,0.04118986,0.78961138,1.04751276,1.54969198,0.06472227,0.22072676
5.92196098,2.08912583,0.09578607,0.04204482,0.77887579,0.99682620,1.51744872,0.06436751,0.21309149
5.92796398,2.00558137,0.08857213,0.04319400,0.76850594,0.94911258,1.48433243,0.06403484,0.20535984
5.93396698,1.92582869,0.08172526,0.04466897,0.75878150,0.90520104,1.45105612,0.06373384,0.19770627
5.93996998,1.85103049,0.07528478,0.04649860,0.74996958,0.86580383,1.41832855,0.06347408,0.19030167
5.94597299,1.78221549,0.06928065,0.04870782,0.74231717,0.83150685,1.38683703,0.06326472,0.18330963
5.95197599,1.72026391,0.06373369,0.05131618,0.73604372,0.80276431,1.35723032,0.06311400,0.17688282
5.95797899,1.66589628,0.05865584,0.05433667,0.73133393,0.77989725,1.33010148,0.06302861,0.17115968
5.96398199,1.61966545,0.05405058,0.05777437,0.72833108,0.76309553,1.30597152,0.06301311,0.16626150
5.96998499,1.58195154,0.04991348,0.06162547,0.72713108,0.75242251,1.28527400,0.06306926,0.16228972
5.97598799,1.55295973,0.04623279,0.06587631,0.72777753,0.74782198,1.26834136,0.06319543,0.15932380
5.98199100,1.53272066,0.04299017,0.07050273,0.73025807,0.74912667,1.25539338,0.06338617,0.15741942
5.98799400,1.52109321,0.04016148,0.07546980,0.73450224,0.75606778,1.24652846,0.06363185,0.15660716
5.99399700,1.51776973,0.03771761,0.08073168,0.74038095,0.76828498,1.24171804,0.06391857,0.15689173
6.00000000,1.52228351,0.03562544,0.08623210,0.74770792,0.78533658,1.24080483,0.06422819,0.15825164
