energy_ev,total_up,C_s_up,C_p_up,Na_s_up,Pt_p_up,Pt_d_up,Te_p_up,Te_d_up
-6.00000000,2.04503324,0.01571987,0.08373196,0.26302362,0.39173275,1.37815221,0.72266958,0.00000000
-5.99399700,1.99467436,0.01423163,0.07565060,0.24543254,0.36868624,1.36890398,0.69483070,0.00000000
-5.98799400,1.94825609,0.01285032,0.06799348,0.22878723,0.34749035,1.36049089,0.66916240,0.00000000
-5.98199100,1.90599375,0.01158691,0.06082400,0.21325476,0.32829039,1.35273498,0.64587622,0.00000000
-5.97598799,1.86794720,0.01044916,0.05419120,0.19897389,0.31118058,1.34539455,0.62511096,0.00000000
-5.96998499,1.83404029,0.00944174,0.04813030,0.18605491,0.29620857,1.33818155,0.60693710,0.00000000
-5.96398199,1.80408493,0.00856649,0.04266379,0.17457992,0.28338136,1.33078136,0.59136327,0.00000000
-5.95797899,1.77780810,0.00782257,0.03780262,0.16460342,0.27267223,1.32287351,0.57834428,0.00000000
-5.95197599,1.75488049,0.00720683,0.03354775,0.15615325,0.26402806,1.31415264,0.56779036,0.00000000
-5.94597299,1.73494518,0.00671409,0.02989173,0.14923176,0.25737703,1.30434825,0.55957702,0.00000000
-5.93996998,1.71764504,0.00633744,0.02682039,0.14381726,0.25263600,1.29324257,0.55355517,0.00000000
-5.93396698,1.70264755,0.00606862,0.02431452,0.13986570,0.24971755,1.28068543,0.54956110,0.00000000
-5.92796398,1.68966612,0.00589829,0.02235138,0.13731258,0.24853618,1.26660545,0.54742589,0.00000000
-5.92196098,1.67847714,0.00581639,0.02090622,0.13607513,0.24901370,1.25101716,0.54698418,0.00000000
-5.91595798,1.66893229,0.00581241,0.01995353,0.13605482,0.25108348,1.23402364,0.54808181,0.00000000
-5.90995498,1.66096585,0.00587572,0.01946816,0.13714004,0.25469369,1.21581467,0.55058252,0.00000000
-5.90395198,1.65459723,0.00599580,0.01942621,0.13920907,0.25980931,1.19666062,0.55437327,0.00000000
-5.89794897,1.64992888,0.00616253,0.01980577,0.14213330,0.26641311,1.17690248,0.55936850,0.00000000
-5.89194597,1.64714020,0.00636645,0.02058736,0.14578058,0.27450557,1.15693870,0.56551302,0.00000000
-5.88594297,1.64647798,0.00659891,0.02175426,0.15001858,0.28410390,1.13720944,0.57278376,0.00000000
-5.87993997,1.64824424,0.00685236,0.02329264,0.15471829,0.29524026,1.11817935,0.58119034,0.00000000
-5.87393697,1.65278217,0.00712047,0.02519143,0.15975726,0.30795930,1.10031951,0.59077446,0.00000000
-5.86793397,1.66046094,0.00739826,0.02744220,0.16502266,0.32231519,1.08408963,0.60160825,0.00000000
-5.86193097,1.67166012,0.00768229,0.03003873,0.17041401,0.33836822,1.06992127,0.61379151,0.00000000
-5.85592796,1.68675430,0.00797060,0.03297658,0.17584540,0.35618111,1.05820282,0.62744796,0.00000000
-5.84992496,1.70609840,0.00826287,0.03625251,0.18124720,0.37581510,1.04926678,0.64272047,0.00000000
-5.84392196,1.73001405,0.00856028,0.03986386,0.18656713,0.39732597,1.04337982,0.65976536,0.00000000
-5.83791896,1.75877720,0.00886547,0.04380779,0.19177069,0.42075993,1.04073585,0.67874582,0.00000000
-5.83191596,1.79260725,0.00918241,0.04808057,0.19684084,0.44614958,1.04145206,0.69982449,0.00000000
-5.82591296,1.83165741,0.00951618,0.05267679,0.20177710,0.47350983,1.04556792,0.72315542,0.00000000
-5.81990995,1.87600656,0.00987274,0.05758861,0.20659404,0.50283402,1.05304677,0.74887541,0.00000000
-5.81390695,1.92565221,0.01025859,0.06280495,0.21131919,0.53409008,1.06377963,0.77709510,0.00000000
-5.80790395,1.98050469,0.01068047,0.06831086,0.21599059,0.56721691,1.07759084,0.80788992,0.00000000
-5.80190095,2.04038227,0.01114497,0.07408681,0.22065411,0.60212105,1.09424494,0.84129125,0.00000000
-5.79589795,2.10500734,0.01165814,0.08010816,0.22536053,0.63867372,1.11345424,0.87727809,0.00000000
-5.78989495,2.17400356,0.01222510,0.08634466,0.23016270,0.67670823,1.13488681,0.91576956,0.00000000
-5.78389195,2.24689414,0.01284966,0.09276018,0.23511290,0.71601810,1.15817423,0.95661856,0.00000000
-5.77788894,2.32310144,0.01353396,0.09931250,0.24026035,0.75635584,1.18291908,0.99960705,0.00000000
-5.77188594,2.40194806,0.01427817,0.10595327,0.24564923,0.79743262,1.20870167,1.04444311,0.00000000
-5.76588294,2.48265986,0.01508025,0.11262821,0.25131708,0.83891898,1.23508628,1.09076014,0.00000000
-5.75987994,2.56437108,0.01593579,0.11927747,0.25729376,0.88044670,1.26162656,1.13811848,0.00000000
-5.75387694,2.64613200,0.01683793,0.12583614,0.26360079,0.92161194,1.28787051,1.18600948,0.00000000
-5.74787394,2.72691934,0.01777735,0.13223507,0.27025134,0.96197979,1.31336505,1.23386218,0.00000000
-5.74187094,2.80564959,0.01874245,0.13840178,0.27725049,1.00109018,1.33766038,1.28105248,0.00000000
-5.73586793,2.88119541,0.01971950,0.14426164,0.28459586,1.03846521,1.36031455,1.32691480,0.00000000
-5.72986493,2.95240492,0.02069302,0.14973916,0.29227846,1.07361780,1.38089820,1.37075584,0.00000000
-5.72386193,3.01812371,0.02164615,0.15475951,0.30028364,1.10606149,1.39899989,1.41187015,0.00000000
-5.71785893,3.07721923,0.02256115,0.15925008,0.30859198,1.13532118,1.41423190,1.44955715,0.00000000
-5.71185593,3.12860680,0.02341994,0.16314213,0.31718005,1.16094456,1.42623672,1.48313893,0.00000000
-5.70585293,3.17127675,0.02420469,0.16637253,0.32602100,1.18251378,1.43469409,1.51197845,0.00000000
-5.69984992,3.20432160,0.02489839,0.16888542,0.33508470,1.19965718,1.43932839,1.53549731,0.00000000
-5.69384692,3.22696250,0.02548550,0.17063382,0.34433772,1.21206032,1.43991627,1.55319260,0.00000000
-5.68784392,3.23857384,0.02595247,0.17158110,0.35374288,1.21947626,1.43629411,1.56465222,0.00000000
-5.68184092,3.23870518,0.02628827,0.17170228,0.36325855,1.22173436,1.42836513,1.56956803,0.00000000
-5.67583792,3.22709935,0.02648488,0.17098503,0.37283777,1.21874739,1.41610555,1.56774627,0.00000000
-5.66983492,3.20370619,0.02653761,0.16943044,0.38242730,1.21051652,1.39956975,1.55911508,0.00000000
-5.66383192,3.16869104,0.02644537,0.16705342,0.39196673,1.19713400,1.37889382,1.54372850,0.00000000
-5.65782891,3.12243774,0.02621085,0.16388272,0.40138788,1.17878334,1.35429744,1.52176702,0.00000000
-5.65182591,3.06554577,0.02584057,0.15996061,0.41061452,1.15573691,1.32608377,1.49353459,0.00000000
-5.64582291,2.99882151,0.02534478,0.15534213,0.41956271,1.12835100,1.29463724,1.45945205,0.00000000
-5.63981991,2.92326410,0.02473731,0.15009400,0.42814170,1.09705855,1.26041922,1.42004751,0.00000000
-5.63381691,2.84004595,0.02403534,0.14429317,0.43625565,1.06235968,1.22396160,1.37594368,0.00000000
-5.62781391,2.75048885,0.02325896,0.13802509,0.44380603,1.02481047,1.18585839,1.32784290,0.00000000
-5.62181091,2.65603626,0.02243080,0.13138172,0.45069474,0.98501021,1.14675551,1.27651026,0.00000000
-5.61580790,2.55822267,0.02157554,0.12445939,0.45682782,0.94358778,1.10733898,1.22275534,0.00000000
-5.60980490,2.45864090,0.02071933,0.11735649,0.46211956,0.90118734,1.06832182,1.16741323,0.00000000
-5.60380190,2.35890818,0.01988928,0.11017127,0.46649679,0.85845394,1.03042991,1.11132549,0.00000000
-5.59779890,2.26063198,0.01911282,0.10299952,0.46990320,0.81601946,0.99438704,1.05532134,0.00000000
-5.59179590,2.16537620,0.01841717,0.09593251,0.47230312,0.77448916,0.96089954,1.00019985,0.00000000
-5.58579290,2.07462849,0.01782871,0.08905508,0.47368478,0.73442926,0.93064065,0.94671341,0.00000000
-5.57978989,1.98976927,0.01737240,0.08244388,0.47406259,0.69635571,0.90423502,0.89555275,0.00000000
-5.57378689,1.91204300,0.01707129,0.07616607,0.47347820,0.66072447,0.88224344,0.84733400,0.00000000
-5.56778389,1.84253201,0.01694592,0.07027817,0.47200025,0.62792338,0.86514831,0.80258774,0.00000000
-5.56178089,1.78213340,0.01701385,0.06482536,0.46972264,0.59826562,0.85333988,0.76175029,0.00000000
-5.55577789,1.73153927,0.01728920,0.05984103,0.46676134,0.57198508,0.84710380,0.72515729,0.00000000
-5.54977489,1.69122071,0.01778218,0.05534670,0.46324979,0.54923328,0.84661009,0.69303953,0.00000000
-5.54377189,1.66141573,0.01849878,0.05135226,0.45933314,0.53007821,0.85190419,0.66552105,0.00000000
-5.53776888,1.64212171,0.01944037,0.04785649,0.45516152,0.51450476,0.86290010,0.64261952,0.00000000
-5.53176588,1.63309253,0.02060350,0.04484779,0.45088272,0.50241698,0.87937636,0.62424873,0.00000000
-5.52576288,1.63384085,0.02197969,0.04230513,0.44663471,0.49364184,0.90097498,0.61022320,0.00000000
-5.51975988,1.64364579,0.02355536,0.04019927,0.44253828,0.48793471,0.92720378,0.60026483,0.00000000
-5.51375688,1.66156629,0.02531182,0.03849393,0.43869043,0.48498634,0.95744245,0.59401140,0.00000000
-5.50775388,1.68646012,0.02722546,0.03714726,0.43515876,0.48443119,0.99095234,0.59102695,0.00000000
-5.50175088,1.71700869,0.02926796,0.03611316,0.43197724,0.48585717,1.02689021,0.59081365,0.00000000
-5.49574787,1.75174723,0.03140675,0.03534275,0.42914359,0.48881644,1.06432570,0.59282514,0.00000000
-5.48974487,1.78909987,0.03360552,0.03478581,0.42661859,0.49283716,1.10226230,0.59648101,0.00000000
-5.48374187,1.82741897,0.03582496,0.03439207,0.42432717,0.49743584,1.13966133,0.60118208,0.00000000
-5.47773887,1.86502763,0.03802350,0.03411252,0.42216147,0.50213010,1.17546833,0.60632614,0.00000000
-5.47173587,1.90026419,0.04015835,0.03390055,0.41998551,0.50645137,1.20864101,0.61132373,0.00000000
-5.46573287,1.93152734,0.04218644,0.03371302,0.41764144,0.50995726,1.23817791,0.61561359,0.00000000
-5.45972986,1.95732030,0.04406557,0.03351109,0.41495681,0.51224311,1.26314659,0.61867713,0.00000000
-5.45372686,1.97629254,0.04575550,0.03326094,0.41175273,0.51295241,1.28271056,0.62005166,0.00000000
-5.44772386,1.98727742,0.04721908,0.03293436,0.40785230,0.51178573,1.29615356,0.61934190,0.00000000
-5.44172086,1.98932438,0.04842326,0.03250902,0.40308898,0.50850779,1.30290048,0.61622927,0.00000000
-5.43571786,1.98172439,0.04934011,0.03196870,0.39731443,0.50295248,1.30253396,0.61047884,0.00000000
-5.42971486,1.96402767,0.04994759,0.03130326,0.39040548,0.49502567,1.29480592,0.60194355,0.00000000
-5.42371186,1.93605311,0.05023019,0.03050846,0.38226991,0.48470571,1.27964372,0.59056571,0.00000000
-5.41770885,1.89788893,0.05017940,0.02958561,0.37285074,0.47204159,1.25715050,0.57637571,0.00000000
-5.41170585,1.84988492,0.04979394,0.02854116,0.36212895,0.45714909,1.22760004,0.55948814,0.00000000
-5.40570285,1.79263648,0.04907967,0.02738605,0.35012446,0.44020481,1.19142609,0.54009539,0.00000000
-5.39969985,1.72696145,0.04804943,0.02613512,0.33689554,0.42143877,1.14920704,0.51845929,0.00000000
-5.39369685,1.65387087,0.04672250,0.02480633,0.32253654,0.40112556,1.10164638,0.49490095,0.00000000
-5.38769385,1.57453489,0.04512397,0.02342007,0.30717437,0.37957471,1.04955007,0.46978940,0.00000000
-5.38169085,1.49024554,0.04328385,0.02199836,0.29096376,0.35712061,0.99380173,0.44352952,0.00000000
-5.37568784,1.40237781,0.04123613,0.02056419,0.27408167,0.33411241,0.93533679,0.41654965,0.00000000
-5.36968484,1.31235069,0.03901767,0.01914081,0.25672119,0.31090426,0.87511658,0.38928942,0.00000000
-5.36368184,1.22158969,0.03666710,0.01775109,0.23908519,0.28784632,0.81410347,0.36218827,0.00000000
-5.35767884,1.13149202,0.03422373,0.01641704,0.22137999,0.26527677,0.75323789,0.33567488,0.00000000
-5.35167584,1.04339569,0.03172642,0.01515936,0.20380946,0.24351505,0.69341806,0.31015784,0.00000000
-5.34567284,0.95855317,0.02921267,0.01399701,0.18656958,0.22285653,0.63548288,0.28601786,0.00000000
-5.33966983,0.87811031,0.02671769,0.01294702,0.16984390,0.20356858,0.58019846,0.26360145,0.00000000
-5.33366683,0.80309059,0.02427373,0.01202424,0.15379979,0.18588804,0.52824840,0.24321615,0.00000000
-5.32766383,0.73438478,0.02190950,0.01124124,0.13858567,0.17002011,0.48022781,0.22512731,0.00000000
-5.32166083,0.67274559,0.01964977,0.01060827,0.12432930,0.15613833,0.43664084,0.20955621,0.00000000
-5.31565783,0.61878691,0.01751519,0.01013321,0.11113694,0.14438564,0.39790141,0.19667939,0.00000000
-5.30965483,0.57298693,0.01552220,0.00982168,0.09909339,0.13487613,0.36433655,0.18662899,0.00000000
-5.30365183,0.53569427,0.01368312,0.00967702,0.08826284,0.12769735,0.33619192,0.17949388,0.00000000
-5.29764882,0.50713647,0.01200639,0.00970048,0.07869023,0.12291291,0.31363876,0.17532130,0.00000000
-5.29164582,0.48742982,0.01049684,0.00989122,0.07040311,0.12056504,0.29678179,0.17411901,0.00000000
-5.28564282,0.47658991,0.00915611,0.01024651,0.06341372,0.12067708,0.28566725,0.17585750,0.00000000
-5.27963982,0.47454203,0.00798307,0.01076178,0.05772120,0.12325548,0.28029078,0.18047241,0.00000000
-5.27363682,0.48113102,0.00697424,0.01143081,0.05331371,0.12829135,0.28060447,0.18786680,0.00000000
-5.26763382,0.49612992,0.00612428,0.01224583,0.05017034,0.13576143,0.28652278,0.19791342,0.00000000
-5.26163082,0.51924731,0.00542638,0.01319767,0.04826277,0.14562831,0.29792711,0.21045688,0.00000000
-5.25562781,0.55013297,0.00487266,0.01427596,0.04755644,0.15784003,0.31466874,0.22531564,0.00000000
-5.24962481,0.58838200,0.00445446,0.01546927,0.04801137,0.17232904,0.33657024,0.24228405,0.00000000
-5.24362181,0.63353751,0.00416263,0.01676534,0.04958255,0.18901062,0.36342540,0.26113427,0.00000000
-5.23761881,0.68509202,0.00398773,0.01815131,0.05221981,0.20778091,0.39499778,0.28161831,0.00000000
-5.23161581,0.74248795,0.00392018,0.01961397,0.05586746,0.22851470,0.43101832,0.30347022,0.00000000
-5.22561281,0.80511770,0.00395030,0.02114005,0.06046358,0.25106321,0.47118218,0.32640835,0.00000000
-5.21960980,0.87232364,0.00406842,0.02271647,0.06593915,0.27525210,0.51514546,0.35013802,0.00000000
-5.21360680,0.94339865,0.00426480,0.02433071,0.07221722,0.30087984,0.56252201,0.37435441,0.00000000
-5.20760380,1.01758753,0.00452969,0.02597103,0.07921205,0.32771692,0.61288102,0.39874578,0.00000000
-5.20160080,1.09408995,0.00485323,0.02762683,0.08682858,0.35550578,0.66574566,0.42299714,0.00000000
-5.19559780,1.17206512,0.00522545,0.02928887,0.09496224,0.38396206,0.72059333,0.44679421,0.00000000
-5.18959480,1.25063863,0.00563623,0.03094951,0.10349912,0.41277695,0.77685771,0.46982783,0.00000000
-5.18359180,1.32891157,0.00607533,0.03260291,0.11231683,0.44162099,0.83393297,0.49179862,0.00000000
-5.17758879,1.40597201,0.00653238,0.03424512,0.12128578,0.47014923,0.89118018,0.51242193,0.00000000
-5.17158579,1.48090871,0.00699697,0.03587416,0.13027118,0.49800778,0.94793596,0.53143294,0.00000000
-5.16558279,1.55282671,0.00745871,0.03748992,0.13913551,0.52484147,1.00352314,0.54859187,0.00000000
-5.15957979,1.62086454,0.00790740,0.03909412,0.14774154,0.55030253,1.05726322,0.56368902,0.00000000
-5.15357679,1.68421220,0.00833316,0.04068999,0.15595566,0.57405993,1.10849015,0.57654958,0.00000000
-5.14757379,1.74212935,0.00872661,0.04228206,0.16365152,0.59580894,1.15656483,0.58703798,0.00000000
-5.14157079,1.79396282,0.00907907,0.04387567,0.17071363,0.61528053,1.20088979,0.59506161,0.00000000
-5.13556778,1.83916255,0.00938277,0.04547656,0.17704091,0.63225014,1.24092332,0.60057362,0.00000000
-5.12956478,1.87729516,0.00963101,0.04709031,0.18254985,0.64654521,1.27619236,0.60357465,0.00000000
-5.12356178,1.90805422,0.00981834,0.04872176,0.18717719,0.65805125,1.30630349,0.60411338,0.00000000
-5.11755878,1.93126666,0.00994071,0.05037442,0.19088184,0.66671576,1.33095149,0.60228553,0.00000000
-5.11155578,1.94689474,0.00999558,0.05204986,0.19364611,0.67254994,1.34992502,0.59823152,0.00000000
-5.10555278,1.95503333,0.00998195,0.05374716,0.19547583,0.67562778,1.36310910,0.59213249,0.00000000
-5.09954977,1.95590244,0.00990039,0.05546245,0.19639965,0.67608258,1.37048433,0.58420484,0.00000000
-5.09354677,1.94983534,0.00975300,0.05718844,0.19646733,0.67410101,1.37212290,0.57469344,0.00000000
-5.08754377,1.93726261,0.00954330,0.05891424,0.19574708,0.66991474,1.36818173,0.56386363,0.00000000
-5.08154077,1.91869311,0.00927612,0.06062515,0.19432225,0.66379023,1.35889306,0.55199233,0.00000000
-5.07553777,1.89469258,0.00895736,0.06230278,0.19228722,0.65601701,1.34455313,0.53935868,0.00000000
-5.06953477,1.86586121,0.00859384,0.06392521,0.18974311,0.64689521,1.32550968,0.52623446,0.00000000
-5.06353177,1.83281112,0.00819301,0.06546745,0.18679311,0.63672271,1.30214879,0.51287492,0.00000000
-5.05752876,1.79614520,0.00776276,0.06690200,0.18353799,0.62578294,1.27488195,0.49951025,0.00000000
-5.05152576,1.75643808,0.00731111,0.06819962,0.18007191,0.61433372,1.24413387,0.48633838,0.00000000
-5.04552276,1.71422046,0.00684599,0.06933020,0.17647867,0.60259789,1.21033172,0.47351919,0.00000000
-5.03951976,1.66996734,0.00637503,0.07026379,0.17282881,0.59075616,1.17389602,0.46117074,0.00000000
-5.03351676,1.62409062,0.00590537,0.07097169,0.16917742,0.57894256,1.13523366,0.44936746,0.00000000
-5.02751376,1.57693641,0.00544349,0.07142751,0.16556297,0.56724283,1.09473296,0.43814065,0.00000000
-5.02151076,1.52878670,0.00499509,0.07160825,0.16200715,0.55569557,1.05276084,0.42748108,0.00000000
-5.01550775,1.47986519,0.00456500,0.07149534,0.15851559,0.54429630,1.00966183,0.41734373,0.00000000
-5.00950475,1.43034655,0.00415720,0.07107550,0.15507950,0.53300387,0.96575865,0.40765431,0.00000000
-5.00350175,1.38036838,0.00377473,0.07034148,0.15167808,0.52174914,0.92135390,0.39831722,0.00000000
-4.99749875,1.33004482,0.00341981,0.06929258,0.14828145,0.51044497,0.87673253,0.38922459,0.00000000
-4.99149575,1.27948088,0.00309386,0.06793497,0.14485404,0.49899737,0.83216454,0.38026593,0.00000000
-4.98549275,1.22878656,0.00279761,0.06628179,0.14135809,0.48731669,0.78790760,0.37133772,0.00000000
-4.97948974,1.17808967,0.00253119,0.06435297,0.13775714,0.47532863,0.74420920,0.36235267,0.00000000
-4.97348674,1.12754671,0.00229430,0.06217483,0.13401926,0.46298405,0.70130815,0.35324799,0.00000000
-4.96748374,1.07735117,0.00208626,0.05977951,0.13011992,0.45026741,0.65943518,0.34399231,0.00000000
-4.96148074,1.02773878,0.00190621,0.05720415,0.12604421,0.43720306,0.61881273,0.33459092,0.00000000
-4.95547774,0.97898947,0.00175319,0.05448995,0.12178847,0.42385926,0.57965383,0.32508907,0.00000000
-4.94947474,0.93142619,0.00162626,0.05168109,0.11736112,0.41034977,0.54216035,0.31557319,0.00000000
-4.94347174,0.88541055,0.00152462,0.04882363,0.11278283,0.39683274,0.50652069,0.30616994,0.00000000
-4.93746873,0.84133582,0.00144765,0.04596429,0.10808588,0.38350724,0.47290721,0.29704330,0.00000000
-4.93146573,0.79961762,0.00139501,0.04314935,0.10331296,0.37060750,0.44147366,0.28838962,0.00000000
-4.92546273,0.76068293,0.00136669,0.04042349,0.09851532,0.35839516,0.41235275,0.28043114,0.00000000
-4.91945973,0.72495800,0.00136302,0.03782881,0.09375056,0.34715003,0.38565417,0.27340814,0.00000000
-4.91345673,0.69285582,0.00138468,0.03540389,0.08908015,0.33715967,0.36146322,0.26757005,0.00000000
-4.90745373,0.66476360,0.00143273,0.03318308,0.08456671,0.32870843,0.33984005,0.26316607,0.00000000
-4.90145073,0.64103107,0.00150853,0.03119579,0.08027136,0.32206632,0.32081971,0.26043556,0.00000000
-4.89544772,0.62195979,0.00161375,0.02946612,0.07625124,0.31747825,0.30441293,0.25959864,0.00000000
-4.88944472,0.60779405,0.00175027,0.02801253,0.07255717,0.31515409,0.29060766,0.26084738,0.00000000
-4.88344172,0.59871369,0.00192015,0.02684777,0.06923180,0.31525998,0.27937116,0.26433798,0.00000000
-4.87743872,0.59482899,0.00212550,0.02597884,0.06630812,0.31791110,0.27065274,0.27018417,0.00000000
-4.87143572,0.59617781,0.00236843,0.02540731,0.06380848,0.32316640,0.26438682,0.27845204,0.00000000
-4.86543272,0.60272516,0.00265092,0.02512958,0.06174407,0.33102528,0.26049639,0.28915664,0.00000000
-4.85942971,0.61436510,0.00297473,0.02513736,0.06011502,0.34142645,0.25889660,0.30226040,0.00000000
-4.85342671,0.63092502,0.00334132,0.02541833,0.05891087,0.35424902,0.25949849,0.31767337,0.00000000
-4.84742371,0.65217212,0.00375169,0.02595677,0.05811155,0.36931570,0.26221274,0.33525545,0.00000000
-4.84142071,0.67782208,0.00420638,0.02673433,0.05768871,0.38639816,0.26695337,0.35482041,0.00000000
-4.83541771,0.70754946,0.00470534,0.02773090,0.05760738,0.40522416,0.27364138,0.37614168,0.00000000
-4.82941471,0.74099985,0.00524794,0.02892543,0.05782778,0.42548644,0.28220822,0.39895970,0.00000000
-4.82341171,0.77780318,0.00583292,0.03029682,0.05830737,0.44685291,0.29259909,0.42299052,0.00000000
-4.81740870,0.81758793,0.00645848,0.03182477,0.05900279,0.46897777,0.30477599,0.44793552,0.00000000
-4.81140570,0.85999574,0.00712228,0.03349058,0.05987184,0.49151329,0.31872054,0.47349172,0.00000000
-4.80540270,0.90469585,0.00782161,0.03527791,0.06087525,0.51412172,0.33443627,0.49936249,0.00000000
-4.79939970,0.95139884,0.00855351,0.03717339,0.06197824,0.53648691,0.35195052,0.52526805,0.00000000
-4.79339670,0.99986907,0.00931498,0.03916714,0.06315176,0.55832516,0.37131564,0.55095552,0.00000000
-4.78739370,1.04993509,0.01010322,0.04125311,0.06437340,0.57939495,0.39260941,0.57620796,0.00000000
-4.78139070,1.10149761,0.01091586,0.04342923,0.06562792,0.59950497,0.41593455,0.60085206,0.00000000
-4.77538769,1.15453426,0.01175125,0.04569741,0.06690730,0.61852034,0.44141706,0.62476406,0.00000000
-4.76938469,1.20910084,0.01260870,0.04806329,0.06821049,0.63636646,0.46920339,0.64787358,0.00000000
-4.76338169,1.26532857,0.01348873,0.05053579,0.06954272,0.65303054,0.49945630,0.67016522,0.00000000
-4.75737869,1.32341728,0.01439330,0.05312645,0.07091444,0.66856049,0.53234931,0.69167751,0.00000000
-4.75137569,1.38362444,0.01532590,0.05584862,0.07234010,0.68306129,0.56805986,0.71249948,0.00000000
-4.74537269,1.44625025,0.01629169,0.05871643,0.07383656,0.69668898,0.60676123,0.73276467,0.00000000
-4.73936968,1.51161925,0.01729743,0.06174368,0.07542155,0.70964238,0.64861347,0.75264285,0.00000000
-4.73336668,1.58005910,0.01835135,0.06494261,0.07711192,0.72215296,0.69375357,0.77232974,0.00000000
-4.72736368,1.65187740,0.01946295,0.06832264,0.07892212,0.73447330,0.74228540,0.79203521,0.00000000
-4.72136068,1.72733755,0.02064262,0.07188920,0.08086269,0.74686467,0.79426965,0.81197033,0.00000000
-4.71535768,1.80663495,0.02190117,0.07564256,0.08293910,0.75958419,0.84971461,0.83233405,0.00000000
-4.70935468,1.88987467,0.02324930,0.07957681,0.08515079,0.77287234,0.90856801,0.85329997,0.00000000
-4.70335168,1.97705204,0.02469697,0.08367913,0.08749065,0.78694132,0.97071072,0.87500406,0.00000000
-4.69734867,2.06803722,0.02625269,0.08792925,0.08994480,0.80196481,1.03595279,0.89753375,0.00000000
-4.69134567,2.16256496,0.02792283,0.09229915,0.09249286,0.81806976,1.10403204,0.92091930,0.00000000
-4.68534267,2.26023026,0.02971098,0.09675324,0.09510853,0.83533049,1.17461587,0.94512757,0.00000000
-4.67933967,2.36049066,0.03161727,0.10124872,0.09776053,0.85376541,1.24730610,0.97005900,0.00000000
-4.67333667,2.46267513,0.03363791,0.10573640,0.10041389,0.87333663,1.32164701,0.99554765,0.00000000
-4.66733367,2.56599965,0.03576477,0.11016178,0.10303139,0.89395221,1.39713629,1.02136468,0.00000000
-4.66133067,2.66958863,0.03798516,0.11446644,0.10557518,0.91547114,1.47323839,1.04722494,0.00000000
-4.65532766,2.77250134,0.04028180,0.11858969,0.10800842,0.93771047,1.54939979,1.07279653,0.00000000
-4.64932466,2.87376206,0.04263300,0.12247038,0.11029688,0.96045441,1.62506517,1.09771273,0.00000000
-4.64332166,2.97239216,0.04501301,0.12604877,0.11241035,0.98346449,1.69969382,1.12158591,0.00000000
-4.63731866,3.06744256,0.04739262,0.12926853,0.11432389,1.00649047,1.77277501,1.14402240,0.00000000
-4.63131566,3.15802455,0.04973988,0.13207855,0.11601868,1.02928105,1.84384160,1.16463788,0.00000000
-4.62531266,3.24333725,0.05202102,0.13443471,0.11748259,1.05159384,1.91248077,1.18307217,0.00000000
-4.61930965,3.32269004,0.05420142,0.13630134,0.11871033,1.07320402,1.97834125,1.19900285,0.00000000
-4.61330665,3.39551864,0.05624670,0.13765241,0.11970315,1.09391101,2.04113634,1.21215696,0.00000000
-4.60730365,3.46139395,0.05812376,0.13847243,0.12046831,1.11354296,2.10064262,1.22232008,0.00000000
-4.60130065,3.52002315,0.05980182,0.13875687,0.12101803,1.13195871,2.15669420,1.22934256,0.00000000
-4.59529765,3.57124316,0.06125336,0.13851228,0.12136834,1.14904731,2.20917298,1.23314243,0.00000000
-4.58929465,3.61500703,0.06245487,0.13775594,0.12153763,1.16472525,2.25799551,1.23370515,0.00000000
-4.58329165,3.65136441,0.06338754,0.13651521,0.12154517,1.17893161,2.30309739,1.23108023,0.00000000
-4.57728864,3.68043762,0.06403764,0.13482648,0.12140965,1.19162191,2.34441652,1.22537511,0.00000000
-4.57128564,3.70239508,0.06439676,0.13273395,0.12114780,1.20276105,2.38187627,1.21674671,0.00000000
-4.56528264,3.71742423,0.06446184,0.13028814,0.12077326,1.21231610,2.41537023,1.20539146,0.00000000
-4.55927964,3.72570608,0.06423498,0.12754433,0.12029574,1.22024975,2.44474962,1.19153426,0.00000000
-4.55327664,3.72739313,0.06372309,0.12456094,0.11972055,1.22651497,2.46981470,1.17541732,0.00000000
-4.54727364,3.72259262,0.06293739,0.12139799,0.11904857,1.23105159,2.49031106,1.15728946,0.00000000
-4.54127064,3.71135633,0.06189283,0.11811567,0.11827661,1.23378512,2.50593133,1.13739650,0.00000000
-4.53526763,3.69367766,0.06060742,0.11477308,0.11739820,1.23462823,2.51632270,1.11597334,0.00000000
-4.52926463,3.66949649,0.05910155,0.11142723,0.11640480,1.23348489,2.52109986,1.09323808,0.00000000
-4.52326163,3.63871133,0.05739729,0.10813226,0.11528729,1.23025694,2.51986291,1.06938833,0.00000000
-4.51725863,3.60119801,0.05551778,0.10493897,0.11403768,1.22485292,2.51221929,1.04459992,0.00000000
-4.51125563,3.55683356,0.05348667,0.10189462,0.11265096,1.21719851,2.49780834,1.01902765,0.00000000
-4.50525263,3.50552358,0.05132762,0.09904293,0.11112699,1.20724784,2.47632705,0.99280808,0.00000000
-4.49924962,3.44723097,0.04906391,0.09642434,0.10947217,1.19499506,2.44755546,0.96606373,0.00000000
-4.49324662,3.38200418,0.04671815,0.09407637,0.10770096,1.18048507,2.41137995,0.93890839,0.00000000
-4.48724362,3.31000262,0.04431209,0.09203407,0.10583700,1.16382284,2.36781293,0.91145289,0.00000000
-4.48124062,3.23151746,0.04186645,0.09033055,0.10391379,1.14518029,2.31700763,0.88381078,0.00000000
-4.47523762,3.14698625,0.03940086,0.08899737,0.10197485,1.12480025,2.25926697,0.85610347,0.00000000
-4.46923462,3.05699997,0.03693380,0.08806490,0.10007325,1.10299696,2.19504576,0.82846436,0.00000000
-4.46323162,2.96230201,0.03448263,0.08756243,0.09827063,1.08015269,2.12494600,0.80104152,0.00000000
-4.45722861,2.86377871,0.03206353,0.08751809,0.09663559,1.05671061,2.04970541,0.77399871,0.00000000
-4.45122561,2.76244173,0.02969153,0.08795855,0.09524152,1.03316382,1.97017970,0.74751465,0.00000000
-4.44522261,2.65940320,0.02738046,0.08890839,0.09416398,1.01004111,1.88731942,0.72178044,0.00000000
-4.43921961,2.55584462,0.02514291,0.09038927,0.09347773,0.98788988,1.80214255,0.69699538,0.00000000
-4.43321661,2.45298131,0.02299019,0.09241882,0.09325346,0.96725697,1.71570423,0.67336128,0.00000000
-4.42721361,2.35202399,0.02093223,0.09500938,0.09355450,0.94866836,1.62906501,0.65107570,0.00000000
-4.42121061,2.25413951,0.01897753,0.09816664,0.09443345,0.93260867,1.54325927,0.63032452,0.00000000
-4.41520760,2.16041278,0.01713308,0.10188821,0.09592911,0.91950140,1.45926513,0.61127424,0.00000000
-4.40920460,2.07181153,0.01540425,0.10616229,0.09806372,0.90969107,1.37797732,0.59406452,0.00000000
-4.40320160,1.98915596,0.01379480,0.11096653,0.10084068,0.90342801,1.30018397,0.57880146,0.00000000
-4.39719860,1.91309440,0.01230684,0.11626718,0.10424293,0.90085683,1.22654846,0.56555196,0.00000000
-4.39119560,1.84408637,0.01094086,0.12201859,0.10823203,0.90200909,1.15759677,0.55433975,0.00000000
-4.38519260,1.78239367,0.00969574,0.12816323,0.11274803,0.90680078,1.09371078,0.54514306,0.00000000
-4.37918959,1.72807996,0.00856890,0.13463226,0.11771025,0.91503477,1.03512750,0.53789451,0.00000000
-4.37318659,1.68101870,0.00755639,0.14134664,0.12301885,0.92640834,0.98194418,0.53248300,0.00000000
-4.36718359,1.64090919,0.00665306,0.14821886,0.12855725,0.94052547,0.93412856,0.52875777,0.00000000
-4.36118059,1.60729961,0.00585276,0.15515521,0.13419533,0.95691348,0.89153396,0.52653439,0.00000000
-4.35517759,1.57961627,0.00514854,0.16205856,0.13979324,0.97504322,0.85391799,0.52560243,0.00000000
-4.34917459,1.55719728,0.00453284,0.16883146,0.14520571,0.99435193,0.82096415,0.52573448,0.00000000
-4.34317159,1.53932929,0.00399777,0.17537950,0.15028678,1.01426768,0.79230524,0.52669602,0.00000000
-4.33716858,1.52528526,0.00353528,0.18161476,0.15489456,1.03423410,0.76754733,0.52825563,0.00000000
-4.33116558,1.51436166,0.00313737,0.18745902,0.15889601,1.05373420,0.74629340,0.53019504,0.00000000
-4.32516258,1.50591301,0.00279630,0.19284679,0.16217149,1.07231201,0.72816551,0.53231837,0.00000000
-4.31915958,1.49938243,0.00250471,0.19772768,0.16461877,1.08959090,0.71282469,0.53446011,0.00000000
-4.31315658,1.49432644,0.00225580,0.20206823,0.16615651,1.10528753,0.69998757,0.53649133,0.00000000
-4.30715358,1.49043300,0.00204340,0.20585281,0.16672688,1.11922076,0.68943936,0.53832381,0.00000000
-4.30115058,1.48753196,0.00186209,0.20908369,0.16629741,1.13131483,0.68104254,0.53991178,0.00000000
-4.29514757,1.48559747,0.00170721,0.21178014,0.16486173,1.14159689,0.67474112,0.54125118,0.00000000
-4.28914457,1.48474243,0.00157490,0.21397664,0.16243951,1.15018880,0.67056039,0.54237652,0.00000000
-4.28314157,1.48520529,0.00146214,0.21572025,0.15907536,1.15729378,0.66860231,0.54335544,0.00000000
-4.27713857,1.48733019,0.00136669,0.21706724,0.15483683,1.16317872,0.66903697,0.54428144,0.00000000
-4.27113557,1.49154150,0.00128708,0.21807929,0.14981175,1.16815318,0.67209040,0.54526513,0.00000000
-4.26513257,1.49831431,0.00122258,0.21881932,0.14410484,1.17254628,0.67802973,0.54642451,0.00000000
-4.25912956,1.50814246,0.00117313,0.21934734,0.13783396,1.17668297,0.68714614,0.54787504,0.00000000
-4.25312656,1.52150588,0.00113930,0.21971647,0.13112607,1.18086105,0.69973659,0.54972001,0.00000000
-4.24712356,1.53883913,0.00112221,0.21996950,0.12411305,1.18533025,0.71608517,0.55204178,0.00000000
-4.24112056,1.56050255,0.00112349,0.22013598,0.11692771,1.19027472,0.73644487,0.55489459,0.00000000
-4.23511756,1.58675769,0.00114518,0.22023036,0.10969998,1.19579978,0.76102070,0.55829917,0.00000000
-4.22911456,1.61774808,0.00118971,0.22025092,0.10255355,1.20192383,0.78995464,0.56223964,0.00000000
-4.22311156,1.65348626,0.00125978,0.22017989,0.09560294,1.20857565,0.82331336,0.56666275,0.00000000
-4.21710855,1.69384748,0.00135830,0.21998453,0.08895120,1.21559727,0.86107893,0.57147953,0.00000000
-4.21110555,1.73857021,0.00148833,0.21961917,0.08268815,1.22275202,0.90314297,0.57656919,0.00000000
-4.20510255,1.78726318,0.00165296,0.21902812,0.07688922,1.22973727,0.94930449,0.58178493,0.00000000
-4.19909955,1.83941833,0.00185525,0.21814916,0.07161489,1.23620081,0.99927129,0.58696133,0.00000000
-4.19309655,1.89442870,0.00209815,0.21691758,0.06691057,1.24175994,1.05266492,0.59192273,0.00000000
-4.18709355,1.95161023,0.00238436,0.21527024,0.06280699,1.24602195,1.10902889,0.59649217,0.00000000
-4.18109055,2.01022621,0.00271624,0.21314964,0.05932089,1.24860484,1.16783975,0.60050018,0.00000000
-4.17508754,2.06951291,0.00309574,0.21050772,0.05645595,1.24915687,1.22852047,0.60379299,0.00000000
-4.16908454,2.12870516,0.00352425,0.20730903,0.05420396,1.24737410,1.29045561,0.60623964,0.00000000
-4.16308154,2.18706067,0.00400255,0.20353325,0.05254606,1.24301475,1.35300755,0.60773761,0.00000000
-4.15707854,2.24388191,0.00453069,0.19917689,0.05145400,1.23590987,1.41553307,0.60821668,0.00000000
-4.15107554,2.29853462,0.00510792,0.19425403,0.05089144,1.22596979,1.47739973,0.60764090,0.00000000
-4.14507254,2.35046232,0.00573263,0.18879619,0.05081514,1.21318626,1.53800111,0.60600859,0.00000000
-4.13906953,2.39919636,0.00640233,0.18285130,0.05117617,1.19763040,1.59677050,0.60335053,0.00000000
-4.13306653,2.44436125,0.00711359,0.17648187,0.05192099,1.17944678,1.65319234,0.59972651,0.00000000
-4.12706353,2.48567530,0.00786207,0.16976252,0.05299254,1.15884424,1.70681107,0.59522054,0.00000000
-4.12106053,2.52294689,0.00864257,0.16277699,0.05433120,1.13608418,1.75723695,0.58993506,0.00000000
-4.11505753,2.55606672,0.00944904,0.15561484,0.05587581,1.11146701,1.80414875,0.58398457,0.00000000
-4.10905453,2.58499668,0.01027469,0.14836804,0.05756461,1.08531781,1.84729317,0.57748901,0.00000000
-4.10305153,2.60975606,0.01111211,0.14112758,0.05933620,1.05797182,1.88648134,0.57056735,0.00000000
-4.09704852,2.63040596,0.01195332,0.13398027,0.06113051,1.02976064,1.92158242,0.56333159,0.00000000
-4.09104552,2.64703268,0.01278998,0.12700597,0.06288970,1.00099971,1.95251499,0.55588163,0.00000000
-4.08504252,2.65973107,0.01361346,0.12027521,0.06455913,0.97197768,1.97923666,0.54830099,0.00000000
-4.07903952,2.66858872,0.01441507,0.11384735,0.06608822,0.94294787,2.00173268,0.54065372,0.00000000
-4.07303652,2.67367178,0.01518609,0.10776937,0.06743126,0.91412225,2.02000428,0.53298247,0.00000000
-4.06703352,2.67501327,0.01591801,0.10207521,0.06854817,0.88566779,2.03405750,0.52530766,0.00000000
-4.06103052,2.67260436,0.01660261,0.09678565,0.06940510,0.85770519,2.04389340,0.51762788,0.00000000
-4.05502751,2.66638941,0.01723209,0.09190880,0.06997489,0.83030989,2.04950026,0.50992120,0.00000000
-4.04902451,2.65626486,0.01779916,0.08744094,0.07023740,0.80351499,2.05084842,0.50214744,0.00000000
-4.04302151,2.64208240,0.01829719,0.08336781,0.07017966,0.77731577,2.04788826,0.49425115,0.00000000
-4.03701851,2.62365618,0.01872023,0.07966615,0.06979578,0.75167547,2.04055149,0.48616514,0.00000000
-4.03101551,2.60077407,0.01906316,0.07630545,0.06908680,0.72653204,2.02875604,0.47781448,0.00000000
-4.02501251,2.57321235,0.01932170,0.07324983,0.06806027,0.70180532,2.01241409,0.46912066,0.00000000
-4.01900950,2.54075334,0.01949251,0.07045989,0.06672974,0.67740451,1.99144317,0.46000590,0.00000000
-4.01300650,2.50320510,0.01957322,0.06789458,0.06511414,0.65323539,1.96577954,0.45039737,0.00000000
-4.00700350,2.46042230,0.01956253,0.06551290,0.06323705,0.62920727,1.93539323,0.44023118,0.00000000
-4.00100050,2.41232717,0.01946021,0.06327550,0.06112595,0.60523925,1.90030384,0.42945609,0.00000000
-3.99499750,2.35892956,0.01926718,0.06114597,0.05881144,0.58126565,1.86059607,0.41803673,0.00000000
-3.98899450,2.30034481,0.01898548,0.05909199,0.05632647,0.55724045,1.81643415,0.40595625,0.00000000
-3.98299150,2.23680869,0.01861839,0.05708620,0.05370562,0.53314076,1.76807415,0.39321839,0.00000000
-3.97698849,2.16868830,0.01817032,0.05510672,0.05098449,0.50896899,1.71587332,0.37984877,0.00000000
-3.97098549,2.09648837,0.01764687,0.05313752,0.04819906,0.48475402,1.66029589,0.36589547,0.00000000
-3.96498249,2.02085248,0.01705475,0.05116848,0.04538532,0.46055108,1.60191479,0.35142874,0.00000000
-3.95897949,1.94255891,0.01640175,0.04919521,0.04257880,0.43644067,1.54140897,0.33654008,0.00000000
-3.95297649,1.86251131,0.01569658,0.04721863,0.03981436,0.41252636,1.47955651,0.32134037,0.00000000
-3.94697349,1.78172434,0.01494885,0.04524449,0.03712599,0.38893183,1.41722351,0.30595752,0.00000000
-3.94097049,1.70130506,0.01416883,0.04328258,0.03454668,0.36579711,1.35534928,0.29053342,0.00000000
-3.93496748,1.62243068,0.01336734,0.04134601,0.03210839,0.34327434,1.29492854,0.27522044,0.00000000
-3.92896448,1.54632364,0.01255557,0.03945029,0.02984206,0.32152315,1.23699117,0.26017772,0.00000000
-3.92296148,1.47422505,0.01174486,0.03761250,0.02777758,0.30070596,1.18258053,0.24556713,0.00000000
-3.91695848,1.40736759,0.01094651,0.03585040,0.02594388,0.28098321,1.13273105,0.23154941,0.00000000
-3.91095548,1.34694867,0.01017160,0.03418168,0.02436887,0.26250901,1.08844603,0.21828036,0.00000000
-3.90495248,1.29410504,0.00943076,0.03262322,0.02307942,0.24542707,1.05067631,0.20590740,0.00000000
-3.89894947,1.24988934,0.00873403,0.03119055,0.02210131,0.22986720,1.02030053,0.19456650,0.00000000
-3.89294647,1.21524930,0.00809068,0.02989732,0.02145902,0.21594252,0.99810732,0.18437966,0.00000000
-3.88694347,1.19100996,0.00750909,0.02875506,0.02117553,0.20374728,0.98477990,0.17545292,0.00000000
-3.88094047,1.17785900,0.00699658,0.02777291,0.02127194,0.19335546,0.98088321,0.16787501,0.00000000
-3.87493747,1.17633523,0.00655940,0.02695760,0.02176712,0.18482007,0.98685352,0.16171650,0.00000000
-3.86893447,1.18682004,0.00620259,0.02631351,0.02267712,0.17817303,1.00299051,0.15702951,0.00000000
-3.86293147,1.20953150,0.00593001,0.02584275,0.02401460,0.17342569,1.02945158,0.15384782,0.00000000
-3.85692846,1.24452080,0.00574425,0.02554544,0.02578817,0.17056966,1.06624821,0.15218733,0.00000000
-3.85092546,1.29167056,0.00564671,0.02541985,0.02800167,0.16957806,1.11324397,0.15204678,0.00000000
-3.84492246,1.35069476,0.00563754,0.02546275,0.03065343,0.17040687,1.17015420,0.15340857,0.00000000
-3.83891946,1.42113996,0.00571576,0.02566956,0.03373555,0.17299639,1.23654687,0.15623957,0.00000000
-3.83291646,1.50238762,0.00587924,0.02603460,0.03723325,0.17727256,1.31184482,0.16049194,0.00000000
-3.82691346,1.59365755,0.00612477,0.02655124,0.04112433,0.18314823,1.39532914,0.16610382,0.00000000
-3.82091046,1.69401246,0.00644819,0.02721195,0.04537867,0.19052415,1.48614395,0.17299981,0.00000000
-3.81490745,1.80236394,0.00684437,0.02800837,0.04995809,0.19928973,1.58330264,0.18109137,0.00000000
-3.80890445,1.91748004,0.00730737,0.02893125,0.05481622,0.20932358,1.68569582,0.19027705,0.00000000
-3.80290145,2.03799499,0.00783050,0.02997033,0.05989883,0.22049386,1.79210131,0.20044262,0.00000000
-3.79689845,2.16242126,0.00840644,0.03111429,0.06514427,0.23265841,1.90119637,0.21146125,0.00000000
-3.79089545,2.28916450,0.00902732,0.03235051,0.07048429,0.24566491,2.01157250,0.22319373,0.00000000
-3.78489245,2.41654160,0.00968488,0.03366496,0.07584507,0.25935104,2.12175284,0.23548884,0.00000000
-3.77888944,2.54280205,0.01037060,0.03504206,0.08114861,0.27354476,2.23021244,0.24818407,0.00000000
-3.77288644,2.66615273,0.01107582,0.03646459,0.08631425,0.28806495,2.33540116,0.26110660,0.00000000
-3.76688344,2.78478587,0.01179196,0.03791366,0.09126045,0.30272238,2.43576909,0.27407482,0.00000000
-3.76088044,2.89691001,0.01251064,0.03936878,0.09590666,0.31732112,2.52979411,0.28690022,0.00000000
-3.75487744,3.00078328,0.01322392,0.04080798,0.10017532,0.33166062,2.61601104,0.29938991,0.00000000
-3.74887444,3.09474837,0.01392449,0.04220809,0.10399375,0.34553834,2.69304173,0.31134962,0.00000000
-3.74287144,3.17726827,0.01460590,0.04354506,0.10729609,0.35875294,2.75962522,0.32258712,0.00000000
-3.73686843,3.24696176,0.01526277,0.04479446,0.11002497,0.37110821,2.81464720,0.33291612,0.00000000
-3.73086543,3.30263738,0.01589104,0.04593197,0.11213306,0.38241747,2.85716767,0.34216051,0.00000000
-3.72486243,3.34332497,0.01648819,0.04693404,0.11358426,0.39250835,2.88644585,0.35015868,0.00000000
-3.71885943,3.36830322,0.01705348,0.04777855,0.11435460,0.40122798,2.90196141,0.35676805,0.00000000
-3.71285643,3.37712242,0.01758810,0.04844551,0.11443281,0.40844823,2.90343114,0.36186932,0.00000000
-3.70685343,3.36962124,0.01809539,0.04891777,0.11382045,0.41407089,2.89082016,0.36537058,0.00000000
-3.70085043,3.34593663,0.01858095,0.04918171,0.11253171,0.41803252,2.86434725,0.36721082,0.00000000
-3.69484742,3.30650630,0.01905268,0.04922786,0.11059281,0.42030883,2.82448359,0.36736293,0.00000000
-3.68884442,3.25206332,0.01952079,0.04905147,0.10804110,0.42091824,2.77194490,0.36583586,0.00000000
-3.68284142,3.18362262,0.01999772,0.04865294,0.10492385,0.41992447,2.70767687,0.36267588,0.00000000
-3.67683842,3.10245967,0.02049795,0.04803813,0.10129680,0.41743804,2.63283410,0.35796684,0.00000000
-3.67083542,3.01008159,0.02103770,0.04721857,0.09722249,0.41361640,2.54875300,0.35182938,0.00000000
-3.66483242,2.90819155,0.02163456,0.04621148,0.09276857,0.40866269,2.45691944,0.34441909,0.00000000
-3.65882941,2.79864728,0.02230691,0.04503964,0.08800596,0.40282306,2.35893188,0.33592350,0.00000000
-3.65282641,2.68341504,0.02307339,0.04373109,0.08300704,0.39638259,2.25646118,0.32655825,0.00000000
-3.64682341,2.56452029,0.02395210,0.04231875,0.07784397,0.38965977,2.15120820,0.31656221,0.00000000
-3.64082041,2.44399660,0.02495987,0.04083984,0.07258705,0.38299990,2.04486066,0.30619197,0.00000000
-3.63481741,2.32383461,0.02611137,0.03933516,0.06730328,0.37676729,1.93905034,0.29571571,0.00000000
-3.62881441,2.20593234,0.02741827,0.03784840,0.06205510,0.37133677,1.83531233,0.28540673,0.00000000
-3.62281141,2.09204878,0.02888838,0.03642518,0.05689942,0.36708453,1.73504745,0.27553674,0.00000000
-3.61680840,1.98376207,0.03052486,0.03511219,0.05188674,0.36437869,1.63948907,0.26636927,0.00000000
-3.61080540,1.88243369,0.03232550,0.03395621,0.04706067,0.36356987,1.54967555,0.25815323,0.00000000
-3.60480240,1.78917975,0.03428221,0.03300309,0.04245757,0.36498189,1.46642911,0.25111699,0.00000000
-3.59879940,1.70485032,0.03638066,0.03229677,0.03810649,0.36890304,1.39034184,0.24546292,0.00000000
-3.59279640,1.63001734,0.03860010,0.03187829,0.03402923,0.37557797,1.32176924,0.24136273,0.00000000
-3.58679340,1.56497134,0.04091352,0.03178478,0.03024070,0.38520048,1.26083152,0.23895363,0.00000000
-3.58079040,1.50972699,0.04328800,0.03204852,0.02674930,0.39790731,1.20742248,0.23833530,0.00000000
-3.57478739,1.46403697,0.04568539,0.03269602,0.02355754,0.41377312,1.16122551,0.23956783,0.00000000
-3.56878439,1.42741362,0.04806324,0.03374713,0.02066271,0.43280667,1.12173612,0.24267062,0.00000000
-3.56278139,1.39915725,0.05037594,0.03521429,0.01805759,0.45494829,1.08828998,0.24762213,0.00000000
-3.55677839,1.37838992,0.05257613,0.03710178,0.01573127,0.48006875,1.06009546,0.25436052,0.00000000
-3.55077539,1.36409355,0.05461625,0.03940513,0.01366989,0.50796945,1.03626919,0.26278523,0.00000000
-3.54477239,1.35515051,0.05645016,0.04211065,0.01185746,0.53838416,1.01587342,0.27275919,0.00000000
-3.53876938,1.35038548,0.05803481,0.04519513,0.01027661,0.57098206,0.99795371,0.28411191,0.00000000
-3.53276638,1.34860697,0.05933194,0.04862572,0.00890925,0.60537240,0.98157543,0.29664316,0.00000000
-3.52676338,1.34864703,0.06030955,0.05236006,0.00773725,0.64111059,0.96585784,0.31012735,0.00000000
-3.52076038,1.34939800,0.06094329,0.05634661,0.00674299,0.67770586,0.95000459,0.32431844,0.00000000
-3.51475738,1.34984514,0.06121756,0.06052536,0.00590984,0.71463034,0.93332944,0.33895541,0.00000000
-3.50875438,1.34909427,0.06112632,0.06482867,0.00522259,0.75132965,0.91527669,0.35376820,0.00000000
-3.50275138,1.34639399,0.06067362,0.06918261,0.00466777,0.78723474,0.89543559,0.36848398,0.00000000
-3.49674837,1.34115177,0.05987368,0.07350835,0.00423387,0.82177490,0.87354858,0.38283377,0.00000000
-3.49074537,1.33294419,0.05875066,0.07772403,0.00391157,0.85439165,0.84951337,0.39655914,0.00000000
-3.48474237,1.32152115,0.05733813,0.08174670,0.00369375,0.88455315,0.82337909,0.40941902,0.00000000
-3.47873937,1.30680444,0.05567811,0.08549448,0.00357560,0.91176881,0.79533709,0.42119619,0.00000000
-3.47273637,1.28888121,0.05381985,0.08888880,0.00355455,0.93560344,0.76570698,0.43170350,0.00000000
-3.46673337,1.26799275,0.05181844,0.09185672,0.00363016,0.95569064,0.73491878,0.44078937,0.00000000
-3.46073037,1.24451941,0.04973310,0.09433306,0.00380402,0.97174461,0.70349218,0.44834250,0.00000000
-3.45472736,1.21896220,0.04762545,0.09626245,0.00407955,0.98356999,0.67201372,0.45429542,0.00000000
-3.44872436,1.19192192,0.04555766,0.09760112,0.00446181,0.99106912,0.64111299,0.45862677,0.00000000
-3.44272136,1.16407646,0.04359064,0.09831837,0.00495718,0.99424625,0.61143868,0.46136200,0.00000000
-3.43671836,1.13615694,0.04178224,0.09839758,0.00557319,0.99320834,0.58363536,0.46257246,0.00000000
-3.43071536,1.10892334,0.04018557,0.09783684,0.00631813,0.98816229,0.55832167,0.46237284,0.00000000
-3.42471236,1.08314022,0.03884750,0.09664904,0.00720083,0.97940840,0.53607061,0.46091678,0.00000000
-3.41870935,1.05955309,0.03780730,0.09486155,0.00823030,0.96733038,0.51739225,0.45839100,0.00000000
-3.41270635,1.03886598,0.03709558,0.09251532,0.00941547,0.95238206,0.50271934,0.45500791,0.00000000
-3.40670335,1.02172061,0.03673340,0.08966361,0.01076484,0.93507134,0.49239596,0.45099716,0.00000000
-3.40070035,1.00867774,0.03673167,0.08637032,0.01228625,0.91594209,0.48666931,0.44659630,0.00000000
-3.39469735,1.00020101,0.03709087,0.08270799,0.01398660,0.89555470,0.48568472,0.44204110,0.00000000
-3.38869435,0.99664374,0.03780095,0.07875558,0.01587157,0.87446616,0.48948360,0.43755585,0.00000000
-3.38269135,0.99823896,0.03884165,0.07459615,0.01794546,0.85321059,0.49800444,0.43334421,0.00000000
-3.37668834,1.00509294,0.04018297,0.07031443,0.02021095,0.83228110,0.51108643,0.42958093,0.00000000
-3.37068534,1.01718232,0.04178597,0.06599449,0.02266893,0.81211375,0.52847555,0.42640491,0.00000000
-3.36468234,1.03435506,0.04360381,0.06171751,0.02531835,0.79307437,0.54983274,0.42391393,0.00000000
-3.35867934,1.05633493,0.04558304,0.05755977,0.02815605,0.77544872,0.57474392,0.42216126,0.00000000
-3.35267634,1.08272949,0.04766503,0.05359090,0.03117666,0.75943636,0.60273138,0.42115433,0.00000000
-3.34667334,1.11304115,0.04978761,0.04987239,0.03437239,0.74514840,0.63326621,0.42085546,0.00000000
-3.34067034,1.14668096,0.05188683,0.04645646,0.03773295,0.73260901,0.66578132,0.42118460,0.00000000
-3.33466733,1.18298435,0.05389877,0.04338525,0.04124534,0.72176046,0.69968467,0.42202386,0.00000000
-3.32866433,1.22122851,0.05576137,0.04069032,0.04489370,0.71247129,0.73437228,0.42322364,0.00000000
-3.32266133,1.26065037,0.05741619,0.03839246,0.04865917,0.70454698,0.76924073,0.42460979,0.00000000
-3.31665833,1.30046477,0.05881013,0.03650184,0.05251967,0.69774239,0.80369856,0.42599173,0.00000000
-3.31065533,1.33988202,0.05989688,0.03501831,0.05644978,0.69177547,0.83717667,0.42717075,0.00000000
-3.30465233,1.37812435,0.06063828,0.03393199,0.06042067,0.68634117,0.86913710,0.42794834,0.00000000
-3.29864932,1.41444071,0.06100525,0.03322409,0.06439999,0.68112527,0.89908041,0.42813400,0.00000000
-3.29264632,1.44811978,0.06097856,0.03286776,0.06835197,0.67581710,0.92655132,0.42755223,0.00000000
-3.28664332,1.47850077,0.06054919,0.03282921,0.07223756,0.67012108,0.95114294,0.42604847,0.00000000
-3.28064032,1.50498223,0.05971830,0.03306880,0.07601476,0.66376632,0.97249946,0.42349376,0.00000000
-3.27463732,1.52702881,0.05849699,0.03354232,0.07963908,0.65651442,0.99031770,0.41978793,0.00000000
-3.26863432,1.54417635,0.05690557,0.03420223,0.08306416,0.64816509,1.00434764,0.41486158,0.00000000
-3.26263132,1.55603554,0.05497266,0.03499899,0.08624267,0.63855990,1.01439232,0.40867657,0.00000000
-3.25662831,1.56229442,0.05273402,0.03588239,0.08912730,0.62758409,1.02030727,0.40122539,0.00000000
-3.25062531,1.56272029,0.05023109,0.03680288,0.09167193,0.61516681,1.02199985,0.39252952,0.00000000
-3.24462231,1.55716106,0.04750958,0.03771280,0.09383295,0.60128005,1.01942860,0.38263700,0.00000000
-3.23861931,1.54554649,0.04461782,0.03856767,0.09557067,0.58593656,1.01260283,0.37161944,0.00000000
-3.23261631,1.52788926,0.04160522,0.03932732,0.09685075,0.56918705,1.00158244,0.35956870,0.00000000
-3.22661331,1.50428597,0.03852079,0.03995689,0.09764556,0.55111701,0.98647796,0.34659342,0.00000000
-3.22061031,1.47491802,0.03541172,0.04042781,0.09793554,0.53184329,0.96745078,0.33281568,0.00000000
-3.21460730,1.44005191,0.03232223,0.04071846,0.09771029,0.51151071,0.94471323,0.31836784,0.00000000
-3.20860430,1.40003905,0.02929252,0.04081477,0.09696946,0.49028874,0.91852852,0.30338958,0.00000000
-3.20260130,1.35531442,0.02635801,0.04071057,0.09572338,0.46836841,0.88921006,0.28802547,0.00000000
-3.19659830,1.30639399,0.02354883,0.04040773,0.09399330,0.44595931,0.85712010,0.27242272,0.00000000
-3.19059530,1.25387050,0.02088947,0.03991605,0.09181132,0.42328677,0.82266732,0.25672945,0.00000000
-3.18459230,1.19840745,0.01839876,0.03925300,0.08921984,0.40058918,0.78630338,0.24109312,0.00000000
-3.17858929,1.14073115,0.01608998,0.03844317,0.08627077,0.37811518,0.74851810,0.22565934,0.00000000
-3.17258629,1.08162086,0.01397115,0.03751758,0.08302426,0.35612094,0.70983345,0.21057074,0.00000000
-3.16658329,1.02189713,0.01204548,0.03651279,0.07954717,0.33486719,0.67079636,0.19596611,0.00000000
-3.16058029,0.96240857,0.01031190,0.03546988,0.07591133,0.31461613,0.63197036,0.18197947,0.00000000
-3.15457729,0.90401741,0.00876574,0.03443334,0.07219148,0.29562816,0.59392647,0.16873924,0.00000000
-3.14857429,0.84758425,0.00739927,0.03344984,0.06846325,0.27815839,0.55723347,0.15636740,0.00000000
-3.14257129,0.79395247,0.00620248,0.03256703,0.06480102,0.26245295,0.52244783,0.14497856,0.00000000
-3.13656828,0.74393268,0.00516361,0.03183225,0.06127581,0.24874529,0.49010366,0.13467905,0.00000000
-3.13056528,0.69828785,0.00426977,0.03129135,0.05795338,0.23725229,0.46070305,0.12556594,0.00000000
-3.12456228,0.65771929,0.00350750,0.03098755,0.05489243,0.22817047,0.43470686,0.11772602,0.00000000
-3.11855928,0.62285401,0.00286317,0.03096035,0.05214313,0.22167228,0.41252638,0.11123480,0.00000000
-3.11255628,0.59423357,0.00232341,0.03124459,0.04974590,0.21790259,0.39451595,0.10615543,0.00000000
-3.10655328,0.57230467,0.00187536,0.03186963,0.04773059,0.21697535,0.38096668,0.10253772,0.00000000
-3.10055028,0.55741159,0.00150695,0.03285861,0.04611594,0.21897071,0.37210136,0.10041712,0.00000000
-3.09454727,0.54979042,0.00120701,0.03422795,0.04490948,0.22393243,0.36807053,0.09981377,0.00000000
-3.08854427,0.54956511,0.00096540,0.03598689,0.04410779,0.23186581,0.36894978,0.10073164,0.00000000
-3.08254127,0.55674530,0.00077304,0.03813725,0.04369711,0.24273612,0.37473823,0.10315770,0.00000000
-3.07653827,0.57122579,0.00062191,0.04067335,0.04365427,0.25646762,0.38535812,0.10706125,0.00000000
-3.07053527,0.59278767,0.00050499,0.04358201,0.04394794,0.27294324,0.40065554,0.11239340,0.00000000
-3.06453227,0.62110105,0.00041625,0.04684274,0.04454016,0.29200485,0.42040218,0.11908671,0.00000000
-3.05852926,0.65572925,0.00035053,0.05042810,0.04538801,0.31345436,0.44429828,0.12705506,0.00000000
-3.05252626,0.69613470,0.00030347,0.05430414,0.04644554,0.33705548,0.47197655,0.13619387,0.00000000
-3.04652326,0.74168635,0.00027141,0.05843099,0.04766570,0.36253632,0.50300728,0.14638056,0.00000000
-3.04052026,0.79166882,0.00025128,0.06276361,0.04900237,0.38959271,0.53690452,0.15747548,0.00000000
-3.03451726,0.84529309,0.00024057,0.06725258,0.05041232,0.41789241,0.57313349,0.16932321,0.00000000
-3.02851426,0.90170907,0.00023717,0.07184502,0.05185712,0.44707989,0.61111907,0.18175432,0.00000000
-3.02251126,0.96001965,0.00023935,0.07648561,0.05330480,0.47678196,0.65025539,0.19458770,0.00000000
-3.01650825,1.01929633,0.00024569,0.08111763,0.05473140,0.50661389,0.68991648,0.20763318,0.00000000
-3.01050525,1.07859619,0.00025501,0.08568405,0.05612209,0.53618601,0.72946770,0.22069477,0.00000000
-3.00450225,1.13697978,0.00026633,0.09012864,0.05747205,0.56511072,0.76827789,0.23357416,0.00000000
-2.99849925,1.19352971,0.00027882,0.09439704,0.05878689,0.59300952,0.80573189,0.24607459,0.00000000
-2.99249625,1.24736934,0.00029182,0.09843777,0.06008270,0.61952014,0.84124302,0.25800483,0.00000000
-2.98649325,1.29768091,0.00030476,0.10220324,0.06138555,0.64430331,0.87426536,0.26918332,0.00000000
-2.98049025,1.34372276,0.00031717,0.10565058,0.06273065,0.66704916,0.90430515,0.27944213,0.00000000
-2.97448724,1.38484471,0.00032866,0.10874237,0.06416096,0.68748290,0.93093109,0.28863074,0.00000000
-2.96848424,1.42050118,0.00033895,0.11144721,0.06572539,0.70536964,0.95378308,0.29661937,0.00000000
-2.96248124,1.45026134,0.00034778,0.11374015,0.06747668,0.72051820,0.97257894,0.30330183,0.00000000
-2.95647824,1.47381599,0.00035500,0.11560295,0.06946888,0.73278376,0.98711891,0.30859762,0.00000000
-2.95047524,1.49098064,0.00036051,0.11702409,0.07175464,0.74206921,0.99728772,0.31245334,0.00000000
-2.94447224,1.50169475,0.00036424,0.11799870,0.07438237,0.74832522,1.00305399,0.31484317,0.00000000
-2.93846923,1.50601706,0.00036622,0.11852821,0.07739336,0.75154907,1.00446711,0.31576858,0.00000000
-2.93246623,1.50411717,0.00036648,0.11861996,0.08081893,0.75178217,1.00165158,0.31525707,0.00000000
-2.92646323,1.49626392,0.00036513,0.11828658,0.08467794,0.74910650,0.99479922,0.31336022,0.00000000
-2.92046023,1.48281079,0.00036230,0.11754531,0.08897451,0.74364017,0.98415944,0.31015095,0.00000000
-2.91445723,1.46417933,0.00035813,0.11641725,0.09369625,0.73553213,0.97002813,0.30572024,0.00000000
-2.90845423,1.44084118,0.00035281,0.11492652,0.09881307,0.72495650,0.95273567,0.30017344,0.00000000
-2.90245123,1.41329970,0.00034651,0.11309947,0.10427665,0.71210655,0.93263451,0.29362633,0.00000000
-2.89644822,1.38207192,0.00033942,0.11096391,0.11002060,0.69718872,0.91008708,0.28620113,0.00000000
-2.89044522,1.34767172,0.00033172,0.10854834,0.11596142,0.68041694,0.88545442,0.27802259,0.00000000
-2.88444222,1.31059502,0.00032359,0.10588132,0.12200019,0.66200736,0.85908600,0.26921446,0.00000000
-2.87843922,1.27130743,0.00031519,0.10299096,0.12802500,0.64217381,0.83131127,0.25989633,0.00000000
-2.87243622,1.23023498,0.00030666,0.09990450,0.13391408,0.62112401,0.80243309,0.25018105,0.00000000
-2.86643322,1.18775814,0.00029814,0.09664802,0.13953939,0.59905681,0.77272333,0.24017276,0.00000000
-2.86043022,1.14420905,0.00028974,0.09324631,0.14477076,0.57616026,0.74242063,0.22996564,0.00000000
-2.85442721,1.09987210,0.00028157,0.08972288,0.14948019,0.55261073,0.71173022,0.21964329,0.00000000
-2.84842421,1.05498727,0.00027372,0.08610002,0.15354626,0.52857284,0.68082568,0.20927876,0.00000000
-2.84242121,1.00975605,0.00026631,0.08239903,0.15685848,0.50420024,0.64985238,0.19893515,0.00000000
-2.83641821,0.96434907,0.00025943,0.07864049,0.15932126,0.47963694,0.61893213,0.18866670,0.00000000
-2.83041521,0.91891509,0.00025321,0.07484456,0.16085747,0.45501918,0.58816867,0.17852018,0.00000000
-2.82441221,0.87359044,0.00024783,0.07103132,0.16141138,0.43047748,0.55765370,0.16853657,0.00000000
-2.81840920,0.82850841,0.00024346,0.06722108,0.16095072,0.40613885,0.52747281,0.15875281,0.00000000
-2.81240620,0.78380788,0.00024035,0.06343469,0.15946807,0.38212883,0.49771110,0.14920350,0.00000000
-2.80640320,0.73964066,0.00023879,0.05969375,0.15698118,0.35857334,0.46845801,0.13992255,0.00000000
-2.80040020,0.69617727,0.00023913,0.05602073,0.15353248,0.33560004,0.43981129,0.13094451,0.00000000
-2.79439720,0.65361069,0.00024179,0.05243908,0.14918765,0.31333926,0.41187964,0.12230568,0.00000000
-2.78839420,0.61215807,0.00024725,0.04897313,0.14403350,0.29192432,0.38478419,0.11404479,0.00000000
-2.78239120,0.57206030,0.00025605,0.04564800,0.13817504,0.27149123,0.35865867,0.10620343,0.00000000
-2.77638819,0.53357968,0.00026880,0.04248933,0.13173213,0.25217783,0.33364829,0.09882600,0.00000000
-2.77038519,0.49699564,0.00028616,0.03952296,0.12483571,0.23412232,0.30990755,0.09195935,0.00000000
-2.76438219,0.46259915,0.00030882,0.03677455,0.11762385,0.21746129,0.28759713,0.08565215,0.00000000
-2.75837919,0.43068581,0.00033752,0.03426908,0.11023775,0.20232729,0.26687996,0.07995389,0.00000000
-2.75237619,0.40154820,0.00037298,0.03203038,0.10281796,0.18884613,0.24791687,0.07491376,0.00000000
-2.74637319,0.37546784,0.00041592,0.03008057,0.09550076,0.17713383,0.23086194,0.07057935,0.00000000
-2.74037019,0.35270706,0.00046702,0.02843950,0.08841509,0.16729354,0.21585769,0.06699519,0.00000000
-2.73436718,0.33350106,0.00052687,0.02712422,0.08167986,0.15941235,0.20303057,0.06420134,0.00000000
-2.72836418,0.31805064,0.00059599,0.02614847,0.07540184,0.15355820,0.19248666,0.06223197,0.00000000
-2.72236118,0.30651558,0.00067472,0.02552216,0.06967419,0.14977704,0.18430786,0.06111400,0.00000000
-2.71635818,0.29900913,0.00076326,0.02525096,0.06457545,0.14809016,0.17854866,0.06086582,0.00000000
-2.71035518,0.29559351,0.00086162,0.02533593,0.06016919,0.14849198,0.17523360,0.06149627,0.00000000
-2.70435218,0.29627664,0.00096955,0.02577326,0.05650401,0.15094825,0.17435547,0.06300374,0.00000000
-2.69834917,0.30101026,0.00108655,0.02655401,0.05361407,0.15539490,0.17587421,0.06537543,0.00000000
-2.69234617,0.30968923,0.00121188,0.02766409,0.05151984,0.16173741,0.17971669,0.06858702,0.00000000
-2.68634317,0.32215222,0.00134449,0.02908423,0.05022914,0.16985092,0.18577721,0.07260245,0.00000000
-2.68034017,0.33818369,0.00148304,0.03079016,0.04973829,0.17958116,0.19391879,0.07737401,0.00000000
-2.67433717,0.35751708,0.00162594,0.03275284,0.05003329,0.19074604,0.20397516,0.08284280,0.00000000
-2.66833417,0.37983915,0.00177132,0.03493887,0.05109108,0.20313814,0.21575347,0.08893931,0.00000000
-2.66233117,0.40479539,0.00191710,0.03731098,0.05288055,0.21652792,0.22903760,0.09558441,0.00000000
-2.65632816,0.43199629,0.00206102,0.03982867,0.05536356,0.23066765,0.24359194,0.10269048,0.00000000
-2.65032516,0.46102442,0.00220067,0.04244893,0.05849571,0.24529599,0.25916569,0.11016278,0.00000000
-2.64432216,0.49144191,0.00233361,0.04512701,0.06222698,0.26014312,0.27549739,0.11790101,0.00000000
-2.63831916,0.52279846,0.00245735,0.04781731,0.06650217,0.27493620,0.29231967,0.12580099,0.00000000
-2.63231616,0.55463920,0.00256953,0.05047423,0.07126120,0.28940505,0.30936407,0.13375639,0.00000000
-2.62631316,0.58651263,0.00266788,0.05305313,0.07643925,0.30328784,0.32636569,0.14166049,0.00000000
-2.62031016,0.61797804,0.00275038,0.05551113,0.08196688,0.31633658,0.34306768,0.14940794,0.00000000
-2.61430715,0.64861243,0.00281528,0.05780796,0.08777013,0.32832226,0.35922537,0.15689639,0.00000000
-2.60830415,0.67801656,0.00286120,0.05990669,0.09377057,0.33903943,0.37460987,0.16402802,0.00000000
-2.60230115,0.70582026,0.00288711,0.06177436,0.09988553,0.34830997,0.38901116,0.17071092,0.00000000
-2.59629815,0.73168653,0.00289243,0.06338247,0.10602850,0.35598613,0.40224056,0.17686023,0.00000000
-2.59029515,0.75531479,0.00287704,0.06470742,0.11210964,0.36195255,0.41413258,0.18239918,0.00000000
-2.58429215,0.77644296,0.00284123,0.06573066,0.11803662,0.36612737,0.42454603,0.18725982,0.00000000
-2.57828914,0.79484867,0.00278575,0.06643890,0.12371569,0.36846235,0.43336466,0.19138364,0.00000000
-2.57228614,0.81034953,0.00271178,0.06682401,0.12905299,0.36894206,0.44049714,0.19472198,0.00000000
-2.56628314,0.82280274,0.00262084,0.06688293,0.13395623,0.36758230,0.44587664,0.19723633,0.00000000
-2.56028014,0.83210408,0.00251478,0.06661743,0.13833644,0.36442779,0.44945997,0.19889843,0.00000000
-2.55427714,0.83818652,0.00239569,0.06603382,0.14210998,0.35954932,0.45122649,0.19969033,0.00000000
-2.54827414,0.84101852,0.00226587,0.06514254,0.14520066,0.35304049,0.45117679,0.19960435,0.00000000
-2.54227114,0.84060223,0.00212769,0.06395781,0.14754181,0.34501423,0.44933130,0.19864298,0.00000000
-2.53626813,0.83697166,0.00198360,0.06249713,0.14907826,0.33559920,0.44572880,0.19681868,0.00000000
-2.53026513,0.83019076,0.00183599,0.06078090,0.14976819,0.32493625,0.44042498,0.19415361,0.00000000
-2.52426213,0.82035170,0.00168716,0.05883194,0.14958462,0.31317500,0.43349098,0.19067937,0.00000000
-2.51825913,0.80757308,0.00153927,0.05667505,0.14851655,0.30047064,0.42501203,0.18643652,0.00000000
-2.51225613,0.79199817,0.00139425,0.05433659,0.14656963,0.28698101,0.41508604,0.18147410,0.00000000
-2.50625313,0.77379310,0.00125383,0.05184409,0.14376633,0.27286400,0.40382224,0.17584896,0.00000000
-2.50025013,0.75314497,0.00111945,0.04922578,0.14014555,0.25827521,0.39133979,0.16962498,0.00000000
-2.49424712,0.73025970,0.00099230,0.04651025,0.13576168,0.24336596,0.37776632,0.16287214,0.00000000
-2.48824412,0.70535979,0.00087328,0.04372601,0.13068319,0.22828155,0.36323636,0.15566541,0.00000000
-2.48224112,0.67868173,0.00076301,0.04090115,0.12499066,0.21315980,0.34788981,0.14808361,0.00000000
-2.47623812,0.65047315,0.00066188,0.03806294,0.11877454,0.19812972,0.33187014,0.14020799,0.00000000
-2.47023512,0.62098982,0.00057003,0.03523748,0.11213249,0.18331054,0.31532264,0.13212091,0.00000000
-2.46423212,0.59049234,0.00048740,0.03244933,0.10516666,0.16881077,0.29839254,0.12390435,0.00000000
-2.45822911,0.55924276,0.00041375,0.02972124,0.09798081,0.15472752,0.28122316,0.11563846,0.00000000
-2.45222611,0.52750114,0.00034872,0.02707382,0.09067756,0.14114597,0.26395403,0.10740020,0.00000000
-2.44622311,0.49552215,0.00029179,0.02452532,0.08335576,0.12813900,0.24671916,0.09926202,0.00000000
-2.44022011,0.46355174,0.00024241,0.02209146,0.07610812,0.11576703,0.22964531,0.09129074,0.00000000
-2.43421711,0.43182412,0.00019994,0.01978525,0.06901925,0.10407801,0.21285057,0.08354658,0.00000000
-2.42821411,0.40055899,0.00016373,0.01761697,0.06216404,0.09310762,0.19644305,0.07608240,0.00000000
-2.42221111,0.36995916,0.00013312,0.01559416,0.05560650,0.08287973,0.18051987,0.06894320,0.00000000
-2.41620810,0.34020858,0.00010746,0.01372165,0.04939907,0.07340695,0.16516642,0.06216585,0.00000000
-2.41020510,0.31147089,0.00008614,0.01200173,0.04358241,0.06469146,0.15045588,0.05577905,0.00000000
-2.40420210,0.28388839,0.00006856,0.01043433,0.03818551,0.05672598,0.13644905,0.04980354,0.00000000
-2.39819910,0.25758156,0.00005421,0.00901727,0.03322626,0.04949487,0.12319441,0.04425251,0.00000000
-2.39219610,0.23264905,0.00004259,0.00774652,0.02871231,0.04297540,0.11072853,0.03913218,0.00000000
-2.38619310,0.20916816,0.00003328,0.00661652,0.02464216,0.03713910,0.09907666,0.03444259,0.00000000
-2.38019010,0.18719570,0.00002589,0.00562058,0.02100646,0.03195311,0.08825349,0.03017838,0.00000000
-2.37418709,0.16676942,0.00002012,0.00475113,0.01778937,0.02738170,0.07826425,0.02632983,0.00000000
-2.36818409,0.14790961,0.00001568,0.00400015,0.01497003,0.02338761,0.06910579,0.02288380,0.00000000
-2.36218109,0.13062125,0.00001237,0.00335948,0.01252394,0.01993352,0.06076791,0.01982480,0.00000000
-2.35617809,0.11489633,0.00001001,0.00282116,0.01042440,0.01698338,0.05323470,0.01713598,0.00000000
-2.35017509,0.10071646,0.00000848,0.00237772,0.00864373,0.01450366,0.04648609,0.01480019,0.00000000
-2.34417209,0.08805573,0.00000769,0.00202248,0.00715442,0.01246462,0.04049925,0.01280092,0.00000000
-2.33816908,0.07688367,0.00000761,0.00174979,0.00593018,0.01084136,0.03525019,0.01112320,0.00000000
-2.33216608,0.06716839,0.00000826,0.00155524,0.00494682,0.00961486,0.03071525,0.00975454,0.00000000
-2.32616308,0.05887968,0.00000968,0.00143585,0.00418291,0.00877282,0.02687259,0.00868566,0.00000000
-2.32016008,0.05199214,0.00001197,0.00139024,0.00362047,0.00831052,0.02370362,0.00791124,0.00000000
-2.31415708,0.04648821,0.00001531,0.00141872,0.00324533,0.00823141,0.02119429,0.00743055,0.00000000
-2.30815408,0.04236096,0.00001990,0.00152335,0.00304754,0.00854760,0.01933638,0.00724797,0.00000000
-2.30215108,0.03961666,0.00002602,0.00170800,0.00302157,0.00928023,0.01812843,0.00737345,0.00000000
-2.29614807,0.03827692,0.00003403,0.00197830,0.00316646,0.01045959,0.01757663,0.00782279,0.00000000
-2.29014507,0.03838035,0.00004436,0.00234161,0.00348584,0.01212501,0.01769538,0.00861779,0.00000000
-2.28414207,0.03998366,0.00005754,0.00280683,0.00398788,0.01432456,0.01850753,0.00978619,0.00000000
-2.27813907,0.04316197,0.00007417,0.00338426,0.00468516,0.01711432,0.02004437,0.01136153,0.00000000
-2.27213607,0.04800837,0.00009499,0.00408528,0.00559439,0.02055744,0.02234513,0.01338262,0.00000000
-2.26613307,0.05463253,0.00012081,0.00492208,0.00673609,0.02472274,0.02545614,0.01589285,0.00000000
-2.26013007,0.06315833,0.00015257,0.00590717,0.00813410,0.02968292,0.02942949,0.01893925,0.00000000
-2.25412706,0.07372044,0.00019132,0.00705293,0.00981501,0.03551239,0.03432125,0.02257121,0.00000000
-2.24812406,0.08645980,0.00023820,0.00837103,0.01180739,0.04228464,0.04018923,0.02683890,0.00000000
-2.24212106,0.10151813,0.00029444,0.00987182,0.01414093,0.05006921,0.04709026,0.03179143,0.00000000
-2.23611806,0.11903132,0.00036135,0.01156362,0.01684541,0.05892836,0.05507716,0.03747477,0.00000000
-2.23011506,0.13912212,0.00044030,0.01345207,0.01994956,0.06891341,0.06419525,0.04392935,0.00000000
-2.22411206,0.16189200,0.00053264,0.01553938,0.02347971,0.08006099,0.07447875,0.05118762,0.00000000
-2.21810905,0.18741264,0.00063974,0.01782368,0.02745843,0.09238914,0.08594696,0.05927136,0.00000000
-2.21210605,0.21571724,0.00076287,0.02029839,0.03190302,0.10589362,0.09860056,0.06818911,0.00000000
-2.20610305,0.24679207,0.00090319,0.02295171,0.03682401,0.12054448,0.11241803,0.07793367,0.00000000
-2.20010005,0.28056858,0.00106166,0.02576621,0.04222367,0.13628310,0.12735251,0.08847976,0.00000000
-2.19409705,0.31691651,0.00123902,0.02871866,0.04809457,0.15301993,0.14332914,0.09978217,0.00000000
-2.18809405,0.35563852,0.00143569,0.03177997,0.05441834,0.17063302,0.16024324,0.11177422,0.00000000
-2.18209105,0.39646658,0.00165171,0.03491541,0.06116460,0.18896766,0.17795934,0.12436697,0.00000000
-2.17608804,0.43906074,0.00188672,0.03808503,0.06829024,0.20783712,0.19631131,0.13744911,0.00000000
-2.17008504,0.48301032,0.00213985,0.04124440,0.07573901,0.22702464,0.21510365,0.15088756,0.00000000
-2.16408204,0.52783809,0.00240975,0.04434547,0.08344156,0.24628672,0.23411406,0.16452908,0.00000000
-2.15807904,0.57300720,0.00269454,0.04733777,0.09131594,0.26535770,0.25309727,0.17820266,0.00000000
-2.15207604,0.61793129,0.00299181,0.05016968,0.09926861,0.28395554,0.27179004,0.19172281,0.00000000
-2.14607304,0.66198717,0.00329863,0.05278992,0.10719596,0.30178856,0.28991743,0.20489370,0.00000000
-2.14007004,0.70453030,0.00361163,0.05514910,0.11498631,0.31856316,0.30719985,0.21751395,0.00000000
-2.13406703,0.74491219,0.00392707,0.05720127,0.12252238,0.33399197,0.32336101,0.22938207,0.00000000
-2.12806403,0.78249955,0.00424090,0.05890543,0.12968417,0.34780241,0.33813624,0.24030217,0.00000000
-2.12206103,0.81669424,0.00454892,0.06022696,0.13635211,0.35974503,0.35128101,0.25009001,0.00000000
-2.11605803,0.84695350,0.00484688,0.06113882,0.14241043,0.36960158,0.36257926,0.25857883,0.00000000
-2.11005503,0.87280952,0.00513070,0.06162253,0.14775064,0.37719221,0.37185125,0.26562506,0.00000000
-2.10405203,0.89388753,0.00539656,0.06166885,0.15227482,0.38238167,0.37896046,0.27111332,0.00000000
-2.09804902,0.90992171,0.00564113,0.06127820,0.15589885,0.38508406,0.38381946,0.27496083,0.00000000
-2.09204602,0.92076808,0.00586168,0.06046061,0.15855525,0.38526614,0.38639417,0.27712080,0.00000000
-2.08604302,0.92641376,0.00605629,0.05923549,0.16019543,0.38294873,0.38670663,0.27758463,0.00000000
-2.08004002,0.92698208,0.00622393,0.05763094,0.16079158,0.37820649,0.38483581,0.27638304,0.00000000
-2.07403702,0.92273320,0.00636456,0.05568280,0.16033764,0.37116578,0.38091661,0.27358574,0.00000000
-2.06803402,0.91405998,0.00647924,0.05343353,0.15884978,0.36200083,0.37513692,0.26929988,0.00000000
-2.06203102,0.90147921,0.00657012,0.05093073,0.15636593,0.35092844,0.36773285,0.26366719,0.00000000
-2.05602801,0.88561824,0.00664042,0.04822569,0.15294470,0.33820123,0.35898229,0.25685997,0.00000000
-2.05002501,0.86719754,0.00669437,0.04537176,0.14866356,0.32410000,0.34919692,0.24907600,0.00000000
-2.04402201,0.84700954,0.00673711,0.04242280,0.14361635,0.30892520,0.33871310,0.24053262,0.00000000
-2.03801901,0.82589457,0.00677453,0.03943160,0.13791038,0.29298817,0.32788176,0.23146022,0.00000000
-2.03201601,0.80471466,0.00681303,0.03644855,0.13166304,0.27660224,0.31705779,0.22209526,0.00000000
-2.02601301,0.78432600,0.00685939,0.03352037,0.12499816,0.26007408,0.30658914,0.21267315,0.00000000
-2.02001001,0.76555119,0.00692044,0.03068906,0.11804236,0.24369573,0.29680616,0.20342133,0.00000000
-2.01400700,0.74915203,0.00700282,0.02799119,0.11092135,0.22773734,0.28801142,0.19455258,0.00000000
-2.00800400,0.73580405,0.00711277,0.02545727,0.10375645,0.21244107,0.28047033,0.18625900,0.00000000
-2.00200100,0.72607350,0.00725581,0.02311149,0.09666141,0.19801618,0.27440302,0.17870670,0.00000000
-1.99599800,0.72039784,0.00743657,0.02097165,0.08973971,0.18463535,0.26997763,0.17203157,0.00000000
-1.98999500,0.71907033,0.00765859,0.01904934,0.08308227,0.17243252,0.26730523,0.16633598,0.00000000
-1.98399200,0.72222954,0.00792419,0.01735026,0.07676587,0.16150199,0.26643671,0.16168686,0.00000000
-1.97798899,0.72985398,0.00823435,0.01587477,0.07085201,0.15189894,0.26736151,0.15811490,0.00000000
-1.97198599,0.74176254,0.00858873,0.01461853,0.06538650,0.14364109,0.27000852,0.15561511,0.00000000
-1.96598299,0.75762043,0.00898567,0.01357331,0.06039959,0.13671162,0.27424898,0.15414864,0.00000000
-1.95997999,0.77695089,0.00942235,0.01272778,0.05590668,0.13106291,0.27990129,0.15364569,0.00000000
-1.95397699,0.79915213,0.00989489,0.01206843,0.05190941,0.12662120,0.28673776,0.15400969,0.00000000
-1.94797399,0.82351907,0.01039862,0.01158048,0.04839732,0.12329178,0.29449286,0.15512223,0.00000000
-1.94197099,0.84926921,0.01092830,0.01124878,0.04534967,0.12096465,0.30287294,0.15684895,0.00000000
-1.93596798,0.87557162,0.01147848,0.01105866,0.04273758,0.11952039,0.31156682,0.15904587,0.00000000
-1.92996498,0.90157806,0.01204374,0.01099679,0.04052627,0.11883603,0.32025718,0.16156612,0.00000000
-1.92396198,0.92645502,0.01261903,0.01105193,0.03867731,0.11879080,0.32863206,0.16426685,0.00000000
-1.91795898,0.94941551,0.01319995,0.01121562,0.03715081,0.11927148,0.33639616,0.16701587,0.00000000
-1.91195598,0.96974918,0.01378302,0.01148277,0.03590753,0.12017738,0.34328160,0.16969806,0.00000000
-1.90595298,0.98684968,0.01436583,0.01185217,0.03491067,0.12142457,0.34905751,0.17222105,0.00000000
-1.89994997,1.00023808,0.01494717,0.01232687,0.03412748,0.12294948,0.35353825,0.17452009,0.00000000
-1.89394697,1.00958134,0.01552711,0.01291440,0.03353047,0.12471165,0.35658987,0.17656195,0.00000000
-1.88794397,1.01470510,0.01610689,0.01362693,0.03309831,0.12669567,0.35813455,0.17834753,0.00000000
-1.88194097,1.01560027,0.01668881,0.01448124,0.03281634,0.12891221,0.35815288,0.17991327,0.00000000
-1.87593797,1.01242317,0.01727599,0.01549852,0.03267665,0.13139832,0.35668392,0.18133115,0.00000000
-1.86993497,1.00548922,0.01787208,0.01670414,0.03267787,0.13421684,0.35382310,0.18270731,0.00000000
-1.86393197,0.99526069,0.01848088,0.01812713,0.03282454,0.13745527,0.34971796,0.18417936,0.00000000
-1.85792896,0.98232885,0.01910593,0.01979964,0.03312620,0.14122388,0.34456218,0.18591251,0.00000000
-1.85192596,0.96739171,0.01975007,0.02175623,0.03359616,0.14565357,0.33858804,0.18809451,0.00000000
-1.84592296,0.95122817,0.02041504,0.02403304,0.03425017,0.15089321,0.33205767,0.19092981,0.00000000
-1.83991996,0.93466982,0.02110107,0.02666694,0.03510476,0.15710692,0.32525366,0.19463299,0.00000000
-1.83391696,0.91857174,0.02180657,0.02969454,0.03617571,0.16447121,0.31846923,0.19942185,0.00000000
-1.82791396,0.90378350,0.02252784,0.03315126,0.03747637,0.17317209,0.31199859,0.20551028,0.00000000
-1.82191096,0.89112153,0.02325900,0.03707032,0.03901615,0.18340229,0.30612777,0.21310132,0.00000000
-1.81590795,0.88134404,0.02399189,0.04148186,0.04079909,0.19535854,0.30112621,0.22238062,0.00000000
-1.80990495,0.87512929,0.02471621,0.04641201,0.04282274,0.20923888,0.29723957,0.23351047,0.00000000
-1.80390195,0.87305800,0.02541975,0.05188218,0.04507726,0.22524001,0.29468381,0.24662470,0.00000000
-1.79789895,0.87560025,0.02608872,0.05790839,0.04754492,0.24355454,0.29364065,0.26182461,0.00000000
-1.79189595,0.88310720,0.02670822,0.06450077,0.05019998,0.26436801,0.29425462,0.27917587,0.00000000
-1.78589295,0.89580739,0.02726279,0.07166319,0.05300892,0.28785557,0.29663147,0.29870674,0.00000000
-1.77988994,0.91380762,0.02773697,0.07939309,0.05593124,0.31417819,0.30083790,0.32040729,0.00000000
-1.77388694,0.93709767,0.02811597,0.08768138,0.05892050,0.34347830,0.30690252,0.34422984,0.00000000
-1.76788394,0.96555846,0.02838628,0.09651259,0.06192589,0.37587467,0.31481774,0.37009032,0.00000000
-1.76188094,0.99897280,0.02853627,0.10586502,0.06489401,0.41145671,0.32454239,0.39787047,0.00000000
-1.75587794,1.03703800,0.02855671,0.11571106,0.06777105,0.45027806,0.33600484,0.42742079,0.00000000
-1.74987494,1.07937952,0.02844121,0.12601759,0.07050504,0.49234965,0.34910648,0.45856387,0.00000000
-1.74387194,1.12556497,0.02818656,0.13674638,0.07304822,0.53763255,0.36372521,0.49109806,0.00000000
-1.73786893,1.17511774,0.02779288,0.14785455,0.07535947,0.58603067,0.37971887,0.52480120,0.00000000
-1.73186593,1.22752973,0.02726371,0.15929503,0.07740652,0.63738401,0.39692857,0.55943423,0.00000000
-1.72586293,1.28227277,0.02660593,0.17101698,0.07916800,0.69146261,0.41518168,0.59474461,0.00000000
-1.71985993,1.33880846,0.02582949,0.18296627,0.08063513,0.74796186,0.43429453,0.63046941,0.00000000
-1.71385693,1.39659631,0.02494712,0.19508588,0.08181302,0.80649960,0.45407494,0.66633797,0.00000000
-1.70785393,1.45510019,0.02397388,0.20731634,0.08272151,0.86661546,0.47432441,0.70207423,0.00000000
-1.70185093,1.51379328,0.02292661,0.21959613,0.08339539,0.92777289,0.49484023,0.73739865,0.00000000
-1.69584792,1.57216170,0.02182338,0.23186216,0.08388414,0.98936409,0.51541749,0.77202991,0.00000000
-1.68984492,1.62970715,0.02068289,0.24405024,0.08425103,1.05071816,0.53585116,0.80568643,0.00000000
-1.68384192,1.68594888,0.01952386,0.25609568,0.08457171,1.11111229,0.55593819,0.83808782,0.00000000
-1.67783892,1.74042534,0.01836447,0.26793384,0.08493224,1.16978607,0.57547977,0.86895645,0.00000000
-1.67183592,1.79269580,0.01722183,0.27950083,0.08542664,1.22595834,0.59428381,0.89801927,0.00000000
-1.66583292,1.84234211,0.01611155,0.29073426,0.08615411,1.27884626,0.61216753,0.92500992,0.00000000
-1.65982991,1.88897096,0.01504735,0.30157398,0.08721588,1.32768584,0.62896016,0.94967121,0.00000000
-1.65382691,1.93221643,0.01404079,0.31196293,0.08871196,1.37175319,0.64450575,0.97175808,0.00000000
-1.64782391,1.97174313,0.01310112,0.32184788,0.09073772,1.41038556,0.65866588,0.99104097,0.00000000
-1.64182091,2.00724964,0.01223514,0.33118021,0.09338058,1.44300135,0.67132221,1.00730954,0.00000000
-1.63581791,2.03847209,0.01144728,0.33991657,0.09671676,1.46911808,0.68237876,1.02037665,0.00000000
-1.62981491,2.06518793,0.01073962,0.34801943,0.10080838,1.48836762,0.69176371,1.03008248,0.00000000
-1.62381191,2.08721925,0.01011209,0.35545752,0.10570083,1.50050790,0.69943071,1.03629862,0.00000000
-1.61780890,2.10443586,0.00956267,0.36220608,0.11142066,1.50543048,0.70535949,1.03893191,0.00000000
-1.61180590,2.11675748,0.00908766,0.36824690,0.11797385,1.50316380,0.70955584,1.03792789,0.00000000
-1.60580290,2.12415524,0.00868195,0.37356830,0.12534479,1.49387175,0.71205073,1.03327364,0.00000000
-1.59979990,2.12665208,0.00833932,0.37816480,0.13349579,1.47784778,0.71289879,1.02499985,0.00000000
-1.59379690,2.12432208,0.00805276,0.38203672,0.14236720,1.45550476,0.71217605,1.01318196,0.00000000
-1.58779390,2.11728874,0.00781475,0.38518965,0.15187822,1.42736102,0.70997713,0.99794022,0.00000000
-1.58179090,2.10572220,0.00761754,0.38763381,0.16192823,1.39402331,0.70641185,0.97943877,0.00000000
-1.57578789,2.08983549,0.00745340,0.38938335,0.17239881,1.35616731,0.70160162,0.95788346,0.00000000
-1.56978489,2.06988011,0.00731484,0.39045565,0.18315617,1.31451668,0.69567559,0.93351859,0.00000000
-1.56378189,2.04614094,0.00719482,0.39087057,0.19405405,1.26982133,0.68876682,0.90662270,0.00000000
-1.55777889,2.01893080,0.00708689,0.39064980,0.20493703,1.22283597,0.68100865,0.87750328,0.00000000
-1.55177589,1.98858490,0.00698536,0.38981624,0.21564407,1.17429964,0.67253136,0.84649087,0.00000000
-1.54577289,1.95545530,0.00688537,0.38839345,0.22601219,1.12491698,0.66345938,0.81393247,0.00000000
-1.53976988,1.91990572,0.00678299,0.38640517,0.23588027,1.07534186,0.65390905,0.78018468,0.00000000
-1.53376688,1.88230665,0.00667526,0.38387497,0.24509270,1.02616378,0.64398702,0.74560662,0.00000000
-1.52776388,1.84303115,0.00656023,0.38082595,0.25350300,0.97789752,0.63378941,0.71055310,0.00000000
-1.52176088,1.80245121,0.00643700,0.37728051,0.26097704,0.93097600,0.62340166,0.67536803,0.00000000
-1.51575788,1.76093484,0.00630566,0.37326025,0.26739602,0.88574657,0.61289905,0.64037854,0.00000000
-1.50975488,1.71884381,0.00616732,0.36878589,0.27265898,0.84247048,0.60234782,0.60588975,0.00000000
-1.50375188,1.67653207,0.00602405,0.36387727,0.27668485,0.80132536,0.59180677,0.57218058,0.00000000
-1.49774887,1.63434466,0.00587883,0.35855343,0.27941396,0.76241037,0.58132924,0.53950057,0.00000000
-1.49174587,1.59261702,0.00573549,0.35283270,0.28080902,0.72575355,0.57096527,0.50806784,0.00000000
-1.48574287,1.55167454,0.00559859,0.34673289,0.28085554,0.69132097,0.56076383,0.47806803,0.00000000
-1.47973987,1.51183217,0.00547338,0.34027146,0.27956166,0.65902708,0.55077486,0.44965449,0.00000000
-1.47373687,1.47339374,0.00536562,0.33346578,0.27695752,0.62874578,0.54105104,0.42294918,0.00000000
-1.46773387,1.43665102,0.00528144,0.32633338,0.27309406,0.60032179,0.53164910,0.39804448,0.00000000
-1.46173087,1.40188203,0.00522725,0.31889222,0.26804141,0.57358161,0.52263048,0.37500557,0.00000000
-1.45572786,1.36934871,0.00520946,0.31116096,0.26188693,0.54834392,0.51406141,0.35387303,0.00000000
-1.44972486,1.33929356,0.00523439,0.30315926,0.25473276,0.52442884,0.50601202,0.33466575,0.00000000
-1.44372186,1.31193541,0.00530803,0.29490793,0.24669333,0.50166584,0.49855486,0.31738359,0.00000000
-1.43771886,1.28746417,0.00543580,0.28642920,0.23789243,0.47990016,0.49176250,0.30200985,0.00000000
-1.43171586,1.26603471,0.00562243,0.27774683,0.22846034,0.45899745,0.48570447,0.28851326,0.00000000
-1.42571286,1.24776016,0.00587168,0.26888612,0.21853083,0.43884680,0.48044366,0.27684944,0.00000000
-1.41970985,1.23270472,0.00618620,0.25987397,0.20823819,0.41936205,0.47603226,0.26696176,0.00000000
-1.41370685,1.22087658,0.00656739,0.25073879,0.19771432,0.40048158,0.47250757,0.25878164,0.00000000
-1.40770385,1.21222125,0.00701522,0.24151033,0.18708612,0.38216681,0.46988778,0.25222838,0.00000000
-1.40170085,1.20661590,0.00752816,0.23221947,0.17647293,0.36439953,0.46816819,0.24720856,0.00000000
-1.39569785,1.20386523,0.00810319,0.22289802,0.16598442,0.34717851,0.46731793,0.24361532,0.00000000
-1.38969485,1.20369931,0.00873576,0.21357845,0.15571879,0.33051557,0.46727764,0.24132764,0.00000000
-1.38369185,1.20577408,0.00941990,0.20429361,0.14576127,0.31443142,0.46795818,0.24020983,0.00000000
-1.37768884,1.20967469,0.01014837,0.19507653,0.13618321,0.29895162,0.46924073,0.24011147,0.00000000
-1.37168584,1.21492201,0.01091285,0.18596024,0.12704152,0.28410292,0.47097825,0.24086795,0.00000000
-1.36568284,1.22098251,0.01170424,0.17697771,0.11837852,0.26991004,0.47299851,0.24230181,0.00000000
-1.35967984,1.22728135,0.01251297,0.16816179,0.11022235,0.25639329,0.47510857,0.24422487,0.00000000
-1.35367684,1.23321846,0.01332937,0.15954537,0.10258768,0.24356692,0.47710064,0.24644128,0.00000000
-1.34767384,1.23818704,0.01414407,0.15116152,0.09547685,0.23143834,0.47875918,0.24875135,0.00000000
-1.34167084,1.24159404,0.01494843,0.14304386,0.08888130,0.22000814,0.47986882,0.25095611,0.00000000
-1.33566783,1.24288159,0.01573490,0.13522686,0.08278324,0.20927096,0.48022292,0.25286236,0.00000000
-1.32966483,1.24154857,0.01649744,0.12774636,0.07715751,0.19921680,0.47963227,0.25428813,0.00000000
-1.32366183,1.23717125,0.01723179,0.12063997,0.07197350,0.18983293,0.47793354,0.25506802,0.00000000
-1.31765883,1.22942200,0.01793576,0.11394752,0.06719711,0.18110603,0.47499702,0.25505844,0.00000000
-1.31165583,1.21808509,0.01860934,0.10771149,0.06279262,0.17302434,0.47073327,0.25414228,0.00000000
-1.30565283,1.20306858,0.01925475,0.10197721,0.05872441,0.16557982,0.46509826,0.25223274,0.00000000
-1.29964982,1.18441179,0.01987638,0.09679305,0.05495849,0.15876982,0.45809674,0.24927624,0.00000000
-1.29364682,1.16228749,0.02048055,0.09221028,0.05146379,0.15259851,0.44978359,0.24525411,0.00000000
-1.28764382,1.13699887,0.02107520,0.08828272,0.04821314,0.14707755,0.44026295,0.24018295,0.00000000
-1.28164082,1.10897100,0.02166947,0.08506616,0.04518393,0.14222622,0.42968532,0.23411369,0.00000000
-1.27563782,1.07873711,0.02227311,0.08261737,0.04235849,0.13807078,0.41824249,0.22712936,0.00000000
-1.26963482,1.04692022,0.02289591,0.08099285,0.03972415,0.13464325,0.40616067,0.21934158,0.00000000
-1.26363182,1.01421079,0.02354704,0.08024723,0.03727302,0.13197942,0.39369200,0.21088607,0.00000000
-1.25762881,0.98134129,0.02423436,0.08043140,0.03500152,0.13011646,0.38110490,0.20191729,0.00000000
-1.25162581,0.94905890,0.02496379,0.08159030,0.03290969,0.12909001,0.36867368,0.19260248,0.00000000
-1.24562281,0.91809737,0.02573874,0.08376060,0.03100042,0.12893103,0.35666785,0.18311541,0.00000000
-1.23961981,0.88914919,0.02655958,0.08696815,0.02927846,0.12966257,0.34534154,0.17363007,0.00000000
-1.23361681,0.86283950,0.02742335,0.09122548,0.02774948,0.13129655,0.33492371,0.16431459,0.00000000
-1.22761381,0.83970247,0.02832349,0.09652932,0.02641908,0.13383080,0.32560933,0.15532558,0.00000000
-1.22161081,0.82016142,0.02924984,0.10285830,0.02529187,0.13724656,0.31755201,0.14680327,0.00000000
-1.21560780,0.80451323,0.03018876,0.11017105,0.02437064,0.14150642,0.31085845,0.13886743,0.00000000
-1.20960480,0.79291781,0.03112349,0.11840465,0.02365562,0.14655299,0.30558471,0.13161421,0.00000000
-1.20360180,0.78539280,0.03203461,0.12747377,0.02314394,0.15230840,0.30173467,0.12511420,0.00000000
-1.19759880,0.78181384,0.03290071,0.13727037,0.02282925,0.15867452,0.29926049,0.11941141,0.00000000
-1.19159580,0.78192010,0.03369913,0.14766429,0.02270153,0.16553413,0.29806515,0.11452338,0.00000000
-1.18559280,0.78532501,0.03440683,0.15850466,0.02274703,0.17275292,0.29800681,0.11044230,0.00000000
-1.17958979,0.79153147,0.03500131,0.16962210,0.02294850,0.18018231,0.29890489,0.10713699,0.00000000
-1.17358679,0.79995097,0.03546145,0.18083192,0.02328552,0.18766302,0.30054748,0.10455567,0.00000000
-1.16758379,0.80992596,0.03576843,0.19193804,0.02373501,0.19502922,0.30269981,0.10262939,0.00000000
-1.16158079,0.82075431,0.03590648,0.20273764,0.02427185,0.20211323,0.30511342,0.10127586,0.00000000
-1.15557779,0.83171513,0.03586357,0.21302647,0.02486971,0.20875048,0.30753560,0.10040366,0.00000000
-1.14957479,0.84209487,0.03563187,0.22260446,0.02550178,0.21478465,0.30971887,0.09991655,0.00000000
-1.14357179,0.85121274,0.03520813,0.23128164,0.02614177,0.22007273,0.31142994,0.09971778,0.00000000
-1.13756878,0.85844460,0.03459386,0.23888400,0.02676469,0.22448981,0.31245802,0.09971420,0.00000000
-1.13156578,0.86324431,0.03379522,0.24525901,0.02734779,0.22793348,0.31262203,0.09982007,0.00000000
-1.12556278,0.86516196,0.03282291,0.25028080,0.02787134,0.23032753,0.31177663,0.09996045,0.00000000
-1.11955978,0.86385832,0.03169170,0.25385442,0.02831932,0.23162493,0.30981671,0.10007399,0.00000000
-1.11355678,0.85911498,0.03042000,0.25591929,0.02868001,0.23180981,0.30668035,0.10011518,0.00000000
-1.10755378,0.85083999,0.02902914,0.25645146,0.02894642,0.23089848,0.30235010,0.10005579,0.00000000
-1.10155078,0.83906875,0.02754272,0.25546463,0.02911653,0.22893929,0.29685263,0.09988564,0.00000000
-1.09554777,0.82396038,0.02598581,0.25300994,0.02919333,0.22601147,0.29025680,0.09961261,0.00000000
-1.08954477,0.80578953,0.02438417,0.24917430,0.02918471,0.22222276,0.28267022,0.09926184,0.00000000
-1.08354177,0.78493426,0.02276349,0.24407756,0.02910309,0.21770613,0.27423453,0.09887427,0.00000000
-1.07753877,0.76186041,0.02114867,0.23786844,0.02896490,0.21261545,0.26511954,0.09850451,0.00000000
-1.07153577,0.73710301,0.01956317,0.23071946,0.02878992,0.20712051,0.25551652,0.09821804,0.00000000
-1.06553277,0.71124571,0.01802846,0.22282106,0.02860038,0.20140134,0.24563092,0.09808804,0.00000000
-1.05952976,0.68489877,0.01656355,0.21437511,0.02842003,0.19564221,0.23567468,0.09819177,0.00000000
-1.05352676,0.65867670,0.01518466,0.20558817,0.02827313,0.19002539,0.22585867,0.09860680,0.00000000
-1.04752376,0.63317623,0.01390497,0.19666464,0.02818337,0.18472506,0.21638516,0.09940714,0.00000000
-1.04152076,0.60895556,0.01273448,0.18780017,0.02817282,0.17990145,0.20744100,0.10065942,0.00000000
-1.03551776,0.58651558,0.01168001,0.17917557,0.02826095,0.17569556,0.19919147,0.10241944,0.00000000
-1.02951476,0.56628378,0.01074527,0.17095136,0.02846376,0.17222460,0.19177503,0.10472906,0.00000000
-1.02351176,0.54860144,0.00993098,0.16326333,0.02879303,0.16957844,0.18529936,0.10761366,0.00000000
-1.01750875,0.53371450,0.00923510,0.15621909,0.02925580,0.16781700,0.17983850,0.11108034,0.00000000
-1.01150575,0.52176847,0.00865310,0.14989578,0.02985400,0.16696902,0.17543142,0.11511692,0.00000000
-1.00550275,0.51280742,0.00817826,0.14433907,0.03058441,0.16703196,0.17208195,0.11969177,0.00000000
-0.99949975,0.50677711,0.00780203,0.13956325,0.03143877,0.16797321,0.16976004,0.12475463,0.00000000
-0.99349675,0.50353206,0.00751438,0.13555262,0.03240420,0.16973260,0.16840428,0.13023834,0.00000000
-0.98749375,0.50284619,0.00730413,0.13226384,0.03346385,0.17222592,0.16792558,0.13606136,0.00000000
-0.98149075,0.50442643,0.00715937,0.12962925,0.03459772,0.17534955,0.16821183,0.14213114,0.00000000
-0.97548774,0.50792896,0.00706780,0.12756101,0.03578373,0.17898584,0.16913335,0.14834812,0.00000000
-0.96948474,0.51297700,0.00701704,0.12595567,0.03699887,0.18300899,0.17054885,0.15461015,0.00000000
-0.96348174,0.51917959,0.00699497,0.12469924,0.03822045,0.18729126,0.17231165,0.16081721,0.00000000
-0.95747874,0.52615045,0.00699004,0.12367233,0.03942735,0.19170920,0.17427599,0.16687607,0.00000000
-0.95147574,0.53352599,0.00699149,0.12275518,0.04060130,0.19614950,0.17630299,0.17270484,0.00000000
-0.94547274,0.54098174,0.00698958,0.12183248,0.04172797,0.20051430,0.17826612,0.17823694,0.00000000
-0.93946973,0.54824638,0.00697580,0.12079769,0.04279794,0.20472557,0.18005592,0.18342439,0.00000000
-0.93346673,0.55511272,0.00694296,0.11955677,0.04380748,0.20872846,0.18158376,0.18824026,0.00000000
-0.92746373,0.56144522,0.00688533,0.11803113,0.04475899,0.21249334,0.18278443,0.19267998,0.00000000
-0.92146073,0.56718348,0.00679865,0.11615980,0.04566122,0.21601640,0.18361765,0.19676149,0.00000000
-0.91545773,0.57234186,0.00668015,0.11390074,0.04652913,0.21931889,0.18406812,0.20052422,0.00000000
-0.90945473,0.57700498,0.00652848,0.11123125,0.04738344,0.22244487,0.18414457,0.20402678,0.00000000
-0.90345173,0.58131961,0.00634369,0.10814759,0.04824986,0.22545770,0.18387746,0.20734369,0.00000000
-0.89744872,0.58548318,0.00612705,0.10466387,0.04915806,0.22843543,0.18331581,0.21056101,0.00000000
-0.89144572,0.58972976,0.00588093,0.10081021,0.05014041,0.23146528,0.18252317,0.21377143,0.00000000
-0.88544272,0.59431412,0.00560864,0.09663050,0.05123051,0.23463769,0.18157307,0.21706878,0.00000000
-0.87943972,0.59949493,0.00531425,0.09217971,0.05246170,0.23804003,0.18054413,0.22054253,0.00000000
-0.87343672,0.60551785,0.00500238,0.08752103,0.05386542,0.24175067,0.17951526,0.22427244,0.00000000
-0.86743372,0.61259976,0.00467803,0.08272292,0.05546979,0.24583350,0.17856105,0.22832385,0.00000000
-0.86143072,0.62091478,0.00434641,0.07785630,0.05729822,0.25033344,0.17774781,0.23274371,0.00000000
-0.85542771,0.63058315,0.00401276,0.07299194,0.05936832,0.25527318,0.17713036,0.23755791,0.00000000
-0.84942471,0.64166358,0.00368222,0.06819817,0.06169103,0.26065147,0.17674982,0.24276984,0.00000000
-0.84342171,0.65414954,0.00335971,0.06353907,0.06427020,0.26644299,0.17663253,0.24836051,0.00000000
-0.83741871,0.66796992,0.00304985,0.05907305,0.06710247,0.27260012,0.17679017,0.25429020,0.00000000
-0.83141571,0.68299398,0.00275690,0.05485208,0.07017762,0.27905627,0.17722102,0.26050169,0.00000000
-0.82541271,0.69904053,0.00248472,0.05092125,0.07347922,0.28573100,0.17791243,0.26692474,0.00000000
-0.81940970,0.71589075,0.00223680,0.04731896,0.07698576,0.29253641,0.17884411,0.27348184,0.00000000
-0.81340670,0.73330420,0.00201627,0.04407743,0.08067198,0.29938467,0.17999230,0.28009477,0.00000000
-0.80740370,0.75103691,0.00182591,0.04122356,0.08451047,0.30619614,0.18133442,0.28669161,0.00000000
-0.80140070,0.76886070,0.00166830,0.03878013,0.08847337,0.31290780,0.18285387,0.29321385,0.00000000
-0.79539770,0.78658261,0.00154579,0.03676697,0.09253416,0.31948137,0.18454478,0.29962311,0.00000000
-0.78939470,0.80406316,0.00146065,0.03520238,0.09666923,0.32591060,0.18641636,0.30590705,0.00000000
-0.78339170,0.82123236,0.00141511,0.03410429,0.10085937,0.33222738,0.18849650,0.31208403,0.00000000
-0.77738869,0.83810249,0.00141146,0.03349139,0.10509085,0.33850608,0.19083438,0.31820623,0.00000000
-0.77138569,0.85477656,0.00145205,0.03338391,0.10935613,0.34486581,0.19350188,0.32436094,0.00000000
-0.76538269,0.87145188,0.00153940,0.03380418,0.11365410,0.35147033,0.19659358,0.33066970,0.00000000
-0.75937969,0.88841815,0.00167618,0.03477669,0.11798975,0.35852539,0.20022535,0.33728546,0.00000000
-0.75337669,0.90605000,0.00186522,0.03632784,0.12237338,0.36627346,0.20453134,0.34438757,0.00000000
-0.74737369,0.92479396,0.00210952,0.03848520,0.12681930,0.37498597,0.20965963,0.35217485,0.00000000
-0.74137069,0.94515035,0.00241220,0.04127641,0.13134402,0.38495319,0.21576649,0.36085702,0.00000000
-0.73536768,0.96765072,0.00277646,0.04472772,0.13596426,0.39647214,0.22300962,0.37064486,0.00000000
-0.72936468,0.99283188,0.00320552,0.04886214,0.14069462,0.40983306,0.23154050,0.38173948,0.00000000
-0.72336168,1.02120769,0.00370256,0.05369750,0.14554523,0.42530484,0.24149636,0.39432129,0.00000000
-0.71735868,1.05323991,0.00427066,0.05924429,0.15051961,0.44312019,0.25299197,0.40853922,0.00000000
-0.71135568,1.08930966,0.00491275,0.06550356,0.15561266,0.46346121,0.26611175,0.42450069,0.00000000
-0.70535268,1.12969095,0.00563159,0.07246490,0.16080923,0.48644601,0.28090260,0.44226290,0.00000000
-0.69934967,1.17452771,0.00642972,0.08010469,0.16608315,0.51211724,0.29736783,0.46182598,0.00000000
-0.69334667,1.22381568,0.00730946,0.08838473,0.17139707,0.54043296,0.31546252,0.48312833,0.00000000
-0.68734367,1.27739029,0.00827301,0.09725139,0.17670292,0.57126068,0.33509069,0.50604451,0.00000000
-0.68134067,1.33492131,0.00932242,0.10663526,0.18194326,0.60437477,0.35610443,0.53038585,0.00000000
-0.67533767,1.39591491,0.01045976,0.11645155,0.18705327,0.63945779,0.37830519,0.55590391,0.00000000
-0.66933467,1.45972329,0.01168715,0.12660123,0.19196351,0.67610571,0.40144736,0.58229659,0.00000000
-0.66333167,1.52556159,0.01300693,0.13697276,0.19660307,0.71383706,0.42524389,0.60921688,0.00000000
-0.65732866,1.59253166,0.01442174,0.14744466,0.20090320,0.75210577,0.44937398,0.63628366,0.00000000
-0.65132566,1.65965153,0.01593459,0.15788866,0.20480097,0.79031729,0.47349254,0.66309438,0.00000000
-0.64532266,1.72588957,0.01754897,0.16817338,0.20824297,0.82784736,0.49724100,0.68923887,0.00000000
-0.63931966,1.79020159,0.01926878,0.17816844,0.21118857,0.86406274,0.52025908,0.71431373,0.00000000
-0.63331666,1.85156932,0.02109833,0.18774881,0.21361279,0.89834295,0.54219703,0.73793674,0.00000000
-0.62731366,1.90903841,0.02304214,0.19679929,0.21550832,0.93010217,0.56272782,0.75976058,0.00000000
-0.62131066,1.96175419,0.02510473,0.20521876,0.21688675,0.95881030,0.58155866,0.77948516,0.00000000
-0.61530765,2.00899348,0.02729024,0.21292425,0.21777879,0.98401219,0.59844143,0.79686825,0.00000000
-0.60930465,2.05019096,0.02960207,0.21985451,0.21823350,1.00534425,0.61318149,0.81173369,0.00000000
-0.60330165,2.08495888,0.03204230,0.22597288,0.21831644,1.02254756,0.62564441,0.82397704,0.00000000
-0.59729865,2.11309939,0.03461115,0.23126952,0.21810694,1.03547706,0.63576043,0.83356830,0.00000000
-0.59129565,2.13460874,0.03730637,0.23576265,0.21769460,1.04410633,0.64352634,0.84055185,0.00000000
-0.58529265,2.14967368,0.04012262,0.23949905,0.21717513,1.04852783,0.64900483,0.84504350,0.00000000
-0.57928964,2.15866012,0.04305091,0.24255350,0.21664581,1.04894861,0.65232117,0.84722501,0.00000000
-0.57328664,2.16209503,0.04607812,0.24502739,0.21620091,1.04568191,0.65365766,0.84733643,0.00000000
-0.56728364,2.16064260,0.04918660,0.24704655,0.21592707,1.03913500,0.65324587,0.84566669,0.00000000
-0.56128064,2.15507596,0.05235403,0.24875821,0.21589926,1.02979403,0.65135727,0.84254303,0.00000000
-0.55527764,2.14624610,0.05555337,0.25032748,0.21617713,1.01820653,0.64829256,0.83831984,0.00000000
-0.54927464,2.13504956,0.05875314,0.25193321,0.21680235,1.00496264,0.64437025,0.83336744,0.00000000
-0.54327164,2.12239631,0.06191784,0.25376352,0.21779678,0.99067567,0.63991495,0.82806149,0.00000000
-0.53726863,2.10917950,0.06500871,0.25601113,0.21916167,0.97596311,0.63524598,0.82277328,0.00000000
-0.53126563,2.09624804,0.06798465,0.25886848,0.22087796,0.96142859,0.63066654,0.81786151,0.00000000
-0.52526263,2.08438324,0.07080338,0.26252291,0.22290762,0.94764563,0.62645407,0.81366561,0.00000000
-0.51925963,2.07427995,0.07342271,0.26715189,0.22519588,0.93514357,0.62285189,0.81050079,0.00000000
-0.51325663,2.06653256,0.07580198,0.27291844,0.22767430,0.92439599,0.62006253,0.80865476,0.00000000
-0.50725363,2.06162602,0.07790349,0.27996677,0.23026451,0.91581174,0.61824275,0.80838592,0.00000000
-0.50125063,2.05993138,0.07969393,0.28841826,0.23288231,0.90972870,0.61750041,0.80992276,0.00000000
-0.49524762,2.06170541,0.08114571,0.29836774,0.23544209,0.90640987,0.61789303,0.81346402,0.00000000
-0.48924462,2.06709377,0.08223813,0.30988028,0.23786120,0.90604172,0.61942813,0.81917920,0.00000000
-0.48324162,2.07613659,0.08295831,0.32298837,0.24006413,0.90873434,0.62206501,0.82720898,0.00000000
-0.47723862,2.08877605,0.08330190,0.33768973,0.24198630,0.91452306,0.62571798,0.83766517,0.00000000
-0.47123562,2.10486482,0.08327345,0.35394564,0.24357734,0.92337108,0.63026060,0.85062970,0.00000000
-0.46523262,2.12417502,0.08288647,0.37168000,0.24480363,0.93517289,0.63553103,0.86615259,0.00000000
-0.45922961,2.14640685,0.08216315,0.39077916,0.24565015,0.94975812,0.64133795,0.88424870,0.00000000
-0.45322661,2.17119688,0.08113381,0.41109252,0.24612148,0.96689559,0.64746707,0.90489336,0.00000000
-0.44722361,2.19812547,0.07983602,0.43243397,0.24624194,0.98629764,0.65368795,0.92801710,0.00000000
-0.44122061,2.22672367,0.07831344,0.45458428,0.24605495,1.00762451,0.65976094,0.95349978,0.00000000
-0.43521761,2.25647940,0.07661456,0.47729436,0.24562163,1.03048905,0.66544406,0.98116477,0.00000000
-0.42921461,2.28684346,0.07479117,0.50028940,0.24501863,1.05446174,0.67049973,1.01077356,0.00000000
-0.42321161,2.31723544,0.07289679,0.52327379,0.24433539,1.07907629,0.67470111,1.04202163,0.00000000
-0.41720860,2.34705002,0.07098509,0.54593688,0.24367089,1.10383600,0.67783791,1.07453605,0.00000000
-0.41120560,2.37566383,0.06910825,0.56795916,0.24312993,1.12822090,0.67972162,1.10787551,0.00000000
-0.40520260,2.40244322,0.06731545,0.58901905,0.24281928,1.15169598,0.68018998,1.14153310,0.00000000
-0.39919960,2.42675296,0.06565142,0.60879985,0.24284352,1.17372038,0.67911050,1.17494232,0.00000000
-0.39319660,2.44796599,0.06415521,0.62699672,0.24330102,1.19375752,0.67638316,1.20748627,0.00000000
-0.38719360,2.46547406,0.06285906,0.64332352,0.24428002,1.21128605,0.67194202,1.23851009,0.00000000
-0.38119060,2.47869909,0.06178753,0.65751927,0.24585497,1.22581137,0.66575582,1.26733628,0.00000000
-0.37518759,2.48710492,0.06095690,0.66935394,0.24808337,1.23687734,0.65782756,1.29328230,0.00000000
-0.36918459,2.49020911,0.06037471,0.67863355,0.25100319,1.24407784,0.64819315,1.31568004,0.00000000
-0.36318159,2.48759431,0.06003966,0.68520424,0.25463087,1.24706772,0.63691918,1.33389601,0.00000000
-0.35717859,2.47891890,0.05994175,0.68895539,0.25896029,1.24557269,0.62409989,1.34735159,0.00000000
-0.35117559,2.46392630,0.06006263,0.68982154,0.26396251,1.23939773,0.60985366,1.35554228,0.00000000
-0.34517259,2.44245273,0.06037627,0.68778321,0.26958642,1.22843360,0.59431903,1.35805494,0.00000000
-0.33916958,2.41443309,0.06084985,0.68286652,0.27576036,1.21266117,0.57765050,1.35458248,0.00000000
-0.33316658,2.37990469,0.06144485,0.67514189,0.28239461,1.19215332,0.56001434,1.34493485,0.00000000
-0.32716358,2.33900862,0.06211837,0.66472160,0.28938458,1.16707429,0.54158456,1.32904626,0.00000000
-0.32116058,2.29198894,0.06282452,0.65175660,0.29661469,1.13767649,0.52253911,1.30697791,0.00000000
-0.31515758,2.23918940,0.06351604,0.63643269,0.30396268,1.10429484,0.50305663,1.27891645,0.00000000
-0.30915458,2.18104806,0.06414584,0.61896606,0.31130415,1.06733895,0.48331351,1.24516809,0.00000000
-0.30315158,2.11808982,0.06466866,0.59959855,0.31851703,1.02728334,0.46348172,1.20614872,0.00000000
-0.29714857,2.05091706,0.06504257,0.57859272,0.32548582,0.98465618,0.44372696,1.16237074,0.00000000
-0.29114557,1.98019884,0.06523040,0.55622689,0.33210530,0.94002691,0.42420749,1.11442695,0.00000000
-0.28514257,1.90665867,0.06520097,0.53279020,0.33828355,0.89399331,0.40507326,1.06297259,0.00000000
-0.27913957,1.83106140,0.06493014,0.50857799,0.34394395,0.84716842,0.38646544,1.00870613,0.00000000
-0.27313657,1.75419942,0.06440153,0.48388738,0.34902633,0.80016769,0.36851625,0.95234970,0.00000000
-0.26713357,1.67687855,0.06360699,0.45901325,0.35348692,0.75359700,0.35134882,0.89463002,0.00000000
-0.26113057,1.59990399,0.06254672,0.43424459,0.35729737,0.70804163,0.33507721,0.83626038,0.00000000
-0.25512756,1.52406652,0.06122912,0.40986124,0.36044278,0.66405655,0.31980636,0.77792444,0.00000000
-0.24912456,1.45012949,0.05967035,0.38613107,0.36291899,0.62215833,0.30563199,0.72026221,0.00000000
-0.24312156,1.37881672,0.05789356,0.36330745,0.36472937,0.58281859,0.29264038,0.66385853,0.00000000
-0.23711856,1.31080157,0.05592796,0.34162718,0.36588135,0.54645905,0.28090810,0.60923428,0.00000000
-0.23111556,1.24669752,0.05380764,0.32130865,0.36638289,0.51344831,0.27050156,0.55684034,0.00000000
-0.22511256,1.18705035,0.05157039,0.30255028,0.36623939,0.48409987,0.26147655,0.50705418,0.00000000
-0.21910955,1.13233202,0.04925627,0.28552917,0.36545107,0.45867158,0.25387771,0.46017891,0.00000000
-0.21310655,1.08293622,0.04690635,0.27039999,0.36401118,0.43736598,0.24773807,0.41644454,0.00000000
-0.20710355,1.03917570,0.04456140,0.25729396,0.36190509,0.42033153,0.24307852,0.37601104,0.00000000
-0.20110055,1.00128105,0.04226065,0.24631788,0.35911046,0.40766421,0.23990739,0.33897291,0.00000000
-0.19509755,0.96940096,0.04004077,0.23755334,0.35559838,0.39940945,0.23822016,0.30536482,0.00000000
-0.18909455,0.94360345,0.03793490,0.23105589,0.35133539,0.39556401,0.23799909,0.27516796,0.00000000
-0.18309155,0.92387809,0.03597197,0.22685429,0.34628632,0.39607768,0.23921302,0.24831680,0.00000000
-0.17708854,0.91013865,0.03417607,0.22494973,0.34041766,0.40085462,0.24181715,0.22470590,0.00000000
-0.17108554,0.90222607,0.03256611,0.22531516,0.33370122,0.40975425,0.24575280,0.20419649,0.00000000
-0.16508254,0.89991151,0.03115560,0.22789468,0.32611780,0.42259174,0.25094725,0.18662276,0.00000000
-0.15907954,0.90289924,0.02995258,0.23260298,0.31766060,0.43913805,0.25731345,0.17179756,0.00000000
-0.15307654,0.91082940,0.02895975,0.23932503,0.30833811,0.45911976,0.26474980,0.15951756,0.00000000
-0.14707354,0.92328055,0.02817461,0.24791606,0.29817623,0.48221885,0.27313994,0.14956771,0.00000000
-0.14107054,0.93977232,0.02758985,0.25820178,0.28721958,0.50807266,0.28235263,0.14172513,0.00000000
-0.13506753,0.95976819,0.02719371,0.26997922,0.27553172,0.53627442,0.29224178,0.13576249,0.00000000
-0.12906453,0.98267888,0.02697047,0.28301801,0.26319443,0.56637449,0.30264678,0.13145081,0.00000000
-0.12306153,1.00786662,0.02690101,0.29706244,0.25030602,0.59788288,0.31339320,0.12856196,0.00000000
-0.11705853,1.03465069,0.02696337,0.31183419,0.23697881,0.63027311,0.32429394,0.12687085,0.00000000
-0.11105553,1.06231461,0.02713345,0.32703601,0.22333588,0.66298774,0.33515101,0.12615745,0.00000000
-0.10505253,1.09011526,0.02738566,0.34235611,0.20950743,0.69544568,0.34575797,0.12620877,0.00000000
-0.09904952,1.11729403,0.02769370,0.35747352,0.19562682,0.72705140,0.35590305,0.12682070,0.00000000
-0.09304652,1.14309011,0.02803125,0.37206415,0.18182666,0.75720583,0.36537305,0.12780001,0.00000000
-0.08704352,1.16675581,0.02837280,0.38580754,0.16823504,0.78531889,0.37395786,0.12896630,0.00000000
-0.08104052,1.18757346,0.02869442,0.39839410,0.15497222,0.81082323,0.38145555,0.13015398,0.00000000
-0.07503752,1.20487355,0.02897453,0.40953259,0.14214788,0.83318884,0.38767792,0.13121430,0.00000000
-0.06903452,1.21805350,0.02919464,0.41895766,0.12985894,0.85193783,0.39245626,0.13201720,0.00000000
-0.06303152,1.22659613,0.02934008,0.42643710,0.11818827,0.86665904,0.39564711,0.13245311,0.00000000
-0.05702851,1.23008724,0.02940059,0.43177853,0.10720399,0.87702159,0.39713771,0.13243441,0.00000000
-0.05102551,1.22823124,0.02937090,0.43483518,0.09695959,0.88278683,0.39685103,0.13189661,0.00000000
-0.04502251,1.22086419,0.02925111,0.43551060,0.08749462,0.88381822,0.39474988,0.13079909,0.00000000
-0.03901951,1.20796336,0.02904704,0.43376200,0.07883598,0.88008832,0.39084006,0.12912538,0.00000000
-0.03301651,1.18965275,0.02877029,0.42960193,0.07099950,0.87168276,0.38517229,0.12688280,0.00000000
-0.02701351,1.16620414,0.02843830,0.42309841,0.06399193,0.85880073,0.37784272,0.12410163,0.00000000
-0.02101051,1.13803339,0.02807409,0.41437330,0.05781293,0.84175187,0.36899199,0.12083364,0.00000000
-0.01500750,1.10569195,0.02770590,0.40359891,0.05245711,0.82094960,0.35880277,0.11715004,0.00000000
-0.00900450,1.06985382,0.02736662,0.39099315,0.04791585,0.79690103,0.34749588,0.11313897,0.00000000
-0.00300150,1.03129814,0.02709309,0.37681314,0.04417894,0.77019378,0.33532501,0.10890251,0.00000000
0.00300150,0.99088828,0.02692517,0.36134772,0.04123586,0.74148011,0.32257027,0.10455333,0.00000000
0.00900450,0.94954779,0.02690473,0.34490904,0.03907657,0.71145888,0.30953073,0.10021114,0.00000000
0.01500750,0.90823425,0.02707441,0.32782352,0.03769199,0.68085603,0.29651624,0.09599894,0.00000000
0.02101051,0.86791183,0.02747641,0.31042260,0.03707393,0.65040417,0.28383872,0.09203928,0.00000000
0.02701351,0.82952340,0.02815107,0.29303347,0.03721461,0.62082187,0.27180331,0.08845063,0.00000000
0.03301651,0.79396320,0.02913544,0.27597026,0.03810579,0.59279352,0.26069954,0.08534394,0.00000000
0.03901951,0.76205085,0.03046190,0.25952579,0.03973758,0.56695015,0.25079297,0.08281949,0.00000000
0.04502251,0.73450754,0.03215666,0.24396426,0.04209694,0.54385193,0.24231733,0.08096422,0.00000000
0.05102551,0.71193516,0.03423848,0.22951501,0.04516603,0.52397279,0.23546760,0.07984948,0.00000000
0.05702851,0.69479883,0.03671739,0.21636759,0.04892055,0.50768763,0.23039421,0.07952935,0.00000000
0.06303152,0.68341368,0.03959364,0.20466809,0.05332801,0.49526244,0.22719835,0.08003968,0.00000000
0.06903452,0.67793590,0.04285680,0.19451701,0.05834627,0.48684762,0.22592892,0.08139766,0.00000000
0.07503752,0.67835873,0.04648519,0.18596844,0.06392229,0.48247466,0.22658080,0.08360228,0.00000000
0.08104052,0.68451335,0.05044555,0.17903075,0.06999126,0.48205632,0.22909492,0.08663537,0.00000000
0.08704352,0.69607486,0.05469313,0.17366859,0.07647619,0.48539026,0.23335983,0.09046354,0.00000000
0.09304652,0.71257323,0.05917208,0.16980611,0.08328810,0.49216611,0.23921504,0.09504075,0.00000000
0.09904952,0.73340907,0.06381631,0.16733133,0.09032670,0.50197576,0.24645588,0.10031166,0.00000000
0.10505253,0.75787381,0.06855070,0.16610155,0.09748178,0.51432665,0.25483989,0.10621556,0.00000000
0.11105553,0.78517387,0.07329272,0.16594943,0.10463514,0.52865762,0.26409456,0.11269098,0.00000000
0.11705853,0.81445808,0.07795440,0.16668984,0.11166317,0.54435698,0.27392616,0.11968058,0.00000000
0.12306153,0.84484763,0.08244461,0.16812705,0.11843984,0.56078222,0.28402947,0.12713641,0.00000000
0.12906453,0.87546751,0.08667159,0.17006207,0.12484018,0.57728071,0.29409807,0.13502525,0.00000000
0.13506753,0.90547840,0.09054555,0.17230012,0.13074398,0.59321072,0.30383484,0.14333375,0.00000000
0.14107054,0.93410787,0.09398143,0.17465766,0.13603962,0.60796207,0.31296225,0.15207320,0.00000000
0.14707354,0.96067964,0.09690148,0.17696907,0.14062785,0.62097573,0.32123216,0.16128365,0.00000000
0.15307654,0.98463974,0.09923780,0.17909257,0.14442535,0.63176143,0.32843459,0.17103700,0.00000000
0.15907954,1.00557829,0.10093445,0.18091521,0.14736791,0.63991290,0.33440522,0.18143889,0.00000000
0.16508254,1.02324603,0.10194930,0.18235686,0.14941301,0.64511988,0.33903118,0.19262913,0.00000000
0.17108554,1.03756456,0.10225538,0.18337285,0.15054175,0.64717658,0.34225492,0.20478041,0.00000000
0.17708854,1.04862983,0.10184169,0.18395532,0.15075993,0.64598618,0.34407593,0.21809504,0.00000000
0.18309155,1.05670828,0.10071346,0.18413312,0.15009824,0.64156125,0.34455018,0.23279990,0.00000000
0.18909455,1.06222579,0.09889182,0.18397026,0.14861159,0.63401996,0.34378734,0.24913933,0.00000000
0.19509755,1.06574962,0.09641298,0.18356296,0.14637742,0.62357841,0.34194573,0.26736617,0.00000000
0.20110055,1.06796388,0.09332679,0.18303537,0.14349324,0.61053940,0.33922536,0.28773118,0.00000000
0.20710355,1.06963951,0.08969496,0.18253402,0.14007333,0.59527810,0.33585920,0.31047113,0.00000000
0.21310655,1.07159998,0.08558885,0.18222137,0.13624484,0.57822528,0.33210310,0.33579594,0.00000000
0.21910955,1.07468406,0.08108705,0.18226842,0.13214333,0.55984901,0.32822485,0.36387549,0.00000000
0.22511256,1.07970727,0.07627279,0.18284697,0.12790804,0.54063543,0.32449273,0.39482660,0.00000000
0.23111556,1.08742374,0.07123133,0.18412148,0.12367706,0.52106962,0.32116420,0.42870074,0.00000000
0.23711856,1.09849017,0.06604746,0.18624111,0.11958250,0.50161727,0.31847508,0.46547340,0.00000000
0.24312156,1.11343343,0.06080312,0.18933211,0.11574595,0.48270800,0.31662982,0.50503544,0.00000000
0.24912456,1.13262340,0.05557535,0.19349090,0.11227443,0.46472099,0.31579316,0.54718721,0.00000000
0.25512756,1.15625225,0.05043453,0.19877819,0.10925684,0.44797333,0.31608365,0.59163582,0.00000000
0.26113057,1.18432110,0.04544300,0.20521432,0.10676121,0.43271171,0.31756912,0.63799604,0.00000000
0.26713357,1.21663481,0.04065411,0.21277615,0.10483273,0.41910745,0.32026443,0.68579490,0.00000000
0.27313657,1.25280498,0.03611160,0.22139551,0.10349268,0.40725503,0.32413147,0.73448013,0.00000000
0.27913957,1.29226128,0.03184948,0.23095954,0.10273829,0.39717404,0.32908134,0.78343220,0.00000000
0.28514257,1.33427037,0.02789214,0.24131285,0.10254351,0.38881422,0.33497856,0.83197964,0.00000000
0.29114557,1.37796179,0.02425487,0.25226144,0.10286060,0.38206329,0.34164719,0.87941712,0.00000000
0.29714857,1.42235948,0.02094452,0.26357836,0.10362257,0.37675694,0.34887833,0.92502549,0.00000000
0.30315158,1.46641771,0.01796048,0.27501099,0.10474630,0.37269067,0.35643877,0.96809302,0.00000000
0.30915458,1.50905968,0.01529570,0.28628951,0.10613618,0.36963254,0.36408040,1.00793700,0.00000000
0.31515758,1.54921720,0.01293777,0.29713653,0.10768821,0.36733657,0.37154985,1.04392454,0.00000000
0.32116058,1.58586975,0.01087011,0.30727723,0.10929434,0.36555587,0.37859796,1.07549184,0.00000000
0.32716358,1.61808128,0.00907302,0.31644993,0.11084685,0.36405519,0.38498881,1.10216106,0.00000000
0.33316658,1.64503338,0.00752473,0.32441641,0.11224276,0.36262228,0.39050780,1.12355397,0.00000000
0.33916958,1.66605337,0.00620235,0.33097177,0.11338786,0.36107768,0.39496862,1.13940191,0.00000000
0.34517259,1.68063662,0.00508267,0.33595330,0.11420046,0.35928261,0.39821886,1.14955168,0.00000000
0.35117559,1.68846218,0.00414287,0.33924812,0.11461459,0.35714485,0.40014410,1.15396730,0.00000000
0.35717859,1.68940160,0.00336108,0.34079918,0.11458258,0.35462236,0.40067050,1.15272758,0.00000000
0.36318159,1.68352078,0.00271682,0.34060943,0.11407701,0.35172476,0.39976585,1.14601992,0.00000000
0.36918459,1.67107530,0.00219134,0.33874400,0.11309191,0.34851270,0.39743921,1.13413077,0.00000000
0.37518759,1.65249973,0.00176782,0.33533033,0.11164325,0.34509521,0.39373928,1.11743334,0.00000000
0.38119060,1.62839170,0.00143157,0.33055618,0.10976879,0.34162543,0.38875171,1.09637336,0.00000000
0.38719360,1.59949185,0.00117005,0.32466568,0.10752730,0.33829473,0.38259549,1.07145354,0.00000000
0.39319660,1.56666046,0.00097294,0.31795358,0.10499726,0.33532573,0.37541883,1.04321757,0.00000000
0.39919960,1.53085209,0.00083210,0.31075784,0.10227517,0.33296438,0.36739451,1.01223435,0.00000000
0.40520260,1.49308909,0.00074160,0.30345092,0.09947365,0.33147151,0.35871507,0.97908311,0.00000000
0.41120560,1.45443513,0.00069762,0.29643009,0.09671925,0.33111397,0.34958804,0.94433982,0.00000000
0.41720860,1.41596929,0.00069848,0.29010688,0.09415046,0.33215585,0.34023124,0.90856539,0.00000000
0.42321161,1.37876175,0.00074457,0.28489627,0.09191565,0.33484987,0.33086826,0.87229574,0.00000000
0.42921461,1.34385130,0.00083841,0.28120572,0.09017131,0.33942916,0.32172429,0.83603394,0.00000000
0.43521761,1.31222509,0.00098458,0.27942435,0.08908054,0.34609972,0.31302228,0.80024423,0.00000000
0.44122061,1.28480085,0.00118978,0.27991260,0.08881180,0.35503363,0.30497932,0.76534795,0.00000000
0.44722361,1.26241166,0.00146283,0.28299252,0.08953801,0.36636322,0.29780338,0.73172089,0.00000000
0.45322661,1.24579298,0.00181465,0.28893885,0.09143574,0.38017619,0.29169028,0.69969202,0.00000000
0.45922961,1.23557219,0.00225828,0.29797112,0.09468471,0.39651198,0.28682085,0.66954318,0.00000000
0.46523262,1.23226011,0.00280881,0.31024688,0.09946712,0.41535927,0.28335825,0.64150950,0.00000000
0.47123562,1.23624457,0.00348323,0.32585608,0.10596689,0.43665481,0.28144543,0.61578022,0.00000000
0.47723862,1.24778573,0.00430033,0.34481683,0.11436858,0.46028346,0.28120276,0.59249984,0.00000000
0.48324162,1.26701313,0.00528039,0.36707257,0.12485573,0.48607967,0.28272566,0.57176941,0.00000000
0.48924462,1.29392425,0.00644483,0.39249070,0.13760848,0.51383016,0.28608255,0.55364785,0.00000000
0.49524762,1.32838469,0.00781573,0.42086279,0.15280038,0.54327787,0.29131282,0.53815331,0.00000000
0.50125063,1.37012976,0.00941526,0.45190643,0.17059417,0.57412708,0.29842523,0.52526474,0.00000000
0.50725363,1.41876777,0.01126498,0.48526879,0.19113656,0.60604952,0.30739642,0.51492347,0.00000000
0.51325663,1.47378479,0.01338496,0.52053182,0.21455190,0.63869139,0.31817003,0.50703512,0.00000000
0.51925963,1.53455112,0.01579292,0.55721920,0.24093504,0.67168101,0.33065613,0.50147193,0.00000000
0.52526263,1.60032947,0.01850318,0.59480493,0.27034331,0.70463687,0.34473123,0.49807538,0.00000000
0.53126563,1.67028472,0.02152564,0.63272343,0.30278810,0.73717588,0.36023897,0.49665944,0.00000000
0.53726863,1.74349550,0.02486466,0.67038101,0.33822627,0.76892152,0.37699130,0.49701437,0.00000000
0.54327164,1.81896731,0.02851807,0.70716847,0.37655189,0.79951155,0.39477053,0.49891100,0.00000000
0.54927464,1.89564721,0.03247620,0.74247454,0.41758877,0.82860518,0.41333192,0.50210563,0.00000000
0.55527764,1.97243982,0.03672108,0.77569979,0.46108440,0.85588929,0.43240711,0.50634533,0.00000000
0.56128064,2.04822462,0.04122588,0.80627058,0.50670564,0.88108367,0.45170811,0.51137369,0.00000000
0.56728364,2.12187415,0.04595448,0.83365273,0.55403693,0.90394507,0.47093202,0.51693681,0.00000000
0.57328664,2.19227292,0.05086151,0.85736427,0.60258127,0.92426996,0.48976628,0.52278940,0.00000000
0.57928964,2.25833679,0.05589261,0.87698699,0.65176437,0.94189611,0.50789442,0.52870091,0.00000000
0.58529265,2.31903238,0.06098513,0.89217639,0.70094224,0.95670295,0.52500226,0.53446155,0.00000000
0.59129565,2.37339631,0.06606914,0.90266943,0.74941224,0.96861090,0.54078425,0.53988789,0.00000000
0.59729865,2.42055374,0.07106888,0.90829015,0.79642740,0.97757978,0.55495012,0.54482813,0.00000000
0.60330165,2.45973601,0.07590447,0.90895268,0.84121376,0.98360655,0.56723131,0.54916666,0.00000000
0.60930465,2.49029674,0.08049400,0.90466166,0.88299026,0.98672264,0.57738733,0.55282802,0.00000000
0.61530765,2.51172624,0.08475575,0.89551011,0.92099039,0.98699104,0.58521165,0.55577982,0.00000000
0.62131066,2.52366360,0.08861061,0.88167482,0.95448484,0.98450330,0.59053705,0.55803477,0.00000000
0.62731366,2.52590614,0.09198447,0.86340946,0.98280423,0.97937682,0.59324018,0.55965158,0.00000000
0.63331666,2.51841580,0.09481062,0.84103583,1.00536086,0.97175225,0.59324512,0.56073461,0.00000000
0.63931966,2.50132214,0.09703196,0.81493351,1.02166863,0.96179138,0.59052589,0.56143217,0.00000000
0.64532266,2.47492159,0.09860285,0.78552841,1.03135998,0.94967518,0.58510763,0.56193351,0.00000000
0.65132566,2.43967284,0.09949075,0.75328067,1.03419922,0.93560227,0.57706650,0.56246436,0.00000000
0.65732866,2.39618804,0.09967730,0.71867235,1.03009152,0.91978738,0.56652809,0.56328104,0.00000000
0.66333167,2.34522007,0.09915897,0.68219537,1.01908705,0.90245989,0.55366444,0.56466317,0.00000000
0.66933467,2.28764584,0.09794715,0.64434006,1.00138017,0.88386211,0.53868971,0.56690514,0.00000000
0.67533767,2.22444591,0.09606778,0.60558472,0.97730358,0.86424728,0.52185455,0.57030643,0.00000000
0.68134067,2.15668101,0.09356037,0.56638639,0.94731778,0.84387690,0.50343944,0.57516101,0.00000000
0.68734367,2.08546591,0.09047668,0.52717307,0.91199633,0.82301757,0.48374704,0.58174607,0.00000000
0.69334667,2.01194145,0.08687891,0.48833751,0.87200768,0.80193704,0.46309404,0.59031048,0.00000000
0.69934967,1.93724561,0.08283764,0.45023255,0.82809426,0.78089956,0.44180261,0.60106332,0.00000000
0.70535268,1.86248452,0.07842957,0.41316805,0.78105004,0.76016073,0.42019183,0.61416284,0.00000000
0.71135568,1.78870441,0.07373507,0.37740925,0.73169739,0.73996177,0.39856940,0.62970645,0.00000000
0.71735868,1.71686550,0.06883585,0.34317653,0.68086426,0.72052371,0.37722398,0.64772198,0.00000000
0.72336168,1.64781883,0.06381263,0.31064629,0.62936275,0.70204155,0.35641836,0.66816086,0.00000000
0.72936468,1.58228677,0.05874305,0.27995282,0.57796968,0.68467883,0.33638370,0.69089344,0.00000000
0.73536768,1.52084811,0.05369981,0.25119092,0.52740991,0.66856289,0.31731512,0.71570678,0.00000000
0.74137069,1.46392805,0.04874915,0.22441919,0.47834294,0.65378120,0.29936862,0.74230535,0.00000000
0.74737369,1.41179370,0.04394968,0.19966365,0.43135295,0.64037885,0.28265952,0.77031447,0.00000000
0.75337669,1.36455493,0.03935155,0.17692161,0.38694234,0.62835761,0.26726233,0.79928680,0.00000000
0.75937969,1.32217068,0.03499603,0.15616563,0.34552882,0.61767663,0.25321201,0.82871157,0.00000000
0.76538269,1.28446023,0.03091544,0.13734743,0.30744558,0.60825471,0.24050654,0.85802652,0.00000000
0.77138569,1.25111900,0.02713338,0.12040175,0.27294422,0.59997428,0.22911054,0.88663205,0.00000000
0.77738869,1.22173801,0.02366519,0.10524983,0.24219998,0.59268678,0.21895980,0.91390719,0.00000000
0.78339170,1.19582624,0.02051877,0.09180279,0.21531855,0.58621929,0.20996646,0.93922691,0.00000000
0.78939470,1.17283483,0.01769537,0.07996457,0.19234406,0.58038211,0.20202461,0.96198009,0.00000000
0.79539770,1.15218216,0.01519067,0.06963464,0.17326757,0.57497686,0.19501600,0.98158752,0.00000000
0.80140070,1.13327873,0.01299579,0.06071029,0.15803559,0.56980482,0.18881574,0.99751931,0.00000000
0.80740370,1.11555085,0.01109833,0.05308861,0.14655815,0.56467497,0.18329770,1.00931102,0.00000000
0.81340670,1.09846239,0.00948341,0.04666816,0.13871617,0.55941152,0.17833933,1.01657794,0.00000000
0.81940970,1.08153364,0.00813456,0.04135034,0.13436779,0.55386048,0.17382606,1.01902697,0.00000000
0.82541271,1.06435694,0.00703455,0.03704039,0.13335363,0.54789500,0.16965479,1.01646567,0.00000000
0.83141571,1.04660847,0.00616604,0.03364829,0.13550091,0.54141937,0.16573673,1.00880827,0.00000000
0.83741871,1.02805617,0.00551218,0.03108933,0.14062653,0.53437143,0.16199939,0.99607824,0.00000000
0.84342171,1.00856362,0.00505692,0.02928453,0.14853921,0.52672352,0.15838778,0.97840757,0.00000000
0.84942471,0.98809020,0.00478533,0.02816100,0.15904106,0.51848188,0.15486489,0.95603277,0.00000000
0.85542771,0.96668773,0.00468366,0.02765205,0.17192866,0.50968477,0.15141153,0.92928776,0.00000000
0.86143072,0.94449415,0.00473935,0.02769740,0.18699393,0.50039940,0.14802559,0.89859400,0.00000000
0.86743372,0.92172457,0.00494091,0.02824324,0.20402522,0.49071805,0.14472084,0.86444838,0.00000000
0.87343672,0.89866063,0.00527773,0.02924234,0.22280860,0.48075348,0.14152539,0.82740914,0.00000000
0.87943972,0.87563835,0.00573981,0.03065410,0.24312962,0.47063411,0.13847992,0.78808061,0.00000000
0.88544272,0.85303546,0.00631746,0.03244469,0.26477564,0.46049910,0.13563574,0.74709721,0.00000000
0.89144572,0.83125847,0.00700099,0.03458709,0.28753873,0.45049366,0.13305276,0.70510722,0.00000000
0.89744872,0.81073002,0.00778042,0.03706119,0.31121902,0.44076474,0.13079751,0.66275706,0.00000000
0.90345173,0.79187690,0.00864520,0.03985383,0.33562839,0.43145723,0.12894108,0.62067628,0.00000000
0.90945473,0.77511901,0.00958402,0.04295875,0.36059436,0.42271078,0.12755726,0.57946393,0.00000000
0.91545773,0.76085930,0.01058466,0.04637643,0.38596379,0.41465732,0.12672055,0.53967643,0.00000000
0.92146073,0.74947488,0.01163397,0.05011384,0.41160614,0.40741904,0.12650440,0.50181741,0.00000000
0.92746373,0.74130918,0.01271789,0.05418396,0.43741611,0.40110705,0.12697929,0.46632936,0.00000000
0.93346673,0.73666521,0.01382165,0.05860513,0.46331521,0.39582027,0.12821100,0.43358750,0.00000000
0.93946973,0.73579962,0.01493008,0.06340013,0.48925218,0.39164478,0.13025879,0.40389553,0.00000000
0.94547274,0.73891772,0.01602791,0.06859514,0.51520203,0.38865313,0.13317359,0.37748345,0.00000000
0.95147574,0.74616909,0.01710034,0.07421837,0.54116364,0.38690383,0.13699626,0.35450711,0.00000000
0.95747874,0.75764406,0.01813359,0.08029858,0.56715602,0.38644073,0.14175587,0.33504947,0.00000000
0.96348174,0.77337078,0.01911551,0.08686344,0.59321325,0.38729231,0.14746812,0.31912327,0.00000000
0.96948474,0.79331322,0.02003627,0.09393780,0.61937856,0.38947092,0.15413397,0.30667498,0.00000000
0.97548774,0.81737008,0.02088907,0.10154192,0.64569752,0.39297193,0.16173847,0.29758991,0.00000000
0.98149075,0.84537487,0.02167078,0.10968984,0.67221118,0.39777306,0.17025008,0.29169806,0.00000000
0.98749375,0.87709740,0.02238255,0.11838778,0.69894921,0.40383376,0.17962034,0.28878089,0.00000000
0.99349675,0.91224679,0.02303040,0.12763286,0.72592371,0.41109496,0.18978415,0.28857855,0.00000000
0.99949975,0.95047628,0.02362558,0.13741207,0.75312403,0.41947936,0.20066067,0.29079766,0.00000000
1.00550275,0.99138991,0.02418488,0.14770156,0.78051299,0.42889218,0.21215480,0.29511936,0.00000000
1.01150575,1.03455098,0.02473077,0.15846640,0.80802470,0.43922269,0.22415940,0.30120758,0.00000000
1.01750875,1.07949236,0.02529129,0.16966067,0.83556428,0.45034647,0.23655803,0.30871740,0.00000000
1.02351176,1.12572819,0.02589979,0.18122805,0.86300938,0.46212831,0.24922825,0.31730333,0.00000000
1.02951476,1.17276684,0.02659449,0.19310277,0.89021343,0.47442591,0.26204534,0.32662726,0.00000000
1.03551776,1.22012439,0.02741777,0.20521092,0.91701051,0.48709399,0.27488619,0.33636616,0.00000000
1.04152076,1.26733820,0.02841531,0.21747209,0.94322138,0.49998884,0.28763326,0.34621896,0.00000000
1.04752376,1.31397985,0.02963506,0.22980124,0.96866032,0.51297296,0.30017843,0.35591282,0.00000000
1.05352676,1.35966686,0.03112599,0.24211070,0.99314230,0.52591958,0.31242633,0.36520830,0.00000000
1.05952976,1.40407238,0.03293679,0.25431231,1.01648998,0.53871685,0.32429725,0.37390340,0.00000000
1.06553277,1.44693245,0.03511442,0.26631950,1.03854015,0.55127136,0.33572916,0.38183634,0.00000000
1.07153577,1.48805037,0.03770264,0.27804928,1.05914904,0.56351082,0.34667891,0.38888684,0.00000000
1.07753877,1.52729768,0.04074053,0.28942411,1.07819632,0.57538574,0.35712243,0.39497610,0.00000000
1.08354177,1.56461199,0.04426105,0.30037351,1.09558750,0.58686999,0.36705393,0.40006525,0.00000000
1.08954477,1.59999140,0.04828969,0.31083540,1.11125457,0.59796010,0.37648412,0.40415247,0.00000000
1.09554777,1.63348610,0.05284325,0.32075712,1.12515504,0.60867351,0.38543751,0.40726889,0.00000000
1.10155078,1.66518731,0.05792887,0.33009614,1.13726934,0.61904563,0.39394905,0.40947348,0.00000000
1.10755378,1.69521448,0.06354318,0.33882035,1.14759696,0.62912608,0.40206019,0.41084721,0.00000000
1.11355678,1.72370123,0.06967184,0.34690803,1.15615161,0.63897419,0.40981460,0.41148664,0.00000000
1.11955978,1.75078093,0.07628925,0.35434744,1.16295577,0.64865399,0.41725388,0.41149736,0.00000000
1.12556278,1.77657274,0.08335865,0.36113606,1.16803506,0.65822909,0.42441341,0.41098757,0.00000000
1.13156578,1.80116876,0.09083253,0.36727953,1.17141279,0.66775754,0.43131866,0.41006202,0.00000000
1.13756878,1.82462311,0.09865327,0.37279029,1.17310518,0.67728707,0.43798207,0.40881662,0.00000000
1.14357179,1.84694339,0.10675416,0.37768604,1.17311740,0.68685093,0.44440078,0.40733394,0.00000000
1.14957479,1.86808501,0.11506060,0.38198796,1.17144084,0.69646446,0.45055520,0.40567974,0.00000000
1.15557779,1.88794856,0.12349163,0.38571890,1.16805170,0.70612261,0.45640865,0.40390059,0.00000000
1.16158079,1.90638038,0.13196147,0.38890154,1.16291089,0.71579853,0.46190788,0.40202269,0.00000000
1.16758379,1.92317616,0.14038138,0.39155662,1.15596541,0.72544327,0.46698460,0.40005184,0.00000000
1.17358679,1.93808736,0.14866138,0.39370136,1.14715093,0.73498650,0.47155778,0.39797441,0.00000000
1.17958979,1.95083008,0.15671216,0.39534816,1.13639555,0.74433844,0.47553672,0.39575929,0.00000000
1.18559280,1.96109593,0.16444684,0.39650357,1.12362431,0.75339257,0.47882460,0.39336056,0.00000000
1.19159580,1.96856423,0.17178267,0.39716779,1.10876449,0.76202932,0.48132239,0.39072078,0.00000000
1.19759880,1.97291513,0.17864258,0.39733454,1.09175112,0.77012029,0.48293295,0.38777460,0.00000000
1.20360180,1.97384284,0.18495656,0.39699146,1.07253258,0.77753293,0.48356502,0.38445263,0.00000000
1.20960480,1.97106857,0.19066281,0.39612097,1.05107598,0.78413540,0.48313705,0.38068518,0.00000000
1.21560780,1.96435246,0.19570873,0.39470157,1.02737201,0.78980146,0.48158059,0.37640595,0.00000000
1.22161081,1.95350405,0.20005156,0.39270952,1.00143911,0.79441495,0.47884319,0.37155531,0.00000000
1.22761381,1.93839093,0.20365884,0.39012075,0.97332670,0.79787384,0.47489067,0.36608316,0.00000000
1.23361681,1.91894512,0.20650860,0.38691291,0.94311736,0.80009351,0.46970863,0.35995124,0.00000000
1.23961981,1.89516695,0.20858931,0.38306749,0.91092786,0.80100914,0.46330324,0.35313491,0.00000000
1.24562281,1.86712646,0.20989954,0.37857165,0.87690895,0.80057706,0.45570128,0.34562420,0.00000000
1.25162581,1.83496201,0.21044751,0.37341993,0.84124404,0.79877496,0.44694943,0.33742441,0.00000000
1.25762881,1.79887647,0.21025032,0.36761548,0.80414656,0.79560104,0.43711285,0.32855594,0.00000000
1.26363182,1.75913105,0.20933307,0.36117080,0.76585644,0.79107206,0.42627316,0.31905370,0.00000000
1.26963482,1.71603707,0.20772786,0.35410796,0.72663549,0.78522051,0.41452594,0.30896601,0.00000000
1.27563782,1.66994616,0.20547262,0.34645827,0.68676213,0.77809104,0.40197780,0.29835308,0.00000000
1.28164082,1.62123928,0.20260993,0.33826141,0.64652549,0.76973638,0.38874325,0.28728518,0.00000000
1.28764382,1.57031520,0.19918577,0.32956411,0.60621917,0.76021314,0.37494140,0.27584060,0.00000000
1.29364682,1.51757891,0.19524837,0.32041844,0.56613492,0.74957771,0.36069272,0.26410358,0.00000000
1.29964982,1.46343062,0.19084705,0.31087996,0.52655643,0.73788256,0.34611602,0.25216206,0.00000000
1.30565283,1.40825585,0.18603122,0.30100564,0.48775339,0.72517335,0.33132559,0.24010572,0.00000000
1.31165583,1.35241705,0.18084954,0.29085203,0.44997627,0.71148690,0.31642890,0.22802404,0.00000000
1.31765883,1.29624725,0.17534924,0.28047344,0.41345168,0.69685045,0.30152470,0.21600471,0.00000000
1.32366183,1.24004586,0.16957569,0.26992060,0.37837875,0.68128200,0.28670165,0.20413235,0.00000000
1.32966483,1.18407694,0.16357221,0.25923961,0.34492643,0.66479203,0.27203763,0.19248754,0.00000000
1.33566783,1.12856970,0.15738001,0.24847145,0.31323193,0.64738632,0.25759955,0.18114630,0.00000000
1.34167084,1.07372131,0.15103850,0.23765185,0.28340014,0.62906976,0.24344367,0.17017993,0.00000000
1.34767384,1.01970155,0.14458565,0.22681171,0.25550423,0.60985092,0.22961652,0.15965518,0.00000000
1.35367684,0.96665907,0.13805859,0.21597785,0.22958709,0.58974697,0.21615607,0.14963478,0.00000000
1.35967984,0.91472859,0.13149427,0.20517409,0.20566371,0.56878877,0.20309333,0.14017818,0.00000000
1.36568284,0.86403872,0.12493018,0.19442247,0.18372426,0.54702560,0.19045401,0.13134250,0.00000000
1.37168584,0.81471967,0.11840506,0.18374457,0.16373770,0.52452923,0.17826032,0.12318352,0.00000000
1.37768884,0.76691041,0.11195955,0.17316281,0.14565578,0.50139707,0.16653265,0.11575667,0.00000000
1.38369185,0.72076480,0.10563672,0.16270149,0.12941723,0.47775415,0.15529115,0.10911786,0.00000000
1.38969485,0.67645630,0.09948240,0.15238774,0.11495200,0.45375361,0.14455697,0.10332418,0.00000000
1.39569785,0.63418086,0.09354536,0.14225196,0.10218534,0.42957585,0.13435328,0.09843422,0.00000000
1.40170085,0.59415807,0.08787720,0.13232808,0.09104164,0.40542609,0.12470589,0.09450811,0.00000000
1.40770385,0.55663015,0.08253205,0.12265337,0.08144792,0.38153064,0.11564345,0.09160704,0.00000000
1.41370685,0.52185921,0.07756595,0.11326794,0.07333678,0.35813188,0.10719731,0.08979255,0.00000000
1.41970985,0.49012266,0.07303605,0.10421395,0.06664896,0.33548227,0.09940108,0.08912519,0.00000000
1.42571286,0.46170718,0.06899959,0.09553459,0.06133527,0.31383762,0.09228983,0.08966297,0.00000000
1.43171586,0.43690149,0.06551262,0.08727289,0.05735800,0.29344995,0.08589902,0.09145939,0.00000000
1.43771886,0.41598835,0.06262866,0.07947053,0.05469179,0.27456018,0.08026338,0.09456131,0.00000000
1.44372186,0.39923611,0.06039718,0.07216658,0.05332401,0.25739104,0.07541558,0.09900662,0.00000000
1.44972486,0.38689021,0.05886205,0.06539639,0.05325460,0.24214039,0.07138494,0.10482197,0.00000000
1.45572786,0.37916505,0.05805998,0.05919063,0.05449556,0.22897524,0.06819615,0.11202061,0.00000000
1.46173087,0.37623641,0.05801900,0.05357448,0.05706997,0.21802666,0.06586810,0.12060048,0.00000000
1.46773387,0.37823497,0.05875703,0.04856708,0.06101066,0.20938573,0.06441292,0.13054271,0.00000000
1.47373687,0.38524084,0.06028061,0.04418122,0.06635860,0.20310063,0.06383518,0.14181067,0.00000000
1.47973987,0.39727951,0.06258386,0.04042328,0.07316094,0.19917495,0.06413129,0.15434960,0.00000000
1.48574287,0.41431924,0.06564769,0.03729329,0.08146879,0.19756721,0.06528923,0.16808690,0.00000000
1.49174587,0.43626992,0.06943929,0.03478528,0.09133479,0.19819169,0.06728844,0.18293322,0.00000000
1.49774887,0.46298343,0.07391206,0.03288770,0.10281033,0.20092034,0.07010007,0.19878418,0.00000000
1.50375188,0.49425538,0.07900583,0.03158394,0.11594269,0.20558588,0.07368733,0.21552280,0.00000000
1.50975488,0.52982823,0.08464757,0.03085294,0.13077185,0.21198591,0.07800621,0.23302246,0.00000000
1.51575788,0.56939544,0.09075249,0.03066977,0.14732718,0.21988793,0.08300623,0.25115032,0.00000000
1.52176088,0.61260666,0.09722558,0.03100621,0.16562406,0.22903515,0.08863149,0.26977101,0.00000000
1.52776388,0.65907363,0.10396349,0.03183130,0.18566032,0.23915288,0.09482168,0.28875035,0.00000000
1.53376688,0.70837652,0.11085687,0.03311178,0.20741278,0.24995551,0.10151334,0.30795898,0.00000000
1.53976988,0.76007066,0.11779283,0.03481257,0.23083392,0.26115361,0.10864100,0.32727568,0.00000000
1.54577289,0.81369327,0.12465781,0.03689704,0.25584881,0.27246124,0.11613841,0.34659010,0.00000000
1.55177589,0.86877006,0.13134036,0.03932739,0.28235239,0.28360310,0.12393972,0.36580481,0.00000000
1.55777889,0.92482162,0.13773412,0.04206491,0.31020751,0.29432136,0.13198058,0.38483664,0.00000000
1.56378189,0.98136935,0.14374050,0.04507031,0.33924359,0.30438196,0.14019918,0.40361699,0.00000000
1.56978489,1.03794111,0.14927132,0.04830402,0.36925636,0.31358030,0.14853711,0.42209136,0.00000000
1.57578789,1.09407630,0.15425099,0.05172661,0.40000874,0.32174596,0.15694026,0.44021802,0.00000000
1.58179090,1.14933069,0.15861833,0.05529927,0.43123298,0.32874646,0.16535942,0.45796587,0.00000000
1.58779390,1.20328089,0.16232789,0.05898442,0.46263429,0.33448992,0.17375092,0.47531187,0.00000000
1.59379690,1.25552873,0.16535068,0.06274639,0.49389590,0.33892657,0.18207704,0.49223794,0.00000000
1.59979990,1.30570546,0.16767436,0.06655228,0.52468551,0.34204903,0.19030645,0.50872783,0.00000000
1.60580290,1.35347604,0.16930284,0.07037282,0.55466317,0.34389140,0.19841444,0.52476401,0.00000000
1.61180590,1.39854353,0.17025526,0.07418340,0.58349023,0.34452726,0.20638315,0.54032495,0.00000000
1.61780890,1.44065341,0.17056457,0.07796503,0.61083912,0.34406664,0.21420167,0.55538288,0.00000000
1.62381191,1.47959801,0.17027561,0.08170527,0.63640366,0.34265200,0.22186607,0.56990227,0.00000000
1.62981491,1.51522065,0.16944287,0.08539909,0.65990931,0.34045347,0.22937931,0.58383909,0.00000000
1.63581791,1.54741937,0.16812805,0.08904947,0.68112290,0.33766346,0.23675102,0.59714097,0.00000000
1.64182091,1.57614995,0.16639746,0.09266780,0.69986144,0.33449069,0.24399713,0.60974812,0.00000000
1.64782391,1.60142774,0.16431947,0.09627386,0.71599920,0.33115397,0.25113928,0.62159508,0.00000000
1.65382691,1.62332813,0.16196206,0.09989549,0.72947288,0.32787571,0.25820403,0.63261301,0.00000000
1.65982991,1.64198502,0.15939050,0.10356768,0.74028419,0.32487542,0.26522174,0.64273243,0.00000000
1.66583292,1.65758730,0.15666542,0.10733128,0.74849979,0.32236320,0.27222527,0.65188613,0.00000000
1.67183592,1.67037287,0.15384111,0.11123118,0.75424815,0.32053350,0.27924825,0.66001211,0.00000000
1.67783892,1.68062022,0.15096426,0.11531404,0.75771360,0.31955912,0.28632318,0.66705615,0.00000000
1.68384192,1.68863764,0.14807311,0.11962566,0.75912750,0.31958569,0.29347920,0.67297396,0.00000000
1.68984492,1.69475026,0.14519694,0.12420802,0.75875712,0.32072664,0.30073971,0.67773274,0.00000000
1.69584792,1.69928535,0.14235597,0.12909620,0.75689247,0.32305892,0.30811986,0.68131186,0.00000000
1.70185093,1.70255647,0.13956162,0.13431522,0.75383190,0.32661948,0.31562396,0.68370279,0.00000000
1.70785393,1.70484712,0.13681708,0.13987712,0.74986721,0.33140268,0.32324318,0.68490825,0.00000000
1.71385693,1.70639485,0.13411808,0.14577830,0.74526895,0.33735885,0.33095329,0.68494053,0.00000000
1.71985993,1.70737653,0.13145396,0.15199739,0.74027285,0.34439396,0.33871298,0.68381934,0.00000000
1.72586293,1.70789592,0.12880879,0.15849374,0.73506806,0.35237066,0.34646260,0.68156908,0.00000000
1.73186593,1.70797404,0.12616266,0.16520679,0.72978801,0.36111066,0.35412369,0.67821606,0.00000000
1.73786893,1.70754342,0.12349297,0.17205625,0.72450423,0.37039851,0.36159919,0.67378562,0.00000000
1.74387194,1.70644651,0.12077573,0.17894328,0.71922372,0.37998679,0.36877454,0.66829962,0.00000000
1.74987494,1.70443869,0.11798681,0.18575264,0.71388993,0.38960259,0.37551976,0.66177436,0.00000000
1.75587794,1.70119599,0.11510316,0.19235570,0.70838725,0.39895517,0.38169227,0.65421920,0.00000000
1.76188094,1.69632733,0.11210383,0.19861437,0.70254894,0.40774456,0.38714068,0.64563597,0.00000000
1.76788394,1.68939079,0.10897093,0.20438562,0.69616792,0.41567086,0.39170918,0.63601931,0.00000000
1.77388694,1.67991337,0.10569044,0.20952654,0.68900979,0.42244394,0.39524260,0.62535792,0.00000000
1.77988994,1.66741327,0.10225283,0.21389967,0.68082750,0.42779311,0.39759175,0.61363668,0.00000000
1.78589295,1.65142357,0.09865352,0.21737836,0.67137664,0.43147649,0.39861898,0.60083948,0.00000000
1.79189595,1.63151644,0.09489315,0.21985192,0.66043072,0.43328956,0.39820361,0.58695274,0.00000000
1.79789895,1.60732635,0.09097770,0.22123030,0.64779544,0.43307273,0.39624700,0.57196923,0.00000000
1.80390195,1.57857149,0.08691842,0.22144814,0.63332133,0.43071735,0.39267709,0.55589204,0.00000000
1.80990495,1.54507207,0.08273159,0.22046799,0.61691404,0.42617015,0.38745206,0.53873849,0.00000000
1.81590795,1.50676481,0.07843813,0.21828242,0.59854190,0.41943576,0.38056310,0.52054361,0.00000000
1.82191096,1.46371285,0.07406307,0.21491518,0.57824029,0.41057726,0.37203599,0.50136307,0.00000000
1.82791396,1.41611069,0.06963496,0.21042115,0.55611291,0.39971473,0.36193146,0.48127524,0.00000000
1.83391696,1.36428392,0.06518506,0.20488523,0.53232977,0.38702198,0.35034440,0.46038242,0.00000000
1.83991996,1.30868383,0.06074662,0.19842012,0.50712234,0.37272137,0.33740181,0.43881086,0.00000000
1.84592296,1.24987725,0.05635400,0.19116323,0.48077603,0.35707729,0.32325962,0.41670988,0.00000000
1.85192596,1.18853210,0.05204189,0.18327276,0.45362063,0.34038826,0.30809862,0.39424972,0.00000000
1.85792896,1.12539935,0.04784444,0.17492317,0.42601921,0.32297824,0.29211951,0.37161856,0.00000000
1.86393197,1.06129222,0.04379451,0.16630022,0.39835595,0.30518730,0.27553743,0.34901859,0.00000000
1.86993497,0.99706348,0.03992301,0.15759577,0.37102371,0.28736217,0.25857614,0.32666139,0.00000000
1.87593797,0.93358185,0.03625825,0.14900248,0.34441166,0.26984681,0.24146202,0.30476280,0.00000000
1.88194097,0.87170828,0.03282546,0.14070870,0.31889364,0.25297342,0.22441826,0.28353751,0.00000000
1.88794397,0.81227295,0.02964638,0.13289353,0.29481748,0.23705416,0.20765929,0.26319353,0.00000000
1.89394697,0.75605382,0.02673899,0.12572231,0.27249574,0.22237362,0.19138577,0.24392679,0.00000000
1.89994997,0.70375712,0.02411734,0.11934263,0.25219803,0.20918239,0.17578018,0.22591606,0.00000000
1.90595298,0.65600046,0.02179142,0.11388078,0.23414495,0.19769168,0.16100320,0.20931835,0.00000000
1.91195598,0.61329879,0.01976723,0.10943893,0.21850382,0.18806907,0.14719085,0.19426488,0.00000000
1.91795898,0.57605332,0.01804681,0.10609286,0.20538607,0.18043546,0.13445254,0.18085784,0.00000000
1.92396198,0.54454382,0.01662839,0.10389040,0.19484618,0.17486313,0.12286996,0.16916789,0.00000000
1.92996498,0.51892390,0.01550655,0.10285051,0.18688216,0.17137500,0.11249671,0.15923256,0.00000000
1.93596798,0.49921956,0.01467241,0.10296298,0.18143729,0.16994483,0.10335881,0.15105550,0.00000000
1.94197099,0.48533074,0.01411389,0.10418886,0.17840307,0.17049862,0.09545575,0.14460659,0.00000000
1.94797399,0.47703575,0.01381587,0.10646147,0.17762314,0.17291685,0.08876225,0.13982292,0.00000000
1.95397699,0.47399847,0.01376046,0.10968809,0.17889817,0.17703773,0.08323039,0.13661063,0.00000000
1.95997999,0.47577803,0.01392720,0.11375219,0.18199143,0.18266140,0.07879228,0.13484741,0.00000000
1.96598299,0.48184094,0.01429336,0.11851636,0.18663509,0.18955485,0.07536289,0.13438579,0.00000000
1.97198599,0.49157531,0.01483416,0.12382569,0.19253702,0.19745774,0.07284322,0.13505708,0.00000000
1.97798899,0.50430700,0.01552307,0.12951170,0.19938812,0.20608884,0.07112353,0.13667573,0.00000000
1.98399200,0.51931730,0.01633214,0.13539671,0.20686987,0.21515316,0.07008668,0.13904429,0.00000000
1.98999500,0.53586205,0.01723236,0.14129851,0.21466228,0.22434945,0.06961145,0.14195857,0.00000000
1.99599800,0.55319149,0.01819409,0.14703526,0.22245175,0.23337812,0.06957578,0.14521315,0.00000000
2.00200100,0.57057070,0.01918748,0.15243056,0.22993899,0.24194914,0.06985994,0.14860684,0.00000000
2.00800400,0.58729998,0.02018305,0.15731837,0.23684659,0.24979001,0.07034945,0.15194816,0.00000000
2.01400700,0.60273467,0.02115213,0.16154777,0.24292623,0.25665329,0.07093788,0.15506065,0.00000000
2.02001001,0.61630394,0.02206754,0.16498740,0.24796522,0.26232358,0.07152922,0.15778770,0.00000000
2.02601301,0.62752786,0.02290409,0.16752930,0.25179211,0.26662372,0.07204012,0.15999706,0.00000000
2.03201601,0.63603234,0.02363917,0.16909217,0.25428145,0.26941995,0.07240163,0.16158458,0.00000000
2.03801901,0.64156137,0.02425332,0.16962374,0.25535714,0.27062580,0.07256061,0.16247727,0.00000000
2.04402201,0.64398615,0.02473066,0.16910239,0.25499464,0.27020469,0.07248073,0.16263550,0.00000000
2.05002501,0.64331075,0.02505930,0.16753775,0.25322163,0.26817097,0.07214301,0.16205428,0.00000000
2.05602801,0.63967409,0.02523165,0.16497037,0.25011730,0.26458947,0.07154590,0.16076357,0.00000000
2.06203102,0.63334814,0.02524460,0.16147051,0.24581011,0.25957354,0.07070500,0.15882757,0.00000000
2.06803402,0.62473223,0.02509953,0.15713598,0.24047428,0.25328166,0.06965225,0.15634316,0.00000000
2.07403702,0.61434374,0.02480227,0.15208928,0.23432483,0.24591276,0.06843476,0.15343721,0.00000000
2.08004002,0.60280522,0.02436281,0.14647408,0.22761167,0.23770039,0.06711328,0.15026328,0.00000000
2.08604302,0.59082847,0.02379498,0.14045117,0.22061260,0.22890602,0.06576031,0.14699730,0.00000000
2.09204602,0.57919576,0.02311594,0.13419411,0.21362566,0.21981164,0.06445791,0.14383284,0.00000000
2.09804902,0.56873884,0.02234557,0.12788464,0.20696085,0.21071199,0.06329531,0.14097563,0.00000000
2.10405203,0.56031607,0.02150581,0.12170817,0.20093160,0.20190655,0.06236633,0.13863784,0.00000000
2.11005503,0.55478844,0.02061991,0.11584928,0.19584612,0.19369171,0.06176664,0.13703200,0.00000000
2.11605803,0.55299471,0.01971168,0.11048746,0.19199885,0.18635307,0.06159098,0.13636482,0.00000000
2.12206103,0.55572658,0.01880469,0.10579327,0.18966215,0.18015833,0.06193041,0.13683105,0.00000000
2.12806403,0.56370417,0.01792155,0.10192480,0.18907851,0.17535072,0.06286949,0.13860739,0.00000000
2.13406703,0.57755251,0.01708321,0.09902461,0.19045334,0.17214320,0.06448368,0.14184676,0.00000000
2.14007004,0.59777963,0.01630832,0.09721708,0.19394854,0.17071343,0.06683681,0.14667297,0.00000000
2.14607304,0.62475667,0.01561273,0.09660628,0.19967693,0.17119965,0.06997880,0.15317589,0.00000000
2.15207604,0.65870077,0.01500903,0.09727420,0.20769776,0.17369745,0.07394362,0.16140729,0.00000000
2.15807904,0.69966111,0.01450628,0.09927941,0.21801337,0.17825752,0.07874756,0.17137757,0.00000000
2.16408204,0.74750880,0.01410984,0.10265610,0.23056706,0.18488426,0.08438788,0.18305331,0.00000000
2.17008504,0.80193099,0.01382128,0.10741339,0.24524242,0.19353542,0.09084186,0.19635592,0.00000000
2.17608804,0.86242970,0.01363847,0.11353510,0.26186406,0.20412262,0.09806632,0.21116146,0.00000000
2.18209105,0.92832572,0.01355580,0.12097963,0.28019997,0.21651284,0.10599767,0.22730168,0.00000000
2.18809405,0.99876781,0.01356444,0.12968032,0.29996533,0.23053084,0.11455241,0.24456631,0.00000000
2.19409705,1.07274724,0.01365272,0.13954604,0.32082804,0.24596242,0.12362830,0.26270676,0.00000000
2.20010005,1.14911762,0.01380668,0.15046211,0.34241567,0.26255870,0.13310601,0.28144100,0.00000000
2.20610305,1.22661971,0.01401051,0.16229164,0.36432388,0.28004102,0.14285129,0.30045974,0.00000000
2.21210605,1.30391065,0.01424718,0.17487724,0.38612604,0.29810681,0.15271777,0.31943368,0.00000000
2.21810905,1.37959693,0.01449905,0.18804318,0.40738389,0.31643603,0.16255006,0.33802163,0.00000000
2.22411206,1.45227016,0.01474844,0.20159799,0.42765889,0.33469813,0.17218736,0.35587943,0.00000000
2.23011506,1.52054455,0.01497823,0.21533755,0.44652392,0.35255955,0.18146732,0.37266918,0.00000000
2.23611806,1.58309479,0.01517241,0.22904866,0.46357498,0.36969139,0.19023000,0.38806870,0.00000000
2.24212106,1.63869314,0.01531659,0.24251300,0.47844241,0.38577717,0.19832204,0.40178069,0.00000000
2.24812406,1.68624433,0.01539841,0.25551151,0.49080135,0.40052049,0.20560061,0.41354150,0.00000000
2.25412706,1.72481693,0.01540789,0.26782909,0.50038086,0.41365232,0.21193727,0.42312894,0.00000000
2.26013007,1.75367019,0.01533768,0.27925950,0.50697157,0.42493778,0.21722143,0.43036906,0.00000000
2.26613307,1.77227518,0.01518323,0.28961028,0.51043137,0.43418215,0.22136339,0.43514148,0.00000000
2.27213607,1.78032960,0.01494285,0.29870773,0.51068909,0.44123598,0.22429683,0.43738329,0.00000000
2.27813907,1.77776571,0.01461766,0.30640152,0.50774596,0.44599911,0.22598065,0.43709110,0.00000000
2.28414207,1.76475120,0.01421149,0.31256901,0.50167483,0.44842346,0.22640019,0.43432151,0.00000000
2.29014507,1.74168309,0.01373067,0.31711897,0.49261727,0.44851456,0.22556763,0.42918970,0.00000000
2.29614807,1.70917506,0.01318378,0.31999456,0.48077867,0.44633168,0.22352172,0.42186652,0.00000000
2.30215108,1.66803883,0.01258135,0.32117547,0.46642160,0.44198667,0.22032685,0.41257398,0.00000000
2.30815408,1.61926048,0.01193550,0.32067912,0.44985768,0.43564145,0.21607136,0.40157946,0.00000000
2.31415708,1.56397279,0.01125961,0.31856071,0.43143845,0.42750421,0.21086539,0.38918888,0.00000000
2.32016008,1.50342456,0.01056799,0.31491231,0.41154542,0.41782458,0.20483809,0.37573904,0.00000000
2.32616308,1.43894834,0.00987553,0.30986073,0.39057984,0.40688779,0.19813463,0.36158947,0.00000000
2.33216608,1.37192751,0.00919741,0.30356445,0.36895244,0.39500796,0.19091272,0.34711394,0.00000000
2.33816908,1.30376397,0.00854890,0.29620956,0.34707355,0.38252087,0.18333915,0.33269210,0.00000000
2.34417209,1.23584731,0.00794510,0.28800492,0.32534381,0.36977630,0.17558616,0.31870124,0.00000000
2.35017509,1.16952633,0.00740083,0.27917667,0.30414568,0.35713017,0.16782796,0.30550850,0.00000000
2.35617809,1.10608358,0.00693051,0.26996233,0.28383596,0.34493669,0.16023734,0.29346375,0.00000000
2.36218109,1.04671330,0.00654812,0.26060469,0.26473946,0.33354076,0.15298257,0.28289311,0.00000000
2.36818409,0.99250311,0.00626712,0.25134568,0.24714365,0.32327074,0.14622462,0.27409324,0.00000000
2.37418709,0.94441948,0.00610049,0.24242051,0.23129458,0.31443184,0.14011469,0.26732657,0.00000000
2.38019010,0.90329686,0.00606066,0.23405222,0.21739378,0.30730006,0.13479215,0.26281732,0.00000000
2.38619310,0.86983039,0.00615953,0.22644683,0.20559624,0.30211713,0.13038288,0.26074831,0.00000000
2.39219610,0.84457164,0.00640837,0.21978919,0.19600924,0.29908610,0.12699792,0.26125870,0.00000000
2.39819910,0.82792719,0.00681776,0.21423973,0.18869216,0.29836801,0.12473254,0.26444238,0.00000000
2.40420210,0.82015945,0.00739741,0.20993200,0.18365690,0.30007932,0.12366544,0.27034710,0.00000000
2.41020510,0.82138935,0.00815593,0.20697115,0.18086917,0.30429036,0.12385836,0.27897432,0.00000000
2.41620810,0.83160044,0.00910059,0.20543316,0.18025033,0.31102454,0.12535571,0.29027954,0.00000000
2.42221111,0.85064397,0.01023696,0.20536492,0.18167994,0.32025837,0.12818431,0.30417332,0.00000000
2.42821411,0.87824472,0.01156849,0.20678491,0.18499884,0.33192229,0.13235327,0.32052276,0.00000000
2.43421711,0.91400738,0.01309611,0.20968436,0.19001291,0.34590213,0.13785372,0.33915352,0.00000000
2.44022011,0.95742316,0.01481777,0.21402894,0.19649736,0.36204114,0.14465867,0.35985233,0.00000000
2.44622311,1.00787693,0.01672795,0.21976058,0.20420158,0.38014274,0.15272276,0.38237005,0.00000000
2.45222611,1.06465466,0.01881728,0.22679965,0.21285454,0.39997368,0.16198205,0.40642519,0.00000000
2.45822911,1.12695158,0.02107217,0.23504701,0.22217062,0.42126781,0.17235385,0.43170801,0.00000000
2.46423212,1.19388108,0.02347456,0.24438636,0.23185586,0.44373043,0.18373670,0.45788509,0.00000000
2.47023512,1.26448484,0.02600173,0.25468637,0.24161440,0.46704305,0.19601057,0.48460453,0.00000000
2.47623812,1.33774425,0.02862638,0.26580301,0.25115513,0.49086885,0.20903739,0.51150160,0.00000000
2.48224112,1.41259357,0.03131678,0.27758186,0.26019818,0.51485858,0.22266196,0.53820495,0.00000000
2.48824412,1.48793490,0.03403715,0.28986056,0.26848129,0.53865712,0.23671348,0.56434327,0.00000000
2.49424712,1.56265517,0.03674821,0.30247140,0.27576562,0.56191046,0.25100760,0.58955232,0.00000000
2.50025013,1.63564492,0.03940799,0.31524411,0.28184107,0.58427315,0.26534916,0.61348222,0.00000000
2.50625313,1.70581895,0.04197270,0.32800902,0.28653071,0.60541604,0.27953565,0.63580488,0.00000000
2.51225613,1.77213824,0.04439784,0.34060029,0.28969425,0.62503423,0.29336120,0.65622142,0.00000000
2.51825913,1.83363273,0.04663942,0.35285956,0.29123049,0.64285487,0.30662131,0.67446924,0.00000000
2.52426213,1.88942419,0.04865517,0.36463964,0.29107854,0.65864467,0.31911783,0.69032866,0.00000000
2.53026513,1.93874842,0.05040588,0.37580832,0.28921793,0.67221678,0.33066431,0.70362875,0.00000000
2.53626813,1.98097570,0.05185662,0.38625206,0.28566745,0.68343665,0.34109142,0.71425222,0.00000000
2.54227114,2.01562864,0.05297789,0.39587945,0.28048300,0.69222671,0.35025208,0.72213896,0.00000000
2.54827414,2.04239631,0.05374667,0.40462408,0.27375436,0.69856930,0.35802619,0.72728809,0.00000000
2.55427714,2.06114382,0.05414723,0.41244686,0.26560117,0.70250783,0.36432466,0.72975836,0.00000000
2.56028014,2.07191655,0.05417172,0.41933732,0.25616830,0.70414582,0.36909244,0.72966664,0.00000000
2.56628314,2.07493846,0.05382050,0.42531389,0.24562070,0.70364364,0.37231044,0.72718454,0.00000000
2.57228614,2.07060419,0.05310222,0.43042297,0.23413810,0.70121305,0.37399612,0.72253311,0.00000000
2.57828914,2.05946500,0.05203359,0.43473676,0.22190962,0.69710955,0.37420270,0.71597577,0.00000000
2.58429215,2.04220877,0.05063893,0.43834976,0.20912862,0.69162273,0.37301695,0.70780960,0.00000000
2.59029515,2.01963489,0.04894936,0.44137416,0.19598785,0.68506498,0.37055567,0.69835534,0.00000000
2.59629815,1.99262481,0.04700196,0.44393419,0.18267515,0.67775899,0.36696095,0.68794643,0.00000000
2.60230115,1.96210973,0.04483860,0.44615970,0.16936966,0.67002449,0.36239447,0.67691748,0.00000000
2.60830415,1.92903654,0.04250475,0.44817925,0.15623876,0.66216499,0.35703107,0.66559281,0.00000000
2.61430715,1.89433391,0.04004818,0.45011317,0.14343572,0.65445492,0.35105194,0.65427533,0.00000000
2.62031016,1.85887976,0.03751767,0.45206677,0.13109801,0.64712796,0.34463772,0.64323642,0.00000000
2.62631316,1.82347194,0.03496176,0.45412428,0.11934629,0.64036714,0.33796188,0.63270722,0.00000000
2.63231616,1.78880316,0.03242756,0.45634377,0.10828397,0.63429711,0.33118470,0.62287175,0.00000000
2.63831916,1.75544151,0.02995968,0.45875331,0.09799731,0.62897914,0.32444807,0.61386204,0.00000000
2.64432216,1.72381722,0.02759934,0.46134875,0.08855595,0.62440899,0.31787147,0.60575571,0.00000000
2.65032516,1.69421612,0.02538360,0.46409312,0.08001371,0.62051788,0.31154907,0.59857580,0.00000000
2.65632816,1.66677982,0.02334474,0.46691776,0.07240960,0.61717652,0.30554822,0.59229303,0.00000000
2.66233117,1.64151240,0.02150987,0.46972513,0.06576900,0.61420190,0.29990927,0.58683021,0.00000000
2.66833417,1.61829268,0.01990064,0.47239309,0.06010479,0.61136669,0.29464656,0.58206847,0.00000000
2.67433717,1.59689134,0.01853313,0.47478051,0.05541840,0.60841049,0.28975060,0.57785502,0.00000000
2.68034017,1.57699159,0.01741783,0.47673371,0.05170086,0.60505267,0.28519103,0.57401201,0.00000000
2.68634317,1.55821198,0.01655975,0.47809353,0.04893354,0.60100589,0.28092039,0.57034582,0.00000000
2.69234617,1.54013012,0.01595861,0.47870258,0.04708887,0.59598975,0.27687814,0.56665649,0.00000000
2.69834917,1.52230586,0.01560909,0.47841217,0.04613075,0.58974384,0.27299498,0.56274668,0.00000000
2.70435218,1.50430277,0.01550116,0.47708875,0.04601493,0.58203965,0.26919696,0.55842978,0.00000000
2.71035518,1.48570695,0.01562041,0.47461931,0.04668919,0.57269059,0.26540935,0.55353677,0.00000000
2.71635818,1.46614237,0.01594846,0.47091570,0.04809350,0.56155999,0.26155998,0.54792167,0.00000000
2.72236118,1.44528237,0.01646337,0.46591758,0.05016015,0.54856649,0.25758208,0.54146534,0.00000000
2.72836418,1.42285713,0.01714014,0.45959393,0.05281402,0.53368679,0.25341630,0.53407761,0.00000000
2.73436718,1.39865718,0.01795117,0.45194323,0.05597283,0.51695583,0.24901222,0.52569785,0.00000000
2.74037019,1.37253350,0.01886679,0.44299229,0.05954775,0.49846433,0.24432908,0.51629410,0.00000000
2.74637319,1.34439460,0.01985589,0.43279394,0.06344408,0.47835409,0.23933600,0.50586101,0.00000000
2.75237619,1.31420139,0.02088646,0.42142390,0.06756234,0.45681142,0.23401172,0.49441687,0.00000000
2.75837919,1.28196062,0.02192630,0.40897693,0.07179955,0.43405901,0.22834398,0.48200005,0.00000000
2.76438219,1.24771759,0.02294364,0.39556264,0.07605079,0.41034685,0.22232869,0.46866514,0.00000000
2.77038519,1.21154896,0.02390788,0.38130122,0.08021113,0.38594259,0.21596897,0.45447918,0.00000000
2.77638819,1.17355608,0.02479019,0.36631931,0.08417762,0.36112197,0.20927423,0.43951807,0.00000000
2.78239120,1.13385950,0.02556423,0.35074618,0.08785152,0.33615960,0.20225925,0.42386348,0.00000000
2.78839420,1.09259467,0.02620674,0.33471051,0.09114058,0.31132056,0.19494349,0.40760037,0.00000000
2.79439720,1.04990912,0.02669805,0.31833763,0.09396123,0.28685311,0.18735053,0.39081512,0.00000000
2.80040020,1.00596101,0.02702256,0.30174755,0.09624076,0.26298278,0.17950760,0.37359437,0.00000000
2.80640320,0.96091866,0.02716905,0.28505355,0.09791910,0.23990788,0.17144535,0.35602431,0.00000000
2.81240620,0.91496105,0.02713091,0.26836133,0.09895046,0.21779643,0.16319770,0.33819060,0.00000000
2.81840920,0.86827857,0.02690618,0.25176872,0.09930439,0.19678475,0.15480164,0.32017853,0.00000000
2.82441221,0.82107393,0.02649748,0.23536574,0.09896652,0.17697715,0.14629714,0.30207331,0.00000000
2.83041521,0.77356264,0.02591180,0.21923493,0.09793868,0.15844706,0.13772695,0.28396052,0.00000000
2.83641821,0.72597289,0.02516012,0.20345182,0.09623853,0.14123893,0.12913628,0.26592635,0.00000000
2.84242121,0.67854454,0.02425698,0.18808551,0.09389874,0.12537111,0.12057237,0.24805767,0.00000000
2.84842421,0.63152715,0.02321986,0.17319916,0.09096555,0.11083915,0.11208394,0.23044182,0.00000000
2.85442721,0.58517706,0.02206854,0.15885042,0.08749705,0.09761952,0.10372048,0.21316609,0.00000000
2.86043022,0.53975354,0.02082446,0.14509174,0.08356102,0.08567348,0.09553141,0.19631691,0.00000000
2.86643322,0.49551438,0.01950992,0.13197058,0.07923262,0.07495091,0.08756521,0.17997877,0.00000000
2.87243622,0.45271098,0.01814747,0.11952950,0.07459182,0.06539402,0.07986849,0.16423302,0.00000000
2.87843922,0.41158341,0.01675921,0.10780619,0.06972092,0.05694086,0.07248511,0.14915652,0.00000000
2.88444222,0.37235568,0.01536619,0.09683350,0.06470208,0.04952839,0.06545533,0.13482034,0.00000000
2.89044522,0.33523156,0.01398792,0.08663945,0.05961500,0.04309532,0.05881511,0.12128858,0.00000000
2.89644822,0.30039115,0.01264194,0.07724738,0.05453489,0.03758450,0.05259561,0.10861741,0.00000000
2.90245123,0.26798849,0.01134354,0.06867616,0.04953075,0.03294492,0.04682279,0.09685437,0.00000000
2.90845423,0.23815026,0.01010552,0.06094057,0.04466402,0.02913339,0.04151734,0.08603802,0.00000000
2.91445723,0.21097561,0.00893811,0.05405175,0.03998755,0.02611579,0.03669467,0.07619797,0.00000000
2.92046023,0.18653715,0.00784899,0.04801791,0.03554505,0.02386801,0.03236524,0.06735517,0.00000000
2.92646323,0.16488288,0.00684337,0.04284497,0.03137088,0.02237656,0.02853498,0.05952263,0.00000000
2.93246623,0.14603891,0.00592416,0.03853738,0.02749017,0.02163883,0.02520582,0.05270631,0.00000000
2.93846923,0.13001279,0.00509218,0.03509890,0.02391928,0.02166302,0.02237638,0.04690624,0.00000000
2.94447224,0.11679703,0.00434645,0.03253329,0.02066649,0.02246772,0.02004263,0.04211772,0.00000000
2.95047524,0.10637277,0.00368450,0.03084484,0.01773291,0.02408119,0.01819860,0.03833251,0.00000000
2.95647824,0.09871300,0.00310265,0.03003880,0.01511355,0.02654020,0.01683695,0.03553997,0.00000000
2.96248124,0.09378545,0.00259633,0.03012139,0.01279840,0.02988854,0.01594950,0.03372801,0.00000000
2.96848424,0.09155465,0.00216040,0.03109968,0.01077364,0.03417515,0.01552761,0.03288378,0.00000000
2.97448724,0.09198320,0.00178942,0.03298096,0.00902280,0.03945189,0.01556237,0.03299413,0.00000000
2.98049025,0.09503207,0.00147791,0.03577192,0.00752787,0.04577097,0.01604466,0.03404576,0.00000000
2.98649325,0.10066000,0.00122058,0.03947742,0.00627040,0.05318208,0.01696499,0.03602496,0.00000000
2.99249625,0.10882208,0.00101253,0.04409899,0.00523240,0.06172939,0.01831321,0.03891725,0.00000000
2.99849925,0.11946753,0.00084944,0.04963315,0.00439726,0.07144834,0.02007808,0.04270658,0.00000000
3.00450225,0.13253702,0.00072770,0.05606959,0.00375049,0.08236255,0.02224675,0.04737454,0.00000000
3.01050525,0.14795978,0.00064454,0.06338933,0.00328041,0.09448085,0.02480416,0.05289938,0.00000000
3.01650825,0.16565064,0.00059811,0.07156297,0.00297868,0.10779469,0.02773248,0.05925512,0.00000000
3.02251126,0.18550754,0.00058759,0.08054922,0.00284076,0.12227598,0.03101056,0.06641074,0.00000000
3.02851426,0.20740951,0.00061323,0.09029379,0.00286631,0.13787565,0.03461355,0.07432962,0.00000000
3.03451726,0.23121575,0.00067642,0.10072871,0.00305945,0.15452305,0.03851260,0.08296929,0.00000000
3.04052026,0.25676570,0.00077965,0.11177228,0.00342892,0.17212615,0.04267482,0.09228159,0.00000000
3.04652326,0.28388040,0.00092659,0.12332967,0.00398818,0.19057287,0.04706348,0.10221319,0.00000000
3.05252626,0.31236525,0.00112207,0.13529423,0.00475540,0.20973337,0.05163837,0.11270660,0.00000000
3.05852926,0.34201397,0.00137197,0.14754941,0.00575324,0.22946332,0.05635654,0.12370162,0.00000000
3.06453227,0.37261376,0.00168324,0.15997143,0.00700865,0.24960800,0.06117314,0.13513699,0.00000000
3.07053527,0.40395126,0.00206375,0.17243241,0.00855232,0.27000719,0.06604254,0.14695249,0.00000000
3.07653827,0.43581914,0.00252217,0.18480392,0.01041808,0.29050039,0.07091956,0.15909091,0.00000000
3.08254127,0.46802261,0.00306776,0.19696080,0.01264207,0.31093229,0.07576074,0.17150016,0.00000000
3.08854427,0.50038569,0.00371018,0.20878493,0.01526170,0.33115803,0.08052565,0.18413499,0.00000000
3.09454727,0.53275645,0.00445922,0.22016886,0.01831435,0.35104797,0.08517808,0.19695834,0.00000000
3.10055028,0.56501090,0.00532444,0.23101896,0.02183594,0.37049158,0.08968707,0.20994209,0.00000000
3.10655328,0.59705500,0.00631487,0.24125801,0.02585925,0.38940018,0.09402764,0.22306708,0.00000000
3.11255628,0.62882464,0.00743861,0.25082686,0.03041210,0.40770833,0.09818129,0.23632220,0.00000000
3.11855928,0.66028309,0.00870243,0.25968525,0.03551540,0.42537356,0.10213604,0.24970273,0.00000000
3.12456228,0.69141620,0.01011136,0.26781152,0.04118123,0.44237451,0.10588615,0.26320766,0.00000000
3.13056528,0.72222529,0.01166832,0.27520131,0.04741080,0.45870753,0.10943142,0.27683627,0.00000000
3.13656828,0.75271822,0.01337379,0.28186524,0.05419268,0.47438173,0.11277616,0.29058414,0.00000000
3.14257129,0.78289896,0.01522552,0.28782576,0.06150118,0.48941298,0.11592785,0.30443865,0.00000000
3.14857429,0.81275648,0.01721828,0.29311334,0.06929504,0.50381715,0.11889563,0.31837440,0.00000000
3.15457729,0.84225366,0.01934388,0.29776216,0.07751657,0.51760290,0.12168861,0.33234885,0.00000000
3.16058029,0.87131709,0.02159109,0.30180574,0.08609135,0.53076483,0.12431423,0.34629848,0.00000000
3.16658329,0.89982845,0.02394587,0.30527271,0.09492845,0.54327726,0.12677680,0.36013573,0.00000000
3.17258629,0.92761852,0.02639166,0.30818297,0.10392136,0.55508918,0.12907616,0.37374728,0.00000000
3.17858929,0.95446409,0.02890987,0.31054466,0.11294958,0.56612096,0.13120676,0.38699359,0.00000000
3.18459230,0.98008866,0.03148039,0.31235206,0.12188094,0.57626293,0.13315720,0.39971013,0.00000000
3.19059530,1.00416678,0.03408235,0.31358457,0.13057455,0.58537628,0.13491013,0.41171024,0.00000000
3.19659830,1.02633235,0.03669486,0.31420693,0.13888423,0.59329617,0.13644273,0.42278967,0.00000000
3.20260130,1.04619032,0.03929782,0.31417073,0.14666256,0.59983706,0.13772763,0.43273258,0.00000000
3.20860430,1.06333158,0.04187274,0.31341691,0.15376511,0.60480002,0.13873432,0.44131883,0.00000000
3.21460730,1.07734990,0.04440346,0.31187939,0.16005490,0.60798158,0.13943077,0.44833222,0.00000000
3.22061031,1.08786038,0.04687684,0.30948939,0.16540674,0.60918373,0.13978541,0.45356917,0.00000000
3.22661331,1.09451794,0.04928320,0.30618028,0.16971138,0.60822436,0.13976915,0.45684755,0.00000000
3.23261631,1.09703512,0.05161665,0.30189252,0.17287927,0.60494764,0.13935739,0.45801497,0.00000000
3.23861931,1.09519777,0.05387511,0.29657860,0.17484362,0.59923362,0.13853182,0.45695626,0.00000000
3.24462231,1.08887788,0.05606016,0.29020737,0.17556277,0.59100648,0.13728200,0.45359954,0.00000000
3.25062531,1.07804259,0.05817656,0.28276777,0.17502167,0.58024100,0.13560644,0.44792069,0.00000000
3.25662831,1.06275890,0.06023153,0.27427148,0.17323242,0.56696671,0.13351327,0.43994581,0.00000000
3.26263132,1.04319368,0.06223390,0.26475454,0.17023385,0.55126959,0.13102034,0.42975158,0.00000000
3.26863432,1.01960902,0.06419296,0.25427775,0.16609009,0.53329125,0.12815483,0.41746357,0.00000000
3.27463732,0.99235316,0.06611728,0.24292578,0.16088836,0.51322545,0.12495227,0.40325250,0.00000000
3.28064032,0.96184758,0.06801347,0.23080521,0.15473592,0.49131239,0.12145521,0.38732861,0.00000000
3.28664332,0.92857097,0.06988500,0.21804149,0.14775639,0.46783105,0.11771148,0.36993464,0.00000000
3.29264632,0.89304102,0.07173109,0.20477511,0.14008572,0.44308991,0.11377217,0.35133761,0.00000000
3.29864932,0.85579510,0.07354587,0.19115708,0.13186778,0.41741671,0.10968957,0.33181993,0.00000000
3.30465233,0.81737094,0.07531776,0.17734418,0.12325003,0.39114777,0.10551507,0.31167025,0.00000000
3.31065533,0.77828827,0.07702918,0.16349402,0.11437924,0.36461737,0.10129718,0.29117452,0.00000000
3.31665833,0.73903237,0.07865665,0.14976025,0.10539752,0.33814775,0.09707987,0.27060763,0.00000000
3.32266133,0.70004040,0.08017126,0.13628820,0.09643892,0.31204017,0.09290116,0.25022611,0.00000000
3.32866433,0.66169092,0.08153946,0.12321109,0.08762646,0.28656742,0.08879220,0.23026190,0.00000000
3.33466733,0.62429705,0.08272430,0.11064684,0.07906999,0.26196800,0.08477668,0.21091772,0.00000000
3.34067034,0.58810341,0.08368680,0.09869583,0.07086466,0.23844211,0.08087079,0.19236384,0.00000000
3.34667334,0.55328656,0.08438767,0.08743936,0.06309018,0.21614951,0.07708357,0.17473649,0.00000000
3.35267634,0.51995876,0.08478906,0.07693904,0.05581078,0.19520928,0.07341757,0.15813763,0.00000000
3.35867934,0.48817452,0.08485639,0.06723689,0.04907587,0.17570106,0.06986991,0.14263617,0.00000000
3.36468234,0.45793930,0.08456005,0.05835622,0.04292128,0.15766782,0.06643348,0.12827026,0.00000000
3.37068534,0.42921975,0.08387700,0.05030301,0.03737104,0.14111979,0.06309833,0.11505045,0.00000000
3.37668834,0.40195468,0.08279203,0.04306784,0.03243955,0.12603915,0.05985305,0.10296357,0.00000000
3.38269135,0.37606622,0.08129876,0.03662809,0.02813419,0.11238535,0.05668611,0.09197699,0.00000000
3.38869435,0.35147043,0.07940021,0.03095036,0.02445797,0.10010060,0.05358711,0.08204300,0.00000000
3.39469735,0.32808701,0.07710900,0.02599302,0.02141253,0.08911540,0.05054782,0.07310319,0.00000000
3.40070035,0.30584761,0.07444710,0.02170860,0.01900103,0.07935376,0.04756296,0.06509256,0.00000000
3.40670335,0.28470248,0.07144521,0.01804622,0.01723108,0.07073808,0.04463081,0.05794325,0.00000000
3.41270635,0.26462543,0.06814176,0.01495368,0.01611752,0.06319336,0.04175346,0.05158785,0.00000000
3.41870935,0.24561709,0.06458164,0.01237940,0.01568500,0.05665082,0.03893692,0.04596206,0.00000000
3.42471236,0.22770638,0.06081469,0.01027407,0.01597035,0.05105085,0.03619094,0.04100697,0.00000000
3.43071536,0.21095068,0.05689400,0.00859191,0.01702454,0.04634518,0.03352865,0.03667062,0.00000000
3.43671836,0.19543463,0.05287427,0.00729178,0.01891424,0.04249844,0.03096610,0.03290918,0.00000000
3.44272136,0.18126792,0.04881004,0.00633787,0.02172285,0.03948901,0.02852168,0.02968758,0.00000000
3.44872436,0.16858241,0.04475417,0.00570020,0.02555099,0.03730932,0.02621546,0.02697985,0.00000000
3.45472736,0.15752862,0.04075636,0.00535481,0.03051622,0.03596552,0.02406859,0.02476895,0.00000000
3.46073037,0.14827185,0.03686197,0.00528377,0.03675200,0.03547673,0.02210264,0.02304651,0.00000000
3.46673337,0.14098807,0.03311109,0.00547493,0.04440577,0.03587376,0.02033908,0.02181220,0.00000000
3.47273637,0.13585966,0.02953786,0.00592156,0.05363608,0.03719738,0.01879869,0.02107292,0.00000000
3.47873937,0.13307095,0.02617012,0.00662170,0.06460867,0.03949626,0.01750117,0.02084193,0.00000000
3.48474237,0.13280361,0.02302927,0.00757752,0.07749159,0.04282443,0.01646474,0.02113765,0.00000000
3.49074537,0.13523188,0.02013050,0.00879444,0.09244923,0.04723849,0.01570580,0.02198251,0.00000000
3.49674837,0.14051747,0.01748312,0.01028014,0.10963546,0.05279440,0.01523866,0.02340152,0.00000000
3.50275138,0.14880427,0.01509115,0.01204358,0.12918592,0.05954411,0.01507527,0.02542080,0.00000000
3.50875438,0.16021266,0.01295409,0.01409383,0.15120978,0.06753191,0.01522495,0.02806591,0.00000000
3.51475738,0.17483370,0.01106770,0.01643894,0.17578108,0.07679072,0.01569418,0.03136013,0.00000000
3.52076038,0.19272311,0.00942494,0.01908477,0.20293010,0.08733835,0.01648630,0.03532266,0.00000000
3.52676338,0.21389529,0.00801685,0.02203382,0.23263519,0.09917398,0.01760128,0.03996669,0.00000000
3.53276638,0.23831765,0.00683346,0.02528420,0.26481530,0.11227482,0.01903541,0.04529753,0.00000000
3.53876938,0.26590545,0.00586468,0.02882864,0.29932392,0.12659341,0.02078109,0.05131086,0.00000000
3.54477239,0.29651762,0.00510106,0.03265366,0.33594469,0.14205542,0.02282656,0.05799100,0.00000000
3.55077539,0.32995376,0.00453450,0.03673904,0.37438925,0.15855841,0.02515574,0.06530956,0.00000000
3.55677839,0.36595288,0.00415887,0.04105741,0.41429758,0.17597148,0.02774816,0.07322428,0.00000000
3.56278139,0.40419394,0.00397046,0.04557422,0.45524119,0.19413615,0.03057895,0.08167843,0.00000000
3.56878439,0.44429880,0.00396834,0.05024801,0.49672933,0.21286833,0.03361901,0.09060059,0.00000000
3.57478739,0.48583734,0.00415458,0.05503104,0.53821814,0.23196160,0.03683532,0.09990510,0.00000000
3.58079040,0.52833520,0.00453431,0.05987017,0.57912274,0.25119164,0.04019143,0.10949308,0.00000000
3.58679340,0.57128373,0.00511568,0.06470823,0.61883175,0.27032177,0.04364809,0.11925407,0.00000000
3.59279640,0.61415209,0.00590961,0.06948552,0.65672405,0.28910938,0.04716411,0.12906834,0.00000000
3.59879940,0.65640098,0.00692941,0.07414162,0.69218684,0.30731302,0.05069726,0.13880966,0.00000000
3.60480240,0.69749761,0.00819027,0.07861741,0.72463451,0.32469987,0.05420537,0.14834870,0.00000000
3.61080540,0.73693113,0.00970860,0.08285706,0.75352736,0.34105322,0.05764745,0.15755658,0.00000000
3.61680840,0.77422782,0.01150116,0.08681012,0.77838931,0.35617958,0.06098484,0.16630877,0.00000000
3.62281141,0.80896528,0.01358419,0.09043342,0.79882384,0.36991505,0.06418226,0.17448890,0.00000000
3.62881441,0.84078488,0.01597229,0.09369273,0.81452720,0.38213069,0.06720884,0.18199242,0.00000000
3.63481741,0.86940175,0.01867735,0.09656416,0.82529836,0.39273639,0.07003887,0.18872994,0.00000000
3.64082041,0.89461163,0.02170733,0.09903509,0.83104512,0.40168330,0.07265243,0.19462993,0.00000000
3.64682341,0.91629438,0.02506510,0.10110466,0.83178604,0.40896431,0.07503568,0.19964080,0.00000000
3.65282641,0.93441372,0.02874735,0.10278374,0.82764812,0.41461291,0.07718093,0.20373216,0.00000000
3.65882941,0.94901320,0.03274349,0.10409431,0.81886036,0.41870022,0.07908634,0.20689511,0.00000000
3.66483242,0.96020884,0.03703488,0.10506839,0.80574351,0.42133048,0.08075543,0.20914172,0.00000000
3.67083542,0.96817864,0.04159415,0.10574648,0.78869660,0.42263524,0.08219620,0.21050358,0.00000000
3.67683842,0.97314966,0.04638487,0.10617559,0.76818100,0.42276670,0.08342022,0.21102953,0.00000000
3.68284142,0.97538367,0.05136149,0.10640698,0.74470278,0.42189041,0.08444137,0.21078279,0.00000000
3.68884442,0.97516201,0.05646977,0.10649375,0.71879434,0.42017803,0.08527469,0.20983752,0.00000000
3.69484742,0.97277075,0.06164745,0.10648839,0.69099619,0.41780036,0.08593513,0.20827515,0.00000000
3.70085043,0.96848712,0.06682545,0.10644039,0.66183986,0.41492132,0.08643640,0.20618063,0.00000000
3.70685343,0.96256796,0.07192938,0.10639420,0.63183257,0.41169303,0.08679006,0.20363878,0.00000000
3.71285643,0.95524091,0.07688145,0.10638743,0.60144439,0.40825236,0.08700472,0.20073106,0.00000000
3.71885943,0.94669890,0.08160264,0.10644960,0.57109832,0.40471916,0.08708564,0.19753281,0.00000000
3.72486243,0.93709812,0.08601515,0.10660142,0.54116358,0.40119621,0.08703456,0.19411124,0.00000000
3.73086543,0.92655953,0.09004491,0.10685460,0.51195213,0.39777073,0.08684990,0.19052404,0.00000000
3.73686843,0.91517361,0.09362415,0.10721230,0.48371825,0.39451742,0.08652727,0.18681896,0.00000000
3.74287144,0.90300801,0.09669388,0.10767012,0.45666102,0.39150261,0.08606018,0.18303401,0.00000000
3.74887444,0.89011724,0.09920614,0.10821752,0.43092906,0.38878917,0.08544110,0.17919850,0.00000000
3.75487744,0.87655375,0.10112596,0.10883967,0.40662711,0.38644180,0.08466258,0.17533452,0.00000000
3.76088044,0.86237940,0.10243282,0.10951952,0.38382384,0.38453206,0.08371849,0.17145904,0.00000000
3.76688344,0.84767638,0.10312177,0.11023995,0.36256018,0.38314287,0.08260517,0.16758608,0.00000000
3.77288644,0.83255683,0.10320377,0.11098593,0.34285770,0.38237192,0.08132265,0.16372913,0.00000000
3.77888944,0.81717022,0.10270567,0.11174643,0.32472640,0.38233362,0.07987550,0.15990326,0.00000000
3.78489245,0.80170797,0.10166942,0.11251597,0.30817158,0.38315941,0.07827361,0.15612714,0.00000000
3.79089545,0.78640492,0.10015083,0.11329581,0.29319945,0.38499617,0.07653255,0.15242444,0.00000000
3.79689845,0.77153744,0.09821779,0.11409449,0.27982120,0.38800287,0.07467375,0.14882483,0.00000000
3.80290145,0.75741825,0.09594805,0.11492782,0.26805570,0.39234537,0.07272420,0.14536428,0.00000000
3.80890445,0.74438828,0.09342677,0.11581832,0.25793055,0.39818983,0.07071600,0.14208478,0.00000000
3.81490745,0.73280598,0.09074375,0.11679402,0.24948204,0.40569490,0.06868544,0.13903343,0.00000000
3.82091046,0.72303490,0.08799073,0.11788677,0.24275383,0.41500340,0.06667205,0.13626100,0.00000000
3.82691346,0.71543014,0.08525864,0.11913018,0.23779507,0.42623368,0.06471727,0.13382008,0.00000000
3.83291646,0.71032475,0.08263508,0.12055728,0.23465782,0.43947153,0.06286317,0.13176290,0.00000000
3.83891946,0.70801662,0.08020203,0.12219806,0.23339451,0.45476301,0.06115103,0.13013901,0.00000000
3.84492246,0.70875699,0.07803400,0.12407705,0.23405534,0.47210870,0.05962003,0.12899300,0.00000000
3.85092546,0.71274091,0.07619648,0.12621111,0.23668604,0.49145991,0.05830597,0.12836226,0.00000000
3.85692846,0.72010042,0.07474493,0.12860753,0.24132615,0.51271697,0.05724023,0.12827516,0.00000000
3.86293147,0.73090063,0.07372417,0.13126269,0.24800767,0.53572995,0.05644885,0.12874952,0.00000000
3.86893447,0.74513878,0.07316819,0.13416115,0.25675437,0.56030171,0.05595190,0.12979158,0.00000000
3.87493747,0.76274627,0.07310036,0.13727545,0.26758140,0.58619319,0.05576303,0.13139545,0.00000000
3.88094047,0.78359330,0.07353389,0.14056653,0.28049522,0.61313061,0.05588933,0.13354316,0.00000000
3.88694347,0.80749552,0.07447263,0.14398471,0.29549362,0.64081429,0.05633132,0.13620504,0.00000000
3.89294647,0.83422228,0.07591186,0.14747128,0.31256549,0.66892834,0.05708322,0.13934065,0.00000000
3.89894947,0.86350568,0.07783925,0.15096047,0.33169040,0.69715096,0.05813328,0.14290003,0.00000000
3.90495248,0.89504963,0.08023576,0.15438183,0.35283747,0.72516437,0.05946432,0.14682512,0.00000000
3.91095548,0.92853844,0.08307645,0.15766270,0.37596370,0.75266415,0.06105421,0.15105135,0.00000000
3.91695848,0.96364417,0.08633113,0.16073082,0.40101149,0.77936720,0.06287651,0.15550932,0.00000000
3.92296148,1.00003248,0.08996493,0.16351679,0.42790552,0.80501798,0.06490100,0.16012627,0.00000000
3.92896448,1.03736653,0.09393859,0.16595631,0.45654897,0.82939288,0.06709425,0.16482754,0.00000000
3.93496748,1.07530911,0.09820876,0.16799209,0.48681945,0.85230233,0.06942013,0.16953778,0.00000000
3.94097049,1.11352289,0.10272803,0.16957536,0.51856481,0.87359094,0.07184024,0.17418188,0.00000000
3.94697349,1.15166934,0.10744510,0.17066691,0.55159924,0.89313571,0.07431437,0.17868580,0.00000000
3.95297649,1.18940672,0.11230484,0.17123766,0.58570008,0.91084272,0.07680088,0.18297707,0.00000000
3.95897949,1.22638771,0.11724853,0.17126880,0.62060568,0.92664272,0.07925718,0.18698530,0.00000000
3.96498249,1.26225744,0.12221426,0.17075147,0.65601479,0.94048616,0.08164012,0.19064245,0.00000000
3.97098549,1.29665242,0.12713755,0.16968621,0.69158767,0.95233821,0.08390653,0.19388320,0.00000000
3.97698849,1.32920118,0.13195228,0.16808208,0.72694936,0.96217426,0.08601383,0.19664537,0.00000000
3.98299150,1.35952677,0.13659189,0.16595566,0.76169490,0.96997645,0.08792073,0.19887039,0.00000000
3.98899450,1.38725164,0.14099084,0.16332997,0.79539688,0.97573146,0.08958799,0.20050404,0.00000000
3.99499750,1.41200483,0.14508639,0.16023346,0.82761477,0.97942986,0.09097929,0.20149729,0.00000000
4.00100050,1.43343125,0.14882050,0.15669901,0.85790594,0.98106701,0.09206222,0.20180733,0.00000000
4.00700350,1.45120279,0.15214187,0.15276318,0.88583783,0.98064546,0.09280919,0.20139884,0.00000000
4.01300650,1.46503043,0.15500789,0.14846545,0.91100077,0.97817852,0.09319843,0.20024521,0.00000000
4.01900950,1.47467684,0.15738653,0.14384780,0.93302071,0.97369461,0.09321482,0.19832986,0.00000000
4.02501251,1.47996831,0.15925793,0.13895430,0.95157131,0.96724194,0.09285067,0.19564747,0.00000000
4.03101551,1.48080540,0.16061554,0.13383086,0.96638467,0.95889295,0.09210627,0.19220499,0.00000000
4.03701851,1.47717118,0.16146688,0.12852498,0.97726009,0.94874791,0.09099022,0.18802239,0.00000000
4.04302151,1.46913646,0.16183358,0.12308561,0.98407046,0.93693734,0.08951948,0.18313302,0.00000000
4.04902451,1.45686138,0.16175091,0.11756282,0.98676574,0.92362259,0.08771911,0.17758357,0.00000000
4.05502751,1.44059301,0.16126651,0.11200750,0.98537351,0.90899462,0.08562169,0.17143345,0.00000000
4.06103052,1.42065882,0.16043865,0.10647082,0.97999647,0.89327050,0.08326646,0.16475377,0.00000000
4.06703352,1.39745627,0.15933379,0.10100367,0.97080703,0.87668801,0.08069813,0.15762574,0.00000000
4.07303652,1.37143890,0.15802369,0.09565583,0.95803931,0.85949832,0.07796551,0.15013870,0.00000000
4.07903952,1.34309963,0.15658227,0.09047511,0.94197909,0.84195717,0.07511987,0.14238778,0.00000000
4.08504252,1.31295207,0.15508214,0.08550637,0.92295217,0.82431514,0.07221330,0.13447122,0.00000000
4.09104552,1.28151100,0.15359119,0.08079049,0.90131180,0.80680747,0.06929696,0.12648767,0.00000000
4.09704852,1.24927294,0.15216938,0.07636340,0.87742592,0.78964411,0.06641942,0.11853341,0.00000000
4.10305153,1.21669794,0.15086577,0.07225513,0.85166477,0.77300062,0.06362513,0.11069966,0.00000000
4.10905453,1.18419363,0.14971615,0.06848909,0.82438956,0.75701064,0.06095305,0.10307021,0.00000000
4.11505753,1.15210226,0.14874115,0.06508151,0.79594259,0.74176012,0.05843562,0.09571935,0.00000000
4.12106053,1.12069156,0.14794525,0.06204113,0.76663928,0.72728414,0.05609803,0.08871020,0.00000000
4.12706353,1.09014960,0.14731644,0.05936919,0.73676235,0.71356612,0.05395775,0.08209361,0.00000000
4.13306653,1.06058414,0.14682674,0.05705971,0.70655820,0.70053983,0.05202453,0.07590752,0.00000000
4.13906953,1.03202600,0.14643352,0.05510006,0.67623557,0.68809394,0.05030068,0.07017688,0.00000000
4.14507254,1.00443649,0.14608149,0.05347180,0.64596612,0.67607891,0.04878165,0.06491403,0.00000000
4.15107554,0.97771797,0.14570536,0.05215174,0.61588686,0.66431581,0.04745696,0.06011960,0.00000000
4.15707854,0.95172717,0.14523289,0.05111317,0.58610397,0.65260666,0.04631126,0.05578374,0.00000000
4.16308154,0.92629004,0.14458842,0.05032719,0.55669761,0.64074558,0.04532558,0.05188761,0.00000000
4.16908454,0.90121752,0.14369634,0.04976410,0.52772739,0.62853021,0.04447863,0.04840520,0.00000000
4.17508754,0.87632103,0.14248471,0.04939464,0.49923791,0.61577278,0.04374815,0.04530508,0.00000000
4.18109055,0.85142696,0.14088856,0.04919123,0.47126421,0.60231013,0.04311210,0.04255231,0.00000000
4.18709355,0.82638926,0.13885289,0.04912889,0.44383662,0.58801232,0.04254979,0.04011014,0.00000000
4.19309655,0.80109953,0.13633516,0.04918605,0.41698489,0.57278923,0.04204280,0.03794167,0.00000000
4.19909955,0.77549405,0.13330713,0.04934494,0.39074131,0.55659499,0.04157560,0.03601118,0.00000000
4.20510255,0.74955767,0.12975609,0.04959175,0.36514288,0.53942993,0.04113604,0.03428527,0.00000000
4.21110555,0.72332420,0.12568538,0.04991646,0.34023232,0.52134019,0.04071544,0.03273371,0.00000000
4.21710855,0.69687375,0.12111410,0.05031242,0.31605813,0.50241490,0.04030852,0.03132995,0.00000000
4.22311156,0.67032705,0.11607632,0.05077557,0.29267385,0.48278131,0.03991303,0.03005139,0.00000000
4.22911456,0.64383749,0.11061953,0.05130362,0.27013644,0.46259821,0.03952926,0.02887938,0.00000000
4.23511756,0.61758125,0.10480273,0.05189492,0.24850430,0.44204796,0.03915929,0.02779900,0.00000000
4.24112056,0.59174645,0.09869405,0.05254747,0.22783487,0.42132775,0.03880624,0.02679864,0.00000000
4.24712356,0.56652185,0.09236814,0.05325774,0.20818222,0.40064055,0.03847346,0.02586954,0.00000000
4.25312656,0.54208585,0.08590348,0.05401980,0.18959464,0.38018620,0.03816367,0.02500513,0.00000000
4.25912956,0.51859662,0.07937966,0.05482445,0.17211262,0.36015326,0.03787835,0.02420051,0.00000000
4.26513257,0.49618375,0.07287481,0.05565872,0.15576718,0.34071187,0.03761703,0.02345184,0.00000000
4.27113557,0.47494195,0.06646329,0.05650554,0.14057876,0.32200815,0.03737697,0.02275582,0.00000000
4.27713857,0.45492720,0.06021370,0.05734382,0.12655676,0.30416017,0.03715287,0.02210938,0.00000000
4.28314157,0.43615537,0.05418719,0.05814878,0.11369971,0.28725583,0.03693687,0.02150935,0.00000000
4.28914457,0.41860352,0.04843637,0.05889265,0.10199614,0.27135254,0.03671877,0.02095242,0.00000000
4.29514757,0.40221357,0.04300444,0.05954559,0.09142610,0.25647874,0.03648637,0.02043509,0.00000000
4.30115058,0.38689816,0.03792494,0.06007690,0.08196329,0.24263697,0.03622605,0.01995392,0.00000000
4.30715358,0.37254840,0.03322172,0.06045640,0.07357774,0.22980848,0.03592346,0.01950580,0.00000000
4.31315658,0.35904288,0.02890943,0.06065589,0.06623901,0.21795884,0.03556431,0.01908837,0.00000000
4.31915958,0.34625764,0.02499414,0.06065068,0.05991974,0.20704439,0.03513522,0.01870049,0.00000000
4.32516258,0.33407649,0.02147432,0.06042103,0.05459956,0.19701916,0.03462450,0.01834280,0.00000000
4.33116558,0.32240113,0.01834191,0.05995351,0.05026920,0.18784189,0.03402300,0.01801831,0.00000000
4.33716858,0.31116078,0.01558353,0.05924219,0.04693478,0.17948286,0.03332476,0.01773293,0.00000000
4.34317159,0.30032072,0.01318170,0.05828955,0.04462210,0.17193026,0.03252761,0.01749603,0.00000000
4.34917459,0.28988956,0.01111607,0.05710715,0.04338096,0.16519585,0.03163358,0.01732094,0.00000000
4.35517759,0.27992498,0.00936456,0.05571598,0.04328927,0.15931971,0.03064918,0.01722533,0.00000000
4.36118059,0.27053776,0.00790445,0.05414657,0.04445690,0.15437398,0.02958545,0.01723156,0.00000000
4.36718359,0.26189402,0.00671331,0.05243870,0.04702919,0.15046549,0.02845793,0.01736687,0.00000000
4.37318659,0.25421568,0.00576979,0.05064091,0.05118973,0.14773717,0.02728638,0.01766348,0.00000000
4.37918959,0.24777918,0.00505430,0.04880968,0.05716257,0.14636834,0.02609437,0.01815856,0.00000000
4.38519260,0.24291255,0.00454947,0.04700846,0.06521332,0.14657375,0.02490885,0.01889401,0.00000000
4.39119560,0.23999084,0.00424050,0.04530645,0.07564905,0.14860142,0.02375947,0.01991614,0.00000000
4.39719860,0.23943007,0.00411539,0.04377723,0.08881672,0.15272942,0.02267790,0.02127517,0.00000000
4.40320160,0.24167975,0.00416497,0.04249729,0.10509984,0.15926130,0.02169714,0.02302450,0.00000000
4.40920460,0.24721402,0.00438286,0.04154439,0.12491315,0.16852049,0.02085073,0.02521985,0.00000000
4.41520760,0.25652139,0.00476528,0.04099594,0.14869499,0.18084351,0.02017195,0.02791818,0.00000000
4.42121061,0.27009323,0.00531076,0.04092722,0.17689730,0.19657190,0.01969307,0.03117635,0.00000000
4.42721361,0.28841093,0.00601982,0.04140955,0.20997310,0.21604307,0.01944455,0.03504970,0.00000000
4.43321661,0.31193179,0.00689443,0.04250852,0.24836137,0.23958002,0.01945428,0.03959024,0.00000000
4.43921961,0.34107376,0.00793760,0.04428202,0.29246967,0.26747987,0.01974684,0.04484483,0.00000000
4.44522261,0.37619927,0.00915270,0.04677843,0.34265458,0.30000162,0.02034280,0.05085307,0.00000000
4.45122561,0.41759819,0.01054291,0.05003468,0.39920059,0.33735298,0.02125798,0.05764515,0.00000000
4.45722861,0.46547055,0.01211055,0.05407447,0.46229799,0.37967692,0.02250282,0.06523957,0.00000000
4.46323162,0.51990927,0.01385640,0.05890650,0.53202058,0.42703802,0.02408180,0.07364095,0.00000000
4.46923462,0.58088368,0.01577910,0.06452297,0.60830433,0.47940925,0.02599285,0.08283788,0.00000000
4.47523762,0.64822444,0.01787447,0.07089819,0.69092778,0.53665971,0.02822695,0.09280096,0.00000000
4.48124062,0.72161075,0.02013503,0.07798763,0.77949573,0.59854388,0.03076775,0.10348122,0.00000000
4.48724362,0.80056054,0.02254940,0.08572730,0.87342710,0.66469316,0.03359141,0.11480890,0.00000000
4.49324662,0.88442482,0.02510205,0.09403367,0.97194835,0.73461030,0.03666655,0.12669279,0.00000000
4.49924962,0.97238666,0.02777297,0.10280412,1.07409327,0.80766736,0.03995445,0.13902022,0.00000000
4.50525263,1.06346574,0.03053758,0.11191806,1.17871014,0.88310787,0.04340944,0.15165776,0.00000000
4.51125563,1.15652894,0.03336688,0.12123874,1.28447663,0.96005357,0.04697957,0.16445272,0.00000000
4.51725863,1.25030732,0.03622762,0.13061566,1.38992270,1.03751596,0.05060744,0.17723551,0.00000000
4.52326163,1.34341936,0.03908285,0.13988775,1.49346135,1.11441291,0.05423143,0.18982273,0.00000000
4.52926463,1.43440043,0.04189252,0.14888707,1.59342638,1.18959006,0.05778703,0.20202113,0.00000000
4.53526763,1.52173764,0.04461432,0.15744308,1.68811633,1.26184662,0.06120841,0.21363219,0.00000000
4.54127064,1.60390920,0.04720471,0.16538723,1.77584301,1.32996491,0.06443022,0.22445725,0.00000000
4.54727364,1.67942702,0.04961999,0.17255778,1.85498278,1.39274271,0.06738935,0.23430308,0.00000000
4.55327664,1.74688101,0.05181757,0.17880464,1.92402868,1.44902742,0.07002688,0.24298755,0.00000000
4.55927964,1.80498331,0.05375720,0.18399407,1.98164100,1.49775052,0.07228992,0.25034533,0.00000000
4.56528264,1.85261070,0.05540228,0.18801292,2.02669415,1.53796112,0.07413331,0.25623324,0.00000000
4.57128564,1.88884325,0.05672104,0.19077238,2.05831757,1.56885713,0.07552119,0.26053514,0.00000000
4.57728864,1.91299755,0.05768767,0.19221094,2.07592885,1.58981263,0.07642827,0.26316609,0.00000000
4.58329165,1.92465286,0.05828329,0.19229644,2.07925726,1.60040018,0.07684082,0.26407553,0.00000000
4.58929465,1.92366904,0.05849667,0.19102723,2.06835667,1.60040716,0.07675724,0.26324944,0.00000000
4.59529765,1.91019526,0.05832483,0.18843217,2.04360713,1.58984513,0.07618824,0.26071126,0.00000000
4.60130065,1.88466909,0.05777330,0.18456966,2.00570487,1.56895193,0.07515664,0.25652165,0.00000000
4.60730365,1.84780581,0.05685610,0.17952570,1.95564138,1.53818632,0.07369669,0.25077692,0.00000000
4.61330665,1.80057853,0.05559558,0.17341103,1.89467230,1.49821533,0.07185307,0.24360639,0.00000000
4.61930965,1.74418985,0.05402187,0.16635749,1.82427768,1.44989500,0.06967949,0.23516864,0.00000000
4.62531266,1.68003632,0.05217218,0.15851390,1.74611544,1.39424526,0.06723701,0.22564689,0.00000000
4.63131566,1.60966718,0.05008993,0.15004146,1.66197000,1.33242012,0.06459217,0.21524372,0.00000000
4.63731866,1.53473914,0.04782368,0.14110908,1.57369840,1.26567447,0.06181494,0.20417531,0.00000000
4.64332166,1.45696906,0.04542597,0.13188864,1.48317618,1.19532891,0.05897657,0.19266547,0.00000000
4.64932466,1.37808625,0.04295213,0.12255054,1.39224508,1.12273393,0.05614756,0.18093966,0.00000000
4.65532766,1.29978633,0.04045906,0.11325963,1.30266462,1.04923496,0.05339562,0.16921930,0.00000000
4.66133067,1.22368804,0.03800406,0.10417165,1.21606907,0.97613945,0.05078379,0.15771642,0.00000000
4.66733367,1.15129451,0.03564368,0.09543027,1.13393123,0.90468703,0.04836888,0.14662903,0.00000000
4.67333667,1.08395990,0.03343269,0.08716483,1.05753377,0.83602363,0.04620004,0.13613703,0.00000000
4.67933967,1.02286230,0.03142317,0.07948876,0.98794868,0.77118009,0.04431772,0.12639907,0.00000000
4.68534267,0.96898319,0.02966366,0.07249863,0.92602475,0.71105564,0.04275291,0.11755018,0.00000000
4.69134567,0.92309358,0.02819849,0.06627381,0.87238298,0.65640627,0.04152669,0.10970013,0.00000000
4.69734867,0.88574673,0.02706709,0.06087670,0.82741901,0.60783774,0.04065014,0.10293277,0.00000000
4.70335168,0.85727705,0.02630352,0.05635327,0.79131195,0.56580311,0.04012450,0.09730587,0.00000000
4.70935468,0.83780449,0.02593599,0.05273395,0.76403842,0.53060403,0.03994163,0.09285177,0.00000000
4.71535768,0.82724383,0.02598640,0.05003477,0.74539062,0.50239540,0.04008470,0.08957841,0.00000000
4.72136068,0.82531807,0.02647001,0.04825842,0.73499743,0.48119261,0.04052909,0.08747087,0.00000000
4.72736368,0.83157506,0.02739505,0.04739544,0.73234725,0.46688095,0.04124348,0.08649320,0.00000000
4.73336668,0.84540666,0.02876238,0.04742522,0.73681154,0.45922629,0.04219098,0.08659045,0.00000000
4.73936968,0.86606970,0.03056522,0.04831692,0.74766834,0.45788692,0.04333040,0.08769086,0.00000000
4.74537269,0.89270805,0.03278887,0.05003016,0.76412482,0.46242579,0.04461754,0.08970807,0.00000000
4.75137569,0.92437532,0.03541054,0.05251559,0.78533846,0.47232313,0.04600651,0.09254346,0.00000000
4.75737869,0.96005772,0.03839926,0.05571531,0.81043643,0.48698906,0.04745090,0.09608830,0.00000000
4.76338169,0.99869672,0.04171597,0.05956311,0.83853305,0.50577625,0.04890501,0.10022607,0.00000000
4.76938469,1.03921122,0.04531367,0.06398484,0.86874522,0.52799256,0.05032495,0.10483459,0.00000000
4.77538769,1.08051913,0.04913796,0.06889863,0.90020607,0.55291369,0.05166953,0.10978819,0.00000000
4.78139070,1.12155803,0.05312764,0.07421530,0.93207687,0.57979595,0.05290118,0.11495986,0.00000000
4.78739370,1.16130495,0.05721566,0.07983902,0.96355766,0.60788924,0.05398658,0.12022335,0.00000000
4.79339670,1.19879510,0.06133032,0.08566806,0.99389678,0.63645017,0.05489727,0.12545534,0.00000000
4.79939970,1.23313936,0.06539670,0.09159595,1.02239966,0.66475548,0.05561004,0.13053756,0.00000000
4.80540270,1.26354046,0.06933837,0.09751297,1.04843706,0.69211557,0.05610716,0.13535891,0.00000000
4.81140570,1.28930765,0.07307922,0.10330783,1.07145308,0.71788801,0.05637662,0.13981754,0.00000000
4.81740870,1.30986968,0.07654553,0.10886983,1.09097286,0.74149081,0.05641208,0.14382296,0.00000000
4.82341171,1.32478574,0.07966799,0.11409113,1.10660997,0.76241512,0.05621278,0.14729794,0.00000000
4.82941471,1.33375422,0.08238377,0.11886933,1.11807354,0.78023694,0.05578344,0.15018029,0.00000000
4.83541771,1.33661893,0.08463853,0.12310997,1.12517456,0.79462751,0.05513393,0.15242448,0.00000000
4.84142071,1.33337247,0.08638810,0.12672921,1.12783128,0.80536181,0.05427895,0.15400289,0.00000000
4.84742371,1.32415651,0.08760007,0.12965621,1.12607313,0.81232477,0.05323766,0.15490675,0.00000000
4.85342671,1.30925884,0.08825485,0.13183532,1.12004279,0.81551472,0.05203319,0.15514662,0.00000000
4.85942971,1.28910677,0.08834643,0.13322787,1.10999585,0.81504383,0.05069218,0.15475243,0.00000000
4.86543272,1.26425703,0.08788266,0.13381348,1.09629767,0.81113515,0.04924416,0.15377288,0.00000000
4.87143572,1.23538216,0.08688498,0.13359079,1.07941721,0.80411612,0.04772100,0.15227439,0.00000000
4.87743872,1.20325330,0.08538774,0.13257754,1.05991726,0.79440864,0.04615623,0.15033935,0.00000000
4.88344172,1.16871994,0.08343702,0.13081007,1.03844139,0.78251567,0.04458435,0.14806384,0.00000000
4.88944472,1.13268682,0.08108905,0.12834204,1.01569730,0.76900479,0.04304010,0.14555481,0.00000000
4.89544772,1.09608857,0.07840821,0.12524261,0.99243710,0.75448903,0.04155767,0.14292677,0.00000000
4.90145073,1.05986277,0.07546487,0.12159406,0.96943488,0.73960572,0.04016988,0.14029803,0.00000000
4.90745373,1.02492223,0.07233293,0.11748891,0.94746209,0.72499380,0.03890741,0.13778675,0.00000000
4.91345673,0.99212716,0.06908737,0.11302674,0.92726175,0.71127075,0.03779794,0.13550677,0.00000000
4.91945973,0.96225845,0.06580175,0.10831078,0.90952221,0.69900959,0.03686539,0.13356341,0.00000000
4.92546273,0.93599276,0.06254588,0.10344446,0.89485159,0.68871723,0.03612917,0.13204952,0.00000000
4.93146573,0.91388043,0.05938369,0.09852801,0.88375399,0.68081476,0.03560350,0.13104174,0.00000000
4.93746873,0.89632719,0.05637139,0.09365535,0.87660849,0.67562069,0.03529687,0.13059728,0.00000000
4.94347174,0.88358027,0.05355599,0.08891126,0.87365190,0.67333784,0.03521165,0.13075133,0.00000000
4.94947474,0.87571978,0.05097419,0.08436908,0.87496635,0.67404442,0.03534377,0.13151519,0.00000000
4.95547774,0.87265571,0.04865179,0.08008888,0.88047221,0.67768991,0.03568271,0.13287530,0.00000000
4.96148074,0.87413082,0.04660341,0.07611631,0.88992702,0.68409580,0.03621162,0.13479308,0.00000000
4.96748374,0.87972965,0.04483277,0.07248201,0.90293062,0.69296151,0.03690766,0.13720589,0.00000000
4.97348674,0.88889325,0.04333327,0.06920166,0.91893656,0.70387508,0.03774261,0.14002879,0.00000000
4.97948974,0.90093937,0.04208897,0.06627666,0.93726941,0.71632844,0.03868363,0.14315728,0.00000000
4.98549275,0.91508731,0.04107585,0.06369529,0.95714747,0.72973659,0.03969424,0.14647083,0.00000000
4.99149575,0.93048668,0.04026334,0.06143431,0.97771000,0.74345998,0.04073546,0.14983707,0.00000000
4.99749875,0.94624889,0.03961595,0.05946101,0.99804798,0.75682915,0.04176710,0.15311649,0.00000000
5.00350175,0.96148012,0.03909507,0.05773544,1.01723707,0.76917058,0.04274907,0.15616751,0.00000000
5.00950475,0.97531459,0.03866071,0.05621276,1.03437143,0.77983273,0.04364277,0.15885162,0.00000000
5.01550775,0.98694657,0.03827319,0.05484569,1.04859700,0.78821105,0.04441245,0.16103840,0.00000000
5.02151076,0.99566006,0.03789476,0.05358684,1.05914275,0.79377102,0.04502641,0.16261027,0.00000000
5.02751376,1.00085455,0.03749100,0.05239086,1.06534854,0.79606808,0.04545818,0.16346671,0.00000000
5.03351676,1.00206618,0.03703195,0.05121634,1.06668850,0.79476382,0.04568739,0.16352771,0.00000000
5.03951976,0.99898306,0.03649309,0.05002739,1.06278883,0.78963754,0.04570047,0.16273651,0.00000000
5.04552276,0.99145435,0.03585594,0.04879484,1.05343935,0.78059290,0.04549108,0.16106127,0.00000000
5.05152576,0.97949269,0.03510838,0.04749702,1.03859838,0.76765947,0.04506026,0.15849576,0.00000000
5.05752876,0.96326996,0.03424475,0.04612016,1.01839088,0.75098906,0.04441621,0.15505915,0.00000000
5.06353177,0.94310656,0.03326556,0.04465836,0.99309996,0.73084727,0.04357391,0.15079464,0.00000000
5.06953477,0.91945495,0.03217709,0.04311323,0.96315248,0.70760068,0.04255438,0.14576735,0.00000000
5.07553777,0.89287804,0.03099067,0.04149316,0.92909932,0.68170038,0.04138377,0.14006137,0.00000000
5.08154077,0.86402366,0.02972183,0.03981235,0.89159155,0.65366266,0.04009217,0.13377623,0.00000000
5.08754377,0.83359617,0.02838937,0.03808963,0.85135348,0.62404789,0.03871243,0.12702291,0.00000000
5.09354677,0.80232664,0.02701428,0.03634715,0.80915407,0.59343837,0.03727876,0.11991966,0.00000000
5.09954977,0.77094276,0.02561871,0.03460898,0.76577791,0.56241640,0.03582536,0.11258770,0.00000000
5.10555278,0.74013991,0.02422492,0.03289976,0.72199699,0.53154333,0.03438518,0.10514711,0.00000000
5.11155578,0.71055464,0.02285436,0.03124337,0.67854460,0.50134049,0.03298858,0.09771304,0.00000000
5.11755878,0.68274141,0.02152676,0.02966178,0.63609218,0.47227271,0.03166237,0.09039231,0.00000000
5.12356178,0.65715372,0.02025945,0.02817404,0.59523004,0.44473506,0.03042882,0.08328063,0.00000000
5.12956478,0.63413017,0.01906680,0.02679547,0.55645256,0.41904305,0.02930506,0.07646040,0.00000000
5.13556778,0.61388574,0.01795982,0.02553708,0.52014813,0.39542660,0.02830263,0.06999922,0.00000000
5.14157079,0.59650873,0.01694592,0.02440528,0.48659399,0.37402787,0.02742729,0.06394913,0.00000000
5.14757379,0.58196302,0.01602894,0.02340174,0.45595582,0.35490253,0.02667909,0.05834637,0.00000000
5.15357679,0.57009534,0.01520918,0.02252356,0.42829175,0.33802456,0.02605269,0.05321191,0.00000000
5.15957979,0.56064726,0.01448370,0.02176362,0.40356032,0.32329377,0.02553785,0.04855238,0.00000000
5.16558279,0.55327082,0.01384669,0.02111104,0.38163166,0.31054585,0.02512014,0.04436153,0.00000000
5.17158579,0.54754728,0.01328993,0.02055189,0.36230125,0.29956411,0.02478174,0.04062192,0.00000000
5.17758879,0.54300787,0.01280333,0.02006991,0.34530538,0.29009251,0.02450241,0.03730695,0.00000000
5.18359180,0.53915559,0.01237550,0.01964732,0.33033760,0.28184911,0.02426044,0.03438289,0.00000000
5.18959480,0.53548713,0.01199431,0.01926569,0.31706526,0.27453959,0.02403363,0.03181104,0.00000000
5.19559780,0.53151393,0.01164746,0.01890669,0.30514559,0.26787011,0.02380032,0.02954970,0.00000000
5.20160080,0.52678152,0.01132303,0.01855291,0.29424054,0.26155914,0.02354016,0.02755612,0.00000000
5.20760380,0.52088646,0.01100990,0.01818849,0.28402995,0.25534772,0.02323499,0.02578815,0.00000000
5.21360680,0.51349021,0.01069817,0.01779973,0.27422267,0.24900803,0.02286940,0.02420567,0.00000000
5.21960980,0.50432966,0.01037945,0.01737550,0.26456531,0.24234996,0.02243130,0.02277175,0.00000000
5.22561281,0.49322395,0.01004712,0.01690763,0.25484848,0.23522556,0.02191214,0.02145353,0.00000000
5.23161581,0.48007757,0.00969642,0.01639103,0.24491063,0.22753150,0.02130718,0.02022280,0.00000000
5.23761881,0.46487997,0.00932450,0.01582384,0.23463946,0.21920955,0.02061537,0.01905631,0.00000000
5.24362181,0.44770182,0.00893047,0.01520736,0.22397115,0.21024525,0.01983931,0.01793584,0.00000000
5.24962481,0.42868846,0.00851521,0.01454592,0.21288777,0.20066511,0.01898488,0.01684812,0.00000000
5.25562781,0.40805108,0.00808130,0.01384674,0.20141312,0.19053260,0.01806089,0.01578444,0.00000000
5.26163082,0.38605613,0.00763284,0.01311964,0.18960741,0.17994324,0.01707860,0.01474030,0.00000000
5.26763382,0.36301382,0.00717523,0.01237685,0.17756122,0.16901915,0.01605124,0.01371486,0.00000000
5.27363682,0.33926620,0.00671499,0.01163275,0.16538912,0.15790351,0.01499341,0.01271039,0.00000000
5.27963982,0.31517550,0.00625959,0.01090368,0.15322325,0.14675507,0.01392062,0.01173169,0.00000000
5.28564282,0.29111339,0.00581726,0.01020780,0.14120739,0.13574314,0.01284879,0.01078558,0.00000000
5.29164582,0.26745151,0.00539687,0.00956502,0.12949146,0.12504329,0.01179380,0.00988037,0.00000000
5.29764882,0.24455372,0.00500785,0.00899709,0.11822708,0.11483384,0.01077114,0.00902549,0.00000000
5.30365183,0.22277032,0.00466015,0.00852762,0.10756400,0.10529332,0.00979564,0.00823116,0.00000000
5.30965483,0.20243435,0.00436422,0.00818242,0.09764760,0.09659897,0.00888132,0.00750813,0.00000000
5.31565783,0.18385987,0.00413106,0.00798968,0.08861756,0.08892616,0.00804125,0.00686761,0.00000000
5.32166083,0.16734231,0.00397235,0.00798044,0.08060743,0.08244868,0.00728763,0.00632118,0.00000000
5.32766383,0.15316033,0.00390046,0.00818897,0.07374518,0.07733980,0.00663177,0.00588087,0.00000000
5.33366683,0.14157914,0.00392866,0.00865316,0.06815449,0.07377371,0.00608433,0.00555927,0.00000000
5.33966983,0.13285471,0.00407114,0.00941498,0.06395648,0.07192732,0.00565541,0.00536969,0.00000000
5.34567284,0.12723831,0.00434317,0.01052077,0.06127183,0.07198198,0.00535485,0.00532636,0.00000000
5.35167584,0.12498117,0.00476111,0.01202147,0.06022287,0.07412483,0.00519240,0.00544461,0.00000000
5.35767884,0.12633839,0.00534235,0.01397265,0.06093550,0.07854960,0.00517791,0.00574107,0.00000000
5.36368184,0.13157189,0.00610529,0.01643432,0.06354065,0.08545645,0.00532152,0.00623372,0.00000000
5.36968484,0.14095180,0.00706907,0.01947050,0.06817498,0.09505068,0.00563374,0.00694204,0.00000000
5.37568784,0.15475596,0.00825329,0.02314847,0.07498077,0.10754010,0.00612549,0.00788686,0.00000000
5.38169085,0.17326723,0.00967757,0.02753762,0.08410473,0.12313092,0.00680804,0.00909025,0.00000000
5.38769385,0.19676833,0.01136098,0.03270806,0.09569559,0.14202212,0.00769284,0.01057521,0.00000000
5.39369685,0.22553429,0.01332141,0.03872865,0.10990057,0.16439823,0.00879126,0.01236522,0.00000000
5.39969985,0.25982241,0.01557474,0.04566492,0.12686046,0.19042082,0.01011425,0.01448361,0.00000000
5.40570285,0.29985999,0.01813395,0.05357643,0.14670374,0.22021878,0.01167181,0.01695289,0.00000000
5.41170585,0.34583020,0.02100827,0.06251395,0.16953953,0.25387775,0.01347253,0.01979380,0.00000000
5.41770885,0.39785646,0.02420210,0.07251646,0.19544977,0.29142915,0.01552288,0.02302435,0.00000000
5.42371186,0.45598611,0.02771415,0.08360798,0.22448094,0.33283924,0.01782661,0.02665871,0.00000000
5.42971486,0.52017388,0.03153650,0.09579441,0.25663546,0.37799887,0.02038401,0.03070604,0.00000000
5.43571786,0.59026624,0.03565388,0.10906058,0.29186338,0.42671443,0.02319126,0.03516938,0.00000000
5.44172086,0.66598723,0.04004302,0.12336751,0.33005466,0.47870065,0.02623982,0.04004446,0.00000000
5.44772386,0.74692690,0.04467231,0.13865019,0.37103243,0.53357587,0.02951584,0.04531873,0.00000000
5.45372686,0.83253315,0.04950169,0.15481592,0.41454788,0.59086028,0.03299978,0.05097043,0.00000000
5.45972986,0.92210774,0.05448284,0.17174341,0.46027697,0.64997758,0.03666610,0.05696796,0.00000000
5.46573287,1.01480721,0.05955972,0.18928275,0.50781947,0.71026042,0.04048326,0.06326947,0.00000000
5.47173587,1.10964926,0.06466948,0.20725638,0.55670067,0.77095972,0.04441376,0.06982282,0.00000000
5.47773887,1.20552483,0.06974370,0.22546106,0.60637578,0.83125793,0.04841459,0.07656588,0.00000000
5.48374187,1.30121600,0.07470993,0.24367095,0.65623743,0.89028598,0.05243781,0.08342724,0.00000000
5.48974487,1.39541946,0.07949354,0.26164169,0.70562589,0.94714349,0.05643140,0.09032732,0.00000000
5.49574787,1.48677516,0.08401983,0.27911547,0.75384223,1.00092173,0.06034036,0.09717992,0.00000000
5.50175088,1.57389919,0.08821626,0.29582698,0.80016373,1.05072850,0.06410794,0.10389413,0.00000000
5.50775388,1.65542012,0.09201473,0.31150996,0.84386149,1.09571413,0.06767715,0.11037663,0.00000000
5.51375688,1.73001730,0.09535387,0.32590429,0.88421933,1.13509744,0.07099225,0.11653419,0.00000000
5.51975988,1.79645988,0.09818122,0.33876327,0.92055364,1.16819082,0.07400040,0.12227643,0.00000000
5.52576288,1.85364494,0.10045509,0.34986086,0.95223319,1.19442329,0.07665325,0.12751867,0.00000000
5.53176588,1.90063319,0.10214622,0.35899855,0.97869831,1.21336052,0.07890851,0.13218473,0.00000000
5.53776888,1.93668074,0.10323894,0.36601169,0.99947858,1.22472108,0.08073132,0.13620962,0.00000000
5.54377189,1.96126547,0.10373193,0.37077489,1.01420831,1.22838814,0.08209545,0.13954194,0.00000000
5.54977489,1.97410692,0.10363840,0.37320635,1.02263915,1.22441599,0.08298427,0.14214597,0.00000000
5.55577789,1.97517863,0.10298579,0.37327093,1.02464932,1.21303137,0.08339137,0.14400323,0.00000000
5.56178089,1.96471243,0.10181494,0.37098170,1.02024897,1.19462926,0.08332088,0.14511351,0.00000000
5.56778389,1.94319425,0.10017872,0.36640011,1.00958144,1.16976344,0.08278737,0.14549527,0.00000000
5.57378689,1.91135177,0.09814029,0.35963459,0.99292047,1.13913223,0.08181551,0.14518537,0.00000000
5.57978989,1.87013408,0.09577088,0.35083765,0.97066328,1.10355989,0.08043922,0.14423820,0.00000000
5.58579290,1.82068444,0.09314742,0.34020171,0.94331992,1.06397460,0.07870068,0.14272407,0.00000000
5.59179590,1.76430704,0.09034994,0.32795375,0.91149936,1.02138364,0.07664888,0.14072713,0.00000000
5.59779890,1.70242911,0.08745892,0.31434892,0.87589283,0.97684691,0.07433814,0.13834272,0.00000000
5.60380190,1.63656006,0.08455271,0.29966353,0.83725512,0.93144970,0.07182635,0.13567434,0.00000000
5.60980490,1.56824902,0.08170515,0.28418759,0.79638459,0.88627555,0.06917314,0.13283041,0.00000000
5.61580790,1.49904256,0.07898341,0.26821709,0.75410267,0.84238019,0.06643815,0.12992079,0.00000000
5.62181091,1.43044409,0.07644626,0.25204654,0.71123361,0.80076726,0.06367924,0.12705341,0.00000000
5.62781391,1.36387629,0.07414267,0.23596178,0.66858516,0.76236649,0.06095091,0.12433098,0.00000000
5.63381691,1.30064795,0.07211096,0.22023336,0.62693080,0.72801490,0.05830290,0.12184803,0.00000000
5.63981991,1.24192588,0.07037837,0.20511075,0.58699406,0.69844124,0.05577903,0.11968824,0.00000000
5.64582291,1.18871295,0.06896112,0.19081743,0.54943525,0.67425410,0.05341633,0.11792230,0.00000000
5.65182591,1.14183227,0.06786489,0.17754699,0.51484089,0.65593355,0.05124441,0.11660631,0.00000000
5.65782891,1.10191786,0.06708573,0.16546025,0.48371585,0.64382640,0.04928522,0.11578064,0.00000000
5.66383192,1.06941143,0.06661120,0.15468348,0.45647829,0.63814484,0.04755302,0.11546951,0.00000000
5.66983492,1.04456497,0.06642184,0.14530758,0.43345705,0.63896821,0.04605463,0.11568095,0.00000000
5.67583792,1.02744836,0.06649269,0.13738826,0.41489144,0.64624759,0.04478995,0.11640740,0.00000000
5.68184092,1.01796129,0.06679486,0.13094700,0.40093293,0.65981271,0.04375267,0.11762665,0.00000000
5.68784392,1.01584852,0.06729715,0.12597279,0.39164850,0.67938098,0.04293101,0.11930320,0.00000000
5.69384692,1.02071759,0.06796738,0.12242442,0.38702517,0.70456791,0.04230876,0.12138990,0.00000000
5.69984992,1.03205793,0.06877364,0.12023336,0.38697539,0.73489875,0.04186613,0.12382971,0.00000000
5.70585293,1.04926063,0.06968526,0.11930685,0.39134297,0.76982076,0.04158078,0.12655765,0.00000000
5.71185593,1.07163791,0.07067346,0.11953136,0.39990912,0.80871583,0.04142872,0.12950271,0.00000000
5.71785893,1.09844190,0.07171172,0.12077614,0.41239867,0.85091310,0.04138513,0.13258975,0.00000000
5.72386193,1.12888196,0.07277592,0.12289685,0.42848596,0.89570126,0.04142513,0.13574129,0.00000000
5.72986493,1.16214041,0.07384413,0.12573917,0.44780065,0.94234043,0.04152434,0.13887918,0.00000000
5.73586793,1.19738651,0.07489626,0.12914243,0.46993325,0.99007334,0.04165947,0.14192612,0.00000000
5.74187094,1.23378857,0.07591357,0.13294299,0.49444044,1.03813582,0.04180860,0.14480695,0.00000000
5.74787394,1.27052448,0.07687806,0.13697766,0.52085047,1.08576665,0.04195151,0.14744994,0.00000000
5.75387694,1.30679083,0.07777189,0.14108684,0.54866850,1.13221665,0.04206980,0.14978774,0.00000000
5.75987994,1.34181093,0.07857685,0.14511755,0.57738222,1.17675730,0.04214701,0.15175837,0.00000000
5.76588294,1.37484210,0.07927396,0.14892620,0.60646788,1.21868885,0.04216862,0.15330599,0.00000000
5.77188594,1.40518262,0.07984326,0.15238126,0.63539674,1.25734816,0.04212204,0.15438170,0.00000000
5.77788894,1.43217853,0.08026382,0.15536551,0.66364213,1.29211642,0.04199660,0.15494417,0.00000000
5.78389195,1.45523068,0.08051393,0.15777820,0.69068715,1.32242668,0.04178348,0.15496027,0.00000000
5.78989495,1.47380200,0.08057156,0.15953679,0.71603283,1.34777153,0.04147571,0.15440563,0.00000000
5.79589795,1.48742517,0.08041506,0.16057838,0.73920689,1.36771056,0.04106818,0.15326512,0.00000000
5.80190095,1.49571046,0.08002390,0.16086083,0.75977269,1.38187792,0.04055760,0.15153329,0.00000000
5.80790395,1.49835369,0.07937969,0.16036341,0.77733839,1.38998946,0.03994259,0.14921462,0.00000000
5.81390695,1.49514385,0.07846711,0.15908703,0.79156577,1.39184950,0.03922370,0.14632372,0.00000000
5.81990995,1.48597008,0.07727496,0.15705410,0.80217866,1.38735672,0.03840350,0.14288536,0.00000000
5.82591296,1.47082756,0.07579700,0.15430786,0.80897044,1.37650904,0.03748656,0.13893422,0.00000000
5.83191596,1.44982182,0.07403276,0.15091127,0.81181039,1.35940694,0.03647956,0.13451456,0.00000000
5.83791896,1.42317107,0.07198814,0.14694545,0.81064841,1.33625506,0.03539124,0.12967955,0.00000000
5.84392196,1.39120607,0.06967577,0.14250776,0.80551804,1.30736160,0.03423237,0.12449042,0.00000000
5.84992496,1.35436742,0.06711514,0.13770940,0.79653730,1.27313540,0.03301565,0.11901539,0.00000000
5.85592796,1.31319980,0.06433250,0.13267278,0.78390733,1.23408047,0.03175558,0.11332834,0.00000000
5.86193097,1.26834341,0.06136048,0.12752856,0.76790873,1.19078801,0.03046818,0.10750735,0.00000000
5.86793397,1.22052241,0.05823758,0.12241252,0.74889555,1.14392584,0.02917076,0.10163305,0.00000000
5.87393697,1.17053088,0.05500736,0.11746230,0.72728713,1.09422570,0.02788154,0.09578689,0.00000000
5.87993997,1.11921630,0.05171767,0.11281409,0.70355794,1.04246849,0.02661928,0.09004936,0.00000000
5.88594297,1.06746150,0.04841964,0.10859938,0.67822577,0.98946801,0.02540278,0.08449821,0.00000000
5.89194597,1.01616520,0.04516673,0.10494184,0.65183863,0.93605383,0.02425047,0.07920675,0.00000000
5.89794897,0.96622216,0.04201380,0.10195438,0.62496084,0.88305355,0.02317991,0.07424229,0.00000000
5.90395198,0.91850338,0.03901620,0.09973644,0.59815883,0.83127547,0.02220727,0.06966468,0.00000000
5.90995498,0.87383716,0.03622894,0.09837175,0.57198708,0.78149190,0.02134692,0.06552519,0.00000000
5.91595798,0.83299160,0.03370596,0.09792634,0.54697480,0.73442385,0.02061100,0.06186552,0.00000000
5.92196098,0.79665906,0.03149957,0.09844706,0.52361381,0.69072755,0.02000904,0.05871717,0.00000000
5.92796398,0.76544315,0.02965984,0.09996060,0.50234801,0.65098315,0.01954770,0.05610112,0.00000000
5.93396698,0.73984841,0.02823416,0.10247296,0.48356482,0.61568582,0.01923057,0.05402771,0.00000000
5.93996998,0.72027304,0.02726682,0.10596947,0.46758886,0.58523950,0.01905805,0.05249697,0.00000000
5.94597299,0.70700460,0.02679854,0.11041531,0.45467790,0.55995318,0.01902734,0.05149910,0.00000000
5.95197599,0.70021868,0.02686601,0.11575651,0.44502131,0.54003967,0.01913257,0.05101526,0.00000000
5.95797899,0.69998022,0.02750134,0.12192146,0.43874065,0.52561661,0.01936498,0.05101860,0.00000000
5.96398199,0.70624726,0.02873141,0.12882272,0.43589251,0.51670943,0.01971320,0.05147544,0.00000000
5.96998499,0.71887661,0.03057709,0.13635931,0.43647298,0.51325588,0.02016364,0.05234656,0.00000000
5.97598799,0.73763107,0.03305237,0.14441916,0.44042363,0.51511175,0.02070092,0.05358861,0.00000000
5.98199100,0.76218757,0.03616336,0.15288183,0.44763843,0.52205739,0.02130835,0.05515552,0.00000000
5.98799400,0.79214595,0.03990721,0.16162124,0.45797112,0.53380463,0.02196845,0.05699986,0.00000000
5.99399700,0.82703781,0.04427106,0.17050848,0.47124271,0.55000386,0.02266347,0.05907415,0.00000000
6.00000000,0.86633502,0.04923095,0.17941446,0.48724844,0.57025090,0.02337590,0.06133202,0.00000000
