energy_ev,total_up,Ag_p_up,Ag_d_up,C_s_up,C_p_up,Hf_p_up,Hf_d_up,Se_s_up,Se_p_up
-6.00000000,6.42345191,1.10480595,2.84557585,0.04325347,0.31226492,1.11277300,0.84483822,0.06513678,2.00387181
-5.99399700,6.45222547,1.11584066,2.89464630,0.04248250,0.30813974,1.11362668,0.83472145,0.06388193,2.00214326
-5.98799400,6.48083896,1.12540847,2.94391054,0.04163575,0.30484008,1.11440468,0.82557950,0.06259975,1.99907477
-5.98199100,6.50986771,1.13343905,2.99347283,0.04072278,0.30245153,1.11510966,0.81762398,0.06130794,1.99482015
-5.97598799,6.53979112,1.13989462,3.04337063,0.03975306,0.30104711,1.11573194,0.81104928,0.06002217,1.98953030
-5.96998499,6.57098311,1.14477222,3.09357067,0.03873600,0.30068611,1.11625189,0.80602960,0.05875595,1.98335126
-5.96398199,6.60371143,1.14810587,3.14396948,0.03768088,0.30141344,1.11664370,0.80271729,0.05752054,1.97642411
-5.95797899,6.63814600,1.14996833,3.19439882,0.03659693,0.30325991,1.11688047,0.80124256,0.05632509,1.96888658
-5.95197599,6.67437550,1.15047244,3.24463571,0.03549337,0.30624314,1.11694019,0.80171452,0.05517690,1.96087615
-5.94597299,6.71243125,1.14977172,3.29441680,0.03437952,0.31036919,1.11681245,0.80422328,0.05408165,1.95253435
-5.93996998,6.75231676,1.14806025,3.34345637,0.03326486,0.31563468,1.11650539,0.80884303,0.05304391,1.94401167
-5.93396698,6.79404114,1.14557132,3.39146723,0.03215914,0.32202934,1.11605237,0.81563574,0.05206747,1.93547289
-5.92796398,6.83765409,1.14257518,3.43818338,0.03107240,0.32953882,1.11551807,0.82465515,0.05115586,1.92710199
-5.92196098,6.88328030,1.13937524,3.48338338,0.03001503,0.33814743,1.11500333,0.83595075,0.05031276,1.91910644
-5.91595798,6.93115079,1.13630316,3.52691308,0.02899776,0.34784079,1.11464859,0.84957134,0.04954235,1.91172026
-5.90995498,6.98162906,1.13371247,3.56870650,0.02803161,0.35860808,1.11463536,0.86556793,0.04884971,1.90520540
-5.90395198,7.03523007,1.13197104,3.60880359,0.02712779,0.37044377,1.11518550,0.88399554,0.04824098,1.89985135
-5.89794897,7.09263032,1.13145241,3.64736383,0.02629759,0.38334851,1.11655828,0.90491377,0.04772353,1.89597254
-5.89194597,7.15466790,1.13252623,3.68467456,0.02555218,0.39732942,1.11904503,0.92838594,0.04730599,1.89390358
-5.88594297,7.22233193,1.13554819,3.72115354,0.02490243,0.41239922,1.12296156,0.95447671,0.04699817,1.89399243
-5.87993997,7.29674113,1.14084964,3.75734515,0.02435866,0.42857471,1.12863857,0.98324817,0.04681086,1.89659164
-5.87393697,7.37911215,1.14872732,3.79391004,0.02393040,0.44587417,1.13641029,1.01475459,0.04675555,1.90204789
-5.86793397,7.47071863,1.15943368,3.83160856,0.02362612,0.46431419,1.14660203,1.04903602,0.04684409,1.91069047
-5.86193097,7.57284259,1.17316799,3.87127825,0.02345298,0.48390585,1.15951691,1.08611104,0.04708824,1.92281888
-5.85592796,7.68672008,1.19006876,3.91380617,0.02341661,0.50465049,1.17542254,1.12596908,0.04749919,1.93869038
-5.84992496,7.81348348,1.21020773,3.96009708,0.02352083,0.52653552,1.19453825,1.16856286,0.04808709,1.95850792
-5.84392196,7.95410294,1.23358561,4.01103871,0.02376752,0.54953027,1.21702341,1.21380121,0.04886050,1.98240892
-5.83791896,8.10932951,1.26012985,4.06746519,0.02415646,0.57358244,1.24296754,1.26154309,0.04982591,2.01045566
-5.83191596,8.27964259,1.28969448,4.13012038,0.02468519,0.59861525,1.27238266,1.31159300,0.05098731,2.04262744
-5.82591296,8.46520404,1.32206200,4.19962231,0.02534901,0.62452560,1.30519829,1.36369841,0.05234576,2.07881513
-5.81990995,8.66582108,1.35694729,4.27643018,0.02614091,0.65118353,1.34125943,1.41754942,0.05389905,2.11881813
-5.81390695,8.88091966,1.39400336,4.36081528,0.02705173,0.67843297,1.38032769,1.47278091,0.05564144,2.16234415
-5.80790395,9.10952970,1.43282876,4.45283698,0.02807017,0.70609393,1.42208554,1.52897725,0.05756350,2.20901159
-5.80190095,9.35028286,1.47297627,4.55232482,0.02918300,0.73396607,1.46614352,1.58567953,0.05965204,2.25835462
-5.79589795,9.60142334,1.51396274,4.65886752,0.03037529,0.76183360,1.51205023,1.64239510,0.06189009,2.30983078
-5.78989495,9.86083136,1.55527959,4.77180938,0.03163064,0.78947114,1.55930456,1.69860897,0.06425708,2.36283073
-5.78389195,10.12605873,1.59640384,4.89025460,0.03293150,0.81665047,1.60736966,1.75379677,0.06672899,2.41669008
-5.77788894,10.39437547,1.63680918,5.01307940,0.03425946,0.84314757,1.65568812,1.80743846,0.06927874,2.47070268
-5.77188594,10.66282592,1.67597690,5.13895183,0.03559567,0.86874978,1.70369758,1.85903231,0.07187654,2.52413523
-5.76588294,10.92829262,1.71340653,5.26635892,0.03692116,0.89326253,1.75084619,1.90810838,0.07449037,2.57624268
-5.75987994,11.18756604,1.74862574,5.39364027,0.03821719,0.91651529,1.79660718,1.95424084,0.07708659,2.62628404
-5.75387694,11.43741790,1.78119961,5.51902745,0.03946568,0.93836627,1.84049205,1.99705855,0.07963049,2.67353837
-5.74787394,11.67467598,1.81073894,5.64068784,0.04064952,0.95870582,1.88206179,2.03625327,0.08208698,2.71732034
-5.74187094,11.89629817,1.83690754,5.75677189,0.04175289,0.97745792,1.92093570,2.07158527,0.08442127,2.75699532
-5.73586793,12.09944368,1.85942847,5.86546212,0.04276157,0.99458011,1.95679772,2.10288593,0.08659955,2.79199336
-5.72986493,12.28153941,1.87808912,5.96502266,0.04366320,1.01006139,1.98939994,2.13005747,0.08858975,2.82182205
-5.72386193,12.44033967,1.89274499,6.05384756,0.04444746,1.02391863,2.01856344,2.15306969,0.09036213,2.84607780
-5.71785893,12.57397786,1.90332231,6.13050652,0.04510624,1.03619143,2.04417657,2.17195418,0.09188999,2.86445530
-5.71185593,12.68100855,1.90981915,6.19378642,0.04563375,1.04693587,2.06619102,2.18679632,0.09315019,2.87675500
-5.70585293,12.76043928,1.91230530,6.24272748,0.04602654,1.05621763,2.08461598,2.19772577,0.09412374,2.88288823
-5.69984992,12.81175121,1.91092056,6.27665267,0.04628348,1.06410472,2.09951091,2.20490577,0.09479614,2.88287995
-5.69384692,12.83490821,1.90587160,6.29518953,0.04640572,1.07066060,2.11097735,2.20852231,0.09515777,2.87686883
-5.68784392,12.83035443,1.89742737,6.29828352,0.04639654,1.07593782,2.11915039,2.20877344,0.09520412,2.86510461
-5.68184092,12.79900042,1.88591288,6.28620249,0.04626122,1.07997287,2.12419008,2.20585959,0.09493586,2.84794265
-5.67583792,12.74219823,1.87170175,6.25953193,0.04600678,1.08278240,2.12627348,2.19997522,0.09435889,2.82583576
-5.66983492,12.66170626,1.85520726,6.21916119,0.04564179,1.08436118,2.12558736,2.19130235,0.09348421,2.79932334
-5.66383192,12.55964464,1.83687237,6.16626085,0.04517610,1.08468178,2.12232215,2.18000602,0.09232770,2.76901805
-5.65782891,12.43844238,1.81715877,6.10225203,0.04462057,1.08369614,2.11666702,2.16623188,0.09090976,2.73559031
-5.65182591,12.30077738,1.79653527,6.02876828,0.04398675,1.08133880,2.10880625,2.15010589,0.08925494,2.69975097
-5.64582291,12.14951095,1.77546590,5.94761135,0.04328664,1.07753161,2.09891691,2.13173580,0.08739136,2.66223270
-5.63981991,11.98761822,1.75439804,5.86070191,0.04253242,1.07218960,2.08716761,2.11121413,0.08535014,2.62377052
-5.63381691,11.81811622,1.73375097,5.77002685,0.04173615,1.06522762,2.07371812,2.08862240,0.08316472,2.58508230
-5.62781391,11.64399143,1.71390539,5.67758453,0.04090956,1.05656734,2.05871978,2.06403593,0.08087016,2.54684956
-5.62181091,11.46812850,1.69519397,5.58532972,0.04006384,1.04614417,2.04231626,2.03752898,0.07850236,2.50969954
-5.61580790,11.29324213,1.67789367,5.49511974,0.03920943,1.03391359,2.02464460,2.00917961,0.07609731,2.47418896
-5.60980490,11.12181385,1.66221982,5.40866361,0.03835584,1.01985670,2.00583618,1.97907403,0.07369033,2.44079016
-5.60380190,10.95603542,1.64832227,5.32747552,0.03751157,1.00398453,1.98601749,1.94731012,0.07131527,2.40988007
-5.59779890,10.79776055,1.63628378,5.25283418,0.03668399,0.98634091,1.96531064,1.91399980,0.06900386,2.38173236
-5.59179590,10.64846627,1.62612058,5.18574934,0.03587923,0.96700387,1.94383346,1.87927032,0.06678501,2.35651317
-5.58579290,10.50922518,1.61778511,5.12693637,0.03510219,0.94608540,1.92169925,1.84326433,0.06468424,2.33428030
-5.57978989,10.38068946,1.61117056,5.07679992,0.03435651,0.92372979,1.89901619,1.80613893,0.06272321,2.31498600
-5.57378689,10.26308713,1.60611727,5.03542707,0.03364459,0.90011058,1.87588654,1.76806371,0.06091935,2.29848311
-5.56778389,10.15623079,1.60242026,5.00259019,0.03296763,0.87542635,1.85240576,1.72921821,0.05928557,2.28453413
-5.56178089,10.05953850,1.59983783,4.97775959,0.03232571,0.84989575,1.82866162,1.68978880,0.05783024,2.27282286
-5.55577789,9.97206626,1.59810057,4.96012548,0.03171789,0.82375187,1.80473350,1.64996540,0.05655711,2.26296800
-5.54977489,9.89255086,1.59692052,4.94862857,0.03114233,0.79723634,1.78069199,1.60993824,0.05546558,2.25453805
-5.54377189,9.81946189,1.59600003,4.94199833,0.03059644,0.77059355,1.75659879,1.56989474,0.05455094,2.24706701
-5.53776888,9.75106094,1.59503995,4.93879770,0.03007701,0.74406500,1.73250707,1.53001689,0.05380484,2.24007005
-5.53176588,9.68546621,1.59374695,4.93747278,0.02958043,0.71788427,1.70846223,1.49047896,0.05321583,2.23305866
-5.52576288,9.62072011,1.59183974,4.93640572,0.02910284,0.69227251,1.68450294,1.45144583,0.05276997,2.22555480
-5.51975988,9.55485768,1.58905407,4.93396922,0.02864031,0.66743478,1.66066259,1.41307172,0.05245155,2.21710345
-5.51375688,9.48597350,1.58514659,4.92858062,0.02818907,0.64355708,1.63697075,1.37549944,0.05224378,2.20728344
-5.50775388,9.41228480,1.57989750,4.91875385,0.02774560,0.62080419,1.61345478,1.33885991,0.05212953,2.19571621
-5.50175088,9.33218874,1.57311225,4.90314735,0.02730683,0.59931828,1.59014124,1.30327199,0.05209199,2.18207251
-5.49574787,9.24431199,1.56462243,4.88060644,0.02687030,0.57921805,1.56705715,1.26884239,0.05211529,2.16607698
-5.48974487,9.14755124,1.55428601,4.85019873,0.02643416,0.56059850,1.54423079,1.23566557,0.05218503,2.14751090
-5.48374187,9.04110333,1.54198735,4.81124133,0.02599733,0.54353108,1.52169225,1.20382365,0.05228867,2.12621312
-5.47773887,8.92448461,1.52763693,4.76331919,0.02555946,0.52806410,1.49947332,1.17338609,0.05241578,2.10207957
-5.47173587,8.79753908,1.51117128,4.70629409,0.02512094,0.51422343,1.47760716,1.14440925,0.05255821,2.07506169
-5.46573287,8.66043575,1.49255305,4.64030422,0.02468283,0.50201331,1.45612745,1.11693585,0.05271010,2.04516388
-5.45972986,8.51365586,1.47177139,4.56575480,0.02424681,0.49141720,1.43506736,1.09099432,0.05286767,2.01244051
-5.45372686,8.35797115,1.44884271,4.48330034,0.02381501,0.48239883,1.41445836,1.06659811,0.05302907,1.97699261
-5.44772386,8.19441455,1.42381176,4.39381979,0.02338989,0.47490320,1.39432906,1.04374526,0.05319399,1.93896445
-5.44172086,8.02424516,1.39675290,4.29838573,0.02297411,0.46885785,1.37470433,1.02241807,0.05336332,1.89854032
-5.43571786,7.84890925,1.36777158,4.19822939,0.02257033,0.46417416,1.35560469,1.00258327,0.05353873,1.85594135
-5.42971486,7.66999938,1.33700561,4.09470292,0.02218111,0.46074907,1.33704634,0.98419265,0.05372228,1.81142269
-5.42371186,7.48921334,1.30462634,3.98924082,0.02180869,0.45846693,1.31904170,0.96718430,0.05391611,1.76527086
-5.41770885,7.30831472,1.27083921,3.88332189,0.02145499,0.45720177,1.30160072,0.95148451,0.05412211,1.71780124
-5.41170585,7.12909644,1.23588377,3.77843345,0.02112142,0.45682000,1.28473279,0.93701035,0.05434176,1.66935560
-5.40570285,6.95334829,1.20003281,3.67603856,0.02080887,0.45718333,1.26844927,0.92367284,0.05457607,1.62029961
-5.39969985,6.78282913,1.16359049,3.57754759,0.02051771,0.45815213,1.25276655,0.91138067,0.05482556,1.57102001
-5.39369685,6.61924393,1.12688943,3.48429421,0.02024779,0.45958897,1.23770921,0.90004428,0.05509044,1.52192152
-5.38769385,6.46422534,1.09028660,3.39751626,0.01999848,0.46136230,1.22331337,0.88958010,0.05537078,1.47342313
-5.38169085,6.31931929,1.05415817,3.31834115,0.01976877,0.46335014,1.20962970,0.87991473,0.05566680,1.42595384
-5.37568784,6.18597346,1.01889317,3.24777533,0.01955735,0.46544353,1.19672588,0.87098871,0.05597919,1.37994767
-5.36968484,6.06552774,0.98488628,3.18669716,0.01936272,0.46754965,1.18468820,0.86275978,0.05630939,1.33583786
-5.36368184,5.95920518,0.95252974,3.13585231,0.01918329,0.46959441,1.17362212,0.85520519,0.05665992,1.29405044
-5.35767884,5.86810240,0.92220472,3.09585067,0.01901754,0.47152426,1.16365144,0.84832295,0.05703451,1.25499697
-5.35167584,5.79317834,0.89427229,3.06716409,0.01886402,0.47330717,1.15491602,0.84213184,0.05743827,1.21906683
-5.34567284,5.73524066,0.86906432,3.05012408,0.01872151,0.47493268,1.14756803,0.83666998,0.05787765,1.18661897
-5.33966983,5.69492935,0.84687463,3.04491899,0.01858901,0.47641088,1.14176660,0.83199216,0.05836029,1.15797354
-5.33366683,5.67269776,0.82795056,3.05159039,0.01846578,0.47777039,1.13767121,0.82816571,0.05889478,1.13340349
-5.32766383,5.66879140,0.81248541,3.07002871,0.01835136,0.47905537,1.13543389,0.82526530,0.05949018,1.11312651
-5.32166083,5.68322567,0.80061190,3.09996849,0.01824549,0.48032171,1.13519057,0.82336674,0.06015551,1.09729761
-5.31565783,5.71576374,0.79239700,3.14098368,0.01814812,0.48163252,1.13705208,0.82254029,0.06089918,1.08600258
-5.30965483,5.76589641,0.78783829,3.19248397,0.01805929,0.48305317,1.14109509,0.82284354,0.06172823,1.07925282
-5.30365183,5.83282567,0.78686205,3.25371296,0.01797909,0.48464614,1.14735359,0.82431457,0.06264772,1.07698157
-5.29764882,5.91545390,0.78932320,3.32374914,0.01790760,0.48646589,1.15581135,0.82696562,0.06366004,1.07904205
-5.29164582,6.01238048,0.79500715,3.40151077,0.01784480,0.48855414,1.16639576,0.83077768,0.06476431,1.08520759
-5.28564282,6.12190729,0.80363360,3.48576516,0.01779051,0.49093567,1.17897360,0.83569638,0.06595595,1.09517386
-5.27963982,6.24205424,0.81486216,3.57514321,0.01774439,0.49361495,1.19334888,0.84162948,0.06722633,1.10856340
-5.27363682,6.37058541,0.82829976,3.66815932,0.01770588,0.49657384,1.20926319,0.84844615,0.06856266,1.12493224
-5.26763382,6.50504586,0.84350953,3.76323664,0.01767424,0.49977041,1.22639849,0.85597809,0.06994802,1.14377875
-5.26163082,6.64280852,0.86002108,3.85873723,0.01764857,0.50313897,1.24438251,0.86402266,0.07136162,1.16455424
-5.25562781,6.78113004,0.87734170,3.95299650,0.01762785,0.50659136,1.26279653,0.87234775,0.07277927,1.18667530
-5.24962481,6.91721372,0.89496834,4.04436067,0.01761101,0.51001944,1.28118535,0.88069826,0.07417402,1.20953734
-5.24362181,7.04827769,0.91239978,4.13122603,0.01759700,0.51329868,1.29906915,0.88880402,0.07551695,1.23252897
-5.23761881,7.17162538,0.92914883,4.21207861,0.01758486,0.51629263,1.31595670,0.89638852,0.07677810,1.25504681
-5.23161581,7.28471601,0.94475409,4.28553250,0.01757379,0.51885812,1.33135959,0.90317842,0.07792748,1.27651018
-5.22561281,7.38523199,0.95879081,4.35036541,0.01756324,0.52085098,1.34480682,0.90891303,0.07893612,1.29637514
-5.21960980,7.47114079,0.97088071,4.40554993,0.01755291,0.52213190,1.35585929,0.91335363,0.07977712,1.31414755
-5.21360680,7.54074874,0.98070031,4.45027929,0.01754285,0.52257236,1.36412356,0.91629199,0.08042661,1.32939454
-5.20760380,7.59274486,0.98798756,4.48398658,0.01753338,0.52206020,1.36926451,0.91755789,0.08086470,1.34175412
-5.20160080,7.62623298,0.99254659,4.50635674,0.01752519,0.52050467,1.37101642,0.91702522,0.08107626,1.35094253
-5.19559780,7.64075118,0.99425056,4.51733097,0.01751919,0.51784087,1.36919197,0.91461640,0.08105147,1.35675921
-5.18959480,7.63627820,0.99304232,4.51710354,0.01751658,0.51403320,1.36368917,0.91030512,0.08078636,1.35908919
-5.18359180,7.61322671,0.98893322,4.50611139,0.01751869,0.50907789,1.35449573,0.90411714,0.08028300,1.35790286
-5.17758879,7.57242431,0.98199987,4.48501711,0.01752697,0.50300447,1.34169100,0.89612933,0.07954957,1.35325326
-5.17158579,7.51508316,0.97237931,4.45468614,0.01754292,0.49587618,1.32544540,0.88646699,0.07860028,1.34527097
-5.16558279,7.44276003,0.96026254,4.41615942,0.01756799,0.48778925,1.30601740,0.87529960,0.07745501,1.33415698
-5.15957979,7.35730840,0.94588683,4.37062256,0.01760353,0.47887129,1.28374830,0.86283537,0.07613890,1.32017369
-5.15357679,7.26082472,0.92952720,4.31937280,0.01765078,0.46927868,1.25905492,0.84931475,0.07468175,1.30363459
-5.14757379,7.15559092,0.91148710,4.26378516,0.01771076,0.45919326,1.23242055,0.83500320,0.07311730,1.28489299
-5.14157079,7.04401531,0.89208902,4.20527870,0.01778436,0.44881830,1.20438438,0.82018370,0.07148247,1.26433019
-5.13556778,6.92857375,0.87166505,4.14528423,0.01787223,0.43837399,1.17552976,0.80514914,0.06981652,1.24234357
-5.12956478,6.81175294,0.85054779,4.08521409,0.01797487,0.42809259,1.14647153,0.79019494,0.06816018,1.21933507
-5.12356178,6.69599717,0.82906202,4.02643482,0.01809261,0.41821330,1.11784279,0.77561209,0.06655479,1.19570034
-5.11755878,6.58365992,0.80751714,3.97024328,0.01822565,0.40897702,1.09028127,0.76168090,0.06504141,1.17181893
-5.11155578,6.47696092,0.78620077,3.91784623,0.01837409,0.40062120,1.06441566,0.74866544,0.06366004,1.14804581
-5.10555278,6.37794933,0.76537341,3.87034378,0.01853795,0.39337466,1.04085206,0.73680882,0.06244878,1.12470430
-5.09954977,6.28847306,0.74526452,3.82871632,0.01871718,0.38745266,1.02016082,0.72632932,0.06144311,1.10208071
-5.09354677,6.21015432,0.72606973,3.79381491,0.01891166,0.38305217,1.00286387,0.71741725,0.06067518,1.08042039
-5.08754377,6.14437084,0.70794931,3.76635463,0.01912120,0.38034736,0.98942288,0.71023257,0.06017319,1.05992554
-5.08154077,6.09224249,0.69102784,3.74691065,0.01934546,0.37948554,0.98022834,0.70490304,0.05996082,1.04075429
-5.07553777,6.05462253,0.67539479,3.73591636,0.01958398,0.38058330,0.97558978,0.70152290,0.06005670,1.02302125
-5.06953477,6.03209299,0.66110601,3.73366337,0.01983607,0.38372314,0.97572735,0.70015184,0.06047397,1.00679904
-5.06353177,6.02496367,0.64818594,3.74030284,0.02010074,0.38895060,0.98076504,0.70081434,0.06121989,0.99212075
-5.05752876,6.03327409,0.63663031,3.75584790,0.02037667,0.39627187,0.99072568,0.70349914,0.06229557,0.97898312
-5.05152576,6.05679834,0.62640927,3.78017695,0.02066213,0.40565200,1.00552792,0.70815898,0.06369575,0.96735018
-5.04552276,6.09505242,0.61747065,3.81303770,0.02095491,0.41701397,1.02498552,0.71471056,0.06540864,0.95715719
-5.03951976,6.14730425,0.60974345,3.85405195,0.02125233,0.43023839,1.04880913,0.72303487,0.06741602,0.94831472
-5.03351676,6.21258636,0.60314122,3.90272128,0.02155121,0.44516434,1.07661047,0.73297788,0.06969326,0.94071277
-5.02751376,6.28971163,0.59756546,3.95843361,0.02184790,0.46159105,1.10790935,0.74435190,0.07220969,0.93422482
-5.02151076,6.37729228,0.59290881,4.02047117,0.02213830,0.47928087,1.14214324,0.75693764,0.07492892,0.92871182
-5.01550775,6.47376246,0.58905814,4.08801976,0.02241800,0.49796320,1.17867942,0.77048709,0.07780948,0.92402594
-5.00950475,6.57740477,0.58589742,4.16017986,0.02268237,0.51733971,1.21682950,0.78472747,0.08080552,0.92001427
-5.00350175,6.68638060,0.58331042,4.23597951,0.02292670,0.53709061,1.25586601,0.79936618,0.08386768,0.91652235
-4.99749875,6.79876441,0.58118324,4.31438931,0.02314635,0.55688191,1.29504064,0.81409673,0.08694410,0.91339754
-4.99149575,6.91258152,0.57940656,4.39433930,0.02333695,0.57637350,1.33360355,0.82860577,0.08998157,0.91049225
-4.98549275,7.02584878,0.57787780,4.47473780,0.02349454,0.59522781,1.37082325,0.84258076,0.09292674,0.90766710
-4.97948974,7.13661738,0.57650298,4.55449182,0.02361580,0.61311884,1.40600639,0.85571833,0.09572740,0.90479377
-4.97348674,7.24301661,0.57519837,4.63252867,0.02369815,0.62974113,1.43851665,0.86773289,0.09833377,0.90175779
-4.96748374,7.34329730,0.57389194,4.70781828,0.02373989,0.64481839,1.46779221,0.87836509,0.10069975,0.89846098
-4.96148074,7.43587343,0.57252450,4.77939546,0.02374035,0.65811144,1.49336099,0.88738990,0.10278416,0.89482357
-4.95547774,7.51936058,0.57105052,4.84638157,0.02369989,0.66942509,1.51485321,0.89462379,0.10455180,0.89078599
-4.94947474,7.59260952,0.56943873,4.90800462,0.02361997,0.67861367,1.53201083,0.89993065,0.10597438,0.88631017
-4.94347174,7.65473380,0.56767234,4.96361723,0.02350312,0.68558499,1.54469329,0.90322622,0.10703127,0.88138035
-4.93746873,7.70513006,0.56574900,5.01271156,0.02335285,0.69030242,1.55287974,0.90448069,0.10771004,0.87600338
-4.93146573,7.74349034,0.56368040,5.05493084,0.02317363,0.69278523,1.55666742,0.90371930,0.10800673,0.87020846
-4.92546273,7.76980576,0.56149169,5.09007673,0.02297068,0.69310690,1.55626648,0.90102101,0.10792595,0.86404631
-4.91945973,7.78436170,0.55922052,5.11811252,0.02274986,0.69139178,1.55199159,0.89651514,0.10748065,0.85758787
-4.91345673,7.78772447,0.55691600,5.13916175,0.02251752,0.68781001,1.54425058,0.89037628,0.10669173,0.85092252
-4.90745373,7.78072053,0.55463740,5.15350260,0.02228026,0.68257119,1.53353093,0.88281767,0.10558743,0.84415584
-4.90145073,7.76440891,0.55245275,5.16155824,0.02204481,0.67591697,1.52038443,0.87408343,0.10420250,0.83740712
-4.89544772,7.74004845,0.55043732,5.16388348,0.02181785,0.66811301,1.50541097,0.86444003,0.10257728,0.83080655
-4.88944472,7.70906119,0.54867205,5.16114861,0.02160583,0.65944066,1.48924187,0.85416744,0.10075662,0.82449232
-4.88344172,7.67299347,0.54724192,5.15412080,0.02141486,0.65018882,1.47252358,0.84355053,0.09878880,0.81860758
-4.87743872,7.63347644,0.54623426,5.14364414,0.02125060,0.64064619,1.45590214,0.83287088,0.09672435,0.81329736
-4.87143572,7.59218727,0.54573708,5.13061879,0.02111817,0.63109441,1.44000907,0.82239966,0.09461493,0.80870561
-4.86543272,7.55081248,0.54583730,5.11598025,0.02102211,0.62180219,1.42544881,0.81239166,0.09251223,0.80497224
-4.85942971,7.51101423,0.54661900,5.10067903,0.02096635,0.61302068,1.41278820,0.80308076,0.09046698,0.80223029
-4.85342671,7.47440023,0.54816160,5.08566149,0.02095421,0.60498010,1.40254781,0.79467685,0.08852798,0.80060326
-4.84742371,7.44249774,0.55053799,5.07185193,0.02098840,0.59788768,1.39519533,0.78736430,0.08674136,0.80020249
-4.84142071,7.41673139,0.55381264,5.06013633,0.02107106,0.59192670,1.39114081,0.78130175,0.08514979,0.80112481
-4.83541771,7.39840473,0.55803967,5.05134747,0.02120378,0.58725662,1.39073347,0.77662299,0.08379203,0.80345020
-4.82941471,7.38868475,0.56326091,5.04625155,0.02138767,0.58401389,1.39425979,0.77343872,0.08270237,0.80723967
-4.82341171,7.38858880,0.56950402,5.04553598,0.02162334,0.58231335,1.40194266,0.77183889,0.08191038,0.81253332
-4.81740870,7.39897302,0.57678067,5.04979808,0.02191096,0.58224967,1.41394111,0.77189499,0.08144063,0.81934853
-4.81140570,7.42052148,0.58508480,5.05953446,0.02225025,0.58389889,1.43035036,0.77366238,0.08131255,0.82767842
-4.80540270,7.45373555,0.59439119,5.07513092,0.02264045,0.58731945,1.45120190,0.77718189,0.08154036,0.83749051
-4.79939970,7.49892287,0.60465413,5.09685273,0.02308036,0.59255271,1.47646346,0.78248070,0.08213306,0.84872573
-4.79339670,7.55618578,0.61580654,5.12483532,0.02356821,0.59962276,1.50603852,0.78957233,0.08309442,0.86129779
-4.78739370,7.62540950,0.62775939,5.15907559,0.02410170,0.60853535,1.53976564,0.79845544,0.08442306,0.87509284
-4.78139070,7.70625020,0.64040154,5.19942425,0.02467786,0.61927612,1.57741744,0.80911166,0.08611249,0.88996976
-4.77538769,7.79812403,0.65360018,5.24557948,0.02529307,0.63180809,1.61869942,0.82150250,0.08815124,0.90576075
-4.76938469,7.90019784,0.66720160,5.29708271,0.02594291,0.64606860,1.66324899,0.83556553,0.09052286,0.92227265
-4.76338169,8.01138293,0.68103267,5.35331695,0.02662221,0.66196600,1.71063493,0.85121020,0.09320609,0.93928863
-4.75737869,8.13033299,0.69490278,5.41350847,0.02732495,0.67937640,1.76035758,0.86831359,0.09617491,0.95657061
-4.75137569,8.25544766,0.70860633,5.47673228,0.02804430,0.69814071,1.81185038,0.88671657,0.09939867,0.97386216
-4.74537269,8.38488264,0.72192583,5.54192202,0.02877260,0.71806251,1.86448291,0.90622080,0.10284226,0.99089202
-4.73936968,8.51656761,0.73463540,5.60788435,0.02950148,0.73890690,1.91756590,0.92658686,0.10646627,1.00737810
-4.73336668,8.64823230,0.74650484,5.67331813,0.03022189,0.76040081,1.97035851,0.94753408,0.11022726,1.02303205
-4.72736368,8.77744119,0.75730403,5.73683817,0.03092426,0.78223484,2.02207804,0.96874217,0.11407807,1.03756421
-4.72136068,8.90163668,0.76680768,5.79700308,0.03159869,0.80406701,2.07191218,0.98985493,0.11796825,1.05068897
-4.71535768,9.01819002,0.77480035,5.85234677,0.03223509,0.82552829,2.11903371,1.01048617,0.12184459,1.06213037
-4.70935468,9.12445905,0.78108154,5.90141257,0.03282345,0.84623002,2.16261748,1.03022766,0.12565175,1.07162794
-4.70335168,9.21785124,0.78547090,5.94278919,0.03335407,0.86577295,2.20185924,1.04865910,0.12933298,1.07894256
-4.69734867,9.29589015,0.78781318,5.97514718,0.03381779,0.88375776,2.23599596,1.06535965,0.13283107,1.08386226
-4.69134567,9.35628327,0.78798300,5.99727484,0.03420629,0.89979660,2.26432673,1.07992071,0.13608927,1.08620779
-4.68534267,9.39698883,0.78588912,6.00811234,0.03451232,0.91352527,2.28623380,1.09195946,0.13905243,1.08583786
-4.67933967,9.41627914,0.78147814,6.00678295,0.03472994,0.92461546,2.30120263,1.10113249,0.14166806,1.08265372
-4.67333667,9.41279814,0.77473745,5.99262026,0.03485469,0.93278660,2.30884022,1.10714894,0.14388762,1.07660313
-4.66733367,9.38561087,0.76569716,5.96519059,0.03488381,0.93781668,2.30889089,1.10978264,0.14566758,1.06768338
-4.66133067,9.33424287,0.75443110,5.92430985,0.03481635,0.93955153,2.30124856,1.10888244,0.14697065,1.05594328
-4.65532766,9.25870770,0.74105653,5.87005438,0.03465320,0.93791213,2.28596486,1.10438049,0.14776672,1.04148392
-4.64932466,9.15952157,0.72573274,5.80276542,0.03439719,0.93289950,2.26325267,1.09629773,0.14803384,1.02445820
-4.64332166,9.03770409,0.70865826,5.72304724,0.03405296,0.92459689,2.23348443,1.08474654,0.14775884,1.00506894
-4.63731866,8.89476497,0.69006695,5.63175891,0.03362695,0.91316914,2.19718530,1.06993015,0.14693789,0.98356569
-4.63131566,8.73267691,0.67022282,5.53000024,0.03312716,0.89885914,2.15502119,1.05213897,0.14557669,0.96024005
-4.62531266,8.55383547,0.64941388,5.41909201,0.03256305,0.88198147,2.10778187,1.03174373,0.14369048,0.93541989
-4.61930965,8.36100707,0.62794516,5.30055141,0.03194522,0.86291351,2.05635994,1.00918589,0.14130370,0.90946229
-4.61330665,8.15726682,0.60613102,5.17606312,0.03128515,0.84208437,2.00172612,0.98496549,0.13844944,0.88274568
-4.60730365,7.94592818,0.58428719,5.04744681,0.03059493,0.81996198,1.94490213,0.95962714,0.13516865,0.85566119
-4.60130065,7.73046655,0.56272272,4.91662189,0.02988693,0.79703906,1.88693190,0.93374445,0.13150909,0.82860362
-4.59529765,7.51443920,0.54173209,4.78557013,0.02917346,0.77381839,1.82885248,0.90790377,0.12752413,0.80196232
-4.58929465,7.30140406,0.52158791,4.65629707,0.02846650,0.75079805,1.77166576,0.88268769,0.12327145,0.77611221
-4.58329165,7.09483956,0.50253443,4.53079285,0.02777743,0.72845724,1.71631194,0.85865904,0.11881164,0.75140532
-4.57728864,6.89806787,0.48478197,4.41099324,0.02711672,0.70724316,1.66364609,0.83634589,0.11420679,0.72816317
-4.57128564,6.71418365,0.46850273,4.29874155,0.02649380,0.68755956,1.61441829,0.81622826,0.10951917,0.70667006
-4.56528264,6.54599006,0.45382784,4.19575217,0.02591681,0.66975723,1.56925844,0.79872671,0.10480995,0.68716782
-4.55927964,6.39594351,0.44084587,4.10357628,0.02539256,0.65412682,1.52866583,0.78419346,0.10013805,0.66985177
-4.55327664,6.26610848,0.42960289,4.02357054,0.02492642,0.64089421,1.49300403,0.77290613,0.09555926,0.65486836
-4.54727364,6.15812322,0.42010375,3.95686927,0.02452234,0.63021842,1.46250089,0.76506429,0.09112543,0.64231431
-4.54127064,6.07317687,0.41231480,3.90436081,0.02418288,0.62219212,1.43725352,0.76078878,0.08688398,0.63223733
-4.53526763,6.01199818,0.40616761,3.86666860,0.02390928,0.61684455,1.41723787,0.76012389,0.08287754,0.62463823
-4.52926463,5.97485596,0.40156361,3.84413761,0.02370164,0.61414668,1.40232216,0.76304201,0.07914386,0.61947451
-4.52326163,5.96157055,0.39837947,3.83682645,0.02355901,0.61401818,1.39228355,0.76945065,0.07571588,0.61666497
-4.51725863,5.97153602,0.39647276,3.84450569,0.02347964,0.61633600,1.38682716,0.77920145,0.07262192,0.61609532
-4.51125563,6.00375199,0.39568787,3.86666257,0.02346115,0.62094401,1.38560651,0.79210067,0.06988605,0.61762452
-4.50525263,6.05686401,0.39586182,3.90251224,0.02350074,0.62766333,1.38824447,0.80792093,0.06752851,0.62109148
-4.49924962,6.12921130,0.39682967,3.95101546,0.02359539,0.63630285,1.39435391,0.82641351,0.06556618,0.62632194
-4.49324662,6.21888025,0.39842955,4.01090250,0.02374206,0.64666961,1.40355708,0.84732086,0.06401307,0.63313530
-4.48724362,6.32376208,0.40050695,4.08070283,0.02393784,0.65857846,1.41550320,0.87038877,0.06288071,0.64135094
-4.48124062,6.44161306,0.40291827,4.15877981,0.02418011,0.67186089,1.42988340,0.89537778,0.06217855,0.65079409
-4.47523762,6.57011527,0.40553349,4.24336955,0.02446661,0.68637243,1.44644280,0.92207335,0.06191418,0.66130071
-4.46923462,6.70693628,0.40823808,4.33262291,0.02479553,0.70199859,1.46498920,0.95029447,0.06209351,0.67272152
-4.46323162,6.84978586,0.41093392,4.42464927,0.02516552,0.71865911,1.48539834,0.97990027,0.06272073,0.68492475
-4.45722861,6.99646813,0.41353957,4.51756095,0.02557567,0.73631030,1.50761563,1.01079456,0.06379816,0.69779778
-4.45122561,7.14492750,0.41598972,4.60951665,0.02602542,0.75494556,1.53165446,1.04292795,0.06532597,0.71124749
-4.44522261,7.29328730,0.41823412,4.69876276,0.02651448,0.77459410,1.55759136,1.07629764,0.06730179,0.72519939
-4.43921961,7.43987988,0.42023591,4.78367121,0.02704265,0.79531779,1.58555828,1.11094475,0.06972015,0.73959559
-4.43321661,7.58326782,0.42196977,4.86277261,0.02760969,0.81720663,1.61573250,1.14694940,0.07257192,0.75439181
-4.42721361,7.72225568,0.42341964,4.93478390,0.02821511,0.84037263,1.64832457,1.18442379,0.07584368,0.76955353
-4.42121061,7.85589275,0.42457657,4.99862983,0.02885794,0.86494279,1.68356483,1.22350342,0.07951709,0.78505158
-4.41520760,7.98346704,0.42543642,5.05345774,0.02953660,0.89105112,1.72168919,1.26433699,0.08356833,0.80085745
-4.40920460,8.10449169,0.42599787,5.09864573,0.03024862,0.91883022,1.76292449,1.30707530,0.08796763,0.81693850
-4.40320160,8.21868492,0.42626058,5.13380430,0.03099055,0.94840269,1.80747425,1.35185967,0.09267892,0.83325352
-4.39719860,8.32594507,0.42622376,5.15877202,0.03175780,0.97987267,1.85550513,1.39881031,0.09765970,0.84974878
-4.39119560,8.42632239,0.42588512,5.17360582,0.03254456,1.01331782,1.90713465,1.44801525,0.10286108,0.86635501
-4.38519260,8.51998931,0.42524027,5.17856691,0.03334377,1.04878211,1.96242049,1.49952008,0.10822810,0.88298534
-4.37918959,8.60721097,0.42428259,5.17410322,0.03414715,1.08626949,2.02135183,1.55331911,0.11370024,0.89953449
-4.37318659,8.68831733,0.42300354,5.16082934,0.03494531,1.12573886,2.08384283,1.60934823,0.11921230,0.91587935
-4.36718359,8.76367843,0.42139346,5.13950498,0.03572785,1.16710029,2.14972839,1.66747963,0.12469537,0.93188081
-4.36118059,8.83368348,0.41944272,5.11101287,0.03648367,1.21021278,2.21876246,1.72751874,0.13007816,0.94738699
-4.35517759,8.89872452,0.41714313,5.07633656,0.03720117,1.25488346,2.29061861,1.78920332,0.13528843,0.96223764
-4.34917459,8.95918472,0.41448969,5.03653889,0.03786857,1.30086829,2.36489305,1.85220482,0.14025459,0.97626938
-4.34317159,9.01543110,0.41148239,4.99274124,0.03847433,1.34787430,2.44110968,1.91613175,0.14490739,0.98932185
-4.33716858,9.06781103,0.40812799,4.94610364,0.03900743,1.39556313,2.51872722,1.98053513,0.14918160,1.00124407
-4.33116558,9.11665166,0.40444176,4.89780568,0.03945781,1.44355584,2.59714800,2.04491552,0.15301768,1.01190090
-4.32516258,9.16226110,0.40044897,4.84902791,0.03981672,1.49143889,2.67572822,2.10873160,0.15636331,1.02117923
-4.31915958,9.20493018,0.39618601,4.80093336,0.04007702,1.53877102,2.75378939,2.17140986,0.15917475,1.02899345
-4.31315658,9.24493361,0.39170112,4.75464881,0.04023347,1.58509091,2.83063062,2.23235508,0.16141795,1.03528991
-4.30715358,9.28252946,0.38705463,4.71124553,0.04028298,1.62992552,2.90554151,2.29096141,0.16306945,1.04005027
-4.30115058,9.31795612,0.38231857,4.67171925,0.04022470,1.67279872,2.97781536,2.34662364,0.16411682,1.04329326
-4.29514757,9.35142638,0.37757581,4.63696936,0.04006013,1.71324026,3.04676241,2.39874840,0.16455892,1.04507503
-4.28914457,9.38311826,0.37291847,4.60777751,0.03979308,1.75079470,3.11172286,2.44676519,0.16440570,1.04548778
-4.28314157,9.41316315,0.36844597,4.58478613,0.03942953,1.78503027,3.17207941,2.49013676,0.16367769,1.04465699
-4.27713857,9.44163167,0.36426242,4.56847754,0.03897746,1.81554736,3.22726914,2.52836901,0.16240521,1.04273713
-4.27113557,9.46851844,0.36047375,4.55915451,0.03844658,1.84198656,3.27679439,2.56101989,0.16062724,1.03990630
-4.26513257,9.49372697,0.35718451,4.55692351,0.03784800,1.86403596,3.32023255,2.58770749,0.15839011,1.03635980
-4.25912956,9.51705607,0.35449452,4.56168167,0.03719381,1.88143772,3.35724443,2.60811700,0.15574601,1.03230323
-4.25312656,9.53818946,0.35249549,4.57310876,0.03649673,1.89399353,3.38758110,2.62200652,0.15275137,1.02794527
-4.24712356,9.55668982,0.35126783,4.59066528,0.03576963,1.90156898,3.41108885,2.62921162,0.14946521,1.02349045
-4.24112056,9.57199867,0.35087769,4.61359760,0.03502516,1.90409662,3.42771242,2.62964865,0.14594754,1.01913251
-4.23511756,9.58344305,0.35137442,4.64095081,0.03427533,1.90157769,3.43749595,2.62331657,0.14225779,1.01504827
-4.22911456,9.59024939,0.35278856,4.67158950,0.03353122,1.89408233,3.44058194,2.61029744,0.13845346,1.01139265
-4.22311156,9.59156493,0.35513043,4.70422656,0.03280262,1.88174834,3.43720799,2.59075543,0.13458886,1.00829476
-4.21710855,9.58648600,0.35838942,4.73745911,0.03209787,1.86477837,3.42770143,2.56493435,0.13071414,1.00585537
-4.21110555,9.57409255,0.36253402,4.76981091,0.03142374,1.84343582,3.41247189,2.53315382,0.12687454,1.00414570
-4.20510255,9.55348729,0.36751255,4.79977952,0.03078530,1.81803924,3.39200211,2.49580392,0.12310985,1.00320769
-4.19909955,9.52383792,0.37325465,4.82588649,0.03018601,1.78895567,3.36683709,2.45333873,0.11945419,1.00305547
-4.19309655,9.48442022,0.37967340,4.84672858,0.02962777,1.75659288,3.33757208,2.40626852,0.11593592,1.00367802
-4.18709355,9.43465987,0.38666801,4.86102766,0.02911110,1.72139092,3.30483958,2.35515104,0.11257781,1.00504284
-4.18109055,9.37417063,0.39412702,4.86767697,0.02863533,1.68381308,3.26929587,2.30058194,0.10939737,1.00710029
-4.17508754,9.30278669,0.40193183,4.86578165,0.02819884,1.64433664,3.23160751,2.24318458,0.10640732,1.00978833
-4.16908454,9.22058715,0.40996035,4.85469144,0.02779935,1.60344358,3.19243805,2.18359940,0.10361607,1.01303750
-4.16308154,9.12791113,0.41809082,4.83402396,0.02743417,1.56161159,3.15243547,2.12247318,0.10102836,1.01677571
-4.15707854,9.02536203,0.42620539,4.80367729,0.02710045,1.51930556,3.11222054,2.06044835,0.09864584,1.02093254
-4.15107554,8.91380057,0.43419350,4.76383132,0.02679545,1.47696979,3.07237648,1.99815263,0.09646763,1.02544298
-4.14507254,8.79432623,0.44195479,4.71493750,0.02651669,1.43502104,3.03343991,1.93618912,0.09449081,1.03025019
-4.13906953,8.66824778,0.44940155,4.65769770,0.02626217,1.39384261,2.99589330,1.87512713,0.09271091,1.03530729
-4.13306653,8.53704388,0.45646043,4.59303296,0.02603041,1.35377940,2.96015890,1.81549394,0.09112220,1.04057799
-4.12706353,8.40231538,0.46307357,4.52204381,0.02582057,1.31513415,2.92659412,1.75776748,0.08971800,1.04603613
-4.12106053,8.26573141,0.46919893,4.44596396,0.02563240,1.27816468,2.89548821,1.70237018,0.08849079,1.05166412
-4.11505753,8.12897158,0.47480991,4.36610973,0.02546625,1.24308225,2.86706020,1.64966409,0.08743233,1.05745050
-4.10905453,7.99366712,0.47989438,4.28382741,0.02532294,1.21005080,2.84145789,1.59994723,0.08653366,1.06338672
-4.10305153,7.86134351,0.48445303,4.20044135,0.02520369,1.17918713,2.81875793,1.55345129,0.08578510,1.06946350
-4.09704852,7.73336738,0.48849733,4.11720483,0.02510997,1.15056196,2.79896673,1.51034074,0.08517617,1.07566696
-4.09104552,7.61090021,0.49204719,4.03525613,0.02504340,1.12420157,2.78202234,1.47071323,0.08469555,1.08197492
-4.08504252,7.49486086,0.49512839,3.95558157,0.02500552,1.10009021,2.76779725,1.43460139,0.08433108,1.08835369
-4.07903952,7.38589888,0.49777005,3.87898687,0.02499776,1.07817302,2.75610210,1.40197600,0.08406976,1.09475553
-4.07303652,7.28437946,0.50000231,3.80607796,0.02502127,1.05835952,2.74669056,1.37275028,0.08389785,1.10111719
-4.06703352,7.19038097,0.50185425,3.73725157,0.02507683,1.04052752,2.73926526,1.34678551,0.08380099,1.10735966
-4.06103052,7.10370476,0.50335228,3.67269549,0.02516482,1.02452748,2.73348501,1.32389758,0.08376448,1.11338915
-4.05502751,7.02389668,0.50451906,3.61239812,0.02528514,1.01018724,2.72897330,1.30386446,0.08377351,1.11909953
-4.04902451,6.95027902,0.50537298,3.55616595,0.02543721,0.99731701,2.72532797,1.28643442,0.08381359,1.12437599
-4.04302151,6.88199120,0.50592819,3.50364807,0.02562002,0.98571468,2.72213206,1.27133467,0.08387091,1.12909980
-4.03701851,6.81803690,0.50619518,3.45436563,0.02583212,0.97517119,2.71896560,1.25828030,0.08393279,1.13315406
-4.03101551,6.75733533,0.50618188,3.40774470,0.02607169,0.96547606,2.71541804,1.24698310,0.08398816,1.13642990
-4.02501251,6.69877398,0.50589505,3.36315077,0.02633661,0.95642279,2.71110091,1.23716015,0.08402796,1.13883297
-4.01900950,6.64126046,0.50534193,3.31992283,0.02662453,0.94781410,2.70566041,1.22854181,0.08404551,1.14028976
-4.01300650,6.58377092,0.50453197,3.27740572,0.02693292,0.93946683,2.69878924,1.22087883,0.08403689,1.14075331
-4.00700350,6.52539310,0.50347855,3.23497930,0.02725917,0.93121648,2.69023746,1.21394848,0.08400111,1.14020810
-4.00100050,6.46536231,0.50220039,3.19208325,0.02760062,0.92292113,2.67982167,1.20755945,0.08394031,1.13867368
-3.99499750,6.40308932,0.50072285,3.14823704,0.02795464,0.91446473,2.66743227,1.20155542,0.08385976,1.13620687
-3.98899450,6.33817930,0.49907862,3.10305453,0.02831865,0.90575970,2.65303854,1.19581733,0.08376777,1.13290237
-3.98299150,6.27044207,0.49730810,3.05625324,0.02869019,0.89674872,2.63669120,1.19026429,0.08367550,1.12889183
-3.97698849,6.19989368,0.49545929,3.00765856,0.02906688,0.88740586,2.61852252,1.18485334,0.08359669,1.12434123
-3.97098549,6.12675043,0.49358718,2.95720349,0.02944650,0.87773687,2.59874399,1.17957810,0.08354726,1.11944697
-3.96498249,6.05141638,0.49175274,2.90492454,0.02982697,0.86777884,2.57764175,1.17446662,0.08354485,1.11443061
-3.95897949,5.97446555,0.49002155,2.85095458,0.03020630,0.85759919,2.55556991,1.16957853,0.08360835,1.10953279
-3.95297649,5.89662046,0.48846220,2.79551356,0.03058266,0.84729414,2.53294223,1.16500183,0.08375733,1.10500642
-3.94697349,5.81872802,0.48714444,2.73889777,0.03095429,0.83698666,2.51022237,1.16084940,0.08401151,1.10110958
-3.94097049,5.74173428,0.48613727,2.68146847,0.03131952,0.82682398,2.48791303,1.15725546,0.08439023,1.09809837
-3.93496748,5.66665868,0.48550699,2.62364020,0.03167672,0.81697477,2.46654433,1.15437200,0.08491189,1.09621989
-3.92896448,5.59456857,0.48531524,2.56586933,0.03202423,0.80762580,2.44666155,1.15236531,0.08559348,1.09570571
-3.92296148,5.52655425,0.48561720,2.50864293,0.03236040,0.79897835,2.42881242,1.15141246,0.08645009,1.09676582
-3.91695848,5.46370461,0.48645982,2.45246803,0.03268344,0.79124413,2.41353415,1.15169772,0.08749448,1.09958318
-3.91095548,5.40708307,0.48788017,2.39786114,0.03299145,0.78464073,2.40134004,1.15340871,0.08873667,1.10430888
-3.90495248,5.35770356,0.48990392,2.34533777,0.03328232,0.77938656,2.39270594,1.15673219,0.09018354,1.11105801
-3.89894947,5.31650610,0.49254392,2.29540194,0.03355370,0.77569535,2.38805641,1.16184923,0.09183852,1.11990596
-3.89294647,5.28433166,0.49579892,2.24853520,0.03380293,0.77376999,2.38775083,1.16892977,0.09370123,1.13088530
-3.88694347,5.26189634,0.49965242,2.20518518,0.03402704,0.77379603,2.39206950,1.17812641,0.09576719,1.14398321
-3.88094047,5.24976474,0.50407165,2.16575372,0.03422268,0.77593471,2.40120022,1.18956746,0.09802758,1.15913934
-3.87493747,5.24832328,0.50900684,2.13058448,0.03438614,0.78031583,2.41522552,1.20334943,0.10046904,1.17624423
-3.86893447,5.25775425,0.51439076,2.09995051,0.03451339,0.78703065,2.43411130,1.21952917,0.10307352,1.19513852
-3.86293147,5.27801169,0.52013863,2.07404214,0.03460006,0.79612507,2.45769740,1.23811602,0.10581826,1.21561284
-3.85692846,5.30880070,0.52614860,2.05295580,0.03464158,0.80759350,2.48569089,1.25906436,0.10867583,1.23740892
-3.85092546,5.34956192,0.53230269,2.03668428,0.03463329,0.82137370,2.51766274,1.28226722,0.11161436,1.26022188
-3.84492246,5.39946268,0.53846857,2.02510945,0.03457053,0.83734306,2.55304868,1.30755128,0.11459793,1.28370409
-3.83891946,5.45739678,0.54450200,2.01799785,0.03444886,0.85531661,2.59115470,1.33467395,0.11758707,1.30747069
-3.83291646,5.52199405,0.55025006,2.01499990,0.03426428,0.87504703,2.63116778,1.36332305,0.12053953,1.33110703
-3.82691346,5.59164087,0.55555520,2.01565338,0.03401342,0.89622706,2.67217185,1.39311925,0.12341119,1.35417790
-3.82091046,5.66451200,0.56025997,2.01939115,0.03369379,0.91849421,2.71316905,1.42362180,0.12615720,1.37623872
-3.81490745,5.73861359,0.56421237,2.02555362,0.03330405,0.94143798,2.75310580,1.45433738,0.12873322,1.39684817
-3.80890445,5.81183658,0.56727154,2.03340546,0.03284421,0.96460937,2.79090288,1.48473208,0.13109678,1.41558221
-3.80290145,5.88201873,0.56931374,2.04215628,0.03231588,0.98753250,2.82548868,1.51424617,0.13320880,1.43204887
-3.79689845,5.94701323,0.57023815,2.05098457,0.03172241,1.00971781,2.85583412,1.54231107,0.13503504,1.44590314
-3.79089545,6.00476094,0.56997236,2.05906398,0.03106904,1.03067658,2.88098785,1.56836788,0.13654752,1.45686148
-3.78489245,6.05336311,0.56847707,2.06559069,0.03036299,1.04993599,2.90011009,1.59188666,0.13772581,1.46471501
-3.77888944,6.09115105,0.56574995,2.06981092,0.02961341,1.06705410,2.91250345,1.61238545,0.13855820,1.46934070
-3.77288644,6.11674914,0.56182806,2.07104692,0.02883136,1.08163422,2.91763914,1.62944813,0.13904248,1.47070990
-3.76688344,6.12912801,0.55678893,2.06872054,0.02802958,1.09333778,2.91517721,1.64274014,0.13918652,1.46889347
-3.76088044,6.12764463,0.55074990,2.06237283,0.02722234,1.10189529,2.90497965,1.65202120,0.13900839,1.46406308
-3.75487744,6.11206715,0.54386581,2.05167903,0.02642502,1.10711471,2.88711557,1.65715437,0.13853614,1.45648837
-3.74887444,6.08258270,0.53632483,2.03645783,0.02565378,1.10888695,2.86185803,1.65811077,0.13780710,1.44652974
-3.74287144,6.03978734,0.52834281,2.01667468,0.02492511,1.10718816,2.82967254,1.65496976,0.13686683,1.43462703
-3.73686843,5.98465838,0.52015606,1.99243890,0.02425526,1.10207868,2.79119777,1.64791447,0.13576765,1.42128421
-3.73086543,5.91851009,0.51201294,1.96399459,0.02365978,1.09369880,2.74721924,1.63722278,0.13456681,1.40705077
-3.72486243,5.84293477,0.50416463,1.93170617,0.02315294,1.08226152,2.69863727,1.62325429,0.13332443,1.39250049
-3.71885943,5.75973207,0.49685538,1.89603896,0.02274718,1.06804259,2.64643073,1.60643378,0.13210123,1.37820849
-3.71285643,5.67082991,0.49031274,1.85753618,0.02245266,1.05136856,2.59161836,1.58723210,0.13095616,1.36472751
-3.70685343,5.57820096,0.48473813,1.81679331,0.02227678,1.03260317,2.53521946,1.56614542,0.12994405,1.35256463
-3.70085043,5.48377890,0.48029828,1.77443147,0.02222381,1.01213303,2.47821591,1.54367380,0.12911341,1.34215948
-3.69484742,5.38937854,0.47711788,1.73107091,0.02229463,0.99035306,2.42151726,1.52030031,0.12850440,1.33386493
-3.68884442,5.29662400,0.47527383,1.68730629,0.02248655,0.96765260,2.36593053,1.49647164,0.12814717,1.32793131
-3.68284142,5.20688823,0.47479136,1.64368471,0.02279332,0.94440261,2.31213602,1.47258117,0.12806057,1.32449497
-3.67683842,5.12124711,0.47564229,1.60068779,0.02320514,0.92094477,2.26067022,1.44895536,0.12825145,1.32357176
-3.67083542,5.04045004,0.47774543,1.55871842,0.02370894,0.89758276,2.21191638,1.42584406,0.12871431,1.32505580
-3.66483242,4.96490841,0.48096935,1.51809283,0.02428873,0.87457608,2.16610302,1.40341512,0.12943168,1.32872382
-3.65882941,4.89470218,0.48513712,1.47903813,0.02492603,0.85213667,2.12331020,1.38175358,0.13037493,1.33424469
-3.65282641,4.82960403,0.49003322,1.44169524,0.02560051,0.83042825,2.08348299,1.36086527,0.13150562,1.34119416
-3.64682341,4.76911926,0.49541196,1.40612675,0.02629058,0.80956834,2.04645120,1.34068463,0.13277740,1.34907371
-3.64082041,4.71253932,0.50100740,1.37232911,0.02697418,0.78963258,2.01195432,1.32108615,0.13413811,1.35733312
-3.63481741,4.65900563,0.50654403,1.34024809,0.02762951,0.77066119,1.97967003,1.30189881,0.13553239,1.36539547
-3.62881441,4.60758028,0.51174802,1.30979662,0.02823577,0.75266677,1.94924491,1.28292262,0.13690422,1.37268356
-3.62281141,4.55731960,0.51635837,1.28087370,0.02877394,0.73564325,1.92032566,1.26394642,0.13819974,1.37864648
-3.61680840,4.50734669,0.52013757,1.25338323,0.02922742,0.71957514,1.89258926,1.24476581,0.13936975,1.38278522
-3.61080540,4.45691910,0.52288121,1.22725163,0.02958263,0.70444665,1.86577053,1.22520044,0.14037223,1.38467604
-3.60480240,4.40548803,0.52442626,1.20244317,0.02982948,0.69025010,1.83968584,1.20510958,0.14117435,1.38399060
-3.59879940,4.35274621,0.52465757,1.17897224,0.02996170,0.67699314,1.81425187,1.18440523,0.14175421,1.38051193
-3.59279640,4.29866208,0.52351227,1.15691170,0.02997706,0.66470440,1.78949860,1.16306222,0.14210195,1.37414558
-3.58679340,4.24349861,0.52098213,1.13639718,0.02987735,0.65343720,1.76557603,1.14112456,0.14222044,1.36492545
-3.58079040,4.18781628,0.51711354,1.11762690,0.02966830,0.64327130,1.74275457,1.11870813,0.14212528,1.35301403
-3.57478739,4.13246009,0.51200531,1.10085728,0.02935924,0.63431245,1.72141907,1.09599925,0.14184429,1.33869733
-3.56878439,4.07853177,0.50580438,1.08639461,0.02896276,0.62668996,1.70205714,1.07324962,0.14141641,1.32237448
-3.56278139,4.02734874,0.49869973,1.07458332,0.02849407,0.62055239,1.68524236,1.05076772,0.14089017,1.30454285
-3.55677839,3.98039209,0.49091472,1.06579153,0.02797046,0.61606166,1.67161339,1.02890730,0.14032165,1.28577927
-3.55077539,3.93924658,0.48269822,1.06039480,0.02741052,0.61338593,1.66184998,1.00805353,0.13977221,1.26671826
-3.54477239,3.90553543,0.47431509,1.05875885,0.02683346,0.61269172,1.65664729,0.98860758,0.13930593,1.24802843
-3.53876938,3.88085346,0.46603630,1.06122223,0.02625837,0.61413564,1.65668951,0.97097048,0.13898699,1.23038794
-3.53276638,3.86670147,0.45812909,1.06807981,0.02570349,0.61785620,1.66262415,0.95552689,0.13887707,1.21446021
-3.52676338,3.86442507,0.45084776,1.07956786,0.02518560,0.62396625,1.67503811,0.94262979,0.13903286,1.20087088
-3.52076038,3.87516044,0.44442524,1.09585136,0.02471947,0.63254623,1.69443634,0.93258661,0.13950377,1.19018689
-3.51475738,3.89978922,0.43906587,1.11701407,0.02431741,0.64363871,1.72122403,0.92564745,0.14033003,1.18289857
-3.50875438,3.93890408,0.43493954,1.14305179,0.02398891,0.65724450,1.75569280,0.92199590,0.14154109,1.17940514
-3.50275138,3.99278607,0.43217741,1.17386880,0.02374053,0.67332023,1.79801108,0.92174275,0.14315451,1.18000425
-3.49674837,4.06139386,0.43086920,1.20927766,0.02357576,0.69177785,1.84821899,0.92492267,0.14517528,1.18488556
-3.49074537,4.14436494,0.43106213,1.24900207,0.02349512,0.71248556,1.90622718,0.93149401,0.14759560,1.19412847
-3.48474237,4.24102762,0.43276131,1.29268259,0.02349633,0.73527046,1.97181959,0.94134143,0.15039513,1.20770380
-3.47873937,4.35042298,0.43593163,1.33988478,0.02357456,0.75992245,2.04465932,0.95428113,0.15354162,1.22547897
-3.47273637,4.47133470,0.44050069,1.39010920,0.02372286,0.78619917,2.12429711,0.97006830,0.15699197,1.24722634
-3.46673337,4.60232541,0.44636283,1.44280287,0.02393248,0.81383180,2.21018152,0.98840629,0.16069358,1.27263399
-3.46073037,4.74177717,0.45338382,1.49737154,0.02419341,0.84253121,2.30167036,1.00895703,0.16458585,1.30131837
-3.45472736,4.88793445,0.46140607,1.55319240,0.02449479,0.87199435,2.39804234,1.03135204,0.16860206,1.33283818
-3.44872436,5.03894758,0.47025403,1.60962655,0.02482540,0.90191043,2.49850870,1.05520369,0.17267114,1.36670873
-3.44272136,5.19291520,0.47973971,1.66603107,0.02517410,0.93196674,2.60222419,1.08011611,0.17671964,1.40241635
-3.43671836,5.34792430,0.48966795,1.72177022,0.02553024,0.96185390,2.70829719,1.10569538,0.18067362,1.43943225
-3.43071536,5.50208688,0.49984148,1.77622572,0.02588399,0.99127039,2.81579901,1.13155866,0.18446045,1.47722535
-3.42471236,5.65357269,0.51006550,1.82880571,0.02622667,1.01992641,2.92377230,1.15734210,0.18801053,1.51527394
-3.41870935,5.80063748,0.52015182,1.87895274,0.02655098,1.04754690,3.03123894,1.18270729,0.19125888,1.55307587
-3.41270635,5.94164710,0.52992240,1.92615046,0.02685113,1.07387406,3.13720780,1.20734631,0.19414651,1.59015714
-3.40670335,6.07509738,0.53921248,1.96992929,0.02712301,1.09866916,3.24068274,1.23098539,0.19662163,1.62607898
-3.40070035,6.19963037,0.54787303,2.00987114,0.02736423,1.12171409,3.34067131,1.25338725,0.19864066,1.66044342
-3.39469735,6.31404734,0.55577284,2.04561332,0.02757409,1.14281263,3.43619462,1.27435230,0.20016902,1.69289755
-3.38869435,6.41731911,0.56280005,2.07685171,0.02775357,1.16179153,3.52629859,1.29371893,0.20118174,1.72313647
-3.38269135,6.50859412,0.56886330,2.10334335,0.02790521,1.17850172,3.61006669,1.31136294,0.20166381,1.75090527
-3.37668834,6.58720455,0.57389244,2.12490846,0.02803302,1.19281953,3.68663428,1.32719640,0.20161041,1.77600006
-3.37068534,6.65267061,0.57783890,2.14143192,0.02814227,1.20464795,3.75520404,1.34116601,0.20102682,1.79826817
-3.36468234,6.70470310,0.58067559,2.15286420,0.02823937,1.21391798,3.81506219,1.35325103,0.19992823,1.81760771
-3.35867934,6.74320388,0.58239652,2.15922167,0.02833156,1.22058998,3.86559478,1.36346091,0.19833926,1.83396632
-3.35267634,6.76826397,0.58301593,2.16058611,0.02842676,1.22465466,3.90630318,1.37183257,0.19629332,1.84733932
-3.34667334,6.78015880,0.58256704,2.15710339,0.02853323,1.22613385,3.93681804,1.37842725,0.19383175,1.85776711
-3.34067034,6.77934014,0.58110036,2.14898109,0.02865935,1.22508064,3.95691049,1.38332710,0.19100272,1.86533173
-3.33466733,6.76642419,0.57868156,2.13648506,0.02881325,1.22157874,3.96650010,1.38663119,0.18786003,1.87015266
-3.32866433,6.74217556,0.57538892,2.11993464,0.02900256,1.21574105,3.96565848,1.38845116,0.18446163,1.87238168
-3.32266133,6.70748691,0.57131039,2.09969664,0.02923404,1.20770711,3.95460828,1.38890635,0.18086806,1.87219693
-3.31665833,6.66335433,0.56654032,2.07617803,0.02951331,1.19763957,3.93371704,1.38811858,0.17714080,1.86979603
-3.31065533,6.61084893,0.56117600,2.04981732,0.02984451,1.18571964,3.90348609,1.38620660,0.17334045,1.86538865
-3.30465233,6.55108516,0.55531396,2.02107495,0.03023005,1.17214167,3.86453465,1.38328046,0.16952501,1.85918838
-3.29864932,6.48518692,0.54904640,1.99042268,0.03067037,1.15710699,3.81757975,1.37943593,0.16574811,1.85140452
-3.29264632,6.41425265,0.54245775,1.95833243,0.03116374,1.14081737,3.76341295,1.37474934,0.16205744,1.84223370
-3.28664332,6.33932087,0.53562153,1.92526480,0.03170616,1.12346833,3.70287468,1.36927302,0.15849324,1.83185208
-3.28064032,6.26133760,0.52859775,1.89165774,0.03229128,1.10524272,3.63682771,1.36303181,0.15508713,1.82040824
-3.27463732,6.18112737,0.52143087,1.85791563,0.03291049,1.08630490,3.56613079,1.35602069,0.15186119,1.80801724
-3.26863432,6.09936920,0.51414865,1.82439933,0.03355298,1.06679586,3.49161398,1.34820399,0.14882735,1.79475621
-3.26263132,6.01657897,0.50676165,1.79141755,0.03420601,1.04682961,3.41405661,1.33951623,0.14598723,1.78066181
-3.25662831,5.93309909,0.49926378,1.75921985,0.03485520,1.02649104,3.33416913,1.32986472,0.14333230,1.76572970
-3.25062531,5.84909635,0.49163366,1.72799168,0.03548490,1.00583543,3.25257950,1.31913385,0.14084453,1.74991626
-3.24462231,5.76456809,0.48383679,1.69785164,0.03607865,0.98488966,3.16982460,1.30719113,0.13849734,1.73314249
-3.23861931,5.67935668,0.47582853,1.66885113,0.03661969,0.96365510,3.08634708,1.29389446,0.13625696,1.71530009
-3.23261631,5.59317165,0.46755754,1.64097646,0.03709148,0.94211193,3.00249736,1.27910065,0.13408404,1.69625941
-3.22661331,5.50561863,0.45896980,1.61415339,0.03747826,0.92022482,2.91854052,1.26267449,0.13193555,1.67587903
-3.22061031,5.41623372,0.45001267,1.58825396,0.03776557,0.89794953,2.83466745,1.24449824,0.12976673,1.65401649
-3.21460730,5.32452164,0.44063917,1.56310539,0.03794073,0.87524012,2.75100947,1.22448074,0.12753322,1.63053977
-3.20860430,5.22999611,0.43081185,1.53850066,0.03799329,0.85205633,2.66765541,1.20256598,0.12519305,1.60533892
-3.20260130,5.13222042,0.42050648,1.51421052,0.03791540,0.82837083,2.58467018,1.17874045,0.12270861,1.57833735
-3.19659830,5.03084642,0.40971508,1.48999631,0.03770207,0.80417583,2.50211378,1.15303915,0.12004830,1.54950229
-3.19059530,4.92565034,0.39844833,1.46562327,0.03735131,0.77948877,2.42005966,1.12554977,0.11718803,1.51885389
-3.18459230,4.81656374,0.38673722,1.44087365,0.03686424,0.75435689,2.33861173,1.09641493,0.11411234,1.48647262
-3.17858929,4.70369852,0.37463391,1.41555925,0.03624503,0.72886030,2.25791903,1.06583251,0.11081509,1.45250464
-3.17258629,4.58736498,0.36221177,1.38953293,0.03550074,0.70311359,2.17818760,1.03405389,0.10729989,1.41716495
-3.16658329,4.46808224,0.34956472,1.36269841,0.03464115,0.67726585,2.09968910,1.00138038,0.10358001,1.38073814
-3.16058029,4.34658098,0.33680578,1.33501829,0.03367842,0.65149922,2.02276589,0.96815804,0.09967802,1.34357687
-3.15457729,4.22379824,0.32406510,1.30651973,0.03262673,0.62602596,1.94783244,0.93477106,0.09562507,1.30609798
-3.14857429,4.10086477,0.31148743,1.27729766,0.03150192,0.60108429,1.87537322,0.90163406,0.09145978,1.26877657
-3.14257129,3.97908545,0.29922926,1.24751527,0.03032103,0.57693325,1.80593711,0.86918362,0.08722704,1.23213800
-3.13656828,3.85991327,0.28745563,1.21740189,0.02910189,0.55384666,1.74012858,0.83786941,0.08297657,1.19674838
-3.13056528,3.74491800,0.27633676,1.18724802,0.02786273,0.53210660,1.67859605,0.80814498,0.07876131,1.16320349
-3.12456228,3.63575006,0.26604457,1.15739792,0.02662172,0.51199639,1.62201755,0.78045875,0.07463586,1.13211657
-3.11855928,3.53410079,0.25674922,1.12823971,0.02539663,0.49379363,1.57108426,0.75524513,0.07065490,1.10410515
-3.11255628,3.44165984,0.24861550,1.10019335,0.02420450,0.47776304,1.52648218,0.73291594,0.06687161,1.07977727
-3.10655328,3.36007064,0.24179942,1.07369696,0.02306132,0.46414966,1.48887230,0.71385233,0.06333631,1.05971711
-3.10055028,3.29088485,0.23644477,1.04919167,0.02198176,0.45317227,1.45886975,0.69839706,0.06009512,1.04447050
-3.09454727,3.23551670,0.23267971,1.02710563,0.02097895,0.44501719,1.43702237,0.68684730,0.05718886,1.03453028
-3.08854427,3.19519812,0.23061358,1.00783768,0.02006432,0.43983255,1.42378912,0.67944778,0.05465210,1.03032194
-3.08254127,3.17093572,0.23033370,0.99174116,0.01924737,0.43772319,1.41951897,0.67638448,0.05251241,1.03218975
-3.07653827,3.16347063,0.23190250,0.97910844,0.01853562,0.43874604,1.42443090,0.67777882,0.05078974,1.04038364
-3.07053527,3.17324252,0.23535474,0.97015683,0.01793452,0.44290630,1.43859563,0.68368241,0.04949611,1.05504721
-3.06453227,3.20035883,0.24069524,0.96501627,0.01744734,0.45015449,1.46192002,0.69407253,0.04863537,1.07620738
-3.05852926,3.24457078,0.24789697,0.96371953,0.01707523,0.46038432,1.49413476,0.70884858,0.04820318,1.10376595
-3.05252626,3.30525733,0.25689974,0.96619521,0.01681719,0.47343183,1.53478635,0.72782966,0.04818721,1.13749374
-3.04652326,3.38141857,0.26760969,0.97226407,0.01667022,0.48907568,1.58323416,0.75075362,0.04856744,1.17702768
-3.04052026,3.47167959,0.27989952,0.98163906,0.01662936,0.50703900,1.63865324,0.77727785,0.04931667,1.22187135
-3.03451726,3.57430588,0.29360986,0.99392902,0.01668792,0.52699281,1.70004344,0.80698213,0.05040125,1.27139942
-3.02851426,3.68723093,0.30855156,1.00864647,0.01683769,0.54856111,1.76624539,0.83937374,0.05178183,1.32486620
-3.02251126,3.80809614,0.32450922,1.02521906,0.01706923,0.57132787,1.83596323,0.87389508,0.05341442,1.38141854
-3.01650825,3.93430292,0.34124573,1.04300474,0.01737215,0.59484578,1.90779405,0.90993376,0.05525147,1.44011301
-3.01050525,4.06307591,0.35850801,1.06131000,0.01773552,0.61864659,1.98026338,0.94683524,0.05724310,1.49993712
-3.00450225,4.19153591,0.37603350,1.07941080,0.01814819,0.64225312,2.05186585,0.98391783,0.05933845,1.55983420
-2.99849925,4.31678049,0.39355751,1.09657537,0.01859922,0.66519231,2.12110979,1.02048952,0.06148705,1.61873107
-2.99249625,4.43596929,0.41082093,1.11208800,0.01907822,0.68700910,2.18656394,1.05586642,0.06364021,1.67556781
-2.98649325,4.54641114,0.42757812,1.12527311,0.01957574,0.70728062,2.24690466,1.08939193,0.06575235,1.72932837
-2.98049025,4.64564928,0.44360458,1.13551825,0.02008355,0.72562995,2.30096136,1.12045610,0.06778235,1.77907085
-2.97448724,4.73154106,0.45870398,1.14229547,0.02059488,0.74173907,2.34775815,1.14851419,0.06969460,1.82395615
-2.96848424,4.80232832,0.47271429,1.14517969,0.02110459,0.75536018,2.38654948,1.17310374,0.07146002,1.86327364
-2.96248124,4.85669526,0.48551253,1.14386359,0.02160925,0.76632483,2.41684793,1.19385913,0.07305679,1.89646262
-2.95647824,4.89381055,0.49701794,1.13816810,0.02210710,0.77455031,2.43844251,1.21052310,0.07447075,1.92312853
-2.95047524,4.91335153,0.50719332,1.12804803,0.02259796,0.78004298,2.45140612,1.22295441,0.07569563,1.94305296
-2.94447224,4.91550897,0.51604442,1.11359264,0.02308298,0.78289797,2.45609164,1.23113125,0.07673284,1.95619700
-2.93846923,4.90097186,0.52361737,1.09502093,0.02356440,0.78329540,2.45311627,1.23515019,0.07759108,1.96269760
-2.93246623,4.87089261,0.52999419,1.07267208,0.02404512,0.78149298,2.44333471,1.23522048,0.07828554,1.96285713
-2.92646323,4.82683419,0.53528667,1.04699121,0.02452838,0.77781533,2.42780215,1.23165412,0.07883691,1.95712662
-2.92046023,4.77070169,0.53962885,1.01851140,0.02501731,0.77264035,2.40772871,1.22485196,0.07927017,1.94608355
-2.91445723,4.70466136,0.54316856,0.98783259,0.02551453,0.76638329,2.38442732,1.21528654,0.07961317,1.93040520
-2.90845423,4.63105118,0.54605842,0.95559846,0.02602179,0.75947919,2.35925764,1.20348251,0.07989522,1.91083913
-2.90245123,4.55228718,0.54844679,0.92247228,0.02653965,0.75236451,2.33356855,1.18999553,0.08014553,1.88817205
-2.89644822,4.47076999,0.55046931,0.88911295,0.02706729,0.74545892,2.30864218,1.17539068,0.08039182,1.86319887
-2.89044522,4.38879599,0.55224130,0.85615203,0.02760238,0.73914788,2.28564201,1.16022144,0.08065898,1.83669328
-2.88444222,4.30847721,0.55385156,0.82417303,0.02814107,0.73376717,2.26556774,1.14501017,0.08096794,1.80938137
-2.87843922,4.23167328,0.55535796,0.79369353,0.02867810,0.72958978,2.24921899,1.13023092,0.08133477,1.78191941
-2.87243622,4.15993837,0.55678491,0.76515093,0.02920698,0.72681608,2.23716946,1.11629548,0.08177002,1.75487664
-2.86643322,4.09448492,0.55812295,0.73889223,0.02972034,0.72556741,2.22975283,1.10354292,0.08227842,1.72872382
-2.86043022,4.03616498,0.55933045,0.71516804,0.03021028,0.72588360,2.22706074,1.09223321,0.08285875,1.70382746
-2.85442721,3.98546929,0.56033713,0.69413092,0.03066879,0.72772439,2.22895284,1.08254480,0.08350418,1.68044995
-2.84842421,3.94254296,0.56104944,0.67583779,0.03108819,0.73097449,2.23507805,1.07457624,0.08420267,1.65875487
-2.84242121,3.90721610,0.56135724,0.66025605,0.03146160,0.73545220,2.24490589,1.06835129,0.08493771,1.63881690
-2.83641821,3.87904693,0.56114137,0.64727288,0.03178330,0.74092088,2.25776582,1.06382732,0.08568920,1.62063535
-2.83041521,3.85737429,0.56028189,0.63670717,0.03204912,0.74710282,2.27289281,1.06090608,0.08643448,1.60415027
-2.82441221,3.84137662,0.55866622,0.62832321,0.03225667,0.75369459,2.28947643,1.05944645,0.08714936,1.58925991
-2.81840920,3.83013381,0.55619697,0.62184557,0.03240548,0.76038336,2.30671112,1.05927813,0.08780921,1.57583861
-2.81240620,3.82268893,0.55279889,0.61697433,0.03249713,0.76686316,2.32384520,1.06021577,0.08839002,1.56375382
-2.80640320,3.81810675,0.54842472,0.61339999,0.03253517,0.77285049,2.34022624,1.06207273,0.08886930,1.55288155
-2.80040020,3.81552669,0.54305952,0.61081750,0.03252499,0.77809851,2.35534083,1.06467384,0.08922697,1.54311954
-2.79439720,3.81420807,0.53672352,0.60893884,0.03247361,0.78240918,2.36884704,1.06786670,0.08944602,1.53439754
-2.78839420,3.81356627,0.52947320,0.60750384,0.03238941,0.78564306,2.38059833,1.07153112,0.08951302,1.52668456
-2.78239120,3.81319899,0.52140076,0.60628878,0.03228184,0.78772617,2.39065811,1.07558637,0.08941851,1.51999300
-2.77638819,3.81290221,0.51263205,0.60511287,0.03216102,0.78865394,2.39930471,1.07999614,0.08915718,1.51437976
-2.77038519,3.81267618,0.50332315,0.60384229,0.03203749,0.78849208,2.40702669,1.08477115,0.08872788,1.50994472
-2.76438219,3.81272205,0.49365581,0.60239215,0.03192189,0.78737454,2.41450927,1.08996953,0.08813357,1.50682692
-2.75837919,3.81343003,0.48383204,0.60072617,0.03182466,0.78549870,2.42261261,1.09569504,0.08738106,1.50519890
-2.75237619,3.81536047,0.47406820,0.59885461,0.03175592,0.78311814,2.43234307,1.10209342,0.08648071,1.50525989
-2.74637319,3.81921910,0.46458878,0.59683051,0.03172524,0.78053339,2.44481896,1.10934709,0.08544601,1.50722802
-2.74037019,3.82582775,0.45562027,0.59474460,0.03174164,0.77808109,2.46123214,1.11766850,0.08429314,1.51133237
-2.73436718,3.83609222,0.44738520,0.59271925,0.03181346,0.77612203,2.48280701,1.12729245,0.08304050,1.51780481
-2.72836418,3.85096815,0.44009670,0.59090159,0.03194847,0.77502859,2.51075846,1.13846767,0.08170815,1.52687237
-2.72236118,3.87142652,0.43395368,0.58945631,0.03215379,0.77517201,2.54625016,1.15144792,0.08031731,1.53874989
-2.71635818,3.89841945,0.42913674,0.58855824,0.03243603,0.77690998,2.59035448,1.16648290,0.07888986,1.55363343
-2.71035518,3.93284737,0.42580476,0.58838507,0.03280126,0.78057490,2.64401530,1.18380934,0.07744781,1.57169424
-2.70435218,3.97552824,0.42409242,0.58911033,0.03325502,0.78646328,2.70801467,1.20364227,0.07601281,1.59307349
-2.69834917,4.02716955,0.42410838,0.59089687,0.03380233,0.79482638,2.78294417,1.22616690,0.07460574,1.61787759
-2.69234617,4.08834348,0.42593424,0.59389102,0.03444760,0.80586258,2.86918167,1.25153128,0.07324625,1.64617415
-2.68634317,4.15946592,0.42962410,0.59821744,0.03519455,0.81971139,2.96687400,1.27983977,0.07195242,1.67798858
-2.68034017,4.24077951,0.43520480,0.60397490,0.03604601,0.83644950,3.07592589,1.31114770,0.07074041,1.71330129
-2.67433717,4.33234124,0.44267651,0.61123290,0.03700380,0.85608863,3.19599547,1.34545718,0.06962422,1.75204555
-2.66833417,4.43401486,0.45201386,0.62002937,0.03806850,0.87857545,3.32649630,1.38271430,0.06861546,1.79410619
-2.66233117,4.54546820,0.46316739,0.63036931,0.03923928,0.90379329,3.46660587,1.42280772,0.06772325,1.83931901
-2.65632816,4.66617566,0.47606525,0.64222437,0.04051369,0.93156571,3.61528041,1.46556879,0.06695415,1.88747128
-2.65032516,4.79542588,0.49061514,0.65553353,0.04188752,0.96166159,3.77127553,1.51077311,0.06631219,1.93830327
-2.64432216,4.93233432,0.50670646,0.67020459,0.04335470,0.99380171,3.93317214,1.55814357,0.06579893,1.99151097
-2.63831916,5.07586059,0.52421253,0.68611657,0.04490732,1.02766633,4.09940701,1.60735485,0.06541371,2.04675002
-2.63231616,5.22483004,0.54299295,0.70312285,0.04653561,1.06290378,4.26830697,1.65803904,0.06515380,2.10364101
-2.62631316,5.37795893,0.56289598,0.72105491,0.04822810,1.09913942,4.43812591,1.70979254,0.06501474,2.16177588
-2.62031016,5.53388250,0.58376094,0.73972666,0.04997187,1.13598486,4.60708336,1.76218369,0.06499069,2.22072547
-2.61430715,5.69118483,0.60542058,0.75893896,0.05175279,1.17304708,4.77340343,1.81476116,0.06507476,2.28004800
-2.60830415,5.84842974,0.62770333,0.77848446,0.05355592,1.20993698,4.93535315,1.86706270,0.06525939,2.33929818
-2.60230115,6.00419148,0.65043557,0.79815239,0.05536593,1.24627728,5.09127878,1.91862400,0.06553671,2.39803676
-2.59629815,6.15708416,0.67344362,0.81773318,0.05716751,1.28170940,5.23963916,1.96898746,0.06589888,2.45584004
-2.59029515,6.30578912,0.69655569,0.83702280,0.05894585,1.31589913,5.37903528,2.01771049,0.06633832,2.51230912
-2.58429215,6.44907926,0.71960364,0.85582675,0.06068711,1.34854114,5.50823505,2.06437325,0.06684798,2.56707848
-2.57828914,6.58583961,0.74242450,0.87396338,0.06237877,1.37936202,5.62619310,2.10858563,0.06742146,2.61982354
-2.57228614,6.71508392,0.76486197,0.89126674,0.06401007,1.40812223,5.73206513,2.14999321,0.06805304,2.67026702
-2.56628314,6.83596669,0.78676768,0.90758876,0.06557223,1.43461676,5.82521687,2.18828228,0.06873768,2.71818371
-2.56028014,6.94779098,0.80800237,0.92280079,0.06705867,1.45867495,5.90522789,2.22318377,0.06947093,2.76340373
-2.55427714,7.05001192,0.82843705,0.93679452,0.06846516,1.48015946,5.97189067,2.25447618,0.07024878,2.80581395
-2.54827414,7.14223656,0.84795401,0.94948235,0.06978975,1.49896485,6.02520548,2.28198746,0.07106739,2.84535778
-2.54227114,7.22422031,0.86644796,0.96079728,0.07103281,1.51501586,6.06537171,2.30559601,0.07192293,2.88203327
-2.53626813,7.29586090,0.88382704,0.97069241,0.07219673,1.52826578,6.09277639,2.32523088,0.07281127,2.91588969
-2.53026513,7.35719014,0.90001392,0.97914003,0.07328578,1.53869490,6.10798049,2.34087118,0.07372780,2.94702284
-2.52426213,7.40836441,0.91494681,0.98613056,0.07430576,1.54630947,6.11170353,2.35254498,0.07466722,2.97556921
-2.51825913,7.44965417,0.92858051,0.99167131,0.07526362,1.55114091,6.10480698,2.36032763,0.07562339,3.00169931
-2.51225613,7.48143307,0.94088725,0.99578508,0.07616712,1.55324554,6.08827671,2.36433963,0.07658929,3.02561038
-2.50625313,7.50416686,0.95185747,0.99850871,0.07702442,1.55270462,6.06320452,2.36474415,0.07755707,3.04751882
-2.50025013,7.51840232,0.96150025,0.99989163,0.07784368,1.54962448,6.03076897,2.36174421,0.07851811,3.06765251
-2.49424712,7.52475630,0.96984347,0.99999434,0.07863268,1.54413676,5.99221508,2.35557947,0.07946328,3.08624326
-2.48824412,7.52390469,0.97693355,0.99888682,0.07939855,1.53639826,5.94883308,2.34652280,0.08038321,3.10351965
-2.48224112,7.51657138,0.98283465,0.99664702,0.08014744,1.52659042,5.90193593,2.33487650,0.08126862,3.11970049
-2.47623812,7.50351703,0.98762749,0.99335916,0.08088431,1.51491802,5.85283556,2.32096820,0.08211074,3.13498889
-2.47023512,7.48552746,0.99140752,0.98911210,0.08161279,1.50160696,5.80281801,2.30514659,0.08290174,3.14956733
-2.46423212,7.46340173,0.99428258,0.98399758,0.08233511,1.48690118,5.75311764,2.28777678,0.08363516,3.16359363
-2.45822911,7.43793987,0.99637018,0.97810843,0.08305206,1.47105835,5.70489098,2.26923550,0.08430625,3.17719807
-2.45222611,7.40993023,0.99779425,0.97153685,0.08376303,1.45434478,5.65919074,2.24990621,0.08491238,3.19048151
-2.44622311,7.38013693,0.99868171,0.96437263,0.08446615,1.43702926,5.61694097,2.23017401,0.08545326,3.20351478
-2.44022011,7.34928724,0.99915877,0.95670147,0.08515842,1.41937647,5.57891417,2.21042060,0.08593110,3.21633904
-2.43421711,7.31805956,0.99934727,0.94860345,0.08583587,1.40163988,5.54571143,2.19101925,0.08635065,3.22896724
-2.42821411,7.28707207,0.99936106,0.94015168,0.08649384,1.38405468,5.51774666,2.17232989,0.08671913,3.24138637
-2.42221111,7.25687247,0.99930273,0.93141120,0.08712714,1.36683099,5.49523571,2.15469434,0.08704603,3.25356046
-2.41620810,7.22792907,0.99926052,0.92243809,0.08773026,1.35014780,5.47819121,2.13843176,0.08734271,3.26543408
-2.41020510,7.20062339,0.99930594,0.91327898,0.08829762,1.33414777,5.46642362,2.12383430,0.08762200,3.27693605
-2.40420210,7.17524450,0.99949172,0.90397085,0.08882370,1.31893339,5.45954869,2.11116300,0.08789762,3.28798317
-2.39819910,7.15198514,0.99985054,0.89454114,0.08930316,1.30456453,5.45700120,2.10064397,0.08818353,3.29848362
-2.39219610,7.13093960,1.00039431,0.88500817,0.08973096,1.29105757,5.45805468,2.09246477,0.08849322,3.30833998
-2.38619310,7.11210338,1.00111411,0.87538187,0.09010237,1.27838616,5.46184622,2.08677115,0.08883902,3.31745145
-2.38019010,7.09537452,1.00198080,0.86566468,0.09041297,1.26648363,5.46740552,2.08366403,0.08923138,3.32571531
-2.37418709,7.08055655,1.00294618,0.85585266,0.09065861,1.25524673,5.47368694,2.08319691,0.08967821,3.33302757
-2.36818409,7.06736289,1.00394475,0.84593671,0.09083532,1.24454082,5.47960328,2.08537371,0.09018428,3.33928271
-2.36218109,7.05542284,1.00489592,0.83590388,0.09093922,1.23420603,5.48405997,2.09014710,0.09075076,3.34437280
-2.35617809,7.04428895,1.00570671,0.82573862,0.09096642,1.22406426,5.48598826,2.09741754,0.09137490,3.34818600
-2.35017509,7.03344591,1.00627484,0.81542408,0.09091288,1.21392666,5.48437649,2.10703315,0.09204985,3.35060493
-2.34417209,7.02232099,1.00649202,0.80494330,0.09077441,1.20360142,5.47829816,2.11879046,0.09276468,3.35150499
-2.33816908,7.01029592,1.00624764,0.79428031,0.09054652,1.19290147,5.46693629,2.13243623,0.09350460,3.35075311
-2.33216608,6.99672044,1.00543246,0.78342113,0.09022453,1.18165188,5.44960325,2.14767049,0.09425134,3.34820708
-2.32616308,6.98092720,1.00394243,0.77235467,0.08980352,1.16969675,5.42575605,2.16415073,0.09498371,3.34371587
-2.32016008,6.96224795,1.00168246,0.76107344,0.08927850,1.15690537,5.39500678,2.18149738,0.09567836,3.33712096
-2.31415708,6.94003070,0.99856994,0.74957424,0.08864453,1.14317751,5.35712842,2.19930048,0.09631062,3.32825894
-2.30815408,6.91365739,0.99453806,0.73785857,0.08789687,1.12844755,5.31205615,2.21712735,0.09685546,3.31696513
-2.30215108,6.88256155,0.98953858,0.72593304,0.08703128,1.11268759,5.25988457,2.23453124,0.09728850,3.30307830
-2.29614807,6.84624512,0.98354407,0.71380949,0.08604417,1.09590915,5.20086120,2.25106044,0.09758696,3.28644615
-2.29014507,6.80429384,0.97654937,0.70150501,0.08493291,1.07816366,5.13537646,2.26626788,0.09773067,3.26693114
-2.28414207,6.75639022,0.96857222,0.68904175,0.08369598,1.05954148,5.06395074,2.27972054,0.09770287,3.24441650
-2.27813907,6.70232346,0.95965298,0.67644648,0.08233319,1.04016960,4.98721862,2.29100857,0.09749096,3.21881171
-2.27213607,6.64199549,0.94985324,0.66374993,0.08084584,1.02020792,4.90591067,2.29975366,0.09708698,3.19005728
-2.26613307,6.57542271,0.93925358,0.65098593,0.07923677,0.99984428,4.82083306,2.30561628,0.09648802,3.15812835
-2.26013007,6.50273306,0.92795021,0.63819025,0.07751041,0.97928826,4.73284519,2.30830175,0.09569622,3.12303683
-2.25412706,6.42415828,0.91605087,0.62539932,0.07567273,0.95876399,4.64283585,2.30756463,0.09471875,3.08483183
-2.24812406,6.34002187,0.90367005,0.61264867,0.07373115,0.93850206,4.55169803,2.30321163,0.09356743,3.04359854
-2.24212106,6.25072289,0.89092362,0.59997141,0.07169441,0.91873100,4.46030315,2.29510278,0.09225821,2.99945535
-2.23611806,6.15671688,0.87792343,0.58739652,0.06957233,0.89966840,4.36947520,2.28315115,0.09081048,2.95254964
-2.23011506,6.05849450,0.86477190,0.57494735,0.06737565,0.88151226,4.27996561,2.26732101,0.08924629,2.90305243
-2.22411206,5.95655953,0.85155702,0.56264017,0.06511577,0.86443269,4.19242964,2.24762498,0.08758942,2.85115233
-2.21810905,5.85140732,0.83834806,0.55048306,0.06280448,0.84856457,4.10740534,2.22412018,0.08586450,2.79704930
-2.21210605,5.74350506,0.82519225,0.53847517,0.06045380,0.83400146,4.02529599,2.19690384,0.08409612,2.74094866
-2.20610305,5.63327524,0.81211263,0.52660635,0.05807573,0.82079096,3.94635693,2.16610865,0.08230800,2.68305568
-2.20010005,5.52108313,0.79910723,0.51485746,0.05568209,0.80893201,3.87068772,2.13189815,0.08052226,2.62357139
-2.19409705,5.40722934,0.78614970,0.50320109,0.05328438,0.79837415,3.79823019,2.09446239,0.07875887,2.56268968
-2.18809405,5.29194762,0.77319131,0.49160297,0.05089369,0.78901895,3.72877287,2.05401415,0.07703521,2.50059592
-2.18209105,5.17540831,0.76016429,0.48002386,0.04852062,0.78072344,3.66196186,2.01078575,0.07536583,2.43746715
-2.17608804,5.05772682,0.74698631,0.46842194,0.04617527,0.77330567,3.59731800,1.96502651,0.07376237,2.37347380
-2.17008504,4.93897683,0.73356582,0.45675564,0.04386716,0.76655190,3.53425974,1.91700096,0.07223363,2.30878254
-2.16408204,4.81920703,0.71980802,0.44498665,0.04160531,0.76022532,3.47213090,1.86698754,0.07078580,2.24356013
-2.15807904,4.69846029,0.70562099,0.43308307,0.03939820,0.75407572,3.41023204,1.81527774,0.06942277,2.17797773
-2.15207604,4.57679393,0.69092182,0.42102251,0.03725381,0.74784979,3.34785417,1.76217552,0.06814659,2.11221532
-2.14607304,4.45429973,0.67564212,0.40879493,0.03517961,0.74130149,3.28431314,1.70799670,0.06695790,2.04646573
-2.14007004,4.33112215,0.65973290,0.39640512,0.03318256,0.73420196,3.21898318,1.65306818,0.06585646,1.98093788
-2.13406703,4.20747384,0.64316833,0.38387458,0.03126910,0.72634864,3.15132802,1.59772690,0.06484159,1.91585898
-2.12806403,4.08364710,0.62594825,0.37124276,0.02944513,0.71757308,3.08092815,1.54231813,0.06391265,1.85147538
-2.12206103,3.96002090,0.60809945,0.35856752,0.02771596,0.70774717,3.00750297,1.48719336,0.06306940,1.78805192
-2.11605803,3.83706280,0.58967539,0.34592479,0.02608632,0.69678758,2.93092712,1.43270743,0.06231232,1.72586987
-2.11005503,3.71532590,0.57075483,0.33340737,0.02456027,0.68465824,2.85124021,1.37921508,0.06164280,1.66522356
-2.10405203,3.59544100,0.55143910,0.32112299,0.02314119,0.67137093,2.76864993,1.32706708,0.06106330,1.60641579
-2.09804902,3.47810448,0.53184851,0.30919159,0.02183179,0.65698402,2.68352855,1.27660585,0.06057735,1.54975249
-2.09204602,3.36406281,0.51211794,0.29774203,0.02063405,0.64159953,2.59640350,1.22816089,0.06018950,1.49553681
-2.08604302,3.25409446,0.49239211,0.28690829,0.01954928,0.62535886,2.50794258,1.18204427,0.05990519,1.44406309
-2.08004002,3.14899044,0.47282054,0.27682545,0.01857814,0.60843739,2.41893495,1.13854615,0.05973052,1.39561106
-2.07403702,3.04953428,0.45355279,0.26762537,0.01772070,0.59103836,2.33026883,1.09793069,0.05967198,1.35044047
-2.06803402,2.95648266,0.43473398,0.25943261,0.01697648,0.57338632,2.24290721,1.06043251,0.05973616,1.30878658
-2.06203102,2.87054736,0.41650098,0.25236039,0.01634460,0.55572052,2.15786254,1.02625369,0.05992940,1.27085647
-2.05602801,2.79237939,0.39897932,0.24650705,0.01582380,0.53828847,2.07617147,0.99556153,0.06025743,1.23682641
-2.05002501,2.72255560,0.38228100,0.24195293,0.01541262,0.52133987,1.99887046,0.96848711,0.06072500,1.20684023
-2.04402201,2.66156836,0.36650323,0.23875790,0.01510939,0.50512122,1.92697298,0.94512446,0.06133559,1.18100861
-2.03801901,2.60981804,0.35172803,0.23695964,0.01491242,0.48987096,1.86144865,0.92553066,0.06209103,1.15940919
-2.03201601,2.56760860,0.33802269,0.23657258,0.01481997,0.47581545,1.80320473,0.90972641,0.06299127,1.14208733
-2.02601301,2.53514579,0.32544091,0.23758770,0.01483035,0.46316560,1.75306992,0.89769731,0.06403413,1.12905725
-2.02001001,2.51253771,0.31402452,0.23997305,0.01494191,0.45211409,1.71178054,0.88939552,0.06521516,1.12030345
-2.01400700,2.49979750,0.30380555,0.24367496,0.01515303,0.44283324,1.67996881,0.88474186,0.06652750,1.11578229
-2.00800400,2.49684740,0.29480849,0.24861995,0.01546206,0.43547326,1.65815322,0.88362816,0.06796191,1.11542337
-2.00200100,2.50352419,0.28705254,0.25471718,0.01586730,0.43016087,1.64673061,0.88591983,0.06950683,1.11913093
-1.99599800,2.51958525,0.28055368,0.26186133,0.01636686,0.42699819,1.64596985,0.89145854,0.07114854,1.12678492
-1.98999500,2.54471526,0.27532638,0.26993582,0.01695858,0.42606177,1.65600716,0.90006503,0.07287139,1.13824207
-1.98399200,2.57853303,0.27138484,0.27881629,0.01763992,0.42740182,1.67684272,0.91154192,0.07465819,1.15333678
-1.97798899,2.62059856,0.26874371,0.28837406,0.01840784,0.43104144,1.70833901,0.92567662,0.07649056,1.17188199
-1.97198599,2.67041997,0.26741820,0.29847968,0.01925869,0.43697614,1.75022074,0.94224427,0.07834951,1.19367025
-1.96598299,2.72746057,0.26742352,0.30900621,0.02018813,0.44517335,1.80207670,0.96101065,0.08021592,1.21847498
-1.95997999,2.79114585,0.26877389,0.31983228,0.02119101,0.45557230,1.86336380,0.98173530,0.08207117,1.24605218
-1.95397699,2.86087059,0.27148094,0.33084485,0.02226141,0.46808410,1.93341343,1.00417454,0.08389777,1.27614249
-1.94797399,2.93600615,0.27555183,0.34194149,0.02339253,0.48259228,2.01144056,1.02808465,0.08567993,1.30847402
-1.94197099,3.01590802,0.28098709,0.35303218,0.02457680,0.49895379,2.09655555,1.05322504,0.08740416,1.34276559
-1.93596798,3.09992365,0.28777844,0.36404068,0.02580588,0.51700047,2.18777886,1.07936153,0.08905985,1.37873070
-1.92996498,3.18740064,0.29590667,0.37490532,0.02707077,0.53654120,2.28405856,1.10626949,0.09063967,1.41608202
-1.92396198,3.27769531,0.30533987,0.38557933,0.02836196,0.55736463,2.38429047,1.13373707,0.09213996,1.45453638
-1.91795898,3.37018149,0.31603194,0.39603063,0.02966958,0.57924253,2.48734055,1.16156816,0.09356096,1.49382003
-1.91195598,3.46425946,0.32792185,0.40624122,0.03098359,0.60193376,2.59206910,1.18958522,0.09490695,1.53367412
-1.90595298,3.55936487,0.34093331,0.41620618,0.03229397,0.62518869,2.69735597,1.21763185,0.09618618,1.57386011
-1.89994997,3.65497729,0.35497538,0.42593234,0.03359097,0.64875408,2.80212622,1.24557485,0.09741070,1.61416491
-1.89394697,3.75062817,0.36994357,0.43543660,0.03486530,0.67237821,2.90537515,1.27330592,0.09859601,1.65440539
-1.88794397,3.84590776,0.38572170,0.44474417,0.03610837,0.69581608,3.00619188,1.30074265,0.09976062,1.69443225
-1.88194097,3.94047062,0.40218434,0.45388657,0.03731248,0.71883461,3.10378048,1.32782892,0.10092539,1.73413267
-1.87593797,4.03403928,0.41919956,0.46289957,0.03847095,0.74121741,3.19747771,1.35453441,0.10211281,1.77343177
-1.86993497,4.12640568,0.43663211,0.47182115,0.03957835,0.76276922,3.28676649,1.38085343,0.10334623,1.81229255
-1.86393197,4.21743003,0.45434651,0.48068938,0.04063051,0.78331960,3.37128449,1.40680273,0.10464889,1.85071411
-1.85792896,4.30703683,0.47221013,0.48954050,0.04162460,0.80272576,3.45082720,1.43241852,0.10604306,1.88872816
-1.85192596,4.39520795,0.49009589,0.49840700,0.04255914,0.82087450,3.52534518,1.45775269,0.10754912,1.92639380
-1.84592296,4.48197272,0.50788457,0.50731588,0.04343395,0.83768309,3.59493553,1.48286820,0.10918462,1.96379050
-1.83991996,4.56739538,0.52546644,0.51628715,0.04425001,0.85309898,3.65982769,1.50783395,0.11096351,2.00100963
-1.83391696,4.65156012,0.54274228,0.52533244,0.04500932,0.86709859,3.72036415,1.53271925,0.11289542,2.03814472
-1.82791396,4.73455451,0.55962368,0.53445398,0.04571474,0.87968504,3.77697687,1.55758802,0.11498505,2.07528088
-1.82191096,4.81645193,0.57603269,0.54364377,0.04636970,0.89088504,3.83016034,1.58249322,0.11723178,2.11248383
-1.81590795,4.89729405,0.59190085,0.55288314,0.04697797,0.90074521,3.88044263,1.60747158,0.11962943,2.14978913
-1.80990495,4.97707432,0.60716790,0.56214259,0.04754343,0.90932781,3.92835568,1.63253902,0.12216621,2.18719215
-1.80390195,5.05572358,0.62178007,0.57138209,0.04806976,0.91670644,3.97440627,1.65768711,0.12482495,2.22463950
-1.79789895,5.13309876,0.63568841,0.58055165,0.04856023,0.92296163,4.01904901,1.68288071,0.12758345,2.26202240
-1.79189595,5.20897553,0.64884719,0.58959236,0.04901746,0.92817677,4.06266278,1.70805702,0.13041508,2.29917264
-1.78589295,5.28304566,0.66121257,0.59843775,0.04944329,0.93243446,4.10553145,1.73312615,0.13328955,2.33586140
-1.77988994,5.35491941,0.67274177,0.60701548,0.04983863,0.93581348,4.14782998,1.75797329,0.13617384,2.37180130
-1.77388694,5.42413304,0.68339263,0.61524932,0.05020339,0.93838643,4.18961618,1.78246223,0.13903327,2.40665177
-1.76788394,5.49016124,0.69312391,0.62306130,0.05053652,0.94021818,4.23082858,1.80644021,0.14183255,2.44002757
-1.76188094,5.55243372,0.70189597,0.63037400,0.05083601,0.94136491,4.27128996,1.82974370,0.14453700,2.47151012
-1.75587794,5.61035521,0.70967202,0.63711289,0.05109903,0.94187394,4.31071631,1.85220470,0.14711363,2.50066130
-1.74987494,5.66332744,0.71641966,0.64320846,0.05132208,0.94178388,4.34873032,1.87365726,0.14953217,2.52703874
-1.74387194,5.71077188,0.72211255,0.64859831,0.05150117,0.94112532,4.38487837,1.89394361,0.15176602,2.55021213
-1.73786893,5.75215172,0.72673216,0.65322882,0.05163206,0.93992159,4.41865000,1.91291945,0.15379298,2.56977940
-1.73186593,5.78699158,0.73026912,0.65705647,0.05171044,0.93818957,4.44949855,1.93045812,0.15559581,2.58538195
-1.72586293,5.81489383,0.73272434,0.66004878,0.05173218,0.93594041,4.47686177,1.94645312,0.15716254,2.59671814
-1.71985993,5.83555028,0.73410948,0.66218466,0.05169352,0.93317999,4.50018145,1.96081895,0.15848651,2.60355418
-1.71385693,5.84874879,0.73444678,0.66345437,0.05159124,0.92990913,4.51892102,1.97349005,0.15956626,2.60573192
-1.70785393,5.85437428,0.73376825,0.66385892,0.05142283,0.92612354,4.53258060,1.98441803,0.16040509,2.60317314
-1.70185093,5.85240448,0.73211417,0.66340917,0.05118656,0.92181347,4.54070898,1.99356728,0.16101042,2.59588014
-1.69584792,5.84290084,0.72953101,0.66212449,0.05088156,0.91696329,4.54291248,2.00090954,0.16139305,2.58393290
-1.68984492,5.82599568,0.72606901,0.66003128,0.05050782,0.91155105,4.53886077,2.00641772,0.16156625,2.56748295
-1.68384192,5.80187670,0.72177941,0.65716132,0.05006622,0.90554820,4.52829009,2.01005964,0.16154473,2.54674467
-1.67783892,5.77077043,0.71671179,0.65355016,0.04955843,0.89891958,4.51100422,2.01179234,0.16134368,2.52198464
-1.67183592,5.73292603,0.71091159,0.64923564,0.04898689,0.89162392,4.48687402,2.01155749,0.16097783,2.49350997
-1.66583292,5.68860104,0.70441801,0.64425667,0.04835470,0.88361487,4.45583600,2.00927845,0.16046057,2.46165630
-1.65982991,5.63805040,0.69726265,0.63865230,0.04766557,0.87484271,4.41789070,2.00485958,0.15980324,2.42677648
-1.65382691,5.58151968,0.68946883,0.63246121,0.04692371,0.86525664,4.37310135,1.99818781,0.15901466,2.38923071
-1.64782391,5.51924335,0.68105180,0.62572164,0.04613377,0.85480773,4.32159312,1.98913689,0.15810079,2.34937855
-1.64182091,5.45144832,0.67201978,0.61847168,0.04530078,0.84345235,4.26355328,1.97757411,0.15706472,2.30757341
-1.63581791,5.37836251,0.66237594,0.61075006,0.04443015,0.83115590,4.19923228,1.96336918,0.15590683,2.26415974
-1.62981491,5.30022795,0.65212093,0.60259713,0.04352759,0.81789670,4.12894556,1.94640501,0.15462521,2.21947277
-1.62381191,5.21731737,0.64125610,0.59405619,0.04259913,0.80366974,4.05307569,1.92658957,0.15321633,2.17384071
-1.61780890,5.12995292,0.62978702,0.58517488,0.04165116,0.78849012,3.97207460,1.90386840,0.15167575,2.12758895
-1.61180590,5.03852562,0.61772707,0.57600659,0.04069037,0.77239586,3.88646516,1.87823670,0.14999910,2.08104564
-1.60580290,4.94351380,0.60510095,0.56661171,0.03972386,0.75544994,3.79684166,1.84975041,0.14818305,2.03454803
-1.59979990,4.84549891,0.59194780,0.55705866,0.03875907,0.73774135,3.70386856,1.81853542,0.14622623,1.98844879
-1.59379690,4.74517729,0.57832374,0.54742451,0.03780383,0.71938506,3.60827717,1.78479431,0.14413025,1.94312157
-1.58779390,4.64336651,0.56430361,0.53779515,0.03686633,0.70052088,3.51085971,1.74880990,0.14190041,1.89896509
-1.58179090,4.54100537,0.54998190,0.52826492,0.03595509,0.68131108,3.41246070,1.71094544,0.13954645,1.85640524
-1.57578789,4.43914697,0.53547260,0.51893560,0.03507890,0.66193711,3.31396552,1.67164112,0.13708290,1.81589462
-1.56978489,4.33894463,0.52090816,0.50991493,0.03424673,0.64259520,3.21628633,1.63140679,0.13452933,1.77790935
-1.56378189,4.24163101,0.50643742,0.50131445,0.03346767,0.62349137,3.12034564,1.59081137,0.13191024,1.74294293
-1.55777889,4.14849090,0.49222267,0.49324691,0.03275073,0.60483581,3.02705791,1.55046898,0.12925479,1.71149738
-1.55177589,4.06082889,0.47843606,0.48582327,0.03210478,0.58683699,2.93730996,1.51102265,0.12659617,1.68407180
-1.54577289,3.97993319,0.46525530,0.47914942,0.03153832,0.56969576,2.85194070,1.47312605,0.12397079,1.66114891
-1.53976988,3.90703707,0.45285913,0.47332274,0.03105934,0.55359965,2.77172114,1.43742410,0.12141730,1.64318001
-1.53376688,3.84327979,0.44142251,0.46842877,0.03067517,0.53871762,2.69733530,1.40453330,0.11897538,1.63056920
-1.52776388,3.78966879,0.43111194,0.46453798,0.03039228,0.52519552,2.62936300,1.37502255,0.11668454,1.62365752
-1.52176088,3.74704468,0.42208098,0.46170294,0.03021614,0.51315235,2.56826512,1.34939528,0.11458277,1.62270787
-1.51575788,3.71605099,0.41446632,0.45995605,0.03015112,0.50267754,2.51437213,1.32807362,0.11270532,1.62789144
-1.50975488,3.69710986,0.40838433,0.45930780,0.03020031,0.49382927,2.46787625,1.31138530,0.11108346,1.63927644
-1.50375188,3.69040489,0.40392849,0.45974587,0.03036548,0.48663391,2.42882776,1.29955368,0.10974346,1.65681973
-1.49774887,3.69587209,0.40116765,0.46123498,0.03064701,0.48108657,2.39713567,1.29269141,0.10870565,1.68036197
-1.49174587,3.71319930,0.40014514,0.46371759,0.03104385,0.47715264,2.37257267,1.29079777,0.10798381,1.70962655
-1.48574287,3.74183417,0.40087888,0.46711543,0.03155357,0.47477035,2.35478433,1.29375999,0.10758464,1.74422264
-1.47973987,3.78100058,0.40336235,0.47133175,0.03217234,0.47385403,2.34330212,1.30135819,0.10750763,1.78365234
-1.47373687,3.82972252,0.40756643,0.47625426,0.03289506,0.47429813,2.33755990,1.31327391,0.10774502,1.82732173
-1.46773387,3.88685478,0.41344183,0.48175859,0.03371537,0.47598156,2.33691303,1.32910166,0.10828214,1.87455551
-1.46173087,3.95111879,0.42092221,0.48771206,0.03462585,0.47877233,2.34065946,1.34836317,0.10909779,1.92461479
-1.45572786,4.02114235,0.42992755,0.49397770,0.03561809,0.48253227,2.34806201,1.37052363,0.11016494,1.97671707
-1.44972486,4.09550129,0.44036778,0.50041823,0.03668285,0.48712147,2.35837084,1.39500922,0.11145149,2.03005791
-1.44372186,4.17276136,0.45214632,0.50689984,0.03781017,0.49240241,2.37084519,1.42122537,0.11292115,2.08383316
-1.43771886,4.25151856,0.46516332,0.51329559,0.03898958,0.49824357,2.38477372,1.44857482,0.11453436,2.13726076
-1.43171586,4.33043608,0.47931852,0.51948833,0.04021014,0.50452232,2.39949252,1.47647490,0.11624929,2.18960128
-1.42571286,4.40827634,0.49451339,0.52537295,0.04146065,0.51112700,2.41440012,1.50437337,0.11802276,2.24017610
-1.41970985,4.48392685,0.51065254,0.53085793,0.04272971,0.51795824,2.42896912,1.53176211,0.11981118,2.28838255
-1.41370685,4.55641885,0.52764418,0.53586613,0.04400580,0.52492928,2.44275402,1.55818822,0.12157135,2.33370505
-1.40770385,4.62493804,0.54539972,0.54033485,0.04527742,0.53196555,2.45539502,1.58326223,0.12326127,2.37572215
-1.40170085,4.68882740,0.56383241,0.54421513,0.04653307,0.53900340,2.46661805,1.60666305,0.12484077,2.41410877
-1.39569785,4.74758206,0.58285518,0.54747055,0.04776136,0.54598820,2.47623092,1.62813965,0.12627209,2.44863392
-1.38969485,4.80083697,0.60237779,0.55007537,0.04895097,0.55287188,2.48411626,1.64750960,0.12752035,2.47915397
-1.38369185,4.84834843,0.62230345,0.55201251,0.05009072,0.55961021,2.49022169,1.66465459,0.12855390,2.50560203
-1.37768884,4.88997075,0.64252531,0.55327113,0.05116958,0.56615982,2.49454775,1.67951342,0.12934460,2.52797411
-1.37168584,4.92562963,0.66292289,0.55384437,0.05217662,0.57247538,2.49713447,1.69207284,0.12986800,2.54631305
-1.36568284,4.95529418,0.68335891,0.55372707,0.05310112,0.57850697,2.49804737,1.70235704,0.13010346,2.56069113
-1.35967984,4.97894930,0.70367678,0.55291384,0.05393250,0.58419798,2.49736344,1.71041622,0.13003420,2.57119272
-1.35367684,4.99657034,0.72369899,0.55139753,0.05466045,0.58948357,2.49515815,1.71631519,0.12964730,2.57789781
-1.34767384,5.00810164,0.74322669,0.54916821,0.05527496,0.59428994,2.49149389,1.72012248,0.12893367,2.58086785
-1.34167084,5.01344047,0.76204057,0.54621265,0.05576641,0.59853444,2.48641058,1.72190072,0.12788794,2.58013455
-1.33566783,5.01242738,0.77990321,0.54251452,0.05612574,0.60212652,2.47991879,1.72169883,0.12650841,2.57569251
-1.32966483,5.00484360,0.79656288,0.53805504,0.05634454,0.60496969,2.47199563,1.71954638,0.12479694,2.56749626
-1.32366183,4.99041585,0.81175874,0.53281430,0.05641531,0.60696417,2.46258362,1.71545049,0.12275877,2.55546165
-1.31765883,4.96882813,0.82522718,0.52677296,0.05633159,0.60801031,2.45159244,1.70939527,0.12040249,2.53947186
-1.31165583,4.93973991,0.83670923,0.51991440,0.05608825,0.60801260,2.43890332,1.70134387,0.11773983,2.51938725
-1.30565283,4.90280950,0.84595845,0.51222698,0.05568169,0.60688393,2.42437580,1.69124283,0.11478558,2.49505875
-1.29964982,4.85772114,0.85274929,0.50370651,0.05511006,0.60455006,2.40785640,1.67902839,0.11155745,2.46634358
-1.29364682,4.80421413,0.85688506,0.49435859,0.05437347,0.60095395,2.38918858,1.66463430,0.10807592,2.43312248
-1.28764382,4.74211209,0.85820558,0.48420079,0.05347418,0.59605969,2.36822351,1.64800056,0.10436408,2.39531715
-1.28164082,4.67135048,0.85659371,0.47326438,0.05241671,0.58985587,2.34483088,1.62908242,0.10044745,2.35290685
-1.27563782,4.59200064,0.85198068,0.46159573,0.05120797,0.58235822,2.31890929,1.60785911,0.09635380,2.30594299
-1.26963482,4.50428878,0.84434981,0.44925707,0.04985720,0.57361114,2.29039558,1.58434167,0.09211291,2.25456072
-1.26363182,4.40860861,0.83373850,0.43632657,0.04837598,0.56368832,2.25927258,1.55857938,0.08775623,2.19898690
-1.25762881,4.30552689,0.82023831,0.42289790,0.04677807,0.55269204,2.22557498,1.53066441,0.08331666,2.13954374
-1.25162581,4.19578132,0.80399321,0.40907897,0.04507922,0.54075148,2.18939296,1.50073437,0.07882807,2.07664800
-1.24562281,4.08027080,0.78519598,0.39499018,0.04329691,0.52801982,2.15087352,1.46897269,0.07432496,2.01080566
-1.23961981,3.96003864,0.76408310,0.38076198,0.04145000,0.51467034,2.11021925,1.43560670,0.06984197,1.94260247
-1.23361681,3.83624922,0.74092819,0.36653210,0.03955839,0.50089173,2.06768499,1.40090376,0.06541338,1.87269073
-1.22761381,3.71015957,0.71603450,0.35244230,0.03764256,0.48688266,2.02357215,1.36516538,0.06107263,1.80177311
-1.22161081,3.58308693,0.68972664,0.33863492,0.03572319,0.47284603,1.97822125,1.32871994,0.05685176,1.73058431
-1.21560780,3.45637399,0.66234201,0.32524938,0.03382070,0.45898290,1.93200290,1.29191428,0.05278091,1.65987148
-1.20960480,3.33135327,0.63422220,0.31241866,0.03195481,0.44548655,1.88530765,1.25510456,0.04888783,1.59037421
-1.20360180,3.20931219,0.60570484,0.30026590,0.03014418,0.43253684,1.83853504,1.21864695,0.04519744,1.52280521
-1.19759880,3.09146018,0.57711595,0.28890137,0.02840600,0.42029505,1.79208243,1.18288843,0.04173147,1.45783220
-1.19159580,2.97889922,0.54876325,0.27841975,0.02675571,0.40889948,1.74633394,1.14815825,0.03850806,1.39606188
-1.18559280,2.87259861,0.52093050,0.26889786,0.02520671,0.39846195,1.70164995,1.11476021,0.03554165,1.33802641
-1.17958979,2.77337491,0.49387298,0.26039296,0.02377020,0.38906524,1.65835749,1.08296614,0.03284275,1.28417288
-1.17358679,2.68187747,0.46781424,0.25294157,0.02245498,0.38076179,1.61674203,1.05301072,0.03041797,1.23485582
-1.16758379,2.59857987,0.44294400,0.24655896,0.02126740,0.37357341,1.57704074,1.02508771,0.02827006,1.19033298
-1.16158079,2.52377721,0.41941729,0.24123920,0.02021137,0.36749222,1.53943770,0.99934774,0.02639807,1.15076420
-1.15557779,2.45758911,0.39735463,0.23695577,0.01928831,0.36248264,1.50406110,0.97589756,0.02479763,1.11621319
-1.14957479,2.39996804,0.37684323,0.23366287,0.01849732,0.35848442,1.47098261,0.95480063,0.02346128,1.08665208
-1.14357179,2.35071236,0.35793889,0.23129711,0.01783526,0.35541654,1.44021891,0.93607909,0.02237887,1.06196811
-1.13756878,2.30948354,0.34066876,0.22977983,0.01729692,0.35318180,1.41173550,0.91971684,0.02153801,1.04197241
-1.13156578,2.27582667,0.32503445,0.22901970,0.01687527,0.35167192,1.38545243,0.90566354,0.02092463,1.02641023
-1.12556278,2.24919350,0.31101555,0.22891575,0.01656161,0.35077294,1.36125201,0.89383953,0.02052343,1.01497220
-1.11955978,2.22896723,0.29857338,0.22936059,0.01634593,0.35037067,1.33898807,0.88414129,0.02031849,1.00730640
-1.11355678,2.21448802,0.28765479,0.23024378,0.01621711,0.35035601,1.31849641,0.87644731,0.02029376,1.00303056
-1.10755378,2.20507850,0.27819586,0.23145526,0.01616325,0.35062979,1.29960617,0.87062435,0.02043358,1.00174433
-1.10155078,2.20006838,0.27012542,0.23288861,0.01617197,0.35110703,1.28215157,0.86653361,0.02072316,1.00304100
-1.09554777,2.19881749,0.26336840,0.23444430,0.01623072,0.35172041,1.26598352,0.86403705,0.02114898,1.00651854
-1.08954477,2.20073645,0.25784864,0.23603243,0.01632705,0.35242272,1.25098071,0.86300333,0.02169919,1.01178973
-1.08354177,2.20530441,0.25349146,0.23757523,0.01644896,0.35318831,1.23705972,0.86331346,0.02236387,1.01849100
-1.07753877,2.21208354,0.25022566,0.23900902,0.01658514,0.35401340,1.22418359,0.86486608,0.02313523,1.02629002
-1.07153577,2.22072969,0.24798511,0.24028563,0.01672524,0.35491520,1.21236874,0.86758200,0.02400774,1.03489179
-1.06553277,2.23099925,0.24670979,0.24137321,0.01686011,0.35593007,1.20168973,0.87140823,0.02497817,1.04404328
-1.05952976,2.24275201,0.24634643,0.24225643,0.01698196,0.35711064,1.19228182,0.87632111,0.02604550,1.05353651
-1.05352676,2.25595033,0.24684870,0.24293607,0.01708450,0.35852221,1.18434116,0.88232868,0.02721075,1.06321024
-1.04752376,2.27065453,0.24817700,0.24342798,0.01716310,0.36023846,1.17812267,0.88947209,0.02847677,1.07295021
-1.04152076,2.28701526,0.25029791,0.24376158,0.01721474,0.36233693,1.17393563,0.89782608,0.02984785,1.08268826
-1.03551776,2.30526302,0.25318348,0.24397787,0.01723808,0.36489430,1.17213711,0.90749830,0.03132942,1.09240027
-1.02951476,2.32569542,0.25681016,0.24412704,0.01723335,0.36798184,1.17312361,0.91862767,0.03292749,1.10210328
-1.02351176,2.34866288,0.26115784,0.24426598,0.01720225,0.37166128,1.17732088,0.93138154,0.03464828,1.11185180
-1.01750875,2.37455311,0.26620860,0.24445554,0.01714777,0.37598126,1.18517247,0.94595163,0.03649767,1.12173373
-1.01150575,2.40377516,0.27194572,0.24475792,0.01707400,0.38097454,1.19712713,0.96254888,0.03848074,1.13186580
-1.00550275,2.43674329,0.27835249,0.24523411,0.01698589,0.38665614,1.21362530,0.98139704,0.04060133,1.14238883
-0.99949975,2.47386131,0.28541138,0.24594170,0.01688899,0.39302249,1.23508512,1.00272516,0.04286168,1.15346294
-0.99349675,2.51550751,0.29310308,0.24693293,0.01678918,0.40005146,1.26188805,1.02675893,0.04526204,1.16526270
-0.98749375,2.56202064,0.30140587,0.24825321,0.01669238,0.40770347,1.29436443,1.05371110,0.04780052,1.17797232
-0.98149075,2.61368693,0.31029495,0.24994011,0.01660431,0.41592334,1.33277924,1.08377108,0.05047292,1.19178093
-0.97548774,2.67072839,0.31974199,0.25202280,0.01653025,0.42464288,1.37731836,1.11709392,0.05327269,1.20687787
-0.96948474,2.73329237,0.32971472,0.25452201,0.01647485,0.43378402,1.42807552,1.15378906,0.05619102,1.22344801
-0.96348174,2.80144247,0.34017662,0.25745030,0.01644191,0.44326222,1.48504044,1.19390909,0.05921698,1.24166710
-0.95747874,2.87515080,0.35108668,0.26081283,0.01643434,0.45299005,1.54808846,1.23743907,0.06233775,1.26169701
-0.95147574,2.95429168,0.36239917,0.26460829,0.01645402,0.46288064,1.61697212,1.28428681,0.06553895,1.28368098
-0.94547274,3.03863686,0.37406356,0.26883006,0.01650185,0.47285091,1.69131512,1.33427460,0.06880495,1.30773879
-0.93946973,3.12785250,0.38602446,0.27346737,0.01657773,0.48282434,1.77060922,1.38713310,0.07211922,1.33396193
-0.93346673,3.22149791,0.39822163,0.27850651,0.01668067,0.49273325,1.85421449,1.44249770,0.07546474,1.36240885
-0.92746373,3.31902660,0.41059018,0.28393184,0.01680894,0.50252043,1.94136335,1.49990792,0.07882425,1.39310045
-0.92146073,3.41978956,0.42306089,0.28972659,0.01696018,0.51214020,2.03116878,1.55881036,0.08218062,1.42601583
-0.91545773,3.52304133,0.43556072,0.29587335,0.01713165,0.52155880,2.12263686,1.61856525,0.08551703,1.46108871
-0.90945473,3.62794880,0.44801359,0.30235432,0.01732039,0.53075418,2.21468363,1.67845697,0.08881719,1.49820442
-0.90345173,3.73360308,0.46034132,0.30915114,0.01752350,0.53971538,2.30615637,1.73770831,0.09206545,1.53719800
-0.89744872,3.83903422,0.47246489,0.31624444,0.01773829,0.54844145,2.39585853,1.79549830,0.09524682,1.57785332
-0.89144572,3.94322886,0.48430586,0.32361307,0.01796253,0.55694006,2.48257801,1.85098311,0.09834702,1.61990356
-0.88544272,4.04515025,0.49578801,0.33123319,0.01819458,0.56522602,2.56511785,1.90331949,0.10135240,1.66303313
-0.87943972,4.14376032,0.50683913,0.33907712,0.01843361,0.57331961,2.64232819,1.95168964,0.10424991,1.70688113
-0.87343672,4.23804309,0.51739276,0.34711219,0.01867963,0.58124500,2.71313846,1.99532677,0.10702697,1.75104627
-0.86743372,4.32702845,0.52738997,0.35529967,0.01893358,0.58902866,2.77658835,2.03354011,0.10967145,1.79509335
-0.86143072,4.40981566,0.53678095,0.36359382,0.01919734,0.59669797,2.83185630,2.06573829,0.11217152,1.83856104
-0.85542771,4.48559526,0.54552632,0.37194113,0.01947367,0.60427990,2.87828417,2.09144986,0.11451569,1.88097083
-0.84942471,4.55366872,0.55359807,0.38027998,0.01976608,0.61179980,2.91539699,2.11034008,0.11669273,1.92183684
-0.84342171,4.61346460,0.56098007,0.38854062,0.02007871,0.61928036,2.94291666,2.12222286,0.11869174,1.96067625
-0.83741871,4.66455075,0.56766803,0.39664555,0.02041608,0.62674067,2.96076907,2.12706743,0.12050217,1.99701994
-0.83141571,4.70664165,0.57366896,0.40451041,0.02078287,0.63419527,2.96908411,2.12499902,0.12211396,2.03042301
-0.82541271,4.73960071,0.57900007,0.41204520,0.02118365,0.64165337,2.96818853,2.11629375,0.12351761,2.06047480
-0.81940970,4.76343739,0.58368715,0.41915600,0.02162254,0.64911804,2.95859201,2.10136755,0.12470438,2.08680809
-0.81340670,4.77829932,0.58776260,0.42574694,0.02210295,0.65658548,2.94096697,2.08075983,0.12566642,2.10910718
-0.80740370,4.78445982,0.59126312,0.43172249,0.02262727,0.66404443,2.91612314,2.05511252,0.12639695,2.12711456
-0.80140070,4.78230165,0.59422724,0.43698991,0.02319659,0.67147566,2.88497793,2.02514550,0.12689046,2.14063605
-0.79539770,4.77229779,0.59669292,0.44146178,0.02381052,0.67885170,2.84852414,1.99162950,0.12714284,2.14954428
-0.78939470,4.75499039,0.59869522,0.44505849,0.02446699,0.68613679,2.80779622,1.95535778,0.12715155,2.15378041
-0.78339170,4.73096892,0.60026436,0.44771064,0.02516211,0.69328723,2.76383674,1.91711801,0.12691580,2.15335421
-0.77738869,4.70084885,0.60142424,0.44936119,0.02589021,0.70025199,2.71766432,1.87766529,0.12643661,2.14834266
-0.77138569,4.66525176,0.60219149,0.44996729,0.02664385,0.70697387,2.67024430,1.83769792,0.12571699,2.13888709
-0.76538269,4.62478793,0.60257516,0.44950173,0.02741392,0.71339102,2.62246322,1.79783656,0.12476195,2.12518917
-0.75937969,4.58004213,0.60257710,0.44795394,0.02818991,0.71943882,2.57510790,1.75860781,0.12357865,2.10750598
-0.75337669,4.53156309,0.60219288,0.44533055,0.02896011,0.72505217,2.52884960,1.72043265,0.12217634,2.08614445
-0.74737369,4.47985704,0.60141338,0.44165539,0.02971202,0.73016799,2.48423362,1.68362011,0.12056644,2.06145533
-0.74137069,4.42538512,0.60022664,0.43696903,0.03043269,0.73472784,2.44167421,1.64836617,0.11876250,2.03382692
-0.73536768,4.36856459,0.59862015,0.43132784,0.03110914,0.73868045,2.40145464,1.61475768,0.11678013,2.00367885
-0.72936468,4.30977317,0.59658313,0.42480266,0.03172881,0.74198412,2.36373188,1.58278082,0.11463691,1.97145592
-0.72336168,4.24935593,0.59410873,0.41747702,0.03227995,0.74460866,2.32854535,1.55233350,0.11235224,1.93762214
-0.71735868,4.18763396,0.59119599,0.40944512,0.03275201,0.74653674,2.29582895,1.52324091,0.10994720,1.90265498
-0.71135568,4.12491379,0.58785133,0.40080954,0.03313601,0.74776468,2.26542560,1.49527332,0.10744422,1.86703987
-0.70535268,4.06149676,0.58408946,0.39167884,0.03342482,0.74830226,2.23710347,1.46816520,0.10486688,1.83126478
-0.69934967,3.99768756,0.57993369,0.38216507,0.03361336,0.74817189,2.21057316,1.44163473,0.10223948,1.79581490
-0.69334667,3.93380110,0.57541547,0.37238127,0.03369873,0.74740676,2.18550507,1.41540285,0.09958669,1.76116727
-0.68734367,3.87016724,0.57057331,0.36243912,0.03368028,0.74604837,2.16154635,1.38921101,0.09693308,1.72778533
-0.68134067,3.80713304,0.56545110,0.35244669,0.03355954,0.74414340,2.13833696,1.36283699,0.09430263,1.69611326
-0.67533767,3.74506225,0.56009589,0.34250647,0.03334011,0.74174006,2.11552430,1.33610827,0.09171824,1.66657018
-0.66933467,3.68433235,0.55455547,0.33271359,0.03302745,0.73888442,2.09277639,1.30891245,0.08920123,1.63954413
-0.66333167,3.62532920,0.54887571,0.32315439,0.03262863,0.73561658,2.06979308,1.28120471,0.08677078,1.61538612
-0.65732866,3.56844000,0.54309813,0.31390538,0.03215201,0.73196735,2.04631551,1.25301204,0.08444354,1.59440415
-0.65132566,3.51404495,0.53725761,0.30503242,0.03160690,0.72795544,2.02213370,1.22443445,0.08223319,1.57685771
-0.64532266,3.46250855,0.53138075,0.29659039,0.03100320,0.72358546,1.99709228,1.19564333,0.08015013,1.56295273
-0.63931966,3.41417112,0.52548477,0.28862313,0.03035108,0.71884700,1.97109465,1.16687712,0.07820122,1.55283752
-0.63331666,3.36934132,0.51957724,0.28116376,0.02966059,0.71371483,1.94410546,1.13843497,0.07638975,1.54659975
-0.62731366,3.32829031,0.51365655,0.27423530,0.02894146,0.70815026,1.91615181,1.11066841,0.07471543,1.54426496
-0.62131066,3.29124807,0.50771330,0.26785159,0.02820277,0.70210370,1.88732311,1.08397180,0.07317458,1.54579666
-0.61530765,3.25840213,0.50173235,0.26201842,0.02745284,0.69551835,1.85776977,1.05877178,0.07176045,1.55109817
-0.60930465,3.22989889,0.49569558,0.25673490,0.02669910,0.68833463,1.82770085,1.03551619,0.07046369,1.56001641
-0.60330165,3.20584737,0.48958504,0.25199490,0.02594803,0.68049535,1.79738064,1.01466290,0.06927291,1.57234739
-0.59729865,3.18632516,0.48338641,0.24778861,0.02520521,0.67195119,1.76712431,0.99666866,0.06817536,1.58784341
-0.59129565,3.17138595,0.47709245,0.24410407,0.02447540,0.66266613,1.73729239,0.98197844,0.06715771,1.60622156
-0.58529265,3.16106813,0.47070628,0.24092866,0.02376265,0.65262255,1.70828445,0.97101536,0.06620676,1.62717337
-0.57928964,3.15540355,0.46424417,0.23825039,0.02307053,0.64182568,1.68053155,0.96417138,0.06531028,1.65037503
-0.57328664,3.15442583,0.45773769,0.23605909,0.02240227,0.63030697,1.65448772,0.96179883,0.06445770,1.67549771
-0.56728364,3.15817737,0.45123508,0.23434725,0.02176101,0.61812633,1.63062048,0.96420297,0.06364078,1.70221764
-0.56128064,3.16671433,0.44480167,0.23311061,0.02114998,0.60537285,1.60940027,0.97163551,0.06285413,1.73022542
-0.55527764,3.18010932,0.43851928,0.23234837,0.02057269,0.59216401,1.59128924,0.98428926,0.06209555,1.75923409
-0.54927464,3.19845113,0.43248474,0.23206319,0.02003304,0.57864346,1.57672923,1.00229388,0.06136630,1.78898573
-0.54327164,3.22184170,0.42680739,0.23226066,0.01953546,0.56497719,1.56612947,1.02571283,0.06067108,1.81925637
-0.53726863,3.25039031,0.42160584,0.23294865,0.01908489,0.55134853,1.55985419,1.05454154,0.06001787,1.84985903
-0.53126563,3.28420534,0.41700415,0.23413630,0.01868679,0.53795202,1.55821057,1.08870686,0.05941761,1.88064495
-0.52526263,3.32338421,0.41312749,0.23583282,0.01834703,0.52498662,1.56143738,1.12806787,0.05888367,1.91150307
-0.51925963,3.36800216,0.41009772,0.23804623,0.01807172,0.51264847,1.56969481,1.17241796,0.05843119,1.94235804
-0.51325663,3.41810063,0.40802890,0.24078201,0.01786706,0.50112359,1.58305601,1.22148830,0.05807641,1.97316697
-0.50725363,3.47367612,0.40702319,0.24404182,0.01773902,0.49058101,1.60150060,1.27495260,0.05783579,2.00391526
-0.50125063,3.53467026,0.40716706,0.24782235,0.01769311,0.48116653,1.62491064,1.33243306,0.05772526,2.03461184
-0.49524762,3.60096182,0.40852830,0.25211441,0.01773402,0.47299748,1.65306941,1.39350735,0.05775934,2.06528412
-0.48924462,3.67236109,0.41115361,0.25690228,0.01786542,0.46615878,1.68566299,1.45771652,0.05795048,2.09597290
-0.48324162,3.74860712,0.41506715,0.26216337,0.01808957,0.46070033,1.72228504,1.52457344,0.05830840,2.12672754
-0.47723862,3.82936777,0.42026987,0.26786822,0.01840715,0.45663597,1.76244438,1.59357167,0.05883955,2.15760138
-0.47123562,3.91424258,0.42673959,0.27398083,0.01881702,0.45394400,1.80557549,1.66419426,0.05954677,2.18864758
-0.46523262,4.00276806,0.43443196,0.28045937,0.01931608,0.45256905,1.85105143,1.73592223,0.06042908,2.21991533
-0.45922961,4.09442504,0.44328188,0.28725700,0.01989924,0.45242528,1.89819878,1.80824243,0.06148161,2.25144639
-0.45322661,4.18864723,0.45320549,0.29432307,0.02055936,0.45340074,1.94631412,1.88065439,0.06269571,2.28327179
-0.44722361,4.28483060,0.46410243,0.30160429,0.02128738,0.45536239,1.99468132,1.95267600,0.06405918,2.31540869
-0.44122061,4.38234266,0.47585826,0.30904601,0.02207248,0.45816176,2.04258915,2.02384771,0.06555660,2.34785719
-0.43521761,4.48053103,0.48834688,0.31659343,0.02290228,0.46164079,2.08934827,2.09373521,0.06716982,2.38059708
-0.42921461,4.57873094,0.50143288,0.32419264,0.02376317,0.46563753,2.13430727,2.16193064,0.06887838,2.41358446
-0.42321161,4.67627110,0.51497356,0.33179155,0.02464063,0.46999155,2.17686696,2.22805221,0.07066011,2.44674843
-0.41720860,4.77247791,0.52882075,0.33934048,0.02551967,0.47454872,2.21649242,2.29174266,0.07249166,2.47998767
-0.41120560,4.86667799,0.54282236,0.34679253,0.02638517,0.47916516,2.25272266,2.35266660,0.07434900,2.51316751
-0.40520260,4.95819932,0.55682353,0.35410364,0.02722234,0.48371043,2.28517734,2.41050734,0.07620795,2.54611730
-0.39919960,5.04637149,0.57066768,0.36123246,0.02801714,0.48806962,2.31356078,2.46496334,0.07804463,2.57862873
-0.39319660,5.13052554,0.58419738,0.36813991,0.02875664,0.49214464,2.33766315,2.51574501,0.07983583,2.61045519
-0.38719360,5.20999414,0.59725515,0.37478867,0.02942937,0.49585452,2.35735901,2.56257206,0.08155942,2.64131251
-0.38119060,5.28411293,0.60968444,0.38114254,0.03002564,0.49913501,2.37260373,2.60517200,0.08319457,2.67088147
-0.37518759,5.35222342,0.62133070,0.38716586,0.03053773,0.50193762,2.38342797,2.64328006,0.08472207,2.69881202
-0.36918459,5.41367835,0.63204282,0.39282294,0.03096014,0.50422808,2.38993078,2.67664078,0.08612451,2.72472958
-0.36318159,5.46784959,0.64167488,0.39807772,0.03128960,0.50598470,2.39227182,2.70501143,0.08738646,2.74824323
-0.35717859,5.51413889,0.65008825,0.40289357,0.03152518,0.50719646,2.39066306,2.72816725,0.08849464,2.76895577
-0.35117559,5.55199131,0.65715412,0.40723339,0.03166819,0.50786132,2.38536048,2.74590838,0.08943809,2.78647527
-0.34517259,5.58091091,0.66275626,0.41106002,0.03172211,0.50798450,2.37665594,2.75806804,0.09020826,2.80042787
-0.33916958,5.60047799,0.66679398,0.41433677,0.03169241,0.50757715,2.36486952,2.76452172,0.09079916,2.81047118
-0.33316658,5.61036693,0.66918514,0.41702836,0.03158632,0.50665514,2.35034234,2.76519659,0.09120746,2.81630777
-0.32716358,5.61036357,0.66986902,0.41910188,0.03141258,0.50523818,2.33343004,2.76008060,0.09143257,2.81769800
-0.32116058,5.60038071,0.66880884,0.42052792,0.03118113,0.50334914,2.31449646,2.74923049,0.09147668,2.81447166
-0.31515758,5.58047065,0.66599381,0.42128167,0.03090275,0.50101347,2.29390778,2.73277807,0.09134475,2.80653744
-0.30915458,5.55083333,0.66144037,0.42134398,0.03058875,0.49825868,2.27202652,2.71093402,0.09104445,2.79388993
-0.30315158,5.51181924,0.65519273,0.42070216,0.03025059,0.49511385,2.24920548,2.68398883,0.09058603,2.77661339
-0.29714857,5.46392611,0.64732234,0.41935063,0.02989950,0.49160893,2.22578127,2.65231028,0.08998209,2.75488193
-0.29114557,5.40778925,0.63792640,0.41729112,0.02954617,0.48777398,2.20206748,2.61633748,0.08924729,2.72895601
-0.28514257,5.34416516,0.62712534,0.41453266,0.02920036,0.48363818,2.17834746,2.57657133,0.08839797,2.69917508
-0.27913957,5.27390920,0.61505949,0.41109110,0.02887068,0.47922861,2.15486682,2.53356185,0.08745167,2.66594663
-0.27313657,5.19794800,0.60188490,0.40698832,0.02856424,0.47456903,2.13182603,2.48789269,0.08642662,2.62973210
-0.26713357,5.11724795,0.58776858,0.40225120,0.02828649,0.46967845,2.10937339,2.44016370,0.08534115,2.59103017
-0.26113057,5.03278140,0.57288353,0.39691030,0.02804103,0.46456994,2.08759905,2.39097231,0.08421310,2.55035829
-0.25512756,4.94549251,0.55740358,0.39099847,0.02782954,0.45924945,2.06653037,2.34089490,0.08305923,2.50823341
-0.24912456,4.85626466,0.54149861,0.38454951,0.02765169,0.45371514,2.04612952,2.29046902,0.08189465,2.46515275
-0.24312156,4.76589147,0.52533018,0.37759682,0.02750526,0.44795706,2.02629353,2.24017767,0.08073234,2.42157592
-0.23711856,4.67505331,0.50904792,0.37017240,0.02738616,0.44195743,2.00685744,2.19043660,0.07958276,2.37790911
-0.23111556,4.58430080,0.49278699,0.36230611,0.02728868,0.43569161,1.98760075,2.14158532,0.07845354,2.33449242
-0.22511256,4.49404651,0.47666643,0.35402526,0.02720569,0.42912973,1.96825733,2.09388258,0.07734941,2.29159097
-0.21910955,4.40456548,0.46078886,0.34535478,0.02712900,0.42223902,1.94852856,2.04750655,0.07627216,2.24939039
-0.21310655,4.31600471,0.44524120,0.33631767,0.02704963,0.41498669,1.92809945,2.00255983,0.07522088,2.20799685
-0.20710355,4.22840119,0.43009646,0.32693592,0.02695830,0.40734335,1.90665721,1.95907899,0.07419226,2.16744172
-0.20110055,4.14170735,0.41541645,0.31723183,0.02684576,0.39928673,1.88391127,1.91704807,0.07318107,2.12769052
-0.19509755,4.05582247,0.40125508,0.30722945,0.02670324,0.39080545,1.85961404,1.87641541,0.07218079,2.08865571
-0.18909455,3.97062819,0.38766215,0.29695630,0.02652287,0.38190269,1.83358118,1.83711260,0.07118422,2.05021243
-0.18309155,3.88602575,0.37468710,0.28644501,0.02629799,0.37259948,1.80571024,1.79907453,0.07018429,2.01221635
-0.17708854,3.80197276,0.36238267,0.27573484,0.02602354,0.36293739,1.77599671,1.76225922,0.06917470,1.97452254
-0.17108554,3.71851709,0.35080797,0.26487294,0.02569629,0.35298033,1.74454630,1.72666632,0.06815068,1.93700423
-0.16508254,3.63582559,0.34003083,0.25391530,0.02531505,0.34281542,1.71158260,1.69235294,0.06710957,1.89957036
-0.15907954,3.55420593,0.33012910,0.24292710,0.02488073,0.33255271,1.67744958,1.65944596,0.06605131,1.86218085
-0.15307654,3.47411985,0.32119091,0.23198265,0.02439647,0.32232369,1.64260832,1.62814994,0.06497876,1.82485876
-0.14707354,3.39618688,0.31331363,0.22116468,0.02386744,0.31227864,1.60762805,1.59874993,0.06389791,1.78769859
-0.14107054,3.32117804,0.30660168,0.21056307,0.02330084,0.30258282,1.57317153,1.57160917,0.06281780,1.75087029
-0.13506753,3.24999963,0.30116317,0.20027311,0.02270556,0.29341173,1.53997530,1.54716140,0.06175029,1.71461861
-0.12906453,3.18366760,0.29710556,0.19039320,0.02209196,0.28494548,1.50882546,1.52589822,0.06070972,1.67925802
-0.12306153,3.12327375,0.29453058,0.18102229,0.02147153,0.27736261,1.48052998,1.50835196,0.05971223,1.64516327
-0.11705853,3.06994528,0.29352853,0.17225698,0.02085645,0.27083355,1.45588862,1.49507486,0.05877510,1.61275611
-0.11105553,3.02479947,0.29417250,0.16418859,0.02025925,0.26551408,1.43566184,1.48661558,0.05791594,1.58248896
-0.10505253,2.98889571,0.29651258,0.15690015,0.01969234,0.26153890,1.42053974,1.48349391,0.05715173,1.55482619
-0.09904952,2.96318697,0.30057053,0.15046357,0.01916766,0.25901584,1.41111262,1.48617509,0.05649799,1.53022397
-0.09304652,2.94847307,0.30633516,0.14493716,0.01869620,0.25802071,1.40784421,1.49504466,0.05596789,1.50910972
-0.08704352,2.94535774,0.31375870,0.14036337,0.01828771,0.25859314,1.41104883,1.51038514,0.05557145,1.49186204
-0.08104052,2.95421142,0.32275444,0.13676714,0.01795037,0.26073360,1.42087332,1.53235548,0.05531488,1.47879205
-0.07503752,2.97514150,0.33319565,0.13415468,0.01769052,0.26440166,1.43728456,1.56097418,0.05520007,1.47012699
-0.06903452,3.00797123,0.34491615,0.13251288,0.01751244,0.26951563,1.46006321,1.59610684,0.05522429,1.46599685
-0.06303152,3.05222832,0.35771231,0.13180931,0.01741826,0.27595362,1.48880374,1.63745872,0.05538005,1.46642443
-0.05702851,3.10714370,0.37134665,0.13199277,0.01740783,0.28355592,1.52292106,1.68457266,0.05565517,1.47131940
-0.05102551,3.17166069,0.38555281,0.13299445,0.01747877,0.29212871,1.56166332,1.73683243,0.05603315,1.48047650
-0.04502251,3.24445412,0.40004184,0.13472957,0.01762653,0.30144896,1.60413062,1.79347162,0.05649359,1.49357796
-0.03901951,3.32395907,0.41450946,0.13709956,0.01784447,0.31127028,1.64929881,1.85358771,0.05701295,1.51019992
-0.03301651,3.40840798,0.42864414,0.13999449,0.01812410,0.32132967,1.69604775,1.91616099,0.05756528,1.52982280
-0.02701351,3.49587504,0.44213572,0.14329599,0.01845529,0.33135478,1.74319278,1.98007775,0.05812323,1.55184488
-0.02101051,3.58432632,0.45468411,0.14688021,0.01882657,0.34107152,1.78951860,2.04415696,0.05865899,1.57559880
-0.01500750,3.67167395,0.46600785,0.15062105,0.01922545,0.35021177,1.83381411,2.10717977,0.05914533,1.60037018
-0.00900450,3.75583253,0.47585226,0.15439333,0.01963873,0.35852089,1.87490716,2.16792079,0.05955663,1.62541778
-0.00300150,3.83477584,0.48399669,0.15807593,0.02005291,0.36576467,1.91169806,2.22518027,0.05986977,1.64999432
0.00300150,3.90659214,0.49026084,0.16155479,0.02045457,0.37173581,1.94319050,2.27781611,0.06006504,1.67336727
0.00900450,3.96953599,0.49450973,0.16472561,0.02083065,0.37625923,1.96851921,2.32477476,0.06012681,1.69483892
0.01500750,4.02207513,0.49665726,0.16749634,0.02116891,0.37919656,1.98697311,2.36511995,0.06004413,1.71376501
0.02101051,4.06293074,0.49666819,0.16978913,0.02145816,0.38044916,1.99801348,2.39805837,0.05981110,1.72957128
0.02701351,4.09110987,0.49455851,0.17154199,0.02168861,0.37996010,2.00128656,2.42296134,0.05942708,1.74176753
0.03301651,4.10592904,0.49039424,0.17270987,0.02185206,0.37771456,1.99663017,2.43938194,0.05889670,1.74995872
0.03901951,4.10702817,0.48428860,0.17326521,0.02194213,0.37373909,1.98407442,2.44706664,0.05822971,1.75385285
0.04502251,4.09437471,0.47639787,0.17319804,0.02195439,0.36809950,1.96383649,2.44596131,0.05744058,1.75326550
0.05102551,4.06825757,0.46691593,0.17251549,0.02188638,0.36089771,1.93630984,2.43621119,0.05654804,1.74812102
0.05702851,4.02927159,0.45606778,0.17124081,0.02173771,0.35226751,1.90204838,2.41815470,0.05557439,1.73845035
0.06303152,3.97829281,0.44410227,0.16941195,0.02150992,0.34236963,1.86174625,2.39231138,0.05454474,1.72438587
0.06903452,3.91644564,0.43128434,0.16707972,0.02120644,0.33138612,1.81621402,2.35936425,0.05348616,1.70615340
0.07503752,3.84506326,0.41788698,0.16430556,0.02083238,0.31951444,1.76635215,2.32013714,0.05242674,1.68406178
0.08104052,3.76564247,0.40418318,0.16115915,0.02039436,0.30696139,1.71312282,2.27556777,0.05139469,1.65849054
0.08704352,3.67979475,0.39043823,0.15771576,0.01990023,0.29393712,1.65752089,2.22667767,0.05041735,1.62987601
0.09304652,3.58919533,0.37690253,0.15405354,0.01935884,0.28064939,1.60054517,2.17453977,0.04952035,1.59869640
0.09904952,3.49553192,0.36380518,0.15025089,0.01877973,0.26729836,1.54317087,2.12024514,0.04872674,1.56545650
0.10505253,3.40045507,0.35134849,0.14638383,0.01817283,0.25407197,1.48632400,2.06486990,0.04805631,1.53067222
0.11105553,3.30553180,0.33970362,0.14252372,0.01754818,0.24114200,1.43085865,2.00944377,0.04752494,1.49485581
0.11705853,3.21220406,0.32900746,0.13873512,0.01691567,0.22866101,1.37753766,1.95492127,0.04714420,1.45850185
0.12306153,3.12175360,0.31936075,0.13507413,0.01628476,0.21676005,1.32701726,1.90215688,0.04692101,1.42207475
0.12906453,3.03527417,0.31082756,0.13158706,0.01566431,0.20554733,1.27983605,1.85188492,0.04685758,1.38599793
0.13506753,2.95365211,0.30343608,0.12830961,0.01506235,0.19510763,1.23640843,1.80470506,0.04695142,1.35064506
0.14107054,2.87755578,0.29718052,0.12526648,0.01448597,0.18550249,1.19702269,1.76107387,0.04719568,1.31633362
0.14707354,2.80743393,0.29202431,0.12247148,0.01394125,0.17677118,1.16184346,1.72130259,0.04757947,1.28332095
0.15307654,2.74352290,0.28790411,0.11992807,0.01343317,0.16893218,1.13091838,1.68556122,0.04808854,1.25180277
0.15907954,2.68586207,0.28473468,0.11763036,0.01296562,0.16198516,1.10418848,1.65388837,0.04870596,1.22191440
0.16508254,2.63431654,0.28241434,0.11556440,0.01254146,0.15591341,1.08150176,1.62620635,0.04941292,1.19373429
0.17108554,2.58860591,0.28083071,0.11370982,0.01216255,0.15068640,1.06262933,1.60234060,0.05018966,1.16728981
0.17708854,2.54833757,0.27986660,0.11204162,0.01182987,0.14626258,1.04728324,1.58204231,0.05101639,1.14256506
0.18309155,2.51304289,0.27940571,0.11053218,0.01154361,0.14259212,1.03513533,1.56501307,0.05187416,1.11951010
0.18909455,2.48221441,0.27933801,0.10915314,0.01130331,0.13961960,1.02583623,1.55093011,0.05274577,1.09805134
0.19509755,2.45534237,0.27956441,0.10787737,0.01110797,0.13728656,1.01903354,1.53947095,0.05361647,1.07810244
0.20110055,2.43194858,0.28000072,0.10668069,0.01095616,0.13553379,1.01438875,1.53033600,0.05447460,1.05957518
0.20710355,2.41161623,0.28058064,0.10554335,0.01084614,0.13430329,1.01159186,1.52326821,0.05531204,1.04238984
0.21310655,2.39401430,0.28125765,0.10445133,0.01077595,0.13353997,1.01037340,1.51806857,0.05612446,1.02648439
0.21910955,2.37891533,0.28200584,0.10339716,0.01074343,0.13319299,1.01051331,1.51460702,0.05691139,1.01182216
0.22511256,2.36620610,0.28281964,0.10238045,0.01074633,0.13321675,1.01184649,1.51282818,0.05767603,0.99839748
0.23111556,2.35589079,0.28371242,0.10140809,0.01078224,0.13357151,1.01426491,1.51275189,0.05842494,0.98623912
0.23711856,2.34808687,0.28471420,0.10049395,0.01084868,0.13422382,1.01771643,1.51446875,0.05916746,0.97541122
0.24312156,2.34301409,0.28586853,0.09965838,0.01094300,0.13514656,1.02220050,1.51813100,0.05991507,0.96601185
0.24912456,2.34097759,0.28722872,0.09892733,0.01106240,0.13631882,1.02776134,1.52393966,0.06068055,0.95816915
0.25512756,2.34234607,0.28885368,0.09833126,0.01120387,0.13772557,1.03447882,1.53212863,0.06147709,0.95203538
0.26113057,2.34752658,0.29080352,0.09790384,0.01136415,0.13935718,1.04245800,1.54294679,0.06231745,0.94777923
0.26713357,2.35693724,0.29313522,0.09768060,0.01153972,0.14120884,1.05181764,1.55663926,0.06321301,0.94557682
0.27313657,2.37097937,0.29589849,0.09769742,0.01172679,0.14327987,1.06267855,1.57342878,0.06417295,0.94560183
0.27913957,2.39001064,0.29913205,0.09798912,0.01192130,0.14557298,1.07515226,1.59349820,0.06520361,0.94801546
0.28514257,2.41432032,0.30286058,0.09858807,0.01211893,0.14809348,1.08933057,1.61697500,0.06630782,0.95295658
0.29114557,2.44410785,0.30709228,0.09952292,0.01231519,0.15084846,1.10527645,1.64391839,0.06748455,0.96053268
0.29714857,2.47946556,0.31181731,0.10081742,0.01250548,0.15384591,1.12301653,1.67430966,0.06872868,0.97081207
0.30315158,2.52036609,0.31700705,0.10248952,0.01268518,0.15709383,1.14253550,1.70804586,0.07003095,0.98381760
0.30915458,2.56665483,0.32261425,0.10455051,0.01284978,0.16059929,1.16377242,1.74493711,0.07137813,0.99952230
0.31515758,2.61804734,0.32857392,0.10700441,0.01299498,0.16436746,1.18661895,1.78470723,0.07275337,1.01784698
0.32116058,2.67413167,0.33480511,0.10984757,0.01311687,0.16840064,1.21091943,1.82699757,0.07413663,1.03865986
0.32716358,2.73437500,0.34121320,0.11306837,0.01321199,0.17269726,1.23647262,1.87137366,0.07550540,1.06177823
0.33316658,2.79813415,0.34769282,0.11664711,0.01327747,0.17725089,1.26303491,1.91733413,0.07683535,1.08697192
0.33916958,2.86466930,0.35413117,0.12055611,0.01331116,0.18204935,1.29032474,1.96432156,0.07810113,1.11396835
0.34517259,2.93316025,0.36041157,0.12475982,0.01331165,0.18707385,1.31802810,2.01173467,0.07927727,1.14245894
0.35117559,3.00272439,0.36641713,0.12921524,0.01327838,0.19229835,1.34580482,2.05894139,0.08033892,1.17210644
0.35717859,3.07243598,0.37203448,0.13387230,0.01321157,0.19768898,1.37329554,2.10529256,0.08126273,1.20255296
0.36318159,3.14134599,0.37715725,0.13867450,0.01311232,0.20320384,1.40012921,2.15013566,0.08202756,1.23342829
0.36918459,3.20850205,0.38168939,0.14355965,0.01298249,0.20879303,1.42593101,2.19282861,0.08261517,1.26435823
0.37518759,3.27296820,0.38554809,0.14846074,0.01282464,0.21439896,1.45033060,2.23275322,0.08301077,1.29497261
0.38119060,3.33384407,0.38866630,0.15330692,0.01264199,0.21995711,1.47297062,2.26932822,0.08320353,1.32491287
0.38719360,3.39028320,0.39099477,0.15802475,0.01243827,0.22539706,1.49351541,2.30202179,0.08318688,1.35383886
0.39319660,3.44151049,0.39250353,0.16253942,0.01221764,0.23064402,1.51165971,2.33036344,0.08295875,1.38143493
0.39919960,3.48683834,0.39318293,0.16677626,0.01198455,0.23562054,1.52713735,2.35395507,0.08252169,1.40741504
0.40520260,3.52568157,0.39304404,0.17066223,0.01174361,0.24024867,1.53972966,2.37248128,0.08188284,1.43152694
0.41120560,3.55757070,0.39211862,0.17412759,0.01149952,0.24445226,1.54927332,2.38571848,0.08105376,1.45355551
0.41720860,3.58216357,0.39045856,0.17710756,0.01125693,0.24815948,1.55566755,2.39354275,0.08005026,1.47332506
0.42321161,3.59925484,0.38813490,0.17954396,0.01102039,0.25130535,1.55888016,2.39593623,0.07889198,1.49070080
0.42921461,3.60878321,0.38523642,0.18138687,0.01079425,0.25383426,1.55895217,2.39299152,0.07760200,1.50558960
0.43521761,3.61083595,0.38186794,0.18259607,0.01058262,0.25570233,1.55600077,2.38491404,0.07620633,1.51793978
0.44122061,3.60565055,0.37814829,0.18314239,0.01038931,0.25687947,1.55022029,2.37202188,0.07473329,1.52774041
0.44722361,3.59361296,0.37420806,0.18300880,0.01021784,0.25735108,1.54188088,2.35474295,0.07321292,1.53501983
0.45322661,3.57525251,0.37018717,0.18219114,0.01007143,0.25711932,1.53132482,2.33360920,0.07167626,1.53984365
0.45922961,3.55123312,0.36623232,0.18069862,0.00995293,0.25620371,1.51896039,2.30924782,0.07015468,1.54231219
0.46523262,3.52234090,0.36249434,0.17855388,0.00986492,0.25464130,1.50525330,2.28236952,0.06867910,1.54255743
0.47123562,3.48946819,0.35912554,0.17579268,0.00980963,0.25248605,1.49071592,2.25375383,0.06727935,1.54073963
0.47723862,3.45359444,0.35627695,0.17246314,0.00978899,0.24980765,1.47589458,2.22423195,0.06598343,1.53704352
0.48324162,3.41576423,0.35409571,0.16862471,0.00980463,0.24668977,1.46135525,2.19466743,0.06481684,1.53167422
0.48924462,3.37706296,0.35272241,0.16434667,0.00985787,0.24322768,1.44766829,2.16593527,0.06380205,1.52485302
0.49524762,3.33859114,0.35228855,0.15970639,0.00994967,0.23952547,1.43539257,2.13890013,0.06295791,1.51681299
0.50125063,3.30143771,0.35291408,0.15478734,0.01008070,0.23569290,1.42505978,2.11439427,0.06229926,1.50779453
0.50725363,3.26665350,0.35470503,0.14967686,0.01025124,0.23184200,1.41715937,2.09319613,0.06183663,1.49804097
0.51325663,3.23522555,0.35775130,0.14446394,0.01046117,0.22808360,1.41212477,2.07601015,0.06157598,1.48779424
0.51925963,3.20805301,0.36212457,0.13923688,0.01070998,0.22452380,1.41032131,2.06344862,0.06151866,1.47729065
0.52526263,3.18592549,0.36787637,0.13408107,0.01099665,0.22126073,1.41203637,2.05601614,0.06166145,1.46675685
0.53126563,3.16950436,0.37503638,0.12907689,0.01131969,0.21838147,1.41747191,2.05409710,0.06199672,1.45640600
0.53726863,3.15930750,0.38361095,0.12429782,0.01167707,0.21595944,1.42673967,2.05794667,0.06251270,1.44643411
0.54327164,3.15569780,0.39358180,0.11980879,0.01206616,0.21405221,1.43985901,2.06768535,0.06319389,1.43701665
0.54927464,3.15887563,0.40490512,0.11566488,0.01248377,0.21269988,1.45675745,2.08329718,0.06402153,1.42830536
0.55527764,3.16887530,0.41751096,0.11191032,0.01292607,0.21192402,1.47727349,2.10463147,0.06497414,1.42042536
0.56128064,3.18556531,0.43130302,0.10857782,0.01338861,0.21172724,1.50116177,2.13140776,0.06602811,1.41347252
0.56728364,3.20865239,0.44615885,0.10568833,0.01386632,0.21209328,1.52809991,2.16322378,0.06715835,1.40751130
0.57328664,3.23768887,0.46193060,0.10325106,0.01435357,0.21298777,1.55769695,2.19956579,0.06833889,1.40257291
0.57928964,3.27208308,0.47844628,0.10126384,0.01484416,0.21435937,1.58950277,2.23982103,0.06954354,1.39865415
0.58529265,3.31111266,0.49551158,0.09971384,0.01533141,0.21614152,1.62301837,2.28329171,0.07074642,1.39571682
0.59129565,3.35394000,0.51291235,0.09857842,0.01580826,0.21825447,1.65770643,2.32921002,0.07192257,1.39368798
0.59729865,3.39962993,0.53041762,0.09782630,0.01626733,0.22060765,1.69300208,2.37675390,0.07304837,1.39246113
0.60330165,3.44716892,0.54778332,0.09741885,0.01670110,0.22310233,1.72832354,2.42506306,0.07410196,1.39189830
0.60930465,3.49548574,0.56475646,0.09731145,0.01710202,0.22563435,1.76308248,2.47325505,0.07506363,1.39183330
0.61530765,3.54347300,0.58107989,0.09745501,0.01746268,0.22809700,1.79669399,2.52044101,0.07591601,1.39207596
0.62131066,3.59000946,0.59649745,0.09779747,0.01777595,0.23038385,1.82858607,2.56574102,0.07664427,1.39241733
0.62731366,3.63398250,0.61075937,0.09828527,0.01803522,0.23239153,1.85820863,2.60829892,0.07723624,1.39263584
0.63331666,3.67431051,0.62362788,0.09886478,0.01823451,0.23402235,1.88504193,2.64729627,0.07768244,1.39250409
0.63931966,3.70996474,0.63488273,0.09948365,0.01836869,0.23518674,1.90860448,2.68196558,0.07797603,1.39179604
0.64532266,3.73999008,0.64432665,0.10009203,0.01843360,0.23580541,1.92846040,2.71160259,0.07811271,1.39029442
0.65132566,3.76352446,0.65179031,0.10064363,0.01842622,0.23581119,1.94422610,2.73557754,0.07809061,1.38779783
0.65732866,3.77981627,0.65713686,0.10109663,0.01834475,0.23515056,1.95557643,2.75334521,0.07791007,1.38412742
0.66333167,3.78823949,0.66026576,0.10141439,0.01818874,0.23378476,1.96225003,2.76445383,0.07757341,1.37913268
0.66933467,3.78830607,0.66111587,0.10156606,0.01795908,0.23169052,1.96405400,2.76855252,0.07708473,1.37269611
0.67533767,3.77967539,0.65966755,0.10152684,0.01765804,0.22886034,1.96086760,2.76539727,0.07644960,1.36473663
0.68134067,3.76216054,0.65594391,0.10127825,0.01728922,0.22530244,1.95264513,2.75485541,0.07567481,1.35521145
0.68734367,3.73573124,0.65001102,0.10080809,0.01685750,0.22104027,1.93941768,2.73690829,0.07476814,1.34411656
0.69334667,3.70051373,0.64197721,0.10011031,0.01636892,0.21611162,1.92129386,2.71165232,0.07373810,1.33148573
0.69934967,3.65678736,0.63199144,0.09918479,0.01583053,0.21056748,1.89845929,2.67929826,0.07259373,1.31738825
0.70535268,3.60497851,0.62024080,0.09803689,0.01525023,0.20447060,1.87117489,2.64016874,0.07134449,1.30192557
0.71135568,3.54565184,0.60694730,0.09667707,0.01463659,0.19789380,1.83977397,2.59469402,0.07000008,1.28522716
0.71735868,3.47949936,0.59236402,0.09512036,0.01399864,0.19091821,1.80465799,2.54340616,0.06857045,1.26744575
0.72336168,3.40732771,0.57677073,0.09338579,0.01334567,0.18363133,1.76629108,2.48693152,0.06706577,1.24875244
0.72936468,3.33004385,0.56046908,0.09149588,0.01268703,0.17612511,1.72519336,2.42598172,0.06549650,1.22933173
0.73536768,3.24863959,0.54377751,0.08947604,0.01203192,0.16849406,1.68193305,2.36134328,0.06387351,1.20937683
0.74137069,3.16417523,0.52702591,0.08735405,0.01138923,0.16083344,1.63711744,2.29386579,0.06220820,1.18908534
0.74737369,3.07776232,0.51055008,0.08515954,0.01076736,0.15323754,1.59138284,2.22444892,0.06051268,1.16865534
0.75337669,2.99054593,0.49468621,0.08292344,0.01017410,0.14579814,1.54538360,2.15402832,0.05879995,1.14828210
0.75937969,2.90368632,0.47976517,0.08067749,0.00961649,0.13860310,1.49978037,2.08356050,0.05708406,1.12815505
0.76538269,2.81834015,0.46610684,0.07845379,0.00910074,0.13173514,1.45522772,2.01400692,0.05538022,1.10845521
0.77138569,2.73564133,0.45401447,0.07628424,0.00863217,0.12527074,1.41236140,1.94631742,0.05370488,1.08935277
0.77738869,2.65668152,0.44376901,0.07420009,0.00821516,0.11927926,1.37178546,1.88141324,0.05207568,1.07100473
0.78339170,2.58249055,0.43562364,0.07223139,0.00785309,0.11382207,1.33405951,1.82016992,0.05051140,1.05355258
0.78939470,2.51401690,0.42979831,0.07040649,0.00754842,0.10895195,1.29968655,1.76340045,0.04903172,1.03711974
0.79539770,2.45210865,0.42647467,0.06875144,0.00730257,0.10471241,1.26910153,1.71183890,0.04765690,1.02180900
0.80140070,2.39749526,0.42579122,0.06728953,0.00711607,0.10113724,1.24266115,1.66612519,0.04640736,1.00769969
0.80740370,2.35077078,0.42783896,0.06604062,0.00698851,0.09825006,1.22063531,1.62679120,0.04530317,0.99484500
0.81340670,2.31237901,0.43265772,0.06502072,0.00691858,0.09606400,1.20320035,1.59424890,0.04436344,0.98326935
0.81940970,2.28260129,0.44023317,0.06424142,0.00690417,0.09458140,1.19043454,1.56878075,0.04360566,0.97296615
0.82541271,2.26154754,0.45049487,0.06370948,0.00694238,0.09379371,1.18231608,1.55053302,0.04304504,0.96389616
0.83141571,2.24915107,0.46331534,0.06342653,0.00702960,0.09368148,1.17872364,1.53951213,0.04269375,0.95598665
0.83741871,2.24516775,0.47851046,0.06338878,0.00716160,0.09421453,1.17943968,1.53558448,0.04256035,0.94913165
0.84342171,2.24917984,0.49584125,0.06358695,0.00733354,0.09535227,1.18415640,1.53847980,0.04264917,0.94319338
0.84942471,2.26060472,0.51501707,0.06400633,0.00754013,0.09704434,1.19248431,1.54779817,0.04295980,0.93800498
0.85542771,2.27870836,0.53570042,0.06462697,0.00777570,0.09923136,1.20396310,1.56302050,0.04348682,0.93337471
0.86143072,2.30262361,0.55751309,0.06542404,0.00803426,0.10184603,1.21807454,1.58352232,0.04421957,0.92909129
0.86743372,2.33137253,0.58004386,0.06636844,0.00830966,0.10481443,1.23425704,1.60859048,0.04514211,0.92493055
0.87343672,2.36389240,0.60285735,0.06742742,0.00859565,0.10805756,1.25192131,1.63744224,0.04623346,0.92066284
0.87943972,2.39906446,0.62550396,0.06856541,0.00888604,0.11149307,1.27046673,1.66924628,0.04746790,0.91606120
0.88544272,2.43574445,0.64753058,0.06974500,0.00917477,0.11503717,1.28929778,1.70314482,0.04881556,0.91090966
0.89144572,2.47279401,0.66849170,0.07092794,0.00945605,0.11860660,1.30784012,1.73827620,0.05024306,0.90501148
0.89744872,2.50911162,0.68796072,0.07207614,0.00972448,0.12212073,1.32555564,1.77379724,0.05171441,0.89819682
0.90345173,2.54366227,0.70554082,0.07315283,0.00997512,0.12550349,1.34195626,1.80890456,0.05319195,0.89032956
0.90945473,2.57550462,0.72087532,0.07412350,0.01020361,0.12868533,1.35661578,1.84285426,0.05463735,0.88131282
0.91545773,2.60381480,0.73365685,0.07495692,0.01040624,0.13160488,1.36917972,1.87497928,0.05601271,0.87109305
0.92146073,2.62790602,0.74363523,0.07562599,0.01058005,0.13421046,1.37937269,1.90470399,0.05728161,0.85966237
0.92746373,2.64724344,0.75062363,0.07610846,0.01072281,0.13646122,1.38700319,1.93155551,0.05841014,0.84705918
0.93346673,2.66145375,0.75450280,0.07638752,0.01083315,0.13832795,1.39196572,1.95517149,0.05936782,0.83336693
0.93946973,2.67032931,0.75522325,0.07645216,0.01091048,0.13979352,1.39424032,1.97530416,0.06012845,0.81871115
0.94547274,2.67382679,0.75280532,0.07629743,0.01095505,0.14085287,1.39388934,1.99182058,0.06067079,0.80325499
0.95147574,2.67206045,0.74733700,0.07592442,0.01096786,0.14151263,1.39105187,2.00469918,0.06097903,0.78719330
0.95747874,2.66529043,0.73896980,0.07534010,0.01095068,0.14179039,1.38593581,2.01402277,0.06104317,0.77074568
0.96348174,2.65390659,0.72791275,0.07455701,0.01090590,0.14171354,1.37880804,2.01996824,0.06085912,0.75414880
0.96948474,2.63840846,0.71442471,0.07359267,0.01083651,0.14131786,1.36998282,2.02279347,0.06042866,0.73764815
0.97548774,2.61938219,0.69880542,0.07246899,0.01074596,0.14064583,1.35980897,2.02282189,0.05975915,0.72148983
0.98149075,2.59747527,0.68138560,0.07121147,0.01063807,0.13974479,1.34865610,2.02042513,0.05886315,0.70591235
0.98749375,2.57337001,0.66251644,0.06984833,0.01051686,0.13866495,1.33690041,2.01600470,0.05775786,0.69113902
0.99349675,2.54775670,0.64255894,0.06840957,0.01038649,0.13745735,1.32491056,2.00997305,0.05646438,0.67737103
0.99949975,2.52130747,0.62187344,0.06692604,0.01025111,0.13617192,1.31303395,2.00273495,0.05500696,0.66478142
1.00550275,2.49465172,0.60080982,0.06542846,0.01011473,0.13485556,1.30158401,1.99466979,0.05341216,0.65351023
1.01150575,2.46835411,0.57969854,0.06394653,0.00998111,0.13355049,1.29082903,1.98611559,0.05170796,0.64366077
1.01750875,2.44289592,0.55884295,0.06250803,0.00985370,0.13229274,1.28098266,1.97735529,0.04992295,0.63529728
1.02351176,2.41866029,0.53851302,0.06113811,0.00973556,0.13111101,1.27219687,1.96860602,0.04808548,0.62844389
1.02951476,2.39592217,0.51894068,0.05985864,0.00962925,0.13002578,1.26455729,1.96001165,0.04622297,0.62308488
1.03551776,2.37484316,0.50031688,0.05868769,0.00953687,0.12904887,1.25808139,1.95163915,0.04436125,0.61916629
1.04152076,2.35547141,0.48279027,0.05763917,0.00946002,0.12818328,1.25271949,1.94347885,0.04252404,0.61659870
1.04752376,2.33774670,0.46646763,0.05672270,0.00939978,0.12742343,1.24835858,1.93544860,0.04073257,0.61526116
1.05352676,2.32151020,0.45141566,0.05594350,0.00935678,0.12675584,1.24482887,1.92740165,0.03900529,0.61500601
1.05952976,2.30651865,0.43766428,0.05530262,0.00933123,0.12615999,1.24191272,1.91913798,0.03735773,0.61566455
1.06553277,2.29246210,0.42521085,0.05479711,0.00932296,0.12560960,1.23935553,1.91041839,0.03580248,0.61705332
1.07153577,2.27898439,0.41402529,0.05442053,0.00933149,0.12507406,1.23687826,1.90098064,0.03434927,0.61898065
1.07753877,2.26570539,0.40405569,0.05416339,0.00935609,0.12452012,1.23419066,1.89055700,0.03300507,0.62125341
1.08354177,2.25224377,0.39523418,0.05401381,0.00939584,0.12391354,1.23100497,1.87889201,0.03177438,0.62368365
1.08954477,2.23823922,0.38748268,0.05395809,0.00944966,0.12322093,1.22704908,1.86575970,0.03065940,0.62609478
1.09554777,2.22337303,0.38071832,0.05398146,0.00951639,0.12241138,1.22207864,1.85097923,0.02966038,0.62832716
1.10155078,2.20738582,0.37485831,0.05406863,0.00959475,0.12145809,1.21588758,1.83442817,0.02877579,0.63024284
1.10755378,2.19009173,0.36982400,0.05420446,0.00968341,0.12033967,1.20831642,1.81605264,0.02800264,0.63172917
1.11355678,2.17138824,0.36554407,0.05437444,0.00978093,0.11904133,1.19925800,1.79587376,0.02733669,0.63270129
1.11955978,2.15126130,0.36195674,0.05456516,0.00988577,0.11755564,1.18866050,1.77399019,0.02677258,0.63310318
1.12556278,2.12978542,0.35901092,0.05476459,0.00999622,0.11588302,1.17652748,1.75057646,0.02630407,0.63290746
1.13156578,2.10711914,0.35666652,0.05496230,0.01011040,0.11403190,1.16291529,1.72587750,0.02592407,0.63211380
1.13756878,2.08349597,0.35489377,0.05514955,0.01022619,0.11201854,1.14792777,1.70019942,0.02562482,0.63074613
1.14357179,2.05921170,0.35367189,0.05531926,0.01034121,0.10986644,1.13170898,1.67389749,0.02539794,0.62884873
1.14957479,2.03460872,0.35298714,0.05546588,0.01045278,0.10760561,1.11443421,1.64736173,0.02523452,0.62648163
1.15557779,2.01005860,0.35283056,0.05558519,0.01055791,0.10527152,1.09629996,1.62100116,0.02512529,0.62371528
1.16158079,1.98594374,0.35319544,0.05567404,0.01065335,0.10290384,1.07751363,1.59522755,0.02506069,0.62062511
1.16758379,1.96263947,0.35407493,0.05573009,0.01073558,0.10054515,1.05828338,1.57043966,0.02503113,0.61728610
1.17358679,1.94049734,0.35545970,0.05575146,0.01080087,0.09823952,1.03880892,1.54700863,0.02502719,0.61376777
1.17958979,1.91983079,0.35733609,0.05573655,0.01084543,0.09603111,1.01927365,1.52526551,0.02503993,0.61012980
1.18559280,1.90090376,0.35968458,0.05568374,0.01086544,0.09396286,0.99983864,1.50549132,0.02506120,0.60641869
1.19159580,1.88392281,0.36247895,0.05559127,0.01085723,0.09207525,0.98063873,1.48791009,0.02508406,0.60266545
1.19759880,1.86903308,0.36568593,0.05545719,0.01081740,0.09040523,0.96178081,1.47268513,0.02510315,0.59888456
1.20360180,1.85631805,0.36926546,0.05527929,0.01074297,0.08898531,0.94334439,1.45991846,0.02511513,0.59507419
1.20960480,1.84580300,0.37317152,0.05505522,0.01063152,0.08784291,0.92538412,1.44965328,0.02511908,0.59121772
1.21560780,1.83746177,0.37735348,0.05478267,0.01048132,0.08699982,0.90793424,1.44187914,0.02511684,0.58728638
1.22161081,1.83122615,0.38175780,0.05445956,0.01029145,0.08647193,0.89101429,1.43653928,0.02511341,0.58324274
1.22761381,1.82699734,0.38633003,0.05408432,0.01006187,0.08626919,0.87463588,1.43353972,0.02511710,0.57904512
1.23361681,1.82465879,0.39101704,0.05365620,0.00979347,0.08639572,0.85880982,1.43275932,0.02513972,0.57465225
1.23961981,1.82408937,0.39576920,0.05317559,0.00948813,0.08685005,0.84355330,1.43406049,0.02519660,0.57002828
1.24562281,1.82517643,0.40054254,0.05264431,0.00914865,0.08762563,0.82889652,1.43729967,0.02530644,0.56514754
1.25162581,1.82782784,0.40530073,0.05206590,0.00877871,0.08871139,0.81488851,1.44233727,0.02549112,0.55999899
1.25762881,1.83198251,0.41001666,0.05144584,0.00838280,0.09009239,0.80160159,1.44904663,0.02577524,0.55459001
1.26363182,1.83761877,0.41467377,0.05079174,0.00796605,0.09175064,0.78913448,1.45732151,0.02618562,0.54894931
1.26963482,1.84476046,0.41926674,0.05011339,0.00753413,0.09366583,0.77761372,1.46708200,0.02675058,0.54312897
1.27563782,1.85348011,0.42380181,0.04942279,0.00709307,0.09581625,0.76719348,1.47827861,0.02749918,0.53720524
1.28164082,1.86389945,0.42829644,0.04873407,0.00664908,0.09817952,0.75805365,1.49089447,0.02846026,0.53127833
1.28764382,1.87618700,0.43277848,0.04806329,0.00620836,0.10073343,0.75039645,1.50494564,0.02966147,0.52547102
1.29364682,1.89055283,0.43728474,0.04742820,0.00577696,0.10345663,0.74444160,1.52047952,0.03112823,0.51992625
1.29964982,1.90724084,0.44185914,0.04684788,0.00536059,0.10632918,0.74042042,1.53757159,0.03288257,0.51480365
1.30565283,1.92651855,0.44655038,0.04634229,0.00496450,0.10933306,0.73856885,1.55632053,0.03494217,0.51027537
1.31165583,1.94866503,0.45140927,0.04593182,0.00459334,0.11245243,0.73911991,1.57684192,0.03731923,0.50652112
1.31765883,1.97395720,0.45648590,0.04563670,0.00425109,0.11567376,0.74229562,1.59926078,0.04001957,0.50372270
1.32366183,2.00265498,0.46182662,0.04547645,0.00394097,0.11898576,0.74829879,1.62370322,0.04304183,0.50205829
1.32966483,2.03498594,0.46747118,0.04546927,0.00366542,0.12237912,0.75730482,1.65028745,0.04637676,0.50169650
1.33566783,2.07112988,0.47344995,0.04563139,0.00342609,0.12584600,0.76945386,1.67911453,0.05000677,0.50279048
1.34167084,2.11120407,0.47978155,0.04597656,0.00322383,0.12937948,0.78484341,1.71025912,0.05390575,0.50547232
1.34767384,2.15524964,0.48647087,0.04651543,0.00305875,0.13297279,0.80352172,1.74376074,0.05803899,0.50984770
1.35367684,2.20321987,0.49350770,0.04725508,0.00293025,0.13661846,0.82548208,1.77961571,0.06236357,0.51599124
1.35967984,2.25497089,0.50086598,0.04819860,0.00283712,0.14030745,0.85065835,1.81777038,0.06682889,0.52394246
1.36568284,2.31025526,0.50850375,0.04934478,0.00277759,0.14402833,0.87892175,1.85811576,0.07137753,0.53370258
1.37168584,2.36871900,0.51636376,0.05068785,0.00274943,0.14776648,0.91007924,1.90048399,0.07594642,0.54523232
1.37768884,2.42990222,0.52437481,0.05221747,0.00275005,0.15150350,0.94387352,1.94464678,0.08046819,0.55845075
1.38369185,2.49324367,0.53245364,0.05391866,0.00277656,0.15521677,0.97998485,1.99031611,0.08487277,0.57323520
1.38969485,2.55808911,0.54050737,0.05577207,0.00282590,0.15887926,1.01803467,2.03714704,0.08908917,0.58942242
1.39569785,2.62370331,0.54843627,0.05775424,0.00289489,0.16245964,1.05759108,2.08474271,0.09304730,0.60681088
1.40170085,2.68928545,0.55613681,0.05983802,0.00298033,0.16592264,1.09817613,2.13266132,0.09667994,0.62516426
1.40770385,2.75398720,0.56350472,0.06199319,0.00307907,0.16922970,1.13927466,2.18042482,0.09992456,0.64421605
1.41370685,2.81693302,0.57043801,0.06418704,0.00318806,0.17233987,1.18034467,2.22752888,0.10272510,0.66367508
1.41970985,2.87724167,0.57683977,0.06638518,0.00330441,0.17521096,1.22082872,2.27345372,0.10503359,0.68323204
1.42571286,2.93404820,0.58262055,0.06855227,0.00342543,0.17780081,1.26016615,2.31767540,0.10681152,0.70256657
1.43171586,2.98652541,0.58770040,0.07065291,0.00354866,0.18006864,1.29780561,2.35967687,0.10803088,0.72135487
1.43771886,3.03390399,0.59201022,0.07265243,0.00367190,0.18197644,1.33321752,2.39895843,0.10867491,0.73927754
1.44372186,3.07549043,0.59549277,0.07451775,0.00379319,0.18349031,1.36590599,2.43504719,0.10873844,0.75602742
1.44972486,3.11068205,0.59810293,0.07621806,0.00391082,0.18458160,1.39541972,2.46750500,0.10822789,0.77131705
1.45572786,3.13897859,0.59980761,0.07772555,0.00402335,0.18522789,1.42136151,2.49593482,0.10716089,0.78488573
1.46173087,3.15999013,0.60058512,0.07901601,0.00412956,0.18541369,1.44339605,2.51998528,0.10556545,0.79650562
1.46773387,3.17344102,0.60042424,0.08006925,0.00422840,0.18513087,1.46125571,2.53935353,0.10347897,0.80598699
1.47373687,3.17917016,0.59932303,0.08086944,0.00431904,0.18437870,1.47474415,2.55378645,0.10094683,0.81318217
1.47973987,3.17712765,0.59728749,0.08140539,0.00440077,0.18316374,1.48373786,2.56308064,0.09802087,0.81798826
1.48574287,3.16736863,0.59433023,0.08167052,0.00447298,0.18149926,1.48818543,2.56708132,0.09475767,0.82034844
1.49174587,3.15004454,0.59046919,0.08166292,0.00453519,0.17940460,1.48810498,2.56568081,0.09121681,0.82025191
1.49774887,3.12539289,0.58572651,0.08138510,0.00458694,0.17690424,1.48357980,2.55881682,0.08745909,0.81773245
1.50375188,3.09372602,0.58012771,0.08084378,0.00462785,0.17402682,1.47475272,2.54647106,0.08354486,0.81286580
1.50975488,3.05541963,0.57370106,0.08004949,0.00465756,0.17080408,1.46181935,2.52866847,0.07953247,0.80576587
1.51575788,3.01090187,0.56647731,0.07901623,0.00467576,0.16726990,1.44502073,2.50547726,0.07547693,0.79658019
1.52176088,2.96064331,0.55848969,0.07776094,0.00468218,0.16345936,1.42463578,2.47700995,0.07142876,0.78548448
1.52776388,2.90514834,0.54977422,0.07630303,0.00467661,0.15940798,1.40097369,2.44342532,0.06743311,0.77267699
1.53376688,2.84494806,0.54037013,0.07466392,0.00465893,0.15515112,1.37436675,2.40493091,0.06352920,0.75837241
1.53976988,2.78059475,0.53032062,0.07286652,0.00462910,0.15072363,1.34516364,2.36178609,0.05974991,0.74279599
1.54577289,2.71265776,0.51967345,0.07093475,0.00458724,0.14615956,1.31372347,2.31430481,0.05612178,0.72617765
1.55177589,2.64172038,0.50848174,0.06889314,0.00453362,0.14149222,1.28041040,2.26285777,0.05266505,0.70874665
1.55777889,2.56837738,0.49680450,0.06676637,0.00446869,0.13675418,1.24558899,2.20787345,0.04939412,0.69072659
1.56378189,2.49323268,0.48470703,0.06457889,0.00439310,0.13197755,1.20962014,2.14983717,0.04631795,0.67233115
1.56978489,2.41689657,0.47226106,0.06235461,0.00430773,0.12719410,1.17285737,2.08928804,0.04344074,0.65376036
1.57578789,2.33998205,0.45954454,0.06011654,0.00421366,0.12243554,1.13564344,2.02681318,0.04076262,0.63519760
1.58179090,2.26309992,0.44664103,0.05788650,0.00411220,0.11773359,1.09830711,1.96303913,0.03828036,0.61680719
1.58779390,2.18685225,0.43363877,0.05568487,0.00400484,0.11312000,1.06115987,1.89862035,0.03598811,0.59873269
1.59379690,2.11182428,0.42062926,0.05353033,0.00389323,0.10862639,1.02449253,1.83422517,0.03387809,0.58109565
1.59979990,2.03857467,0.40770561,0.05143963,0.00377914,0.10428394,0.98857181,1.77051936,0.03194123,0.56399497
1.60580290,1.96762451,0.39496048,0.04942739,0.00366440,0.10012292,0.95363678,1.70814814,0.03016770,0.54750666
1.61180590,1.89944553,0.38248392,0.04750593,0.00355086,0.09617200,0.91989529,1.64771733,0.02854735,0.53168399
1.61780890,1.83444794,0.37036104,0.04568506,0.00344032,0.09245754,0.88752065,1.58977451,0.02707010,0.51655812
1.62381191,1.77296889,0.35866975,0.04397203,0.00333445,0.08900270,0.85664864,1.53479124,0.02572614,0.50213890
1.62981491,1.71526210,0.34747860,0.04237142,0.00323477,0.08582663,0.82737513,1.48314724,0.02450616,0.48841618
1.63581791,1.66148950,0.33684499,0.04088511,0.00314255,0.08294363,0.79975459,1.43511759,0.02340137,0.47536131
1.64182091,1.61171568,0.32681375,0.03951233,0.00305878,0.08036244,0.77379965,1.39086362,0.02240360,0.46292911
1.64782391,1.56590575,0.31741623,0.03824974,0.00298413,0.07808572,0.74948197,1.35042829,0.02150522,0.45106007
1.65382691,1.52392701,0.30867008,0.03709163,0.00291894,0.07610974,0.72673451,1.31373640,0.02069916,0.43968298
1.65982991,1.48555487,0.30057967,0.03603015,0.00286319,0.07442431,0.70545531,1.28059986,0.01997886,0.42871785
1.66583292,1.45048292,0.29313719,0.03505561,0.00281652,0.07301309,0.68551279,1.25072804,0.01933825,0.41807919
1.67183592,1.41833705,0.28632449,0.03415693,0.00277822,0.07185408,0.66675238,1.22374267,0.01877175,0.40767954
1.67783892,1.38869323,0.28011554,0.03332199,0.00274731,0.07092055,0.64900443,1.19919692,0.01827436,0.39743315
1.68384192,1.36109826,0.27447931,0.03253822,0.00272256,0.07018211,0.63209297,1.17659768,0.01784170,0.38725988
1.68984492,1.33509263,0.26938321,0.03179304,0.00270255,0.06960615,0.61584517,1.15543019,0.01747023,0.37708896
1.69584792,1.31023455,0.26479653,0.03107447,0.00268575,0.06915928,0.60010089,1.13518383,0.01715734,0.36686271
1.70185093,1.28612408,0.26069405,0.03037158,0.00267058,0.06880904,0.58472210,1.11537781,0.01690167,0.35653994
1.70785393,1.26242605,0.25705931,0.02967507,0.00265549,0.06852555,0.56960157,1.09558571,0.01670327,0.34609887
1.71385693,1.23889082,0.25388753,0.02897764,0.00263903,0.06828306,0.55467050,1.07545761,0.01656389,0.33553953
1.71985993,1.21537182,0.25118789,0.02827441,0.00261992,0.06806147,0.53990465,1.05473883,0.01648721,0.32488541
1.72586293,1.19183868,0.24898497,0.02756319,0.00259709,0.06784752,0.52532865,1.03328436,0.01647899,0.31418431
1.73186593,1.16838562,0.24731923,0.02684463,0.00256979,0.06763579,0.51101823,1.01106830,0.01654724,0.30350820
1.73786893,1.14523418,0.24624652,0.02612235,0.00253753,0.06742926,0.49710021,0.98818796,0.01670228,0.29295226
1.74387194,1.12273023,0.24583644,0.02540281,0.00250018,0.06723961,0.48375018,0.96486230,0.01695671,0.28263283
1.74987494,1.10133521,0.24616963,0.02469519,0.00245794,0.06708705,0.47118785,0.94142491,0.01732524,0.27268448
1.75587794,1.08161178,0.24733415,0.02401104,0.00241136,0.06699973,0.45967032,0.91831172,0.01782446,0.26325623
1.76188094,1.06420444,0.24942095,0.02336395,0.00236126,0.06701290,0.44948335,0.89604403,0.01847247,0.25450703
1.76788394,1.04981576,0.25251875,0.02276902,0.00230876,0.06716753,0.44093108,0.87520764,0.01928835,0.24660062
1.77388694,1.03917930,0.25670846,0.02224229,0.00225521,0.06750880,0.43432451,0.85642892,0.02029159,0.23970002
1.77988994,1.03303004,0.26205755,0.02180015,0.00220211,0.06808428,0.42996921,0.84034876,0.02150134,0.23396177
1.78589295,1.03207368,0.26861449,0.02145870,0.00215111,0.06894191,0.42815274,0.82759566,0.02293564,0.22953020
1.79189595,1.03695603,0.27640370,0.02123308,0.00210388,0.07012793,0.42913224,0.81875886,0.02461058,0.22653184
1.79789895,1.04823351,0.28542121,0.02113689,0.00206210,0.07168477,0.43312275,0.81436273,0.02653941,0.22507028
1.80390195,1.06634614,0.29563125,0.02118158,0.00202739,0.07364903,0.44028661,0.81484330,0.02873166,0.22522167
1.80990495,1.09159405,0.30696410,0.02137596,0.00200124,0.07604953,0.45072450,0.82052798,0.03119233,0.22703092
1.81590795,1.12411828,0.31931517,0.02172576,0.00198498,0.07890560,0.46446836,0.83161911,0.03392110,0.23050882
1.82191096,1.16388686,0.33254563,0.02223335,0.00197972,0.08222560,0.48147654,0.84818201,0.03691172,0.23563027
1.82791396,1.21068663,0.34648433,0.02289749,0.00198636,0.08600582,0.50163143,0.87013790,0.04015149,0.24233352
1.83391696,1.26412109,0.36093125,0.02371327,0.00200550,0.09022965,0.52473952,0.89726208,0.04362091,0.25052056
1.83991996,1.32361451,0.37566214,0.02467215,0.00203750,0.09486716,0.55053411,0.92918719,0.04729362,0.26005873
1.84592296,1.38842222,0.39043433,0.02576215,0.00208243,0.09987515,0.57868046,0.96541159,0.05113643,0.27078331
1.85192596,1.45764658,0.40499339,0.02696807,0.00214006,0.10519755,0.60878324,1.00531242,0.05510970,0.28250125
1.85792896,1.53025828,0.41908040,0.02827194,0.00220993,0.11076628,0.64039601,1.04816287,0.05916790,0.29499572
1.86393197,1.60512218,0.43243959,0.02965349,0.00229129,0.11650251,0.67303243,1.09315298,0.06326043,0.30803149
1.86993497,1.68102676,0.44482595,0.03109068,0.00238316,0.12231834,0.70617867,1.13941320,0.06733265,0.32136091
1.87593797,1.75671618,0.45601262,0.03256033,0.00248437,0.12811879,0.73930677,1.18603987,0.07132707,0.33473026
1.88194097,1.83092387,0.46579759,0.03403879,0.00259353,0.13380415,0.77188823,1.23212154,0.07518478,0.34788635
1.88794397,1.90240638,0.47400974,0.03550256,0.00270911,0.13927249,0.80340752,1.27676532,0.07884693,0.36058309
1.89394697,1.96997647,0.48051368,0.03692892,0.00282945,0.14442246,0.83337491,1.31912214,0.08225631,0.37258782
1.89994997,2.03253404,0.48521343,0.03829657,0.00295277,0.14915607,0.86133820,1.35841014,0.08535889,0.38368719
1.90595298,2.08909410,0.48805479,0.03958616,0.00307724,0.15338151,0.88689298,1.39393525,0.08810544,0.39369240
1.91195598,2.13881063,0.48902622,0.04078073,0.00320099,0.15701586,0.90969098,1.42510827,0.09045286,0.40244363
1.91795898,2.18099566,0.48815839,0.04186609,0.00332215,0.15998761,0.92944643,1.45145792,0.09236555,0.40981343
1.92396198,2.21513287,0.48552236,0.04283106,0.00343888,0.16223883,0.94594011,1.47263947,0.09381642,0.41570907
1.92996498,2.24088550,0.48122651,0.04366763,0.00354940,0.16372700,0.95902105,1.48843867,0.09478769,0.42007364
1.93596798,2.25809819,0.47541232,0.04437098,0.00365206,0.16442633,0.96860613,1.49877114,0.09527147,0.42288609
1.94197099,2.26679315,0.46824932,0.04493936,0.00374530,0.16432854,0.97467739,1.50367722,0.09526989,0.42415989
1.94797399,2.26716072,0.45992928,0.04537391,0.00382775,0.16344309,0.97727758,1.50331293,0.09479504,0.42394077
1.95397699,2.25954504,0.45065995,0.04567835,0.00389825,0.16179682,0.97650410,1.49793731,0.09386851,0.42230334
1.95997999,2.24442559,0.44065856,0.04585857,0.00395582,0.15943296,0.97250173,1.48789712,0.09252065,0.41934694
1.96598299,2.22239541,0.43014534,0.04592225,0.00399978,0.15640965,0.96545460,1.47360954,0.09078958,0.41519083
1.97198599,2.19413717,0.41933733,0.04587832,0.00402966,0.15279799,0.95557777,1.45554379,0.08871993,0.40996899
1.97798899,2.16039804,0.40844257,0.04573650,0.00404532,0.14867962,0.94310884,1.43420259,0.08636146,0.40382472
1.98399200,2.12196462,0.39765502,0.04550682,0.00404689,0.14414415,0.92830005,1.41010431,0.08376749,0.39690538
1.98999500,2.07963890,0.38715028,0.04519916,0.00403478,0.13928627,0.91141110,1.38376661,0.08099335,0.38935736
1.99599800,2.03421631,0.37708222,0.04482290,0.00400971,0.13420298,0.89270312,1.35569228,0.07809478,0.38132168
2.00200100,1.98646663,0.36758074,0.04438655,0.00397269,0.12899078,0.87243387,1.32635779,0.07512646,0.37293023
2.00800400,1.93711853,0.35875052,0.04389761,0.00392499,0.12374321,0.85085429,1.29620493,0.07214067,0.36430295
2.01400700,1.88684806,0.35067090,0.04336238,0.00386815,0.11854854,0.82820658,1.26563584,0.06918608,0.35554588
2.02001001,1.83627152,0.34339688,0.04278597,0.00380393,0.11348805,0.80472351,1.23501118,0.06630684,0.34675035
2.02601301,1.78594251,0.33696095,0.04217239,0.00373432,0.10863456,0.78062906,1.20465149,0.06354188,0.33799298
2.03201601,1.73635298,0.33137595,0.04152468,0.00366149,0.10405166,0.75613998,1.17484126,0.06092449,0.32933675
2.03801901,1.68793786,0.32663847,0.04084517,0.00358776,0.09979324,0.73146809,1.14583510,0.05848220,0.32083277
2.04402201,1.64108254,0.32273289,0.04013578,0.00351559,0.09590360,0.70682301,1.11786553,0.05623686,0.31252267
2.05002501,1.59613242,0.31963557,0.03939838,0.00344755,0.09241792,0.68241486,1.09115146,0.05420497,0.30444144
2.05602801,1.55340354,0.31731921,0.03863506,0.00338626,0.08936304,0.65845672,1.06590675,0.05239828,0.29662044
2.06203102,1.51319342,0.31575697,0.03784854,0.00333439,0.08675848,0.63516652,1.04234801,0.05082434,0.28909043
2.06803402,1.47579102,0.31492613,0.03704242,0.00329461,0.08461760,0.61276787,1.02070082,0.04948739,0.28188421
2.07403702,1.44148492,0.31481115,0.03622143,0.00326954,0.08294876,0.59148990,1.00120399,0.04838905,0.27503897
2.08004002,1.41056911,0.31540582,0.03539154,0.00326174,0.08175642,0.57156573,0.98411110,0.04752914,0.26859786
2.08604302,1.38334542,0.31671445,0.03456009,0.00327365,0.08104202,0.55322960,0.96968924,0.04690637,0.26261087
2.09204602,1.36012259,0.31875185,0.03373568,0.00330751,0.08080468,0.53671265,0.95821471,0.04651891,0.25713487
2.09804902,1.34121158,0.32154224,0.03292806,0.00336538,0.08104159,0.52223750,0.94996575,0.04636481,0.25223273
2.10405203,1.32691734,0.32511695,0.03214789,0.00344900,0.08174806,0.51001184,0.94521271,0.04644227,0.24797171
2.11005503,1.31752743,0.32951106,0.03140638,0.00355978,0.08291731,0.50022133,0.94420609,0.04674965,0.24442102
2.11605803,1.31329816,0.33475919,0.03071491,0.00369873,0.08453997,0.49302211,0.94716315,0.04728541,0.24164882
2.12206103,1.31443907,0.34089055,0.03008459,0.00386638,0.08660334,0.48853353,0.95425387,0.04804778,0.23971888
2.12806403,1.32109690,0.34792364,0.02952576,0.00406274,0.08909060,0.48683130,0.96558725,0.04903439,0.23868694
2.13406703,1.33334013,0.35586093,0.02904751,0.00428723,0.09197990,0.48794176,0.98119889,0.05024172,0.23859718
2.14007004,1.35114527,0.36468377,0.02865728,0.00453868,0.09524355,0.49183755,1.00104076,0.05166460,0.23947896
2.14607304,1.37438613,0.37434794,0.02836045,0.00481526,0.09884740,0.49843506,1.02497403,0.05329565,0.24134402
2.15207604,1.40282708,0.38478025,0.02816004,0.00511448,0.10275044,0.50759409,1.05276575,0.05512478,0.24418445
2.15807904,1.43612106,0.39587632,0.02805649,0.00543325,0.10690476,0.51911974,1.08408982,0.05713890,0.24797145
2.16408204,1.47381298,0.40749999,0.02804765,0.00576785,0.11125594,0.53276681,1.11853260,0.05932164,0.25265509
2.17008504,1.51534874,0.41948427,0.02812872,0.00611403,0.11574383,0.54824642,1.15560325,0.06165336,0.25816512
2.17608804,1.56008974,0.43163414,0.02829247,0.00646710,0.12030382,0.56523492,1.19474834,0.06411133,0.26441274
2.18209105,1.60733250,0.44373097,0.02852953,0.00682203,0.12486843,0.58338451,1.23537044,0.06667014,0.27129337
2.18809405,1.65633243,0.45553856,0.02882872,0.00717355,0.12936938,0.60233539,1.27684968,0.06930224,0.27869019
2.19409705,1.70633086,0.46681049,0.02917757,0.00751635,0.13373975,0.62172860,1.31856740,0.07197876,0.28647840
2.20010005,1.75658374,0.47729845,0.02956281,0.00784522,0.13791642,0.64121921,1.35993053,0.07467043,0.29452982
2.20610305,1.80639067,0.48676125,0.02997093,0.00815519,0.14184248,0.66048901,1.40039554,0.07734852,0.30271774
2.21210605,1.85512251,0.49497401,0.03038877,0.00844168,0.14546946,0.67925811,1.43949056,0.07998596,0.31092160
2.21810905,1.90224613,0.50173702,0.03080404,0.00870072,0.14875941,0.69729483,1.47683435,0.08255829,0.31903148
2.22411206,1.94734465,0.50688393,0.03120577,0.00892899,0.15168648,0.71442326,1.51215108,0.08504466,0.32695183
2.23011506,1.99013213,0.51028882,0.03158475,0.00912401,0.15423807,0.73052811,1.54527988,0.08742856,0.33460458
2.23611806,2.03046165,0.51187172,0.03193382,0.00928417,0.15641541,0.74555655,1.57617851,0.08969847,0.34193125
2.24212106,2.06832612,0.51160232,0.03224804,0.00940879,0.15823344,0.75951678,1.60492095,0.09184824,0.34889394
2.24812406,2.10385187,0.50950177,0.03252476,0.00949817,0.15972011,0.77247349,1.63168864,0.09387717,0.35547536
2.25412706,2.13728508,0.50564231,0.03276358,0.00955350,0.16091498,0.78454038,1.65675601,0.09578995,0.36167768
2.26013007,2.16897169,0.50014493,0.03296616,0.00957687,0.16186737,0.79586994,1.68047078,0.09759615,0.36752042
2.26613307,2.19933203,0.49317500,0.03313594,0.00957113,0.16263388,0.80664134,1.70323016,0.09930965,0.37303745
2.27213607,2.22883126,0.48493626,0.03327776,0.00953979,0.16327565,0.81704668,1.72545416,0.10094775,0.37827330
2.27813907,2.25794746,0.47566331,0.03339751,0.00948687,0.16385544,0.82727668,1.74755741,0.10253011,0.38327903
2.28414207,2.28713891,0.46561313,0.03350157,0.00941678,0.16443453,0.83750630,1.76992107,0.10407762,0.38810781
2.29014507,2.31681246,0.45505584,0.03359640,0.00933410,0.16506983,0.84788130,1.79286638,0.10561118,0.39281051
2.29614807,2.34729474,0.44426526,0.03368808,0.00924345,0.16581124,0.85850628,1.81663128,0.10715046,0.39743159
2.30215108,2.37880770,0.43350972,0.03378187,0.00914931,0.16669936,0.86943503,1.84135144,0.10871276,0.40200542
2.30815408,2.41144993,0.42304332,0.03388189,0.00905591,0.16776380,0.88066360,1.86704680,0.11031198,0.40655323
2.31415708,2.44518466,0.41309823,0.03399086,0.00896705,0.16902204,0.89212663,1.89361443,0.11195772,0.41108103
2.32016008,2.47983525,0.40387813,0.03410990,0.00888605,0.17047904,0.90369698,1.92082806,0.11365462,0.41557823
2.32616308,2.51508832,0.39555315,0.03423849,0.00881566,0.17212746,0.91518886,1.94834458,0.11540196,0.42001750
2.33216608,2.55050443,0.38825637,0.03437448,0.00875798,0.17394861,0.92636432,1.97571699,0.11719342,0.42435539
2.33816908,2.58553568,0.38208199,0.03451429,0.00871450,0.17591401,0.93694265,2.00241341,0.11901723,0.42853406
2.34417209,2.61954951,0.37708516,0.03465305,0.00868605,0.17798751,0.94661238,2.02784107,0.12085645,0.43248378
2.35017509,2.65185727,0.37328336,0.03478497,0.00867287,0.18012773,0.95504522,2.05137409,0.12268960,0.43612618
2.35617809,2.68174628,0.37065925,0.03490366,0.00867465,0.18229089,0.96191116,2.07238377,0.12449139,0.43937804
2.36218109,2.70851372,0.36916470,0.03500253,0.00869058,0.18443370,0.96689417,2.09026967,0.12623367,0.44215542
2.36818409,2.73150068,0.36872583,0.03507522,0.00871948,0.18651624,0.96970754,2.10449009,0.12788655,0.44437803
2.37418709,2.75012473,0.36924882,0.03511594,0.00875982,0.18850464,0.97010821,2.11459030,0.12941955,0.44597345
2.38019010,2.76390945,0.37062610,0.03511989,0.00880984,0.19037345,0.96790939,2.12022718,0.13080278,0.44688120
2.38619310,2.77250960,0.37274273,0.03508356,0.00886765,0.19210758,0.96299087,2.12118913,0.13200814,0.44705633
2.39219610,2.77573078,0.37548271,0.03500497,0.00893129,0.19370370,0.95530659,2.11741010,0.13301048,0.44647250
2.39819910,2.77354278,0.37873490,0.03488387,0.00899880,0.19517103,0.94488913,2.10897737,0.13378860,0.44512424
2.40420210,2.76608616,0.38239835,0.03472182,0.00906828,0.19653154,0.93185101,2.09613252,0.13432620,0.44302855
2.41020510,2.75367189,0.38638694,0.03452219,0.00913799,0.19781950,0.91638279,2.07926583,0.13461261,0.44022552
2.41620810,2.73677426,0.39063314,0.03429014,0.00920632,0.19908051,0.89874815,2.05890443,0.13464341,0.43677822
2.42221111,2.71601768,0.39509075,0.03403243,0.00927190,0.20036995,0.87927628,2.03569477,0.13442078,0.43277160
2.42821411,2.69215806,0.39973674,0.03375721,0.00933357,0.20175110,0.85835207,2.01038061,0.13395372,0.42831075
2.43421711,2.66605986,0.40457210,0.03347382,0.00939045,0.20329285,0.83640444,1.98377744,0.13325808,0.42351832
2.44022011,2.63866997,0.40962174,0.03319242,0.00944192,0.20506736,0.81389374,1.95674487,0.13235639,0.41853151
2.44622311,2.61098983,0.41493362,0.03292371,0.00948766,0.20714751,0.79129843,1.93015814,0.13127752,0.41349845
2.45222611,2.58404684,0.42057727,0.03267861,0.00952762,0.20960453,0.76910195,1.90488029,0.13005619,0.40857437
2.45822911,2.55886654,0.42664166,0.03246793,0.00956210,0.21250568,0.74778018,1.88173610,0.12873237,0.40391760
2.46423212,2.53644646,0.43323277,0.03230211,0.00959167,0.21591230,0.72779001,1.86148902,0.12735058,0.39968547
2.47023512,2.51773275,0.44047095,0.03219093,0.00961723,0.21987803,0.70955934,1.84482185,0.12595903,0.39603039
2.47623812,2.50360000,0.44848812,0.03214328,0.00964000,0.22444747,0.69347885,1.83232189,0.12460881,0.39309616
2.48224112,2.49483499,0.45742501,0.03216703,0.00966149,0.22965521,0.67989560,1.82447088,0.12335288,0.39101455
2.48824412,2.49212431,0.46742846,0.03226888,0.00968350,0.23552515,0.66910856,1.82163964,0.12224519,0.38990230
2.49424712,2.49604579,0.47864876,0.03245423,0.00970808,0.24207017,0.66136584,1.82408736,0.12133961,0.38985865
2.50025013,2.50706344,0.49123705,0.03272718,0.00973753,0.24929216,0.65686356,1.83196488,0.12068899,0.39096327
2.50625313,2.52552540,0.50534273,0.03309048,0.00977432,0.25718208,0.65574596,1.84532127,0.12034408,0.39327472
2.51225613,2.55166412,0.52111066,0.03354551,0.00982102,0.26572037,0.65810646,1.86411294,0.12035258,0.39682943
2.51825913,2.58559817,0.53867816,0.03409232,0.00988026,0.27487731,0.66398941,1.88821414,0.12075810,0.40164109
2.52426213,2.62733480,0.55817160,0.03472963,0.00995460,0.28461348,0.67339196,1.91742808,0.12159918,0.40770057
2.53026513,2.67677272,0.57970245,0.03545482,0.01004647,0.29488014,0.68626603,1.95149758,0.12290834,0.41497609
2.53626813,2.73370432,0.60336275,0.03626399,0.01015804,0.30561965,0.70251981,1.99011452,0.12471113,0.42341392
2.54227114,2.79781715,0.62921990,0.03715186,0.01029109,0.31676569,0.72201892,2.03292752,0.12702527,0.43293918
2.54827414,2.86869431,0.65731085,0.03811186,0.01044691,0.32824360,0.74458696,2.07954724,0.12985986,0.44345710
2.55427714,2.94581389,0.68763576,0.03913601,0.01062622,0.33997050,0.77000551,2.12954938,0.13321467,0.45485436
2.56028014,3.02854754,0.72015142,0.04021496,0.01082900,0.35185556,0.79801381,2.18247529,0.13707953,0.46700075
2.56628314,3.11615891,0.75476449,0.04133795,0.01105446,0.36380019,0.82830821,2.23783048,0.14143393,0.47975092
2.57228614,3.20780235,0.79132528,0.04249281,0.01130096,0.37569843,0.86054172,2.29508172,0.14624671,0.49294641
2.57828914,3.30252265,0.82962210,0.04366596,0.01156596,0.38743748,0.89432400,2.35365325,0.15147600,0.50641772
2.58429215,3.39925676,0.86937702,0.04484252,0.01184604,0.39889834,0.92922220,2.41292295,0.15706939,0.51998663
2.59029515,3.49683816,0.91024320,0.04600638,0.01213688,0.40995687,0.96476290,2.47221936,0.16296430,0.53346862
2.59629815,3.59400460,0.95180444,0.04714037,0.01243338,0.42048497,1.00043548,2.53082034,0.16908867,0.54667545
2.60230115,3.68940976,0.99357732,0.04822649,0.01272973,0.43035217,1.03569721,2.58795409,0.17536183,0.55941779
2.60830415,3.78163926,1.03501608,0.04924619,0.01301954,0.43942741,1.06998014,2.64280312,0.18169570,0.57150804
2.61430715,3.86923096,1.07552058,0.05018068,0.01329600,0.44758117,1.10269987,2.69451162,0.18799625,0.58276309
2.62031016,3.95069949,1.11444720,0.05101137,0.01355209,0.45468779,1.13326598,2.74219638,0.19416513,0.59300722
2.62631316,4.02456455,1.15112266,0.05172024,0.01378077,0.46062789,1.16109407,2.78496111,0.20010154,0.60207486
2.63231616,4.08938211,1.18486023,0.05229032,0.01397521,0.46529102,1.18561892,2.82191400,0.20570429,0.60981335
2.63831916,4.14377771,1.21497798,0.05270615,0.01412898,0.46857817,1.20630838,2.85218778,0.21087388,0.61608555
2.64432216,4.18648057,1.24081839,0.05295424,0.01423633,0.47040430,1.22267741,2.87496169,0.21551477,0.62077222
2.65032516,4.21635728,1.26176847,0.05302346,0.01429229,0.47070071,1.23430178,2.88948438,0.21953747,0.62377417
2.65632816,4.23244370,1.27727956,0.05290544,0.01429292,0.46941711,1.24083075,2.89509667,0.22286071,0.62501419
2.66233117,4.23397379,1.28688601,0.05259490,0.01423543,0.46652345,1.24199811,2.89125328,0.22541342,0.62443851
2.66833417,4.22040403,1.29022181,0.05208979,0.01411826,0.46201132,1.23763118,2.87754240,0.22713645,0.62201798
2.67433717,4.19143255,1.28703431,0.05139155,0.01394117,0.45589496,1.22765720,2.85370214,0.22798408,0.61774878
2.68034017,4.14701188,1.27719453,0.05050504,0.01370523,0.44821178,1.21210690,2.81963313,0.22792526,0.61165275
2.68634317,4.08735500,1.26070340,0.04943851,0.01341283,0.43902245,1.19111491,2.77540657,0.22694438,0.60377726
2.69234617,4.01293419,1.23769371,0.04820347,0.01306757,0.42841042,1.16491709,2.72126737,0.22504177,0.59419462
2.69834917,3.92447281,1.20842759,0.04681437,0.01267418,0.41648104,1.13384484,2.65763218,0.22223370,0.58300114
2.70435218,3.82293039,1.17328964,0.04528829,0.01223839,0.40336017,1.09831658,2.58508231,0.21855206,0.57031574
2.71035518,3.70948142,1.13277616,0.04364455,0.01176673,0.38919238,1.05882686,2.50435184,0.21404359,0.55627817
2.71635818,3.58548893,1.08748069,0.04190420,0.01126639,0.37413875,1.01593348,2.41631147,0.20876876,0.54104699
2.72236118,3.45247374,1.03807686,0.04008956,0.01074500,0.35837430,0.97024326,2.32194865,0.20280036,0.52479718
2.72836418,3.31208054,0.98529913,0.03822372,0.01021044,0.34208516,0.92239697,2.22234484,0.19622173,0.50771753
2.73436718,3.16604212,0.92992221,0.03633002,0.00967066,0.32546543,0.87305414,2.11865075,0.18912489,0.49000789
2.74037019,3.01614291,0.87274030,0.03443156,0.00913348,0.30871395,0.82287820,2.01206054,0.18160843,0.47187621
2.74637319,2.86418302,0.81454666,0.03255079,0.00860648,0.29203082,0.77252260,1.90378582,0.17377536,0.45353552
2.75237619,2.71194404,0.75611452,0.03070910,0.00809678,0.27561393,0.72261840,1.79503038,0.16573090,0.43520093
2.75837919,2.56115722,0.69817997,0.02892648,0.00761098,0.25965550,0.67376349,1.68696641,0.15758042,0.41708652
2.76438219,2.41347519,0.64142724,0.02722126,0.00715506,0.24433860,0.62651402,1.58071296,0.14942738,0.39940238
2.77038519,2.27044748,0.58647693,0.02560988,0.00673433,0.22983390,0.58137786,1.47731705,0.14137154,0.38235172
2.77638819,2.13350050,0.53387726,0.02410679,0.00635334,0.21629652,0.53881035,1.37773803,0.13350727,0.36612810
2.78239120,2.00392188,0.48409857,0.02272432,0.00601591,0.20386328,0.49921214,1.28283528,0.12592223,0.35091288
2.78839420,1.88284948,0.43753082,0.02147271,0.00572515,0.19265015,0.46292899,1.19335945,0.11869617,0.33687284
2.79439720,1.77126465,0.39448403,0.02036010,0.00548345,0.18275017,0.43025324,1.10994716,0.11190015,0.32415807
2.80040020,1.66998962,0.35519126,0.01939259,0.00529252,0.17423192,0.40142669,1.03311903,0.10559594,0.31290018
2.80640320,1.57968859,0.31981369,0.01857438,0.00515350,0.16713838,0.37664442,0.96328085,0.09983569,0.30321080
2.81240620,1.50087195,0.28844747,0.01790787,0.00506698,0.16148646,0.35605939,0.90072737,0.09466191,0.29518041
2.81840920,1.43390323,0.26113170,0.01739380,0.00503306,0.15726712,0.33978718,0.84564859,0.09010759,0.28887763
2.82441221,1.37900818,0.23785719,0.01703144,0.00505150,0.15444614,0.32791079,0.79813778,0.08619658,0.28434881
2.83041521,1.33628539,0.21857542,0.01681869,0.00512172,0.15296548,0.32048503,0.75820104,0.08294409,0.28161810
2.83641821,1.30571793,0.20320733,0.01675231,0.00524294,0.15274532,0.31754028,0.72576779,0.08035730,0.28068789
2.84242121,1.28718558,0.19165155,0.01682805,0.00541421,0.15368661,0.31908549,0.70070172,0.07843606,0.28153964
2.84842421,1.28047696,0.18379170,0.01704080,0.00563451,0.15567419,0.32511022,0.68281180,0.07717365,0.28413513
2.85442721,1.28530131,0.17950267,0.01738473,0.00590280,0.15858025,0.33558564,0.67186291,0.07655749,0.28841793
2.86043022,1.30129943,0.17865546,0.01785343,0.00621803,0.16226818,0.35046463,0.66758574,0.07656987,0.29431521
2.86643322,1.32805343,0.18112074,0.01844002,0.00657924,0.16659653,0.36968084,0.66968554,0.07718854,0.30173977
2.87243622,1.36509507,0.18677090,0.01913727,0.00698550,0.17142310,0.39314696,0.67784959,0.07838728,0.31059206
2.87843922,1.41191235,0.19548075,0.01993762,0.00743593,0.17660879,0.42075231,0.69175302,0.08013635,0.32076234
2.88444222,1.46795439,0.20712686,0.02083332,0.00792968,0.18202135,0.45236000,0.71106304,0.08240276,0.33213270
2.89044522,1.53263437,0.22158582,0.02181640,0.00846584,0.18753862,0.48780371,0.73544133,0.08515044,0.34457897
2.89644822,1.60533071,0.23873148,0.02287872,0.00904339,0.19305131,0.52688457,0.76454467,0.08834036,0.35797239
2.90245123,1.68538653,0.25843151,0.02401196,0.00966109,0.19846509,0.56936815,0.79802409,0.09193048,0.37218099
2.90845423,1.77210772,0.28054351,0.02520761,0.01031739,0.20370209,0.61498186,0.83552243,0.09587560,0.38707060
2.91445723,1.86475988,0.30491082,0.02645687,0.01101026,0.20870153,0.66341305,0.87667091,0.10012726,0.40250567
2.92046023,1.96256460,0.33135863,0.02775070,0.01173709,0.21341963,0.71430788,0.92108476,0.10463359,0.41834954
2.92646323,2.06469562,0.35969030,0.02907967,0.01249460,0.21782885,0.76727113,0.96835863,0.10933917,0.43446462
2.93246623,2.17027526,0.38968447,0.03043393,0.01327867,0.22191631,0.82186712,1.01806191,0.11418507,0.45071225
2.93846923,2.27837196,0.42109300,0.03180317,0.01408425,0.22568181,0.87762181,1.06973468,0.11910891,0.46695237
2.94447224,2.38799915,0.45364002,0.03317656,0.01490537,0.22913521,0.93402602,1.12288463,0.12404520,0.48304319
2.95047524,2.49811629,0.48702234,0.03454273,0.01573503,0.23229360,0.99053989,1.17698543,0.12892577,0.49884090
2.95647824,2.60763238,0.52091111,0.03588977,0.01656529,0.23517830,1.04659845,1.23147680,0.13368049,0.51419949
2.96248124,2.71541224,0.55495504,0.03720524,0.01738728,0.23781178,1.10161831,1.28576680,0.13823815,0.52897081
2.96848424,2.82028587,0.58878487,0.03847628,0.01819135,0.24021481,1.15500519,1.33923626,0.14252760,0.54300498
2.97448724,2.92106098,0.62201925,0.03968966,0.01896726,0.24240385,1.20616237,1.39124563,0.14647899,0.55615113
2.98049025,3.01653849,0.65427177,0.04083195,0.01970432,0.24438892,1.25449976,1.44114407,0.15002518,0.56825861
2.98649325,3.10553082,0.68515882,0.04188968,0.02039171,0.24617195,1.29944343,1.48828059,0.15310327,0.57917860
2.99249625,3.18688253,0.71430825,0.04284954,0.02101871,0.24774580,1.34044543,1.53201699,0.15565604,0.58876617
2.99849925,3.25949280,0.74136832,0.04369863,0.02157505,0.24909381,1.37699371,1.57174212,0.15763348,0.59688266
3.00450225,3.32233895,0.76601664,0.04442469,0.02205113,0.25019017,1.40862189,1.60688694,0.15899404,0.60339846
3.01050525,3.37450037,0.78796886,0.04501640,0.02243841,0.25100080,1.43491864,1.63693980,0.15970584,0.60819590
3.01650825,3.41518184,0.80698665,0.04546363,0.02272960,0.25148485,1.45553657,1.66146126,0.15974759,0.61117235
3.02251126,3.44373553,0.82288467,0.04575770,0.02291893,0.25159667,1.47020020,1.68009784,0.15910915,0.61224326
3.02851426,3.45968057,0.83553623,0.04589166,0.02300235,0.25128823,1.47871292,1.69259408,0.15779194,0.61134505
3.03451726,3.46271966,0.84487746,0.04586048,0.02297769,0.25051168,1.48096272,1.69880226,0.15580883,0.60843779
3.04052026,3.45275169,0.85090961,0.04566128,0.02284466,0.24922216,1.47692638,1.69868933,0.15318388,0.60350743
3.04652326,3.42987985,0.85369962,0.04529346,0.02260498,0.24738045,1.46667205,1.69234064,0.14995164,0.59656756
3.05252626,3.39441479,0.85337862,0.04475880,0.02226223,0.24495556,1.45035993,1.67996023,0.14615628,0.58766052
3.05852926,3.34687241,0.85013859,0.04406151,0.02182183,0.24192696,1.42824108,1.66186749,0.14185037,0.57685791
3.06453227,3.28796622,0.84422713,0.04320820,0.02129085,0.23828640,1.40065420,1.63849026,0.13709363,0.56426026
3.07053527,3.21859438,0.83594060,0.04220780,0.02067779,0.23403922,1.36802040,1.61035460,0.13195144,0.54999606
3.07653827,3.13982176,0.82561585,0.04107145,0.01999238,0.22920516,1.33083605,1.57807147,0.12649336,0.53421995
3.08254127,3.05285742,0.81362073,0.03981225,0.01924530,0.22381845,1.28966390,1.54232090,0.12079165,0.51711022
3.08854427,2.95902848,0.80034389,0.03844507,0.01844791,0.21792738,1.24512257,1.50383423,0.11491983,0.49886578
3.09454727,2.85975102,0.78618412,0.03698617,0.01761195,0.21159332,1.19787495,1.46337508,0.10895135,0.47970250
3.10055028,2.75649930,0.77153969,0.03545292,0.01674931,0.20488916,1.14861558,1.42171995,0.10295840,0.45984917
3.10655328,2.65077437,0.75679803,0.03386346,0.01587176,0.19789742,1.09805775,1.37963910,0.09701089,0.43954333
3.11255628,2.54407321,0.74232627,0.03223624,0.01499072,0.19070805,1.04692051,1.33787873,0.09117561,0.41902693
3.11855928,2.43785972,0.72846287,0.03058975,0.01411706,0.18341601,0.99591622,1.29714501,0.08551558,0.39854211
3.12456228,2.33353857,0.71551071,0.02894209,0.01326096,0.17611892,0.94573905,1.25809078,0.08008954,0.37832730
3.13056528,2.23243294,0.70373194,0.02731069,0.01243177,0.16891475,0.89705481,1.22130543,0.07495171,0.35861370
3.13656828,2.13576696,0.69334466,0.02571199,0.01163795,0.16189975,0.85049245,1.18730834,0.07015159,0.33962231
3.14257129,2.04465330,0.68452161,0.02416122,0.01088700,0.15516670,0.80663755,1.15654608,0.06573396,0.32156165
3.14857429,1.96008624,0.67739087,0.02267220,0.01018546,0.14880361,0.76602780,1.12939334,0.06173896,0.30462617
3.15457729,1.88294020,0.67203831,0.02125723,0.00953896,0.14289280,0.72915066,1.10615747,0.05820223,0.28899529
3.16058029,1.81397320,0.66851186,0.01992702,0.00895220,0.13751051,0.69644293,1.08708603,0.05515516,0.27483327
3.16658329,1.75383477,0.66682698,0.01869069,0.00842908,0.13272687,0.66829213,1.07237688,0.05262511,0.26228953
3.17258629,1.70307726,0.66697332,0.01755579,0.00797272,0.12860630,0.64503918,1.06218988,0.05063563,0.25149954
3.17858929,1.66216942,0.66892178,0.01652844,0.00758560,0.12520821,0.62698220,1.05665939,0.04920668,0.24258595
3.18459230,1.63151091,0.67263184,0.01561340,0.00726958,0.12258777,0.61438060,1.05590652,0.04835484,0.23565989
3.19059530,1.61144635,0.67805843,0.01481426,0.00702606,0.12079687,0.60745920,1.06005011,0.04809340,0.23082213
3.19659830,1.60227763,0.68515805,0.01413355,0.00685594,0.11988490,0.60641169,1.06921553,0.04843242,0.22816403
3.20260130,1.60427295,0.69389365,0.01357294,0.00675977,0.11989932,0.61140291,1.08354039,0.04937871,0.22776792
3.20860430,1.61767176,0.70423787,0.01313333,0.00673771,0.12088597,0.62256957,1.10317645,0.05093573,0.22970695
3.21460730,1.64268458,0.71617456,0.01281500,0.00678958,0.12288886,0.64001910,1.12828737,0.05310338,0.23404409
3.22061031,1.67948732,0.72969814,0.01261765,0.00691483,0.12594955,0.66382627,1.15904189,0.05587774,0.24083035
3.22661331,1.72820982,0.74481110,0.01254045,0.00711251,0.13010593,0.69402773,1.19560273,0.05925069,0.25010220
3.23261631,1.78891907,0.76151945,0.01258202,0.00738120,0.13539058,0.73061445,1.23811144,0.06320952,0.26187811
3.23861931,1.86159770,0.77982650,0.01274040,0.00771896,0.14182859,0.77352242,1.28666983,0.06773645,0.27615460
3.24462231,1.94611886,0.79972531,0.01301294,0.00812325,0.14943504,0.82262202,1.34131903,0.07280813,0.29290169
3.25062531,2.04221889,0.82119011,0.01339622,0.00859082,0.15821221,0.87770676,1.40201726,0.07839514,0.31205825
3.25662831,2.14946956,0.84416748,0.01388589,0.00911762,0.16814669,0.93848198,1.46861766,0.08446153,0.33352737
3.26263132,2.26725175,0.86856756,0.01447652,0.00969877,0.17920656,1.00455451,1.54084749,0.09096441,0.35717221
3.26863432,2.39473254,0.89425615,0.01516149,0.01032843,0.19133882,1.07542403,1.61829039,0.09785366,0.38281248
3.27463732,2.53084771,0.92104815,0.01593288,0.01099981,0.20446725,1.15047707,1.70037283,0.10507173,0.41022212
3.28064032,2.67429149,0.94870296,0.01678134,0.01170513,0.21849090,1.22898447,1.78635614,0.11255370,0.43912831
3.28664332,2.82351509,0.97692231,0.01769612,0.01243568,0.23328333,1.31010292,1.87533514,0.12022744,0.46921205
3.29264632,2.97673524,1.00535086,0.01866500,0.01318184,0.24869272,1.39288136,1.96624403,0.12801413,0.50011065
3.29864932,3.13195355,1.03357984,0.01967448,0.01393321,0.26454304,1.47627231,2.05786996,0.13582891,0.53142205
3.30465233,3.28698685,1.06115382,0.02070981,0.01467875,0.28063620,1.55914852,2.14887443,0.14358194,0.56271120
3.31065533,3.43950832,1.08758054,0.02175530,0.01540698,0.29675523,1.64032462,2.23782182,0.15117958,0.59351817
3.31665833,3.58709842,1.11234356,0.02279455,0.01610616,0.31266848,1.71858352,2.32321466,0.15852598,0.62336802
3.32266133,3.72730432,1.13491734,0.02381079,0.01676461,0.32813467,1.79270666,2.40353416,0.16552480,0.65178208
3.32866433,3.85770587,1.15478423,0.02478730,0.01737090,0.34290871,1.86150750,2.47728485,0.17208120,0.67829022
3.33466733,3.97598569,1.17145270,0.02570781,0.01791422,0.35674805,1.92386681,2.54304133,0.17810394,0.70244384
3.34067034,4.08000097,1.18447601,0.02655697,0.01838458,0.36941939,1.97876860,2.59949555,0.18350759,0.72382894
3.34667334,4.16785385,1.19347069,0.02732080,0.01877317,0.38070545,2.02533521,2.64550247,0.18821477,0.74207885
3.35267634,4.23795772,1.19813378,0.02798714,0.01907256,0.39041164,2.06286009,2.68012223,0.19215832,0.75688618
3.35867934,4.28909646,1.19825817,0.02854604,0.01927695,0.39837222,2.09083678,2.70265710,0.19528332,0.76801336
3.36468234,4.32047411,1.19374527,0.02899018,0.01938236,0.40445587,2.10898271,2.71268144,0.19754895,0.77530142
3.37068534,4.33175264,1.18461438,0.02931513,0.01938677,0.40857037,2.11725662,2.71006347,0.19892996,0.77867669
3.37668834,4.32307597,1.17100825,0.02951958,0.01929020,0.41066609,2.11586866,2.69497775,0.19941787,0.77815495
3.38269135,4.29507908,1.15319439,0.02960552,0.01909474,0.41073836,2.10528231,2.66790785,0.19902167,0.77384306
3.38869435,4.24888134,1.13156212,0.02957823,0.01880452,0.40882836,2.08620782,2.62963883,0.19776810,0.76593774
3.39469735,4.18606406,1.10661523,0.02944623,0.01842565,0.40502270,2.05958717,2.58123994,0.19570134,0.75472168
3.40070035,4.10863285,1.07896038,0.02922111,0.01796604,0.39945145,2.02657063,2.52403790,0.19288230,0.74055699
3.40670335,4.01896578,1.04929184,0.02891725,0.01743524,0.39228493,1.98848575,2.45958182,0.18938729,0.72387627
3.41270635,3.91974922,1.01837277,0.02855147,0.01684418,0.38372909,1.94679960,2.38960101,0.18530629,0.70517142
3.41870935,3.81390324,0.98701388,0.02814255,0.01620496,0.37401986,1.90307553,2.31595705,0.18074072,0.68498082
3.42471236,3.70449932,0.95605018,0.02771067,0.01553049,0.36341651,1.85892590,2.24059188,0.17580091,0.66387496
3.43071536,3.59467301,0.92631660,0.02727689,0.01483425,0.35219433,1.81596237,2.16547364,0.17060321,0.64244128
3.43671836,3.48753453,0.89862334,0.02686243,0.01412996,0.34063683,1.77574561,2.09254207,0.16526699,0.62126847
3.44272136,3.38608023,0.87373184,0.02648808,0.01343127,0.32902778,1.73973604,2.02365522,0.15991150,0.60093082
3.44872436,3.29310799,0.85233226,0.02617355,0.01275153,0.31764327,1.70924746,1.96053919,0.15465277,0.58197304
3.45472736,3.21113910,0.83502305,0.02593679,0.01210346,0.30674420,1.68540527,1.90474247,0.14960066,0.56489605
3.46073037,3.14234940,0.82229361,0.02579349,0.01149898,0.29656926,1.66911068,1.85759613,0.14485615,0.55014410
3.46673337,3.08851155,0.81451030,0.02575649,0.01094899,0.28732885,1.66101227,1.82018114,0.14050895,0.53809362
3.47273637,3.05095051,0.81190656,0.02583544,0.01046325,0.27919992,1.66148588,1.79330362,0.13663552,0.52904411
3.47873937,3.03051339,0.81457725,0.02603644,0.01005025,0.27232205,1.67062367,1.77747871,0.13329764,0.52321129
3.48474237,3.02755445,0.82247748,0.02636184,0.00971715,0.26679475,1.68823260,1.77292332,0.13054142,0.52072283
3.49074537,3.04193575,0.83542591,0.02681020,0.00946973,0.26267619,1.71384249,1.77955799,0.12839694,0.52161651
3.49674837,3.07304311,0.85311243,0.02737631,0.00931248,0.25998322,1.74672332,1.79701746,0.12687839,0.52584112
3.50275138,3.11981660,0.87510981,0.02805143,0.00924856,0.25869277,1.78591120,1.82466961,0.12598478,0.53325991
3.50875438,3.18079452,0.90088899,0.02882359,0.00927990,0.25874447,1.83024186,1.86164200,0.12570107,0.54365644
3.51475738,3.25416897,0.92983742,0.02967800,0.00940735,0.26004440,1.87839072,1.90685493,0.12599976,0.55674271
3.52076038,3.33785117,0.96127968,0.03059762,0.00963067,0.26246981,1.92891776,1.95906002,0.12684280,0.57216923
3.52676338,3.42954382,0.99449976,0.03156375,0.00994877,0.26587458,1.98031569,2.01688280,0.12818369,0.58953669
3.53276638,3.52681816,1.02876407,0.03255670,0.01035971,0.27009526,2.03105958,2.07886787,0.12996976,0.60840884
3.53876938,3.62719270,1.06334438,0.03355646,0.01086085,0.27495735,2.07965610,2.14352506,0.13214439,0.62832607
3.54477239,3.72821093,1.09753988,0.03454342,0.01144890,0.28028168,2.12469065,2.20937503,0.13464921,0.64881938
3.55077539,3.82751513,1.13069754,0.03549905,0.01212000,0.28589063,2.16487055,2.27499270,0.13742603,0.66942399
3.55677839,3.92291391,1.16223016,0.03640642,0.01286972,0.29161391,2.19906294,2.33904704,0.14041859,0.68969237
3.56278139,4.01244095,1.19163134,0.03725085,0.01369306,0.29729372,2.22632589,2.40033601,0.14357388,0.70920613
3.56878439,4.09440337,1.21848718,0.03802023,0.01458443,0.30278921,2.24593204,2.45781544,0.14684312,0.72758637
3.57478739,4.16741805,1.24248419,0.03870540,0.01553759,0.30797992,2.25738383,2.51062105,0.15018234,0.74450223
3.58079040,4.23043528,1.26341344,0.03930028,0.01654559,0.31276833,2.26042026,2.55808308,0.15355255,0.75967738
3.58679340,4.28274933,1.28117083,0.03980200,0.01760069,0.31708126,2.25501509,2.59973330,0.15691954,0.77289432
3.59279640,4.32399614,1.29575390,0.04021075,0.01869428,0.32087036,2.24136704,2.63530449,0.16025334,0.78399642
3.59879940,4.35413914,1.30725531,0.04052961,0.01981682,0.32411147,2.21988271,2.66472270,0.16352750,0.79288778
3.60480240,4.37344432,1.31585360,0.04076428,0.02095780,0.32680318,2.19115307,2.68809320,0.16671813,0.79953111
3.61080540,4.38244632,1.32180163,0.04092265,0.02210577,0.32896463,2.15592509,2.70568082,0.16980293,0.80394376
3.61680840,4.38190757,1.32541351,0.04101435,0.02324836,0.33063261,2.11506957,2.71788596,0.17276019,0.80619226
3.62281141,4.37277263,1.32705038,0.04105025,0.02437239,0.33185831,2.06954679,2.72521751,0.17556799,0.80638575
3.62881441,4.35612001,1.32710589,0.04104195,0.02546404,0.33270376,2.02037144,2.72826395,0.17820353,0.80466852
3.63481741,4.33311376,1.32599176,0.04100123,0.02650911,0.33323816,1.96857822,2.72766408,0.18064274,0.80121229
3.64082041,4.30495674,1.32412394,0.04093961,0.02749326,0.33353438,1.91518933,2.72407849,0.18286024,0.79620827
3.64682341,4.27284748,1.32190990,0.04086784,0.02840241,0.33366561,1.86118504,2.71816303,0.18482958,0.78985964
3.65282641,4.23794210,1.31973712,0.04079559,0.02922305,0.33370234,1.80747819,2.71054514,0.18652381,0.78237445
3.65882941,4.20132221,1.31796318,0.04073110,0.02994271,0.33370993,1.75489321,2.70180382,0.18791641,0.77395938
3.66483242,4.16396964,1.31690744,0.04068101,0.03055037,0.33374644,1.70415015,2.69245371,0.18898233,0.76481438
3.67083542,4.12674813,1.31684440,0.04065017,0.03103679,0.33386120,1.65585382,2.68293363,0.18969930,0.75512828
3.67683842,4.09039178,1.31799862,0.04064167,0.03139499,0.33409374,1.61048796,2.67359938,0.19004915,0.74507548
3.68284142,4.05549994,1.32054119,0.04065680,0.03162043,0.33447331,1.56841412,2.66472094,0.19001912,0.73481362
3.68884442,4.02253770,1.32458754,0.04069524,0.03171135,0.33501871,1.52987487,2.65648328,0.18960301,0.72448219
3.69484742,3.99184101,1.33019660,0.04075514,0.03166884,0.33573858,1.49500060,2.64899068,0.18880216,0.71420189
3.70085043,3.96362545,1.33737091,0.04083339,0.03149691,0.33663194,1.46381941,2.64227361,0.18762605,0.70407476
3.70685343,3.93799757,1.34605798,0.04092587,0.03120241,0.33768893,1.43626915,2.63629769,0.18609256,0.69418478
3.71285643,3.91496780,1.35615236,0.04102764,0.03079484,0.33889173,1.41221103,2.63097399,0.18422781,0.68459896
3.71885943,3.89446397,1.36749871,0.04113327,0.03028611,0.34021554,1.39144399,2.62617005,0.18206563,0.67536860
3.72486243,3.87634480,1.37989570,0.04123706,0.02969011,0.34162964,1.37371924,2.62172114,0.17964649,0.66653086
3.73086543,3.86041286,1.39310062,0.04133327,0.02902230,0.34309845,1.35875434,2.61744118,0.17701622,0.65811034
3.73686843,3.84642657,1.40683492,0.04141631,0.02829921,0.34458261,1.34624642,2.61313310,0.17422434,0.65012074
3.74287144,3.83411127,1.42079047,0.04148095,0.02753789,0.34604007,1.33588426,2.60859843,0.17132218,0.64256655
3.74887444,3.82316933,1.43463652,0.04152242,0.02675537,0.34742716,1.32735882,2.60364590,0.16836099,0.63544469
3.75487744,3.81328957,1.44802751,0.04153654,0.02596814,0.34869973,1.32037230,2.59809923,0.16538993,0.62874619
3.76088044,3.80415628,1.46061135,0.04151974,0.02519170,0.34981431,1.31464564,2.59180405,0.16245430,0.62245782
3.76688344,3.79545808,1.47203825,0.04146916,0.02444011,0.35072924,1.30992450,2.58463412,0.15959394,0.61656376
3.77288644,3.78689702,1.48196988,0.04138264,0.02372565,0.35140597,1.30598385,2.57649691,0.15684197,0.61104727
3.77888944,3.77819798,1.49008858,0.04125869,0.02305862,0.35181023,1.30263137,2.56733880,0.15422388,0.60589232
3.78489245,3.76911860,1.49610652,0.04109651,0.02244715,0.35191329,1.29970978,2.55714971,0.15175712,0.60108521
3.79089545,3.75945950,1.49977438,0.04089598,0.02189714,0.35169315,1.29709825,2.54596738,0.14945107,0.59661607
3.79689845,3.74907466,1.50088941,0.04065755,0.02141236,0.35113559,1.29471308,2.53388102,0.14730755,0.59248027
3.80290145,3.73788148,1.49930247,0.04038231,0.02099453,0.35023513,1.29250770,2.52103427,0.14532159,0.58867955
3.80890445,3.72587008,1.49492392,0.04007186,0.02064353,0.34899572,1.29047199,2.50762712,0.14348271,0.58522293
3.81490745,3.71311103,1.48772799,0.03972835,0.02035769,0.34743118,1.28863114,2.49391660,0.14177632,0.58212721
3.82091046,3.69976113,1.47775553,0.03935439,0.02013404,0.34556537,1.28704380,2.48021578,0.14018538,0.57941707
3.82691346,3.68606632,1.46511509,0.03895304,0.01996863,0.34343187,1.28579960,2.46689099,0.13869207,0.57712471
3.83291646,3.67236139,1.44998200,0.03852778,0.01985689,0.34107346,1.28501610,2.45435674,0.13727947,0.57528896
3.83891946,3.65906603,1.43259585,0.03808243,0.01979389,0.33854112,1.28483495,2.44306851,0.13593310,0.57395394
3.84492246,3.64667695,1.41325609,0.03762111,0.01977459,0.33589272,1.28541743,2.43351305,0.13464219,0.57316730
3.85092546,3.63575635,1.39231623,0.03714821,0.01979413,0.33319144,1.28693939,2.42619668,0.13340077,0.57297804
3.85692846,3.62691674,1.37017663,0.03666829,0.01984798,0.33050393,1.28958556,2.42163149,0.13220836,0.57343413
3.86293147,3.62080289,1.34727628,0.03618603,0.01993207,0.32789842,1.29354364,2.42032022,0.13107037,0.57458001
3.86893447,3.61807151,1.32408387,0.03570614,0.02004289,0.32544265,1.29899806,2.42274017,0.12999809,0.57645411
3.87493747,3.61936971,1.30108842,0.03523330,0.02017753,0.32320200,1.30612386,2.42932690,0.12900839,0.57908659
3.88094047,3.62531308,1.27878991,0.03477208,0.02033366,0.32123767,1.31508089,2.44045845,0.12812314,0.58249741
3.88694347,3.63646459,1.25769011,0.03432690,0.02050954,0.31960517,1.32600842,2.45644083,0.12736831,0.58669491
3.89294647,3.65331528,1.23828386,0.03390192,0.02070394,0.31835302,1.33902065,2.47749557,0.12677299,0.59167496
3.89894947,3.67626751,1.22105113,0.03350106,0.02091609,0.31752183,1.35420309,2.50374980,0.12636817,0.59742075
3.90495248,3.70562159,1.20644986,0.03312792,0.02114561,0.31714377,1.37160996,2.53522952,0.12618550,0.60390330
3.91095548,3.74156618,1.19490971,0.03278577,0.02139245,0.31724230,1.39126280,2.57185624,0.12625610,0.61108250
3.91695848,3.78417264,1.18682670,0.03247758,0.02165684,0.31783226,1.41315003,2.61344720,0.12660930,0.61890879
3.92296148,3.83339336,1.18255861,0.03220597,0.02193922,0.31892016,1.43722759,2.65971908,0.12727153,0.62732517
3.92896448,3.88906366,1.18242105,0.03197326,0.02224027,0.32050470,1.46342030,2.71029484,0.12826536,0.63626950
3.93496748,3.95090679,1.18668406,0.03178150,0.02256082,0.32257732,1.49162387,2.76471341,0.12960858,0.64567681
3.94097049,4.01854144,1.19556882,0.03163245,0.02290188,0.32512275,1.52170716,2.82244143,0.13131355,0.65548151
3.94697349,4.09149083,1.20924463,0.03152762,0.02326463,0.32811962,1.55351464,2.88288655,0.13338662,0.66561917
3.95297649,4.16919288,1.22782557,0.03146826,0.02365036,0.33154074,1.58686856,2.94541159,0.13582774,0.67602794
3.95897949,4.25101049,1.25136713,0.03145537,0.02406049,0.33535342,1.62157093,3.00934862,0.13863027,0.68664920
3.96498249,4.33624150,1.27986238,0.03148967,0.02449650,0.33951946,1.65740495,3.07401263,0.14178085,0.69742763
3.97098549,4.42412782,1.31323794,0.03157152,0.02495986,0.34399510,1.69413597,3.13871405,0.14525952,0.70831047
3.97698849,4.51386343,1.35134978,0.03170093,0.02545198,0.34873079,1.73151192,3.20276974,0.14903987,0.71924613
3.98299150,4.60460122,1.39397899,0.03187743,0.02597405,0.35367086,1.76926338,3.26551218,0.15308935,0.73018227
3.98899450,4.69545866,1.44082793,0.03210002,0.02652693,0.35875331,1.80710338,3.32629673,0.15736975,0.74106338
3.99499750,4.78552273,1.49151696,0.03236704,0.02711098,0.36390959,1.84472720,3.38450691,0.16183771,0.75182813
4.00100050,4.87385416,1.54558224,0.03267610,0.02772592,0.36906461,1.88181230,3.43955797,0.16644533,0.76240678
4.00700350,4.95949172,1.60247492,0.03302398,0.02837062,0.37413701,1.91801867,3.49089876,0.17114090,0.77271863
4.01300650,5.04145673,1.66156229,0.03340654,0.02904298,0.37903971,1.95298983,3.53801239,0.17586966,0.78267010
4.01900950,5.11875839,1.72213109,0.03381868,0.02973971,0.38368081,1.98635462,3.58041592,0.18057462,0.79215321
4.02501251,5.19040024,1.78339336,0.03425424,0.03045624,0.38796488,2.01772983,3.61765947,0.18519741,0.80104507
4.03101551,5.25538791,1.84449509,0.03470605,0.03118662,0.39179454,2.04672390,3.64932511,0.18967915,0.80920809
4.03701851,5.31273852,1.90452772,0.03516591,0.03192344,0.39507243,2.07294154,3.67502582,0.19396127,0.81649134
4.04302151,5.36149163,1.96254246,0.03562467,0.03265787,0.39770332,2.09598923,3.69440488,0.19798638,0.82273275
4.04902451,5.40072182,2.01756729,0.03607233,0.03337968,0.39959640,2.11548165,3.70713586,0.20169903,0.82776236
4.05502751,5.42955262,2.06862629,0.03649816,0.03407738,0.40066771,2.13104861,3.71292348,0.20504649,0.83140637
4.06103052,5.44717173,2.11476091,0.03689093,0.03473842,0.40084238,2.14234260,3.71150545,0.20797940,0.83349192
4.06703352,5.45284715,2.15505250,0.03723909,0.03534940,0.40005688,2.14904657,3.70265533,0.21045249,0.83385239
4.07303652,5.44594391,2.18864551,0.03753106,0.03589643,0.39826089,2.15088184,3.68618665,0.21242510,0.83233296
4.07903952,5.42594111,2.21477060,0.03775550,0.03636545,0.39541903,2.14761597,3.66195805,0.21386179,0.82879633
4.08504252,5.39244879,2.23276680,0.03790166,0.03674263,0.39151205,2.13907034,3.62987954,0.21473285,0.82312827
4.09104552,5.34522436,2.24210199,0.03795967,0.03701484,0.38653778,2.12512741,3.58991977,0.21501478,0.81524281
4.09704852,5.28418806,2.24239095,0.03792088,0.03717004,0.38051154,2.10573737,3.54211405,0.21469078,0.80508684
4.10305153,5.20943706,2.23341015,0.03777822,0.03719769,0.37346623,2.08092418,3.48657297,0.21375121,0.79264400
4.10905453,5.12125782,2.21510892,0.03752650,0.03708924,0.36545198,2.05079076,3.42349133,0.21219400,0.77793765
4.11505753,5.02013614,2.18761630,0.03716265,0.03683840,0.35653543,2.01552326,3.35315695,0.21002502,0.76103286
4.12106053,4.90676444,2.15124343,0.03668603,0.03644149,0.34679881,1.97539418,3.27595903,0.20725840,0.74203724
4.12706353,4.78204585,2.10648127,0.03609857,0.03589764,0.33633858,1.93076431,3.19239550,0.20391674,0.72110074
4.13306653,4.64709456,2.05399366,0.03540492,0.03520896,0.32526402,1.88208317,3.10307894,0.20003124,0.69841427
4.13906953,4.50323197,1.99460594,0.03461251,0.03438055,0.31369555,1.82988788,3.00874049,0.19564159,0.67420723
4.14507254,4.35197835,1.92928948,0.03373153,0.03342044,0.30176294,1.77480022,2.91023120,0.19079574,0.64874406
4.15107554,4.19503954,1.85914253,0.03277481,0.03233946,0.28960343,1.71752177,2.80852050,0.18554944,0.62231979
4.15707854,4.03428863,1.78536804,0.03175768,0.03115097,0.27735976,1.65882697,2.70469112,0.17996551,0.59525486
4.16308154,3.87174238,1.70924897,0.03069769,0.02987051,0.26517809,1.59955390,2.59993036,0.17411290,0.56788926
4.16908454,3.70953268,1.63212195,0.02961425,0.02851538,0.25320589,1.54059297,2.49551730,0.16806550,0.54057602
4.17508754,3.54987300,1.55534977,0.02852829,0.02710420,0.24158981,1.48287323,2.39280598,0.16190069,0.51367451
4.18109055,3.39502056,1.48029354,0.02746171,0.02565639,0.23047336,1.42734669,2.29320464,0.15569779,0.48754335
4.18709355,3.24723460,1.40828508,0.02643695,0.02419163,0.21999469,1.37497063,2.19815114,0.14953625,0.46253337
4.19309655,3.10873178,1.34060013,0.02547636,0.02272937,0.21028421,1.32668825,2.10908502,0.14349388,0.43898060
4.19909955,2.98163942,1.27843281,0.02460171,0.02128834,0.20146226,1.28340811,2.02741689,0.13764499,0.41719946
4.20510255,2.86794796,1.22287197,0.02383355,0.01988608,0.19363674,1.24598274,1.95449568,0.13205867,0.39747643
4.21110555,2.76946373,1.17487954,0.02319068,0.01853860,0.18690080,1.21518699,1.89157483,0.12679713,0.38006413
4.21710855,2.68776348,1.13527144,0.02268962,0.01726004,0.18133067,1.19169686,1.83977831,0.12191431,0.36517607
4.22311156,2.62415205,1.10470114,0.02234411,0.01606246,0.17698360,1.17606940,1.80006759,0.11745478,0.35298219
4.22911456,2.57962463,1.08364634,0.02216469,0.01495573,0.17389606,1.16872445,1.77321083,0.11345294,0.34360524
4.23511756,2.55483502,1.07239871,0.02215835,0.01394744,0.17208233,1.16992898,1.75975537,0.10993260,0.33711819
4.24112056,2.55007122,1.07105718,0.02232828,0.01304298,0.17153339,1.17978479,1.76000467,0.10690692,0.33354268
4.24712356,2.56523961,1.07952492,0.02267368,0.01224563,0.17221637,1.19822007,1.77400097,0.10437877,0.33284870
4.25312656,2.59985871,1.09751009,0.02318974,0.01155676,0.17407459,1.22498567,1.80151447,0.10234146,0.33495545
4.25912956,2.65306324,1.12453073,0.02386767,0.01097605,0.17702818,1.25965622,1.84203988,0.10077973,0.33973356
4.26513257,2.72361907,1.15992380,0.02469493,0.01050179,0.18097540,1.30163661,1.89480109,0.09967109,0.34700851
4.27113557,2.80994911,1.20285855,0.02565546,0.01013116,0.18579466,1.35017386,1.95876405,0.09898737,0.35656544
4.27713857,2.91016996,1.25235409,0.02673013,0.00986057,0.19134721,1.40437420,2.03265797,0.09869635,0.36815502
4.28314157,3.02213850,1.30730117,0.02789726,0.00968593,0.19748053,1.46322506,2.11500468,0.09876356,0.38150053
4.28914457,3.14350744,1.36648771,0.02913317,0.00960295,0.20403223,1.52562139,2.20415519,0.09915396,0.39630577
4.29514757,3.27178822,1.42862790,0.03041288,0.00960742,0.21083448,1.59039554,2.29833271,0.09983361,0.41226368
4.30115058,3.40441934,1.49239398,0.03171082,0.00969541,0.21771873,1.65634954,2.39568066,0.10077121,0.42906544
4.30715358,3.53883779,1.55645013,0.03300157,0.00986343,0.22452067,1.72228885,2.49431402,0.10193933,0.44640954
4.31315658,3.67255118,1.61948744,0.03426062,0.01010860,0.23108510,1.78705610,2.59237234,0.10331549,0.46401079
4.31915958,3.80320771,1.68025888,0.03546505,0.01042864,0.23727067,1.84956353,2.68807225,0.10488288,0.48160862
4.32516258,3.92866138,1.73761316,0.03659420,0.01082196,0.24295420,1.90882297,2.77975744,0.10663078,0.49897452
4.33116558,4.04702984,1.79052624,0.03763027,0.01128759,0.24803437,1.96397183,2.86594425,0.10855467,0.51591813
4.33716858,4.15674244,1.83812930,0.03855876,0.01182508,0.25243477,2.01429432,2.94536088,0.11065598,0.53229186
4.34317159,4.25657650,1.87973214,0.03936887,0.01243437,0.25610592,2.05923685,3.01697859,0.11294157,0.54799361
4.34917459,4.34568043,1.91484091,0.04005363,0.01311566,0.25902641,2.09841711,3.08003386,0.11542289,0.56296766
4.35517759,4.42358252,1.94316951,0.04061006,0.01386915,0.26120291,2.13162644,3.13404042,0.11811495,0.57720342
4.36118059,4.49018550,1.96464412,0.04103905,0.01469490,0.26266919,2.15882578,3.17879089,0.12103502,0.59073227
4.36718359,4.54574696,1.97940057,0.04134513,0.01559253,0.26348403,2.18013521,3.21434826,0.12420124,0.60362252
4.37318659,4.59084690,1.98777465,0.04153618,0.01656103,0.26372830,2.19581815,3.24102766,0.12763113,0.61597273
4.37918959,4.62634400,1.99028568,0.04162291,0.01759856,0.26350119,2.20626078,3.25936957,0.13134004,0.62790373
4.38519260,4.65332294,1.98761397,0.04161837,0.01870219,0.26291584,2.21194816,3.27010593,0.13533962,0.63954972
4.39119560,4.67303510,1.98057307,0.04153735,0.01986779,0.26209454,2.21343805,3.27412095,0.13963640,0.65104886
4.39719860,4.68683580,1.97007793,0.04139570,0.02108986,0.26116373,2.21133395,3.27240843,0.14423049,0.66253382
4.40320160,4.69612076,1.95711017,0.04120973,0.02236144,0.26024902,2.20625857,3.26602789,0.14911443,0.67412282
4.40920460,4.70226466,1.94268179,0.04099556,0.02367404,0.25947045,2.19882891,3.25606116,0.15427228,0.68591147
4.41520760,4.70656456,1.92779878,0.04076858,0.02501771,0.25893812,2.18963413,3.24357173,0.15967897,0.69796598
4.42121061,4.71019033,1.91342594,0.04054290,0.02638104,0.25874851,2.17921686,3.22956808,0.16529989,0.71031786
4.42721361,4.71414389,1.90045406,0.04033100,0.02775126,0.25898136,2.16805862,3.21497256,0.17109086,0.72296052
4.43321661,4.71922864,1.88967078,0.04014333,0.02911449,0.25969755,2.15656970,3.20059676,0.17699830,0.73584783
4.43921961,4.72602974,1.88173599,0.03998813,0.03045588,0.26093760,2.14508343,3.18712373,0.18295985,0.74889462
4.44522261,4.73490537,1.87716246,0.03987131,0.03175991,0.26272124,2.13385469,3.17509745,0.18890515,0.76197918
4.45122561,4.74598860,1.87630242,0.03979640,0.03301068,0.26504761,2.12306232,3.16491910,0.19475703,0.77494749
4.45722861,4.75919907,1.87934023,0.03976466,0.03419226,0.26789631,2.11281471,3.15684976,0.20043298,0.78761899
4.46323162,4.77426307,1.88629139,0.03977520,0.03528904,0.27122902,2.10315806,3.15101861,0.20584678,0.79979353
4.46923462,4.79074066,1.89700755,0.03982521,0.03628611,0.27499170,2.09408638,3.14743563,0.21091046,0.81125915
4.47523762,4.80805792,1.91118746,0.03991021,0.03716963,0.27911712,2.08555270,3.14600763,0.21553634,0.82180040
4.48124062,4.82554256,1.92839309,0.04002435,0.03792716,0.28352766,2.07748057,3.14655654,0.21963925,0.83120661
4.48724362,4.84246119,1.94807034,0.04016074,0.03854808,0.28813826,2.06977538,3.14883859,0.22313879,0.83927993
4.49324662,4.85805629,1.96957351,0.04031175,0.03902379,0.29285938,2.06233497,3.15256353,0.22596161,0.84584269
4.49924962,4.87158155,1.99219253,0.04046934,0.03934808,0.29759981,2.05505908,3.15741282,0.22804360,0.85074377
4.50525263,4.88233427,2.01518193,0.04062538,0.03951727,0.30226940,2.04785741,3.16305616,0.22933193,0.85386390
4.51125563,4.88968358,2.03779053,0.04077187,0.03953037,0.30678143,2.04065624,3.16916570,0.22978692,0.85511952
4.51725863,4.89309409,2.05929070,0.04090125,0.03938921,0.31105482,2.03340351,3.17542772,0.22938357,0.85446527
4.52326163,4.89214412,2.07900610,0.04100656,0.03909839,0.31501592,2.02607245,3.18155163,0.22811280,0.85189504
4.52926463,4.88653874,2.09633705,0.04108166,0.03866528,0.31860005,2.01866395,3.18727628,0.22598221,0.84744167
4.53526763,4.87611739,2.11078256,0.04112134,0.03809985,0.32175267,2.01120789,3.19237400,0.22301650,0.84117533
4.54127064,4.86085658,2.12195826,0.04112147,0.03741447,0.32443029,2.00376359,3.19665250,0.21925729,0.83320084
4.54727364,4.84086816,2.12960977,0.04107902,0.03662368,0.32660102,1.99641960,3.19995519,0.21476254,0.82365409
4.55327664,4.81639364,2.13362114,0.04099220,0.03574384,0.32824493,1.98929309,3.20216041,0.20960546,0.81269780
4.55927964,4.78779539,2.13401807,0.04086040,0.03479283,0.32935408,1.98252888,3.20317993,0.20387299,0.80051679
4.56528264,4.75554537,2.13096616,0.04068421,0.03378958,0.32993239,1.97629824,3.20295734,0.19766382,0.78731311
4.57128564,4.72021210,2.12476429,0.04046545,0.03275376,0.32999519,1.97079755,3.20146638,0.19108617,0.77330107
4.57728864,4.68244646,2.11583367,0.04020704,0.03170527,0.32956871,1.96624666,3.19870983,0.18425516,0.75870252
4.58329165,4.64296690,2.10470300,0.03991303,0.03066396,0.32868925,1.96288693,3.19471879,0.17729015,0.74374246
4.58929465,4.60254439,2.09199054,0.03958841,0.02964913,0.32740222,1.96097883,3.18955251,0.17031190,0.72864494
4.59529765,4.56198750,2.07838370,0.03923911,0.02867927,0.32576105,1.96079882,3.18329864,0.16343977,0.71362962
4.60130065,4.52212758,2.06461709,0.03887180,0.02777175,0.32382583,1.96263544,3.17607360,0.15678900,0.69890872
4.60730365,4.48380417,2.05144952,0.03849377,0.02694251,0.32166196,1.96678432,3.16802293,0.15046827,0.68468445
4.61330665,4.44785061,2.03964095,0.03811277,0.02620591,0.31933853,1.97354210,3.15932107,0.14457733,0.67114690
4.61930965,4.41507950,2.02992965,0.03773684,0.02557458,0.31692668,1.98319893,3.15017028,0.13920518,0.65847233
4.62531266,4.38626814,2.02301049,0.03737407,0.02505928,0.31449787,1.99602987,3.14079842,0.13442839,0.64682168
4.63131566,4.36214354,2.01951443,0.03703244,0.02466889,0.31212215,2.01228487,3.13145514,0.13030998,0.63633925
4.63731866,4.34336713,2.01998989,0.03671955,0.02441040,0.30986641,2.03217787,3.12240632,0.12689860,0.62715162
4.64332166,4.33051909,2.02488604,0.03644243,0.02428888,0.30779268,2.05587515,3.11392684,0.12422813,0.61936648
4.64932466,4.32408258,2.03453841,0.03620729,0.02430761,0.30595659,2.08348330,3.10629147,0.12231765,0.61307158
4.65532766,4.32442802,2.04915695,0.03601930,0.02446804,0.30440600,2.11503754,3.09976430,0.12117179,0.60833362
4.66133067,4.33179807,2.06881677,0.03588243,0.02476996,0.30317976,2.15049074,3.09458704,0.12078131,0.60519720
4.66733367,4.34629381,2.09345179,0.03579922,0.02521145,0.30230685,2.18970401,3.09096666,0.12112402,0.60368380
4.67333667,4.36786285,2.12285147,0.03577066,0.02578905,0.30180574,2.23243948,3.08906299,0.12216589,0.60379093
4.67933967,4.39629020,2.15666092,0.03579612,0.02649771,0.30168409,2.27835582,3.08897702,0.12386231,0.60549141
4.68534267,4.43119265,2.19438449,0.03587326,0.02733085,0.30193882,2.32700721,3.09074058,0.12615948,0.60873309
4.69134567,4.47201736,2.23539324,0.03599804,0.02828039,0.30255654,2.37784621,3.09430807,0.12899593,0.61343878
4.69734867,4.51804542,2.27893608,0.03616481,0.02933675,0.30351422,2.43023071,3.09955103,0.13230395,0.61950689
4.70335168,4.56840065,2.32415502,0.03636639,0.03048885,0.30478033,2.48343523,3.10625579,0.13601118,0.62681240
4.70935468,4.62206398,2.37010406,0.03659428,0.03172413,0.30631608,2.53666631,3.11412489,0.14004205,0.63520862
4.71535768,4.67789341,2.41577170,0.03683889,0.03302858,0.30807699,2.58908172,3.12278211,0.14431918,0.64452946
4.72136068,4.73464896,2.46010650,0.03708981,0.03438681,0.31001460,2.63981288,3.13178141,0.14876476,0.65459232
4.72736368,4.79102238,2.50204510,0.03733610,0.03578211,0.31207821,2.68798976,3.14061918,0.15330177,0.66520158
4.73336668,4.84567033,2.54054190,0.03756669,0.03719666,0.31421671,2.73276719,3.14874973,0.15785509,0.67615249
4.73936968,4.89725021,2.57459940,0.03777068,0.03861164,0.31638029,2.77335164,3.15560310,0.16235255,0.68723554
4.74537269,4.94445718,2.60329810,0.03793771,0.04000752,0.31852211,2.80902723,3.16060453,0.16672578,0.69824092
4.75137569,4.98606096,2.62582482,0.03805832,0.04136438,0.32059973,2.83917985,3.16319488,0.17091099,0.70896316
4.75737869,5.02094114,2.64149826,0.03812418,0.04266219,0.32257634,2.86331832,3.16285079,0.17484964,0.71920572
4.76338169,5.04811930,2.64979071,0.03812844,0.04388127,0.32442174,2.88109163,3.15910398,0.17848896,0.72878533
4.76938469,5.06678709,2.65034489,0.03806587,0.04500267,0.32611306,2.89230147,3.15155867,0.18178241,0.73753596
4.77538769,5.07632876,2.64298517,0.03793306,0.04600864,0.32763515,2.89690956,3.13990641,0.18469002,0.74531235
4.78139070,5.07633764,2.62772266,0.03772846,0.04688302,0.32898076,2.89503933,3.12393779,0.18717868,0.75199296
4.78739370,5.06662586,2.60475381,0.03745241,0.04761172,0.33015037,2.88697218,3.10355046,0.18922238,0.75748219
4.79339670,5.04722706,2.57445270,0.03710711,0.04818305,0.33115188,2.87313815,3.07875335,0.19080234,0.76171201
4.79939970,5.01839222,2.53735724,0.03669647,0.04858806,0.33199996,2.85410189,3.04966691,0.19190713,0.76464269
4.80540270,4.98057876,2.49414997,0.03622597,0.04882080,0.33271531,2.83054410,3.01651949,0.19253274,0.76626285
4.81140570,4.93443367,2.44563435,0.03570242,0.04887848,0.33332375,2.80323969,2.97964021,0.19268257,0.76658885
4.81740870,4.88077134,2.39270751,0.03513371,0.04876155,0.33385507,2.77303319,2.93944855,0.19236739,0.76566330
4.82341171,4.82054695,2.33633077,0.03452857,0.04847364,0.33434193,2.74081256,2.89644131,0.19160517,0.76355308
4.82941471,4.75482665,2.27749913,0.03389622,0.04802148,0.33481856,2.70748235,2.85117749,0.19042091,0.76034670
4.83541771,4.68475538,2.21721097,0.03324609,0.04741462,0.33531938,2.67393697,2.80426164,0.18884625,0.75615116
4.84142071,4.61152372,2.15643918,0.03258755,0.04666516,0.33587772,2.64103519,2.75632633,0.18691903,0.75108839
4.84742371,4.53633453,2.09610480,0.03192963,0.04578736,0.33652431,2.60957631,2.70801445,0.18468270,0.74529138
4.85342671,4.46037073,2.03705405,0.03128076,0.04479716,0.33728599,2.58027896,2.65996184,0.18218558,0.73890011
4.85942971,4.38476496,1.98003945,0.03064856,0.04371175,0.33818430,2.55376282,2.61278078,0.17947993,0.73205731
4.86543272,4.31057206,1.92570556,0.03003966,0.04254904,0.33923429,2.53053387,2.56704495,0.17662100,0.72490434
4.87143572,4.23874523,1.87457952,0.02945959,0.04132717,0.34044339,2.51097337,2.52327616,0.17366582,0.71757715
4.87743872,4.17011628,1.82706660,0.02891263,0.04006406,0.34181056,2.49533090,2.48193330,0.17067203,0.71020265
4.88344172,4.10538079,1.78345047,0.02840182,0.03877694,0.34332562,2.48372150,2.44340379,0.16769658,0.70289536
4.88944472,4.04508833,1.74389790,0.02792892,0.03748201,0.34496899,2.47612698,2.40799762,0.16479442,0.69575476
4.89544772,3.98963803,1.70846758,0.02749446,0.03619412,0.34671174,2.47240142,2.37594436,0.16201732,0.68886325
4.90145073,3.93927970,1.67712215,0.02709780,0.03492653,0.34851610,2.47228056,2.34739292,0.15941269,0.68228486
4.90745373,3.89412011,1.64974318,0.02673730,0.03369077,0.35033642,2.47539489,2.32241418,0.15702259,0.67606488
4.91345673,3.85413436,1.62614790,0.02641037,0.03249654,0.35212050,2.48128608,2.30100632,0.15488291,0.67023021
4.91945973,3.81918168,1.60610729,0.02611375,0.03135174,0.35381139,2.48942618,2.28310251,0.15302276,0.66479069
4.92546273,3.78902491,1.58936444,0.02584361,0.03026252,0.35534956,2.49923894,2.26858066,0.15146410,0.65974105
4.93146573,3.76335289,1.57565260,0.02559583,0.02923336,0.35667528,2.51012257,2.25727482,0.15022161,0.65506366
4.93746873,3.74180451,1.56471194,0.02536614,0.02826733,0.35773121,2.52147298,2.24898760,0.14930277,0.65073165
4.94347174,3.72399327,1.55630455,0.02515036,0.02736616,0.35846500,2.53270665,2.24350295,0.14870820,0.64671245
4.94947474,3.70953122,1.55022688,0.02494461,0.02653057,0.35883182,2.54328206,2.24059883,0.14843210,0.64297138
4.95547774,3.69805081,1.54631914,0.02474543,0.02576038,0.35879662,2.55271883,2.24005884,0.14846290,0.63947508
4.96148074,3.68922364,1.54447135,0.02454995,0.02505480,0.35833598,2.56061358,2.24168233,0.14878395,0.63619469
4.96748374,3.68277496,1.54462566,0.02435601,0.02441254,0.35743953,2.56665183,2.24529237,0.14937425,0.63310837
4.97348674,3.67849324,1.54677498,0.02416221,0.02383201,0.35611071,2.57061525,2.25074103,0.15020924,0.63020320
4.97948974,3.67623421,1.55095794,0.02396796,0.02331144,0.35436692,2.57238402,2.25791176,0.15126144,0.62747619
4.98549275,3.67591920,1.55725051,0.02377347,0.02284898,0.35223901,2.57193414,2.26671862,0.15250116,0.62493439
4.99149575,3.67752805,1.56575473,0.02357968,0.02244271,0.34977007,2.56932991,2.27710249,0.15389696,0.62259421
4.99749875,3.68108708,1.57658520,0.02338820,0.02209070,0.34701371,2.56471203,2.28902445,0.15541622,0.62047976
5.00350175,3.68665303,1.58985407,0.02320122,0.02179102,0.34403176,2.55828217,2.30245681,0.15702547,0.61862066
5.00950475,3.69429417,1.60565547,0.02302132,0.02154166,0.34089179,2.55028488,2.31737249,0.15869073,0.61704919
5.01550775,3.70407000,1.62405022,0.02285139,0.02134054,0.33766422,2.54098803,2.33373343,0.16037786,0.61579728
5.02151076,3.71601098,1.64505185,0.02269442,0.02118546,0.33441958,2.53066308,2.35147898,0.16205284,0.61489334
5.02751376,3.73009990,1.66861483,0.02255340,0.02107401,0.33122581,2.51956632,2.37051509,0.16368214,0.61435935
5.03351676,3.74625633,1.69462562,0.02243118,0.02100362,0.32814588,2.50792240,2.39070529,0.16523312,0.61420829
5.03951976,3.76432528,1.72289745,0.02233033,0.02097147,0.32523581,2.49591103,2.41186416,0.16667451,0.61444229
5.04552276,3.78407111,1.75316893,0.02225308,0.02097451,0.32254318,2.48365787,2.43375389,0.16797702,0.61505141
5.05152576,3.80517726,1.78510694,0.02220125,0.02100951,0.32010629,2.47122983,2.45608440,0.16911400,0.61601340
5.05752876,3.82725189,1.81831352,0.02217620,0.02107308,0.31795382,2.45863533,2.47851729,0.17006214,0.61729427
5.06353177,3.84983931,1.85233652,0.02217888,0.02116172,0.31610514,2.44582909,2.50067329,0.17080231,0.61884969
5.06953477,3.87243632,1.88668350,0.02220978,0.02127193,0.31457105,2.43272125,2.52214318,0.17132033,0.62062718
5.07553777,3.89451272,1.92083791,0.02226902,0.02140029,0.31335503,2.41918987,2.54250138,0.17160766,0.62256887
5.08154077,3.91553440,1.95427688,0.02235639,0.02154355,0.31245473,2.40509609,2.56132163,0.17166210,0.62461454
5.08754377,3.93498769,1.98648936,0.02247142,0.02169872,0.31186364,2.39030063,2.57819370,0.17148822,0.62670500
5.09354677,3.95240339,2.01699379,0.02261341,0.02186319,0.31157278,2.37468053,2.59274028,0.17109767,0.62878520
5.09954977,3.96737877,2.04535409,0.02278154,0.02203479,0.31157232,2.35814499,2.60463293,0.17050916,0.63080712
5.10555278,3.97959639,2.07119329,0.02297484,0.02221184,0.31185289,2.34064912,2.61360630,0.16974826,0.63273215
5.11155578,3.98883829,2.09420388,0.02319228,0.02239323,0.31240660,2.32220473,2.61946968,0.16884681,0.63453276
5.11755878,3.99499505,2.11415464,0.02343276,0.02257840,0.31322767,2.30288751,2.62211539,0.16784206,0.63619334
5.12356178,3.99806890,2.13089340,0.02369507,0.02276736,0.31431253,2.28284007,2.62152352,0.16677555,0.63771023
5.12956478,3.99817117,2.14434603,0.02397787,0.02296068,0.31565952,2.26227077,2.61776287,0.16569170,0.63909089
5.13556778,3.99551409,2.15451166,0.02427966,0.02315942,0.31726818,2.24144853,2.61098823,0.16463619,0.64035230
5.14157079,3.99039798,2.16145492,0.02459871,0.02336508,0.31913805,2.22069393,2.60143434,0.16365430,0.64151867
5.14757379,3.98319451,2.16529552,0.02493301,0.02357956,0.32126736,2.20036743,2.58940698,0.16278900,0.64261868
5.15357679,3.97432748,2.16619630,0.02528017,0.02380506,0.32365139,2.18085532,2.57527192,0.16207927,0.64368247
5.15957979,3.96425243,2.16435049,0.02563742,0.02404400,0.32628086,2.16255460,2.55944256,0.16155833,0.64473856
5.16558279,3.95343634,2.15996896,0.02600157,0.02429898,0.32914043,2.14585752,2.54236693,0.16125220,0.64581091
5.17158579,3.94233888,2.15326860,0.02636895,0.02457266,0.33220731,2.13113693,2.52451496,0.16117842,0.64691645
5.17758879,3.93139620,2.14446216,0.02673548,0.02486773,0.33545031,2.11873309,2.50636664,0.16134515,0.64806316
5.18359180,3.92100822,2.13375043,0.02709671,0.02518684,0.33882920,2.10894284,2.48840163,0.16175066,0.64924886
5.18959480,3.91152990,2.12131694,0.02744785,0.02553256,0.34229468,2.10201142,2.47109061,0.16238311,0.65046088
5.19559780,3.90326673,2.10732539,0.02778392,0.02590729,0.34578876,2.09812728,2.45488868,0.16322095,0.65167655
5.20160080,3.89647433,2.09191967,0.02809986,0.02631325,0.34924582,2.09741995,2.44023057,0.16423355,0.65286459
5.20760380,3.89136159,2.07522636,0.02839066,0.02675242,0.35259404,2.09996067,2.42752760,0.16538234,0.65398714
5.21360680,3.88809666,2.05735906,0.02865155,0.02722643,0.35575744,2.10576542,2.41716585,0.16662219,0.65500248
5.21960980,3.88681474,2.03842414,0.02887813,0.02773656,0.35865811,2.11479982,2.40950497,0.16790313,0.65586806
5.22561281,3.88762655,2.01852718,0.02906655,0.02828362,0.36121885,2.12698517,2.40487724,0.16917225,0.65654374
5.23161581,3.89062631,1.99777941,0.02921362,0.02886784,0.36336584,2.14220503,2.40358599,0.17037564,0.65699490
5.23761881,3.89589813,1.97630355,0.02931698,0.02948877,0.36503123,2.16031150,2.40590305,0.17146038,0.65719525
5.24362181,3.90351978,1.95423842,0.02937510,0.03014519,0.36615569,2.18113077,2.41206461,0.17237642,0.65712893
5.24962481,3.91356322,1.93174183,0.02938743,0.03083497,0.36669049,2.20446736,2.42226534,0.17307831,0.65679200
5.25562781,3.92609142,1.90899159,0.02935431,0.03155497,0.36659928,2.23010677,2.43665064,0.17352656,0.65619289
5.26163082,3.94115152,1.88618442,0.02927701,0.03230092,0.36585922,2.25781653,2.45530719,0.17368885,0.65535186
5.26763382,3.95876451,1.86353279,0.02915765,0.03306738,0.36446165,2.28734566,2.47825223,0.17354073,0.65429948
5.27363682,3.97891240,1.84126014,0.02899904,0.03384772,0.36241206,2.31842301,2.50542213,0.17306606,0.65307421
5.27963982,4.00152368,1.81959470,0.02880462,0.03463409,0.35972950,2.35075490,2.53666123,0.17225699,0.65171911
5.28564282,4.02645863,1.79876264,0.02857828,0.03541757,0.35644547,2.38402267,2.57171173,0.17111370,0.65027811
5.29164582,4.05349579,1.77898107,0.02832420,0.03618825,0.35260233,2.41788104,2.61020585,0.16964375,0.64879194
5.29764882,4.08232121,1.76045171,0.02804671,0.03693551,0.34825142,2.45195783,2.65166116,0.16786130,0.64729406
5.30365183,4.11252204,1.74335578,0.02775015,0.03764828,0.34345093,2.48585582,2.69548022,0.16578612,0.64580700
5.30965483,4.14358567,1.72785081,0.02743874,0.03831542,0.33826377,2.51915732,2.74095518,0.16344260,0.64433933
5.31565783,4.17490544,1.71406981,0.02711652,0.03892614,0.33275547,2.55143169,2.78727799,0.16085867,0.64288358
5.32166083,4.20579364,1.70212313,0.02678729,0.03947052,0.32699240,2.58224613,2.83355644,0.15806493,0.64141532
5.32766383,4.23550171,1.69210305,0.02645463,0.03993995,0.32104018,2.61117943,2.87883599,0.15509384,0.63989358
5.33366683,4.26324747,1.68409115,0.02612187,0.04032772,0.31496267,2.63783834,2.92212689,0.15197917,0.63826261
5.33966983,4.28824829,1.67816792,0.02579226,0.04062949,0.30882122,2.66187581,2.96243571,0.14875559,0.63645499
5.34567284,4.30975887,1.67442420,0.02546897,0.04084378,0.30267458,2.68301027,2.99880028,0.14545855,0.63439601
5.35167584,4.32711178,1.67297364,0.02515529,0.04097233,0.29657907,2.70104466,3.03032629,0.14212431,0.63200896
5.35767884,4.33975853,1.67396533,0.02485470,0.04102046,0.29058921,2.71588417,3.05622419,0.13879015,0.62922121
5.36368184,4.34730893,1.67759561,0.02457102,0.04099722,0.28475857,2.72755124,3.07584438,0.13549471,0.62597054
5.36968484,4.34956622,1.68411801,0.02430854,0.04091544,0.27914076,2.73619679,3.08870893,0.13227832,0.62221152
5.37568784,4.34655574,1.69385047,0.02407205,0.04079167,0.27379048,2.74210647,3.09453817,0.12918335,0.61792138
5.38169085,4.33854519,1.70717884,0.02386691,0.04064587,0.26876435,2.74570117,3.09327056,0.12625446,0.61310507
5.38769385,4.32605468,1.72455619,0.02369902,0.04050106,0.26412162,2.74753135,3.08507469,0.12353867,0.60779920
5.39369685,4.30985567,1.74649726,0.02357480,0.04038270,0.25992443,2.74826480,3.07035248,0.12108522,0.60207441
5.39969985,4.29095819,1.77356802,0.02350099,0.04031808,0.25623771,2.74866825,3.04973323,0.11894526,0.59603627
5.40570285,4.27058647,1.80637045,0.02348455,0.04033544,0.25312862,2.74958328,3.02405851,0.11717116,0.58982427
5.41170585,4.25014384,1.84552293,0.02353241,0.04046317,0.25066546,2.75189749,2.99435841,0.11581567,0.58360917
5.41770885,4.23116814,1.89163681,0.02365120,0.04072883,0.24891616,2.75651217,2.96181999,0.11493081,0.57758865
5.42371186,4.21527967,1.94529034,0.02384696,0.04115827,0.24794641,2.76430791,2.92774930,0.11456654,0.57198153
5.42971486,4.20412381,2.00700087,0.02412485,0.04177469,0.24781747,2.77610969,2.89352849,0.11476938,0.56702072
5.43571786,4.19931098,2.07719661,0.02448886,0.04259786,0.24858375,2.79265324,2.86056981,0.11558084,0.56294536
5.44172086,4.20235644,2.15618932,0.02494152,0.04364333,0.25029037,2.81455405,2.83026833,0.11703598,0.55999240
5.44772386,4.21462269,2.24414907,0.02548365,0.04492190,0.25297079,2.84228057,2.80395539,0.11916199,0.55838801
5.45372686,4.23726672,2.34108236,0.02611417,0.04643911,0.25664456,2.87613274,2.78285440,0.12197691,0.55833922
5.45972986,4.27119434,2.44681446,0.02682999,0.04819502,0.26131546,2.91622669,2.76804075,0.12548860,0.56002613
5.46573287,4.31702312,2.56097689,0.02762592,0.05018410,0.26696996,2.96248626,2.76040705,0.12969390,0.56359498
5.47173587,4.37505524,2.68300037,0.02849467,0.05239531,0.27357616,3.01464127,2.76063485,0.13457819,0.56915222
5.47773887,4.44526097,2.81211373,0.02942699,0.05481240,0.28108334,3.07223261,2.76917362,0.14011514,0.57675997
5.48374187,4.52727274,2.94734853,0.03041176,0.05741428,0.28942191,3.13462342,2.78622716,0.14626684,0.58643283
5.48974487,4.62038976,3.08754933,0.03143625,0.06017560,0.29850402,3.20101569,2.81174787,0.15298424,0.59813601
5.49574787,4.72359243,3.23138905,0.03248642,0.06306738,0.30822464,3.27047129,2.84543840,0.16020775,0.61178504
5.50175088,4.83556539,3.37738887,0.03354720,0.06605779,0.31846312,3.34193628,2.88676048,0.16786825,0.62724675
5.50775388,4.95472821,3.52394193,0.03460288,0.06911289,0.32908518,3.41426742,2.93495009,0.17588813,0.64434150
5.51375688,5.07927228,3.66934024,0.03563747,0.07219740,0.33994529,3.48625975,2.98903854,0.18418258,0.66284659
5.51975988,5.20720244,3.81180386,0.03663510,0.07527554,0.35088925,3.55667434,3.04787831,0.19266095,0.68250067
5.52576288,5.33638216,3.94951190,0.03758036,0.07831169,0.36175712,3.62426523,3.11017304,0.20122825,0.70300899
5.53176588,5.46458098,4.08063456,0.03845871,0.08127110,0.37238617,3.68780506,3.17451067,0.20978657,0.72404941
5.53776888,5.58952300,4.20336583,0.03925670,0.08412047,0.38261396,3.74610884,3.23939885,0.21823668,0.74527890
5.54377189,5.70893556,4.31595626,0.03996236,0.08682848,0.39228151,3.79805566,3.30330196,0.22647945,0.76634061
5.54977489,5.82059716,4.41674546,0.04056534,0.08936616,0.40123624,3.84260821,3.36467862,0.23441745,0.78687113
5.55577789,5.92238394,4.50419391,0.04105715,0.09170727,0.40933503,3.87883003,3.42201921,0.24195632,0.80650807
5.56178089,6.01231380,4.57691363,0.04143125,0.09382853,0.41644692,3.90590068,3.47388231,0.24900629,0.82489760
5.56778389,6.08858775,4.63369719,0.04168317,0.09570981,0.42245571,3.92312888,3.51892952,0.25548350,0.84170196
5.57378689,6.14962759,4.67354464,0.04181049,0.09733422,0.42726224,3.92996359,3.55595762,0.26131133,0.85660672
5.57978989,6.19410919,4.69568752,0.04181288,0.09868821,0.43078637,3.92600322,3.58392750,0.26642165,0.86932776
5.58579290,6.22099080,4.69960942,0.04169196,0.09976156,0.43296855,3.91100268,3.60198897,0.27075590,0.87961753
5.59179590,6.22953544,4.68506213,0.04145126,0.10054737,0.43377097,3.88487841,3.60950066,0.27426612,0.88727077
5.59779890,6.21932673,4.65207677,0.04109605,0.10104202,0.43317826,3.84771087,3.60604464,0.27691568,0.89212920
5.60380190,6.19027752,4.60096907,0.04063315,0.10124512,0.43119765,3.79974452,3.59143487,0.27867994,0.89408524
5.60980490,6.14263078,4.53233825,0.04007077,0.10115933,0.42785870,3.74138485,3.56571948,0.27954654,0.89308450
5.61580790,6.07695255,4.44705902,0.03941824,0.10079031,0.42321237,3.67319243,3.52917652,0.27951554,0.88912695
5.62181091,5.99411672,4.34626651,0.03868583,0.10014652,0.41732977,3.59587367,3.48230332,0.27859916,0.88226672
5.62781391,5.89528214,4.23133434,0.03788445,0.09923903,0.41030030,3.51026845,3.42579984,0.27682129,0.87261050
5.63381691,5.78186254,4.10384618,0.03702544,0.09808126,0.40222949,3.41733476,3.36054656,0.27421671,0.86031457
5.63981991,5.65549020,3.96556148,0.03612030,0.09668877,0.39323646,3.31813053,3.28757778,0.27083001,0.84558055
5.64582291,5.51797470,3.81837665,0.03518050,0.09507888,0.38345120,3.21379334,3.20805139,0.26671432,0.82865004
5.65182591,5.37125814,3.66428275,0.03421722,0.09327044,0.37301167,3.10551843,3.12321628,0.26192981,0.80979828
5.65782891,5.21736868,3.50532138,0.03324119,0.09128340,0.36206093,2.99453596,3.03437869,0.25654215,0.78932719
5.66383192,5.05837401,3.34354034,0.03226253,0.08913850,0.35074432,2.88208808,2.94286901,0.25062082,0.76755792
5.66983492,4.89633655,3.18095053,0.03129061,0.08685695,0.33920682,2.76940688,2.85000996,0.24423754,0.74482331
5.67583792,4.73327210,3.01948595,0.03033396,0.08446006,0.32759068,2.65769383,2.75708775,0.23746477,0.72146040
5.68184092,4.57111324,2.86096776,0.02940024,0.08196900,0.31603339,2.54810146,2.66532679,0.23037433,0.69780337
5.68784392,4.41167860,2.70707385,0.02849621,0.07940455,0.30466601,2.44171784,2.57586899,0.22303634,0.67417714
5.69384692,4.25664883,2.55931460,0.02762772,0.07678692,0.29361183,2.33955423,2.48975790,0.21551833,0.65089161
5.69984992,4.10754958,2.41901530,0.02679982,0.07413564,0.28298552,2.24253617,2.40792801,0.20788468,0.62823702
5.70585293,3.96574145,2.28730542,0.02601674,0.07146956,0.27289250,2.15149782,2.33119906,0.20019635,0.60648015
5.71185593,3.83241661,2.16511456,0.02528208,0.06880680,0.26342873,2.06717967,2.26027499,0.19251090,0.58586165
5.71785893,3.70860129,2.05317464,0.02459880,0.06616491,0.25468064,1.99022892,2.19574703,0.18488274,0.56659437
5.72386193,3.59516330,1.95202766,0.02396941,0.06356096,0.24672535,1.92120244,2.13810012,0.17736362,0.54886268
5.72986493,3.49282350,1.86203815,0.02339600,0.06101172,0.23963085,1.86057140,2.08772198,0.17000325,0.53282255
5.73586793,3.40216991,1.78340937,0.02288037,0.05853384,0.23345635,1.80872721,2.04491391,0.16285003,0.51860249
5.74187094,3.32367343,1.71620241,0.02242407,0.05614402,0.22825256,1.76598811,2.00990242,0.15595179,0.50630505
5.74787394,3.25770411,1.66035691,0.02202846,0.05385916,0.22406186,1.73260570,1.98285107,0.14935657,0.49600873
5.75387694,3.20454675,1.61571283,0.02169475,0.05169645,0.22091842,1.70877113,1.96387172,0.14311315,0.48777032
5.75987994,3.16441526,1.58203213,0.02142401,0.04967348,0.21884822,1.69462033,1.95303464,0.13727167,0.48162730
5.76588294,3.13746502,1.55901972,0.02121719,0.04780812,0.21786892,1.69023803,1.95037716,0.13188384,0.47760034
5.77188594,3.12380265,1.54634296,0.02107506,0.04611850,0.21798960,1.69566035,1.95591040,0.12700309,0.47569576
5.77788894,3.12349303,1.54364916,0.02099820,0.04462281,0.21921049,1.71087586,1.96962394,0.12268442,0.47590769
5.78389195,3.13656323,1.55058048,0.02098700,0.04333897,0.22152259,1.73582496,1.99148832,0.11898403,0.47822006
5.78989495,3.16300340,1.56678592,0.02104154,0.04228438,0.22490730,1.77039785,2.02145539,0.11595871,0.48260809
5.79589795,3.20276441,1.59192984,0.02116163,0.04147542,0.22933607,1.81443101,2.05945643,0.11366498,0.48903944
5.80190095,3.25575260,1.62569696,0.02134670,0.04092707,0.23477007,1.86770255,2.10539826,0.11215808,0.49747475
5.80790395,3.32182165,1.66779340,0.02159579,0.04065236,0.24115999,1.92992665,2.15915739,0.11149064,0.50786764
5.81390695,3.40076181,1.71794381,0.02190750,0.04066189,0.24844591,2.00074747,2.22057246,0.11171139,0.52016417
5.81990995,3.49228705,1.77588465,0.02227997,0.04096334,0.25655736,2.07973284,2.28943520,0.11286352,0.53430170
5.82591296,3.59602035,1.84135372,0.02271084,0.04156100,0.26541345,2.16636824,2.36548036,0.11498315,0.55020724
5.83191596,3.71147790,1.91407635,0.02319721,0.04245532,0.27492329,2.26005155,2.44837483,0.11809764,0.56779540
5.83791896,3.83805300,1.99374904,0.02373565,0.04364263,0.28498642,2.36008903,2.53770670,0.12222397,0.58696592
5.84392196,3.97500038,2.08002106,0.02432215,0.04511485,0.29549364,2.46569307,2.63297470,0.12736712,0.60760123
5.84992496,4.12142215,2.17247520,0.02495212,0.04685937,0.30632785,2.57598229,2.73357879,0.13351865,0.62956384
5.85592796,4.27625633,2.27060881,0.02562037,0.04885901,0.31736523,2.68998431,2.83881257,0.14065537,0.65269409
5.86193097,4.43826916,2.37381634,0.02632116,0.05109214,0.32847657,2.80664170,2.94785836,0.14873835,0.67680839
5.86793397,4.60605235,2.48137473,0.02704816,0.05353288,0.33952885,2.92482130,3.05978558,0.15771208,0.70169809
5.87393697,4.77802606,2.59243289,0.02779448,0.05615152,0.35038699,3.04332709,3.17355307,0.16750417,0.72712925
5.87993997,4.95244865,2.70600651,0.02855278,0.05891499,0.36091583,3.16091645,3.28801594,0.17802529,0.75284355
5.88594297,5.12743344,2.82097898,0.02931523,0.06178740,0.37098225,3.27631972,3.40193715,0.18916966,0.77856029
5.89194597,5.30097288,2.93610918,0.03007370,0.06473083,0.38045746,3.38826234,3.51400398,0.20081595,0.80397970
5.89794897,5.47096961,3.05004632,0.03081979,0.06770602,0.38921932,3.49548911,3.62284913,0.21282874,0.82878743
5.90395198,5.63527396,3.16135177,0.03154496,0.07067319,0.39715469,3.59678955,3.72707604,0.22506040,0.85266018
5.90995498,5.79172668,3.26852718,0.03224070,0.07359292,0.40416173,3.69102345,3.82528758,0.23735342,0.87527228
5.91595798,5.93820546,3.37004805,0.03289864,0.07642689,0.41015207,3.77714541,3.91611726,0.24954323,0.89630299
5.92196098,6.07267336,3.46440123,0.03351071,0.07913874,0.41505273,3.85422730,3.99826164,0.26146130,0.91544416
5.92796398,6.19322734,3.55012482,0.03406932,0.08169472,0.41880766,3.92147758,4.07051262,0.27293851,0.93240809
5.93396698,6.29814469,3.62584856,0.03456746,0.08406435,0.42137901,3.97825651,4.13178833,0.28380872,0.94693499
5.93996998,6.38592526,3.69033270,0.03499888,0.08622093,0.42274781,4.02408638,4.18116115,0.29391239,0.95879993
5.94597299,6.45532783,3.74250358,0.03535816,0.08814190,0.42291417,4.05865651,4.21788164,0.30310015,0.96781876
5.95197599,6.50539878,3.78148403,0.03564084,0.08980911,0.42189695,4.08182255,4.24139740,0.31123619,0.97385290
5.95797899,6.53549209,3.80661731,0.03584346,0.09120895,0.41973282,4.09360044,4.25136599,0.31820139,0.97681268
5.96398199,6.54527981,3.81748329,0.03596361,0.09233232,0.41647488,4.09415523,4.24766141,0.32389602,0.97665908
5.96998499,6.53475281,3.81390639,0.03599992,0.09317452,0.41219069,4.08378572,4.23037400,0.32824204,0.97340395
5.97598799,6.50421211,3.79595507,0.03595205,0.09373504,0.40696005,4.06290576,4.19980402,0.33118478,0.96710857
5.98199100,6.45425151,3.76393310,0.03582066,0.09401724,0.40087232,4.03202343,4.15644912,0.33269403,0.95788081
5.98799400,6.38573261,3.71836341,0.03560734,0.09402802,0.39402372,3.99171927,4.10098671,0.33276455,0.94587096
5.99399700,6.29975379,3.65996568,0.03531451,0.09377744,0.38651448,3.94262493,4.03425198,0.33141585,0.93126648
6.00000000,6.19761465,3.58962894,0.03494537,0.09327833,0.37844607,3.88540332,3.95721282,0.32869140,0.91428605
