energy_ev,total_up,Ca_p_up,Ca_d_up,Cd_p_up,Cd_d_up,N_s_up,N_p_up,S_s_up,S_p_up
-6.00000000,1.69984926,0.01682787,0.00000000,0.44107186,0.24899314,0.01118215,0.04811754,0.02757438,0.80063277
-5.99399700,1.72718677,0.01720863,0.00000000,0.43982195,0.25506636,0.01190748,0.04934193,0.02791844,0.81282115
-5.98799400,1.75899187,0.01764539,0.00000000,0.43899119,0.26176053,0.01270177,0.05073575,0.02845943,0.82703284
-5.98199100,1.79569195,0.01813984,0.00000000,0.43877167,0.26914558,0.01357155,0.05231109,0.02919943,0.84346702
-5.97598799,1.83764134,0.01869274,0.00000000,0.43933608,0.27728231,0.01452330,0.05407722,0.03013849,0.86228887
-5.96998499,1.88511370,0.01930392,0.00000000,0.44083364,0.28622100,0.01556349,0.05604043,0.03127463,0.88362588
-5.96398199,1.93829682,0.01997225,0.00000000,0.44338724,0.29600021,0.01669862,0.05820390,0.03260389,0.90756543
-5.95797899,1.99728978,0.02069573,0.00000000,0.44709167,0.30664587,0.01793514,0.06056779,0.03412042,0.93415340
-5.95197599,2.06210174,0.02147154,0.00000000,0.45201295,0.31817045,0.01927957,0.06312930,0.03581655,0.96339374
-5.94597299,2.13265216,0.02229610,0.00000000,0.45818862,0.33057237,0.02073840,0.06588282,0.03768288,0.99524859
-5.93996998,2.20877156,0.02316515,0.00000000,0.46562873,0.34383526,0.02231810,0.06882015,0.03970836,1.02963882
-5.93396698,2.29020250,0.02407381,0.00000000,0.47431734,0.35792739,0.02402502,0.07193064,0.04188035,1.06644466
-5.92796398,2.37660028,0.02501661,0.00000000,0.48421433,0.37280095,0.02586526,0.07520134,0.04418461,1.10550625
-5.92196098,2.46753313,0.02598757,0.00000000,0.49525728,0.38839135,0.02784451,0.07861715,0.04660538,1.14662399
-5.91595798,2.56248184,0.02698018,0.00000000,0.50736327,0.40461651,0.02996779,0.08216079,0.04912530,1.18955863
-5.90995498,2.66083904,0.02798744,0.00000000,0.52043057,0.42137631,0.03223917,0.08581287,0.05172536,1.23403124
-5.90395198,2.76190853,0.02900185,0.00000000,0.53433994,0.43855211,0.03466145,0.08955172,0.05438490,1.27972313
-5.89794897,2.86490528,0.03001542,0.00000000,0.54895586,0.45600671,0.03723576,0.09335333,0.05708154,1.32627616
-5.89194597,2.96895684,0.03101964,0.00000000,0.56412750,0.47358469,0.03996123,0.09719126,0.05979113,1.37329355
-5.88594297,3.07310700,0.03200557,0.00000000,0.57968967,0.49111335,0.04283458,0.10103644,0.06248783,1.42034176
-5.87993997,3.17632244,0.03296380,0.00000000,0.59546386,0.50840438,0.04584980,0.10485725,0.06514416,1.46695370
-5.87393697,3.27750316,0.03388461,0.00000000,0.61125959,0.52525630,0.04899783,0.10861949,0.06773123,1.51263351
-5.86793397,3.37549709,0.03475801,0.00000000,0.62687615,0.54145774,0.05226642,0.11228663,0.07021898,1.55686334
-5.86193097,3.46911919,0.03557396,0.00000000,0.64210488,0.55679156,0.05563997,0.11582012,0.07257666,1.59911203
-5.85592796,3.55717496,0.03632253,0.00000000,0.65673217,0.57103975,0.05909965,0.11917999,0.07477328,1.63884570
-5.84992496,3.63848785,0.03699415,0.00000000,0.67054303,0.58398891,0.06262349,0.12232549,0.07677830,1.67554018
-5.84392196,3.71192991,0.03757986,0.00000000,0.68332548,0.59543626,0.06618684,0.12521605,0.07856236,1.70869469
-5.83791896,3.77645445,0.03807162,0.00000000,0.69487532,0.60519581,0.06976278,0.12781226,0.08009809,1.73784656
-5.83191596,3.83112943,0.03846256,0.00000000,0.70500146,0.61310452,0.07332283,0.13007708,0.08136097,1.76258604
-5.82591296,3.87516996,0.03874732,0.00000000,0.71353134,0.61902811,0.07683775,0.13197696,0.08233017,1.78257081
-5.81990995,3.90796831,0.03892225,0.00000000,0.72031635,0.62286625,0.08027842,0.13348313,0.08298940,1.79753922
-5.81390695,3.92911969,0.03898565,0.00000000,0.72523686,0.62455682,0.08361681,0.13457264,0.08332761,1.80732166
-5.80790395,3.93844239,0.03893793,0.00000000,0.72820663,0.62407901,0.08682702,0.13522943,0.08333961,1.81184927
-5.80190095,3.93599095,0.03878172,0.00000000,0.72917641,0.62145512,0.08988627,0.13544506,0.08302651,1.81115962
-5.79589795,3.92206126,0.03852186,0.00000000,0.72813629,0.61675081,0.09277578,0.13521928,0.08239592,1.80539866
-5.78989495,3.89718723,0.03816534,0.00000000,0.72511689,0.61007383,0.09548164,0.13456023,0.08146199,1.79481889
-5.78389195,3.86212862,0.03772115,0.00000000,0.72018903,0.60157124,0.09799541,0.13348442,0.08024518,1.77977365
-5.77788894,3.81785039,0.03720008,0.00000000,0.71346206,0.59142511,0.10031455,0.13201621,0.07877177,1.76070756
-5.77188594,3.76549424,0.03661437,0.00000000,0.70508066,0.57984701,0.10244262,0.13018716,0.07707319,1.73814355
-5.76588294,3.70634347,0.03597737,0.00000000,0.69522045,0.56707141,0.10438919,0.12803492,0.07518511,1.71266688
-5.75987994,3.64178236,0.03530315,0.00000000,0.68408241,0.55334828,0.10616943,0.12560197,0.07314642,1.68490681
-5.75387694,3.57325201,0.03460600,0.00000000,0.67188641,0.53893522,0.10780350,0.12293412,0.07099801,1.65551668
-5.74787394,3.50220415,0.03390004,0.00000000,0.65886410,0.52408944,0.10931564,0.12007890,0.06878156,1.62515314
-5.74187094,3.43005503,0.03319872,0.00000000,0.64525156,0.50905990,0.11073297,0.11708393,0.06653824,1.59445540
-5.73586793,3.35814110,0.03251444,0.00000000,0.63128181,0.49407992,0.11208419,0.11399527,0.06430750,1.56402534
-5.72986493,3.28767822,0.03185812,0.00000000,0.61717768,0.47936061,0.11339812,0.11085594,0.06212591,1.53440915
-5.72386193,3.21972612,0.03123891,0.00000000,0.60314523,0.46508525,0.11470214,0.10770454,0.06002613,1.50608131
-5.71785893,3.15515910,0.03066393,0.00000000,0.58936796,0.45140493,0.11602070,0.10457425,0.05803608,1.47943136
-5.71185593,3.09464437,0.03013806,0.00000000,0.57600210,0.43843548,0.11737382,0.10149191,0.05617828,1.45475403
-5.70585293,3.03862828,0.02966390,0.00000000,0.56317295,0.42625584,0.11877588,0.09847760,0.05446940,1.43224286
-5.69984992,2.98733111,0.02924171,0.00000000,0.55097265,0.41490786,0.12023449,0.09554448,0.05292008,1.41198766
-5.69384692,2.94075026,0.02886954,0.00000000,0.53945915,0.40439744,0.12174975,0.09269890,0.05153495,1.39397567
-5.68784392,2.89867141,0.02854334,0.00000000,0.52865656,0.39469697,0.12331374,0.08994090,0.05031285,1.37809632
-5.68184092,2.86068714,0.02825725,0.00000000,0.51855677,0.38574891,0.12491046,0.08726496,0.04924730,1.36414937
-5.67583792,2.82622200,0.02800383,0.00000000,0.50912223,0.37747027,0.12651608,0.08466099,0.04832706,1.35185590
-5.66983492,2.79456290,0.02777449,0.00000000,0.50028975,0.36975782,0.12809956,0.08211544,0.04753691,1.34087189
-5.66383192,2.76489348,0.02755977,0.00000000,0.49197519,0.36249384,0.12962361,0.07961264,0.04685846,1.33080352
-5.65782891,2.73633105,0.02734982,0.00000000,0.48407892,0.35555199,0.13104596,0.07713611,0.04627103,1.32122387
-5.65182591,2.70796463,0.02713476,0.00000000,0.47649162,0.34880335,0.13232085,0.07466991,0.04575261,1.31169014
-5.64582291,2.67889259,0.02690507,0.00000000,0.46910055,0.34212204,0.13340073,0.07219994,0.04528069,1.30176087
-5.63981991,2.64825861,0.02665193,0.00000000,0.46179582,0.33539060,0.13423800,0.06971514,0.04483313,1.29101244
-5.63381691,2.61528452,0.02636758,0.00000000,0.45447660,0.32850459,0.13478682,0.06720854,0.04438886,1.27905441
-5.62781391,2.57929920,0.02604554,0.00000000,0.44705708,0.32137660,0.13500479,0.06467812,0.04392857,1.26554308
-5.62181091,2.53976256,0.02568082,0.00000000,0.43947203,0.31393928,0.13485462,0.06212755,0.04343519,1.25019295
-5.61580790,2.49628400,0.02527007,0.00000000,0.43168178,0.30614757,0.13430544,0.05956664,0.04289423,1.23278575
-5.60980490,2.44863516,0.02481167,0.00000000,0.42367660,0.29797997,0.13333397,0.05701161,0.04229410,1.21317693
-5.60380190,2.39675688,0.02430568,0.00000000,0.41548033,0.28943893,0.13192533,0.05448525,0.04162613,1.19129952
-5.59779890,2.34076047,0.02375389,0.00000000,0.40715317,0.28055040,0.13007362,0.05201674,0.04088459,1.16716546
-5.59179590,2.28092387,0.02315961,0.00000000,0.39879371,0.27136268,0.12778209,0.04964146,0.04006657,1.14086457
-5.58579290,2.21768326,0.02252762,0.00000000,0.39053996,0.26194462,0.12506302,0.04740058,0.03917177,1.11256141
-5.57978989,2.15162070,0.02186397,0.00000000,0.38256958,0.25238331,0.12193741,0.04534048,0.03820222,1.08249036
-5.57378689,2.08344877,0.02117576,0.00000000,0.37509905,0.24278143,0.11843430,0.04351217,0.03716201,1.05094927
-5.56778389,2.01399290,0.02047096,0.00000000,0.36838193,0.23325427,0.11458999,0.04197052,0.03605690,1.01829203
-5.56178089,1.94417201,0.01975823,0.00000000,0.36270602,0.22392673,0.11044706,0.04077340,0.03489408,0.98492035
-5.55577789,1.87497830,0.01904666,0.00000000,0.35838950,0.21493012,0.10605331,0.03998074,0.03368181,0.95127517
-5.54977489,1.80745645,0.01834562,0.00000000,0.35577587,0.20639908,0.10146070,0.03965352,0.03242915,0.91782779
-5.54377189,1.74268273,0.01766456,0.00000000,0.35522774,0.19846848,0.09672421,0.03985254,0.03114578,0.88507093
-5.53776888,1.68174418,0.01701286,0.00000000,0.35711931,0.19127050,0.09190083,0.04063719,0.02984174,0.85350980
-5.53176588,1.62571782,0.01639968,0.00000000,0.36182775,0.18493169,0.08704854,0.04206396,0.02852736,0.82365329
-5.52576288,1.57565000,0.01583378,0.00000000,0.36972315,0.17957022,0.08222545,0.04418492,0.02721308,0.79600509
-5.51975988,1.53253576,0.01532344,0.00000000,0.38115745,0.17529311,0.07748898,0.04704601,0.02590940,0.77105476
-5.51375688,1.49729800,0.01487631,0.00000000,0.39645229,0.17219360,0.07289517,0.05068518,0.02462685,0.74926875
-5.50775388,1.47076658,0.01449923,0.00000000,0.41588610,0.17034855,0.06849803,0.05513048,0.02337587,0.73108114
-5.50175088,1.45365730,0.01419818,0.00000000,0.43968066,0.16981594,0.06434901,0.06039815,0.02216679,0.71688423
-5.49574787,1.44655097,0.01397806,0.00000000,0.46798757,0.17063247,0.06049649,0.06649064,0.02100978,0.70701889
-5.48974487,1.44987297,0.01384260,0.00000000,0.50087518,0.17281139,0.05698526,0.07339475,0.01991472,0.70176495
-5.48374187,1.46387378,0.01379422,0.00000000,0.53831638,0.17634050,0.05385607,0.08108009,0.01889112,0.70133156
-5.47773887,1.48861116,0.01383386,0.00000000,0.58017805,0.18118057,0.05114512,0.08949762,0.01794795,0.70584810
-5.47173587,1.52393497,0.01396089,0.00000000,0.62621267,0.18726424,0.04888353,0.09857883,0.01709352,0.71535576
-5.46573287,1.56947529,0.01417299,0.00000000,0.67605278,0.19449549,0.04709682,0.10823525,0.01633527,0.72980021
-5.45972986,1.62463508,0.01446608,0.00000000,0.72920892,0.20274977,0.04580427,0.11835867,0.01567955,0.74902605
-5.45372686,1.68858804,0.01483429,0.00000000,0.78507141,0.21187507,0.04501840,0.12882202,0.01513145,0.77277303
-5.44772386,1.76028269,0.01526996,0.00000000,0.84291644,0.22169370,0.04474432,0.13948097,0.01469456,0.80067499
-5.44172086,1.83845309,0.01576371,0.00000000,0.90191670,0.23200515,0.04497921,0.15017629,0.01437081,0.83226140
-5.43571786,1.92163668,0.01630453,0.00000000,0.96115635,0.24258974,0.04571186,0.16073697,0.01416027,0.86696205
-5.42971486,2.00819923,0.01688002,0.00000000,1.01965032,0.25321324,0.04692223,0.17098395,0.01406104,0.90411503
-5.42371186,2.09636661,0.01747652,0.00000000,1.07636732,0.26363221,0.04858132,0.18073453,0.01406913,0.94297780
-5.41770885,2.18426273,0.01807950,0.00000000,1.13025596,0.27359991,0.05065106,0.18980710,0.01417848,0.98274147
-5.41170585,2.26995261,0.01867381,0.00000000,1.18027314,0.28287273,0.05308455,0.19802622,0.01438091,1.02254782
-5.40570285,2.35148934,0.01924410,0.00000000,1.22541348,0.29121673,0.05582652,0.20522774,0.01466625,1.06150865
-5.39969985,2.42696326,0.01977516,0.00000000,1.26473891,0.29841416,0.05881402,0.21126377,0.01502247,1.09872698
-5.39369685,2.49455177,0.02025237,0.00000000,1.29740695,0.30426960,0.06197745,0.21600733,0.01543592,1.13331923
-5.38769385,2.55256769,0.02066202,0.00000000,1.32269665,0.30861556,0.06524185,0.21935635,0.01589153,1.16443784
-5.38169085,2.59950453,0.02099177,0.00000000,1.34003096,0.31131725,0.06852845,0.22123703,0.01637322,1.19129331
-5.37568784,2.63407685,0.02123088,0.00000000,1.34899461,0.31227629,0.07175641,0.22160619,0.01686419,1.21317501
-5.36968484,2.65525405,0.02137059,0.00000000,1.34934662,0.31143326,0.07484475,0.22045263,0.01734740,1.22946991
-5.36368184,2.66228653,0.02140427,0.00000000,1.34102707,0.30876892,0.07771444,0.21779741,0.01780590,1.23967855
-5.35767884,2.65472295,0.02132762,0.00000000,1.32415759,0.30430411,0.08029042,0.21369301,0.01822335,1.24342767
-5.35167584,2.63241833,0.02113874,0.00000000,1.29903587,0.29809836,0.08250363,0.20822140,0.01858441,1.24047904
-5.34567284,2.59553259,0.02083812,0.00000000,1.26612427,0.29024721,0.08429297,0.20149120,0.01887511,1.23073420
-5.33966983,2.54451984,0.02042861,0.00000000,1.22603327,0.28087845,0.08560694,0.19363393,0.01908329,1.21423493
-5.33366683,2.48010903,0.01991525,0.00000000,1.17950042,0.27014750,0.08640509,0.18479961,0.01919885,1.19115964
-5.32766383,2.40327699,0.01930507,0.00000000,1.12736589,0.25823200,0.08665909,0.17515196,0.01921404,1.16181565
-5.32166083,2.31521486,0.01860688,0.00000000,1.07054563,0.24532598,0.08635342,0.16486326,0.01912362,1.12662800
-5.31565783,2.21728970,0.01783092,0.00000000,1.01000342,0.23163388,0.08548565,0.15410924,0.01892499,1.08612504
-5.30965483,2.11100254,0.01698860,0.00000000,0.94672278,0.21736452,0.08406625,0.14306411,0.01861820,1.04092158
-5.30365183,1.99794475,0.01609209,0.00000000,0.88168007,0.20272538,0.08211806,0.13189599,0.01820585,0.99170015
-5.29764882,1.87975420,0.01515402,0.00000000,0.81581956,0.18791735,0.07967524,0.12076284,0.01769301,0.93919121
-5.29164582,1.75807282,0.01418716,0.00000000,0.75003143,0.17313006,0.07678197,0.10980903,0.01708695,0.88415292
-5.28564282,1.63450687,0.01320405,0.00000000,0.68513318,0.15853800,0.07349084,0.09916272,0.01639689,0.82735125
-5.27963982,1.51059109,0.01221676,0.00000000,0.62185505,0.14429747,0.06986102,0.08893387,0.01563363,0.76954112
-5.27363682,1.38775772,0.01123661,0.00000000,0.56082949,0.13054435,0.06595625,0.07921320,0.01480922,0.71144898
-5.26763382,1.26731094,0.01027398,0.00000000,0.50258474,0.11739276,0.06184288,0.07007176,0.01393652,0.65375759
-5.26163082,1.15040721,0.00933812,0.00000000,0.44754242,0.10493451,0.05758783,0.06156128,0.01302885,0.59709302
-5.25562781,1.03804157,0.00843707,0.00000000,0.39601868,0.09323934,0.05325673,0.05371504,0.01209954,0.54201451
-5.24962481,0.93103989,0.00757755,0.00000000,0.34822855,0.08235570,0.04891223,0.04654930,0.01116162,0.48900697
-5.24362181,0.83005662,0.00676494,0.00000000,0.30429289,0.07231223,0.04461249,0.04006510,0.01022744,0.43847632
-5.23761881,0.73557770,0.00600331,0.00000000,0.26424738,0.06311948,0.04041001,0.03425021,0.00930839,0.39074758
-5.23161581,0.64792784,0.00529545,0.00000000,0.22805305,0.05477204,0.03635069,0.02908144,0.00841472,0.34606544
-5.22561281,0.56728155,0.00464296,0.00000000,0.19560755,0.04725088,0.03247325,0.02452675,0.00755530,0.30459710
-5.21960980,0.49367715,0.00404634,0.00000000,0.16675692,0.04052565,0.02880889,0.02054753,0.00673754,0.26643699
-5.21360680,0.42703281,0.00350513,0.00000000,0.14130713,0.03455706,0.02538128,0.01710061,0.00596733,0.23161314
-5.20760380,0.36716408,0.00301803,0.00000000,0.11903522,0.02929918,0.02220677,0.01414017,0.00524905,0.20009465
-5.20160080,0.31380203,0.00258303,0.00000000,0.09969961,0.02470151,0.01929485,0.01161939,0.00458560,0.17180004
-5.19559780,0.26661135,0.00219758,0.00000000,0.08304935,0.02071096,0.01664870,0.00949192,0.00397853,0.14660591
-5.18959480,0.22520797,0.00185871,0.00000000,0.06883227,0.01727348,0.01426600,0.00771300,0.00342811,0.12435587
-5.18359180,0.18917558,0.00156315,0.00000000,0.05680193,0.01433560,0.01213968,0.00624045,0.00293354,0.10486914
-5.17758879,0.15808085,0.00130749,0.00000000,0.04672329,0.01184559,0.01025881,0.00503537,0.00249308,0.08794872
-5.17158579,0.13148703,0.00108823,0.00000000,0.03837729,0.00975451,0.00860944,0.00406263,0.00210422,0.07338904
-5.16558279,0.10896571,0.00090193,0.00000000,0.03156427,0.00801695,0.00717541,0.00329120,0.00176389,0.06098265
-5.15957979,0.09010689,0.00074526,0.00000000,0.02610649,0.00659161,0.00593916,0.00269436,0.00146859,0.05052619
-5.15357679,0.07452704,0.00061508,0.00000000,0.02184974,0.00544173,0.00488233,0.00224969,0.00121457,0.04182534
-5.14757379,0.06187558,0.00050847,0.00000000,0.01866431,0.00453532,0.00398647,0.00193909,0.00099793,0.03469892
-5.14157079,0.05183962,0.00042279,0.00000000,0.01644529,0.00384533,0.00323344,0.00174864,0.00081481,0.02898198
-5.13556778,0.04414713,0.00035569,0.00000000,0.01511238,0.00334967,0.00260585,0.00166846,0.00066141,0.02452813
-5.12956478,0.03856892,0.00030514,0.00000000,0.01460932,0.00303113,0.00208737,0.00169250,0.00053412,0.02121104
-5.12356178,0.03491920,0.00026941,0.00000000,0.01490295,0.00287735,0.00166293,0.00181836,0.00042956,0.01892517
-5.11755878,0.03305523,0.00024707,0.00000000,0.01598197,0.00288055,0.00131885,0.00204701,0.00034464,0.01758592
-5.11155578,0.03287590,0.00023698,0.00000000,0.01785541,0.00303738,0.00104295,0.00238257,0.00027656,0.01712914
-5.10555278,0.03431958,0.00023829,0.00000000,0.02055085,0.00334865,0.00082448,0.00283205,0.00022283,0.01751020
-5.09954977,0.03736108,0.00025037,0.00000000,0.02411231,0.00381901,0.00065418,0.00340504,0.00018129,0.01870251
-5.09354677,0.04200798,0.00027281,0.00000000,0.02859780,0.00445661,0.00052413,0.00411336,0.00015007,0.02069570
-5.08754377,0.04829628,0.00030537,0.00000000,0.03407664,0.00527265,0.00042769,0.00497073,0.00012760,0.02349346
-5.08154077,0.05628540,0.00034794,0.00000000,0.04062630,0.00628097,0.00035939,0.00599236,0.00011255,0.02711091
-5.07553777,0.06605258,0.00040053,0.00000000,0.04832888,0.00749743,0.00031480,0.00719440,0.00010385,0.03157187
-5.06953477,0.07768673,0.00046318,0.00000000,0.05726729,0.00893937,0.00029041,0.00859347,0.00010062,0.03690574
-5.06353177,0.09128171,0.00053592,0.00000000,0.06752101,0.01062481,0.00028349,0.01020598,0.00010217,0.04314418
-5.05752876,0.10692921,0.00061877,0.00000000,0.07916155,0.01257176,0.00029199,0.01204752,0.00010796,0.05031768
-5.05152576,0.12471126,0.00071167,0.00000000,0.09224773,0.01479728,0.00031442,0.01413204,0.00011758,0.05845196
-5.04552276,0.14469257,0.00081440,0.00000000,0.10682079,0.01731657,0.00034970,0.01647112,0.00013069,0.06756443
-5.03951976,0.16691276,0.00092663,0.00000000,0.12289964,0.02014203,0.00039714,0.01907316,0.00014705,0.07766062
-5.03351676,0.19137892,0.00104779,0.00000000,0.14047618,0.02328216,0.00045625,0.02194250,0.00016645,0.08873088
-5.02751376,0.21805851,0.00117713,0.00000000,0.15951111,0.02674064,0.00052672,0.02507867,0.00018870,0.10074732
-5.02151076,0.24687303,0.00131364,0.00000000,0.17993034,0.03051530,0.00060832,0.02847566,0.00021365,0.11366120
-5.01550775,0.27769276,0.00145608,0.00000000,0.20162213,0.03459728,0.00070081,0.03212125,0.00024111,0.12740086
-5.00950475,0.31033281,0.00160298,0.00000000,0.22443542,0.03897022,0.00080390,0.03599651,0.00027088,0.14187035
-5.00350175,0.34455077,0.00175261,0.00000000,0.24817918,0.04360973,0.00091719,0.04007549,0.00030272,0.15694885
-4.99749875,0.38004634,0.00190308,0.00000000,0.27262326,0.04848297,0.00104011,0.04432505,0.00033636,0.17249096
-4.99149575,0.41646299,0.00205229,0.00000000,0.29750065,0.05354862,0.00117190,0.04870504,0.00037148,0.18832800
-4.98549275,0.45339187,0.00219804,0.00000000,0.32251131,0.05875702,0.00131157,0.05316860,0.00040770,0.20427026
-4.97948974,0.49037809,0.00233806,0.00000000,0.34732750,0.06405076,0.00145792,0.05766286,0.00044460,0.22011024
-4.97348674,0.52692923,0.00247009,0.00000000,0.37160053,0.06936553,0.00160949,0.06212987,0.00048174,0.23562690
-4.96748374,0.56252600,0.00259190,0.00000000,0.39496885,0.07463138,0.00176464,0.06650779,0.00051859,0.25059067
-4.96148074,0.59663474,0.00270143,0.00000000,0.41706717,0.07977425,0.00192153,0.07073233,0.00055465,0.26476926
-4.95547774,0.62872161,0.00279679,0.00000000,0.43753639,0.08471784,0.00207819,0.07473842,0.00058937,0.27793388
-4.94947474,0.65826767,0.00287640,0.00000000,0.45603395,0.08938574,0.00223258,0.07846203,0.00062220,0.28986593
-4.94347174,0.68478474,0.00293898,0.00000000,0.47224426,0.09370372,0.00238264,0.08184206,0.00065262,0.30036366
-4.93746873,0.70783114,0.00298367,0.00000000,0.48588879,0.09760214,0.00252639,0.08482233,0.00068014,0.30924870
-4.93146573,0.72702683,0.00301004,0.00000000,0.49673545,0.10101838,0.00266201,0.08735342,0.00070429,0.31637209
-4.92546273,0.74206734,0.00301811,0.00000000,0.50460677,0.10389919,0.00278791,0.08939454,0.00072469,0.32161977
-4.91945973,0.75273588,0.00300841,0.00000000,0.50938668,0.10620287,0.00290286,0.09091504,0.00074103,0.32491695
-4.91345673,0.75891308,0.00298194,0.00000000,0.51102543,0.10790117,0.00300603,0.09189575,0.00075310,0.32623155
-4.90745373,0.76058387,0.00294020,0.00000000,0.50954259,0.10898084,0.00309706,0.09232997,0.00076078,0.32557624
-4.90145073,0.75784121,0.00288513,0.00000000,0.50502775,0.10944468,0.00317617,0.09222410,0.00076405,0.32300917
-4.89544772,0.75088645,0.00281909,0.00000000,0.49763916,0.10931221,0.00324416,0.09159776,0.00076304,0.31863324
-4.88944472,0.74002611,0.00274480,0.00000000,0.48760001,0.10861964,0.00330243,0.09048361,0.00075796,0.31259398
-4.88344172,0.72566525,0.00266529,0.00000000,0.47519276,0.10741938,0.00335298,0.08892661,0.00074914,0.30507604
-4.87743872,0.70829755,0.00258381,0.00000000,0.46075149,0.10577892,0.00339842,0.08698291,0.00073702,0.29629845
-4.87143572,0.68849236,0.00250377,0.00000000,0.44465272,0.10377918,0.00344184,0.08471838,0.00072212,0.28650882
-4.86543272,0.66687927,0.00242865,0.00000000,0.42730491,0.10151239,0.00348680,0.08220671,0.00070504,0.27597665
-4.85942971,0.64413060,0.00236192,0.00000000,0.40913707,0.09907944,0.00353716,0.07952732,0.00068645,0.26498599
-4.85342671,0.62094244,0.00230693,0.00000000,0.39058687,0.09658699,0.00359702,0.07676300,0.00066705,0.25382774
-4.84742371,0.59801490,0.00226687,0.00000000,0.37208865,0.09414424,0.00367049,0.07399750,0.00064754,0.24279177
-4.84142071,0.57603221,0.00224465,0.00000000,0.35406175,0.09185963,0.00376160,0.07131297,0.00062864,0.23215919
-4.83541771,0.55564328,0.00224285,0.00000000,0.33689957,0.08983740,0.00387408,0.06878756,0.00061103,0.22219503
-4.82941471,0.53744352,0.00226365,0.00000000,0.32095956,0.08817434,0.00401122,0.06649307,0.00059534,0.21314145
-4.82341171,0.52195825,0.00230875,0.00000000,0.30655466,0.08695670,0.00417566,0.06449290,0.00058214,0.20521180
-4.81740870,0.50962855,0.00237937,0.00000000,0.29394629,0.08625737,0.00436930,0.06284017,0.00057191,0.19858563
-4.81140570,0.50079968,0.00247616,0.00000000,0.28333911,0.08613352,0.00459307,0.06157627,0.00056502,0.19340486
-4.80540270,0.49571264,0.00259921,0.00000000,0.27487766,0.08662470,0.00484691,0.06072981,0.00056174,0.18977109
-4.79939970,0.49449915,0.00274803,0.00000000,0.26864503,0.08775150,0.00512963,0.06031595,0.00056223,0.18774428
-4.79339670,0.49717999,0.00292159,0.00000000,0.26466346,0.08951482,0.00543889,0.06033618,0.00056651,0.18734265
-4.78739370,0.50366698,0.00311827,0.00000000,0.26289687,0.09189581,0.00577121,0.06077868,0.00057450,0.18854389
-4.78139070,0.51376846,0.00333601,0.00000000,0.26325518,0.09485640,0.00612198,0.06161893,0.00058601,0.19128763
-4.77538769,0.52719792,0.00357227,0.00000000,0.26560024,0.09834054,0.00648560,0.06282095,0.00060074,0.19547900
-4.76938469,0.54358582,0.00382414,0.00000000,0.26975319,0.10227597,0.00685555,0.06433881,0.00061832,0.20099323
-4.76338169,0.56249383,0.00408843,0.00000000,0.27550293,0.10657658,0.00722461,0.06611848,0.00063830,0.20768108
-4.75737869,0.58343126,0.00436178,0.00000000,0.28261538,0.11114519,0.00758506,0.06810002,0.00066020,0.21537489
-4.75137569,0.60587298,0.00464071,0.00000000,0.29084332,0.11587670,0.00792890,0.07021989,0.00068347,0.22389518
-4.74537269,0.62927828,0.00492178,0.00000000,0.29993629,0.12066152,0.00824811,0.07241345,0.00070761,0.23305735
-4.73936968,0.65310983,0.00520168,0.00000000,0.30965033,0.12538905,0.00853493,0.07461739,0.00073210,0.24267839
-4.73336668,0.67685236,0.00547733,0.00000000,0.31975717,0.12995121,0.00878211,0.07677223,0.00075646,0.25258342
-4.72736368,0.70003003,0.00574596,0.00000000,0.33005253,0.13424579,0.00898316,0.07882454,0.00078027,0.26261162
-4.72136068,0.72222219,0.00600523,0.00000000,0.34036335,0.13817957,0.00913261,0.08072907,0.00080315,0.27262159
-4.71535768,0.74307690,0.00625328,0.00000000,0.35055360,0.14167097,0.00922616,0.08245051,0.00082483,0.28249587
-4.70935468,0.76232172,0.00648874,0.00000000,0.36052859,0.14465237,0.00926089,0.08396491,0.00084508,0.29214440
-4.70335168,0.77977155,0.00671083,0.00000000,0.37023775,0.14707174,0.00923533,0.08526080,0.00086379,0.30150711
-4.69734867,0.79533345,0.00691930,0.00000000,0.37967565,0.14889381,0.00914954,0.08633981,0.00088089,0.31055530
-4.69134567,0.80900819,0.00711449,0.00000000,0.38888165,0.15010049,0.00900511,0.08721697,0.00089640,0.31929203
-4.68534267,0.82088898,0.00729722,0.00000000,0.39793801,0.15069086,0.00880513,0.08792053,0.00091040,0.32775159
-4.67933967,0.83115734,0.00746882,0.00000000,0.40696683,0.15068044,0.00855407,0.08849153,0.00092301,0.33599803
-4.67333667,0.84007664,0.00763102,0.00000000,0.41612593,0.15010010,0.00825764,0.08898291,0.00093436,0.34412300
-4.66733367,0.84798363,0.00778591,0.00000000,0.42560400,0.14899446,0.00792263,0.08945840,0.00094463,0.35224299
-4.66133067,0.85527845,0.00793588,0.00000000,0.43561521,0.14742004,0.00755670,0.08999113,0.00095395,0.36049614
-4.65532766,0.86241345,0.00808354,0.00000000,0.44639349,0.14544309,0.00716813,0.09066209,0.00096246,0.36903872
-4.64932466,0.86988132,0.00823162,0.00000000,0.45818663,0.14313739,0.00676561,0.09155830,0.00097026,0.37804143
-4.64332166,0.87820273,0.00838297,0.00000000,0.47125041,0.14058193,0.00635796,0.09277099,0.00097740,0.38768546
-4.63731866,0.88791377,0.00854043,0.00000000,0.48584269,0.13785870,0.00595395,0.09439354,0.00098387,0.39815852
-4.63131566,0.89955323,0.00870683,0.00000000,0.50221747,0.13505046,0.00556204,0.09651936,0.00098965,0.40965061
-4.62531266,0.91364975,0.00888488,0.00000000,0.52061890,0.13223882,0.00519020,0.09923966,0.00099461,0.42234965
-4.61930965,0.93070893,0.00907716,0.00000000,0.54127511,0.12950229,0.00484570,0.10264108,0.00099861,0.43643671
-4.61330665,0.95120002,0.00928602,0.00000000,0.56439164,0.12691469,0.00453503,0.10680327,0.00100148,0.45208088
-4.60730365,0.97554241,0.00951358,0.00000000,0.59014449,0.12454358,0.00426372,0.11179632,0.00100300,0.46943373
-4.60130065,1.00409165,0.00976160,0.00000000,0.61867257,0.12244898,0.00403626,0.11767806,0.00100296,0.48862309
-4.59529765,1.03712515,0.01003143,0.00000000,0.65006964,0.12068213,0.00385606,0.12449143,0.00100114,0.50974650
-4.58929465,1.07482763,0.01032392,0.00000000,0.68437582,0.11928446,0.00372539,0.13226172,0.00099734,0.53286411
-4.58329165,1.11727677,0.01063935,0.00000000,0.72156875,0.11828666,0.00364536,0.14099393,0.00099139,0.55799146
-4.57728864,1.16442939,0.01097732,0.00000000,0.76155492,0.11770787,0.00361596,0.15067038,0.00098317,0.58509224
-4.57128564,1.21610894,0.01133665,0.00000000,0.80416148,0.11755506,0.00363604,0.16124851,0.00097260,0.61407148
-4.56528264,1.27199499,0.01171531,0.00000000,0.84912911,0.11782255,0.00370337,0.17265923,0.00095965,0.64476958
-4.55927964,1.33161570,0.01211035,0.00000000,0.89610666,0.11849173,0.00381472,0.18480578,0.00094436,0.67695768
-4.55327664,1.39434405,0.01251783,0.00000000,0.94464800,0.11953110,0.00396593,0.19756343,0.00092680,0.71033485
-4.54727364,1.45939888,0.01293284,0.00000000,0.99421203,0.12089654,0.00415198,0.21078000,0.00090712,0.74452762
-4.54127064,1.52585139,0.01334948,0.00000000,1.04416612,0.12253195,0.00436711,0.22427735,0.00088550,0.77909220
-4.53526763,1.59263762,0.01376096,0.00000000,1.09379354,0.12437031,0.00460497,0.23785407,0.00086214,0.81351984
-4.52926463,1.65857733,0.01415968,0.00000000,1.14230516,0.12633510,0.00485873,0.25128906,0.00083727,0.84724530
-4.52326163,1.72239910,0.01453740,0.00000000,1.18885526,0.12834209,0.00512124,0.26434634,0.00081116,0.87965866
-4.51725863,1.78277129,0.01488544,0.00000000,1.23256144,0.13030158,0.00538523,0.27678073,0.00078404,0.91012003
-4.51125563,1.83833803,0.01519492,0.00000000,1.27252784,0.13212092,0.00564342,0.28834433,0.00075616,0.93797700
-4.50525263,1.88775903,0.01545705,0.00000000,1.30787120,0.13370728,0.00588878,0.29879360,0.00072776,0.96258411
-4.49924962,1.92975178,0.01566339,0.00000000,1.33774849,0.13497059,0.00611467,0.30789677,0.00069905,0.98332352
-4.49324662,1.96313428,0.01580619,0.00000000,1.36138509,0.13582652,0.00631501,0.31544122,0.00067022,0.99962623
-4.48724362,1.98686653,0.01587866,0.00000000,1.37810221,0.13619938,0.00648452,0.32124055,0.00064146,1.01099265
-4.48124062,2.00008870,0.01587525,0.00000000,1.38734220,0.13602481,0.00661878,0.32514105,0.00061293,1.01701166
-4.47523762,2.00215424,0.01579192,0.00000000,1.38869050,0.13525217,0.00671447,0.32702715,0.00058479,1.01737720
-4.46923462,1.99265618,0.01562629,0.00000000,1.38189302,0.13384640,0.00676940,0.32682570,0.00055718,1.01190150
-4.46323162,1.97144532,0.01537778,0.00000000,1.36686818,0.13178944,0.00678265,0.32450880,0.00053028,1.00052432
-4.45722861,1.93863943,0.01504772,0.00000000,1.34371271,0.12908103,0.00675457,0.32009504,0.00050426,0.98331768
-4.45122561,1.89462273,0.01463929,0.00000000,1.31270110,0.12573880,0.00668683,0.31364906,0.00047934,0.96048577
-4.44522261,1.84003602,0.01415747,0.00000000,1.27427847,0.12179784,0.00658238,0.30527955,0.00045577,0.93236015
-4.43921961,1.77575762,0.01360893,0.00000000,1.22904738,0.11730956,0.00644541,0.29513561,0.00043387,0.89939041
-4.43321661,1.70287627,0.01300177,0.00000000,1.17774906,0.11234004,0.00628124,0.28340188,0.00041399,0.86213066
-4.42721361,1.62265720,0.01234532,0.00000000,1.12124009,0.10696793,0.00609618,0.27029241,0.00039659,0.82122279
-4.42121061,1.53650318,0.01164984,0.00000000,1.06046561,0.10128196,0.00589744,0.25604376,0.00038218,0.77737693
-4.41520760,1.44591213,0.01092620,0.00000000,0.99643028,0.09537823,0.00569290,0.24090765,0.00037137,0.73135045
-4.40920460,1.35243340,0.01018556,0.00000000,0.93016846,0.08935733,0.00549098,0.22514332,0.00036486,0.68392603
-4.40320160,1.25762447,0.00943908,0.00000000,0.86271470,0.08332151,0.00530039,0.20901008,0.00036341,0.63589013
-4.39719860,1.16300982,0.00869758,0.00000000,0.79507594,0.07737194,0.00512998,0.19276033,0.00036789,0.58801236
-4.39119560,1.07004344,0.00797132,0.00000000,0.72820635,0.07160614,0.00498850,0.17663324,0.00037925,0.54102675
-4.38519260,0.98007615,0.00726974,0.00000000,0.66298569,0.06611574,0.00488442,0.16084934,0.00039848,0.49561540
-4.37918959,0.89432857,0.00660128,0.00000000,0.60020180,0.06098448,0.00482573,0.14560618,0.00042664,0.45239495
-4.37318659,0.81387015,0.00597322,0.00000000,0.54053748,0.05628671,0.00481977,0.13107509,0.00046483,0.41190601
-4.36718359,0.73960454,0.00539163,0.00000000,0.48456194,0.05208612,0.00487302,0.11739906,0.00051414,0.37460584
-4.36118059,0.67226085,0.00486129,0.00000000,0.43272665,0.04843489,0.00499099,0.10469179,0.00057562,0.34086385
-4.35517759,0.61239062,0.00438569,0.00000000,0.38536520,0.04537320,0.00517805,0.09303774,0.00065031,0.31096003
-4.34917459,0.56036957,0.00396709,0.00000000,0.34269671,0.04292902,0.00543733,0.08249295,0.00073909,0.28508570
-4.34317159,0.51640361,0.00360654,0.00000000,0.30483221,0.04111815,0.00577060,0.07308682,0.00084275,0.26334634
-4.33716858,0.48053799,0.00330401,0.00000000,0.27178328,0.03994449,0.00617822,0.06482420,0.00096186,0.24576608
-4.33116558,0.45266898,0.00305847,0.00000000,0.24347233,0.03940051,0.00665910,0.05768813,0.00109675,0.23229328
-4.32516258,0.43255724,0.00286801,0.00000000,0.21974379,0.03946782,0.00721066,0.05164259,0.00124747,0.22280712
-4.31915958,0.41984214,0.00272998,0.00000000,0.20037581,0.04011788,0.00782890,0.04663552,0.00141375,0.21712449
-4.31315658,0.41405665,0.00264108,0.00000000,0.18509181,0.04131282,0.00850845,0.04260172,0.00159491,0.21500733
-4.30715358,0.41464224,0.00259753,0.00000000,0.17357164,0.04300633,0.00924262,0.03946567,0.00178991,0.21616989
-4.30115058,0.42096377,0.00259510,0.00000000,0.16546203,0.04514460,0.01002363,0.03714411,0.00199725,0.22028606
-4.29514757,0.43232397,0.00262933,0.00000000,0.16038617,0.04766740,0.01084271,0.03554845,0.00221500,0.22699659
-4.28914457,0.44797782,0.00269550,0.00000000,0.15795239,0.05050917,0.01169033,0.03458690,0.00244080,0.23591618
-4.28314157,0.46714648,0.00278883,0.00000000,0.15776196,0.05360024,0.01255642,0.03416635,0.00267188,0.24664065
-4.27713857,0.48903119,0.00290451,0.00000000,0.15941596,0.05686810,0.01343063,0.03419401,0.00290510,0.25875390
-4.27113557,0.51282687,0.00303774,0.00000000,0.16252155,0.06023875,0.01430257,0.03457889,0.00313700,0.27183508
-4.26513257,0.53773572,0.00318389,0.00000000,0.16669744,0.06363807,0.01516208,0.03523304,0.00336388,0.28546561
-4.25912956,0.56298046,0.00333846,0.00000000,0.17157894,0.06699326,0.01599942,0.03607266,0.00358189,0.29923629
-4.25312656,0.58781741,0.00349720,0.00000000,0.17682250,0.07023424,0.01680552,0.03701912,0.00378714,0.31275426
-4.24712356,0.61154891,0.00365612,0.00000000,0.18210983,0.07329503,0.01757213,0.03799980,0.00397578,0.32564975
-4.24112056,0.63353506,0.00381155,0.00000000,0.18715167,0.07611501,0.01829199,0.03894890,0.00414415,0.33758258
-4.23511756,0.65320433,0.00396016,0.00000000,0.19169100,0.07864012,0.01895884,0.03980807,0.00428888,0.34824794
-4.22911456,0.67006280,0.00409898,0.00000000,0.19550594,0.08082383,0.01956753,0.04052701,0.00440701,0.35738166
-4.22311156,0.68370165,0.00422545,0.00000000,0.19841194,0.08262795,0.02011396,0.04106393,0.00449606,0.36476443
-4.21710855,0.69380266,0.00433737,0.00000000,0.20026343,0.08402316,0.02059504,0.04138577,0.00455415,0.37022505
-4.21110555,0.70014155,0.00443297,0.00000000,0.20095465,0.08498939,0.02100858,0.04146846,0.00458008,0.37364242
-4.20510255,0.70258884,0.00451085,0.00000000,0.20041982,0.08551583,0.02135317,0.04129684,0.00457332,0.37494626
-4.19909955,0.70110853,0.00457000,0.00000000,0.19863235,0.08560078,0.02162806,0.04086449,0.00453408,0.37411659
-4.19309655,0.69575435,0.00460976,0.00000000,0.19560331,0.08525125,0.02183303,0.04017339,0.00446329,0.37118182
-4.18709355,0.68666401,0.00462984,0.00000000,0.19137908,0.08448237,0.02196825,0.03923339,0.00436260,0.36621582
-4.18109055,0.67405165,0.00463024,0.00000000,0.18603821,0.08331662,0.02203421,0.03806149,0.00423427,0.35933379
-4.17508754,0.65819885,0.00461128,0.00000000,0.17968776,0.08178297,0.02203166,0.03668108,0.00408118,0.35068748
-4.16908454,0.63944472,0.00457353,0.00000000,0.17245911,0.07991600,0.02196159,0.03512101,0.00390668,0.34045968
-4.16308154,0.61817547,0.00451784,0.00000000,0.16450350,0.07775493,0.02182530,0.03341461,0.00371453,0.32885853
-4.15707854,0.59481394,0.00444527,0.00000000,0.15598739,0.07534272,0.02162442,0.03159870,0.00350878,0.31611160
-4.15107554,0.56980950,0.00435710,0.00000000,0.14708796,0.07272527,0.02136111,0.02971259,0.00329367,0.30246025
-4.14507254,0.54362874,0.00425484,0.00000000,0.13798880,0.06995065,0.02103815,0.02779719,0.00307353,0.28815433
-4.13906953,0.51674720,0.00414016,0.00000000,0.12887600,0.06706850,0.02065914,0.02589412,0.00285269,0.27344746
-4.13306653,0.48964237,0.00401495,0.00000000,0.11993477,0.06412952,0.02022871,0.02404501,0.00263537,0.25859297
-4.12706353,0.46278797,0.00388126,0.00000000,0.11134661,0.06118507,0.01975264,0.02229089,0.00242564,0.24384057
-4.12106053,0.43664963,0.00374135,0.00000000,0.10328720,0.05828688,0.01923801,0.02067172,0.00222731,0.22943387
-4.11505753,0.41168170,0.00359763,0.00000000,0.09592485,0.05548683,0.01869335,0.01922610,0.00204396,0.21560849
-4.10905453,0.38832513,0.00345268,0.00000000,0.08941959,0.05283670,0.01812861,0.01799103,0.00187885,0.20259090
-4.10305153,0.36700600,0.00330921,0.00000000,0.08392278,0.05038804,0.01755521,0.01700186,0.00173494,0.19059774
-4.09704852,0.34813461,0.00317008,0.00000000,0.07957709,0.04819187,0.01698587,0.01629227,0.00161485,0.17983544
-4.09104552,0.33210449,0.00303825,0.00000000,0.07651673,0.04629837,0.01643450,0.01589432,0.00152091,0.17050008
-4.08504252,0.31929136,0.00291671,0.00000000,0.07486787,0.04475645,0.01591589,0.01583851,0.00145512,0.16277725
-4.07903952,0.31005140,0.00280851,0.00000000,0.07474896,0.04361315,0.01544542,0.01615381,0.00141920,0.15684175
-4.07303652,0.30471889,0.00271667,0.00000000,0.07627086,0.04291295,0.01503863,0.01686765,0.00141455,0.15285702
-4.06703352,0.30360286,0.00264412,0.00000000,0.07953674,0.04269688,0.01471080,0.01800582,0.00144231,0.15097421
-4.06103052,0.30698274,0.00259366,0.00000000,0.08464154,0.04300148,0.01447644,0.01959226,0.00150332,0.15133079
-4.05502751,0.31510304,0.00256789,0.00000000,0.09167098,0.04385770,0.01434879,0.02164876,0.00159812,0.15404871
-4.04902451,0.32816718,0.00256915,0.00000000,0.10070010,0.04528964,0.01433931,0.02419451,0.00172693,0.15923217
-4.04302151,0.34633069,0.00259945,0.00000000,0.11179137,0.04731332,0.01445717,0.02724556,0.00188964,0.16696500
-4.03701851,0.36969398,0.00266043,0.00000000,0.12499241,0.04993547,0.01470879,0.03081417,0.00208580,0.17730783
-4.03101551,0.39829532,0.00275331,0.00000000,0.14033335,0.05315236,0.01509746,0.03490810,0.00231453,0.19029518
-4.02501251,0.43210418,0.00287880,0.00000000,0.15782413,0.05694890,0.01562302,0.03952987,0.00257459,0.20593267
-4.01900950,0.47101556,0.00303714,0.00000000,0.17745169,0.06129787,0.01628163,0.04467600,0.00286427,0.22419446
-4.01300650,0.51484574,0.00322801,0.00000000,0.19917737,0.06615957,0.01706564,0.05033632,0.00318145,0.24502129
-4.00700350,0.56332987,0.00345057,0.00000000,0.22293459,0.07148182,0.01796365,0.05649339,0.00352355,0.26831905
-4.00100050,0.61612185,0.00370345,0.00000000,0.24862701,0.07720034,0.01896065,0.06312196,0.00388761,0.29395833
-3.99499750,0.67279665,0.00398477,0.00000000,0.27612729,0.08323965,0.02003828,0.07018875,0.00427028,0.32177482
-3.98899450,0.73285538,0.00429217,0.00000000,0.30527662,0.08951448,0.02117531,0.07765223,0.00466789,0.35157085
-3.98299150,0.79573319,0.00462288,0.00000000,0.33588497,0.09593160,0.02234814,0.08546280,0.00507658,0.38311801
-3.97698849,0.86080976,0.00497376,0.00000000,0.36773226,0.10239210,0.02353151,0.09356304,0.00549234,0.41616084
-3.97098549,0.92742234,0.00534141,0.00000000,0.40057035,0.10879406,0.02469929,0.10188832,0.00591116,0.45042152
-3.96498249,0.99488086,0.00572220,0.00000000,0.43412587,0.11503558,0.02582530,0.11036748,0.00632921,0.48560556
-3.95897949,1.06248470,0.00611241,0.00000000,0.46810374,0.12101787,0.02688421,0.11892382,0.00674292,0.52140808
-3.95297649,1.12954053,0.00650828,0.00000000,0.50219141,0.12664852,0.02785248,0.12747618,0.00714917,0.55752078
-3.94697349,1.19538062,0.00690612,0.00000000,0.53606364,0.13184471,0.02870923,0.13594021,0.00754547,0.59363913
-3.94097049,1.25938085,0.00730237,0.00000000,0.56938762,0.13653613,0.02943709,0.14422967,0.00793006,0.62946969
-3.93496748,1.32097788,0.00769370,0.00000000,0.60182847,0.14066771,0.03002291,0.15225784,0.00830208,0.66473724
-3.92896448,1.37968474,0.00807709,0.00000000,0.63305486,0.14420174,0.03045845,0.15993896,0.00866166,0.69919156
-3.92296148,1.43510433,0.00844982,0.00000000,0.66274460,0.14711956,0.03074077,0.16718966,0.00901004,0.73261355
-3.91695848,1.48694026,0.00880959,0.00000000,0.69059028,0.14942252,0.03087256,0.17393034,0.00934962,0.76482062
-3.91095548,1.53500475,0.00915451,0.00000000,0.71630461,0.15113227,0.03086220,0.18008652,0.00968394,0.79567105
-3.90495248,1.57922316,0.00948311,0.00000000,0.73962559,0.15229032,0.03072369,0.18559014,0.01001774,0.82506728
-3.89894947,1.61963512,0.00979436,0.00000000,0.76032127,0.15295689,0.03047629,0.19038073,0.01035685,0.85295794
-3.89294647,1.65639209,0.01008765,0.00000000,0.77819406,0.15320902,0.03014398,0.19440646,0.01070812,0.87933862
-3.88694347,1.68975148,0.01036276,0.00000000,0.79308463,0.15313811,0.02975484,0.19762518,0.01107928,0.90425123
-3.88094047,1.72006735,0.01061985,0.00000000,0.80487505,0.15284690,0.02934007,0.20000518,0.01147876,0.92778194
-3.87493747,1.74777800,0.01085940,0.00000000,0.81349135,0.15244605,0.02893311,0.20152588,0.01191547,0.95005769
-3.86893447,1.77339066,0.01108215,0.00000000,0.81890523,0.15205040,0.02856843,0.20217835,0.01239857,0.97124120
-3.86293147,1.79746365,0.01128908,0.00000000,0.82113489,0.15177508,0.02828045,0.20196556,0.01293718,0.99152468
-3.85692846,1.82058644,0.01148131,0.00000000,0.82024484,0.15173157,0.02810237,0.20090250,0.01354005,1.01112216
-3.85092546,1.84335804,0.01166006,0.00000000,0.81634473,0.15202385,0.02806493,0.19901599,0.01421526,1.03026057
-3.84492246,1.86636435,0.01182658,0.00000000,0.80958694,0.15274490,0.02819544,0.19634422,0.01496987,1.04916998
-3.83891946,1.89015509,0.01198209,0.00000000,0.80016320,0.15397338,0.02851669,0.19293608,0.01580956,1.06807295
-3.83291646,1.91522093,0.01212767,0.00000000,0.78830004,0.15577088,0.02904615,0.18885017,0.01673830,1.08717358
-3.82691346,1.94197174,0.01226427,0.00000000,0.77425322,0.15817973,0.02979529,0.18415356,0.01775802,1.10664657
-3.82091046,1.97071678,0.01239259,0.00000000,0.75830141,0.16122135,0.03076904,0.17892027,0.01886832,1.12662671
-3.81490745,2.00164759,0.01251310,0.00000000,0.74073917,0.16489537,0.03196558,0.17322962,0.02006622,1.14719947
-3.80890445,2.03482463,0.01262594,0.00000000,0.72186952,0.16917946,0.03337624,0.16716439,0.02134594,1.16839305
-3.80290145,2.07016836,0.01273093,0.00000000,0.70199649,0.17402982,0.03498567,0.16080887,0.02269882,1.19017265
-3.79689845,2.10745560,0.01282759,0.00000000,0.68141777,0.17938250,0.03677231,0.15424695,0.02411327,1.21243716
-3.79089545,2.14632157,0.01291513,0.00000000,0.66041800,0.18515539,0.03870894,0.14756019,0.02557485,1.23501900
-3.78489245,2.18626818,0.01299249,0.00000000,0.63926278,0.19125085,0.04076355,0.14082611,0.02706639,1.25768710
-3.77888944,2.22667841,0.01305840,0.00000000,0.61819385,0.19755894,0.04290031,0.13411661,0.02856832,1.28015329
-3.77288644,2.26683667,0.01311147,0.00000000,0.59742542,0.20396112,0.04508077,0.12749671,0.03005907,1.30208205
-3.76688344,2.30595452,0.01315028,0.00000000,0.57714200,0.21033430,0.04726500,0.12102356,0.03151551,1.32310318
-3.76088044,2.34320084,0.01317345,0.00000000,0.55749760,0.21655508,0.04941298,0.11474584,0.03291357,1.34282715
-3.75487744,2.37773512,0.01317978,0.00000000,0.53861628,0.22250411,0.05148588,0.10870348,0.03422893,1.36086216
-3.74887444,2.40874256,0.01316838,0.00000000,0.52059398,0.22807021,0.05344731,0.10292769,0.03543768,1.37683233
-3.74287144,2.43546903,0.01313870,0.00000000,0.50350127,0.23315427,0.05526451,0.09744141,0.03651712,1.39039594
-3.73686843,2.45725435,0.01309070,0.00000000,0.48738699,0.23767266,0.05690941,0.09225994,0.03744647,1.40126262
-3.73086543,2.47356187,0.01302484,0.00000000,0.47228212,0.24155996,0.05835945,0.08739178,0.03820758,1.40920865
-3.72486243,2.48400284,0.01294216,0.00000000,0.45820390,0.24477104,0.05959824,0.08283973,0.03878560,1.41408925
-3.71885943,2.48835404,0.01284428,0.00000000,0.44515960,0.24728208,0.06061597,0.07860189,0.03916946,1.41584709
-3.71285643,2.48656760,0.01273335,0.00000000,0.43314991,0.24909087,0.06140952,0.07467283,0.03935237,1.41451651
-3.70685343,2.47877236,0.01261199,0.00000000,0.42217142,0.25021595,0.06198231,0.07104461,0.03933201,1.41022283
-3.70085043,2.46526653,0.01248321,0.00000000,0.41221841,0.25069501,0.06234394,0.06770769,0.03911069,1.40317704
-3.69484742,2.44650203,0.01235026,0.00000000,0.40328353,0.25058225,0.06250948,0.06465175,0.03869526,1.39366568
-3.68884442,2.42306122,0.01221647,0.00000000,0.39535763,0.24994521,0.06249863,0.06186629,0.03809690,1.38203677
-3.68284142,2.39562747,0.01208515,0.00000000,0.38842875,0.24886083,0.06233470,0.05934101,0.03733071,1.36868237
-3.67683842,2.36495103,0.01195933,0.00000000,0.38248049,0.24741135,0.06204338,0.05706611,0.03641518,1.35401882
-3.67083542,2.33181243,0.01184168,0.00000000,0.37748998,0.24567988,0.06165152,0.05503239,0.03537155,1.33846589
-3.66483242,2.29698522,0.01173434,0.00000000,0.37342574,0.24374621,0.06118587,0.05323114,0.03422305,1.32242599
-3.65882941,2.26120049,0.01163878,0.00000000,0.37024573,0.24168282,0.06067185,0.05165411,0.03299410,1.30626473
-3.65282641,2.22511503,0.01155578,0.00000000,0.36789587,0.23955144,0.06013243,0.05029332,0.03170953,1.29029408
-3.64682341,2.18928498,0.01148534,0.00000000,0.36630929,0.23740038,0.05958719,0.04914087,0.03039374,1.27475899
-3.64082041,2.15414642,0.01142674,0.00000000,0.36540643,0.23526260,0.05905153,0.04818887,0.02906999,1.25982836
-3.63481741,2.12000387,0.01137855,0.00000000,0.36509623,0.23315477,0.05853616,0.04742935,0.02775977,1.24559085
-3.62881441,2.08702718,0.01133876,0.00000000,0.36527827,0.23107733,0.05804683,0.04685429,0.02648217,1.23205574
-3.62281141,2.05525679,0.01130491,0.00000000,0.36584596,0.22901539,0.05758430,0.04645572,0.02525355,1.21915860
-3.61680840,2.02461659,0.01127425,0.00000000,0.36669049,0.22694068,0.05714461,0.04622595,0.02408726,1.20677152
-3.61080540,1.99493360,0.01124396,0.00000000,0.36770538,0.22481406,0.05671957,0.04615782,0.02299344,1.19471691
-3.60480240,1.96596271,0.01121131,0.00000000,0.36879139,0.22258877,0.05629741,0.04624500,0.02197913,1.18278425
-3.59879940,1.93741486,0.01117386,0.00000000,0.36986127,0.22021396,0.05586371,0.04648228,0.02104835,1.17074824
-3.59279640,1.90898665,0.01112967,0.00000000,0.37084423,0.21763844,0.05540233,0.04686592,0.02020235,1.15838759
-3.58679340,1.88038942,0.01107740,0.00000000,0.37168968,0.21481435,0.05489646,0.04739375,0.01944002,1.14550281
-3.58079040,1.85137585,0.01101646,0.00000000,0.37236991,0.21170056,0.05432968,0.04806535,0.01875821,1.13193217
-3.57478739,1.82176243,0.01094702,0.00000000,0.37288156,0.20826561,0.05368692,0.04888201,0.01815225,1.11756470
-3.56878439,1.79144649,0.01087009,0.00000000,0.37324570,0.20449002,0.05295537,0.04984647,0.01761634,1.10234940
-3.56278139,1.76041673,0.01078741,0.00000000,0.37350643,0.20036785,0.05212522,0.05096268,0.01714404,1.08630032
-3.55677839,1.72875690,0.01070139,0.00000000,0.37372808,0.19590745,0.05119020,0.05223524,0.01672863,1.06949713
-3.55077539,1.69664267,0.01061499,0.00000000,0.37399120,0.19113144,0.05014796,0.05366881,0.01636348,1.05208141
-3.54477239,1.66433198,0.01053149,0.00000000,0.37438748,0.18607578,0.04900019,0.05526745,0.01604229,1.03424894
-3.53876938,1.63215015,0.01045432,0.00000000,0.37501407,0.18078832,0.04775257,0.05703387,0.01575933,1.01623878
-3.53276638,1.60047069,0.01038687,0.00000000,0.37596755,0.17532659,0.04641449,0.05896875,0.01550952,0.99831981
-3.52676338,1.56969368,0.01033221,0.00000000,0.37733809,0.16975526,0.04499860,0.06107015,0.01528852,0.98077600
-3.52076038,1.54022312,0.01029294,0.00000000,0.37920415,0.16414339,0.04352030,0.06333303,0.01509270,0.96389129
-3.51475738,1.51244527,0.01027097,0.00000000,0.38162817,0.15856156,0.04199701,0.06574909,0.01491907,0.94793530
-3.50875438,1.48670933,0.01026742,0.00000000,0.38465353,0.15307913,0.04044753,0.06830668,0.01476520,0.93315085
-3.50275138,1.46331203,0.01028252,0.00000000,0.38830307,0.14776185,0.03889128,0.07099119,0.01462908,0.91974405
-3.49674837,1.44248713,0.01031555,0.00000000,0.39257933,0.14266980,0.03734764,0.07378560,0.01450905,0.90787786
-3.49074537,1.42440048,0.01036489,0.00000000,0.39746651,0.13785592,0.03583538,0.07667139,0.01440364,0.89766919
-3.48474237,1.40915098,0.01042809,0.00000000,0.40293401,0.13336514,0.03437214,0.07962963,0.01431153,0.88918990
-3.47873937,1.39677707,0.01050199,0.00000000,0.40894143,0.12923407,0.03297409,0.08264231,0.01423146,0.88247130
-3.47273637,1.38726815,0.01058291,0.00000000,0.41544449,0.12549124,0.03165566,0.08569378,0.01416229,0.87751193
-3.46673337,1.38057994,0.01066687,0.00000000,0.42240165,0.12215794,0.03042950,0.08877214,0.01410291,0.87428757
-3.46073037,1.37665218,0.01074978,0.00000000,0.42978074,0.11924938,0.02930642,0.09187063,0.01405242,0.87276291
-3.45472736,1.37542738,0.01082774,0.00000000,0.43756510,0.11677610,0.02829559,0.09498876,0.01401010,0.87290358
-3.44872436,1.37686862,0.01089721,0.00000000,0.44575877,0.11474562,0.02740467,0.09813312,0.01397558,0.87468761
-3.44272136,1.38097494,0.01095527,0.00000000,0.45439013,0.11316390,0.02664007,0.10131780,0.01394891,0.87811515
-3.43671836,1.38779279,0.01099975,0.00000000,0.46351354,0.11203675,0.02600724,0.10456438,0.01393063,0.88321558
-3.43071536,1.39742215,0.01102940,0.00000000,0.47320889,0.11137089,0.02551083,0.10790130,0.01392184,0.89005122
-3.42471236,1.41001668,0.01104392,0.00000000,0.48357865,0.11117454,0.02515491,0.11136269,0.01392423,0.89871703
-3.41870935,1.42577726,0.01104400,0.00000000,0.49474254,0.11145765,0.02494309,0.11498679,0.01394006,0.90933618
-3.41270635,1.44493918,0.01103128,0.00000000,0.50683006,0.11223148,0.02487852,0.11881368,0.01397208,0.92205154
-3.40670335,1.46775331,0.01100819,0.00000000,0.51997107,0.11350780,0.02496386,0.12288281,0.01402342,0.93701338
-3.40070035,1.49446256,0.01097784,0.00000000,0.53428503,0.11529754,0.02520113,0.12723013,0.01409744,0.95436417
-3.39469735,1.52527485,0.01094383,0.00000000,0.54986952,0.11760914,0.02559147,0.13188516,0.01419750,0.97422130
-3.38869435,1.56033444,0.01090996,0.00000000,0.56678865,0.12044669,0.02613492,0.13686803,0.01432673,0.99665886
-3.38269135,1.59969365,0.01088006,0.00000000,0.58506225,0.12380786,0.02683007,0.14218685,0.01448781,1.02168995
-3.37668834,1.64328702,0.01085770,0.00000000,0.60465646,0.12768205,0.02767383,0.14783530,0.01468268,1.04925064
-3.37068534,1.69090979,0.01084596,0.00000000,0.62547658,0.13204867,0.02866114,0.15379087,0.01491233,1.07918700
-3.36468234,1.74220266,0.01084728,0.00000000,0.64736265,0.13687585,0.02978481,0.16001375,0.01517658,1.11124624
-3.35867934,1.79664423,0.01086327,0.00000000,0.67008826,0.14211965,0.03103545,0.16644646,0.01547392,1.14507295
-3.35267634,1.85355203,0.01089460,0.00000000,0.69336295,0.14772388,0.03240147,0.17301437,0.01580142,1.18021096
-3.34667334,1.91209285,0.01094098,0.00000000,0.71683812,0.15362062,0.03386928,0.17962701,0.01615468,1.21611120
-3.34067034,1.97130207,0.01100118,0.00000000,0.74011647,0.15973145,0.03542360,0.18618024,0.01652785,1.25214531
-3.33466733,2.03011147,0.01107310,0.00000000,0.76276453,0.16596929,0.03704784,0.19255919,0.01691377,1.28762463
-3.32866433,2.08738424,0.01115386,0.00000000,0.78432772,0.17224090,0.03872465,0.19864181,0.01730412,1.32182363
-3.32266133,2.14195551,0.01124005,0.00000000,0.80434726,0.17844983,0.04043655,0.20430285,0.01768966,1.35400672
-3.31665833,2.19267622,0.01132787,0.00000000,0.82237808,0.18449965,0.04216656,0.20941823,0.01806051,1.38345691
-3.31065533,2.23845816,0.01141338,0.00000000,0.83800675,0.19029740,0.04389881,0.21386942,0.01840649,1.40950487
-3.30465233,2.27831744,0.01149275,0.00000000,0.85086852,0.19575692,0.04561920,0.21754772,0.01871743,1.43155673
-3.29864932,2.31141424,0.01156245,0.00000000,0.86066256,0.20080195,0.04731587,0.22035826,0.01898358,1.44911900
-3.29264632,2.33708640,0.01161947,0.00000000,0.86716455,0.20536880,0.04897956,0.22222346,0.01919587,1.46181935
-3.28664332,2.35487504,0.01166148,0.00000000,0.87023594,0.20940843,0.05060384,0.22308584,0.01934629,1.46942176
-3.28064032,2.36454088,0.01168691,0.00000000,0.86982939,0.21288772,0.05218511,0.22291003,0.01942810,1.47183556
-3.27463732,2.36607012,0.01169509,0.00000000,0.86599014,0.21579009,0.05372240,0.22168394,0.01943610,1.46911751
-3.26863432,2.35966996,0.01168618,0.00000000,0.85885316,0.21811511,0.05521700,0.21941899,0.01936675,1.46146699
-3.26263132,2.34575379,0.01166115,0.00000000,0.84863636,0.21987737,0.05667187,0.21614949,0.01921826,1.44921464
-3.25662831,2.32491722,0.01162171,0.00000000,0.83563026,0.22110462,0.05809092,0.21193113,0.01899066,1.43280506
-3.25062531,2.29790636,0.01157013,0.00000000,0.82018458,0.22183522,0.05947817,0.20683876,0.01868568,1.41277465
-3.24462231,2.26558020,0.01150908,0.00000000,0.80269272,0.22211515,0.06083683,0.20096353,0.01830674,1.38972593
-3.23861931,2.22886946,0.01144145,0.00000000,0.78357477,0.22199474,0.06216846,0.19440952,0.01785872,1.36429981
-3.23261631,2.18873414,0.01137013,0.00000000,0.76326014,0.22152528,0.06347208,0.18729021,0.01734783,1.33714739
-3.22661331,2.14612230,0.01129783,0.00000000,0.74217063,0.22075585,0.06474350,0.17972464,0.01678138,1.30890292
-3.22061031,2.10193225,0.01122689,0.00000000,0.72070479,0.21973038,0.06597475,0.17183377,0.01616751,1.28015931
-3.21460730,2.05698017,0.01115915,0.00000000,0.69922443,0.21848526,0.06715380,0.16373701,0.01551499,1.25144754
-3.20860430,2.01197475,0.01109586,0.00000000,0.67804375,0.21704763,0.06826450,0.15554906,0.01483298,1.22322095
-3.20260130,1.96750001,0.01103758,0.00000000,0.65742169,0.21543436,0.06928677,0.14737732,0.01413081,1.19584497
-3.19659830,1.92400676,0.01098421,0.00000000,0.63755752,0.21365183,0.07019709,0.13931974,0.01341777,1.16959281
-3.19059530,1.88181284,0.01093503,0.00000000,0.61858999,0.21169651,0.07096927,0.13146341,0.01270298,1.14464684
-3.18459230,1.84111166,0.01088876,0.00000000,0.60059958,0.20955625,0.07157537,0.12388365,0.01199526,1.12110537
-3.17858929,1.80198784,0.01084374,0.00000000,0.58361371,0.20721223,0.07198683,0.11664382,0.01130302,1.09899412
-3.17258629,1.76443881,0.01079800,0.00000000,0.56761442,0.20464132,0.07217577,0.10979564,0.01063422,1.07828131
-3.16658329,1.72840045,0.01074954,0.00000000,0.55254775,0.20181887,0.07211619,0.10337999,0.00999633,1.05889532
-3.16058029,1.69377505,0.01069640,0.00000000,0.53833435,0.19872150,0.07178535,0.09742816,0.00939635,1.04074355
-3.15457729,1.66045959,0.01063695,0.00000000,0.52488050,0.19532992,0.07116487,0.09196336,0.00884080,1.02373130
-3.14857429,1.62837239,0.01056994,0.00000000,0.51208884,0.19163152,0.07024178,0.08700243,0.00833576,1.00777937
-3.14257129,1.59747664,0.01049470,0.00000000,0.49986837,0.18762244,0.06900935,0.08255760,0.00788689,0.99283937
-3.13656828,1.56779931,0.01041122,0.00000000,0.48814290,0.18330926,0.06746761,0.07863824,0.00749947,0.97890576
-3.13056528,1.53944433,0.01032017,0.00000000,0.47685778,0.17870996,0.06562369,0.07525243,0.00717839,0.96602411
-3.12456228,1.51259959,0.01022296,0.00000000,0.46598461,0.17385426,0.06349176,0.07240835,0.00692818,0.95429507
-3.11855928,1.48753744,0.01012165,0.00000000,0.45552364,0.16878325,0.06109275,0.07011537,0.00675295,0.94387408
-3.11255628,1.46460886,0.01001891,0.00000000,0.44550410,0.16354838,0.05845377,0.06838479,0.00665636,0.93496696
-3.10655328,1.44423207,0.00991785,0.00000000,0.43598245,0.15820990,0.05560731,0.06723030,0.00664154,0.92782175
-3.10055028,1.42687626,0.00982193,0.00000000,0.42703892,0.15283483,0.05259025,0.06666799,0.00671101,0.92271763
-3.09454727,1.41304174,0.00973475,0.00000000,0.41877257,0.14749462,0.04944273,0.06671610,0.00686655,0.91995145
-3.08854427,1.40323782,0.00965991,0.00000000,0.41129548,0.14226258,0.04620692,0.06739445,0.00710910,0.91982294
-3.08254127,1.39795968,0.00960077,0.00000000,0.40472631,0.13721131,0.04292582,0.06872364,0.00743865,0.92261945
-3.07653827,1.39766570,0.00956034,0.00000000,0.39918369,0.13241028,0.03964203,0.07072396,0.00785409,0.92860116
-3.07053527,1.40275645,0.00954113,0.00000000,0.39478006,0.12792354,0.03639667,0.07341431,0.00835316,0.93798744
-3.06453227,1.41355632,0.00954499,0.00000000,0.39161595,0.12380788,0.03322838,0.07681092,0.00893236,0.95094530
-3.05852926,1.43029879,0.00957307,0.00000000,0.38977533,0.12011139,0.03017252,0.08092614,0.00958692,0.96758016
-3.05252626,1.45311580,0.00962574,0.00000000,0.38932192,0.11687240,0.02726049,0.08576723,0.01031085,0.98792960
-3.04652326,1.48203155,0.00970261,0.00000000,0.39029677,0.11411908,0.02451934,0.09133528,0.01109695,1.01196013
-3.04052026,1.51696078,0.00980255,0.00000000,0.39271706,0.11186931,0.02197147,0.09762427,0.01193702,1.03956692
-3.03451726,1.55771134,0.00992376,0.00000000,0.39657599,0.11013119,0.01963458,0.10462029,0.01282196,1.07057652
-3.02851426,1.60399053,0.01006386,0.00000000,0.40184371,0.10890375,0.01752172,0.11230094,0.01374207,1.10475212
-3.02251126,1.65541473,0.01022002,0.00000000,0.40846911,0.10817801,0.01564154,0.12063502,0.01468727,1.14180100
-3.01650825,1.71152150,0.01038912,0.00000000,0.41638215,0.10793827,0.01399858,0.12958229,0.01564744,1.18138366
-3.01050525,1.77178338,0.01056786,0.00000000,0.42549670,0.10816340,0.01259366,0.13909357,0.01661276,1.22312412
-3.00450225,1.83562266,0.01075293,0.00000000,0.43571341,0.10882827,0.01142432,0.14911096,0.01757402,1.26662075
-2.99849925,1.90242618,0.01094115,0.00000000,0.44692263,0.10990491,0.01048524,0.15956821,0.01852294,1.31145725
-2.99249625,1.97155959,0.01112959,0.00000000,0.45900704,0.11136370,0.00976865,0.17039131,0.01945244,1.35721305
-2.98649325,2.04238038,0.01131567,0.00000000,0.47184396,0.11317421,0.00926475,0.18149916,0.02035692,1.40347288
-2.98049025,2.11424917,0.01149725,0.00000000,0.48530715,0.11530587,0.00896200,0.19280432,0.02123236,1.44983500
-2.97448724,2.18653897,0.01167268,0.00000000,0.49926810,0.11772828,0.00884743,0.20421392,0.02207643,1.49591789
-2.96848424,2.25864218,0.01184076,0.00000000,0.51359686,0.12041142,0.00890684,0.21563055,0.02288848,1.54136514
-2.96248124,2.32997523,0.01200081,0.00000000,0.52816231,0.12332540,0.00912498,0.22695329,0.02366942,1.58584848
-2.95647824,2.39998109,0.01215254,0.00000000,0.54283209,0.12644022,0.00948565,0.23807877,0.02442156,1.62906899
-2.95047524,2.46812972,0.01229605,0.00000000,0.55747222,0.12972529,0.00997181,0.24890224,0.02514830,1.67075651
-2.94447224,2.53391699,0.01243167,0.00000000,0.57194659,0.13314883,0.01056564,0.25931883,0.02585381,1.71066749
-2.93846923,2.59686245,0.01255991,0.00000000,0.58611640,0.13667739,0.01124861,0.26922474,0.02654261,1.74858165
-2.93246623,2.65650648,0.01268131,0.00000000,0.59983984,0.14027534,0.01200159,0.27851866,0.02721920,1.78429768
-2.92646323,2.71240749,0.01279633,0.00000000,0.61297199,0.14390454,0.01280494,0.28710323,0.02788762,1.81762849
-2.92046023,2.76413968,0.01290527,0.00000000,0.62536519,0.14752421,0.01363868,0.29488658,0.02855106,1.84839649
-2.91445723,2.81129206,0.01300814,0.00000000,0.63686999,0.15109106,0.01448269,0.30178413,0.02921157,1.87642935
-2.90845423,2.85346915,0.01310463,0.00000000,0.64733669,0.15455967,0.01531699,0.30772030,0.02986977,1.90155667
-2.90245123,2.89029377,0.01319405,0.00000000,0.65661763,0.15788323,0.01612199,0.31263046,0.03052475,1.92360814
-2.89644822,2.92141226,0.01327534,0.00000000,0.66457008,0.16101456,0.01687886,0.31646285,0.03117403,1.94241333
-2.89044522,2.94650219,0.01334706,0.00000000,0.67105981,0.16390736,0.01756988,0.31918052,0.03181365,1.95780358
-2.88444222,2.96528232,0.01340748,0.00000000,0.67596519,0.16651773,0.01817885,0.32076311,0.03243835,1.96961589
-2.87843922,2.97752470,0.01345467,0.00000000,0.67918165,0.16880585,0.01869142,0.32120859,0.03304197,1.97769894
-2.87243622,2.98306810,0.01348658,0.00000000,0.68062628,0.17073772,0.01909547,0.32053458,0.03361778,1.98192084
-2.86643322,2.98183224,0.01350122,0.00000000,0.68024248,0.17228683,0.01938140,0.31877939,0.03415902,1.98217843
-2.86043022,2.97383174,0.01349678,0.00000000,0.67800412,0.17343578,0.01954241,0.31600257,0.03465935,1.97840739
-2.85442721,2.95918874,0.01347175,0.00000000,0.67391924,0.17417764,0.01957463,0.31228484,0.03511344,1.97059260
-2.84842421,2.93814326,0.01342514,0.00000000,0.66803280,0.17451689,0.01947727,0.30772741,0.03551735,1.95877793
-2.84242121,2.91105999,0.01335651,0.00000000,0.66042829,0.17447009,0.01925256,0.30245058,0.03586901,1.94307466
-2.83641821,2.87843071,0.01326614,0.00000000,0.65122804,0.17406588,0.01890572,0.29659157,0.03616847,1.92366776
-2.83041521,2.84087142,0.01315505,0.00000000,0.64059198,0.17334455,0.01844474,0.29030165,0.03641808,1.90081920
-2.82441221,2.79911379,0.01302506,0.00000000,0.62871484,0.17235701,0.01788011,0.28374257,0.03662252,1.87486787
-2.81840920,2.75399059,0.01287872,0.00000000,0.61582179,0.17116321,0.01722451,0.27708237,0.03678863,1.84622554
-2.81240620,2.70641524,0.01271930,0.00000000,0.60216254,0.16983002,0.01649241,0.27049077,0.03692514,1.81536885
-2.80640320,2.65735625,0.01255064,0.00000000,0.58800419,0.16842873,0.01569963,0.26413419,0.03704222,1.78282732
-2.80040020,2.60780710,0.01237706,0.00000000,0.57362301,0.16703218,0.01486289,0.25817070,0.03715092,1.74916783
-2.79439720,2.55875314,0.01220310,0.00000000,0.55929556,0.16571177,0.01399937,0.25274506,0.03726250,1.71497612
-2.78839420,2.51113692,0.01203343,0.00000000,0.54528949,0.16453429,0.01312627,0.24798406,0.03738777,1.68083624
-2.78239120,2.46582360,0.01187253,0.00000000,0.53185456,0.16355905,0.01226040,0.24399240,0.03753631,1.64730904
-2.77638819,2.42356840,0.01172458,0.00000000,0.51921413,0.16283508,0.01141781,0.24084939,0.03771586,1.61491066
-2.77038519,2.38498782,0.01159322,0.00000000,0.50755782,0.16239891,0.01061351,0.23860646,0.03793167,1.58409244
-2.76438219,2.35053623,0.01148137,0.00000000,0.49703545,0.16227277,0.00986118,0.23728579,0.03818607,1.55522332
-2.75837919,2.32048925,0.01139113,0.00000000,0.48775274,0.16246355,0.00917301,0.23688013,0.03847810,1.52857570
-2.75237619,2.29493494,0.01132365,0.00000000,0.47976894,0.16296235,0.00855954,0.23735370,0.03880340,1.50431568
-2.74637319,2.27377348,0.01127908,0.00000000,0.47309649,0.16374485,0.00802961,0.23864430,0.03915425,1.48249830
-2.74037019,2.25672523,0.01125662,0.00000000,0.46770272,0.16477242,0.00759027,0.24066651,0.03951981,1.46306801
-2.73436718,2.24334712,0.01125451,0.00000000,0.46351351,0.16599383,0.00724685,0.24331568,0.03988654,1.44586433
-2.72836418,2.23305621,0.01127013,0.00000000,0.46041863,0.16734763,0.00700290,0.24647281,0.04023883,1.43063252
-2.72236118,2.22515949,0.01130017,0.00000000,0.45827852,0.16876493,0.00686031,0.25000978,0.04055967,1.41703851
-2.71635818,2.21888803,0.01134077,0.00000000,0.45693211,0.17017254,0.00681931,0.25379493,0.04083150,1.40468728
-2.71035518,2.21343390,0.01138770,0.00000000,0.45620517,0.17149625,0.00687854,0.25769848,0.04103708,1.39314370
-2.70435218,2.20798782,0.01143657,0.00000000,0.45591897,0.17266406,0.00703514,0.26159786,0.04116031,1.38195457
-2.69834917,2.20177558,0.01148304,0.00000000,0.45589853,0.17360933,0.00728473,0.26538231,0.04118711,1.37067088
-2.69234617,2.19409161,0.01152297,0.00000000,0.45598026,0.17427352,0.00762155,0.26895692,0.04110611,1.35886881
-2.68634317,2.18432791,0.01155263,0.00000000,0.45601865,0.17460849,0.00803845,0.27224569,0.04090923,1.34616886
-2.68034017,2.17199732,0.01156885,0.00000000,0.45589156,0.17457830,0.00852696,0.27519369,0.04059218,1.33225185
-2.67433717,2.15675009,0.01156910,0.00000000,0.45550417,0.17416037,0.00907741,0.27776806,0.04015464,1.31687147
-2.66833417,2.13838348,0.01155159,0.00000000,0.45479129,0.17334599,0.00967896,0.27995811,0.03960042,1.29986270
-2.66233117,2.11684414,0.01151531,0.00000000,0.45371816,0.17214024,0.01031979,0.28177433,0.03893726,1.28114618
-2.65632816,2.09222382,0.01146002,0.00000000,0.45227979,0.17056129,0.01098718,0.28324656,0.03817658,1.26072846
-2.65032516,2.06474897,0.01138626,0.00000000,0.45049888,0.16863922,0.01166776,0.28442142,0.03733305,1.23869845
-2.64432216,2.03476510,0.01129523,0.00000000,0.44842273,0.16641431,0.01234770,0.28535907,0.03642394,1.21522065
-2.63831916,2.00271716,0.01118876,0.00000000,0.44611911,0.16393515,0.01301298,0.28612963,0.03546850,1.19052556
-2.63231616,1.96912701,0.01106918,0.00000000,0.44367156,0.16125643,0.01364966,0.28680925,0.03448718,1.16489815
-2.62631316,1.93456928,0.01093919,0.00000000,0.44117427,0.15843661,0.01424423,0.28747616,0.03350085,1.13866495
-2.62031016,1.89964660,0.01080174,0.00000000,0.43872672,0.15553567,0.01478388,0.28820667,0.03253001,1.11218045
-2.61430715,1.86496541,0.01065991,0.00000000,0.43642843,0.15261284,0.01525685,0.28907141,0.03159408,1.08581347
-2.60830415,1.83111312,0.01051678,0.00000000,0.43437390,0.14972458,0.01565275,0.29013185,0.03071070,1.05993403
-2.60230115,1.79863725,0.01037527,0.00000000,0.43264789,0.14692273,0.01596281,0.29143713,0.02989515,1.03490101
-2.59629815,1.76802709,0.01023810,0.00000000,0.43132121,0.14425291,0.01618011,0.29302142,0.02915981,1.01105108
-2.59029515,1.73969831,0.01010759,0.00000000,0.43044713,0.14175326,0.01629978,0.29490169,0.02851385,0.98868899
-2.58429215,1.71398046,0.00998567,0.00000000,0.43005832,0.13945344,0.01631914,0.29707609,0.02796294,0.96807933
-2.57828914,1.69110767,0.00987376,0.00000000,0.43016464,0.13737396,0.01623769,0.29952291,0.02750912,0.94943983
-2.57228614,1.67121238,0.00977271,0.00000000,0.43075160,0.13552579,0.01605711,0.30220013,0.02715080,0.93293612
-2.56628314,1.65432210,0.00968280,0.00000000,0.43177959,0.13391030,0.01578120,0.30504566,0.02688290,0.91867800
-2.56028014,1.64035908,0.00960372,0.00000000,0.43318396,0.13251941,0.01541563,0.30797824,0.02669704,0.90671695
-2.55427714,1.62914275,0.00953456,0.00000000,0.43487593,0.13133604,0.01496777,0.31089904,0.02658191,0.89704507
-2.54827414,1.62039492,0.00947385,0.00000000,0.43674427,0.13033481,0.01444641,0.31369391,0.02652363,0.88959525
-2.54227114,1.61374746,0.00941961,0.00000000,0.43865786,0.12948294,0.01386142,0.31623637,0.02650634,0.88424245
-2.53626813,1.60875243,0.00936938,0.00000000,0.44046899,0.12874131,0.01322342,0.31839108,0.02651265,0.88080640
-2.53026513,1.60489442,0.00932036,0.00000000,0.44201743,0.12806577,0.01254344,0.32001800,0.02652433,0.87905526
-2.52426213,1.60160488,0.00926946,0.00000000,0.44313501,0.12740850,0.01183261,0.32097684,0.02652284,0.87871069
-2.51825913,1.59827814,0.00921342,0.00000000,0.44365082,0.12671957,0.01110180,0.32113183,0.02649005,0.87945394
-2.51225613,1.59428880,0.00914891,0.00000000,0.44339665,0.12594847,0.01036139,0.32035662,0.02640874,0.88093318
-2.50625313,1.58900999,0.00907269,0.00000000,0.44221261,0.12504572,0.00962102,0.31853903,0.02626326,0.88277186
-2.50025013,1.58183199,0.00898167,0.00000000,0.43995269,0.12396447,0.00888938,0.31558556,0.02603995,0.88457796
-2.49424712,1.57218079,0.00887307,0.00000000,0.43649000,0.12266193,0.00817412,0.31142533,0.02572766,0.88595416
-2.48824412,1.55953586,0.00874450,0.00000000,0.43172152,0.12110080,0.00748174,0.30601343,0.02531799,0.88650846
-2.48224112,1.54344665,0.00859407,0.00000000,0.42557224,0.11925041,0.00681756,0.29933326,0.02480562,0.88586523
-2.47623812,1.52354721,0.00842044,0.00000000,0.41799827,0.11708775,0.00618575,0.29139802,0.02418835,0.88367627
-2.47023512,1.49956859,0.00822288,0.00000000,0.40898909,0.11459812,0.00558934,0.28225103,0.02346716,0.87963161
-2.46423212,1.47134838,0.00800133,0.00000000,0.39856865,0.11177568,0.00503037,0.27196494,0.02264609,0.87346977
-2.45822911,1.43883733,0.00775637,0.00000000,0.38679534,0.10862354,0.00450994,0.26063993,0.02173200,0.86498713
-2.45222611,1.40210281,0.00748925,0.00000000,0.37376084,0.10515369,0.00402833,0.24840084,0.02073429,0.85404607
-2.44622311,1.36132892,0.00720180,0.00000000,0.35958805,0.10138659,0.00358517,0.23539346,0.01966450,0.84058165
-2.44022011,1.31681355,0.00689645,0.00000000,0.34442791,0.09735055,0.00317953,0.22178017,0.01853584,0.82460658
-2.43421711,1.26896243,0.00657610,0.00000000,0.32845564,0.09308086,0.00281004,0.20773503,0.01736274,0.80621429
-2.42821411,1.21828047,0.00624406,0.00000000,0.31186629,0.08861877,0.00247505,0.19343873,0.01616030,0.78557987
-2.42221111,1.16536076,0.00590399,0.00000000,0.29486993,0.08401034,0.00217267,0.17907338,0.01494379,0.76295891
-2.41620810,1.11087156,0.00555973,0.00000000,0.27768666,0.07930518,0.00190092,0.16481766,0.01372821,0.73868412
-2.41020510,1.05554185,0.00521530,0.00000000,0.26054156,0.07455516,0.00165775,0.15084222,0.01252781,0.71315976
-2.40420210,1.00014556,0.00487472,0.00000000,0.24365982,0.06981316,0.00144115,0.13730580,0.01135573,0.68685400
-2.39819910,0.94548521,0.00454196,0.00000000,0.22726218,0.06513182,0.00124918,0.12435189,0.01022370,0.66028927
-2.39219610,0.89237508,0.00422087,0.00000000,0.21156067,0.06056241,0.00108002,0.11210626,0.00914183,0.63403086
-2.38619310,0.84162425,0.00391506,0.00000000,0.19675489,0.05615378,0.00093199,0.10067520,0.00811840,0.60867389
-2.38019010,0.79401995,0.00362787,0.00000000,0.18302871,0.05195140,0.00080363,0.09014467,0.00715986,0.58482897
-2.37418709,0.75031121,0.00336229,0.00000000,0.17054753,0.04799664,0.00069366,0.08058001,0.00627078,0.56310689
-2.36818409,0.71119327,0.00312096,0.00000000,0.15945593,0.04432605,0.00060108,0.07202648,0.00545394,0.54410254
-2.36218109,0.67729269,0.00290607,0.00000000,0.14987582,0.04097091,0.00052514,0.06451018,0.00471048,0.52837855
-2.35617809,0.64915357,0.00271936,0.00000000,0.14190501,0.03795682,0.00046543,0.05803951,0.00403998,0.51644895
-2.35017509,0.62722493,0.00256213,0.00000000,0.13561608,0.03530346,0.00042188,0.05260690,0.00344077,0.50876335
-2.34417209,0.61184949,0.00243517,0.00000000,0.13105564,0.03302450,0.00039481,0.04819069,0.00291005,0.50569193
-2.33816908,0.60325414,0.00233881,0.00000000,0.12824390,0.03112754,0.00038501,0.04475714,0.00244416,0.50751189
-2.33216608,0.60154231,0.00227288,0.00000000,0.12717449,0.02961425,0.00039373,0.04226237,0.00203881,0.51439558
-2.32616308,0.60668853,0.00223673,0.00000000,0.12781470,0.02848060,0.00042282,0.04065432,0.00168924,0.52640098
-2.32016008,0.61853551,0.00222927,0.00000000,0.13010597,0.02771707,0.00047468,0.03987442,0.00139048,0.54346476
-2.31415708,0.63679398,0.00224895,0.00000000,0.13396483,0.02730913,0.00055239,0.03985929,0.00113747,0.56539843
-2.30815408,0.66104560,0.00229381,0.00000000,0.13928420,0.02723767,0.00065972,0.04054211,0.00092521,0.59188786
-2.30215108,0.69074908,0.00236152,0.00000000,0.14593524,0.02747957,0.00080117,0.04185392,0.00074889,0.62249642
-2.29614807,0.72524969,0.00244939,0.00000000,0.15376962,0.02800831,0.00098196,0.04372474,0.00060398,0.65667188
-2.29014507,0.76379208,0.00255448,0.00000000,0.16262228,0.02879471,0.00120803,0.04608458,0.00048630,0.69375708
-2.28414207,0.80553639,0.00267360,0.00000000,0.17231473,0.02980762,0.00148604,0.04886431,0.00039203,0.73300424
-2.27813907,0.84957720,0.00280341,0.00000000,0.18265874,0.03101470,0.00182323,0.05199650,0.00031777,0.77359263
-2.27213607,0.89496504,0.00294048,0.00000000,0.19346042,0.03238325,0.00222735,0.05541609,0.00026053,0.81464917
-2.26613307,0.94072973,0.00308137,0.00000000,0.20452450,0.03388093,0.00270651,0.05906112,0.00021771,0.85527132
-2.26013007,0.98590484,0.00322268,0.00000000,0.21565879,0.03547649,0.00326895,0.06287325,0.00018708,0.89455156
-2.25412706,1.02955244,0.00336118,0.00000000,0.22667849,0.03714047,0.00392282,0.06679828,0.00016675,0.93160260
-2.24812406,1.07078716,0.00349382,0.00000000,0.23741032,0.03884569,0.00467586,0.07078652,0.00015516,0.96558236
-2.24212106,1.10879857,0.00361785,0.00000000,0.24769624,0.04056776,0.00553505,0.07479306,0.00015101,0.99571779
-2.23611806,1.14287105,0.00373084,0.00000000,0.25739649,0.04228528,0.00650627,0.07877788,0.00015322,1.02132653
-2.23011506,1.17240016,0.00383073,0.00000000,0.26639200,0.04398004,0.00759388,0.08270576,0.00016090,1.04183555
-2.22411206,1.19690495,0.00391589,0.00000000,0.27458582,0.04563692,0.00880031,0.08654605,0.00017334,1.05679603
-2.21810905,1.21603559,0.00398512,0.00000000,0.28190370,0.04724369,0.01012566,0.09027224,0.00018990,1.06589374
-2.21210605,1.22957608,0.00403762,0.00000000,0.28829368,0.04879066,0.01156732,0.09386140,0.00021005,1.06895472
-2.20610305,1.23744198,0.00407304,0.00000000,0.29372477,0.05027017,0.01311963,0.09729340,0.00023333,1.06594588
-2.20010005,1.23967352,0.00409141,0.00000000,0.29818480,0.05167598,0.01477365,0.10055010,0.00025928,1.05697073
-2.19409705,1.23642430,0.00409308,0.00000000,0.30167767,0.05300267,0.01651694,0.10361450,0.00028747,1.04226040
-2.18809405,1.22794667,0.00407875,0.00000000,0.30422001,0.05424494,0.01833358,0.10646984,0.00031747,1.02216071
-2.18209105,1.21457432,0.00404931,0.00000000,0.30583768,0.05539699,0.02020416,0.10909884,0.00034883,0.99711572
-2.17608804,1.19670332,0.00400585,0.00000000,0.30656221,0.05645205,0.02210605,0.11148308,0.00038110,0.96764880
-2.17008504,1.17477258,0.00394958,0.00000000,0.30642751,0.05740191,0.02401376,0.11360254,0.00041381,0.93434220
-2.16408204,1.14924483,0.00388175,0.00000000,0.30546697,0.05823675,0.02589941,0.11543551,0.00044648,0.89781599
-2.15807904,1.12058904,0.00380363,0.00000000,0.30371123,0.05894509,0.02773341,0.11695865,0.00047863,0.85870739
-2.15207604,1.08926523,0.00371644,0.00000000,0.30118673,0.05951397,0.02948524,0.11814752,0.00050983,0.81765143
-2.14607304,1.05571219,0.00362132,0.00000000,0.29791510,0.05992933,0.03112427,0.11897733,0.00053964,0.77526370
-2.14007004,1.02033856,0.00351933,0.00000000,0.29391342,0.06017659,0.03262074,0.11942397,0.00056773,0.73212568
-2.13406703,0.98351763,0.00341142,0.00000000,0.28919533,0.06024144,0.03394671,0.11946535,0.00059382,0.68877323
-2.12806403,0.94558551,0.00329843,0.00000000,0.28377287,0.06011064,0.03507700,0.11908287,0.00061776,0.64568838
-2.12206103,0.90684264,0.00318111,0.00000000,0.27765884,0.05977300,0.03599015,0.11826299,0.00063953,0.60329441
-2.11605803,0.86755811,0.00306013,0.00000000,0.27086967,0.05922036,0.03666919,0.11699878,0.00065931,0.56195420
-2.11005503,0.82797609,0.00293612,0.00000000,0.26342829,0.05844849,0.03710232,0.11529147,0.00067745,0.52197134
-2.10405203,0.78832377,0.00280970,0.00000000,0.25536705,0.05745794,0.03728352,0.11315172,0.00069456,0.48359375
-2.09804902,0.74882005,0.00268148,0.00000000,0.24673032,0.05625473,0.03721278,0.11060069,0.00071149,0.44701924
-2.09204602,0.70968419,0.00255213,0.00000000,0.23757661,0.05485081,0.03689634,0.10767075,0.00072940,0.41240231
-2.08604302,0.67114372,0.00242237,0.00000000,0.22798006,0.05326442,0.03634655,0.10440579,0.00074973,0.37986187
-2.08004002,0.63344117,0.00229303,0.00000000,0.21803115,0.05152003,0.03558161,0.10086119,0.00077429,0.34948908
-2.07403702,0.59683896,0.00216502,0.00000000,0.20783664,0.04964824,0.03462507,0.09710321,0.00080519,0.32135500
-2.06803402,0.56162221,0.00203934,0.00000000,0.19751856,0.04768523,0.03350520,0.09320812,0.00084494,0.29551748
-2.06203102,0.52809940,0.00191710,0.00000000,0.18721248,0.04567215,0.03225413,0.08926082,0.00089636,0.27202711
-2.05602801,0.49660058,0.00179951,0.00000000,0.17706498,0.04365421,0.03090694,0.08535310,0.00096263,0.25093179
-2.05002501,0.46747346,0.00168782,0.00000000,0.16723050,0.04167966,0.02950061,0.08158168,0.00104727,0.23227997
-2.04402201,0.44107739,0.00158335,0.00000000,0.15786766,0.03979859,0.02807301,0.07804595,0.00115405,0.21612237
-2.03801901,0.41777554,0.00148742,0.00000000,0.14913523,0.03806164,0.02666176,0.07484550,0.00128700,0.20251219
-2.03201601,0.39792566,0.00140133,0.00000000,0.14118788,0.03651876,0.02530322,0.07207764,0.00145033,0.19150393
-2.02601301,0.38186965,0.00132633,0.00000000,0.13417187,0.03521777,0.02403148,0.06983483,0.00164832,0.18315102
-2.02001001,0.36992248,0.00126358,0.00000000,0.12822082,0.03420313,0.02287749,0.06820211,0.00188525,0.17750217
-2.01400700,0.36236062,0.00121409,0.00000000,0.12345173,0.03351465,0.02186821,0.06725469,0.00216527,0.17459706
-2.00800400,0.35941060,0.00117873,0.00000000,0.11996123,0.03318630,0.02102602,0.06705562,0.00249223,0.17446118
-2.00200100,0.36123792,0.00115817,0.00000000,0.11782240,0.03324516,0.02036814,0.06765372,0.00286960,0.17710042
-1.99599800,0.36793674,0.00115284,0.00000000,0.11708200,0.03371048,0.01990627,0.06908173,0.00330022,0.18249539
-1.98999500,0.37952073,0.00116291,0.00000000,0.11775832,0.03459288,0.01964636,0.07135475,0.00378618,0.19059603
-1.98399200,0.39591539,0.00118832,0.00000000,0.11983970,0.03589375,0.01958857,0.07446906,0.00432863,0.20131650
-1.97798899,0.41695227,0.00122868,0.00000000,0.12328370,0.03760483,0.01972730,0.07840139,0.00492759,0.21453087
-1.97198599,0.44236539,0.00128331,0.00000000,0.12801711,0.03970799,0.02005147,0.08310851,0.00558184,0.23006974
-1.96598299,0.47179021,0.00135127,0.00000000,0.13393669,0.04217526,0.02054481,0.08852747,0.00628875,0.24771809
-1.95997999,0.50476540,0.00143130,0.00000000,0.14091069,0.04496911,0.02118645,0.09457629,0.00704418,0.26721460
-1.95397699,0.54073768,0.00152187,0.00000000,0.14878125,0.04804299,0.02195144,0.10115526,0.00784246,0.28825261
-1.94797399,0.57906984,0.00162122,0.00000000,0.15736761,0.05134211,0.02281152,0.10814879,0.00867636,0.31048281
-1.94197099,0.61905201,0.00172737,0.00000000,0.16647008,0.05480456,0.02373590,0.11542790,0.00953715,0.33351785
-1.93596798,0.65991614,0.00183817,0.00000000,0.17587473,0.05836260,0.02469212,0.12285323,0.01041472,0.35693874
-1.92996498,0.70085338,0.00195136,0.00000000,0.18535882,0.06194431,0.02564700,0.13027863,0.01129778,0.38030299
-1.92396198,0.74103423,0.00206460,0.00000000,0.19469664,0.06547534,0.02656753,0.13755517,0.01217408,0.40315436
-1.91795898,0.77963063,0.00217560,0.00000000,0.20366583,0.06888094,0.02742183,0.14453553,0.01303078,0.42503387
-1.91195598,0.81583966,0.00228212,0.00000000,0.21205389,0.07208800,0.02818005,0.15107866,0.01385475,0.44549174
-1.90595298,0.84890797,0.00238207,0.00000000,0.21966471,0.07502726,0.02881516,0.15705448,0.01463303,0.46409987
-1.89994997,0.87815601,0.00247362,0.00000000,0.22632488,0.07763542,0.02930375,0.16234864,0.01535328,0.48046434
-1.89394697,0.90300134,0.00255523,0.00000000,0.23188967,0.07985717,0.02962658,0.16686699,0.01600418,0.49423744
-1.88794397,0.92297993,0.00262572,0.00000000,0.23624827,0.08164710,0.02976912,0.17053969,0.01657593,0.50512863
-1.88194097,0.93776469,0.00268437,0.00000000,0.23932822,0.08297124,0.02972186,0.17332486,0.01706066,0.51291412
-1.87593797,0.94718030,0.00273093,0.00000000,0.24109893,0.08380847,0.02948043,0.17521143,0.01745277,0.51744438
-1.86993497,0.95121379,0.00276570,0.00000000,0.24157383,0.08415132,0.02904563,0.17622125,0.01774928,0.51864941
-1.86393197,0.95002028,0.00278951,0.00000000,0.24081143,0.08400656,0.02842321,0.17641035,0.01795003,0.51654140
-1.85792896,0.94392352,0.00280378,0.00000000,0.23891493,0.08339519,0.02762356,0.17586910,0.01805782,0.51121456
-1.85192596,0.93341106,0.00281046,0.00000000,0.23603051,0.08235202,0.02666116,0.17472142,0.01807840,0.50284229
-1.84592296,0.91912431,0.00281206,0.00000000,0.23234430,0.08092481,0.02555405,0.17312301,0.01802045,0.49167154
-1.83991996,0.90184341,0.00281154,0.00000000,0.22807811,0.07917298,0.02432309,0.17125850,0.01789529,0.47801473
-1.83391696,0.88246776,0.00281233,0.00000000,0.22348405,0.07716588,0.02299119,0.16933769,0.01771662,0.46223951
-1.82791396,0.86199241,0.00281817,0.00000000,0.21883814,0.07498082,0.02158259,0.16759101,0.01750011,0.44475677
-1.82191096,0.84148140,0.00283308,0.00000000,0.21443321,0.07270077,0.02012202,0.16626409,0.01726287,0.42600739
-1.81590795,0.82203854,0.00286122,0.00000000,0.21057110,0.07041194,0.01863401,0.16561179,0.01702289,0.40644827
-1.80990495,0.80477672,0.00290678,0.00000000,0.20755453,0.06820120,0.01714220,0.16589169,0.01679847,0.38653821
-1.80390195,0.79078651,0.00297388,0.00000000,0.20567880,0.06615355,0.01566873,0.16735722,0.01660751,0.36672404
-1.79789895,0.78110486,0.00306640,0.00000000,0.20522343,0.06434962,0.01423379,0.17025055,0.01646692,0.34742776
-1.79189595,0.77668492,0.00318788,0.00000000,0.20644407,0.06286330,0.01285524,0.17479540,0.01639199,0.32903475
-1.78589295,0.77836750,0.00334139,0.00000000,0.20956475,0.06175964,0.01154830,0.18118995,0.01639581,0.31188387
-1.77988994,0.78685509,0.00352939,0.00000000,0.21477075,0.06109289,0.01032547,0.18960001,0.01648878,0.29625928
-1.77388694,0.80268892,0.00375364,0.00000000,0.22220217,0.06090499,0.00919645,0.20015256,0.01667819,0.28238452
-1.76788394,0.82622976,0.00401508,0.00000000,0.23194841,0.06122435,0.00816821,0.21292990,0.01696789,0.27041870
-1.76188094,0.85764283,0.00431375,0.00000000,0.24404373,0.06206495,0.00724514,0.22796456,0.01735813,0.26045503
-1.75587794,0.89688745,0.00464873,0.00000000,0.25846392,0.06342599,0.00642922,0.24523519,0.01784546,0.25252136
-1.74987494,0.94371154,0.00501809,0.00000000,0.27512442,0.06529176,0.00572033,0.26466354,0.01842282,0.24658285
-1.74387194,0.99765151,0.00541888,0.00000000,0.29387984,0.06763205,0.00511655,0.28611284,0.01907965,0.24254638
-1.73786893,1.05803761,0.00584714,0.00000000,0.31452498,0.07040292,0.00461441,0.30938761,0.01980229,0.24026652
-1.73186593,1.12400486,0.00629794,0.00000000,0.33679764,0.07354779,0.00420930,0.33423507,0.02057428,0.23955280
-1.72586293,1.19450960,0.00676544,0.00000000,0.36038297,0.07699900,0.00389577,0.36034842,0.02137697,0.24017793
-1.71985993,1.26835150,0.00724304,0.00000000,0.38491961,0.08067956,0.00366784,0.38737181,0.02219003,0.24188674
-1.71385693,1.34420067,0.00772343,0.00000000,0.41000738,0.08450526,0.00351930,0.41490710,0.02299212,0.24440540
-1.70785393,1.42062944,0.00819881,0.00000000,0.43521658,0.08838700,0.00344402,0.44252250,0.02376159,0.24745075
-1.70185093,1.49614814,0.00866108,0.00000000,0.46009855,0.09223327,0.00343622,0.46976264,0.02447710,0.25073938
-1.69584792,1.56924400,0.00910197,0.00000000,0.48419741,0.09595270,0.00349068,0.49616011,0.02511839,0.25399627
-1.68984492,1.63842214,0.00951333,0.00000000,0.50706255,0.09945673,0.00360297,0.52124807,0.02566683,0.25696264
-1.68384192,1.70224749,0.00988732,0.00000000,0.52826151,0.10266217,0.00376965,0.54457353,0.02610608,0.25940297
-1.67783892,1.75938624,0.01021662,0.00000000,0.54739295,0.10549360,0.00398843,0.56571093,0.02642256,0.26111092
-1.67183592,1.80864555,0.01049465,0.00000000,0.56409905,0.10788568,0.00425830,0.58427547,0.02660587,0.26191405
-1.66583292,1.84900997,0.01071576,0.00000000,0.57807712,0.10978507,0.00457962,0.59993576,0.02664911,0.26167728
-1.65982991,1.87967334,0.01087543,0.00000000,0.58908974,0.11115208,0.00495418,0.61242524,0.02654909,0.26030507
-1.65382691,1.90006475,0.01097036,0.00000000,0.59697306,0.11196182,0.00538518,0.62155186,0.02630640,0.25774225
-1.64782391,1.90986767,0.01099861,0.00000000,0.60164308,0.11220501,0.00587726,0.62720562,0.02592539,0.25397367
-1.64182091,1.90903121,0.01095968,0.00000000,0.60309921,0.11188818,0.00643629,0.62936365,0.02541402,0.24902257
-1.63581791,1.89777308,0.01085447,0.00000000,0.60142530,0.11103343,0.00706929,0.62809248,0.02478365,0.24294799
-1.62981491,1.87657397,0.01068532,0.00000000,0.59678783,0.10967770,0.00778414,0.62354736,0.02404865,0.23584120
-1.62381191,1.84616351,0.01045591,0.00000000,0.58943124,0.10787149,0.00858928,0.61596870,0.02322607,0.22782136
-1.61780890,1.80749815,0.01017117,0.00000000,0.57967071,0.10567723,0.00949338,0.60567557,0.02233510,0.21903066
-1.61180590,1.76173197,0.00983711,0.00000000,0.56788248,0.10316719,0.01050485,0.59305661,0.02139660,0.20962905
-1.60580290,1.71018126,0.00946067,0.00000000,0.55449210,0.10042112,0.01163140,0.57855860,0.02043253,0.19978873
-1.59979990,1.65428444,0.00904948,0.00000000,0.53996116,0.09752372,0.01287954,0.56267321,0.01946543,0.18968873
-1.59379690,1.59555864,0.00861172,0.00000000,0.52477279,0.09456189,0.01425400,0.54592229,0.01851783,0.17950951
-1.58779390,1.53555476,0.00815579,0.00000000,0.50941677,0.09162204,0.01575728,0.52884242,0.01761177,0.16942806
-1.58179090,1.47581243,0.00769018,0.00000000,0.49437453,0.08878745,0.01738913,0.51196926,0.01676820,0.15961330
-1.57578789,1.41781672,0.00722318,0.00000000,0.48010481,0.08613578,0.01914613,0.49582215,0.01600662,0.15022212
-1.56978489,1.36295794,0.00676271,0.00000000,0.46703044,0.08373690,0.02102137,0.48088973,0.01534454,0.14139609
-1.56378189,1.31249584,0.00631615,0.00000000,0.45552657,0.08165100,0.02300424,0.46761688,0.01479717,0.13325882
-1.55777889,1.26752931,0.00589013,0.00000000,0.44591102,0.07992709,0.02508032,0.45639348,0.01437706,0.12591405
-1.55177589,1.22897244,0.00549045,0.00000000,0.43843676,0.07860200,0.02723148,0.44754535,0.01409387,0.11944453
-1.54577289,1.19753736,0.00512198,0.00000000,0.43328682,0.07769975,0.02943606,0.44132753,0.01395409,0.11391154
-1.53976988,1.17372409,0.00478855,0.00000000,0.43057177,0.07723146,0.03166932,0.43792002,0.01396098,0.10935503
-1.53376688,1.15781751,0.00449297,0.00000000,0.43032963,0.07719562,0.03390392,0.43742614,0.01411443,0.10579448
-1.52776388,1.14989087,0.00423702,0.00000000,0.43252819,0.07757887,0.03611064,0.43987320,0.01441101,0.10323010
-1.52176088,1.14981561,0.00402144,0.00000000,0.43706953,0.07835710,0.03825915,0.44521559,0.01484398,0.10164461
-1.51575788,1.15727659,0.00384603,0.00000000,0.44379636,0.07949680,0.04031887,0.45333987,0.01540348,0.10100527
-1.50975488,1.17179200,0.00370969,0.00000000,0.45250002,0.08095679,0.04225993,0.46407167,0.01607670,0.10126616
-1.50375188,1.19273697,0.00361054,0.00000000,0.46292971,0.08268999,0.04405401,0.47718408,0.01684822,0.10237071
-1.49774887,1.21937007,0.00354599,0.00000000,0.47480253,0.08464533,0.04567525,0.49240715,0.01770032,0.10425414
-1.49174587,1.25086152,0.00351290,0.00000000,0.48781403,0.08676974,0.04710101,0.50943823,0.01861346,0.10684614
-1.48574287,1.28632239,0.00350769,0.00000000,0.50164892,0.08901000,0.04831253,0.52795268,0.01956672,0.11007325
-1.47973987,1.32483381,0.00352644,0.00000000,0.51599145,0.09131452,0.04929543,0.54761476,0.02053838,0.11386135
-1.47373687,1.36547543,0.00356506,0.00000000,0.53053543,0.09363501,0.05004002,0.56808827,0.02150649,0.11813779
-1.46773387,1.40735233,0.00361938,0.00000000,0.54499331,0.09592788,0.05054146,0.58904670,0.02244947,0.12283348
-1.46173087,1.44961989,0.00368527,0.00000000,0.55910427,0.09815542,0.05079965,0.61018263,0.02334674,0.12788464
-1.45572786,1.49150583,0.00375878,0.00000000,0.57264119,0.10028674,0.05081908,0.63121612,0.02417930,0.13323434
-1.44972486,1.53232921,0.00383619,0.00000000,0.58541611,0.10229843,0.05060836,0.65190192,0.02493030,0.13883370
-1.44372186,1.57151571,0.00391414,0.00000000,0.59728432,0.10417493,0.05017975,0.67203523,0.02558557,0.14464283
-1.43771886,1.60860912,0.00398966,0.00000000,0.60814682,0.10590864,0.04954852,0.69145599,0.02613404,0.15063133
-1.43171586,1.64327857,0.00406028,0.00000000,0.61795126,0.10749973,0.04873230,0.71005150,0.02656812,0.15677860
-1.42571286,1.67532145,0.00412398,0.00000000,0.62669122,0.10895574,0.04775042,0.72775727,0.02688391,0.16307352
-1.41970985,1.70466199,0.00417929,0.00000000,0.63440390,0.11029092,0.04662323,0.74455610,0.02708135,0.16951400
-1.41370685,1.73134533,0.00422525,0.00000000,0.64116637,0.11152533,0.04537151,0.76047539,0.02716424,0.17610593
-1.40770385,1.75552747,0.00426139,0.00000000,0.64709039,0.11268381,0.04401599,0.77558274,0.02714010,0.18286181
-1.40170085,1.77746120,0.00428771,0.00000000,0.65231592,0.11379472,0.04257692,0.78997986,0.02701995,0.18979904
-1.39569785,1.79747847,0.00430464,0.00000000,0.65700367,0.11488860,0.04107380,0.80379514,0.02681794,0.19693777
-1.38969485,1.81596982,0.00431293,0.00000000,0.66132676,0.11599671,0.03952519,0.81717491,0.02655094,0.20429860
-1.38369185,1.83336157,0.00431364,0.00000000,0.66546187,0.11714956,0.03794866,0.83027386,0.02623798,0.21189988
-1.37768884,1.85009144,0.00430801,0.00000000,0.66958014,0.11837541,0.03636077,0.84324492,0.02589969,0.21975512
-1.37168584,1.86658390,0.00429741,0.00000000,0.67383820,0.11969882,0.03477719,0.85622899,0.02555766,0.22787022
-1.36568284,1.88322592,0.00428324,0.00000000,0.67836974,0.12113928,0.03321282,0.86934501,0.02523379,0.23624095
-1.35967984,1.90034442,0.00426686,0.00000000,0.68327781,0.12271008,0.03168187,0.88268077,0.02494970,0.24485061
-1.35367684,1.91818644,0.00424950,0.00000000,0.68862848,0.12441731,0.03019806,0.89628506,0.02472610,0.25366823
-1.34767384,1.93690293,0.00423224,0.00000000,0.69444590,0.12625910,0.02877467,0.91016137,0.02458226,0.26264724
-1.34167084,1.95653708,0.00421591,0.00000000,0.70070920,0.12822528,0.02742454,0.92426376,0.02453551,0.27172483
-1.33566783,1.97701786,0.00420113,0.00000000,0.70735139,0.13029726,0.02616011,0.93849499,0.02460087,0.28082213
-1.32966483,1.99815916,0.00418820,0.00000000,0.71426032,0.13244826,0.02499329,0.95270715,0.02479069,0.28984520
-1.32366183,2.01966465,0.00417719,0.00000000,0.72128171,0.13464402,0.02393526,0.96670493,0.02511448,0.29868684
-1.31765883,2.04113832,0.00416789,0.00000000,0.72822428,0.13684369,0.02299630,0.98025136,0.02557875,0.30722929
-1.31165583,2.06210014,0.00415988,0.00000000,0.73486657,0.13900114,0.02218547,0.99307586,0.02618697,0.31534766
-1.30565283,2.08200616,0.00415255,0.00000000,0.74096533,0.14106649,0.02151030,1.00488424,0.02693963,0.32291391
-1.29964982,2.10027201,0.00414515,0.00000000,0.74626504,0.14298784,0.02097649,1.01537020,0.02783432,0.32980138
-1.29364682,2.11629875,0.00413685,0.00000000,0.75050804,0.14471315,0.02058759,1.02422785,0.02886592,0.33588949
-1.28764382,2.12949959,0.00412679,0.00000000,0.75344499,0.14619211,0.02034475,1.03116458,0.03002686,0.34106851
-1.28164082,2.13932620,0.00411415,0.00000000,0.75484489,0.14737801,0.02024644,1.03591361,0.03130733,0.34524405
-1.27563782,2.14529340,0.00409818,0.00000000,0.75450447,0.14822948,0.02028836,1.03824579,0.03269561,0.34834111
-1.26963482,2.14700074,0.00407828,0.00000000,0.75225629,0.14871194,0.02046332,1.03797984,0.03417841,0.35030755
-1.26363182,2.14415026,0.00405399,0.00000000,0.74797535,0.14879891,0.02076131,1.03499072,0.03574113,0.35111654
-1.25762881,2.13655943,0.00402506,0.00000000,0.74158387,0.14847286,0.02116958,1.02921573,0.03736828,0.35076823
-1.25162581,2.12416891,0.00399142,0.00000000,0.73305405,0.14772578,0.02167289,1.02065792,0.03904375,0.34929020
-1.24562281,2.10704489,0.00395324,0.00000000,0.72240890,0.14655935,0.02225383,1.00938701,0.04075113,0.34673694
-1.23961981,2.08537616,0.00391090,0.00000000,0.70972098,0.14498477,0.02289319,0.99553749,0.04247410,0.34318823
-1.23361681,2.05946635,0.00386494,0.00000000,0.69510949,0.14302222,0.02357046,0.97930439,0.04419664,0.33874667
-1.22761381,2.02972203,0.00381612,0.00000000,0.67873562,0.14070005,0.02426433,0.96093676,0.04590339,0.33353430
-1.22161081,1.99663738,0.00376531,0.00000000,0.66079687,0.13805370,0.02495324,0.94072934,0.04757987,0.32768875
-1.21560780,1.96077660,0.00371354,0.00000000,0.64152028,0.13512453,0.02561597,0.91901294,0.04921273,0.32135888
-1.20960480,1.92275496,0.00366191,0.00000000,0.62115533,0.13195844,0.02623220,0.89614375,0.05078997,0.31470030
-1.20360180,1.88321949,0.00361161,0.00000000,0.59996659,0.12860451,0.02678303,0.87249241,0.05230111,0.30787094
-1.19759880,1.84283025,0.00356387,0.00000000,0.57822657,0.12511366,0.02725148,0.84843300,0.05373733,0.30102679
-1.19159580,1.80224290,0.00351995,0.00000000,0.55620908,0.12153738,0.02762290,0.82433257,0.05509154,0.29431807
-1.18559280,1.76209326,0.00348111,0.00000000,0.53418326,0.11792655,0.02788535,0.80054149,0.05635844,0.28788594
-1.17958979,1.72298405,0.00344863,0.00000000,0.51240841,0.11433046,0.02802980,0.77738489,0.05753454,0.28185976
-1.17358679,1.68547420,0.00342378,0.00000000,0.49112978,0.11079595,0.02805034,0.75515544,0.05861802,0.27635500
-1.16758379,1.65007053,0.00340777,0.00000000,0.47057521,0.10736671,0.02794424,0.73410758,0.05960869,0.27147184
-1.16158079,1.61722173,0.00340184,0.00000000,0.45095264,0.10408274,0.02771187,0.71445328,0.06050776,0.26729420
-1.15557779,1.58731429,0.00340715,0.00000000,0.43244835,0.10097996,0.02735659,0.69635919,0.06131767,0.26388945
-1.14957479,1.56066993,0.00342481,0.00000000,0.41522576,0.09808989,0.02688453,0.67994533,0.06204178,0.26130834
-1.14357179,1.53754413,0.00345587,0.00000000,0.39942468,0.09543947,0.02630429,0.66528496,0.06268415,0.25958536
-1.13756878,1.51812542,0.00350127,0.00000000,0.38516087,0.09305088,0.02562655,0.65240566,0.06324914,0.25873917
-1.13156578,1.50253487,0.00356181,0.00000000,0.37252560,0.09094144,0.02486368,0.64129147,0.06374116,0.25877316
-1.12556278,1.49082564,0.00363815,0.00000000,0.36158543,0.08912348,0.02402931,0.63188573,0.06416434,0.25967600
-1.11955978,1.48298249,0.00373069,0.00000000,0.35238173,0.08760426,0.02313781,0.62409475,0.06452222,0.26142207
-1.11355678,1.47892100,0.00383960,0.00000000,0.34493033,0.08638588,0.02220387,0.61779184,0.06481749,0.26397189
-1.10755378,1.47848685,0.00396471,0.00000000,0.33922099,0.08546521,0.02124205,0.61282192,0.06505178,0.26727240
-1.10155078,1.48145525,0.00410550,0.00000000,0.33521697,0.08483381,0.02026634,0.60900620,0.06522551,0.27125724
-1.09554777,1.48753088,0.00426104,0.00000000,0.33285472,0.08447795,0.01928984,0.60614722,0.06533775,0.27584702
-1.08954477,1.49634881,0.00442995,0.00000000,0.33204385,0.08437866,0.01832438,0.60403381,0.06538623,0.28094976
-1.08354177,1.50747672,0.00461041,0.00000000,0.33266752,0.08451191,0.01738031,0.60244621,0.06536739,0.28646150
-1.07753877,1.52041906,0.00480011,0.00000000,0.33458346,0.08484887,0.01646630,0.60116107,0.06527649,0.29226718
-1.07153577,1.53462324,0.00499629,0.00000000,0.33762568,0.08535640,0.01558925,0.59995642,0.06510782,0.29824202
-1.06553277,1.54948850,0.00519579,0.00000000,0.34160702,0.08599764,0.01475420,0.59861653,0.06485499,0.30425331
-1.05952976,1.56437729,0.00539504,0.00000000,0.34632260,0.08673278,0.01396440,0.59693661,0.06451126,0.31016278
-1.05352676,1.57862940,0.00559022,0.00000000,0.35155426,0.08752004,0.01322141,0.59472735,0.06406994,0.31582943
-1.04752376,1.59157849,0.00577732,0.00000000,0.35707577,0.08831681,0.01252517,0.59181924,0.06352482,0.32111299
-1.04152076,1.60257081,0.00595222,0.00000000,0.36265890,0.08908086,0.01187427,0.58806662,0.06287065,0.32587778
-1.03551776,1.61098539,0.00611088,0.00000000,0.36808004,0.08977176,0.01126615,0.58335138,0.06210359,0.32999685
-1.02951476,1.61625502,0.00624943,0.00000000,0.37312717,0.09035227,0.01069732,0.57758623,0.06122168,0.33335642
-1.02351176,1.61788721,0.00636433,0.00000000,0.37760696,0.09078969,0.01016366,0.57071747,0.06022525,0.33586022
-1.01750875,1.61548405,0.00645248,0.00000000,0.38135153,0.09105725,0.00966065,0.56272714,0.05911728,0.33743364
-1.01150575,1.60875997,0.00651136,0.00000000,0.38422470,0.09113526,0.00918364,0.55363437,0.05790372,0.33802743
-1.00550275,1.59755638,0.00653914,0.00000000,0.38612733,0.09101206,0.00872810,0.54349588,0.05659363,0.33762075
-0.99949975,1.58185233,0.00653474,0.00000000,0.38700134,0.09068474,0.00828976,0.53240550,0.05519929,0.33622325
-0.99349675,1.56177020,0.00649787,0.00000000,0.38683228,0.09015947,0.00786484,0.52049260,0.05373612,0.33387617
-0.98749375,1.53757597,0.00642909,0.00000000,0.38565014,0.08945152,0.00745015,0.50791927,0.05222248,0.33065210
-0.98149075,1.50967359,0.00632979,0.00000000,0.38352830,0.08858482,0.00704316,0.49487645,0.05067934,0.32665349
-0.97548774,1.47859345,0.00620212,0.00000000,0.38058055,0.08759119,0.00664209,0.48157867,0.04912977,0.32200980
-0.96948474,1.44497507,0.00604893,0.00000000,0.37695622,0.08650908,0.00624588,0.46825783,0.04759834,0.31687334
-0.96348174,1.40954454,0.00587368,0.00000000,0.37283364,0.08538206,0.00585417,0.45515590,0.04611037,0.31141388
-0.95747874,1.37308763,0.00568029,0.00000000,0.36841206,0.08425695,0.00546723,0.44251678,0.04469112,0.30581230
-0.95147574,1.33641946,0.00547301,0.00000000,0.36390246,0.08318171,0.00508589,0.43057774,0.04336489,0.30025347
-0.94547274,1.30035222,0.00525625,0.00000000,0.35951763,0.08220329,0.00471140,0.41956046,0.04215411,0.29491863
-0.93946973,1.26566224,0.00503444,0.00000000,0.35546193,0.08136528,0.00434536,0.40966236,0.04107843,0.28997767
-0.93346673,1.23305802,0.00481185,0.00000000,0.35192130,0.08070582,0.00398957,0.40104826,0.04015391,0.28558168
-0.92746373,1.20315070,0.00459248,0.00000000,0.34905400,0.08025556,0.00364590,0.39384309,0.03939224,0.28185607
-0.92146073,1.17642848,0.00437987,0.00000000,0.34698244,0.08003593,0.00331619,0.38812579,0.03880017,0.27889461
-0.91545773,1.15323620,0.00417707,0.00000000,0.34578674,0.08005785,0.00300217,0.38392486,0.03837907,0.27675485
-0.90945473,1.13376119,0.00398649,0.00000000,0.34550016,0.08032081,0.00270535,0.38121586,0.03812471,0.27545493
-0.90345173,1.11802615,0.00380991,0.00000000,0.34610680,0.08081255,0.00242697,0.37992095,0.03802726,0.27497222
-0.89744872,1.10588943,0.00364840,0.00000000,0.34754169,0.08150917,0.00216793,0.37991086,0.03807153,0.27524368
-0.89144572,1.09705284,0.00350237,0.00000000,0.34969324,0.08237593,0.00192882,0.38100894,0.03823743,0.27616817
-0.88544272,1.09107664,0.00337161,0.00000000,0.35240814,0.08336846,0.00170985,0.38299753,0.03850069,0.27761041
-0.87943972,1.08740099,0.00325532,0.00000000,0.35549819,0.08443453,0.00151089,0.38562623,0.03883373,0.27940663
-0.87343672,1.08537295,0.00315220,0.00000000,0.35874916,0.08551612,0.00133150,0.38862188,0.03920672,0.28137157
-0.86743372,1.08427773,0.00306060,0.00000000,0.36193085,0.08655195,0.00117096,0.39169972,0.03958878,0.28330643
-0.86143072,1.08337261,0.00297856,0.00000000,0.36480816,0.08748007,0.00102831,0.39457544,0.03994918,0.28500762
-0.85542771,1.08192207,0.00290398,0.00000000,0.36715254,0.08824057,0.00090239,0.39697731,0.04025865,0.28627564
-0.84942471,1.07923235,0.00283470,0.00000000,0.36875319,0.08877825,0.00079192,0.39865814,0.04049058,0.28692394
-0.84342171,1.07468385,0.00276864,0.00000000,0.36942756,0.08904509,0.00069551,0.39940633,0.04062212,0.28678706
-0.83741871,1.06775992,0.00270389,0.00000000,0.36903068,0.08900239,0.00061175,0.39905547,0.04063519,0.28572798
-0.83141571,1.05807063,0.00263877,0.00000000,0.36746269,0.08862256,0.00053921,0.39749226,0.04051721,0.28364405
-0.82541271,1.04537065,0.00257194,0.00000000,0.36467440,0.08789043,0.00047652,0.39466208,0.04026167,0.28047151
-0.81940970,1.02957029,0.00250242,0.00000000,0.36067058,0.08680393,0.00042237,0.39057219,0.03986841,0.27618818
-0.81340670,1.01073954,0.00242965,0.00000000,0.35551071,0.08537431,0.00037555,0.38529232,0.03934361,0.27081441
-0.80740370,0.98910490,0.00235346,0.00000000,0.34930742,0.08362574,0.00033495,0.37895258,0.03869952,0.26441219
-0.80140070,0.96503935,0.00227406,0.00000000,0.34222243,0.08159436,0.00029959,0.37173894,0.03795401,0.25708252
-0.79539770,0.93904621,0.00219206,0.00000000,0.33446046,0.07932683,0.00026861,0.36388629,0.03712970,0.24896122
-0.78939470,0.91173753,0.00210839,0.00000000,0.32626127,0.07687852,0.00024128,0.35566962,0.03625312,0.24021337
-0.78339170,0.88380834,0.00202422,0.00000000,0.31789025,0.07431133,0.00021698,0.34739355,0.03535350,0.23102681
-0.77738869,0.85600794,0.00194095,0.00000000,0.30962806,0.07169126,0.00019520,0.33938074,0.03446161,0.22160478
-0.77138569,0.82910961,0.00186010,0.00000000,0.30175971,0.06908597,0.00017554,0.33195976,0.03360848,0.21215828
-0.76538269,0.80387998,0.00178327,0.00000000,0.29456371,0.06656223,0.00015767,0.32545275,0.03282407,0.20289838
-0.75937969,0.78104962,0.00171202,0.00000000,0.28830154,0.06418358,0.00014133,0.32016358,0.03213612,0.19402882
-0.75337669,0.76128581,0.00164785,0.00000000,0.28320819,0.06200813,0.00012636,0.31636684,0.03156898,0.18573922
-0.74737369,0.74516870,0.00159213,0.00000000,0.27948388,0.06008670,0.00011259,0.31429810,0.03114265,0.17819912
-0.74137069,0.73317166,0.00154602,0.00000000,0.27728741,0.05846131,0.00009993,0.31414590,0.03087201,0.17155307
-0.73536768,0.72564648,0.00151045,0.00000000,0.27673135,0.05716404,0.00008831,0.31604554,0.03076618,0.16591693
-0.72936468,0.72281370,0.00148610,0.00000000,0.27787922,0.05621640,0.00007766,0.32007504,0.03082820,0.16137541
-0.72336168,0.72475843,0.00147336,0.00000000,0.28074467,0.05562907,0.00006794,0.32625327,0.03105491,0.15798089
-0.71735868,0.73143139,0.00147233,0.00000000,0.28529266,0.05540210,0.00005911,0.33454020,0.03143704,0.15575353
-0.71135568,0.74265500,0.00148281,0.00000000,0.29144253,0.05552551,0.00005114,0.34483936,0.03195955,0.15468252
-0.70535268,0.75813395,0.00150433,0.00000000,0.29907266,0.05598025,0.00004399,0.35700212,0.03260215,0.15472832
-0.69934967,0.77746969,0.00153618,0.00000000,0.30802659,0.05673940,0.00003761,0.37083369,0.03334007,0.15582587
-0.69334667,0.80017796,0.00157741,0.00000000,0.31812013,0.05776964,0.00003198,0.38610060,0.03414484,0.15788841
-0.68734367,0.82570865,0.00162688,0.00000000,0.32914927,0.05903284,0.00002704,0.40253910,0.03498533,0.16081180
-0.68134067,0.85346690,0.00168333,0.00000000,0.34089828,0.06048777,0.00002276,0.41986435,0.03582878,0.16447916
-0.67533767,0.88283466,0.00174536,0.00000000,0.35314788,0.06209170,0.00001909,0.43777985,0.03664186,0.16876553
-0.66933467,0.91319178,0.00181153,0.00000000,0.36568291,0.06380202,0.00001599,0.45598677,0.03739179,0.17354247
-0.66333167,0.94393565,0.00188040,0.00000000,0.37829925,0.06557766,0.00001341,0.47419286,0.03804731,0.17868230
-0.65732866,0.97449891,0.00195055,0.00000000,0.39080966,0.06738034,0.00001133,0.49212047,0.03857967,0.18406199
-0.65132566,1.00436437,0.00202062,0.00000000,0.40304839,0.06917553,0.00000970,0.50951352,0.03896348,0.18956638
-0.64532266,1.03307677,0.00208938,0.00000000,0.41487428,0.07093320,0.00000850,0.52614303,0.03917738,0.19509082
-0.63931966,1.06025106,0.00215574,0.00000000,0.42617238,0.07262823,0.00000771,0.54181126,0.03920459,0.20054305
-0.63331666,1.08557712,0.00221878,0.00000000,0.43685399,0.07424055,0.00000733,0.55635407,0.03903332,0.20584432
-0.62731366,1.10882082,0.00227775,0.00000000,0.44685539,0.07575501,0.00000736,0.56964176,0.03865696,0.21092986
-0.62131066,1.12982187,0.00233212,0.00000000,0.45613514,0.07716098,0.00000780,0.58157832,0.03807407,0.21574858
-0.61530765,1.14848859,0.00238158,0.00000000,0.46467045,0.07845180,0.00000868,0.59209925,0.03728832,0.22026219
-0.60930465,1.16479037,0.00242601,0.00000000,0.47245279,0.07962401,0.00001004,0.60116822,0.03630811,0.22444389
-0.60330165,1.17874823,0.00246550,0.00000000,0.47948308,0.08067654,0.00001192,0.60877282,0.03514623,0.22827656
-0.59729865,1.19042433,0.00250036,0.00000000,0.48576677,0.08160978,0.00001437,0.61491968,0.03381922,0.23175082
-0.59129565,1.19991105,0.00253105,0.00000000,0.49130927,0.08242480,0.00001746,0.61962940,0.03234681,0.23486294
-0.58529265,1.20732049,0.00255824,0.00000000,0.49611189,0.08312249,0.00002127,0.62293148,0.03075121,0.23761281
-0.57928964,1.21277479,0.00258270,0.00000000,0.50016873,0.08370298,0.00002588,0.62485980,0.02905637,0.24000210
-0.57328664,1.21639808,0.00260539,0.00000000,0.50346457,0.08416511,0.00003138,0.62544863,0.02728725,0.24203268
-0.56728364,1.21831035,0.00262732,0.00000000,0.50597408,0.08450613,0.00003787,0.62472969,0.02546915,0.24370544
-0.56128064,1.21862349,0.00264964,0.00000000,0.50766222,0.08472168,0.00004544,0.62273022,0.02362698,0.24501958
-0.55527764,1.21743967,0.00267353,0.00000000,0.50848598,0.08480583,0.00005418,0.61947223,0.02178475,0.24597231
-0.54927464,1.21485194,0.00270026,0.00000000,0.50839718,0.08475144,0.00006417,0.61497282,0.01996496,0.24655908
-0.54327164,1.21094689,0.00273112,0.00000000,0.50734625,0.08455064,0.00007549,0.60924567,0.01818824,0.24677418
-0.53726863,1.20580887,0.00276741,0.00000000,0.50528676,0.08419545,0.00008821,0.60230335,0.01647302,0.24661174
-0.53126563,1.19952550,0.00281045,0.00000000,0.50218024,0.08367849,0.00010236,0.59416031,0.01483528,0.24606706
-0.52526263,1.19219376,0.00286155,0.00000000,0.49800116,0.08299368,0.00011795,0.58483637,0.01328843,0.24513803
-0.51925963,1.18392615,0.00292198,0.00000000,0.49274166,0.08213705,0.00013499,0.57436033,0.01184328,0.24382669
-0.51325663,1.17485638,0.00299299,0.00000000,0.48641568,0.08110735,0.00015343,0.56277342,0.01050811,0.24214077
-0.50725363,1.16514404,0.00307574,0.00000000,0.47906227,0.07990669,0.00017320,0.55013249,0.00928877,0.24009498
-0.50125063,1.15497782,0.00317134,0.00000000,0.47074792,0.07854092,0.00019421,0.53651245,0.00818882,0.23771218
-0.49524762,1.14457694,0.00328078,0.00000000,0.46156753,0.07701999,0.00021632,0.52200807,0.00720983,0.23502419
-0.48924462,1.13419061,0.00340493,0.00000000,0.45164425,0.07535801,0.00023938,0.50673476,0.00635156,0.23207216
-0.48324162,1.12409536,0.00354452,0.00000000,0.44112784,0.07357318,0.00026322,0.49082846,0.00561222,0.22890665
-0.47723862,1.11459046,0.00370010,0.00000000,0.43019191,0.07168759,0.00028765,0.47444445,0.00498877,0.22558715
-0.47123562,1.10599134,0.00387202,0.00000000,0.41902989,0.06972673,0.00031249,0.45775530,0.00447713,0.22218129
-0.46523262,1.09862154,0.00406042,0.00000000,0.40785006,0.06771900,0.00033757,0.44094794,0.00407243,0.21876362
-0.45922961,1.09280343,0.00426520,0.00000000,0.39686982,0.06569500,0.00036274,0.42422002,0.00376919,0.21541398
-0.45322661,1.08884805,0.00448600,0.00000000,0.38630944,0.06368674,0.00038792,0.40777563,0.00356154,0.21221573
-0.44722361,1.08704482,0.00472219,0.00000000,0.37638544,0.06172685,0.00041308,0.39182074,0.00344329,0.20925360
-0.44122061,1.08765120,0.00497291,0.00000000,0.36730408,0.05984770,0.00043831,0.37655832,0.00340811,0.20661151
-0.43521761,1.09088315,0.00523701,0.00000000,0.35925503,0.05808055,0.00046379,0.36218346,0.00344960,0.20437025
-0.42921461,1.09690671,0.00551311,0.00000000,0.35240551,0.05645472,0.00048986,0.34887858,0.00356132,0.20260527
-0.42321161,1.10583102,0.00579963,0.00000000,0.34689519,0.05499683,0.00051702,0.33680896,0.00373690,0.20138449
-0.41720860,1.11770334,0.00609481,0.00000000,0.34283193,0.05373013,0.00054598,0.32611865,0.00397001,0.20076635
-0.41120560,1.13250624,0.00639680,0.00000000,0.34028865,0.05267390,0.00057764,0.31692701,0.00425445,0.20079807
-0.40520260,1.15015722,0.00670366,0.00000000,0.33930133,0.05184303,0.00061316,0.30932583,0.00458413,0.20151431
-0.39919960,1.17051083,0.00701349,0.00000000,0.33986832,0.05124764,0.00065394,0.30337735,0.00495315,0.20293618
-0.39319660,1.19336334,0.00732448,0.00000000,0.34195092,0.05089299,0.00070164,0.29911301,0.00535579,0.20507067
-0.38719360,1.21845988,0.00763499,0.00000000,0.34547535,0.05077939,0.00075820,0.29653327,0.00578659,0.20791057
-0.38119060,1.24550375,0.00794362,0.00000000,0.35033586,0.05090240,0.00082582,0.29560832,0.00624040,0.21143485
-0.37518759,1.27416762,0.00824932,0.00000000,0.35639914,0.05125308,0.00090695,0.29627978,0.00671241,0.21560954
-0.36918459,1.30410613,0.00855138,0.00000000,0.36350965,0.05181850,0.00100428,0.29846343,0.00719821,0.22038902
-0.36318159,1.33496942,0.00884957,0.00000000,0.37149582,0.05258225,0.00112072,0.30205280,0.00769384,0.22571767
-0.35717859,1.36641681,0.00914409,0.00000000,0.38017680,0.05352523,0.00125930,0.30692364,0.00819582,0.23153187
-0.35117559,1.39813015,0.00943561,0.00000000,0.38936962,0.05462634,0.00142320,0.31293905,0.00870116,0.23776220
-0.34517259,1.42982599,0.00972523,0.00000000,0.39889627,0.05586344,0.00161560,0.31995513,0.00920736,0.24433569
-0.33916958,1.46126596,0.01001444,0.00000000,0.40859057,0.05721414,0.00183965,0.32782692,0.00971236,0.25117816
-0.33316658,1.49226485,0.01030502,0.00000000,0.41830447,0.05865672,0.00209835,0.33641440,0.01021449,0.25821630
-0.32716358,1.52269574,0.01059898,0.00000000,0.42791342,0.06017090,0.00239445,0.34558833,0.01071241,0.26537963
-0.32116058,1.55249197,0.01089835,0.00000000,0.43732065,0.06173860,0.00273035,0.35523549,0.01120491,0.27260201
-0.31515758,1.58164583,0.01120511,0.00000000,0.44646009,0.06334447,0.00310796,0.36526325,0.01169088,0.27982286
-0.30915458,1.61020378,0.01152096,0.00000000,0.45529779,0.06497639,0.00352861,0.37560314,0.01216910,0.28698783
-0.30315158,1.63825879,0.01184723,0.00000000,0.46383179,0.06662567,0.00399287,0.38621314,0.01263808,0.29404907
-0.29714857,1.66593992,0.01218466,0.00000000,0.47209039,0.06828712,0.00450050,0.39707868,0.01309598,0.30096501
-0.29114557,1.69339993,0.01253331,0.00000000,0.48012890,0.06995888,0.00505031,0.40821212,0.01354044,0.30769986
-0.28514257,1.72080165,0.01289243,0.00000000,0.48802506,0.07164210,0.00564009,0.41965075,0.01396848,0.31422269
-0.27913957,1.74830394,0.01326041,0.00000000,0.49587336,0.07334043,0.00626654,0.43145337,0.01437651,0.32050642
-0.27313657,1.77604803,0.01363471,0.00000000,0.50377842,0.07505932,0.00692525,0.44369555,0.01476026,0.32652670
-0.26713357,1.80414522,0.01401196,0.00000000,0.51184794,0.07680525,0.00761068,0.45646379,0.01511487,0.33226089
-0.26113057,1.83266664,0.01438794,0.00000000,0.52018537,0.07858489,0.00831623,0.46984879,0.01543495,0.33768714
-0.25512756,1.86163565,0.01475778,0.00000000,0.52888289,0.08040420,0.00903429,0.48393827,0.01571483,0.34278387
-0.24912456,1.89102338,0.01511610,0.00000000,0.53801475,0.08226760,0.00975638,0.49880946,0.01594866,0.34752944
-0.24312156,1.92074762,0.01545721,0.00000000,0.54763154,0.08417715,0.01047332,0.51452191,0.01613071,0.35190236
-0.23711856,1.95067507,0.01577540,0.00000000,0.55775557,0.08613190,0.01117542,0.53111072,0.01625565,0.35588180
-0.23111556,1.98062671,0.01606515,0.00000000,0.56837749,0.08812734,0.01185273,0.54858074,0.01631880,0.35944845
-0.22511256,2.01038596,0.01632140,0.00000000,0.57945443,0.09015504,0.01249529,0.56690187,0.01631643,0.36258574
-0.21910955,2.03970891,0.01653984,0.00000000,0.59090968,0.09220254,0.01309346,0.58600586,0.01624601,0.36528118
-0.21310655,2.06833605,0.01671711,0.00000000,0.60263384,0.09425332,0.01363819,0.60578474,0.01610645,0.36752781
-0.20710355,2.09600469,0.01685100,0.00000000,0.61448752,0.09628715,0.01412131,0.62609099,0.01589826,0.36932553
-0.20110055,2.12246114,0.01694059,0.00000000,0.62630537,0.09828044,0.01453588,0.64673953,0.01562364,0.37068230
-0.19509755,2.14747220,0.01698632,0.00000000,0.63790118,0.10020696,0.01487637,0.66751142,0.01528657,0.37161503
-0.18909455,2.17083496,0.01699006,0.00000000,0.64907403,0.10203856,0.01513898,0.68815923,0.01489278,0.37214995
-0.18309155,2.19238456,0.01695499,0.00000000,0.65961500,0.10374608,0.01532176,0.70841382,0.01444962,0.37232262
-0.17708854,2.21199957,0.01688551,0.00000000,0.66931430,0.10530032,0.01542479,0.72799228,0.01396592,0.37217730
-0.17108554,2.22960454,0.01678712,0.00000000,0.67796841,0.10667303,0.01545019,0.74660666,0.01345174,0.37176588
-0.16508254,2.24516999,0.01666610,0.00000000,0.68538708,0.10783792,0.01540216,0.76397326,0.01291814,0.37114622
-0.15907954,2.25870972,0.01652932,0.00000000,0.69139972,0.10877157,0.01528692,0.77982186,0.01237682,0.37038014
-0.15307654,2.27027578,0.01638390,0.00000000,0.69586112,0.10945429,0.01511249,0.79390469,0.01183981,0.36953101
-0.14707354,2.27995150,0.01623693,0.00000000,0.69865612,0.10987083,0.01488857,0.80600464,0.01131909,0.36866114
-0.14107054,2.28784310,0.01609516,0.00000000,0.69970318,0.11001091,0.01462619,0.81594237,0.01082630,0.36782913
-0.13506753,2.29407016,0.01596469,0.00000000,0.69895657,0.10986960,0.01433741,0.82358198,0.01037238,0.36708724
-0.12906453,2.29875578,0.01585073,0.00000000,0.69640733,0.10944747,0.01403496,0.82883500,0.00996726,0.36647888
-0.12306153,2.30201668,0.01575743,0.00000000,0.69208270,0.10875051,0.01373178,0.83166252,0.00961963,0.36603651
-0.11705853,2.30395376,0.01568762,0.00000000,0.68604433,0.10778994,0.01344067,0.83207534,0.00933668,0.36577987
-0.11105553,2.30464367,0.01564281,0.00000000,0.67838518,0.10658168,0.01317380,0.83013217,0.00912396,0.36571470
-0.10505253,2.30413142,0.01562306,0.00000000,0.66922536,0.10514576,0.01294232,0.82593592,0.00898525,0.36583194
-0.09904952,2.30242459,0.01562706,0.00000000,0.65870702,0.10350552,0.01275599,0.81962830,0.00892245,0.36610755
-0.09304652,2.29948902,0.01565215,0.00000000,0.64698859,0.10168673,0.01262280,0.81138300,0.00893559,0.36650279
-0.08704352,2.29524632,0.01569449,0.00000000,0.63423863,0.09971660,0.01254873,0.80139775,0.00902281,0.36696505
-0.08104052,2.28957314,0.01574916,0.00000000,0.62062950,0.09762279,0.01253747,0.78988568,0.00918042,0.36742912
-0.07503752,2.28230223,0.01581044,0.00000000,0.60633117,0.09543241,0.01259030,0.77706636,0.00940303,0.36781889
-0.06903452,2.27322519,0.01587196,0.00000000,0.59150548,0.09317114,0.01270601,0.76315706,0.00968364,0.36804934
-0.06303152,2.26209703,0.01592696,0.00000000,0.57630102,0.09086233,0.01288092,0.74836453,0.01001380,0.36802887
-0.05702851,2.24864230,0.01596853,0.00000000,0.56084890,0.08852639,0.01310899,0.73287776,0.01038385,0.36766175
-0.05102551,2.23256269,0.01598985,0.00000000,0.54525957,0.08618020,0.01338199,0.71686213,0.01078307,0.36685077
-0.04502251,2.21354610,0.01598439,0.00000000,0.52962083,0.08383687,0.01368976,0.70045504,0.01119998,0.36549987
-0.03901951,2.19127689,0.01594610,0.00000000,0.51399706,0.08150553,0.01402053,0.68376339,0.01162257,0.36351685
-0.03301651,2.16544712,0.01586963,0.00000000,0.49842966,0.07919146,0.01436136,0.66686290,0.01203862,0.36081598
-0.02701351,2.13576852,0.01575040,0.00000000,0.48293865,0.07689637,0.01469851,0.64979917,0.01243593,0.35732049
-0.02101051,2.10198489,0.01558477,0.00000000,0.46752544,0.07461884,0.01501795,0.63259061,0.01280265,0.35296497
-0.01500750,2.06388447,0.01537011,0.00000000,0.45217624,0.07235493,0.01530581,0.61523267,0.01312758,0.34769741
-0.00900450,2.02131192,0.01510484,0.00000000,0.43686638,0.07009888,0.01554885,0.59770341,0.01340043,0.34148112
-0.00300150,1.97417932,0.01478844,0.00000000,0.42156480,0.06784395,0.01573491,0.57996979,0.01361209,0.33429621
0.00300150,1.92247579,0.01442149,0.00000000,0.40623886,0.06558315,0.01585332,0.56199446,0.01375489,0.32614075
0.00900450,1.86627510,0.01400557,0.00000000,0.39085887,0.06331011,0.01589522,0.54374247,0.01382275,0.31703142
0.01500750,1.80574090,0.01354325,0.00000000,0.37540230,0.06101976,0.01585386,0.52518762,0.01381137,0.30700380
0.02101051,1.74112906,0.01303802,0.00000000,0.35985737,0.05870896,0.01572479,0.50631798,0.01371831,0.29611200
0.02701351,1.67278690,0.01249414,0.00000000,0.34422577,0.05637700,0.01550595,0.48714034,0.01354305,0.28442790
0.03301651,1.60114901,0.01191659,0.00000000,0.32852446,0.05402586,0.01519770,0.46768317,0.01328699,0.27203972
0.03901951,1.52672984,0.01131087,0.00000000,0.31278642,0.05166041,0.01480276,0.44799814,0.01295334,0.25905022
0.04502251,1.45011288,0.01068295,0.00000000,0.29706039,0.04928831,0.01432601,0.42816002,0.01254701,0.24557430
0.05102551,1.37193712,0.01003905,0.00000000,0.28140950,0.04691978,0.01377434,0.40826496,0.01207442,0.23173629
0.05702851,1.29288095,0.00938555,0.00000000,0.26590908,0.04456726,0.01315629,0.38842738,0.01154331,0.21766689
0.06303152,1.21364435,0.00872882,0.00000000,0.25064366,0.04224480,0.01248174,0.36877558,0.01096242,0.20349986
0.06903452,1.13492997,0.00807506,0.00000000,0.23570345,0.03996753,0.01176155,0.34944647,0.01034125,0.18936876
0.07503752,1.05742400,0.00743024,0.00000000,0.22118039,0.03775089,0.01100717,0.33057968,0.00968976,0.17540356
0.08104052,0.98177765,0.00679988,0.00000000,0.20716419,0.03560994,0.01023027,0.31231138,0.00901807,0.16172752
0.08704352,0.90858998,0.00618905,0.00000000,0.19373842,0.03355870,0.00944236,0.29476829,0.00833615,0.14845436
0.09304652,0.83839301,0.00560220,0.00000000,0.18097697,0.03160948,0.00865448,0.27806219,0.00765363,0.13568582
0.09904952,0.77163953,0.00504316,0.00000000,0.16894103,0.02977237,0.00787690,0.26228514,0.00697950,0.12350967
0.10505253,0.70869433,0.00451507,0.00000000,0.15767679,0.02805482,0.00711891,0.24750583,0.00632199,0.11199831
0.11105553,0.64982887,0.00402033,0.00000000,0.14721386,0.02646138,0.00638861,0.23376718,0.00568837,0.10120802
0.11705853,0.59521993,0.00356069,0.00000000,0.13756464,0.02499357,0.00569280,0.22108520,0.00508492,0.09117870
0.12306153,0.54495169,0.00313717,0.00000000,0.12872449,0.02364993,0.00503694,0.20944936,0.00451683,0.08193425
0.12906453,0.49902144,0.00275018,0.00000000,0.12067275,0.02242626,0.00442509,0.19882414,0.00398824,0.07348353
0.13506753,0.45734824,0.00239953,0.00000000,0.11337449,0.02131589,0.00386001,0.18915190,0.00350227,0.06582174
0.14107054,0.41978406,0.00208454,0.00000000,0.10678285,0.02031013,0.00334320,0.18035665,0.00306109,0.05893217
0.14707354,0.38612681,0.00180408,0.00000000,0.10084196,0.01939886,0.00287502,0.17234863,0.00266604,0.05278828
0.15307654,0.35613455,0.00155668,0.00000000,0.09548999,0.01857105,0.00245484,0.16502941,0.00231775,0.04735593
0.15907954,0.32954015,0.00134063,0.00000000,0.09066247,0.01781538,0.00208119,0.15829714,0.00201629,0.04259569
0.16508254,0.30606568,0.00115403,0.00000000,0.08629551,0.01712087,0.00175190,0.15205173,0.00176133,0.03846512
0.17108554,0.28543597,0.00099488,0.00000000,0.08232879,0.01647739,0.00146429,0.14619975,0.00155225,0.03492090
0.17708854,0.26739074,0.00086119,0.00000000,0.07870823,0.01587616,0.00121530,0.14065866,0.00138831,0.03192078
0.18309155,0.25169476,0.00075099,0.00000000,0.07538819,0.01531017,0.00100165,0.13536034,0.00126877,0.02942520
0.18909455,0.23814579,0.00066244,0.00000000,0.07233307,0.01477441,0.00081996,0.13025362,0.00119297,0.02739865
0.19509755,0.22658010,0.00059380,0.00000000,0.06951840,0.01426610,0.00066684,0.12530593,0.00116043,0.02581060
0.20110055,0.21687532,0.00054353,0.00000000,0.06693113,0.01378468,0.00053904,0.12050376,0.00117087,0.02463603
0.20710355,0.20895080,0.00051027,0.00000000,0.06456948,0.01333179,0.00043345,0.11585223,0.00122427,0.02385568
0.21310655,0.20276544,0.00049284,0.00000000,0.06244203,0.01291102,0.00034723,0.11137361,0.00132082,0.02345576
0.21910955,0.19831336,0.00049025,0.00000000,0.06056640,0.01252767,0.00027779,0.10710506,0.00146091,0.02342746
0.22511256,0.19561765,0.00050164,0.00000000,0.05896742,0.01218831,0.00022289,0.10309567,0.00164503,0.02376608
0.23111556,0.19472244,0.00052633,0.00000000,0.05767497,0.01190041,0.00018059,0.09940285,0.00187370,0.02446986
0.23711856,0.19568393,0.00056372,0.00000000,0.05672154,0.01167180,0.00014930,0.09608856,0.00214733,0.02553875
0.24312156,0.19856062,0.00061325,0.00000000,0.05613977,0.01151015,0.00012779,0.09321520,0.00246611,0.02697283
0.24912456,0.20340326,0.00067440,0.00000000,0.05595982,0.01142250,0.00011517,0.09084163,0.00282985,0.02877084
0.25512756,0.21024508,0.00074663,0.00000000,0.05620698,0.01141473,0.00011093,0.08901931,0.00323784,0.03092864
0.26113057,0.21909250,0.00082932,0.00000000,0.05689940,0.01149111,0.00011487,0.08778886,0.00368866,0.03343767
0.26713357,0.22991702,0.00092174,0.00000000,0.05804619,0.01165395,0.00012719,0.08717709,0.00418014,0.03628370
0.27313657,0.24264847,0.00102302,0.00000000,0.05964581,0.01190325,0.00014842,0.08719462,0.00470916,0.03944563
0.27913957,0.25717003,0.00113212,0.00000000,0.06168503,0.01223651,0.00017945,0.08783423,0.00527159,0.04289469
0.28514257,0.27331524,0.00124782,0.00000000,0.06413827,0.01264860,0.00022152,0.08906997,0.00586225,0.04659389
0.29114557,0.29086728,0.00136868,0.00000000,0.06696758,0.01313175,0.00027624,0.09085701,0.00647491,0.05049780
0.29714857,0.30956047,0.00149309,0.00000000,0.07012305,0.01367564,0.00034557,0.09313233,0.00710230,0.05455287
0.30315158,0.32908413,0.00161923,0.00000000,0.07354386,0.01426761,0.00043180,0.09581613,0.00773620,0.05869797
0.30915458,0.34908867,0.00174515,0.00000000,0.07715970,0.01489299,0.00053754,0.09881395,0.00836761,0.06286545
0.31515758,0.36919370,0.00186875,0.00000000,0.08089271,0.01553545,0.00066569,0.10201938,0.00898688,0.06698254
0.32116058,0.38899784,0.00198786,0.00000000,0.08465976,0.01617747,0.00081940,0.10531731,0.00958398,0.07097307
0.32716358,0.40808995,0.00210029,0.00000000,0.08837493,0.01680091,0.00100201,0.10858750,0.01014874,0.07475947
0.33316658,0.42606123,0.00220388,0.00000000,0.09195228,0.01738753,0.00121696,0.11170843,0.01067112,0.07826494
0.33916958,0.44251774,0.00229657,0.00000000,0.09530852,0.01791959,0.00146771,0.11456120,0.01114154,0.08141578
0.34517259,0.45709273,0.00237644,0.00000000,0.09836567,0.01838039,0.00175763,0.11703337,0.01155116,0.08414363
0.35117559,0.46945832,0.00244181,0.00000000,0.10105356,0.01875486,0.00208983,0.11902255,0.01189215,0.08638772
0.35717859,0.47933588,0.00249125,0.00000000,0.10331194,0.01902997,0.00246707,0.12043963,0.01215800,0.08809679
0.36318159,0.48650473,0.00252369,0.00000000,0.10509228,0.01919523,0.00289156,0.12121151,0.01234368,0.08923085
0.36918459,0.49080870,0.00253837,0.00000000,0.10635898,0.01924291,0.00336479,0.12128322,0.01244583,0.08976245
0.37518759,0.49216030,0.00253496,0.00000000,0.10709016,0.01916835,0.00388737,0.12061936,0.01246291,0.08967760
0.38119060,0.49054226,0.00251349,0.00000000,0.10727782,0.01896997,0.00445889,0.11920476,0.01239517,0.08897616
0.38719360,0.48600643,0.00247440,0.00000000,0.10692749,0.01864934,0.00507770,0.11704449,0.01224470,0.08767173
0.39319660,0.47867016,0.00241850,0.00000000,0.10605730,0.01821100,0.00574088,0.11416308,0.01201533,0.08579110
0.39919960,0.46871026,0.00234695,0.00000000,0.10469662,0.01766227,0.00644408,0.11060306,0.01171244,0.08337315
0.40520260,0.45635510,0.00226122,0.00000000,0.10288434,0.01701292,0.00718146,0.10642297,0.01134280,0.08046749
0.41120560,0.44187496,0.00216304,0.00000000,0.10066683,0.01627476,0.00794575,0.10169484,0.01091433,0.07713257
0.41720860,0.42557150,0.00205432,0.00000000,0.09809574,0.01546121,0.00872825,0.09650132,0.01043579,0.07343378
0.42321161,0.40776654,0.00193713,0.00000000,0.09522577,0.01458685,0.00951897,0.09093264,0.00991653,0.06944117
0.42921461,0.38879097,0.00181360,0.00000000,0.09211250,0.01366685,0.01030677,0.08508346,0.00936615,0.06522734
0.43521761,0.36897410,0.00168588,0.00000000,0.08881034,0.01271658,0.01107965,0.07904974,0.00879422,0.06086523
0.44122061,0.34863410,0.00155607,0.00000000,0.08537086,0.01175109,0.01182497,0.07292589,0.00821003,0.05642613
0.44722361,0.32806970,0.00142618,0.00000000,0.08184132,0.01078473,0.01252981,0.06680212,0.00762235,0.05197791
0.45322661,0.30755369,0.00129806,0.00000000,0.07826370,0.00983080,0.01318137,0.06076223,0.00703920,0.04758353
0.45922961,0.28732815,0.00117341,0.00000000,0.07467405,0.00890129,0.01376728,0.05488183,0.00646772,0.04329989
0.46523262,0.26760165,0.00105372,0.00000000,0.07110229,0.00800666,0.01427605,0.04922702,0.00591408,0.03917705
0.47123562,0.24854836,0.00094026,0.00000000,0.06757237,0.00715575,0.01469742,0.04385358,0.00538337,0.03525784
0.47723862,0.23030888,0.00083411,0.00000000,0.06410280,0.00635569,0.01502274,0.03880661,0.00487965,0.03157779
0.48324162,0.21299262,0.00073613,0.00000000,0.06070735,0.00561195,0.01524523,0.03412070,0.00440592,0.02816541
0.48924462,0.19668147,0.00064698,0.00000000,0.05739612,0.00492843,0.01536025,0.02982033,0.00396423,0.02504282
0.49524762,0.18143453,0.00056718,0.00000000,0.05417656,0.00430761,0.01536547,0.02592075,0.00355573,0.02222658
0.50125063,0.16729337,0.00049710,0.00000000,0.05105469,0.00375067,0.01526097,0.02242906,0.00318083,0.01972870
0.50725363,0.15428774,0.00043701,0.00000000,0.04803620,0.00325777,0.01504927,0.01934543,0.00283928,0.01755783
0.51325663,0.14244136,0.00038711,0.00000000,0.04512756,0.00282822,0.01473520,0.01666443,0.00253034,0.01572052
0.51925963,0.13177738,0.00034758,0.00000000,0.04233697,0.00246073,0.01432583,0.01437649,0.00225289,0.01422249
0.52526263,0.12232350,0.00031860,0.00000000,0.03967518,0.00215361,0.01383020,0.01246916,0.00200555,0.01306983
0.53126563,0.11411648,0.00030041,0.00000000,0.03715610,0.00190499,0.01325907,0.01092835,0.00178682,0.01227021
0.53726863,0.10720583,0.00029330,0.00000000,0.03479728,0.00171301,0.01262458,0.00973951,0.00159516,0.01183381
0.54327164,0.10165672,0.00029767,0.00000000,0.03262019,0.00157594,0.01193992,0.00888844,0.00142908,0.01177427
0.54927464,0.09755190,0.00031404,0.00000000,0.03065036,0.00149236,0.01121899,0.00836206,0.00128722,0.01210925
0.55527764,0.09499276,0.00034304,0.00000000,0.02891728,0.00146117,0.01047599,0.00814890,0.00116837,0.01286085
0.56128064,0.09409937,0.00038545,0.00000000,0.02745432,0.00148171,0.00972515,0.00823930,0.00107154,0.01405581
0.56728364,0.09500956,0.00044217,0.00000000,0.02629837,0.00155372,0.00898039,0.00862548,0.00099595,0.01572533
0.57328664,0.09787709,0.00051420,0.00000000,0.02548948,0.00167737,0.00825510,0.00930132,0.00094108,0.01790468
0.57928964,0.10286885,0.00060264,0.00000000,0.02507035,0.00185315,0.00756190,0.01026200,0.00090659,0.02063250
0.58529265,0.11016114,0.00070865,0.00000000,0.02508577,0.00208181,0.00691251,0.01150342,0.00089238,0.02394976
0.59129565,0.11993508,0.00083339,0.00000000,0.02558187,0.00236425,0.00631767,0.01302149,0.00089852,0.02789854
0.59729865,0.13237119,0.00097801,0.00000000,0.02660536,0.00270136,0.00578702,0.01481136,0.00092524,0.03252038
0.60330165,0.14764314,0.00114355,0.00000000,0.02820257,0.00309391,0.00532920,0.01686652,0.00097288,0.03785461
0.60930465,0.16591093,0.00133090,0.00000000,0.03041839,0.00354235,0.00495177,0.01917794,0.00104185,0.04393624
0.61530765,0.18731335,0.00154074,0.00000000,0.03329511,0.00404662,0.00466131,0.02173325,0.00113260,0.05079389
0.62131066,0.21196016,0.00177347,0.00000000,0.03687101,0.00460607,0.00446348,0.02451590,0.00124556,0.05844759
0.62731366,0.23992405,0.00202914,0.00000000,0.04117892,0.00521922,0.00436303,0.02750461,0.00138111,0.06690647
0.63331666,0.27123257,0.00230737,0.00000000,0.04624464,0.00588366,0.00436389,0.03067284,0.00153949,0.07616669
0.63931966,0.30586054,0.00260734,0.00000000,0.05208525,0.00659594,0.00446915,0.03398854,0.00172081,0.08620944
0.64532266,0.34372295,0.00292772,0.00000000,0.05870742,0.00735147,0.00468109,0.03741416,0.00192497,0.09699917
0.65132566,0.38466907,0.00326662,0.00000000,0.06610572,0.00814449,0.00500107,0.04090685,0.00215161,0.10848231
0.65732866,0.42847771,0.00362159,0.00000000,0.07426105,0.00896808,0.00542956,0.04441901,0.00240011,0.12058630
0.66333167,0.47485434,0.00398964,0.00000000,0.08313926,0.00981415,0.00596592,0.04789906,0.00266951,0.13321923
0.66933467,0.52343017,0.00436723,0.00000000,0.09269000,0.01067358,0.00660838,0.05129246,0.00295852,0.14627008
0.67533767,0.57376352,0.00475031,0.00000000,0.10284601,0.01153634,0.00735381,0.05454297,0.00326548,0.15960954
0.68134067,0.62534372,0.00513441,0.00000000,0.11352280,0.01239163,0.00819765,0.05759409,0.00358839,0.17309160
0.68734367,0.67759753,0.00551469,0.00000000,0.12461883,0.01322815,0.00913373,0.06039059,0.00392485,0.18655571
0.69334667,0.72989827,0.00588605,0.00000000,0.13601642,0.01403430,0.01015418,0.06288013,0.00427217,0.19982963
0.69934967,0.78157736,0.00624323,0.00000000,0.14758307,0.01479848,0.01124936,0.06501483,0.00462731,0.21273288
0.70535268,0.83193816,0.00658098,0.00000000,0.15917365,0.01550933,0.01240786,0.06675283,0.00498702,0.22508062
0.71135568,0.88027173,0.00689413,0.00000000,0.17063299,0.01615609,0.01361653,0.06805958,0.00534780,0.23668795
0.71735868,0.92587399,0.00717776,0.00000000,0.18179924,0.01672883,0.01486062,0.06890901,0.00570607,0.24737441
0.72336168,0.96806384,0.00742735,0.00000000,0.19250753,0.01721873,0.01612398,0.06928439,0.00605819,0.25696864
0.72936468,1.00620140,0.00763888,0.00000000,0.20259414,0.01761832,0.01738931,0.06917884,0.00640059,0.26531290
0.73536768,1.03970590,0.00780895,0.00000000,0.21190080,0.01792167,0.01863857,0.06859559,0.00672983,0.27226737
0.74137069,1.06807236,0.00793489,0.00000000,0.22027913,0.01812460,0.01985336,0.06754777,0.00704272,0.27771402
0.74737369,1.09088636,0.00801483,0.00000000,0.22759491,0.01822471,0.02101535,0.06605795,0.00733643,0.28156001
0.75337669,1.10783640,0.00804775,0.00000000,0.23373205,0.01822149,0.02210685,0.06415734,0.00760852,0.28374029
0.75937969,1.11872310,0.00803353,0.00000000,0.23859614,0.01811631,0.02311124,0.06188468,0.00785706,0.28421950
0.76538269,1.12346492,0.00797293,0.00000000,0.24211732,0.01791235,0.02401349,0.05928493,0.00808067,0.28299296
0.77138569,1.12210005,0.00786754,0.00000000,0.24425236,0.01761449,0.02480058,0.05640781,0.00827853,0.28008680
0.77738869,1.11478442,0.00771979,0.00000000,0.24498589,0.01722917,0.02546193,0.05330621,0.00845041,0.27555709
0.78339170,1.10178570,0.00753282,0.00000000,0.24433067,0.01676417,0.02598962,0.05003461,0.00859665,0.26948821
0.78939470,1.08347368,0.00731038,0.00000000,0.24232689,0.01622839,0.02637868,0.04664750,0.00871809,0.26199030
0.79539770,1.06030733,0.00705676,0.00000000,0.23904050,0.01563158,0.02662708,0.04319792,0.00881603,0.25319610
0.80140070,1.03281905,0.00677662,0.00000000,0.23456072,0.01498406,0.02673579,0.03973620,0.00889212,0.24325712
0.80740370,1.00159692,0.00647485,0.00000000,0.22899670,0.01429648,0.02670860,0.03630875,0.00894822,0.23233939
0.81340670,0.96726544,0.00615646,0.00000000,0.22247368,0.01357950,0.02655183,0.03295728,0.00898635,0.22061899
0.81940970,0.93046592,0.00582646,0.00000000,0.21512859,0.01284353,0.02627408,0.02971805,0.00900849,0.20827740
0.82541271,0.89183702,0.00548966,0.00000000,0.20710553,0.01209853,0.02588571,0.02662152,0.00901650,0.19549692
0.83141571,0.85199642,0.00515065,0.00000000,0.19855115,0.01135376,0.02539844,0.02369211,0.00901196,0.18245633
0.83741871,0.81152439,0.00481362,0.00000000,0.18961021,0.01061762,0.02482485,0.02094831,0.00899612,0.16932685
0.84342171,0.77094963,0.00448236,0.00000000,0.18042149,0.00989751,0.02417785,0.01840284,0.00896976,0.15626864
0.84942471,0.73073821,0.00416011,0.00000000,0.17111426,0.00919974,0.02347024,0.01606303,0.00893320,0.14342782
0.85542771,0.69128558,0.00384960,0.00000000,0.16180531,0.00852948,0.02271430,0.01393139,0.00888626,0.13093412
0.86143072,0.65291210,0.00355301,0.00000000,0.15259678,0.00789072,0.02192143,0.01200614,0.00882827,0.11889921
0.86743372,0.61586189,0.00327195,0.00000000,0.14357475,0.00728633,0.02110185,0.01028187,0.00875809,0.10741573
0.87343672,0.58030483,0.00300751,0.00000000,0.13480858,0.00671809,0.02026449,0.00875021,0.00867427,0.09655696
0.87943972,0.54634146,0.00276027,0.00000000,0.12635103,0.00618683,0.01941682,0.00740051,0.00857508,0.08637706
0.88544272,0.51401019,0.00253040,0.00000000,0.11823903,0.00569247,0.01856492,0.00622041,0.00845865,0.07691193
0.89144572,0.48329648,0.00231765,0.00000000,0.11049504,0.00523419,0.01771351,0.00519649,0.00832314,0.06818043
0.89744872,0.45414308,0.00212147,0.00000000,0.10312880,0.00481060,0.01686612,0.00431472,0.00816684,0.06018607
0.90345173,0.42646102,0.00194108,0.00000000,0.09613947,0.00441980,0.01602529,0.00356095,0.00798832,0.05291889
0.90945473,0.40014052,0.00177548,0.00000000,0.08951786,0.00405961,0.01519275,0.00292123,0.00778657,0.04635751
0.91545773,0.37506145,0.00162360,0.00000000,0.08324873,0.00372764,0.01436973,0.00238217,0.00756109,0.04047129
0.92146073,0.35110266,0.00148427,0.00000000,0.07731298,0.00342143,0.01355714,0.00193108,0.00731196,0.03522245
0.92746373,0.32815003,0.00135635,0.00000000,0.07168971,0.00313856,0.01275580,0.00155620,0.00703991,0.03056809
0.93346673,0.30610281,0.00123871,0.00000000,0.06635787,0.00287671,0.01196665,0.00124677,0.00674634,0.02646204
0.93946973,0.28487823,0.00113032,0.00000000,0.06129776,0.00263375,0.01119089,0.00099306,0.00643326,0.02285659
0.94547274,0.26441427,0.00103024,0.00000000,0.05649199,0.00240779,0.01043005,0.00078640,0.00610334,0.01970388
0.95147574,0.24467073,0.00093763,0.00000000,0.05192624,0.00219716,0.00968612,0.00061916,0.00575973,0.01695711
0.95747874,0.22562873,0.00085178,0.00000000,0.04758955,0.00200047,0.00896148,0.00048469,0.00540607,0.01457150
0.96348174,0.20728894,0.00077209,0.00000000,0.04347439,0.00181656,0.00825894,0.00037726,0.00504631,0.01250499
0.96948474,0.18966877,0.00069810,0.00000000,0.03957643,0.00164453,0.00758167,0.00029197,0.00468464,0.01071872
0.97548774,0.17279883,0.00062941,0.00000000,0.03589415,0.00148365,0.00693310,0.00022467,0.00432537,0.00917727
0.98149075,0.15671907,0.00056575,0.00000000,0.03242826,0.00133339,0.00631686,0.00017191,0.00397279,0.00784885
0.98749375,0.14147476,0.00050691,0.00000000,0.02918111,0.00119333,0.00573668,0.00013079,0.00363109,0.00670519
0.99349675,0.12711265,0.00045273,0.00000000,0.02615604,0.00106316,0.00519630,0.00009894,0.00330427,0.00572144
0.99949975,0.11367753,0.00040310,0.00000000,0.02335678,0.00094262,0.00469938,0.00007442,0.00299604,0.00487594
1.00550275,0.10120929,0.00035795,0.00000000,0.02078690,0.00083148,0.00424942,0.00005566,0.00270982,0.00414997
1.01150575,0.08974066,0.00031720,0.00000000,0.01844937,0.00072952,0.00384976,0.00004140,0.00244864,0.00352740
1.01750875,0.07929556,0.00028081,0.00000000,0.01634624,0.00063649,0.00350348,0.00003061,0.00221517,0.00299446
1.02351176,0.06988818,0.00024872,0.00000000,0.01447835,0.00055212,0.00321340,0.00002250,0.00201169,0.00253936
1.02951476,0.06152262,0.00022087,0.00000000,0.01284528,0.00047608,0.00298209,0.00001645,0.00184011,0.00215203
1.03551776,0.05419307,0.00019719,0.00000000,0.01144522,0.00040801,0.00281183,0.00001195,0.00170199,0.00182392
1.04152076,0.04788442,0.00017760,0.00000000,0.01027506,0.00034748,0.00270462,0.00000864,0.00159854,0.00154766
1.04752376,0.04257314,0.00016201,0.00000000,0.00933044,0.00029406,0.00266215,0.00000620,0.00153066,0.00131694
1.05352676,0.03822833,0.00015030,0.00000000,0.00860586,0.00024724,0.00268579,0.00000443,0.00149896,0.00112633
1.05952976,0.03481280,0.00014237,0.00000000,0.00809472,0.00020652,0.00277653,0.00000314,0.00150375,0.00097110
1.06553277,0.03228417,0.00013807,0.00000000,0.00778950,0.00017137,0.00293496,0.00000222,0.00154506,0.00084711
1.07153577,0.03059572,0.00013727,0.00000000,0.00768171,0.00014126,0.00316115,0.00000156,0.00162260,0.00075074
1.07753877,0.02969721,0.00013980,0.00000000,0.00776199,0.00011566,0.00345460,0.00000109,0.00173578,0.00067876
1.08354177,0.02953535,0.00014549,0.00000000,0.00801999,0.00009408,0.00381411,0.00000075,0.00188366,0.00062830
1.08954477,0.03005413,0.00015414,0.00000000,0.00844442,0.00007601,0.00423766,0.00000052,0.00206490,0.00059676
1.09554777,0.03119496,0.00016553,0.00000000,0.00902285,0.00006102,0.00472234,0.00000035,0.00227775,0.00058178
1.10155078,0.03289668,0.00017944,0.00000000,0.00974166,0.00004867,0.00526419,0.00000024,0.00251996,0.00058121
1.10755378,0.03509537,0.00019559,0.00000000,0.01058595,0.00003858,0.00585813,0.00000016,0.00278881,0.00059302
1.11355678,0.03772431,0.00021369,0.00000000,0.01153938,0.00003040,0.00649789,0.00000011,0.00308104,0.00061534
1.11955978,0.04071381,0.00023343,0.00000000,0.01258422,0.00002382,0.00717601,0.00000008,0.00339285,0.00064637
1.12556278,0.04399129,0.00025446,0.00000000,0.01370127,0.00001858,0.00788378,0.00000005,0.00371990,0.00068443
1.13156578,0.04748144,0.00027641,0.00000000,0.01486997,0.00001444,0.00861140,0.00000004,0.00405735,0.00072785
1.13756878,0.05110663,0.00029887,0.00000000,0.01606856,0.00001119,0.00934798,0.00000003,0.00439990,0.00077506
1.14357179,0.05478756,0.00032144,0.00000000,0.01727433,0.00000867,0.01008182,0.00000003,0.00474188,0.00082454
1.14957479,0.05844422,0.00034369,0.00000000,0.01846393,0.00000672,0.01080054,0.00000003,0.00507735,0.00087479
1.15557779,0.06199696,0.00036517,0.00000000,0.01961377,0.00000524,0.01149143,0.00000004,0.00540021,0.00092441
1.16158079,0.06536798,0.00038547,0.00000000,0.02070053,0.00000412,0.01214169,0.00000006,0.00570435,0.00097207
1.16758379,0.06848279,0.00040416,0.00000000,0.02170168,0.00000329,0.01273882,0.00000009,0.00598385,0.00101650
1.17358679,0.07127193,0.00042085,0.00000000,0.02259601,0.00000267,0.01327094,0.00000014,0.00623304,0.00105657
1.17958979,0.07367265,0.00043519,0.00000000,0.02336426,0.00000223,0.01372718,0.00000021,0.00644678,0.00109128
1.18559280,0.07563057,0.00044687,0.00000000,0.02398960,0.00000192,0.01409800,0.00000032,0.00662055,0.00111976
1.19159580,0.07710121,0.00045563,0.00000000,0.02445818,0.00000172,0.01437547,0.00000049,0.00675061,0.00114134
1.19759880,0.07805132,0.00046128,0.00000000,0.02475952,0.00000161,0.01455359,0.00000073,0.00683410,0.00115552
1.20360180,0.07845994,0.00046370,0.00000000,0.02488689,0.00000157,0.01462846,0.00000108,0.00686920,0.00116202
1.20960480,0.07831917,0.00046284,0.00000000,0.02483746,0.00000162,0.01459839,0.00000158,0.00685510,0.00116080
1.21560780,0.07763455,0.00045874,0.00000000,0.02461248,0.00000174,0.01446401,0.00000232,0.00679211,0.00115204
1.22161081,0.07642515,0.00045150,0.00000000,0.02421722,0.00000197,0.01422819,0.00000336,0.00668157,0.00113619
1.22761381,0.07472324,0.00044130,0.00000000,0.02366078,0.00000232,0.01389596,0.00000485,0.00652588,0.00111392
1.23361681,0.07257374,0.00042841,0.00000000,0.02295593,0.00000283,0.01347435,0.00000694,0.00632836,0.00108622
1.23961981,0.07003335,0.00041313,0.00000000,0.02211865,0.00000356,0.01297213,0.00000986,0.00609316,0.00105431
1.24562281,0.06716959,0.00039585,0.00000000,0.02116774,0.00000457,0.01239951,0.00001391,0.00582515,0.00101973
1.25162581,0.06405969,0.00037700,0.00000000,0.02012435,0.00000596,0.01176783,0.00001949,0.00552971,0.00098431
1.25762881,0.06078951,0.00035706,0.00000000,0.01901144,0.00000784,0.01108920,0.00002712,0.00521262,0.00095020
1.26363182,0.05745258,0.00033654,0.00000000,0.01785330,0.00001036,0.01037611,0.00003746,0.00487986,0.00091992
1.26963482,0.05414929,0.00031598,0.00000000,0.01667507,0.00001372,0.00964113,0.00005139,0.00453748,0.00089640
1.27563782,0.05098637,0.00029597,0.00000000,0.01550233,0.00001816,0.00889657,0.00006999,0.00419144,0.00088301
1.28164082,0.04807669,0.00027708,0.00000000,0.01436080,0.00002396,0.00815414,0.00009467,0.00384746,0.00088364
1.28764382,0.04553934,0.00025995,0.00000000,0.01327606,0.00003150,0.00742480,0.00012714,0.00351094,0.00090279
1.29364682,0.04350014,0.00024521,0.00000000,0.01227342,0.00004121,0.00671850,0.00016956,0.00318690,0.00094562
1.29964982,0.04209238,0.00023353,0.00000000,0.01137791,0.00005362,0.00604406,0.00022455,0.00287985,0.00101809
1.30565283,0.04145782,0.00022563,0.00000000,0.01061435,0.00006937,0.00540915,0.00029529,0.00259385,0.00112702
1.31165583,0.04174785,0.00022222,0.00000000,0.01000743,0.00008917,0.00482022,0.00038560,0.00233246,0.00128017
1.31765883,0.04312463,0.00022410,0.00000000,0.00958200,0.00011391,0.00428254,0.00050004,0.00209875,0.00148639
1.32366183,0.04576211,0.00023209,0.00000000,0.00936324,0.00014456,0.00380029,0.00064394,0.00189539,0.00175561
1.32966483,0.04984672,0.00024707,0.00000000,0.00937700,0.00018225,0.00337669,0.00082350,0.00172466,0.00209891
1.33566783,0.05557754,0.00026997,0.00000000,0.00964996,0.00022823,0.00301407,0.00104585,0.00158854,0.00252852
1.34167084,0.06316577,0.00030178,0.00000000,0.01020984,0.00028390,0.00271408,0.00131906,0.00148875,0.00305778
1.34767384,0.07283334,0.00034352,0.00000000,0.01108551,0.00035079,0.00247779,0.00165220,0.00142685,0.00370100
1.35367684,0.08481044,0.00039627,0.00000000,0.01230695,0.00043054,0.00230583,0.00205527,0.00140426,0.00447332
1.35967984,0.09933193,0.00046110,0.00000000,0.01390509,0.00052487,0.00219853,0.00253919,0.00142230,0.00539044
1.36568284,0.11663250,0.00053909,0.00000000,0.01591151,0.00063559,0.00215600,0.00311564,0.00148229,0.00646829
1.37168584,0.13694053,0.00063128,0.00000000,0.01835796,0.00076453,0.00217819,0.00379699,0.00158546,0.00772263
1.37768884,0.16047080,0.00073864,0.00000000,0.02127569,0.00091351,0.00226491,0.00459601,0.00173302,0.00916852
1.38369185,0.18741613,0.00086202,0.00000000,0.02469468,0.00108428,0.00241586,0.00552564,0.00192611,0.01081982
1.38969485,0.21793822,0.00100214,0.00000000,0.02864269,0.00127849,0.00263056,0.00659870,0.00216575,0.01268853
1.39569785,0.25215786,0.00115947,0.00000000,0.03314420,0.00149758,0.00290828,0.00782746,0.00245280,0.01478411
1.40170085,0.29014516,0.00133427,0.00000000,0.03821935,0.00174278,0.00324799,0.00922326,0.00278787,0.01711287
1.40770385,0.33191002,0.00152646,0.00000000,0.04388280,0.00201497,0.00364821,0.01079604,0.00317123,0.01967727
1.41370685,0.37739344,0.00173566,0.00000000,0.05014268,0.00231468,0.00410690,0.01255385,0.00360278,0.02247534
1.41970985,0.42646032,0.00196106,0.00000000,0.05699965,0.00264199,0.00462138,0.01450238,0.00408189,0.02550016
1.42571286,0.47889407,0.00220149,0.00000000,0.06444609,0.00299650,0.00518817,0.01664447,0.00460740,0.02873947
1.43171586,0.53439380,0.00245532,0.00000000,0.07246561,0.00337729,0.00580296,0.01897965,0.00517750,0.03217545
1.43771886,0.59257430,0.00272054,0.00000000,0.08103274,0.00378289,0.00646051,0.02150380,0.00578970,0.03578466
1.44372186,0.65296933,0.00299471,0.00000000,0.09011308,0.00421128,0.00715468,0.02420877,0.00644082,0.03953825
1.44972486,0.71503833,0.00327504,0.00000000,0.09966370,0.00465990,0.00787845,0.02708223,0.00712695,0.04340237
1.45572786,0.77817663,0.00355843,0.00000000,0.10963398,0.00512569,0.00862400,0.03010754,0.00784349,0.04733881
1.46173087,0.84172897,0.00384153,0.00000000,0.11996681,0.00560511,0.00938283,0.03326380,0.00858522,0.05130591
1.46773387,0.90500606,0.00412083,0.00000000,0.13060011,0.00609428,0.01014600,0.03652601,0.00934633,0.05525965
1.47373687,0.96730362,0.00439277,0.00000000,0.14146867,0.00658902,0.01090429,0.03986543,0.01012055,0.05915495
1.47973987,1.02792320,0.00465384,0.00000000,0.15250618,0.00708495,0.01164854,0.04325002,0.01090125,0.06294707
1.48574287,1.08619388,0.00490068,0.00000000,0.16364742,0.00757766,0.01236987,0.04664504,0.01168160,0.06659308
1.49174587,1.14149395,0.00513020,0.00000000,0.17483046,0.00806277,0.01306007,0.05001382,0.01245470,0.07005342
1.49774887,1.19327154,0.00533969,0.00000000,0.18599875,0.00853609,0.01371183,0.05331851,0.01321373,0.07329327
1.50375188,1.24106300,0.00552691,0.00000000,0.19710305,0.00899373,0.01431903,0.05652103,0.01395214,0.07628390
1.50975488,1.28450841,0.00569016,0.00000000,0.20810303,0.00943222,0.01487705,0.05958395,0.01466376,0.07900375
1.51575788,1.32336288,0.00582837,0.00000000,0.21896841,0.00984856,0.01538286,0.06247147,0.01534297,0.08143927
1.52176088,1.35750346,0.00594107,0.00000000,0.22967962,0.01024033,0.01583524,0.06515029,0.01598483,0.08358547
1.52776388,1.38693075,0.00602850,0.00000000,0.24022790,0.01060572,0.01623474,0.06759048,0.01658514,0.08544606
1.53376688,1.41176537,0.00609150,0.00000000,0.25061470,0.01094354,0.01658370,0.06976619,0.01714057,0.08703329
1.53976988,1.43223916,0.00613150,0.00000000,0.26085056,0.01125324,0.01688613,0.07165632,0.01764868,0.08836739
1.54577289,1.44868154,0.00615046,0.00000000,0.27095331,0.01153485,0.01714745,0.07324499,0.01810795,0.08947573
1.55177589,1.46150169,0.00615079,0.00000000,0.28094580,0.01178890,0.01737427,0.07452188,0.01851779,0.09039161
1.55777889,1.47116744,0.00613520,0.00000000,0.29085310,0.01201639,0.01757401,0.07548240,0.01887845,0.09115285
1.56378189,1.47818189,0.00610661,0.00000000,0.30069952,0.01221866,0.01775454,0.07612768,0.01919102,0.09180027
1.56978489,1.48305904,0.00606801,0.00000000,0.31050535,0.01239728,0.01792374,0.07646441,0.01945730,0.09237599
1.57578789,1.48629965,0.00602234,0.00000000,0.32028371,0.01255392,0.01808910,0.07650458,0.01967970,0.09292182
1.58179090,1.48836861,0.00597237,0.00000000,0.33003752,0.01269028,0.01825733,0.07626496,0.01986110,0.09347767
1.58779390,1.48967497,0.00592059,0.00000000,0.33975689,0.01280795,0.01843399,0.07576662,0.02000474,0.09408017
1.59379690,1.49055576,0.00586908,0.00000000,0.34941707,0.01290833,0.01862319,0.07503425,0.02011405,0.09476151
1.59979990,1.49126416,0.00581950,0.00000000,0.35897706,0.01299252,0.01882739,0.07409547,0.02019254,0.09554850
1.60580290,1.49196294,0.00577301,0.00000000,0.36837902,0.01306133,0.01904726,0.07298006,0.02024360,0.09646204
1.61180590,1.49272298,0.00573024,0.00000000,0.37754866,0.01311520,0.01928161,0.07171921,0.02027046,0.09751678
1.61780890,1.49352729,0.00569131,0.00000000,0.38639643,0.01315422,0.01952752,0.07034475,0.02027600,0.09872120
1.62381191,1.49427981,0.00565586,0.00000000,0.39481976,0.01317816,0.01978042,0.06888840,0.02026274,0.10007790
1.62981491,1.49481861,0.00562312,0.00000000,0.40270598,0.01318646,0.02003433,0.06738108,0.02023272,0.10158410
1.63581791,1.49493260,0.00559197,0.00000000,0.40993614,0.01317839,0.02028219,0.06585224,0.02018748,0.10323240
1.64182091,1.49438072,0.00556103,0.00000000,0.41638922,0.01315304,0.02051618,0.06432933,0.02012808,0.10501156
1.64782391,1.49291254,0.00552880,0.00000000,0.42194681,0.01310944,0.02072810,0.06283717,0.02005508,0.10690738
1.65382691,1.49028910,0.00549371,0.00000000,0.42649790,0.01304668,0.02090974,0.06139764,0.01996860,0.10890350
1.65982991,1.48630287,0.00545431,0.00000000,0.42994352,0.01296397,0.02105325,0.06002921,0.01986839,0.11098215
1.66583292,1.48079579,0.00540930,0.00000000,0.43220114,0.01286073,0.02115146,0.05874672,0.01975386,0.11312483
1.67183592,1.47367449,0.00535767,0.00000000,0.43320840,0.01273666,0.02119821,0.05756114,0.01962426,0.11531269
1.67783892,1.46492202,0.00529879,0.00000000,0.43292620,0.01259183,0.02118851,0.05647953,0.01947869,0.11752690
1.68384192,1.45460560,0.00523242,0.00000000,0.43134081,0.01242667,0.02111873,0.05550494,0.01931622,0.11974877
1.68984492,1.44288007,0.00515881,0.00000000,0.42846505,0.01224201,0.02098667,0.05463654,0.01913602,0.12195972
1.69584792,1.42998715,0.00507868,0.00000000,0.42433839,0.01203911,0.02079157,0.05386975,0.01893739,0.12414123
1.70185093,1.41625056,0.00499324,0.00000000,0.41902604,0.01181957,0.02053409,0.05319653,0.01871987,0.12627463
1.70785393,1.40206744,0.00490415,0.00000000,0.41261710,0.01158536,0.02021614,0.05260571,0.01848328,0.12834098
1.71385693,1.38789654,0.00481347,0.00000000,0.40522183,0.01133873,0.01984079,0.05208341,0.01822780,0.13032088
1.71985993,1.37424392,0.00472361,0.00000000,0.39696831,0.01108217,0.01941207,0.05161358,0.01795396,0.13219450
1.72586293,1.36164665,0.00463723,0.00000000,0.38799850,0.01081830,0.01893479,0.05117860,0.01766270,0.13394165
1.73186593,1.35065536,0.00455717,0.00000000,0.37846411,0.01054985,0.01841434,0.05075990,0.01735536,0.13554201
1.73786893,1.34181634,0.00448631,0.00000000,0.36852236,0.01027956,0.01785653,0.05033865,0.01703372,0.13697558
1.74387194,1.33565368,0.00442751,0.00000000,0.35833178,0.01001012,0.01726744,0.04989649,0.01669994,0.13822322
1.74987494,1.33265222,0.00438347,0.00000000,0.34804842,0.00974410,0.01665328,0.04941621,0.01635662,0.13926740
1.75587794,1.33324165,0.00435664,0.00000000,0.33782237,0.00948392,0.01602031,0.04888243,0.01600676,0.14009296
1.76188094,1.33778232,0.00434914,0.00000000,0.32779488,0.00923181,0.01537479,0.04828221,0.01565377,0.14068797
1.76788394,1.34655299,0.00436264,0.00000000,0.31809609,0.00898975,0.01472295,0.04760557,0.01530144,0.14104463
1.77388694,1.35974090,0.00439834,0.00000000,0.30884335,0.00875948,0.01407099,0.04684591,0.01495393,0.14115998
1.77988994,1.37743428,0.00445688,0.00000000,0.30014019,0.00854247,0.01342507,0.04600036,0.01461580,0.14103662
1.78589295,1.39961754,0.00453831,0.00000000,0.29207583,0.00833995,0.01279139,0.04506983,0.01429189,0.14068318
1.79189595,1.42616919,0.00464210,0.00000000,0.28472524,0.00815287,0.01217616,0.04405913,0.01398738,0.14011457
1.79789895,1.45686258,0.00476712,0.00000000,0.27814949,0.00798192,0.01158564,0.04297675,0.01370766,0.13935203
1.80390195,1.49136946,0.00491167,0.00000000,0.27239654,0.00782757,0.01102616,0.04183461,0.01345830,0.13842285
1.80990495,1.52926634,0.00507350,0.00000000,0.26750210,0.00769006,0.01050405,0.04064763,0.01324497,0.13735992
1.81590795,1.57004344,0.00524993,0.00000000,0.26349057,0.00756941,0.01002564,0.03943325,0.01307329,0.13620089
1.82191096,1.61311622,0.00543785,0.00000000,0.26037605,0.00746546,0.00959715,0.03821076,0.01294872,0.13498724
1.82791396,1.65783896,0.00563386,0.00000000,0.25816308,0.00737784,0.00922460,0.03700071,0.01287641,0.13376307
1.83391696,1.70352038,0.00583435,0.00000000,0.25684739,0.00730607,0.00891374,0.03582420,0.01286105,0.13257378
1.83991996,1.74944048,0.00603559,0.00000000,0.25641629,0.00724948,0.00866981,0.03470222,0.01290663,0.13146471
1.84592296,1.79486839,0.00623383,0.00000000,0.25684894,0.00720730,0.00849750,0.03365501,0.01301630,0.13047964
1.85192596,1.83908057,0.00642545,0.00000000,0.25811637,0.00717866,0.00840075,0.03270153,0.01319220,0.12965940
1.85792896,1.88137870,0.00660698,0.00000000,0.26018131,0.00716258,0.00838261,0.03185895,0.01343520,0.12904058
1.86393197,1.92110682,0.00677526,0.00000000,0.26299802,0.00715802,0.00844516,0.03114233,0.01374483,0.12865431
1.86993497,1.95766691,0.00692747,0.00000000,0.26651192,0.00716392,0.00858938,0.03056430,0.01411909,0.12852527
1.87593797,1.99053274,0.00706119,0.00000000,0.27065941,0.00717915,0.00881511,0.03013501,0.01455437,0.12867092
1.88194097,2.01926115,0.00717451,0.00000000,0.27536779,0.00720261,0.00912106,0.02986205,0.01504540,0.12910099
1.88794397,2.04350082,0.00726595,0.00000000,0.28055541,0.00723320,0.00950478,0.02975054,0.01558528,0.12981726
1.89394697,2.06299796,0.00733459,0.00000000,0.28613219,0.00726988,0.00996276,0.02980331,0.01616549,0.13081359
1.89994997,2.07759914,0.00737998,0.00000000,0.29200042,0.00731163,0.01049057,0.03002115,0.01677608,0.13207627
1.90595298,2.08725100,0.00740215,0.00000000,0.29805609,0.00735752,0.01108292,0.03040304,0.01740581,0.13358467
1.91195598,2.09199718,0.00740159,0.00000000,0.30419058,0.00740673,0.01173392,0.03094650,0.01804245,0.13531204
1.91795898,2.09197253,0.00737918,0.00000000,0.31029274,0.00745849,0.01243722,0.03164782,0.01867305,0.13722658
1.92396198,2.08739497,0.00733615,0.00000000,0.31625129,0.00751215,0.01318621,0.03250235,0.01928429,0.13929268
1.92996498,2.07855522,0.00727403,0.00000000,0.32195749,0.00756717,0.01397422,0.03350467,0.01986289,0.14147212
1.93596798,2.06580495,0.00719455,0.00000000,0.32730785,0.00762308,0.01479468,0.03464871,0.02039597,0.14372546
1.94197099,2.04954344,0.00709961,0.00000000,0.33220684,0.00767949,0.01564126,0.03592779,0.02087148,0.14601321
1.94797399,2.03020343,0.00699121,0.00000000,0.33656932,0.00773607,0.01650798,0.03733456,0.02127853,0.14829701
1.95397699,2.00823626,0.00687134,0.00000000,0.34032273,0.00779251,0.01738921,0.03886084,0.02160779,0.15054052
1.95997999,1.98409692,0.00674201,0.00000000,0.34340863,0.00784852,0.01827972,0.04049744,0.02185171,0.15271019
1.96598299,1.95822930,0.00660509,0.00000000,0.34578382,0.00790374,0.01917457,0.04223383,0.02200480,0.15477567
1.97198599,1.93105201,0.00646236,0.00000000,0.34742059,0.00795778,0.02006902,0.04405789,0.02206373,0.15671001
1.97798899,1.90294537,0.00631542,0.00000000,0.34830644,0.00801010,0.02095838,0.04595553,0.02202741,0.15848963
1.98399200,1.87423979,0.00616567,0.00000000,0.34844306,0.00806004,0.02183779,0.04791046,0.02189698,0.16009395
1.98999500,1.84520624,0.00601428,0.00000000,0.34784473,0.00810676,0.02270207,0.04990395,0.02167569,0.16150499
1.99599800,1.81604907,0.00586222,0.00000000,0.34653630,0.00814925,0.02354549,0.05191473,0.02136874,0.16270674
2.00200100,1.78690171,0.00571020,0.00000000,0.34455090,0.00818629,0.02436162,0.05391905,0.02098302,0.16368458
2.00800400,1.75782549,0.00555873,0.00000000,0.34192752,0.00821650,0.02514318,0.05589082,0.02052688,0.16442473
2.01400700,1.72881201,0.00540812,0.00000000,0.33870873,0.00823831,0.02588202,0.05780202,0.02000975,0.16491382
2.02001001,1.69978896,0.00525849,0.00000000,0.33493876,0.00825009,0.02656907,0.05962325,0.01944188,0.16513873
2.02601301,1.67062957,0.00510984,0.00000000,0.33066195,0.00825010,0.02719446,0.06132445,0.01883397,0.16508664
2.03201601,1.64116523,0.00496206,0.00000000,0.32592194,0.00823668,0.02774769,0.06287583,0.01819690,0.16474537
2.03801901,1.61120112,0.00481500,0.00000000,0.32076148,0.00820825,0.02821789,0.06424889,0.01754147,0.16410408
2.04402201,1.58053390,0.00466851,0.00000000,0.31522295,0.00816346,0.02859414,0.06541750,0.01687814,0.16315419
2.05002501,1.54897093,0.00452249,0.00000000,0.30934957,0.00810125,0.02886586,0.06635909,0.01621688,0.16189056
2.05602801,1.51634997,0.00437693,0.00000000,0.30318709,0.00802102,0.02902327,0.06705574,0.01556705,0.16031279
2.06203102,1.48255819,0.00423198,0.00000000,0.29678600,0.00792265,0.02905781,0.06749523,0.01493730,0.15842662
2.06803402,1.44754958,0.00408796,0.00000000,0.29020371,0.00780662,0.02896259,0.06767186,0.01433552,0.15624517
2.07403702,1.41135959,0.00394539,0.00000000,0.28350684,0.00767408,0.02873277,0.06758717,0.01376886,0.15379013
2.08004002,1.37411605,0.00380503,0.00000000,0.27677312,0.00752684,0.02836596,0.06725030,0.01324374,0.15109258
2.08604302,1.33604557,0.00366785,0.00000000,0.27009267,0.00736744,0.02786242,0.06667811,0.01276585,0.14819343
2.09204602,1.29747487,0.00353503,0.00000000,0.26356865,0.00719910,0.02722524,0.06589492,0.01234022,0.14514348
2.09804902,1.25882668,0.00340794,0.00000000,0.25731683,0.00702565,0.02646039,0.06493201,0.01197120,0.14200283
2.10405203,1.22061022,0.00328809,0.00000000,0.25146423,0.00685146,0.02557665,0.06382668,0.01166250,0.13883992
2.11005503,1.18340659,0.00317708,0.00000000,0.24614660,0.00668133,0.02458544,0.06262117,0.01141715,0.13572996
2.11605803,1.14784959,0.00307657,0.00000000,0.24150492,0.00652035,0.02350049,0.06136121,0.01123748,0.13275299
2.12206103,1.11460291,0.00298814,0.00000000,0.23768092,0.00637373,0.02233750,0.06009441,0.01112506,0.12999148
2.12806403,1.08433467,0.00291329,0.00000000,0.23481186,0.00624662,0.02111368,0.05886864,0.01108063,0.12752779
2.13406703,1.05769069,0.00285332,0.00000000,0.23302485,0.00614398,0.01984722,0.05773022,0.01110402,0.12544141
2.14007004,1.03526771,0.00280927,0.00000000,0.23243086,0.00607034,0.01855681,0.05672225,0.01119407,0.12380629
2.14607304,1.01758793,0.00278186,0.00000000,0.23311889,0.00602970,0.01726104,0.05588304,0.01134855,0.12268827
2.15207604,1.00507617,0.00277145,0.00000000,0.23515057,0.00602534,0.01597799,0.05524471,0.01156413,0.12214291
2.15807904,0.99804091,0.00277796,0.00000000,0.23855543,0.00605973,0.01472470,0.05483204,0.01183636,0.12221360
2.16408204,0.99665986,0.00280088,0.00000000,0.24332730,0.00613444,0.01351684,0.05466170,0.01215965,0.12293029
2.17008504,1.00097116,0.00283922,0.00000000,0.24942187,0.00625006,0.01236831,0.05474170,0.01252733,0.12430879
2.17608804,1.01087028,0.00289159,0.00000000,0.25675585,0.00640623,0.01129111,0.05507127,0.01293177,0.12635058
2.18209105,1.02611295,0.00295614,0.00000000,0.26520754,0.00660164,0.01029510,0.05564108,0.01336451,0.12904335
2.18809405,1.04632375,0.00303066,0.00000000,0.27461915,0.00683409,0.00938803,0.05643383,0.01381641,0.13236199
2.19409705,1.07101001,0.00311265,0.00000000,0.28480056,0.00710058,0.00857545,0.05742503,0.01427792,0.13627012
2.20010005,1.09958008,0.00319934,0.00000000,0.29553451,0.00739743,0.00786090,0.05858421,0.01473926,0.14072194
2.20610305,1.13136518,0.00328783,0.00000000,0.30658305,0.00772044,0.00724597,0.05987615,0.01519071,0.14566435
2.21210605,1.16564343,0.00337515,0.00000000,0.31769477,0.00806500,0.00673054,0.06126234,0.01562287,0.15103920
2.21810905,1.20166507,0.00345836,0.00000000,0.32861279,0.00842632,0.00631294,0.06270247,0.01602688,0.15678543
2.22411206,1.23867741,0.00353466,0.00000000,0.33908284,0.00879953,0.00599021,0.06415589,0.01639469,0.16284109
2.23011506,1.27594846,0.00360147,0.00000000,0.34886125,0.00917983,0.00575831,0.06558301,0.01671922,0.16914502
2.23611806,1.31278800,0.00365649,0.00000000,0.35772252,0.00956267,0.00561233,0.06694648,0.01699456,0.17563816
2.24212106,1.34856529,0.00369780,0.00000000,0.36546591,0.00994381,0.00554671,0.06821227,0.01721606,0.18226438
2.24812406,1.38272274,0.00372392,0.00000000,0.37192110,0.01031941,0.00555539,0.06935042,0.01738038,0.18897082
2.25412706,1.41478509,0.00373381,0.00000000,0.37695237,0.01068611,0.00563196,0.07033562,0.01748553,0.19570777
2.26013007,1.44436401,0.00372692,0.00000000,0.38046141,0.01104102,0.00576980,0.07114746,0.01753081,0.20242805
2.26613307,1.47115828,0.00370318,0.00000000,0.38238858,0.01138171,0.00596217,0.07177044,0.01751675,0.20908613
2.27213607,1.49494987,0.00366300,0.00000000,0.38271262,0.01170622,0.00620226,0.07219378,0.01744497,0.21563690
2.27813907,1.51559672,0.00360722,0.00000000,0.38144900,0.01201295,0.00648329,0.07241103,0.01731807,0.22203446
2.28414207,1.53302284,0.00353705,0.00000000,0.37864698,0.01230063,0.00679848,0.07241951,0.01713940,0.22823076
2.29014507,1.54720674,0.00345408,0.00000000,0.37438563,0.01256822,0.00714115,0.07221971,0.01691296,0.23417461
2.29614807,1.55816909,0.00336012,0.00000000,0.36876914,0.01281487,0.00750471,0.07181457,0.01664318,0.23981083
2.30215108,1.56596050,0.00325722,0.00000000,0.36192150,0.01303978,0.00788267,0.07120888,0.01633479,0.24507993
2.30815408,1.57065034,0.00314751,0.00000000,0.35398112,0.01324218,0.00826869,0.07040867,0.01599266,0.24991815
2.31415708,1.57231720,0.00303321,0.00000000,0.34509538,0.01342127,0.00865661,0.06942070,0.01562172,0.25425816
2.32016008,1.57104151,0.00291652,0.00000000,0.33541554,0.01357618,0.00904047,0.06825210,0.01522681,0.25803020
2.32616308,1.56690072,0.00279956,0.00000000,0.32509209,0.01370594,0.00941455,0.06691018,0.01481271,0.26116372
2.33216608,1.55996707,0.00268434,0.00000000,0.31427076,0.01380952,0.00977341,0.06540229,0.01438403,0.26358945
2.33816908,1.55030788,0.00257270,0.00000000,0.30308933,0.01388581,0.01011196,0.06373587,0.01394528,0.26524179
2.34417209,1.53798818,0.00246630,0.00000000,0.29167511,0.01393368,0.01042546,0.06191864,0.01350084,0.26606128
2.35017509,1.52307521,0.00236662,0.00000000,0.28014328,0.01395204,0.01070960,0.05995883,0.01305503,0.26599720
2.35617809,1.50564432,0.00227492,0.00000000,0.26859605,0.01393986,0.01096053,0.05786542,0.01261213,0.26500996
2.36218109,1.48578580,0.00219226,0.00000000,0.25712233,0.01389628,0.01117489,0.05564846,0.01217647,0.26307319
2.36818409,1.46361192,0.00211954,0.00000000,0.24579813,0.01382063,0.01134984,0.05331935,0.01175246,0.26017555
2.37418709,1.43926385,0.00205751,0.00000000,0.23468735,0.01371253,0.01148307,0.05089100,0.01134463,0.25632187
2.38019010,1.41291783,0.00200681,0.00000000,0.22384294,0.01357193,0.01157285,0.04837802,0.01095766,0.25153382
2.38619310,1.38479021,0.00196796,0.00000000,0.21330832,0.01339915,0.01161801,0.04579666,0.01059641,0.24584997
2.39219610,1.35514105,0.00194148,0.00000000,0.20311881,0.01319491,0.01161793,0.04316478,0.01026589,0.23932516
2.39819910,1.32427605,0.00192785,0.00000000,0.19330328,0.01296038,0.01157256,0.04050164,0.00997124,0.23202941
2.40420210,1.29254661,0.00192756,0.00000000,0.18388552,0.01269716,0.01148241,0.03782758,0.00971771,0.22404622
2.41020510,1.26034790,0.00194117,0.00000000,0.17488565,0.01240730,0.01134851,0.03516363,0.00951050,0.21547049
2.41620810,1.22811503,0.00196927,0.00000000,0.16632126,0.01209327,0.01117240,0.03253110,0.00935474,0.20640615
2.42221111,1.19631726,0.00201252,0.00000000,0.15820837,0.01175793,0.01095611,0.02995105,0.00925535,0.19696354
2.42821411,1.16545030,0.00207166,0.00000000,0.15056207,0.01140452,0.01070213,0.02744382,0.00921688,0.18725667
2.43421711,1.13602697,0.00214745,0.00000000,0.14339699,0.01103654,0.01041334,0.02502855,0.00924337,0.17740059
2.44022011,1.10856616,0.00224068,0.00000000,0.13672743,0.01065775,0.01009302,0.02272274,0.00933818,0.16750876
2.44622311,1.08358049,0.00235212,0.00000000,0.13056723,0.01027207,0.00974474,0.02054185,0.00950384,0.15769067
2.45222611,1.06156287,0.00248248,0.00000000,0.12492942,0.00988351,0.00937234,0.01849904,0.00974183,0.14804967
2.45822911,1.04297221,0.00263233,0.00000000,0.11982563,0.00949605,0.00897985,0.01660494,0.01005250,0.13868111
2.46423212,1.02821871,0.00280207,0.00000000,0.11526534,0.00911360,0.00857144,0.01486752,0.01043482,0.12967078
2.47023512,1.01764926,0.00299184,0.00000000,0.11125492,0.00873987,0.00815130,0.01329207,0.01088636,0.12109371
2.47623812,1.01153324,0.00320145,0.00000000,0.10779668,0.00837827,0.00772362,0.01188125,0.01140309,0.11301326
2.48224112,1.01004943,0.00343036,0.00000000,0.10488780,0.00803188,0.00729246,0.01063519,0.01197943,0.10548054
2.48824412,1.01327461,0.00367758,0.00000000,0.10251940,0.00770330,0.00686170,0.00955171,0.01260814,0.09853415
2.49424712,1.02117425,0.00394163,0.00000000,0.10067560,0.00739464,0.00643499,0.00862650,0.01328042,0.09220015
2.50025013,1.03359610,0.00422053,0.00000000,0.09933288,0.00710741,0.00601564,0.00785344,0.01398599,0.08649235
2.50625313,1.05026695,0.00451180,0.00000000,0.09845956,0.00684257,0.00560660,0.00722484,0.01471322,0.08141279
2.51225613,1.07079310,0.00481240,0.00000000,0.09801564,0.00660043,0.00521041,0.00673174,0.01544936,0.07695245
2.51825913,1.09466484,0.00511883,0.00000000,0.09795293,0.00638069,0.00482920,0.00636422,0.01618078,0.07309219
2.52426213,1.12126489,0.00542714,0.00000000,0.09821558,0.00618250,0.00446462,0.00611165,0.01689328,0.06980377
2.53026513,1.14988104,0.00573300,0.00000000,0.09874086,0.00600446,0.00411792,0.00596297,0.01757244,0.06705117
2.53626813,1.17972255,0.00603179,0.00000000,0.09946043,0.00584472,0.00378989,0.00590697,0.01820394,0.06479192
2.54227114,1.20993996,0.00631872,0.00000000,0.10030176,0.00570107,0.00348095,0.00593249,0.01877403,0.06297860
2.54827414,1.23964781,0.00658892,0.00000000,0.10118997,0.00557102,0.00319117,0.00602865,0.01926980,0.06156047
2.55427714,1.26794947,0.00683757,0.00000000,0.10204970,0.00545195,0.00292031,0.00618509,0.01967962,0.06048507
2.56028014,1.29396313,0.00706006,0.00000000,0.10280723,0.00534119,0.00266787,0.00639212,0.01999346,0.05969991
2.56628314,1.31684825,0.00725209,0.00000000,0.10339255,0.00523616,0.00243318,0.00664096,0.02020313,0.05915413
2.57228614,1.33583119,0.00740980,0.00000000,0.10374143,0.00513448,0.00221540,0.00692388,0.02030258,0.05880012
2.57828914,1.35022928,0.00752989,0.00000000,0.10379722,0.00503408,0.00201361,0.00723438,0.02028798,0.05859500
2.58429215,1.35947220,0.00760971,0.00000000,0.10351259,0.00493326,0.00182686,0.00756734,0.02015791,0.05850201
2.59029515,1.36311994,0.00764737,0.00000000,0.10285083,0.00483083,0.00165418,0.00791914,0.01991328,0.05849166
2.59629815,1.36087665,0.00764174,0.00000000,0.10178685,0.00472610,0.00149464,0.00828779,0.01955733,0.05854270
2.60230115,1.35259971,0.00759254,0.00000000,0.10030777,0.00461892,0.00134735,0.00867300,0.01909548,0.05864273
2.60830415,1.33830376,0.00750031,0.00000000,0.09841309,0.00450973,0.00121149,0.00907617,0.01853514,0.05878862
2.61430715,1.31815959,0.00736640,0.00000000,0.09611447,0.00439950,0.00108633,0.00950044,0.01788543,0.05898644
2.62031016,1.29248774,0.00719293,0.00000000,0.09343504,0.00428970,0.00097123,0.00995054,0.01715691,0.05925118
2.62631316,1.26174738,0.00698275,0.00000000,0.09040844,0.00418226,0.00086561,0.01043269,0.01636126,0.05960601
2.63231616,1.22652059,0.00673930,0.00000000,0.08707750,0.00407946,0.00076899,0.01095436,0.01551092,0.06008123
2.63831916,1.18749292,0.00646655,0.00000000,0.08349263,0.00398387,0.00068096,0.01152402,0.01461870,0.06071282
2.64432216,1.14543088,0.00616887,0.00000000,0.07971014,0.00389819,0.00060118,0.01215073,0.01369754,0.06154078
2.65032516,1.10115723,0.00585092,0.00000000,0.07579035,0.00382520,0.00052937,0.01284374,0.01276010,0.06260716
2.65632816,1.05552501,0.00551751,0.00000000,0.07179578,0.00376757,0.00046533,0.01361202,0.01181851,0.06395385
2.66233117,1.00939137,0.00517351,0.00000000,0.06778930,0.00372780,0.00040892,0.01446375,0.01088411,0.06562039
2.66833417,0.96359205,0.00482370,0.00000000,0.06383252,0.00370804,0.00036008,0.01540577,0.00996728,0.06764164
2.67433717,0.91891752,0.00447269,0.00000000,0.05998426,0.00371004,0.00031882,0.01644303,0.00907725,0.07004554
2.68034017,0.87609167,0.00412479,0.00000000,0.05629933,0.00373504,0.00028525,0.01757813,0.00822198,0.07285114
2.68634317,0.83575371,0.00378399,0.00000000,0.05282758,0.00378365,0.00025962,0.01881086,0.00740817,0.07606676
2.69234617,0.79844394,0.00345385,0.00000000,0.04961324,0.00385586,0.00024227,0.02013784,0.00664118,0.07968868
2.69834917,0.76459387,0.00313748,0.00000000,0.04669461,0.00395097,0.00023375,0.02155225,0.00592508,0.08370018
2.70435218,0.73452089,0.00283750,0.00000000,0.04410400,0.00406759,0.00023475,0.02304374,0.00526273,0.08807120
2.71035518,0.70842764,0.00255604,0.00000000,0.04186802,0.00420366,0.00024619,0.02459846,0.00465586,0.09275856
2.71635818,0.68640597,0.00229476,0.00000000,0.04000816,0.00435653,0.00026921,0.02619925,0.00410519,0.09770678
2.72236118,0.66844503,0.00205486,0.00000000,0.03854146,0.00452299,0.00030522,0.02782597,0.00361055,0.10284957
2.72836418,0.65444326,0.00183709,0.00000000,0.03748149,0.00469938,0.00035587,0.02945606,0.00317104,0.10811186
2.73436718,0.64422338,0.00164185,0.00000000,0.03683933,0.00488176,0.00042309,0.03106520,0.00278516,0.11341233
2.74037019,0.63754969,0.00146918,0.00000000,0.03662459,0.00506598,0.00050909,0.03262802,0.00245094,0.11866644
2.74637319,0.63414679,0.00131887,0.00000000,0.03684645,0.00524788,0.00061631,0.03411905,0.00216610,0.12378963
2.75237619,0.63371873,0.00119044,0.00000000,0.03751445,0.00542340,0.00074742,0.03551356,0.00192814,0.12870076
2.75837919,0.63596757,0.00108329,0.00000000,0.03863923,0.00558879,0.00090528,0.03678852,0.00173445,0.13332545
2.76438219,0.64061049,0.00099666,0.00000000,0.04023291,0.00574068,0.00109286,0.03792347,0.00158241,0.13759930
2.77038519,0.64739452,0.00092973,0.00000000,0.04230920,0.00587625,0.00131316,0.03890125,0.00146943,0.14147066
2.77638819,0.65610810,0.00088163,0.00000000,0.04488319,0.00599331,0.00156913,0.03970873,0.00139300,0.14490296
2.78239120,0.66658914,0.00085149,0.00000000,0.04797073,0.00609038,0.00186354,0.04033724,0.00135074,0.14787633
2.78839420,0.67872886,0.00083844,0.00000000,0.05158753,0.00616676,0.00219886,0.04078290,0.00134037,0.15038852
2.79439720,0.69247172,0.00084164,0.00000000,0.05574781,0.00622246,0.00257712,0.04104667,0.00135973,0.15245499
2.80040020,0.70781122,0.00086028,0.00000000,0.06046278,0.00625826,0.00299977,0.04113422,0.00140673,0.15410815
2.80640320,0.72478221,0.00089359,0.00000000,0.06573889,0.00627561,0.00346752,0.04105557,0.00147934,0.15539587
2.81240620,0.74345021,0.00094082,0.00000000,0.07157590,0.00627653,0.00398020,0.04082456,0.00157552,0.15637922
2.81840920,0.76389856,0.00100124,0.00000000,0.07796502,0.00626352,0.00453666,0.04045812,0.00169320,0.15712961
2.82441221,0.78621444,0.00107415,0.00000000,0.08488713,0.00623942,0.00513466,0.03997547,0.00183022,0.15772555
2.83041521,0.81047475,0.00115884,0.00000000,0.09231126,0.00620725,0.00577077,0.03939715,0.00198429,0.15824909
2.83641821,0.83673295,0.00125463,0.00000000,0.10019344,0.00617012,0.00644037,0.03874415,0.00215297,0.15878216
2.84242121,0.86500786,0.00136081,0.00000000,0.10847604,0.00613103,0.00713766,0.03803699,0.00233366,0.15940310
2.84842421,0.89527545,0.00147670,0.00000000,0.11708773,0.00609276,0.00785572,0.03729486,0.00252355,0.16018347
2.85442721,0.92746407,0.00160166,0.00000000,0.12594400,0.00605779,0.00858662,0.03653492,0.00271969,0.16118533
2.86043022,0.96145387,0.00173507,0.00000000,0.13494853,0.00602820,0.00932163,0.03577179,0.00291899,0.16245917
2.86643322,0.99708029,0.00187635,0.00000000,0.14399513,0.00600563,0.01005139,0.03501713,0.00311828,0.16404244
2.87243622,1.03414175,0.00202505,0.00000000,0.15297039,0.00599122,0.01076626,0.03427948,0.00331436,0.16595898
2.87843922,1.07241077,0.00218080,0.00000000,0.16175692,0.00598567,0.01145657,0.03356429,0.00350409,0.16821908
2.88444222,1.11164797,0.00234340,0.00000000,0.17023703,0.00598925,0.01211296,0.03287413,0.00368451,0.17082029
2.89044522,1.15161782,0.00251279,0.00000000,0.17829670,0.00600186,0.01272679,0.03220905,0.00385287,0.17374888
2.89644822,1.19210492,0.00268912,0.00000000,0.18582966,0.00602313,0.01329043,0.03156707,0.00400679,0.17698173
2.90245123,1.23292955,0.00287270,0.00000000,0.19274139,0.00605248,0.01379759,0.03094477,0.00414435,0.18048857
2.90845423,1.27396105,0.00306404,0.00000000,0.19895282,0.00608924,0.01424364,0.03033795,0.00426412,0.18423446
2.91445723,1.31512787,0.00326384,0.00000000,0.20440351,0.00613273,0.01462581,0.02974221,0.00436532,0.18818217
2.92046023,1.35642315,0.00347291,0.00000000,0.20905414,0.00618235,0.01494335,0.02915360,0.00444777,0.19229448
2.92646323,1.39790507,0.00369214,0.00000000,0.21288818,0.00623765,0.01519760,0.02856910,0.00451202,0.19653609
2.93246623,1.43969144,0.00392244,0.00000000,0.21591255,0.00629838,0.01539199,0.02798703,0.00455928,0.20087517
2.93846923,1.48194858,0.00416465,0.00000000,0.21815733,0.00636451,0.01553194,0.02740731,0.00459142,0.20528437
2.94447224,1.52487475,0.00441946,0.00000000,0.21967431,0.00643622,0.01562461,0.02683160,0.00461090,0.20974129
2.95047524,1.56867893,0.00468728,0.00000000,0.22053469,0.00651388,0.01567864,0.02626327,0.00462072,0.21422835
2.95647824,1.61355616,0.00496817,0.00000000,0.22082578,0.00659801,0.01570380,0.02570722,0.00462425,0.21873227
2.96248124,1.65966093,0.00526173,0.00000000,0.22064701,0.00668922,0.01571054,0.02516962,0.00462519,0.22324301
2.96848424,1.70708029,0.00556699,0.00000000,0.22010540,0.00678809,0.01570951,0.02465755,0.00462734,0.22775246
2.97448724,1.75580866,0.00588239,0.00000000,0.21931070,0.00689511,0.01571114,0.02417850,0.00463452,0.23225293
2.98049025,1.80572605,0.00620567,0.00000000,0.21837051,0.00701061,0.01572510,0.02373999,0.00465038,0.23673567
2.98649325,1.85658169,0.00653391,0.00000000,0.21738556,0.00713464,0.01575992,0.02334908,0.00467830,0.24118944
2.99249625,1.90798427,0.00686349,0.00000000,0.21644545,0.00726692,0.01582257,0.02301199,0.00472125,0.24559943
2.99849925,1.95940030,0.00719019,0.00000000,0.21562510,0.00740681,0.01591819,0.02273376,0.00478169,0.24994652
3.00450225,2.01016103,0.00750923,0.00000000,0.21498209,0.00755324,0.01604987,0.02251807,0.00486156,0.25420708
3.01050525,2.05947822,0.00781541,0.00000000,0.21455495,0.00770480,0.01621857,0.02236713,0.00496218,0.25835329
3.01650825,2.10646855,0.00810323,0.00000000,0.21436270,0.00785966,0.01642315,0.02228176,0.00508436,0.26235406
3.02251126,2.15018555,0.00836712,0.00000000,0.21440544,0.00801573,0.01666053,0.02226156,0.00522840,0.26617653
3.02851426,2.18965794,0.00860157,0.00000000,0.21466613,0.00817071,0.01692596,0.02230527,0.00539424,0.26978796
3.03451726,2.22393232,0.00880135,0.00000000,0.21511342,0.00832219,0.01721341,0.02241116,0.00558160,0.27315816
3.04052026,2.25211826,0.00896175,0.00000000,0.21570531,0.00846780,0.01751602,0.02257760,0.00579020,0.27626201
3.04652326,2.27343327,0.00907872,0.00000000,0.21639359,0.00860531,0.01782669,0.02280366,0.00601994,0.27908217
3.05252626,2.28724546,0.00914904,0.00000000,0.21712863,0.00873282,0.01813865,0.02308968,0.00627117,0.28161164
3.05852926,2.29311120,0.00917054,0.00000000,0.21786438,0.00884884,0.01844606,0.02343793,0.00654494,0.28385606
3.06453227,2.29080602,0.00914210,0.00000000,0.21856323,0.00895240,0.01874464,0.02385315,0.00684324,0.28583549
3.07053527,2.28034661,0.00906381,0.00000000,0.21920054,0.00904318,0.01903217,0.02434299,0.00716922,0.28758562
3.07653827,2.26200278,0.00893695,0.00000000,0.21976832,0.00912155,0.01930902,0.02491835,0.00752736,0.28915819
3.08254127,2.23629840,0.00876398,0.00000000,0.22027813,0.00918857,0.01957848,0.02559360,0.00792364,0.29062048
3.08854427,2.20400110,0.00854845,0.00000000,0.22076279,0.00924601,0.01984701,0.02638650,0.00836559,0.29205396
3.09454727,2.16610095,0.00829495,0.00000000,0.22127683,0.00929628,0.02012432,0.02731803,0.00886222,0.29355192
3.10055028,2.12377905,0.00800887,0.00000000,0.22189552,0.00934235,0.02042331,0.02841190,0.00942401,0.29521628
3.10655328,2.07836731,0.00769632,0.00000000,0.22271266,0.00938764,0.02075981,0.02969394,0.01006260,0.29715351
3.11255628,2.03130119,0.00736388,0.00000000,0.22383699,0.00943581,0.02115215,0.03119120,0.01079053,0.29946995
3.11855928,1.98406754,0.00701838,0.00000000,0.22538742,0.00949064,0.02162062,0.03293088,0.01162082,0.30226667
3.12456228,1.93814988,0.00666674,0.00000000,0.22748740,0.00955581,0.02218666,0.03493908,0.01256644,0.30563404
3.13056528,1.89497345,0.00631571,0.00000000,0.23025848,0.00963470,0.02287210,0.03723945,0.01363973,0.30964632
3.13656828,1.85585261,0.00597172,0.00000000,0.23381356,0.00973018,0.02369812,0.03985174,0.01485172,0.31435650
3.14257129,1.82194263,0.00564068,0.00000000,0.23825009,0.00984444,0.02468429,0.04279031,0.01621146,0.31979176
3.14857429,1.79419817,0.00532786,0.00000000,0.24364349,0.00997883,0.02584756,0.04606272,0.01772524,0.32594958
3.15457729,1.77333995,0.00503776,0.00000000,0.25004137,0.01013371,0.02720120,0.04966835,0.01939600,0.33279504
3.16058029,1.75983111,0.00477405,0.00000000,0.25745857,0.01030834,0.02875391,0.05359732,0.02122258,0.34025923
3.16658329,1.75386394,0.00453954,0.00000000,0.26587361,0.01050089,0.03050901,0.05782949,0.02319923,0.34823910
3.17258629,1.75535766,0.00433615,0.00000000,0.27522657,0.01070835,0.03246380,0.06233394,0.02531520,0.35659873
3.17858929,1.76396690,0.00416493,0.00000000,0.28541861,0.01092665,0.03460909,0.06706867,0.02755443,0.36517217
3.18459230,1.77910047,0.00402616,0.00000000,0.29631331,0.01115073,0.03692897,0.07198080,0.02989552,0.37376760
3.19059530,1.79994937,0.00391938,0.00000000,0.30773969,0.01137465,0.03940092,0.07700718,0.03231183,0.38217289
3.19659830,1.82552275,0.00384350,0.00000000,0.31949689,0.01159184,0.04199600,0.08207541,0.03477187,0.39016221
3.20260130,1.85468987,0.00379693,0.00000000,0.33136025,0.01179525,0.04467953,0.08710536,0.03723985,0.39750359
3.20860430,1.88622637,0.00377766,0.00000000,0.34308866,0.01197765,0.04741182,0.09201108,0.03967650,0.40396687
3.21460730,1.91886245,0.00378337,0.00000000,0.35443271,0.01213185,0.05014924,0.09670301,0.04204003,0.40933199
3.22061031,1.95133106,0.00381158,0.00000000,0.36514335,0.01225097,0.05284547,0.10109052,0.04428733,0.41339702
3.22661331,1.98241368,0.00385970,0.00000000,0.37498060,0.01232871,0.05545283,0.10508463,0.04637516,0.41598560
3.23261631,2.01098190,0.00392514,0.00000000,0.38372196,0.01235959,0.05792378,0.10860080,0.04826156,0.41695358
3.23861931,2.03603309,0.00400537,0.00000000,0.39117008,0.01233910,0.06021233,0.11156165,0.04990718,0.41619435
3.24462231,2.05671866,0.00409796,0.00000000,0.39715930,0.01226396,0.06227551,0.11389957,0.05127657,0.41364270
3.25062531,2.07236398,0.00420063,0.00000000,0.40156092,0.01213216,0.06407467,0.11555903,0.05233940,0.40927707
3.25662831,2.08247950,0.00431124,0.00000000,0.40428673,0.01194307,0.06557666,0.11649853,0.05307150,0.40312007
3.26263132,2.08676305,0.00442778,0.00000000,0.40529096,0.01169745,0.06675472,0.11669203,0.05345570,0.39523716
3.26863432,2.08509361,0.00454839,0.00000000,0.40457036,0.01139743,0.06758919,0.11612993,0.05348240,0.38573373
3.27463732,2.07751765,0.00467128,0.00000000,0.40216269,0.01104639,0.06806791,0.11481939,0.05314988,0.37475077
3.28064032,2.06422915,0.00479475,0.00000000,0.39814355,0.01064887,0.06818632,0.11278407,0.05246433,0.36245914
3.28664332,2.04554490,0.00491712,0.00000000,0.39262198,0.01021037,0.06794733,0.11006332,0.05143961,0.34905306
3.29264632,2.02187688,0.00503670,0.00000000,0.38573502,0.00973718,0.06736080,0.10671083,0.05009666,0.33474296
3.29864932,1.99370344,0.00515179,0.00000000,0.37764154,0.00923613,0.06644299,0.10279276,0.04846279,0.31974809
3.30465233,1.96154112,0.00526064,0.00000000,0.36851575,0.00871441,0.06521561,0.09838550,0.04657066,0.30428934
3.31065533,1.92591873,0.00536146,0.00000000,0.35854068,0.00817930,0.06370490,0.09357323,0.04445714,0.28858244
3.31665833,1.88735503,0.00545243,0.00000000,0.34790199,0.00763800,0.06194053,0.08844519,0.04216213,0.27283202
3.32266133,1.84634102,0.00553174,0.00000000,0.33678234,0.00709740,0.05995457,0.08309297,0.03972724,0.25722658
3.32866433,1.80332754,0.00559759,0.00000000,0.32535657,0.00656394,0.05778039,0.07760790,0.03719457,0.24193464
3.33466733,1.75871834,0.00564831,0.00000000,0.31378781,0.00604346,0.05545171,0.07207851,0.03460549,0.22710209
3.34067034,1.71286850,0.00568234,0.00000000,0.30222465,0.00554111,0.05300174,0.06658834,0.03199959,0.21285081
3.34667334,1.66608771,0.00569836,0.00000000,0.29079924,0.00506128,0.05046247,0.06121399,0.02941372,0.19927845
3.35267634,1.61864754,0.00569533,0.00000000,0.27962645,0.00460755,0.04786413,0.05602368,0.02688128,0.18645924
3.35867934,1.57079163,0.00567254,0.00000000,0.26880384,0.00418273,0.04523476,0.05107606,0.02443161,0.17444573
3.36468234,1.52274775,0.00562968,0.00000000,0.25841235,0.00378886,0.04259998,0.04641954,0.02208966,0.16327119
3.37068534,1.47474048,0.00556688,0.00000000,0.24851753,0.00342727,0.03998290,0.04209201,0.01987579,0.15295254
3.37668834,1.42700332,0.00548473,0.00000000,0.23917116,0.00309867,0.03740415,0.03812095,0.01780579,0.14349342
3.38269135,1.37978936,0.00538432,0.00000000,0.23041300,0.00280320,0.03488193,0.03452380,0.01589101,0.13488747
3.38869435,1.33337963,0.00526719,0.00000000,0.22227261,0.00254055,0.03243225,0.03130870,0.01413867,0.12712136
3.39469735,1.28808866,0.00513534,0.00000000,0.21477117,0.00231007,0.03006907,0.02847547,0.01255224,0.12017764
3.40070035,1.24426680,0.00499117,0.00000000,0.20792295,0.00211080,0.02780455,0.02601662,0.01113186,0.11403707
3.40670335,1.20229948,0.00483747,0.00000000,0.20173672,0.00194162,0.02564922,0.02391865,0.00987489,0.10868065
3.41270635,1.16260330,0.00467729,0.00000000,0.19621678,0.00180129,0.02361216,0.02216326,0.00877636,0.10409098
3.41870935,1.12561955,0.00451392,0.00000000,0.19136379,0.00168854,0.02170111,0.02072863,0.00782952,0.10025320
3.42471236,1.09180547,0.00435080,0.00000000,0.18717534,0.00160207,0.01992257,0.01959058,0.00702623,0.09715542
3.43071536,1.06162385,0.00419143,0.00000000,0.18364635,0.00154065,0.01828180,0.01872375,0.00635746,0.09478863
3.43671836,1.03553156,0.00403931,0.00000000,0.18076929,0.00150311,0.01678284,0.01810256,0.00581355,0.09314631
3.44272136,1.01396753,0.00389782,0.00000000,0.17853432,0.00148834,0.01542846,0.01770207,0.00538460,0.09222368
3.44872436,0.99734064,0.00377021,0.00000000,0.17692937,0.00149532,0.01422007,0.01749867,0.00506062,0.09201664
3.45472736,0.98601801,0.00365951,0.00000000,0.17594015,0.00152309,0.01315773,0.01747060,0.00483175,0.09252064
3.46073037,0.98031392,0.00356845,0.00000000,0.17555023,0.00157073,0.01223997,0.01759830,0.00468834,0.09372938
3.46673337,0.98047964,0.00349942,0.00000000,0.17574106,0.00163737,0.01146386,0.01786464,0.00462105,0.09563346
3.47273637,0.98669434,0.00345445,0.00000000,0.17649201,0.00172210,0.01082490,0.01825483,0.00462081,0.09821913
3.47873937,0.99905714,0.00343513,0.00000000,0.17778044,0.00182402,0.01031709,0.01875642,0.00467890,0.10146707
3.48474237,1.01758052,0.00344259,0.00000000,0.17958173,0.00194215,0.00993297,0.01935892,0.00478684,0.10535129
3.49074537,1.04218502,0.00347749,0.00000000,0.18186935,0.00207541,0.00966371,0.02005353,0.00493641,0.10983828
3.49674837,1.07269550,0.00353996,0.00000000,0.18461480,0.00222265,0.00949926,0.02083262,0.00511963,0.11488631
3.50275138,1.10883902,0.00362960,0.00000000,0.18778769,0.00238257,0.00942858,0.02168926,0.00532867,0.12044503
3.50875438,1.15024447,0.00374545,0.00000000,0.19135563,0.00255373,0.00943979,0.02261667,0.00555588,0.12645534
3.51475738,1.19644425,0.00388602,0.00000000,0.19528423,0.00273456,0.00952050,0.02360769,0.00579381,0.13284959
3.52076038,1.24687815,0.00404928,0.00000000,0.19953706,0.00292334,0.00965802,0.02465432,0.00603517,0.13955206
3.52676338,1.30089955,0.00423264,0.00000000,0.20407562,0.00311822,0.00983970,0.02574729,0.00627296,0.14647979
3.53276638,1.35778412,0.00443307,0.00000000,0.20885936,0.00331725,0.01005318,0.02687571,0.00650045,0.15354373
3.53876938,1.41674107,0.00464704,0.00000000,0.21384576,0.00351834,0.01028667,0.02802688,0.00671129,0.16065019
3.54477239,1.47692686,0.00487068,0.00000000,0.21899047,0.00371937,0.01052921,0.02918618,0.00689961,0.16770252
3.55077539,1.53746121,0.00509980,0.00000000,0.22424751,0.00391817,0.01077087,0.03033717,0.00706011,0.17460304
3.55677839,1.59744501,0.00532999,0.00000000,0.22956956,0.00411256,0.01100294,0.03146173,0.00718814,0.18125508
3.56278139,1.65597982,0.00555676,0.00000000,0.23490835,0.00430042,0.01121804,0.03254043,0.00727979,0.18756518
3.56878439,1.71218819,0.00577560,0.00000000,0.24021509,0.00447967,0.01141021,0.03355295,0.00733200,0.19344521
3.57478739,1.76523429,0.00598216,0.00000000,0.24544095,0.00464837,0.01157489,0.03447864,0.00734259,0.19881447
3.58079040,1.81434393,0.00617233,0.00000000,0.25053764,0.00480472,0.01170894,0.03529713,0.00731031,0.20360164
3.58679340,1.85882324,0.00634237,0.00000000,0.25545792,0.00494711,0.01181048,0.03598900,0.00723488,0.20774648
3.59279640,1.89807535,0.00648899,0.00000000,0.26015625,0.00507412,0.01187880,0.03653646,0.00711695,0.21120121
3.59879940,1.93161404,0.00660951,0.00000000,0.26458927,0.00518460,0.01191419,0.03692395,0.00695809,0.21393158
3.60480240,1.95907413,0.00670186,0.00000000,0.26871638,0.00527765,0.01191771,0.03713878,0.00676069,0.21591750
3.61080540,1.98021784,0.00676466,0.00000000,0.27250025,0.00535264,0.01189102,0.03717155,0.00652795,0.21715323
3.61680840,1.99493686,0.00679723,0.00000000,0.27590720,0.00540922,0.01183613,0.03701662,0.00626368,0.21764712
3.62281141,2.00325020,0.00679962,0.00000000,0.27890763,0.00544733,0.01175522,0.03667226,0.00597226,0.21742096
3.62881441,2.00529763,0.00677254,0.00000000,0.28147623,0.00546717,0.01165044,0.03614082,0.00565847,0.21650885
3.63481741,2.00132925,0.00671733,0.00000000,0.28359219,0.00546923,0.01152377,0.03542864,0.00532736,0.21495570
3.64082041,1.99169143,0.00663587,0.00000000,0.28523931,0.00545421,0.01137692,0.03454588,0.00498411,0.21281549
3.64682341,1.97680995,0.00653048,0.00000000,0.28640590,0.00542306,0.01121125,0.03350618,0.00463392,0.21014918
3.65282641,1.95717094,0.00640386,0.00000000,0.28708469,0.00537689,0.01102776,0.03232620,0.00428190,0.20702251
3.65882941,1.93330059,0.00625890,0.00000000,0.28727259,0.00531697,0.01082710,0.03102511,0.00393293,0.20350370
3.66483242,1.90574447,0.00609864,0.00000000,0.28697030,0.00524468,0.01060966,0.02962400,0.00359164,0.19966114
3.67083542,1.87504731,0.00592610,0.00000000,0.28618191,0.00516145,0.01037565,0.02814522,0.00326234,0.19556120
3.67683842,1.84173430,0.00574420,0.00000000,0.28491448,0.00506877,0.01012529,0.02661174,0.00294897,0.19126618
3.68284142,1.80629449,0.00555570,0.00000000,0.28317748,0.00496809,0.00985890,0.02504656,0.00265513,0.18683252
3.68884442,1.76916712,0.00536306,0.00000000,0.28098240,0.00486079,0.00957711,0.02347213,0.00238412,0.18230935
3.69484742,1.73073140,0.00516845,0.00000000,0.27834235,0.00474819,0.00928101,0.02190987,0.00213893,0.17773736
3.70085043,1.69129998,0.00497369,0.00000000,0.27527181,0.00463146,0.00897231,0.02037975,0.00192240,0.17314817
3.70685343,1.65111658,0.00478022,0.00000000,0.27178653,0.00451166,0.00865352,0.01890000,0.00173722,0.16856400
3.71285643,1.61035750,0.00458914,0.00000000,0.26790365,0.00438965,0.00832797,0.01748695,0.00158613,0.16399790
3.71885943,1.56913696,0.00440121,0.00000000,0.26364207,0.00426618,0.00800002,0.01615490,0.00147196,0.15945435
3.72486243,1.52751595,0.00421688,0.00000000,0.25902300,0.00414181,0.00767502,0.01491618,0.00139778,0.15493021
3.73086543,1.48551392,0.00403634,0.00000000,0.25407078,0.00401697,0.00735937,0.01378123,0.00136702,0.15041610
3.73686843,1.44312282,0.00385959,0.00000000,0.24881389,0.00389199,0.00706051,0.01275886,0.00138358,0.14589795
3.74287144,1.40032247,0.00368648,0.00000000,0.24328610,0.00376710,0.00678684,0.01185644,0.00145189,0.14135882
3.74887444,1.35709677,0.00351678,0.00000000,0.23752768,0.00364249,0.00654767,0.01108021,0.00157703,0.13678080
3.75487744,1.31344950,0.00335023,0.00000000,0.23158661,0.00351833,0.00635307,0.01043563,0.00176475,0.13214694
3.76088044,1.26941914,0.00318657,0.00000000,0.22551965,0.00339482,0.00621378,0.00992764,0.00202144,0.12744308
3.76688344,1.22509184,0.00302564,0.00000000,0.21939320,0.00327225,0.00614098,0.00956098,0.00235418,0.12265956
3.77288644,1.18061172,0.00286736,0.00000000,0.21328383,0.00315100,0.00614616,0.00934042,0.00277058,0.11779270
3.77888944,1.13618822,0.00271176,0.00000000,0.20727836,0.00303159,0.00624085,0.00927092,0.00327868,0.11284595
3.78489245,1.09209981,0.00255903,0.00000000,0.20147350,0.00291470,0.00643644,0.00935776,0.00388679,0.10783067
3.79089545,1.04869403,0.00240952,0.00000000,0.19597493,0.00280117,0.00674391,0.00960657,0.00460325,0.10276667
3.79689845,1.00638383,0.00226368,0.00000000,0.19089579,0.00269202,0.00717358,0.01002323,0.00543615,0.09768217
3.80290145,0.96564032,0.00212214,0.00000000,0.18635474,0.00258843,0.00773486,0.01061373,0.00639303,0.09261351
3.80890445,0.92698228,0.00198562,0.00000000,0.18247342,0.00249172,0.00843593,0.01138395,0.00748052,0.08760451
3.81490745,0.89096303,0.00185494,0.00000000,0.17937357,0.00240332,0.00928356,0.01233935,0.00870400,0.08270540
3.82091046,0.85815513,0.00173101,0.00000000,0.17717395,0.00232475,0.01028280,0.01348457,0.01006722,0.07797158
3.82691346,0.82913375,0.00161477,0.00000000,0.17598698,0.00225756,0.01143677,0.01482308,0.01157194,0.07346215
3.83291646,0.80445938,0.00150717,0.00000000,0.17591550,0.00220325,0.01274646,0.01635670,0.01321762,0.06923827
3.83891946,0.78466067,0.00140917,0.00000000,0.17704967,0.00216330,0.01421062,0.01808522,0.01500112,0.06536143
3.84492246,0.77021809,0.00132171,0.00000000,0.17946418,0.00213904,0.01582558,0.02000599,0.01691653,0.06189179
3.85092546,0.76154909,0.00124565,0.00000000,0.18321588,0.00213163,0.01758530,0.02211361,0.01895499,0.05888638
3.85692846,0.75899518,0.00118181,0.00000000,0.18834207,0.00214202,0.01948137,0.02439962,0.02110470,0.05639757
3.86293147,0.76281152,0.00113091,0.00000000,0.19485928,0.00217091,0.02150311,0.02685239,0.02335099,0.05447156
3.86893447,0.77315909,0.00109360,0.00000000,0.20276283,0.00221869,0.02363776,0.02945706,0.02567650,0.05314704
3.87493747,0.79009969,0.00107041,0.00000000,0.21202695,0.00228543,0.02587077,0.03219560,0.02806147,0.05245408
3.88094047,0.81359381,0.00106179,0.00000000,0.22260562,0.00237089,0.02818607,0.03504703,0.03048417,0.05241317
3.88694347,0.84350103,0.00106805,0.00000000,0.23443386,0.00247447,0.03056649,0.03798779,0.03292135,0.05303454
3.89294647,0.87958306,0.00108943,0.00000000,0.24742949,0.00259522,0.03299417,0.04099219,0.03534881,0.05431764
3.89894947,0.92150885,0.00112602,0.00000000,0.26149521,0.00273189,0.03545093,0.04403301,0.03774202,0.05625093
3.90495248,0.96886159,0.00117784,0.00000000,0.27652081,0.00288289,0.03791880,0.04708218,0.04007674,0.05881186
3.91095548,1.02114724,0.00124478,0.00000000,0.29238543,0.00304638,0.04038030,0.05011157,0.04232958,0.06196709
3.91695848,1.07780419,0.00132661,0.00000000,0.30895977,0.00322026,0.04281891,0.05309373,0.04447863,0.06567304
3.92296148,1.13821384,0.00142300,0.00000000,0.32610800,0.00340223,0.04521928,0.05600277,0.04650395,0.06987655
3.92896448,1.20171170,0.00153351,0.00000000,0.34368957,0.00358986,0.04756749,0.05881513,0.04838795,0.07451589
3.93496748,1.26759885,0.00165757,0.00000000,0.36156054,0.00378060,0.04985116,0.06151030,0.05011573,0.07952194
3.94097049,1.33515361,0.00179453,0.00000000,0.37957480,0.00397188,0.05205951,0.06407150,0.05167528,0.08481960
3.94697349,1.40364310,0.00194358,0.00000000,0.39758480,0.00416112,0.05418326,0.06648615,0.05305753,0.09032937
3.95297649,1.47233474,0.00210384,0.00000000,0.41544232,0.00434584,0.05621457,0.06874631,0.05425634,0.09596911
3.95897949,1.54050749,0.00227430,0.00000000,0.43299888,0.00452366,0.05814679,0.07084886,0.05526834,0.10165588
3.96498249,1.60746267,0.00245387,0.00000000,0.45010630,0.00469239,0.05997424,0.07279549,0.05609274,0.10730779
3.97098549,1.67253433,0.00264135,0.00000000,0.46661724,0.00485006,0.06169194,0.07459260,0.05673104,0.11284597
3.97698849,1.73509896,0.00283549,0.00000000,0.48238592,0.00499497,0.06329533,0.07625090,0.05718672,0.11819636
3.98299150,1.79458438,0.00303496,0.00000000,0.49726909,0.00512569,0.06478002,0.07778489,0.05746495,0.12329139
3.98899450,1.85047764,0.00323837,0.00000000,0.51112729,0.00524111,0.06614153,0.07921220,0.05757228,0.12807150
3.99499750,1.90233175,0.00344432,0.00000000,0.52382638,0.00534044,0.06737520,0.08055273,0.05751642,0.13248642
4.00100050,1.94977098,0.00365138,0.00000000,0.53523937,0.00542322,0.06847601,0.08182776,0.05730602,0.13649604
4.00700350,1.99249469,0.00385814,0.00000000,0.54524852,0.00548930,0.06943856,0.08305897,0.05695058,0.14007110
4.01300650,2.03027945,0.00406317,0.00000000,0.55374755,0.00553880,0.07025717,0.08426747,0.05646041,0.14319339
4.01900950,2.06297938,0.00426511,0.00000000,0.56064397,0.00557215,0.07092592,0.08547285,0.05584661,0.14585569
4.02501251,2.09052478,0.00446261,0.00000000,0.56586135,0.00558997,0.07143888,0.08669233,0.05512122,0.14806125
4.03101551,2.11291913,0.00465439,0.00000000,0.56934146,0.00559309,0.07179035,0.08793996,0.05429731,0.14982310
4.03701851,2.13023446,0.00483922,0.00000000,0.57104614,0.00558250,0.07197509,0.08922615,0.05338915,0.15116292
4.04302151,2.14260551,0.00501593,0.00000000,0.57095885,0.00555927,0.07198870,0.09055719,0.05241236,0.15210983
4.04902451,2.15022288,0.00518342,0.00000000,0.56908578,0.00552454,0.07182788,0.09193511,0.05138405,0.15269893
4.05502751,2.15332542,0.00534067,0.00000000,0.56545653,0.00547947,0.07149078,0.09335774,0.05032291,0.15296980
4.06103052,2.15219239,0.00548672,0.00000000,0.56012428,0.00542521,0.07097730,0.09481897,0.04924923,0.15296499
4.06703352,2.14713546,0.00562070,0.00000000,0.55316542,0.00536285,0.07028934,0.09630915,0.04818483,0.15272851
4.07303652,2.13849102,0.00574181,0.00000000,0.54467877,0.00529342,0.06943108,0.09781577,0.04715290,0.15230446
4.07903952,2.12661297,0.00584935,0.00000000,0.53478434,0.00521787,0.06840908,0.09932417,0.04617774,0.15173576
4.08504252,2.11186604,0.00594273,0.00000000,0.52362160,0.00513704,0.06723250,0.10081831,0.04528437,0.15106309
4.09104552,2.09461985,0.00602142,0.00000000,0.51134753,0.00505170,0.06591306,0.10228164,0.04449801,0.15032400
4.09704852,2.07524350,0.00608505,0.00000000,0.49813422,0.00496252,0.06446507,0.10369784,0.04384357,0.14955221
4.10305153,2.05410074,0.00613336,0.00000000,0.48416634,0.00487009,0.06290533,0.10505147,0.04334490,0.14877710
4.10905453,2.03154555,0.00616620,0.00000000,0.46963833,0.00477493,0.06125294,0.10632856,0.04302415,0.14802332
4.11505753,2.00791787,0.00618357,0.00000000,0.45475145,0.00467752,0.05952908,0.10751688,0.04290094,0.14731067
4.12106053,1.98353950,0.00618561,0.00000000,0.43971070,0.00457829,0.05775667,0.10860611,0.04299165,0.14665395
4.12706353,1.95870986,0.00617260,0.00000000,0.42472169,0.00447766,0.05596001,0.10958776,0.04330870,0.14606300
4.13306653,1.93370175,0.00614494,0.00000000,0.40998747,0.00437600,0.05416431,0.11045490,0.04385985,0.14554284
4.13906953,1.90875701,0.00610316,0.00000000,0.39570533,0.00427370,0.05239524,0.11120170,0.04464768,0.14509375
4.14507254,1.88408231,0.00604788,0.00000000,0.38206378,0.00417113,0.05067843,0.11182284,0.04566913,0.14471159
4.15107554,1.85984521,0.00597985,0.00000000,0.36923947,0.00406867,0.04903889,0.11231290,0.04691527,0.14438804
4.15707854,1.83617085,0.00589985,0.00000000,0.35739448,0.00396665,0.04750053,0.11266567,0.04837119,0.14411097
4.16308154,1.81313947,0.00580872,0.00000000,0.34667366,0.00386544,0.04608563,0.11287355,0.05001614,0.14386487
4.16908454,1.79078532,0.00570733,0.00000000,0.33720235,0.00376534,0.04481439,0.11292711,0.05182382,0.14363141
4.17508754,1.76909711,0.00559657,0.00000000,0.32908439,0.00366666,0.04370450,0.11281476,0.05376298,0.14339006
4.18109055,1.74802027,0.00547728,0.00000000,0.32240048,0.00356967,0.04277075,0.11252272,0.05579810,0.14311882
4.18709355,1.72746131,0.00535033,0.00000000,0.31720690,0.00347461,0.04202476,0.11203517,0.05789029,0.14279513
4.19309655,1.70729416,0.00521651,0.00000000,0.31353469,0.00338168,0.04147477,0.11133473,0.05999839,0.14239679
4.19909955,1.68736855,0.00507661,0.00000000,0.31138914,0.00329107,0.04112546,0.11040316,0.06208007,0.14190303
4.20510255,1.66751999,0.00493139,0.00000000,0.31074972,0.00320294,0.04097791,0.10922229,0.06409303,0.14129560
4.21110555,1.64758114,0.00478158,0.00000000,0.31157039,0.00311745,0.04102957,0.10777509,0.06599626,0.14055991
4.21710855,1.62739397,0.00462792,0.00000000,0.31378025,0.00303476,0.04127433,0.10604693,0.06775114,0.13968608
4.22311156,1.60682217,0.00447118,0.00000000,0.31728450,0.00295506,0.04170267,0.10402674,0.06932255,0.13866997
4.22911456,1.58576315,0.00431217,0.00000000,0.32196582,0.00287856,0.04230177,0.10170830,0.07067981,0.13751400
4.23511756,1.56415894,0.00415176,0.00000000,0.32768594,0.00280554,0.04305576,0.09909121,0.07179739,0.13622785
4.24112056,1.54200555,0.00399090,0.00000000,0.33428767,0.00273635,0.04394597,0.09618181,0.07265552,0.13482884
4.24712356,1.51936007,0.00383065,0.00000000,0.34159717,0.00267139,0.04495119,0.09299375,0.07324048,0.13334207
4.25312656,1.49634522,0.00367220,0.00000000,0.34942656,0.00261117,0.04604801,0.08954832,0.07354476,0.13180028
4.25912956,1.47315093,0.00351682,0.00000000,0.35757692,0.00255627,0.04721116,0.08587439,0.07356693,0.13024328
4.26513257,1.45003295,0.00336594,0.00000000,0.36584159,0.00250736,0.04841389,0.08200800,0.07331134,0.12871719
4.27113557,1.42730830,0.00322105,0.00000000,0.37400982,0.00246518,0.04962840,0.07799170,0.07278769,0.12727325
4.27713857,1.40534772,0.00308375,0.00000000,0.38187070,0.00243051,0.05082627,0.07387348,0.07201041,0.12596639
4.28314157,1.38456536,0.00295570,0.00000000,0.38921734,0.00240419,0.05197894,0.06970548,0.07099794,0.12485358
4.28914457,1.36540601,0.00283856,0.00000000,0.39585119,0.00238703,0.05305823,0.06554258,0.06977198,0.12399194
4.29514757,1.34833021,0.00273396,0.00000000,0.40158641,0.00237986,0.05403687,0.06144070,0.06835668,0.12343672
4.30115058,1.33379777,0.00264348,0.00000000,0.40625415,0.00238339,0.05488899,0.05745522,0.06677787,0.12323924
4.30715358,1.32225009,0.00256854,0.00000000,0.40970658,0.00239829,0.05559071,0.05363922,0.06506231,0.12344478
4.31315658,1.31409192,0.00251040,0.00000000,0.41182049,0.00242504,0.05612061,0.05004197,0.06323692,0.12409058
4.31915958,1.30967306,0.00247008,0.00000000,0.41250041,0.00246397,0.05646021,0.04670745,0.06132825,0.12520391
4.32516258,1.30927053,0.00244831,0.00000000,0.41168089,0.00251519,0.05659441,0.04367310,0.05936183,0.12680045
4.33116558,1.31307197,0.00244549,0.00000000,0.40932809,0.00257854,0.05651182,0.04096876,0.05736172,0.12888279
4.33716858,1.32116068,0.00246164,0.00000000,0.40544029,0.00265361,0.05620505,0.03861596,0.05535014,0.13143943
4.34317159,1.33350308,0.00249639,0.00000000,0.40004763,0.00273968,0.05567088,0.03662738,0.05334709,0.13444402
4.34917459,1.34993919,0.00254892,0.00000000,0.39321070,0.00283570,0.05491032,0.03500665,0.05137014,0.13785508
4.35517759,1.37017666,0.00261801,0.00000000,0.38501836,0.00294033,0.05392857,0.03374842,0.04943421,0.14161624
4.36118059,1.39378889,0.00270199,0.00000000,0.37558466,0.00305191,0.05273491,0.03283868,0.04755146,0.14565691
4.36718359,1.42021772,0.00279878,0.00000000,0.36504519,0.00316850,0.05134242,0.03225538,0.04573122,0.14989342
4.37318659,1.44878103,0.00290595,0.00000000,0.35355286,0.00328790,0.04976766,0.03196919,0.04397996,0.15423078
4.37918959,1.47868526,0.00302071,0.00000000,0.34127340,0.00340769,0.04803026,0.03194449,0.04230139,0.15856473
4.38519260,1.50904286,0.00314005,0.00000000,0.32838076,0.00352531,0.04615243,0.03214055,0.04069650,0.16278441
4.39119560,1.53889439,0.00326074,0.00000000,0.31505263,0.00363810,0.04415840,0.03251278,0.03916382,0.16677519
4.39719860,1.56723469,0.00337947,0.00000000,0.30146612,0.00374338,0.04207395,0.03301406,0.03769959,0.17042195
4.40320160,1.59304218,0.00349290,0.00000000,0.28779395,0.00383851,0.03992572,0.03359613,0.03629810,0.17361237
4.40920460,1.61531056,0.00359779,0.00000000,0.27420104,0.00392101,0.03774074,0.03421097,0.03495203,0.17624035
4.41520760,1.63308129,0.00369108,0.00000000,0.26084172,0.00398860,0.03554581,0.03481216,0.03365286,0.17820937
4.42121061,1.64547586,0.00376996,0.00000000,0.24785751,0.00403928,0.03336698,0.03535607,0.03239131,0.17943554
4.42721361,1.65172614,0.00383201,0.00000000,0.23537542,0.00407142,0.03122907,0.03580307,0.03115778,0.17985038
4.43321661,1.65120155,0.00387522,0.00000000,0.22350681,0.00408379,0.02915523,0.03611844,0.02994284,0.17940310
4.43921961,1.64343171,0.00389806,0.00000000,0.21234671,0.00407560,0.02716652,0.03627321,0.02873766,0.17806232
4.44522261,1.62812341,0.00389957,0.00000000,0.20197341,0.00404656,0.02528158,0.03624472,0.02753442,0.17581711
4.45122561,1.60517109,0.00387929,0.00000000,0.19244846,0.00399683,0.02351637,0.03601702,0.02632668,0.17267740
4.45722861,1.57466029,0.00383734,0.00000000,0.18381673,0.00392707,0.02188393,0.03558097,0.02510962,0.16867353
4.46323162,1.53686384,0.00377438,0.00000000,0.17610671,0.00383839,0.02039422,0.03493420,0.02388031,0.16385527
4.46923462,1.49223112,0.00369156,0.00000000,0.16933087,0.00373228,0.01905406,0.03408077,0.02263779,0.15829000
4.47523762,1.44137082,0.00359047,0.00000000,0.16348613,0.00361060,0.01786708,0.03303071,0.02138307,0.15206047
4.48124062,1.38502827,0.00347306,0.00000000,0.15855439,0.00347548,0.01683377,0.03179932,0.02011914,0.14526201
4.48724362,1.32405837,0.00334161,0.00000000,0.15450323,0.00332925,0.01595160,0.03040639,0.01885076,0.13799940
4.49324662,1.25939571,0.00319857,0.00000000,0.15128681,0.00317437,0.01521516,0.02887529,0.01758428,0.13038362
4.49924962,1.19202316,0.00304652,0.00000000,0.14884693,0.00301334,0.01461643,0.02723198,0.01632734,0.12252848
4.50525263,1.12294074,0.00288808,0.00000000,0.14711456,0.00284861,0.01414509,0.02550409,0.01508865,0.11454743
4.51125563,1.05313599,0.00272578,0.00000000,0.14601152,0.00268255,0.01378881,0.02371988,0.01387759,0.10655054
4.51725863,0.98355723,0.00256207,0.00000000,0.14545275,0.00251733,0.01353372,0.02190742,0.01270393,0.09864192
4.52326163,0.91509088,0.00239915,0.00000000,0.14534884,0.00235492,0.01336481,0.02009372,0.01157756,0.09091753
4.52926463,0.84854349,0.00223904,0.00000000,0.14560898,0.00219703,0.01326640,0.01830406,0.01050821,0.08346352
4.53526763,0.78462896,0.00208343,0.00000000,0.14614426,0.00204510,0.01322265,0.01656141,0.00950522,0.07635516
4.54127064,0.72396125,0.00193374,0.00000000,0.14687114,0.00190027,0.01321802,0.01488605,0.00857742,0.06965622
4.54727364,0.66705218,0.00179111,0.00000000,0.14771502,0.00176340,0.01323775,0.01329520,0.00773299,0.06341899
4.55327664,0.61431398,0.00165634,0.00000000,0.14861380,0.00163509,0.01326832,0.01180301,0.00697941,0.05768465
4.55927964,0.56606586,0.00153000,0.00000000,0.14952110,0.00151570,0.01329782,0.01042043,0.00632348,0.05248412
4.56528264,0.52254371,0.00141240,0.00000000,0.15040916,0.00140538,0.01331630,0.00915539,0.00577131,0.04783913
4.57128564,0.48391183,0.00130363,0.00000000,0.15127109,0.00130410,0.01331605,0.00801297,0.00532839,0.04376354
4.57728864,0.45027575,0.00120363,0.00000000,0.15212231,0.00121172,0.01329176,0.00699570,0.00499969,0.04026469
4.58329165,0.42169498,0.00111219,0.00000000,0.15300114,0.00112798,0.01324059,0.00610382,0.00478969,0.03734478
4.58929465,0.39819487,0.00102903,0.00000000,0.15396830,0.00105258,0.01316221,0.00533569,0.00470248,0.03500212
4.59529765,0.37977658,0.00095378,0.00000000,0.15510532,0.00098520,0.01305865,0.00468809,0.00474173,0.03323222
4.60130065,0.36642468,0.00088608,0.00000000,0.15651186,0.00092549,0.01293414,0.00415662,0.00491078,0.03202857
4.60730365,0.35811190,0.00082553,0.00000000,0.15830194,0.00087316,0.01279476,0.00373596,0.00521254,0.03138322
4.61330665,0.35480080,0.00077176,0.00000000,0.16059919,0.00082793,0.01264817,0.00342018,0.00564941,0.03128698
4.61930965,0.35644244,0.00072444,0.00000000,0.16353136,0.00078955,0.01250312,0.00320299,0.00622321,0.03172937
4.62531266,0.36297230,0.00068325,0.00000000,0.16722410,0.00075782,0.01236903,0.00307791,0.00693497,0.03269826
4.63131566,0.37430394,0.00064791,0.00000000,0.17179453,0.00073258,0.01225548,0.00303843,0.00778480,0.03417934
4.63731866,0.39032095,0.00061815,0.00000000,0.17734465,0.00071367,0.01217178,0.00307815,0.00877167,0.03615530
4.64332166,0.41086813,0.00059374,0.00000000,0.18395509,0.00070096,0.01212647,0.00319082,0.00989328,0.03860511
4.64932466,0.43574250,0.00057445,0.00000000,0.19167936,0.00069430,0.01212695,0.00337044,0.01114587,0.04150308
4.65532766,0.46468533,0.00056002,0.00000000,0.20053903,0.00069354,0.01217909,0.00361126,0.01252414,0.04481823
4.66133067,0.49737579,0.00055021,0.00000000,0.21052006,0.00069849,0.01228700,0.00390788,0.01402122,0.04851360
4.66733367,0.53342716,0.00054473,0.00000000,0.22157056,0.00070894,0.01245286,0.00425526,0.01562872,0.05254601
4.67333667,0.57238626,0.00054328,0.00000000,0.23360012,0.00072464,0.01267683,0.00464880,0.01733690,0.05686598
4.67933967,0.61373647,0.00054550,0.00000000,0.24648093,0.00074531,0.01295711,0.00508444,0.01913487,0.06141816
4.68534267,0.65690486,0.00055101,0.00000000,0.26005053,0.00077062,0.01329010,0.00555878,0.02101104,0.06614201
4.69134567,0.70127320,0.00055940,0.00000000,0.27411643,0.00080024,0.01367067,0.00606921,0.02295352,0.07097300
4.69734867,0.74619285,0.00057023,0.00000000,0.28846216,0.00083386,0.01409249,0.00661410,0.02495072,0.07584415
4.70335168,0.79100301,0.00058306,0.00000000,0.30285472,0.00087116,0.01454848,0.00719300,0.02699193,0.08068787
4.70935468,0.83505156,0.00059745,0.00000000,0.31705304,0.00091187,0.01503134,0.00780687,0.02906802,0.08543815
4.71535768,0.87771770,0.00061297,0.00000000,0.33081711,0.00095579,0.01553405,0.00845825,0.03117206,0.09003281
4.72136068,0.91843516,0.00062924,0.00000000,0.34391734,0.00100283,0.01605043,0.00915150,0.03329994,0.09441592
4.72736368,0.95671489,0.00064591,0.00000000,0.35614366,0.00105298,0.01657569,0.00989296,0.03545088,0.09854010
4.73336668,0.99216602,0.00066271,0.00000000,0.36731393,0.00110638,0.01710691,0.01069109,0.03762781,0.10236857
4.73936968,1.02451372,0.00067947,0.00000000,0.37728134,0.00116329,0.01764346,0.01155653,0.03983760,0.10587702
4.74537269,1.05361296,0.00069609,0.00000000,0.38594009,0.00122413,0.01818733,0.01250210,0.04209100,0.10905488
4.75137569,1.07945721,0.00071257,0.00000000,0.39322949,0.00128946,0.01874332,0.01354267,0.04440241,0.11190618
4.75737869,1.10218136,0.00072903,0.00000000,0.39913580,0.00135996,0.01931913,0.01469495,0.04678940,0.11444968
4.76338169,1.12205840,0.00074568,0.00000000,0.40369204,0.00143642,0.01992524,0.01597718,0.04927190,0.11671843
4.76938469,1.13948983,0.00076282,0.00000000,0.40697559,0.00151969,0.02057472,0.01740865,0.05187122,0.11875861
4.77538769,1.15498991,0.00078085,0.00000000,0.40910377,0.00161065,0.02128278,0.01900917,0.05460885,0.12062769
4.78139070,1.16916443,0.00080024,0.00000000,0.41022761,0.00171018,0.02206632,0.02079838,0.05750508,0.12239203
4.78739370,1.18268484,0.00082150,0.00000000,0.41052416,0.00181907,0.02294317,0.02279497,0.06057751,0.12412404
4.79339670,1.19625880,0.00084517,0.00000000,0.41018776,0.00193797,0.02393139,0.02501591,0.06383958,0.12589881
4.79939970,1.21059851,0.00087179,0.00000000,0.40942070,0.00206736,0.02504845,0.02747551,0.06729908,0.12779068
4.80540270,1.22638840,0.00090189,0.00000000,0.40842386,0.00220747,0.02631029,0.03018459,0.07095689,0.12986964
4.81140570,1.24425343,0.00093594,0.00000000,0.40738773,0.00235820,0.02773049,0.03314960,0.07480581,0.13219786
4.81740870,1.26472973,0.00097434,0.00000000,0.40648429,0.00251915,0.02931945,0.03637185,0.07882981,0.13482653
4.82341171,1.28823881,0.00101741,0.00000000,0.40586020,0.00268953,0.03108360,0.03984680,0.08300352,0.13779306
4.82941471,1.31506645,0.00106531,0.00000000,0.40563162,0.00286815,0.03302482,0.04356357,0.08729219,0.14111889
4.83541771,1.34534747,0.00111811,0.00000000,0.40588077,0.00305343,0.03513993,0.04750454,0.09165203,0.14480799
4.84142071,1.37905665,0.00117571,0.00000000,0.40665456,0.00324340,0.03742046,0.05164521,0.09603104,0.14884607
4.84742371,1.41600652,0.00123785,0.00000000,0.40796506,0.00343575,0.03985257,0.05595430,0.10037017,0.15320062
4.85342671,1.45585186,0.00130413,0.00000000,0.40979189,0.00362785,0.04241723,0.06039404,0.10460496,0.15782172
4.85942971,1.49810064,0.00137398,0.00000000,0.41208633,0.00381684,0.04509065,0.06492082,0.10866739,0.16264369
4.86543272,1.54213100,0.00144670,0.00000000,0.41477678,0.00399968,0.04784488,0.06948600,0.11248809,0.16758733
4.87143572,1.58721343,0.00152144,0.00000000,0.41777535,0.00417326,0.05064874,0.07403695,0.11599863,0.17256292
4.87743872,1.63253711,0.00159726,0.00000000,0.42098529,0.00433447,0.05346883,0.07851839,0.11913385,0.17747356
4.88344172,1.67723957,0.00167310,0.00000000,0.42430871,0.00448034,0.05627079,0.08287385,0.12183421,0.18221895
4.88944472,1.72043825,0.00174786,0.00000000,0.42765445,0.00460809,0.05902064,0.08704723,0.12404797,0.18669939
4.89544772,1.76126298,0.00182039,0.00000000,0.43094565,0.00471527,0.06168614,0.09098450,0.12573309,0.19081969
4.90145073,1.79888801,0.00188956,0.00000000,0.43412673,0.00479980,0.06423828,0.09463538,0.12685885,0.19449314
4.90745373,1.83256272,0.00195425,0.00000000,0.43716959,0.00486009,0.06665257,0.09795503,0.12740710,0.19764511
4.91345673,1.86163978,0.00201343,0.00000000,0.44007878,0.00489509,0.06891033,0.10090558,0.12737305,0.20021626
4.91945973,1.88559998,0.00206615,0.00000000,0.44289551,0.00490431,0.07099978,0.10345749,0.12676556,0.20216531
4.92546273,1.90407291,0.00211160,0.00000000,0.44570037,0.00488787,0.07291684,0.10559081,0.12560709,0.20347116
4.93146573,1.91685291,0.00214912,0.00000000,0.44861466,0.00484649,0.07466576,0.10729596,0.12393301,0.20413434
4.93746873,1.92390975,0.00217825,0.00000000,0.45180036,0.00478149,0.07625936,0.10857442,0.12179071,0.20417774
4.94347174,1.92539383,0.00219874,0.00000000,0.45545865,0.00469475,0.07771893,0.10943888,0.11923811,0.20364661
4.94947474,1.92163567,0.00221052,0.00000000,0.45982705,0.00458865,0.07907382,0.10991317,0.11634203,0.20260779
4.95547774,1.91313966,0.00221378,0.00000000,0.46517513,0.00446602,0.08036062,0.11003173,0.11317618,0.20114823
4.96148074,1.90057238,0.00220892,0.00000000,0.47179890,0.00433005,0.08162199,0.10983874,0.10981910,0.19937285
4.96748374,1.88474563,0.00219656,0.00000000,0.48001398,0.00418423,0.08290525,0.10938695,0.10635187,0.19740171
4.97348674,1.86659473,0.00217753,0.00000000,0.49014747,0.00403222,0.08426059,0.10873614,0.10285589,0.19536672
4.97948974,1.84715272,0.00215282,0.00000000,0.50252898,0.00387776,0.08573916,0.10795135,0.09941069,0.19340785
4.98549275,1.82752111,0.00212360,0.00000000,0.51748057,0.00372463,0.08739092,0.10710096,0.09609181,0.19166906
4.99149575,1.80883810,0.00209113,0.00000000,0.53530624,0.00357647,0.08926251,0.10625455,0.09296890,0.19029391
4.99749875,1.79224517,0.00205677,0.00000000,0.55628081,0.00343679,0.09139506,0.10548081,0.09010406,0.18942121
5.00350175,1.77885310,0.00202191,0.00000000,0.58063882,0.00330881,0.09382215,0.10484535,0.08755035,0.18918059
5.00950475,1.76970838,0.00198794,0.00000000,0.60856357,0.00319546,0.09656795,0.10440869,0.08535075,0.18968828
5.01550775,1.76576108,0.00195620,0.00000000,0.64017671,0.00309927,0.09964559,0.10422439,0.08353728,0.19104321
5.02151076,1.76783520,0.00192792,0.00000000,0.67552875,0.00302237,0.10305595,0.10433738,0.08213059,0.19332347
5.02751376,1.77660236,0.00190422,0.00000000,0.71459090,0.00296643,0.10678679,0.10478257,0.08113976,0.19658334
5.03351676,1.79255966,0.00188603,0.00000000,0.75724856,0.00293264,0.11081236,0.10558385,0.08056255,0.20085097
5.03951976,1.81601236,0.00187411,0.00000000,0.80329671,0.00292172,0.11509355,0.10675332,0.08038589,0.20612668
5.04552276,1.84706186,0.00186896,0.00000000,0.85243767,0.00293388,0.11957842,0.10829102,0.08058661,0.21238219
5.05152576,1.88559938,0.00187089,0.00000000,0.90428126,0.00296888,0.12420340,0.11018490,0.08113259,0.21956049
5.05752876,1.93130531,0.00187992,0.00000000,0.95834761,0.00302599,0.12889473,0.11241127,0.08198395,0.22757672
5.06353177,1.98365445,0.00189585,0.00000000,1.01407260,0.00310406,0.13357055,0.11493553,0.08309449,0.23631974
5.06953477,2.04192661,0.00191824,0.00000000,1.07081599,0.00320152,0.13814312,0.11771319,0.08441332,0.24565457
5.07553777,2.10522254,0.00194643,0.00000000,1.12787203,0.00331643,0.14252148,0.12069121,0.08588640,0.25542552
5.08154077,2.17248455,0.00197958,0.00000000,1.18448231,0.00344654,0.14661414,0.12380956,0.08745829,0.26545999
5.08754377,2.24252121,0.00201666,0.00000000,1.23985069,0.00358929,0.15033190,0.12700293,0.08907373,0.27557281
5.09354677,2.31403565,0.00205652,0.00000000,1.29315975,0.00374190,0.15359067,0.13020258,0.09067921,0.28557100
5.09954977,2.38565663,0.00209792,0.00000000,1.34358851,0.00390139,0.15631401,0.13333829,0.09222436,0.29525880
5.10555278,2.45597172,0.00213959,0.00000000,1.39033076,0.00406471,0.15843557,0.13634037,0.09366328,0.30444289
5.11155578,2.52356182,0.00218022,0.00000000,1.43261366,0.00422869,0.15990111,0.13914154,0.09495556,0.31293753
5.11755878,2.58703630,0.00221856,0.00000000,1.46971594,0.00439021,0.16067014,0.14167891,0.09606714,0.32056958
5.12356178,2.64506793,0.00225345,0.00000000,1.50098536,0.00454620,0.16071710,0.14389576,0.09697093,0.32718328
5.12956478,2.69642691,0.00228381,0.00000000,1.52585468,0.00469373,0.16003201,0.14574319,0.09764721,0.33264448
5.13556778,2.74001322,0.00230877,0.00000000,1.54385600,0.00483010,0.15862071,0.14718163,0.09808372,0.33684443
5.14157079,2.77488643,0.00232762,0.00000000,1.55463272,0.00495286,0.15650443,0.14818211,0.09827563,0.33970279
5.14757379,2.80029232,0.00233988,0.00000000,1.55794902,0.00505988,0.15371905,0.14872727,0.09822522,0.34117005
5.15357679,2.81568549,0.00234531,0.00000000,1.55369644,0.00514945,0.15031380,0.14881207,0.09794140,0.34122895
5.15957979,2.82074729,0.00234391,0.00000000,1.54189743,0.00522028,0.14634965,0.14844427,0.09743911,0.33989519
5.16558279,2.81539825,0.00233596,0.00000000,1.52270563,0.00527157,0.14189736,0.14764437,0.09673852,0.33721720
5.17158579,2.79980470,0.00232201,0.00000000,1.49640305,0.00530299,0.13703533,0.14644541,0.09586421,0.33327501
5.17758879,2.77437881,0.00230283,0.00000000,1.46339401,0.00531477,0.13184727,0.14489217,0.09484426,0.32817830
5.18359180,2.73977194,0.00227947,0.00000000,1.42419616,0.00530762,0.12641987,0.14304014,0.09370931,0.32206363
5.18959480,2.69686109,0.00225317,0.00000000,1.37942870,0.00528278,0.12084040,0.14095397,0.09249161,0.31509090
5.19559780,2.64672856,0.00222536,0.00000000,1.32979831,0.00524192,0.11519448,0.13870567,0.09122412,0.30743922
5.20160080,2.59063505,0.00219761,0.00000000,1.27608302,0.00518716,0.10956399,0.13637243,0.08993968,0.29930215
5.20760380,2.52998704,0.00217160,0.00000000,1.21911465,0.00512094,0.10402520,0.13403412,0.08867018,0.29088259
5.21360680,2.46629891,0.00214906,0.00000000,1.15976031,0.00504599,0.09864713,0.13177076,0.08744587,0.28238733
5.21960980,2.40115126,0.00213173,0.00000000,1.09890348,0.00496522,0.09349026,0.12965968,0.08629479,0.27402151
5.22561281,2.33614647,0.00212126,0.00000000,1.03742531,0.00488163,0.08860553,0.12777283,0.08524225,0.26598309
5.23161581,2.27286305,0.00211923,0.00000000,0.97618664,0.00479821,0.08403366,0.12617412,0.08431046,0.25845748
5.23761881,2.21281042,0.00212702,0.00000000,0.91601132,0.00471782,0.07980489,0.12491700,0.08351830,0.25161257
5.24362181,2.15738562,0.00214582,0.00000000,0.85767132,0.00464313,0.07593890,0.12404232,0.08288116,0.24559422
5.24962481,2.10783370,0.00217653,0.00000000,0.80187383,0.00457652,0.07244518,0.12357672,0.08241094,0.24052246
5.25562781,2.06521315,0.00221977,0.00000000,0.74925099,0.00451996,0.06932356,0.12353141,0.08211616,0.23648843
5.26163082,2.03036782,0.00227581,0.00000000,0.70035207,0.00447501,0.06656516,0.12390163,0.08200213,0.23355220
5.26763382,2.00390634,0.00234459,0.00000000,0.65563848,0.00444274,0.06415333,0.12466667,0.08207127,0.23174167
5.27363682,1.98618977,0.00242567,0.00000000,0.61548141,0.00442370,0.06206500,0.12579061,0.08232345,0.23105237
5.27963982,1.97732801,0.00251826,0.00000000,0.58016192,0.00441792,0.06027197,0.12722357,0.08275644,0.23144841
5.28564282,1.97718484,0.00262126,0.00000000,0.54987346,0.00442493,0.05874239,0.12890366,0.08336631,0.23286436
5.29164582,1.98539142,0.00273324,0.00000000,0.52472618,0.00444377,0.05744220,0.13075936,0.08414791,0.23520812
5.29764882,2.00136737,0.00285250,0.00000000,0.50475287,0.00447307,0.05633662,0.13271225,0.08509532,0.23836468
5.30365183,2.02434831,0.00297717,0.00000000,0.48991599,0.00451110,0.05539146,0.13468016,0.08620218,0.24220043
5.30965483,2.05341872,0.00310520,0.00000000,0.48011532,0.00455581,0.05457441,0.13658024,0.08746203,0.24656816
5.31565783,2.08754825,0.00323447,0.00000000,0.47519581,0.00460498,0.05385607,0.13833220,0.08886853,0.25131228
5.32166083,2.12562988,0.00336283,0.00000000,0.47495521,0.00465626,0.05321080,0.13986125,0.09041551,0.25627411
5.32766383,2.16651824,0.00348821,0.00000000,0.47915113,0.00470726,0.05261740,0.14110080,0.09209696,0.26129715
5.33366683,2.20906613,0.00360863,0.00000000,0.48750717,0.00475565,0.05205939,0.14199470,0.09390682,0.26623186
5.33966983,2.25215801,0.00372231,0.00000000,0.49971815,0.00479921,0.05152516,0.14249896,0.09583871,0.27094002
5.34567284,2.29473878,0.00382767,0.00000000,0.51545402,0.00483593,0.05100776,0.14258292,0.09788547,0.27529826
5.35167584,2.33583714,0.00392340,0.00000000,0.53436286,0.00486404,0.05050451,0.14222972,0.10003863,0.27920078
5.35767884,2.37458272,0.00400847,0.00000000,0.55607279,0.00488205,0.05001635,0.14143621,0.10228783,0.28256109
5.36368184,2.41021676,0.00408214,0.00000000,0.58019316,0.00488877,0.04954703,0.14021226,0.10462023,0.28531281
5.36968484,2.44209658,0.00414396,0.00000000,0.60631537,0.00488333,0.04910217,0.13857952,0.10701989,0.28740947
5.37568784,2.46969420,0.00419373,0.00000000,0.63401349,0.00486519,0.04868827,0.13656980,0.10946729,0.28882342
5.38169085,2.49259019,0.00423150,0.00000000,0.66284526,0.00483407,0.04831163,0.13422309,0.11193898,0.28954402
5.38769385,2.51046372,0.00425753,0.00000000,0.69235367,0.00479001,0.04797745,0.13158542,0.11440735,0.28957517
5.39369685,2.52308014,0.00427221,0.00000000,0.72206956,0.00473323,0.04768892,0.12870662,0.11684069,0.28893250
5.39969985,2.53027753,0.00427606,0.00000000,0.75151547,0.00466420,0.04744652,0.12563821,0.11920350,0.28764035
5.40570285,2.53195342,0.00426967,0.00000000,0.78021092,0.00458352,0.04724752,0.12243139,0.12145700,0.28572873
5.41170585,2.52805299,0.00425364,0.00000000,0.80767910,0.00449193,0.04708569,0.11913532,0.12356001,0.28323055
5.41770885,2.51855968,0.00422856,0.00000000,0.83345502,0.00439023,0.04695128,0.11579579,0.12547001,0.28017922
5.42371186,2.50348885,0.00419501,0.00000000,0.85709483,0.00427929,0.04683120,0.11245416,0.12714448,0.27660679
5.42971486,2.48288491,0.00415346,0.00000000,0.87818602,0.00416000,0.04670947,0.10914682,0.12854235,0.27254268
5.43571786,2.45682182,0.00410437,0.00000000,0.89635797,0.00403325,0.04656786,0.10590494,0.12962557,0.26801307
5.44172086,2.42540669,0.00404810,0.00000000,0.91129249,0.00389993,0.04638666,0.10275463,0.13036072,0.26304094
5.44772386,2.38878569,0.00398498,0.00000000,0.92273358,0.00376092,0.04614563,0.09971732,0.13072052,0.25764662
5.45372686,2.34715155,0.00391530,0.00000000,0.93049598,0.00361706,0.04582490,0.09681048,0.13068524,0.25184891
5.45972986,2.30075143,0.00383932,0.00000000,0.93447189,0.00346922,0.04540598,0.09404832,0.13024378,0.24566640
5.46573287,2.24989410,0.00375734,0.00000000,0.93463525,0.00331822,0.04487264,0.09144269,0.12939453,0.23911905
5.47173587,2.19495541,0.00366968,0.00000000,0.93104350,0.00316490,0.04421166,0.08900387,0.12814587,0.23222971
5.47773887,2.13638108,0.00357670,0.00000000,0.92383617,0.00301011,0.04341354,0.08674134,0.12651618,0.22502557
5.48374187,2.07468602,0.00347886,0.00000000,0.91323065,0.00285471,0.04247289,0.08466432,0.12453352,0.21753920
5.48974487,2.01044988,0.00337667,0.00000000,0.89951483,0.00269958,0.04138868,0.08278218,0.12223486,0.20980932
5.49574787,1.94430850,0.00327074,0.00000000,0.88303719,0.00254561,0.04016430,0.08110468,0.11966500,0.20188099
5.50175088,1.87694173,0.00316175,0.00000000,0.86419457,0.00239370,0.03880735,0.07964189,0.11687506,0.19380540
5.50775388,1.80905774,0.00305042,0.00000000,0.84341825,0.00224476,0.03732931,0.07840404,0.11392085,0.18563910
5.51375688,1.74137499,0.00293754,0.00000000,0.82115902,0.00209968,0.03574499,0.07740110,0.11086095,0.17744286
5.51975988,1.67460250,0.00282391,0.00000000,0.79787181,0.00195934,0.03407187,0.07664228,0.10775486,0.16928009
5.52576288,1.60941969,0.00271031,0.00000000,0.77400084,0.00182458,0.03232941,0.07613546,0.10466103,0.16121507
5.53176588,1.54645685,0.00259749,0.00000000,0.74996571,0.00169617,0.03053825,0.07588652,0.10163514,0.15331109
5.53776888,1.48627735,0.00248615,0.00000000,0.72614929,0.00157482,0.02871943,0.07589872,0.09872844,0.14562848
5.54377189,1.42936258,0.00237690,0.00000000,0.70288774,0.00146114,0.02689371,0.07617213,0.09598643,0.13822288
5.54977489,1.37610038,0.00227025,0.00000000,0.68046314,0.00135563,0.02508086,0.07670310,0.09344785,0.13114367
5.55577789,1.32677758,0.00216663,0.00000000,0.65909889,0.00125868,0.02329921,0.07748390,0.09114392,0.12443273
5.56178089,1.28157686,0.00206634,0.00000000,0.63895797,0.00117056,0.02156515,0.07850248,0.08909801,0.11812363
5.56778389,1.24057815,0.00196957,0.00000000,0.62014397,0.00109141,0.01989289,0.07974230,0.08732555,0.11224122
5.57378689,1.20376425,0.00187644,0.00000000,0.60270468,0.00102123,0.01829433,0.08118240,0.08583431,0.10680163
5.57978989,1.17103028,0.00178700,0.00000000,0.58663784,0.00095992,0.01677901,0.08279758,0.08462492,0.10181270
5.58579290,1.14219652,0.00170123,0.00000000,0.57189877,0.00090728,0.01535425,0.08455871,0.08369158,0.09727485
5.59179590,1.11702368,0.00161909,0.00000000,0.55840921,0.00086298,0.01402536,0.08643319,0.08302291,0.09318217
5.59779890,1.09523016,0.00154056,0.00000000,0.54606713,0.00082665,0.01279589,0.08838548,0.08260298,0.08952383
5.60380190,1.07651018,0.00146563,0.00000000,0.53475682,0.00079784,0.01166804,0.09037784,0.08241230,0.08628568
5.60980490,1.06055225,0.00139434,0.00000000,0.52435889,0.00077607,0.01064301,0.09237105,0.08242886,0.08345187
5.61580790,1.04705710,0.00132682,0.00000000,0.51475984,0.00076086,0.00972140,0.09432526,0.08262908,0.08100661
5.62181091,1.03575443,0.00126328,0.00000000,0.50586081,0.00075173,0.00890361,0.09620094,0.08298874,0.07893575
5.62781391,1.02641806,0.00120404,0.00000000,0.49758521,0.00074824,0.00819024,0.09795977,0.08348374,0.07722833
5.63381691,1.01887877,0.00114952,0.00000000,0.48988518,0.00074999,0.00758238,0.09956567,0.08409079,0.07587794
5.63981991,1.01303463,0.00110025,0.00000000,0.48274654,0.00075666,0.00708194,0.10098571,0.08478790,0.07488382
5.64582291,1.00885848,0.00105686,0.00000000,0.47619230,0.00076802,0.00669186,0.10219107,0.08555482,0.07425176
5.65182591,1.00640225,0.00102010,0.00000000,0.47028466,0.00078392,0.00641628,0.10315781,0.08637324,0.07399462
5.65782891,1.00579811,0.00099075,0.00000000,0.46512537,0.00080433,0.00626063,0.10386769,0.08722696,0.07413260
5.66383192,1.00725616,0.00096969,0.00000000,0.46085463,0.00082930,0.00623168,0.10430865,0.08810180,0.07469316
5.66983492,1.01105880,0.00095781,0.00000000,0.45764837,0.00085900,0.00633747,0.10447527,0.08898557,0.07571052
5.67583792,1.01755174,0.00095601,0.00000000,0.45571411,0.00089368,0.00658722,0.10436887,0.08986776,0.07722484
5.68184092,1.02713168,0.00096518,0.00000000,0.45528525,0.00093366,0.00699108,0.10399752,0.09073931,0.07928110
5.68784392,1.04023097,0.00098615,0.00000000,0.45661406,0.00097932,0.00755991,0.10337562,0.09159219,0.08192750
5.69384692,1.05729952,0.00101966,0.00000000,0.45996329,0.00103105,0.00830490,0.10252344,0.09241900,0.08521366
5.69984992,1.07878432,0.00106637,0.00000000,0.46559661,0.00108927,0.00923715,0.10146619,0.09321257,0.08918842
5.70585293,1.10510713,0.00112679,0.00000000,0.47376804,0.00115434,0.01036719,0.10023312,0.09396550,0.09389747
5.71185593,1.13664105,0.00120125,0.00000000,0.48471062,0.00122659,0.01170445,0.09885626,0.09466977,0.09938080
5.71785893,1.17368673,0.00128991,0.00000000,0.49862456,0.00130622,0.01325660,0.09736918,0.09531644,0.10566994
5.72386193,1.21644909,0.00139269,0.00000000,0.51566526,0.00139332,0.01502902,0.09580563,0.09589535,0.11278534
5.72986493,1.26501564,0.00150930,0.00000000,0.53593165,0.00148780,0.01702407,0.09419827,0.09639496,0.12073375
5.73586793,1.31933726,0.00163917,0.00000000,0.55945534,0.00158941,0.01924055,0.09257744,0.09680234,0.12950582
5.74187094,1.37921273,0.00178150,0.00000000,0.58619094,0.00169767,0.02167307,0.09097014,0.09710323,0.13907409
5.74787394,1.44427775,0.00193519,0.00000000,0.61600832,0.00181189,0.02431155,0.08939920,0.09728226,0.14939135
5.75387694,1.51399950,0.00209888,0.00000000,0.64868714,0.00193117,0.02714086,0.08788274,0.09732325,0.16038966
5.75987994,1.58767748,0.00227096,0.00000000,0.68391425,0.00205435,0.03014051,0.08643394,0.09720975,0.17197995
5.76588294,1.66445102,0.00244955,0.00000000,0.72128428,0.00218011,0.03328458,0.08506116,0.09692553,0.18405250
5.77188594,1.74331381,0.00263258,0.00000000,0.76030375,0.00230691,0.03654184,0.08376829,0.09645525,0.19647812
5.77788894,1.82313536,0.00281778,0.00000000,0.80039896,0.00243308,0.03987605,0.08255553,0.09578515,0.20911021
5.78389195,1.90268906,0.00300272,0.00000000,0.84092746,0.00255685,0.04324649,0.08142034,0.09490378,0.22178773
5.78989495,1.98068589,0.00318490,0.00000000,0.88119316,0.00267636,0.04660875,0.08035859,0.09380266,0.23433882
5.79589795,2.05581302,0.00336176,0.00000000,0.92046448,0.00278979,0.04991569,0.07936596,0.09247695,0.24658519
5.80190095,2.12677574,0.00353078,0.00000000,0.95799521,0.00289533,0.05311859,0.07843923,0.09092601,0.25834706
5.80790395,2.19234101,0.00368952,0.00000000,0.99304714,0.00299132,0.05616850,0.07757769,0.08915388,0.26944848
5.81390695,2.25138111,0.00383570,0.00000000,1.02491382,0.00307625,0.05901763,0.07678442,0.08716957,0.27972280
5.81990995,2.30291514,0.00396727,0.00000000,1.05294419,0.00314885,0.06162080,0.07606730,0.08498724,0.28901816
5.82591296,2.34614663,0.00408245,0.00000000,1.07656533,0.00320813,0.06393695,0.07543987,0.08262622,0.29720267
5.83191596,2.38049541,0.00417982,0.00000000,1.09530309,0.00325340,0.06593043,0.07492181,0.08011082,0.30416907
5.83791896,2.40562198,0.00425833,0.00000000,1.10879966,0.00328433,0.06757228,0.07453907,0.07747003,0.30983869
5.84392196,2.42144310,0.00431736,0.00000000,1.11682724,0.00330093,0.06884121,0.07432368,0.07473700,0.31416444
5.84992496,2.42813767,0.00435675,0.00000000,1.11929700,0.00330359,0.06972435,0.07431300,0.07194845,0.31713269
5.85592796,2.42614226,0.00437676,0.00000000,1.11626302,0.00329304,0.07021769,0.07454880,0.06914390,0.31876398
5.86193097,2.41613629,0.00437811,0.00000000,1.10792065,0.00327035,0.07032620,0.07507580,0.06636489,0.31911236
5.86793397,2.39901750,0.00436192,0.00000000,1.09459964,0.00323687,0.07006356,0.07594009,0.06365407,0.31826352
5.87393697,2.37586843,0.00432969,0.00000000,1.07675211,0.00319420,0.06945165,0.07718715,0.06105431,0.31633170
5.87993997,2.34791569,0.00428324,0.00000000,1.05493596,0.00314413,0.06851961,0.07885996,0.05860786,0.31345545
5.88594297,2.31648367,0.00422462,0.00000000,1.02979463,0.00308857,0.06730270,0.08099685,0.05635551,0.30979255
5.89194597,2.28294503,0.00415606,0.00000000,1.00203396,0.00302950,0.06584096,0.08362963,0.05433585,0.30551424
5.89794897,2.24867028,0.00407991,0.00000000,0.97239755,0.00296889,0.06417768,0.08678183,0.05258470,0.30079901
5.90395198,2.21497893,0.00399851,0.00000000,0.94164156,0.00290865,0.06235781,0.09046720,0.05113463,0.29582641
5.90995498,2.18309463,0.00391414,0.00000000,0.91051029,0.00285059,0.06042638,0.09468871,0.05001467,0.29077091
5.91595798,2.15410632,0.00382893,0.00000000,0.87971358,0.00279633,0.05842702,0.09943791,0.04925018,0.28579639
5.92196098,2.12893745,0.00374484,0.00000000,0.84990708,0.00274729,0.05640057,0.10469493,0.04886292,0.28105128
5.92796398,2.10832432,0.00366356,0.00000000,0.82167616,0.00270468,0.05438394,0.11042896,0.04887126,0.27666473
5.93396698,2.09280465,0.00358649,0.00000000,0.79552394,0.00266947,0.05240925,0.11659928,0.04929056,0.27274391
5.93996998,2.08271642,0.00351473,0.00000000,0.77186397,0.00264239,0.05050315,0.12315687,0.05013359,0.26937252
5.94597299,2.07820665,0.00344905,0.00000000,0.75101727,0.00262395,0.04868657,0.13004638,0.05141115,0.26661052
5.95197599,2.07924913,0.00338995,0.00000000,0.73321384,0.00261448,0.04697463,0.13720846,0.05313255,0.26449507
5.95797899,2.08566959,0.00333760,0.00000000,0.71859786,0.00261413,0.04537692,0.14458233,0.05530622,0.26304253
5.96398199,2.09717641,0.00329195,0.00000000,0.70723611,0.00262292,0.04389792,0.15210836,0.05794007,0.26225127
5.96998499,2.11339443,0.00325274,0.00000000,0.69912863,0.00264079,0.04253771,0.15973055,0.06104185,0.26210519
5.97598799,2.13389975,0.00321955,0.00000000,0.69422085,0.00266765,0.04129273,0.16739871,0.06461916,0.26257747
5.98199100,2.15825275,0.00319185,0.00000000,0.69241602,0.00270337,0.04015663,0.17507023,0.06867936,0.26363450
5.98799400,2.18602731,0.00316904,0.00000000,0.69358721,0.00274786,0.03912119,0.18271131,0.07322907,0.26523946
5.99399700,2.21683422,0.00315053,0.00000000,0.69758795,0.00280107,0.03817707,0.19029745,0.07827347,0.26735550
6.00000000,2.25033714,0.00313571,0.00000000,0.70426089,0.00286298,0.03731466,0.19781324,0.08381525,0.26994817
