energy_ev,total_up,C_s_up,C_p_up,Ca_p_up,Ca_d_up,Se_s_up,Se_p_up,W_p_up,W_d_up
-6.00000000,1.07907835,0.01914342,0.03869215,0.00351028,0.00000000,0.01997634,0.59186851,0.26913579,0.29638857
-5.99399700,1.03734958,0.01829757,0.03757257,0.00333714,0.00000000,0.01955735,0.56480460,0.26091967,0.28943200
-5.98799400,0.99780665,0.01741468,0.03670684,0.00318593,0.00000000,0.01910821,0.53916016,0.25400831,0.28278300
-5.98199100,0.96082039,0.01650705,0.03613998,0.00305910,0.00000000,0.01863070,0.51517092,0.24859120,0.27648820
-5.97598799,0.92671530,0.01558675,0.03591768,0.00295898,0.00000000,0.01812615,0.49303958,0.24485701,0.27058856
-5.96998499,0.89578362,0.01466544,0.03608655,0.00288778,0.00000000,0.01759561,0.47294344,0.24299654,0.26512400
-5.96398199,0.86829999,0.01375424,0.03669422,0.00284773,0.00000000,0.01704005,0.45504234,0.24320531,0.26013799
-5.95797899,0.84453506,0.01286356,0.03778932,0.00284108,0.00000000,0.01646063,0.43948661,0.24568517,0.25568169
-5.95197599,0.82476730,0.01200306,0.03942120,0.00287016,0.00000000,0.01585886,0.42642397,0.25064473,0.25181720
-5.94597299,0.80929173,0.01118159,0.04163946,0.00293743,0.00000000,0.01523683,0.41600530,0.25829844,0.24861979
-5.93996998,0.79842496,0.01040715,0.04449314,0.00304548,0.00000000,0.01459729,0.40838842,0.26886386,0.24617880
-5.93396698,0.79250606,0.00968695,0.04802964,0.00319697,0.00000000,0.01394373,0.40373998,0.28255736,0.24459717
-5.92796398,0.79189299,0.00902737,0.05229324,0.00339469,0.00000000,0.01328049,0.40223497,0.29958807,0.24398951
-5.92196098,0.79695472,0.00843407,0.05732345,0.00364141,0.00000000,0.01261260,0.40405411,0.32015030,0.24447886
-5.91595798,0.80805934,0.00791203,0.06315306,0.00393985,0.00000000,0.01194582,0.40937907,0.34441476,0.24619216
-5.90995498,0.82555881,0.00746564,0.06980600,0.00429256,0.00000000,0.01128640,0.41838586,0.37251884,0.24925472
-5.90395198,0.84977120,0.00709873,0.07729515,0.00470183,0.00000000,0.01064097,0.43123677,0.40455645,0.25378401
-5.89794897,0.88096119,0.00681471,0.08562013,0.00516955,0.00000000,0.01001632,0.44807125,0.44056793,0.25988298
-5.89194597,0.91932012,0.00661655,0.09476526,0.00569711,0.00000000,0.00941917,0.46899621,0.48053046,0.26763337
-5.88594297,0.96494649,0.00650690,0.10469770,0.00628525,0.00000000,0.00885596,0.49407632,0.52434973,0.27708927
-5.87993997,1.01782805,0.00648810,0.11536600,0.00693397,0.00000000,0.00833260,0.52332481,0.57185312,0.28827134
-5.87393697,1.07782645,0.00656219,0.12669907,0.00764238,0.00000000,0.00785432,0.55669511,0.62278499,0.30116197
-5.86793397,1.14466523,0.00673089,0.13860578,0.00840869,0.00000000,0.00742547,0.59407395,0.67680445,0.31570159
-5.86193097,1.21792186,0.00699559,0.15097515,0.00923004,0.00000000,0.00704940,0.63527610,0.73348578,0.33178644
-5.85592796,1.29702436,0.00735728,0.16367723,0.01010253,0.00000000,0.00672833,0.68004104,0.79232180,0.34926786
-5.84992496,1.38125261,0.00781643,0.17656473,0.01102118,0.00000000,0.00646332,0.72803179,0.85272996,0.36795322
-5.84392196,1.46974458,0.00837293,0.18947538,0.01197988,0.00000000,0.00625425,0.77883591,0.91406129,0.38760835
-5.83791896,1.56150716,0.00902588,0.20223489,0.01297148,0.00000000,0.00609982,0.83196863,0.97561173,0.40796167
-5.83191596,1.65543138,0.00977349,0.21466059,0.01398783,0.00000000,0.00599765,0.88687817,1.03663562,0.42870955
-5.82591296,1.75031142,0.01061286,0.22656548,0.01501982,0.00000000,0.00594430,0.94295286,1.09636083,0.44952295
-5.81990995,1.84486686,0.01153982,0.23776275,0.01605751,0.00000000,0.00593544,0.99953008,1.15400496,0.47005504
-5.81390695,1.93776745,0.01254874,0.24807038,0.01709028,0.00000000,0.00596596,1.05590665,1.20879218,0.48994943
-5.80790395,2.02765961,0.01363242,0.25731591,0.01810690,0.00000000,0.00603012,1.11135052,1.25996998,0.50884891
-5.80190095,2.11319388,0.01478190,0.26534099,0.01909576,0.00000000,0.00612170,1.16511329,1.30682534,0.52640416
-5.79589795,2.19305262,0.01598644,0.27200568,0.02004501,0.00000000,0.00623419,1.21644358,1.34869989,0.54228242
-5.78989495,2.26597718,0.01723348,0.27719229,0.02094276,0.00000000,0.00636092,1.26460074,1.38500347,0.55617558
-5.78389195,2.33079395,0.01850872,0.28080856,0.02177729,0.00000000,0.00649523,1.30886875,1.41522594,0.56780764
-5.77788894,2.38643854,0.01979622,0.28279019,0.02253725,0.00000000,0.00663065,1.34857004,1.43894676,0.57694120
-5.77188594,2.43197787,0.02107869,0.28310249,0.02321187,0.00000000,0.00676100,1.38307904,1.45584241,0.58338287
-5.76588294,2.46662935,0.02233778,0.28174118,0.02379121,0.00000000,0.00688056,1.41183507,1.46569141,0.58698745
-5.75987994,2.48977719,0.02355450,0.27873228,0.02426635,0.00000000,0.00698419,1.43435446,1.46837711,0.58766082
-5.75387694,2.50098522,0.02470973,0.27413115,0.02462959,0.00000000,0.00706743,1.45024160,1.46388814,0.58536144
-5.74787394,2.50000618,0.02578477,0.26802064,0.02487468,0.00000000,0.00712657,1.45919857,1.45231693,0.58010054
-5.74187094,2.48678728,0.02676199,0.26050854,0.02499699,0.00000000,0.00715877,1.46103323,1.43385619,0.57194095
-5.73586793,2.46147184,0.02762542,0.25172437,0.02499362,0.00000000,0.00716209,1.45566535,1.40879375,0.56099477
-5.72986493,2.42439701,0.02836144,0.24181564,0.02486359,0.00000000,0.00713551,1.44313065,1.37750587,0.54741987
-5.72386193,2.37608762,0.02895935,0.23094381,0.02460786,0.00000000,0.00707898,1.42358238,1.34044921,0.53141546
-5.71785893,2.31724604,0.02941192,0.21927991,0.02422940,0.00000000,0.00699338,1.39729043,1.29815169,0.51321675
-5.71185593,2.24873842,0.02971584,0.20700026,0.02373319,0.00000000,0.00688053,1.36463765,1.25120239,0.49308906
-5.70585293,2.17157735,0.02987205,0.19428214,0.02312612,0.00000000,0.00674309,1.32611341,1.20024063,0.47132135
-5.69984992,2.08690127,0.02988588,0.18129981,0.02241690,0.00000000,0.00658452,1.28230446,1.14594443,0.44821957
-5.69384692,1.99595108,0.02976713,0.16822073,0.02161589,0.00000000,0.00640899,1.23388316,1.08901854,0.42409973
-5.68784392,1.90004444,0.02952984,0.15520238,0.02073488,0.00000000,0.00622125,1.18159323,1.03018205,0.39928120
-5.68184092,1.80054817,0.02919200,0.14238944,0.01978684,0.00000000,0.00602649,1.12623353,0.97015605,0.37408010
-5.67583792,1.69884961,0.02877505,0.12991168,0.01878562,0.00000000,0.00583023,1.06864010,0.90965116,0.34880313
-5.66983492,1.59632753,0.02830316,0.11788231,0.01774559,0.00000000,0.00563814,1.00966711,0.84935553,0.32374187
-5.66383192,1.49432331,0.02780251,0.10639697,0.01668138,0.00000000,0.00545585,0.95016712,0.78992328,0.29916773
-5.65782891,1.39411324,0.02730031,0.09553331,0.01560747,0.00000000,0.00528884,0.89097139,0.73196365,0.27532753
-5.65182591,1.29688264,0.02682388,0.08535106,0.01453786,0.00000000,0.00514224,0.83287088,0.67603124,0.25244000
-5.64582291,1.20370253,0.02639960,0.07589253,0.01348579,0.00000000,0.00502063,0.77659834,0.62261744,0.23069293
-5.63981991,1.11550947,0.02605191,0.06718360,0.01246341,0.00000000,0.00492796,0.72281230,0.57214334,0.21024132
-5.63381691,1.03308916,0.02580236,0.05923493,0.01148155,0.00000000,0.00486736,0.67208335,0.52495424,0.19120632
-5.62781391,0.95706430,0.02566873,0.05204355,0.01054952,0.00000000,0.00484104,0.62488317,0.48131602,0.17367498
-5.62181091,0.88788689,0.02566426,0.04559450,0.00967494,0.00000000,0.00485020,0.58157658,0.44141337,0.15770088
-5.61580790,0.82583527,0.02579710,0.03986267,0.00886367,0.00000000,0.00489497,0.54241694,0.40535003,0.14330542
-5.60980490,0.77101597,0.02606985,0.03481465,0.00811975,0.00000000,0.00497434,0.50754491,0.37315098,0.13047985
-5.60380190,0.72337011,0.02647940,0.03041056,0.00744547,0.00000000,0.00508624,0.47699062,0.34476649,0.11918791
-5.59779890,0.68268435,0.02701690,0.02660586,0.00684136,0.00000000,0.00522748,0.45067909,0.32007809,0.10936893
-5.59179590,0.64860578,0.02766804,0.02335305,0.00630640,0.00000000,0.00539393,0.42843863,0.29890601,0.10094142
-5.58579290,0.62066044,0.02841345,0.02060321,0.00583812,0.00000000,0.00558053,0.41001207,0.28101818,0.09380696
-5.57978989,0.59827491,0.02922934,0.01830753,0.00543283,0.00000000,0.00578150,0.39507014,0.26614031,0.08785436
-5.57378689,0.58080012,0.03008839,0.01641852,0.00508584,0.00000000,0.00599048,0.38322685,0.25396691,0.08296390
-5.56778389,0.56753696,0.03096063,0.01489126,0.00479170,0.00000000,0.00620076,0.37405606,0.24417284,0.07901174
-5.56178089,0.55776268,0.03181456,0.01368432,0.00454443,0.00000000,0.00640543,0.36710894,0.23642519,0.07587413
-5.55577789,0.55075751,0.03261832,0.01276070,0.00433782,0.00000000,0.00659766,0.36193168,0.23039508,0.07343166
-5.54977489,0.54583067,0.03334083,0.01208853,0.00416561,0.00000000,0.00677092,0.35808285,0.22576908,0.07157322
-5.54377189,0.54234501,0.03395292,0.01164169,0.00402177,0.00000000,0.00691916,0.35515007,0.22226006,0.07019971
-5.53776888,0.53973976,0.03442847,0.01140026,0.00390066,0.00000000,0.00703706,0.35276534,0.21961704,0.06922743
-5.53176588,0.53755060,0.03474535,0.01135094,0.00379725,0.00000000,0.00712020,0.35061874,0.21763390,0.06859106
-5.52576288,0.53542671,0.03488625,0.01148723,0.00370724,0.00000000,0.00716519,0.34847009,0.21615676,0.06824622
-5.51975988,0.53314429,0.03483937,0.01180960,0.00362718,0.00000000,0.00716984,0.34615835,0.21508982,0.06817153
-5.51375688,0.53061623,0.03459882,0.01232544,0.00355460,0.00000000,0.00713318,0.34360846,0.21439943,0.06837014
-5.50775388,0.52789781,0.03416492,0.01304899,0.00348797,0.00000000,0.00705556,0.34083556,0.21411662,0.06887068
-5.50175088,0.52518817,0.03354422,0.01400102,0.00342680,0.00000000,0.00693858,0.33794658,0.21433758,0.06972770
-5.49574787,0.52282781,0.03274930,0.01520845,0.00337158,0.00000000,0.00678511,0.33513908,0.21522253,0.07102137
-5.48974487,0.52129191,0.03179844,0.01670372,0.00332375,0.00000000,0.00659915,0.33269757,0.21699265,0.07285668
-5.48374187,0.52117985,0.03071507,0.01852409,0.00328561,0.00000000,0.00638575,0.33098728,0.21992535,0.07536188
-5.47773887,0.52320114,0.02952703,0.02071069,0.00326026,0.00000000,0.00615080,0.33044567,0.22434780,0.07868627
-5.47173587,0.52815790,0.02826586,0.02330743,0.00325142,0.00000000,0.00590094,0.33157184,0.23062892,0.08299741
-5.46573287,0.53692446,0.02696579,0.02635975,0.00326336,0.00000000,0.00564329,0.33491392,0.23916988,0.08847749
-5.45972986,0.55042420,0.02566294,0.02991314,0.00330071,0.00000000,0.00538528,0.34105496,0.25039329,0.09531914
-5.45372686,0.56960424,0.02439423,0.03401158,0.00336834,0.00000000,0.00513445,0.35059719,0.26473120,0.10372054
-5.44772386,0.59540823,0.02319653,0.03869586,0.00347114,0.00000000,0.00489826,0.36414522,0.28261214,0.11387993
-5.44172086,0.62874784,0.02210570,0.04400176,0.00361390,0.00000000,0.00468384,0.38228828,0.30444740,0.12598957
-5.43571786,0.67047334,0.02115574,0.04995827,0.00380111,0.00000000,0.00449787,0.40558177,0.33061684,0.14022919
-5.42971486,0.72134402,0.02037798,0.05658581,0.00403683,0.00000000,0.00434641,0.43452861,0.36145441,0.15675915
-5.42371186,0.78199885,0.01980035,0.06389449,0.00432449,0.00000000,0.00423470,0.46956056,0.39723390,0.17571339
-5.41770885,0.85292837,0.01944675,0.07188266,0.00466675,0.00000000,0.00416710,0.51102010,0.43815521,0.19719237
-5.41170585,0.93444840,0.01933649,0.08053556,0.00506539,0.00000000,0.00414694,0.55914318,0.48433162,0.22125631
-5.40570285,1.02667651,0.01948377,0.08982444,0.00552116,0.00000000,0.00417649,0.61404360,0.53577849,0.24791882
-5.39969985,1.12951233,0.01989734,0.09970593,0.00603370,0.00000000,0.00425684,0.67569937,0.59240399,0.27714143
-5.39369685,1.24262239,0.02058016,0.11012202,0.00660146,0.00000000,0.00438791,0.74394181,0.65400232,0.30882913
-5.38769385,1.36543075,0.02152919,0.12100050,0.00722167,0.00000000,0.00456841,0.81844800,0.72024992,0.34282730
-5.38169085,1.49711605,0.02273531,0.13225594,0.00789032,0.00000000,0.00479591,0.89873714,0.79070514,0.37892034
-5.37568784,1.63661593,0.02418325,0.14379132,0.00860220,0.00000000,0.00506678,0.98417146,0.86481173,0.41683217
-5.36968484,1.78263937,0.02585180,0.15550014,0.00935094,0.00000000,0.00537636,1.07396196,0.94190642,0.45622880
-5.36368184,1.93368710,0.02771395,0.16726921,0.01012917,0.00000000,0.00571895,1.16717948,1.02123065,0.49672323
-5.35767884,2.08808043,0.02973738,0.17898173,0.01092862,0.00000000,0.00608801,1.26277106,1.10194642,0.53788244
-5.35167584,2.24399776,0.03188491,0.19052090,0.01174033,0.00000000,0.00647624,1.35958149,1.18315593,0.57923659
-5.34567284,2.39951830,0.03411522,0.20177363,0.01255485,0.00000000,0.00687576,1.45637974,1.26392452,0.62029028
-5.33966983,2.55267166,0.03638368,0.21263451,0.01336253,0.00000000,0.00727827,1.55188953,1.34330628,0.66053531
-5.33366683,2.70149191,0.03864331,0.22300956,0.01415370,0.00000000,0.00767531,1.64482324,1.42037127,0.69946481
-5.32766383,2.84407401,0.04084587,0.23281982,0.01491904,0.00000000,0.00805840,1.73391790,1.49423341,0.73658809
-5.32166083,2.97863060,0.04294305,0.24200452,0.01564979,0.00000000,0.00841930,1.81797204,1.56407780,0.77144564
-5.31565783,3.10354679,0.04488769,0.25052361,0.01633802,0.00000000,0.00875022,1.89588184,1.62918620,0.80362367
-5.30965483,3.21743037,0.04663507,0.25835963,0.01697687,0.00000000,0.00904401,1.96667496,1.68895943,0.83276754
-5.30365183,3.31915530,0.04814413,0.26551866,0.01756075,0.00000000,0.00929439,2.02954068,1.74293562,0.85859352
-5.29764882,3.40789628,0.04937866,0.27203037,0.01808550,0.00000000,0.00949611,2.08385479,1.79080313,0.88089812
-5.29164582,3.48315256,0.05030831,0.27794713,0.01854845,0.00000000,0.00964508,2.12919789,1.83240753,0.89956478
-5.28564282,3.54475971,0.05090949,0.28334209,0.01894850,0.00000000,0.00973849,2.16536639,1.86775208,0.91456724
-5.27963982,3.59288866,0.05116606,0.28830648,0.01928605,0.00000000,0.00977488,2.19237524,1.89699154,0.92596972
-5.27363682,3.62803171,0.05106971,0.29294601,0.01956293,0.00000000,0.00975413,2.21045242,1.92041960,0.93392346
-5.26763382,3.65097621,0.05062021,0.29737677,0.01978229,0.00000000,0.00967750,2.22002514,1.93845032,0.93866012
-5.26163082,3.66276687,0.04982527,0.30172064,0.01994832,0.00000000,0.00954750,2.22169844,1.95159475,0.94048196
-5.25562781,3.66465852,0.04870017,0.30610051,0.02006609,0.00000000,0.00936781,2.21622715,1.96043358,0.93974946
-5.24962481,3.65806162,0.04726722,0.31063555,0.02014122,0.00000000,0.00914316,2.20448251,1.96558754,0.93686687
-5.24362181,3.64448294,0.04555489,0.31543666,0.02017966,0.00000000,0.00887911,2.18741496,1.96768691,0.93226624
-5.23761881,3.62546430,0.04359681,0.32060250,0.02018736,0.00000000,0.00858189,2.16601508,1.96734188,0.92639083
-5.23161581,3.60252230,0.04143064,0.32621606,0.02017005,0.00000000,0.00825822,2.14127427,1.96511517,0.91967850
-5.22561281,3.57709170,0.03909683,0.33234204,0.02013298,0.00000000,0.00791504,2.11414719,1.96149845,0.91254588
-5.21960980,3.55047501,0.03663738,0.33902516,0.02008073,0.00000000,0.00755935,2.08551762,1.95689364,0.90537392
-5.21360680,3.52380042,0.03409463,0.34628931,0.02001711,0.00000000,0.00719803,2.05616917,1.95160006,0.89849559
-5.20760380,3.49798961,0.03151002,0.35413757,0.01994500,0.00000000,0.00683766,2.02676210,1.94580778,0.89218593
-5.20160080,3.47373662,0.02892312,0.36255317,0.01986641,0.00000000,0.00648436,1.99781709,1.93959749,0.88665509
-5.19559780,3.45149801,0.02637071,0.37150098,0.01978243,0.00000000,0.00614372,1.96970631,1.93294649,0.88204426
-5.18959480,3.43149433,0.02388603,0.38092967,0.01969333,0.00000000,0.00582067,1.94265198,1.92574027,0.87842481
-5.18359180,3.41372207,0.02149828,0.39077413,0.01959872,0.00000000,0.00551949,1.91673202,1.91778880,0.87580025
-5.17758879,3.39797484,0.01923227,0.40095821,0.01949762,0.00000000,0.00524375,1.89189208,1.90884626,0.87411107
-5.17158579,3.38387229,0.01710825,0.41139736,0.01938871,0.00000000,0.00499631,1.86796300,1.89863309,0.87324188
-5.16558279,3.37089479,0.01514199,0.42200115,0.01927044,0.00000000,0.00477940,1.84468258,1.88685885,0.87303051
-5.15957979,3.35842188,0.01334492,0.43267559,0.01914126,0.00000000,0.00459465,1.82172022,1.87324462,0.87327858
-5.15357679,3.34577245,0.01172445,0.44332505,0.01899971,0.00000000,0.00444311,1.79870307,1.85754372,0.87376306
-5.14757379,3.33224473,0.01028442,0.45385381,0.01884463,0.00000000,0.00432540,1.77524235,1.83955964,0.87424816
-5.14157079,3.31715420,0.00902553,0.46416729,0.01867520,0.00000000,0.00424174,1.75095854,1.81916047,0.87449720
-5.13556778,3.29986809,0.00794591,0.47417290,0.01849105,0.00000000,0.00419203,1.72550431,1.79628911,0.87428389
-5.12956478,3.27983509,0.00704165,0.48378063,0.01829228,0.00000000,0.00417591,1.69858419,1.77096916,0.87340264
-5.12356178,3.25660956,0.00630726,0.49290358,0.01807946,0.00000000,0.00419286,1.66997047,1.74330635,0.87167757
-5.11755878,3.22986954,0.00573621,0.50145833,0.01785360,0.00000000,0.00424223,1.63951465,1.71348581,0.86896999
-5.11155578,3.19942856,0.00532131,0.50936542,0.01761612,0.00000000,0.00432325,1.60715444,1.68176564,0.86518402
-5.10555278,3.16524110,0.00505503,0.51654994,0.01736873,0.00000000,0.00443510,1.57291620,1.64846732,0.86027049
-5.09954977,3.12740215,0.00492983,0.52294229,0.01711340,0.00000000,0.00457691,1.53691314,1.61396372,0.85422877
-5.09354677,3.08614132,0.00493823,0.52847913,0.01685225,0.00000000,0.00474773,1.49933967,1.57866536,0.84710679
-5.08754377,3.04181216,0.00507302,0.53310452,0.01658746,0.00000000,0.00494654,1.46046247,1.54300582,0.83899929
-5.08154077,2.99487728,0.00532717,0.53677114,0.01632118,0.00000000,0.00517223,1.42060884,1.50742676,0.83004427
-5.07553777,2.94589026,0.00569385,0.53944159,0.01605552,0.00000000,0.00542355,1.38015320,1.47236334,0.82041804
-5.06953477,2.89547500,0.00616627,0.54108955,0.01579241,0.00000000,0.00569906,1.33950231,1.43823049,0.81032889
-5.06353177,2.84430330,0.00673756,0.54170080,0.01553364,0.00000000,0.00599710,1.29907997,1.40541031,0.80000980
-5.05752876,2.79307162,0.00740055,0.54127392,0.01528078,0.00000000,0.00631573,1.25931194,1.37424115,0.78971025
-5.05152576,2.74247765,0.00814761,0.53982058,0.01503518,0.00000000,0.00665269,1.22061157,1.34500826,0.77968758
-5.04552276,2.69319750,0.00897043,0.53736537,0.01479798,0.00000000,0.00700534,1.18336680,1.31793636,0.77019816
-5.03951976,2.64586434,0.00985987,0.53394518,0.01457012,0.00000000,0.00737065,1.14792885,1.29318417,0.76148867
-5.03351676,2.60104914,0.01080584,0.52960808,0.01435232,0.00000000,0.00774518,1.11460310,1.27084078,0.75378773
-5.02751376,2.55924412,0.01179719,0.52441175,0.01414515,0.00000000,0.00812504,1.08364229,1.25092416,0.74729842
-5.02151076,2.52084967,0.01282170,0.51842169,0.01394901,0.00000000,0.00850594,1.05524232,1.23338150,0.74219162
-5.01550775,2.48616525,0.01386613,0.51170920,0.01376416,0.00000000,0.00888322,1.02954058,1.21809165,0.73860084
-5.00950475,2.45538453,0.01491630,0.50434934,0.01359077,0.00000000,0.00925190,1.00661686,1.20486944,0.73661842
-5.00350175,2.42859525,0.01595733,0.49641905,0.01342896,0.00000000,0.00960675,0.98649670,1.19347204,0.73629345
-4.99749875,2.40578377,0.01697382,0.48799561,0.01327880,0.00000000,0.00994239,0.96915692,1.18360713,0.73763142
-4.99149575,2.38684425,0.01795017,0.47915550,0.01314036,0.00000000,0.01025345,0.95453302,1.17494280,0.74059576
-4.98549275,2.37159207,0.01887093,0.46997382,0.01301378,0.00000000,0.01053463,0.94252801,1.16711910,0.74511104
-4.97948974,2.35978094,0.01972117,0.46052435,0.01289930,0.00000000,0.01078089,0.93302237,1.15976083,0.75106773
-4.97348674,2.35112301,0.02048685,0.45088014,0.01279728,0.00000000,0.01098757,0.92588439,1.15249132,0.75832850
-4.96748374,2.34531083,0.02115518,0.44111480,0.01270830,0.00000000,0.01115057,0.92098049,1.14494676,0.76673543
-4.96148074,2.34204010,0.02171503,0.43130410,0.01263317,0.00000000,0.01126642,0.91818499,1.13679053,0.77611806
-4.95547774,2.34103209,0.02215718,0.42152798,0.01257298,0.00000000,0.01133243,0.91738870,1.12772705,0.78630173
-4.94947474,2.34205424,0.02247461,0.41187265,0.01252915,0.00000000,0.01134681,0.91850587,1.11751455,0.79711585
-4.94347174,2.34493787,0.02266269,0.40243263,0.01250339,0.00000000,0.01130868,0.92147911,1.10597614,0.80840163
-4.93746873,2.34959185,0.02271931,0.39331249,0.01249777,0.00000000,0.01121815,0.92628196,1.09300871,0.82001894
-4.93146573,2.35601131,0.02264486,0.38462809,0.01251462,0.00000000,0.01107632,0.93291888,1.07858915,0.83185187
-4.92546273,2.36428069,0.02244230,0.37650710,0.01255656,0.00000000,0.01088522,0.94142260,1.06277750,0.84381275
-4.91945973,2.37457080,0.02211691,0.36908879,0.01262632,0.00000000,0.01064781,0.95184894,1.04571683,0.85584437
-4.91345673,2.38712987,0.02167621,0.36252274,0.01272676,0.00000000,0.01036783,0.96426933,1.02762973,0.86792042
-4.90745373,2.40226878,0.02112966,0.35696668,0.01286064,0.00000000,0.01004975,0.97876137,1.00881147,0.88004395
-4.90145073,2.42034129,0.02048838,0.35258332,0.01303051,0.00000000,0.00969857,0.99539795,0.98962009,0.89224405
-4.89544772,2.44172007,0.01976483,0.34953624,0.01323857,0.00000000,0.00931976,1.01423550,0.97046368,0.90457100
-4.88944472,2.46676975,0.01897246,0.34798509,0.01348644,0.00000000,0.00891902,1.03530202,0.95178554,0.91708997
-4.88344172,2.49581843,0.01812537,0.34808006,0.01377505,0.00000000,0.00850218,1.05858564,0.93404761,0.92987374
-4.87743872,2.52912906,0.01723797,0.34995612,0.01410441,0.00000000,0.00807506,1.08402437,0.91771303,0.94299483
-4.87143572,2.56687228,0.01632467,0.35372702,0.01447352,0.00000000,0.00764329,1.11149754,0.90322850,0.95651737
-4.86543272,2.60910214,0.01539960,0.35947944,0.01488021,0.00000000,0.00721220,1.14081977,0.89100719,0.97048918
-4.85942971,2.65573606,0.01447635,0.36726758,0.01532108,0.00000000,0.00678672,1.17173761,0.88141283,0.98493438
-4.85342671,2.70654016,0.01356775,0.37710842,0.01579144,0.00000000,0.00637129,1.20392937,0.87474578,0.99984712
-4.84742371,2.76112077,0.01268575,0.38897786,0.01628534,0.00000000,0.00596977,1.23700815,0.87123147,1.01518641
-4.84142071,2.81892284,0.01184125,0.40280810,0.01679563,0.00000000,0.00558543,1.27052809,0.87101182,1.03087262
-4.83541771,2.87923532,0.01104401,0.41848627,0.01731407,0.00000000,0.00522088,1.30399368,0.87413973,1.04678565
-4.82941471,2.94120354,0.01030265,0.43585456,0.01783152,0.00000000,0.00487810,1.33687169,0.88057701,1.06276493
-4.82341171,3.00384814,0.00962455,0.45471189,0.01833812,0.00000000,0.00455844,1.36860537,0.89019572,1.07861134
-4.81740870,3.06608987,0.00901587,0.47481716,0.01882363,0.00000000,0.00426263,1.39863012,0.90278268,1.09409093
-4.81140570,3.12677929,0.00848158,0.49589403,0.01927762,0.00000000,0.00399085,1.42639025,0.91804711,1.10894035
-4.80540270,3.18473024,0.00802543,0.51763710,0.01968989,0.00000000,0.00374275,1.45135581,0.93563086,1.12287386
-4.79939970,3.23875572,0.00764999,0.53971943,0.02005072,0.00000000,0.00351756,1.47303900,0.95512092,1.13559164
-4.79339670,3.28770495,0.00735670,0.56180104,0.02035119,0.00000000,0.00331409,1.49100939,0.97606363,1.14678917
-4.78739370,3.33050004,0.00714581,0.58353828,0.02058353,0.00000000,0.00313089,1.50490734,0.99798000,1.15616729
-4.78139070,3.36617104,0.00701648,0.60459368,0.02074132,0.00000000,0.00296623,1.51445512,1.02038171,1.16344273
-4.77538769,3.39388810,0.00696676,0.62464597,0.02081974,0.00000000,0.00281825,1.51946537,1.04278698,1.16835864
-4.76938469,3.41298965,0.00699359,0.64339992,0.02081573,0.00000000,0.00268500,1.51984653,1.06473606,1.17069476
-4.76338169,3.42300553,0.00709286,0.66059571,0.02072810,0.00000000,0.00256452,1.51560529,1.08580558,1.17027705
-4.75737869,3.42367465,0.00725943,0.67601739,0.02055755,0.00000000,0.00245491,1.50684587,1.10562148,1.16698615
-4.75137569,3.41495635,0.00748715,0.68950018,0.02030669,0.00000000,0.00235438,1.49376647,1.12387014,1.16076466
-4.74537269,3.39703540,0.00776898,0.70093635,0.01997991,0.00000000,0.00226130,1.47665303,1.14030733,1.15162271
-4.73936968,3.37032058,0.00809701,0.71027938,0.01958326,0.00000000,0.00217427,1.45587062,1.15476496,1.13964180
-4.73336668,3.33543684,0.00846261,0.71754624,0.01912425,0.00000000,0.00209212,1.43185300,1.16715522,1.12497649
-4.72736368,3.29321165,0.00885658,0.72281773,0.01861164,0.00000000,0.00201396,1.40509073,1.17747237,1.10785415
-4.72136068,3.24465574,0.00926926,0.72623677,0.01805515,0.00000000,0.00193921,1.37611819,1.18579191,1.08857233
-4.71535768,3.19093921,0.00969074,0.72800469,0.01746517,0.00000000,0.00186755,1.34550027,1.19226740,1.06749408
-4.70935468,3.13336338,0.01011106,0.72837563,0.01685251,0.00000000,0.00179897,1.31381878,1.19712489,1.04504117
-4.70335168,3.07332962,0.01052042,0.72764916,0.01622810,0.00000000,0.00173375,1.28165931,1.20065525,1.02168539
-4.69734867,3.01230557,0.01090941,0.72616142,0.01560269,0.00000000,0.00167240,1.24959860,1.20320451,0.99793806
-4.69134567,2.95179003,0.01126920,0.72427496,0.01498662,0.00000000,0.00161567,1.21819287,1.20516250,0.97433824
-4.68534267,2.89327710,0.01159177,0.72236768,0.01438962,0.00000000,0.00156450,1.18796723,1.20695000,0.95143967
-4.67933967,2.83822052,0.01187010,0.72082109,0.01382058,0.00000000,0.00151999,1.15940627,1.20900479,0.92979712
-4.67333667,2.78799898,0.01209830,0.72000836,0.01328740,0.00000000,0.00148332,1.13294597,1.21176682,0.90995217
-4.66733367,2.74388312,0.01227174,0.72028249,0.01279687,0.00000000,0.00145574,1.10896691,1.21566300,0.89241906
-4.66133067,2.70700489,0.01238715,0.72196485,0.01235463,0.00000000,0.00143850,1.08778882,1.22109183,0.87767097
-4.65532766,2.67832982,0.01244263,0.72533457,0.01196504,0.00000000,0.00143281,1.06966634,1.22840844,0.86612691
-4.64932466,2.65863281,0.01243764,0.73061898,0.01163123,0.00000000,0.00143979,1.05478601,1.23791040,0.85813974
-4.64332166,2.64847780,0.01237297,0.73798546,0.01135504,0.00000000,0.00146040,1.04326441,1.24982475,0.85398557
-4.63731866,2.64820174,0.01225060,0.74753474,0.01113713,0.00000000,0.00149543,1.03514733,1.26429666,0.85385478
-4.63131566,2.65790317,0.01207360,0.75929619,0.01097696,0.00000000,0.00154544,1.03040996,1.28138018,0.85784496
-4.62531266,2.67743573,0.01184596,0.77322477,0.01087287,0.00000000,0.00161072,1.02895808,1.30103145,0.86595588
-4.61930965,2.70640671,0.01157239,0.78920019,0.01082221,0.00000000,0.00169129,1.03063007,1.32310462,0.87808671
-4.61330665,2.74418083,0.01125812,0.80702798,0.01082135,0.00000000,0.00178684,1.03519997,1.34735092,0.89403558
-4.60730365,2.78988936,0.01090875,0.82644261,0.01086582,0.00000000,0.00189674,1.04238128,1.37342072,0.91350158
-4.60130065,2.84244445,0.01053001,0.84711260,0.01095042,0.00000000,0.00202002,1.05183179,1.40086900,0.93608916
-4.59529765,2.90055878,0.01012762,0.86864745,0.01106929,0.00000000,0.00215541,1.06315917,1.42916395,0.96131504
-4.58929465,2.96277018,0.00970711,0.89060626,0.01121607,0.00000000,0.00230128,1.07592764,1.45769853,0.98861745
-4.58329165,3.02747104,0.00927371,0.91250788,0.01138394,0.00000000,0.00245574,1.08966533,1.48580488,1.01736765
-4.57728864,3.09294205,0.00883228,0.93384228,0.01156584,0.00000000,0.00261661,1.10387273,1.51277100,1.04688363
-4.57128564,3.15738971,0.00838717,0.95408290,0.01175451,0.00000000,0.00278149,1.11803180,1.53785933,1.07644551
-4.56528264,3.21898702,0.00794226,0.97269969,0.01194264,0.00000000,0.00294781,1.13161592,1.56032667,1.10531269
-4.55927964,3.27591636,0.00750091,0.98917245,0.01212302,0.00000000,0.00311287,1.14410054,1.57944472,1.13274208
-4.55327664,3.32641371,0.00706595,1.00300419,0.01228866,0.00000000,0.00327391,1.15497425,1.59452073,1.15800703
-4.54727364,3.36881307,0.00663977,1.01373401,0.01243294,0.00000000,0.00342818,1.16375017,1.60491748,1.18041659
-4.54127064,3.40158978,0.00622431,1.02094935,0.01254969,0.00000000,0.00357302,1.16997747,1.61007199,1.19933435
-4.53526763,3.42340163,0.00582113,1.02429702,0.01263341,0.00000000,0.00370591,1.17325264,1.60951239,1.21419635
-4.52926463,3.43312633,0.00543148,1.02349282,0.01267929,0.00000000,0.00382455,1.17323022,1.60287232,1.22452750
-4.52326163,3.42989407,0.00505634,1.01832943,0.01268341,0.00000000,0.00392694,1.16963274,1.58990246,1.22995577
-4.51725863,3.41311409,0.00469647,1.00868228,0.01264280,0.00000000,0.00401141,1.16225938,1.57047882,1.23022375
-4.51125563,3.38249399,0.00435247,0.99451322,0.01255552,0.00000000,0.00407670,1.15099315,1.54460754,1.22519697
-4.50525263,3.33805121,0.00402480,0.97587185,0.01242072,0.00000000,0.00412198,1.13580617,1.51242601,1.21486868
-4.49924962,3.28011588,0.00371383,0.95289453,0.01223870,0.00000000,0.00414688,1.11676284,1.47420045,1.19936074
-4.49324662,3.20932476,0.00341986,0.92580091,0.01201086,0.00000000,0.00415150,1.09402065,1.43031988,1.17892062
-4.48724362,3.12660643,0.00314310,0.89488832,0.01173972,0.00000000,0.00413643,1.06782851,1.38128689,1.15391442
-4.48124062,3.03315797,0.00288371,0.86052409,0.01142887,0.00000000,0.00410268,1.03852261,1.32770541,1.12481622
-4.47523762,2.93041391,0.00264179,0.82313593,0.01108282,0.00000000,0.00405168,1.00651973,1.27026601,1.09219404
-4.46923462,2.82000841,0.00241738,0.78320102,0.01070696,0.00000000,0.00398524,0.97230834,1.20972926,1.05669290
-4.46323162,2.70373203,0.00221043,0.74123382,0.01030736,0.00000000,0.00390545,0.93643754,1.14690761,1.01901572
-4.45722861,2.58348454,0.00202080,0.69777331,0.00989064,0.00000000,0.00381464,0.89950441,1.08264648,0.97990261
-4.45122561,2.46122540,0.00184826,0.65336985,0.00946376,0.00000000,0.00371529,0.86213997,1.01780518,0.94010938
-4.44522261,2.33892370,0.00169247,0.60857229,0.00903384,0.00000000,0.00360993,0.82499434,0.95323816,0.90038611
-4.43921961,2.21850918,0.00155298,0.56391560,0.00860800,0.00000000,0.00350108,0.78872155,0.88977726,0.86145647
-4.43321661,2.10182589,0.00142921,0.51990946,0.00819308,0.00000000,0.00339116,0.75396454,0.82821538,0.82399844
-4.42721361,1.99059007,0.00132048,0.47702808,0.00779557,0.00000000,0.00328239,0.72134069,0.76929195,0.78862726
-4.42121061,1.88635324,0.00122597,0.43570160,0.00742136,0.00000000,0.00317677,0.69142846,0.71368063,0.75588086
-4.41520760,1.79047163,0.00114476,0.39630917,0.00707563,0.00000000,0.00307596,0.66475543,0.66197937,0.72620832
-4.40920460,1.70408238,0.00107585,0.35917384,0.00676273,0.00000000,0.00298129,0.64178801,0.61470296,0.69996151
-4.40320160,1.62808707,0.00101811,0.32455935,0.00648609,0.00000000,0.00289373,0.62292307,0.57227812,0.67739007
-4.39719860,1.56314234,0.00097038,0.29266868,0.00624820,0.00000000,0.00281383,0.60848147,0.53504109,0.65863956
-4.39119560,1.50965759,0.00093144,0.26364441,0.00605051,0.00000000,0.00274177,0.59870381,0.50323739,0.64375285
-4.38519260,1.46779911,0.00090002,0.23757057,0.00589353,0.00000000,0.00267737,0.59374793,0.47702377,0.63267416
-4.37918959,1.43750010,0.00087486,0.21447589,0.00577679,0.00000000,0.00262010,0.59368849,0.45647190,0.62525577
-4.37318659,1.41847574,0.00085474,0.19433818,0.00569896,0.00000000,0.00256915,0.59851819,0.44157359,0.62126670
-4.36718359,1.41024238,0.00083843,0.17708964,0.00565792,0.00000000,0.00252347,0.60815050,0.43224718,0.62040309
-4.36118059,1.41214012,0.00082480,0.16262279,0.00565084,0.00000000,0.00248184,0.62242382,0.42834478,0.62229986
-4.35517759,1.42335764,0.00081280,0.15079680,0.00567434,0.00000000,0.00244289,0.64110672,0.42966016,0.62654311
-4.34917459,1.44295869,0.00080146,0.14144401,0.00572460,0.00000000,0.00240526,0.66390420,0.43593687,0.63268298
-4.34317159,1.46990933,0.00078993,0.13437644,0.00579747,0.00000000,0.00236754,0.69046470,0.44687647,0.64024651
-4.33716858,1.50310528,0.00077751,0.12939209,0.00588864,0.00000000,0.00232843,0.72038770,0.46214667,0.64875031
-4.33116558,1.54139880,0.00076360,0.12628090,0.00599374,0.00000000,0.00228675,0.75323190,0.48138908,0.65771262
-4.32516258,1.58362462,0.00074777,0.12483018,0.00610848,0.00000000,0.00224145,0.78852371,0.50422666,0.66666466
-4.31915958,1.62862445,0.00072969,0.12482958,0.00622873,0.00000000,0.00219171,0.82576598,0.53027057,0.67516102
-4.31315658,1.67526988,0.00070920,0.12607534,0.00635065,0.00000000,0.00213693,0.86444694,0.55912648,0.68278901
-4.30715358,1.72248316,0.00068624,0.12837392,0.00647075,0.00000000,0.00207672,0.90404908,0.59040024,0.68917678
-4.30115058,1.76925585,0.00066088,0.13154487,0.00658595,0.00000000,0.00201095,0.94405803,0.62370283,0.69400024
-4.29514757,1.81466500,0.00063328,0.13542305,0.00669365,0.00000000,0.00193973,0.98397111,0.65865464,0.69698867
-4.28914457,1.85788672,0.00060369,0.13986013,0.00679176,0.00000000,0.00186335,1.02330556,0.69488899,0.69792892
-4.28314157,1.89820696,0.00057242,0.14472536,0.00687870,0.00000000,0.00178234,1.06160617,0.73205492,0.69666836
-4.27713857,1.93502946,0.00053986,0.14990574,0.00695342,0.00000000,0.00169739,1.09845216,0.76981913,0.69311646
-4.27113557,1.96788063,0.00050640,0.15530557,0.00701538,0.00000000,0.00160932,1.13346315,0.80786722,0.68724497
-4.26513257,1.99641144,0.00047247,0.16084542,0.00706452,0.00000000,0.00151909,1.16630398,0.84590403,0.67908689
-4.25912956,2.02039619,0.00043850,0.16646064,0.00710122,0.00000000,0.00142772,1.19668829,0.88365332,0.66873421
-4.25312656,2.03972836,0.00040492,0.17209944,0.00712627,0.00000000,0.00133629,1.22438066,0.92085662,0.65633434
-4.24712356,2.05441346,0.00037213,0.17772070,0.00714078,0.00000000,0.00124590,1.24919728,0.95727141,0.64208563
-4.24112056,2.06455925,0.00034049,0.18329145,0.00714614,0.00000000,0.00115765,1.27100509,0.99266874,0.62623170
-4.23511756,2.07036357,0.00031036,0.18878439,0.00714396,0.00000000,0.00107261,1.28971933,1.02683037,0.60905503
-4.22911456,2.07210006,0.00028202,0.19417524,0.00713598,0.00000000,0.00099179,1.30529984,1.05954564,0.59086970
-4.22311156,2.07010226,0.00025574,0.19944037,0.00712398,0.00000000,0.00091614,1.31774595,1.09060822,0.57201348
-4.21710855,2.06474665,0.00023171,0.20455450,0.00710978,0.00000000,0.00084654,1.32709051,1.11981299,0.55283952
-4.21110555,2.05643511,0.00021012,0.20948879,0.00709508,0.00000000,0.00078374,1.33339308,1.14695330,0.53370763
-4.20510255,2.04557734,0.00019107,0.21420937,0.00708150,0.00000000,0.00072841,1.33673281,1.17181884,0.51497544
-4.19909955,2.03257396,0.00017465,0.21867629,0.00707043,0.00000000,0.00068112,1.33720130,1.19419435,0.49698953
-4.19309655,2.01780079,0.00016089,0.22284304,0.00706305,0.00000000,0.00064230,1.33489579,1.21385944,0.48007684
-4.18709355,2.00159489,0.00014981,0.22665666,0.00706025,0.00000000,0.00061225,1.32991304,1.23058956,0.46453635
-4.18109055,1.98424277,0.00014137,0.23005833,0.00706262,0.00000000,0.00059118,1.32234430,1.24415838,0.45063138
-4.17508754,1.96597123,0.00013551,0.23298460,0.00707043,0.00000000,0.00057912,1.31227150,1.25434146,0.43858264
-4.16908454,1.94694108,0.00013214,0.23536903,0.00708360,0.00000000,0.00057600,1.29976494,1.26092127,0.42856225
-4.16308154,1.92724399,0.00013114,0.23714425,0.00710173,0.00000000,0.00058162,1.28488251,1.26369337,0.42068880
-4.15707854,1.90690236,0.00013236,0.23824437,0.00712404,0.00000000,0.00059560,1.26767052,1.26247343,0.41502383
-4.15107554,1.88587228,0.00013564,0.23860745,0.00714948,0.00000000,0.00061747,1.24816588,1.25710495,0.41156964
-4.14507254,1.86404930,0.00014077,0.23817818,0.00717666,0.00000000,0.00064661,1.22639966,1.24746716,0.41026876
-4.13906953,1.84127672,0.00014755,0.23691031,0.00720394,0.00000000,0.00068224,1.20240157,1.23348268,0.41100504
-4.13306653,1.81735607,0.00015574,0.23476901,0.00722945,0.00000000,0.00072350,1.17620509,1.21512458,0.41360649
-4.12706353,1.79205909,0.00016508,0.23173282,0.00725112,0.00000000,0.00076939,1.14785293,1.19242229,0.41784978
-4.12106053,1.76514099,0.00017530,0.22779516,0.00726676,0.00000000,0.00081882,1.11740240,1.16546611,0.42346641
-4.11505753,1.73635412,0.00018613,0.22296534,0.00727409,0.00000000,0.00087060,1.08493031,1.13440979,0.43015037
-4.10905453,1.70546173,0.00019728,0.21726900,0.00727082,0.00000000,0.00092350,1.05053706,1.09947113,0.43756714
-4.10305153,1.67225108,0.00020845,0.21074796,0.00725469,0.00000000,0.00097625,1.01434971,1.06093029,0.44536372
-4.09704852,1.63654558,0.00021935,0.20345943,0.00722355,0.00000000,0.00102755,0.97652375,1.01912595,0.45317932
-4.09104552,1.59821534,0.00022970,0.19547477,0.00717545,0.00000000,0.00107614,0.93724347,0.97444925,0.46065651
-4.08504252,1.55718579,0.00023923,0.18687762,0.00710863,0.00000000,0.00112079,0.89672091,0.92733592,0.46745220
-4.07903952,1.51344412,0.00024770,0.17776175,0.00702167,0.00000000,0.00116039,0.85519343,0.87825670,0.47324816
-4.07303652,1.46704331,0.00025487,0.16822853,0.00691346,0.00000000,0.00119389,0.81291997,0.82770663,0.47776068
-4.06703352,1.41810350,0.00026055,0.15838426,0.00678332,0.00000000,0.00122043,0.77017624,0.77619352,0.48074877
-4.06103052,1.36681093,0.00026459,0.14833737,0.00663096,0.00000000,0.00123927,0.72724913,0.72422624,0.48202085
-4.05502751,1.31341421,0.00026688,0.13819571,0.00645658,0.00000000,0.00124988,0.68443041,0.67230313,0.48143939
-4.04902451,1.25821839,0.00026733,0.12806398,0.00626081,0.00000000,0.00125192,0.64201028,0.62090113,0.47892346
-4.04302151,1.20157686,0.00026592,0.11804135,0.00604473,0.00000000,0.00124526,0.60027077,0.57046596,0.47444901
-4.03701851,1.14388157,0.00026266,0.10821947,0.00580989,0.00000000,0.00122995,0.55947956,0.52140371,0.46804700
-4.03101551,1.08555181,0.00025761,0.09868081,0.00555821,0.00000000,0.00120627,0.51988411,0.47407408,0.45979940
-4.02501251,1.02702220,0.00025087,0.08949737,0.00529196,0.00000000,0.00117467,0.48170671,0.42878537,0.44983336
-4.01900950,0.96873025,0.00024257,0.08072987,0.00501372,0.00000000,0.00113577,0.44514023,0.38579143,0.43831390
-4.01300650,0.91110398,0.00023287,0.07242733,0.00472628,0.00000000,0.00109034,0.41034497,0.34529033,0.42543546
-4.00700350,0.85455021,0.00022196,0.06462700,0.00443258,0.00000000,0.00103926,0.37744652,0.30742485,0.41141272
-4.00100050,0.79944385,0.00021005,0.05735470,0.00413562,0.00000000,0.00098350,0.34653473,0.27228442,0.39647135
-3.99499750,0.74611874,0.00019736,0.05062536,0.00383839,0.00000000,0.00092409,0.31766379,0.23990846,0.38083891
-3.98899450,0.69486024,0.00018410,0.04444397,0.00354379,0.00000000,0.00086206,0.29085324,0.21029076,0.36473645
-3.98299150,0.64589997,0.00017051,0.03880651,0.00325455,0.00000000,0.00079847,0.26608997,0.18338466,0.34837126
-3.97698849,0.59941268,0.00015679,0.03370117,0.00297320,0.00000000,0.00073430,0.24333105,0.15910872,0.33193083
-3.97098549,0.55551550,0.00014314,0.02910957,0.00270195,0.00000000,0.00067050,0.22250718,0.13735270,0.31557848
-3.96498249,0.51426932,0.00012974,0.02500799,0.00244272,0.00000000,0.00060794,0.20352668,0.11798353,0.29945059
-3.95897949,0.47568219,0.00011675,0.02136860,0.00219708,0.00000000,0.00054739,0.18627985,0.10085110,0.28365548
-3.95297649,0.43971453,0.00010432,0.01816062,0.00196625,0.00000000,0.00048951,0.17064351,0.08579372,0.26827382
-3.94697349,0.40628578,0.00009254,0.01535138,0.00175107,0.00000000,0.00043486,0.15648555,0.07264314,0.25336049
-3.94097049,0.37528208,0.00008152,0.01290730,0.00155205,0.00000000,0.00038390,0.14366937,0.06122893,0.23894749
-3.93496748,0.34656458,0.00007130,0.01079470,0.00136938,0.00000000,0.00033698,0.13205807,0.05138229,0.22504776
-3.92896448,0.31997800,0.00006194,0.00898051,0.00120294,0.00000000,0.00029437,0.12151818,0.04293926,0.21165955
-3.92296148,0.29535900,0.00005344,0.00743289,0.00105237,0.00000000,0.00025626,0.11192297,0.03574325,0.19877098
-3.91695848,0.27254401,0.00004581,0.00612163,0.00091708,0.00000000,0.00022280,0.10315518,0.02964698,0.18636457
-3.91095548,0.25137626,0.00003903,0.00501853,0.00079632,0.00000000,0.00019410,0.09510917,0.02451393,0.17442154
-3.90495248,0.23171175,0.00003307,0.00409764,0.00068919,0.00000000,0.00017024,0.08769238,0.02021923,0.16292547
-3.89894947,0.21342402,0.00002791,0.00333539,0.00059473,0.00000000,0.00015134,0.08082625,0.01665014,0.15186545
-3.89294647,0.19640769,0.00002348,0.00271070,0.00051191,0.00000000,0.00013754,0.07444656,0.01370625,0.14123837
-3.88694347,0.18058072,0.00001976,0.00220496,0.00043968,0.00000000,0.00012906,0.06850328,0.01129924,0.13105058
-3.88094047,0.16588552,0.00001669,0.00180202,0.00037702,0.00000000,0.00012619,0.06295987,0.00935259,0.12131864
-3.87493747,0.15228898,0.00001423,0.00148808,0.00032295,0.00000000,0.00012934,0.05779237,0.00780094,0.11206953
-3.86893447,0.13978162,0.00001233,0.00125164,0.00027653,0.00000000,0.00013905,0.05298812,0.00658952,0.10334020
-3.86293147,0.12837600,0.00001097,0.00108330,0.00023690,0.00000000,0.00015602,0.04854435,0.00567328,0.09517667
-3.85692846,0.11810453,0.00001012,0.00097567,0.00020327,0.00000000,0.00018108,0.04446663,0.00501619,0.08763273
-3.85092546,0.10901698,0.00000975,0.00092320,0.00017496,0.00000000,0.00021527,0.04076732,0.00459034,0.08076850
-3.84492246,0.10117765,0.00000987,0.00092200,0.00015134,0.00000000,0.00025977,0.03746404,0.00437514,0.07464868
-3.83891946,0.09466238,0.00001045,0.00096969,0.00013188,0.00000000,0.00031598,0.03457822,0.00435646,0.06934092
-3.83291646,0.08955549,0.00001152,0.00106522,0.00011613,0.00000000,0.00038541,0.03213371,0.00452580,0.06491400
-3.82691346,0.08594666,0.00001307,0.00120867,0.00010372,0.00000000,0.00046974,0.03015552,0.00487947,0.06143616
-3.82091046,0.08392770,0.00001514,0.00140108,0.00009432,0.00000000,0.00057077,0.02866867,0.00541770,0.05897332
-3.81490745,0.08358925,0.00001775,0.00164421,0.00008769,0.00000000,0.00069033,0.02769710,0.00614385,0.05758740
-3.80890445,0.08501732,0.00002092,0.00194034,0.00008360,0.00000000,0.00083030,0.02726264,0.00706350,0.05733453
-3.80290145,0.08828970,0.00002469,0.00229205,0.00008189,0.00000000,0.00099250,0.02738406,0.00818359,0.05826323
-3.79689845,0.09347208,0.00002909,0.00270195,0.00008241,0.00000000,0.00117863,0.02807607,0.00951151,0.06041254
-3.79089545,0.10061411,0.00003413,0.00317245,0.00008505,0.00000000,0.00139016,0.02934840,0.01105416,0.06380994
-3.78489245,0.10974513,0.00003985,0.00370551,0.00008971,0.00000000,0.00162828,0.03120479,0.01281705,0.06846933
-3.77888944,0.12086991,0.00004626,0.00430234,0.00009627,0.00000000,0.00189380,0.03364206,0.01480337,0.07438879
-3.77288644,0.13396441,0.00005335,0.00496320,0.00010464,0.00000000,0.00218701,0.03664913,0.01701311,0.08154847
-3.76688344,0.14897173,0.00006113,0.00568711,0.00011471,0.00000000,0.00250763,0.04020616,0.01944220,0.08990849
-3.76088044,0.16579844,0.00006955,0.00647166,0.00012636,0.00000000,0.00285471,0.04428373,0.02208183,0.09940712
-3.75487744,0.18431157,0.00007859,0.00731287,0.00013943,0.00000000,0.00322657,0.04884217,0.02491778,0.10995919
-3.74887444,0.20433656,0.00008817,0.00820497,0.00015377,0.00000000,0.00362073,0.05383119,0.02792999,0.12145515
-3.74287144,0.22565623,0.00009822,0.00914040,0.00016918,0.00000000,0.00403390,0.05918967,0.03109229,0.13376058
-3.73686843,0.24801124,0.00010864,0.01010979,0.00018546,0.00000000,0.00446197,0.06484585,0.03437237,0.14671661
-3.73086543,0.27110205,0.00011930,0.01110196,0.00020235,0.00000000,0.00490005,0.07071792,0.03773196,0.16014118
-3.72486243,0.29459256,0.00013007,0.01210414,0.00021959,0.00000000,0.00534250,0.07671495,0.04112734,0.17383121
-3.71885943,0.31811556,0.00014079,0.01310216,0.00023691,0.00000000,0.00578307,0.08273835,0.04451004,0.18756585
-3.71285643,0.34127974,0.00015130,0.01408069,0.00025400,0.00000000,0.00621504,0.08868370,0.04782784,0.20111063
-3.70685343,0.36367841,0.00016144,0.01502370,0.00027054,0.00000000,0.00663130,0.09444295,0.05102601,0.21422254
-3.70085043,0.38489939,0.00017101,0.01591479,0.00028624,0.00000000,0.00702464,0.09990698,0.05404869,0.22665587
-3.69484742,0.40453596,0.00017985,0.01673768,0.00030077,0.00000000,0.00738787,0.10496845,0.05684049,0.23816858
-3.68884442,0.42219839,0.00018780,0.01747672,0.00031385,0.00000000,0.00771409,0.10952471,0.05934811,0.24852904
-3.68284142,0.43752551,0.00019468,0.01811736,0.00032521,0.00000000,0.00799687,0.11348078,0.06152202,0.25752284
-3.67683842,0.45019592,0.00020037,0.01864662,0.00033459,0.00000000,0.00823048,0.11675223,0.06331805,0.26495928
-3.67083542,0.45993829,0.00020474,0.01905352,0.00034182,0.00000000,0.00841009,0.11926783,0.06469889,0.27067742
-3.66483242,0.46654022,0.00020771,0.01932950,0.00034671,0.00000000,0.00853190,0.12097179,0.06563535,0.27455124
-3.65882941,0.46985531,0.00020920,0.01946865,0.00034916,0.00000000,0.00859332,0.12182557,0.06610739,0.27649378
-3.65282641,0.46980799,0.00020919,0.01946800,0.00034912,0.00000000,0.00859303,0.12180913,0.06610482,0.27645991
-3.64682341,0.46639596,0.00020768,0.01932756,0.00034658,0.00000000,0.00853103,0.12092151,0.06562766,0.27444775
-3.64082041,0.45969002,0.00020470,0.01905034,0.00034159,0.00000000,0.00840867,0.11918080,0.06468615,0.27049856
-3.63481741,0.44983136,0.00020032,0.01864229,0.00033427,0.00000000,0.00822854,0.11662341,0.06330038,0.26469512
-3.62881441,0.43702642,0.00019462,0.01811200,0.00032476,0.00000000,0.00799445,0.11330270,0.06149956,0.25715863
-3.62281141,0.42153954,0.00018773,0.01747047,0.00031325,0.00000000,0.00771125,0.10928710,0.05932102,0.24804446
-3.61680840,0.40368375,0.00017977,0.01673073,0.00030000,0.00000000,0.00738469,0.10465772,0.05680891,0.23753662
-3.61080540,0.38381026,0.00017092,0.01590736,0.00028524,0.00000000,0.00702119,0.09950558,0.05401276,0.22584165
-3.60480240,0.36229692,0.00016134,0.01501607,0.00026928,0.00000000,0.00662768,0.09392866,0.05098581,0.21318174
-3.59879940,0.33953643,0.00015120,0.01407318,0.00025240,0.00000000,0.00621134,0.08802883,0.04778339,0.19978783
-3.59279640,0.31592457,0.00014069,0.01309514,0.00023490,0.00000000,0.00577942,0.08190881,0.04446130,0.18589265
-3.58679340,0.29184913,0.00012996,0.01209809,0.00021708,0.00000000,0.00533902,0.07566929,0.04107420,0.17172419
-3.58079040,0.26767985,0.00011919,0.01109745,0.00019922,0.00000000,0.00489691,0.06940639,0.03767424,0.15749979
-3.57478739,0.24375982,0.00010853,0.01010756,0.00018158,0.00000000,0.00445936,0.06320936,0.03430986,0.14342101
-3.56878439,0.22039844,0.00009811,0.00914141,0.00016441,0.00000000,0.00403205,0.05715890,0.03102480,0.12966950
-3.56278139,0.19786636,0.00008806,0.00821042,0.00014792,0.00000000,0.00361992,0.05132577,0.02785741,0.11640397
-3.55677839,0.17639214,0.00007847,0.00732434,0.00013233,0.00000000,0.00322716,0.04577005,0.02484019,0.10375821
-3.55077539,0.15616094,0.00006942,0.00649121,0.00011778,0.00000000,0.00285717,0.04054080,0.02199966,0.09184025
-3.54477239,0.13731489,0.00006098,0.00571739,0.00010444,0.00000000,0.00251256,0.03567624,0.01935637,0.08073251
-3.53876938,0.11995502,0.00005319,0.00500768,0.00009243,0.00000000,0.00219518,0.03120435,0.01692527,0.07049291
-3.53276638,0.10414457,0.00004607,0.00436547,0.00008187,0.00000000,0.00190621,0.02714378,0.01471621,0.06115670
-3.52676338,0.08991344,0.00003962,0.00379295,0.00007286,0.00000000,0.00164619,0.02350513,0.01273456,0.05273898
-3.52076038,0.07726335,0.00003384,0.00329142,0.00006552,0.00000000,0.00141520,0.02029241,0.01098200,0.04523766
-3.51475738,0.06617356,0.00002871,0.00286151,0.00005997,0.00000000,0.00121285,0.01750464,0.00945743,0.03863669
-3.50875438,0.05660691,0.00002420,0.00250353,0.00005633,0.00000000,0.00103849,0.01513760,0.00815779,0.03290945
-3.50275138,0.04851579,0.00002028,0.00221772,0.00005477,0.00000000,0.00089127,0.01318549,0.00707903,0.02802216
-3.49674837,0.04184793,0.00001691,0.00200460,0.00005548,0.00000000,0.00077025,0.01164264,0.00621698,0.02393709
-3.49074537,0.03655183,0.00001404,0.00186522,0.00005871,0.00000000,0.00067450,0.01050507,0.00556812,0.02061563
-3.48474237,0.03258165,0.00001163,0.00180145,0.00006473,0.00000000,0.00060317,0.00977191,0.00513041,0.01802096
-3.47873937,0.02990143,0.00000964,0.00181617,0.00007391,0.00000000,0.00055561,0.00944668,0.00490387,0.01612039
-3.47273637,0.02848865,0.00000803,0.00191351,0.00008663,0.00000000,0.00053138,0.00953832,0.00489116,0.01488731
-3.46673337,0.02833692,0.00000675,0.00209898,0.00010338,0.00000000,0.00053029,0.01006199,0.00509799,0.01430262
-3.46073037,0.02945795,0.00000579,0.00237959,0.00012470,0.00000000,0.00055246,0.01103968,0.00553339,0.01435583
-3.45472736,0.03188267,0.00000509,0.00276390,0.00015118,0.00000000,0.00059831,0.01250043,0.00620989,0.01504558
-3.44872436,0.03566151,0.00000465,0.00326204,0.00018350,0.00000000,0.00066854,0.01448039,0.00714351,0.01637987
-3.44272136,0.04086393,0.00000445,0.00388567,0.00022237,0.00000000,0.00076411,0.01702255,0.00835363,0.01837576
-3.43671836,0.04757719,0.00000447,0.00464786,0.00026855,0.00000000,0.00088620,0.02017615,0.00986279,0.02105878
-3.43071536,0.05590439,0.00000472,0.00556298,0.00032281,0.00000000,0.00103613,0.02399588,0.01169624,0.02446198
-3.42471236,0.06596186,0.00000518,0.00664645,0.00038595,0.00000000,0.00121533,0.02854075,0.01388151,0.02862459
-3.41870935,0.07787605,0.00000587,0.00791452,0.00045876,0.00000000,0.00142520,0.03387275,0.01644779,0.03359059
-3.41270635,0.09177986,0.00000681,0.00938397,0.00054195,0.00000000,0.00166704,0.04005526,0.01942529,0.03940695
-3.40670335,0.10780875,0.00000803,0.01107182,0.00063622,0.00000000,0.00194194,0.04715136,0.02284455,0.04612182
-3.40070035,0.12609650,0.00000954,0.01299495,0.00074214,0.00000000,0.00225070,0.05522190,0.02673570,0.05378262
-3.39469735,0.14677103,0.00001141,0.01516981,0.00086019,0.00000000,0.00259367,0.06432362,0.03112780,0.06243420
-3.38869435,0.16995025,0.00001367,0.01761205,0.00099068,0.00000000,0.00297070,0.07450719,0.03604819,0.07211704
-3.38269135,0.19573818,0.00001641,0.02033619,0.00113378,0.00000000,0.00338104,0.08581537,0.04152195,0.08286567
-3.37668834,0.22422147,0.00001970,0.02335541,0.00128945,0.00000000,0.00382325,0.09828129,0.04757145,0.09470734
-3.37068534,0.25546650,0.00002362,0.02668122,0.00145747,0.00000000,0.00429519,0.11192695,0.05421612,0.10766097
-3.36468234,0.28951704,0.00002831,0.03032336,0.00163739,0.00000000,0.00479396,0.12676197,0.06147230,0.12173646
-3.35867934,0.32639272,0.00003388,0.03428959,0.00182857,0.00000000,0.00531591,0.14278271,0.06935331,0.13693441
-3.35267634,0.36608821,0.00004048,0.03858569,0.00203016,0.00000000,0.00585670,0.15997168,0.07786966,0.15324616
-3.34667334,0.40857306,0.00004827,0.04321534,0.00224113,0.00000000,0.00641133,0.17829734,0.08702935,0.17065426
-3.34067034,0.45379228,0.00005744,0.04818020,0.00246028,0.00000000,0.00697428,0.19771424,0.09683831,0.18913317
-3.33466733,0.50166731,0.00006820,0.05347985,0.00268627,0.00000000,0.00753959,0.21816350,0.10730083,0.20865019
-3.32866433,0.55209738,0.00008076,0.05911187,0.00291767,0.00000000,0.00810106,0.23957353,0.11841990,0.22916651
-3.32266133,0.60496096,0.00009534,0.06507177,0.00315298,0.00000000,0.00865238,0.26186098,0.13019750,0.25063823
-3.31665833,0.66011712,0.00011219,0.07135292,0.00339069,0.00000000,0.00918732,0.28493178,0.14263462,0.27301728
-3.31065533,0.71740657,0.00013155,0.07794644,0.00362928,0.00000000,0.00969992,0.30868229,0.15573099,0.29625201
-3.30465233,0.77665217,0.00015364,0.08484095,0.00386733,0.00000000,0.01018462,0.33300035,0.16948449,0.32028745
-3.29864932,0.83765887,0.00017870,0.09202224,0.00410347,0.00000000,0.01063649,0.35776627,0.18389010,0.34506511
-3.29264632,0.90021279,0.00020690,0.09947284,0.00433648,0.00000000,0.01105129,0.38285368,0.19893853,0.37052222
-3.28664332,0.96407979,0.00023842,0.10717154,0.00456526,0.00000000,0.01142563,0.40813018,0.21461436,0.39659060
-3.28064032,1.02900329,0.00027337,0.11509281,0.00478888,0.00000000,0.01175699,0.43345787,0.23089391,0.42319488
-3.27463732,1.09470180,0.00031179,0.12320623,0.00500653,0.00000000,0.01204377,0.45869370,0.24774283,0.45025055
-3.26863432,1.16086625,0.00035367,0.13147589,0.00521760,0.00000000,0.01228528,0.48368979,0.26511369,0.47766174
-3.26263132,1.22715770,0.00039890,0.13986000,0.00542157,0.00000000,0.01248166,0.50829376,0.28294351,0.50531899
-3.25662831,1.29320560,0.00044728,0.14831046,0.00561806,0.00000000,0.01263383,0.53234912,0.30115168,0.53309729
-3.25062531,1.35860723,0.00049854,0.15677279,0.00580677,0.00000000,0.01274334,0.55569596,0.31963830,0.56085461
-3.24462231,1.42292855,0.00055226,0.16518622,0.00598749,0.00000000,0.01281228,0.57817194,0.33828325,0.58843107
-3.23861931,1.48570694,0.00060794,0.17348417,0.00616003,0.00000000,0.01284305,0.59961366,0.35694618,0.61564917
-3.23261631,1.54645607,0.00066499,0.18159494,0.00632424,0.00000000,0.01283830,0.61985859,0.37546742,0.64231502
-3.22661331,1.60467296,0.00072271,0.18944293,0.00647994,0.00000000,0.01280073,0.63874744,0.39367024,0.66822084
-3.22061031,1.65984729,0.00078031,0.19695002,0.00662698,0.00000000,0.01273298,0.65612711,0.41136412,0.69314871
-3.21460730,1.71147275,0.00083695,0.20403747,0.00676516,0.00000000,0.01263752,0.67185402,0.42834937,0.71687557
-3.20860430,1.75906013,0.00089176,0.21062789,0.00689427,0.00000000,0.01251657,0.68579789,0.44442267,0.73917917
-3.20260130,1.80215166,0.00094382,0.21664755,0.00701409,0.00000000,0.01237206,0.69784557,0.45938359,0.75984500
-3.19659830,1.84033585,0.00099223,0.22202873,0.00712443,0.00000000,0.01220561,0.70790505,0.47304167,0.77867367
-3.19059530,1.87326230,0.00103612,0.22671206,0.00722508,0.00000000,0.01201856,0.71590920,0.48522386,0.79548847
-3.18459230,1.90065556,0.00107470,0.23064874,0.00731592,0.00000000,0.01181196,0.72181904,0.49578173,0.81014267
-3.17858929,1.92232718,0.00110724,0.23380250,0.00739687,0.00000000,0.01158672,0.72562652,0.50459838,0.82252621
-3.17258629,1.93818538,0.00113314,0.23615124,0.00746796,0.00000000,0.01134361,0.72735627,0.51159423,0.83257119
-3.16658329,1.94824143,0.00115195,0.23768813,0.00752933,0.00000000,0.01108337,0.72706648,0.51673176,0.84025592
-3.16058029,1.95261236,0.00116335,0.23842223,0.00758122,0.00000000,0.01080682,0.72484850,0.52001841,0.84560722
-3.15457729,1.95151956,0.00116720,0.23837844,0.00762403,0.00000000,0.01051491,0.72082523,0.52150774,0.84870058
-3.14857429,1.94528308,0.00116352,0.23759691,0.00765825,0.00000000,0.01020879,0.71514821,0.52129850,0.84965823
-3.14257129,1.93431173,0.00115251,0.23613169,0.00768449,0.00000000,0.00988984,0.70799354,0.51953156,0.84864494
-3.13656828,1.91908919,0.00113452,0.23404889,0.00770345,0.00000000,0.00955975,0.69955659,0.51638483,0.84586183
-3.13056528,1.90015675,0.00111008,0.23142424,0.00771586,0.00000000,0.00922045,0.69004583,0.51206627,0.84153822
-3.12456228,1.87809324,0.00107980,0.22834030,0.00772250,0.00000000,0.00887411,0.67967591,0.50680533,0.83592207
-3.11855928,1.85349306,0.00104443,0.22488328,0.00772406,0.00000000,0.00852312,0.66866036,0.50084316,0.82926925
-3.11255628,1.82694336,0.00100480,0.22113977,0.00772119,0.00000000,0.00817000,0.65720409,0.49442215,0.82183225
-3.10655328,1.79900134,0.00096176,0.21719341,0.00771439,0.00000000,0.00781732,0.64549621,0.48777516,0.81384888
-3.10055028,1.77017280,0.00091622,0.21312178,0.00770397,0.00000000,0.00746765,0.63370328,0.48111519,0.80553151
-3.09454727,1.74089296,0.00086905,0.20899345,0.00769003,0.00000000,0.00712342,0.62196352,0.47462588,0.79705741
-3.08854427,1.71151055,0.00082109,0.20486565,0.00767241,0.00000000,0.00678688,0.61038217,0.46845331,0.78856068
-3.08254127,1.68227586,0.00077312,0.20078234,0.00765067,0.00000000,0.00646001,0.59902816,0.46269977,0.78012627
-3.07653827,1.65333353,0.00072583,0.19677299,0.00762410,0.00000000,0.00614445,0.58793247,0.45741952,0.77178637
-3.07053527,1.62472026,0.00067984,0.19285208,0.00759168,0.00000000,0.00584145,0.57708810,0.45261699,0.76351943
-3.06453227,1.59636785,0.00063563,0.18901924,0.00755216,0.00000000,0.00555186,0.56645177,0.44824747,0.75525188
-3.05852926,1.56811113,0.00059358,0.18526018,0.00750408,0.00000000,0.00527612,0.55594726,0.44422019,0.74686246
-3.05252626,1.53970068,0.00055395,0.18154823,0.00744580,0.00000000,0.00501425,0.54547026,0.44040363,0.73818903
-3.04652326,1.51081956,0.00051691,0.17784645,0.00737560,0.00000000,0.00476590,0.53489455,0.43663295,0.72903754
-3.04052026,1.48110329,0.00048251,0.17411023,0.00729171,0.00000000,0.00453041,0.52407912,0.43271882,0.71919260
-3.03451726,1.45016199,0.00045071,0.17029013,0.00719246,0.00000000,0.00430682,0.51287602,0.42845748,0.70842932
-3.02851426,1.41760378,0.00042141,0.16633504,0.00707631,0.00000000,0.00409401,0.50113851,0.42364138,0.69652560
-3.02251126,1.38305803,0.00039445,0.16219517,0.00694195,0.00000000,0.00389069,0.48872909,0.41806982,0.68327448
-3.01650825,1.34619747,0.00036961,0.15782506,0.00678838,0.00000000,0.00369557,0.47552705,0.41155910,0.66849580
-3.01050525,1.30675806,0.00034668,0.15318621,0.00661498,0.00000000,0.00350735,0.46143525,0.40395174,0.65204657
-3.00450225,1.26455569,0.00032540,0.14824937,0.00642157,0.00000000,0.00332483,0.44638570,0.39512417,0.63382975
-2.99849925,1.21949895,0.00030554,0.14299623,0.00620842,0.00000000,0.00314698,0.43034374,0.38499280,0.61380080
-2.99249625,1.17159743,0.00028688,0.13742064,0.00597632,0.00000000,0.00297293,0.41331075,0.37351797,0.59197193
-2.98649325,1.12096535,0.00026923,0.13152916,0.00572652,0.00000000,0.00280206,0.39532509,0.36070589,0.56841382
-2.98049025,1.06782048,0.00025242,0.12534097,0.00546073,0.00000000,0.00263399,0.37646151,0.34660843,0.54325487
-2.97448724,1.01247860,0.00023633,0.11888725,0.00518111,0.00000000,0.00246862,0.35682892,0.33132097,0.51667805
-2.96848424,0.95534400,0.00022087,0.11220996,0.00489016,0.00000000,0.00230607,0.33656687,0.31497842,0.48891569
-2.96248124,0.89689674,0.00020601,0.10536029,0.00459070,0.00000000,0.00214671,0.31584081,0.29774981,0.46024265
-2.95647824,0.83767738,0.00019175,0.09839663,0.00428573,0.00000000,0.00199116,0.29483657,0.27983178,0.43096813
-2.95047524,0.77827028,0.00017812,0.09138243,0.00397840,0.00000000,0.00184018,0.27375426,0.26144133,0.40142675
-2.94447224,0.71928627,0.00016520,0.08438388,0.00367190,0.00000000,0.00169472,0.25280204,0.24280824,0.37196948
-2.93846923,0.66134566,0.00015310,0.07746769,0.00336934,0.00000000,0.00155585,0.23218990,0.22416765,0.34295465
-2.93246623,0.60506251,0.00014195,0.07069891,0.00307372,0.00000000,0.00142473,0.21212400,0.20575294,0.31473980
-2.92646323,0.55103065,0.00013193,0.06413902,0.00278782,0.00000000,0.00130261,0.19280160,0.18778953,0.28767443
-2.92046023,0.49981223,0.00012322,0.05784428,0.00251418,0.00000000,0.00119077,0.17440684,0.17048945,0.26209416
-2.91445723,0.45192895,0.00011603,0.05186445,0.00225501,0.00000000,0.00109051,0.15710756,0.15404719,0.23831627
-2.90845423,0.40785613,0.00011061,0.04624189,0.00201219,0.00000000,0.00100315,0.14105311,0.13863665,0.21663675
-2.90245123,0.36801959,0.00010719,0.04101097,0.00178724,0.00000000,0.00093004,0.12637322,0.12440933,0.19732876
-2.89644822,0.33279507,0.00010606,0.03619793,0.00158132,0.00000000,0.00087248,0.11317782,0.11149361,0.18064231
-2.89044522,0.30250961,0.00010751,0.03182101,0.00139527,0.00000000,0.00083182,0.10155761,0.09999502,0.16680492
-2.88444222,0.27744460,0.00011183,0.02789090,0.00122957,0.00000000,0.00080936,0.09158536,0.08999729,0.15602291
-2.87843922,0.25783958,0.00011937,0.02441137,0.00108444,0.00000000,0.00080642,0.08331759,0.08156400,0.14848287
-2.87243622,0.24389627,0.00013044,0.02138008,0.00095982,0.00000000,0.00082430,0.07679641,0.07474055,0.14435304
-2.86643322,0.23578219,0.00014540,0.01878948,0.00085544,0.00000000,0.00086425,0.07205145,0.06955625,0.14378416
-2.86043022,0.23363310,0.00016458,0.01662775,0.00077085,0.00000000,0.00092749,0.06910148,0.06602632,0.14690945
-2.85442721,0.23755393,0.00018832,0.01487967,0.00070543,0.00000000,0.00101514,0.06795564,0.06415358,0.15384338
-2.84842421,0.24761771,0.00021695,0.01352746,0.00065846,0.00000000,0.00112823,0.06861414,0.06392968,0.16467922
-2.84242121,0.26386233,0.00025076,0.01255148,0.00062913,0.00000000,0.00126759,0.07106831,0.06533586,0.17948512
-2.83641821,0.28628512,0.00028999,0.01193079,0.00061655,0.00000000,0.00143385,0.07529998,0.06834301,0.19829882
-2.83041521,0.31483532,0.00033485,0.01164357,0.00061976,0.00000000,0.00162736,0.08128017,0.07291122,0.22112118
-2.82441221,0.34940499,0.00038544,0.01166738,0.00063777,0.00000000,0.00184812,0.08896722,0.07898878,0.24790874
-2.81840920,0.38981865,0.00044180,0.01197924,0.00066952,0.00000000,0.00209569,0.09830440,0.08651072,0.27856586
-2.81240620,0.43582250,0.00050385,0.01255567,0.00071388,0.00000000,0.00236918,0.10921735,0.09539710,0.31293665
-2.80640320,0.48707400,0.00057137,0.01337252,0.00076969,0.00000000,0.00266714,0.12161128,0.10555121,0.35079754
-2.80040020,0.54313261,0.00064404,0.01440488,0.00083567,0.00000000,0.00298752,0.13536842,0.11685782,0.39185096
-2.79439720,0.60345263,0.00072135,0.01562678,0.00091050,0.00000000,0.00332767,0.15034592,0.12918184,0.43572067
-2.78839420,0.66737910,0.00080268,0.01701108,0.00099275,0.00000000,0.00368426,0.16637426,0.14236736,0.48194946
-2.78239120,0.73414726,0.00088722,0.01852928,0.00108089,0.00000000,0.00405336,0.18325666,0.15623750,0.52999963
-2.77638819,0.80288661,0.00097403,0.02015146,0.00117332,0.00000000,0.00443043,0.20076953,0.17059509,0.57925664
-2.77038519,0.87262953,0.00106202,0.02184631,0.00126834,0.00000000,0.00481037,0.21866409,0.18522430,0.62903627
-2.76438219,0.94232504,0.00114999,0.02358126,0.00136420,0.00000000,0.00518764,0.23666935,0.19989329,0.67859524
-2.75837919,1.01085738,0.00123664,0.02532277,0.00145909,0.00000000,0.00555634,0.25449634,0.21435793,0.72714530
-2.75237619,1.07706914,0.00132058,0.02703677,0.00155118,0.00000000,0.00591036,0.27184362,0.22836644,0.77387038
-2.74637319,1.13978819,0.00140040,0.02868912,0.00163868,0.00000000,0.00624355,0.28840387,0.24166486,0.81794636
-2.74037019,1.19785765,0.00147470,0.03024629,0.00171982,0.00000000,0.00654982,0.30387137,0.25400319,0.85856278
-2.73436718,1.25016761,0.00154209,0.03167609,0.00179294,0.00000000,0.00682341,0.31795010,0.26514194,0.89494555
-2.72836418,1.29568733,0.00160129,0.03294838,0.00185651,0.00000000,0.00705898,0.33036206,0.27485877,0.92637991
-2.72236118,1.33349652,0.00165114,0.03403584,0.00190918,0.00000000,0.00725183,0.34085556,0.28295505,0.95223246
-2.71635818,1.36281433,0.00169063,0.03491477,0.00194981,0.00000000,0.00739801,0.34921302,0.28926187,0.97197129
-2.71035518,1.38302457,0.00171894,0.03556569,0.00197752,0.00000000,0.00749451,0.35525786,0.29364538,0.98518341
-2.70435218,1.39369594,0.00173548,0.03597393,0.00199167,0.00000000,0.00753928,0.35886034,0.29601102,0.99158839
-2.69834917,1.39459639,0.00173990,0.03613010,0.00199194,0.00000000,0.00753139,0.35994176,0.29630659,0.99104778
-2.69234617,1.38570070,0.00173211,0.03603028,0.00197830,0.00000000,0.00747097,0.35847713,0.29452386,0.98356966
-2.68634317,1.36719104,0.00171226,0.03567617,0.00195102,0.00000000,0.00735927,0.35449588,0.29069877,0.96930819
-2.68034017,1.33945027,0.00168077,0.03507499,0.00191064,0.00000000,0.00719861,0.34808071,0.28490999,0.94855802
-2.67433717,1.30304853,0.00163828,0.03423915,0.00185800,0.00000000,0.00699226,0.33936471,0.27727622,0.92174410
-2.66833417,1.25872348,0.00158566,0.03318585,0.00179415,0.00000000,0.00674436,0.32852663,0.26795196,0.88940698
-2.66233117,1.20735529,0.00152395,0.03193643,0.00172034,0.00000000,0.00645978,0.31578478,0.25712233,0.85218470
-2.65632816,1.14993755,0.00145436,0.03051570,0.00163801,0.00000000,0.00614396,0.30138971,0.24499689,0.81079171
-2.65032516,1.08754531,0.00137820,0.02895104,0.00154867,0.00000000,0.00580272,0.28561608,0.23180292,0.76599621
-2.64432216,1.02130185,0.00129685,0.02727159,0.00145394,0.00000000,0.00544211,0.26875401,0.21777837,0.71859645
-2.63831916,0.95234537,0.00121173,0.02550733,0.00135543,0.00000000,0.00506821,0.25110035,0.20316480,0.66939743
-2.63231616,0.88179728,0.00112423,0.02368824,0.00125474,0.00000000,0.00468698,0.23295027,0.18820066,0.61918858
-2.62631316,0.81073291,0.00103572,0.02184347,0.00115339,0.00000000,0.00430410,0.21458943,0.17311500,0.56872349
-2.62031016,0.74015605,0.00094746,0.02000061,0.00105280,0.00000000,0.00392483,0.19628701,0.15812213,0.51870228
-2.61430715,0.67097778,0.00086062,0.01818513,0.00095428,0.00000000,0.00355393,0.17828996,0.14341698,0.46975712
-2.60830415,0.60400027,0.00077624,0.01641988,0.00085894,0.00000000,0.00319554,0.16081841,0.12917173,0.42244126
-2.60230115,0.53990571,0.00069520,0.01472472,0.00076777,0.00000000,0.00285317,0.14406255,0.11553335,0.37722168
-2.59629815,0.47925044,0.00061824,0.01311638,0.00068155,0.00000000,0.00252964,0.12818084,0.10262234,0.33447530
-2.59029515,0.42246383,0.00054592,0.01160835,0.00060089,0.00000000,0.00222708,0.11329951,0.09053249,0.29448865
-2.58429215,0.36985166,0.00047867,0.01021100,0.00052623,0.00000000,0.00194697,0.09951335,0.07933153,0.25746042
-2.57828914,0.32160325,0.00041674,0.00893169,0.00045783,0.00000000,0.00169015,0.08688749,0.06906270,0.22350675
-2.57228614,0.27780164,0.00036026,0.00777510,0.00039583,0.00000000,0.00145692,0.07546010,0.05974683,0.19266853
-2.56628314,0.23843607,0.00030924,0.00674353,0.00034022,0.00000000,0.00124707,0.06524565,0.05138508,0.16492018
-2.56028014,0.20341598,0.00026358,0.00583731,0.00029087,0.00000000,0.00105995,0.05623876,0.04396187,0.14017952
-2.55427714,0.17258566,0.00022307,0.00505518,0.00024760,0.00000000,0.00089459,0.04841812,0.03744806,0.11831800
-2.54827414,0.14573902,0.00018745,0.00439475,0.00021011,0.00000000,0.00074973,0.04175053,0.03180406,0.09917101
-2.54227114,0.12263381,0.00015641,0.00385282,0.00017809,0.00000000,0.00062391,0.03619469,0.02698292,0.08254774
-2.53626813,0.10300470,0.00012959,0.00342583,0.00015119,0.00000000,0.00051556,0.03170477,0.02293307,0.06824036
-2.53026513,0.08657502,0.00010660,0.00311010,0.00012905,0.00000000,0.00042303,0.02823344,0.01960085,0.05603219
-2.52426213,0.07306676,0.00008708,0.00290213,0.00011129,0.00000000,0.00034467,0.02573440,0.01693259,0.04570483
-2.51825913,0.06220876,0.00007063,0.00279873,0.00009758,0.00000000,0.00027885,0.02416430,0.01487627,0.03704404
-2.51225613,0.05374299,0.00005688,0.00279720,0.00008757,0.00000000,0.00022401,0.02348399,0.01338286,0.02984441
-2.50625313,0.04742902,0.00004548,0.00289533,0.00008097,0.00000000,0.00017869,0.02365916,0.01240706,0.02391293
-2.50025013,0.04304667,0.00003611,0.00309137,0.00007750,0.00000000,0.00014154,0.02466029,0.01190779,0.01907143
-2.49424712,0.04039719,0.00002847,0.00338392,0.00007691,0.00000000,0.00011132,0.02646210,0.01184819,0.01515805
-2.48824412,0.03930300,0.00002228,0.00377181,0.00007898,0.00000000,0.00008694,0.02904241,0.01219544,0.01202796
-2.48224112,0.03960632,0.00001732,0.00425386,0.00008351,0.00000000,0.00006742,0.03238056,0.01292014,0.00955333
-2.47623812,0.04116695,0.00001337,0.00482863,0.00009032,0.00000000,0.00005191,0.03645558,0.01399562,0.00762282
-2.47023512,0.04385935,0.00001024,0.00549417,0.00009926,0.00000000,0.00003969,0.04124407,0.01539704,0.00614063
-2.46423212,0.04756944,0.00000779,0.00624773,0.00011015,0.00000000,0.00003013,0.04671800,0.01710041,0.00502536
-2.45822911,0.05219120,0.00000589,0.00708548,0.00012285,0.00000000,0.00002271,0.05284257,0.01908167,0.00420863
-2.45222611,0.05762338,0.00000442,0.00800226,0.00013719,0.00000000,0.00001700,0.05957423,0.02131567,0.00363371
-2.44622311,0.06376652,0.00000329,0.00899140,0.00015298,0.00000000,0.00001264,0.06685908,0.02377543,0.00325415
-2.44022011,0.07052044,0.00000244,0.01004455,0.00017006,0.00000000,0.00000933,0.07463158,0.02643146,0.00303247
-2.43421711,0.07778238,0.00000179,0.01115161,0.00018819,0.00000000,0.00000683,0.08281398,0.02925132,0.00293901
-2.42821411,0.08544588,0.00000131,0.01230077,0.00020716,0.00000000,0.00000497,0.09131625,0.03219941,0.00295091
-2.42221111,0.09340046,0.00000096,0.01347858,0.00022672,0.00000000,0.00000359,0.10003680,0.03523710,0.00305126
-2.41620810,0.10153224,0.00000070,0.01467019,0.00024660,0.00000000,0.00000258,0.10886400,0.03832306,0.00322843
-2.41020510,0.10972541,0.00000052,0.01585963,0.00026654,0.00000000,0.00000184,0.11767834,0.04141395,0.00347564
-2.40420210,0.11786447,0.00000040,0.01703026,0.00028625,0.00000000,0.00000130,0.12635540,0.04446534,0.00379061
-2.39819910,0.12583733,0.00000031,0.01816522,0.00030546,0.00000000,0.00000091,0.13476945,0.04743294,0.00417539
-2.39219610,0.13353892,0.00000027,0.01924799,0.00032390,0.00000000,0.00000064,0.14279747,0.05027392,0.00463644
-2.38619310,0.14087533,0.00000026,0.02026300,0.00034134,0.00000000,0.00000044,0.15032369,0.05294853,0.00518461
-2.38019010,0.14776817,0.00000027,0.02119628,0.00035757,0.00000000,0.00000030,0.15724417,0.05542162,0.00583542
-2.37418709,0.15415892,0.00000031,0.02203604,0.00037242,0.00000000,0.00000021,0.16347137,0.05766429,0.00660923
-2.36818409,0.16001312,0.00000038,0.02277328,0.00038581,0.00000000,0.00000014,0.16893852,0.05965539,0.00753154
-2.36218109,0.16532410,0.00000048,0.02340228,0.00039769,0.00000000,0.00000009,0.17360341,0.06138284,0.00863312
-2.35617809,0.17011591,0.00000061,0.02392104,0.00040810,0.00000000,0.00000006,0.17745146,0.06284476,0.00995024
-2.35017509,0.17444542,0.00000079,0.02433157,0.00041716,0.00000000,0.00000004,0.18049799,0.06405020,0.01152464
-2.34417209,0.17840324,0.00000102,0.02464001,0.00042507,0.00000000,0.00000003,0.18278925,0.06501948,0.01340339
-2.33816908,0.18211330,0.00000131,0.02485665,0.00043214,0.00000000,0.00000002,0.18440231,0.06578416,0.01563855
-2.33216608,0.18573112,0.00000168,0.02499570,0.00043873,0.00000000,0.00000001,0.18544368,0.06638645,0.01828656
-2.32616308,0.18944048,0.00000213,0.02507493,0.00044530,0.00000000,0.00000001,0.18604657,0.06687822,0.02140736
-2.32016008,0.19344875,0.00000269,0.02511516,0.00045236,0.00000000,0.00000001,0.18636694,0.06731944,0.02506320
-2.31415708,0.19798074,0.00000338,0.02513952,0.00046051,0.00000000,0.00000001,0.18657826,0.06777629,0.02931708
-2.30815408,0.20327133,0.00000420,0.02517262,0.00047037,0.00000000,0.00000001,0.18686546,0.06831882,0.03423094
-2.30215108,0.20955701,0.00000519,0.02523965,0.00048257,0.00000000,0.00000001,0.18741783,0.06901831,0.03986345
-2.29614807,0.21706667,0.00000637,0.02536531,0.00049777,0.00000000,0.00000001,0.18842162,0.06994445,0.04626760
-2.29014507,0.22601180,0.00000776,0.02557282,0.00051660,0.00000000,0.00000002,0.19005218,0.07116235,0.05348807
-2.28414207,0.23657665,0.00000939,0.02588285,0.00053964,0.00000000,0.00000003,0.19246628,0.07272964,0.06155838
-2.27813907,0.24890860,0.00001128,0.02631256,0.00056742,0.00000000,0.00000004,0.19579475,0.07469363,0.07049809
-2.27213607,0.26310917,0.00001345,0.02687469,0.00060035,0.00000000,0.00000006,0.20013590,0.07708875,0.08031005
-2.26613307,0.27922609,0.00001592,0.02757685,0.00063876,0.00000000,0.00000010,0.20554982,0.07993437,0.09097787
-2.26013007,0.29724686,0.00001870,0.02842096,0.00068284,0.00000000,0.00000014,0.21205408,0.08323309,0.10246367
-2.25412706,0.31709405,0.00002182,0.02940282,0.00073260,0.00000000,0.00000021,0.21962084,0.08696961,0.11470649
-2.24812406,0.33862276,0.00002528,0.03051207,0.00078794,0.00000000,0.00000031,0.22817576,0.09111022,0.12762113
-2.24212106,0.36162044,0.00002907,0.03173224,0.00084853,0.00000000,0.00000045,0.23759851,0.09560305,0.14109794
-2.23611806,0.38580921,0.00003320,0.03304110,0.00091392,0.00000000,0.00000065,0.24772533,0.10037894,0.15500337
-2.23011506,0.41085075,0.00003763,0.03441132,0.00098345,0.00000000,0.00000094,0.25835317,0.10535309,0.16918154
-2.22411206,0.43635379,0.00004236,0.03581120,0.00105630,0.00000000,0.00000134,0.26924561,0.11042741,0.18345670
-2.21810905,0.46188392,0.00004733,0.03720576,0.00113153,0.00000000,0.00000191,0.28014019,0.11549334,0.19763683
-2.21210605,0.48697562,0.00005251,0.03855788,0.00120803,0.00000000,0.00000269,0.29075697,0.12043536,0.21151804
-2.20610305,0.51114599,0.00005785,0.03982958,0.00128463,0.00000000,0.00000376,0.30080797,0.12513476,0.22488991
-2.20010005,0.53390993,0.00006326,0.04098335,0.00136006,0.00000000,0.00000522,0.31000705,0.12947365,0.23754153
-2.19409705,0.55479603,0.00006870,0.04198356,0.00143305,0.00000000,0.00000720,0.31807998,0.13333919,0.24926805
-2.18809405,0.57336278,0.00007407,0.04279770,0.00150233,0.00000000,0.00000985,0.32477415,0.13662758,0.25987760
-2.18209105,0.58921446,0.00007929,0.04339763,0.00156668,0.00000000,0.00001340,0.32986762,0.13924799,0.26919827
-2.17608804,0.60201609,0.00008428,0.04376062,0.00162500,0.00000000,0.00001808,0.33317707,0.14112595,0.27708499
-2.17008504,0.61150683,0.00008896,0.04387020,0.00167635,0.00000000,0.00002424,0.33456433,0.14220638,0.28342592
-2.16408204,0.61751157,0.00009325,0.04371679,0.00171996,0.00000000,0.00003226,0.33394132,0.14245588,0.28814835
-2.15807904,0.61994996,0.00009706,0.04329810,0.00175532,0.00000000,0.00004264,0.33127312,0.14186436,0.29122359
-2.15207604,0.61884278,0.00010034,0.04261923,0.00178221,0.00000000,0.00005595,0.32657909,0.14044595,0.29267091
-2.14607304,0.61431549,0.00010302,0.04169255,0.00180069,0.00000000,0.00007291,0.31993212,0.13823904,0.29256031
-2.14007004,0.60659859,0.00010508,0.04053729,0.00181118,0.00000000,0.00009433,0.31145600,0.13530563,0.29101392
-2.13406703,0.59602513,0.00010648,0.03917895,0.00181447,0.00000000,0.00012118,0.30132110,0.13172999,0.28820607
-2.12806403,0.58302531,0.00010722,0.03764848,0.00181168,0.00000000,0.00015457,0.28973861,0.12761661,0.28436204
-2.12206103,0.56811842,0.00010732,0.03598133,0.00180432,0.00000000,0.00019579,0.27695367,0.12308761,0.27975530
-2.11605803,0.55190242,0.00010680,0.03421640,0.00179426,0.00000000,0.00024624,0.26323758,0.11827979,0.27470359
-2.11005503,0.53504151,0.00010572,0.03239492,0.00178368,0.00000000,0.00030753,0.24887959,0.11334126,0.26956363
-2.10405203,0.51825203,0.00010413,0.03055925,0.00177509,0.00000000,0.00038137,0.23417848,0.10842790,0.26472480
-2.09804902,0.50228709,0.00010214,0.02875184,0.00177127,0.00000000,0.00046963,0.21943435,0.10369970,0.26060166
-2.09204602,0.48792019,0.00009984,0.02701410,0.00177518,0.00000000,0.00057426,0.20494079,0.09931711,0.25762570
-2.08604302,0.47592840,0.00009733,0.02538548,0.00178997,0.00000000,0.00069730,0.19097780,0.09543745,0.25623624
-2.08004002,0.46707516,0.00009475,0.02390256,0.00181886,0.00000000,0.00084081,0.17780548,0.09221147,0.25687071
-2.07403702,0.46209323,0.00009221,0.02259834,0.00186511,0.00000000,0.00100680,0.16565876,0.08978006,0.25995449
-2.06803402,0.46166792,0.00008986,0.02150167,0.00193189,0.00000000,0.00119719,0.15474315,0.08827129,0.26589043
-2.06203102,0.46642094,0.00008780,0.02063674,0.00202222,0.00000000,0.00141373,0.14523159,0.08779761,0.27504835
-2.05602801,0.47689521,0.00008618,0.02002281,0.00213890,0.00000000,0.00165793,0.13726225,0.08845340,0.28775459
-2.05002501,0.49354088,0.00008511,0.01967400,0.00228439,0.00000000,0.00193096,0.13093743,0.09031285,0.30428200
-2.04402201,0.51670285,0.00008470,0.01959922,0.00246075,0.00000000,0.00223356,0.12632333,0.09342811,0.32484067
-2.03801901,0.54661032,0.00008504,0.01980227,0.00266955,0.00000000,0.00256600,0.12345053,0.09782793,0.34956966
-2.03201601,0.58336854,0.00008622,0.02028195,0.00291181,0.00000000,0.00292794,0.12231537,0.10351661,0.37853008
-2.02601301,0.62695338,0.00008832,0.02103235,0.00318794,0.00000000,0.00331845,0.12288184,0.11047345,0.41169994
-2.02001001,0.67720895,0.00009138,0.02204319,0.00349769,0.00000000,0.00373589,0.12508405,0.11865280,0.44897116
-2.01400700,0.73384872,0.00009546,0.02330027,0.00384014,0.00000000,0.00417793,0.12882920,0.12798452,0.49014887
-2.00800400,0.79646038,0.00010057,0.02478594,0.00421369,0.00000000,0.00464155,0.13400096,0.13837520,0.53495350
-2.00200100,0.86451462,0.00010673,0.02647968,0.00461609,0.00000000,0.00512303,0.14046319,0.14970996,0.58302567
-1.99599800,0.93737784,0.00011394,0.02835874,0.00504447,0.00000000,0.00561804,0.14806398,0.16185485,0.63393400
-1.98999500,1.01432863,0.00012220,0.03039879,0.00549542,0.00000000,0.00612169,0.15663991,0.17466002,0.68718576
-1.98399200,1.09457757,0.00013150,0.03257459,0.00596510,0.00000000,0.00662866,0.16602047,0.18796334,0.74224010
-1.97798899,1.17728988,0.00014182,0.03486067,0.00644931,0.00000000,0.00713330,0.17603258,0.20159459,0.79852344
-1.97198599,1.26160993,0.00015314,0.03723201,0.00694362,0.00000000,0.00762981,0.18650497,0.21537999,0.85544656
-1.96598299,1.34668673,0.00016543,0.03966468,0.00744354,0.00000000,0.00811236,0.19727253,0.22914695,0.91242257
-1.95997999,1.43169919,0.00017868,0.04213633,0.00794461,0.00000000,0.00857529,0.20818028,0.24272883,0.96888502
-1.95397699,1.51587988,0.00019287,0.04462666,0.00844256,0.00000000,0.00901322,0.21908690,0.25596952,1.02430527
-1.94797399,1.59853610,0.00020798,0.04711779,0.00893340,0.00000000,0.00942125,0.22986770,0.26872763,1.07820817
-1.94197099,1.67906706,0.00022399,0.04959439,0.00941353,0.00000000,0.00979507,0.24041683,0.28088002,1.13018531
-1.93596798,1.75697605,0.00024088,0.05204377,0.00987984,0.00000000,0.01013103,0.25064876,0.29232460,1.17990490
-1.92996498,1.83187711,0.00025862,0.05445573,0.01032969,0.00000000,0.01042630,0.26049873,0.30298210,1.22711793
-1.92396198,1.90349536,0.00027718,0.05682232,0.01076100,0.00000000,0.01067881,0.26992238,0.31279687,1.27166000
-1.91795898,1.97166134,0.00029652,0.05913745,0.01117215,0.00000000,0.01088736,0.27889437,0.32173651,1.31344876
-1.91195598,2.03629934,0.00031657,0.06139636,0.01156197,0.00000000,0.01105151,0.28740623,0.32979050,1.35247720
-1.90595298,2.09741066,0.00033725,0.06359507,0.01192966,0.00000000,0.01117157,0.29546336,0.33696779,1.38880293
-1.89994997,2.15505276,0.00035844,0.06572975,0.01227468,0.00000000,0.01124853,0.30308157,0.34329359,1.42253437
-1.89394697,2.20931577,0.00038002,0.06779613,0.01259662,0.00000000,0.01128392,0.31028320,0.34880551,1.45381456
-1.88794397,2.26029792,0.00040181,0.06978893,0.01289509,0.00000000,0.01127969,0.31709306,0.35354936,1.48280357
-1.88194097,2.30808159,0.00042361,0.07170139,0.01316962,0.00000000,0.01123815,0.32353453,0.35757481,1.50966078
-1.87593797,2.35271168,0.00044517,0.07352498,0.01341954,0.00000000,0.01116177,0.32962601,0.36093121,1.53452806
-1.86993497,2.39417781,0.00046623,0.07524920,0.01364393,0.00000000,0.01105316,0.33537782,0.36366389,1.55751485
-1.86393197,2.43240168,0.00048650,0.07686163,0.01384156,0.00000000,0.01091490,0.34078996,0.36581105,1.57868628
-1.85792896,2.46723051,0.00050566,0.07834810,0.01401087,0.00000000,0.01074953,0.34585067,0.36740155,1.59805481
-1.85192596,2.49843695,0.00052337,0.07969307,0.01415006,0.00000000,0.01055944,0.35053595,0.36845363,1.61557601
-1.84592296,2.52572571,0.00053932,0.08088018,0.01425709,0.00000000,0.01034693,0.35481001,0.36897459,1.63114870
-1.83991996,2.54874624,0.00055317,0.08189288,0.01432981,0.00000000,0.01011414,0.35862661,0.36896153,1.64461915
-1.83391696,2.56711080,0.00056463,0.08271519,0.01436612,0.00000000,0.00986310,0.36193125,0.36840289,1.65578922
-1.82791396,2.58041646,0.00057343,0.08333248,0.01436407,0.00000000,0.00959576,0.36466391,0.36728073,1.66442758
-1.82191096,2.58826979,0.00057935,0.08373219,0.01432204,0.00000000,0.00931403,0.36676219,0.36557357,1.67028332
-1.81590795,2.59031224,0.00058222,0.08390456,0.01423891,0.00000000,0.00901984,0.36816474,0.36325947,1.67310097
-1.80990495,2.58624481,0.00058196,0.08384322,0.01411416,0.00000000,0.00871517,0.36881456,0.36031917,1.67263590
-1.80390195,2.57585024,0.00057856,0.08354556,0.01394801,0.00000000,0.00840209,0.36866211,0.35673907,1.66866913
-1.79789895,2.55901134,0.00057209,0.08301306,0.01374149,0.00000000,0.00808279,0.36766794,0.35251373,1.66102065
-1.79189595,2.53572438,0.00056273,0.08225135,0.01349649,0.00000000,0.00775959,0.36580478,0.34764790,1.64956049
-1.78589295,2.50610691,0.00055074,0.08127005,0.01321578,0.00000000,0.00743491,0.36305890,0.34215776,1.63421697
-1.77988994,2.47039959,0.00053649,0.08008251,0.01290289,0.00000000,0.00711127,0.35943073,0.33607151,1.61498190
-1.77388694,2.42896222,0.00052045,0.07870536,0.01256215,0.00000000,0.00679125,0.35493480,0.32942916,1.59191244
-1.76788394,2.38226454,0.00050320,0.07715792,0.01219845,0.00000000,0.00647740,0.34959897,0.32228163,1.56512992
-1.76188094,2.33087250,0.00048539,0.07546154,0.01181719,0.00000000,0.00617221,0.34346307,0.31468931,1.53481585
-1.75587794,2.27543117,0.00046778,0.07363892,0.01142406,0.00000000,0.00587805,0.33657719,0.30672015,1.50120560
-1.74987494,2.21664564,0.00045121,0.07171341,0.01102492,0.00000000,0.00559707,0.32899960,0.29844758,1.46458035
-1.74387194,2.15526089,0.00043660,0.06970833,0.01062560,0.00000000,0.00533120,0.32079463,0.28994819,1.42525801
-1.73786893,2.09204218,0.00042496,0.06764644,0.01023178,0.00000000,0.00508204,0.31203055,0.28129968,1.38358360
-1.73186593,2.02775679,0.00041735,0.06554941,0.00984886,0.00000000,0.00485088,0.30277766,0.27257887,1.33991985
-1.72586293,1.96315805,0.00041492,0.06343753,0.00948184,0.00000000,0.00463865,0.29310662,0.26386025,1.29463839
-1.71985993,1.89897222,0.00041885,0.06132942,0.00913528,0.00000000,0.00444595,0.28308722,0.25521477,1.24811197
-1.71385693,1.83588850,0.00043041,0.05924199,0.00881325,0.00000000,0.00427308,0.27278747,0.24670926,1.20070801
-1.70785393,1.77455210,0.00045087,0.05719036,0.00851933,0.00000000,0.00412003,0.26227318,0.23840616,1.15278342
-1.70185093,1.71556010,0.00048157,0.05518802,0.00825666,0.00000000,0.00398657,0.25160780,0.23036374,1.10468079
-1.69584792,1.65945971,0.00052384,0.05324698,0.00802795,0.00000000,0.00387232,0.24085264,0.22263660,1.05672583
-1.68984492,1.60674802,0.00057901,0.05137790,0.00783554,0.00000000,0.00377677,0.23006725,0.21527631,1.00922568
-1.68384192,1.55787286,0.00064839,0.04959034,0.00768152,0.00000000,0.00369940,0.21930990,0.20833220,0.96246800
-1.67783892,1.51323373,0.00073323,0.04789291,0.00756775,0.00000000,0.00363972,0.20863813,0.20185200,0.91672035
-1.67183592,1.47318237,0.00083471,0.04629340,0.00749590,0.00000000,0.00359733,0.19810908,0.19588237,0.87222982
-1.66583292,1.43802240,0.00095384,0.04479882,0.00746756,0.00000000,0.00357198,0.18777979,0.19046906,0.82922243
-1.65982991,1.40800770,0.00109151,0.04341544,0.00748418,0.00000000,0.00356359,0.17770714,0.18565682,0.78790231
-1.65382691,1.38333947,0.00124836,0.04214870,0.00754712,0.00000000,0.00357233,0.16794756,0.18148883,0.74845055
-1.64782391,1.36416200,0.00142477,0.04100304,0.00765759,0.00000000,0.00359853,0.15855653,0.17800578,0.71102367
-1.64182091,1.35055760,0.00162081,0.03998175,0.00781663,0.00000000,0.00364279,0.14958768,0.17524461,0.67575183
-1.63581791,1.34254107,0.00183619,0.03908672,0.00802497,0.00000000,0.00370587,0.14109181,0.17323694,0.64273696
-1.62981491,1.34005439,0.00207019,0.03831824,0.00828304,0.00000000,0.00378873,0.13311571,0.17200730,0.61205096
-1.62381191,1.34296229,0.00232168,0.03767470,0.00859076,0.00000000,0.00389244,0.12570089,0.17157142,0.58373422
-1.61780890,1.35104939,0.00258905,0.03715250,0.00894756,0.00000000,0.00401817,0.11888237,0.17193441,0.55779478
-1.61180590,1.36401963,0.00287019,0.03674585,0.00935218,0.00000000,0.00416711,0.11268756,0.17308935,0.53420811
-1.60580290,1.38149838,0.00316252,0.03644675,0.00980269,0.00000000,0.00434044,0.10713534,0.17501603,0.51291796
-1.59979990,1.40303764,0.00346302,0.03624500,0.01029636,0.00000000,0.00453927,0.10223539,0.17768031,0.49383818
-1.59379690,1.42812460,0.00376819,0.03612841,0.01082971,0.00000000,0.00476458,0.09798784,0.18103387,0.47685561
-1.58779390,1.45619325,0.00407421,0.03608293,0.01139845,0.00000000,0.00501718,0.09438326,0.18501471,0.46183403
-1.58179090,1.48663904,0.00437691,0.03609309,0.01199756,0.00000000,0.00529765,0.09140300,0.18954810,0.44861898
-1.57578789,1.51883583,0.00467192,0.03614233,0.01262138,0.00000000,0.00560631,0.08901990,0.19454828,0.43704335
-1.56978489,1.55215458,0.00495479,0.03621353,0.01326369,0.00000000,0.00594319,0.08719929,0.19992062,0.42693339
-1.56378189,1.58598289,0.00522102,0.03628950,0.01391786,0.00000000,0.00630799,0.08590023,0.20556428,0.41811500
-1.55777889,1.61974445,0.00546627,0.03635356,0.01457702,0.00000000,0.00670004,0.08507699,0.21137524,0.41041990
-1.55177589,1.65291736,0.00568644,0.03639006,0.01523425,0.00000000,0.00711829,0.08468062,0.21724948,0.40369134
-1.54577289,1.68505048,0.00587781,0.03638487,0.01588271,0.00000000,0.00756129,0.08466052,0.22308623,0.39778928
-1.53976988,1.71577664,0.00603716,0.03632589,0.01651587,0.00000000,0.00802718,0.08496602,0.22879119,0.39259449
-1.53376688,1.74482230,0.00616183,0.03620337,0.01712766,0.00000000,0.00851365,0.08554782,0.23427936,0.38801166
-1.52776388,1.77201269,0.00624989,0.03601023,0.01771261,0.00000000,0.00901795,0.08635920,0.23947749,0.38397118
-1.52176088,1.79727235,0.00630014,0.03574222,0.01826597,0.00000000,0.00953688,0.08735703,0.24432603,0.38042956
-1.51575788,1.82062072,0.00631216,0.03539799,0.01878379,0.00000000,0.01006676,0.08850244,0.24878033,0.37736861
-1.50975488,1.84216304,0.00628638,0.03497902,0.01926293,0.00000000,0.01060349,0.08976122,0.25281119,0.37479319
-1.50375188,1.86207689,0.00622399,0.03448948,0.01970113,0.00000000,0.01114249,0.09110389,0.25640461,0.37272789
-1.49774887,1.88059494,0.00612698,0.03393590,0.02009688,0.00000000,0.01167876,0.09250552,0.25956080,0.37121266
-1.49174587,1.89798481,0.00599801,0.03332688,0.02044941,0.00000000,0.01220693,0.09394517,0.26229256,0.37029766
-1.48574287,1.91452709,0.00584038,0.03267257,0.02075854,0.00000000,0.01272124,0.09540525,0.26462298,0.37003762
-1.47973987,1.93049251,0.00565788,0.03198424,0.02102459,0.00000000,0.01321566,0.09687068,0.26658272,0.37048585
-1.47373687,1.94611961,0.00545469,0.03127374,0.02124817,0.00000000,0.01368394,0.09832792,0.26820700,0.37168839
-1.46773387,1.96159404,0.00523526,0.03055300,0.02143010,0.00000000,0.01411973,0.09976405,0.26953238,0.37367840
-1.46173087,1.97703061,0.00500412,0.02983348,0.02157122,0.00000000,0.01451666,0.10116590,0.27059371,0.37647117
-1.45572786,1.99245924,0.00476583,0.02912581,0.02167228,0.00000000,0.01486852,0.10251928,0.27142119,0.38005998
-1.44972486,2.00781545,0.00452478,0.02843934,0.02173385,0.00000000,0.01516938,0.10380845,0.27203793,0.38441294
-1.44372186,2.02293620,0.00428509,0.02778186,0.02175621,0.00000000,0.01541373,0.10501580,0.27245800,0.38947122
-1.43771886,2.03756132,0.00405052,0.02715944,0.02173938,0.00000000,0.01559674,0.10612177,0.27268524,0.39514850
-1.43171586,2.05134066,0.00382440,0.02657630,0.02168307,0.00000000,0.01571430,0.10710513,0.27271272,0.40133195
-1.42571286,2.06384667,0.00360953,0.02603484,0.02158679,0.00000000,0.01576333,0.10794348,0.27252310,0.40788460
-1.41970985,2.07459201,0.00340818,0.02553581,0.02144985,0.00000000,0.01574183,0.10861400,0.27208974,0.41464922
-1.41370685,2.08305128,0.00322206,0.02507849,0.02127157,0.00000000,0.01564906,0.10909453,0.27137848,0.42145339
-1.40770385,2.08868607,0.00305233,0.02466104,0.02105134,0.00000000,0.01548564,0.10936466,0.27035020,0.42811581
-1.40170085,2.09097193,0.00289964,0.02428087,0.02078880,0.00000000,0.01525366,0.10940709,0.26896370,0.43445345
-1.39569785,2.08942619,0.00276420,0.02393509,0.02048400,0.00000000,0.01495667,0.10920887,0.26717911,0.44028940
-1.38969485,2.08363516,0.00264580,0.02362096,0.02013754,0.00000000,0.01459970,0.10876280,0.26496130,0.44546102
-1.38369185,2.07327934,0.00254395,0.02333638,0.01975069,0.00000000,0.01418923,0.10806845,0.26228332,0.44982808
-1.37768884,2.05815556,0.00245794,0.02308027,0.01932550,0.00000000,0.01373305,0.10713327,0.25912957,0.45328055
-1.37168584,2.03819470,0.00238690,0.02285301,0.01886486,0.00000000,0.01324015,0.10597319,0.25549855,0.45574560
-1.36568284,2.01347419,0.00232996,0.02265672,0.01837254,0.00000000,0.01272051,0.10461309,0.25140498,0.45719362
-1.35967984,1.98422453,0.00228630,0.02249547,0.01785313,0.00000000,0.01218490,0.10308680,0.24688122,0.45764270
-1.35367684,1.95082941,0.00225518,0.02237541,0.01731204,0.00000000,0.01164461,0.10143674,0.24197780,0.45716153
-1.34767384,1.91381922,0.00223609,0.02230472,0.01675536,0.00000000,0.01111118,0.09971322,0.23676307,0.45587036
-1.34167084,1.87385814,0.00222871,0.02229347,0.01618968,0.00000000,0.01059609,0.09797322,0.23132191,0.45393988
-1.33566783,1.83172518,0.00223298,0.02235336,0.01562199,0.00000000,0.01011045,0.09627895,0.22575354,0.45158802
-1.32966483,1.78828988,0.00224908,0.02249726,0.01505939,0.00000000,0.00966475,0.09469598,0.22016852,0.44907460
-1.32366183,1.74448359,0.00227742,0.02273878,0.01450894,0.00000000,0.00926849,0.09329115,0.21468505,0.44669402
-1.31765883,1.70126742,0.00231861,0.02309158,0.01397737,0.00000000,0.00892999,0.09213025,0.20942466,0.44476605
-1.31165583,1.65959812,0.00237336,0.02356871,0.01347090,0.00000000,0.00865610,0.09127564,0.20450759,0.44362520
-1.30565283,1.62039336,0.00244248,0.02418193,0.01299501,0.00000000,0.00845198,0.09078379,0.20004797,0.44360879
-1.29964982,1.58449766,0.00252671,0.02494090,0.01255422,0.00000000,0.00832101,0.09070291,0.19614904,0.44504434
-1.29364682,1.55265037,0.00262671,0.02585249,0.01215199,0.00000000,0.00826460,0.09107079,0.19289863,0.44823653
-1.28764382,1.52545721,0.00274289,0.02692015,0.01179053,0.00000000,0.00828214,0.09191284,0.19036512,0.45345443
-1.28164082,1.50336614,0.00287537,0.02814329,0.01147080,0.00000000,0.00837102,0.09324056,0.18859403,0.46091934
-1.27563782,1.48664903,0.00302388,0.02951685,0.01119238,0.00000000,0.00852664,0.09505034,0.18760545,0.47079374
-1.26963482,1.47538943,0.00318767,0.03103097,0.01095358,0.00000000,0.00874254,0.09732284,0.18739244,0.48317188
-1.26363182,1.46947730,0.00336549,0.03267089,0.01075146,0.00000000,0.00901054,0.10002287,0.18792043,0.49807237
-1.25762881,1.46861072,0.00355552,0.03441696,0.01058194,0.00000000,0.00932094,0.10309980,0.18912771,0.51543308
-1.25162581,1.47230467,0.00375538,0.03624492,0.01043995,0.00000000,0.00966283,0.10648861,0.19092700,0.53510861
-1.24562281,1.47990637,0.00396215,0.03812629,0.01031963,0.00000000,0.01002431,0.11011142,0.19320803,0.55687058
-1.23961981,1.49061678,0.00417243,0.04002901,0.01021456,0.00000000,0.01039290,0.11387947,0.19584107,0.58041068
-1.23361681,1.50351724,0.00438235,0.04191818,0.01011795,0.00000000,0.01075583,0.11769568,0.19868117,0.60534649
-1.22761381,1.51760032,0.00458775,0.04375704,0.01002291,0.00000000,0.01110046,0.12145739,0.20157303,0.63122998
-1.22161081,1.53180351,0.00478422,0.04550791,0.00992271,0.00000000,0.01141462,0.12505943,0.20435630,0.65755836
-1.21560780,1.54504462,0.00496731,0.04713329,0.00981099,0.00000000,0.01168695,0.12839730,0.20687100,0.68378696
-1.20960480,1.55625739,0.00513258,0.04859697,0.00968197,0.00000000,0.01190726,0.13137033,0.20896291,0.70934384
-1.20360180,1.56442598,0.00527582,0.04986513,0.00953067,0.00000000,0.01206681,0.13388477,0.21048870,0.73364543
-1.19759880,1.56861707,0.00539317,0.05090730,0.00935303,0.00000000,0.01215854,0.13585661,0.21132054,0.75611288
-1.19159580,1.56800845,0.00548126,0.05169728,0.00914607,0.00000000,0.01217727,0.13721402,0.21135015,0.77618845
-1.18559280,1.56191305,0.00553731,0.05221396,0.00890790,0.00000000,0.01211979,0.13789946,0.21049192,0.79335141
-1.17958979,1.54979769,0.00555924,0.05244183,0.00863783,0.00000000,0.01198493,0.13787123,0.20868523,0.80713292
-1.17358679,1.53129600,0.00554578,0.05237147,0.00833625,0.00000000,0.01177354,0.13710439,0.20589577,0.81712933
-1.16758379,1.50621535,0.00549645,0.05199968,0.00800469,0.00000000,0.01148840,0.13559127,0.20211585,0.82301349
-1.16158079,1.47453761,0.00541162,0.05132955,0.00764561,0.00000000,0.01113404,0.13334124,0.19736384,0.82454366
-1.15557779,1.43641415,0.00529246,0.05037017,0.00726238,0.00000000,0.01071656,0.13038006,0.19168264,0.82156981
-1.14957479,1.39215547,0.00514094,0.04913633,0.00685903,0.00000000,0.01024337,0.12674862,0.18513744,0.81403695
-1.14357179,1.34221618,0.00495970,0.04764788,0.00644017,0.00000000,0.00972292,0.12250133,0.17781279,0.80198563
-1.13756878,1.28717615,0.00475200,0.04592910,0.00601075,0.00000000,0.00916433,0.11770414,0.16980929,0.78554947
-1.13156578,1.22771863,0.00452156,0.04400786,0.00557589,0.00000000,0.00857717,0.11243226,0.16123982,0.76494998
-1.12556278,1.16460662,0.00427249,0.04191476,0.00514076,0.00000000,0.00797108,0.10676781,0.15222573,0.74048880
-1.11955978,1.09865812,0.00400908,0.03968226,0.00471034,0.00000000,0.00735551,0.10079731,0.14289301,0.71253780
-1.11355678,1.03072154,0.00373575,0.03734370,0.00428935,0.00000000,0.00673947,0.09460928,0.13336858,0.68152745
-1.10755378,0.96165194,0.00345684,0.03493250,0.00388210,0.00000000,0.00613129,0.08829194,0.12377692,0.64793377
-1.10155078,0.89228890,0.00317655,0.03248130,0.00349239,0.00000000,0.00553844,0.08193108,0.11423705,0.61226465
-1.09554777,0.82343677,0.00289880,0.03002124,0.00312347,0.00000000,0.00496741,0.07560820,0.10485996,0.57504568
-1.08954477,0.75584758,0.00262715,0.02758134,0.00277799,0.00000000,0.00442363,0.06939892,0.09574656,0.53680636
-1.08354177,0.69020709,0.00236477,0.02518797,0.00245799,0.00000000,0.00391139,0.06337176,0.08698614,0.49806685
-1.07753877,0.62712401,0.00211431,0.02286448,0.00216490,0.00000000,0.00343388,0.05758716,0.07865536,0.45932591
-1.07153577,0.56712249,0.00187797,0.02063090,0.00189958,0.00000000,0.00299325,0.05209688,0.07081770,0.42105021
-1.06553277,0.51063767,0.00165742,0.01850385,0.00166236,0.00000000,0.00259061,0.04694366,0.06352333,0.38366536
-1.05952976,0.45801410,0.00145385,0.01649643,0.00145308,0.00000000,0.00222619,0.04216121,0.05680941,0.34754880
-1.05352676,0.40950672,0.00126797,0.01461835,0.00127120,0.00000000,0.00189943,0.03777436,0.05070067,0.31302471
-1.04752376,0.36528398,0.00110009,0.01287605,0.00111580,0.00000000,0.00160912,0.03379943,0.04521019,0.28036088
-1.04152076,0.32543273,0.00095010,0.01127296,0.00098568,0.00000000,0.00135348,0.03024479,0.04034045,0.24976743
-1.03551776,0.28996438,0.00081760,0.00980976,0.00087943,0.00000000,0.00113037,0.02711147,0.03608435,0.22139739
-1.02951476,0.25882206,0.00070189,0.00848472,0.00079547,0.00000000,0.00093732,0.02439390,0.03242638,0.19534877
-1.02351176,0.23188829,0.00060205,0.00729402,0.00073210,0.00000000,0.00077172,0.02208059,0.02934376,0.17166798
-1.01750875,0.20899293,0.00051703,0.00623218,0.00068753,0.00000000,0.00063086,0.02015494,0.02680752,0.15035432
-1.01150575,0.18992107,0.00044563,0.00529233,0.00065996,0.00000000,0.00051205,0.01859598,0.02478354,0.13136525
-1.00550275,0.17442071,0.00038659,0.00446662,0.00064752,0.00000000,0.00041266,0.01737900,0.02323349,0.11462217
-0.99949975,0.16221010,0.00033863,0.00374650,0.00064838,0.00000000,0.00033020,0.01647631,0.02211572,0.10001643
-0.99349675,0.15298461,0.00030047,0.00312304,0.00066072,0.00000000,0.00026235,0.01585781,0.02138607,0.08741546
-0.98749375,0.14642313,0.00027086,0.00258717,0.00068273,0.00000000,0.00020696,0.01549161,0.02099853,0.07666861
-0.98149075,0.14219403,0.00024857,0.00212988,0.00071262,0.00000000,0.00016211,0.01534455,0.02090595,0.06761277
-0.97548774,0.13996064,0.00023249,0.00174246,0.00074868,0.00000000,0.00012609,0.01538273,0.02106067,0.06007751
-0.96948474,0.13938643,0.00022154,0.00141655,0.00078920,0.00000000,0.00009739,0.01557207,0.02141510,0.05388963
-0.96348174,0.14013972,0.00021474,0.00114436,0.00083255,0.00000000,0.00007471,0.01587869,0.02192227,0.04887725
-0.95747874,0.14189828,0.00021120,0.00091865,0.00087715,0.00000000,0.00005694,0.01626949,0.02253649,0.04487322
-0.95147574,0.14435349,0.00021012,0.00073282,0.00092149,0.00000000,0.00004313,0.01671254,0.02321381,0.04171794
-0.94547274,0.14721438,0.00021076,0.00058094,0.00096417,0.00000000,0.00003251,0.01717760,0.02391269,0.03926167
-0.93946973,0.15021136,0.00021252,0.00045771,0.00100388,0.00000000,0.00002443,0.01763651,0.02459452,0.03736624
-0.93346673,0.15309960,0.00021483,0.00035850,0.00103944,0.00000000,0.00001837,0.01806365,0.02522411,0.03590638
-0.92746373,0.15566212,0.00021725,0.00027926,0.00106979,0.00000000,0.00001393,0.01843629,0.02577029,0.03477053
-0.92146073,0.15771235,0.00021938,0.00021653,0.00109406,0.00000000,0.00001078,0.01873499,0.02620625,0.03386129
-0.91545773,0.15909628,0.00022093,0.00016739,0.00111152,0.00000000,0.00000869,0.01894385,0.02650997,0.03309565
-0.90945473,0.15969390,0.00022167,0.00012939,0.00112166,0.00000000,0.00000750,0.01905074,0.02666451,0.03240476
-0.90345173,0.15942008,0.00022146,0.00010052,0.00112413,0.00000000,0.00000712,0.01904750,0.02665810,0.03173366
-0.89744872,0.15822466,0.00022022,0.00007917,0.00111879,0.00000000,0.00000751,0.01892995,0.02648428,0.03104070
-0.89144572,0.15609192,0.00021793,0.00006411,0.00110569,0.00000000,0.00000871,0.01869794,0.02614179,0.03029685
-0.88544272,0.15303926,0.00021467,0.00005443,0.00108507,0.00000000,0.00001080,0.01835522,0.02563433,0.02948495
-0.87943972,0.14911528,0.00021055,0.00004950,0.00105734,0.00000000,0.00001395,0.01790930,0.02497030,0.02859877
-0.87343672,0.14439729,0.00020577,0.00004900,0.00102307,0.00000000,0.00001840,0.01737120,0.02416235,0.02764215
-0.86743372,0.13898830,0.00020058,0.00005289,0.00098298,0.00000000,0.00002445,0.01675518,0.02322682,0.02662810
-0.86143072,0.13301371,0.00019530,0.00006136,0.00093787,0.00000000,0.00003254,0.01607838,0.02218320,0.02557788
-0.85542771,0.12661787,0.00019029,0.00007491,0.00088865,0.00000000,0.00004318,0.01536051,0.02105346,0.02452015
-0.84942471,0.11996049,0.00018599,0.00009430,0.00083629,0.00000000,0.00005705,0.01462347,0.01986139,0.02349028
-0.84342171,0.11321321,0.00018288,0.00012062,0.00078177,0.00000000,0.00007494,0.01389099,0.01863198,0.02252962
-0.83741871,0.10655645,0.00018152,0.00015525,0.00072609,0.00000000,0.00009785,0.01318832,0.01739075,0.02168496
-0.83141571,0.10017646,0.00018251,0.00019995,0.00067023,0.00000000,0.00012696,0.01254193,0.01616324,0.02100807
-0.82541271,0.09426287,0.00018650,0.00025685,0.00061512,0.00000000,0.00016369,0.01197921,0.01497444,0.02055535
-0.81940970,0.08900664,0.00019420,0.00032852,0.00056162,0.00000000,0.00020968,0.01152828,0.01384842,0.02038749
-0.81340670,0.08459839,0.00020640,0.00041798,0.00051056,0.00000000,0.00026687,0.01121773,0.01280794,0.02056929
-0.80740370,0.08122711,0.00022389,0.00052873,0.00046265,0.00000000,0.00033748,0.01107645,0.01187422,0.02116939
-0.80140070,0.07907916,0.00024754,0.00066480,0.00041853,0.00000000,0.00042404,0.01113340,0.01106672,0.02225998
-0.79539770,0.07833734,0.00027823,0.00083076,0.00037877,0.00000000,0.00052943,0.01141743,0.01040302,0.02391648
-0.78939470,0.07918012,0.00031687,0.00103171,0.00034383,0.00000000,0.00065683,0.01195695,0.00989871,0.02621698
-0.78339170,0.08178054,0.00036438,0.00127332,0.00031412,0.00000000,0.00080976,0.01277965,0.00956740,0.02924155
-0.77738869,0.08630502,0.00042165,0.00156176,0.00028997,0.00000000,0.00099203,0.01391208,0.00942060,0.03307125
-0.77138569,0.09291159,0.00048954,0.00190368,0.00027165,0.00000000,0.00120775,0.01537912,0.00946772,0.03778688
-0.76538269,0.10174768,0.00056883,0.00230616,0.00025938,0.00000000,0.00146125,0.01720343,0.00971600,0.04346740
-0.75937969,0.11294729,0.00066020,0.00277656,0.00025334,0.00000000,0.00175703,0.01940467,0.01017042,0.05018800
-0.75337669,0.12662755,0.00076419,0.00332246,0.00025368,0.00000000,0.00209967,0.02199877,0.01083357,0.05801788
-0.74737369,0.14288462,0.00088117,0.00395143,0.00026051,0.00000000,0.00249376,0.02499703,0.01170549,0.06701770
-0.74137069,0.16178915,0.00101129,0.00467092,0.00027393,0.00000000,0.00294371,0.02840522,0.01278352,0.07723686
-0.73536768,0.18338133,0.00115445,0.00548797,0.00029398,0.00000000,0.00345370,0.03222262,0.01406207,0.08871049
-0.72936468,0.20766575,0.00131024,0.00640900,0.00032071,0.00000000,0.00402747,0.03644120,0.01553243,0.10145657
-0.72336168,0.23460631,0.00147797,0.00743950,0.00035413,0.00000000,0.00466816,0.04104479,0.01718262,0.11547294
-0.71735868,0.26412145,0.00165660,0.00858380,0.00039419,0.00000000,0.00537811,0.04600842,0.01899724,0.13073463
-0.71135568,0.29608001,0.00184473,0.00984469,0.00044081,0.00000000,0.00615873,0.05129792,0.02095741,0.14719146
-0.70535268,0.33029799,0.00204063,0.01122318,0.00049384,0.00000000,0.00701026,0.05686966,0.02304077,0.16476617
-0.69934967,0.36653650,0.00224220,0.01271818,0.00055308,0.00000000,0.00793164,0.06267067,0.02522165,0.18335318
-0.69334667,0.40450120,0.00244706,0.01432623,0.00061821,0.00000000,0.00892029,0.06863905,0.02747130,0.20281814
-0.68734367,0.44384341,0.00265253,0.01604130,0.00068885,0.00000000,0.00997203,0.07470473,0.02975827,0.22299828
-0.68134067,0.48416310,0.00285571,0.01785460,0.00076450,0.00000000,0.01108095,0.08079057,0.03204897,0.24370390
-0.67533767,0.52501382,0.00305355,0.01975449,0.00084455,0.00000000,0.01223936,0.08681378,0.03430828,0.26472068
-0.66933467,0.56590961,0.00324290,0.02172649,0.00092828,0.00000000,0.01343777,0.09268771,0.03650038,0.28581327
-0.66333167,0.60633381,0.00342061,0.02375337,0.00101484,0.00000000,0.01466491,0.09832385,0.03858958,0.30672974
-0.65732866,0.64574968,0.00358361,0.02581533,0.00110328,0.00000000,0.01590788,0.10363398,0.04054132,0.32720713
-0.65132566,0.68361255,0.00372901,0.02789039,0.00119254,0.00000000,0.01715231,0.10853254,0.04232318,0.34697789
-0.64532266,0.71938322,0.00385417,0.02995479,0.00128147,0.00000000,0.01838256,0.11293900,0.04390588,0.36577699
-0.63931966,0.75254234,0.00395678,0.03198365,0.00136887,0.00000000,0.01958209,0.11678013,0.04526429,0.38334984
-0.63331666,0.78260517,0.00403497,0.03395162,0.00145346,0.00000000,0.02073377,0.11999221,0.04637842,0.39946039
-0.62731366,0.80913660,0.00408731,0.03583373,0.00153397,0.00000000,0.02182030,0.12252298,0.04723425,0.41389966
-0.62131066,0.83176563,0.00411291,0.03760632,0.00160914,0.00000000,0.02282471,0.12433330,0.04782453,0.42649414
-0.61530765,0.85019918,0.00411142,0.03924799,0.00167777,0.00000000,0.02373081,0.12539847,0.04814933,0.43711397
-0.60930465,0.86423454,0.00408303,0.04074070,0.00173873,0.00000000,0.02452372,0.12570912,0.04821660,0.44568066
-0.60330165,0.87377031,0.00402849,0.04207072,0.00179105,0.00000000,0.02519033,0.12527172,0.04804242,0.45217408
-0.59729865,0.87881517,0.00394907,0.04322971,0.00183392,0.00000000,0.02571979,0.12410861,0.04765113,0.45663854
-0.59129565,0.87949449,0.00384652,0.04421561,0.00186671,0.00000000,0.02610393,0.12225758,0.04707534,0.45918765
-0.58529265,0.87605427,0.00372299,0.04503350,0.00188904,0.00000000,0.02633764,0.11977114,0.04635572,0.46000788
-0.57928964,0.86886237,0.00358102,0.04569621,0.00190081,0.00000000,0.02641912,0.11671526,0.04554065,0.45936057
-0.57328664,0.85840674,0.00342341,0.04622486,0.00190217,0.00000000,0.02635010,0.11316798,0.04468569,0.45758218
-0.56728364,0.84529075,0.00325315,0.04664903,0.00189356,0.00000000,0.02613590,0.10921757,0.04385300,0.45508269
-0.56128064,0.83022545,0.00307337,0.04700677,0.00187574,0.00000000,0.02578544,0.10496061,0.04311053,0.45234202
-0.55527764,0.81401881,0.00288721,0.04734424,0.00184974,0.00000000,0.02531105,0.10049986,0.04253108,0.44990433
-0.54927464,0.79756210,0.00269778,0.04771510,0.00181686,0.00000000,0.02472823,0.09594210,0.04219131,0.44837013
-0.54327164,0.78181340,0.00250808,0.04817953,0.00177865,0.00000000,0.02405531,0.09139584,0.04217051,0.44838618
-0.53726863,0.76777856,0.00232091,0.04880298,0.00173689,0.00000000,0.02331296,0.08696917,0.04254925,0.45063318
-0.53126563,0.75648969,0.00213888,0.04965453,0.00169353,0.00000000,0.02252365,0.08276752,0.04340790,0.45581124
-0.52526263,0.74898160,0.00196432,0.05080507,0.00165063,0.00000000,0.02171105,0.07889162,0.04482500,0.46462337
-0.51925963,0.74626648,0.00179925,0.05232516,0.00161037,0.00000000,0.02089938,0.07543549,0.04687537,0.47775706
-0.51325663,0.74930719,0.00164539,0.05428268,0.00157490,0.00000000,0.02011271,0.07248461,0.04962822,0.49586434
-0.50725363,0.75898978,0.00150413,0.05674043,0.00154638,0.00000000,0.01937429,0.07011416,0.05314497,0.51954055
-0.50125063,0.77609572,0.00137655,0.05975350,0.00152683,0.00000000,0.01870591,0.06838751,0.05747705,0.54930250
-0.49524762,0.80127457,0.00126340,0.06336682,0.00151815,0.00000000,0.01812723,0.06735477,0.06266366,0.58556639
-0.48924462,0.83501790,0.00116513,0.06761272,0.00152199,0.00000000,0.01765526,0.06705166,0.06872946,0.62862640
-0.48324162,0.87763514,0.00108192,0.07250866,0.00153975,0.00000000,0.01730385,0.06749844,0.07568237,0.67863443
-0.47723862,0.92923247,0.00101368,0.07805531,0.00157248,0.00000000,0.01708330,0.06869926,0.08351158,0.73558225
-0.47123562,0.98969551,0.00096009,0.08423501,0.00162089,0.00000000,0.01700005,0.07064159,0.09218584,0.79928645
-0.46523262,1.05867688,0.00092064,0.09101069,0.00168528,0.00000000,0.01705651,0.07329611,0.10165205,0.86937752
-0.45922961,1.13558941,0.00089462,0.09832541,0.00176552,0.00000000,0.01725100,0.07661686,0.11183447,0.94529362
-0.45322661,1.21960585,0.00088117,0.10610240,0.00186103,0.00000000,0.01757779,0.08054174,0.12263449,1.02627989
-0.44722361,1.30966572,0.00087932,0.11424601,0.00197080,0.00000000,0.01802725,0.08499356,0.13393108,1.11139388
-0.44122061,1.40448971,0.00088800,0.12264312,0.00209336,0.00000000,0.01858620,0.08988128,0.14558205,1.19951754
-0.43521761,1.50260179,0.00090606,0.13116544,0.00222683,0.00000000,0.01923821,0.09510191,0.15742608,1.28937583
-0.42921461,1.60235896,0.00093228,0.13967239,0.00236896,0.00000000,0.01996419,0.10054267,0.16928560,1.37956198
-0.42321161,1.70198810,0.00096544,0.14801460,0.00251714,0.00000000,0.02074289,0.10608364,0.18097044,1.46856874
-0.41720860,1.79962916,0.00100429,0.15603792,0.00266851,0.00000000,0.02155160,0.11160068,0.19228218,1.55482509
-0.41120560,1.89338347,0.00104761,0.16358782,0.00281998,0.00000000,0.02236680,0.11696873,0.20301909,1.63673726
-0.40520260,1.98136578,0.00109419,0.17051399,0.00296837,0.00000000,0.02316495,0.12206518,0.21298149,1.71273263
-0.39919960,2.06175817,0.00114287,0.17667502,0.00311042,0.00000000,0.02392316,0.12677347,0.22197735,1.78130514
-0.39319660,2.13286398,0.00119259,0.18194292,0.00324296,0.00000000,0.02461998,0.13098649,0.22982798,1.84106034
-0.38719360,2.19315968,0.00124234,0.18620740,0.00336296,0.00000000,0.02523602,0.13460999,0.23637340,1.89075837
-0.38119060,2.24134254,0.00129123,0.18937952,0.00346760,0.00000000,0.02575460,0.13756559,0.24147737,1.92935305
-0.37518759,2.27637226,0.00133848,0.19139487,0.00355441,0.00000000,0.02616230,0.13979344,0.24503175,1.95602543
-0.36918459,2.29750463,0.00138346,0.19221578,0.00362132,0.00000000,0.02644937,0.14125429,0.24696002,1.97021034
-0.36318159,2.30431591,0.00142567,0.19183277,0.00366669,0.00000000,0.02661004,0.14193103,0.24721973,1.97161475
-0.35717859,2.29671675,0.00146478,0.19026493,0.00368942,0.00000000,0.02664271,0.14182942,0.24580394,1.96022714
-0.35117559,2.27495498,0.00150062,0.18755941,0.00368894,0.00000000,0.02655001,0.14097817,0.24274138,1.93631739
-0.34517259,2.23960728,0.00153318,0.18378988,0.00366525,0.00000000,0.02633865,0.13942818,0.23809544,1.90042730
-0.33916958,2.19155992,0.00156264,0.17905409,0.00361887,0.00000000,0.02601922,0.13725111,0.23196209,1.85335210
-0.33316658,2.13197951,0.00158932,0.17347068,0.00355089,0.00000000,0.02560577,0.13453716,0.22446662,1.79611385
-0.32716358,2.06227503,0.00161371,0.16717531,0.00346288,0.00000000,0.02511540,0.13139231,0.21575965,1.72992787
-0.32116058,1.98405278,0.00163641,0.16031624,0.00335685,0.00000000,0.02456756,0.12793498,0.20601232,1.65616371
-0.31515758,1.89906614,0.00165817,0.15304973,0.00323515,0.00000000,0.02398347,0.12429235,0.19541105,1.57630240
-0.30915458,1.80916237,0.00167979,0.14553517,0.00310048,0.00000000,0.02338536,0.12059632,0.18415210,1.49189170
-0.30315158,1.71622845,0.00170214,0.13793043,0.00295571,0.00000000,0.02279572,0.11697951,0.17243600,1.40450124
-0.29714857,1.62213828,0.00172610,0.13038732,0.00280385,0.00000000,0.02223656,0.11357119,0.16046234,1.31567928
-0.29114557,1.52870301,0.00175251,0.12304760,0.00264794,0.00000000,0.02172869,0.11049345,0.14842484,1.22691260
-0.28514257,1.43762652,0.00178216,0.11603946,0.00249099,0.00000000,0.02129106,0.10785768,0.13650711,1.13959106
-0.27913957,1.35046718,0.00181571,0.10947467,0.00233589,0.00000000,0.02094020,0.10576152,0.12487905,1.05497766
-0.27313657,1.26860723,0.00185366,0.10344650,0.00218535,0.00000000,0.02068970,0.10428634,0.11369411,0.97418509
-0.26713357,1.19323025,0.00189633,0.09802833,0.00204184,0.00000000,0.02054985,0.10349536,0.10308731,0.89815900
-0.26113057,1.12530713,0.00194381,0.09327312,0.00190757,0.00000000,0.02052744,0.10343242,0.09317414,0.82766822
-0.25512756,1.06559035,0.00199592,0.08921356,0.00178444,0.00000000,0.02062562,0.10412143,0.08405028,0.76330168
-0.24912456,1.01461601,0.00205224,0.08586292,0.00167401,0.00000000,0.02084395,0.10556653,0.07579191,0.70547145
-0.24312156,0.97271293,0.00211208,0.08321644,0.00157753,0.00000000,0.02117854,0.10775285,0.06845671,0.65442133
-0.23711856,0.94001763,0.00217448,0.08125330,0.00149593,0.00000000,0.02162235,0.11064785,0.06208525,0.61024001
-0.23111556,0.91649398,0.00223825,0.07993887,0.00142982,0.00000000,0.02216557,0.11420318,0.05670273,0.57287780
-0.22511256,0.90195605,0.00230199,0.07922726,0.00137954,0.00000000,0.02279604,0.11835685,0.05232084,0.54216586
-0.21910955,0.89609286,0.00236414,0.07906396,0.00134514,0.00000000,0.02349985,0.12303573,0.04893974,0.51783687
-0.21310655,0.89849346,0.00242302,0.07938849,0.00132644,0.00000000,0.02426181,0.12815817,0.04654978,0.49954607
-0.20710355,0.90867114,0.00247693,0.08013693,0.00132307,0.00000000,0.02506611,0.13363662,0.04513324,0.48689181
-0.20110055,0.92608558,0.00252416,0.08124425,0.00133445,0.00000000,0.02589678,0.13938019,0.04466557,0.47943462
-0.19509755,0.95016203,0.00256308,0.08264636,0.00135984,0.00000000,0.02673825,0.14529695,0.04511647,0.47671434
-0.18909455,0.98030682,0.00259222,0.08428183,0.00139838,0.00000000,0.02757580,0.15129601,0.04645052,0.47826465
-0.18309155,1.01591873,0.00261033,0.08609320,0.00144905,0.00000000,0.02839590,0.15728920,0.04862749,0.48362472
-0.17708854,1.05639631,0.00261638,0.08802797,0.00151077,0.00000000,0.02918650,0.16319241,0.05160236,0.49234784
-0.17108554,1.10114107,0.00260969,0.09003916,0.00158231,0.00000000,0.02993720,0.16892646,0.05532507,0.50400717
-0.16508254,1.14955722,0.00258987,0.09208560,0.00166238,0.00000000,0.03063937,0.17441768,0.05974006,0.51819858
-0.15907954,1.20104847,0.00255691,0.09413182,0.00174960,0.00000000,0.03128608,0.17959811,0.06478580,0.53454108
-0.15307654,1.25501283,0.00251113,0.09614778,0.00184250,0.00000000,0.03187209,0.18440543,0.07039426,0.55267532
-0.14707354,1.31083638,0.00245321,0.09810840,0.00193955,0.00000000,0.03239361,0.18878273,0.07649052,0.57226043
-0.14107054,1.36788706,0.00238412,0.09999299,0.00203916,0.00000000,0.03284819,0.19267816,0.08299256,0.59297008
-0.13506753,1.42550939,0.00230514,0.10178454,0.00213970,0.00000000,0.03323440,0.19604459,0.08981139,0.61448815
-0.12906453,1.48302123,0.00221774,0.10346913,0.00223948,0.00000000,0.03355167,0.19883934,0.09685147,0.63650451
-0.12306153,1.53971313,0.00212360,0.10503531,0.00233683,0.00000000,0.03380002,0.20102403,0.10401152,0.65871159
-0.11705853,1.59485101,0.00202451,0.10647358,0.00243007,0.00000000,0.03397985,0.20256470,0.11118578,0.68080203
-0.11105553,1.64768237,0.00192233,0.10777597,0.00251759,0.00000000,0.03409182,0.20343206,0.11826564,0.70246767
-0.10505253,1.69744606,0.00181890,0.10893572,0.00259783,0.00000000,0.03413667,0.20360203,0.12514160,0.72340015
-0.09904952,1.74338550,0.00171606,0.10994707,0.00266933,0.00000000,0.03411521,0.20305647,0.13170557,0.74329319
-0.09304652,1.78476467,0.00161553,0.11080513,0.00273078,0.00000000,0.03402824,0.20178401,0.13785340,0.76184636
-0.08704352,1.82088631,0.00151896,0.11150584,0.00278104,0.00000000,0.03387661,0.19978100,0.14348743,0.77877028
-0.08104052,1.85111132,0.00142784,0.11204593,0.00281916,0.00000000,0.03366128,0.19705248,0.14851914,0.79379287
-0.07503752,1.87487840,0.00134353,0.11242295,0.00284441,0.00000000,0.03338336,0.19361296,0.15287164,0.80666634
-0.06903452,1.89172299,0.00126729,0.11263529,0.00285631,0.00000000,0.03304423,0.18948715,0.15648193,0.81717450
-0.06303152,1.90129421,0.00120028,0.11268217,0.00285462,0.00000000,0.03264563,0.18471030,0.15930283,0.82513992
-0.05702851,1.90336916,0.00114359,0.11256359,0.00283937,0.00000000,0.03218973,0.17932831,0.16130446,0.83043047
-0.05102551,1.89786357,0.00109835,0.11228031,0.00281084,0.00000000,0.03167920,0.17339746,0.16247524,0.83296490
-0.04502251,1.88483837,0.00106574,0.11183380,0.00276956,0.00000000,0.03111725,0.16698369,0.16282228,0.83271710
-0.03901951,1.86450165,0.00104707,0.11122612,0.00271627,0.00000000,0.03050765,0.16016158,0.16237127,0.82971862
-0.03301651,1.83720589,0.00104391,0.11045987,0.00265196,0.00000000,0.02985467,0.15301296,0.16116571,0.82405943
-0.02701351,1.80344069,0.00105814,0.10953817,0.00257775,0.00000000,0.02916312,0.14562519,0.15926557,0.81588664
-0.02101051,1.76382100,0.00109202,0.10846459,0.00249494,0.00000000,0.02843820,0.13808923,0.15674551,0.80540129
-0.01500750,1.71907164,0.00114833,0.10724324,0.00240493,0.00000000,0.02768546,0.13049763,0.15369259,0.79285318
-0.00900450,1.67000854,0.00123038,0.10587884,0.00230919,0.00000000,0.02691074,0.12294232,0.15020361,0.77853397
-0.00300150,1.61751743,0.00134212,0.10437681,0.00220923,0.00000000,0.02612001,0.11551261,0.14638222,0.76276876
0.00300150,1.56253092,0.00148815,0.10274347,0.00210658,0.00000000,0.02531934,0.10829315,0.14233584,0.74590645
0.00900450,1.50600464,0.00167375,0.10098624,0.00200271,0.00000000,0.02451478,0.10136219,0.13817250,0.72830921
0.01500750,1.44889332,0.00190484,0.09911378,0.00189906,0.00000000,0.02371232,0.09479001,0.13399777,0.71034160
0.02101051,1.39212759,0.00218799,0.09713621,0.00179697,0.00000000,0.02291777,0.08863775,0.12991182,0.69235944
0.02701351,1.33659207,0.00253025,0.09506525,0.00169765,0.00000000,0.02213679,0.08295643,0.12600671,0.67469924
0.03301651,1.28310558,0.00293908,0.09291423,0.00160221,0.00000000,0.02137475,0.07778642,0.12236400,0.65766825
0.03901951,1.23240374,0.00342213,0.09069812,0.00151160,0.00000000,0.02063679,0.07315719,0.11905283,0.64153574
0.04502251,1.18512448,0.00398703,0.08843345,0.00142661,0.00000000,0.01992769,0.06908735,0.11612840,0.62652574
0.05102551,1.14179687,0.00464111,0.08613809,0.00134789,0.00000000,0.01925193,0.06558505,0.11363095,0.61281157
0.05702851,1.10283319,0.00539109,0.08383101,0.00127591,0.00000000,0.01861360,0.06264859,0.11158534,0.60051231
0.06303152,1.06852465,0.00624273,0.08153193,0.00121096,0.00000000,0.01801642,0.06026719,0.11000113,0.58969150
0.06903452,1.03904059,0.00720045,0.07926091,0.00115320,0.00000000,0.01746367,0.05842205,0.10887321,0.58035792
0.07503752,1.01443102,0.00826695,0.07703800,0.00110263,0.00000000,0.01695818,0.05708745,0.10818296,0.57246859
0.08104052,0.99463260,0.00944283,0.07488279,0.00105910,0.00000000,0.01650233,0.05623195,0.10789987,0.56593379
0.08704352,0.97947743,0.01072623,0.07281405,0.00102234,0.00000000,0.01609801,0.05581974,0.10798360,0.56062388
0.09304652,0.96870466,0.01211253,0.07084943,0.00099196,0.00000000,0.01574660,0.05581188,0.10838631,0.55637765
0.09904952,0.96197429,0.01359408,0.06900518,0.00096749,0.00000000,0.01544903,0.05616765,0.10905535,0.55301183
0.10505253,0.95888282,0.01516003,0.06729607,0.00094837,0.00000000,0.01520572,0.05684582,0.10993595,0.55033134
0.11105553,0.95898025,0.01679628,0.06573531,0.00093399,0.00000000,0.01501670,0.05780590,0.11097409,0.54813987
0.11705853,0.96178770,0.01848551,0.06433465,0.00092373,0.00000000,0.01488159,0.05900929,0.11211913,0.54625027
0.12306153,0.96681543,0.02020737,0.06310450,0.00091692,0.00000000,0.01479968,0.06042038,0.11332642,0.54449429
0.12906453,0.97358028,0.02193877,0.06205418,0.00091293,0.00000000,0.01477003,0.06200753,0.11455943,0.54273138
0.13506753,0.98162236,0.02365435,0.06119222,0.00091115,0.00000000,0.01479155,0.06374388,0.11579163,0.54085605
0.14107054,0.99052014,0.02532702,0.06052666,0.00091103,0.00000000,0.01486304,0.06560815,0.11700780,0.53880347
0.14707354,0.99990375,0.02692869,0.06006537,0.00091208,0.00000000,0.01498332,0.06758512,0.11820482,0.53655328
0.15307654,1.00946586,0.02843095,0.05981633,0.00091388,0.00000000,0.01515130,0.06966605,0.11939196,0.53413135
0.15907954,1.01897005,0.02980601,0.05978783,0.00091614,0.00000000,0.01536598,0.07184885,0.12059051,0.53160942
0.16508254,1.02825627,0.03102749,0.05998864,0.00091865,0.00000000,0.01562658,0.07413811,0.12183292,0.52910296
0.17108554,1.03724343,0.03207127,0.06042799,0.00092130,0.00000000,0.01593244,0.07654486,0.12316138,0.52676708
0.17708854,1.04592903,0.03291637,0.06111549,0.00092411,0.00000000,0.01628307,0.07908616,0.12462602,0.52479105
0.18309155,1.05438608,0.03354560,0.06206090,0.00092720,0.00000000,0.01667806,0.08178447,0.12628274,0.52339157
0.18909455,1.06275740,0.03394623,0.06327380,0.00093080,0.00000000,0.01711701,0.08466682,0.12819085,0.52280517
0.19509755,1.07124769,0.03411045,0.06476312,0.00093524,0.00000000,0.01759937,0.08776381,0.13041054,0.52328024
0.20110055,1.08011381,0.03403563,0.06653657,0.00094093,0.00000000,0.01812437,0.09110843,0.13300044,0.52506891
0.20710355,1.08965365,0.03372452,0.06860006,0.00094837,0.00000000,0.01869076,0.09473478,0.13601522,0.52841926
0.21310655,1.10019401,0.03318511,0.07095697,0.00095808,0.00000000,0.01929677,0.09867665,0.13950354,0.53356816
0.21910955,1.11207816,0.03243040,0.07360754,0.00097069,0.00000000,0.01993982,0.10296607,0.14350624,0.54073495
0.22511256,1.12565333,0.03147800,0.07654816,0.00098679,0.00000000,0.02061648,0.10763186,0.14805494,0.55011624
0.23111556,1.14125869,0.03034951,0.07977080,0.00100704,0.00000000,0.02132227,0.11269812,0.15317111,0.56188183
0.23711856,1.15921409,0.02906983,0.08326252,0.00103204,0.00000000,0.02205161,0.11818289,0.15886551,0.57617181
0.24312156,1.17980983,0.02766638,0.08700502,0.00106240,0.00000000,0.02279777,0.12409682,0.16513811,0.59309489
0.24912456,1.20329767,0.02616822,0.09097442,0.00109866,0.00000000,0.02355287,0.13044204,0.17197833,0.61272753
0.25512756,1.22988320,0.02460518,0.09514113,0.00114132,0.00000000,0.02430795,0.13721116,0.17936561,0.63511409
0.26113057,1.25971953,0.02300699,0.09946991,0.00119078,0.00000000,0.02505307,0.14438649,0.18727014,0.66026733
0.26713357,1.29290223,0.02140249,0.10392008,0.00124737,0.00000000,0.02577749,0.15193952,0.19565373,0.68816934
0.27313657,1.32946554,0.01981887,0.10844585,0.00131128,0.00000000,0.02646987,0.15983054,0.20447072,0.71877249
0.27913957,1.36937964,0.01828103,0.11299694,0.00138262,0.00000000,0.02711855,0.16800870,0.21366875,0.75200018
0.28514257,1.41254889,0.01681105,0.11751915,0.00146132,0.00000000,0.02771183,0.17641213,0.22318943,0.78774732
0.29114557,1.45881095,0.01542782,0.12195526,0.00154721,0.00000000,0.02823826,0.18496856,0.23296880,0.82588030
0.29714857,1.50793671,0.01414672,0.12624586,0.00163995,0.00000000,0.02868694,0.19359608,0.24293754,0.86623656
0.30315158,1.55963108,0.01297953,0.13033044,0.00173907,0.00000000,0.02904789,0.20220427,0.25302103,0.90862377
0.30915458,1.61353464,0.01193437,0.13414842,0.00184395,0.00000000,0.02931224,0.21069557,0.26313918,0.95281874
0.31515758,1.66922628,0.01101578,0.13764036,0.00195380,0.00000000,0.02947255,0.21896700,0.27320624,0.99856636
0.32116058,1.72622694,0.01022494,0.14074909,0.00206775,0.00000000,0.02952302,0.22691203,0.28313053,1.04557869
0.32716358,1.78400463,0.00955989,0.14342097,0.00218477,0.00000000,0.02945961,0.23442277,0.29281431,1.09353471
0.33316658,1.84198088,0.00901584,0.14560702,0.00230373,0.00000000,0.02928022,0.24139228,0.30215390,1.14208082
0.33916958,1.89953860,0.00858559,0.14726411,0.00242343,0.00000000,0.02898467,0.24771702,0.31104008,1.19083243
0.34517259,1.95603155,0.00825987,0.14835601,0.00254261,0.00000000,0.02857478,0.25329936,0.31935894,1.23937689
0.35117559,2.01079519,0.00802778,0.14885440,0.00265998,0.00000000,0.02805424,0.25805008,0.32699319,1.28727771
0.35717859,2.06315877,0.00787721,0.14873968,0.00277422,0.00000000,0.02742857,0.26189075,0.33382401,1.33408029
0.36318159,2.11245841,0.00779524,0.14800167,0.00288407,0.00000000,0.02670492,0.26475593,0.33973338,1.37931885
0.36918459,2.15805072,0.00776853,0.14664008,0.00298828,0.00000000,0.02589191,0.26659509,0.34460689,1.42252450
0.37518759,2.19932651,0.00778371,0.14466472,0.00308572,0.00000000,0.02499940,0.26737413,0.34833684,1.46323400
0.38119060,2.23572395,0.00782771,0.14209559,0.00317533,0.00000000,0.02403823,0.26707652,0.35082568,1.50099893
0.38719360,2.26674076,0.00788808,0.13896251,0.00325619,0.00000000,0.02302002,0.26570385,0.35198940,1.53539484
0.39319660,2.29194477,0.00795322,0.13530469,0.00332749,0.00000000,0.02195682,0.26327593,0.35176091,1.56602977
0.39919960,2.31098244,0.00801266,0.13116987,0.00338859,0.00000000,0.02086094,0.25983025,0.35009304,1.59255197
0.40520260,2.32358500,0.00805724,0.12661334,0.00343902,0.00000000,0.01974466,0.25542098,0.34696111,1.61465628
0.41120560,2.32957192,0.00807921,0.12169674,0.00347841,0.00000000,0.01861998,0.25011742,0.34236492,1.63208902
0.41720860,2.32885180,0.00807234,0.11648660,0.00350661,0.00000000,0.01749847,0.24400197,0.33632988,1.64465114
0.42321161,2.32142068,0.00803200,0.11105294,0.00352356,0.00000000,0.01639105,0.23716790,0.32890736,1.65219980
0.42921461,2.30735811,0.00795511,0.10546766,0.00352935,0.00000000,0.01530789,0.22971672,0.32017419,1.65464823
0.43521761,2.28682150,0.00784015,0.09980304,0.00352421,0.00000000,0.01425824,0.22175549,0.31023118,1.65196443
0.44122061,2.26003915,0.00768703,0.09413032,0.00350846,0.00000000,0.01325043,0.21339419,0.29920096,1.64416865
0.44722361,2.22730261,0.00749701,0.08851829,0.00348251,0.00000000,0.01229180,0.20474314,0.28722495,1.63133035
0.45322661,2.18895897,0.00727256,0.08303220,0.00344687,0.00000000,0.01138869,0.19591063,0.27445986,1.61356482
0.45922961,2.14540366,0.00701717,0.07773279,0.00340213,0.00000000,0.01054650,0.18700098,0.26107371,1.59102998
0.46523262,2.09707408,0.00673517,0.07267556,0.00334892,0.00000000,0.00976972,0.17811281,0.24724159,1.56392350
0.47123562,2.04444442,0.00643156,0.06791029,0.00328797,0.00000000,0.00906201,0.16933790,0.23314143,1.53248064
0.47723862,1.98802180,0.00611177,0.06348074,0.00322005,0.00000000,0.00842630,0.16076034,0.21894975,1.49697278
0.48324162,1.92834369,0.00578151,0.05942462,0.00314600,0.00000000,0.00786485,0.15245615,0.20483778,1.45770672
0.48924462,1.86597626,0.00544656,0.05577362,0.00306673,0.00000000,0.00737938,0.14449325,0.19096790,1.41502462
0.49524762,1.80151347,0.00511262,0.05255364,0.00298321,0.00000000,0.00697109,0.13693170,0.17749060,1.36930425
0.50125063,1.73557626,0.00478514,0.04978504,0.00289649,0.00000000,0.00664080,0.12982414,0.16454195,1.32095931
0.50725363,1.66881141,0.00446919,0.04748293,0.00280769,0.00000000,0.00638892,0.12321641,0.15224168,1.27043955
0.51325663,1.60188949,0.00416935,0.04565739,0.00271797,0.00000000,0.00621550,0.11714808,0.14069183,1.21823011
0.51925963,1.53550147,0.00388966,0.04431366,0.00262856,0.00000000,0.00612022,0.11165307,0.12997593,1.16484997
0.52526263,1.47035355,0.00363349,0.04345219,0.00254073,0.00000000,0.00610234,0.10676004,0.12015872,1.11084906
0.53126563,1.40716010,0.00340359,0.04306865,0.00245577,0.00000000,0.00616064,0.10249267,0.11128625,1.05680401
0.53726863,1.34663460,0.00320197,0.04315374,0.00237495,0.00000000,0.00629335,0.09886973,0.10338642,1.00331234
0.54327164,1.28947886,0.00302998,0.04369298,0.00229952,0.00000000,0.00649803,0.09590494,0.09646977,0.95098537
0.54927464,1.23637069,0.00288828,0.04466637,0.00223067,0.00000000,0.00677148,0.09360670,0.09053055,0.90043974
0.55527764,1.18795080,0.00277688,0.04604816,0.00216947,0.00000000,0.00710967,0.09197763,0.08554793,0.85228811
0.56128064,1.14480936,0.00269519,0.04780649,0.00211687,0.00000000,0.00750760,0.09101415,0.08148746,0.80712932
0.56728364,1.10747306,0.00264205,0.04990324,0.00207365,0.00000000,0.00795932,0.09070593,0.07830253,0.76553835
0.57328664,1.07639343,0.00261580,0.05229402,0.00204038,0.00000000,0.00845782,0.09103553,0.07593601,0.72805672
0.57928964,1.05193707,0.00261435,0.05492831,0.00201744,0.00000000,0.00899513,0.09197814,0.07432196,0.69518354
0.58529265,1.03437845,0.00263525,0.05774991,0.00200493,0.00000000,0.00956233,0.09350156,0.07338747,0.66736780
0.59129565,1.02389575,0.00267575,0.06069762,0.00200272,0.00000000,0.01014970,0.09556645,0.07305454,0.64500193
0.59729865,1.02056994,0.00273289,0.06370624,0.00201045,0.00000000,0.01074688,0.09812687,0.07324204,0.62841707
0.60330165,1.02438723,0.00280360,0.06670786,0.00202749,0.00000000,0.01134310,0.10113117,0.07386781,0.61787991
0.60930465,1.03524469,0.00288475,0.06963335,0.00205301,0.00000000,0.01192745,0.10452308,0.07485076,0.61359118
0.61530765,1.05295861,0.00297325,0.07241410,0.00208597,0.00000000,0.01248913,0.10824318,0.07611298,0.61568546
0.62131066,1.07727512,0.00306611,0.07498393,0.00212517,0.00000000,0.01301783,0.11223043,0.07758184,0.62423224
0.62731366,1.10788218,0.00316052,0.07728098,0.00216931,0.00000000,0.01350401,0.11642389,0.07919204,0.63923779
0.63331666,1.14442232,0.00325394,0.07924967,0.00221700,0.00000000,0.01393922,0.12076442,0.08088744,0.66064739
0.63931966,1.18650501,0.00334408,0.08084247,0.00226681,0.00000000,0.01431636,0.12519626,0.08262274,0.68834778
0.64532266,1.23371803,0.00342904,0.08202150,0.00231734,0.00000000,0.01462997,0.12966849,0.08436486,0.72216924
0.65132566,1.28563697,0.00350726,0.08275978,0.00236726,0.00000000,0.01487635,0.13413613,0.08609395,0.76188720
0.65732866,1.34183226,0.00357755,0.08304223,0.00241533,0.00000000,0.01505370,0.13856098,0.08780399,0.80722305
0.66333167,1.40187331,0.00363911,0.08286607,0.00246045,0.00000000,0.01516217,0.14291196,0.08950297,0.85784422
0.66933467,1.46532963,0.00369150,0.08224096,0.00250167,0.00000000,0.01520377,0.14716510,0.09121254,0.91336342
0.67533767,1.53176886,0.00373461,0.08118851,0.00253826,0.00000000,0.01518228,0.15130301,0.09296718,0.97333723
0.68134067,1.60075214,0.00376862,0.07974140,0.00256963,0.00000000,0.01510302,0.15531405,0.09481292,1.03726447
0.68734367,1.67182732,0.00379391,0.07794215,0.00259544,0.00000000,0.01497259,0.15919107,0.09680551,1.10458449
0.69334667,1.74452072,0.00381106,0.07584140,0.00261550,0.00000000,0.01479855,0.16292992,0.09900831,1.17467596
0.69934967,1.81832830,0.00382075,0.07349600,0.00262980,0.00000000,0.01458906,0.16652778,0.10148976,1.24685673
0.70535268,1.89270741,0.00382370,0.07096690,0.00263851,0.00000000,0.01435252,0.16998148,0.10432064,1.32038506
0.71135568,1.96706986,0.00382059,0.06831695,0.00264192,0.00000000,0.01409715,0.17328582,0.10757121,1.39446289
0.71735868,2.04077748,0.00381204,0.06560863,0.00264040,0.00000000,0.01383071,0.17643210,0.11130833,1.46824152
0.72336168,2.11314097,0.00379854,0.06290201,0.00263444,0.00000000,0.01356014,0.17940698,0.11559258,1.54082987
0.72936468,2.18342269,0.00378041,0.06025280,0.00262456,0.00000000,0.01329134,0.18219165,0.12047573,1.61130566
0.73536768,2.25084385,0.00375780,0.05771071,0.00261129,0.00000000,0.01302894,0.18476145,0.12599840,1.67872947
0.74137069,2.31459627,0.00373068,0.05531814,0.00259519,0.00000000,0.01277626,0.18708606,0.13218826,1.74216146
0.74737369,2.37385869,0.00369882,0.05310923,0.00257680,0.00000000,0.01253523,0.18913000,0.13905856,1.80068044
0.75337669,2.42781706,0.00366185,0.05110928,0.00255662,0.00000000,0.01230645,0.19085382,0.14660747,1.85340484
0.75937969,2.47568824,0.00361926,0.04933460,0.00253512,0.00000000,0.01208934,0.19221550,0.15481781,1.89951476
0.76538269,2.51674615,0.00357048,0.04779272,0.00251273,0.00000000,0.01188232,0.19317236,0.16365761,1.93827453
0.77138569,2.55034919,0.00351489,0.04648292,0.00248987,0.00000000,0.01168305,0.19368309,0.17308121,1.96905461
0.77738869,2.57596762,0.00345189,0.04539709,0.00246692,0.00000000,0.01148868,0.19370998,0.18303099,1.99135214
0.78339170,2.59320958,0.00338097,0.04452082,0.00244422,0.00000000,0.01129620,0.19322114,0.19343966,2.00480908
0.78939470,2.60184432,0.00330171,0.04383461,0.00242217,0.00000000,0.01110269,0.19219260,0.20423298,2.00922707
0.79539770,2.60182132,0.00321391,0.04331528,0.00240112,0.00000000,0.01090561,0.19061021,0.21533284,2.00457826
0.80140070,2.59328419,0.00311753,0.04293733,0.00238151,0.00000000,0.01070308,0.18847116,0.22666052,1.99101141
0.80740370,2.57657824,0.00301280,0.04267432,0.00236377,0.00000000,0.01049401,0.18578509,0.23813992,1.96885290
0.81340670,2.55225121,0.00290019,0.04250012,0.00234844,0.00000000,0.01027832,0.18257472,0.24970079,1.93860226
0.81940970,2.52104653,0.00278042,0.04239011,0.00233608,0.00000000,0.01005699,0.17887595,0.26128149,1.90092230
0.82541271,2.48388925,0.00265447,0.04232207,0.00232735,0.00000000,0.00983208,0.17473740,0.27283139,1.85662405
0.83141571,2.44186468,0.00252355,0.04227700,0.00232293,0.00000000,0.00960669,0.17021943,0.28431260,1.80664686
0.83741871,2.39619059,0.00238910,0.04223963,0.00232360,0.00000000,0.00938489,0.16539263,0.29570100,1.75203446
0.84342171,2.34818368,0.00225270,0.04219875,0.00233016,0.00000000,0.00917151,0.16033597,0.30698644,1.69390763
0.84942471,2.29922170,0.00211611,0.04214730,0.00234344,0.00000000,0.00897201,0.15513453,0.31817216,1.63343465
0.85542771,2.25070249,0.00198115,0.04208230,0.00236425,0.00000000,0.00879223,0.14987699,0.32927338,1.57180052
0.86143072,2.20400179,0.00184974,0.04200455,0.00239340,0.00000000,0.00863820,0.14465304,0.34031518,1.51017607
0.86743372,2.16043132,0.00172377,0.04191828,0.00243160,0.00000000,0.00851585,0.13955073,0.35132979,1.44968819
0.87343672,2.12119903,0.00160517,0.04183064,0.00247951,0.00000000,0.00843087,0.13465397,0.36235356,1.39139220
0.87943972,2.08737313,0.00149580,0.04175119,0.00253764,0.00000000,0.00838847,0.13004014,0.37342366,1.33624740
0.88544272,2.05985154,0.00139747,0.04169133,0.00260635,0.00000000,0.00839325,0.12577817,0.38457491,1.28509662
0.89144572,2.03933802,0.00131193,0.04166384,0.00268584,0.00000000,0.00844911,0.12192685,0.39583689,1.23865046
0.89744872,2.02632605,0.00124088,0.04168239,0.00277611,0.00000000,0.00855917,0.11853371,0.40723165,1.19747669
0.90345173,2.02109119,0.00118596,0.04176126,0.00287697,0.00000000,0.00872579,0.11563437,0.41877211,1.16199501
0.90945473,2.02369226,0.00114879,0.04191507,0.00298802,0.00000000,0.00895061,0.11325239,0.43046140,1.13247718
0.91545773,2.03398120,0.00113101,0.04215871,0.00310867,0.00000000,0.00923461,0.11139964,0.44229319,1.10905225
0.92146073,2.05162102,0.00113431,0.04250732,0.00323818,0.00000000,0.00957832,0.11007717,0.45425302,1.09171650
0.92746373,2.07611108,0.00116049,0.04297646,0.00337563,0.00000000,0.00998190,0.10927648,0.46632056,1.08034731
0.93346673,2.10681828,0.00121151,0.04358226,0.00352001,0.00000000,0.01044537,0.10898114,0.47847266,1.07472025
0.93946973,2.14301257,0.00128955,0.04434171,0.00367025,0.00000000,0.01096879,0.10916866,0.49068696,1.07452836
0.94547274,2.18390501,0.00139704,0.04527293,0.00382523,0.00000000,0.01155241,0.10981253,0.50294581,1.07940271
0.95147574,2.22868641,0.00153674,0.04639538,0.00398389,0.00000000,0.01219689,0.11088428,0.51524012,1.08893310
0.95747874,2.27656452,0.00171177,0.04773007,0.00414520,0.00000000,0.01290335,0.11235546,0.52757291,1.10268797
0.96348174,2.32679794,0.00192561,0.04929960,0.00430826,0.00000000,0.01367355,0.11419947,0.53996210,1.12023258
0.96948474,2.37872499,0.00218212,0.05112808,0.00447232,0.00000000,0.01450983,0.11639308,0.55244230,1.14114474
0.97548774,2.43178617,0.00248552,0.05324086,0.00463678,0.00000000,0.01541516,0.11891763,0.56506548,1.16502733
0.98149075,2.48553907,0.00284034,0.05566411,0.00480123,0.00000000,0.01639300,0.12175973,0.57790009,1.19151734
0.98749375,2.53966514,0.00325134,0.05842416,0.00496545,0.00000000,0.01744720,0.12491162,0.59102888,1.22029113
0.99349675,2.59396813,0.00372341,0.06154669,0.00512937,0.00000000,0.01858177,0.12837098,0.60454514,1.25106585
0.99949975,2.64836451,0.00426140,0.06505566,0.00529308,0.00000000,0.01980061,0.13214028,0.61854769,1.28359742
1.00550275,2.70286651,0.00486997,0.06897223,0.00545678,0.00000000,0.02110727,0.13622576,0.63313483,1.31767517
1.01150575,2.75755897,0.00555337,0.07331347,0.00562073,0.00000000,0.02250451,0.14063598,0.64839742,1.35311400
1.01750875,2.81257149,0.00631523,0.07809104,0.00578520,0.00000000,0.02399406,0.14538020,0.66441157,1.38974442
1.02351176,2.86804748,0.00715826,0.08330989,0.00595041,0.00000000,0.02557617,0.15046642,0.68123133,1.42740151
1.02951476,2.92411199,0.00808406,0.08896703,0.00611647,0.00000000,0.02724935,0.15589950,0.69888176,1.46591331
1.03551776,2.98084027,0.00909279,0.09505036,0.00628331,0.00000000,0.02900998,0.16167914,0.71735281,1.50508964
1.04152076,3.03822875,0.01018301,0.10153779,0.00645067,0.00000000,0.03085208,0.16779815,0.73659443,1.54471195
1.04752376,3.09617020,0.01135140,0.10839652,0.00661800,0.00000000,0.03276710,0.17424081,0.75651310,1.58452488
1.05352676,3.15443453,0.01259265,0.11558265,0.00678448,0.00000000,0.03474378,0.18098165,0.77697022,1.62423007
1.05952976,3.21265616,0.01389928,0.12304117,0.00694897,0.00000000,0.03676812,0.18798459,0.79778234,1.66348261
1.06553277,3.27032904,0.01526170,0.13070621,0.00711002,0.00000000,0.03882340,0.19520252,0.81872335,1.70189046
1.07153577,3.32680937,0.01666813,0.13850184,0.00726588,0.00000000,0.04089035,0.20257739,0.83952871,1.73901685
1.07753877,3.38132635,0.01810483,0.14634314,0.00741456,0.00000000,0.04294742,0.21004081,0.85990141,1.77438574
1.08354177,3.43300034,0.01955626,0.15413776,0.00755382,0.00000000,0.04497107,0.21751513,0.87951960,1.80749010
1.08954477,3.48086797,0.02100539,0.16178776,0.00768130,0.00000000,0.04693632,0.22491504,0.89804562,1.83780283
1.09554777,3.52391290,0.02243408,0.16919184,0.00779455,0.00000000,0.04881718,0.23214955,0.91513594,1.86478982
1.10155078,3.56110130,0.02382357,0.17624784,0.00789112,0.00000000,0.05058734,0.23912438,0.93045188,1.88792478
1.10755378,3.59142033,0.02515498,0.18285538,0.00796867,0.00000000,0.05222076,0.24574464,0.94367050,1.90670526
1.11355678,3.61391817,0.02640981,0.18891868,0.00802505,0.00000000,0.05369241,0.25191766,0.95449541,1.92066920
1.11955978,3.62774394,0.02757061,0.19434937,0.00805839,0.00000000,0.05497896,0.25755600,0.96266692,1.92941160
1.12556278,3.63218576,0.02862144,0.19906916,0.00806717,0.00000000,0.05605942,0.26258040,0.96797144,1.93260037
1.13156578,3.62670547,0.02954843,0.20301248,0.00805033,0.00000000,0.05691587,0.26692258,0.97024945,1.92999102
1.13756878,3.61096847,0.03034023,0.20612862,0.00800732,0.00000000,0.05753394,0.27052793,0.96940201,1.92143940
1.14357179,3.58486738,0.03098843,0.20838365,0.00793815,0.00000000,0.05790336,0.27335767,0.96539538,1.90691200
1.14957479,3.54853837,0.03148777,0.20976175,0.00784340,0.00000000,0.05801834,0.27539076,0.95826375,1.88649329
1.15557779,3.50236954,0.03183634,0.21026607,0.00772428,0.00000000,0.05787775,0.27662520,0.94810975,1.86038970
1.16158079,3.44700050,0.03203563,0.20991892,0.00758258,0.00000000,0.05748530,0.27707870,0.93510287,1.82892990
1.16758379,3.38331330,0.03209042,0.20876136,0.00742065,0.00000000,0.05684946,0.27678875,0.91947575,1.79256121
1.17358679,3.31241456,0.03200859,0.20685215,0.00724136,0.00000000,0.05598327,0.27581203,0.90151846,1.75184205
1.17958979,3.23560942,0.03180077,0.20426608,0.00704805,0.00000000,0.05490402,0.27422306,0.88157087,1.70743050
1.18559280,3.15436807,0.03147996,0.20109173,0.00684439,0.00000000,0.05363277,0.27211225,0.86001344,1.66006922
1.19159580,3.07028582,0.03106101,0.19742874,0.00663435,0.00000000,0.05219375,0.26958329,0.83725675,1.61056711
1.19759880,2.98503830,0.03056010,0.19338470,0.00642207,0.00000000,0.05061369,0.26675004,0.81372990,1.55977821
1.20360180,2.90033305,0.02999412,0.18907175,0.00621173,0.00000000,0.04892110,0.26373290,0.78986845,1.50857848
1.20960480,2.81785939,0.02938016,0.18460303,0.00600745,0.00000000,0.04714542,0.26065494,0.76610210,1.45784122
1.21560780,2.73923825,0.02873492,0.18008912,0.00581320,0.00000000,0.04531626,0.25763777,0.74284252,1.40841206
1.22161081,2.66597381,0.02807421,0.17563463,0.00563264,0.00000000,0.04346263,0.25479742,0.72047193,1.36108424
1.22761381,2.59940857,0.02741254,0.17133501,0.00546910,0.00000000,0.04161217,0.25224032,0.69933254,1.31657521
1.23361681,2.54068356,0.02676276,0.16727375,0.00532540,0.00000000,0.03979049,0.25005953,0.67971742,1.27550540
1.23961981,2.49070501,0.02613580,0.16352009,0.00520387,0.00000000,0.03802064,0.24833146,0.66186301,1.23838000
1.24562281,2.45011863,0.02554055,0.16012727,0.00510623,0.00000000,0.03632263,0.24711310,0.64594346,1.20557435
1.25162581,2.41929242,0.02498377,0.15713144,0.00503357,0.00000000,0.03471310,0.24643993,0.63206712,1.17732373
1.25762881,2.39830845,0.02447018,0.15455116,0.00498636,0.00000000,0.03320512,0.24632463,0.62027513,1.15371775
1.26363182,2.38696388,0.02400254,0.15238760,0.00496439,0.00000000,0.03180813,0.24675662,0.61054220,1.13469976
1.26963482,2.38478103,0.02358190,0.15062541,0.00496683,0.00000000,0.03052796,0.24770239,0.60277951,1.12007119
1.27563782,2.39102603,0.02320784,0.14923409,0.00499227,0.00000000,0.02936702,0.24910676,0.59683965,1.10950074
1.28164082,2.40473522,0.02287881,0.14816992,0.00503872,0.00000000,0.02832456,0.25089489,0.59252320,1.10253808
1.28764382,2.42474824,0.02259239,0.14737826,0.00510368,0.00000000,0.02739702,0.25297503,0.58958698,1.09863135
1.29364682,2.44974661,0.02234566,0.14679623,0.00518425,0.00000000,0.02657841,0.25524182,0.58775335,1.09714806
1.29964982,2.47829617,0.02213553,0.14635548,0.00527715,0.00000000,0.02586079,0.25758018,0.58672046,1.09739825
1.30565283,2.50889190,0.02195895,0.14598506,0.00537887,0.00000000,0.02523474,0.25986937,0.58617279,1.09865920
1.31165583,2.54000348,0.02181318,0.14561430,0.00548569,0.00000000,0.02468981,0.26198732,0.58579191,1.10020058
1.31765883,2.57011999,0.02169598,0.14517539,0.00559382,0.00000000,0.02421498,0.26381483,0.58526678,1.10130916
1.32366183,2.59779219,0.02160568,0.14460582,0.00569944,0.00000000,0.02379909,0.26523962,0.58430339,1.10131205
1.32966483,2.62167103,0.02154124,0.14385036,0.00579887,0.00000000,0.02343121,0.26616003,0.58263338,1.09959768
1.33566783,2.64054122,0.02150222,0.14286270,0.00588856,0.00000000,0.02310093,0.26648815,0.58002138,1.09563367
1.34167084,2.65334889,0.02148873,0.14160653,0.00596523,0.00000000,0.02279865,0.26615243,0.57627080,1.08898113
1.34767384,2.65922264,0.02150125,0.14005627,0.00602593,0.00000000,0.02251572,0.26509950,0.57122796,1.07930491
1.35367684,2.65748777,0.02154047,0.13819716,0.00606806,0.00000000,0.02224460,0.26329533,0.56478455,1.06637959
1.35967984,2.64767338,0.02160710,0.13602503,0.00608948,0.00000000,0.02197887,0.26072558,0.55687834,1.05009119
1.36568284,2.62951282,0.02170168,0.13354554,0.00608851,0.00000000,0.02171326,0.25739525,0.54749223,1.03043480
1.37168584,2.60293776,0.02182433,0.13077318,0.00606396,0.00000000,0.02144359,0.25332764,0.53665187,1.00750851
1.37768884,2.56806679,0.02197461,0.12772994,0.00601517,0.00000000,0.02116668,0.24856279,0.52442198,0.98150406
1.38369185,2.52518939,0.02215137,0.12444377,0.00594196,0.00000000,0.02088024,0.24315542,0.51090162,0.95269499
1.38969485,2.47474628,0.02235268,0.12094702,0.00584468,0.00000000,0.02058276,0.23717255,0.49621875,0.92142277
1.39569785,2.41730728,0.02257576,0.11727484,0.00572413,0.00000000,0.02027337,0.23069090,0.48052431,0.88808189
1.40170085,2.35354790,0.02281709,0.11346364,0.00558158,0.00000000,0.01995170,0.22379433,0.46398618,0.85310447
1.40770385,2.28422555,0.02307246,0.10954972,0.00541866,0.00000000,0.01961784,0.21657119,0.44678321,0.81694509
1.41370685,2.21015635,0.02333714,0.10556810,0.00523738,0.00000000,0.01927219,0.20911200,0.42909963,0.78006655
1.41970985,2.13219347,0.02360615,0.10155162,0.00504003,0.00000000,0.01891546,0.20150732,0.41111993,0.74292689
1.42571286,2.05120737,0.02387448,0.09753028,0.00482911,0.00000000,0.01854862,0.19384594,0.39302456,0.70596809
1.43171586,1.96806846,0.02413740,0.09353085,0.00460729,0.00000000,0.01817292,0.18621345,0.37498624,0.66960674
1.43771886,1.88363235,0.02439070,0.08957681,0.00437734,0.00000000,0.01778988,0.17869115,0.35716713,0.63422659
1.44372186,1.79872761,0.02463101,0.08568842,0.00414204,0.00000000,0.01740134,0.17135527,0.33971675,0.60017311
1.44972486,1.71414593,0.02485598,0.08188301,0.00390418,0.00000000,0.01700949,0.16427653,0.32277060,0.56774973
1.45572786,1.63063430,0.02506445,0.07817549,0.00366643,0.00000000,0.01661693,0.15751983,0.30644928,0.53721574
1.46173087,1.54888886,0.02525651,0.07457878,0.00343133,0.00000000,0.01622666,0.15114416,0.29085820,0.50878529
1.46773387,1.46954999,0.02543353,0.07110443,0.00320126,0.00000000,0.01584209,0.14520254,0.27608742,0.48262747
1.47373687,1.39319819,0.02559800,0.06776307,0.00297836,0.00000000,0.01546703,0.13974194,0.26221185,0.45886691
1.47973987,1.32035046,0.02575338,0.06456489,0.00276455,0.00000000,0.01510560,0.13480324,0.24929142,0.43758491
1.48574287,1.25145685,0.02590377,0.06151996,0.00256146,0.00000000,0.01476217,0.13042094,0.23737125,0.41882059
1.49174587,1.18689711,0.02605355,0.05863841,0.00237047,0.00000000,0.01444121,0.12662285,0.22648175,0.40257227
1.49774887,1.12697735,0.02620700,0.05593057,0.00219264,0.00000000,0.01414713,0.12342966,0.21663871,0.38879870
1.50375188,1.07192694,0.02636784,0.05340680,0.00202877,0.00000000,0.01388415,0.12085436,0.20784316,0.37742042
1.50975488,1.02189571,0.02653876,0.05107738,0.00187939,0.00000000,0.01365607,0.11890160,0.20008144,0.36832120
1.51575788,0.97695190,0.02672110,0.04895219,0.00174473,0.00000000,0.01346608,0.11756715,0.19332508,0.36134968
1.52176088,0.93708114,0.02691443,0.04704038,0.00162480,0.00000000,0.01331661,0.11683723,0.18753104,0.35632150
1.52776388,0.90218686,0.02711634,0.04535000,0.00151936,0.00000000,0.01320918,0.11668820,0.18264204,0.35302197
1.53376688,0.87209242,0.02732227,0.04388759,0.00142799,0.00000000,0.01314425,0.11708623,0.17858732,0.35120944
1.53976988,0.84654519,0.02752555,0.04265790,0.00135005,0.00000000,0.01312119,0.11798739,0.17528368,0.35061958
1.54577289,0.82522291,0.02771744,0.04166361,0.00128480,0.00000000,0.01313821,0.11933793,0.17263709,0.35097049
1.55177589,0.80774209,0.02788742,0.04090514,0.00123135,0.00000000,0.01319245,0.12107496,0.17054463,0.35196871
1.55777889,0.79366855,0.02802355,0.04038057,0.00118873,0.00000000,0.01328004,0.12312742,0.16889693,0.35331603
1.56378189,0.78252978,0.02811295,0.04008573,0.00115593,0.00000000,0.01339627,0.12541739,0.16758099,0.35471683
1.56978489,0.77382869,0.02814233,0.04001428,0.00113190,0.00000000,0.01353579,0.12786166,0.16648327,0.35588590
1.57578789,0.76705834,0.02809857,0.04015792,0.00111561,0.00000000,0.01369283,0.13037360,0.16549293,0.35655625
1.58179090,0.76171702,0.02796941,0.04050678,0.00110605,0.00000000,0.01386150,0.13286514,0.16450521,0.35648673
1.58779390,0.75732314,0.02774396,0.04104965,0.00110228,0.00000000,0.01403609,0.13524892,0.16342465,0.35546903
1.59379690,0.75342921,0.02741330,0.04177445,0.00110342,0.00000000,0.01421129,0.13744036,0.16216809,0.35333379
1.59979990,0.74963444,0.02697091,0.04266855,0.00110871,0.00000000,0.01438252,0.13935982,0.16066732,0.34995551
1.60580290,0.74559538,0.02641307,0.04371915,0.00111748,0.00000000,0.01454618,0.14093448,0.15887133,0.34525599
1.61180590,0.74103425,0.02573904,0.04491356,0.00112918,0.00000000,0.01469979,0.14210015,0.15674785,0.33920624
1.61780890,0.73574463,0.02495122,0.04623943,0.00114335,0.00000000,0.01484219,0.14280276,0.15428448,0.33182662
1.62381191,0.72959442,0.02405504,0.04768499,0.00115967,0.00000000,0.01497359,0.14299959,0.15148896,0.32318534
1.62981491,0.72252598,0.02305885,0.04923904,0.00117788,0.00000000,0.01509560,0.14266021,0.14838901,0.31339542
1.63581791,0.71455372,0.02197360,0.05089104,0.00119784,0.00000000,0.01521117,0.14176701,0.14503139,0.30261017
1.64182091,0.70575927,0.02081241,0.05263100,0.00121944,0.00000000,0.01532447,0.14031550,0.14148055,0.29101756
1.64782391,0.69628462,0.01959017,0.05444939,0.00124263,0.00000000,0.01544073,0.13831428,0.13781669,0.27883365
1.65382691,0.68632373,0.01832294,0.05633696,0.00126738,0.00000000,0.01556597,0.13578465,0.13413351,0.26629553
1.65982991,0.67611295,0.01702744,0.05828455,0.00129366,0.00000000,0.01570679,0.13276006,0.13053561,0.25365402
1.66583292,0.66592087,0.01572048,0.06028290,0.00132141,0.00000000,0.01587000,0.12928530,0.12713569,0.24116643
1.67183592,0.65603800,0.01441846,0.06232250,0.00135053,0.00000000,0.01606238,0.12541546,0.12405166,0.22908973
1.67783892,0.64676675,0.01313687,0.06439340,0.00138086,0.00000000,0.01629031,0.12121482,0.12140367,0.21767440
1.68384192,0.63841213,0.01188990,0.06648522,0.00141215,0.00000000,0.01655954,0.11675557,0.11931116,0.20715905
1.68984492,0.63127336,0.01069013,0.06858708,0.00144412,0.00000000,0.01687488,0.11211653,0.11789005,0.19776601
1.69584792,0.62563687,0.00954828,0.07068775,0.00147635,0.00000000,0.01723997,0.10738170,0.11725001,0.18969800
1.70185093,0.62177053,0.00847306,0.07277582,0.00150839,0.00000000,0.01765715,0.10263898,0.11749190,0.18313581
1.70785393,0.61991957,0.00747113,0.07484000,0.00153973,0.00000000,0.01812729,0.09797870,0.11870554,0.17823695
1.71385693,0.62030380,0.00654711,0.07686955,0.00156978,0.00000000,0.01864972,0.09349234,0.12096767,0.17513523
1.71985993,0.62311649,0.00570369,0.07885477,0.00159797,0.00000000,0.01922226,0.08927125,0.12434021,0.17394117
1.72586293,0.62852445,0.00494179,0.08078756,0.00162370,0.00000000,0.01984124,0.08540535,0.12886903,0.17474297
1.73186593,0.63666956,0.00426074,0.08266210,0.00164643,0.00000000,0.02050161,0.08198202,0.13458300,0.17760802
1.73786893,0.64767121,0.00365851,0.08447557,0.00166566,0.00000000,0.02119711,0.07908496,0.14149370,0.18258477
1.74387194,0.66162989,0.00313202,0.08622882,0.00168101,0.00000000,0.02192045,0.07679319,0.14959558,0.18970484
1.74987494,0.67863141,0.00267733,0.08792713,0.00169219,0.00000000,0.02266363,0.07518010,0.15886683,0.19898516
1.75587794,0.69875190,0.00228995,0.08958089,0.00169909,0.00000000,0.02341814,0.07431252,0.16927089,0.21043023
1.76188094,0.72206318,0.00196506,0.09120621,0.00170175,0.00000000,0.02417536,0.07424998,0.18075866,0.22403428
1.76788394,0.74863840,0.00169773,0.09282541,0.00170041,0.00000000,0.02492685,0.07504390,0.19327137,0.23978341
1.77388694,0.77855786,0.00148315,0.09446742,0.00169549,0.00000000,0.02566476,0.07673693,0.20674418,0.25765750
1.77988994,0.81191456,0.00131679,0.09616797,0.00168764,0.00000000,0.02638221,0.07936234,0.22111019,0.27763218
1.78589295,0.84881950,0.00119453,0.09796951,0.00167770,0.00000000,0.02707364,0.08294345,0.23630498,0.29968052
1.79189595,0.88940618,0.00111280,0.09992101,0.00166669,0.00000000,0.02773521,0.08749317,0.25227128,0.32377466
1.79789895,0.93383425,0.00106869,0.10207735,0.00165584,0.00000000,0.02836519,0.09301356,0.26896364,0.34988726
1.80390195,0.98229169,0.00105994,0.10449846,0.00164652,0.00000000,0.02896423,0.09949556,0.28635282,0.37799275
1.80990495,1.03499540,0.00108508,0.10724812,0.00164023,0.00000000,0.02953571,0.10691871,0.30442951,0.40806830
1.81590795,1.09218962,0.00114336,0.11039244,0.00163858,0.00000000,0.03008598,0.11525104,0.32320719,0.44009451
1.82191096,1.15414197,0.00123480,0.11399799,0.00164325,0.00000000,0.03062447,0.12444906,0.34272371,0.47405566
1.82791396,1.22113678,0.00136013,0.11812958,0.00165591,0.00000000,0.03116382,0.13445787,0.36304143,0.50993940
1.83391696,1.29346538,0.00152077,0.12284785,0.00167824,0.00000000,0.03171985,0.14521139,0.38424555,0.54773586
1.83991996,1.37141344,0.00171876,0.12820658,0.00171184,0.00000000,0.03231140,0.15663277,0.40644064,0.58743605
1.84592296,1.45524524,0.00195669,0.13424987,0.00175817,0.00000000,0.03296012,0.16863489,0.42974527,0.62902938
1.85192596,1.54518522,0.00223758,0.14100929,0.00181853,0.00000000,0.03369005,0.18112100,0.45428470,0.67250043
1.85792896,1.64139717,0.00256478,0.14850110,0.00189402,0.00000000,0.03452708,0.19398560,0.48018202,0.71782476
1.86393197,1.74396175,0.00294186,0.15672372,0.00198543,0.00000000,0.03549837,0.20711535,0.50754785,0.76496408
1.86993497,1.85285317,0.00337242,0.16565544,0.00209328,0.00000000,0.03663151,0.22039018,0.53646917,0.81386051
1.87593797,1.96791612,0.00385994,0.17525271,0.00221770,0.00000000,0.03795369,0.23368452,0.56699770,0.86443057
1.88194097,2.08884407,0.00440766,0.18544901,0.00235844,0.00000000,0.03949071,0.24686867,0.59913858,0.91655871
1.88794397,2.21516030,0.00501830,0.19615445,0.00251486,0.00000000,0.04126595,0.25981030,0.63283984,0.97009100
1.89394697,2.34620299,0.00569395,0.20725613,0.00268586,0.00000000,0.04329931,0.27237608,0.66798349,1.02482919
1.89994997,2.48111562,0.00643582,0.21861953,0.00286993,0.00000000,0.04560614,0.28443339,0.70437880,1.08052552
1.90595298,2.61884391,0.00724411,0.23009060,0.00306515,0.00000000,0.04819621,0.29585219,0.74175838,1.13687878
1.91195598,2.75814016,0.00811775,0.24149894,0.00326918,0.00000000,0.05107277,0.30650699,0.77977748,1.19353192
1.91795898,2.89757580,0.00905431,0.25266159,0.00347935,0.00000000,0.05423171,0.31627884,0.81801699,1.25007163
1.92396198,3.03556234,0.01004982,0.26338764,0.00369270,0.00000000,0.05766086,0.32505745,0.85599002,1.30603017
1.92996498,3.17038073,0.01109866,0.27348335,0.00390603,0.00000000,0.06133958,0.33274329,0.89315233,1.36088966
1.93596798,3.30021849,0.01219354,0.28275761,0.00411600,0.00000000,0.06523847,0.33924972,0.92891606,1.41408900
1.94197099,3.42321379,0.01332541,0.29102752,0.00431922,0.00000000,0.06931941,0.34450497,0.96266658,1.46503327
1.94797399,3.53750499,0.01448356,0.29812391,0.00451236,0.00000000,0.07353590,0.34845406,0.99378159,1.51310564
1.95397699,3.64128396,0.01565568,0.30389652,0.00469223,0.00000000,0.07783365,0.35106049,1.02165179,1.55768138
1.95997999,3.73285112,0.01682804,0.30821864,0.00485592,0.00000000,0.08215154,0.35230764,1.04570227,1.59814360
1.96598299,3.81066996,0.01798570,0.31099098,0.00500085,0.00000000,0.08642282,0.35219984,1.06541343,1.63390019
1.97198599,3.87341881,0.01911281,0.31214469,0.00512491,0.00000000,0.09057663,0.35076295,1.08034077,1.66440131
1.97798899,3.92003750,0.02019292,0.31164337,0.00522651,0.00000000,0.09453975,0.34804451,1.09013225,1.68915684
1.98399200,3.94976689,0.02120943,0.30948390,0.00530465,0.00000000,0.09823855,0.34411327,1.09454269,1.70775283
1.98999500,3.96217941,0.02214598,0.30569625,0.00535894,0.00000000,0.10160107,0.33905818,1.09344432,1.71986657
1.99599800,3.95719923,0.02298694,0.30034223,0.00538968,0.00000000,0.10455918,0.33298674,1.08683308,1.72527930
2.00200100,3.93511102,0.02371788,0.29351315,0.00539777,0.00000000,0.10705072,0.32602275,1.07483040,1.72388612
2.00800400,3.89655689,0.02432605,0.28532673,0.00538476,0.00000000,0.10902156,0.31830358,1.05768027,1.71570262
2.01400700,3.84252159,0.02480079,0.27592322,0.00535275,0.00000000,0.11042747,0.30997684,1.03574202,1.70086783
2.02001001,3.77430663,0.02513399,0.26546102,0.00530435,0.00000000,0.11123581,0.30119672,1.00947904,1.67964344
2.02601301,3.69349434,0.02532043,0.25411197,0.00524256,0.00000000,0.11142678,0.29212011,0.97944410,1.65240909
2.03201601,3.60190360,0.02535803,0.24205648,0.00517071,0.00000000,0.11099438,0.28290248,0.94626197,1.61965415
2.03801901,3.50153890,0.02524807,0.22947870,0.00509230,0.00000000,0.10994692,0.27369387,0.91061038,1.58196613
2.04402201,3.39453515,0.02499526,0.21656195,0.00501089,0.00000000,0.10830706,0.26463497,0.87319994,1.54001630
2.05002501,3.28310024,0.02460777,0.20348445,0.00493002,0.00000000,0.10611142,0.25585363,0.83475418,1.49454314
2.05602801,3.16945775,0.02409706,0.19041558,0.00485304,0.00000000,0.10340968,0.24746170,0.79599043,1.44633420
2.06203102,3.05579195,0.02347770,0.17751267,0.00478303,0.00000000,0.10026334,0.23955258,0.75760232,1.39620715
2.06803402,2.94419688,0.02276707,0.16491850,0.00472269,0.00000000,0.09674403,0.23219941,0.72024453,1.34499074
2.07403702,2.83663118,0.02198489,0.15275932,0.00467428,0.00000000,0.09293157,0.22545398,0.68452012,1.29350635
2.08004002,2.73487989,0.02115283,0.14114364,0.00463955,0.00000000,0.08891175,0.21934649,0.65097095,1.24255066
2.08604302,2.64052391,0.02029391,0.13016154,0.00461969,0.00000000,0.08477398,0.21388598,0.62007084,1.19287997
2.09204602,2.55491746,0.01943192,0.11988465,0.00461533,0.00000000,0.08060891,0.20906165,0.59222187,1.14519655
2.09804902,2.47917347,0.01859090,0.11036650,0.00462655,0.00000000,0.07650593,0.20484466,0.56775304,1.10013721
2.10405203,2.41415640,0.01779441,0.10164341,0.00465286,0.00000000,0.07255096,0.20119061,0.54692129,1.05826416
2.11005503,2.36048167,0.01706504,0.09373563,0.00469329,0.00000000,0.06882419,0.19804232,0.52991416,1.02005808
2.11605803,2.31852058,0.01642379,0.08664878,0.00474642,0.00000000,0.06539821,0.19533303,0.51685368,0.98591342
2.12206103,2.28840972,0.01588954,0.08037546,0.00481047,0.00000000,0.06233629,0.19298954,0.50780085,0.95613540
2.12806403,2.27006339,0.01547863,0.07489692,0.00488336,0.00000000,0.05969101,0.19093545,0.50276032,0.93093874
2.13406703,2.26318804,0.01520439,0.07018475,0.00496278,0.00000000,0.05750316,0.18909411,0.50168475,0.91044759
2.14007004,2.26729772,0.01507685,0.06620259,0.00504631,0.00000000,0.05580106,0.18739140,0.50447856,0.89469654
2.14607304,2.28172957,0.01510251,0.06290770,0.00513146,0.00000000,0.05460009,0.18575795,0.51100088,0.88363248
2.15207604,2.30565909,0.01528410,0.06025246,0.00521576,0.00000000,0.05390259,0.18413102,0.52106766,0.87711713
2.15807904,2.33811479,0.01562061,0.05818570,0.00529685,0.00000000,0.05369813,0.18245583,0.53445295,0.87493018
2.16408204,2.37799234,0.01610719,0.05665395,0.00537248,0.00000000,0.05396396,0.18068636,0.55088958,0.87677321
2.17008504,2.42406864,0.01673536,0.05560246,0.00544059,0.00000000,0.05466579,0.17878569,0.57006961,0.88227430
2.17608804,2.47501638,0.01749310,0.05497624,0.00549934,0.00000000,0.05575886,0.17672595,0.59164477,0.89099374
2.18209105,2.52941963,0.01836522,0.05472081,0.00554710,0.00000000,0.05718915,0.17448786,0.61522750,0.90243089
2.18809405,2.58579138,0.01933364,0.05478303,0.00558250,0.00000000,0.05889489,0.17206008,0.64039283,0.91603240
2.19409705,2.64259360,0.02037783,0.05511178,0.00560440,0.00000000,0.06080813,0.16943831,0.66668161,0.93120207
2.20010005,2.69826030,0.02147534,0.05565861,0.00561190,0.00000000,0.06285661,0.16662445,0.69360533,0.94731230
2.20610305,2.75122394,0.02260229,0.05637834,0.00560431,0.00000000,0.06496559,0.16362563,0.72065270,0.96371725
2.21210605,2.79994508,0.02373401,0.05722972,0.00558115,0.00000000,0.06705982,0.16045346,0.74729811,0.97976740
2.21810905,2.84294480,0.02484560,0.05817592,0.00554214,0.00000000,0.06906552,0.15712333,0.77301187,0.99482540
2.22411206,2.87883933,0.02591258,0.05918516,0.00548718,0.00000000,0.07091234,0.15365391,0.79727193,1.00828266
2.23011506,2.90637555,0.02691152,0.06023117,0.00541633,0.00000000,0.07253518,0.15006678,0.81957677,1.01957619
2.23611806,2.92446611,0.02782061,0.06129357,0.00532983,0.00000000,0.07387592,0.14638628,0.83945891,1.02820506
2.24212106,2.93222259,0.02862024,0.06235822,0.00522805,0.00000000,0.07488492,0.14263937,0.85649850,1.03374578
2.24812406,2.92898489,0.02929347,0.06341736,0.00511156,0.00000000,0.07552225,0.13885561,0.87033619,1.03586574
2.25412706,2.91434533,0.02982650,0.06446958,0.00498104,0.00000000,0.07575862,0.13506710,0.88068481,1.03433430
2.26013007,2.88816586,0.03020893,0.06551954,0.00483738,0.00000000,0.07557599,0.13130837,0.88733898,1.02903065
2.26613307,2.85058708,0.03043408,0.06657754,0.00468160,0.00000000,0.07496778,0.12761615,0.89018229,1.01994807
2.27213607,2.80202831,0.03049907,0.06765869,0.00451489,0.00000000,0.07393869,0.12402891,0.88919140,1.00719431
2.27813907,2.74317801,0.03040485,0.06878198,0.00433863,0.00000000,0.07250421,0.12058632,0.88443687,0.99098780
2.28414207,2.67497477,0.03015611,0.06996897,0.00415432,0.00000000,0.07068969,0.11732832,0.87608048,0.97164988
2.29014507,2.59857935,0.02976112,0.07124233,0.00396364,0.00000000,0.06852917,0.11429418,0.86436909,0.94959331
2.29614807,2.51533868,0.02923139,0.07262426,0.00376836,0.00000000,0.06606389,0.11152125,0.84962528,0.92530742
2.30215108,2.42674331,0.02858130,0.07413470,0.00357041,0.00000000,0.06334067,0.10904369,0.83223511,0.89934055
2.30815408,2.33438013,0.02782768,0.07578966,0.00337175,0.00000000,0.06041012,0.10689107,0.81263353,0.87228059
2.31415708,2.23988226,0.02698927,0.07759954,0.00317442,0.00000000,0.05732482,0.10508711,0.79128813,0.84473445
2.32016008,2.14487840,0.02608620,0.07956760,0.00298048,0.00000000,0.05413753,0.10364842,0.76868197,0.81730715
2.32616308,2.05094366,0.02513940,0.08168880,0.00279194,0.00000000,0.05089951,0.10258356,0.74529616,0.79058171
2.33216608,1.95955395,0.02417007,0.08394884,0.00261078,0.00000000,0.04765900,0.10189230,0.72159320,0.76510040
2.33816908,1.87204568,0.02319913,0.08632373,0.00243887,0.00000000,0.04445996,0.10156525,0.69800155,0.74134813
2.34417209,1.78958236,0.02224673,0.08877977,0.00227796,0.00000000,0.04134105,0.10158391,0.67490229,0.71973871
2.35017509,1.71312900,0.02133178,0.09127401,0.00212963,0.00000000,0.03833487,0.10192110,0.65261830,0.70060416
2.35617809,1.64343516,0.02047157,0.09375526,0.00199529,0.00000000,0.03546759,0.10254177,0.63140636,0.68418766
2.36218109,1.58102666,0.01968147,0.09616550,0.00187613,0.00000000,0.03275878,0.10340428,0.61145249,0.67063992
2.36818409,1.52620602,0.01897467,0.09844184,0.00177312,0.00000000,0.03022158,0.10446196,0.59287050,0.66001922
2.37418709,1.47906073,0.01836203,0.10051864,0.00168700,0.00000000,0.02786307,0.10566492,0.57570370,0.65229472
2.38019010,1.43947869,0.01785200,0.10233003,0.00161827,0.00000000,0.02568488,0.10696209,0.55992955,0.64735278
2.38619310,1.40716953,0.01745057,0.10381253,0.00156718,0.00000000,0.02368393,0.10830330,0.54546687,0.64500586
2.39219610,1.38169047,0.01716134,0.10490758,0.00153375,0.00000000,0.02185329,0.10964139,0.53218513,0.64500359
2.39819910,1.36247543,0.01698559,0.10556412,0.00151779,0.00000000,0.02018307,0.11093413,0.51991519,0.64704535
2.40420210,1.34886576,0.01692245,0.10574078,0.00151885,0.00000000,0.01866135,0.11214600,0.50846114,0.65079387
2.41020510,1.34014147,0.01696898,0.10540783,0.00153630,0.00000000,0.01727505,0.11324968,0.49761230,0.65588935
2.41620810,1.33555157,0.01712044,0.10454864,0.00156931,0.00000000,0.01601072,0.11422710,0.48715513,0.66196359
2.42221111,1.33434252,0.01737038,0.10316065,0.00161685,0.00000000,0.01485527,0.11507026,0.47688427,0.66865364
2.42821411,1.33578398,0.01771086,0.10125583,0.00167772,0.00000000,0.01379653,0.11578146,0.46661247,0.67561451
2.43421711,1.33919120,0.01813262,0.09886052,0.00175058,0.00000000,0.01282370,0.11637324,0.45617887,0.68253082
2.44022011,1.34394360,0.01862521,0.09601481,0.00183394,0.00000000,0.01192770,0.11686793,0.44545553,0.68912684
2.44622311,1.34949944,0.01917715,0.09277134,0.00192616,0.00000000,0.01110133,0.11729675,0.43435189,0.69517491
2.45222611,1.35540636,0.01977604,0.08919373,0.00202553,0.00000000,0.01033936,0.11769871,0.42281735,0.70050194
2.45822911,1.36130809,0.02040874,0.08535461,0.00213021,0.00000000,0.00963850,0.11811922,0.41084176,0.70499402
2.46423212,1.36694744,0.02106142,0.08133340,0.00223832,0.00000000,0.00899729,0.11860851,0.39845418,0.70859889
2.47023512,1.37216587,0.02171977,0.07721388,0.00234793,0.00000000,0.00841591,0.11921992,0.38572001,0.71132652
2.47623812,1.37690010,0.02236912,0.07308181,0.00245708,0.00000000,0.00789597,0.12000817,0.37273673,0.71324753
2.48224112,1.38117594,0.02299462,0.06902237,0.00256383,0.00000000,0.00744024,0.12102754,0.35962868,0.71448975
2.48824412,1.38509994,0.02358148,0.06511789,0.00266631,0.00000000,0.00705243,0.12233012,0.34654103,0.71523287
2.49424712,1.38884909,0.02411515,0.06144565,0.00276270,0.00000000,0.00673690,0.12396406,0.33363336,0.71570141
2.50025013,1.39265896,0.02458163,0.05807594,0.00285134,0.00000000,0.00649841,0.12597200,0.32107314,0.71615619
2.50625313,1.39681063,0.02496777,0.05507040,0.00293071,0.00000000,0.00634196,0.12838946,0.30902924,0.71688442
2.51225613,1.40161677,0.02526151,0.05248061,0.00299952,0.00000000,0.00627252,0.13124343,0.29766597,0.71818887
2.51825913,1.40740716,0.02545228,0.05034710,0.00305668,0.00000000,0.00629492,0.13455108,0.28713750,0.72037620
2.52426213,1.41451403,0.02553125,0.04869857,0.00310141,0.00000000,0.00641371,0.13831859,0.27758309,0.72374504
2.53026513,1.42325751,0.02549162,0.04755154,0.00313321,0.00000000,0.00663301,0.14254022,0.26912304,0.72857400
2.53626813,1.43393163,0.02532885,0.04691019,0.00315191,0.00000000,0.00695645,0.14719752,0.26185553,0.73511008
2.54227114,1.44679132,0.02504088,0.04676662,0.00315765,0.00000000,0.00738707,0.15225885,0.25585425,0.74355790
2.54827414,1.46204055,0.02462823,0.04710129,0.00315094,0.00000000,0.00792726,0.15767924,0.25116698,0.75407011
2.55427714,1.47982237,0.02409401,0.04788385,0.00313258,0.00000000,0.00857865,0.16340051,0.24781484,0.76673940
2.56028014,1.50021091,0.02344393,0.04907408,0.00310369,0.00000000,0.00934210,0.16935193,0.24579246,0.78159234
2.56628314,1.52320595,0.02268611,0.05062316,0.00306569,0.00000000,0.01021757,0.17545125,0.24506869,0.79858543
2.57228614,1.54873012,0.02183090,0.05247515,0.00302021,0.00000000,0.01120402,0.18160627,0.24558801,0.81760346
2.57828914,1.57662913,0.02089057,0.05456861,0.00296912,0.00000000,0.01229941,0.18771689,0.24727245,0.83846042
2.58429215,1.60667498,0.01987894,0.05683843,0.00291441,0.00000000,0.01350051,0.19367769,0.25002393,0.86090280
2.59029515,1.63857223,0.01881096,0.05921773,0.00285819,0.00000000,0.01480290,0.19938093,0.25372699,0.88461543
2.59629815,1.67196717,0.01770229,0.06163990,0.00280260,0.00000000,0.01620085,0.20471998,0.25825181,0.90922949
2.60230115,1.70645951,0.01656880,0.06404070,0.00274979,0.00000000,0.01768732,0.20959297,0.26345738,0.93433257
2.60830415,1.74161632,0.01542615,0.06636025,0.00270181,0.00000000,0.01925393,0.21390670,0.26919486,0.95948040
2.61430715,1.77698762,0.01428934,0.06854503,0.00266062,0.00000000,0.02089102,0.21758045,0.27531093,0.98420986
2.62031016,1.81212291,0.01317233,0.07054978,0.00262802,0.00000000,0.02258776,0.22054968,0.28165115,1.00805283
2.62631316,1.84658818,0.01208774,0.07233911,0.00260560,0.00000000,0.02433230,0.22276935,0.28806319,1.03055048
2.63231616,1.87998246,0.01104654,0.07388897,0.00259474,0.00000000,0.02611205,0.22421675,0.29439991,1.05126735
2.63831916,1.91195332,0.01005793,0.07518776,0.00259656,0.00000000,0.02791401,0.22489361,0.30052218,1.06980500
2.64432216,1.94221068,0.00912919,0.07623712,0.00261192,0.00000000,0.02972518,0.22482738,0.30630149,1.08581460
2.65032516,1.97053818,0.00826571,0.07705230,0.00264139,0.00000000,0.03153304,0.22407157,0.31162215,1.09900815
2.65632816,1.99680192,0.00747101,0.07766221,0.00268532,0.00000000,0.03332612,0.22270512,0.31638318,1.10916792
2.66233117,2.02095587,0.00674686,0.07810895,0.00274374,0.00000000,0.03509458,0.22083068,0.32049976,1.11615394
2.66833417,2.04304408,0.00609350,0.07844696,0.00281649,0.00000000,0.03683083,0.21857196,0.32390432,1.11990923
2.67433717,2.06319943,0.00550980,0.07874177,0.00290313,0.00000000,0.03853011,0.21607014,0.32654718,1.12046258
2.68034017,2.08163906,0.00499357,0.07906838,0.00300306,0.00000000,0.04019104,0.21347950,0.32839683,1.11792890
2.68634317,2.09865682,0.00454177,0.07950920,0.00311548,0.00000000,0.04181611,0.21096247,0.32943983,1.11250712
2.69234617,2.11461302,0.00415083,0.08015179,0.00323947,0.00000000,0.04341198,0.20868416,0.32968030,1.10447552
2.69834917,2.12992192,0.00381689,0.08108630,0.00337399,0.00000000,0.04498969,0.20680687,0.32913921,1.09418486
2.70435218,2.14503767,0.00353601,0.08240269,0.00351793,0.00000000,0.04656465,0.20548451,0.32785333,1.08204929
2.71035518,2.16043910,0.00330443,0.08418790,0.00367016,0.00000000,0.04815642,0.20485734,0.32587398,1.06853532
2.71635818,2.17661407,0.00311873,0.08652292,0.00382956,0.00000000,0.04978827,0.20504722,0.32326568,1.05414923
2.72236118,2.19404403,0.00297593,0.08947987,0.00399503,0.00000000,0.05148654,0.20615358,0.32010460,1.03942310
2.72836418,2.21318920,0.00287363,0.09311927,0.00416559,0.00000000,0.05327974,0.20825017,0.31647700,1.02489998
2.73436718,2.23447503,0.00281000,0.09748745,0.00434037,0.00000000,0.05519750,0.21138289,0.31247768,1.01111857
2.74037019,2.25828026,0.00278383,0.10261423,0.00451865,0.00000000,0.05726934,0.21556862,0.30820833,0.99859787
2.74637319,2.28492698,0.00279446,0.10851103,0.00469987,0.00000000,0.05952340,0.22079516,0.30377606,0.98782222
2.75237619,2.31467294,0.00284168,0.11516942,0.00488370,0.00000000,0.06198503,0.22702226,0.29929187,0.97922730
2.75837919,2.34770609,0.00292569,0.12256015,0.00506998,0.00000000,0.06467550,0.23418361,0.29486923,0.97318748
2.76438219,2.38414168,0.00304691,0.13063292,0.00525876,0.00000000,0.06761078,0.24218976,0.29062276,0.97000493
2.77038519,2.42402163,0.00320584,0.13931663,0.00545028,0.00000000,0.07080042,0.25093180,0.28666691,0.96990102
2.77638819,2.46731609,0.00340292,0.14852053,0.00564493,0.00000000,0.07424678,0.26028555,0.28311477,0.97301005
2.78239120,2.51392714,0.00363837,0.15813593,0.00584325,0.00000000,0.07794443,0.27011617,0.28007689,0.97937592
2.78839420,2.56369418,0.00391201,0.16803870,0.00604581,0.00000000,0.08187995,0.28028292,0.27766016,0.98895155
2.79439720,2.61640090,0.00422318,0.17809247,0.00625322,0.00000000,0.08603205,0.29064388,0.27596677,1.00160131
2.80040020,2.67178341,0.00457058,0.18815229,0.00646605,0.00000000,0.09037211,0.30106037,0.27509316,1.01710627
2.80640320,2.72953927,0.00495222,0.19806893,0.00668473,0.00000000,0.09486498,0.31140102,0.27512908,1.03517227
2.81240620,2.78933713,0.00536538,0.20769345,0.00690952,0.00000000,0.09947023,0.32154518,0.27615665,1.05544029
2.81840920,2.85082652,0.00580659,0.21688193,0.00714041,0.00000000,0.10414358,0.33138572,0.27824953,1.07749897
2.82441221,2.91364772,0.00627169,0.22550030,0.00737711,0.00000000,0.10883857,0.34083093,0.28147214,1.10089870
2.83041521,2.97744122,0.00675590,0.23342885,0.00761895,0.00000000,0.11350843,0.34980572,0.28587899,1.12516683
2.83641821,3.04185653,0.00725400,0.24056643,0.00786491,0.00000000,0.11810791,0.35825192,0.29151407,1.14982335
2.84242121,3.10656015,0.00776040,0.24683401,0.00811355,0.00000000,0.12259514,0.36612789,0.29841041,1.17439655
2.84842421,3.17124236,0.00826945,0.25217747,0.00836308,0.00000000,0.12693333,0.37340739,0.30658963,1.19843798
2.85442721,3.23562257,0.00877557,0.25656944,0.00861135,0.00000000,0.13109222,0.38007791,0.31606161,1.22153621
2.86043022,3.29945305,0.00927354,0.26001015,0.00885592,0.00000000,0.13504927,0.38613860,0.32682426,1.24332875
2.86643322,3.36252074,0.00975871,0.26252714,0.00909411,0.00000000,0.13879049,0.39159785,0.33886321,1.26351188
2.87243622,3.42464706,0.01022724,0.26417383,0.00932312,0.00000000,0.14231080,0.39647084,0.35215159,1.28184777
2.87843922,3.48568548,0.01067627,0.26502704,0.00954007,0.00000000,0.14561402,0.40077703,0.36664969,1.29816880
2.88444222,3.54551693,0.01110412,0.26518353,0.00974215,0.00000000,0.14871234,0.40453788,0.38230458,1.31237882
2.89044522,3.60404287,0.01151037,0.26475563,0.00992668,0.00000000,0.15162544,0.40777477,0.39904966,1.32445143
2.89644822,3.66117637,0.01189594,0.26386628,0.01009119,0.00000000,0.15437915,0.41050733,0.41680406,1.33442524
2.90245123,3.71683135,0.01226306,0.26264356,0.01023356,0.00000000,0.15700384,0.41275215,0.43547199,1.34239646
2.90845423,3.77091030,0.01261522,0.26121509,0.01035200,0.00000000,0.15953247,0.41452192,0.45494207,1.34850904
2.91445723,3.82329120,0.01295702,0.25970244,0.01044513,0.00000000,0.16199861,0.41582500,0.47508664,1.35294295
2.92046023,3.87381404,0.01329394,0.25821584,0.01051204,0.00000000,0.16443426,0.41666534,0.49576118,1.35590101
2.92646323,3.92226789,0.01363216,0.25684949,0.01055220,0.00000000,0.16686779,0.41704278,0.51680395,1.35759496
2.93246623,3.96837921,0.01397816,0.25567761,0.01056553,0.00000000,0.16932202,0.41695352,0.53803594,1.35823139
2.93846923,4.01180231,0.01433850,0.25475137,0.01055229,0.00000000,0.17181248,0.41639085,0.55926126,1.35799821
2.94447224,4.05211278,0.01471942,0.25409696,0.01051306,0.00000000,0.17434613,0.41534588,0.58026807,1.35705228
2.95047524,4.08880462,0.01512651,0.25371477,0.01044871,0.00000000,0.17692032,0.41380837,0.60083019,1.35550880
2.95647824,4.12129178,0.01556449,0.25357974,0.01036025,0.00000000,0.17952235,0.41176742,0.62070945,1.35343306
2.96248124,4.14891447,0.01603686,0.25364276,0.01024885,0.00000000,0.18212941,0.40921217,0.63965874,1.35083481
2.96848424,4.17095050,0.01654580,0.25383331,0.01011573,0.00000000,0.18470912,0.40613228,0.65742597,1.34766570
2.97448724,4.18663166,0.01709201,0.25406278,0.00996211,0.00000000,0.18722050,0.40251841,0.67375865,1.34381981
2.98049025,4.19516477,0.01767469,0.25422876,0.00978921,0.00000000,0.18961537,0.39836242,0.68840918,1.33913739
2.98649325,4.19575687,0.01829166,0.25421972,0.00959819,0.00000000,0.19184026,0.39365769,0.70114070,1.33341151
2.99249625,4.18764368,0.01893942,0.25392012,0.00939016,0.00000000,0.19383852,0.38839924,0.71173317,1.32639747
2.99849925,4.17012021,0.01961349,0.25321560,0.00916619,0.00000000,0.19555278,0.38258391,0.71998976,1.31782444
3.00450225,4.14257233,0.02030866,0.25199809,0.00892734,0.00000000,0.19692746,0.37621065,0.72574305,1.30740886
3.01050525,4.10450793,0.02101941,0.25017054,0.00867467,0.00000000,0.19791140,0.36928077,0.72886100,1.29486891
3.01650825,4.05558618,0.02174024,0.24765124,0.00840930,0.00000000,0.19846035,0.36179846,0.72925236,1.27993956
3.02251126,3.99564356,0.02246616,0.24437737,0.00813244,0.00000000,0.19853935,0.35377126,0.72687138,1.26238724
3.02851426,3.92471539,0.02319306,0.24030791,0.00784546,0.00000000,0.19812478,0.34521087,0.72172153,1.24202378
3.03451726,3.84305167,0.02391804,0.23542555,0.00754986,0.00000000,0.19720606,0.33613383,0.71385824,1.21871877
3.04052026,3.75112644,0.02463970,0.22973784,0.00724737,0.00000000,0.19578696,0.32656246,0.70339029,1.19240994
3.04652326,3.64963996,0.02535836,0.22327731,0.00693992,0.00000000,0.19388634,0.31652566,0.69048009,1.16311108
3.05252626,3.53951351,0.02607608,0.21610086,0.00662963,0.00000000,0.19153842,0.30605973,0.67534252,1.13091716
3.05852926,3.42187666,0.02679662,0.20828832,0.00631884,0.00000000,0.18879244,0.29520901,0.65824253,1.09600647
3.06453227,3.29804756,0.02752528,0.19994023,0.00601003,0.00000000,0.18571177,0.28402631,0.63949144,1.05863982
3.07053527,3.16950663,0.02826853,0.19117521,0.00570579,0.00000000,0.18237251,0.27257310,0.61944210,1.01915661
3.07653827,3.03786466,0.02903361,0.18212674,0.00540879,0.00000000,0.17886156,0.26091932,0.59848291,0.97796826
3.08254127,2.90482640,0.02982796,0.17293966,0.00512169,0.00000000,0.17527422,0.24914285,0.57703087,0.93554907
3.08854427,2.77215078,0.03065859,0.16376651,0.00484706,0.00000000,0.17171145,0.23732856,0.55552382,0.89242494
3.09454727,2.64160922,0.03153145,0.15476370,0.00458734,0.00000000,0.16827683,0.22556702,0.53441196,0.84916042
3.10055028,2.51494329,0.03245073,0.14608776,0.00434476,0.00000000,0.16507331,0.21395282,0.51414881,0.80634453
3.10655328,2.39382318,0.03341825,0.13789173,0.00412125,0.00000000,0.16219991,0.20258260,0.49518186,0.76457582
3.11255628,2.27980826,0.03443287,0.13032158,0.00391843,0.00000000,0.15974840,0.19155286,0.47794290,0.72444730
3.11855928,2.17431082,0.03549012,0.12351307,0.00373752,0.00000000,0.15780015,0.18095761,0.46283841,0.68653148
3.12456228,2.07856421,0.03658184,0.11758867,0.00357933,0.00000000,0.15642325,0.17088596,0.45024002,0.65136621
3.13056528,1.99359606,0.03769614,0.11265494,0.00344426,0.00000000,0.15566988,0.16141980,0.44047535,0.61944156
3.13656828,1.92020732,0.03881746,0.10880017,0.00333226,0.00000000,0.15557430,0.15263161,0.43381942,0.59118817
3.14257129,1.85895767,0.03992689,0.10609232,0.00324285,0.00000000,0.15615119,0.14458254,0.43048674,0.56696721
3.14857429,1.81015736,0.04100268,0.10457744,0.00317518,0.00000000,0.15739472,0.13732078,0.43062447,0.54706236
3.15457729,1.77386572,0.04202091,0.10427831,0.00312801,0.00000000,0.15927821,0.13088035,0.43430679,0.53167384
3.16058029,1.74989611,0.04295637,0.10519369,0.00309982,0.00000000,0.16175443,0.12528035,0.44153061,0.52091453
3.16658329,1.73782697,0.04378353,0.10729781,0.00308881,0.00000000,0.16475663,0.12052464,0.45221305,0.51480835
3.17258629,1.73701856,0.04447757,0.11054047,0.00309303,0.00000000,0.16820018,0.11660199,0.46619068,0.51329080
3.17858929,1.74663472,0.04501546,0.11484761,0.00311037,0.00000000,0.17198484,0.11348669,0.48322069,0.51621149
3.18459230,1.76566889,0.04537704,0.12012242,0.00313868,0.00000000,0.17599753,0.11113956,0.50298423,0.52333881
3.19059530,1.79297360,0.04554590,0.12624700,0.00317585,0.00000000,0.18011561,0.10950933,0.52509181,0.53436619
3.19659830,1.82729246,0.04551025,0.13308464,0.00321981,0.00000000,0.18421044,0.10853431,0.54909077,0.54892011
3.20260130,1.86729373,0.04526356,0.14048260,0.00326866,0.00000000,0.18815122,0.10814426,0.57447477,0.56656943
3.20860430,1.91160435,0.04480495,0.14827551,0.00332065,0.00000000,0.19180886,0.10826244,0.60069504,0.58683576
3.21460730,1.95884356,0.04413939,0.15628915,0.00337427,0.00000000,0.19505988,0.10880771,0.62717315,0.60920472
3.22061031,2.00765510,0.04327764,0.16434471,0.00342826,0.00000000,0.19779007,0.10969660,0.65331497,0.63313760
3.22661331,2.05673693,0.04223590,0.17226328,0.00348161,0.00000000,0.19989783,0.11084536,0.67852535,0.65808334
3.23261631,2.10486788,0.04103529,0.17987050,0.00353358,0.00000000,0.20129710,0.11217183,0.70222320,0.68349020
3.23861931,2.15093022,0.03970108,0.18700126,0.00358369,0.00000000,0.20191973,0.11359716,0.72385622,0.70881713
3.24462231,2.19392785,0.03826174,0.19350413,0.00363170,0.00000000,0.20171720,0.11504726,0.74291508,0.73354433
3.25062531,2.23299956,0.03674792,0.19924558,0.00367756,0.00000000,0.20066168,0.11645409,0.75894633,0.75718285
3.25662831,2.26742713,0.03519128,0.20411363,0.00372138,0.00000000,0.19874630,0.11775664,0.77156365,0.77928296
3.26263132,2.29663844,0.03362336,0.20802092,0.00376340,0.00000000,0.19598478,0.11890166,0.78045713,0.79944111
3.26863432,2.32020567,0.03207445,0.21090699,0.00380391,0.00000000,0.19241028,0.11984414,0.78540010,0.81730548
3.27463732,2.33783907,0.03057252,0.21273975,0.00384320,0.00000000,0.18807366,0.12054758,0.78625352,0.83257990
3.28064032,2.34937694,0.02914232,0.21351609,0.00388153,0.00000000,0.18304117,0.12098402,0.78296758,0.84502626
3.28664332,2.35477258,0.02780457,0.21326148,0.00391904,0.00000000,0.17739167,0.12113394,0.77558070,0.85446544
3.29264632,2.35407911,0.02657545,0.21202884,0.00395575,0.00000000,0.17121363,0.12098595,0.76421594,0.86077690
3.29864932,2.34743309,0.02546614,0.20989647,0.00399148,0.00000000,0.16460180,0.12053637,0.74907507,0.86389697
3.30465233,2.33503803,0.02448274,0.20696535,0.00402585,0.00000000,0.15765402,0.11978877,0.73043066,0.86381629
3.31065533,2.31714844,0.02362623,0.20335574,0.00405827,0.00000000,0.15046800,0.11875338,0.70861639,0.86057621
3.31665833,2.29405558,0.02289281,0.19920343,0.00408793,0.00000000,0.14313843,0.11744645,0.68401621,0.85426478
3.32266133,2.26607528,0.02227429,0.19465556,0.00411382,0.00000000,0.13575439,0.11588966,0.65705265,0.84501210
3.32866433,2.23353833,0.02175866,0.18986629,0.00413475,0.00000000,0.12839722,0.11410940,0.62817479,0.83298561
3.33466733,2.19678383,0.02133084,0.18499247,0.00414943,0.00000000,0.12113891,0.11213613,0.59784627,0.81838511
3.34067034,2.15615529,0.02097347,0.18018934,0.00415645,0.00000000,0.11404097,0.11000363,0.56653381,0.80143780
3.34667334,2.11199942,0.02066773,0.17560638,0.00415443,0.00000000,0.10715395,0.10774836,0.53469653,0.78239344
3.35267634,2.06466706,0.02039426,0.17138354,0.00414200,0.00000000,0.10051732,0.10540869,0.50277629,0.76151954
3.35867934,2.01451590,0.02013393,0.16764769,0.00411796,0.00000000,0.09416002,0.10302419,0.47118944,0.73909670
3.36468234,1.96191407,0.01986868,0.16450959,0.00408124,0.00000000,0.08810121,0.10063485,0.44031986,0.71541405
3.37068534,1.90724414,0.01958217,0.16206116,0.00403107,0.00000000,0.08235151,0.09828039,0.41051370,0.69076487
3.37668834,1.85090680,0.01926039,0.16037338,0.00396697,0.00000000,0.07691435,0.09599943,0.38207548,0.66544225
3.38269135,1.79332353,0.01889210,0.15949456,0.00388878,0.00000000,0.07178747,0.09382883,0.35526579,0.63973497
3.38869435,1.73493804,0.01846915,0.15944922,0.00379676,0.00000000,0.06696452,0.09180295,0.33030041,0.61392351
3.39469735,1.67621597,0.01798663,0.16023748,0.00369155,0.00000000,0.06243653,0.08995308,0.30735062,0.58827629
3.40070035,1.61764284,0.01744295,0.16183510,0.00357415,0.00000000,0.05819331,0.08830687,0.28654484,0.56304627
3.40670335,1.55972045,0.01683967,0.16419407,0.00344600,0.00000000,0.05422462,0.08688798,0.26797110,0.53846791
3.41270635,1.50296170,0.01618133,0.16724385,0.00330883,0.00000000,0.05052122,0.08571578,0.25168039,0.51475472
3.41870935,1.44788447,0.01547508,0.17089333,0.00316473,0.00000000,0.04707554,0.08480534,0.23769070,0.49209737
3.42471236,1.39500481,0.01473031,0.17503332,0.00301600,0.00000000,0.04388226,0.08416751,0.22599142,0.47066262
3.43071536,1.34483007,0.01395816,0.17953983,0.00286518,0.00000000,0.04093853,0.08380924,0.21654805,0.45059302
3.43671836,1.29785231,0.01317102,0.18427783,0.00271492,0.00000000,0.03824404,0.08373411,0.20930698,0.43200746
3.44272136,1.25454244,0.01238203,0.18910556,0.00256795,0.00000000,0.03580088,0.08394294,0.20420018,0.41500258
3.44872436,1.21534539,0.01160456,0.19387926,0.00242697,0.00000000,0.03361328,0.08443462,0.20114966,0.39965502
3.45472736,1.18067634,0.01085175,0.19845822,0.00229466,0.00000000,0.03168719,0.08520701,0.20007143,0.38602428
3.46073037,1.15091813,0.01013608,0.20270986,0.00217353,0.00000000,0.03002980,0.08625780,0.20087903,0.37415615
3.46673337,1.12641955,0.00946900,0.20651478,0.00206596,0.00000000,0.02864904,0.08758539,0.20348626,0.36408643
3.47273637,1.10749429,0.00886062,0.20977155,0.00197405,0.00000000,0.02755301,0.08918970,0.20780927,0.35584478
3.47873937,1.09442026,0.00831950,0.21240093,0.00189966,0.00000000,0.02674945,0.09107277,0.21376779,0.34945833
3.48474237,1.08743862,0.00785247,0.21434948,0.00184434,0.00000000,0.02624521,0.09323910,0.22128549,0.34495482
3.49074537,1.08675236,0.00746460,0.21559223,0.00180932,0.00000000,0.02604579,0.09569585,0.23028966,0.34236516
3.49674837,1.09252392,0.00715912,0.21613431,0.00179545,0.00000000,0.02615484,0.09845265,0.24070998,0.34172497
3.50275138,1.10487164,0.00693759,0.21601147,0.00180323,0.00000000,0.02657381,0.10152112,0.25247682,0.34307512
3.50875438,1.12386498,0.00679990,0.21528931,0.00183278,0.00000000,0.02730156,0.10491410,0.26551886,0.34646102
3.51475738,1.14951838,0.00674457,0.21406134,0.00188384,0.00000000,0.02833407,0.10864464,0.27976056,0.35193083
3.52076038,1.18178428,0.00676889,0.21244578,0.00195577,0.00000000,0.02966418,0.11272476,0.29511933,0.35953232
3.52676338,1.22054536,0.00686924,0.21058131,0.00204755,0.00000000,0.03128134,0.11716401,0.31150283,0.36930886
3.53276638,1.26560676,0.00704133,0.20862188,0.00215781,0.00000000,0.03317155,0.12196800,0.32880656,0.38129438
3.53876938,1.31668875,0.00728058,0.20673071,0.00228484,0.00000000,0.03531720,0.12713694,0.34691182,0.39550778
3.54477239,1.37342064,0.00758239,0.20507391,0.00242660,0.00000000,0.03769706,0.13266424,0.36568439,0.41194696
3.55077539,1.43533641,0.00794253,0.20381368,0.00258079,0.00000000,0.04028638,0.13853532,0.38497382,0.43058273
3.55677839,1.50187293,0.00835740,0.20310168,0.00274483,0.00000000,0.04305695,0.14472663,0.40461372,0.45135318
3.56278139,1.57237108,0.00882441,0.20307260,0.00291598,0.00000000,0.04597740,0.15120505,0.42442279,0.47415847
3.56878439,1.64608014,0.00934223,0.20383835,0.00309132,0.00000000,0.04901341,0.15792760,0.44420684,0.49885663
3.57478739,1.72216586,0.00991104,0.20548300,0.00326785,0.00000000,0.05212821,0.16484158,0.46376150,0.52526059
3.58079040,1.79972191,0.01053275,0.20805878,0.00344255,0.00000000,0.05528298,0.17188509,0.48287577,0.55313656
3.58679340,1.87778482,0.01121113,0.21158320,0.00361241,0.00000000,0.05843744,0.17898796,0.50133611,0.58220411
3.59279640,1.95535176,0.01195190,0.21603755,0.00377455,0.00000000,0.06155051,0.18607310,0.51893089,0.61213790
3.59879940,2.03140099,0.01276272,0.22136666,0.00392623,0.00000000,0.06458103,0.19305806,0.53545524,0.64257127
3.60480240,2.10491393,0.01365309,0.22748015,0.00406494,0.00000000,0.06748846,0.19985700,0.55071576,0.67310158
3.61080540,2.17489851,0.01463416,0.23425495,0.00418848,0.00000000,0.07023375,0.20638280,0.56453532,0.70329726
3.61680840,2.24041269,0.01571845,0.24153914,0.00429495,0.00000000,0.07278008,0.21254936,0.57675744,0.73270641
3.62281141,2.30058757,0.01691943,0.24915683,0.00438284,0.00000000,0.07509375,0.21827393,0.58725032,0.76086673
3.62881441,2.35464923,0.01825104,0.25691406,0.00445107,0.00000000,0.07714491,0.22347951,0.59591026,0.78731652
3.63481741,2.40193855,0.01972708,0.26460531,0.00449895,0.00000000,0.07890831,0.22809715,0.60266450,0.81160643
3.64082041,2.44192850,0.02136054,0.27202053,0.00452628,0.00000000,0.08036397,0.23206815,0.60747334,0.83331153
3.64682341,2.47423818,0.02316289,0.27895232,0.00453326,0.00000000,0.08149780,0.23534604,0.61033140,0.85204342
3.65282641,2.49864334,0.02514326,0.28520303,0.00452055,0.00000000,0.08230200,0.23789840,0.61126826,0.86746179
3.65882941,2.51508296,0.02730765,0.29059144,0.00448921,0.00000000,0.08277545,0.23970830,0.61034812,0.87928516
3.66483242,2.52366171,0.02965819,0.29495886,0.00444068,0.00000000,0.08292388,0.24077551,0.60766884,0.88730029
3.67083542,2.52464835,0.03219242,0.29817425,0.00437675,0.00000000,0.08275989,0.24111726,0.60336008,0.89136990
3.67683842,2.51846984,0.03490265,0.30013843,0.00429948,0.00000000,0.08230281,0.24076872,0.59758080,0.89143842
3.68284142,2.50570168,0.03777551,0.30078683,0.00421121,0.00000000,0.08157839,0.23978294,0.59051604,0.88753542
3.68884442,2.48705435,0.04079160,0.30009114,0.00411446,0.00000000,0.08061827,0.23823049,0.58237308,0.87977661
3.69484742,2.46335665,0.04392543,0.29805944,0.00401189,0.00000000,0.07945933,0.23619859,0.57337709,0.86836227
3.70085043,2.43553597,0.04714553,0.29473506,0.00390624,0.00000000,0.07814284,0.23378988,0.56376628,0.85357323
3.70685343,2.40459640,0.05041480,0.29019414,0.00380027,0.00000000,0.07671348,0.23112064,0.55378682,0.83576435
3.71285643,2.37159506,0.05369117,0.28454212,0.00369672,0.00000000,0.07521823,0.22831882,0.54368741,0.81535586
3.71885943,2.33761731,0.05692848,0.27790927,0.00359823,0.00000000,0.07370518,0.22552146,0.53371395,0.79282278
3.72486243,2.30375167,0.06007756,0.27044548,0.00350732,0.00000000,0.07222225,0.22287198,0.52410417,0.76868284
3.73086543,2.27106482,0.06308759,0.26231459,0.00342634,0.00000000,0.07081591,0.22051700,0.51508258,0.74348332
3.73686843,2.24057769,0.06590753,0.25368859,0.00335739,0.00000000,0.06952991,0.21860308,0.50685583,0.71778722
3.74287144,2.21324282,0.06848771,0.24474172,0.00330233,0.00000000,0.06840403,0.21727310,0.49960856,0.69215925
3.74887444,2.18992388,0.07078146,0.23564498,0.00326272,0.00000000,0.06747298,0.21666270,0.49349992,0.66715218
3.75487744,2.17137753,0.07274664,0.22656107,0.00323980,0.00000000,0.06676535,0.21689652,0.48866098,0.64329382
3.76088044,2.15823810,0.07434717,0.21764000,0.00323450,0.00000000,0.06630280,0.21808456,0.48519274,0.62107506
3.76688344,2.15100526,0.07555432,0.20901552,0.00324735,0.00000000,0.06609940,0.22031867,0.48316522,0.60093928
3.77288644,2.15003495,0.07634778,0.20080246,0.00327858,0.00000000,0.06616121,0.22366921,0.48261720,0.58327340
3.77888944,2.15553350,0.07671643,0.19309492,0.00332803,0.00000000,0.06648604,0.22818202,0.48355692,0.56840057
3.78489245,2.16755512,0.07665884,0.18596544,0.00339521,0.00000000,0.06706356,0.23387590,0.48596336,0.55657478
3.79089545,2.18600250,0.07618329,0.17946506,0.00347930,0.00000000,0.06787555,0.24074051,0.48978818,0.54797730
3.79689845,2.21063067,0.07530758,0.17362404,0.00357919,0.00000000,0.06889648,0.24873494,0.49495819,0.54271495
3.80290145,2.24105378,0.07405836,0.16845346,0.00369348,0.00000000,0.07009428,0.25778704,0.50137815,0.54082020
3.80890445,2.27675474,0.07247021,0.16394717,0.00382055,0.00000000,0.07143131,0.26779346,0.50893379,0.54225287
3.81490745,2.31709759,0.07058438,0.16008426,0.00395858,0.00000000,0.07286554,0.27862068,0.51749501,0.54690345
3.82091046,2.36134232,0.06844735,0.15683182,0.00410561,0.00000000,0.07435189,0.29010689,0.52691908,0.55459790
3.82691346,2.40866189,0.06610921,0.15414772,0.00425958,0.00000000,0.07584362,0.30206484,0.53705384,0.56510364
3.83291646,2.45816123,0.06362196,0.15198355,0.00441841,0.00000000,0.07729382,0.31428556,0.54774074,0.57813679
3.83891946,2.50889789,0.06103781,0.15028731,0.00458002,0.00000000,0.07865691,0.32654305,0.55881777,0.59337034
3.84492246,2.55990376,0.05840751,0.14900596,0.00474240,0.00000000,0.07989006,0.33859956,0.57012225,0.61044312
3.85092546,2.61020753,0.05577885,0.14808770,0.00490365,0.00000000,0.08095453,0.35021168,0.58149340,0.62896933
3.85692846,2.65885725,0.05319537,0.14748381,0.00506203,0.00000000,0.08181692,0.36113671,0.59277473,0.64854850
3.86293147,2.70494229,0.05069525,0.14715019,0.00521599,0.00000000,0.08245012,0.37113937,0.60381627,0.66877544
3.86893447,2.74761411,0.04831050,0.14704836,0.00536421,0.00000000,0.08283414,0.37999844,0.61447651,0.68925012
3.87493747,2.78610504,0.04606646,0.14714612,0.00550562,0.00000000,0.08295661,0.38751318,0.62462414,0.70958694
3.88094047,2.81974439,0.04398157,0.14741767,0.00563937,0.00000000,0.08281307,0.39350918,0.63413950,0.72942340
3.88694347,2.84797135,0.04206739,0.14784338,0.00576487,0.00000000,0.08240693,0.39784354,0.64291574,0.74842748
3.89294647,2.87034409,0.04032894,0.14840913,0.00588175,0.00000000,0.08174917,0.40040898,0.65085953,0.76630392
3.89894947,2.88654468,0.03876520,0.14910538,0.00598984,0.00000000,0.08085783,0.40113693,0.65789155,0.78279881
3.90495248,2.89637987,0.03736980,0.14992582,0.00608914,0.00000000,0.07975722,0.39999923,0.66394644,0.79770257
3.91095548,2.89977757,0.03613187,0.15086604,0.00617974,0.00000000,0.07847698,0.39700851,0.66897249,0.81085113
3.91695848,2.89677948,0.03503690,0.15192190,0.00626182,0.00000000,0.07705106,0.39221732,0.67293093,0.82212542
3.92296148,2.88753048,0.03406776,0.15308801,0.00633557,0.00000000,0.07551651,0.38571584,0.67579501,0.83144926
3.92896448,2.87226524,0.03320558,0.15435622,0.00640113,0.00000000,0.07391243,0.37762849,0.67754885,0.83878581
3.93496748,2.85129337,0.03243065,0.15571437,0.00645855,0.00000000,0.07227882,0.36810956,0.67818636,0.84413295
3.94097049,2.82498367,0.03172324,0.15714525,0.00650778,0.00000000,0.07065564,0.35733798,0.67771014,0.84751795
3.94697349,2.79374887,0.03106434,0.15862595,0.00654856,0.00000000,0.06908198,0.34551166,0.67613073,0.84899175
3.95297649,2.75803159,0.03043621,0.16012761,0.00658049,0.00000000,0.06759542,0.33284148,0.67346617,0.84862336
3.95897949,2.71829250,0.02982295,0.16161565,0.00660296,0.00000000,0.06623162,0.31954529,0.66974209,0.84649470
3.96498249,2.67500125,0.02921079,0.16305045,0.00661520,0.00000000,0.06502414,0.30584215,0.66499228,0.84269626
3.97098549,2.62863060,0.02858839,0.16438847,0.00661628,0.00000000,0.06400442,0.29194701,0.65925982,0.83732381
3.97698849,2.57965381,0.02794697,0.16558382,0.00660517,0.00000000,0.06320200,0.27806596,0.65259876,0.83047639
3.98299150,2.52854511,0.02728036,0.16659014,0.00658078,0.00000000,0.06264483,0.26439230,0.64507608,0.82225548
3.98899450,2.47578268,0.02658503,0.16736268,0.00654203,0.00000000,0.06235973,0.25110330,0.63677388,0.81276542
3.99499750,2.42185345,0.02585992,0.16786057,0.00648790,0.00000000,0.06237277,0.23835789,0.62779149,0.80211481
4.00100050,2.36725863,0.02510637,0.16804898,0.00641751,0.00000000,0.06270970,0.22629503,0.61824728,0.79041863
4.00700350,2.31251902,0.02432790,0.16790119,0.00633022,0.00000000,0.06339621,0.21503286,0.60827983,0.77780061
4.01300650,2.25817885,0.02353004,0.16740030,0.00622565,0.00000000,0.06445797,0.20466843,0.59804824,0.76439562
4.01900950,2.20480714,0.02272003,0.16654062,0.00610372,0.00000000,0.06592051,0.19527787,0.58773123,0.75035147
4.02501251,2.15299577,0.02190665,0.16532841,0.00596474,0.00000000,0.06780874,0.18691698,0.57752497,0.73582989
4.03101551,2.10335352,0.02109990,0.16378217,0.00580941,0.00000000,0.07014624,0.17962199,0.56763948,0.72100623
4.03701851,2.05649586,0.02031075,0.16193218,0.00563881,0.00000000,0.07295416,0.17341045,0.55829352,0.70606777
4.04302151,2.01303056,0.01955083,0.15981953,0.00545438,0.00000000,0.07624994,0.16828218,0.54970823,0.69121045
4.04902451,1.97353951,0.01883221,0.15749454,0.00525792,0.00000000,0.08004576,0.16422012,0.54209956,0.67663414
4.05502751,1.93855763,0.01816705,0.15501462,0.00505152,0.00000000,0.08434686,0.16119128,0.53566998,0.66253656
4.06103052,1.90855002,0.01756738,0.15244182,0.00483750,0.00000000,0.08914979,0.15914750,0.53059968,0.64910617
4.06703352,1.88388870,0.01704478,0.14984014,0.00461834,0.00000000,0.09444077,0.15802639,0.52703795,0.63651443
4.07303652,1.86483052,0.01661014,0.14727271,0.00439660,0.00000000,0.10019420,0.15775222,0.52509504,0.62490802
4.07903952,1.85149792,0.01627345,0.14479901,0.00417482,0.00000000,0.10637149,0.15823697,0.52483514,0.61440138
4.08504252,1.84386392,0.01604351,0.14247243,0.00395548,0.00000000,0.11292031,0.15938169,0.52627093,0.60507026
4.09104552,1.84174279,0.01592779,0.14033812,0.00374089,0.00000000,0.11977436,0.16107800,0.52936007,0.59694679
4.09704852,1.84478744,0.01593225,0.13843134,0.00353314,0.00000000,0.12685374,0.16321001,0.53400396,0.59001641
4.10305153,1.85249417,0.01606117,0.13677646,0.00333403,0.00000000,0.13406596,0.16565651,0.54004892,0.58421699
4.10905453,1.86421501,0.01631707,0.13538654,0.00314506,0.00000000,0.14130759,0.16829357,0.54728996,0.57944051
4.11505753,1.87917747,0.01670060,0.13426362,0.00296741,0.00000000,0.14846657,0.17099730,0.55547686,0.57553704
4.12106053,1.89651091,0.01721053,0.13339965,0.00280189,0.00000000,0.15542502,0.17364693,0.56432242,0.57232119
4.12706353,1.91527849,0.01784362,0.13277797,0.00264899,0.00000000,0.16206255,0.17612793,0.57351252,0.56958056
4.13306653,1.93451325,0.01859473,0.13237534,0.00250888,0.00000000,0.16825991,0.17833512,0.58271745,0.56708594
4.13906953,1.95325642,0.01945671,0.13216427,0.00238148,0.00000000,0.17390268,0.18017565,0.59160405,0.56460265
4.14507254,1.97059630,0.02042049,0.13211567,0.00226645,0.00000000,0.17888510,0.18157166,0.59984790,0.56190253
4.15107554,1.98570564,0.02147511,0.13220155,0.00216331,0.00000000,0.18311358,0.18246250,0.60714517,0.55877590
4.15707854,1.99787575,0.02260776,0.13239762,0.00207142,0.00000000,0.18650992,0.18280651,0.61322341,0.55504300
4.16308154,2.00654570,0.02380385,0.13268586,0.00199011,0.00000000,0.18901394,0.18258206,0.61785089,0.55056415
4.16908454,2.01132535,0.02504715,0.13305654,0.00191868,0.00000000,0.19058548,0.18178802,0.62084400,0.54524835
4.17508754,2.01201113,0.02631989,0.13351006,0.00185647,0.00000000,0.19120571,0.18044347,0.62207252,0.53905979
4.18109055,2.00859411,0.02760295,0.13405809,0.00180294,0.00000000,0.19087752,0.17858683,0.62146257,0.53202200
4.18709355,2.00126013,0.02887610,0.13472429,0.00175763,0.00000000,0.18962515,0.17627427,0.61899720,0.52421952
4.19309655,1.99038230,0.03011822,0.13554432,0.00172028,0.00000000,0.18749311,0.17357763,0.61471480,0.51579698
4.19909955,1.97650633,0.03130769,0.13656537,0.00169075,0.00000000,0.18454423,0.17058193,0.60870545,0.50695573
4.20510255,1.96032970,0.03242271,0.13784504,0.00166912,0.00000000,0.18085723,0.16738249,0.60110561,0.49794815
4.21110555,1.94267557,0.03344177,0.13944965,0.00165564,0.00000000,0.17652376,0.16408193,0.59209138,0.48906994
4.21710855,1.92446277,0.03434409,0.14145208,0.00165073,0.00000000,0.17164512,0.16078701,0.58187085,0.48065060
4.22311156,1.90667286,0.03511014,0.14392920,0.00165496,0.00000000,0.16632877,0.15760549,0.57067586,0.47304260
4.22911456,1.89031571,0.03572215,0.14695889,0.00166902,0.00000000,0.16068490,0.15464320,0.55875352,0.46660954
4.23511756,1.87639445,0.03616460,0.15061677,0.00169369,0.00000000,0.15482303,0.15200112,0.54635787,0.46171362
4.24112056,1.86587097,0.03642471,0.15497281,0.00172980,0.00000000,0.14884890,0.14977284,0.53374190,0.45870293
4.24712356,1.85963270,0.03649289,0.16008774,0.00177818,0.00000000,0.14286169,0.14804217,0.52115020,0.45789884
4.25312656,1.85846145,0.03636303,0.16600961,0.00183960,0.00000000,0.13695169,0.14688109,0.50881230,0.45958384
4.25912956,1.86300499,0.03603281,0.17277031,0.00191473,0.00000000,0.13119838,0.14634790,0.49693694,0.46399013
4.26513257,1.87375182,0.03550384,0.18038255,0.00200408,0.00000000,0.12566909,0.14648573,0.48570707,0.47128937
4.27113557,1.89100973,0.03478164,0.18883704,0.00210792,0.00000000,0.12041804,0.14732122,0.47527594,0.48158374
4.27713857,1.91488871,0.03387556,0.19810027,0.00222628,0.00000000,0.11548595,0.14886358,0.46576393,0.49489877
4.28314157,1.94528851,0.03279855,0.20811292,0.00235884,0.00000000,0.11090004,0.15110382,0.45725633,0.51117800
4.28914457,1.98189158,0.03156675,0.21878906,0.00250495,0.00000000,0.10667441,0.15401445,0.44980204,0.53027996
4.29514757,2.02416180,0.03019906,0.23001613,0.00266355,0.00000000,0.10281080,0.15754938,0.44341303,0.55197747
4.30115058,2.07134942,0.02871656,0.24165597,0.00283317,0.00000000,0.09929959,0.16164430,0.43806484,0.57595958
4.30715358,2.12250267,0.02714190,0.25354683,0.00301192,0.00000000,0.09612109,0.16621754,0.43369786,0.60183629
4.31315658,2.17648623,0.02549860,0.26550631,0.00319751,0.00000000,0.09324697,0.17117130,0.43021962,0.62914595
4.31915958,2.23200651,0.02381045,0.27733543,0.00338727,0.00000000,0.09064183,0.17639357,0.42750797,0.65736543
4.32516258,2.28764366,0.02210079,0.28882349,0.00357821,0.00000000,0.08826490,0.18176043,0.42541519,0.68592293
4.33116558,2.34188960,0.02039195,0.29975377,0.00376703,0.00000000,0.08607176,0.18713899,0.42377297,0.71421298
4.33716858,2.39319120,0.01870473,0.30990978,0.00395027,0.00000000,0.08401605,0.19239083,0.42239823,0.74161343
4.34317159,2.43999751,0.01705790,0.31908193,0.00412435,0.00000000,0.08205121,0.19737576,0.42109951,0.76750380
4.34917459,2.48080926,0.01546796,0.32707429,0.00428567,0.00000000,0.08013209,0.20195598,0.41968393,0.79128440
4.35517759,2.51422903,0.01394881,0.33371117,0.00443077,0.00000000,0.07821652,0.20600041,0.41796433,0.81239556
4.36118059,2.53900989,0.01251170,0.33884335,0.00455637,0.00000000,0.07626665,0.20938897,0.41576642,0.83033608
4.36718359,2.55410056,0.01116521,0.34235340,0.00465954,0.00000000,0.07425021,0.21201669,0.41293568,0.84468032
4.37318659,2.55868492,0.00991533,0.34416023,0.00473774,0.00000000,0.07214147,0.21379751,0.40934353,0.85509299
4.37918959,2.55221398,0.00876564,0.34422227,0.00478896,0.00000000,0.06992198,0.21466740,0.40489278,0.86134101
4.38519260,2.53442879,0.00771755,0.34253935,0.00481177,0.00000000,0.06758113,0.21458687,0.39952175,0.86330200
4.39119560,2.50537277,0.00677062,0.33915305,0.00480539,0.00000000,0.06511628,0.21354248,0.39320716,0.86096864
4.39719860,2.46539298,0.00592290,0.33414562,0.00476968,0.00000000,0.06253279,0.21154745,0.38596540,0.85444904
4.40320160,2.41512989,0.00517127,0.32763727,0.00470517,0.00000000,0.05984363,0.20864114,0.37785223,0.84396265
4.40920460,2.35549597,0.00451183,0.31978222,0.00461308,0.00000000,0.05706884,0.20488761,0.36896082,0.82983217
4.41520760,2.28764413,0.00394027,0.31076340,0.00449518,0.00000000,0.05423471,0.20037303,0.35941835,0.81247150
4.42121061,2.21292707,0.00345215,0.30078626,0.00435384,0.00000000,0.05137282,0.19520229,0.34938106,0.79237053
4.42721361,2.13284970,0.00304328,0.29007175,0.00419186,0.00000000,0.04851887,0.18949485,0.33902838,0.77007712
4.43321661,2.04901646,0.00270996,0.27884895,0.00401242,0.00000000,0.04571148,0.18338005,0.32855598,0.74617734
4.43921961,1.96307611,0.00244922,0.26734756,0.00381895,0.00000000,0.04299094,0.17699205,0.31816842,0.72127465
4.44522261,1.87666621,0.00225899,0.25579051,0.00361504,0.00000000,0.04039788,0.17046472,0.30807163,0.69596903
4.45122561,1.79135995,0.00213831,0.24438716,0.00340431,0.00000000,0.03797207,0.16392668,0.29846545,0.67083689
4.45722861,1.70861721,0.00208733,0.23332714,0.00319031,0.00000000,0.03575128,0.15749673,0.28953679,0.64641261
4.46323162,1.62974207,0.00210744,0.22277525,0.00297640,0.00000000,0.03377022,0.15127979,0.28145355,0.62317245
4.46923462,1.55584812,0.00220125,0.21286744,0.00276573,0.00000000,0.03205971,0.14536373,0.27435958,0.60152145
4.47523762,1.48783282,0.00237250,0.20370809,0.00256109,0.00000000,0.03064586,0.13981701,0.26837085,0.58178366
4.48124062,1.42636141,0.00262602,0.19536856,0.00236490,0.00000000,0.02954958,0.13468727,0.26357303,0.56419614
4.48724362,1.37186069,0.00296755,0.18788707,0.00217918,0.00000000,0.02878613,0.13000099,0.26002034,0.54890657
4.49324662,1.32452227,0.00340354,0.18126991,0.00200550,0.00000000,0.02836488,0.12576407,0.25773579,0.53597464
4.49924962,1.28431451,0.00394089,0.17549367,0.00184501,0.00000000,0.02828923,0.12196333,0.25671261,0.52537671
4.50525263,1.25100227,0.00458670,0.17050857,0.00169846,0.00000000,0.02855664,0.11856884,0.25691671,0.51701349
4.51125563,1.22417284,0.00534786,0.16624258,0.00156619,0.00000000,0.02915876,0.11553680,0.25829004,0.51072021
4.51725863,1.20326682,0.00623072,0.16260612,0.00144822,0.00000000,0.03008173,0.11281302,0.26075451,0.50627854
4.52326163,1.18761200,0.00724069,0.15949716,0.00134427,0.00000000,0.03130652,0.11033662,0.26421626,0.50342984
4.52926463,1.17645884,0.00838177,0.15680648,0.00125380,0.00000000,0.03280930,0.10804381,0.26857012,0.50188887
4.53526763,1.16901585,0.00965617,0.15442287,0.00117610,0.00000000,0.03456198,0.10587166,0.27370385,0.50135749
4.54127064,1.16448351,0.01106389,0.15223802,0.00111035,0.00000000,0.03653273,0.10376162,0.27950228,0.50153763
4.54727364,1.16208547,0.01260234,0.15015104,0.00105561,0.00000000,0.03868654,0.10166260,0.28585083,0.50214324
4.55327664,1.16109617,0.01426607,0.14807233,0.00101095,0.00000000,0.04098588,0.09953364,0.29263868,0.50291060
4.55927964,1.16086403,0.01604646,0.14592678,0.00097546,0.00000000,0.04339131,0.09734595,0.29976129,0.50360686
4.56528264,1.16082999,0.01793167,0.14365618,0.00094828,0.00000000,0.04586224,0.09508439,0.30712244,0.50403665
4.57128564,1.16054103,0.01990656,0.14122080,0.00092864,0.00000000,0.04835762,0.09274827,0.31463571,0.50404658
4.57728864,1.15965892,0.02195282,0.13860021,0.00091590,0.00000000,0.05083672,0.09035159,0.32222557,0.50352781
4.58329165,1.15796438,0.02404924,0.13579327,0.00090954,0.00000000,0.05325990,0.08792266,0.32982813,0.50241675
4.58929465,1.15535703,0.02617207,0.13281745,0.00090921,0.00000000,0.05558940,0.08550324,0.33739163,0.50069408
4.59529765,1.15185169,0.02829552,0.12970742,0.00091470,0.00000000,0.05779014,0.08314723,0.34487673,0.49838238
4.60130065,1.14757163,0.03039246,0.12651328,0.00092594,0.00000000,0.05983047,0.08091903,0.35225679,0.49554251
4.60730365,1.14273909,0.03243508,0.12329818,0.00094302,0.00000000,0.06168292,0.07889157,0.35951792,0.49226917
4.61330665,1.13766390,0.03439574,0.12013573,0.00096615,0.00000000,0.06332487,0.07714418,0.36665902,0.48868567
4.61930965,1.13273035,0.03624778,0.11710721,0.00099567,0.00000000,0.06473908,0.07576030,0.37369164,0.48493831
4.62531266,1.12838281,0.03796635,0.11429864,0.00103199,0.00000000,0.06591422,0.07482515,0.38063963,0.48119039
4.63131566,1.12511041,0.03952918,0.11179786,0.00107559,0.00000000,0.06684517,0.07442331,0.38753843,0.47761611
4.63731866,1.12343094,0.04091727,0.10969169,0.00112701,0.00000000,0.06753314,0.07463640,0.39443396,0.47439433
4.64332166,1.12387407,0.04211547,0.10806321,0.00118676,0.00000000,0.06798572,0.07554068,0.40138094,0.47170237
4.64932466,1.12696422,0.04311288,0.10698921,0.00125533,0.00000000,0.06821664,0.07720485,0.40844067,0.46970992
4.65532766,1.13320303,0.04390309,0.10653798,0.00133315,0.00000000,0.06824532,0.07968780,0.41567808,0.46857297
4.66133067,1.14305178,0.04448422,0.10676721,0.00142053,0.00000000,0.06809635,0.08303659,0.42315817,0.46842806
4.66733367,1.15691394,0.04485878,0.10772227,0.00151763,0.00000000,0.06779859,0.08728446,0.43094197,0.46938671
4.67333667,1.17511813,0.04503332,0.10943485,0.00162445,0.00000000,0.06738430,0.09244912,0.43908195,0.47153032
4.67933967,1.19790210,0.04501797,0.11192176,0.00174076,0.00000000,0.06688797,0.09853114,0.44761730,0.47490560
4.68534267,1.22539796,0.04482579,0.11518425,0.00186610,0.00000000,0.06634518,0.10551272,0.45656917,0.47952071
4.69134567,1.25761949,0.04447206,0.11920752,0.00199975,0.00000000,0.06579132,0.11335669,0.46593624,0.48534233
4.69734867,1.29445191,0.04397348,0.12396068,0.00214071,0.00000000,0.06526029,0.12200593,0.47569084,0.49229383
4.70335168,1.33564479,0.04334743,0.12939700,0.00228771,0.00000000,0.06478335,0.13138327,0.48577602,0.50025469
4.70935468,1.38080867,0.04261118,0.13545450,0.00243920,0.00000000,0.06438791,0.14139181,0.49610369,0.50906138
4.71535768,1.42941572,0.04178124,0.14205693,0.00259340,0.00000000,0.06409654,0.15191580,0.50655415,0.51850976
4.72136068,1.48080490,0.04087278,0.14911497,0.00274827,0.00000000,0.06392613,0.16282217,0.51697711,0.52835905
4.72736368,1.53419156,0.03989920,0.15652780,0.00290162,0.00000000,0.06388728,0.17396246,0.52719425,0.53833733
4.73336668,1.58868171,0.03887189,0.16418489,0.00305109,0.00000000,0.06398387,0.18517551,0.53700327,0.54814841
4.73936968,1.64329035,0.03780004,0.17196802,0.00319425,0.00000000,0.06421288,0.19629045,0.54618336,0.55748003
4.74537269,1.69696372,0.03669073,0.17975342,0.00332865,0.00000000,0.06456452,0.20713034,0.55450179,0.56601281
4.75137569,1.74860461,0.03554906,0.18741414,0.00345187,0.00000000,0.06502254,0.21751599,0.56172136,0.57342998
4.75737869,1.79709996,0.03437844,0.19482234,0.00356161,0.00000000,0.06556479,0.22727012,0.56760840,0.57942714
4.76338169,1.84134985,0.03318094,0.20185174,0.00365576,0.00000000,0.06616397,0.23622160,0.57194091,0.58372198
4.76938469,1.88029677,0.03195773,0.20837993,0.00373242,0.00000000,0.06678859,0.24420964,0.57451638,0.58606322
4.77538769,1.91295423,0.03070950,0.21429064,0.00379001,0.00000000,0.06740403,0.25108779,0.57515905,0.58623866
4.78139070,1.93843361,0.02943685,0.21947592,0.00382726,0.00000000,0.06797372,0.25672767,0.57372624,0.58408183
4.78739370,1.95596826,0.02814075,0.22383808,0.00384331,0.00000000,0.06846038,0.26102217,0.57011334,0.57947705
4.79339670,1.96493419,0.02682279,0.22729148,0.00383769,0.00000000,0.06882726,0.26388813,0.56425751,0.57236263
4.79939970,1.96486645,0.02548543,0.22976411,0.00381032,0.00000000,0.06903936,0.26526833,0.55613975,0.56273226
4.80540270,1.95547084,0.02413216,0.23119892,0.00376156,0.00000000,0.06906460,0.26513275,0.54578548,0.55063439
4.81140570,1.93663067,0.02276755,0.23155486,0.00369214,0.00000000,0.06887483,0.26347909,0.53326352,0.53616989
4.81740870,1.90840828,0.02139719,0.23080767,0.00360319,0.00000000,0.06844682,0.26033241,0.51868381,0.51948796
4.82341171,1.87104168,0.02002760,0.22895034,0.00349614,0.00000000,0.06776296,0.25574419,0.50219382,0.50078079
4.82941471,1.82493626,0.01866604,0.22599332,0.00337272,0.00000000,0.06681186,0.24979048,0.48397405,0.48027693
4.83541771,1.77065235,0.01732027,0.22196436,0.00323491,0.00000000,0.06558879,0.24256960,0.46423288,0.45823401
4.84142071,1.70888883,0.01599830,0.21690803,0.00308484,0.00000000,0.06409580,0.23419922,0.44320084,0.43493094
4.84742371,1.64046379,0.01470811,0.21088494,0.00292477,0.00000000,0.06234181,0.22481302,0.42112486,0.41066005
4.85342671,1.56629274,0.01345742,0.20397061,0.00275704,0.00000000,0.06034234,0.21455710,0.39826251,0.38571936
4.85942971,1.48736529,0.01225340,0.19625409,0.00258397,0.00000000,0.05811922,0.20358620,0.37487651,0.36040537
4.86543272,1.40472111,0.01110255,0.18783620,0.00240785,0.00000000,0.05570007,0.19205989,0.35122976,0.33500655
4.87143572,1.31942582,0.01001044,0.17882762,0.00223084,0.00000000,0.05311764,0.18013882,0.32758091,0.30979764
4.87743872,1.23254778,0.00898173,0.16934673,0.00205501,0.00000000,0.05040911,0.16798122,0.30418059,0.28503503
4.88344172,1.14513618,0.00802003,0.15951733,0.00188222,0.00000000,0.04761528,0.15573967,0.28126844,0.26095311
4.88944472,1.05820132,0.00712794,0.14946620,0.00171416,0.00000000,0.04477974,0.14355818,0.25907081,0.23776178
4.89544772,0.97269730,0.00630714,0.13932079,0.00155227,0.00000000,0.04194804,0.13156987,0.23779918,0.21564490
4.90145073,0.88950764,0.00555844,0.12920682,0.00139781,0.00000000,0.03916684,0.11989497,0.21764923,0.19475977
4.90745373,0.80943400,0.00488197,0.11924606,0.00125177,0.00000000,0.03648320,0.10863939,0.19880050,0.17523747
4.91345673,0.73318812,0.00427735,0.10955435,0.00111494,0.00000000,0.03394382,0.09789386,0.18141643,0.15718390
4.91945973,0.66138704,0.00374388,0.10023976,0.00098789,0.00000000,0.03159444,0.08773346,0.16564484,0.14068140
4.92546273,0.59455124,0.00328080,0.09140110,0.00087099,0.00000000,0.02947924,0.07821768,0.15161857,0.12579086
4.93146573,0.53310576,0.00288751,0.08312671,0.00076444,0.00000000,0.02764038,0.06939091,0.13945620,0.11255408
4.93746873,0.47738366,0.00256383,0.07549355,0.00066826,0.00000000,0.02611756,0.06128323,0.12926277,0.10099630
4.94347174,0.42763162,0.00231024,0.06856662,0.00058235,0.00000000,0.02494763,0.05391161,0.12113030,0.09112869
4.94947474,0.38401713,0.00212812,0.06239865,0.00050652,0.00000000,0.02416423,0.04728123,0.11513802,0.08295080
4.95547774,0.34663682,0.00202003,0.05703004,0.00044048,0.00000000,0.02379749,0.04138707,0.11135232,0.07645276
4.96148074,0.31552543,0.00198990,0.05248903,0.00038387,0.00000000,0.02387360,0.03621554,0.10982619,0.07161719
4.96748374,0.29066504,0.00204323,0.04879201,0.00033633,0.00000000,0.02441453,0.03174617,0.11059826,0.06842079
4.97348674,0.27199402,0.00218727,0.04594395,0.00029747,0.00000000,0.02543756,0.02795332,0.11369135,0.06683557
4.97948974,0.25941564,0.00243113,0.04393895,0.00026691,0.00000000,0.02695489,0.02480776,0.11911068,0.06682969
4.98549275,0.25280571,0.00278591,0.04276079,0.00024429,0.00000000,0.02897315,0.02227824,0.12684169,0.06836796
4.99149575,0.25201946,0.00326465,0.04238351,0.00022930,0.00000000,0.03149299,0.02033279,0.13684766,0.07141205
4.99749875,0.25689726,0.00388230,0.04277203,0.00022167,0.00000000,0.03450864,0.01894005,0.14906739,0.07592042
5.00350175,0.26726935,0.00465560,0.04388272,0.00022120,0.00000000,0.03800749,0.01807026,0.16341289,0.08184806
5.00950475,0.28295953,0.00560278,0.04566410,0.00022773,0.00000000,0.04196984,0.01769615,0.17976751,0.08914620
5.01550775,0.30378788,0.00674325,0.04805744,0.00024119,0.00000000,0.04636872,0.01779369,0.19798460,0.09776194
5.02151076,0.32957270,0.00809709,0.05099754,0.00026153,0.00000000,0.05116989,0.01834257,0.21788693,0.10763789
5.02751376,0.36013170,0.00968449,0.05441356,0.00028878,0.00000000,0.05633207,0.01932655,0.23926708,0.11871204
5.03351676,0.39528253,0.01152499,0.05822996,0.00032300,0.00000000,0.06180733,0.02073363,0.26188885,0.13091770
5.03951976,0.43484280,0.01363673,0.06236761,0.00036429,0.00000000,0.06754182,0.02255605,0.28548988,0.14418358
5.04552276,0.47862955,0.01603546,0.06674499,0.00041275,0.00000000,0.07347662,0.02479009,0.30978549,0.15843419
5.05152576,0.52645819,0.01873359,0.07127955,0.00046848,0.00000000,0.07954888,0.02743569,0.33447354,0.17359022
5.05752876,0.57814082,0.02173919,0.07588922,0.00053158,0.00000000,0.08569316,0.03049593,0.35924044,0.18956911
5.06353177,0.63348400,0.02505492,0.08049391,0.00060207,0.00000000,0.09184287,0.03397632,0.38376787,0.20628563
5.06953477,0.69228563,0.02867711,0.08501711,0.00067995,0.00000000,0.09793178,0.03788384,0.40774016,0.22365241
5.07553777,0.75433120,0.03259489,0.08938741,0.00076510,0.00000000,0.10389563,0.04222593,0.43085180,0.24158031
5.08154077,0.81938904,0.03678945,0.09353992,0.00085732,0.00000000,0.10967353,0.04700926,0.45281502,0.25997861
5.08754377,0.88720489,0.04123359,0.09741755,0.00095626,0.00000000,0.11520935,0.05223837,0.47336675,0.27875488
5.09354677,0.95749570,0.04589149,0.10097199,0.00106147,0.00000000,0.12045285,0.05791424,0.49227499,0.29781466
5.09954977,1.02994302,0.05071876,0.10416442,0.00117230,0.00000000,0.12536052,0.06403282,0.50934393,0.31706067
5.10555278,1.10418621,0.05566291,0.10696592,0.00128799,0.00000000,0.12989620,0.07058356,0.52441791,0.33639194
5.11155578,1.17981597,0.06066410,0.10935743,0.00140756,0.00000000,0.13403125,0.07754807,0.53738372,0.35570265
5.11755878,1.25636871,0.06565637,0.11132944,0.00152992,0.00000000,0.13774450,0.08489891,0.54817148,0.37488096
5.12356178,1.33332236,0.07056910,0.11288130,0.00165378,0.00000000,0.14102185,0.09259868,0.55675385,0.39380801
5.12956478,1.41009430,0.07532889,0.11402021,0.00177773,0.00000000,0.14385560,0.10059944,0.56314378,0.41235714
5.13556778,1.48604195,0.07986172,0.11476005,0.00190026,0.00000000,0.14624360,0.10884254,0.56739107,0.43039367
5.14157079,1.56046675,0.08409521,0.11511998,0.00201975,0.00000000,0.14818823,0.11725903,0.56957780,0.44777532
5.14757379,1.63262176,0.08796114,0.11512306,0.00213451,0.00000000,0.14969539,0.12577050,0.56981317,0.46435352
5.15357679,1.70172336,0.09139792,0.11479488,0.00224287,0.00000000,0.15077344,0.13429063,0.56822786,0.47997565
5.15957979,1.76696698,0.09435298,0.11416223,0.00234315,0.00000000,0.15143230,0.14272720,0.56496850,0.49448836
5.16558279,1.82754665,0.09678501,0.11325213,0.00243378,0.00000000,0.15168273,0.15098476,0.56019232,0.50774187
5.17158579,1.88267804,0.09866591,0.11209099,0.00251327,0.00000000,0.15153574,0.15896765,0.55406256,0.51959522
5.17758879,1.93162399,0.09998236,0.11070415,0.00258032,0.00000000,0.15100233,0.16658348,0.54674453,0.52992224
5.18359180,1.97372184,0.10073693,0.10911565,0.00263382,0.00000000,0.15009345,0.17374677,0.53840277,0.53861807
5.18959480,2.00841107,0.10094870,0.10734845,0.00267292,0.00000000,0.14882018,0.18038268,0.52919918,0.54560584
5.19559780,2.03526003,0.10065328,0.10542476,0.00269703,0.00000000,0.14719412,0.18643058,0.51929221,0.55084304
5.20160080,2.05399038,0.09990229,0.10336669,0.00270589,0.00000000,0.14522791,0.19184736,0.50883700,0.55432740
5.20760380,2.06449753,0.09876227,0.10119700,0.00269951,0.00000000,0.14293588,0.19661009,0.49798623,0.55610167
5.21360680,2.06686612,0.09731303,0.09893993,0.00267827,0.00000000,0.14033466,0.20071812,0.48689159,0.55625687
5.21960980,2.06137906,0.09564550,0.09662188,0.00264285,0.00000000,0.13744381,0.20419421,0.47570561,0.55493388
5.22561281,2.04851944,0.09385922,0.09427216,0.00259424,0.00000000,0.13428624,0.20708477,0.46458342,0.55232288
5.23161581,2.02896463,0.09205938,0.09192331,0.00253370,0.00000000,0.13088860,0.20945898,0.45368448,0.54866056
5.23761881,2.00357258,0.09035375,0.08961130,0.00246276,0.00000000,0.12728135,0.21140688,0.44317370,0.54422508
5.24362181,1.97336028,0.08884935,0.08737537,0.00238315,0.00000000,0.12349866,0.21303645,0.43322206,0.53932881
5.24962481,1.93947534,0.08764920,0.08525746,0.00229678,0.00000000,0.11957813,0.21446972,0.42400630,0.53430899
5.25562781,1.90316141,0.08684901,0.08330147,0.00220566,0.00000000,0.11556025,0.21583811,0.41570780,0.52951688
5.26163082,1.86571909,0.08653422,0.08155200,0.00211185,0.00000000,0.11148766,0.21727723,0.40851040,0.52530550
5.26763382,1.82846365,0.08677717,0.08005301,0.00201746,0.00000000,0.10740437,0.21892130,0.40259733,0.52201676
5.27363682,1.79268158,0.08763470,0.07884625,0.00192451,0.00000000,0.10335480,0.22089750,0.39814720,0.51996849
5.27963982,1.75958769,0.08914620,0.07796948,0.00183496,0.00000000,0.09938279,0.22332050,0.39532925,0.51944190
5.28564282,1.73028468,0.09133212,0.07745488,0.00175059,0.00000000,0.09553071,0.22628751,0.39429789,0.52067015
5.29164582,1.70572683,0.09419308,0.07732735,0.00167305,0.00000000,0.09183850,0.22987395,0.39518695,0.52382859
5.29764882,1.68668935,0.09770949,0.07760310,0.00160372,0.00000000,0.08834288,0.23413011,0.39810361,0.52902715
5.30365183,1.67374453,0.10184189,0.07828850,0.00154377,0.00000000,0.08507667,0.23907883,0.40312247,0.53630514
5.30965483,1.66724572,0.10653171,0.07937921,0.00149410,0.00000000,0.08206828,0.24471437,0.41027989,0.54562896
5.31565783,1.66731934,0.11170275,0.08085970,0.00145534,0.00000000,0.07934122,0.25100249,0.41956899,0.55689250
5.32166083,1.67386526,0.11726308,0.08270323,0.00142783,0.00000000,0.07691392,0.25788175,0.43093545,0.56992049
5.32766383,1.68656515,0.12310751,0.08487224,0.00141165,0.00000000,0.07479954,0.26526583,0.44427443,0.58447439
5.33366683,1.70489808,0.12912033,0.08731907,0.00140661,0.00000000,0.07300595,0.27304683,0.45942889,0.60026061
5.33966983,1.72816252,0.13517847,0.08998720,0.00141226,0.00000000,0.07153580,0.28109932,0.47618931,0.61694065
5.34567284,1.75550351,0.14115480,0.09281273,0.00142792,0.00000000,0.07038659,0.28928484,0.49429519,0.63414255
5.35167584,1.78594364,0.14692157,0.09572613,0.00145269,0.00000000,0.06955089,0.29745678,0.51343824,0.65147317
5.35767884,1.81841645,0.15235378,0.09865426,0.00148552,0.00000000,0.06901649,0.30546511,0.53326732,0.66853072
5.36368184,1.85180077,0.15733247,0.10152240,0.00152518,0.00000000,0.06876663,0.31316107,0.55339512,0.68491695
5.36968484,1.88495479,0.16174780,0.10425638,0.00157031,0.00000000,0.06878022,0.32040127,0.57340639,0.70024843
5.37568784,1.91674840,0.16550172,0.10678464,0.00161948,0.00000000,0.06903211,0.32705131,0.59286760,0.71416670
5.38169085,1.94609312,0.16851033,0.10904017,0.00167119,0.00000000,0.06949335,0.33298866,0.61133764,0.72634669
5.38769385,1.97196852,0.17070569,0.11096218,0.00172391,0.00000000,0.07013152,0.33810476,0.62837933,0.73650343
5.39369685,1.99344479,0.17203712,0.11249769,0.00177613,0.00000000,0.07091110,0.34230640,0.64357129,0.74439676
5.39969985,2.00970101,0.17247199,0.11360259,0.00182635,0.00000000,0.07179396,0.34551634,0.65651974,0.74983422
5.40570285,2.02003912,0.17199595,0.11424262,0.00187316,0.00000000,0.07273986,0.34767334,0.66686984,0.75267214
5.41170585,2.02389369,0.17061260,0.11439383,0.00191523,0.00000000,0.07370712,0.34873166,0.67431610,0.75281520
5.41770885,2.02083761,0.16834269,0.11404284,0.00195135,0.00000000,0.07465333,0.34866025,0.67861143,0.75021462
5.42371186,2.01058429,0.16522294,0.11318671,0.00198047,0.00000000,0.07553619,0.34744166,0.67957451,0.74486541
5.42971486,1.99298666,0.16130435,0.11183258,0.00200168,0.00000000,0.07631441,0.34507100,0.67709510,0.73680297
5.43571786,1.96803338,0.15665041,0.10999701,0.00201427,0.00000000,0.07694866,0.34155482,0.67113723,0.72609919
5.44172086,1.93584284,0.15133491,0.10770514,0.00201771,0.00000000,0.07740260,0.33691026,0.66173988,0.71285850
5.44772386,1.89665524,0.14543978,0.10498966,0.00201169,0.00000000,0.07764375,0.33116436,0.64901547,0.69721392
5.45372686,1.85082314,0.13905277,0.10188969,0.00199611,0.00000000,0.07764452,0.32435356,0.63314581,0.67932338
5.45972986,1.79880065,0.13226520,0.09844956,0.00197104,0.00000000,0.07738291,0.31652349,0.61437613,0.65936621
5.46573287,1.74113160,0.12516982,0.09471754,0.00193680,0.00000000,0.07684327,0.30772887,0.59300703,0.63754002
5.47173587,1.67843675,0.11785874,0.09074457,0.00189387,0.00000000,0.07601672,0.29803345,0.56938498,0.61405774
5.47773887,1.61140015,0.11042159,0.08658306,0.00184291,0.00000000,0.07490145,0.28751001,0.54389157,0.58914484
5.48374187,1.54075486,0.10294392,0.08228567,0.00178473,0.00000000,0.07350275,0.27624021,0.51693202,0.56303666
5.48974487,1.46726803,0.09550576,0.07790427,0.00172026,0.00000000,0.07183278,0.26431425,0.48892339,0.53597561
5.49574787,1.39172560,0.08818052,0.07348887,0.00165053,0.00000000,0.06991012,0.25183022,0.46028284,0.50820839
5.50175088,1.31491679,0.08103405,0.06908675,0.00157664,0.00000000,0.06775908,0.23889318,0.43141647,0.47998287
5.50775388,1.23761865,0.07412401,0.06474168,0.00149972,0.00000000,0.06540879,0.22561385,0.40270904,0.45154484
5.51375688,1.16058103,0.06749949,0.06049327,0.00142090,0.00000000,0.06289212,0.21210695,0.37451493,0.42313455
5.51975988,1.08451222,0.06120079,0.05637641,0.00134129,0.00000000,0.06024453,0.19848927,0.34715054,0.39498317
5.52576288,1.01006585,0.05525945,0.05242094,0.00126192,0.00000000,0.05750280,0.18487749,0.32088838,0.36730907
5.53176588,0.93782926,0.04969847,0.04865130,0.00118375,0.00000000,0.05470380,0.17138586,0.29595300,0.34031438
5.53776888,0.86831383,0.04453269,0.04508649,0.00110763,0.00000000,0.05188323,0.15812384,0.27251861,0.31418167
5.54377189,0.80194764,0.03976930,0.04174003,0.00103428,0.00000000,0.04907460,0.14519386,0.25070861,0.28907102
5.54977489,0.73907054,0.03540849,0.03862014,0.00096428,0.00000000,0.04630822,0.13268917,0.23059670,0.26511775
5.55577789,0.67993207,0.03144419,0.03572995,0.00089810,0.00000000,0.04361049,0.12069210,0.21220957,0.24243064
5.56178089,0.62469199,0.02786485,0.03306792,0.00083602,0.00000000,0.04100330,0.10927259,0.19553090,0.22109106
5.56778389,0.57342363,0.02465432,0.03062827,0.00077822,0.00000000,0.03850377,0.09848721,0.18050639,0.20115285
5.57378689,0.52611966,0.02179272,0.02840161,0.00072473,0.00000000,0.03612412,0.08837863,0.16704965,0.18264299
5.57978989,0.48270010,0.01925731,0.02637547,0.00067547,0.00000000,0.03387184,0.07897556,0.15504861,0.16556309
5.58579290,0.44302221,0.01702335,0.02453506,0.00063027,0.00000000,0.03174996,0.07029311,0.14437217,0.14989165
5.59179590,0.40689168,0.01506490,0.02286387,0.00058887,0.00000000,0.02975763,0.06233369,0.13487688,0.13558682
5.59779890,0.37407473,0.01335561,0.02134446,0.00055096,0.00000000,0.02789065,0.05508810,0.12641334,0.12258968
5.60380190,0.34431060,0.01186937,0.01995903,0.00051618,0.00000000,0.02614225,0.04853701,0.11883215,0.11082784
5.60980490,0.31732378,0.01058093,0.01869012,0.00048417,0.00000000,0.02450378,0.04265265,0.11198931,0.10021918
5.61580790,0.29283569,0.00946645,0.01752110,0.00045454,0.00000000,0.02296552,0.03740054,0.10575069,0.09067554
5.62181091,0.27057530,0.00850386,0.01643671,0.00042694,0.00000000,0.02151735,0.03274132,0.09999582,0.08210630
5.62781391,0.25028839,0.00767322,0.01542339,0.00040105,0.00000000,0.02014940,0.02863251,0.09462064,0.07442166
5.63381691,0.23174520,0.00695697,0.01446962,0.00037657,0.00000000,0.01885266,0.02503021,0.08953944,0.06753549
5.63981991,0.21474626,0.00634003,0.01356606,0.00035327,0.00000000,0.01761933,0.02189054,0.08468581,0.06136775
5.64582291,0.19912656,0.00580990,0.01270568,0.00033095,0.00000000,0.01644321,0.01917100,0.08001287,0.05584639
5.65182591,0.18475779,0.00535663,0.01188369,0.00030950,0.00000000,0.01531989,0.01683157,0.07549268,0.05090872
5.65782891,0.17154898,0.00497277,0.01109754,0.00028882,0.00000000,0.01424681,0.01483551,0.07111508,0.04650223
5.66383192,0.15944568,0.00465321,0.01034667,0.00026889,0.00000000,0.01322320,0.01315003,0.06688600,0.04258496
5.66983492,0.14842771,0.00439499,0.00963234,0.00024971,0.00000000,0.01225006,0.01174665,0.06282537,0.03912543
5.67583792,0.13850595,0.00419715,0.00895735,0.00023134,0.00000000,0.01132984,0.01060140,0.05896480,0.03610211
5.68184092,0.12971822,0.00406044,0.00832575,0.00021387,0.00000000,0.01046627,0.00969484,0.05534506,0.03350265
5.68784392,0.12212451,0.00398704,0.00774252,0.00019738,0.00000000,0.00966405,0.00901180,0.05201352,0.03132280
5.69384692,0.11580179,0.00398031,0.00721327,0.00018201,0.00000000,0.00892851,0.00854118,0.04902165,0.02956515
5.69984992,0.11083859,0.00404448,0.00674394,0.00016786,0.00000000,0.00826533,0.00827541,0.04642257,0.02823771
5.70585293,0.10732943,0.00418432,0.00634048,0.00015507,0.00000000,0.00768020,0.00820995,0.04426873,0.02735239
5.71185593,0.10536917,0.00440486,0.00600859,0.00014374,0.00000000,0.00717855,0.00834271,0.04260983,0.02692342
5.71785893,0.10504761,0.00471101,0.00575348,0.00013397,0.00000000,0.00676526,0.00867333,0.04149080,0.02696579
5.72386193,0.10644403,0.00510726,0.00557963,0.00012585,0.00000000,0.00644445,0.00920248,0.04095014,0.02749359
5.72986493,0.10962213,0.00559734,0.00549060,0.00011945,0.00000000,0.00621925,0.00993111,0.04101828,0.02851848
5.73586793,0.11462509,0.00618392,0.00548884,0.00011478,0.00000000,0.00609162,0.01085974,0.04171625,0.03004816
5.74187094,0.12147109,0.00686824,0.00557554,0.00011187,0.00000000,0.00606221,0.01198765,0.04305452,0.03208490
5.74787394,0.13014919,0.00764987,0.00575051,0.00011070,0.00000000,0.00613022,0.01331224,0.04503196,0.03462426
5.75387694,0.14061580,0.00852640,0.00601207,0.00011121,0.00000000,0.00629336,0.01482833,0.04763515,0.03765382
5.75987994,0.15279176,0.00949326,0.00635696,0.00011333,0.00000000,0.00654774,0.01652756,0.05083779,0.04115225
5.76588294,0.16656028,0.01054350,0.00678033,0.00011696,0.00000000,0.00688786,0.01839792,0.05460043,0.04508844
5.77188594,0.18176582,0.01166776,0.00727568,0.00012196,0.00000000,0.00730661,0.02042336,0.05887046,0.04942104
5.77788894,0.19821401,0.01285415,0.00783491,0.00012817,0.00000000,0.00779533,0.02258357,0.06358247,0.05409823
5.78389195,0.21567292,0.01408839,0.00844840,0.00013543,0.00000000,0.00834388,0.02485386,0.06865891,0.05905784
5.78989495,0.23387554,0.01535393,0.00910507,0.00014352,0.00000000,0.00894076,0.02720536,0.07401115,0.06422792
5.79589795,0.25252375,0.01663222,0.00979259,0.00015222,0.00000000,0.00957326,0.02960521,0.07954093,0.06952767
5.80190095,0.27129359,0.01790301,0.01049756,0.00016132,0.00000000,0.01022772,0.03201714,0.08514220,0.07486875
5.80790395,0.28984188,0.01914488,0.01120579,0.00017056,0.00000000,0.01088974,0.03440208,0.09070332,0.08015702
5.81390695,0.30781408,0.02033566,0.01190255,0.00017972,0.00000000,0.01154448,0.03671906,0.09610963,0.08529464
5.81990995,0.32485300,0.02145309,0.01257296,0.00018854,0.00000000,0.01217701,0.03892615,0.10124620,0.09018243
5.82591296,0.34060829,0.02247542,0.01320234,0.00019680,0.00000000,0.01277265,0.04098164,0.10600082,0.09472248
5.83191596,0.35474620,0.02338204,0.01377657,0.00020427,0.00000000,0.01331735,0.04284516,0.11026706,0.09882090
5.83791896,0.36695930,0.02415412,0.01428249,0.00021077,0.00000000,0.01379801,0.04447890,0.11394724,0.10239049
5.84392196,0.37697580,0.02477526,0.01470828,0.00021610,0.00000000,0.01420289,0.04584881,0.11695532,0.10535345
5.84992496,0.38456787,0.02523195,0.01504378,0.00022013,0.00000000,0.01452191,0.04692566,0.11921940,0.10764379
5.85592796,0.38955887,0.02551409,0.01528079,0.00022274,0.00000000,0.01474693,0.04768602,0.12068391,0.10920937
5.86193097,0.39182879,0.02561528,0.01541334,0.00022385,0.00000000,0.01487199,0.04811305,0.12131119,0.11001364
5.86793397,0.39131796,0.02553306,0.01543781,0.00022342,0.00000000,0.01489344,0.04819704,0.12108263,0.11003672
5.87393697,0.38802864,0.02526897,0.01535307,0.00022142,0.00000000,0.01481005,0.04793576,0.11999902,0.10927605
5.87993997,0.38202449,0.02482849,0.01516045,0.00021791,0.00000000,0.01462300,0.04733447,0.11808032,0.10774631
5.88594297,0.37342787,0.02422084,0.01486368,0.00021294,0.00000000,0.01433582,0.04640577,0.11536478,0.10547884
5.89194597,0.36241520,0.02345862,0.01446876,0.00020661,0.00000000,0.01395422,0.04516910,0.11190742,0.10252042
5.89794897,0.34921050,0.02255741,0.01398368,0.00019903,0.00000000,0.01348584,0.04365004,0.10777795,0.09893160
5.90395198,0.33407749,0.02153517,0.01341816,0.00019037,0.00000000,0.01294003,0.04187943,0.10305832,0.09478452
5.90995498,0.31731059,0.02041171,0.01278329,0.00018079,0.00000000,0.01232745,0.03989229,0.09783986,0.09016047
5.91595798,0.29922518,0.01920798,0.01209117,0.00017046,0.00000000,0.01165975,0.03772672,0.09222026,0.08514718
5.92196098,0.28014768,0.01794547,0.01135452,0.00015957,0.00000000,0.01094917,0.03542260,0.08630051,0.07983603
5.92796398,0.26040576,0.01664558,0.01058626,0.00014831,0.00000000,0.01020816,0.03302044,0.08018179,0.07431930
5.93396698,0.24031912,0.01532899,0.00979915,0.00013686,0.00000000,0.00944902,0.03056020,0.07396271,0.06868752
5.93996998,0.22019115,0.01401517,0.00900547,0.00012538,0.00000000,0.00868358,0.02808021,0.06773669,0.06302710
5.94597299,0.20030184,0.01272195,0.00821667,0.00011404,0.00000000,0.00792287,0.02561622,0.06158981,0.05741824
5.95197599,0.18090200,0.01146513,0.00744314,0.00010299,0.00000000,0.00717691,0.02320067,0.05559902,0.05193322
5.95797899,0.16220901,0.01025828,0.00669402,0.00009234,0.00000000,0.00645451,0.02086202,0.04983088,0.04663515
5.96398199,0.14440415,0.00911256,0.00597707,0.00008219,0.00000000,0.00576315,0.01862441,0.04434075,0.04157709
5.96998499,0.12763136,0.00803667,0.00529859,0.00007264,0.00000000,0.00510890,0.01650742,0.03917241,0.03680166
5.97598799,0.11199742,0.00703690,0.00466340,0.00006374,0.00000000,0.00449640,0.01452601,0.03435820,0.03234098
5.98199100,0.09757343,0.00611727,0.00407488,0.00005552,0.00000000,0.00392891,0.01269065,0.02991942,0.02821704
5.98799400,0.08439719,0.00527963,0.00353506,0.00004802,0.00000000,0.00340840,0.01100758,0.02586716,0.02444230
5.99399700,0.07247650,0.00452396,0.00304473,0.00004123,0.00000000,0.00293561,0.00947916,0.02220326,0.02102060
6.00000000,0.06179301,0.00384862,0.00260359,0.00003515,0.00000000,0.00251025,0.00810435,0.01892159,0.01794818
