energy_ev,total_up,Se_s_up,Se_p_up,Sn_p_up,Sn_d_up,Ti_p_up,Ti_d_up
-6.00000000,1.54713936,0.02548933,0.88398727,0.08568594,0.00006600,1.07302969,0.26830548
-5.99399700,1.50421454,0.02541327,0.85177774,0.08394707,0.00006576,1.02393331,0.26480780
-5.98799400,1.46221024,0.02537902,0.82053732,0.08220699,0.00006566,0.97415419,0.26204435
-5.98199100,1.42229167,0.02539647,0.79104276,0.08052817,0.00006574,0.92468802,0.26019963
-5.97598799,1.38558728,0.02547341,0.76403956,0.07896980,0.00006603,0.87651964,0.25944568
-5.96998499,1.35315663,0.02561502,0.74022205,0.07758577,0.00006657,0.83060005,0.25993621
-5.96398199,1.32596114,0.02582351,0.72021555,0.07642289,0.00006741,0.78782538,0.26180137
-5.95797899,1.30483848,0.02609783,0.70456125,0.07551950,0.00006859,0.74901831,0.26514324
-5.95197599,1.29048127,0.02643354,0.69370391,0.07490447,0.00007013,0.71491230,0.27003221
-5.94597299,1.28342062,0.02682291,0.68798288,0.07459662,0.00007208,0.68613852,0.27650432
-5.93996998,1.28401457,0.02725508,0.68762601,0.07460460,0.00007446,0.66321580,0.28455966
-5.93396698,1.29244156,0.02771645,0.69274680,0.07492716,0.00007730,0.64654320,0.29416174
-5.92796398,1.30869876,0.02819123,0.70334417,0.07555377,0.00008060,0.63639517,0.30523797
-5.92196098,1.33260481,0.02866195,0.71930489,0.07646558,0.00008438,0.63291908,0.31768098
-5.91595798,1.36380687,0.02911027,0.74040821,0.07763661,0.00008864,0.63613489,0.33135081
-5.90995498,1.40179132,0.02951764,0.76633246,0.07903512,0.00009334,0.64593688,0.34607793
-5.90395198,1.44589773,0.02986608,0.79666332,0.08062507,0.00009847,0.66209723,0.36166685
-5.89794897,1.49533577,0.03013891,0.83090360,0.08236761,0.00010398,0.68427143,0.37790025
-5.89194597,1.54920447,0.03032142,0.86848424,0.08422255,0.00010982,0.71200564,0.39454368
-5.88594297,1.60651362,0.03040142,0.90877647,0.08614973,0.00011592,0.74474574,0.41135048
-5.87993997,1.66620680,0.03036979,0.95110500,0.08811023,0.00012220,0.78184848,0.42806711
-5.87393697,1.72718582,0.03022071,0.99476216,0.09006749,0.00012858,0.82259441,0.44443858
-5.86793397,1.78833606,0.02995198,1.03902277,0.09198817,0.00013497,0.86620282,0.46021407
-5.86193097,1.84855235,0.02956498,1.08315967,0.09384291,0.00014127,0.91184834,0.47515253
-5.85592796,1.90676495,0.02906466,1.12645973,0.09560683,0.00014738,0.95867915,0.48902826
-5.84992496,1.96196495,0.02845932,1.16823987,0.09725987,0.00015321,1.00583637,0.50163626
-5.84392196,2.01322850,0.02776028,1.20786287,0.09878703,0.00015866,1.05247410,0.51279732
-5.83791896,2.05973922,0.02698148,1.24475240,0.10017835,0.00016364,1.09777959,0.52236259
-5.83191596,2.10080779,0.02613898,1.27840672,0.10142882,0.00016808,1.14099278,0.53021754
-5.82591296,2.13588813,0.02525042,1.30841057,0.10253816,0.00017192,1.18142438,0.53628507
-5.81990995,2.16458925,0.02433448,1.33444447,0.10351039,0.00017510,1.21847182,0.54052769
-5.81390695,2.18668204,0.02341027,1.35629105,0.10435335,0.00017759,1.25163227,0.54294846
-5.80790395,2.20210061,0.02249676,1.37383785,0.10507811,0.00017937,1.28051193,0.54359066
-5.80190095,2.21093765,0.02161226,1.38707624,0.10569819,0.00018044,1.30483135,0.54253614
-5.79589795,2.21343377,0.02077389,1.39609632,0.10622875,0.00018081,1.32442614,0.53990215
-5.78989495,2.20996107,0.01999712,1.40107786,0.10668567,0.00018051,1.33924328,0.53583685
-5.78389195,2.20100144,0.01929541,1.40227754,0.10708453,0.00017958,1.34933295,0.53051352
-5.77788894,2.18712043,0.01867980,1.40001297,0.10743959,0.00017807,1.35483648,0.52412369
-5.77188594,2.16893791,0.01815873,1.39464424,0.10776276,0.00017605,1.35597097,0.51686946
-5.76588294,2.14709677,0.01773778,1.38655400,0.10806262,0.00017358,1.35301152,0.50895528
-5.75987994,2.12223144,0.01741955,1.37612687,0.10834354,0.00017072,1.34627203,0.50057964
-5.75387694,2.09493776,0.01720365,1.36372965,0.10860494,0.00016755,1.33608579,0.49192709
-5.74787394,2.06574583,0.01708672,1.34969313,0.10884075,0.00016412,1.32278687,0.48316088
-5.74187094,2.03509748,0.01706252,1.33429681,0.10903920,0.00016049,1.30669346,0.47441678
-5.73586793,2.00332955,0.01712214,1.31775725,0.10918278,0.00015671,1.28809406,0.46579831
-5.72986493,1.97066399,0.01725425,1.30022090,0.10924858,0.00015282,1.26723733,0.45737371
-5.72386193,1.93720540,0.01744545,1.28176177,0.10920899,0.00014886,1.24432591,0.44917482
-5.71785893,1.90294610,0.01768065,1.26238410,0.10903265,0.00014484,1.21951473,0.44119802
-5.71185593,1.86777848,0.01794355,1.24202988,0.10868568,0.00014079,1.19291342,0.43340705
-5.70585293,1.83151395,0.01821713,1.22059084,0.10813316,0.00013670,1.16459263,0.42573781
-5.69984992,1.79390718,0.01848416,1.19792397,0.10734079,0.00013259,1.13459368,0.41810467
-5.69384692,1.75468439,0.01872780,1.17386990,0.10627661,0.00012844,1.10294061,0.41040804
-5.68784392,1.71357395,0.01893207,1.14827279,0.10491266,0.00012426,1.06965378,0.40254287
-5.68184092,1.67033741,0.01908243,1.12100069,0.10322667,0.00012005,1.03476398,0.39440749
-5.67583792,1.62479929,0.01916619,1.09196503,0.10120342,0.00011580,0.99832596,0.38591243
-5.66983492,1.57687393,0.01917297,1.06113826,0.09883594,0.00011154,0.96043059,0.37698864
-5.66383192,1.52658782,0.01909502,1.02856847,0.09612635,0.00010727,0.92121463,0.36759481
-5.65782891,1.47409629,0.01892741,0.99439023,0.09308631,0.00010302,0.88086765,0.35772328
-5.65182591,1.41969374,0.01866822,0.95883115,0.08973707,0.00009883,0.83963556,0.34740436
-5.64582291,1.36381689,0.01831854,0.92221362,0.08610916,0.00009474,0.79782060,0.33670877
-5.63981991,1.30704094,0.01788239,0.88495191,0.08224167,0.00009079,0.75577789,0.32574817
-5.63381691,1.25006911,0.01736654,0.84754467,0.07818114,0.00008707,0.71390861,0.31467365
-5.62781391,1.19371593,0.01678019,0.81056320,0.07398027,0.00008362,0.67265044,0.30367247
-5.62181091,1.13888545,0.01613467,0.77463628,0.06969631,0.00008055,0.63246578,0.29296297
-5.61580790,1.08654523,0.01544294,0.74043209,0.06538938,0.00007791,0.59382833,0.28278814
-5.60980490,1.03769758,0.01471917,0.70863828,0.06112070,0.00007580,0.55720889,0.27340796
-5.60380190,0.99334907,0.01397819,0.67994079,0.05695083,0.00007429,0.52306105,0.26509092
-5.59779890,0.95447983,0.01323502,0.65500267,0.05293805,0.00007347,0.49180751,0.25810514
-5.59179590,0.92201360,0.01250432,0.63444329,0.04913683,0.00007341,0.46382756,0.25270923
-5.58579290,0.89678975,0.01180000,0.61881906,0.04559658,0.00007418,0.43944631,0.24914349
-5.57978989,0.87953799,0.01113474,0.60860613,0.04236054,0.00007584,0.41892612,0.24762155
-5.57378689,0.87085664,0.01051966,0.60418549,0.03946507,0.00007843,0.40246039,0.24832280
-5.56778389,0.87119485,0.00996405,0.60583114,0.03693903,0.00008199,0.39016986,0.25138584
-5.56178089,0.88083914,0.00947515,0.61370126,0.03480361,0.00008653,0.38210160,0.25690314
-5.55577789,0.89990451,0.00905802,0.62783283,0.03307223,0.00009207,0.37823040,0.26491706
-5.54977489,0.92832997,0.00871550,0.64813948,0.03175078,0.00009858,0.37846248,0.27541717
-5.54377189,0.96587866,0.00844822,0.67441275,0.03083798,0.00010605,0.38264125,0.28833923
-5.53776888,1.01214209,0.00825475,0.70632643,0.03032589,0.00011442,0.39055482,0.30356552
-5.53176588,1.06654855,0.00813167,0.74344391,0.03020057,0.00012364,0.40194479,0.32092666
-5.52576288,1.12837508,0.00807386,0.78522825,0.03044283,0.00013362,0.41651612,0.34020488
-5.51975988,1.19676301,0.00807471,0.83105465,0.03102896,0.00014427,0.43394756,0.36113855
-5.51375688,1.27073633,0.00812642,0.88022503,0.03193156,0.00015548,0.45390223,0.38342793
-5.50775388,1.34922277,0.00822029,0.93198435,0.03312038,0.00016714,0.47603815,0.40674197
-5.50175088,1.43107712,0.00834706,0.98553825,0.03456309,0.00017910,0.50001821,0.43072602
-5.49574787,1.51510614,0.00849717,1.04007162,0.03622614,0.00019124,0.52551938,0.45501018
-5.48974487,1.60009482,0.00866113,1.09476768,0.03807544,0.00020340,0.55224085,0.47921816
-5.48374187,1.68483325,0.00882976,1.14882700,0.04007720,0.00021545,0.57991094,0.50297646
-5.47773887,1.76814357,0.00899446,1.20148619,0.04219854,0.00022722,0.60829252,0.52592343
-5.47173587,1.84890639,0.00914745,1.25203547,0.04440816,0.00023859,0.63718694,0.54771817
-5.46573287,1.92608585,0.00928192,1.29983495,0.04667697,0.00024941,0.66643627,0.56804889
-5.45972986,1.99875272,0.00939223,1.34432882,0.04897855,0.00025957,0.69592389,0.58664052
-5.45372686,2.06610479,0.00947400,1.38505728,0.05128962,0.00026894,0.72557337,0.60326122
-5.44772386,2.12748370,0.00952411,1.42166549,0.05359035,0.00027744,0.75534588,0.61772776
-5.44172086,2.18238760,0.00954081,1.45390942,0.05586461,0.00028499,0.78523586,0.62990932
-5.43571786,2.23047908,0.00952361,1.48165811,0.05810002,0.00029153,0.81526542,0.63972972
-5.42971486,2.27158772,0.00947321,1.50489227,0.06028789,0.00029703,0.84547741,0.64716791
-5.42371186,2.30570715,0.00939146,1.52369913,0.06242301,0.00030148,0.87592745,0.65225662
-5.41770885,2.33298626,0.00928110,1.53826345,0.06450324,0.00030488,0.90667496,0.65507930
-5.41170585,2.35371485,0.00914568,1.54885516,0.06652897,0.00030728,0.93777374,0.65576521
-5.40570285,2.36830403,0.00898934,1.55581381,0.06850241,0.00030871,0.96926208,0.65448303
-5.39969985,2.37726200,0.00881656,1.55953034,0.07042679,0.00030925,1.00115294,0.65143311
-5.39369685,2.38116608,0.00863203,1.56042706,0.07230544,0.00030897,1.03342445,0.64683866
-5.38769385,2.38063222,0.00844036,1.55893640,0.07414080,0.00030796,1.06601118,0.64093617
-5.38169085,2.37628331,0.00824595,1.55547956,0.07593352,0.00030631,1.09879660,0.63396566
-5.37568784,2.36871767,0.00805277,1.55044585,0.07768152,0.00030411,1.13160714,0.62616087
-5.36968484,2.35847946,0.00786424,1.54417391,0.07937924,0.00030145,1.16420822,0.61774014
-5.36368184,2.34603239,0.00768309,1.53693557,0.08101701,0.00029842,1.19630274,0.60889821
-5.35767884,2.33173825,0.00751128,1.52892345,0.08258070,0.00029507,1.22753231,0.59979944
-5.35167584,2.31584145,0.00734996,1.52024273,0.08405159,0.00029147,1.25748133,0.59057260
-5.34567284,2.29846053,0.00719945,1.51090793,0.08540657,0.00028765,1.28568425,0.58130780
-5.33966983,2.27958716,0.00705931,1.50084469,0.08661861,0.00028364,1.31163587,0.57205542
-5.33366683,2.25909297,0.00692834,1.48989675,0.08765755,0.00027946,1.33480443,0.56282720
-5.32766383,2.23674372,0.00680476,1.47783783,0.08849115,0.00027508,1.35464732,0.55359952
-5.32166083,2.21222029,0.00668628,1.46438775,0.08908640,0.00027051,1.37062882,0.54431850
-5.31565783,2.18514536,0.00657027,1.44923216,0.08941093,0.00026570,1.38223912,0.53490685
-5.30965483,2.15511420,0.00645393,1.43204471,0.08943459,0.00026064,1.38901404,0.52527190
-5.30365183,2.12172806,0.00633444,1.41251054,0.08913095,0.00025529,1.39055437,0.51531454
-5.29764882,2.08462804,0.00620911,1.39034986,0.08847886,0.00024962,1.38654413,0.50493839
-5.29164582,2.04352771,0.00607560,1.36534027,0.08746367,0.00024362,1.37676667,0.49405892
-5.28564282,1.99824250,0.00593196,1.33733657,0.08607838,0.00023727,1.36111782,0.48261174
-5.27963982,1.94871414,0.00577683,1.30628702,0.08432440,0.00023058,1.33961547,0.47055989
-5.27363682,1.89502889,0.00560947,1.27224512,0.08221200,0.00022358,1.31240483,0.45789952
-5.26763382,1.83742832,0.00542983,1.23537619,0.07976035,0.00021628,1.27975918,0.44466371
-5.26163082,1.77631213,0.00523862,1.19595849,0.07699723,0.00020877,1.24207586,0.43092430
-5.25562781,1.71223294,0.00503722,1.15437872,0.07395835,0.00020109,1.19986759,0.41679154
-5.24962481,1.64588305,0.00482773,1.11112215,0.07068632,0.00019335,1.15374956,0.40241165
-5.24362181,1.57807415,0.00461287,1.06675787,0.06722939,0.00018563,1.10442264,0.38796237
-5.23761881,1.50971098,0.00439591,1.02192004,0.06363992,0.00017805,1.05265365,0.37364684
-5.23161581,1.44176021,0.00418057,0.97728586,0.05997278,0.00017070,0.99925332,0.35968599
-5.22561281,1.37521632,0.00397092,0.93355162,0.05628365,0.00016370,0.94505304,0.34630992
-5.21960980,1.31106593,0.00377126,0.89140773,0.05262735,0.00015714,0.89088138,0.33374876
-5.21360680,1.25025258,0.00358603,0.85151410,0.04905626,0.00015112,0.83754115,0.32222324
-5.20760380,1.19364334,0.00341964,0.81447688,0.04561893,0.00014572,0.78578818,0.31193573
-5.20160080,1.14199884,0.00327644,0.78082753,0.04235891,0.00014099,0.73631228,0.30306180
-5.19559780,1.09594797,0.00316055,0.75100519,0.03931374,0.00013698,0.68972125,0.29574305
-5.18959480,1.05596815,0.00307584,0.72534291,0.03651436,0.00013370,0.64652827,0.29008122
-5.18359180,1.02237191,0.00302577,0.70405817,0.03398468,0.00013114,0.60714296,0.28613400
-5.17758879,0.99529996,0.00301338,0.68724809,0.03174147,0.00012928,0.57186622,0.28391260
-5.17158579,0.97472106,0.00304118,0.67488911,0.02979453,0.00012808,0.54088882,0.28338121
-5.16558279,0.96043803,0.00311115,0.66684122,0.02814705,0.00012745,0.51429339,0.28445837
-5.15957979,0.95209975,0.00322462,0.66285620,0.02679616,0.00012733,0.49205965,0.28702007
-5.15357679,0.94921821,0.00338227,0.66258950,0.02573365,0.00012761,0.47407231,0.29090455
-5.14757379,0.95118967,0.00358408,0.66561502,0.02494682,0.00012819,0.46013119,0.29591844
-5.14157079,0.95731916,0.00382928,0.67144230,0.02441929,0.00012895,0.44996307,0.30184409
-5.13556778,0.96684693,0.00411636,0.67953512,0.02413203,0.00012978,0.44323469,0.30844778
-5.12956478,0.97897611,0.00444302,0.68933100,0.02406419,0.00013057,0.43956647,0.31548835
-5.12356178,0.99290021,0.00480618,0.70026070,0.02419407,0.00013123,0.43854642,0.32272600
-5.11755878,1.00782978,0.00520199,0.71176707,0.02449997,0.00013165,0.43974391,0.32993095
-5.11155578,1.02301712,0.00562589,0.72332269,0.02496098,0.00013176,0.44272284,0.33689149
-5.10555278,1.03777846,0.00607261,0.73444559,0.02555775,0.00013151,0.44705405,0.34342122
-5.09954977,1.05151293,0.00653631,0.74471278,0.02627318,0.00013084,0.45232665,0.34936518
-5.09354677,1.06371783,0.00701065,0.75377106,0.02709304,0.00012972,0.45815812,0.35460462
-5.08754377,1.07399996,0.00748893,0.76134502,0.02800651,0.00012816,0.46420304,0.35906030
-5.08154077,1.08208278,0.00796424,0.76724201,0.02900667,0.00012617,0.47016036,0.36269412
-5.07553777,1.08780944,0.00842966,0.77135405,0.03009085,0.00012376,0.47577911,0.36550919
-5.06953477,1.09114174,0.00887841,0.77365680,0.03126100,0.00012099,0.48086250,0.36754823
-5.06353177,1.09215525,0.00930410,0.77420575,0.03252382,0.00011791,0.48527050,0.36889046
-5.05752876,1.09103095,0.00970087,0.77312993,0.03389083,0.00011460,0.48892066,0.36964722
-5.05152576,1.08804375,0.01006362,0.77062336,0.03537832,0.00011112,0.49178736,0.36995637
-5.04552276,1.08354849,0.01038815,0.76693480,0.03700702,0.00010756,0.49389950,0.36997589
-5.03951976,1.07796386,0.01067132,0.76235609,0.03880172,0.00010400,0.49533663,0.36987692
-5.03351676,1.07175487,0.01091113,0.75720972,0.04079051,0.00010053,0.49622360,0.36983657
-5.02751376,1.06541450,0.01110677,0.75183595,0.04300391,0.00009723,0.49672398,0.37003077
-5.02151076,1.05944516,0.01125863,0.74658010,0.04547372,0.00009417,0.49703228,0.37062757
-5.01550775,1.05434055,0.01136825,0.74178040,0.04823165,0.00009141,0.49736532,0.37178112
-5.00950475,1.05056846,0.01143821,0.73775683,0.05130774,0.00008901,0.49795287,0.37362654
-5.00350175,1.04855521,0.01147199,0.73480136,0.05472862,0.00008702,0.49902800,0.37627595
-4.99749875,1.04867198,0.01147374,0.73316987,0.05851566,0.00008547,0.50081739,0.37981576
-4.99149575,1.05122362,0.01144810,0.73307591,0.06268306,0.00008436,0.50353191,0.38430518
-4.98549275,1.05644013,0.01139992,0.73468654,0.06723606,0.00008371,0.50735794,0.38977619
-4.97948974,1.06447108,0.01133404,0.73812009,0.07216916,0.00008350,0.51244962,0.39623452
-4.97348674,1.07538293,0.01125498,0.74344605,0.07746472,0.00008370,0.51892241,0.40366183
-4.96748374,1.08915941,0.01116680,0.75068662,0.08309177,0.00008429,0.52684823,0.41201871
-4.96148074,1.10570462,0.01107282,0.75981988,0.08900534,0.00008521,0.53625227,0.42124821
-4.95547774,1.12484867,0.01097553,0.77078423,0.09514628,0.00008640,0.54711173,0.43127980
-4.94947474,1.14635549,0.01087645,0.78348371,0.10144164,0.00008781,0.55935643,0.44203329
-4.94347174,1.16993247,0.01077612,0.79779382,0.10780565,0.00008936,0.57287123,0.45342252
-4.93746873,1.19524122,0.01067410,0.81356755,0.11414141,0.00009098,0.58750026,0.46535857
-4.93146573,1.22190927,0.01056907,0.83064111,0.12034304,0.00009261,0.60305263,0.47775229
-4.92546273,1.24954191,0.01045892,0.84883933,0.12629851,0.00009417,0.61930947,0.49051595
-4.91945973,1.27773398,0.01034095,0.86798017,0.13189282,0.00009561,0.63603193,0.50356406
-4.91345673,1.30608098,0.01021208,0.88787856,0.13701159,0.00009686,0.65296991,0.51681323
-4.90745373,1.33418947,0.01006907,0.90834935,0.14154478,0.00009788,0.66987118,0.53018128
-4.90145073,1.36168632,0.00990876,0.92920943,0.14539050,0.00009864,0.68649044,0.54358571
-4.89544772,1.38822690,0.00972832,0.95027936,0.14845861,0.00009911,0.70259833,0.55694175
-4.88944472,1.41350210,0.00952545,0.97138460,0.15067413,0.00009928,0.71798986,0.57016034
-4.88344172,1.43724440,0.00929858,0.99235671,0.15198010,0.00009916,0.73249219,0.58314624
-4.87743872,1.45923306,0.00904703,1.01303487,0.15233985,0.00009876,0.74597164,0.59579666
-4.87143572,1.47929867,0.00877111,1.03326787,0.15173863,0.00009810,0.75833969,0.60800071
-4.86543272,1.49732729,0.00847219,1.05291709,0.15018441,0.00009723,0.76955799,0.61963978
-4.85942971,1.51326421,0.00815271,1.07186030,0.14770785,0.00009620,0.77964220,0.63058916
-4.85342671,1.52711756,0.00781615,1.08999658,0.14436153,0.00009507,0.78866474,0.64072090
-4.84742371,1.53896166,0.00746696,1.10725210,0.14021832,0.00009391,0.79675618,0.64990789
-4.84142071,1.54893997,0.00711043,1.12358658,0.13536911,0.00009280,0.80410533,0.65802902
-4.83541771,1.55726733,0.00675255,1.13899997,0.12991996,0.00009182,0.81095790,0.66497514
-4.82941471,1.56423117,0.00639987,1.15353888,0.12398875,0.00009105,0.81761351,0.67065561
-4.82341171,1.57019123,0.00605928,1.16730213,0.11770158,0.00009058,0.82442100,0.67500487
-4.81740870,1.57557714,0.00573782,1.18044475,0.11118901,0.00009049,0.83177191,0.67798867
-4.81140570,1.58088350,0.00544254,1.19317977,0.10458226,0.00009087,0.84009197,0.67960954
-4.80540270,1.58666188,0.00518031,1.20577722,0.09800966,0.00009180,0.84983062,0.67991091
-4.79939970,1.59350954,0.00495763,1.21855993,0.09159325,0.00009335,0.86144853,0.67897964
-4.79339670,1.60205461,0.00478053,1.23189580,0.08544589,0.00009558,0.87540333,0.67694665
-4.78739370,1.61293788,0.00465442,1.24618651,0.07966877,0.00009856,0.89213377,0.67398532
-4.78139070,1.62679164,0.00458404,1.26185295,0.07434946,0.00010231,0.91204272,0.67030788
-4.77538769,1.64421600,0.00457336,1.27931770,0.06956050,0.00010687,0.93547959,0.66615959
-4.76938469,1.66575385,0.00462552,1.29898546,0.06535857,0.00011225,0.96272280,0.66181116
-4.76338169,1.69186531,0.00474289,1.32122228,0.06178418,0.00011845,0.99396312,0.65754967
-4.75737869,1.72290325,0.00492696,1.34633469,0.05886184,0.00012544,1.02928872,0.65366847
-4.75137569,1.75909103,0.00517843,1.37455000,0.05660070,0.00013319,1.06867279,0.65045658
-4.74537269,1.80050399,0.00549722,1.40599900,0.05499552,0.00014164,1.11196462,0.64818816
-4.73936968,1.84705587,0.00588250,1.44070209,0.05402801,0.00015070,1.15888474,0.64711258
-4.73336668,1.89849133,0.00633274,1.47856002,0.05366831,0.00016028,1.20902490,0.64744561
-4.72736368,1.95438526,0.00684573,1.51934980,0.05387673,0.00017028,1.26185307,0.64936223
-4.72136068,2.01414925,0.00741868,1.56272640,0.05460542,0.00018055,1.31672369,0.65299121
-4.71535768,2.07704539,0.00804819,1.60823015,0.05580023,0.00019098,1.37289293,0.65841186
-4.70935468,2.14220672,0.00873034,1.65529982,0.05740240,0.00020140,1.42953854,0.66565275
-4.70335168,2.20866361,0.00946066,1.70329054,0.05935016,0.00021167,1.48578358,0.67469263
-4.69734867,2.27537485,0.01023419,1.75149584,0.06158028,0.00022163,1.54072290,0.68546307
-4.69134567,2.34126179,0.01104544,1.79917252,0.06402939,0.00023115,1.59345142,0.69785265
-4.68534267,2.40524397,0.01188842,1.84556710,0.06663509,0.00024007,1.64309276,0.71171236
-4.67933967,2.46627431,0.01275661,1.88994231,0.06933689,0.00024826,1.68882688,0.72686170
-4.67333667,2.52337220,0.01364295,1.93160244,0.07207701,0.00025562,1.72991554,0.74309518
-4.66733367,2.57565289,0.01453985,1.96991603,0.07480087,0.00026203,1.76572439,0.76018878
-4.66133067,2.62235182,0.01543917,2.00433498,0.07745751,0.00026743,1.79574058,0.77790609
-4.65532766,2.66284296,0.01633223,2.03440928,0.07999982,0.00027174,1.81958540,0.79600392
-4.64932466,2.69665058,0.01720991,2.05979672,0.08238465,0.00027493,1.83702137,0.81423714
-4.64332166,2.72345432,0.01806265,2.08026753,0.08457288,0.00027698,1.84795375,0.83236281
-4.63731866,2.74308773,0.01888057,2.09570405,0.08652938,0.00027788,1.85242667,0.85014359
-4.63131566,2.75553110,0.01965361,2.10609590,0.08822300,0.00027767,1.85061436,0.86735047
-4.62531266,2.76089922,0.02037171,2.11153119,0.08962657,0.00027638,1.84280815,0.88376506
-4.61930965,2.75942545,0.02102498,2.11218476,0.09071690,0.00027405,1.82940026,0.89918152
-4.61330665,2.75144309,0.02160394,2.10830427,0.09147488,0.00027075,1.81086521,0.91340830
-4.60730365,2.73736547,0.02209975,2.10019514,0.09188561,0.00026655,1.78774003,0.92626987
-4.60130065,2.71766577,0.02250449,2.08820515,0.09193858,0.00026154,1.76060405,0.93760844
-4.59529765,2.69285766,0.02281137,2.07270961,0.09162784,0.00025578,1.73005946,0.94728581
-4.58929465,2.66347753,0.02301503,2.05409755,0.09095232,0.00024938,1.69671306,0.95518518
-4.58329165,2.63006881,0.02311167,2.03275960,0.08991598,0.00024242,1.66116008,0.96121299
-4.57728864,2.59316884,0.02309927,2.00907770,0.08852805,0.00023498,1.62397021,0.96530054
-4.57128564,2.55329834,0.02297768,1.98341690,0.08680314,0.00022716,1.58567638,0.96740536
-4.56528264,2.51095343,0.02274870,1.95611903,0.08476123,0.00021903,1.54676604,0.96751211
-4.55927964,2.46660008,0.02241606,1.92749849,0.08242767,0.00021069,1.50767514,0.96563293
-4.55327664,2.42067067,0.02198533,1.89783963,0.07983290,0.00020220,1.46878454,0.96180715
-4.54727364,2.37356241,0.02146381,1.86739582,0.07701219,0.00019367,1.43041867,0.95610025
-4.54127064,2.32563743,0.02086034,1.83638977,0.07400512,0.00018515,1.39284617,0.94860226
-4.53526763,2.27722416,0.02018503,1.80501522,0.07085511,0.00017673,1.35628229,0.93942545
-4.52926463,2.22861990,0.01944900,1.77343954,0.06760874,0.00016848,1.32089271,0.92870170
-4.52326163,2.18009454,0.01866407,1.74180741,0.06431507,0.00016047,1.28679872,0.91657944
-4.51725863,2.13189511,0.01784245,1.71024531,0.06102499,0.00015277,1.25408331,0.90322064
-4.51125563,2.08425135,0.01699646,1.67886678,0.05779051,0.00014547,1.22279814,0.88879780
-4.50525263,2.03738194,0.01613821,1.64777840,0.05466413,0.00013861,1.19297114,0.87349128
-4.49924962,1.99150149,0.01527936,1.61708617,0.05169830,0.00013226,1.16461447,0.85748706
-4.49324662,1.94682781,0.01443093,1.58690236,0.04894491,0.00012649,1.13773268,0.84097498
-4.48724362,1.90358948,0.01360307,1.55735223,0.04645493,0.00012136,1.11233080,0.82414751
-4.48124062,1.86203300,0.01280502,1.52858058,0.04427804,0.00011692,1.08842198,0.80719910
-4.47523762,1.82242940,0.01204497,1.50075761,0.04246242,0.00011321,1.06603458,0.79032581
-4.46923462,1.78507948,0.01133004,1.47408370,0.04105446,0.00011029,1.04521819,0.77372531
-4.46323162,1.75031742,0.01066632,1.44879271,0.04009855,0.00010819,1.02604833,0.75759685
-4.45722861,1.71851207,0.01005884,1.42515335,0.03963677,0.00010694,1.00862965,0.74214113
-4.45122561,1.69006550,0.00951167,1.40346832,0.03970852,0.00010659,0.99309717,0.72755979
-4.44522261,1.66540845,0.00902795,1.38407101,0.04034994,0.00010713,0.97961553,0.71405435
-4.43921961,1.64499248,0.00860998,1.36731939,0.04159331,0.00010860,0.96837602,0.70182437
-4.43321661,1.62927868,0.00825924,1.35358731,0.04346612,0.00011099,0.95959137,0.69106492
-4.42721361,1.61872311,0.00797644,1.34325316,0.04599006,0.00011429,0.95348848,0.68196297
-4.42121061,1.61375924,0.00776156,1.33668614,0.04917981,0.00011849,0.95029897,0.67469311
-4.41520760,1.61477803,0.00761385,1.33423067,0.05304171,0.00012356,0.95024812,0.66941231
-4.40920460,1.62210609,0.00753182,1.33618927,0.05757230,0.00012947,0.95354233,0.66625413
-4.40320160,1.63598310,0.00751321,1.34280473,0.06275692,0.00013615,0.96035568,0.66532250
-4.39719860,1.65653919,0.00755500,1.35424218,0.06856833,0.00014354,0.97081596,0.66668524
-4.39119560,1.68377353,0.00765333,1.37057193,0.07496555,0.00015155,0.98499092,0.67036780
-4.38519260,1.71753519,0.00780350,1.39175385,0.08189298,0.00016010,1.00287523,0.67634737
-4.37918959,1.75750745,0.00799996,1.41762419,0.08927980,0.00016905,1.02437881,0.68454784
-4.37318659,1.80319646,0.00823633,1.44788556,0.09704000,0.00017830,1.04931716,0.69483583
-4.36718359,1.85392548,0.00850540,1.48210088,0.10507283,0.00018769,1.07740441,0.70701822
-4.36118059,1.90883522,0.00879924,1.51969181,0.11326392,0.00019708,1.10824935,0.72084141
-4.35517759,1.96689098,0.00910929,1.55994227,0.12148702,0.00020630,1.14135525,0.73599253
-4.34917459,2.02689689,0.00942649,1.60200716,0.12960636,0.00021518,1.17612358,0.75210284
-4.34317159,2.08751730,0.00974144,1.64492659,0.13747961,0.00022356,1.21186185,0.76875332
-4.33716858,2.14730491,0.01004463,1.68764529,0.14496137,0.00023127,1.24779575,0.78548255
-4.33116558,2.20473503,0.01032667,1.72903693,0.15190702,0.00023814,1.28308528,0.80179665
-4.32516258,2.25824517,0.01057849,1.76793261,0.15817685,0.00024401,1.31684463,0.81718115
-4.31915958,2.30627834,0.01079161,1.80315287,0.16364034,0.00024875,1.34816522,0.83111449
-4.31315658,2.34732891,0.01095837,1.83354184,0.16818032,0.00025223,1.37614120,0.84308260
-4.30715358,2.37998899,0.01107219,1.85800257,0.17169682,0.00025435,1.39989652,0.85259414
-4.30115058,2.40299370,0.01112772,1.87553198,0.17411061,0.00025505,1.41861248,0.85919591
-4.29514757,2.41526324,0.01112101,1.88525410,0.17536606,0.00025426,1.43155484,0.86248755
-4.28914457,2.41594021,0.01104967,1.88645016,0.17543323,0.00025198,1.43809909,0.86213522
-4.28314157,2.40442027,0.01091288,1.87858425,0.17430929,0.00024822,1.43775300,0.85788345
-4.27713857,2.38037496,0.01071144,1.86132331,0.17201885,0.00024302,1.43017537,0.84956466
-4.27113557,2.34376549,0.01044772,1.83455065,0.16861357,0.00023647,1.41519004,0.83710598
-4.26513257,2.29484707,0.01012558,1.79837226,0.16417078,0.00022867,1.39279460,0.82053297
-4.25912956,2.23416334,0.00975022,1.75311573,0.15879136,0.00021974,1.36316339,0.79997004
-4.25312656,2.16253140,0.00932798,1.69932166,0.15259693,0.00020983,1.32664453,0.77563760
-4.24712356,2.08101802,0.00886619,1.63772815,0.14572646,0.00019913,1.28375127,0.74784599
-4.24112056,1.99090818,0.00837286,1.56924889,0.13833254,0.00018779,1.23514791,0.71698653
-4.23511756,1.89366737,0.00785649,1.49494604,0.13057736,0.00017603,1.18163108,0.68352005
-4.22911456,1.79089933,0.00732583,1.41599889,0.12262877,0.00016402,1.12410706,0.64796333
-4.22311156,1.68430100,0.00678960,1.33366987,0.11465627,0.00015197,1.06356630,0.61087423
-4.21710855,1.57561653,0.00625630,1.24926920,0.10682735,0.00014005,1.00105615,0.57283596
-4.21110555,1.46659218,0.00573405,1.16411956,0.09930418,0.00012846,0.93765279,0.53444115
-4.20510255,1.35893358,0.00523037,1.07952224,0.09224062,0.00011736,0.87443366,0.49627643
-4.19909955,1.25426680,0.00475211,0.99672574,0.08577979,0.00010690,0.81245108,0.45890787
-4.19309655,1.15410425,0.00430536,0.91689784,0.08005203,0.00009724,0.75270813,0.42286791
-4.18709355,1.05981611,0.00389533,0.84110184,0.07517334,0.00008849,0.69613715,0.38864401
-4.18109055,0.97260767,0.00352644,0.77027741,0.07124416,0.00008078,0.64358163,0.35666926
-4.17508754,0.89350264,0.00320222,0.70522610,0.06834851,0.00007419,0.59578133,0.32731517
-4.16908454,0.82333226,0.00292541,0.64660170,0.06655337,0.00006882,0.55336114,0.30088647
-4.16308154,0.76272959,0.00269797,0.59490489,0.06590822,0.00006473,0.51682314,0.27761799
-4.15707854,0.71212858,0.00252115,0.55048202,0.06644467,0.00006199,0.48654197,0.25767348
-4.15107554,0.67176701,0.00239550,0.51352734,0.06817621,0.00006064,0.46276294,0.24114594
-4.14507254,0.64169271,0.00232102,0.48408825,0.07109791,0.00006071,0.44560275,0.22805960
-4.13906953,0.62177223,0.00229711,0.46207280,0.07518617,0.00006222,0.43505215,0.21837289
-4.13306653,0.61170155,0.00232265,0.44725921,0.08039852,0.00006520,0.43098055,0.21198258
-4.12706353,0.61101812,0.00239604,0.43930660,0.08667350,0.00006963,0.43314197,0.20872852
-4.12106053,0.61911402,0.00251520,0.43776686,0.09393064,0.00007551,0.44118229,0.20839915
-4.11505753,0.63525012,0.00267758,0.44209722,0.10207075,0.00008279,0.45464770,0.21073735
-4.10905453,0.65857095,0.00288016,0.45167340,0.11097643,0.00009144,0.47299403,0.21544681
-4.10305153,0.68812062,0.00311946,0.46580323,0.12051303,0.00010137,0.49559729,0.22219861
-4.09704852,0.72285965,0.00339151,0.48374074,0.13053008,0.00011250,0.52176513,0.23063826
-4.09104552,0.76168292,0.00369189,0.50470068,0.14086321,0.00012472,0.55074957,0.24039283
-4.08504252,0.80343902,0.00401573,0.52787345,0.15133666,0.00013790,0.58176065,0.25107848
-4.07903952,0.84695074,0.00435771,0.55244053,0.16176634,0.00015186,0.61398140,0.26230814
-4.07303652,0.89103690,0.00471218,0.57759024,0.17196345,0.00016642,0.64658373,0.27369930
-4.06703352,0.93453529,0.00507315,0.60253373,0.18173848,0.00018139,0.67874525,0.28488191
-4.06103052,0.97632636,0.00543445,0.62652106,0.19090565,0.00019654,0.70966668,0.29550621
-4.05502751,1.01535728,0.00578982,0.64885705,0.19928752,0.00021163,0.73858964,0.30525031
-4.04902451,1.05066587,0.00613303,0.66891662,0.20671968,0.00022640,0.76481429,0.31382744
-4.04302151,1.08140359,0.00645808,0.68615924,0.21305529,0.00024062,0.78771645,0.32099260
-4.03701851,1.10685713,0.00675934,0.70014208,0.21816939,0.00025404,0.80676355,0.32654846
-4.03101551,1.12646768,0.00703174,0.71053144,0.22196270,0.00026641,0.82152913,0.33035037
-4.02501251,1.13984730,0.00727098,0.71711224,0.22436474,0.00027752,0.83170510,0.33231020
-4.01900950,1.14679173,0.00747364,0.71979497,0.22533626,0.00028718,0.83711159,0.33239902
-4.01300650,1.14728912,0.00763743,0.71862008,0.22487073,0.00029522,0.83770379,0.33064846
-4.00700350,1.14152431,0.00776127,0.71375956,0.22299486,0.00030154,0.83357567,0.32715069
-4.00100050,1.12987841,0.00784542,0.70551550,0.21976819,0.00030607,0.82496029,0.32205707
-3.99499750,1.11292357,0.00789157,0.69431577,0.21528168,0.00030877,0.81222670,0.31557544
-3.98899450,1.09141310,0.00790287,0.68070690,0.20965535,0.00030969,0.79587353,0.30796623
-3.98299150,1.06626707,0.00788395,0.66534413,0.20303513,0.00030891,0.77651936,0.29953741
-3.97698849,1.03855378,0.00784084,0.64897908,0.19558901,0.00030656,0.75489021,0.29063850
-3.97098549,1.00946756,0.00778088,0.63244511,0.18750260,0.00030284,0.73180436,0.28165366
-3.96498249,0.98030329,0.00771260,0.61664073,0.17897427,0.00029799,0.70815508,0.27299416
-3.95897949,0.95242838,0.00764551,0.60251130,0.17021010,0.00029227,0.68489143,0.26509025
-3.95297649,0.92725256,0.00758989,0.59102936,0.16141869,0.00028599,0.66299771,0.25838259
-3.94697349,0.90619619,0.00755653,0.58317371,0.15280608,0.00027948,0.64347191,0.25331334
-3.94097049,0.89065753,0.00755645,0.57990775,0.14457087,0.00027307,0.62730356,0.25031703
-3.93496748,0.88197957,0.00760059,0.58215705,0.13689963,0.00026712,0.61545124,0.24981122
-3.92896448,0.88141697,0.00769949,0.59078672,0.12996279,0.00026194,0.60882022,0.25218712
-3.92296148,0.89010358,0.00786299,0.60657866,0.12391098,0.00025786,0.60824054,0.25780014
-3.91695848,0.90902116,0.00809991,0.63020922,0.11887194,0.00025515,0.61444577,0.26696065
-3.91095548,0.93897000,0.00841777,0.66222759,0.11494804,0.00025408,0.62805289,0.27992481
-3.90495248,0.98054193,0.00882252,0.70303555,0.11221440,0.00025483,0.64954375,0.29688600
-3.89894947,1.03409677,0.00931832,0.75286905,0.11071765,0.00025756,0.67924838,0.31796676
-3.89294647,1.09974277,0.00990736,0.81178243,0.11047536,0.00026236,0.71733081,0.34321171
-3.88694347,1.17732212,0.01058975,0.87963592,0.11147610,0.00026928,0.76377781,0.37258167
-3.88094047,1.26640222,0.01136345,0.95608722,0.11368016,0.00027828,0.81839127,0.40594933
-3.87493747,1.36627378,0.01222425,1.04058800,0.11702092,0.00028929,0.88078457,0.44309689
-3.86893447,1.47595623,0.01316593,1.13238579,0.12140684,0.00030218,0.95038367,0.48371590
-3.86293147,1.59421123,0.01418030,1.23053207,0.12672413,0.00031675,1.02643332,0.52740970
-3.85692846,1.71956444,0.01525753,1.33389678,0.13283994,0.00033280,1.10800855,0.57369864
-3.85092546,1.85033565,0.01638633,1.44118937,0.13960609,0.00035005,1.19403185,0.62202818
-3.84492246,1.98467677,0.01755434,1.55098621,0.14686329,0.00036822,1.28329572,0.67177989
-3.83891946,2.12061711,0.01874850,1.66176396,0.15444577,0.00038702,1.37449037,0.72228524
-3.83291646,2.25611443,0.01995543,1.77193778,0.16218606,0.00040614,1.46623587,0.77284179
-3.82691346,2.38911047,0.02116187,1.87990350,0.16991994,0.00042529,1.55711789,0.82273132
-3.82091046,2.51758865,0.02235504,1.98408190,0.17749137,0.00044419,1.64572581,0.87123933
-3.81490745,2.63963190,0.02352302,2.08296360,0.18475713,0.00046258,1.73069182,0.91767510
-3.80890445,2.75347812,0.02465508,2.17515260,0.19159110,0.00048024,1.81072940,0.96139147
-3.80290145,2.85757065,0.02574193,2.25940633,0.19788785,0.00049700,1.88466966,1.00180345
-3.79689845,2.95060159,0.02677589,2.33467064,0.20356562,0.00051271,1.95149373,1.03840486
-3.79089545,3.03154570,0.02775094,2.40010768,0.20856825,0.00052729,2.01035980,1.07078201
-3.78489245,3.09968326,0.02866275,2.45511550,0.21286614,0.00054069,2.06062354,1.09862388
-3.77888944,3.15461064,0.02950854,2.49933826,0.21645619,0.00055291,2.10185075,1.12172823
-3.77288644,3.19623814,0.03028692,2.53266655,0.21936055,0.00056397,2.13382178,1.14000320
-3.76688344,3.22477510,0.03099757,2.55522784,0.22162434,0.00057394,2.15652744,1.15346449
-3.76088044,3.24070333,0.03164097,2.56736760,0.22331253,0.00058292,2.17015672,1.16222822
-3.75487744,3.24474014,0.03221799,2.56962219,0.22450585,0.00059101,2.17507698,1.16649981
-3.74887444,3.23779319,0.03272956,2.56268505,0.22529626,0.00059831,2.17180785,1.16655960
-3.74287144,3.22090977,0.03317632,2.54736811,0.22578197,0.00060494,2.16099021,1.16274613
-3.73686843,3.19522313,0.03355829,2.52456061,0.22606248,0.00061098,2.14335212,1.15543773
-3.73086543,3.16189911,0.03387462,2.49518758,0.22623367,0.00061653,2.11967340,1.14503386
-3.72486243,3.12208579,0.03412350,2.46017027,0.22638345,0.00062162,2.09075101,1.13193693
-3.71885943,3.07686879,0.03430200,2.42039050,0.22658807,0.00062628,2.05736683,1.11653571
-3.71285643,3.02723464,0.03440622,2.37666089,0.22690930,0.00063051,2.02025960,1.09919120
-3.70685343,2.97404369,0.03443134,2.32970211,0.22739268,0.00063428,1.98010221,1.08022554
-3.70085043,2.91801362,0.03437194,2.28012814,0.22806683,0.00063753,1.93748539,1.05991459
-3.69484742,2.85971391,0.03422229,2.22843983,0.22894396,0.00064019,1.89290813,1.03848421
-3.68884442,2.79957086,0.03397673,2.17502653,0.23002139,0.00064217,1.84677500,1.01611029
-3.68284142,2.73788201,0.03363012,2.12017510,0.23128401,0.00064339,1.79939988,0.99292234
-3.67683842,2.67483837,0.03317825,2.06408509,0.23270750,0.00064376,1.75101548,0.96900994
-3.67083542,2.61055242,0.03261826,2.00688864,0.23426203,0.00064322,1.70178726,0.94443161
-3.66483242,2.54508944,0.03194899,1.94867334,0.23591618,0.00064173,1.65183077,0.91922520
-3.65882941,2.47849974,0.03117129,1.88950621,0.23764079,0.00063928,1.60123059,0.89341890
-3.65282641,2.41084920,0.03028822,1.82945697,0.23941240,0.00063588,1.55005969,0.86704219
-3.64682341,2.34224621,0.02930516,1.76861901,0.24121613,0.00063162,1.49839756,0.84013579
-3.64082041,2.27286275,0.02822976,1.70712651,0.24304760,0.00062660,1.44634591,0.81275989
-3.63481741,2.20294858,0.02707188,1.64516680,0.24491391,0.00062095,1.39404101,0.78500032
-3.62881441,2.13283742,0.02584329,1.58298714,0.24683338,0.00061486,1.34166186,0.75697207
-3.62281141,2.06294507,0.02455741,1.52089569,0.24883420,0.00060854,1.28943380,0.72882013
-3.61680840,1.99375964,0.02322888,1.45925694,0.25095198,0.00060221,1.23762766,0.70071762
-3.61080540,1.92582485,0.02187313,1.39848189,0.25322632,0.00059609,1.18655449,0.67286151
-3.60480240,1.85971771,0.02050589,1.33901416,0.25569665,0.00059040,1.13655666,0.64546620
-3.59879940,1.79602220,0.01914272,1.28131284,0.25839761,0.00058535,1.08799597,0.61875553
-3.59279640,1.73530098,0.01779854,1.22583363,0.26135427,0.00058110,1.04123986,0.59295387
-3.58679340,1.67806697,0.01648722,1.17300947,0.26457753,0.00057779,0.99664663,0.56827682
-3.58079040,1.62475697,0.01522119,1.12323206,0.26806003,0.00057549,0.95455086,0.54492225
-3.57478739,1.57570883,0.01401121,1.07683548,0.27177294,0.00057421,0.91524990,0.52306225
-3.56878439,1.53114402,0.01286608,1.03408289,0.27566380,0.00057392,0.87899244,0.50283642
-3.56278139,1.49115631,0.01179263,0.99515713,0.27965568,0.00057449,0.84596965,0.48434706
-3.55677839,1.45570764,0.01079558,0.96015573,0.28364777,0.00057577,0.81630953,0.46765629
-3.55077539,1.42463104,0.00987770,0.92909039,0.28751746,0.00057752,0.79007452,0.45278542
-3.54477239,1.39764053,0.00903988,0.90189086,0.29112378,0.00057946,0.76726247,0.43971635
-3.53876938,1.37434723,0.00828133,0.87841285,0.29431216,0.00058130,0.74781061,0.42839495
-3.53276638,1.35428057,0.00759987,0.85844912,0.29692016,0.00058269,0.73160207,0.41873600
-3.52676338,1.33691323,0.00699216,0.84174310,0.29878403,0.00058330,0.71847440,0.41062937
-3.52076038,1.32168819,0.00645400,0.82800392,0.29974558,0.00058279,0.70822931,0.40394699
-3.51475738,1.30804624,0.00598069,0.81692190,0.29965909,0.00058086,0.70064286,0.39855004
-3.50875438,1.29545238,0.00556724,0.80818346,0.29839795,0.00057723,0.69547543,0.39429593
-3.50275138,1.28341937,0.00520869,0.80148458,0.29586044,0.00057168,0.69248076,0.39104474
-3.49674837,1.27152746,0.00490034,0.79654200,0.29197469,0.00056405,0.69141349,0.38866449
-3.49074537,1.25943900,0.00463792,0.79310166,0.28670215,0.00055425,0.69203490,0.38703527
-3.48474237,1.24690749,0.00441773,0.79094397,0.28003983,0.00054224,0.69411650,0.38605181
-3.47873937,1.23378076,0.00423673,0.78988583,0.27202080,0.00052809,0.69744162,0.38562455
-3.47273637,1.21999833,0.00409260,0.78977947,0.26271335,0.00051190,0.70180493,0.38567931
-3.46673337,1.20558356,0.00398370,0.79050858,0.25221853,0.00049387,0.70701044,0.38615552
-3.46073037,1.19063113,0.00390901,0.79198196,0.24066649,0.00047424,0.71286822,0.38700344
-3.45472736,1.17529115,0.00386806,0.79412563,0.22821171,0.00045329,0.71919042,0.38818060
-3.44872436,1.15975080,0.00386075,0.79687382,0.21502742,0.00043134,0.72578721,0.38964775
-3.44272136,1.14421488,0.00388722,0.80015982,0.20129961,0.00040876,0.73246299,0.39136469
-3.43671836,1.12888656,0.00394768,0.80390719,0.18722069,0.00038588,0.73901363,0.39328639
-3.43071536,1.11394929,0.00404221,0.80802216,0.17298345,0.00036305,0.74522487,0.39535958
-3.42471236,1.09955116,0.00417058,0.81238755,0.15877530,0.00034062,0.75087230,0.39752018
-3.41870935,1.08579220,0.00433212,0.81685886,0.14477316,0.00031888,0.75572304,0.39969163
-3.41270635,1.07271551,0.00452553,0.82126248,0.13113920,0.00029810,0.75953911,0.40178431
-3.40670335,1.06030231,0.00474878,0.82539633,0.11801751,0.00027850,0.76208226,0.40369613
-3.40070035,1.04847109,0.00499906,0.82903281,0.10553177,0.00026026,0.76312012,0.40531406
-3.39469735,1.03708071,0.00527268,0.83192373,0.09378399,0.00024349,0.76243329,0.40651671
-3.38869435,1.02593704,0.00556513,0.83380716,0.08285418,0.00022826,0.75982276,0.40717767
-3.38269135,1.01480260,0.00587109,0.83441549,0.07280096,0.00021459,0.75511748,0.40716944
-3.37668834,1.00340864,0.00618451,0.83348449,0.06366294,0.00020245,0.74818142,0.40636777
-3.37068534,0.99146877,0.00649879,0.83076277,0.05546068,0.00019176,0.73891972,0.40465611
-3.36468234,0.97869351,0.00680690,0.82602120,0.04819913,0.00018241,0.72728363,0.40192998
-3.35867934,0.96480491,0.00710157,0.81906172,0.04187042,0.00017427,0.71327397,0.39810102
-3.35267634,0.94955054,0.00737554,0.80972539,0.03645662,0.00016718,0.69694279,0.39310060
-3.34667334,0.93271623,0.00762174,0.79789902,0.03193257,0.00016096,0.67839329,0.38688275
-3.34067034,0.91413693,0.00783357,0.78352030,0.02826853,0.00015544,0.65777797,0.37942631
-3.33466733,0.89370540,0.00800507,0.76658125,0.02543245,0.00015044,0.63529500,0.37073629
-3.32866433,0.87137817,0.00813113,0.74712974,0.02339197,0.00014579,0.61118319,0.36084428
-3.32266133,0.84717882,0.00820768,0.72526915,0.02211582,0.00014135,0.58571561,0.34980803
-3.31665833,0.82119833,0.00823179,0.70115619,0.02157491,0.00013696,0.55919215,0.33771015
-3.31065533,0.79359258,0.00820181,0.67499695,0.02174274,0.00013253,0.53193153,0.32465599
-3.30465233,0.76457728,0.00811736,0.64704138,0.02259540,0.00012795,0.50426269,0.31077082
-3.29864932,0.73442037,0.00797936,0.61757642,0.02411113,0.00012317,0.47651628,0.29619648
-3.29264632,0.70343240,0.00779001,0.58691800,0.02626940,0.00011814,0.44901612,0.28108746
-3.28664332,0.67195529,0.00755262,0.55540231,0.02904969,0.00011284,0.42207124,0.26560669
-3.28064032,0.64034989,0.00727155,0.52337647,0.03243002,0.00010727,0.39596845,0.24992119
-3.27463732,0.60898291,0.00695201,0.49118917,0.03638529,0.00010146,0.37096582,0.23419763
-3.26863432,0.57821372,0.00659989,0.45918140,0.04088558,0.00009545,0.34728709,0.21859808
-3.26263132,0.54838165,0.00622152,0.42767774,0.04589452,0.00008927,0.32511718,0.20327594
-3.25662831,0.51979418,0.00582350,0.39697835,0.05136780,0.00008300,0.30459897,0.18837236
-3.25062531,0.49271656,0.00541250,0.36735213,0.05725195,0.00007669,0.28583119,0.17401308
-3.24462231,0.46736332,0.00499500,0.33903103,0.06348347,0.00007041,0.26886774,0.16030597
-3.23861931,0.44389190,0.00457720,0.31220585,0.06998848,0.00006422,0.25371813,0.14733914
-3.23261631,0.42239867,0.00416480,0.28702355,0.07668274,0.00005819,0.24034924,0.13517982
-3.22661331,0.40291748,0.00376291,0.26358610,0.08347239,0.00005238,0.22868820,0.12387397
-3.22061031,0.38542074,0.00337597,0.24195091,0.09025511,0.00004682,0.21862631,0.11344654
-3.21460730,0.36982291,0.00300767,0.22213266,0.09692192,0.00004157,0.21002390,0.10390243
-3.20860430,0.35598621,0.00266091,0.20410648,0.10335941,0.00003665,0.20271596,0.09522808
-3.20260130,0.34372822,0.00233787,0.18781216,0.10945247,0.00003210,0.19651832,0.08739344
-3.19659830,0.33283102,0.00203996,0.17315935,0.11508731,0.00002791,0.19123419,0.08035445
-3.19059530,0.32305135,0.00176792,0.16003329,0.12015468,0.00002410,0.18666088,0.07405578
-3.18459230,0.31413144,0.00152185,0.14830095,0.12455313,0.00002066,0.18259640,0.06843363
-3.17858929,0.30580983,0.00130135,0.13781723,0.12819223,0.00001759,0.17884574,0.06341866
-3.17258629,0.29783186,0.00110555,0.12843102,0.13099554,0.00001487,0.17522667,0.05893884
-3.16658329,0.28995933,0.00093322,0.11999086,0.13290312,0.00001248,0.17157480,0.05492202
-3.16058029,0.28197891,0.00078287,0.11235002,0.13387365,0.00001040,0.16774772,0.05129832
-3.15457729,0.27370900,0.00065280,0.10537086,0.13388584,0.00000861,0.16362821,0.04800211
-3.14857429,0.26500495,0.00054122,0.09892831,0.13293915,0.00000708,0.15912632,0.04497371
-3.14257129,0.25576235,0.00044629,0.09291252,0.13105389,0.00000578,0.15418040,0.04216052
-3.13656828,0.24591843,0.00036621,0.08723055,0.12827044,0.00000469,0.14875695,0.03951791
-3.13056528,0.23545172,0.00029920,0.08180725,0.12464792,0.00000379,0.14284957,0.03700956
-3.12456228,0.22438002,0.00024362,0.07658526,0.12026214,0.00000305,0.13647691,0.03460757
-3.11855928,0.21275706,0.00019796,0.07152443,0.11520309,0.00000244,0.12967993,0.03229215
-3.11255628,0.20066795,0.00016083,0.06660056,0.10957204,0.00000197,0.12251848,0.03005116
-3.10655328,0.18822396,0.00013105,0.06180382,0.10347836,0.00000160,0.11506761,0.02787941
-3.10055028,0.17555680,0.00010759,0.05713684,0.09703628,0.00000132,0.10741359,0.02577781
-3.09454727,0.16281288,0.00008960,0.05261269,0.09036172,0.00000113,0.09964996,0.02375260
-3.08854427,0.15014777,0.00007642,0.04825283,0.08356927,0.00000102,0.09187375,0.02181447
-3.08254127,0.13772123,0.00006757,0.04408532,0.07676954,0.00000099,0.08418207,0.01997782
-3.07653827,0.12569296,0.00006275,0.04014308,0.07006690,0.00000104,0.07666910,0.01826014
-3.07053527,0.11421934,0.00006183,0.03646260,0.06355776,0.00000117,0.06942372,0.01668156
-3.06453227,0.10345115,0.00006489,0.03308293,0.05732935,0.00000139,0.06252769,0.01526454
-3.05852926,0.09353243,0.00007217,0.03004508,0.05145907,0.00000171,0.05605453,0.01403376
-3.05252626,0.08460038,0.00008411,0.02739175,0.04601442,0.00000216,0.05006894,0.01301626
-3.04652326,0.07678619,0.00010136,0.02516744,0.04105336,0.00000276,0.04462695,0.01224165
-3.04052026,0.07021674,0.00012475,0.02341882,0.03662517,0.00000353,0.03977639,0.01174249
-3.03451726,0.06501684,0.00015535,0.02219530,0.03277159,0.00000451,0.03555794,0.01155481
-3.02851426,0.06131194,0.00019442,0.02154974,0.02952824,0.00000574,0.03200637,0.01171860
-3.02251126,0.05923086,0.00024344,0.02153912,0.02692618,0.00000726,0.02915200,0.01227831
-3.01650825,0.05890843,0.00030412,0.02222519,0.02499345,0.00000914,0.02702219,0.01328326
-3.01050525,0.06048764,0.00037835,0.02367483,0.02375659,0.00001142,0.02564282,0.01478793
-3.00450225,0.06412107,0.00046823,0.02596010,0.02324190,0.00001418,0.02503945,0.01685195
-2.99849925,0.06997133,0.00057602,0.02915790,0.02347643,0.00001747,0.02523834,0.01953987
-2.99249625,0.07821032,0.00070408,0.03334909,0.02448862,0.00002139,0.02626697,0.02292053
-2.98649325,0.08901707,0.00085487,0.03861696,0.02630852,0.00002599,0.02815415,0.02706608
-2.98049025,0.10257414,0.00103082,0.04504519,0.02896751,0.00003136,0.03092964,0.03205051
-2.97448724,0.11906243,0.00123434,0.05271501,0.03249753,0.00003756,0.03462327,0.03794777
-2.96848424,0.13865451,0.00146762,0.06170190,0.03692986,0.00004467,0.03926347,0.04482941
-2.96248124,0.16150655,0.00173262,0.07207156,0.04229345,0.00005274,0.04487545,0.05276185
-2.95647824,0.18774908,0.00203091,0.08387561,0.04861280,0.00006183,0.05147889,0.06180325
-2.95047524,0.21747692,0.00236356,0.09714680,0.05590561,0.00007196,0.05908532,0.07200019
-2.94447224,0.25073861,0.00273103,0.11189429,0.06418014,0.00008315,0.06769535,0.08338409
-2.93846923,0.28752588,0.00313306,0.12809886,0.07343259,0.00009539,0.07729582,0.09596775
-2.93246623,0.32776364,0.00356853,0.14570866,0.08364442,0.00010865,0.08785702,0.10974196
-2.92646323,0.37130116,0.00403543,0.16463547,0.09478001,0.00012286,0.09933026,0.12467250
-2.92046023,0.41790493,0.00453074,0.18475190,0.10678459,0.00013793,0.11164581,0.14069768
-2.91445723,0.46725381,0.00505044,0.20588983,0.11958272,0.00015374,0.12471145,0.15772649
-2.90845423,0.51893705,0.00558948,0.22784012,0.13307748,0.00017013,0.13841183,0.17563777
-2.90245123,0.57245547,0.00614186,0.25035401,0.14715031,0.00018691,0.15260865,0.19428030
-2.89644822,0.62722623,0.00670066,0.27314617,0.16166181,0.00020388,0.16714184,0.21347396
-2.89044522,0.68259131,0.00725820,0.29589946,0.17645343,0.00022079,0.18183170,0.23301224
-2.88444222,0.73782951,0.00780622,0.31827148,0.19134999,0.00023739,0.19648217,0.25266569
-2.87843922,0.79217202,0.00833606,0.33990257,0.20616314,0.00025341,0.21088489,0.27218666
-2.87243622,0.84482087,0.00883891,0.36042519,0.22069559,0.00026857,0.22482428,0.29131491
-2.86643322,0.89496984,0.00930612,0.37947435,0.23474590,0.00028260,0.23808321,0.30978409
-2.86043022,0.94182692,0.00972939,0.39669853,0.24811383,0.00029523,0.25044918,0.32732874
-2.85442721,0.98463760,0.01010114,0.41177096,0.26060589,0.00030623,0.26172084,0.34369160
-2.84842421,1.02270781,0.01041478,0.42440043,0.27204091,0.00031537,0.27171437,0.35863091
-2.84242121,1.05542573,0.01066490,0.43434143,0.28225539,0.00032248,0.28026977,0.37192739
-2.83641821,1.08228130,0.01084757,0.44140302,0.29110845,0.00032741,0.28725646,0.38339054
-2.83041521,1.10288273,0.01096050,0.44545602,0.29848605,0.00033006,0.29257822,0.39286415
-2.82441221,1.11696915,0.01100314,0.44643826,0.30430441,0.00033041,0.29617710,0.40023048
-2.81840920,1.12441888,0.01097678,0.44435755,0.30851238,0.00032846,0.29803622,0.40541329
-2.81240620,1.12525304,0.01088454,0.43929237,0.31109281,0.00032428,0.29818128,0.40837931
-2.80640320,1.11963430,0.01073133,0.43139006,0.31206273,0.00031798,0.29668082,0.40913824
-2.80040020,1.10786099,0.01052369,0.42086289,0.31147246,0.00030976,0.29364516,0.40774137
-2.79439720,1.09035697,0.01026964,0.40798191,0.30940375,0.00029981,0.28922414,0.40427881
-2.78839420,1.06765770,0.00997842,0.39306915,0.30596697,0.00028841,0.28360378,0.39887554
-2.78239120,1.04039340,0.00966022,0.37648836,0.30129762,0.00027585,0.27700201,0.39168661
-2.77638819,1.00927006,0.00932587,0.35863485,0.29555235,0.00026245,0.26966369,0.38289156
-2.77038519,0.97504920,0.00898652,0.33992475,0.28890467,0.00024857,0.26185508,0.37268854
-2.76438219,0.93852732,0.00865327,0.32078423,0.28154054,0.00023457,0.25385804,0.36128828
-2.75837919,0.90051592,0.00833686,0.30163904,0.27365414,0.00022080,0.24596416,0.34890825
-2.75237619,0.86182270,0.00804735,0.28290474,0.26544392,0.00020765,0.23846889,0.33576716
-2.74637319,0.82323473,0.00779383,0.26497785,0.25710909,0.00019547,0.23166602,0.32208011
-2.74037019,0.78550383,0.00758412,0.24822828,0.24884665,0.00018463,0.22584240,0.30805446
-2.73436718,0.74933468,0.00742462,0.23299291,0.24084900,0.00017546,0.22127313,0.29388645
-2.72836418,0.71537539,0.00732010,0.21957064,0.23330215,0.00016829,0.21821722,0.27975872
-2.72236118,0.68421079,0.00727361,0.20821869,0.22638444,0.00016342,0.21691361,0.26583863
-2.71635818,0.65635793,0.00728638,0.19915003,0.22026570,0.00016115,0.21757767,0.25227725
-2.71035518,0.63226360,0.00735787,0.19253201,0.21510673,0.00016173,0.22039801,0.23920906
-2.70435218,0.61230343,0.00748575,0.18848579,0.21105889,0.00016540,0.22553360,0.22675206
-2.69834917,0.59678196,0.00766605,0.18708652,0.20826369,0.00017237,0.23311108,0.21500830
-2.69234617,0.58593345,0.00789325,0.18836405,0.20685220,0.00018283,0.24322227,0.20406449
-2.68634317,0.57992282,0.00816049,0.19230407,0.20694408,0.00019691,0.25592176,0.19399282
-2.68034017,0.57884650,0.00845977,0.19884947,0.20864618,0.00021475,0.27122470,0.18485155
-2.67433717,0.58273285,0.00878217,0.20790197,0.21205058,0.00023640,0.28910460,0.17668562
-2.66833417,0.59154207,0.00911816,0.21932385,0.21723198,0.00026189,0.30949149,0.16952690
-2.66233117,0.60516558,0.00945780,0.23293985,0.22424467,0.00029121,0.33227020,0.16339434
-2.65632816,0.62342496,0.00979107,0.24853929,0.23311883,0.00032426,0.35727917,0.15829382
-2.65032516,0.64607071,0.01010813,0.26587842,0.24385666,0.00036091,0.38430976,0.15421788
-2.64432216,0.67278108,0.01039958,0.28468314,0.25642831,0.00040094,0.41310622,0.15114531
-2.63831916,0.70316138,0.01065668,0.30465209,0.27076788,0.00044405,0.44336664,0.14904070
-2.63231616,0.73674427,0.01087162,0.32546030,0.28676993,0.00048990,0.47474484,0.14785415
-2.62631316,0.77299130,0.01103765,0.34676340,0.30428665,0.00053802,0.50685344,0.14752105
-2.62031016,0.81129629,0.01114929,0.36820239,0.32312603,0.00058791,0.53926827,0.14796224
-2.61430715,0.85099075,0.01120238,0.38940909,0.34305143,0.00063896,0.57153410,0.14908447
-2.60830415,0.89135174,0.01119420,0.41001207,0.36378268,0.00069052,0.60317168,0.15078133
-2.60230115,0.93161214,0.01112347,0.42964319,0.38499889,0.00074184,0.63368612,0.15293468
-2.59629815,0.97097350,0.01099033,0.44794444,0.40634321,0.00079218,0.66257649,0.15541651
-2.59029515,1.00862117,0.01079630,0.46457498,0.42742938,0.00084073,0.68934635,0.15809141
-2.58429215,1.04374154,0.01054418,0.47921830,0.44785012,0.00088666,0.71351498,0.16081937
-2.57828914,1.07554080,0.01023787,0.49158907,0.46718701,0.00092918,0.73462909,0.16345897
-2.57228614,1.10326464,0.00988232,0.50143969,0.48502169,0.00096751,0.75227443,0.16587093
-2.56628314,1.12621823,0.00948322,0.50856607,0.50094781,0.00100091,0.76608708,0.16792166
-2.56028014,1.14378569,0.00904693,0.51281262,0.51458344,0.00102872,0.77576384,0.16948688
-2.55427714,1.15544805,0.00858020,0.51407605,0.52558318,0.00105039,0.78107132,0.17045511
-2.54827414,1.16079916,0.00809002,0.51230798,0.53364964,0.00106544,0.78185344,0.17073079
-2.54227114,1.15955855,0.00758339,0.50751606,0.53854357,0.00107355,0.77803673,0.17023699
-2.53626813,1.15158068,0.00706721,0.49976368,0.54009225,0.00107453,0.76963343,0.16891755
-2.53026513,1.13686011,0.00654804,0.48916810,0.53819566,0.00106831,0.75674201,0.16673853
-2.52426213,1.11553220,0.00603202,0.47589710,0.53283013,0.00105500,0.73954504,0.16368890
-2.51825913,1.08786926,0.00552476,0.46016426,0.52404934,0.00103484,0.71830455,0.15978054
-2.51225613,1.05427225,0.00503122,0.44222300,0.51198247,0.00100820,0.69335489,0.15504733
-2.50625313,1.01525830,0.00455568,0.42235957,0.49682971,0.00097557,0.66509345,0.14954362
-2.50025013,0.97144468,0.00410172,0.40088526,0.47885538,0.00093758,0.63396951,0.14334200
-2.49424712,0.92352982,0.00367217,0.37812815,0.45837882,0.00089491,0.60047174,0.13653054
-2.48824412,0.87227215,0.00326918,0.35442463,0.43576370,0.00084834,0.56511480,0.12920957
-2.48224112,0.81846787,0.00289419,0.33011102,0.41140616,0.00079868,0.52842562,0.12148827
-2.47623812,0.76292837,0.00254804,0.30551559,0.38572233,0.00074677,0.49092981,0.11348109
-2.47023512,0.70645836,0.00223100,0.28095124,0.35913589,0.00069343,0.45313888,0.10530425
-2.46423212,0.64983560,0.00194285,0.25670911,0.33206610,0.00063949,0.41553851,0.09707240
-2.45822911,0.59379278,0.00168295,0.23305323,0.30491686,0.00058570,0.37857849,0.08889568
-2.45222611,0.53900251,0.00145032,0.21021637,0.27806718,0.00053278,0.34266453,0.08087714
-2.44622311,0.48606544,0.00124373,0.18839719,0.25186341,0.00048137,0.30815208,0.07311071
-2.44022011,0.43550214,0.00106176,0.16775869,0.22661344,0.00043202,0.27534244,0.06567976
-2.43421711,0.38774858,0.00090289,0.14842790,0.20258291,0.00038522,0.24448095,0.05865622
-2.42821411,0.34315517,0.00076558,0.13049673,0.17999351,0.00034134,0.21575732,0.05210028
-2.42221111,0.30198919,0.00064827,0.11402386,0.15902322,0.00030069,0.18930784,0.04606070
-2.41620810,0.26444003,0.00054954,0.09903749,0.13980830,0.00026349,0.16521921,0.04057549
-2.41020510,0.23062699,0.00046808,0.08553875,0.12244674,0.00022988,0.14353371,0.03567314
-2.40420210,0.20060880,0.00040277,0.07350563,0.10700303,0.00019995,0.12425535,0.03137405
-2.39819910,0.17439458,0.00035273,0.06289721,0.09351361,0.00017373,0.10735662,0.02769226
-2.39219610,0.15195533,0.00031733,0.05365789,0.08199298,0.00015122,0.09278560,0.02463730
-2.38619310,0.13323555,0.00029626,0.04572166,0.07243990,0.00013237,0.08047293,0.02221598
-2.38019010,0.11816445,0.00028952,0.03901605,0.06484345,0.00011715,0.07033850,0.02043419
-2.37418709,0.10666614,0.00029746,0.03346575,0.05918864,0.00010549,0.06229750,0.01929850
-2.36818409,0.09866850,0.00032082,0.02899583,0.05546130,0.00009734,0.05626565,0.01881750
-2.36218109,0.09411038,0.00036068,0.02553429,0.05365208,0.00009267,0.05216346,0.01900286
-2.35617809,0.09294687,0.00041852,0.02301416,0.05375932,0.00009146,0.04991941,0.01987000
-2.35017509,0.09515240,0.00049618,0.02137491,0.05579079,0.00009373,0.04947195,0.02143836
-2.34417209,0.10072182,0.00059585,0.02056336,0.05976414,0.00009948,0.05077036,0.02373128
-2.33816908,0.10966912,0.00072006,0.02053390,0.06570605,0.00010879,0.05377446,0.02677543
-2.33216608,0.12202429,0.00087156,0.02124827,0.07365021,0.00012172,0.05845333,0.03059981
-2.32616308,0.13782807,0.00105334,0.02267482,0.08363418,0.00013836,0.06478298,0.03523438
-2.32016008,0.15712519,0.00126851,0.02478736,0.09569516,0.00015881,0.07274334,0.04070834
-2.31415708,0.17995616,0.00152018,0.02756374,0.10986504,0.00018317,0.08231460,0.04704816
-2.30815408,0.20634812,0.00181138,0.03098408,0.12616482,0.00021151,0.09347311,0.05427534
-2.30215108,0.23630515,0.00214489,0.03502898,0.14459874,0.00024390,0.10618715,0.06240417
-2.29614807,0.26979856,0.00252311,0.03967761,0.16514832,0.00028037,0.12041278,0.07143935
-2.29014507,0.30675762,0.00294790,0.04490585,0.18776681,0.00032091,0.13608996,0.08137391
-2.28414207,0.34706130,0.00342041,0.05068469,0.21237419,0.00036544,0.15313927,0.09218720
-2.27813907,0.39053158,0.00394091,0.05697875,0.23885314,0.00041383,0.17145944,0.10384336
-2.27213607,0.43692880,0.00450863,0.06374528,0.26704636,0.00046589,0.19092593,0.11629022
-2.26613307,0.48594951,0.00512166,0.07093353,0.29675534,0.00052135,0.21139066,0.12945885
-2.26013007,0.53722715,0.00577680,0.07848462,0.32774100,0.00057985,0.23268322,0.14326370
-2.25412706,0.59033583,0.00646949,0.08633201,0.35972620,0.00064100,0.25461346,0.15760356
-2.24812406,0.64479734,0.00719378,0.09440246,0.39240029,0.00070432,0.27697554,0.17236324
-2.24212106,0.70009129,0.00794237,0.10261763,0.42542556,0.00076928,0.29955349,0.18741597
-2.23611806,0.75566815,0.00870663,0.11089615,0.45844560,0.00083532,0.32212801,0.20262658
-2.23011506,0.81096480,0.00947680,0.11915621,0.49109512,0.00090184,0.34448433,0.21785521
-2.22411206,0.86542205,0.01024208,0.12731844,0.52301108,0.00096825,0.36642093,0.23296151
-2.21810905,0.91850337,0.01099098,0.13530907,0.55384449,0.00103397,0.38775860,0.24780912
-2.21210605,0.96971388,0.01171152,0.14306321,0.58327249,0.00109844,0.40834959,0.26227025
-2.20610305,1.01861888,0.01239160,0.15052796,0.61101008,0.00116116,0.42808624,0.27623012
-2.20010005,1.06486076,0.01301938,0.15766533,0.63682088,0.00122168,0.44690864,0.28959104
-2.19409705,1.10817333,0.01358359,0.16445468,0.66052632,0.00127964,0.46481090,0.30227585
-2.18809405,1.14839285,0.01407395,0.17089459,0.68201285,0.00133476,0.48184543,0.31423062
-2.18209105,1.18546475,0.01448149,0.17700387,0.70123643,0.00138687,0.49812497,0.32542629
-2.17608804,1.21944570,0.01479886,0.18282180,0.71822429,0.00143587,0.51382188,0.33585925
-2.17008504,1.25050048,0.01502063,0.18840725,0.73307339,0.00148174,0.52916462,0.34555061
-2.16408204,1.27889356,0.01514342,0.19383690,0.74594578,0.00152457,0.54443114,0.35454440
-2.15807904,1.30497575,0.01516610,0.19920230,0.75706082,0.00156450,0.55993938,0.36290440
-2.15207604,1.32916598,0.01508975,0.20460614,0.76668456,0.00160169,0.57603491,0.37071000
-2.14607304,1.35192934,0.01491769,0.21015747,0.77511671,0.00163636,0.59307619,0.37805119
-2.14007004,1.37375189,0.01465528,0.21596642,0.78267567,0.00166873,0.61141777,0.38502273
-2.13406703,1.39511374,0.01430979,0.22213832,0.78968242,0.00169898,0.63139220,0.39171807
-2.12806403,1.41646134,0.01389006,0.22876766,0.79644396,0.00172727,0.65329123,0.39822308
-2.12206103,1.43818057,0.01340622,0.23593208,0.80323699,0.00175371,0.67734730,0.40461002
-2.11605803,1.46057175,0.01286933,0.24368668,0.81029284,0.00177831,0.70371605,0.41093204
-2.11005503,1.48382810,0.01229094,0.25205903,0.81778412,0.00180104,0.73246069,0.41721849
-2.10405203,1.50801849,0.01168278,0.26104501,0.82581407,0.00182175,0.76353936,0.42347138
-2.09804902,1.53307578,0.01105632,0.27060589,0.83440882,0.00184022,0.79679589,0.42966306
-2.09204602,1.55879117,0.01042246,0.28066666,0.84351335,0.00185612,0.83195493,0.43573540
-2.08604302,1.58481519,0.00979122,0.29111603,0.85299106,0.00186909,0.86862174,0.44160050
-2.08004002,1.61066533,0.00917149,0.30180786,0.86262723,0.00187868,0.90628711,0.44714290
-2.07403702,1.63574025,0.00857087,0.31256435,0.87213623,0.00188442,0.94433731,0.45222330
-2.06803402,1.65933985,0.00799551,0.32318062,0.88117204,0.00188580,0.98206909,0.45668355
-2.06203102,1.68069061,0.00745010,0.33343082,0.88934188,0.00188234,1.01870909,0.46035279
-2.05602801,1.69897502,0.00693785,0.34307532,0.89622212,0.00187358,1.05343727,0.46305442
-2.05002501,1.71336378,0.00646060,0.35186884,0.90137590,0.00185911,1.08541323,0.46461356
-2.04402201,1.72304953,0.00601890,0.35956910,0.90437159,0.00183859,1.11380459,0.46486478
-2.03801901,1.72728043,0.00561219,0.36594568,0.90480132,0.00181179,1.13781603,0.46365958
-2.03201601,1.72539214,0.00523897,0.37078867,0.90229874,0.00177857,1.15671798,0.46087345
-2.02601301,1.71683687,0.00489704,0.37391670,0.89655516,0.00173892,1.16987342,0.45641207
-2.02001001,1.70120807,0.00458367,0.37518405,0.88733347,0.00169295,1.17676186,0.45021638
-2.01400700,1.67825980,0.00429581,0.37448646,0.87447912,0.00164089,1.17699917,0.44226642
-2.00800400,1.64791988,0.00403030,0.37176535,0.85792792,0.00158312,1.17035260,0.43258357
-2.00200100,1.61029634,0.00378403,0.36701038,0.83771006,0.00152010,1.15675011,0.42123130
-1.99599800,1.56567702,0.00355405,0.36026017,0.81395057,0.00145244,1.13628385,0.40831428
-1.98999500,1.51452241,0.00333773,0.35160109,0.78686607,0.00138080,1.10920750,0.39397599
-1.98399200,1.45745222,0.00313280,0.34116440,0.75675816,0.00130595,1.07592786,0.37839497
-1.97798899,1.39522638,0.00293741,0.32912172,0.72400379,0.00122869,1.03699101,0.36177979
-1.97198599,1.32872156,0.00275017,0.31567918,0.68904316,0.00114985,0.99306389,0.34436321
-1.96598299,1.25890429,0.00257008,0.30107044,0.65236580,0.00107030,0.94491224,0.32639558
-1.95997999,1.18680195,0.00239659,0.28554910,0.61449536,0.00099088,0.89337582,0.30813795
-1.95397699,1.11347305,0.00222948,0.26938064,0.57597405,0.00091241,0.83934228,0.28985510
-1.94797399,1.03997795,0.00206886,0.25283442,0.53734720,0.00083566,0.78372067,0.27180892
-1.94197099,0.96735125,0.00191505,0.23617597,0.49914861,0.00076135,0.72741575,0.25425212
-1.93596798,0.89657690,0.00176857,0.21965999,0.46188731,0.00069013,0.67130409,0.23742288
-1.92996498,0.82856674,0.00163005,0.20352411,0.42603607,0.00062256,0.61621279,0.22154026
-1.92396198,0.76414308,0.00150018,0.18798386,0.39202199,0.00055912,0.56290137,0.20680063
-1.91795898,0.70402564,0.00137966,0.17322870,0.36021933,0.00050020,0.51204740,0.19337518
-1.91195598,0.64882282,0.00126918,0.15941934,0.33094462,0.00044610,0.46423589,0.18140837
-1.90595298,0.59902725,0.00116937,0.14668626,0.30445405,0.00039702,0.41995257,0.17101739
-1.89994997,0.55501511,0.00108079,0.13512936,0.28094273,0.00035310,0.37958074,0.16229243
-1.89394697,0.51704877,0.00100391,0.12481855,0.26054590,0.00031439,0.34340150,0.15529754
-1.88794397,0.48528213,0.00093916,0.11579525,0.24334137,0.00028087,0.31159676,0.15007206
-1.88194097,0.45976785,0.00088686,0.10807452,0.22935324,0.00025246,0.28425457,0.14663232
-1.87593797,0.44046600,0.00084728,0.10164760,0.21855621,0.00022904,0.26137617,0.14497349
-1.86993497,0.42725324,0.00082067,0.09648479,0.21088041,0.00021041,0.24288434,0.14507135
-1.86393197,0.41993216,0.00080719,0.09253837,0.20621628,0.00019639,0.22863241,0.14688401
-1.85792896,0.41824028,0.00080702,0.08974558,0.20441942,0.00018671,0.21841350,0.15035330
-1.85192596,0.42185832,0.00082030,0.08803129,0.20531518,0.00018113,0.21196984,0.15540587
-1.84592296,0.43041769,0.00084712,0.08731062,0.20870278,0.00017935,0.20900161,0.16195407
-1.83991996,0.44350707,0.00088759,0.08749115,0.21435923,0.00018111,0.20917542,0.16989645
-1.83391696,0.46067816,0.00094176,0.08847491,0.22204272,0.00018608,0.21213218,0.17911812
-1.82791396,0.48145079,0.00100964,0.09016012,0.23149578,0.00019397,0.21749438,0.18949091
-1.82191096,0.50531755,0.00109115,0.09244263,0.24244830,0.00020446,0.22487286,0.20087363
-1.81590795,0.53174830,0.00118615,0.09521727,0.25462034,0.00021725,0.23387308,0.21311228
-1.80990495,0.56019477,0.00129437,0.09837897,0.26772509,0.00023202,0.24410107,0.22604060
-1.80390195,0.59009552,0.00141540,0.10182395,0.28147193,0.00024845,0.25516900,0.23948085
-1.79789895,0.62088147,0.00154869,0.10545079,0.29556968,0.00026622,0.26670055,0.25324501
-1.79189595,0.65198217,0.00169354,0.10916159,0.30973018,0.00028503,0.27833613,0.26713653
-1.78589295,0.68283288,0.00184905,0.11286319,0.32367211,0.00030454,0.28973779,0.28095249
-1.77988994,0.71288246,0.00201421,0.11646848,0.33712513,0.00032447,0.30059405,0.29448632
-1.77388694,0.74160201,0.00218783,0.11989781,0.34983415,0.00034451,0.31062441,0.30753110
-1.76788394,0.76849413,0.00236866,0.12308041,0.36156383,0.00036437,0.31958347,0.31988319
-1.76188094,0.79310258,0.00255536,0.12595599,0.37210298,0.00038379,0.32726468,0.33134633
-1.75587794,0.81502207,0.00274664,0.12847618,0.38126890,0.00040251,0.33350353,0.34173597
-1.74987494,0.83390789,0.00294124,0.13060609,0.38891151,0.00042033,0.33818015,0.35088383
-1.74387194,0.84948519,0.00313813,0.13232572,0.39491693,0.00043706,0.34122113,0.35864237
-1.73786893,0.86155734,0.00333649,0.13363126,0.39921069,0.00045256,0.34260066,0.36488923
-1.73186593,0.87001329,0.00353589,0.13453613,0.40176017,0.00046673,0.34234081,0.36953139
-1.72586293,0.87483350,0.00373634,0.13507195,0.40257626,0.00047954,0.34051101,0.37250884
-1.71985993,0.87609416,0.00393838,0.13528902,0.40171423,0.00049098,0.33722668,0.37379774
-1.71385693,0.87396957,0.00414318,0.13525664,0.39927357,0.00050115,0.33264717,0.37341290
-1.70785393,0.86873227,0.00435256,0.13506296,0.39539692,0.00051016,0.32697286,0.37140932
-1.70185093,0.86075100,0.00456905,0.13481445,0.39026792,0.00051822,0.32044162,0.36788296
-1.69584792,0.85048619,0.00479587,0.13463495,0.38410811,0.00052557,0.31332472,0.36297042
-1.68984492,0.83848302,0.00503692,0.13466419,0.37717280,0.00053251,0.30592209,0.35684753
-1.68384192,0.82536210,0.00529670,0.13505592,0.36974609,0.00053939,0.29855714,0.34972701
-1.67783892,0.81180774,0.00558019,0.13597546,0.36213488,0.00054660,0.29157115,0.34185489
-1.67183592,0.79855405,0.00589275,0.13759676,0.35466234,0.00055452,0.28531719,0.33350603
-1.66583292,0.78636900,0.00623989,0.14009902,0.34766049,0.00056358,0.28015378,0.32497862
-1.65982991,0.77603682,0.00662711,0.14366281,0.34146251,0.00057416,0.27643808,0.31658783
-1.65382691,0.76833892,0.00705962,0.14846572,0.33639454,0.00058664,0.27451890,0.30865875
-1.64782391,0.76403390,0.00754212,0.15467765,0.33276741,0.00060136,0.27472930,0.30151869
-1.64182091,0.76383696,0.00807856,0.16245584,0.33086838,0.00061859,0.27737903,0.29548911
-1.63581791,0.76839931,0.00867183,0.17193963,0.33095309,0.00063853,0.28274685,0.29087731
-1.62981491,0.77828800,0.00932356,0.18324513,0.33323804,0.00066129,0.29107269,0.28796806
-1.62381191,0.79396691,0.01003390,0.19645995,0.33789359,0.00068689,0.30254997,0.28701547
-1.61780890,0.81577923,0.01080130,0.21163809,0.34503801,0.00071524,0.31731810,0.28823523
-1.61180590,0.84393225,0.01162245,0.22879530,0.35473240,0.00074614,0.33545551,0.29179742
-1.60580290,0.87848480,0.01249211,0.24790486,0.36697710,0.00077927,0.35697333,0.29782030
-1.59979990,0.91933805,0.01340317,0.26889428,0.38170929,0.00081422,0.38181009,0.30636495
-1.59379690,0.96623000,0.01434663,0.29164284,0.39880235,0.00085048,0.40982774,0.31743136
-1.58779390,1.01873415,0.01531177,0.31598035,0.41806672,0.00088745,0.44080923,0.33095580
-1.58179090,1.07626261,0.01628627,0.34168723,0.43925264,0.00092447,0.47445804,0.34680986
-1.57578789,1.13807386,0.01725652,0.36849606,0.46205446,0.00096082,0.51039982,0.36480123
-1.56978489,1.20328530,0.01820789,0.39609465,0.48611683,0.00099576,0.54818651,0.38467620
-1.56378189,1.27089036,0.01912506,0.42413081,0.51104235,0.00102856,0.58730288,0.40612415
-1.55777889,1.33978006,0.01999243,0.45221868,0.53640075,0.00105847,0.62717573,0.42878375
-1.55177589,1.40876859,0.02079456,0.47994658,0.56173935,0.00108482,0.66718552,0.45225103
-1.54577289,1.47662217,0.02151652,0.50688627,0.58659444,0.00110698,0.70668028,0.47608900
-1.53976988,1.54209062,0.02214441,0.53260327,0.61050339,0.00112442,0.74499157,0.49983864
-1.53376688,1.60394058,0.02266564,0.55666808,0.63301700,0.00113670,0.78145186,0.52303102
-1.52776388,1.66098931,0.02306940,0.57866786,0.65371182,0.00114350,0.81541286,0.54520012
-1.52176088,1.71213798,0.02334694,0.59821814,0.67220186,0.00114461,0.84626415,0.56589590
-1.51575788,1.75640314,0.02349180,0.61497410,0.68814946,0.00113995,0.87345131,0.58469726
-1.50975488,1.79294523,0.02350006,0.62864108,0.70127470,0.00112958,0.89649279,0.60122428
-1.50375188,1.82109291,0.02337042,0.63898369,0.71136308,0.00111368,0.91499485,0.61514926
-1.49774887,1.84036217,0.02310427,0.64583320,0.71827114,0.00109252,0.92866376,0.62620620
-1.49174587,1.85046936,0.02270562,0.64909295,0.72192973,0.00106652,0.93731475,0.63419816
-1.48574287,1.85133766,0.02218102,0.64874127,0.72234478,0.00103616,0.94087721,0.63900230
-1.47973987,1.84309633,0.02153939,0.64483200,0.71959553,0.00100201,0.93939584,0.64057221
-1.47373687,1.82607312,0.02079170,0.63749244,0.71383027,0.00096468,0.93302780,0.63893759
-1.46773387,1.80077989,0.01995078,0.62691875,0.70525972,0.00092486,0.92203568,0.63420121
-1.46173087,1.76789207,0.01903090,0.61336911,0.69414843,0.00088322,0.90677700,0.62653320
-1.45572786,1.72822312,0.01804745,0.59715492,0.68080449,0.00084046,0.88769040,0.61616325
-1.44972486,1.68269489,0.01701652,0.57863033,0.66556815,0.00079726,0.86527941,0.60337070
-1.44372186,1.63230547,0.01595459,0.55818075,0.64879964,0.00075428,0.84009450,0.58847344
-1.43771886,1.57809580,0.01487809,0.53621072,0.63086708,0.00071215,0.81271427,0.57181579
-1.43171586,1.52111678,0.01380313,0.51313175,0.61213470,0.00067143,0.78372672,0.55375619
-1.42571286,1.46239806,0.01274511,0.48935065,0.59295208,0.00063265,0.75371133,0.53465524
-1.41970985,1.40292004,0.01171855,0.46525878,0.57364481,0.00059627,0.72322289,0.51486446
-1.41370685,1.34358987,0.01073678,0.44122266,0.55450687,0.00056266,0.69277745,0.49471646
-1.40770385,1.28522254,0.00981181,0.41757631,0.53579504,0.00053218,0.66284120,0.47451678
-1.40170085,1.22852726,0.00895423,0.39461533,0.51772538,0.00050508,0.63382218,0.45453761
-1.39569785,1.17409947,0.00817305,0.37259309,0.50047180,0.00048156,0.60606528,0.43501362
-1.38969485,1.12241817,0.00747576,0.35171877,0.48416659,0.00046178,0.57985013,0.41613982
-1.38369185,1.07384812,0.00686826,0.33215723,0.46890263,0.00044583,0.55539183,0.39807142
-1.37768884,1.02864629,0.00635491,0.31403051,0.45473698,0.00043375,0.53284400,0.38092528
-1.37168584,0.98697154,0.00593859,0.29742060,0.44169542,0.00042552,0.51230370,0.36478296
-1.36568284,0.94889658,0.00562078,0.28237327,0.42977754,0.00042112,0.49381763,0.34969466
-1.35967984,0.91442121,0.00540159,0.26890251,0.41896202,0.00042043,0.47738910,0.33568390
-1.35367684,0.88348589,0.00527991,0.25699528,0.40921165,0.00042333,0.46298519,0.32275258
-1.34767384,0.85598473,0.00525346,0.24661632,0.40047779,0.00042965,0.45054359,0.31088585
-1.34167084,0.83177717,0.00531889,0.23771265,0.39270414,0.00043919,0.43997885,0.30005674
-1.33566783,0.81069805,0.00547183,0.23021766,0.38582953,0.00045168,0.43118769,0.29023019
-1.32966483,0.79256561,0.00570703,0.22405457,0.37978982,0.00046686,0.42405332,0.28136640
-1.32366183,0.77718743,0.00601839,0.21913929,0.37451892,0.00048439,0.41844866,0.27342337
-1.31765883,0.76436456,0.00639908,0.21538257,0.36994906,0.00050392,0.41423858,0.26635870
-1.31165583,0.75389396,0.00684158,0.21269153,0.36601054,0.00052507,0.41128148,0.26013072
-1.30565283,0.74556986,0.00733781,0.21097075,0.36263121,0.00054741,0.40943014,0.25469900
-1.29964982,0.73918439,0.00787922,0.21012286,0.35973585,0.00057051,0.40853249,0.25002452
-1.29364682,0.73452805,0.00845684,0.21004890,0.35724583,0.00059392,0.40843217,0.24606959
-1.28764382,0.73139034,0.00906148,0.21064863,0.35507915,0.00061720,0.40896948,0.24279770
-1.28164082,0.72956114,0.00968378,0.21182066,0.35315103,0.00063990,0.40998263,0.24017344
-1.27563782,0.72883280,0.01031437,0.21346286,0.35137522,0.00066162,0.41130951,0.23816264
-1.26963482,0.72900322,0.01094396,0.21547273,0.34966584,0.00068197,0.41279009,0.23673273
-1.26363182,0.72987983,0.01156355,0.21774810,0.34793994,0.00070065,0.41426919,0.23585341
-1.25762881,0.73128429,0.01216445,0.22018796,0.34612047,0.00071741,0.41559983,0.23549754
-1.25162581,0.73305760,0.01273848,0.22269346,0.34413944,0.00073208,0.41664661,0.23564223
-1.24562281,0.73506530,0.01327806,0.22516907,0.34194125,0.00074458,0.41728925,0.23626997
-1.23961981,0.73720225,0.01377628,0.22752375,0.33948564,0.00075495,0.41742583,0.23736979
-1.23361681,0.73939673,0.01422702,0.22967221,0.33675033,0.00076332,0.41697556,0.23893817
-1.22761381,0.74161322,0.01462500,0.23153607,0.33373284,0.00076992,0.41588094,0.24097966
-1.22161081,0.74385382,0.01496583,0.23304487,0.33045153,0.00077509,0.41410906,0.24350708
-1.21560780,0.74615779,0.01524603,0.23413699,0.32694557,0.00077926,0.41165189,0.24654124
-1.20960480,0.74859926,0.01546309,0.23476036,0.32327390,0.00078294,0.40852565,0.25011002
-1.20360180,0.75128307,0.01561543,0.23487292,0.31951308,0.00078667,0.40476912,0.25424693
-1.19759880,0.75433881,0.01570242,0.23444292,0.31575416,0.00079107,0.40044101,0.25898902
-1.19159580,0.75791322,0.01572436,0.23344894,0.31209872,0.00079675,0.39561660,0.26437433
-1.18559280,0.76216150,0.01568243,0.23187982,0.30865420,0.00080431,0.39038366,0.27043891
-1.17958979,0.76723755,0.01557868,0.22973429,0.30552880,0.00081430,0.38483804,0.27721347
-1.17358679,0.77328401,0.01541599,0.22702051,0.30282615,0.00082722,0.37907897,0.28471995
-1.16758379,0.78042216,0.01519797,0.22375548,0.30064010,0.00084347,0.37320442,0.29296805
-1.16158079,0.78874241,0.01492895,0.21996426,0.29904977,0.00086335,0.36730672,0.30195190
-1.15557779,0.79829579,0.01461385,0.21567915,0.29811511,0.00088702,0.36146857,0.31164714
-1.14957479,0.80908663,0.01425814,0.21093873,0.29787330,0.00091450,0.35575959,0.32200836
-1.14357179,0.82106708,0.01386769,0.20578684,0.29833597,0.00094565,0.35023370,0.33296730
-1.13756878,0.83413348,0.01344868,0.20027143,0.29948745,0.00098019,0.34492715,0.34443171
-1.13156578,0.84812484,0.01300747,0.19444347,0.30128417,0.00101769,0.33985747,0.35628505
-1.12556278,0.86282357,0.01255044,0.18835566,0.30365507,0.00105758,0.33502320,0.36838713
-1.11955978,0.87795840,0.01208386,0.18206127,0.30650316,0.00109915,0.33040448,0.38057563
-1.11355678,0.89320948,0.01161374,0.17561288,0.30970801,0.00114160,0.32596429,0.39266851
-1.10755378,0.90821541,0.01114568,0.16906126,0.31312921,0.00118404,0.32165044,0.40446735
-1.10155078,0.92258209,0.01068473,0.16245428,0.31661049,0.00122553,0.31739802,0.41576144
-1.09554777,0.93589307,0.01023528,0.15583594,0.31998448,0.00126510,0.31313237,0.42633254
-1.08954477,0.94772093,0.00980094,0.14924563,0.32307787,0.00130178,0.30877225,0.43596017
-1.08354177,0.95763957,0.00938449,0.14271750,0.32571676,0.00133465,0.30423330,0.44442735
-1.07753877,0.96523679,0.00898782,0.13628009,0.32773203,0.00136281,0.29943145,0.45152642
-1.07153577,0.97012683,0.00861193,0.12995625,0.32896459,0.00138551,0.29428631,0.45706497
-1.06553277,0.97196245,0.00825695,0.12376317,0.32927026,0.00140206,0.28872439,0.46087151
-1.05952976,0.97044612,0.00792222,0.11771277,0.32852421,0.00141193,0.28268198,0.46280078
-1.05352676,0.96534004,0.00760637,0.11181225,0.32662472,0.00141473,0.27610772,0.46273847
-1.04752376,0.95647452,0.00730745,0.10606478,0.32349629,0.00141022,0.26896468,0.46060525
-1.04152076,0.94375457,0.00702304,0.10047039,0.31909190,0.00139836,0.26123194,0.45635988
-1.03551776,0.92716444,0.00675045,0.09502690,0.31339442,0.00137925,0.25290573,0.45000134
-1.02951476,0.90676998,0.00648684,0.08973091,0.30641722,0.00135315,0.24399987,0.44156994
-1.02351176,0.88271884,0.00622942,0.08457877,0.29820380,0.00132052,0.23454579,0.43114733
-1.01750875,0.85523839,0.00597556,0.07956744,0.28882674,0.00128193,0.22459202,0.41885541
-1.01150575,0.82463164,0.00572293,0.07469536,0.27838584,0.00123812,0.21420313,0.40485428
-1.00550275,0.79127132,0.00546960,0.06996301,0.26700560,0.00118995,0.20345833,0.38933919
-0.99949975,0.75559221,0.00521417,0.06537349,0.25483218,0.00113838,0.19244968,0.37253671
-0.99349675,0.71808224,0.00495573,0.06093276,0.24202998,0.00108448,0.18128006,0.35470028
-0.98749375,0.67927262,0.00469397,0.05664982,0.22877784,0.00102939,0.17006088,0.33610513
-0.98149075,0.63972721,0.00442910,0.05253666,0.21526518,0.00097432,0.15890977,0.31704306
-0.97548774,0.60003177,0.00416188,0.04860807,0.20168802,0.00092051,0.14794822,0.29781690
-0.96948474,0.56078308,0.00389350,0.04488130,0.18824519,0.00086926,0.13729919,0.27873510
-0.96348174,0.52257850,0.00362554,0.04137565,0.17513462,0.00082187,0.12708493,0.26010639
-0.95747874,0.48600597,0.00335987,0.03811196,0.16254991,0.00077964,0.11742492,0.24223475
-0.95147574,0.45163477,0.00309855,0.03511197,0.15067724,0.00074387,0.10843388,0.22541470
-0.94547274,0.42000703,0.00284375,0.03239780,0.13969259,0.00071584,0.10022015,0.20992701
-0.93946973,0.39163006,0.00259764,0.02999125,0.12975926,0.00069679,0.09288410,0.19603475
-0.93346673,0.36696942,0.00236229,0.02791321,0.12102573,0.00068791,0.08651676,0.18397980
-0.92746373,0.34644266,0.00213962,0.02618302,0.11362382,0.00069031,0.08119863,0.17397961
-0.92146073,0.33041362,0.00193133,0.02481790,0.10766702,0.00070504,0.07699849,0.16622428
-0.91545773,0.31918715,0.00173883,0.02383234,0.10324904,0.00073301,0.07397238,0.16087386
-0.90945473,0.31300406,0.00156325,0.02323754,0.10044247,0.00077501,0.07216254,0.15805578
-0.90345173,0.31203641,0.00140536,0.02304087,0.09929755,0.00083167,0.07159640,0.15786237
-0.89744872,0.31638289,0.00126562,0.02324540,0.09984099,0.00090341,0.07228560,0.16034859
-0.89144572,0.32606451,0.00114415,0.02384938,0.10207493,0.00099046,0.07422496,0.16552977
-0.88544272,0.34102073,0.00104078,0.02484586,0.10597592,0.00109276,0.07739160,0.17337971
-0.87943972,0.36110617,0.00095503,0.02622233,0.11149418,0.00121000,0.08174409,0.18382900
-0.87343672,0.38608829,0.00088617,0.02796044,0.11855310,0.00134154,0.08722181,0.19676392
-0.86743372,0.41564644,0.00083325,0.03003588,0.12704903,0.00148643,0.09374462,0.21202602
-0.86143072,0.44937255,0.00079514,0.03241836,0.13685173,0.00164338,0.10121282,0.22941263
-0.85542771,0.48677410,0.00077055,0.03507178,0.14780523,0.00181074,0.10950763,0.24867839
-0.84942471,0.52727951,0.00075809,0.03795459,0.15972963,0.00198655,0.11849218,0.26953824
-0.84342171,0.57024643,0.00075631,0.04102036,0.17242355,0.00216852,0.12801319,0.29167179
-0.83741871,0.61497303,0.00076370,0.04421859,0.18566759,0.00235409,0.13790325,0.31472922
-0.83141571,0.66071238,0.00077878,0.04749571,0.19922858,0.00254047,0.14798387,0.33833882
-0.82541271,0.70668963,0.00080008,0.05079635,0.21286480,0.00272469,0.15806909,0.36211600
-0.81940970,0.75212190,0.00082622,0.05406474,0.22633183,0.00290368,0.16796982,0.38567351
-0.81340670,0.79624000,0.00085592,0.05724626,0.23938908,0.00307438,0.17749856,0.40863277
-0.80740370,0.83831155,0.00088800,0.06028915,0.25180669,0.00323377,0.18647450,0.43063575
-0.80140070,0.87766433,0.00092145,0.06314614,0.26337254,0.00337902,0.19472876,0.45135697
-0.79539770,0.91370903,0.00095544,0.06577607,0.27389900,0.00350754,0.20210955,0.47051509
-0.78939470,0.94596007,0.00098929,0.06814545,0.28322926,0.00361711,0.20848703,0.48788353
-0.78339170,0.97405367,0.00102256,0.07022966,0.29124280,0.00370590,0.21375759,0.50329945
-0.77738869,0.99776181,0.00105498,0.07201396,0.29785961,0.00377258,0.21784749,0.51667065
-0.77138569,1.01700142,0.00108649,0.07349419,0.30304311,0.00381638,0.22071536,0.52797984
-0.76538269,1.03183797,0.00111722,0.07467690,0.30680137,0.00383705,0.22235380,0.53728594
-0.75937969,1.04248296,0.00114747,0.07557919,0.30918655,0.00383494,0.22278955,0.54472221
-0.75337669,1.04928527,0.00117771,0.07622808,0.31029254,0.00381095,0.22208260,0.55049100
-0.74737369,1.05271650,0.00120851,0.07665934,0.31025083,0.00376652,0.22032394,0.55485548
-0.74137069,1.05335073,0.00124055,0.07691605,0.30922470,0.00370353,0.21763221,0.55812830
-0.73536768,1.05183963,0.00127453,0.07704673,0.30740208,0.00362426,0.21414932,0.56065797
-0.72936468,1.04888391,0.00131119,0.07710329,0.30498722,0.00353130,0.21003529,0.56281325
-0.72336168,1.04520249,0.00135122,0.07713872,0.30219177,0.00342745,0.20546250,0.56496650
-0.71735868,1.04150087,0.00139522,0.07720480,0.29922550,0.00331561,0.20060967,0.56747666
-0.71135568,1.03844021,0.00144368,0.07734987,0.29628716,0.00319868,0.19565574,0.57067279
-0.70535268,1.03660860,0.00149692,0.07761672,0.29355607,0.00307944,0.19077405,0.57483892
-0.69934967,1.03649611,0.00155510,0.07804080,0.29118456,0.00296051,0.18612705,0.58020100
-0.69334667,1.03847459,0.00161815,0.07864874,0.28929192,0.00284421,0.18186159,0.58691671
-0.68734367,1.04278344,0.00168579,0.07945739,0.28795991,0.00273253,0.17810519,0.59506848
-0.68134067,1.04952184,0.00175752,0.08047323,0.28723021,0.00262709,0.17496324,0.60466027
-0.67533767,1.05864776,0.00183262,0.08169235,0.28710371,0.00252908,0.17251723,0.61561804
-0.66933467,1.06998370,0.00191019,0.08310089,0.28754186,0.00243930,0.17082403,0.62779399
-0.66333167,1.08322872,0.00198916,0.08467595,0.28846971,0.00235812,0.16991603,0.64097431
-0.65732866,1.09797592,0.00206832,0.08638683,0.28978064,0.00228553,0.16980227,0.65488981
-0.65132566,1.11373435,0.00214639,0.08819670,0.29134241,0.00222121,0.17047006,0.66922903
-0.64532266,1.12995406,0.00222204,0.09006434,0.29300410,0.00216453,0.17188729,0.68365295
-0.63931966,1.14605291,0.00229393,0.09194614,0.29460373,0.00211464,0.17400494,0.69781051
-0.63331666,1.16144355,0.00236079,0.09379795,0.29597595,0.00207053,0.17675976,0.71135408
-0.62731366,1.17555939,0.00242142,0.09557694,0.29695956,0.00203107,0.18007695,0.72395417
-0.62131066,1.18787793,0.00247475,0.09724326,0.29740441,0.00199514,0.18387263,0.73531246
-0.61530765,1.19794073,0.00251989,0.09876137,0.29717738,0.00196158,0.18805606,0.74517272
-0.60930465,1.20536887,0.00255611,0.10010109,0.29616719,0.00192935,0.19253155,0.75332901
-0.60330165,1.20987355,0.00258288,0.10123828,0.29428788,0.00189747,0.19720003,0.75963095
-0.59729865,1.21126159,0.00259985,0.10215518,0.29148093,0.00186513,0.20196027,0.76398593
-0.59129565,1.20943588,0.00260690,0.10284038,0.28771586,0.00183165,0.20670986,0.76635841
-0.58529265,1.20439121,0.00260407,0.10328844,0.28298964,0.00179652,0.21134611,0.76676643
-0.57928964,1.19620618,0.00259156,0.10349934,0.27732483,0.00175938,0.21576676,0.76527597
-0.57328664,1.18503189,0.00256974,0.10347766,0.27076683,0.00172003,0.21987082,0.76199341
-0.56728364,1.17107856,0.00253909,0.10323165,0.26338035,0.00167841,0.22355956,0.75705690
-0.56128064,1.15460096,0.00250021,0.10277230,0.25524552,0.00163457,0.22673769,0.75062718
-0.55527764,1.13588367,0.00245376,0.10211239,0.24645373,0.00158868,0.22931487,0.74287842
-0.54927464,1.11522721,0.00240051,0.10126566,0.23710359,0.00154097,0.23120751,0.73398974
-0.54327164,1.09293566,0.00234124,0.10024610,0.22729716,0.00149175,0.23234082,0.72413774
-0.53726863,1.06930650,0.00227683,0.09906739,0.21713665,0.00144136,0.23265112,0.71349057
-0.53126563,1.04462308,0.00220819,0.09774261,0.20672169,0.00139017,0.23208836,0.70220361
-0.52526263,1.01914989,0.00213631,0.09628406,0.19614724,0.00133860,0.23061855,0.69041707
-0.51925963,0.99313065,0.00206227,0.09470334,0.18550219,0.00128706,0.22822617,0.67825530
-0.51325663,0.96678914,0.00198725,0.09301150,0.17486866,0.00123601,0.22491641,0.66582790
-0.50725363,0.94033243,0.00191256,0.09121944,0.16432178,0.00118591,0.22071694,0.65323226
-0.50125063,0.91395597,0.00183968,0.08933832,0.15393007,0.00113726,0.21567930,0.64055744
-0.49524762,0.88785034,0.00177027,0.08738004,0.14375615,0.00109061,0.20987971,0.62788893
-0.48924462,0.86220891,0.00170624,0.08535777,0.13385776,0.00104658,0.20341928,0.61531411
-0.48324162,0.83723598,0.00164975,0.08328645,0.12428889,0.00100585,0.19642356,0.60292794
-0.47723862,0.81315496,0.00160325,0.08118327,0.11510100,0.00096919,0.18904149,0.59083875
-0.47123562,0.79021606,0.00156949,0.07906803,0.10634418,0.00093748,0.18144367,0.57917368
-0.46523262,0.76870317,0.00155155,0.07696349,0.09806822,0.00091172,0.17382018,0.56808360
-0.45922961,0.74893950,0.00155285,0.07489561,0.09032346,0.00089303,0.16637786,0.55774726
-0.45322661,0.73129175,0.00157713,0.07289365,0.08316152,0.00088268,0.15933720,0.54837446
-0.44722361,0.71617242,0.00162845,0.07099024,0.07663572,0.00088209,0.15292891,0.54020807
-0.44122061,0.70404013,0.00171113,0.06922126,0.07080131,0.00089281,0.14739026,0.53352460
-0.43521761,0.69539764,0.00182975,0.06762566,0.06571547,0.00091653,0.14296114,0.52863338
-0.42921461,0.69078734,0.00198902,0.06624511,0.06143700,0.00095506,0.13987999,0.52587394
-0.42321161,0.69078408,0.00219371,0.06512353,0.05802586,0.00101031,0.13837959,0.52561163
-0.41720860,0.69598505,0.00244858,0.06430648,0.05554237,0.00108427,0.13868264,0.52823125
-0.41120560,0.70699682,0.00275818,0.06384034,0.05404619,0.00117894,0.14099718,0.53412868
-0.40520260,0.72441927,0.00312675,0.06377132,0.05359505,0.00129631,0.14551185,0.54370051
-0.39919960,0.74882676,0.00355801,0.06414433,0.05424317,0.00143827,0.15239092,0.55733159
-0.39319660,0.78074648,0.00405500,0.06500161,0.05603942,0.00160656,0.16176927,0.57538090
-0.38719360,0.82063477,0.00461985,0.06638123,0.05902526,0.00180270,0.17374713,0.59816585
-0.38119060,0.86885168,0.00525364,0.06831544,0.06323240,0.00202788,0.18838496,0.62594541
-0.37518759,0.92563476,0.00595613,0.07082890,0.06868028,0.00228289,0.20569837,0.65890281
-0.36918459,0.99107313,0.00672562,0.07393692,0.07537347,0.00256802,0.22565342,0.69712828
-0.36318159,1.06508281,0.00755879,0.07764370,0.08329901,0.00288297,0.24816248,0.74060271
-0.35717859,1.14738492,0.00845057,0.08194066,0.09242391,0.00322679,0.27308091,0.78918318
-0.35117559,1.23748794,0.00939408,0.08680508,0.10269281,0.00359783,0.30020489,0.84259116
-0.34517259,1.33467545,0.01038056,0.09219901,0.11402608,0.00399362,0.32927062,0.90040443
-0.33916958,1.43800085,0.01139948,0.09806855,0.12631853,0.00441093,0.35995522,0.96205340
-0.33316658,1.54628999,0.01243858,0.10434370,0.13943872,0.00484574,0.39187959,1.02682287
-0.32716358,1.65815265,0.01348409,0.11093882,0.15322921,0.00529322,0.42461330,1.09385942
-0.32116058,1.77200354,0.01452099,0.11775364,0.16750779,0.00574788,0.45768169,1.16218503
-0.31515758,1.88609260,0.01553332,0.12467497,0.18206971,0.00620361,0.49057513,1.23071687
-0.30915458,1.99854450,0.01650453,0.13157908,0.19669108,0.00665381,0.52276026,1.29829288
-0.30315158,2.10740622,0.01741797,0.13833468,0.21113322,0.00709156,0.55369303,1.36370267
-0.29714857,2.21070140,0.01825734,0.14480638,0.22514814,0.00750979,0.58283309,1.42572266
-0.29114557,2.30648948,0.01900715,0.15085858,0.23848466,0.00790149,0.60965908,1.48315432
-0.28514257,2.39292745,0.01965322,0.15635967,0.25089537,0.00825992,0.63368429,1.53486385
-0.27913957,2.46833154,0.02018314,0.16118623,0.26214377,0.00857879,0.65447189,1.57982186
-0.27313657,2.53123615,0.02058670,0.16522721,0.27201159,0.00885254,0.67164930,1.61714097
-0.26713357,2.58044732,0.02085621,0.16838776,0.28030586,0.00907644,0.68492080,1.64610981
-0.26113057,2.61508799,0.02098680,0.17059269,0.28686534,0.00924684,0.69407793,1.66622156
-0.25512756,2.63463289,0.02097660,0.17178919,0.29156616,0.00936124,0.69900705,1.67719564
-0.24912456,2.63893102,0.02082681,0.17194880,0.29432622,0.00941841,0.69969370,1.67899132
-0.24312156,2.62821455,0.02054166,0.17106859,0.29510823,0.00941842,0.69622344,1.67181230
-0.23711856,2.60309330,0.02012830,0.16917124,0.29392116,0.00936266,0.68877906,1.65610208
-0.23111556,2.56453485,0.01959654,0.16630432,0.29082008,0.00925377,0.67763428,1.63252990
-0.22511256,2.51383104,0.01895851,0.16253851,0.28590424,0.00909552,0.66314412,1.60196783
-0.21910955,2.45255216,0.01822831,0.15796509,0.27931363,0.00889272,0.64573231,1.56545994
-0.21310655,2.38249081,0.01742148,0.15269259,0.27122404,0.00865098,0.62587639,1.52418482
-0.20710355,2.30559795,0.01655454,0.14684294,0.26184093,0.00837655,0.60409110,1.47941308
-0.20110055,2.22391392,0.01564445,0.14054718,0.25139229,0.00807608,0.58091066,1.43246163
-0.19509755,2.13949744,0.01470814,0.13394100,0.24012096,0.00775637,0.55687101,1.38464684
-0.18909455,2.05435578,0.01376197,0.12716023,0.22827659,0.00742418,0.53249244,1.33723849
-0.18309155,1.97037894,0.01282135,0.12033657,0.21610771,0.00708597,0.50826356,1.29141654
-0.17708854,1.88928071,0.01190029,0.11359361,0.20385418,0.00674773,0.48462721,1.24823259
-0.17108554,1.81254878,0.01101117,0.10704349,0.19174038,0.00641483,0.46196874,1.20857739
-0.16508254,1.74140589,0.01016446,0.10078404,0.17996935,0.00609187,0.44060716,1.17315590
-0.15907954,1.67678325,0.00936859,0.09489677,0.16871806,0.00578259,0.42078944,1.14247059
-0.15307654,1.61930691,0.00862990,0.08944557,0.15813405,0.00548984,0.40268791,1.11681360
-0.14707354,1.56929712,0.00795263,0.08447621,0.14833334,0.00521560,0.38640080,1.09626780
-0.14107054,1.52678024,0.00733905,0.08001656,0.13939983,0.00496095,0.37195581,1.08071645
-0.13506753,1.49151209,0.00678960,0.07607753,0.13138585,0.00472619,0.35931611,1.06986076
-0.12906453,1.46301121,0.00630308,0.07265459,0.12431397,0.00451091,0.34838868,1.06324446
-0.12306153,1.44060014,0.00587688,0.06972974,0.11817982,0.00431414,0.33903416,1.06028391
-0.11705853,1.42345255,0.00550731,0.06727395,0.11295565,0.00413443,0.33107791,1.06030246
-0.11105553,1.41064388,0.00518982,0.06524966,0.10859452,0.00397003,0.32432154,1.06256739
-0.10505253,1.40120305,0.00491927,0.06361351,0.10503477,0.00381902,0.31855442,1.06632760
-0.09904952,1.39416308,0.00469025,0.06231896,0.10220464,0.00367943,0.31356467,1.07085063
-0.09304652,1.38860819,0.00449727,0.06131872,0.10002672,0.00354934,0.30914900,1.07545724
-0.08704352,1.38371579,0.00433500,0.06056699,0.09842216,0.00342703,0.30512131,1.07955225
-0.08104052,1.37879153,0.00419844,0.06002129,0.09731431,0.00331099,0.30131944,1.08265037
-0.07503752,1.37329631,0.00408305,0.05964391,0.09663183,0.00320002,0.29761008,1.08439609
-0.06903452,1.36686460,0.00398486,0.05940292,0.09631107,0.00309326,0.29389174,1.08457704
-0.06303152,1.35931356,0.00390054,0.05927269,0.09629777,0.00299016,0.29009572,1.08313048
-0.05702851,1.35064319,0.00382740,0.05923401,0.09654793,0.00289051,0.28618531,1.08014284
-0.05102551,1.34102805,0.00376337,0.05927383,0.09702815,0.00279439,0.28215333,1.07584282
-0.04502251,1.33080136,0.00370700,0.05938454,0.09771520,0.00270210,0.27801838,1.07058846
-0.03901951,1.32043278,0.00365738,0.05956314,0.09859519,0.00261417,0.27382010,1.06484921
-0.03301651,1.31050124,0.00361406,0.05981006,0.09966224,0.00253120,0.26961376,1.05918388
-0.02701351,1.30166436,0.00357696,0.06012798,0.10091701,0.00245390,0.26546464,1.05421580
-0.02101051,1.29462620,0.00354630,0.06052055,0.10236494,0.00238295,0.26144251,1.05060635
-0.01500750,1.29010481,0.00352248,0.06099127,0.10401463,0.00231895,0.25761652,1.04902812
-0.00900450,1.28880121,0.00350604,0.06154241,0.10587618,0.00226242,0.25405086,1.05013893
-0.00300150,1.29137092,0.00349758,0.06217419,0.10795982,0.00221371,0.25080128,1.05455766
0.00300150,1.29839929,0.00349770,0.06288421,0.11027474,0.00217296,0.24791273,1.06284290
0.00900450,1.31038130,0.00350696,0.06366712,0.11282822,0.00214014,0.24541814,1.07547498
0.01500750,1.32770633,0.00352587,0.06451464,0.11562503,0.00211501,0.24333827,1.09284191
0.02101051,1.35064815,0.00355487,0.06541577,0.11866722,0.00209713,0.24168263,1.11522944
0.02701351,1.37935990,0.00359435,0.06635736,0.12195401,0.00208588,0.24045127,1.14281523
0.03301651,1.41387388,0.00364468,0.06732476,0.12548202,0.00208049,0.23963721,1.17566685
0.03901951,1.45410552,0.00370617,0.06830273,0.12924557,0.00208010,0.23922939,1.21374353
0.04502251,1.49986083,0.00377919,0.06927635,0.13323710,0.00208374,0.23921575,1.25690077
0.05102551,1.55084662,0.00386409,0.07023208,0.13744756,0.00209045,0.23958631,1.30489771
0.05702851,1.60668272,0.00396130,0.07115861,0.14186687,0.00209925,0.24033599,1.35740630
0.06303152,1.66691542,0.00407131,0.07204775,0.14648420,0.00210923,0.24146692,1.41402192
0.06903452,1.73103144,0.00419466,0.07289512,0.15128831,0.00211958,0.24299028,1.47427493
0.07503752,1.79847194,0.00433197,0.07370063,0.15626774,0.00212959,0.24492729,1.53764258
0.08104052,1.86864610,0.00448388,0.07446878,0.16141095,0.00213871,0.24730965,1.60356100
0.08704352,1.94094399,0.00465104,0.07520868,0.16670649,0.00214656,0.25017919,1.67143705
0.09304652,2.01474857,0.00483407,0.07593392,0.17214313,0.00215291,0.25358689,1.74065975
0.09904952,2.08944668,0.00503351,0.07666216,0.17771007,0.00215775,0.25759139,1.81061131
0.10505253,2.16443927,0.00524978,0.07741458,0.18339730,0.00216118,0.26225710,1.88067758
0.11105553,2.23915060,0.00548313,0.07821515,0.18919596,0.00216350,0.26765207,1.95025807
0.11705853,2.31303682,0.00573359,0.07908982,0.19509893,0.00216513,0.27384563,2.01877542
0.12306153,2.38559371,0.00600093,0.08006564,0.20110146,0.00216661,0.28090624,2.08568438
0.12906453,2.45636382,0.00628465,0.08116985,0.20720193,0.00216857,0.28889923,2.15048021
0.13506753,2.52494285,0.00658392,0.08242903,0.21340255,0.00217169,0.29788494,2.21270649
0.14107054,2.59098519,0.00689761,0.08386826,0.21971009,0.00217668,0.30791698,2.27196218
0.14707354,2.65420855,0.00722429,0.08551043,0.22613640,0.00218426,0.31904082,2.32790776
0.15307654,2.71439734,0.00756225,0.08737563,0.23269868,0.00219511,0.33129267,2.38027031
0.15907954,2.77140481,0.00790951,0.08948068,0.23941949,0.00220986,0.34469855,2.42884736
0.16508254,2.82515347,0.00826389,0.09183881,0.24632632,0.00222906,0.35927359,2.47350919
0.17108554,2.87563398,0.00862306,0.09445951,0.25345068,0.00225316,0.37502151,2.51419968
0.17708854,2.92290213,0.00898457,0.09734843,0.26082683,0.00228250,0.39193415,2.55093534
0.18309155,2.96707405,0.00934593,0.10050757,0.26848997,0.00231730,0.40999117,2.58380268
0.18909455,3.00831978,0.00970469,0.10393540,0.27647404,0.00235764,0.42915975,2.61295392
0.19509755,3.04685534,0.01005845,0.10762724,0.28480932,0.00240348,0.44939440,2.63860114
0.20110055,3.08293361,0.01040496,0.11157564,0.29351977,0.00245465,0.47063684,2.66100910
0.20710355,3.11683449,0.01074213,0.11577083,0.30262039,0.00251085,0.49281599,2.68048702
0.21310655,3.14885469,0.01106808,0.12020120,0.31211475,0.00257170,0.51584813,2.69737959
0.21910955,3.17929768,0.01138119,0.12485382,0.32199288,0.00263671,0.53963727,2.71205762
0.22511256,3.20846420,0.01168008,0.12971489,0.33222955,0.00270534,0.56407570,2.72490860
0.23111556,3.23664373,0.01196364,0.13477018,0.34278331,0.00277699,0.58904487,2.73632761
0.23711856,3.26410727,0.01223103,0.14000537,0.35359619,0.00285104,0.61441641,2.74670863
0.24312156,3.29110161,0.01248163,0.14540631,0.36459423,0.00292689,0.64005350,2.75643679
0.24912456,3.31784512,0.01271507,0.15095913,0.37568875,0.00300394,0.66581232,2.76588136
0.25512756,3.34452515,0.01293117,0.15665021,0.38677848,0.00308167,0.69154368,2.77538974
0.26113057,3.37129670,0.01312991,0.16246602,0.39775227,0.00315962,0.71709465,2.78528247
0.26713357,3.39828236,0.01331140,0.16839278,0.40849232,0.00323741,0.74231016,2.79584900
0.27313657,3.42557295,0.01347588,0.17441603,0.41887781,0.00331476,0.76703443,2.80734431
0.27913957,3.45322870,0.01362362,0.18051999,0.42878863,0.00339151,0.79111225,2.81998611
0.28514257,3.48128063,0.01375497,0.18668698,0.43810910,0.00346759,0.81438993,2.83395261
0.29114557,3.50973175,0.01387031,0.19289669,0.44673140,0.00354307,0.83671606,2.84938061
0.29714857,3.53855804,0.01397005,0.19912551,0.45455861,0.00361807,0.85794194,2.86636395
0.30315158,3.56770893,0.01405464,0.20534605,0.46150724,0.00369282,0.87792189,2.88495231
0.30915458,3.59710745,0.01412459,0.21152669,0.46750904,0.00376759,0.89651341,2.90515023
0.31515758,3.62664997,0.01418051,0.21763143,0.47251220,0.00384270,0.91357731,2.92691662
0.32116058,3.65620593,0.01422311,0.22362007,0.47648180,0.00391845,0.92897809,2.95016477
0.32716358,3.68561759,0.01425330,0.22944864,0.47939971,0.00399516,0.94258444,2.97476300
0.33316658,3.71470023,0.01427221,0.23507019,0.48126381,0.00407304,0.95427026,3.00053606
0.33916958,3.74324293,0.01428120,0.24043604,0.48208688,0.00415228,0.96391600,3.02726745
0.34517259,3.77101021,0.01428198,0.24549714,0.48189512,0.00423291,0.97141062,3.05470261
0.35117559,3.79774470,0.01427654,0.25020591,0.48072644,0.00431486,0.97665399,3.08255307
0.35717859,3.82317066,0.01426725,0.25451809,0.47862873,0.00439792,0.97955967,3.11050138
0.36318159,3.84699843,0.01425678,0.25839468,0.47565804,0.00448169,0.98005813,3.13820674
0.36918459,3.86892960,0.01424812,0.26180386,0.47187697,0.00456564,0.97809991,3.16531098
0.37518759,3.88866235,0.01424446,0.26472269,0.46735305,0.00464906,0.97365892,3.19144474
0.38119060,3.90589694,0.01424919,0.26713839,0.46215735,0.00473110,0.96673523,3.21623341
0.38719360,3.92034058,0.01426570,0.26904931,0.45636315,0.00481077,0.95735749,3.23930256
0.39319660,3.93171152,0.01429730,0.27046517,0.45004473,0.00488694,0.94558447,3.26028253
0.39919960,3.93974196,0.01434708,0.27140683,0.44327625,0.00495843,0.93150577,3.27881202
0.40520260,3.94417946,0.01441773,0.27190533,0.43613062,0.00502397,0.91524140,3.29454040
0.41120560,3.94478700,0.01451139,0.27200029,0.42867836,0.00508228,0.89694028,3.30712897
0.41720860,3.94134142,0.01462954,0.27173777,0.42098645,0.00513208,0.87677764,3.31625090
0.42321161,3.93363083,0.01477281,0.27116768,0.41311722,0.00517215,0.85495143,3.32159049
0.42921461,3.92145119,0.01494093,0.27034084,0.40512720,0.00520136,0.83167783,3.32284175
0.43521761,3.90460264,0.01513264,0.26930596,0.39706607,0.00521869,0.80718621,3.31970697
0.44122061,3.88288619,0.01534565,0.26810661,0.38897572,0.00522331,0.78171370,3.31189559
0.44722361,3.85610149,0.01557671,0.26677854,0.38088958,0.00521454,0.75549961,3.29912405
0.45322661,3.82404625,0.01582163,0.26534737,0.37283218,0.00519194,0.72878021,3.28111689
0.45922961,3.78651776,0.01607543,0.26382692,0.36481909,0.00515531,0.70178379,3.25760966
0.46523262,3.74331706,0.01633247,0.26221835,0.35685731,0.00510470,0.67472659,3.22835376
0.47123562,3.69425579,0.01658669,0.26050999,0.34894600,0.00504040,0.64780945,3.19312335
0.47723862,3.63916568,0.01683181,0.25867813,0.34107776,0.00496300,0.62121551,3.15172428
0.48324162,3.57791039,0.01706159,0.25668859,0.33324018,0.00487330,0.59510883,3.10400459
0.48924462,3.51039914,0.01727007,0.25449897,0.32541780,0.00477238,0.56963397,3.04986630
0.49524762,3.43660127,0.01745186,0.25206154,0.31759422,0.00466152,0.54491642,2.98927758
0.50125063,3.35656090,0.01760232,0.24932651,0.30975435,0.00454220,0.52106364,2.92228485
0.50725363,3.27041050,0.01771775,0.24624548,0.30188654,0.00441605,0.49816659,2.84902354
0.51325663,3.17838247,0.01779557,0.24277487,0.29398457,0.00428481,0.47630152,2.76972707
0.51925963,3.08081750,0.01783439,0.23887906,0.28604926,0.00415032,0.45553170,2.68473289
0.52526263,2.97816901,0.01783401,0.23453316,0.27808966,0.00401441,0.43590910,2.59448515
0.53126563,2.87100300,0.01779543,0.22972504,0.27012367,0.00387890,0.41747561,2.49953323
0.53726863,2.75999276,0.01772071,0.22445673,0.26217807,0.00374552,0.40026392,2.40052616
0.54327164,2.64590863,0.01761283,0.21874489,0.25428799,0.00361589,0.38429786,2.29820261
0.54927464,2.52960286,0.01747546,0.21262050,0.24649576,0.00349142,0.36959225,2.19337681
0.55527764,2.41199032,0.01731276,0.20612777,0.23884929,0.00337334,0.35615237,2.08692099
0.56128064,2.29402577,0.01712906,0.19932228,0.23140011,0.00326260,0.34397314,1.97974493
0.56728364,2.17667900,0.01692861,0.19226864,0.22420111,0.00315986,0.33303814,1.87277359
0.57328664,2.06090886,0.01671532,0.18503763,0.21730426,0.00306550,0.32331869,1.76692393
0.57928964,1.94763773,0.01649252,0.17770331,0.21075831,0.00297959,0.31477317,1.66308194
0.58529265,1.83772759,0.01626276,0.17033993,0.20460685,0.00290189,0.30734673,1.56208104
0.59129565,1.73195887,0.01602767,0.16301912,0.19888656,0.00283185,0.30097156,1.46468275
0.59729865,1.63101315,0.01578788,0.15580741,0.19362608,0.00276870,0.29556778,1.37156062
0.60330165,1.53546046,0.01554302,0.14876421,0.18884524,0.00271140,0.29104503,1.28328790
0.60930465,1.44575143,0.01529176,0.14194036,0.18455496,0.00265876,0.28730473,1.20032942
0.61530765,1.36221468,0.01503193,0.13537726,0.18075756,0.00260944,0.28424293,1.12303785
0.62131066,1.28505907,0.01476070,0.12910673,0.17744762,0.00256206,0.28175362,1.05165414
0.62731366,1.21438040,0.01447479,0.12315137,0.17461313,0.00251519,0.27973240,0.98631189
0.63331666,1.15017190,0.01417073,0.11752547,0.17223699,0.00246750,0.27808016,0.92704499
0.63931966,1.09233763,0.01384513,0.11223638,0.17029853,0.00241773,0.27670672,0.87379803
0.64532266,1.04070774,0.01349490,0.10728619,0.16877515,0.00236482,0.27553414,0.82643856
0.65132566,0.99505482,0.01311754,0.10267351,0.16764375,0.00230790,0.27449945,0.78477053
0.65732866,0.95511026,0.01271134,0.09839547,0.16688199,0.00224637,0.27355681,0.74854809
0.66333167,0.92057980,0.01227554,0.09444948,0.16646924,0.00217989,0.27267880,0.71748917
0.66933467,0.89115785,0.01181044,0.09083499,0.16638726,0.00210841,0.27185695,0.69128827
0.67533767,0.86653979,0.01131748,0.08755491,0.16662039,0.00203218,0.27110136,0.66962806
0.68134067,0.84643239,0.01079924,0.08461676,0.16715562,0.00195175,0.27043964,0.65218960
0.68734367,0.83056189,0.01025936,0.08203352,0.16798221,0.00186789,0.26991505,0.63866104
0.69334667,0.81868023,0.00970243,0.07982406,0.16909125,0.00178164,0.26958423,0.62874495
0.69934967,0.81056936,0.00913387,0.07801338,0.17047503,0.00169422,0.26951446,0.62216423
0.70535268,0.80604408,0.00855970,0.07663238,0.17212641,0.00160701,0.26978082,0.61866701
0.71135568,0.80495386,0.00798636,0.07571747,0.17403828,0.00152147,0.27046325,0.61803067
0.71735868,0.80718365,0.00742046,0.07530992,0.17620315,0.00143915,0.27164377,0.62006514
0.72336168,0.81265433,0.00686858,0.07545502,0.17861287,0.00136156,0.27340394,0.62461574
0.72936468,0.82132269,0.00633703,0.07620108,0.18125866,0.00129019,0.27582270,0.63156553
0.73536768,0.83318118,0.00583167,0.07759834,0.18413128,0.00122644,0.27897450,0.64083730
0.74137069,0.84825722,0.00535776,0.07969776,0.18722136,0.00117157,0.28292792,0.65239495
0.74737369,0.86661219,0.00491981,0.08254972,0.19051996,0.00112670,0.28774451,0.66624428
0.75337669,0.88833952,0.00452146,0.08620271,0.19401907,0.00109273,0.29347802,0.68243271
0.75937969,0.91356194,0.00416547,0.09070182,0.19771221,0.00107040,0.30017377,0.70104795
0.76538269,0.94242741,0.00385366,0.09608733,0.20159484,0.00106019,0.30786810,0.72221514
0.77138569,0.97510352,0.00358690,0.10239310,0.20566465,0.00106239,0.31658785,0.74609231
0.77738869,1.01177021,0.00336521,0.10964494,0.20992155,0.00107705,0.32634979,0.77286406
0.78339170,1.05261074,0.00318775,0.11785895,0.21436749,0.00110400,0.33715989,0.80273335
0.78939470,1.09780089,0.00305296,0.12703984,0.21900582,0.00114287,0.34901241,0.83591141
0.79539770,1.14749677,0.00295861,0.13717924,0.22384048,0.00119310,0.36188887,0.87260621
0.80140070,1.20182134,0.00290196,0.14825407,0.22887483,0.00125396,0.37575692,0.91300947
0.80740370,1.26085038,0.00287982,0.16022513,0.23411030,0.00132453,0.39056910,0.95728300
0.81340670,1.32459840,0.00288868,0.17303577,0.23954488,0.00140380,0.40626169,1.00554476
0.81940970,1.39300509,0.00292484,0.18661093,0.24517152,0.00149061,0.42275368,1.05785531
0.82541271,1.46592325,0.00298449,0.20085653,0.25097663,0.00158372,0.43994600,1.11420530
0.83141571,1.54310874,0.00306379,0.21565931,0.25693866,0.00168180,0.45772116,1.17450478
0.83741871,1.62421318,0.00315900,0.23088720,0.26302696,0.00178350,0.47594330,1.23857475
0.84342171,1.70877997,0.00326648,0.24639026,0.26920092,0.00188742,0.49445889,1.30614168
0.84942471,1.79624410,0.00338284,0.26200227,0.27540957,0.00199214,0.51309795,1.37683522
0.85542771,1.88593593,0.00350489,0.27754294,0.28159160,0.00209628,0.53167600,1.45018956
0.86143072,1.97708905,0.00362975,0.29282083,0.28767584,0.00219847,0.54999655,1.52564827
0.86743372,2.06885214,0.00375482,0.30763673,0.29358229,0.00229737,0.56785425,1.60257275
0.87343672,2.16030444,0.00387782,0.32178771,0.29922363,0.00239175,0.58503848,1.68025392
0.87943972,2.25047439,0.00399676,0.33507146,0.30450708,0.00248043,0.60133733,1.75792667
0.88544272,2.33836068,0.00410998,0.34729104,0.30933675,0.00256233,0.61654188,1.83478674
0.89144572,2.42295510,0.00421605,0.35825966,0.31361618,0.00263649,0.63045055,1.91000907
0.89744872,2.50326624,0.00431384,0.36780553,0.31725116,0.00270206,0.64287336,1.98276722
0.90345173,2.57834318,0.00440240,0.37577642,0.32015254,0.00275835,0.65363603,2.05225298
0.90945473,2.64729838,0.00448100,0.38204387,0.32223910,0.00280479,0.66258371,2.11769547
0.91545773,2.70932892,0.00454906,0.38650690,0.32344018,0.00284099,0.66958419,2.17837919
0.92146073,2.76373546,0.00460613,0.38909494,0.32369815,0.00286669,0.67453057,2.23366038
0.92746373,2.80993829,0.00465183,0.38977003,0.32297040,0.00288180,0.67734316,2.28298130
0.93346673,2.84749011,0.00468589,0.38852801,0.32123106,0.00288641,0.67797084,2.32588199
0.93946973,2.87608520,0.00470808,0.38539886,0.31847203,0.00288072,0.67639152,2.36200947
0.94547274,2.89556488,0.00471818,0.38044599,0.31470359,0.00286513,0.67261204,2.39112405
0.95147574,2.90591925,0.00471604,0.37376461,0.30995440,0.00284015,0.66666738,2.41310289
0.95747874,2.90728525,0.00470153,0.36547921,0.30427094,0.00280642,0.65861929,2.42794067
0.96348174,2.89994131,0.00467456,0.35574027,0.29771641,0.00276469,0.64855443,2.43574765
0.96948474,2.88429875,0.00463509,0.34472026,0.29036915,0.00271583,0.63658220,2.43674508
0.97548774,2.86089023,0.00458316,0.33260913,0.28232063,0.00266075,0.62283217,2.43125817
0.98149075,2.83035559,0.00451888,0.31960949,0.27367308,0.00260044,0.60745139,2.41970667
0.98749375,2.79342544,0.00444250,0.30593154,0.26453690,0.00253592,0.59060154,2.40259340
0.99349675,2.75090264,0.00435438,0.29178792,0.25502789,0.00246822,0.57245609,2.38049067
0.99949975,2.70364236,0.00425503,0.27738878,0.24526433,0.00239838,0.55319734,2.35402494
1.00550275,2.65253078,0.00414511,0.26293704,0.23536421,0.00232738,0.53301361,2.32386001
1.01150575,2.59846311,0.00402547,0.24862403,0.22544246,0.00225619,0.51209643,2.29067885
1.01750875,2.54232133,0.00389710,0.23462563,0.21560839,0.00218569,0.49063780,2.25516480
1.02351176,2.48495219,0.00376114,0.22109904,0.20596336,0.00211667,0.46882756,2.21798233
1.02951476,2.42714620,0.00361887,0.20818010,0.19659881,0.00204985,0.44685087,2.17975822
1.03551776,2.36961819,0.00347169,0.19598139,0.18759454,0.00198582,0.42488577,2.14106364
1.04152076,2.31299025,0.00332107,0.18459098,0.17901753,0.00192506,0.40310097,2.10239804
1.04752376,2.25777780,0.00316853,0.17407197,0.17092101,0.00186795,0.38165373,2.06417550
1.05352676,2.20437934,0.00301561,0.16446265,0.16334415,0.00181471,0.36068812,2.02671429
1.05952976,2.15307076,0.00286381,0.15577748,0.15631204,0.00176548,0.34033343,1.99023044
1.06553277,2.10400436,0.00271458,0.14800858,0.14983621,0.00172026,0.32070308,1.95483565
1.07153577,2.05721315,0.00256928,0.14112792,0.14391557,0.00167898,0.30189383,1.92053999
1.07753877,2.01262027,0.00242913,0.13508990,0.13853772,0.00164146,0.28398551,1.88725956
1.08354177,1.97005342,0.00229525,0.12983448,0.13368061,0.00160747,0.26704118,1.85482876
1.08954477,1.92926377,0.00216858,0.12529048,0.12931456,0.00157673,0.25110784,1.82301691
1.09554777,1.88994847,0.00204992,0.12137923,0.12540439,0.00154894,0.23621748,1.79154843
1.10155078,1.85177585,0.00193992,0.11801816,0.12191183,0.00152381,0.22238867,1.76012556
1.10755378,1.81441198,0.00183908,0.11512442,0.11879787,0.00150107,0.20962839,1.72845252
1.11355678,1.77754714,0.00174778,0.11261831,0.11602509,0.00148050,0.19793410,1.69625970
1.11955978,1.74092094,0.00166630,0.11042640,0.11355982,0.00146195,0.18729593,1.66332657
1.12556278,1.70434434,0.00159483,0.10848422,0.11137406,0.00144537,0.17769882,1.62950196
1.13156578,1.66771762,0.00153349,0.10673849,0.10944703,0.00143079,0.16912454,1.59472035
1.13756878,1.63104291,0.00148239,0.10514872,0.10776631,0.00141837,0.16155335,1.55901332
1.14357179,1.59443067,0.00144157,0.10368822,0.10632842,0.00140835,0.15496538,1.52251521
1.14957479,1.55809956,0.00141108,0.10234442,0.10513900,0.00140110,0.14934145,1.48546270
1.15557779,1.52236968,0.00139096,0.10111855,0.10421232,0.00139704,0.14466336,1.44818825
1.16158079,1.48764945,0.00138126,0.10002472,0.10357036,0.00139670,0.14091379,1.41110756
1.16758379,1.45441696,0.00138199,0.09908843,0.10324136,0.00140062,0.13807554,1.37470201
1.17358679,1.42319671,0.00139317,0.09834462,0.10325802,0.00140939,0.13613045,1.33949679
1.17958979,1.39453318,0.00141477,0.09783536,0.10365532,0.00142356,0.13505796,1.30603623
1.18559280,1.36896266,0.00144672,0.09760728,0.10446818,0.00144365,0.13483347,1.27485755
1.19159580,1.34698502,0.00148888,0.09770891,0.10572898,0.00147009,0.13542664,1.24646474
1.19759880,1.32903700,0.00154101,0.09818794,0.10746517,0.00150320,0.13679977,1.22130394
1.20360180,1.31546851,0.00160279,0.09908872,0.10969697,0.00154320,0.13890647,1.19974174
1.20960480,1.30652315,0.00167376,0.10044982,0.11243533,0.00159010,0.14169063,1.18204758
1.21560780,1.30232405,0.00175334,0.10230204,0.11568027,0.00164377,0.14508589,1.16838117
1.22161081,1.30286568,0.00184081,0.10466667,0.11941955,0.00170390,0.14901565,1.15878554
1.22761381,1.30801173,0.00193533,0.10755419,0.12362791,0.00176997,0.15339365,1.15318577
1.23361681,1.31749922,0.00203591,0.11096345,0.12826673,0.00184129,0.15812514,1.15139360
1.23961981,1.33094812,0.00214147,0.11488114,0.13328416,0.00191700,0.16310858,1.15311698
1.24562281,1.34787592,0.00225080,0.11928181,0.13861582,0.00199609,0.16823773,1.15797426
1.25162581,1.36771591,0.00236262,0.12412810,0.14418584,0.00207740,0.17340411,1.16551156
1.25762881,1.38983809,0.00247560,0.12937142,0.14990832,0.00215968,0.17849972,1.17522251
1.26363182,1.41357142,0.00258835,0.13495280,0.15568916,0.00224160,0.18341968,1.18656878
1.26963482,1.43822596,0.00269949,0.14080401,0.16142800,0.00232179,0.18806485,1.19900047
1.27563782,1.46311394,0.00280765,0.14684877,0.16702054,0.00239884,0.19234425,1.21197492
1.28164082,1.48756857,0.00291148,0.15300419,0.17236080,0.00247139,0.19617705,1.22497319
1.28764382,1.51095977,0.00300969,0.15918217,0.17734352,0.00253812,0.19949409,1.23751334
1.29364682,1.53270647,0.00310107,0.16529090,0.18186650,0.00259778,0.20223899,1.24916008
1.29964982,1.55228501,0.00318448,0.17123644,0.18583288,0.00264923,0.20436860,1.25953056
1.30565283,1.56923393,0.00325887,0.17692422,0.18915331,0.00269145,0.20585294,1.26829650
1.31165583,1.58315522,0.00332332,0.18226067,0.19174792,0.00272358,0.20667467,1.27518282
1.31765883,1.59371274,0.00337698,0.18715468,0.19354812,0.00274489,0.20682810,1.27996359
1.32366183,1.60062841,0.00341915,0.19151927,0.19449812,0.00275483,0.20631787,1.28245588
1.32966483,1.60367698,0.00344923,0.19527306,0.19455622,0.00275305,0.20515739,1.28251234
1.33566783,1.60268015,0.00346674,0.19834179,0.19369574,0.00273935,0.20336718,1.28001348
1.34167084,1.59750088,0.00347132,0.20065979,0.19190566,0.00271373,0.20097322,1.27486044
1.34767384,1.58803843,0.00346276,0.20217135,0.18919092,0.00267635,0.19800538,1.26696885
1.35367684,1.57422478,0.00344096,0.20283196,0.18557229,0.00262758,0.19449603,1.25626452
1.35967984,1.55602258,0.00340597,0.20260944,0.18108595,0.00256793,0.19047896,1.24268115
1.36568284,1.53342499,0.00335800,0.20148480,0.17578265,0.00249806,0.18598855,1.22616045
1.37168584,1.50645700,0.00329738,0.19945294,0.16972650,0.00241878,0.18105919,1.20665426
1.37768884,1.47517837,0.00322463,0.19652300,0.16299345,0.00233103,0.17572516,1.18412881
1.38369185,1.43968739,0.00314041,0.19271848,0.15566948,0.00223586,0.17002056,1.15857036
1.38969485,1.40012533,0.00304554,0.18807696,0.14784853,0.00213439,0.16397961,1.12999186
1.39569785,1.35668059,0.00294103,0.18264953,0.13963024,0.00202784,0.15763702,1.09843995
1.40170085,1.30959247,0.00282801,0.17649989,0.13111760,0.00191744,0.15102840,1.06400157
1.40770385,1.25915353,0.00270780,0.16970314,0.12241453,0.00180448,0.14419076,1.02680970
1.41370685,1.20571055,0.00258184,0.16234425,0.11362356,0.00169025,0.13716285,0.98704752
1.41970985,1.14966338,0.00245171,0.15451638,0.10484355,0.00157600,0.12998543,0.94495074
1.42571286,1.09146190,0.00231912,0.14631896,0.09616767,0.00146298,0.12270135,0.90080761
1.43171586,1.03160067,0.00218587,0.13785570,0.08768163,0.00135240,0.11535550,0.85495665
1.43771886,0.97061171,0.00205384,0.12923253,0.07946219,0.00124538,0.10799445,0.80778211
1.44372186,0.90905556,0.00192498,0.12055558,0.07157604,0.00114298,0.10066603,0.75970722
1.44972486,0.84751093,0.00180128,0.11192928,0.06407904,0.00104621,0.09341865,0.71118576
1.45572786,0.78656353,0.00168475,0.10345451,0.05701583,0.00095595,0.08630057,0.66269218
1.46173087,0.72679441,0.00157741,0.09522707,0.05041982,0.00087304,0.07935902,0.61471091
1.46773387,0.66876852,0.00148125,0.08733629,0.04431346,0.00079819,0.07263933,0.56772518
1.47373687,0.61302372,0.00139822,0.07986390,0.03870889,0.00073205,0.06618406,0.52220613
1.47973987,0.56006082,0.00133020,0.07288322,0.03360875,0.00067517,0.06003221,0.47860239
1.48574287,0.51033497,0.00127901,0.06645850,0.02900721,0.00062803,0.05421851,0.43733071
1.49174587,0.46424847,0.00124633,0.06064458,0.02489119,0.00059100,0.04877286,0.39876789
1.49774887,0.42214538,0.00123371,0.05548673,0.02124156,0.00056440,0.04371995,0.36324418
1.50375188,0.38430770,0.00124255,0.05102065,0.01803445,0.00054843,0.03907901,0.33103829
1.50975488,0.35095328,0.00127402,0.04727262,0.01524247,0.00054322,0.03486380,0.30237406
1.51575788,0.32223514,0.00132909,0.04425973,0.01283594,0.00054882,0.03108269,0.27741857
1.52176088,0.29824216,0.00140843,0.04199021,0.01078391,0.00056514,0.02773900,0.25628180
1.52776388,0.27900082,0.00151244,0.04046370,0.00905519,0.00059202,0.02483135,0.23901737
1.53376688,0.26447789,0.00164115,0.03967167,0.00761913,0.00062917,0.02235426,0.22562438
1.53976988,0.25458373,0.00179421,0.03959765,0.00644633,0.00067617,0.02029873,0.21605007
1.54577289,0.24917617,0.00197087,0.04021763,0.00550915,0.00073247,0.01865296,0.21019313
1.55177589,0.24806475,0.00216995,0.04150035,0.00478219,0.00079740,0.01740310,0.20790749
1.55777889,0.25101535,0.00238982,0.04340761,0.00424252,0.00087013,0.01653405,0.20900650
1.56378189,0.25775518,0.00262840,0.04589471,0.00386991,0.00094971,0.01603021,0.21326753
1.56978489,0.26797812,0.00288318,0.04891086,0.00364696,0.00103505,0.01587644,0.22043681
1.57578789,0.28135063,0.00315124,0.05239979,0.00355920,0.00112496,0.01605881,0.23023466
1.58179090,0.29751812,0.00342933,0.05630048,0.00359511,0.00121817,0.01656557,0.24236121
1.58779390,0.31611217,0.00371391,0.06054803,0.00374621,0.00131334,0.01738805,0.25650245
1.59379690,0.33675843,0.00400126,0.06507480,0.00400715,0.00140912,0.01852166,0.27233689
1.59979990,0.35908540,0.00428759,0.06981171,0.00437581,0.00150417,0.01996690,0.28954280
1.60580290,0.38273404,0.00456916,0.07468976,0.00485350,0.00159723,0.02173041,0.30780592
1.61180590,0.40736805,0.00484242,0.07964178,0.00544525,0.00168719,0.02382608,0.32682771
1.61780890,0.43268484,0.00510418,0.08460421,0.00616009,0.00177308,0.02627614,0.34633391
1.62381191,0.45842664,0.00535173,0.08951916,0.00701151,0.00185419,0.02911224,0.36608332
1.62981491,0.48439165,0.00558301,0.09433631,0.00801791,0.00193009,0.03237641,0.38587642
1.63581791,0.51044461,0.00579673,0.09901490,0.00920312,0.00200066,0.03612197,0.40556363
1.64182091,0.53652636,0.00599252,0.10352547,0.01059689,0.00206615,0.04041414,0.42505270
1.64782391,0.56266179,0.00617097,0.10785144,0.01223543,0.00212721,0.04533035,0.44431501
1.65382691,0.58896560,0.00633374,0.11199027,0.01416185,0.00218483,0.05096028,0.46339010
1.65982991,0.61564530,0.00648357,0.11595421,0.01642640,0.00224044,0.05740520,0.48238824
1.66583292,0.64300089,0.00662427,0.11977059,0.01908660,0.00229578,0.06477692,0.50149059
1.67183592,0.67142082,0.00676065,0.12348142,0.02220711,0.00235292,0.07319597,0.52094652
1.67783892,0.70137379,0.00689844,0.12714239,0.02585922,0.00241418,0.08278907,0.54106803
1.68384192,0.73339640,0.00704412,0.13082132,0.03011998,0.00248206,0.09368586,0.56222109
1.68984492,0.76807643,0.00720476,0.13459581,0.03507091,0.00255915,0.10601485,0.58481383
1.69584792,0.80603214,0.00738778,0.13855045,0.04079620,0.00264800,0.11989863,0.60928196
1.70185093,0.84788805,0.00760073,0.14277340,0.04738040,0.00275108,0.13544848,0.63607153
1.70785393,0.89424764,0.00785099,0.14735268,0.05490561,0.00287059,0.15275850,0.66561972
1.71385693,0.94566425,0.00814554,0.15237208,0.06344824,0.00300840,0.17189938,0.69833422
1.71985993,1.00261092,0.00849066,0.15790709,0.07307529,0.00316594,0.19291222,0.73457201
1.72586293,1.06545069,0.00889169,0.16402084,0.08384041,0.00334407,0.21580246,0.77461851
1.73186593,1.13440863,0.00935277,0.17076035,0.09577971,0.00354307,0.24053446,0.81866795
1.73786893,1.20954706,0.00987673,0.17815324,0.10890759,0.00376251,0.26702687,0.86680614
1.74387194,1.29074537,0.01046484,0.18620513,0.12321282,0.00400129,0.29514926,0.91899644
1.74987494,1.37768580,0.01111682,0.19489784,0.13865495,0.00425756,0.32472025,0.97506997
1.75587794,1.46984623,0.01183077,0.20418852,0.15516139,0.00452882,0.35550738,1.03472069
1.76188094,1.56650084,0.01260324,0.21400986,0.17262530,0.00481190,0.38722896,1.09750598
1.76788394,1.66672932,0.01342928,0.22427140,0.19090465,0.00510311,0.41955806,1.16285298
1.77388694,1.76943444,0.01430270,0.23486183,0.20982238,0.00539828,0.45212857,1.23007071
1.77988994,1.87336801,0.01521622,0.24565240,0.22916804,0.00569293,0.48454324,1.29836775
1.78589295,1.97716419,0.01616176,0.25650111,0.24870082,0.00598241,0.51638364,1.36687474
1.79189595,2.07937911,0.01713074,0.26725765,0.26815404,0.00626204,0.54722147,1.43467096
1.79789895,2.17853513,0.01811436,0.27776881,0.28724104,0.00652726,0.57663110,1.50081382
1.80390195,2.27316789,0.01910395,0.28788403,0.30566225,0.00677382,0.60420258,1.56436976
1.80990495,2.36187392,0.02009119,0.29746100,0.32311336,0.00699791,0.62955466,1.62444533
1.81590795,2.44335664,0.02106837,0.30637076,0.33929411,0.00719624,0.65234731,1.68021665
1.82191096,2.51646851,0.02202861,0.31450235,0.35391754,0.00736623,0.67229296,1.73095602
1.82791396,2.58024719,0.02296591,0.32176642,0.36671914,0.00750600,0.68916608,1.77605415
1.83391696,2.63394409,0.02387528,0.32809792,0.37746570,0.00761447,0.70281054,1.81503695
1.83991996,2.67704374,0.02475261,0.33345753,0.38596318,0.00769131,0.71314437,1.84757615
1.84592296,2.70927321,0.02559467,0.33783183,0.39206357,0.00773698,0.72016167,1.87349310
1.85192596,2.73060123,0.02639888,0.34123219,0.39567014,0.00775261,0.72393168,1.89275585
1.85792896,2.74122727,0.02716310,0.34369256,0.39674091,0.00773995,0.72459481,1.90546983
1.86393197,2.74156135,0.02788539,0.34526610,0.39529031,0.00770123,0.72235614,1.91186267
1.86993497,2.73219597,0.02856374,0.34602109,0.39138869,0.00763907,0.71747654,1.91226448
1.87593797,2.71387187,0.02919581,0.34603621,0.38516003,0.00755629,0.71026187,1.90708459
1.88194097,2.68743972,0.02977870,0.34539555,0.37677765,0.00745582,0.70105097,1.89678649
1.88794397,2.65381997,0.03030877,0.34418363,0.36645846,0.00734054,0.69020292,1.88186244
1.89394697,2.61396314,0.03078152,0.34248080,0.35445572,0.00721318,0.67808426,1.86280915
1.89994997,2.56881271,0.03119158,0.34035909,0.34105095,0.00707618,0.66505682,1.84010614
1.90595298,2.51927254,0.03153274,0.33787899,0.32654516,0.00693168,0.65146669,1.81419789
1.91195598,2.46618029,0.03179811,0.33508720,0.31124988,0.00678141,0.63763482,1.78548052
1.91795898,2.41028807,0.03198037,0.33201539,0.29547843,0.00662669,0.62384969,1.75429382
1.92396198,2.35225087,0.03207202,0.32868021,0.27953763,0.00646846,0.61036223,1.72091865
1.92996498,2.29262277,0.03206582,0.32508437,0.26372040,0.00630729,0.59738310,1.68557948
1.93596798,2.23186079,0.03195512,0.32121868,0.24829947,0.00614343,0.58508245,1.64845183
1.94197099,2.17033528,0.03173430,0.31706500,0.23352228,0.00597692,0.57359178,1.60967354
1.94797399,2.10834590,0.03139919,0.31259989,0.21960726,0.00580766,0.56300794,1.56935905
1.95397699,2.04614159,0.03094743,0.30779863,0.20674157,0.00563551,0.55339864,1.52761549
1.95997999,1.98394303,0.03037875,0.30263940,0.19508006,0.00546039,0.54480929,1.48455941
1.96598299,1.92196601,0.02969525,0.29710756,0.18474562,0.00528237,0.53727065,1.44033298
1.97198599,1.86044391,0.02890155,0.29119941,0.17583054,0.00510178,0.53080677,1.39511849
1.97798899,1.79964818,0.02800478,0.28492566,0.16839888,0.00491925,0.52544288,1.34915046
1.98399200,1.73990531,0.02701461,0.27831407,0.16248952,0.00473579,0.52121275,1.30272433
1.98999500,1.68160952,0.02594303,0.27141134,0.15811977,0.00455281,0.51816518,1.25620150
1.99599800,1.62523042,0.02480415,0.26428408,0.15528923,0.00437216,0.51636927,1.21001020
2.00200100,1.57131522,0.02361385,0.25701889,0.15398380,0.00419610,0.51591823,1.16464237
2.00800400,1.52048552,0.02238941,0.24972133,0.15417947,0.00402728,0.51693152,1.12064654
2.01400700,1.47342865,0.02114906,0.24251415,0.15584595,0.00386871,0.51955522,1.07861705
2.02001001,1.43088400,0.01991150,0.23553460,0.15894966,0.00372364,0.52396042,1.03918019
2.02601301,1.39362488,0.01869545,0.22893093,0.16345629,0.00359557,0.53033985,1.00297764
2.03201601,1.36243654,0.01751916,0.22285835,0.16933251,0.00348806,0.53890245,0.97064798
2.03801901,1.33809107,0.01639993,0.21747444,0.17654692,0.00340469,0.54986636,0.94280693
2.04402201,1.32132018,0.01535374,0.21293422,0.18507022,0.00334889,0.56345004,0.92002685
2.05002501,1.31278651,0.01439486,0.20938501,0.19487444,0.00332388,0.57986216,0.90281638
2.05602801,1.31305469,0.01353550,0.20696120,0.20593137,0.00333250,0.59929016,0.89160075
2.06203102,1.32256285,0.01278559,0.20577922,0.21821031,0.00337711,0.62188809,0.88670343
2.06803402,1.34159588,0.01215258,0.20593266,0.23167510,0.00345947,0.64776401,0.88832967
2.07403702,1.37026122,0.01164129,0.20748790,0.24628078,0.00358066,0.67696745,0.89655275
2.08004002,1.40846830,0.01125385,0.21048032,0.26196994,0.00374093,0.70947750,0.91130311
2.08604302,1.45591277,0.01098970,0.21491117,0.27866906,0.00393967,0.74519212,0.93236131
2.09204602,1.51206628,0.01084565,0.22074542,0.29628518,0.00417536,0.78391930,0.95935491
2.09804902,1.57617282,0.01081601,0.22791057,0.31470296,0.00444549,0.82537064,0.99175985
2.10405203,1.64725241,0.01089276,0.23629658,0.33378271,0.00474662,0.86915796,1.02890664
2.11005503,1.72411242,0.01106575,0.24575707,0.35335934,0.00507434,0.91479354,1.06999133
2.11605803,1.80536714,0.01132305,0.25611175,0.37324266,0.00542340,0.96169418,1.11409144
2.12206103,1.88946527,0.01165119,0.26715005,0.39321908,0.00578774,1.00918955,1.16018652
2.12806403,1.97472501,0.01203561,0.27863613,0.41305478,0.00616064,1.05653467,1.20718304
2.13406703,2.05937606,0.01246097,0.29031487,0.43250033,0.00653486,1.10292654,1.25394294
2.14007004,2.14160717,0.01291163,0.30191886,0.45129676,0.00690283,1.14752440,1.29931495
2.14607304,2.21961781,0.01337205,0.31317620,0.46918270,0.00725685,1.18947296,1.34216776
2.15207604,2.29167194,0.01382724,0.32381872,0.48590237,0.00758928,1.22792798,1.38142381
2.15807904,2.35615193,0.01426313,0.33359036,0.50121406,0.00789280,1.26208285,1.41609227
2.16408204,2.41161008,0.01466703,0.34225542,0.51489862,0.00816057,1.29119538,1.44530003
2.17008504,2.45681564,0.01502789,0.34960629,0.52676751,0.00838648,1.31461320,1.46831917
2.17608804,2.49079500,0.01533669,0.35547027,0.53666990,0.00856532,1.33179689,1.48458975
2.18209105,2.51286300,0.01558660,0.35971525,0.54449842,0.00869296,1.34233945,1.49373680
2.18809405,2.52264392,0.01577315,0.36225388,0.55019320,0.00876644,1.34598113,1.49558057
2.19409705,2.52008075,0.01589431,0.36304609,0.55374382,0.00878405,1.34261891,1.49013959
2.20010005,2.50543236,0.01595048,0.36209981,0.55518911,0.00874542,1.33231003,1.47762628
2.20610305,2.47925840,0.01594433,0.35946975,0.55461464,0.00865146,1.31526930,1.45843516
2.21210605,2.44239273,0.01588066,0.35525446,0.55214813,0.00850430,1.29186035,1.43312429
2.21810905,2.39590648,0.01576612,0.34959164,0.54795292,0.00830726,1.26258117,1.40239073
2.22411206,2.34106260,0.01560884,0.34265205,0.54221983,0.00806464,1.22804470,1.36704114
2.23011506,2.27926411,0.01541807,0.33463220,0.53515798,0.00778158,1.18895542,1.32795898
2.23611806,2.21199847,0.01520376,0.32574633,0.52698494,0.00746387,1.14608308,1.28606981
2.24212106,2.14078091,0.01497611,0.31621791,0.51791694,0.00711778,1.10023489,1.24230628
2.24812406,2.06709931,0.01474513,0.30627120,0.50815954,0.00674976,1.05222754,1.19757450
2.25412706,1.99236317,0.01452026,0.29612320,0.49789939,0.00636634,1.00286026,1.15272320
2.26013007,1.91785901,0.01430998,0.28597639,0.48729746,0.00597387,0.95289023,1.10851711
2.26613307,1.84471392,0.01412153,0.27601253,0.47648413,0.00557835,0.90301131,1.06561542
2.27213607,1.77386870,0.01396065,0.26638781,0.46555636,0.00518532,0.85383688,1.02455630
2.27813907,1.70606132,0.01383148,0.25722955,0.45457700,0.00479971,0.80588739,0.98574771
2.28414207,1.64182081,0.01373643,0.24863439,0.44357616,0.00442578,0.75958280,0.94946467
2.29014507,1.58147134,0.01367626,0.24066811,0.43255457,0.00406705,0.71523995,0.91585265
2.29614807,1.52514543,0.01365017,0.23336690,0.42148854,0.00372630,0.67307461,0.88493663
2.30215108,1.47280501,0.01365593,0.22673986,0.41033610,0.00340557,0.63320757,0.85663478
2.30815408,1.42426858,0.01369019,0.22077269,0.39904400,0.00310622,0.59567428,0.83077591
2.31415708,1.37924255,0.01374869,0.21543200,0.38755499,0.00282898,0.56043710,0.80711951
2.32016008,1.33735475,0.01382658,0.21067020,0.37581491,0.00257399,0.52739931,0.78537702
2.32616308,1.29818815,0.01391875,0.20643050,0.36377922,0.00234095,0.49642006,0.76523324
2.33216608,1.26131275,0.01402007,0.20265177,0.35141851,0.00212916,0.46732929,0.74636674
2.33816908,1.22631425,0.01412574,0.19927300,0.33872276,0.00193766,0.43994201,0.72846818
2.34417209,1.19281807,0.01423141,0.19623711,0.32570417,0.00176525,0.41407118,0.71125585
2.35017509,1.16050777,0.01433344,0.19349399,0.31239831,0.00161064,0.38953874,0.69448784
2.35617809,1.12913753,0.01442892,0.19100262,0.29886391,0.00147247,0.36618454,0.67797034
2.36218109,1.09853834,0.01451580,0.18873221,0.28518110,0.00134938,0.34387282,0.66156219
2.36818409,1.06861842,0.01459278,0.18666252,0.27144847,0.00124009,0.32249644,0.64517567
2.37418709,1.03935828,0.01465927,0.18478328,0.25777918,0.00114338,0.30197873,0.62877391
2.38019010,1.01080154,0.01471529,0.18309297,0.24429636,0.00105814,0.28227347,0.61236543
2.38619310,0.98304240,0.01476122,0.18159703,0.23112823,0.00098340,0.26336307,0.59599650
2.39219610,0.95621107,0.01479772,0.18030583,0.21840317,0.00091831,0.24525539,0.57974201
2.39819910,0.93045844,0.01482545,0.17923246,0.20624503,0.00086214,0.22797972,0.56369559
2.40420210,0.90594104,0.01484496,0.17839059,0.19476899,0.00081428,0.21158206,0.54795979
2.41020510,0.88280749,0.01485649,0.17779269,0.18407817,0.00077424,0.19612025,0.53263700
2.41620810,0.86118718,0.01485990,0.17744845,0.17426095,0.00074161,0.18165925,0.51782158
2.42221111,0.84118189,0.01485456,0.17736387,0.16538930,0.00071609,0.16826668,0.50359380
2.42821411,0.82286066,0.01483940,0.17754080,0.15751797,0.00069743,0.15600897,0.49001576
2.43421711,0.80625803,0.01481288,0.17797693,0.15068448,0.00068545,0.14494820,0.47712950
2.44022011,0.79137551,0.01477318,0.17866647,0.14490981,0.00068005,0.13513962,0.46495723
2.44622311,0.77818581,0.01471825,0.17960098,0.14019966,0.00068114,0.12662994,0.45350355
2.45222611,0.76663943,0.01464605,0.18077068,0.13654608,0.00068869,0.11945626,0.44275931
2.45822911,0.75667273,0.01455475,0.18216579,0.13392928,0.00070269,0.11364565,0.43270680
2.46423212,0.74821692,0.01444290,0.18377784,0.13231947,0.00072318,0.10921522,0.42332578
2.47023512,0.74120699,0.01430970,0.18560095,0.13167854,0.00075019,0.10617254,0.41459977
2.47623812,0.73559008,0.01415512,0.18763270,0.13196149,0.00078377,0.10451637,0.40652243
2.48224112,0.73133260,0.01398012,0.18987474,0.13311758,0.00082398,0.10423754,0.39910317
2.48824412,0.72842549,0.01378669,0.19233293,0.13509098,0.00087088,0.10531990,0.39237201
2.49424712,0.72688760,0.01357798,0.19501709,0.13782117,0.00092450,0.10774129,0.38638318
2.50025013,0.72676678,0.01335821,0.19794027,0.14124300,0.00098488,0.11147444,0.38121724
2.50625313,0.72813882,0.01313269,0.20111773,0.14528645,0.00105199,0.11648785,0.37698172
2.51225613,0.73110447,0.01290768,0.20456564,0.14987632,0.00112580,0.12274649,0.37381024
2.51825913,0.73578464,0.01269016,0.20829963,0.15493196,0.00120623,0.13021243,0.37186001
2.52426213,0.74231436,0.01248771,0.21233325,0.16036703,0.00129313,0.13884540,0.37130801
2.53026513,0.75083571,0.01230819,0.21667664,0.16608956,0.00138633,0.14860312,0.37234593
2.53626813,0.76149028,0.01215946,0.22133523,0.17200235,0.00148557,0.15944156,0.37517402
2.54227114,0.77441137,0.01204915,0.22630877,0.17800372,0.00159057,0.17131504,0.37999412
2.54827414,0.78971634,0.01198429,0.23159070,0.18398875,0.00170098,0.18417603,0.38700205
2.55427714,0.80749934,0.01197109,0.23716775,0.18985084,0.00181637,0.19797484,0.39637956
2.56028014,0.82782441,0.01201464,0.24301992,0.19548376,0.00193630,0.21265894,0.40828605
2.56628314,0.85071924,0.01211866,0.24912062,0.20078383,0.00206024,0.22817202,0.42285024
2.57228614,0.87616943,0.01228536,0.25543705,0.20565237,0.00218762,0.24445265,0.44016198
2.57828914,0.90411335,0.01251520,0.26193062,0.20999809,0.00231781,0.26143270,0.46026440
2.58429215,0.93443750,0.01280685,0.26855740,0.21373940,0.00245012,0.27903544,0.48314665
2.59029515,0.96697239,0.01315711,0.27526843,0.21680645,0.00258378,0.29717335,0.50873738
2.59629815,1.00148912,0.01356089,0.28200994,0.21914274,0.00271796,0.31574593,0.53689931
2.60230115,1.03769665,0.01401129,0.28872336,0.22070632,0.00285176,0.33463743,0.56742511
2.60830415,1.07524002,0.01449967,0.29534521,0.22147035,0.00298415,0.35371485,0.60003494
2.61430715,1.11369984,0.01501589,0.30180680,0.22142313,0.00311404,0.37282630,0.63437586
2.62031016,1.15259337,0.01554844,0.30803396,0.22056751,0.00324024,0.39180007,0.67002347
2.62631316,1.19137746,0.01608477,0.31394674,0.21891985,0.00336145,0.41044436,0.70648596
2.63231616,1.22945389,0.01661156,0.31945936,0.21650845,0.00347627,0.42854823,0.74321076
2.63831916,1.26617708,0.01711511,0.32448039,0.21337169,0.00358326,0.44588351,0.77959385
2.64432216,1.30086468,0.01758164,0.32891342,0.20955603,0.00368089,0.46220813,0.81499168
2.65032516,1.33281084,0.01799774,0.33265814,0.20511379,0.00376761,0.47727058,0.84873548
2.65632816,1.36130211,0.01835072,0.33561208,0.20010114,0.00384188,0.49081564,0.88014770
2.66233117,1.38563557,0.01862899,0.33767284,0.19457616,0.00390219,0.50259118,0.90856009
2.66833417,1.40513877,0.01882242,0.33874093,0.18859723,0.00394716,0.51235579,0.93333272
2.67433717,1.41919068,0.01892263,0.33872301,0.18222168,0.00397552,0.51988690,0.95387342
2.68034017,1.42724276,0.01892326,0.33753546,0.17550489,0.00398621,0.52498911,0.96965667
2.68634317,1.42883940,0.01882018,0.33510812,0.16849970,0.00397840,0.52750236,0.98024124
2.69234617,1.42363640,0.01861158,0.33138791,0.16125617,0.00395158,0.52730939,0.98528572
2.69834917,1.41141689,0.01829808,0.32634220,0.15382162,0.00390553,0.52434223,0.98456126
2.70435218,1.39210354,0.01788263,0.31996168,0.14624097,0.00384043,0.51858737,0.97796082
2.71035518,1.36576642,0.01737046,0.31226255,0.13855706,0.00375680,0.51008924,0.96550456
2.71635818,1.33262610,0.01676887,0.30328783,0.13081124,0.00365557,0.49895177,0.94734095
2.72236118,1.29305149,0.01608700,0.29310774,0.12304374,0.00353802,0.48533813,0.92374362
2.72836418,1.24755270,0.01533553,0.28181901,0.11529411,0.00340582,0.46946832,0.89510406
2.73436718,1.19676895,0.01452635,0.26954318,0.10760142,0.00326094,0.45161499,0.86192048
2.74037019,1.14145215,0.01367218,0.25642398,0.10000436,0.00310563,0.43209753,0.82478331
2.74637319,1.08244695,0.01278620,0.24262381,0.09254109,0.00294240,0.41127465,0.78435808
2.75237619,1.02066801,0.01188172,0.22831951,0.08524898,0.00277391,0.38953596,0.74136648
2.75837919,0.95707567,0.01097180,0.21369771,0.07816417,0.00260293,0.36729271,0.69656626
2.76438219,0.89265094,0.01006893,0.19894987,0.07132097,0.00243228,0.34496818,0.65073103
2.77038519,0.82837093,0.00918481,0.18426724,0.06475131,0.00226476,0.32298810,0.60463066
2.77638819,0.76518562,0.00833008,0.16983601,0.05848402,0.00210309,0.30177126,0.55901291
2.78239120,0.70399674,0.00751418,0.15583284,0.05254427,0.00194985,0.28172089,0.51458715
2.78839420,0.64563956,0.00674526,0.14242086,0.04695304,0.00180743,0.26321665,0.47201025
2.79439720,0.59086773,0.00603008,0.12974634,0.04172667,0.00167800,0.24660775,0.43187533
2.80040020,0.54034175,0.00537405,0.11793611,0.03687666,0.00156346,0.23220695,0.39470311
2.80640320,0.49462073,0.00478125,0.10709572,0.03240953,0.00146543,0.22028576,0.36093617
2.81240620,0.45415766,0.00425451,0.09730834,0.02832694,0.00138520,0.21107050,0.33093565
2.81840920,0.41929753,0.00379552,0.08863446,0.02462591,0.00132374,0.20473939,0.30498040
2.82441221,0.39027821,0.00340489,0.08111219,0.02129922,0.00128170,0.20142052,0.28326799
2.83041521,0.36723344,0.00308237,0.07475815,0.01833599,0.00125937,0.20119046,0.26591730
2.83641821,0.35019750,0.00282688,0.06956884,0.01572228,0.00125674,0.20407361,0.25297234
2.84242121,0.33911114,0.00263666,0.06552245,0.01344182,0.00127343,0.21004218,0.24440680
2.84842421,0.33382834,0.00250939,0.06258080,0.01147680,0.00130879,0.21901670,0.24012912
2.85442721,0.33412355,0.00244224,0.06069165,0.00980860,0.00136181,0.23086718,0.23998777
2.86043022,0.33969932,0.00243193,0.05979096,0.00841866,0.00143123,0.24541485,0.24377656
2.86643322,0.35019399,0.00247483,0.05980534,0.00728914,0.00151550,0.26243473,0.25124001
2.87243622,0.36518961,0.00256692,0.06065436,0.00640370,0.00161281,0.28165895,0.26207855
2.87843922,0.38422007,0.00270385,0.06225295,0.00574814,0.00172114,0.30278112,0.27595393
2.88444222,0.40677949,0.00288092,0.06451364,0.00531099,0.00183826,0.32546163,0.29249462
2.89044522,0.43233107,0.00309312,0.06734878,0.00508404,0.00196181,0.34933422,0.31130165
2.89644822,0.46031659,0.00333512,0.07067262,0.00506287,0.00208928,0.37401362,0.33195480
2.90245123,0.49016647,0.00360126,0.07440328,0.00524721,0.00221812,0.39910439,0.35401941
2.90845423,0.52131064,0.00388562,0.07846461,0.00564130,0.00234575,0.42421082,0.37705390
2.91445723,0.55319013,0.00418204,0.08278782,0.00625422,0.00246966,0.44894765,0.40061790
2.92046023,0.58526908,0.00448419,0.08731297,0.00710009,0.00258740,0.47295153,0.42428113
2.92646323,0.61704730,0.00478564,0.09199022,0.00819825,0.00269673,0.49589273,0.44763271
2.93246623,0.64807260,0.00507999,0.09678074,0.00957333,0.00279560,0.51748676,0.47029084
2.93846923,0.67795293,0.00536095,0.10165743,0.01125526,0.00288227,0.53750552,0.49191246
2.94447224,0.70636748,0.00562248,0.10660511,0.01327914,0.00295532,0.55578739,0.51220259
2.95047524,0.73307649,0.00585894,0.11162049,0.01568503,0.00301372,0.57224586,0.53092289
2.95647824,0.75792903,0.00606522,0.11671164,0.01851750,0.00305687,0.58687618,0.54789908
2.96248124,0.78086842,0.00623687,0.12189702,0.02182505,0.00308459,0.59975951,0.56302676
2.96848424,0.80193470,0.00637024,0.12720417,0.02565935,0.00309718,0.61106438,0.57627526
2.97448724,0.82126388,0.00646253,0.13266793,0.03007419,0.00309539,0.62104491,0.58768911
2.98049025,0.83908373,0.00651193,0.13832838,0.03512418,0.00308040,0.63003585,0.59738709
2.98649325,0.85570593,0.00651763,0.14422845,0.04086322,0.00305380,0.63844417,0.60555839
2.99249625,0.87151478,0.00647984,0.15041132,0.04734269,0.00301754,0.64673741,0.61245623
2.99849925,0.88695263,0.00639980,0.15691773,0.05460935,0.00297386,0.65542893,0.61838877
3.00450225,0.90250240,0.00627969,0.16378325,0.06270304,0.00292523,0.66506052,0.62370767
3.01050525,0.91866792,0.00612256,0.17103561,0.07165422,0.00287428,0.67618269,0.62879469
3.01650825,0.93595255,0.00593224,0.17869233,0.08148133,0.00282366,0.68933353,0.63404677
3.02251126,0.95483711,0.00571319,0.18675850,0.09218819,0.00277601,0.70501659,0.63986011
3.02851426,0.97575792,0.00547035,0.19522505,0.10376137,0.00273386,0.72367891,0.64661410
3.03451726,0.99908585,0.00520899,0.20406750,0.11616787,0.00269948,0.74568977,0.65465547
3.04052026,1.02510733,0.00493454,0.21324523,0.12935304,0.00267490,0.77132128,0.66428368
3.04652326,1.05400823,0.00465244,0.22270131,0.14323897,0.00266173,0.80073163,0.67573789
3.05252626,1.08586133,0.00436800,0.23236299,0.15772351,0.00266119,0.83395171,0.68918636
3.05852926,1.12061800,0.00408627,0.24214282,0.17267997,0.00267401,0.87087595,0.70471856
3.06453227,1.15810461,0.00381191,0.25194032,0.18795775,0.00270045,0.91125785,0.72234051
3.07053527,1.19802394,0.00354913,0.26164424,0.20338378,0.00274025,0.95471062,0.74197346
3.07653827,1.23996155,0.00330162,0.27113529,0.21876503,0.00279263,1.00071315,0.76345605
3.08254127,1.28339700,0.00307253,0.28028930,0.23389192,0.00285640,1.04862120,0.78654979
3.08854427,1.32771948,0.00286442,0.28898064,0.24854275,0.00292990,1.09768352,0.81094761
3.09454727,1.37224721,0.00267930,0.29708582,0.26248890,0.00301113,1.14706246,0.83628513
3.10055028,1.41624978,0.00251865,0.30448718,0.27550075,0.00309780,1.19585825,0.86215391
3.10655328,1.45897255,0.00238345,0.31107641,0.28735409,0.00318740,1.24313606,0.88811636
3.11255628,1.49966189,0.00227424,0.31675792,0.29783683,0.00327734,1.28795473,0.91372128
3.11855928,1.53759033,0.00219118,0.32145181,0.30675561,0.00336497,1.32939603,0.93851948
3.12456228,1.57208042,0.00213405,0.32509636,0.31394224,0.00344771,1.36659315,0.96207876
3.13056528,1.60252625,0.00210240,0.32765000,0.31925947,0.00352315,1.39875734,0.98399755
3.13656828,1.62841191,0.00209550,0.32909253,0.32260599,0.00358910,1.42520153,1.00391662
3.14257129,1.64932604,0.00211245,0.32942579,0.32392031,0.00364364,1.44535994,1.02152856
3.14857429,1.66497204,0.00215219,0.32867347,0.32318334,0.00368524,1.45880309,1.03658465
3.15457729,1.67517379,0.00221353,0.32688036,0.32041966,0.00371273,1.46524755,1.04889899
3.16058029,1.67987682,0.00229519,0.32411092,0.31569724,0.00372535,1.46456025,1.05835000
3.16658329,1.67914521,0.00239579,0.32044730,0.30912571,0.00372277,1.45675747,1.06487953
3.17258629,1.67315482,0.00251393,0.31598697,0.30085325,0.00370507,1.44199882,1.06848979
3.17858929,1.66218340,0.00264814,0.31084004,0.29106228,0.00367271,1.42057661,1.06923864
3.18459230,1.64659843,0.00279696,0.30512644,0.27996406,0.00362654,1.39290164,1.06723378
3.19059530,1.62684359,0.00295893,0.29897304,0.26779253,0.00356771,1.35948611,1.06262622
3.19659830,1.60342463,0.00313267,0.29251100,0.25479768,0.00349769,1.32092474,1.05560371
3.20260130,1.57689548,0.00331687,0.28587325,0.24123865,0.00341817,1.27787505,1.04638449
3.20860430,1.54784524,0.00351038,0.27919234,0.22737698,0.00333103,1.23103791,1.03521167
3.21460730,1.51688660,0.00371224,0.27259872,0.21347018,0.00323834,1.18113905,1.02234862
3.22061031,1.48464593,0.00392171,0.26621934,0.19976589,0.00314224,1.12891237,1.00807533
3.22661331,1.45175517,0.00413840,0.26017662,0.18649688,0.00304499,1.07508564,0.99268577
3.23261631,1.41884545,0.00436221,0.25458781,0.17387684,0.00294887,1.02036884,0.97648616
3.23861931,1.38654219,0.00459348,0.24956455,0.16209738,0.00285623,0.96544537,0.95979379
3.24462231,1.35546126,0.00483292,0.24521249,0.15132585,0.00276938,0.91096613,0.94293613
3.25062531,1.32620570,0.00508169,0.24163104,0.14170429,0.00269067,0.85754612,0.92624991
3.25662831,1.29936266,0.00534140,0.23891298,0.13334931,0.00262239,0.80576342,0.91007971
3.26263132,1.27549990,0.00561402,0.23714380,0.12635269,0.00256683,0.75616000,0.89477590
3.26863432,1.25516161,0.00590193,0.23640094,0.12078276,0.00252620,0.70924383,0.88069155
3.27463732,1.23886325,0.00620777,0.23675256,0.11668629,0.00250266,0.66549180,0.86817834
3.28064032,1.22708531,0.00653444,0.23825605,0.11409062,0.00249830,0.62535303,0.85758127
3.28664332,1.22026597,0.00688496,0.24095636,0.11300615,0.00251507,0.58925183,0.84923249
3.29264632,1.21879303,0.00726238,0.24488395,0.11342874,0.00255481,0.55759025,0.84344424
3.29864932,1.22299531,0.00766967,0.25005282,0.11534206,0.00261917,0.53074953,0.84050144
3.30465233,1.23313400,0.00810961,0.25645845,0.11871971,0.00270960,0.50909053,0.84065415
3.31065533,1.24939462,0.00858471,0.26407608,0.12352703,0.00282729,0.49295276,0.84411043
3.31665833,1.27187991,0.00909706,0.27285920,0.12972253,0.00297318,0.48265201,0.85102990
3.32266133,1.30060439,0.00964830,0.28273871,0.13725890,0.00314785,0.47847673,0.86151858
3.32866433,1.33549083,0.01023950,0.29362260,0.14608356,0.00335156,0.48068308,0.87562508
3.33466733,1.37636906,0.01087116,0.30539641,0.15613885,0.00358416,0.48948893,0.89333862
3.34067034,1.42297730,0.01154311,0.31792460,0.16736172,0.00384511,0.50506704,0.91458877
3.34667334,1.47496594,0.01225452,0.33105259,0.17968324,0.00413345,0.52753763,0.93924704
3.35267634,1.53190377,0.01300389,0.34460971,0.19302772,0.00444782,0.55696070,0.96713015
3.35867934,1.59328617,0.01378902,0.35841282,0.20731181,0.00478643,0.59332840,0.99800474
3.36468234,1.65854516,0.01460707,0.37227052,0.22244344,0.00514712,0.63655781,1.03159319
3.37068534,1.72706045,0.01545446,0.38598779,0.23832094,0.00552735,0.68648447,1.06758024
3.37668834,1.79817126,0.01632700,0.39937087,0.25483233,0.00592430,0.74285698,1.10561992
3.38269135,1.87118812,0.01721982,0.41223214,0.27185487,0.00633483,0.80533307,1.14534240
3.38869435,1.94540434,0.01812736,0.42439483,0.28925507,0.00675563,0.87347725,1.18636058
3.39469735,2.02010644,0.01904344,0.43569729,0.30688923,0.00718318,0.94676052,1.22827578
3.40070035,2.09458347,0.01996123,0.44599672,0.32460439,0.00761389,1.02456207,1.27068271
3.40670335,2.16813469,0.02087324,0.45517211,0.34223995,0.00804409,1.10617328,1.31317329
3.41270635,2.24007574,0.02177138,0.46312633,0.35962976,0.00847014,1.19080398,1.35533951
3.41870935,2.30974315,0.02264700,0.46978727,0.37660469,0.00888843,1.27759088,1.39677532
3.42471236,2.37649736,0.02349091,0.47510802,0.39299557,0.00929544,1.36560811,1.43707773
3.43071536,2.43972455,0.02429354,0.47906608,0.40863639,0.00968777,1.45387971,1.47584737
3.43671836,2.49883750,0.02504500,0.48166172,0.42336757,0.01006220,1.54139359,1.51268883
3.44272136,2.55327587,0.02573526,0.48291559,0.43703915,0.01041563,1.62711691,1.54721097
3.44872436,2.60250630,0.02635432,0.48286570,0.44951378,0.01074516,1.71001231,1.57902761
3.45472736,2.64602274,0.02689244,0.48156402,0.46066931,0.01104808,1.78905459,1.60775878
3.46073037,2.68334729,0.02734038,0.47907280,0.47040089,0.01132184,1.86324758,1.63303282
3.46673337,2.71403187,0.02768961,0.47546091,0.47862242,0.01156412,1.93164066,1.65448940
3.47273637,2.73766104,0.02793260,0.47080038,0.48526746,0.01177274,1.99334467,1.67178359
3.47873937,2.75385600,0.02806306,0.46516327,0.49028944,0.01194575,2.04754682,1.68459095
3.48474237,2.76227989,0.02807619,0.45861911,0.49366133,0.01208138,2.09352435,1.69261358
3.49074537,2.76264437,0.02796882,0.45123298,0.49537484,0.01217809,2.13065684,1.69558689
3.49674837,2.75471732,0.02773966,0.44306433,0.49543930,0.01223458,2.15843672,1.69328702
3.50275138,2.73833142,0.02738933,0.43416669,0.49388031,0.01224981,2.17647822,1.68553847
3.50875438,2.71339336,0.02692047,0.42458801,0.49073843,0.01222304,2.18452433,1.67222172
3.51475738,2.67989330,0.02633772,0.41437191,0.48606803,0.01215390,2.18245202,1.65328052
3.52076038,2.63791410,0.02564766,0.40355952,0.47993629,0.01204238,2.17027535,1.62872845
3.52676338,2.58763990,0.02485869,0.39219182,0.47242276,0.01188893,2.14814676,1.59865449
3.53276638,2.52936363,0.02398084,0.38031245,0.46361917,0.01169448,2.11635620,1.56322728
3.53876938,2.46349274,0.02302562,0.36797064,0.45362971,0.01146049,2.07532828,1.52269781
3.54477239,2.39055307,0.02200569,0.35522419,0.44257173,0.01118895,2.02561729,1.47740037
3.55077539,2.31119006,0.02093466,0.34214231,0.43057650,0.01088247,1.96790006,1.42775157
3.55677839,2.22616725,0.01982675,0.32880803,0.41779028,0.01054422,1.90296679,1.37424737
3.56278139,2.13636180,0.01869655,0.31532021,0.40437507,0.01017795,1.83170969,1.31745822
3.56878439,2.04275678,0.01755875,0.30179482,0.39050927,0.00978797,1.75510969,1.25802216
3.57478739,1.94643032,0.01642784,0.28836556,0.37638768,0.00937909,1.67422120,1.19663624
3.58079040,1.84854179,0.01531794,0.27518361,0.36222093,0.00895655,1.59015534,1.13404633
3.58679340,1.75031515,0.01424257,0.26241665,0.34823409,0.00852596,1.50406169,1.07103558
3.59279640,1.65301989,0.01321450,0.25024699,0.33466437,0.00809317,1.41710910,1.00841189
3.59879940,1.55795003,0.01224562,0.23886898,0.32175785,0.00766417,1.33046584,0.94699458
3.60480240,1.46640166,0.01134684,0.22848572,0.30976533,0.00724496,1.24527964,0.88760069
3.61080540,1.37964965,0.01052803,0.21930526,0.29893729,0.00684142,1.16265804,0.83103129
3.61680840,1.29892410,0.00979798,0.21153622,0.28951816,0.00645917,1.08364955,0.77805785
3.62281141,1.22538719,0.00916436,0.20538320,0.28174005,0.00610344,1.00922614,0.72940929
3.62881441,1.16011094,0.00863374,0.20104191,0.27581616,0.00577896,0.94026746,0.68575971
3.63481741,1.10405646,0.00821158,0.19869432,0.27193416,0.00548982,0.87754711,0.64771705
3.64082041,1.05805516,0.00790222,0.19850385,0.27024979,0.00523940,0.82172145,0.61581292
3.64682341,1.02279223,0.00770892,0.20061075,0.27088086,0.00503026,0.77332090,0.59049366
3.65282641,0.99879285,0.00763382,0.20512782,0.27390212,0.00486412,0.73274417,0.57211267
3.65882941,0.98641125,0.00767800,0.21213657,0.27934095,0.00474178,0.70025524,0.56092415
3.66483242,0.98582283,0.00784142,0.22168382,0.28717429,0.00466317,0.67598316,0.55707823
3.67083542,0.99701950,0.00812292,0.23377897,0.29732692,0.00462731,0.65992459,0.56061758
3.67683842,1.01980820,0.00852023,0.24839189,0.30967108,0.00463237,0.65194885,0.57147545
3.68284142,1.05381274,0.00902995,0.26545151,0.32402762,0.00467576,0.65180528,0.58947529
3.68884442,1.09847888,0.00964752,0.28484525,0.34016869,0.00475419,0.65913278,0.61433198
3.69484742,1.15308255,0.01036723,0.30641918,0.35782175,0.00486374,0.67347102,0.64565466
3.70085043,1.21674135,0.01118223,0.32997909,0.37667502,0.00500006,0.69427329,0.68295139
3.70685343,1.28842887,0.01208454,0.35529240,0.39638412,0.00515841,0.72092045,0.72563558
3.71285643,1.36699210,0.01306510,0.38209089,0.41657964,0.00533384,0.75273589,0.77303435
3.71885943,1.45117132,0.01411382,0.41007439,0.43687560,0.00552134,0.78900100,0.82439876
3.72486243,1.53962254,0.01521967,0.43891515,0.45687837,0.00571593,0.82897096,0.87891591
3.73086543,1.63094194,0.01637075,0.46826312,0.47619593,0.00591283,0.87189044,0.93572289
3.73686843,1.72369198,0.01755445,0.49775182,0.49444705,0.00610756,0.91700901,0.99392230
3.74287144,1.81642869,0.01875760,0.52700480,0.51127032,0.00629603,0.96359580,1.05259916
3.74887444,1.90772948,0.01996659,0.55564266,0.52633253,0.00647469,1.01095322,1.11083877
3.75487744,1.99622095,0.02116758,0.58329024,0.53933630,0.00664054,1.05842935,1.16774528
3.76088044,2.08060586,0.02234668,0.60958406,0.55002677,0.00679120,1.10542876,1.22246018
3.76688344,2.15968859,0.02349014,0.63417961,0.55819696,0.00692496,1.15142149,1.27418043
3.77288644,2.23239828,0.02458457,0.65675847,0.56369197,0.00704075,1.19594990,1.32217539
3.77888944,2.29780899,0.02561711,0.67703483,0.56641153,0.00713817,1.23863328,1.36580214
3.78489245,2.35515611,0.02657565,0.69476150,0.56631126,0.00721742,1.27917002,1.40451842
3.79089545,2.40384848,0.02744897,0.70973483,0.56340219,0.00727928,1.31733731,1.43789285
3.79689845,2.44347572,0.02822696,0.72179873,0.55774900,0.00732499,1.35298826,1.46561186
3.80290145,2.47381055,0.02890073,0.73084742,0.54946674,0.00735623,1.38604675,1.48748308
3.80890445,2.49480579,0.02946274,0.73682681,0.53871633,0.00737496,1.41649981,1.50343502
3.81490745,2.50658634,0.02990695,0.73973453,0.52569892,0.00738339,1.44438819,1.51351296
3.82091046,2.50943622,0.03022886,0.73961852,0.51064943,0.00738378,1.46979508,1.51787131
3.82691346,2.50378123,0.03042562,0.73657425,0.49382930,0.00737843,1.49283366,1.51676266
3.83291646,2.49016796,0.03049601,0.73074064,0.47551888,0.00736950,1.51363383,1.51052401
3.83891946,2.46923983,0.03044051,0.72229485,0.45600964,0.00735897,1.53232876,1.49956083
3.84492246,2.44171143,0.03026125,0.71144612,0.43559637,0.00734849,1.54904180,1.48432961
3.85092546,2.40834192,0.02996198,0.69842895,0.41456984,0.00733938,1.56387433,1.46531973
3.85692846,2.36990882,0.02954800,0.68349583,0.39320982,0.00733252,1.57689536,1.44303541
3.86293147,2.32718337,0.02902609,0.66690988,0.37177901,0.00732835,1.58813316,1.41797864
3.86893447,2.28090824,0.02840438,0.64893766,0.35051781,0.00732681,1.59756975,1.39063369
3.87493747,2.23177887,0.02769223,0.62984244,0.32964015,0.00732740,1.60513840,1.36145412
3.88094047,2.18042888,0.02690007,0.60987827,0.30933043,0.00732916,1.61072458,1.33085252
3.88694347,2.12742030,0.02603926,0.58928496,0.28974169,0.00733076,1.61417044,1.29919356
3.89294647,2.07323880,0.02512189,0.56828421,0.27099490,0.00733056,1.61528271,1.26679046
3.89894947,2.01829388,0.02416062,0.54707703,0.25317942,0.00732665,1.61384384,1.23390490
3.90495248,1.96292380,0.02316847,0.52584228,0.23635440,0.00731704,1.60962582,1.20075006
3.91095548,1.90740461,0.02215867,0.50473664,0.22055112,0.00729970,1.60240612,1.16749654
3.91695848,1.85196255,0.02114443,0.48389550,0.20577607,0.00727271,1.59198490,1.13428049
3.92296148,1.79678863,0.02013881,0.46343486,0.19201452,0.00723434,1.57820253,1.10121333
3.92896448,1.74205448,0.01915450,0.44345394,0.17923442,0.00718322,1.56095644,1.06839219
3.93496748,1.68792801,0.01820372,0.42403819,0.16739052,0.00711837,1.54021613,1.03591037
3.94097049,1.63458781,0.01729798,0.40526243,0.15642832,0.00703932,1.51603556,1.00386694
3.94697349,1.58223508,0.01644803,0.38719386,0.14628790,0.00694614,1.48856175,0.97237473
3.95297649,1.53110221,0.01566366,0.36989473,0.13690728,0.00683951,1.45803906,0.94156608
3.95897949,1.48145712,0.01495359,0.35342426,0.12822535,0.00672069,1.42480857,0.91159596
3.96498249,1.43360310,0.01432540,0.33783988,0.12018417,0.00659149,1.38930220,0.88264201
3.97098549,1.38787382,0.01378539,0.32319752,0.11273064,0.00645425,1.35203192,0.85490153
3.97698849,1.34462394,0.01333850,0.30955103,0.10581760,0.00631175,1.31357405,0.82858557
3.98299150,1.30421555,0.01298829,0.29695060,0.09940426,0.00616710,1.27454956,0.80391033
3.98899450,1.26700156,0.01273683,0.28544063,0.09345609,0.00602364,1.23560115,0.78108654
3.99499750,1.23330685,0.01258475,0.27505683,0.08794428,0.00588482,1.19736831,0.76030741
4.00100050,1.20340859,0.01253124,0.26582312,0.08284484,0.00575403,1.16046156,0.74173605
4.00700350,1.17751695,0.01257404,0.25774835,0.07813747,0.00563454,1.12543724,0.72549303
4.01300650,1.15575760,0.01270961,0.25082332,0.07380426,0.00552931,1.09277428,0.71164518
4.01900950,1.13815723,0.01293321,0.24501820,0.06982847,0.00544094,1.06285405,0.70019626
4.02501251,1.12463309,0.01323905,0.24028070,0.06619332,0.00537156,1.03594450,0.69108024
4.03101551,1.11498762,0.01362053,0.23653516,0.06288106,0.00532277,1.01218939,0.68415785
4.03701851,1.10890836,0.01407044,0.23368272,0.05987220,0.00529561,0.99160320,0.67921661
4.04302151,1.10597374,0.01458123,0.23160260,0.05714504,0.00529056,0.97407201,0.67597453
4.04902451,1.10566425,0.01514524,0.23015457,0.05467561,0.00530750,0.95936021,0.67408753
4.05502751,1.10737873,0.01575502,0.22918248,0.05243772,0.00534582,0.94712270,0.67316012
4.06103052,1.11045490,0.01640354,0.22851872,0.05040345,0.00540440,0.93692187,0.67275890
4.06703352,1.11419304,0.01708443,0.22798942,0.04854377,0.00548173,0.92824846,0.67242827
4.07303652,1.11788162,0.01779214,0.22742013,0.04682932,0.00557594,0.92054507,0.67170751
4.07903952,1.12082354,0.01852208,0.22664173,0.04523135,0.00568490,0.91323122,0.67014831
4.08504252,1.12236149,0.01927065,0.22549618,0.04372260,0.00580629,0.90572855,0.66733193
4.09104552,1.12190125,0.02003520,0.22384196,0.04227816,0.00593764,0.89748492,0.66288510
4.09704852,1.11893171,0.02081399,0.22155879,0.04087630,0.00607644,0.88799636,0.65649382
4.10305153,1.11304061,0.02160591,0.21855150,0.03949904,0.00622011,0.87682573,0.64791448
4.10905453,1.10392545,0.02241030,0.21475279,0.03813258,0.00636608,0.86361753,0.63698170
4.11505753,1.09139908,0.02322664,0.21012490,0.03676755,0.00651180,0.84810813,0.62361274
4.12106053,1.07538998,0.02405415,0.20465988,0.03539894,0.00665475,0.83013136,0.60780815
4.12706353,1.05593754,0.02489149,0.19837881,0.03402595,0.00679240,0.80961945,0.58964904
4.13306653,1.03318272,0.02573636,0.19132982,0.03265159,0.00692228,0.78659958,0.56929094
4.13906953,1.00735514,0.02658523,0.18358503,0.03128210,0.00704190,0.76118657,0.54695500
4.14507254,0.97875727,0.02743299,0.17523684,0.02992632,0.00714880,0.73357237,0.52291689
4.15107554,0.94774697,0.02827286,0.16639352,0.02859504,0.00724054,0.70401322,0.49749416
4.15707854,0.91471941,0.02909624,0.15717448,0.02730022,0.00731474,0.67281531,0.47103284
4.16308154,0.88008946,0.02989274,0.14770546,0.02605441,0.00736906,0.64031977,0.44389384
4.16908454,0.84427540,0.03065034,0.13811385,0.02487014,0.00740132,0.60688791,0.41643999
4.17508754,0.80768492,0.03135564,0.12852436,0.02375959,0.00740946,0.57288741,0.38902428
4.18109055,0.77070386,0.03199421,0.11905520,0.02273428,0.00739171,0.53868003,0.36197971
4.18709355,0.73368817,0.03255111,0.10981499,0.02180509,0.00734658,0.50461139,0.33561134
4.19309655,0.69695921,0.03301135,0.10090039,0.02098240,0.00727297,0.47100305,0.31019053
4.19909955,0.66080235,0.03336056,0.09239456,0.02027652,0.00717025,0.43814701,0.28595169
4.20510255,0.62546865,0.03358554,0.08436646,0.01969821,0.00703828,0.40630265,0.26309129
4.21110555,0.59117921,0.03367492,0.07687093,0.01925954,0.00687752,0.37569596,0.24176926
4.21710855,0.55813153,0.03361968,0.06994940,0.01897475,0.00668901,0.34652075,0.22211216
4.22311156,0.52650754,0.03341367,0.06363131,0.01886132,0.00647444,0.31894146,0.20421813
4.22911456,0.49648239,0.03305401,0.05793593,0.01894107,0.00623609,0.29309732,0.18816293
4.23511756,0.46823346,0.03254139,0.05287450,0.01924129,0.00597685,0.26910731,0.17400685
4.24112056,0.44194904,0.03188020,0.04845262,0.01979582,0.00570015,0.24707549,0.16180190
4.24712356,0.41783602,0.03107860,0.04467260,0.02064606,0.00540988,0.22709646,0.15159890
4.25312656,0.39612616,0.03014837,0.04153581,0.02184178,0.00511035,0.20926051,0.14345408
4.25912956,0.37708065,0.02910470,0.03904478,0.02344178,0.00480614,0.19365815,0.13743481
4.26513257,0.36099254,0.02796581,0.03720499,0.02551417,0.00450202,0.18038387,0.13362406
4.27113557,0.34818695,0.02675250,0.03602633,0.02813646,0.00420287,0.16953897,0.13212354
4.27713857,0.33901899,0.02548761,0.03552406,0.03139512,0.00391353,0.16123323,0.13305510
4.28314157,0.33386929,0.02419539,0.03571938,0.03538486,0.00363872,0.15558556,0.13656042
4.28914457,0.33313735,0.02290091,0.03663945,0.04020739,0.00338292,0.15272350,0.14279889
4.29514757,0.33723276,0.02162939,0.03831697,0.04596976,0.00315036,0.15278163,0.15194377
4.30115058,0.34656452,0.02040557,0.04078932,0.05278219,0.00294486,0.15589901,0.16417660
4.30715358,0.36152887,0.01925313,0.04409732,0.06075559,0.00276984,0.16221581,0.17968014
4.31315658,0.38249584,0.01819413,0.04828358,0.06999853,0.00262828,0.17186919,0.19863010
4.31915958,0.40979500,0.01724857,0.05339072,0.08061409,0.00252264,0.18498862,0.22118581
4.32516258,0.44370096,0.01643398,0.05945931,0.09269628,0.00245493,0.20169097,0.24748042
4.33116558,0.48441906,0.01576512,0.06652576,0.10632648,0.00242664,0.22207540,0.27761084
4.33716858,0.53207182,0.01525375,0.07462029,0.12156978,0.00243880,0.24621844,0.31162802
4.34317159,0.58668687,0.01490852,0.08376490,0.13847152,0.00249195,0.27416939,0.34952793
4.34917459,0.64818682,0.01473493,0.09397164,0.15705406,0.00258622,0.30594638,0.39124389
4.35517759,0.71638166,0.01473536,0.10524117,0.17731392,0.00272129,0.34153309,0.43664046
4.36118059,0.79096431,0.01490918,0.11756159,0.19921957,0.00289647,0.38087658,0.48550953
4.36718359,0.87150951,0.01525293,0.13090780,0.22270971,0.00311070,0.42388617,0.53756883
4.37318659,0.95747662,0.01576054,0.14524120,0.24769242,0.00336261,0.47043342,0.59246307
4.37918959,1.04821616,0.01642363,0.16050990,0.27404507,0.00365049,0.52035341,0.64976797
4.38519260,1.14298024,0.01723174,0.17664930,0.30161495,0.00397237,0.57344703,0.70899694
4.39119560,1.24093649,0.01817270,0.19358310,0.33022092,0.00432599,0.62948430,0.76961053
4.39719860,1.34118518,0.01923293,0.21122458,0.35965557,0.00470887,0.68820847,0.83102806
4.40320160,1.44277877,0.02039774,0.22947813,0.38968829,0.00511828,0.74934058,0.89264119
4.40920460,1.54474318,0.02165164,0.24824090,0.42006881,0.00555128,0.81258429,0.95382882
4.41520760,1.64609992,0.02297861,0.26740447,0.45053118,0.00600473,0.87763058,1.01397261
4.42121061,1.74588802,0.02436233,0.28685645,0.48079812,0.00647527,0.94416208,1.07247251
4.42721361,1.84318496,0.02578640,0.30648194,0.51058554,0.00695934,1.01185663,1.12876158
4.43321661,1.93712552,0.02723451,0.32616469,0.53960714,0.00745320,1.08039003,1.18231936
4.43921961,2.02691792,0.02869055,0.34578802,0.56757883,0.00795295,1.14943763,1.23268325
4.44522261,2.11185650,0.03013875,0.36523547,0.59422318,0.00845449,1.21867482,1.27945738
4.45122561,2.19133063,0.03156373,0.38439108,0.61927342,0.00895357,1.28777644,1.32231866
4.45722861,2.26482946,0.03295056,0.40313944,0.64247739,0.00944582,1.35641514,1.36101974
4.46323162,2.33194282,0.03428479,0.42136561,0.66360096,0.00992676,1.42425905,1.39538889
4.46923462,2.39235822,0.03555251,0.43895485,0.68243129,0.01039184,1.49096890,1.42532704
4.47523762,2.44585464,0.03674038,0.45579238,0.69877969,0.01083650,1.55619503,1.45080215
4.48124062,2.49229358,0.03783566,0.47176325,0.71248422,0.01125621,1.61957456,1.47184139
4.48724362,2.53160817,0.03882633,0.48675236,0.72341188,0.01164652,1.68072916,1.48852172
4.49324662,2.56379116,0.03970115,0.50064474,0.73146061,0.01200316,1.73926371,1.50095940
4.49924962,2.58888242,0.04044980,0.51332619,0.73656080,0.01232210,1.79476606,1.50929910
4.50525263,2.60695699,0.04106300,0.52468423,0.73867658,0.01259962,1.84680823,1.51370314
4.51125563,2.61811406,0.04153266,0.53460945,0.73780651,0.01283239,1.89494910,1.51434153
4.51725863,2.62246763,0.04185206,0.54299714,0.73398397,0.01301755,1.93873859,1.51138318
4.52326163,2.62013917,0.04201601,0.54974919,0.72727692,0.01315276,1.97772343,1.50498876
4.52926463,2.61125262,0.04202100,0.55477628,0.71778709,0.01323625,2.01145422,1.49530540
4.53526763,2.59593171,0.04186532,0.55800005,0.70564865,0.01326689,2.03949374,1.48246341
4.54127064,2.57429977,0.04154916,0.55935537,0.69102615,0.01324420,2.06142625,1.46657508
4.54727364,2.54648164,0.04107470,0.55879247,0.67411195,0.01316834,2.07686735,1.44773545
4.55327664,2.51260767,0.04044610,0.55627889,0.65512308,0.01304013,2.08547438,1.42602494
4.55927964,2.47281926,0.03966947,0.55180119,0.63429759,0.01286104,2.08695671,1.40151344
4.56528264,2.42727568,0.03875281,0.54536627,0.61189056,0.01263313,2.08108584,1.37426582
4.57128564,2.37616162,0.03770590,0.53700231,0.58816983,0.01235899,2.06770487,1.34434821
4.57728864,2.31969512,0.03654008,0.52675927,0.56341164,0.01204172,2.04673700,1.31183483
4.58329165,2.25813528,0.03526811,0.51470900,0.53789625,0.01168486,2.01819279,1.27681501
4.58929465,2.19178944,0.03390394,0.50094477,0.51190374,0.01129227,1.98217595,1.23939984
4.59529765,2.12101922,0.03246246,0.48558051,0.48571004,0.01086812,1.93888717,1.19972827
4.60130065,2.04624521,0.03095927,0.46874952,0.45958339,0.01041680,1.88862601,1.15797222
4.60730365,1.96794983,0.02941048,0.45060286,0.43378117,0.00994281,1.83179053,1.11434046
4.61330665,1.88667818,0.02783245,0.43130731,0.40854719,0.00945077,1.76887446,1.06908099
4.61930965,1.80303666,0.02624162,0.41104314,0.38410951,0.00894528,1.70046204,1.02248183
4.62531266,1.71768929,0.02465438,0.39000149,0.36067871,0.00843093,1.62722039,0.97487015
4.63131566,1.63135175,0.02308686,0.36838162,0.33844657,0.00791220,1.54988954,0.92660962
4.63731866,1.54478326,0.02155491,0.34638800,0.31758514,0.00739346,1.46927042,0.87809623
4.64332166,1.45877652,0.02007399,0.32422732,0.29824621,0.00687889,1.38621106,0.82975269
4.64932466,1.37414614,0.01865914,0.30210541,0.28056103,0.00637248,1.30159144,0.78202153
4.65532766,1.29171587,0.01732497,0.28022434,0.26464023,0.00587798,1.21630735,0.73535740
4.66133067,1.21230515,0.01608568,0.25877951,0.25057410,0.00539887,1.13125402,0.69021872
4.66733367,1.13671555,0.01495506,0.23795702,0.23843296,0.00493835,1.04730983,0.64705910
4.67333667,1.06571749,0.01394656,0.21793125,0.22826776,0.00449934,0.96532085,0.60631890
4.67933967,1.00003786,0.01307326,0.19886279,0.22011091,0.00408440,0.88608657,0.56841721
4.68534267,0.94034882,0.01234795,0.18089666,0.21397731,0.00369580,0.81034749,0.53374456
4.69134567,0.88725810,0.01178310,0.16416096,0.20986551,0.00333548,0.73877460,0.50265652
4.69734867,0.84130111,0.01139084,0.14876593,0.20775911,0.00300503,0.67196135,0.47546840
4.70335168,0.80293470,0.01118287,0.13480332,0.20762834,0.00270571,0.61041799,0.45245106
4.70935468,0.77253273,0.01117041,0.12234621,0.20943166,0.00243849,0.55456829,0.43382786
4.71535768,0.75038310,0.01136399,0.11144905,0.21311751,0.00220398,0.50474862,0.41977255
4.72136068,0.73668606,0.01177326,0.10214811,0.21862594,0.00200253,0.46120906,0.41040804
4.72736368,0.73155341,0.01240670,0.09446198,0.22589016,0.00183418,0.42411614,0.40580587
4.73336668,0.73500828,0.01327134,0.08839238,0.23483788,0.00169872,0.39355703,0.40598606
4.73936968,0.74698516,0.01437233,0.08392496,0.24539228,0.00159566,0.36954458,0.41091721
4.74537269,0.76732992,0.01571257,0.08103024,0.25747267,0.00152429,0.35202291,0.42051671
4.75137569,0.79579962,0.01729224,0.07966451,0.27099464,0.00148367,0.34087325,0.43465088
4.75737869,0.83206221,0.01910835,0.07977076,0.28586988,0.00147264,0.33591961,0.45313495
4.76338169,0.87569604,0.02115433,0.08127969,0.30200544,0.00148983,0.33693431,0.47573315
4.76938469,0.92618972,0.02341957,0.08411059,0.31930277,0.00153370,0.34364301,0.50215865
4.77538769,0.98294247,0.02588914,0.08817252,0.33765649,0.00160250,0.35572958,0.53207396
4.78139070,1.04526556,0.02854349,0.09336534,0.35695310,0.00169434,0.37284054,0.56509170
4.78739370,1.11238550,0.03135834,0.09958115,0.37706981,0.00180714,0.39458961,0.60077631
4.79339670,1.18344940,0.03430467,0.10670576,0.39787372,0.00193871,0.42056232,0.63864676
4.79939970,1.25753305,0.03734890,0.11462050,0.41922150,0.00208672,0.45032104,0.67818082
4.80540270,1.33365220,0.04045321,0.12320427,0.44095979,0.00224875,0.48341063,0.71882089
4.81140570,1.41077717,0.04357605,0.13233590,0.46292643,0.00242234,0.51936488,0.75998163
4.81740870,1.48785078,0.04667284,0.14189669,0.48495261,0.00260497,0.55771389,0.80105952
4.82341171,1.56380956,0.04969682,0.15177318,0.50686596,0.00279418,0.59799222,0.84144412
4.82941471,1.63760737,0.05260005,0.16185999,0.52849449,0.00298754,0.63974786,0.88053084
4.83541771,1.70824107,0.05533452,0.17206266,0.54967121,0.00318279,0.68255174,0.91773488
4.84142071,1.77477686,0.05785332,0.18230026,0.57023924,0.00337779,0.72600724,0.95250589
4.84742371,1.83637637,0.06011189,0.19250775,0.59005705,0.00357068,0.76975947,0.98434253
4.85342671,1.89232104,0.06206922,0.20263775,0.60900349,0.00375982,0.81350354,1.01280655
4.85942971,1.94203350,0.06368900,0.21266170,0.62698220,0.00394393,0.85699140,1.03753544
4.86543272,1.98509458,0.06494066,0.22257022,0.64392513,0.00412205,0.90003650,1.05825301
4.87143572,2.02125490,0.06580026,0.23237249,0.65979460,0.00429359,0.94251591,1.07477737
4.87743872,2.05043998,0.06625119,0.24209467,0.67458387,0.00445831,0.98436918,1.08702558
4.88344172,2.07274836,0.06628465,0.25177732,0.68831574,0.00461635,1.02559402,1.09501478
4.88944472,2.08844241,0.06589988,0.26147177,0.70103945,0.00476815,1.06623827,1.09885936
4.89544772,2.09793192,0.06510413,0.27123568,0.71282552,0.00491441,1.10638863,1.09876441
4.90145073,2.10175124,0.06391245,0.28112783,0.72375903,0.00505607,1.14615619,1.09501543
4.90745373,2.10053062,0.06234710,0.29120244,0.73393155,0.00519417,1.18565954,1.08796479
4.91345673,2.09496333,0.06043692,0.30150326,0.74343207,0.00532979,1.22500608,1.07801558
4.91945973,2.08577005,0.05821638,0.31205773,0.75233760,0.00546397,1.26427258,1.06560344
4.92546273,2.07366233,0.05572453,0.32287157,0.76070397,0.00559759,1.30348603,1.05117744
4.93146573,2.05930703,0.05300387,0.33392410,0.76855738,0.00573127,1.34260599,1.03518077
4.93746873,2.04329365,0.05009917,0.34516467,0.77588744,0.00586530,1.38150955,1.01803229
4.94347174,2.02610625,0.04705620,0.35651030,0.78264210,0.00599958,1.41998001,1.00010982
4.94947474,2.00810151,0.04392060,0.36784502,0.78872507,0.00613352,1.45770025,0.98173595
4.95547774,1.98949405,0.04073680,0.37902081,0.79399578,0.00626607,1.49425143,0.96316716
4.96148074,1.97034987,0.03754699,0.38986025,0.79827232,0.00639568,1.52911760,0.94458661
4.96748374,1.95058811,0.03439028,0.40016098,0.80133714,0.00652030,1.56169613,0.92610096
4.97348674,1.92999103,0.03130206,0.40970161,0.80294527,0.00663748,1.59131391,0.90774136
4.97948974,1.90822169,0.02831344,0.41824904,0.80283487,0.00674441,1.61724874,0.88946825
4.98549275,1.88484801,0.02545095,0.42556675,0.80073930,0.00683803,1.63875487,0.87117988
4.99149575,1.85937215,0.02273634,0.43142373,0.79640040,0.00691512,1.65509170,0.85272370
4.99749875,1.83126327,0.02018663,0.43560370,0.78958188,0.00697247,1.66555416,0.83391024
5.00350175,1.79999201,0.01781423,0.43791402,0.78008242,0.00700700,1.66950325,0.81452831
5.00950475,1.76506469,0.01562723,0.43819397,0.76774753,0.00701586,1.66639526,0.79436106
5.01550775,1.72605550,0.01362982,0.43632195,0.75247955,0.00699662,1.65580807,0.77320161
5.02151076,1.68263494,0.01182273,0.43222129,0.73424533,0.00694734,1.63746327,0.75086785
5.02751376,1.63459322,0.01020377,0.42586434,0.71308105,0.00686670,1.61124279,0.72721530
5.03351676,1.58185743,0.00876844,0.41727462,0.68909401,0.00675406,1.57719944,0.70214773
5.03951976,1.52450190,0.00751049,0.40652706,0.66246130,0.00660951,1.53556063,0.67562492
5.04552276,1.46275143,0.00642251,0.39374625,0.63342547,0.00643388,1.48672520,0.64766738
5.05152576,1.39697752,0.00549650,0.37910284,0.60228745,0.00622877,1.43125366,0.61835786
5.05752876,1.32768813,0.00472441,0.36280831,0.56939714,0.00599645,1.36985223,0.58783995
5.06353177,1.25551169,0.00409858,0.34510838,0.53514226,0.00573983,1.30335175,0.55631368
5.06953477,1.18117659,0.00361221,0.32627537,0.49993590,0.00546239,1.23268239,0.52402888
5.07553777,1.10548718,0.00325966,0.30659996,0.46420361,0.00516802,1.15884546,0.49127646
5.08154077,1.02929783,0.00303677,0.28638262,0.42837048,0.00486096,1.08288375,0.45837838
5.08754377,0.95348617,0.00294102,0.26592521,0.39284891,0.00454562,1.00585167,0.42567674
5.09354677,0.87892690,0.00297168,0.24552294,0.35802752,0.00422650,0.92878640,0.39352262
5.09954977,0.80646714,0.00312982,0.22545714,0.32426160,0.00390802,0.85268135,0.36226517
5.10555278,0.73690431,0.00341825,0.20598893,0.29186549,0.00359444,0.77846268,0.33224138
5.11155578,0.67096722,0.00384139,0.18735399,0.26110693,0.00328976,0.70696970,0.30376685
5.11755878,0.60930069,0.00440500,0.16975866,0.23220358,0.00299760,0.63893948,0.27712799
5.12356178,0.55245397,0.00511586,0.15337706,0.20532148,0.00272115,0.57499603,0.25257554
5.12956478,0.50087293,0.00598139,0.13834961,0.18057552,0.00246313,0.51564382,0.23031967
5.13556778,0.45489576,0.00700911,0.12478248,0.15803150,0.00222573,0.46126548,0.21052665
5.14157079,0.41475180,0.00820609,0.11274809,0.13770955,0.00201063,0.41212334,0.19331676
5.14757379,0.38056317,0.00957835,0.10228636,0.11958870,0.00181897,0.36836409,0.17876361
5.15357679,0.35234849,0.01113021,0.09340663,0.10361210,0.00165136,0.33002608,0.16689444
5.15957979,0.33002839,0.01286359,0.08608999,0.08969275,0.00150795,0.29704866,0.15769137
5.16558279,0.31343227,0.01477737,0.08029200,0.07771928,0.00138842,0.26928272,0.15109334
5.17158579,0.30230585,0.01686680,0.07594551,0.06756177,0.00129203,0.24650222,0.14699864
5.17758879,0.29631935,0.01912291,0.07296359,0.05907709,0.00121767,0.22841582,0.14526784
5.18359180,0.29507594,0.02153211,0.07124248,0.05211396,0.00116392,0.21467856,0.14572714
5.18959480,0.29812054,0.02407585,0.07066439,0.04651733,0.00112909,0.20490308,0.14817195
5.19559780,0.30494876,0.02673054,0.07110039,0.04213224,0.00111125,0.19867032,0.15237084
5.20160080,0.31501604,0.02946754,0.07241306,0.03880706,0.00110831,0.19553954,0.15806971
5.20760380,0.32774724,0.03225350,0.07445917,0.03639612,0.00111805,0.19505757,0.16499633
5.21360680,0.34254648,0.03505076,0.07709233,0.03476180,0.00113817,0.19676749,0.17286515
5.21960980,0.35880748,0.03781812,0.08016556,0.03377619,0.00116634,0.20021655,0.18138247
5.22561281,0.37592426,0.04051169,0.08353389,0.03332226,0.00120023,0.20496361,0.19025190
5.23161581,0.39330230,0.04308600,0.08705694,0.03329473,0.00123756,0.21058600,0.19918010
5.23761881,0.41036982,0.04549521,0.09060145,0.03360071,0.00127615,0.21668583,0.20788265
5.24362181,0.42658913,0.04769445,0.09404376,0.03415996,0.00131394,0.22289588,0.21608993
5.24962481,0.44146762,0.04964114,0.09727217,0.03490508,0.00134905,0.22888478,0.22355299
5.25562781,0.45456813,0.05129642,0.10018905,0.03578144,0.00137978,0.23436164,0.23004897
5.26163082,0.46551827,0.05262638,0.10271279,0.03674699,0.00140466,0.23907986,0.23538608
5.26763382,0.47401824,0.05360324,0.10477924,0.03777183,0.00142247,0.24284001,0.23940783
5.27363682,0.47984684,0.05420629,0.10634282,0.03883765,0.00143225,0.24549174,0.24199636
5.27963982,0.48286528,0.05442265,0.10737713,0.03993693,0.00143332,0.24693448,0.24307468
5.28564282,0.48301854,0.05424771,0.10787486,0.04107196,0.00142527,0.24711691,0.24260763
5.29164582,0.48033413,0.05368534,0.10784727,0.04225355,0.00140797,0.24603514,0.24060165
5.29764882,0.47491820,0.05274770,0.10732292,0.04349967,0.00138155,0.24372956,0.23710315
5.30365183,0.46694908,0.05145488,0.10634590,0.04483372,0.00134640,0.24028049,0.23219560
5.30965483,0.45666849,0.04983416,0.10497345,0.04628270,0.00130311,0.23580270,0.22599551
5.31565783,0.44437071,0.04791911,0.10327323,0.04787523,0.00125247,0.23043893,0.21864737
5.32166083,0.43039019,0.04574846,0.10132013,0.04963943,0.00119543,0.22435276,0.21031775
5.32766383,0.41508813,0.04336485,0.09919291,0.05160080,0.00113306,0.21772099,0.20118894
5.33366683,0.39883858,0.04081351,0.09697080,0.05378017,0.00106653,0.21072592,0.19145225
5.33966983,0.38201457,0.03814090,0.09473005,0.05619175,0.00099704,0.20354767,0.18130132
5.34567284,0.36497509,0.03539339,0.09254085,0.05884141,0.00092581,0.19635712,0.17092579
5.35167584,0.34805318,0.03261613,0.09046444,0.06172525,0.00085403,0.18930945,0.16050537
5.35767884,0.33154578,0.02985191,0.08855081,0.06482860,0.00078288,0.18253875,0.15020481
5.36368184,0.31570567,0.02714032,0.08683690,0.06812541,0.00071343,0.17615381,0.14016969
5.36968484,0.30073566,0.02451704,0.08534546,0.07157816,0.00064669,0.17023515,0.13052327
5.37568784,0.28678542,0.02201343,0.08408459,0.07513831,0.00058357,0.16483358,0.12136451
5.38169085,0.27395059,0.01965620,0.08304795,0.07874724,0.00052487,0.15997004,0.11276712
5.38769385,0.26227446,0.01746741,0.08221560,0.08233771,0.00047130,0.15563683,0.10477972
5.39369685,0.25175169,0.01546459,0.08155550,0.08583580,0.00042348,0.15180008,0.09742696
5.39969985,0.24233392,0.01366101,0.08102543,0.08916318,0.00038192,0.14840319,0.09071153
5.40570285,0.23393685,0.01206608,0.08057539,0.09223973,0.00034708,0.14537120,0.08461677
5.41170585,0.22644837,0.01068588,0.08015019,0.09498631,0.00031934,0.14261566,0.07910985
5.41770885,0.21973724,0.00952362,0.07969231,0.09732757,0.00029902,0.14003982,0.07414526
5.42371186,0.21366194,0.00858025,0.07914461,0.09919471,0.00028642,0.13754399,0.06966842
5.42971486,0.20807911,0.00785493,0.07845305,0.10052804,0.00028181,0.13503055,0.06561927
5.43571786,0.20285147,0.00734552,0.07756911,0.10127923,0.00028542,0.13240868,0.06193565
5.44172086,0.19785455,0.00704896,0.07645186,0.10141312,0.00029746,0.12959840,0.05855641
5.44772386,0.19298227,0.00696155,0.07506967,0.10090903,0.00031815,0.12653394,0.05542408
5.45372686,0.18815106,0.00707919,0.07340137,0.09976154,0.00034765,0.12316615,0.05248709
5.45972986,0.18330246,0.00739743,0.07143697,0.09798065,0.00038609,0.11946407,0.04970146
5.46573287,0.17840426,0.00791147,0.06917784,0.09559138,0.00043356,0.11541562,0.04703202
5.47173587,0.17345025,0.00861613,0.06663648,0.09263282,0.00049009,0.11102736,0.04445312
5.47773887,0.16845867,0.00950564,0.06383575,0.08915667,0.00055561,0.10632353,0.04194889
5.48374187,0.16346969,0.01057348,0.06080789,0.08522540,0.00062996,0.10134441,0.03951316
5.48974487,0.15854211,0.01181219,0.05759312,0.08091005,0.00071285,0.09614414,0.03714902
5.49574787,0.15374955,0.01321313,0.05423814,0.07628786,0.00080385,0.09078827,0.03486823
5.50175088,0.14917647,0.01476640,0.05079448,0.07143983,0.00090238,0.08535104,0.03269039
5.50775388,0.14491422,0.01646067,0.04731688,0.06644825,0.00100770,0.07991263,0.03064212
5.51375688,0.14105740,0.01828328,0.04386168,0.06139438,0.00111890,0.07455652,0.02875612
5.51975988,0.13770074,0.02022025,0.04048537,0.05635640,0.00123491,0.06936707,0.02707037
5.52576288,0.13493662,0.02225660,0.03724334,0.05140752,0.00135452,0.06442741,0.02562732
5.53176588,0.13285330,0.02437663,0.03418878,0.04661457,0.00147640,0.05981767,0.02447317
5.53776888,0.13153391,0.02656441,0.03137188,0.04203687,0.00159909,0.05561363,0.02365722
5.54377189,0.13105611,0.02880430,0.02883923,0.03772550,0.00172111,0.05188572,0.02323127
5.54977489,0.13149241,0.03108159,0.02663337,0.03372292,0.00184094,0.04869843,0.02324904
5.55577789,0.13291077,0.03338312,0.02479261,0.03006294,0.00195711,0.04610996,0.02376557
5.56178089,0.13537563,0.03569794,0.02335093,0.02677096,0.00206821,0.04417209,0.02483650
5.56778389,0.13894879,0.03801784,0.02233794,0.02386446,0.00217297,0.04293029,0.02651729
5.57378689,0.14369020,0.04033789,0.02177895,0.02135364,0.00227031,0.04242371,0.02886218
5.57978989,0.14965823,0.04265672,0.02169496,0.01924222,0.00235935,0.04268531,0.03192302
5.58579290,0.15690949,0.04497664,0.02210268,0.01752824,0.00243948,0.04374177,0.03574781
5.59179590,0.16549776,0.04730359,0.02301438,0.01620491,0.00251038,0.04561333,0.04037898
5.59779890,0.17547230,0.04964680,0.02443776,0.01526143,0.00257199,0.04831342,0.04585159
5.60380190,0.18687519,0.05201816,0.02637564,0.01468373,0.00262457,0.05184814,0.05219119
5.60980490,0.19973810,0.05443146,0.02882570,0.01445520,0.00266863,0.05621556,0.05941169
5.61580790,0.21407847,0.05690129,0.03178005,0.01455722,0.00270497,0.06140505,0.06751328
5.62181091,0.22989527,0.05944185,0.03522495,0.01496981,0.00273455,0.06739646,0.07648037
5.62781391,0.24716486,0.06206564,0.03914052,0.01567201,0.00275853,0.07415961,0.08627989
5.63381691,0.26583709,0.06478202,0.04350064,0.01664245,0.00277813,0.08165383,0.09686002
5.63981991,0.28583206,0.06759592,0.04827301,0.01785975,0.00279466,0.08982802,0.10814942
5.64582291,0.30703795,0.07050659,0.05341957,0.01930307,0.00280936,0.09862109,0.12005726
5.65182591,0.32931016,0.07350654,0.05889719,0.02095267,0.00282339,0.10796308,0.13247407
5.65782891,0.35247223,0.07658081,0.06465874,0.02279057,0.00283777,0.11777689,0.14527340
5.66383192,0.37631847,0.07970649,0.07065460,0.02480126,0.00285334,0.12798079,0.15831466
5.66983492,0.40061870,0.08285269,0.07683446,0.02697262,0.00287067,0.13849160,0.17144671
5.67583792,0.42512486,0.08598092,0.08314964,0.02929677,0.00289011,0.14922855,0.18451248
5.68184092,0.44957945,0.08904578,0.08955554,0.03177112,0.00291171,0.16011778,0.19735433
5.68784392,0.47372555,0.09199619,0.09601437,0.03439934,0.00293530,0.17109715,0.20981998
5.69384692,0.49731793,0.09477689,0.10249795,0.03719237,0.00296042,0.18212129,0.22176888
5.69984992,0.52013477,0.09733020,0.10899044,0.04016922,0.00298644,0.19316665,0.23307855
5.70585293,0.54198947,0.09959810,0.11549079,0.04335772,0.00301253,0.20423610,0.24365080
5.71185593,0.56274173,0.10152429,0.12201483,0.04679488,0.00303779,0.21536299,0.25341728
5.71785893,0.58230740,0.10305642,0.12859677,0.05052703,0.00306122,0.22661417,0.26234423
5.72386193,0.60066625,0.10414806,0.13528991,0.05460941,0.00308186,0.23809183,0.27043598
5.72986493,0.61786733,0.10476063,0.14216650,0.05910542,0.00309881,0.24993375,0.27773695
5.73586793,0.63403109,0.10486495,0.14931661,0.06408522,0.00311129,0.26231192,0.28433199
5.74187094,0.64934821,0.10444252,0.15684594,0.06962388,0.00311869,0.27542932,0.29034493
5.74787394,0.66407479,0.10348631,0.16487255,0.07579891,0.00312064,0.28951473,0.29593522
5.75387694,0.67852400,0.10200114,0.17352260,0.08268737,0.00311699,0.30481589,0.30129271
5.75987994,0.69305427,0.10000367,0.18292518,0.09036249,0.00310785,0.32159084,0.30663085
5.76588294,0.70805459,0.09752182,0.19320642,0.09889000,0.00309362,0.34009798,0.31217836
5.77188594,0.72392742,0.09459388,0.20448306,0.10832428,0.00307494,0.36058511,0.31816985
5.77788894,0.74107001,0.09126726,0.21685589,0.11870448,0.00305270,0.38327782,0.32483571
5.78389195,0.75985491,0.08759690,0.23040315,0.13005083,0.00302799,0.40836792,0.33239174
5.78989495,0.78061083,0.08364352,0.24517444,0.14236135,0.00300209,0.43600229,0.34102902
5.79589795,0.80360463,0.07947175,0.26118536,0.15560909,0.00297640,0.46627283,0.35090454
5.80190095,0.82902552,0.07514818,0.27841323,0.16974018,0.00295241,0.49920803,0.36213297
5.80790395,0.85697235,0.07073954,0.29679413,0.18467280,0.00293165,0.53476656,0.37478008
5.81390695,0.88744463,0.06631091,0.31622163,0.20029722,0.00291564,0.57283344,0.38885813
5.81990995,0.92033798,0.06192421,0.33654714,0.21647701,0.00290584,0.61321891,0.40432350
5.82591296,0.95544420,0.05763688,0.35758219,0.23305138,0.00290364,0.65566034,0.42107669
5.83191596,0.99245616,0.05350082,0.37910246,0.24983875,0.00291027,0.69982696,0.43896471
5.83791896,1.03097725,0.04956171,0.40085348,0.26664125,0.00292684,0.74532749,0.45778587
5.84392196,1.07053501,0.04585848,0.42255787,0.28325024,0.00295427,0.79172013,0.47729656
5.84992496,1.11059830,0.04242325,0.44392370,0.29945236,0.00299328,0.83852469,0.49721997
5.85592796,1.15059706,0.03928135,0.46465367,0.31503605,0.00304439,0.88523609,0.51725601
5.86193097,1.18994374,0.03645166,0.48445470,0.32979817,0.00310793,0.93133870,0.53709226
5.86793397,1.22805525,0.03394711,0.50304741,0.34355034,0.00318399,0.97632082,0.55641519
5.87393697,1.26437429,0.03177525,0.52017512,0.35612478,0.00327244,1.01968850,0.57492116
5.87993997,1.29838896,0.02993900,0.53561192,0.36737930,0.00337296,1.06097821,0.59232682
5.88594297,1.32964970,0.02843724,0.54916934,0.37720119,0.00348498,1.09976760,0.60837811
5.89194597,1.35778270,0.02726557,0.56070145,0.38550987,0.00360773,1.13568409,0.62285780
5.89794897,1.38249912,0.02641682,0.57010808,0.39225810,0.00374023,1.16841077,0.63559099
5.90395198,1.40359986,0.02588160,0.57733610,0.39743173,0.00388128,1.19768969,0.64644846
5.90995498,1.42097574,0.02564858,0.58237871,0.40104805,0.00402946,1.22332240,0.65534787
5.91595798,1.43460320,0.02570476,0.58527283,0.40315286,0.00418315,1.24516799,0.66225271
5.92196098,1.44453604,0.02603555,0.58609494,0.40381641,0.00434056,1.26313905,0.66716920
5.92796398,1.45089381,0.02662468,0.58495541,0.40312852,0.00449969,1.27719586,0.67014156
5.93396698,1.45384771,0.02745409,0.58199187,0.40119310,0.00465839,1.28733948,0.67124580
5.93996998,1.45360490,0.02850370,0.57736194,0.39812252,0.00481440,1.29360426,0.67058250
5.94597299,1.45039219,0.02975117,0.57123569,0.39403196,0.00496532,1.29605034,0.66826922
5.95197599,1.44444025,0.03117167,0.56378829,0.38903424,0.00510873,1.29475664,0.66443269
5.95797899,1.43596909,0.03273766,0.55519312,0.38323533,0.00524216,1.28981488,0.65920150
5.96398199,1.42517572,0.03441884,0.54561575,0.37673065,0.00536323,1.28132488,0.65269952
5.96998499,1.41222453,0.03618216,0.53520893,0.36960249,0.00546959,1.26939126,0.64504038
5.97598799,1.39724090,0.03799205,0.52410882,0.36191858,0.00555909,1.25412186,0.63632334
5.98199100,1.38030817,0.03981072,0.51243246,0.35373164,0.00562976,1.23562750,0.62663064
5.98799400,1.36146800,0.04159878,0.50027660,0.34508017,0.00567988,1.21402317,0.61602624
5.99399700,1.34072393,0.04331591,0.48771767,0.33599008,0.00570805,1.18943013,0.60455623
6.00000000,1.31804761,0.04492172,0.47481286,0.32647711,0.00571319,1.16197884,0.59225037
