energy_ev,total_up,B_p_up,B_d_up,S_s_up,S_p_up,Ta_p_up,Ta_d_up
-6.00000000,1.00854863,0.26306168,0.00000000,0.00493107,0.15123904,0.26782502,0.46549666
-5.99399700,1.07111189,0.27986268,0.00000000,0.00550186,0.15978812,0.28678673,0.49698265
-5.98799400,1.13660736,0.29744951,0.00000000,0.00611480,0.16869590,0.30682580,0.52967089
-5.98199100,1.20430265,0.31562325,0.00000000,0.00677028,0.17786433,0.32772984,0.56317377
-5.97598799,1.27348116,0.33418687,0.00000000,0.00746834,0.18720171,0.34928474,0.59710596
-5.96998499,1.34346436,0.35295117,0.00000000,0.00820857,0.19662607,0.37128049,0.63109584
-5.96398199,1.41363162,0.37174009,0.00000000,0.00899000,0.20606796,0.39351664,0.66479630
-5.95797899,1.48343664,0.39039521,0.00000000,0.00981098,0.21547272,0.41580708,0.69789412
-5.95197599,1.55241963,0.40877920,0.00000000,0.01066909,0.22480186,0.43798393,0.73011784
-5.94597299,1.62021493,0.42677819,0.00000000,0.01156103,0.23403373,0.45990051,0.76124336
-5.93996998,1.68655344,0.44430274,0.00000000,0.01248246,0.24316330,0.48143305,0.79109744
-5.93396698,1.75126013,0.46128761,0.00000000,0.01342794,0.25220103,0.50248126,0.81955856
-5.92796398,1.81424657,0.47769027,0.00000000,0.01439085,0.26117104,0.52296768,0.84655546
-5.92196098,1.87549926,0.49348825,0.00000000,0.01536331,0.27010850,0.54283588,0.87206319
-5.91595798,1.93506426,0.50867561,0.00000000,0.01633624,0.27905648,0.56204774,0.89609724
-5.90995498,1.99302924,0.52325867,0.00000000,0.01729934,0.28806239,0.58057985,0.91870581
-5.90395198,2.04950393,0.53725133,0.00000000,0.01824124,0.29717416,0.59841945,0.93996100
-5.89794897,2.10460014,0.55067022,0.00000000,0.01914966,0.30643645,0.61555997,0.95994912
-5.89194597,2.15841250,0.56353013,0.00000000,0.02001161,0.31588685,0.63199669,0.97876102
-5.88594297,2.21100092,0.57583968,0.00000000,0.02081370,0.32555259,0.64772254,0.99648262
-5.87993997,2.26237575,0.58759786,0.00000000,0.02154247,0.33544754,0.66272443,1.01318654
-5.87393697,2.31248627,0.59879126,0.00000000,0.02218475,0.34556988,0.67698029,1.02892487
-5.86793397,2.36121311,0.60939238,0.00000000,0.02272806,0.35590045,0.69045692,1.04372370
-5.86193097,2.40836462,0.61935886,0.00000000,0.02316104,0.36640177,0.70310873,1.05757951
-5.85592796,2.45367749,0.62863385,0.00000000,0.02347382,0.37701784,0.71487749,1.07045748
-5.84992496,2.49682104,0.63714716,0.00000000,0.02365840,0.38767462,0.72569291,1.08229180
-5.84392196,2.53740504,0.64481740,0.00000000,0.02370898,0.39828124,0.73547415,1.09298780
-5.83791896,2.57499033,0.65155460,0.00000000,0.02362219,0.40873175,0.74413196,1.10242563
-5.83191596,2.60910166,0.65726348,0.00000000,0.02339728,0.41890740,0.75157141,1.11046536
-5.82591296,2.63924201,0.66184684,0.00000000,0.02303622,0.42867943,0.75769505,1.11695292
-5.81990995,2.66490776,0.66520917,0.00000000,0.02254365,0.43791203,0.76240628,1.12172685
-5.81390695,2.68560402,0.66726012,0.00000000,0.02192681,0.44646567,0.76561276,1.12462517
-5.80790395,2.70085967,0.66791778,0.00000000,0.02119533,0.45420050,0.76722981,1.12549236
-5.80190095,2.71024146,0.66711167,0.00000000,0.02036091,0.46097981,0.76718362,1.12418593
-5.79589795,2.71336704,0.66478524,0.00000000,0.01943703,0.46667342,0.76541409,1.12058245
-5.78989495,2.70991652,0.66089801,0.00000000,0.01843850,0.47116102,0.76187739,1.11458287
-5.78389195,2.69964231,0.65542719,0.00000000,0.01738099,0.47433527,0.75654806,1.10611691
-5.77788894,2.68237736,0.64836886,0.00000000,0.01628066,0.47610463,0.74942068,1.09514655
-5.77188594,2.65804141,0.63973868,0.00000000,0.01515360,0.47639591,0.74051107,1.08166848
-5.76588294,2.62664551,0.62957216,0.00000000,0.01401550,0.47515638,0.72985695,1.06571555
-5.75987994,2.58829454,0.61792455,0.00000000,0.01288118,0.47235546,0.71751825,1.04735725
-5.75387694,2.54318789,0.60487038,0.00000000,0.01176431,0.46798586,0.70357682,1.02669926
-5.74787394,2.49161812,0.59050258,0.00000000,0.01067714,0.46206425,0.68813578,1.00388215
-5.74187094,2.43396778,0.57493139,0.00000000,0.00963027,0.45463121,0.67131835,0.97907922
-5.73586793,2.37070434,0.55828282,0.00000000,0.00863253,0.44575077,0.65326632,0.95249373
-5.72986493,2.30237318,0.54069696,0.00000000,0.00769096,0.43550916,0.63413806,0.92435541
-5.72386193,2.22958893,0.52232593,0.00000000,0.00681080,0.42401315,0.61410625,0.89491648
-5.71785893,2.15302516,0.50333161,0.00000000,0.00599553,0.41138775,0.59335518,0.86444720
-5.71185593,2.07340266,0.48388311,0.00000000,0.00524705,0.39777351,0.57207779,0.83323111
-5.70585293,1.99147651,0.46415413,0.00000000,0.00456579,0.38332344,0.55047255,0.80155995
-5.69984992,1.90802230,0.44432005,0.00000000,0.00395092,0.36819958,0.52874007,0.76972849
-5.69384692,1.82382173,0.42455502,0.00000000,0.00340055,0.35256946,0.50707960,0.73802919
-5.68784392,1.73964799,0.40502895,0.00000000,0.00291193,0.33660242,0.48568556,0.70674696
-5.68184092,1.65625128,0.38590452,0.00000000,0.00248166,0.32046605,0.46474396,0.67615403
-5.67583792,1.57434479,0.36733424,0.00000000,0.00210588,0.30432270,0.44442902,0.64650492
-5.66983492,1.49459154,0.34945770,0.00000000,0.00178048,0.28832622,0.42489991,0.61803180
-5.66383192,1.41759231,0.33239900,0.00000000,0.00150121,0.27261907,0.40629767,0.59094018
-5.65782891,1.34387510,0.31626446,0.00000000,0.00126386,0.25732982,0.38874247,0.56540505
-5.65182591,1.27388625,0.30114067,0.00000000,0.00106436,0.24257100,0.37233132,0.54156762
-5.64582291,1.20798349,0.28709298,0.00000000,0.00089884,0.22843751,0.35713605,0.51953262
-5.63981991,1.14643111,0.27416442,0.00000000,0.00076374,0.21500553,0.34320199,0.49936646
-5.63381691,1.08939745,0.26237517,0.00000000,0.00065584,0.20233190,0.33054714,0.48109616
-5.62781391,1.03695463,0.25172252,0.00000000,0.00057225,0.19045401,0.31916199,0.46470917
-5.62181091,0.98908078,0.24218153,0.00000000,0.00051049,0.17939021,0.30901009,0.45015427
-5.61580790,0.94566463,0.23370621,0.00000000,0.00046844,0.16914068,0.30002929,0.43734344
-5.60980490,0.90651241,0.22623133,0.00000000,0.00044435,0.15968870,0.29213379,0.42615483
-5.60380190,0.87135702,0.21967481,0.00000000,0.00043683,0.15100234,0.28521686,0.41643680
-5.59779890,0.83986910,0.21394071,0.00000000,0.00044482,0.14303648,0.27915428,0.40801292
-5.59179590,0.81166989,0.20892260,0.00000000,0.00046759,0.13573511,0.27380845,0.40068792
-5.58579290,0.78634554,0.20450742,0.00000000,0.00050471,0.12903379,0.26903293,0.39425443
-5.57978989,0.76346224,0.20057957,0.00000000,0.00055608,0.12286230,0.26467743,0.38850021
-5.57378689,0.74258203,0.19702518,0.00000000,0.00062188,0.11714731,0.26059297,0.38321580
-5.56778389,0.72327856,0.19373646,0.00000000,0.00070261,0.11181500,0.25663717,0.37820231
-5.56178089,0.70515238,0.19061581,0.00000000,0.00079909,0.10679356,0.25267926,0.37327890
-5.55577789,0.68784519,0.18757979,0.00000000,0.00091251,0.10201554,0.24860486,0.36828996
-5.54977489,0.67105264,0.18456267,0.00000000,0.00104443,0.09741986,0.24432018,0.36311147
-5.54377189,0.65453518,0.18151935,0.00000000,0.00119686,0.09295351,0.23975555,0.35765639
-5.53776888,0.63812663,0.17842778,0.00000000,0.00137228,0.08857289,0.23486808,0.35187891
-5.53176588,0.62174012,0.17529059,0.00000000,0.00157371,0.08424470,0.22964341,0.34577732
-5.52576288,0.60537140,0.17213589,0.00000000,0.00180474,0.07994640,0.22409650,0.33939545
-5.51975988,0.58909921,0.16901741,0.00000000,0.00206962,0.07566630,0.21827137,0.33282257
-5.51375688,0.57308299,0.16601365,0.00000000,0.00237325,0.07140320,0.21223983,0.32619179
-5.50775388,0.55755795,0.16322637,0.00000000,0.00272122,0.06716570,0.20609935,0.31967704
-5.50175088,0.54282770,0.16077829,0.00000000,0.00311980,0.06297123,0.19997009,0.31348871
-5.49574787,0.52925487,0.15881017,0.00000000,0.00357594,0.05884484,0.19399123,0.30786811
-5.48974487,0.51725000,0.15747724,0.00000000,0.00409713,0.05481783,0.18831682,0.30308092
-5.48374187,0.50725911,0.15694525,0.00000000,0.00469136,0.05092640,0.18311115,0.29940991
-5.47773887,0.49975045,0.15738608,0.00000000,0.00536691,0.04721021,0.17854410,0.29714705
-5.47173587,0.49520076,0.15897312,0.00000000,0.00613219,0.04371112,0.17478629,0.29658529
-5.46573287,0.49408161,0.16187655,0.00000000,0.00699547,0.04047206,0.17200449,0.29801028
-5.45972986,0.49684608,0.16625861,0.00000000,0.00796459,0.03753610,0.17035728,0.30169214
-5.45372686,0.50391633,0.17226891,0.00000000,0.00904664,0.03494587,0.16999108,0.30787767
-5.44772386,0.51567237,0.18004009,0.00000000,0.01024761,0.03274318,0.17103680,0.31678297
-5.44172086,0.53244233,0.18968373,0.00000000,0.01157200,0.03096899,0.17360711,0.32858687
-5.43571786,0.55449462,0.20128681,0.00000000,0.01302248,0.02966378,0.17779434,0.34342527
-5.42971486,0.58203218,0.21490869,0.00000000,0.01459957,0.02886806,0.18366925,0.36138648
-5.42371186,0.61518911,0.23057886,0.00000000,0.01630130,0.02862334,0.19128056,0.38250783
-5.41770885,0.65402975,0.24829532,0.00000000,0.01812298,0.02897319,0.20065530,0.40677356
-5.41170585,0.69855029,0.26802398,0.00000000,0.02005711,0.02996456,0.21179989,0.43411410
-5.40570285,0.74868294,0.28969883,0.00000000,0.02209324,0.03164922,0.22470207,0.46440680
-5.39969985,0.80430256,0.31322304,0.00000000,0.02421810,0.03408522,0.23933342,0.49747810
-5.39369685,0.86523532,0.33847101,0.00000000,0.02641577,0.03733827,0.25565242,0.53310712
-5.38769385,0.93126924,0.36529121,0.00000000,0.02866799,0.04148296,0.27360798,0.57103045
-5.38169085,1.00216592,0.39350975,0.00000000,0.03095457,0.04660377,0.29314311,0.61094818
-5.37568784,1.07767289,0.42293456,0.00000000,0.03325399,0.05279555,0.31419863,0.65253074
-5.36968484,1.15753575,0.45336003,0.00000000,0.03554401,0.06016355,0.33671667,0.69542645
-5.36368184,1.24150943,0.48457179,0.00000000,0.03780235,0.06882277,0.36064365,0.73926940
-5.35767884,1.32936744,0.51635151,0.00000000,0.04000744,0.07889647,0.38593255,0.78368733
-5.35167584,1.42090842,0.54848138,0.00000000,0.04213914,0.09051387,0.41254418,0.82830915
-5.34567284,1.51595924,0.58074818,0.00000000,0.04417940,0.10380682,0.44044732,0.87277188
-5.33966983,1.61437373,0.61294647,0.00000000,0.04611286,0.11890550,0.46961748,0.91672650
-5.33366683,1.71602693,0.64488103,0.00000000,0.04792729,0.13593313,0.50003429,0.95984267
-5.32766383,1.82080439,0.67636811,0.00000000,0.04961391,0.15499976,0.53167737,1.00181195
-5.32166083,1.92858685,0.70723566,0.00000000,0.05116749,0.17619529,0.56452101,1.04234959
-5.31565783,2.03923064,0.73732249,0.00000000,0.05258627,0.19958188,0.59852759,1.08119475
-5.30965483,2.15254474,0.76647631,0.00000000,0.05387171,0.22518615,0.63364022,1.11810926
-5.30365183,2.26826569,0.79455107,0.00000000,0.05502802,0.25299140,0.66977500,1.15287523
-5.29764882,2.38603177,0.82140368,0.00000000,0.05606153,0.28293022,0.70681324,1.18529170
-5.29164582,2.50535838,0.84689045,0.00000000,0.05697992,0.31487817,0.74459439,1.21517068
-5.28564282,2.62561631,0.87086361,0.00000000,0.05779144,0.34864863,0.78291013,1.24233312
-5.27963982,2.74601510,0.89316838,0.00000000,0.05850400,0.38398962,0.82150022,1.26660516
-5.27363682,2.86559305,0.91364077,0.00000000,0.05912433,0.42058280,0.86005070,1.28781508
-5.26763382,2.98321579,0.93210663,0.00000000,0.05965726,0.45804497,0.89819482,1.30579151
-5.26163082,3.09758441,0.94838210,0.00000000,0.06010507,0.49593247,0.93551706,1.32036306
-5.25562781,3.20725407,0.96227574,0.00000000,0.06046706,0.53374848,0.97156044,1.33135975
-5.24962481,3.31066319,0.97359235,0.00000000,0.06073931,0.57095317,1.00583705,1.33861620
-5.24362181,3.40617280,0.98213845,0.00000000,0.06091470,0.60697660,1.03784157,1.34197682
-5.23761881,3.49211482,0.98772931,0.00000000,0.06098315,0.64123390,1.06706740,1.34130252
-5.23161581,3.56684760,0.99019716,0.00000000,0.06093211,0.67314226,1.09302474,1.33647886
-5.22561281,3.62881622,0.98940022,0.00000000,0.06074724,0.70213912,1.11525984,1.32742515
-5.21960980,3.67661486,0.98523210,0.00000000,0.06041325,0.72770067,1.13337449,1.31410394
-5.21360680,3.70904802,0.97763091,0.00000000,0.05991491,0.74935992,1.14704469,1.29653027
-5.20760380,3.72518734,0.96658759,0.00000000,0.05923803,0.76672345,1.15603751,1.27478019
-5.20160080,3.72442092,0.95215286,0.00000000,0.05837051,0.77948595,1.16022520,1.24899766
-5.19559780,3.70649216,0.93444233,0.00000000,0.05730329,0.78744193,1.15959550,1.21939957
-5.18959480,3.67152569,0.91363922,0.00000000,0.05603123,0.79049378,1.15425757,1.18627819
-5.18359180,3.62003877,0.88999449,0.00000000,0.05455371,0.78865586,1.14444296,1.15000070
-5.17758879,3.55293689,0.86382421,0.00000000,0.05287515,0.78205432,1.13050135,1.11100578
-5.17158579,3.47149356,0.83550407,0.00000000,0.05100522,0.77092258,1.11289120,1.06979711
-5.16558279,3.37731498,0.80546130,0.00000000,0.04895883,0.75559264,1.09216542,1.02693390
-5.15957979,3.27229097,0.77416417,0.00000000,0.04675588,0.73648275,1.06895283,0.98301892
-5.15357679,3.15853456,0.74210963,0.00000000,0.04442077,0.71408176,1.04393620,0.93868443
-5.14757379,3.03831293,0.70980959,0.00000000,0.04198178,0.68893127,1.01782776,0.89457655
-5.14157079,2.91397318,0.67777645,0.00000000,0.03947020,0.66160604,0.99134356,0.85133890
-5.13556778,2.78786622,0.64650851,0.00000000,0.03691946,0.63269396,0.96517770,0.80959603
-5.12956478,2.66227242,0.61647598,0.00000000,0.03436409,0.60277624,0.93997778,0.76993753
-5.12356178,2.53933233,0.58810819,0.00000000,0.03183879,0.57240882,0.91632272,0.73290334
-5.11755878,2.42098534,0.56178242,0.00000000,0.02937737,0.54210588,0.89470382,0.69897088
-5.11155578,2.30891876,0.53781493,0.00000000,0.02701195,0.51232587,0.87551004,0.66854444
-5.10555278,2.20452899,0.51645432,0.00000000,0.02477210,0.48346080,0.85901796,0.64194715
-5.09954977,2.10889586,0.49787752,0.00000000,0.02268415,0.45582898,0.84538671,0.61941563
-5.09354677,2.02277042,0.48218826,0.00000000,0.02077069,0.42967127,0.83465793,0.60109736
-5.08754377,1.94657571,0.46941803,0.00000000,0.01905016,0.40515091,0.82676049,0.58705062
-5.08154077,1.88041950,0.45952922,0.00000000,0.01753656,0.38235649,0.82151953,0.57724681
-5.07553777,1.82411736,0.45242015,0.00000000,0.01623935,0.36130783,0.81866907,0.57157465
-5.06953477,1.77722418,0.44793151,0.00000000,0.01516343,0.34196420,0.81786734,0.56984610
-5.06353177,1.73907188,0.44585399,0.00000000,0.01430925,0.32423418,0.81871410,0.57180344
-5.05752876,1.70881099,0.44593641,0.00000000,0.01367296,0.30798673,0.82076874,0.57712712
-5.05152576,1.68545399,0.44789426,0.00000000,0.01324671,0.29306270,0.82356843,0.58544420
-5.04552276,1.66791832,0.45141804,0.00000000,0.01301896,0.27928621,0.82664544,0.59633687
-5.03951976,1.65506735,0.45618135,0.00000000,0.01297484,0.26647543,0.82954297,0.60935107
-5.03351676,1.64574803,0.46184841,0.00000000,0.01309656,0.25445224,0.83182889,0.62400499
-5.02751376,1.63882413,0.46808101,0.00000000,0.01336385,0.24305051,0.83310710,0.63979744
-5.02151076,1.63320468,0.47454471,0.00000000,0.01375445,0.23212274,0.83302630,0.65621622
-5.01550775,1.62786742,0.48091457,0.00000000,0.01424457,0.22154494,0.83128624,0.67274635
-5.00950475,1.62187737,0.48688015,0.00000000,0.01480943,0.21121977,0.82764155,0.68887854
-5.00350175,1.61440095,0.49215027,0.00000000,0.01542377,0.20107799,0.82190342,0.70411784
-4.99749875,1.60471634,0.49645728,0.00000000,0.01606239,0.19107846,0.81393959,0.71799251
-4.99149575,1.59222066,0.49956124,0.00000000,0.01670070,0.18120677,0.80367294,0.73006321
-4.98549275,1.57643462,0.50125384,0.00000000,0.01731527,0.17147290,0.79107914,0.73993238
-4.97948974,1.55700534,0.50136228,0.00000000,0.01788432,0.16190807,0.77618380,0.74725375
-4.97348674,1.53370775,0.49975297,0.00000000,0.01838822,0.15256114,0.75905936,0.75174163
-4.96748374,1.50644492,0.49633501,0.00000000,0.01880996,0.14349466,0.73982196,0.75317984
-4.96148074,1.47524752,0.49106337,0.00000000,0.01913550,0.13478095,0.71862853,0.75142982
-4.95547774,1.44027231,0.48394161,0.00000000,0.01935409,0.12649826,0.69567410,0.74643767
-4.94947474,1.40179967,0.47502398,0.00000000,0.01945852,0.11872721,0.67118932,0.73823963
-4.94347174,1.36022982,0.46441672,0.00000000,0.01944522,0.11154755,0.64543810,0.72696583
-4.93746873,1.31607754,0.45227849,0.00000000,0.01931429,0.10503530,0.61871528,0.71284178
-4.93146573,1.26996513,0.43881965,0.00000000,0.01906943,0.09926031,0.59134414,0.69618775
-4.92546273,1.22261335,0.42430048,0.00000000,0.01871774,0.09428416,0.56367361,0.67741554
-4.91945973,1.17483015,0.40902820,0.00000000,0.01826943,0.09015842,0.53607502,0.65702294
-4.91345673,1.12749738,0.39335285,0.00000000,0.01773747,0.08692325,0.50893830,0.63558585
-4.90745373,1.08155533,0.37766206,0.00000000,0.01713711,0.08460623,0.48266760,0.61374826
-4.90145073,1.03798560,0.36237488,0.00000000,0.01648544,0.08322143,0.45767631,0.59221043
-4.89544772,0.99779237,0.34793471,0.00000000,0.01580079,0.08276871,0.43438148,0.57171545
-4.88944472,0.96198290,0.33480166,0.00000000,0.01510222,0.08323323,0.41319785,0.55303489
-4.88344172,0.93154741,0.32344436,0.00000000,0.01440900,0.08458521,0.39453152,0.53695353
-4.87743872,0.90743922,0.31433153,0.00000000,0.01374007,0.08677992,0.37877347,0.52425388
-4.87143572,0.89055543,0.30792340,0.00000000,0.01311361,0.08975800,0.36629311,0.51570074
-4.86543272,0.88171898,0.30466318,0.00000000,0.01254662,0.09344605,0.35743206,0.51202603
-4.85942971,0.88166217,0.30496873,0.00000000,0.01205467,0.09775776,0.35249828,0.51391433
-4.85342671,0.89101239,0.30922445,0.00000000,0.01165156,0.10259525,0.35176073,0.52198923
-4.84742371,0.91028004,0.31777367,0.00000000,0.01134931,0.10785102,0.35544475,0.53680065
-4.84142071,0.93984900,0.33091135,0.00000000,0.01115799,0.11341025,0.36372813,0.55881331
-4.83541771,0.97996962,0.34887747,0.00000000,0.01108583,0.11915352,0.37673804,0.58839639
-4.82941471,1.03075426,0.37185080,0.00000000,0.01113931,0.12495988,0.39454888,0.62581444
-4.82341171,1.09217518,0.39994358,0.00000000,0.01132332,0.13071020,0.41718096,0.67121966
-4.81740870,1.16406488,0.43319670,0.00000000,0.01164142,0.13629068,0.44460004,0.72464554
-4.81140570,1.24611828,0.47157586,0.00000000,0.01209607,0.14159634,0.47671778,0.78600202
-4.80540270,1.33789698,0.51496862,0.00000000,0.01268892,0.14653445,0.51339293,0.85507226
-4.79939970,1.43883494,0.56318251,0.00000000,0.01342112,0.15102763,0.55443320,0.93151109
-4.79339670,1.54824567,0.61594435,0.00000000,0.01429349,0.15501657,0.59959788,1.01484532
-4.78739370,1.66533054,0.67290082,0.00000000,0.01530684,0.15846212,0.64860084,1.10447612
-4.78139070,1.78918806,0.73362051,0.00000000,0.01646203,0.16134671,0.70111411,1.19968347
-4.77538769,1.91882396,0.79759744,0.00000000,0.01776011,0.16367501,0.75677166,1.29963288
-4.76938469,2.05316198,0.86425615,0.00000000,0.01920228,0.16547366,0.81517344,1.40338441
-4.76338169,2.19105507,0.93295834,0.00000000,0.02078979,0.16679022,0.87588951,1.50990401
-4.75737869,2.33129720,1.00301108,0.00000000,0.02252376,0.16769121,0.93846407,1.61807715
-4.75137569,2.47263541,1.07367635,0.00000000,0.02440488,0.16825944,1.00241946,1.72672453
-4.74537269,2.61378230,1.14418196,0.00000000,0.02643302,0.16859069,1.06725991,1.83461972
-4.73936968,2.75342880,1.21373344,0.00000000,0.02860677,0.16878985,1.13247504,1.94050842
-4.73336668,2.89025727,1.28152676,0.00000000,0.03092297,0.16896685,1.19754319,2.04312893
-4.72736368,3.02295505,1.34676164,0.00000000,0.03337614,0.16923243,1.26193443,2.14123351
-4.72136068,3.15022830,1.40865491,0.00000000,0.03595797,0.16969409,1.32511359,2.23360998
-4.71535768,3.27081644,1.46645388,0.00000000,0.03865682,0.17045242,1.38654317,2.31910325
-4.70935468,3.38350704,1.51944920,0.00000000,0.04145732,0.17159801,1.44568657,2.39663613
-4.70335168,3.48715135,1.56698700,0.00000000,0.04434005,0.17320911,1.50201152,2.46522905
-4.69734867,3.58068040,1.60847996,0.00000000,0.04728134,0.17535028,1.55499425,2.52401805
-4.69134567,3.66312164,1.64341719,0.00000000,0.05025331,0.17807204,1.60412433,2.57227088
-4.68534267,3.73361608,1.67137261,0.00000000,0.05322406,0.18141158,1.64891049,2.60940052
-4.67933967,3.79143567,1.69201177,0.00000000,0.05615803,0.18539467,1.68888748,2.63497621
-4.67333667,3.83600066,1.70509695,0.00000000,0.05901662,0.19003840,1.72362398,2.64873138
-4.66733367,3.86689642,1.71049060,0.00000000,0.06175902,0.19535490,1.75273157,2.65056861
-4.66133067,3.88388940,1.70815690,0.00000000,0.06434313,0.20135566,1.77587449,2.64056139
-4.65532766,3.88694121,1.69816169,0.00000000,0.06672675,0.20805617,1.79278000,2.61895270
-4.64932466,3.87622044,1.68067064,0.00000000,0.06886881,0.21548064,1.80324876,2.58615039
-4.64332166,3.85211105,1.65594582,0.00000000,0.07073063,0.22366649,1.80716500,2.54271944
-4.63731866,3.81521662,1.62434063,0.00000000,0.07227726,0.23266801,1.80450552,2.48937135
-4.63131566,3.76635965,1.58629331,0.00000000,0.07347871,0.24255920,1.79534732,2.42695054
-4.62531266,3.70657498,1.54231903,0.00000000,0.07431105,0.25343514,1.77987279,2.35641835
-4.61930965,3.63709694,1.49300067,0.00000000,0.07475738,0.26541182,1.75837222,2.27883451
-4.61330665,3.55933964,1.43897850,0.00000000,0.07480855,0.27862416,1.73124296,2.19533666
-4.60730365,3.47487054,1.38093877,0.00000000,0.07446359,0.29322214,1.69898486,2.10711823
-4.60130065,3.38537731,1.31960154,0.00000000,0.07372988,0.30936509,1.66219195,2.01540498
-4.59529765,3.29262880,1.25570786,0.00000000,0.07262303,0.32721419,1.62154017,1.92143085
-4.58929465,3.19843111,1.19000655,0.00000000,0.07116636,0.34692364,1.57777163,1.82641360
-4.58329165,3.10457997,1.12324096,0.00000000,0.06939026,0.36863060,1.53167573,1.73153076
-4.57728864,3.01281143,1.05613585,0.00000000,0.06733111,0.39244472,1.48406791,1.63789672
-4.57128564,2.92475261,0.98938488,0.00000000,0.06503013,0.41843761,1.43576685,1.54654144
-4.56528264,2.84187479,0.92363900,0.00000000,0.06253201,0.44663304,1.38757125,1.45839150
-4.55927964,2.76545102,0.85949599,0.00000000,0.05988347,0.47699840,1.34023715,1.37425416
-4.55327664,2.69652037,0.79749162,0.00000000,0.05713183,0.50943827,1.29445704,1.29480490
-4.54727364,2.63586073,0.73809252,0.00000000,0.05432353,0.54379047,1.25084166,1.22057899
-4.54127064,2.58397178,0.68169120,0.00000000,0.05150289,0.57982518,1.20990561,1.15196728
-4.53526763,2.54106913,0.62860310,0.00000000,0.04871088,0.61724746,1.17205723,1.08921654
-4.52926463,2.50709032,0.57906591,0.00000000,0.04598424,0.65570323,1.13759355,1.03243414
-4.52326163,2.48171246,0.53324108,0.00000000,0.04335473,0.69478870,1.10670015,0.98159707
-4.51725863,2.46438077,0.49121736,0.00000000,0.04084863,0.73406294,1.07945615,0.93656470
-4.51125563,2.45434668,0.45301615,0.00000000,0.03848661,0.77306307,1.05584364,0.89709477
-4.50525263,2.45071355,0.41859833,0.00000000,0.03628367,0.81132138,1.03576104,0.86286187
-4.49924962,2.45248736,0.38787236,0.00000000,0.03424943,0.84838343,1.01903936,0.83347758
-4.49324662,2.45862978,0.36070298,0.00000000,0.03238855,0.88382634,1.00546026,0.80851114
-4.48724362,2.46811055,0.33692033,0.00000000,0.03070131,0.91727589,0.99477472,0.78750988
-4.48124062,2.47995609,0.31632888,0.00000000,0.02918425,0.94842171,0.98672115,0.77001833
-4.47523762,2.49329183,0.29871590,0.00000000,0.02783091,0.97702941,0.98104156,0.75559512
-4.46923462,2.50737560,0.28385907,0.00000000,0.02663254,1.00294889,0.97749507,0.74382708
-4.46323162,2.52162042,0.27153293,0.00000000,0.02557880,1.02611820,0.97586768,0.73433974
-4.45722861,2.53560551,0.26151402,0.00000000,0.02465837,1.04656264,0.97597794,0.72680416
-4.45122561,2.54907507,0.25358467,0.00000000,0.02385944,1.06438902,0.97767822,0.72093973
-4.44522261,2.56192530,0.24753533,0.00000000,0.02317018,1.07977540,0.98085171,0.71651331
-4.43921961,2.57418087,0.24316557,0.00000000,0.02257896,1.09295668,0.98540553,0.71333484
-4.43321661,2.58596267,0.24028403,0.00000000,0.02207460,1.10420717,0.99126074,0.71125020
-4.42721361,2.59744927,0.23870738,0.00000000,0.02164639,1.11382091,0.99834001,0.71013190
-4.42121061,2.60883515,0.23825880,0.00000000,0.02128409,1.12209111,1.00655430,0.70986855
-4.41520760,2.62028850,0.23876603,0.00000000,0.02097788,1.12928988,1.01578949,0.71035394
-4.40920460,2.63191201,0.24005955,0.00000000,0.02071820,1.13564973,1.02589431,0.71147674
-4.40320160,2.64370911,0.24197103,0.00000000,0.02049570,1.14134771,1.03667054,0.71311147
-4.39719860,2.65555851,0.24433229,0.00000000,0.02030105,1.14649353,1.04786651,0.71511170
-4.39119560,2.66719865,0.24697508,0.00000000,0.02012492,1.15112212,1.05917453,0.71730581
-4.38519260,2.67822324,0.24973159,0.00000000,0.01995793,1.15519130,1.07023259,0.71949571
-4.37918959,2.68808842,0.25243588,0.00000000,0.01979069,1.15858467,1.08063061,0.72145873
-4.37318659,2.69613098,0.25492617,0.00000000,0.01961384,1.16111933,1.08992078,0.72295243
-4.36718359,2.70159646,0.25704772,0.00000000,0.01941826,1.16255822,1.09763161,0.72372206
-4.36118059,2.70367551,0.25865632,0.00000000,0.01919525,1.16262601,1.10328491,0.72351019
-4.35517759,2.70154574,0.25962198,0.00000000,0.01893671,1.16102766,1.10641463,0.72206778
-4.34917459,2.69441686,0.25983268,0.00000000,0.01863546,1.15746841,1.10658645,0.71916599
-4.34317159,2.68157572,0.25919786,0.00000000,0.01828542,1.15167405,1.10341704,0.71460782
-4.33716858,2.66242885,0.25765142,0.00000000,0.01788190,1.14341014,1.09659173,0.70823900
-4.33116558,2.63653961,0.25515397,0.00000000,0.01742175,1.13249906,1.08587964,0.69995711
-4.32516258,2.60365787,0.25169421,0.00000000,0.01690352,1.11883404,1.07114533,0.68971860
-4.31915958,2.56374049,0.24728925,0.00000000,0.01632753,1.10238923,1.05235638,0.67754305
-4.31315658,2.51696161,0.24198393,0.00000000,0.01569587,1.08322551,1.02958646,0.66351454
-4.30715358,2.46371225,0.23584901,0.00000000,0.01501237,1.06149177,1.00301390,0.64777991
-4.30115058,2.40458948,0.22897841,0.00000000,0.01428243,1.03742162,0.97291574,0.63054409
-4.29514757,2.34037614,0.22148561,0.00000000,0.01351285,1.01132606,0.93965780,0.61206280
-4.28914457,2.27201230,0.21349938,0.00000000,0.01271156,0.98358251,0.90368139,0.59263285
-4.28314157,2.20056028,0.20515904,0.00000000,0.01188739,0.95462101,0.86548736,0.57258090
-4.27713857,2.12716531,0.19660953,0.00000000,0.01104968,0.92490831,0.82561839,0.55225096
-4.27113557,2.05301387,0.18799640,0.00000000,0.01020808,0.89493089,0.78464054,0.53199153
-4.26513257,1.97929183,0.17946111,0.00000000,0.00937216,0.86517767,0.74312473,0.51214280
-4.25912956,1.90714441,0.17113662,0.00000000,0.00855117,0.83612328,0.70162930,0.49302470
-4.25312656,1.83763955,0.16314365,0.00000000,0.00775384,0.80821266,0.66068404,0.47492621
-4.24712356,1.77173621,0.15558752,0.00000000,0.00698813,0.78184749,0.62077651,0.45809636
-4.24112056,1.71025844,0.14855579,0.00000000,0.00626114,0.75737499,0.58234092,0.44273720
-4.23511756,1.65387605,0.14211667,0.00000000,0.00557903,0.73507931,0.54574985,0.42899898
-4.22911456,1.60309200,0.13631815,0.00000000,0.00494699,0.71517570,0.51130891,0.41697754
-4.22311156,1.55823651,0.13118800,0.00000000,0.00436929,0.69780744,0.47925426,0.40671396
-4.21710855,1.51946755,0.12673428,0.00000000,0.00384936,0.68304547,0.44975275,0.39819615
-4.21110555,1.48677712,0.12294656,0.00000000,0.00338994,0.67089039,0.42290447,0.39136234
-4.20510255,1.46000274,0.11979759,0.00000000,0.00299324,0.66127672,0.39874733,0.38610613
-4.19909955,1.43884319,0.11724539,0.00000000,0.00266111,0.65407909,0.37726327,0.38228275
-4.19309655,1.42287777,0.11523562,0.00000000,0.00239531,0.64911993,0.35838573,0.37971625
-4.18709355,1.41158823,0.11370421,0.00000000,0.00219765,0.64617843,0.34200791,0.37820736
-4.18109055,1.40438258,0.11258010,0.00000000,0.00207025,0.64500048,0.32799169,0.37754151
-4.17508754,1.40061995,0.11178803,0.00000000,0.00201573,0.64530914,0.31617653,0.37749704
-4.16908454,1.39963583,0.11125131,0.00000000,0.00203732,0.64681544,0.30638838,0.37785301
-4.16308154,1.40076696,0.11089453,0.00000000,0.00213908,0.64922923,0.29844824,0.37839659
-4.15707854,1.40337519,0.11064616,0.00000000,0.00232593,0.65226961,0.29218006,0.37892985
-4.15107554,1.40686981,0.11044087,0.00000000,0.00260370,0.65567491,0.28741795,0.37927566
-4.14507254,1.41072739,0.11022171,0.00000000,0.00297913,0.65921162,0.28401253,0.37928261
-4.13906953,1.41450895,0.10994193,0.00000000,0.00345980,0.66268223,0.28183609,0.37882896
-4.13306653,1.41787355,0.10956643,0.00000000,0.00405394,0.66593148,0.28078678,0.37782532
-4.12706353,1.42058790,0.10907290,0.00000000,0.00477032,0.66885102,0.28079137,0.37621624
-4.12106053,1.42253162,0.10845242,0.00000000,0.00561787,0.67138188,0.28180677,0.37398052
-4.11505753,1.42369774,0.10770966,0.00000000,0.00660544,0.67351499,0.28382017,0.37113022
-4.10905453,1.42418829,0.10686256,0.00000000,0.00774132,0.67528938,0.28684768,0.36770863
-4.10305153,1.42420505,0.10594155,0.00000000,0.00903287,0.67678810,0.29093168,0.36378700
-4.09704852,1.42403567,0.10498820,0.00000000,0.01048599,0.67813214,0.29613679,0.35946027
-4.09104552,1.42403552,0.10405356,0.00000000,0.01210464,0.67947226,0.30254466,0.35484206
-4.08504252,1.42460620,0.10319592,0.00000000,0.01389029,0.68097934,0.31024770,0.35005884
-4.07903952,1.42617124,0.10247844,0.00000000,0.01584145,0.68283341,0.31934204,0.34524374
-4.07303652,1.42915044,0.10196638,0.00000000,0.01795320,0.68521214,0.32991996,0.34053020
-4.06703352,1.43393373,0.10172425,0.00000000,0.02021678,0.68827904,0.34206206,0.33604563
-4.06103052,1.44085597,0.10181298,0.00000000,0.02261927,0.69217222,0.35582964,0.33190544
-4.05502751,1.45017403,0.10228713,0.00000000,0.02514339,0.69699419,0.37125750,0.32820768
-4.04902451,1.46204711,0.10319231,0.00000000,0.02776744,0.70280324,0.38834762,0.32502852
-4.04302151,1.47652160,0.10456297,0.00000000,0.03046535,0.70960688,0.40706404,0.32241883
-4.03701851,1.49352117,0.10642059,0.00000000,0.03320695,0.71735783,0.42732905,0.32040189
-4.03101551,1.51284268,0.10877233,0.00000000,0.03595838,0.72595264,0.44902125,0.31897247
-4.02501251,1.53415829,0.11161031,0.00000000,0.03868265,0.73523316,0.47197522,0.31809726
-4.01900950,1.55702357,0.11491140,0.00000000,0.04134042,0.74499076,0.49598316,0.31771656
-4.01300650,1.58089128,0.11863768,0.00000000,0.04389089,0.75497311,0.52079837,0.31774723
-4.00700350,1.60513031,0.12273739,0.00000000,0.04629280,0.76489324,0.54614033,0.31808670
-4.00100050,1.62904856,0.12714645,0.00000000,0.04850555,0.77444026,0.57170143,0.31861780
-3.99499750,1.65191885,0.13179046,0.00000000,0.05049035,0.78329142,0.59715476,0.31921420
-3.98899450,1.67300654,0.13658697,0.00000000,0.05221137,0.79112473,0.62216290,0.31974621
-3.98299150,1.69159745,0.14144808,0.00000000,0.05363685,0.79763155,0.64638718,0.32008664
-3.97698849,1.70702487,0.14628322,0.00000000,0.05474014,0.80252869,0.66949704,0.32011633
-3.97098549,1.71869445,0.15100188,0.00000000,0.05550060,0.80556916,0.69117920,0.31972938
-3.96498249,1.72610574,0.15551635,0.00000000,0.05590431,0.80655155,0.71114619,0.31883756
-3.95897949,1.72886986,0.15974433,0.00000000,0.05594459,0.80532717,0.72914397,0.31737394
-3.95297649,1.72672231,0.16361116,0.00000000,0.05562231,0.80180513,0.74495839,0.31529549
-3.94697349,1.71953097,0.16705192,0.00000000,0.05494592,0.79595501,0.75842036,0.31258467
-3.94097049,1.70729888,0.17001302,0.00000000,0.05393126,0.78780719,0.76940948,0.30924997
-3.93496748,1.69016224,0.17245351,0.00000000,0.05260114,0.77745097,0.77785628,0.30532547
-3.92896448,1.66838389,0.17434588,0.00000000,0.05098470,0.76503070,0.78374289,0.30086940
-3.92296148,1.64234286,0.17567654,0.00000000,0.04911655,0.75074022,0.78710240,0.29596196
-3.91695848,1.61252067,0.17644585,0.00000000,0.04703585,0.73481591,0.78801687,0.29070247
-3.91095548,1.57948520,0.17666780,0.00000000,0.04478515,0.71752887,0.78661425,0.28520598
-3.90495248,1.54387286,0.17636934,0.00000000,0.04240927,0.69917641,0.78306428,0.27959956
-3.89894947,1.50636969,0.17558938,0.00000000,0.03995410,0.68007331,0.77757363,0.27401838
-3.89294647,1.46769234,0.17437754,0.00000000,0.03746546,0.66054321,0.77038035,0.26860171
-3.88694347,1.42856919,0.17279261,0.00000000,0.03498798,0.64091027,0.76174776,0.26348895
-3.88094047,1.38972228,0.17090088,0.00000000,0.03256407,0.62149140,0.75195810,0.25881589
-3.87493747,1.35185035,0.16877420,0.00000000,0.03023308,0.60258917,0.74130576,0.25471103
-3.86893447,1.31561323,0.16648796,0.00000000,0.02803047,0.58448552,0.73009047,0.25129227
-3.86293147,1.28161763,0.16411896,0.00000000,0.02598724,0.56743621,0.71861043,0.24866385
-3.85692846,1.25040471,0.16174320,0.00000000,0.02412943,0.55166615,0.70715546,0.24691358
-3.85092546,1.22243916,0.15943368,0.00000000,0.02247783,0.53736559,0.69600040,0.24611044
-3.84492246,1.19809999,0.15725821,0.00000000,0.02104778,0.52468702,0.68539882,0.24630251
-3.83891946,1.17767320,0.15527739,0.00000000,0.01984914,0.51374288,0.67557710,0.24751529
-3.83291646,1.16134617,0.15354264,0.00000000,0.01888634,0.50460408,0.66672931,0.24975042
-3.82691346,1.14920408,0.15209464,0.00000000,0.01815858,0.49729922,0.65901267,0.25298496
-3.82091046,1.14122851,0.15096190,0.00000000,0.01766010,0.49181467,0.65254417,0.25717112
-3.81490745,1.13729831,0.15015991,0.00000000,0.01738054,0.48809552,0.64739821,0.26223670
-3.80890445,1.13719300,0.14969062,0.00000000,0.01730534,0.48604734,0.64360551,0.26808621
-3.80290145,1.14059894,0.14954251,0.00000000,0.01741630,0.48553892,0.64115348,0.27460271
-3.79689845,1.14711824,0.14969122,0.00000000,0.01769211,0.48640603,0.63998799,0.28165059
-3.79089545,1.15628062,0.15010079,0.00000000,0.01810895,0.48845604,0.64001661,0.28907917
-3.78489245,1.16755801,0.15072547,0.00000000,0.01864117,0.49147364,0.64111334,0.29672711
-3.77888944,1.18038189,0.15151213,0.00000000,0.01926199,0.49522725,0.64312452,0.30442778
-3.77288644,1.19416278,0.15240316,0.00000000,0.01994420,0.49947638,0.64587601,0.31201522
-3.76688344,1.20831166,0.15333984,0.00000000,0.02066095,0.50397941,0.64918112,0.31933078
-3.76088044,1.22226244,0.15426595,0.00000000,0.02138644,0.50850181,0.65284923,0.32623014
-3.75487744,1.23549491,0.15513163,0.00000000,0.02209669,0.51282438,0.65669461,0.33259047
-3.74887444,1.24755720,0.15589720,0.00000000,0.02277020,0.51675135,0.66054516,0.33831744
-3.74287144,1.25808681,0.15653683,0.00000000,0.02338860,0.52011785,0.66425072,0.34335187
-3.73686843,1.26682941,0.15704188,0.00000000,0.02393717,0.52279659,0.66769057,0.34767553
-3.73086543,1.27365432,0.15742372,0.00000000,0.02440527,0.52470334,0.67077987,0.35131593
-3.72486243,1.27856596,0.15771585,0.00000000,0.02478667,0.52580100,0.67347474,0.35434974
-3.71885943,1.28171059,0.15797519,0.00000000,0.02507970,0.52610195,0.67577574,0.35690450
-3.71285643,1.28337774,0.15828249,0.00000000,0.02528721,0.52566866,0.67772971,0.35915856
-3.70685343,1.28399605,0.15874167,0.00000000,0.02541645,0.52461231,0.67942982,0.36133903
-3.70085043,1.28412345,0.15947812,0.00000000,0.02547868,0.52308952,0.68101387,0.36371764
-3.69484742,1.28443182,0.16063598,0.00000000,0.02548867,0.52129725,0.68266088,0.36660464
-3.68884442,1.28568647,0.16237448,0.00000000,0.02546409,0.51946592,0.68458607,0.37034072
-3.68284142,1.28872115,0.16486332,0.00000000,0.02542466,0.51785112,0.68703450,0.37528736
-3.67683842,1.29440939,0.16827741,0.00000000,0.02539131,0.51672413,0.69027349,0.38181568
-3.67083542,1.30363316,0.17279110,0.00000000,0.02538523,0.51636151,0.69458414,0.39029431
-3.66483242,1.31725004,0.17857203,0.00000000,0.02542691,0.51703434,0.70025220,0.40107666
-3.65882941,1.33606018,0.18577502,0.00000000,0.02553516,0.51899737,0.70755864,0.41448809
-3.65282641,1.36077437,0.19453614,0.00000000,0.02572622,0.52247849,0.71677034,0.43081352
-3.64682341,1.39198451,0.20496722,0.00000000,0.02601298,0.52766914,0.72813104,0.45028587
-3.64082041,1.43013778,0.21715122,0.00000000,0.02640432,0.53471581,0.74185317,0.47307604
-3.63481741,1.47551574,0.23113845,0.00000000,0.02690456,0.54371313,0.75811075,0.49928470
-3.62881441,1.52821928,0.24694411,0.00000000,0.02751323,0.55469897,0.77703385,0.52893642
-3.62281141,1.58816026,0.26454706,0.00000000,0.02822489,0.56765152,0.79870483,0.56197644
-3.61680840,1.65506055,0.28389018,0.00000000,0.02902931,0.58248883,0.82315671,0.59827024
-3.61080540,1.72845852,0.30488215,0.00000000,0.02991175,0.59907074,0.85037392,0.63760611
-3.60480240,1.80772313,0.32740077,0.00000000,0.03085351,0.61720311,0.88029554,0.67970069
-3.59879940,1.89207516,0.35129769,0.00000000,0.03183260,0.63664451,0.91282098,0.72420725
-3.59279640,1.98061489,0.37640439,0.00000000,0.03282464,0.65711478,0.94781823,0.77072664
-3.58679340,2.07235525,0.40253913,0.00000000,0.03380374,0.67830548,0.98513414,0.81882027
-3.58079040,2.16625898,0.42951479,0.00000000,0.03474360,0.69989152,1.02460658,0.86802481
-3.57478739,2.26127836,0.45714692,0.00000000,0.03561846,0.72154363,1.06607774,0.91786802
-3.56878439,2.35639570,0.48526203,0.00000000,0.03640419,0.74294108,1.10940807,0.96788493
-3.56278139,2.45066260,0.51370541,0.00000000,0.03707916,0.76378398,1.15448986,1.01763385
-3.55677839,2.54323625,0.54234829,0.00000000,0.03762508,0.78380457,1.20125968,1.06671143
-3.55077539,2.63341084,0.57109393,0.00000000,0.03802764,0.80277697,1.24970880,1.11476617
-3.54477239,2.72064251,0.59988220,0.00000000,0.03827701,0.82052480,1.29989062,1.16150971
-3.53876938,2.80456637,0.62869258,0.00000000,0.03836808,0.83692621,1.35192430,1.20672559
-3.53276638,2.88500471,0.65754515,0.00000000,0.03830055,0.85191618,1.40599408,1.25027478
-3.52676338,2.96196573,0.68649966,0.00000000,0.03807874,0.86548562,1.46234369,1.29209808
-3.52076038,3.03563270,0.71565248,0.00000000,0.03771127,0.87767762,1.52126569,1.33221500
-3.51475738,3.10634404,0.74513157,0.00000000,0.03721052,0.88858075,1.58308607,1.37071932
-3.50875438,3.17456507,0.77508964,0.00000000,0.03659197,0.89831985,1.64814417,1.40777152
-3.50275138,3.24085294,0.80569576,0.00000000,0.03587340,0.90704486,1.71676913,1.44358834
-3.49674837,3.30581640,0.83712573,0.00000000,0.03507406,0.91491819,1.78925353,1.47842999
-3.49074537,3.37007262,0.86955168,0.00000000,0.03421376,0.92210148,1.86582584,1.51258566
-3.48474237,3.43420315,0.90313131,0.00000000,0.03331206,0.92874234,1.94662300,1.54635776
-3.47873937,3.49871166,0.93799727,0.00000000,0.03238744,0.93496217,2.03166487,1.58004589
-3.47273637,3.56398560,0.97424729,0.00000000,0.03145661,0.94084546,2.12083209,1.61393092
-3.46673337,3.63026396,1.01193535,0.00000000,0.03053393,0.94643152,2.21384896,1.64826023
-3.46073037,3.69761304,1.05106453,0.00000000,0.02963095,0.95170907,2.31027261,1.68323441
-3.45472736,3.76591160,1.09158178,0.00000000,0.02875619,0.95661404,2.40948958,1.71899623
-3.44872436,3.83484627,1.13337496,0.00000000,0.02791498,0.96103090,2.51072043,1.75562222
-3.44272136,3.90391761,1.17627220,0.00000000,0.02710955,0.96479742,2.61303259,1.79311721
-3.43671836,3.97245646,1.22004389,0.00000000,0.02633920,0.96771261,2.71536122,1.83141197
-3.43071536,4.03964978,1.26440684,0.00000000,0.02560068,0.96954754,2.81653741,1.87036401
-3.42471236,4.10457451,1.30903079,0.00000000,0.02488856,0.97005835,2.91532233,1.90976131
-3.41870935,4.16623752,1.35354661,0.00000000,0.02419581,0.96900070,3.01044601,1.94932881
-3.41270635,4.22361938,1.39755609,0.00000000,0.02351433,0.96614486,3.10064857,1.98873714
-3.40670335,4.27571944,1.44064248,0.00000000,0.02283553,0.96129056,3.18472198,2.02761305
-3.40070035,4.32159963,1.48238155,0.00000000,0.02215088,0.95428062,3.26155008,2.06555098
-3.39469735,4.36042436,1.52235237,0.00000000,0.02145247,0.94501258,3.33014480,2.10212512
-3.38869435,4.39149444,1.56014747,0.00000000,0.02073342,0.93344769,3.38967657,2.13690131
-3.38269135,4.41427284,1.59538173,0.00000000,0.01998828,0.91961645,3.43949744,2.16944813
-3.37668834,4.42840116,1.62769971,0.00000000,0.01921326,0.90362066,3.47915564,2.19934677
-3.37068534,4.43370579,1.65678116,0.00000000,0.01840646,0.88563150,3.50840102,2.22619920
-3.36468234,4.43019372,1.68234453,0.00000000,0.01756787,0.86588389,3.52718113,2.24963443
-3.35867934,4.41803846,1.70414841,0.00000000,0.01669936,0.84466740,3.53562855,2.26931278
-3.35267634,4.39755721,1.72199121,0.00000000,0.01580455,0.82231413,3.53404025,2.28492807
-3.34667334,4.36918085,1.73570917,0.00000000,0.01488856,0.79918431,3.52285060,2.29620820
-3.34067034,4.33341906,1.74517321,0.00000000,0.01395781,0.77565038,3.50259966,2.30291427
-3.33466733,4.29082265,1.75028494,0.00000000,0.01301963,0.75208038,3.47389890,2.30483864
-3.32866433,4.24194598,1.75097241,0.00000000,0.01208196,0.72882173,3.43739640,2.30180266
-3.32266133,4.18731164,1.74718604,0.00000000,0.01115301,0.70618609,3.39374367,2.29365437
-3.31665833,4.12737991,1.73889524,0.00000000,0.01024091,0.68443629,3.34356605,2.28026668
-3.31065533,4.06252477,1.72608595,0.00000000,0.00935342,0.66377584,3.28743824,2.26153662
-3.30465233,3.99301805,1.70875959,0.00000000,0.00849764,0.64434171,3.22586630,2.23738577
-3.29864932,3.91902258,1.68693336,0.00000000,0.00767985,0.62620064,3.15927683,2.20776210
-3.29264632,3.84059447,1.66064203,0.00000000,0.00690529,0.60934907,3.08801367,2.17264332
-3.28664332,3.75769453,1.62994107,0.00000000,0.00617809,0.59371664,3.01234184,2.13204151
-3.28064032,3.67020752,1.59491077,0.00000000,0.00550125,0.57917305,2.93245813,2.08600873
-3.27463732,3.57796808,1.55566121,0.00000000,0.00487658,0.56553767,2.84850716,2.03464334
-3.26863432,3.48079134,1.51233732,0.00000000,0.00430480,0.55259142,2.76060152,1.97809629
-3.26263132,3.37850625,1.46512388,0.00000000,0.00378563,0.54009023,2.66884452,1.91657706
-3.25662831,3.27098924,1.41424969,0.00000000,0.00331791,0.52777923,2.57335365,1.85035847
-3.25062531,3.15819613,1.35999070,0.00000000,0.00289973,0.51540691,2.47428315,1.77977997
-3.24462231,3.04019028,1.30267141,0.00000000,0.00252861,0.50273866,2.37184424,1.70524886
-3.23861931,2.91716513,1.24266463,0.00000000,0.00220164,0.48956877,2.26632159,1.62723919
-3.23261631,2.78945992,1.18038906,0.00000000,0.00191568,0.47573063,2.15808502,1.54628802
-3.22661331,2.65756778,1.11630493,0.00000000,0.00166746,0.46110448,2.04759596,1.46298919
-3.22061031,2.52213567,1.05090763,0.00000000,0.00145378,0.44562258,1.93540824,1.37798454
-3.21460730,2.38395663,0.98471968,0.00000000,0.00127161,0.42927169,1.82216337,1.29195304
-3.20860430,2.24395473,0.91828131,0.00000000,0.00111821,0.41209292,1.70858100,1.20559818
-3.20260130,2.10316400,0.85214010,0.00000000,0.00099124,0.39417907,1.59544500,1.11963426
-3.19659830,1.96270269,0.78684022,0.00000000,0.00088882,0.37567000,1.48358656,1.03477206
-3.19059530,1.82374436,0.72291172,0.00000000,0.00080966,0.35674624,1.37386514,0.95170470
-3.18459230,1.68748774,0.66086041,0.00000000,0.00075304,0.33762143,1.26714880,0.87109424
-3.17858929,1.55512692,0.60115883,0.00000000,0.00071895,0.31853412,1.16429492,0.79355966
-3.17258629,1.42782342,0.54423861,0.00000000,0.00070807,0.29973944,1.06613248,0.71966668
-3.16658329,1.30668164,0.49048462,0.00000000,0.00072188,0.28150101,0.97344681,0.64991983
-3.16058029,1.19272866,0.44023099,0.00000000,0.00076262,0.26408367,0.88696762,0.58475699
-3.15457729,1.08689902,0.39375921,0.00000000,0.00083337,0.24774717,0.80736055,0.52454656
-3.14857429,0.99002497,0.35129806,0.00000000,0.00093809,0.23274122,0.73522254,0.46958704
-3.14257129,0.90283199,0.31302548,0.00000000,0.00108160,0.21930177,0.67108080,0.42010903
-3.13656828,0.82593925,0.27907179,0.00000000,0.00126959,0.20764876,0.61539509,0.37627918
-3.13056528,0.75986422,0.24952426,0.00000000,0.00150863,0.19798502,0.56856250,0.33820568
-3.12456228,0.70503044,0.22443235,0.00000000,0.00180613,0.19049622,0.53092417,0.30594489
-3.11855928,0.66177744,0.20381347,0.00000000,0.00217028,0.18535162,0.50277281,0.27950852
-3.11255628,0.63037131,0.18765860,0.00000000,0.00260992,0.18270519,0.48436019,0.25887078
-3.10655328,0.61101488,0.17593752,0.00000000,0.00313449,0.18269679,0.47590355,0.24397516
-3.10055028,0.60385624,0.16860323,0.00000000,0.00375375,0.18545317,0.47759007,0.23474023
-3.09454727,0.60899454,0.16559533,0.00000000,0.00447767,0.19108827,0.48957866,0.23106422
-3.08854427,0.62648234,0.16684209,0.00000000,0.00531605,0.19970272,0.51199841,0.23282802
-3.08254127,0.65632391,0.17226105,0.00000000,0.00627829,0.21138223,0.54494351,0.23989657
-3.07653827,0.69846928,0.18175826,0.00000000,0.00737297,0.22619488,0.58846435,0.25211850
-3.07053527,0.75280411,0.19522610,0.00000000,0.00860745,0.24418717,0.64255515,0.26932416
-3.06453227,0.81913588,0.21253987,0.00000000,0.00998747,0.26537900,0.70713852,0.29132220
-3.05852926,0.89717704,0.23355346,0.00000000,0.01151666,0.28975775,0.78204763,0.31789506
-3.05252626,0.98652626,0.25809429,0.00000000,0.01319613,0.31727182,0.86700712,0.34879369
-3.04652326,1.08664895,0.28595811,0.00000000,0.01502399,0.34782387,0.96161361,0.38373198
-3.04052026,1.19685857,0.31690382,0.00000000,0.01699499,0.38126435,1.06531748,0.42238133
-3.03451726,1.31630009,0.35064896,0.00000000,0.01910017,0.41738568,1.17740697,0.46436592
-3.02851426,1.44393739,0.38686618,0.00000000,0.02132663,0.45591768,1.29699618,0.50925915
-3.02251126,1.57854571,0.42518116,0.00000000,0.02365738,0.49652460,1.42301810,0.55658170
-3.01650825,1.71871078,0.46517224,0.00000000,0.02607134,0.53880433,1.55422400,0.60580154
-3.01050525,1.86283531,0.50637218,0.00000000,0.02854344,0.58229001,1.68918984,0.65633631
-3.00450225,2.00915383,0.54827207,0.00000000,0.03104492,0.62645433,1.82633044,0.70755819
-2.99849925,2.15575596,0.59032760,0.00000000,0.03354378,0.67071677,1.96392160,0.75880136
-2.99249625,2.30061811,0.63196756,0.00000000,0.03600535,0.71445351,2.10012984,0.80937197
-2.98649325,2.44164294,0.67260440,0.00000000,0.03839301,0.75701011,2.23304941,0.85856054
-2.98049025,2.57670560,0.71164664,0.00000000,0.04066911,0.79771653,2.36074525,0.90565638
-2.97448724,2.70370524,0.74851262,0.00000000,0.04279585,0.83590398,2.48130065,0.94996361
-2.96848424,2.82062007,0.78264511,0.00000000,0.04473637,0.87092316,2.59286784,0.99081829
-2.96248124,2.92556376,0.81352626,0.00000000,0.04645574,0.90216315,2.69371940,1.02760606
-2.95647824,3.01684098,0.84069217,0.00000000,0.04792206,0.92907020,2.78229846,1.05977946
-2.95047524,3.09299978,0.86374655,0.00000000,0.04910740,0.95116570,2.85726539,1.08687444
-2.94447224,3.15287842,0.88237263,0.00000000,0.04998872,0.96806256,2.91753892,1.10852524
-2.93846923,3.19564465,0.89634311,0.00000000,0.05054857,0.97947931,2.96232973,1.12447700
-2.93246623,3.22082573,0.90552724,0.00000000,0.05077573,0.98525129,2.99116487,1.13459562
-2.92646323,3.22832755,0.90989502,0.00000000,0.05066554,0.98533853,3.00390190,1.13887424
-2.92046023,3.21844229,0.90951807,0.00000000,0.05022008,0.97982981,3.00073200,1.13743628
-2.91445723,3.19184389,0.90456726,0.00000000,0.04944813,0.96894293,2.98217179,1.13053455
-2.90845423,3.14957180,0.89530701,0.00000000,0.04836488,0.95302108,2.94904435,1.11854667
-2.90245123,3.09300352,0.88208664,0.00000000,0.04699146,0.93252540,2.90245026,1.10196678
-2.89644822,3.02381720,0.86532912,0.00000000,0.04535426,0.90802425,2.84373002,1.08139392
-2.89044522,2.94394588,0.84551766,0.00000000,0.04348412,0.88017942,2.77441961,1.05751746
-2.88444222,2.85552524,0.82318086,0.00000000,0.04141540,0.84972997,2.69620132,1.03110006
-2.87843922,2.76083707,0.79887689,0.00000000,0.03918494,0.81747422,2.61085192,1.00295892
-2.87243622,2.66225047,0.77317754,0.00000000,0.03683106,0.78425060,2.52019059,0.97394580
-2.86643322,2.56216305,0.74665273,0.00000000,0.03439252,0.75091792,2.42602858,0.94492663
-2.86043022,2.46294409,0.71985595,0.00000000,0.03190751,0.71833570,2.33012279,0.91676118
-2.85442721,2.36688130,0.69331144,0.00000000,0.02941281,0.68734517,2.23413479,0.89028358
-2.84842421,2.27613267,0.66750314,0.00000000,0.02694297,0.65875116,2.13959648,0.86628408
-2.84242121,2.19268445,0.64286602,0.00000000,0.02452972,0.63330558,2.04788347,0.84549250
-2.83641821,2.11831595,0.61977976,0.00000000,0.02220149,0.61169246,1.96019635,0.82856374
-2.83041521,2.05457147,0.59856484,0.00000000,0.01998306,0.59451489,1.87754988,0.81606557
-2.82441221,2.00273933,0.57948094,0.00000000,0.01789546,0.58228402,1.80076977,0.80846877
-2.81840920,1.96383785,0.56272751,0.00000000,0.01595592,0.57540996,1.73049606,0.80613981
-2.81240620,1.93860774,0.54844611,0.00000000,0.01417804,0.57419491,1.66719231,0.80933589
-2.80640320,1.92751035,0.53672429,0.00000000,0.01257200,0.57882818,1.61115923,0.81820235
-2.80040020,1.93073112,0.52760060,0.00000000,0.01114494,0.58938339,1.56255157,0.83277241
-2.79439720,1.94818770,0.52107027,0.00000000,0.00990131,0.60581762,1.52139693,0.85296891
-2.78839420,1.97954204,0.51709140,0.00000000,0.00884335,0.62797266,1.48761550,0.87860816
-2.78239120,2.02421613,0.51559108,0.00000000,0.00797154,0.65557827,1.46103943,0.90940556
-2.77638819,2.08141078,0.51647142,0.00000000,0.00728499,0.68825765,1.44143127,0.94498294
-2.77038519,2.15012741,0.51961510,0.00000000,0.00678191,0.72553486,1.42850075,0.98487758
-2.76438219,2.22919236,0.52489037,0.00000000,0.00645990,0.76684447,1.42191948,1.02855255
-2.75837919,2.31728373,0.53215547,0.00000000,0.00631624,0.81154320,1.42133357,1.07540846
-2.75237619,2.41296037,0.54126230,0.00000000,0.00634813,0.85892356,1.42637398,1.12479639
-2.74637319,2.51469301,0.55205961,0.00000000,0.00655275,0.90822922,1.43666501,1.17603175
-2.74037019,2.62089696,0.56439552,0.00000000,0.00692736,0.95867201,1.45183105,1.22840893
-2.73436718,2.72996617,0.57811973,0.00000000,0.00746920,1.00944999,1.47150199,1.28121657
-2.72836418,2.84030807,0.59308531,0.00000000,0.00817543,1.05976647,1.49531782,1.33375294
-2.72236118,2.95037850,0.60915038,0.00000000,0.00904291,1.10884923,1.52293255,1.38534145
-2.71635818,3.05871604,0.62617966,0.00000000,0.01006803,1.15596953,1.55401795,1.43534563
-2.71035518,3.16397497,0.64404609,0.00000000,0.01124644,1.20046042,1.58826731,1.48318345
-2.70435218,3.26495591,0.66263244,0.00000000,0.01257280,1.24173358,1.62539928,1.52834055
-2.69834917,3.36063329,0.68183311,0.00000000,0.01404059,1.27929437,1.66516196,1.57038194
-2.69234617,3.45017887,0.70155595,0.00000000,0.01564183,1.31275440,1.70733708,1.60896209
-2.68634317,3.53298048,0.72172419,0.00000000,0.01736699,1.34184133,1.75174411,1.64383271
-2.68034017,3.60865530,0.74227822,0.00000000,0.01920485,1.36640543,1.79824407,1.67484843
-2.67433717,3.67705723,0.76317724,0.00000000,0.02114249,1.38642284,1.84674271,1.70196969
-2.66833417,3.73827777,0.78440056,0.00000000,0.02316535,1.40199518,1.89719256,1.72526308
-2.66233117,3.79264040,0.80594833,0.00000000,0.02525735,1.41334572,1.94959367,1.74489876
-2.65632816,3.84068818,0.82784154,0.00000000,0.02740115,1.42081202,2.00399237,1.76114501
-2.65032516,3.88316486,0.85012117,0.00000000,0.02957839,1.42483538,2.06047782,1.77435994
-2.64432216,3.92098958,0.87284618,0.00000000,0.03177007,1.42594727,2.11917602,1.78498049
-2.63831916,3.95522571,0.89609034,0.00000000,0.03395692,1.42475318,2.18024105,1.79350871
-2.63231616,3.98704441,0.91993776,0.00000000,0.03611982,1.42191429,2.24384343,1.80049578
-2.62631316,4.01768366,0.94447715,0.00000000,0.03824019,1.41812740,2.31015563,1.80652397
-2.62031016,4.04840368,0.96979480,0.00000000,0.04030039,1.41410370,2.37933515,1.81218691
-2.61430715,4.08043987,0.99596660,0.00000000,0.04228403,1.41054685,2.45150524,1.81806871
-2.60830415,4.11495454,1.02304916,0.00000000,0.04417625,1.40813102,2.52673431,1.82472252
-2.60230115,4.15298873,1.05107052,0.00000000,0.04596392,1.40747937,2.60501443,1.83264906
-2.59629815,4.19541581,1.08002083,0.00000000,0.04763572,1.40914364,2.68624009,1.84227597
-2.59029515,4.24289833,1.10984348,0.00000000,0.04918216,1.41358537,2.77018838,1.85393853
-2.58429215,4.29584987,1.14042714,0.00000000,0.05059549,1.42115939,2.85650142,1.86786277
-2.57828914,4.35440356,1.17159939,0.00000000,0.05186956,1.43209999,2.94467269,1.88415144
-2.57228614,4.41838874,1.20312234,0.00000000,0.05299960,1.44651051,3.03403800,1.90277376
-2.56628314,4.48731722,1.23469074,0.00000000,0.05398196,1.46435646,3.12377235,1.92355953
-2.56028014,4.56038035,1.26593298,0.00000000,0.05481385,1.48546284,3.21289349,1.94619797
-2.55427714,4.63645755,1.29641513,0.00000000,0.05549308,1.50951574,3.30027266,1.97024184
-2.54827414,4.71413687,1.32564829,0.00000000,0.05601782,1.53606844,3.38465289,1.99511677
-2.54227114,4.79174743,1.35309901,0.00000000,0.05638644,1.56455188,3.46467465,2.02013588
-2.53626813,4.86740309,1.37820270,0.00000000,0.05659743,1.59428949,3.53890837,2.04451935
-2.53026513,4.93905644,1.40037950,0.00000000,0.05664935,1.62451597,3.60589296,2.06741831
-2.52426213,5.00456117,1.41905218,0.00000000,0.05654096,1.65439945,3.66417911,2.08794242
-2.51825913,5.06174106,1.43366517,0.00000000,0.05627134,1.68306652,3.71237554,2.10519008
-2.51225613,5.10846278,1.44370420,0.00000000,0.05584015,1.70962915,3.74919673,2.11828019
-2.50625313,5.14270992,1.44871542,0.00000000,0.05524794,1.73321275,3.77350974,2.12638422
-2.50025013,5.16265518,1.44832326,0.00000000,0.05449646,1.75298416,3.78437826,2.12875728
-2.49424712,5.16672776,1.44224630,0.00000000,0.05358905,1.76817869,3.78110182,2.12476694
-2.48824412,5.15367313,1.43031006,0.00000000,0.05253093,1.77812509,3.76324820,2.11391853
-2.48224112,5.12260250,1.41245658,0.00000000,0.05132951,1.78226742,3.73067762,2.09587592
-2.47623812,5.07302994,1.38874978,0.00000000,0.04999458,1.78018302,3.68355731,2.07047681
-2.47023512,5.00489547,1.35937689,0.00000000,0.04853846,1.77159580,3.62236578,2.03774193
-2.46423212,4.91857298,1.32464535,0.00000000,0.04697600,1.75638427,3.54788643,1.99787766
-2.45822911,4.81486289,1.28497577,0.00000000,0.04532442,1.73458414,3.46119081,1.95127213
-2.45222611,4.69496965,1.24089102,0.00000000,0.04360315,1.70638523,3.36361206,1.89848478
-2.44622311,4.56046525,1.19300198,0.00000000,0.04183338,1.67212305,3.25670981,1.84022998
-2.44022011,4.41324042,1.14199081,0.00000000,0.04003764,1.63226532,3.14222806,1.77735540
-2.43421711,4.25544559,1.08859213,0.00000000,0.03823920,1.58739430,3.02204780,1.71081601
-2.42821411,4.08942425,1.03357335,0.00000000,0.03646145,1.53818543,2.89813639,1.64164476
-2.42221111,3.91764161,0.97771452,0.00000000,0.03472722,1.48538369,2.77249579,1.57092135
-2.41620810,3.74261145,0.92178889,0.00000000,0.03305805,1.42977834,2.64711169,1.49974003
-2.41020510,3.56682422,0.86654453,0.00000000,0.03147356,1.37217743,2.52390528,1.42917791
-2.40420210,3.39267896,0.81268789,0.00000000,0.02999080,1.31338309,2.40468942,1.36026483
-2.39819910,3.22242173,0.76086956,0.00000000,0.02862370,1.25416853,2.29113043,1.29395589
-2.39219610,3.05809240,0.71167266,0.00000000,0.02738265,1.19525769,2.18471644,1.23110751
-2.38619310,2.90148146,0.66560394,0.00000000,0.02627418,1.13730825,2.08673287,1.17245775
-2.38019010,2.75409780,0.62308778,0.00000000,0.02530078,1.08089851,1.99824520,1.11861136
-2.37418709,2.61714801,0.58446269,0.00000000,0.02446090,1.02651832,1.92008888,1.07002990
-2.36818409,2.49152710,0.54998044,0.00000000,0.02374906,0.97456434,1.85286591,1.02702693
-2.36218109,2.37782011,0.51980728,0.00000000,0.02315613,0.92533928,1.79694738,0.98976820
-2.35617809,2.27631376,0.49402704,0.00000000,0.02266976,0.87905498,1.75248126,0.95827654
-2.35017509,2.18701678,0.47264576,0.00000000,0.02227491,0.83583874,1.71940439,0.93244104
-2.34417209,2.10968751,0.45559742,0.00000000,0.02195448,0.79574244,1.69745797,0.91202984
-2.33816908,2.04386724,0.44275061,0.00000000,0.02169004,0.75875369,1.68620563,0.89670605
-2.33216608,1.98891752,0.43391572,0.00000000,0.02146253,0.72480840,1.68505333,0.88604605
-2.32616308,1.94405993,0.42885255,0.00000000,0.02125306,0.69380407,1.69327074,0.87955943
-2.32016008,1.90841684,0.42727813,0.00000000,0.02104364,0.66561321,1.71001341,0.87670993
-2.31415708,1.88105172,0.42887466,0.00000000,0.02081786,0.64009623,1.73434562,0.87693673
-2.30815408,1.86100795,0.43329754,0.00000000,0.02056152,0.61711347,1.76526368,0.87967539
-2.30215108,1.84734504,0.44018335,0.00000000,0.02026313,0.59653577,1.80171941,0.88437786
-2.29614807,1.83917148,0.44915790,0.00000000,0.01991434,0.57825357,1.84264387,0.89053119
-2.29014507,1.83567358,0.45984407,0.00000000,0.01951017,0.56218404,1.88697091,0.89767424
-2.28414207,1.83613974,0.47186967,0.00000000,0.01904920,0.54827636,1.93366047,0.90541209
-2.27813907,1.83997966,0.48487492,0.00000000,0.01853352,0.53651492,1.98172117,0.91342782
-2.27213607,1.84673828,0.49851964,0.00000000,0.01796861,0.52692054,2.03023161,0.92149124
-2.26613307,1.85610401,0.51248980,0.00000000,0.01736312,0.51954975,2.07835990,0.92946436
-2.26013007,1.86791123,0.52650331,0.00000000,0.01672844,0.51449213,2.12538061,0.93730335
-2.25412706,1.88213668,0.54031486,0.00000000,0.01607831,0.51186579,2.17068833,0.94505696
-2.24812406,1.89888988,0.55371943,0.00000000,0.01542823,0.51181124,2.21380724,0.95286117
-2.24212106,1.91839764,0.56655442,0.00000000,0.01479493,0.51448365,2.25439585,0.96093019
-2.23611806,1.94098279,0.57870018,0.00000000,0.01419572,0.52004370,2.29224639,0.96954403
-2.23011506,1.96703761,0.59007882,0.00000000,0.01364789,0.52864727,2.32727862,0.97903276
-2.22411206,1.99699268,0.60065128,0.00000000,0.01316809,0.54043417,2.35952794,0.98975794
-2.21810905,2.03128188,0.61041277,0.00000000,0.01277175,0.55551627,2.38912803,1.00209175
-2.21210605,2.07030480,0.61938671,0.00000000,0.01247253,0.57396538,2.41628855,1.01639459
-2.20610305,2.11438794,0.62761743,0.00000000,0.01228184,0.59580125,2.44126902,1.03299176
-2.20010005,2.16374615,0.63516203,0.00000000,0.01220843,0.62098034,2.46434973,1.05215037
-2.19409705,2.21844623,0.64208166,0.00000000,0.01225805,0.64938561,2.48580141,1.07405732
-2.18809405,2.27837443,0.64843294,0.00000000,0.01243316,0.68081825,2.50585508,1.09879946
-2.18209105,2.34320958,0.65425972,0.00000000,0.01273285,0.71499147,2.52467378,1.12634692
-2.17608804,2.41240374,0.65958587,0.00000000,0.01315266,0.75152724,2.54232790,1.15654061
-2.17008504,2.48517173,0.66440939,0.00000000,0.01368473,0.78995611,2.55877547,1.18908463
-2.16408204,2.56049074,0.66869828,0.00000000,0.01431783,0.82972068,2.57384891,1.22354432
-2.15807904,2.63711079,0.67238846,0.00000000,0.01503767,0.87018274,2.58724894,1.25935042
-2.15207604,2.71357633,0.67538378,0.00000000,0.01582716,0.91063425,2.59854654,1.29580924
-2.14607304,2.78825853,0.67755832,0.00000000,0.01666689,0.95031185,2.60719285,1.33211911
-2.14007004,2.85939774,0.67876080,0.00000000,0.01753557,0.98841473,2.61253690,1.36739223
-2.13406703,2.92515424,0.67882082,0.00000000,0.01841060,1.02412527,2.61385029,1.40068150
-2.12806403,2.98366583,0.67755679,0.00000000,0.01926873,1.05663158,2.61035782,1.43101108
-2.12206103,3.03310956,0.67478498,0.00000000,0.02008666,1.08515144,2.60127242,1.45740959
-2.11605803,3.07176511,0.67032919,0.00000000,0.02084172,1.10895624,2.58583267,1.47894442
-2.11005503,3.09807694,0.66403065,0.00000000,0.02151256,1.12739432,2.56334110,1.49475566
-2.10405203,3.11071232,0.65575747,0.00000000,0.02207970,1.13991233,2.53320101,1.50408812
-2.09804902,3.10861255,0.64541315,0.00000000,0.02252618,1.14607390,2.49495019,1.50631999
-2.09204602,3.09103496,0.63294381,0.00000000,0.02283799,1.14557459,2.44828954,1.50098673
-2.08604302,3.05758353,0.61834350,0.00000000,0.02300452,1.13825248,2.39310526,1.48779920
-2.08004002,3.00822694,0.60165762,0.00000000,0.02301875,1.12409383,2.32948338,1.46665522
-2.07403702,2.94330299,0.58298392,0.00000000,0.02287752,1.10323370,2.25771589,1.43764397
-2.06803402,2.86350929,0.56247138,0.00000000,0.02258144,1.07595129,2.17829829,1.40104326
-2.06203102,2.76988091,0.54031674,0.00000000,0.02213488,1.04266040,2.09191861,1.35730980
-2.05602801,2.66375592,0.51675904,0.00000000,0.02154566,1.00389535,1.99943859,1.30706318
-2.05002501,2.54673076,0.49207238,0.00000000,0.02082477,0.96029316,1.90186797,1.25106427
-2.04402201,2.42060754,0.46655730,0.00000000,0.01998586,0.91257271,1.80033329,1.19018936
-2.03801901,2.28733583,0.44053117,0.00000000,0.01904479,0.86151191,1.69604260,1.12540129
-2.03201601,2.14895170,0.41431809,0.00000000,0.01801903,0.80792387,1.59024804,1.05771888
-2.02601301,2.00751668,0.38823873,0.00000000,0.01692706,0.75263306,1.48420787,0.98818629
-2.02001001,1.86505931,0.36260062,0.00000000,0.01578779,0.69645258,1.37914972,0.91784354
-2.01400700,1.72352164,0.33768927,0.00000000,0.01461999,0.64016312,1.27623672,0.84769950
-2.00800400,1.58471277,0.31376049,0.00000000,0.01344174,0.58449470,1.17653776,0.77870838
-2.00200100,1.45027078,0.29103419,0.00000000,0.01227002,0.53011140,1.08100316,0.71175059
-1.99599800,1.32163444,0.26968990,0.00000000,0.01112025,0.47759977,0.99044634,0.64761843
-1.98999500,1.20002484,0.24986407,0.00000000,0.01000608,0.42746081,0.90553203,0.58700704
-1.98399200,1.08643724,0.23164921,0.00000000,0.00893909,0.38010575,0.82677117,0.53051040
-1.97798899,0.98164258,0.21509477,0.00000000,0.00792877,0.33585526,0.75452223,0.47862234
-1.97198599,0.88619765,0.20020972,0.00000000,0.00698241,0.29494193,0.68899833,0.43174191
-1.96598299,0.80046282,0.18696645,0.00000000,0.00610519,0.25751545,0.63027958,0.39018238
-1.95997999,0.72462560,0.17530589,0.00000000,0.00530028,0.22365009,0.57832958,0.35418326
-1.95397699,0.65872861,0.16514342,0.00000000,0.00456903,0.19335376,0.53301486,0.32392409
-1.94797399,0.60269988,0.15637543,0.00000000,0.00391115,0.16657829,0.49412632,0.29953931
-1.94197099,0.55638400,0.14888591,0.00000000,0.00332497,0.14323021,0.46140127,0.28113292
-1.93596798,0.51957221,0.14255307,0.00000000,0.00280769,0.12318155,0.43454497,0.26879225
-1.92996498,0.49203003,0.13725549,0.00000000,0.00235564,0.10628027,0.41325065,0.26259977
-1.92396198,0.47352118,0.13287758,0.00000000,0.00196450,0.09235988,0.39721704,0.26264231
-1.91795898,0.46382664,0.12931416,0.00000000,0.00162957,0.08124805,0.38616270,0.26901706
-1.91195598,0.46275810,0.12647400,0.00000000,0.00134593,0.07277387,0.37983652,0.28183391
-1.90595298,0.47016555,0.12428215,0.00000000,0.00110867,0.06677378,0.37802414,0.30121396
-1.89994997,0.48593863,0.12268116,0.00000000,0.00091301,0.06309605,0.38055013,0.32728413
-1.89394697,0.51000219,0.12163096,0.00000000,0.00075441,0.06160379,0.38727609,0.36016811
-1.88794397,0.54230638,0.12110773,0.00000000,0.00062871,0.06217672,0.39809490,0.39997409
-1.88194097,0.58281214,0.12110174,0.00000000,0.00053214,0.06471161,0.41292184,0.44677976
-1.87593797,0.63147304,0.12161431,0.00000000,0.00046139,0.06912174,0.43168298,0.50061556
-1.86993497,0.68821474,0.12265421,0.00000000,0.00041362,0.07533542,0.45430205,0.56144692
-1.86393197,0.75291336,0.12423358,0.00000000,0.00038645,0.08329379,0.48068633,0.62915677
-1.85792896,0.82537421,0.12636381,0.00000000,0.00037797,0.09294816,0.51071290,0.70352930
-1.85192596,0.90531231,0.12905145,0.00000000,0.00038669,0.10425700,0.54421597,0.78423621
-1.84592296,0.99233615,0.13229446,0.00000000,0.00041152,0.11718272,0.58097645,0.87082648
-1.83991996,1.08593587,0.13607907,0.00000000,0.00045172,0.13168854,0.62071443,0.96272088
-1.83391696,1.18547697,0.14037742,0.00000000,0.00050687,0.14773548,0.66308544,1.05921172
-1.82791396,1.29020044,0.14514600,0.00000000,0.00057682,0.16527958,0.70768093,1.15946881
-1.82191096,1.39922963,0.15032526,0.00000000,0.00066166,0.18426961,0.75403329,1.26255170
-1.81590795,1.51158425,0.15584015,0.00000000,0.00076167,0.20464512,0.80162543,1.36742831
-1.80990495,1.62620104,0.16160178,0.00000000,0.00087728,0.22633505,0.84990480,1.47299959
-1.80390195,1.74196066,0.16751000,0.00000000,0.00100910,0.24925694,0.89830120,1.57812952
-1.79789895,1.85771965,0.17345691,0.00000000,0.00115782,0.27331657,0.94624786,1.68167934
-1.79189595,1.97234635,0.17933094,0.00000000,0.00132423,0.29840823,0.99320460,1.78254475
-1.78589295,2.08475890,0.18502152,0.00000000,0.00150923,0.32441554,1.03868213,1.87969441
-1.77988994,2.19396381,0.19042382,0.00000000,0.00171380,0.35121259,1.08226599,1.97220803
-1.77388694,2.29909296,0.19544360,0.00000000,0.00193899,0.37866560,1.12363903,2.05931213
-1.76788394,2.39943721,0.20000161,0.00000000,0.00218594,0.40663489,1.16260088,2.14041175
-1.76188094,2.49447487,0.20403748,0.00000000,0.00245589,0.43497702,1.19908335,2.21511626
-1.75587794,2.58389327,0.20751288,0.00000000,0.00275015,0.46354716,1.23316046,2.28325800
-1.74987494,2.66760233,0.21041362,0.00000000,0.00307011,0.49220148,1.26505248,2.34490234
-1.74387194,2.74573896,0.21275068,0.00000000,0.00341727,0.52079954,1.29512320,2.40034861
-1.73786893,2.81866207,0.21456006,0.00000000,0.00379315,0.54920657,1.32387026,2.45012143
-1.73186593,2.88693801,0.21590148,0.00000000,0.00419937,0.57729557,1.35190871,2.49495260
-1.72586293,2.95131690,0.21685597,0.00000000,0.00463754,0.60494923,1.37994810,2.53575418
-1.71985993,3.01270099,0.21752238,0.00000000,0.00510928,0.63206151,1.40876419,2.57358371
-1.71385693,3.07210611,0.21801325,0.00000000,0.00561615,0.65853903,1.43916611,2.60960309
-1.70785393,3.13061822,0.21844999,0.00000000,0.00615962,0.68430207,1.47196064,2.64503273
-1.70185093,3.18934672,0.21895780,0.00000000,0.00674104,0.70928530,1.50791513,2.68110305
-1.69584792,3.24937692,0.21966065,0.00000000,0.00736152,0.73343825,1.54772079,2.71900521
-1.68984492,3.31172361,0.22067645,0.00000000,0.00802197,0.75672554,1.59195812,2.75984345
-1.68384192,3.37728801,0.22211278,0.00000000,0.00872300,0.77912683,1.64106627,2.80459080
-1.67783892,3.44681989,0.22406349,0.00000000,0.00946486,0.80063666,1.69531791,2.85405013
-1.67183592,3.52088670,0.22660614,0.00000000,0.01024747,0.82126412,1.75480084,2.90882218
-1.66583292,3.59985093,0.22980061,0.00000000,0.01107033,0.84103238,1.81940756,2.96928179
-1.65982991,3.68385670,0.23368878,0.00000000,0.01193255,0.85997822,1.88883340,3.03556333
-1.65382691,3.77282613,0.23829532,0.00000000,0.01283283,0.87815135,1.96258353,3.10755579
-1.64782391,3.86646544,0.24362951,0.00000000,0.01376945,0.89561379,2.03998865,3.18490774
-1.64182091,3.96428047,0.24968786,0.00000000,0.01474027,0.91243909,2.12022895,3.26704185
-1.63581791,4.06560080,0.25645728,0.00000000,0.01574279,0.92871147,2.20236522,3.35317834
-1.62981491,4.16961114,0.26391866,0.00000000,0.01677410,0.94452483,2.28537584,3.44236626
-1.62381191,4.27538852,0.27205042,0.00000000,0.01783096,0.95998157,2.36819803,3.53352139
-1.61780890,4.38194352,0.28083185,0.00000000,0.01890975,0.97519127,2.44977152,3.62546907
-1.61180590,4.48826341,0.29024585,0.00000000,0.02000654,0.99026904,2.52908249,3.71699016
-1.60580290,4.59335535,0.30028096,0.00000000,0.02111705,1.00533374,2.60520597,3.80686823
-1.59979990,4.69628735,0.31093235,0.00000000,0.02223671,1.02050580,2.67734446,3.89393599
-1.59379690,4.79622536,0.32220184,0.00000000,0.02336063,1.03590488,2.74486116,3.97711886
-1.58779390,4.89246449,0.33409674,0.00000000,0.02448363,1.05164724,2.80730605,4.05547398
-1.58179090,4.98445312,0.34662765,0.00000000,0.02560029,1.06784291,2.86443375,4.12822285
-1.57578789,5.07180870,0.35980539,0.00000000,0.02670494,1.08459276,2.91621214,4.19477618
-1.56978489,5.15432474,0.37363723,0.00000000,0.02779178,1.10198541,2.96282153,4.25474993
-1.56378189,5.23196863,0.38812267,0.00000000,0.02885490,1.12009434,3.00464425,4.30797187
-1.55777889,5.30487067,0.40324913,0.00000000,0.02988840,1.13897491,3.04224543,4.35447829
-1.55177589,5.37330500,0.41898799,0.00000000,0.03088650,1.15866186,3.07634570,4.39450133
-1.54577289,5.43766364,0.43529106,0.00000000,0.03184366,1.17916697,3.10778738,4.42844745
-1.53976988,5.49842503,0.45208813,0.00000000,0.03275473,1.20047731,3.13749572,4.45686825
-1.53376688,5.55611894,0.46928557,0.00000000,0.03361504,1.22255393,3.16643706,4.48042528
-1.52776388,5.61128964,0.48676638,0.00000000,0.03442062,1.24533123,3.19557612,4.49985048
-1.52176088,5.66445932,0.50439173,0.00000000,0.03516823,1.26871696,3.22583413,4.51590451
-1.51575788,5.71609376,0.52200390,0.00000000,0.03585548,1.29259285,3.25805004,4.52933499
-1.50975488,5.76657182,0.53943070,0.00000000,0.03648089,1.31681593,3.29294629,4.54083681
-1.50375188,5.81616043,0.55649108,0.00000000,0.03704391,1.34122045,3.33110067,4.55101641
-1.49774887,5.86499594,0.57300161,0.00000000,0.03754486,1.36562023,3.37292530,4.56036179
-1.49174587,5.91307272,0.58878352,0.00000000,0.03798485,1.38981154,3.41865332,4.56921946
-1.48574287,5.96023902,0.60366986,0.00000000,0.03836565,1.41357611,3.46833350,4.57777938
-1.47973987,6.00619998,0.61751237,0.00000000,0.03868956,1.43668444,3.52183253,4.58606803
-1.47373687,6.05052701,0.63018760,0.00000000,0.03895912,1.45889901,3.57884427,4.59394984
-1.46773387,6.09267277,0.64160176,0.00000000,0.03917699,1.47997740,3.63890508,4.60113614
-1.46173087,6.13199014,0.65169422,0.00000000,0.03934562,1.49967519,3.70141377,4.60720097
-1.45572786,6.16775417,0.66043903,0.00000000,0.03946709,1.51774862,3.76565498,4.61160230
-1.44972486,6.19918523,0.66784469,0.00000000,0.03954291,1.53395689,3.83082418,4.61370721
-1.44372186,6.22547229,0.67395177,0.00000000,0.03957381,1.54806412,3.89605321,4.61281968
-1.43771886,6.24579498,0.67882871,0.00000000,0.03955970,1.55984116,3.96043461,4.60820911
-1.43171586,6.25934358,0.68256598,0.00000000,0.03949956,1.56906721,4.02304405,4.59913835
-1.42571286,6.26533636,0.68526874,0.00000000,0.03939149,1.57553139,4.08295977,4.58488998
-1.41970985,6.26303412,0.68704875,0.00000000,0.03923282,1.57903457,4.13927878,4.56478979
-1.41370685,6.25175187,0.68801572,0.00000000,0.03902021,1.57939142,4.19112952,4.53822688
-1.40770385,6.23086819,0.68826880,0.00000000,0.03874991,1.57643300,4.23768142,4.50466997
-1.40170085,6.19983283,0.68788879,0.00000000,0.03841803,1.57000991,4.27815173,4.46368000
-1.39569785,6.15817338,0.68693146,0.00000000,0.03802084,1.55999612,4.31181045,4.41491908
-1.38969485,6.10550172,0.68542258,0.00000000,0.03755508,1.54629358,4.33798421,4.35815641
-1.38369185,6.04152116,0.68335494,0.00000000,0.03701837,1.52883733,4.35606003,4.29327149
-1.37768884,5.96603467,0.68068764,0.00000000,0.03640949,1.50760126,4.36548984,4.22025547
-1.37168584,5.87895471,0.67734774,0.00000000,0.03572870,1.48260410,4.36579651,4.13921101
-1.36568284,5.78031461,0.67323431,0.00000000,0.03497806,1.45391542,4.35658172,4.05035125
-1.35967984,5.67028117,0.66822459,0.00000000,0.03416157,1.42166129,4.33753598,3.95399819
-1.35367684,5.54916800,0.66218199,0.00000000,0.03328540,1.38602932,4.30845057,3.85058065
-1.34767384,5.41744854,0.65496548,0.00000000,0.03235792,1.34727239,4.26923092,3.74063184
-1.34167084,5.27576771,0.64643984,0.00000000,0.03138974,1.30571107,4.21991052,3.62478621
-1.33566783,5.12495084,0.63648621,0.00000000,0.03039357,1.26173398,4.16066448,3.50377550
-1.32966483,4.96600856,0.62501216,0.00000000,0.02938410,1.21579611,4.09182136,3.37842325
-1.32366183,4.80013643,0.61196096,0.00000000,0.02837770,1.16841467,4.01387200,3.24963763
-1.31765883,4.62870823,0.59731916,0.00000000,0.02739214,1.12016248,3.92747415,3.11840187
-1.31165583,4.45326211,0.58112234,0.00000000,0.02644612,1.07165882,3.83345177,2.98576219
-1.30565283,4.27547916,0.56345845,0.00000000,0.02555884,1.02355797,3.73278821,2.85281274
-1.29964982,4.09715458,0.54446862,0.00000000,0.02474943,0.97653562,3.62661264,2.72067785
-1.29364682,3.92016171,0.52434534,0.00000000,0.02403645,0.93127354,3.51617988,2.59049150
-1.28764382,3.74641007,0.50332809,0.00000000,0.02343723,0.88844294,3.40284378,2.46337460
-1.28164082,3.57779863,0.48169666,0.00000000,0.02296733,0.84868716,3.28802500,2.34041063
-1.27563782,3.41616617,0.45976240,0.00000000,0.02263994,0.81260418,3.17317447,2.22262052
-1.26963482,3.26324062,0.43785794,0.00000000,0.02246531,0.78072972,3.05973400,2.11093773
-1.26363182,3.12058962,0.41632574,0.00000000,0.02245029,0.75352141,2.94909578,2.00618457
-1.25762881,2.98957446,0.39550617,0.00000000,0.02259792,0.73134482,2.84256280,1.90905094
-1.25162581,2.87130967,0.37572560,0.00000000,0.02290708,0.71446172,2.74131211,1.82007656
-1.24562281,2.76662998,0.35728489,0.00000000,0.02337232,0.70302130,2.64636270,1.73963753
-1.23961981,2.67606651,0.34044912,0.00000000,0.02398380,0.69705441,2.55854975,1.66793822
-1.23361681,2.59983326,0.32543856,0.00000000,0.02472736,0.69647145,2.47850648,1.60500890
-1.22761381,2.53782475,0.31242158,0.00000000,0.02558473,0.70106375,2.40665446,1.55070950
-1.22161081,2.48962495,0.30150949,0.00000000,0.02653400,0.71050856,2.34320294,1.50473954
-1.21560780,2.45452736,0.29275366,0.00000000,0.02755005,0.72437756,2.28815697,1.46665379
-1.20960480,2.43156519,0.28614475,0.00000000,0.02860534,0.74214854,2.24133392,1.43588326
-1.20360180,2.41955057,0.28161427,0.00000000,0.02967063,0.76321980,2.20238725,1.41176056
-1.19759880,2.41712085,0.27903806,0.00000000,0.03071591,0.78692689,2.17083620,1.39354846
-1.19159580,2.42279004,0.27824171,0.00000000,0.03171131,0.81256103,2.14609960,1.38047048
-1.18559280,2.43500311,0.27900752,0.00000000,0.03262813,0.83938848,2.12753196,1.37174207
-1.17958979,2.45219069,0.28108270,0.00000000,0.03343972,0.86667030,2.11445967,1.36660093
-1.17358679,2.47282184,0.28418860,0.00000000,0.03412244,0.89368168,2.10621553,1.36433506
-1.16758379,2.49545265,0.28803034,0.00000000,0.03465644,0.91973025,2.10216946,1.36430727
-1.16158079,2.51876870,0.29230676,0.00000000,0.03502632,0.94417272,2.10175413,1.36597504
-1.15557779,2.54161974,0.29672016,0.00000000,0.03522165,0.96642944,2.10448398,1.36890489
-1.14957479,2.56304541,0.30098558,0.00000000,0.03523727,0.98599629,2.10996708,1.37278060
-1.14357179,2.58229137,0.30483925,0.00000000,0.03507346,1.00245376,2.11790926,1.37740518
-1.13756878,2.59881549,0.30804611,0.00000000,0.03473582,1.01547310,2.12811084,1.38269653
-1.13156578,2.61228466,0.31040604,0.00000000,0.03423504,1.02481937,2.14045646,1.38867730
-1.12556278,2.62256286,0.31175871,0.00000000,0.03358639,1.03035168,2.15489913,1.39545972
-1.11955978,2.62969180,0.31198709,0.00000000,0.03280919,1.03202078,2.17143985,1.40322621
-1.11355678,2.63386559,0.31101939,0.00000000,0.03192602,1.02986425,2.19010452,1.41220722
-1.10755378,2.63540145,0.30882958,0.00000000,0.03096197,1.02399992,2.21091993,1.42265739
-1.10155078,2.63470801,0.30543661,0.00000000,0.02994369,1.01461759,2.23389065,1.43483162
-1.09554777,2.63225348,0.30090232,0.00000000,0.02889864,1.00196984,2.25897866,1.44896217
-1.08954477,2.62853514,0.29532826,0.00000000,0.02785415,0.98636219,2.28608718,1.46523836
-1.08354177,2.62405191,0.28885171,0.00000000,0.02683673,0.96814293,2.31504998,1.48378965
-1.07753877,2.61928118,0.28164084,0.00000000,0.02587134,0.94769315,2.34562701,1.50467316
-1.07153577,2.61466069,0.27388947,0.00000000,0.02498087,0.92541705,2.37750670,1.52786600
-1.06553277,2.61057609,0.26581146,0.00000000,0.02418565,0.90173279,2.41031486,1.55326289
-1.05952976,2.60735408,0.25763492,0.00000000,0.02350319,0.87706401,2.44362959,1.58067882
-1.05352676,2.60526082,0.24959653,0.00000000,0.02294794,0.85183199,2.47700117,1.60985644
-1.04752376,2.60450502,0.24193585,0.00000000,0.02253123,0.82644854,2.50997561,1.64047757
-1.04152076,2.60524457,0.23489007,0.00000000,0.02226127,0.80130950,2.54212019,1.67217794
-1.03551776,2.60759568,0.22868893,0.00000000,0.02214327,0.77678873,2.57304906,1.70456409
-1.02951476,2.61164331,0.22355012,0.00000000,0.02217953,0.75323273,2.60244741,1.73723143
-1.02351176,2.61745157,0.21967514,0.00000000,0.02236965,0.73095548,2.63009206,1.76978211
-1.01750875,2.62507300,0.21724561,0.00000000,0.02271070,0.71023387,2.65586731,1.80184185
-1.01150575,2.63455589,0.21642007,0.00000000,0.02319745,0.69130338,2.67977480,1.83307468
-1.00550275,2.64594885,0.21733135,0.00000000,0.02382251,0.67435428,2.70193655,1.86319474
-0.99949975,2.65930243,0.22008441,0.00000000,0.02457651,0.65952832,2.72259103,1.89197476
-0.99349675,2.67466760,0.22475486,0.00000000,0.02544829,0.64691611,2.74208242,1.91925080
-0.98749375,2.69209146,0.23138793,0.00000000,0.02642507,0.63655532,2.76084377,1.94492338
-0.98149075,2.71161071,0.23999814,0.00000000,0.02749255,0.62842985,2.77937508,1.96895503
-0.97548774,2.73324365,0.25056956,0.00000000,0.02863516,0.62247016,2.79821779,1.99136482
-0.96948474,2.75698150,0.26305667,0.00000000,0.02983625,0.61855493,2.81792720,2.01222048
-0.96348174,2.78278018,0.27738586,0.00000000,0.03107831,0.61651410,2.83904450,2.03162872
-0.95747874,2.81055323,0.29345747,0.00000000,0.03234330,0.61613336,2.86207019,2.04972455
-0.95147574,2.84016671,0.31114835,0.00000000,0.03361294,0.61716019,2.88744003,2.06666039
-0.94547274,2.87143670,0.33031482,0.00000000,0.03486910,0.61931113,2.91550502,2.08259548
-0.93946973,2.90412957,0.35079595,0.00000000,0.03609420,0.62228034,2.94651601,2.09768625
-0.93346673,2.93796511,0.37241695,0.00000000,0.03727166,0.62574911,2.98061333,2.11207795
-0.92746373,2.97262234,0.39499259,0.00000000,0.03838625,0.62939597,3.01782158,2.12589782
-0.92146073,3.00774726,0.41833045,0.00000000,0.03942454,0.63290717,3.05804907,2.13924972
-0.91545773,3.04296219,0.44223380,0.00000000,0.04037522,0.63598696,3.10109124,2.15221028
-0.90945473,3.07787555,0.46650404,0.00000000,0.04122938,0.63836746,3.14663721,2.16482623
-0.90345173,3.11209148,0.49094254,0.00000000,0.04198064,0.63981750,3.19427827,2.17711276
-0.89744872,3.14521840,0.51535187,0.00000000,0.04262529,0.64015026,3.24351759,2.18905251
-0.89144572,3.17687584,0.53953636,0.00000000,0.04316218,0.63922923,3.29377992,2.20059506
-0.88544272,3.20669924,0.56330203,0.00000000,0.04359255,0.63697242,3.34442091,2.21165670
-0.87943972,3.23434233,0.58645611,0.00000000,0.04391974,0.63335438,3.39473537,2.22212032
-0.87343672,3.25947730,0.60880619,0.00000000,0.04414882,0.62840627,3.44396466,2.23183566
-0.86743372,3.28179304,0.63015925,0.00000000,0.04428606,0.62221378,3.49130323,2.24061982
-0.86143072,3.30099196,0.65032088,0.00000000,0.04433845,0.61491301,3.53590485,2.24825841
-0.85542771,3.31678619,0.66909479,0.00000000,0.04431314,0.60668464,3.57688928,2.25450755
-0.84942471,3.32889384,0.68628305,0.00000000,0.04421687,0.59774648,3.61335010,2.25909707
-0.84342171,3.33703610,0.70168698,0.00000000,0.04405553,0.58834478,3.64436451,2.26173503
-0.83741871,3.34093600,0.71510915,0.00000000,0.04383369,0.57874463,3.66900566,2.26211379
-0.83141571,3.34031915,0.72635628,0.00000000,0.04355438,0.56921983,3.68635813,2.25991769
-0.82541271,3.33491692,0.73524322,0.00000000,0.04321881,0.56004257,3.69553650,2.25483219
-0.81940970,3.32447207,0.74159782,0.00000000,0.04282643,0.55147329,3.69570691,2.24655413
-0.81340670,3.30874657,0.74526649,0.00000000,0.04237493,0.54375110,3.68611100,2.23480288
-0.80740370,3.28753129,0.74612029,0.00000000,0.04186052,0.53708505,3.66609136,2.21933170
-0.80140070,3.26065681,0.74406114,0.00000000,0.04127826,0.53164653,3.63511720,2.19993883
-0.79539770,3.22800471,0.73902783,0.00000000,0.04062248,0.52756315,3.59280900,2.17647761
-0.78939470,3.18951859,0.73100144,0.00000000,0.03988731,0.52491413,3.53896062,2.14886510
-0.78339170,3.14521386,0.72000994,0.00000000,0.03906715,0.52372765,3.47355742,2.11708871
-0.77738869,3.09518599,0.70613149,0.00000000,0.03815726,0.52397997,3.39678920,2.08121045
-0.77138569,3.03961643,0.68949632,0.00000000,0.03715425,0.52559666,3.30905697,2.04136869
-0.76538269,2.97877608,0.67028703,0.00000000,0.03605647,0.52845582,3.21097284,1.99777722
-0.75937969,2.91302621,0.64873713,0.00000000,0.03486441,0.53239328,3.10335284,1.95072204
-0.75337669,2.84281692,0.62512803,0.00000000,0.03358092,0.53720967,2.98720283,1.90055591
-0.74737369,2.76868337,0.59978435,0.00000000,0.03221134,0.54267912,2.86369807,1.84769132
-0.74137069,2.69124036,0.57306800,0.00000000,0.03076352,0.54855943,2.73415731,1.79259221
-0.73536768,2.61117541,0.54537109,0.00000000,0.02924769,0.55460318,2.60001281,1.73576504
-0.72936468,2.52924108,0.51710805,0.00000000,0.02767629,0.56056960,2.46277736,1.67774963
-0.72336168,2.44624655,0.48870727,0.00000000,0.02606364,0.56623649,2.32401012,1.61911023
-0.71735868,2.36304900,0.46060261,0.00000000,0.02442557,0.57141179,2.18528246,1.56042695
-0.71135568,2.28054465,0.43322494,0.00000000,0.02277899,0.57594425,2.04814537,1.50228787
-0.70535268,2.19965948,0.40699416,0.00000000,0.02114148,0.57973257,1.91409936,1.44528159
-0.69934967,2.12133939,0.38231176,0.00000000,0.01953081,0.58273263,1.78456790,1.38999030
-0.69334667,2.04653951,0.35955408,0.00000000,0.01796453,0.58496217,1.66087494,1.33698299
-0.68734367,1.97621226,0.33906644,0.00000000,0.01645959,0.58650280,1.54422675,1.28680850
-0.68134067,1.91129382,0.32115803,0.00000000,0.01503194,0.58749887,1.43569822,1.23998829
-0.67533767,1.85268881,0.30609772,0.00000000,0.01369633,0.58815326,1.33622317,1.19700844
-0.66933467,1.80125290,0.29411051,0.00000000,0.01246602,0.58872012,1.24658851,1.15831098
-0.66333167,1.75777362,0.28537481,0.00000000,0.01135265,0.58949475,1.16743135,1.12428432
-0.65732866,1.72294958,0.28002019,0.00000000,0.01036613,0.59080107,1.09923871,1.09525319
-0.65132566,1.69736872,0.27812574,0.00000000,0.00951459,0.59297711,1.04234902,1.07146811
-0.64532266,1.68148634,0.27971888,0.00000000,0.00880437,0.59635943,0.99695483,1.05309511
-0.63931966,1.67560398,0.28477457,0.00000000,0.00824006,0.60126687,0.96310632,1.04020628
-0.63331666,1.67985040,0.29321503,0.00000000,0.00782450,0.60798477,0.94071521,1.03277169
-0.62731366,1.69416573,0.30490987,0.00000000,0.00755887,0.61675031,0.92955882,1.03065365
-0.62131066,1.71829024,0.31967679,0.00000000,0.00744274,0.62773978,0.92928441,1.03360384
-0.61530765,1.75175874,0.33728288,0.00000000,0.00747412,0.64105854,0.93941375,1.04126401
-0.60930465,1.79390163,0.35744670,0.00000000,0.00764949,0.65673422,0.95934830,1.05317080
-0.60330165,1.84385334,0.37984120,0.00000000,0.00796391,0.67471359,0.98837533,1.06876479
-0.59729865,1.90056837,0.40409757,0.00000000,0.00841097,0.69486337,1.02567526,1.08740394
-0.59129565,1.96284498,0.42981015,0.00000000,0.00898294,0.71697499,1.07033086,1.10838119
-0.58529265,2.02935611,0.45654243,0.00000000,0.00967076,0.74077310,1.12133850,1.13094568
-0.57928964,2.09868648,0.48383415,0.00000000,0.01046417,0.76592756,1.17762185,1.15432689
-0.57328664,2.16937481,0.51120945,0.00000000,0.01135180,0.79206815,1.23804814,1.17776074
-0.56728364,2.23995934,0.53818593,0.00000000,0.01232133,0.81880140,1.30144712,1.20051651
-0.56128064,2.30902496,0.56428458,0.00000000,0.01335970,0.84572860,1.36663238,1.22192332
-0.55527764,2.37524971,0.58904014,0.00000000,0.01445330,0.87246402,1.43242479,1.24139494
-0.54927464,2.43744870,0.61201187,0.00000000,0.01558832,0.89865236,1.49767751,1.25845161
-0.54327164,2.49461321,0.63279418,0.00000000,0.01675100,0.92398445,1.56130173,1.27273779
-0.53726863,2.54594312,0.65102688,0.00000000,0.01792799,0.94821031,1.62229233,1.28403477
-0.53126563,2.59087097,0.66640465,0.00000000,0.01910673,0.97114874,1.67975231,1.29226745
-0.52526263,2.62907633,0.67868534,0.00000000,0.02027576,0.99269290,1.73291501,1.29750478
-0.51925963,2.66048953,0.68769672,0.00000000,0.02142509,1.01281150,1.78116294,1.29995368
-0.51325663,2.68528451,0.69334136,0.00000000,0.02254642,1.03154538,1.82404207,1.29994661
-0.50725363,2.70386068,0.69559940,0.00000000,0.02363340,1.04899973,1.86127085,1.29792317
-0.50125063,2.71681469,0.69452889,0.00000000,0.02468174,1.06533216,1.89274294,1.29440661
-0.49524762,2.72490314,0.69026374,0.00000000,0.02568923,1.08073738,1.91852345,1.28997614
-0.48924462,2.72899788,0.68300910,0.00000000,0.02665568,1.09542923,1.93883819,1.28523640
-0.48324162,2.73003610,0.67303436,0.00000000,0.02758275,1.10962110,1.95405642,1.28078536
-0.47723862,2.72896728,0.66066387,0.00000000,0.02847360,1.12350589,1.96466727,1.27718231
-0.47123562,2.72669983,0.64626582,0.00000000,0.02933251,1.13723658,1.97125108,1.27491731
-0.46523262,2.72404981,0.63023943,0.00000000,0.03016445,1.15090879,1.97444646,1.27438357
-0.45922961,2.72169432,0.61300122,0.00000000,0.03097447,1.16454610,1.97491489,1.27585423
-0.45322661,2.72013194,0.59497059,0.00000000,0.03176718,1.17808941,1.97330432,1.27946452
-0.44722361,2.71965214,0.57655555,0.00000000,0.03254620,1.19139084,1.97021366,1.28520024
-0.44122061,2.72031533,0.55813897,0.00000000,0.03331358,1.20421271,1.96615994,1.29289328
-0.43521761,2.72194451,0.54006610,0.00000000,0.03406942,1.21623186,1.96154984,1.30222425
-0.42921461,2.72412903,0.52263371,0.00000000,0.03481143,1.22704913,1.95665715,1.31273231
-0.42321161,2.72624035,0.50608144,0.00000000,0.03553479,1.23620364,1.95160739,1.32383169
-0.41720860,2.72745901,0.49058569,0.00000000,0.03623200,1.24319117,1.94637040,1.33483422
-0.41120560,2.72681146,0.47625616,0.00000000,0.03689299,1.24748574,1.94076138,1.34497677
-0.40520260,2.72321502,0.46313533,0.00000000,0.03750534,1.24856325,1.93445041,1.35345243
-0.39919960,2.71552864,0.45120079,0.00000000,0.03805466,1.24592609,1.92697979,1.35944382
-0.39319660,2.70260702,0.44037017,0.00000000,0.03852508,1.23912724,1.91778850,1.36215718
-0.38719360,2.68335544,0.43050855,0.00000000,0.03889995,1.22779280,1.90624235,1.36085553
-0.38119060,2.65678259,0.42143778,0.00000000,0.03916245,1.21164184,1.89166815,1.35488943
-0.37518759,2.62204900,0.41294743,0.00000000,0.03929641,1.19050242,1.87339029,1.34372397
-0.36918459,2.57850877,0.40480656,0.00000000,0.03928699,1.16432324,1.85076755,1.32696088
-0.36318159,2.52574292,0.39677604,0.00000000,0.03912148,1.13318038,1.82322847,1.30435483
-0.35717859,2.46358278,0.38862056,0.00000000,0.03878985,1.09727881,1.79030328,1.27582324
-0.35117559,2.39212295,0.38011996,0.00000000,0.03828535,1.05694904,1.75165105,1.24144961
-0.34517259,2.31172336,0.37107935,0.00000000,0.03760489,1.01263893,1.70708056,1.20148010
-0.33916958,2.22300089,0.36133755,0.00000000,0.03674926,0.96490154,1.65656420,1.15631411
-0.33316658,2.12681137,0.35077363,0.00000000,0.03572328,0.91437957,1.60024434,1.10648931
-0.32716358,2.02422321,0.33931122,0.00000000,0.03453567,0.86178743,1.53843208,1.05266210
-0.32116058,1.91648431,0.32692076,0.00000000,0.03319882,0.80789192,1.47159880,0.99558468
-0.31515758,1.80498416,0.31361936,0.00000000,0.03172843,0.75349231,1.40036109,0.93607978
-0.30915458,1.69121289,0.29946879,0.00000000,0.03014299,0.69940101,1.32546025,0.87501446
-0.30315158,1.57671941,0.28457155,0.00000000,0.02846319,0.64642539,1.24773732,0.81327393
-0.29714857,1.46307037,0.26906552,0.00000000,0.02671127,0.59535146,1.16810538,0.75173672
-0.29114557,1.35181145,0.25311737,0.00000000,0.02491031,0.54692992,1.08752018,0.69125194
-0.28514257,1.24443243,0.23691536,0.00000000,0.02308353,0.50186479,1.00695084,0.63261956
-0.27913957,1.14233690,0.22066159,0.00000000,0.02125366,0.46080463,0.92735163,0.57657399
-0.27313657,1.04681719,0.20456444,0.00000000,0.01944233,0.42433628,0.84963631,0.52377154
-0.26713357,0.95903489,0.18883128,0.00000000,0.01766950,0.39298072,0.77465561,0.47478161
-0.26113057,0.88000670,0.17366180,0.00000000,0.01595311,0.36719083,0.70317878,0.43008168
-0.25512756,0.81059538,0.15924226,0.00000000,0.01430870,0.34735028,0.63587962,0.39005573
-0.24912456,0.75150528,0.14574076,0.00000000,0.01274921,0.33377328,0.57332700,0.35499573
-0.24312156,0.70328154,0.13330366,0.00000000,0.01128491,0.32670452,0.51598004,0.32510575
-0.23711856,0.66631248,0.12205313,0.00000000,0.00992336,0.32631902,0.46418756,0.30050815
-0.23111556,0.64083430,0.11208591,0.00000000,0.00866955,0.33272145,0.41819145,0.28125135
-0.22511256,0.62693740,0.10347313,0.00000000,0.00752603,0.34594478,0.37813336,0.26731867
-0.21910955,0.62457398,0.09626110,0.00000000,0.00649319,0.36594832,0.34406425,0.25863792
-0.21310655,0.63356636,0.09047299,0.00000000,0.00556955,0.39261518,0.31595592,0.25509122
-0.20710355,0.65361601,0.08611119,0.00000000,0.00475203,0.42574952,0.29371417,0.25652493
-0.20110055,0.68431312,0.08316020,0.00000000,0.00403633,0.46507399,0.27719268,0.26275942
-0.19509755,0.72514690,0.08159000,0.00000000,0.00341722,0.51022793,0.26620728,0.27359853
-0.18909455,0.77551684,0.08135953,0.00000000,0.00288892,0.56076685,0.26054991,0.28883859
-0.18309155,0.83474493,0.08242034,0.00000000,0.00244529,0.61616370,0.26000193,0.30827693
-0.17708854,0.90208934,0.08472015,0.00000000,0.00208018,0.67581266,0.26434623,0.33171982
-0.17108554,0.97675931,0.08820622,0.00000000,0.00178759,0.73903559,0.27337797,0.35898956
-0.16508254,1.05793143,0.09282838,0.00000000,0.00156187,0.80509153,0.28691343,0.38993066
-0.15907954,1.14476691,0.09854158,0.00000000,0.00139784,0.87318917,0.30479683,0.42441480
-0.15307654,1.23642934,0.10530794,0.00000000,0.00129086,0.94250233,0.32690470,0.46234435
-0.14707354,1.33210246,0.11309807,0.00000000,0.00123688,1.01218762,0.35314784,0.50365396
-0.14107054,1.43100679,0.12189165,0.00000000,0.00123246,1.08140410,0.38347044,0.54831009
-0.13506753,1.53241437,0.13167721,0.00000000,0.00127470,1.14933370,0.41784635,0.59630795
-0.12906453,1.63566048,0.14245100,0.00000000,0.00136118,1.21520171,0.45627254,0.64766570
-0.12306153,1.74015138,0.15421505,0.00000000,0.00148986,1.27829609,0.49875976,0.70241568
-0.11705853,1.84536719,0.16697437,0.00000000,0.00165898,1.33798470,0.54532055,0.76059274
-0.11105553,1.95085935,0.18073340,0.00000000,0.00186691,1.39372929,0.59595508,0.82221969
-0.10505253,2.05624239,0.19549189,0.00000000,0.00211200,1.44509563,0.65063519,0.88729040
-0.09904952,2.16118011,0.21124030,0.00000000,0.00239249,1.49175898,0.70928739,0.95575105
-0.09304652,2.26536677,0.22795507,0.00000000,0.00270628,1.53350474,0.77177559,1.02748046
-0.08704352,2.36850432,0.24559389,0.00000000,0.00305091,1.57022412,0.83788448,1.10227040
-0.08104052,2.47027709,0.26409141,0.00000000,0.00342335,1.60190537,0.90730463,1.17980729
-0.07503752,2.57032578,0.28335560,0.00000000,0.00382001,1.62862091,0.97962034,1.25965633
-0.06903452,2.66822269,0.30326511,0.00000000,0.00423661,1.65051154,1.05430126,1.34124960
-0.06303152,2.76345034,0.32366784,0.00000000,0.00466822,1.66776872,1.13069873,1.42387923
-0.05702851,2.85538554,0.34438107,0.00000000,0.00510923,1.68061607,1.20804757,1.50669673
-0.05102551,2.94329070,0.36519311,0.00000000,0.00555342,1.68929162,1.28547388,1.58871939
-0.04502251,3.02631380,0.38586674,0.00000000,0.00599408,1.69403174,1.36200897,1.66884408
-0.03901951,3.10349791,0.40614425,0.00000000,0.00642408,1.69505798,1.43660935,1.74586860
-0.03301651,3.17380059,0.42575398,0.00000000,0.00683609,1.69256756,1.50818230,1.81852015
-0.02701351,3.23612259,0.44441814,0.00000000,0.00722272,1.68672807,1.57561603,1.88549017
-0.02101051,3.28934491,0.46186161,0.00000000,0.00757674,1.67767650,1.63781335,1.94547411
-0.01500750,3.33237233,0.47782110,0.00000000,0.00789132,1.66552247,1.69372725,1.99721466
-0.00900450,3.36418118,0.49205450,0.00000000,0.00816020,1.65035516,1.74239680,2.03954635
-0.00300150,3.38386855,0.50434963,0.00000000,0.00837792,1.63225317,1.78298146,2.07143948
0.00300150,3.39070018,0.51453212,0.00000000,0.00854002,1.61129628,1.81479211,2.09204117
0.00900450,3.38415393,0.52247180,0.00000000,0.00864316,1.58757808,1.83731713,2.10071144
0.01500750,3.36395633,0.52808737,0.00000000,0.00868530,1.56121827,1.85024199,2.09705241
0.02101051,3.33010965,0.53134897,0.00000000,0.00866574,1.53237347,1.85346143,2.08092915
0.02701351,3.28290790,0.53227850,0.00000000,0.00858518,1.50124580,1.84708348,2.05248100
0.03301651,3.22294063,0.53094777,0.00000000,0.00844570,1.46808827,1.83142502,2.01212280
0.03901951,3.15108415,0.52747449,0.00000000,0.00825075,1.43320663,1.80699932,1.96053601
0.04502251,3.06848073,0.52201634,0.00000000,0.00800498,1.39695748,1.77449611,1.89865022
0.05102551,2.97650680,0.51476359,0.00000000,0.00771418,1.35974274,1.73475548,1.82761592
0.05702851,2.87673206,0.50593061,0.00000000,0.00738510,1.32200081,1.68873691,1.74877026
0.06303152,2.77087174,0.49574679,0.00000000,0.00702524,1.28419511,1.63748529,1.66359716
0.06903452,2.66073462,0.48444748,0.00000000,0.00664268,1.24680067,1.58209556,1.57368414
0.07503752,2.54816948,0.47226530,0.00000000,0.00624588,1.21028965,1.52367802,1.48067767
0.08104052,2.43501276,0.45942247,0.00000000,0.00584347,1.17511674,1.46332571,1.38623908
0.08704352,2.32303979,0.44612440,0.00000000,0.00544407,1.14170522,1.40208552,1.29200301
0.09304652,2.21392166,0.43255481,0.00000000,0.00505611,1.11043443,1.34093403,1.19953977
0.09904952,2.10918926,0.41887267,0.00000000,0.00468770,1.08162938,1.28075896,1.11032296
0.10505253,2.01020561,0.40521088,0.00000000,0.00434649,1.05555277,1.22234632,1.02570303
0.11105553,1.91814672,0.39167656,0.00000000,0.00403959,1.03239979,1.16637361,0.94688735
0.11705853,1.83399101,0.37835294,0.00000000,0.00377345,1.01229576,1.11340818,0.87492655
0.12306153,1.75851651,0.36530227,0.00000000,0.00355382,0.99529639,1.06391037,0.81070693
0.12906453,1.69230488,0.35256974,0.00000000,0.00338572,0.98139061,1.01824031,0.75494818
0.13506753,1.63575084,0.34018775,0.00000000,0.00327337,0.97050542,0.97666717,0.70820542
0.14107054,1.58907560,0.32818021,0.00000000,0.00322019,0.96251245,0.93937987,0.67087468
0.14707354,1.55234252,0.31656665,0.00000000,0.00322876,0.95723565,0.90649798,0.64320057
0.15307654,1.52547388,0.30536564,0.00000000,0.00330078,0.95445976,0.87808183,0.62528519
0.15907954,1.50826705,0.29459735,0.00000000,0.00343706,0.95393900,0.85414106,0.61709727
0.16508254,1.50040944,0.28428515,0.00000000,0.00363745,0.95540560,0.83464101,0.61848093
0.17108554,1.50149114,0.27445613,0.00000000,0.00390082,0.95857784,0.81950667,0.62916341
0.17708854,1.51101519,0.26514053,0.00000000,0.00422502,0.96316740,0.80862417,0.64876160
0.18309155,1.52840520,0.25637032,0.00000000,0.00460681,0.96888560,0.80184009,0.67678734
0.18909455,1.55301068,0.24817699,0.00000000,0.00504186,0.97544873,0.79895904,0.71265175
0.19509755,1.58411062,0.24058882,0.00000000,0.00552473,0.98258216,0.79974013,0.75566898
0.20110055,1.62091596,0.23362792,0.00000000,0.00604884,0.99002331,0.80389319,0.80506001
0.20710355,1.66257182,0.22730736,0.00000000,0.00660656,0.99752364,0.81107541,0.85995716
0.21310655,1.70816038,0.22162850,0.00000000,0.00718924,1.00484967,0.82088925,0.91940993
0.21910955,1.75670517,0.21657896,0.00000000,0.00778733,1.01178317,0.83288233,0.98239297
0.22511256,1.80717759,0.21213123,0.00000000,0.00839052,1.01812074,0.84654977,1.04781656
0.23111556,1.85850610,0.20824221,0.00000000,0.00898793,1.02367299,0.86133933,1.11453998
0.23711856,1.90958848,0.20485366,0.00000000,0.00956835,1.02826333,0.87665959,1.18138802
0.24312156,1.95930717,0.20189350,0.00000000,0.01012046,1.03172686,0.89189089,1.24717045
0.24912456,2.00654758,0.19927809,0.00000000,0.01063317,1.03390920,0.90639895,1.31070405
0.25512756,2.05021888,0.19691511,0.00000000,0.01109584,1.03466571,0.91955041,1.37083681
0.26113057,2.08927653,0.19470709,0.00000000,0.01149866,1.03386098,0.93072988,1.42647335
0.26713357,2.12274585,0.19255521,0.00000000,0.01183288,1.03136885,0.93935747,1.47660058
0.27313657,2.14974540,0.19036331,0.00000000,0.01209111,1.02707294,0.94490612,1.52031266
0.27913957,2.16950933,0.18804165,0.00000000,0.01226752,1.02086764,0.94691776,1.55683406
0.28514257,2.18140740,0.18551051,0.00000000,0.01235804,1.01265971,0.94501757,1.58553954
0.29114557,2.18496188,0.18270313,0.00000000,0.01236049,1.00237011,0.93892553,1.60597027
0.29714857,2.17986021,0.17956810,0.00000000,0.01227463,0.98993631,0.92846486,1.61784502
0.30315158,2.16596300,0.17607085,0.00000000,0.01210218,0.97531466,0.91356667,1.62106600
0.30915458,2.14330670,0.17219440,0.00000000,0.01184670,0.95848275,0.89427094,1.61571893
0.31515758,2.11210092,0.16793922,0.00000000,0.01151350,0.93944175,0.87072354,1.60206720
0.32116058,2.07272040,0.16332234,0.00000000,0.01110943,0.91821828,0.84316976,1.58054061
0.32716358,2.02569208,0.15837569,0.00000000,0.01064265,0.89486600,0.81194439,1.55171893
0.33316658,1.97167780,0.15314392,0.00000000,0.01012231,0.86946652,0.77745929,1.51631124
0.33916958,1.91145359,0.14768179,0.00000000,0.00955832,0.84212976,0.74018864,1.47513202
0.34517259,1.84588631,0.14205128,0.00000000,0.00896096,0.81299355,0.70065293,1.42907498
0.35117559,1.77590897,0.13631861,0.00000000,0.00834062,0.78222253,0.65940224,1.37908594
0.35717859,1.70249553,0.13055140,0.00000000,0.00770748,0.75000637,0.61699964,1.32613598
0.36318159,1.62663640,0.12481600,0.00000000,0.00707127,0.71655727,0.57400520,1.27119574
0.36918459,1.54931554,0.11917516,0.00000000,0.00644099,0.68210692,0.53096149,1.21521211
0.37518759,1.47148983,0.11368623,0.00000000,0.00582475,0.64690299,0.48838073,1.15908794
0.38119060,1.39407134,0.10839973,0.00000000,0.00522965,0.61120512,0.44673418,1.10366528
0.38719360,1.31791296,0.10335848,0.00000000,0.00466164,0.57528074,0.40644385,1.04971258
0.39319660,1.24379731,0.09859727,0.00000000,0.00412547,0.53940070,0.36787667,0.99791575
0.39919960,1.17242898,0.09414284,0.00000000,0.00362476,0.50383481,0.33134109,0.94887297
0.40520260,1.10442991,0.09001433,0.00000000,0.00316195,0.46884753,0.29708587,0.90309284
0.41120560,1.04033730,0.08622401,0.00000000,0.00273842,0.43469379,0.26530095,0.86099526
0.41720860,0.98060367,0.08277809,0.00000000,0.00235460,0.40161500,0.23612004,0.82291440
0.42321161,0.92559849,0.07967769,0.00000000,0.00201003,0.36983550,0.20962448,0.78910315
0.42921461,0.87561078,0.07691978,0.00000000,0.00170357,0.33955935,0.18584824,0.75973809
0.43521761,0.83085209,0.07449801,0.00000000,0.00143347,0.31096751,0.16478340,0.73492468
0.44122061,0.79145957,0.07240337,0.00000000,0.00119753,0.28421556,0.14638607,0.71470195
0.44722361,0.75749864,0.07062471,0.00000000,0.00099326,0.25943188,0.13058215,0.69904631
0.45322661,0.72896521,0.06914900,0.00000000,0.00081793,0.23671631,0.11727295,0.68787447
0.45922961,0.70578732,0.06796141,0.00000000,0.00066873,0.21613932,0.10634026,0.68104532
0.46523262,0.68782625,0.06704522,0.00000000,0.00054286,0.19774167,0.09765081,0.67836093
0.47123562,0.67487745,0.06638161,0.00000000,0.00043757,0.18153453,0.09106009,0.67956704
0.47723862,0.66667154,0.06594934,0.00000000,0.00035026,0.16750007,0.08641541,0.68435348
0.48324162,0.66287558,0.06572450,0.00000000,0.00027848,0.15559240,0.08355828,0.69235485
0.48924462,0.66309533,0.06568023,0.00000000,0.00022000,0.14573902,0.08232613,0.70315214
0.49524762,0.66687857,0.06578665,0.00000000,0.00017284,0.13784252,0.08255360,0.71627569
0.50125063,0.67371996,0.06601085,0.00000000,0.00013522,0.13178272,0.08407332,0.73120980
0.50725363,0.68306760,0.06631722,0.00000000,0.00010562,0.12741906,0.08671649,0.74739944
0.51325663,0.69433157,0.06666786,0.00000000,0.00008277,0.12459328,0.09031333,0.76425908
0.51925963,0.70689415,0.06702332,0.00000000,0.00006561,0.12313240,0.09469352,0.78118358
0.52526263,0.72012203,0.06734350,0.00000000,0.00005335,0.12285192,0.09968682,0.79756113
0.53126563,0.73337975,0.06758873,0.00000000,0.00004539,0.12355916,0.10512385,0.81278765
0.53726863,0.74604448,0.06772098,0.00000000,0.00004138,0.12505683,0.11083724,0.82628240
0.54327164,0.75752132,0.06770519,0.00000000,0.00004122,0.12714668,0.11666312,0.83750408
0.54927464,0.76725882,0.06751052,0.00000000,0.00004504,0.12963321,0.12244290,0.84596679
0.55527764,0.77476400,0.06711166,0.00000000,0.00005323,0.13232735,0.12802549,0.85125521
0.56128064,0.77961640,0.06648995,0.00000000,0.00006648,0.13505012,0.13326969,0.85303832
0.56728364,0.78148064,0.06563443,0.00000000,0.00008582,0.13763608,0.13804684,0.85108109
0.57328664,0.78011689,0.06454260,0.00000000,0.00011266,0.13993652,0.14224355,0.84525362
0.57928964,0.77538904,0.06322103,0.00000000,0.00014881,0.14182241,0.14576440,0.83553735
0.58529265,0.76727010,0.06168568,0.00000000,0.00019661,0.14318679,0.14853448,0.82202816
0.59129565,0.75584479,0.05996202,0.00000000,0.00025896,0.14394679,0.15050165,0.80493613
0.59729865,0.74130919,0.05808487,0.00000000,0.00033940,0.14404497,0.15163841,0.78458220
0.60330165,0.72396752,0.05609806,0.00000000,0.00044219,0.14345007,0.15194326,0.76139178
0.60930465,0.70422619,0.05405387,0.00000000,0.00057243,0.14215710,0.15144139,0.73588566
0.61530765,0.68258534,0.05201232,0.00000000,0.00073609,0.14018669,0.15018486,0.70866849
0.62131066,0.65962816,0.05004033,0.00000000,0.00094008,0.13758380,0.14825193,0.68041549
0.62731366,0.63600838,0.04821075,0.00000000,0.00119237,0.13441572,0.14574574,0.65185750
0.63331666,0.61243618,0.04660135,0.00000000,0.00150192,0.13076954,0.14279239,0.62376516
0.63931966,0.58966293,0.04529364,0.00000000,0.00187876,0.12674899,0.13953821,0.59693233
0.64532266,0.56846507,0.04437174,0.00000000,0.00233394,0.12247097,0.13614664,0.57215934
0.65132566,0.54962744,0.04392105,0.00000000,0.00287939,0.11806163,0.13279451,0.55023619
0.65732866,0.53392631,0.04402696,0.00000000,0.00352786,0.11365234,0.12966798,0.53192608
0.66333167,0.52211235,0.04477334,0.00000000,0.00429269,0.10937554,0.12695819,0.51794936
0.66933467,0.51489376,0.04624097,0.00000000,0.00518752,0.10536062,0.12485673,0.50896814
0.67533767,0.51291970,0.04850587,0.00000000,0.00622603,0.10173001,0.12355101,0.50557149
0.68134067,0.51676426,0.05163739,0.00000000,0.00742150,0.09859547,0.12321974,0.50826159
0.68734367,0.52691111,0.05569627,0.00000000,0.00878636,0.09605483,0.12402836,0.51744075
0.69334667,0.54373913,0.06073250,0.00000000,0.01033171,0.09418915,0.12612486,0.53339947
0.69934967,0.56750918,0.06678310,0.00000000,0.01206678,0.09306039,0.12963570,0.55630591
0.70535268,0.59835237,0.07386993,0.00000000,0.01399831,0.09270966,0.13466214,0.58619673
0.71135568,0.63626018,0.08199741,0.00000000,0.01613004,0.09315615,0.14127699,0.62296992
0.71735868,0.68107682,0.09115050,0.00000000,0.01846210,0.09439658,0.14952172,0.66637970
0.72336168,0.73249415,0.10129282,0.00000000,0.02099056,0.09640536,0.15940424,0.71603403
0.72936468,0.79004977,0.11236514,0.00000000,0.02370693,0.09913531,0.17089711,0.77139507
0.73536768,0.85312845,0.12428434,0.00000000,0.02659788,0.10251907,0.18393652,0.83178294
0.74137069,0.92096735,0.13694296,0.00000000,0.02964500,0.10647090,0.19842185,0.89638307
0.74737369,0.99266532,0.15020941,0.00000000,0.03282473,0.11088911,0.21421614,0.96425736
0.75337669,1.06719628,0.16392899,0.00000000,0.03610848,0.11565883,0.23114721,1.03435919
0.75937969,1.14342679,0.17792573,0.00000000,0.03946290,0.12065511,0.24900976,1.10555229
0.76538269,1.22013743,0.19200505,0.00000000,0.04285034,0.12574640,0.26756829,1.17663308
0.77138569,1.29604788,0.20595736,0.00000000,0.04622947,0.13079796,0.28656083,1.24635611
0.77738869,1.36984480,0.21956234,0.00000000,0.04955610,0.13567554,0.30570364,1.31346199
0.78339170,1.44021208,0.23259399,0.00000000,0.05278415,0.14024888,0.32469656,1.37670699
0.78939470,1.50586234,0.24482612,0.00000000,0.05586664,0.14439507,0.34322912,1.43489336
0.79539770,1.56556873,0.25603828,0.00000000,0.05875690,0.14800168,0.36098719,1.48689939
0.80140070,1.61819598,0.26602182,0.00000000,0.06140975,0.15096948,0.37766000,1.53170810
0.80740370,1.66272955,0.27458579,0.00000000,0.06378264,0.15321481,0.39294741,1.56843353
0.81340670,1.69830178,0.28156260,0.00000000,0.06583683,0.15467132,0.40656713,1.59634358
0.81940970,1.72421413,0.28681305,0.00000000,0.06753845,0.15529131,0.41826171,1.61487851
0.82541271,1.73995452,0.29023060,0.00000000,0.06885937,0.15504635,0.42780510,1.62366441
0.83141571,1.74520933,0.29174464,0.00000000,0.06977800,0.15392740,0.43500842,1.62252115
0.83741871,1.73986937,0.29132264,0.00000000,0.07027986,0.15194436,0.43972490,1.61146438
0.84342171,1.72402985,0.28897113,0.00000000,0.07035789,0.14912502,0.44185366,1.59070175
0.84942471,1.69798430,0.28473531,0.00000000,0.07001264,0.14551361,0.44134224,1.56062342
0.85542771,1.66221278,0.27869749,0.00000000,0.06925215,0.14116892,0.43818779,1.52178739
0.86143072,1.61736488,0.27097431,0.00000000,0.06809164,0.13616203,0.43243683,1.47490025
0.86743372,1.56423842,0.26171287,0.00000000,0.06655302,0.13057395,0.42418360,1.42079427
0.87343672,1.50375449,0.25108608,0.00000000,0.06466419,0.12449300,0.41356703,1.36040173
0.87943972,1.43693004,0.23928717,0.00000000,0.06245824,0.11801220,0.40076654,1.29472750
0.88544272,1.36484906,0.22652391,0.00000000,0.05997247,0.11122670,0.38599668,1.22482099
0.89144572,1.28863327,0.21301248,0.00000000,0.05724741,0.10423139,0.36950095,1.15174846
0.89744872,1.20941358,0.19897148,0.00000000,0.05432573,0.09711864,0.35154495,1.07656658
0.90345173,1.12830304,0.18461615,0.00000000,0.05125120,0.08997634,0.33240914,1.00029821
0.90945473,1.04637220,0.17015308,0.00000000,0.04806762,0.08288621,0.31238154,0.92391086
0.91545773,0.96462754,0.15577551,0.00000000,0.04481793,0.07592253,0.29175046,0.84829860
0.92146073,0.88399345,0.14165951,0.00000000,0.04154324,0.06915107,0.27079774,0.77426752
0.92746373,0.80529797,0.12796087,0.00000000,0.03828213,0.06262843,0.24979245,0.70252508
0.93346673,0.72926262,0.11481303,0.00000000,0.03506996,0.05640176,0.22898549,0.63367326
0.93946973,0.65649610,0.10232582,0.00000000,0.03193838,0.05050864,0.20860505,0.56820540
0.94547274,0.58749182,0.09058511,0.00000000,0.02891500,0.04497736,0.18885304,0.50650640
0.95147574,0.52262886,0.07965323,0.00000000,0.02602308,0.03982732,0.16990270,0.44885596
0.95747874,0.46217605,0.06957006,0.00000000,0.02328152,0.03506972,0.15189716,0.39543443
0.96348174,0.40629865,0.06035476,0.00000000,0.02070483,0.03070831,0.13494904,0.34633068
0.96948474,0.35506708,0.05200786,0.00000000,0.01830331,0.02674029,0.11914106,0.30155161
0.97548774,0.30846736,0.04451369,0.00000000,0.01608327,0.02315727,0.10452739,0.26103271
0.98149075,0.26641246,0.03784302,0.00000000,0.01404734,0.01994624,0.09113581,0.22464923
0.98749375,0.22875436,0.03195574,0.00000000,0.01219486,0.01709059,0.07897035,0.19222757
0.99349675,0.19529620,0.02680342,0.00000000,0.01052228,0.01457104,0.06801439,0.16355645
0.99949975,0.16580423,0.02233191,0.00000000,0.00902361,0.01236656,0.05823404,0.13839761
1.00550275,0.14001916,0.01848353,0.00000000,0.00769090,0.01045527,0.04958164,0.11649580
1.01150575,0.11766681,0.01519921,0.00000000,0.00651461,0.00881514,0.04199928,0.09758783
1.01750875,0.09846769,0.01242017,0.00000000,0.00548410,0.00742476,0.03542224,0.08141065
1.02351176,0.08214561,0.01008946,0.00000000,0.00458799,0.00626392,0.02978221,0.06770834
1.02951476,0.06843509,0.00815312,0.00000000,0.00381456,0.00531418,0.02501035,0.05623806
1.03551776,0.05708763,0.00656110,0.00000000,0.00315199,0.00455927,0.02103993,0.04677493
1.04152076,0.04787695,0.00526792,0.00000000,0.00258873,0.00398549,0.01780877,0.03911601
1.04752376,0.04060310,0.00423313,0.00000000,0.00211363,0.00358202,0.01526131,0.03308332
1.05352676,0.03509576,0.00342161,0.00000000,0.00171619,0.00334109,0.01335028,0.02852615
1.05952976,0.03121655,0.00280366,0.00000000,0.00138671,0.00325821,0.01203816,0.02532269
1.06553277,0.02886074,0.00235508,0.00000000,0.00111632,0.00333217,0.01129823,0.02338111
1.07153577,0.02795823,0.00205706,0.00000000,0.00089715,0.00356515,0.01111537,0.02264008
1.07753877,0.02847399,0.00189617,0.00000000,0.00072230,0.00396261,0.01148655,0.02306908
1.08354177,0.03040805,0.00186421,0.00000000,0.00058595,0.00453322,0.01242110,0.02466820
1.08954477,0.03379506,0.00195809,0.00000000,0.00048332,0.00528870,0.01394063,0.02746782
1.09554777,0.03870346,0.00217981,0.00000000,0.00041068,0.00624355,0.01607876,0.03152802
1.10155078,0.04523428,0.00253628,0.00000000,0.00036542,0.00741480,0.01888055,0.03693773
1.10755378,0.05351960,0.00303938,0.00000000,0.00034600,0.00882163,0.02240167,0.04381374
1.11355678,0.06372069,0.00370582,0.00000000,0.00035199,0.01048497,0.02670726,0.05229944
1.11955978,0.07602570,0.00455719,0.00000000,0.00038411,0.01242702,0.03187051,0.06256337
1.12556278,0.09064705,0.00561984,0.00000000,0.00044424,0.01467076,0.03797098,0.07479744
1.13156578,0.10781833,0.00692485,0.00000000,0.00053545,0.01723938,0.04509255,0.08921484
1.13756878,0.12779079,0.00850791,0.00000000,0.00066207,0.02015575,0.05332112,0.10604765
1.14357179,0.15082935,0.01040907,0.00000000,0.00082973,0.02344181,0.06274207,0.12554393
1.14957479,0.17720811,0.01267249,0.00000000,0.00104538,0.02711801,0.07343740,0.14796447
1.15557779,0.20720538,0.01534598,0.00000000,0.00131728,0.03120276,0.08548272,0.17357887
1.16158079,0.24109809,0.01848042,0.00000000,0.00165509,0.03571191,0.09894414,0.20266118
1.16758379,0.27915579,0.02212904,0.00000000,0.00206974,0.04065825,0.11387506,0.23548479
1.17358679,0.32163398,0.02634643,0.00000000,0.00257340,0.04605110,0.13031301,0.27231675
1.17958979,0.36876702,0.03118743,0.00000000,0.00317935,0.05189592,0.14827661,0.31341124
1.18559280,0.42076045,0.03670579,0.00000000,0.00390179,0.05819394,0.16776282,0.35900248
1.19159580,0.47778289,0.04295259,0.00000000,0.00475554,0.06494189,0.18874449,0.40929669
1.19759880,0.53995758,0.04997453,0.00000000,0.00575577,0.07213171,0.21116841,0.46446357
1.20360180,0.60735354,0.05781204,0.00000000,0.00691752,0.07975030,0.23495387,0.52462703
1.20960480,0.67997669,0.06649729,0.00000000,0.00825527,0.08777923,0.25999195,0.58985548
1.21560780,0.75776099,0.07605210,0.00000000,0.00978234,0.09619450,0.28614551,0.66015187
1.22161081,0.84055989,0.08648590,0.00000000,0.01151029,0.10496623,0.31324991,0.73544371
1.22761381,0.92813843,0.09779379,0.00000000,0.01344827,0.11405831,0.34111463,0.81557343
1.23361681,1.02016634,0.10995471,0.00000000,0.01560235,0.12342814,0.36952566,0.90028952
1.23961981,1.11621251,0.12292997,0.00000000,0.01797488,0.13302623,0.39824872,0.98923891
1.24562281,1.21574147,0.13666211,0.00000000,0.02056387,0.14279593,0.42703316,1.08196112
1.25162581,1.31811210,0.15107422,0.00000000,0.02336247,0.15267325,0.45561663,1.17788477
1.25762881,1.42257928,0.16606984,0.00000000,0.02635855,0.16258672,0.48373022,1.27632700
1.26363182,1.52829875,0.18153354,0.00000000,0.02953446,0.17245749,0.51110410,1.37649621
1.26963482,1.63433552,0.19733207,0.00000000,0.03286693,0.18219968,0.53747339,1.47749874
1.27563782,1.73967619,0.21331635,0.00000000,0.03632721,0.19172097,0.56258416,1.57834963
1.28164082,1.84324502,0.22932411,0.00000000,0.03988140,0.20092358,0.58619936,1.67798754
1.28764382,1.94392374,0.24518315,0.00000000,0.04349103,0.20970558,0.60810444,1.77529396
1.29364682,2.04057468,0.26071524,0.00000000,0.04711387,0.21796259,0.62811252,1.86911616
1.29964982,2.13206665,0.27574048,0.00000000,0.05070484,0.22558985,0.64606890,1.95829345
1.30565283,2.21730268,0.29008190,0.00000000,0.05421726,0.23248456,0.66185464,2.04168583
1.31165583,2.29524871,0.30357020,0.00000000,0.05760405,0.23854853,0.67538916,2.11820411
1.31765883,2.36496186,0.31604850,0.00000000,0.06081909,0.24369093,0.68663163,2.18684023
1.32366183,2.42561727,0.32737661,0.00000000,0.06381857,0.24783109,0.69558104,2.24669640
1.32966483,2.47653193,0.33743494,0.00000000,0.06656232,0.25090121,0.70227497,2.29701182
1.33566783,2.51718444,0.34612769,0.00000000,0.06901492,0.25284875,0.70678693,2.33718550
1.34167084,2.54722959,0.35338508,0.00000000,0.07114677,0.25363860,0.70922240,2.36679410
1.34767384,2.56650679,0.35916475,0.00000000,0.07293485,0.25325454,0.70971371,2.38560373
1.35367684,2.57504195,0.36345196,0.00000000,0.07436321,0.25170026,0.70841381,2.39357509
1.35967984,2.57304246,0.36625888,0.00000000,0.07542328,0.24899962,0.70548929,2.39086150
1.36568284,2.56088560,0.36762273,0.00000000,0.07611372,0.24519618,0.70111300,2.37780001
1.37168584,2.53910077,0.36760317,0.00000000,0.07644016,0.24035204,0.69545640,2.35489593
1.37768884,2.50834669,0.36627886,0.00000000,0.07641458,0.23454603,0.68868222,2.32280159
1.38369185,2.46938460,0.36374353,0.00000000,0.07605453,0.22787124,0.68093770,2.28229054
1.38969485,2.42304906,0.36010179,0.00000000,0.07538213,0.22043215,0.67234881,2.23422849
1.39569785,2.37021791,0.35546486,0.00000000,0.07442306,0.21234141,0.66301572,2.17954267
1.40170085,2.31178294,0.34994652,0.00000000,0.07320545,0.20371641,0.65300987,2.11919098
1.40770385,2.24862289,0.34365950,0.00000000,0.07175876,0.19467594,0.64237275,2.05413280
1.41370685,2.18157992,0.33671239,0.00000000,0.07011286,0.18533688,0.63111643,1.98530252
1.41970985,2.11144085,0.32920737,0.00000000,0.06829709,0.17581132,0.61922602,1.91358716
1.42571286,2.03892349,0.32123864,0.00000000,0.06633961,0.16620401,0.60666364,1.83980878
1.43171586,1.96466866,0.31289172,0.00000000,0.06426685,0.15661036,0.59337390,1.76471216
1.43771886,1.88923760,0.30424345,0.00000000,0.06210318,0.14711496,0.57929053,1.68895788
1.44372186,1.81311431,0.29536261,0.00000000,0.05987072,0.13779076,0.56434358,1.61312042
1.44972486,1.73671209,0.28631104,0.00000000,0.05758938,0.12869870,0.54846708,1.53769080
1.45572786,1.66038320,0.27714506,0.00000000,0.05527697,0.11988796,0.53160637,1.46308282
1.46173087,1.58443042,0.26791698,0.00000000,0.05294943,0.11139652,0.51372488,1.38964194
1.46773387,1.50911936,0.25867650,0.00000000,0.05062107,0.10325223,0.49480990,1.31765563
1.47373687,1.43469030,0.24947190,0.00000000,0.04830490,0.09547392,0.47487694,1.24736429
1.47973987,1.36136858,0.24035079,0.00000000,0.04601284,0.08807285,0.45397259,1.17897144
1.48574287,1.28937267,0.23136045,0.00000000,0.04375598,0.08105401,0.43217551,1.11265276
1.49174587,1.21891942,0.22254755,0.00000000,0.04154470,0.07441753,0.40959581,1.04856303
1.49774887,1.15022635,0.21395748,0.00000000,0.03938871,0.06815984,0.38637262,0.98684082
1.50375188,1.08351074,0.20563318,0.00000000,0.03729705,0.06227481,0.36267022,0.92761082
1.50975488,1.01898623,0.19761365,0.00000000,0.03527799,0.05675450,0.33867291,0.87098385
1.51575788,0.95685711,0.18993234,0.00000000,0.03333887,0.05158990,0.31457892,0.81705507
1.52176088,0.89731126,0.18261542,0.00000000,0.03148592,0.04677132,0.29059382,0.76590076
1.52776388,0.84051236,0.17568026,0.00000000,0.02972403,0.04228866,0.26692370,0.71757428
1.53376688,0.78659230,0.16913421,0.00000000,0.02805662,0.03813154,0.24376849,0.67210198
1.53976988,0.73564447,0.16297375,0.00000000,0.02648544,0.03428927,0.22131589,0.62947952
1.54577289,0.68771858,0.15718424,0.00000000,0.02501049,0.03075082,0.19973598,0.58966917
1.55177589,0.64281762,0.15174020,0.00000000,0.02363003,0.02750467,0.17917686,0.55259867
1.55777889,0.60089702,0.14660622,0.00000000,0.02234065,0.02453871,0.15976144,0.51816156
1.56378189,0.56186643,0.14173846,0.00000000,0.02113735,0.02184018,0.14158543,0.48621953
1.56978489,0.52559367,0.13708653,0.00000000,0.02001386,0.01939563,0.12471650,0.45660633
1.57578789,0.49191099,0.13259592,0.00000000,0.01896285,0.01719093,0.10919460,0.42913332
1.58179090,0.46062280,0.12821056,0.00000000,0.01797634,0.01521136,0.09503328,0.40359618
1.58779390,0.43151476,0.12387550,0.00000000,0.01704601,0.01344179,0.08222181,0.37978249
1.59379690,0.40436335,0.11953957,0.00000000,0.01616362,0.01186684,0.07072806,0.35747956
1.59979990,0.37894560,0.11515780,0.00000000,0.01532136,0.01047113,0.06050175,0.33648231
1.60580290,0.35504823,0.11069355,0.00000000,0.01451222,0.00923956,0.05147800,0.31660049
1.61180590,0.33247593,0.10612015,0.00000000,0.01373025,0.00815759,0.04358100,0.29766505
1.61780890,0.31105819,0.10142208,0.00000000,0.01297082,0.00721149,0.03672752,0.27953328
1.62381191,0.29065469,0.09659559,0.00000000,0.01223077,0.00638861,0.03083036,0.26209258
1.62981491,0.27115891,0.09164877,0.00000000,0.01150856,0.00567761,0.02580129,0.24526276
1.63581791,0.25249996,0.08660109,0.00000000,0.01080426,0.00506868,0.02155382,0.22899680
1.64182091,0.23464290,0.08148252,0.00000000,0.01011951,0.00455373,0.01800537,0.21328029
1.64782391,0.21758756,0.07633224,0.00000000,0.00945750,0.00412647,0.01507908,0.19812967
1.65382691,0.20136611,0.07119705,0.00000000,0.00882278,0.00378255,0.01270523,0.18358946
1.65982991,0.18603983,0.06612969,0.00000000,0.00822114,0.00351964,0.01082213,0.16972885
1.66583292,0.17169518,0.06118694,0.00000000,0.00765940,0.00333747,0.00937674,0.15663780
1.67183592,0.15843961,0.05642792,0.00000000,0.00714523,0.00323781,0.00832490,0.14442301
1.67783892,0.14639726,0.05191233,0.00000000,0.00668692,0.00322452,0.00763129,0.13320392
1.68384192,0.13570488,0.04769896,0.00000000,0.00629321,0.00330349,0.00726914,0.12310898
1.68984492,0.12650794,0.04384436,0.00000000,0.00597308,0.00348262,0.00721972,0.11427233
1.69584792,0.11895728,0.04040181,0.00000000,0.00573556,0.00377171,0.00747165,0.10683090
1.70185093,0.11320605,0.03742041,0.00000000,0.00558952,0.00418245,0.00802013,0.10092202
1.70785393,0.10940711,0.03494454,0.00000000,0.00554349,0.00472821,0.00886592,0.09668157
1.71385693,0.10771082,0.03301340,0.00000000,0.00560551,0.00542398,0.01001438,0.09424245
1.71985993,0.10826298,0.03166079,0.00000000,0.00578283,0.00628616,0.01147425,0.09373341
1.72586293,0.11120297,0.03091490,0.00000000,0.00608179,0.00733237,0.01325649,0.09527813
1.73186593,0.11666192,0.03079831,0.00000000,0.00650753,0.00858118,0.01537300,0.09899430
1.73786893,0.12476074,0.03132786,0.00000000,0.00706378,0.01005186,0.01783532,0.10499277
1.74387194,0.13560810,0.03251465,0.00000000,0.00775256,0.01176404,0.02065330,0.11337656
1.74987494,0.14929814,0.03436392,0.00000000,0.00857396,0.01373738,0.02383380,0.12423965
1.75587794,0.16590802,0.03687491,0.00000000,0.00952586,0.01599113,0.02737942,0.13766557
1.76188094,0.18549527,0.04004073,0.00000000,0.01060368,0.01854377,0.03128734,0.15372577
1.76788394,0.20809503,0.04384812,0.00000000,0.01180019,0.02141253,0.03554829,0.17247759
1.77388694,0.23371724,0.04827726,0.00000000,0.01310534,0.02461290,0.04014566,0.19396221
1.77988994,0.26234387,0.05330155,0.00000000,0.01450614,0.02815821,0.04505486,0.21820220
1.78589295,0.29392638,0.05888753,0.00000000,0.01598670,0.03205904,0.05024293,0.24519906
1.79189595,0.32838329,0.06499475,0.00000000,0.01752825,0.03632281,0.05566849,0.27493064
1.79789895,0.36559825,0.07157587,0.00000000,0.01910940,0.04095319,0.06128188,0.30734845
1.80390195,0.40541845,0.07857681,0.00000000,0.02070639,0.04594959,0.06702582,0.34237507
1.80990495,0.44765343,0.08593710,0.00000000,0.02229354,0.05130668,0.07283622,0.37990159
1.81590795,0.49207450,0.09359034,0.00000000,0.02384380,0.05701384,0.07864341,0.41978512
1.82191096,0.53841453,0.10146484,0.00000000,0.02532935,0.06305466,0.08437362,0.46184653
1.82791396,0.58636832,0.10948433,0.00000000,0.02672234,0.06940645,0.08995063,0.50586832
1.83391696,0.63559337,0.11756889,0.00000000,0.02799561,0.07603983,0.09529766,0.55159286
1.83991996,0.68571120,0.12563583,0.00000000,0.02912353,0.08291831,0.10033931,0.59872101
1.84592296,0.73630910,0.13360073,0.00000000,0.03008277,0.08999803,0.10500350,0.64691129
1.85192596,0.78694243,0.14137848,0.00000000,0.03085301,0.09722751,0.10922331,0.69577964
1.85792896,0.83713757,0.14888424,0.00000000,0.03141760,0.10454769,0.11293875,0.74490021
1.86393197,0.88639543,0.15603455,0.00000000,0.03176414,0.11189204,0.11609823,0.79380707
1.86993497,0.93419592,0.16274823,0.00000000,0.03188487,0.11918697,0.11865976,0.84199729
1.87593797,0.98000315,0.16894738,0.00000000,0.03177693,0.12635246,0.12059184,0.88893542
1.88194097,1.02327186,0.17455827,0.00000000,0.03144244,0.13330299,0.12187400,0.93405961
1.88794397,1.06345474,0.17951227,0.00000000,0.03088841,0.13994880,0.12249693,0.97678951
1.89394697,1.10001109,0.18374666,0.00000000,0.03012648,0.14619744,0.12246235,1.01653579
1.89994997,1.13241645,0.18720554,0.00000000,0.02917252,0.15195557,0.12178250,1.05271147
1.90595298,1.16017328,0.18984069,0.00000000,0.02804602,0.15713112,0.12047933,1.08474459
1.91195598,1.18282244,0.19161238,0.00000000,0.02676948,0.16163554,0.11858351,1.11209217
1.91795898,1.19995507,0.19249026,0.00000000,0.02536761,0.16538630,0.11613328,1.13425483
1.92396198,1.21122459,0.19245410,0.00000000,0.02386656,0.16830931,0.11317314,1.15079168
1.92996498,1.21635822,0.19149457,0.00000000,0.02229311,0.17034139,0.10975255,1.16133475
1.93596798,1.21516755,0.18961380,0.00000000,0.02067387,0.17143250,0.10592458,1.16560241
1.94197099,1.20755759,0.18682591,0.00000000,0.01903457,0.17154771,0.10174469,1.16341101
1.94797399,1.19353367,0.18315726,0.00000000,0.01739941,0.17066880,0.09726954,1.15468411
1.95397699,1.17320589,0.17864642,0.00000000,0.01579050,0.16879535,0.09255591,1.13945882
1.95997999,1.14679040,0.17334399,0.00000000,0.01422747,0.16594528,0.08765980,1.11788859
1.96598299,1.11460766,0.16731193,0.00000000,0.01272709,0.16215483,0.08263563,1.09024241
1.97198599,1.07707712,0.16062271,0.00000000,0.01130319,0.15747787,0.07753556,1.05690010
1.97798899,1.03470875,0.15335803,0.00000000,0.00996650,0.15198464,0.07240899,1.01834383
1.98399200,0.98809144,0.14560727,0.00000000,0.00872477,0.14575989,0.06730208,0.97514617
1.98999500,0.93787871,0.13746566,0.00000000,0.00758291,0.13890058,0.06225749,0.92795510
1.99599800,0.88477232,0.12903229,0.00000000,0.00654315,0.13151314,0.05731407,0.87747657
2.00200100,0.82950445,0.12040785,0.00000000,0.00560543,0.12371047,0.05250675,0.82445544
2.00800400,0.77281912,0.11169247,0.00000000,0.00476760,0.11560884,0.04786638,0.76965547
2.01400700,0.71545374,0.10298350,0.00000000,0.00402589,0.10732468,0.04341972,0.71383940
2.02001001,0.65812138,0.09437339,0.00000000,0.00337515,0.09897160,0.03918944,0.65774980
2.02601301,0.60149467,0.08594783,0.00000000,0.00280928,0.09065757,0.03519418,0.60209150
2.03201601,0.54619181,0.07778410,0.00000000,0.00232149,0.08248247,0.03144871,0.54751625
2.03801901,0.49276511,0.06994977,0.00000000,0.00190462,0.07453607,0.02796406,0.49461022
2.04402201,0.44169258,0.06250180,0.00000000,0.00155139,0.06689646,0.02474781,0.44388450
2.05002501,0.39337253,0.05548591,0.00000000,0.00125459,0.05962899,0.02180436,0.39576895
2.05602801,0.34812130,0.04893645,0.00000000,0.00100730,0.05278578,0.01913534,0.35060934
2.06203102,0.30617397,0.04287656,0.00000000,0.00080294,0.04640561,0.01673998,0.30866761
2.06803402,0.26768773,0.03731870,0.00000000,0.00063546,0.04051431,0.01461559,0.27012502
2.07403702,0.23274755,0.03226545,0.00000000,0.00049932,0.03512559,0.01275806,0.23508771
2.08004002,0.20137371,0.02771053,0.00000000,0.00038955,0.03024204,0.01116235,0.20359429
2.08604302,0.17353068,0.02364001,0.00000000,0.00030177,0.02585651,0.00982301,0.17562479
2.09204602,0.14913678,0.02003363,0.00000000,0.00023215,0.02195356,0.00873469,0.15111063
2.09804902,0.12807431,0.01686613,0.00000000,0.00017739,0.01851101,0.00789262,0.12994483
2.10405203,0.11019937,0.01410867,0.00000000,0.00013471,0.01550153,0.00729303,0.11199230
2.11005503,0.09535137,0.01173008,0.00000000,0.00010175,0.01289410,0.00693352,0.09709942
2.11605803,0.08336155,0.00969812,0.00000000,0.00007659,0.01065549,0.00681342,0.08510292
2.12206103,0.07406051,0.00798063,0.00000000,0.00005765,0.00875148,0.00693400,0.07583757
2.12806403,0.06728451,0.00654649,0.00000000,0.00004369,0.00714806,0.00729869,0.06914262
2.13406703,0.06288046,0.00536649,0.00000000,0.00003372,0.00581228,0.00791319,0.06486690
2.14007004,0.06070966,0.00441410,0.00000000,0.00002703,0.00471313,0.00878558,0.06287255
2.14607304,0.06065029,0.00366607,0.00000000,0.00002312,0.00382207,0.00992636,0.06303755
2.15207604,0.06259896,0.00310294,0.00000000,0.00002169,0.00311357,0.01134851,0.06525708
2.15807904,0.06647130,0.00270947,0.00000000,0.00002264,0.00256536,0.01306758,0.06944400
2.16408204,0.07220195,0.00247500,0.00000000,0.00002605,0.00215870,0.01510184,0.07552861
2.17008504,0.07974418,0.00239375,0.00000000,0.00003220,0.00187847,0.01747248,0.08345803
2.17608804,0.08906933,0.00246506,0.00000000,0.00004156,0.00171321,0.02020397,0.09319536
2.18209105,0.10016635,0.00269364,0.00000000,0.00005486,0.00165516,0.02332462,0.10471890
2.18809405,0.11304166,0.00308982,0.00000000,0.00007305,0.00170016,0.02686718,0.11802172
2.19409705,0.12771943,0.00366966,0.00000000,0.00009739,0.00184763,0.03086976,0.13311166
2.20010005,0.14424252,0.00445522,0.00000000,0.00012947,0.00210046,0.03537689,0.15001201
2.20610305,0.16267399,0.00547466,0.00000000,0.00017127,0.00246491,0.04044070,0.16876279
2.21210605,0.18309932,0.00676231,0.00000000,0.00022520,0.00295056,0.04612235,0.18942281
2.21810905,0.20562905,0.00835877,0.00000000,0.00029416,0.00357014,0.05249339,0.21207227
2.22411206,0.23040192,0.01031079,0.00000000,0.00038161,0.00433942,0.05963722,0.23681589
2.23011506,0.25758797,0.01267109,0.00000000,0.00049160,0.00527704,0.06765039,0.26378614
2.23611806,0.28739153,0.01549804,0.00000000,0.00062883,0.00640433,0.07664366,0.29314646
2.24212106,0.32005358,0.01885513,0.00000000,0.00079867,0.00774504,0.08674268,0.32509399
2.24812406,0.35585303,0.02281019,0.00000000,0.00100719,0.00932503,0.09808813,0.35986131
2.25412706,0.39510655,0.02743448,0.00000000,0.00126114,0.01117191,0.11083521,0.39771700
2.26013007,0.43816656,0.03280138,0.00000000,0.00156793,0.01331452,0.12515219,0.43896428
2.26613307,0.48541681,0.03898494,0.00000000,0.00193556,0.01578236,0.14121809,0.48393756
2.27213607,0.53726537,0.04605809,0.00000000,0.00237249,0.01860492,0.15921920,0.53299651
2.27813907,0.59413482,0.05409058,0.00000000,0.00288753,0.02181089,0.17934452,0.58651734
2.28414207,0.65644941,0.06314676,0.00000000,0.00348964,0.02542723,0.20177996,0.64488130
2.29014507,0.72461940,0.07328315,0.00000000,0.00418765,0.02947817,0.22670151,0.70846039
2.29614807,0.79902283,0.08454583,0.00000000,0.00499007,0.03398413,0.25426741,0.77760053
2.30215108,0.87998505,0.09696785,0.00000000,0.00590467,0.03896053,0.28460945,0.85260258
2.30815408,0.96775673,0.11056664,0.00000000,0.00693822,0.04441664,0.31782385,0.93370185
2.31415708,1.06249120,0.12534160,0.00000000,0.00809606,0.05035434,0.35396186,1.02104680
2.32016008,1.16422192,0.14127188,0.00000000,0.00938177,0.05676699,0.39302063,1.11467795
2.32616308,1.27284140,0.15831452,0.00000000,0.01079676,0.06363836,0.43493466,1.21450781
2.33216608,1.38808242,0.17640315,0.00000000,0.01233997,0.07094181,0.47956842,1.32030325
2.33816908,1.50950308,0.19544712,0.00000000,0.01400758,0.07863952,0.52671056,1.43167110
2.34417209,1.63647639,0.21533142,0.00000000,0.01579272,0.08668218,0.57607014,1.54804820
2.35017509,1.76818570,0.23591725,0.00000000,0.01768543,0.09500891,0.62727528,1.66869676
2.35617809,1.90362663,0.25704336,0.00000000,0.01967252,0.10354763,0.67987466,1.79270588
2.36218109,2.04161602,0.27852823,0.00000000,0.02173768,0.11221577,0.73334194,1.91899960
2.36818409,2.18080824,0.30017295,0.00000000,0.02386167,0.12092159,0.78708326,2.04635181
2.37418709,2.31971866,0.32176483,0.00000000,0.02602262,0.12956582,0.84044785,2.17340789
2.38019010,2.45675387,0.34308158,0.00000000,0.02819644,0.13804381,0.89274137,2.29871265
2.38619310,2.59024782,0.36389604,0.00000000,0.03035738,0.14624809,0.94324180,2.42074369
2.39219610,2.71850262,0.38398106,0.00000000,0.03247859,0.15407124,0.99121732,2.53794925
2.39819910,2.83983268,0.40311473,0.00000000,0.03453287,0.16140906,1.03594548,2.64878899
2.40420210,2.95261029,0.42108533,0.00000000,0.03649331,0.16816380,1.07673308,2.75177618
2.41020510,3.05531097,0.43769618,0.00000000,0.03833409,0.17424745,1.11293588,2.84551956
2.41620810,3.14655652,0.45276993,0.00000000,0.04003113,0.17958488,1.14397732,2.92876310
2.42221111,3.22515408,0.46615228,0.00000000,0.04156271,0.18411670,1.16936558,3.00042191
2.42821411,3.29012937,0.47771496,0.00000000,0.04291011,0.18780164,1.18870806,3.05961280
2.43421711,3.34075282,0.48735780,0.00000000,0.04405795,0.19061842,1.20172290,3.10567806
2.44022011,3.37655742,0.49500988,0.00000000,0.04499461,0.19256691,1.20824688,3.13820170
2.44622311,3.39734768,0.50062987,0.00000000,0.04571233,0.19366855,1.20823948,3.15701732
2.45222611,3.40319957,0.50420535,0.00000000,0.04620729,0.19396591,1.20178301,3.16220758
2.45822911,3.39445159,0.50575141,0.00000000,0.04647949,0.19352152,1.18907884,3.15409559
2.46423212,3.37168776,0.50530864,0.00000000,0.04653257,0.19241585,1.17044007,3.13322881
2.47023512,3.33571370,0.50294049,0.00000000,0.04637342,0.19074465,1.14628104,3.10035654
2.47623812,3.28752708,0.49873043,0.00000000,0.04601181,0.18861564,1.11710420,3.05640247
2.48224112,3.22828436,0.49277884,0.00000000,0.04545991,0.18614489,1.08348524,3.00243368
2.48824412,3.15926535,0.48520001,0.00000000,0.04473180,0.18345285,1.04605693,2.93962788
2.49424712,3.08183751,0.47611929,0.00000000,0.04384295,0.18066046,1.00549264,2.86924062
2.50025013,2.99742172,0.46567043,0.00000000,0.04280977,0.17788531,0.96249018,2.79257378
2.50625313,2.90746084,0.45399349,0.00000000,0.04164914,0.17523822,0.91775655,2.71094696
2.51225613,2.81339229,0.44123297,0.00000000,0.04037807,0.17282034,0.87199426,2.62567269
2.51825913,2.71662549,0.42753650,0.00000000,0.03901336,0.17072088,0.82588936,2.53803617
2.52426213,2.61852446,0.41305384,0.00000000,0.03757137,0.16901563,0.78010175,2.44927994
2.53026513,2.52039565,0.39793627,0.00000000,0.03606785,0.16776624,0.73525745,2.36059346
2.53626813,2.42348056,0.38233610,0.00000000,0.03451783,0.16702035,0.69194311,2.27310706
2.54227114,2.32895242,0.36640636,0.00000000,0.03293557,0.16681237,0.65070223,2.18788971
2.54827414,2.23791590,0.35030049,0.00000000,0.03133452,0.16716495,0.61203303,2.10594950
2.55427714,2.15140875,0.33417179,0.00000000,0.02972738,0.16809087,0.57638732,2.02823580
2.56028014,2.07040399,0.31817278,0.00000000,0.02812607,0.16959521,0.54417011,1.95564179
2.56628314,1.99581141,0.30245416,0.00000000,0.02654182,0.17167761,0.51573940,1.88900613
2.57228614,1.92847726,0.28716346,0.00000000,0.02498511,0.17433436,0.49140581,1.82911282
2.57828914,1.86918115,0.27244327,0.00000000,0.02346575,0.17756013,0.47143158,1.77668815
2.58429215,1.81862950,0.25842917,0.00000000,0.02199281,0.18134927,0.45602891,1.73239424
2.59029515,1.77744516,0.24524731,0.00000000,0.02057460,0.18569633,0.44535718,1.69681883
2.59629815,1.74615335,0.23301177,0.00000000,0.01921859,0.19059596,0.43951941,1.67046134
2.60230115,1.72516424,0.22182184,0.00000000,0.01793138,0.19604197,0.43855783,1.65371567
2.60830415,1.71475300,0.21175921,0.00000000,0.01671855,0.20202576,0.44244890,1.64685052
2.61430715,1.71503858,0.20288544,0.00000000,0.01558461,0.20853404,0.45109821,1.64998835
2.62031016,1.72596249,0.19523960,0.00000000,0.01453294,0.21554622,0.46433564,1.66308440
2.62631316,1.74726935,0.18883642,0.00000000,0.01356568,0.22303148,0.48191143,1.68590729
2.63231616,1.77849081,0.18366496,0.00000000,0.01268368,0.23094596,0.50349354,1.71802298
2.63831916,1.81893464,0.17968800,0.00000000,0.01188657,0.23923010,0.52866704,1.75878358
2.64432216,1.86768052,0.17684217,0.00000000,0.01117270,0.24780667,0.55693590,1.80732277
2.65032516,1.92358382,0.17503892,0.00000000,0.01053921,0.25657951,0.58772758,1.86255885
2.65632816,1.98528835,0.17416639,0.00000000,0.00998220,0.26543329,0.62040073,1.92320655
2.66233117,2.05124855,0.17409204,0.00000000,0.00949680,0.27423436,0.65425608,1.98779790
2.66833417,2.11976109,0.17466617,0.00000000,0.00907742,0.28283285,0.68855041,2.05471228
2.67433717,2.18900530,0.17572611,0.00000000,0.00871792,0.29106597,0.72251341,2.12221505
2.68034017,2.25709135,0.17710102,0.00000000,0.00841190,0.29876232,0.75536689,2.18850349
2.68634317,2.32211431,0.17861708,0.00000000,0.00815296,0.30574726,0.78634568,2.25175872
2.69234617,2.38221223,0.18010297,0.00000000,0.00793499,0.31184881,0.81471960,2.31020123
2.69834917,2.43562561,0.18139542,0.00000000,0.00775248,0.31690405,0.83981545,2.36214787
2.70435218,2.48075562,0.18234453,0.00000000,0.00760080,0.32076553,0.86103806,2.40606760
2.71035518,2.51621847,0.18281883,0.00000000,0.00747650,0.32330733,0.87788963,2.44063344
2.71635818,2.54089309,0.18270970,0.00000000,0.00737758,0.32443054,0.88998622,2.46476799
2.72236118,2.55396010,0.18193514,0.00000000,0.00730369,0.32406775,0.89707075,2.47768039
2.72836418,2.55492983,0.18044254,0.00000000,0.00725632,0.32218632,0.89902180,2.47889282
2.73436718,2.54365825,0.17821064,0.00000000,0.00723897,0.31879022,0.89585772,2.46825524
2.74037019,2.52034994,0.17525031,0.00000000,0.00725723,0.31392044,0.88773588,2.44594768
2.74637319,2.48554808,0.17160431,0.00000000,0.00731877,0.30765378,0.87494701,2.41246995
2.75237619,2.44011186,0.16734601,0.00000000,0.00743329,0.30010020,0.85790491,2.36861952
2.75837919,2.38518285,0.16257709,0.00000000,0.00761244,0.29139893,0.83713188,2.31545866
2.76438219,2.32214167,0.15742442,0.00000000,0.00786959,0.28171339,0.81324070,2.25427261
2.77038519,2.25255745,0.15203612,0.00000000,0.00821956,0.27122536,0.78691370,2.18652093
2.77638819,2.17813229,0.14657704,0.00000000,0.00867827,0.26012867,0.75888008,2.11378439
2.78239120,2.10064347,0.14122378,0.00000000,0.00926234,0.24862264,0.72989218,2.03771004
2.78839420,2.02188572,0.13615947,0.00000000,0.00998856,0.23690575,0.70070184,1.95995673
2.79439720,1.94361612,0.13156843,0.00000000,0.01087340,0.22516965,0.67203762,1.88214353
2.80040020,1.86750358,0.12763081,0.00000000,0.01193240,0.21359389,0.64458372,1.80580298
2.80640320,1.79508445,0.12451752,0.00000000,0.01317953,0.20234151,0.61896131,1.73234069
2.81240620,1.72772574,0.12238542,0.00000000,0.01462665,0.19155561,0.59571277,1.66300251
2.81840920,1.66659642,0.12137295,0.00000000,0.01628280,0.18135692,0.57528918,1.59884981
2.82441221,1.61264718,0.12159624,0.00000000,0.01815375,0.17184246,0.55804141,1.54074304
2.83041521,1.56659858,0.12314592,0.00000000,0.02024141,0.16308517,0.54421477,1.48933347
2.83641821,1.52893696,0.12608445,0.00000000,0.02254350,0.15513433,0.53394718,1.44506220
2.84242121,1.49991746,0.13044430,0.00000000,0.02505322,0.14801684,0.52727072,1.40816593
2.84842421,1.47957318,0.13622681,0.00000000,0.02775920,0.14173896,0.52411633,1.37868813
2.85442721,1.46772947,0.14340182,0.00000000,0.03064547,0.13628849,0.52432122,1.35649469
2.86043022,1.46402234,0.15190820,0.00000000,0.03369174,0.13163719,0.52763874,1.34129280
2.86643322,1.46791999,0.16165509,0.00000000,0.03687379,0.12774330,0.53375014,1.33265214
2.87243622,1.47874660,0.17252400,0.00000000,0.04016412,0.12455407,0.54227790,1.33002724
2.87843922,1.49570764,0.18437170,0.00000000,0.04353266,0.12200811,0.55280017,1.33278051
2.88444222,1.51791595,0.19703377,0.00000000,0.04694775,0.12003766,0.56486577,1.34020504
2.89044522,1.54441817,0.21032884,0.00000000,0.05037715,0.11857061,0.57800933,1.35154682
2.89644822,1.57422093,0.22406334,0.00000000,0.05378910,0.11753231,0.59176613,1.36602602
2.90245123,1.60631640,0.23803662,0.00000000,0.05715346,0.11684718,0.60568621,1.38285695
2.90845423,1.63970678,0.25204625,0.00000000,0.06044273,0.11644017,0.61934719,1.40126653
2.91445723,1.67342727,0.26589342,0.00000000,0.06363293,0.11623804,0.63236559,1.42051107
2.92046023,1.70656705,0.27938806,0.00000000,0.06670443,0.11617050,0.64440606,1.43989104
2.92646323,1.73828774,0.29235357,0.00000000,0.06964236,0.11617125,0.65518844,1.45876372
2.93246623,1.76783894,0.30463099,0.00000000,0.07243694,0.11617889,0.66449228,1.47655341
2.93846923,1.79457032,0.31608229,0.00000000,0.07508339,0.11613777,0.67215876,1.49275899
2.94447224,1.81793977,0.32659271,0.00000000,0.07758154,0.11599867,0.67808988,1.50695863
2.95047524,1.83751748,0.33607215,0.00000000,0.07993522,0.11571933,0.68224523,1.51881152
2.95647824,1.85298571,0.34445527,0.00000000,0.08215128,0.11526488,0.68463629,1.52805658
2.96248124,1.86413427,0.35170068,0.00000000,0.08423847,0.11460802,0.68531881,1.53450817
2.96848424,1.87085209,0.35778891,0.00000000,0.08620612,0.11372899,0.68438360,1.53804909
2.97448724,1.87311529,0.36271970,0.00000000,0.08806279,0.11261541,0.68194626,1.53862137
2.98049025,1.87097243,0.36650844,0.00000000,0.08981488,0.11126178,0.67813653,1.53621505
2.98649325,1.86452802,0.36918227,0.00000000,0.09146540,0.10966890,0.67308766,1.53085608
2.99249625,1.85392504,0.37077593,0.00000000,0.09301291,0.10784299,0.66692672,1.52259369
2.99849925,1.83932784,0.37132775,0.00000000,0.09445077,0.10579485,0.65976604,1.51148826
3.00450225,1.82090624,0.37087597,0.00000000,0.09576665,0.10353875,0.65169651,1.49760054
3.01050525,1.79882211,0.36945572,0.00000000,0.09694252,0.10109144,0.64278299,1.48098270
3.01650825,1.77321897,0.36709670,0.00000000,0.09795499,0.09847114,0.63306201,1.46167204
3.02251126,1.74421548,0.36382192,0.00000000,0.09877604,0.09569660,0.62254193,1.43968771
3.02851426,1.71190295,0.35964732,0.00000000,0.09937417,0.09278638,0.61120533,1.41503053
3.03451726,1.67634701,0.35458242,0.00000000,0.09971579,0.08975818,0.59901351,1.38768609
3.04052026,1.63759317,0.34863190,0.00000000,0.09976688,0.08662854,0.58591268,1.35763064
3.04652326,1.59567567,0.34179793,0.00000000,0.09949484,0.08341256,0.57184134,1.32483946
3.05252626,1.55062886,0.33408298,0.00000000,0.09887024,0.08012402,0.55673845,1.28929696
3.05852926,1.50250019,0.32549309,0.00000000,0.09786870,0.07677551,0.54055169,1.25100769
3.06453227,1.45136367,0.31604107,0.00000000,0.09647240,0.07337882,0.52324526,1.21000757
3.07053527,1.39733291,0.30574960,0.00000000,0.09467149,0.06994545,0.50480692,1.16637428
3.07653827,1.34057247,0.29465389,0.00000000,0.09246511,0.06648707,0.48525356,1.12023613
3.08254127,1.28130700,0.28280362,0.00000000,0.08986197,0.06301615,0.46463527,1.07177878
3.08854427,1.21982724,0.27026424,0.00000000,0.08688065,0.05954646,0.44303742,1.02124922
3.09454727,1.15649261,0.25711730,0.00000000,0.08354932,0.05609355,0.42058101,0.96895687
3.10055028,1.09173027,0.24345992,0.00000000,0.07990519,0.05267518,0.39742111,0.91527153
3.10655328,1.02603060,0.22940337,0.00000000,0.07599353,0.04931155,0.37374361,0.86061851
3.11255628,0.95993967,0.21507090,0.00000000,0.07186638,0.04602556,0.34976068,0.80547119
3.11855928,0.89404906,0.20059489,0.00000000,0.06758110,0.04284278,0.32570509,0.75034150
3.12456228,0.82898380,0.18611359,0.00000000,0.06319872,0.03979154,0.30182389,0.69576897
3.13056528,0.76538921,0.17176753,0.00000000,0.05878221,0.03690274,0.27837186,0.64230896
3.13656828,0.70391729,0.15769590,0.00000000,0.05439480,0.03420970,0.25560493,0.59052075
3.14257129,0.64521358,0.14403301,0.00000000,0.05009842,0.03174794,0.23377407,0.54095614
3.14857429,0.58990490,0.13090504,0.00000000,0.04595220,0.02955495,0.21311991,0.49414897
3.15457729,0.53858855,0.11842726,0.00000000,0.04201124,0.02766985,0.19386807,0.45060614
3.16058029,0.49182328,0.10670167,0.00000000,0.03832557,0.02613313,0.17622557,0.41080007
3.16658329,0.45012200,0.09581538,0.00000000,0.03493936,0.02498624,0.16037811,0.37516300
3.17258629,0.41394632,0.08583942,0.00000000,0.03189035,0.02427128,0.14648835,0.34408278
3.17858929,0.38370252,0.07682827,0.00000000,0.02920948,0.02403042,0.13469490,0.31790005
3.18459230,0.35973878,0.06881980,0.00000000,0.02692078,0.02430542,0.12511191,0.29690648
3.19059530,0.34234297,0.06183578,0.00000000,0.02504132,0.02513683,0.11782910,0.28134364
3.19659830,0.33174079,0.05588266,0.00000000,0.02358134,0.02656321,0.11291193,0.27140205
3.20260130,0.32809367,0.05095262,0.00000000,0.02254446,0.02862005,0.11040180,0.26722008
3.20860430,0.33149603,0.04702484,0.00000000,0.02192793,0.03133857,0.11031599,0.26888225
3.21460730,0.34197176,0.04406672,0.00000000,0.02172288,0.03474430,0.11264737,0.27641684
3.22061031,0.35946971,0.04203521,0.00000000,0.02191462,0.03885559,0.11736365,0.28979240
3.22661331,0.38385831,0.04087803,0.00000000,0.02248294,0.04368187,0.12440630,0.30891359
3.23261631,0.41491957,0.04053476,0.00000000,0.02340234,0.04922197,0.13368918,0.33361614
3.23861931,0.45234279,0.04093788,0.00000000,0.02464237,0.05546241,0.14509692,0.36366150
3.24462231,0.49571873,0.04201366,0.00000000,0.02616792,0.06237584,0.15848340,0.39873162
3.25062531,0.54453475,0.04368304,0.00000000,0.02793956,0.06991963,0.17367038,0.43842431
3.25662831,0.59817174,0.04586242,0.00000000,0.02991400,0.07803485,0.19044670,0.48225000
3.26263132,0.65590362,0.04846445,0.00000000,0.03204459,0.08664565,0.20856818,0.52963038
3.26863432,0.71690009,0.05139893,0.00000000,0.03428192,0.09565921,0.22775853,0.57989968
3.27463732,0.78023326,0.05457378,0.00000000,0.03657459,0.10496629,0.24771142,0.63230906
3.28064032,0.84488852,0.05789610,0.00000000,0.03887005,0.11444241,0.26809398,0.68603455
3.28664332,0.90977997,0.06127346,0.00000000,0.04111553,0.12394986,0.28855155,0.74018878
3.29264632,0.97377020,0.06461527,0.00000000,0.04325917,0.13334027,0.30871402,0.79383643
3.29864932,1.03569428,0.06783432,0.00000000,0.04525111,0.14245794,0.32820330,0.84601341
3.30465233,1.09438727,0.07084844,0.00000000,0.04704463,0.15114371,0.34664202,0.89574902
3.31065533,1.14871434,0.07358219,0.00000000,0.04859734,0.15923924,0.36366293,0.94209077
3.31665833,1.19760255,0.07596859,0.00000000,0.04987225,0.16659170,0.37891890,0.98413063
3.32266133,1.24007291,0.07795076,0.00000000,0.05083877,0.17305843,0.39209287,1.02103203
3.32866433,1.27527151,0.07948348,0.00000000,0.05147352,0.17851163,0.40290749,1.05205621
3.33466733,1.30249817,0.08053447,0.00000000,0.05176101,0.18284270,0.41113396,1.07658699
3.34067034,1.32123146,0.08108550,0.00000000,0.05169401,0.18596616,0.41659960,1.09415261
3.34667334,1.33114880,0.08113309,0.00000000,0.05127380,0.18782280,0.41919389,1.10444379
3.35267634,1.33214070,0.08068891,0.00000000,0.05050998,0.18838213,0.41887252,1.10732700
3.35867934,1.32431845,0.07977980,0.00000000,0.04942024,0.18764381,0.41565948,1.10285235
3.36468234,1.30801475,0.07844735,0.00000000,0.04802970,0.18563810,0.40964686,1.09125569
3.37068534,1.28377737,0.07674715,0.00000000,0.04637016,0.18242528,0.40099251,1.07295469
3.37668834,1.25235593,0.07474764,0.00000000,0.04447910,0.17809408,0.38991564,1.04853918
3.38269135,1.21468249,0.07252865,0.00000000,0.04239863,0.17275911,0.37669062,1.01875594
3.38869435,1.17184661,0.07017972,0.00000000,0.04017426,0.16655759,0.36163924,0.98448887
3.39469735,1.12506615,0.06779810,0.00000000,0.03785371,0.15964530,0.34512186,0.94673508
3.40070035,1.07565477,0.06548670,0.00000000,0.03548574,0.15219209,0.32752787,0.90657806
3.40670335,1.02498751,0.06335187,0.00000000,0.03311899,0.14437712,0.30926582,0.86515890
3.41270635,0.97446578,0.06150116,0.00000000,0.03080100,0.13638391,0.29075382,0.82364670
3.41870935,0.92548280,0.06004112,0.00000000,0.02857733,0.12839555,0.27241043,0.78320911
3.42471236,0.87939072,0.05907505,0.00000000,0.02649084,0.12059013,0.25464652,0.74498412
3.43071536,0.83747041,0.05870100,0.00000000,0.02458114,0.11313655,0.23785819,0.71005376
3.43671836,0.80090451,0.05900971,0.00000000,0.02288428,0.10619086,0.22242122,0.67942058
3.44272136,0.77075444,0.06008284,0.00000000,0.02143252,0.09989324,0.20868677,0.65398733
3.44872436,0.74794176,0.06199130,0.00000000,0.02025427,0.09436557,0.19697871,0.63454030
3.45472736,0.73323392,0.06479376,0.00000000,0.01937424,0.08970972,0.18759211,0.62173638
3.46073037,0.72723464,0.06853536,0.00000000,0.01881359,0.08600652,0.18079307,0.61609420
3.46673337,0.73037858,0.07324674,0.00000000,0.01859018,0.08331537,0.17681945,0.61798894
3.47273637,0.74293027,0.07894315,0.00000000,0.01871889,0.08167440,0.17588218,0.62765100
3.47873937,0.76498687,0.08562396,0.00000000,0.01921192,0.08110126,0.17816710,0.64516808
3.48474237,0.79648451,0.09327243,0.00000000,0.02007902,0.08159428,0.18383671,0.67049038
3.49074537,0.83720764,0.10185569,0.00000000,0.02132775,0.08313404,0.19303173,0.70343880
3.49674837,0.88680110,0.11132517,0.00000000,0.02296358,0.08568527,0.20587209,0.74371541
3.50275138,0.94478434,0.12161726,0.00000000,0.02498993,0.08919894,0.22245710,0.79091603
3.50875438,1.01056733,0.13265432,0.00000000,0.02740808,0.09361449,0.24286475,0.84454445
3.51475738,1.08346762,0.14434594,0.00000000,0.03021703,0.09886216,0.26714985,0.90402763
3.52076038,1.16272804,0.15659057,0.00000000,0.03341312,0.10486527,0.29534107,0.96873159
3.52676338,1.24753447,0.16927726,0.00000000,0.03698968,0.11154245,0.32743698,1.03797742
3.53276638,1.33703317,0.18228770,0.00000000,0.04093649,0.11880968,0.36340112,1.11105684
3.53876938,1.43034716,0.19549824,0.00000000,0.04523926,0.12658224,0.40315645,1.18724689
3.54477239,1.52659112,0.20878210,0.00000000,0.04987897,0.13477621,0.44657933,1.26582337
3.55077539,1.62488456,0.22201145,0.00000000,0.05483132,0.14330986,0.49349364,1.34607245
3.55677839,1.72436279,0.23505950,0.00000000,0.06006617,0.15210456,0.54366522,1.42730040
3.56278139,1.82418571,0.24780236,0.00000000,0.06554704,0.16108537,0.59679729,1.50884110
3.56878439,1.92354427,0.26012084,0.00000000,0.07123080,0.17018131,0.65252722,1.59006139
3.57478739,2.02166481,0.27190190,0.00000000,0.07706748,0.17932516,0.71042518,1.67036432
3.58079040,2.11781162,0.28304000,0.00000000,0.08300037,0.18845307,0.76999505,1.74919056
3.58679340,2.21128804,0.29343823,0.00000000,0.08896629,0.19750378,0.83067792,1.82601841
3.59279640,2.30143682,0.30300912,0.00000000,0.09489620,0.20641771,0.89185848,1.90036281
3.59879940,2.38764025,0.31167550,0.00000000,0.10071609,0.21513592,0.95287434,1.97177405
3.60480240,2.46932079,0.31937105,0.00000000,0.10634817,0.22359905,1.01302825,2.03983664
3.61080540,2.54594279,0.32604090,0.00000000,0.11171234,0.23174631,1.07160310,2.10416909
3.61680840,2.61701584,0.33164215,0.00000000,0.11672793,0.23951478,1.12787922,2.16442490
3.62281141,2.68210009,0.33614440,0.00000000,0.12131564,0.24683885,1.18115349,2.22029536
3.62881441,2.74081379,0.33953025,0.00000000,0.12539963,0.25365019,1.23075965,2.27151415
3.63481741,2.79284290,0.34179589,0.00000000,0.12890969,0.25987802,1.27608895,2.31786389
3.64082041,2.83795253,0.34295161,0.00000000,0.13178343,0.26545001,1.31661030,2.35918439
3.64682341,2.87599956,0.34302228,0.00000000,0.13396835,0.27029354,1.35188903,2.39538208
3.65282641,2.90694588,0.34204777,0.00000000,0.13542372,0.27433751,1.38160338,2.42644010
3.65882941,2.93087097,0.34008316,0.00000000,0.13612223,0.27751452,1.40555784,2.45242823
3.66483242,2.94798316,0.33719871,0.00000000,0.13605122,0.27976335,1.42369268,2.47351171
3.67083542,2.95862806,0.33347956,0.00000000,0.13521361,0.28103166,1.43608907,2.48995805
3.67683842,2.96329348,0.32902502,0.00000000,0.13362823,0.28127871,1.44296943,2.50214101
3.68284142,2.96260969,0.32394750,0.00000000,0.13132976,0.28047804,1.44469280,2.51054076
3.68884442,2.95734426,0.31837090,0.00000000,0.12836810,0.27861977,1.44174534,2.51573986
3.69484742,2.94839122,0.31242864,0.00000000,0.12480728,0.27571262,1.43472618,2.51841432
3.70085043,2.93675414,0.30626115,0.00000000,0.12072393,0.27178528,1.42432918,2.51931995
3.70685343,2.92352338,0.30001308,0.00000000,0.11620526,0.26688712,1.41132114,2.51927390
3.71285643,2.90984801,0.29383012,0.00000000,0.11134680,0.26108817,1.39651745,2.51913191
3.71885943,2.89690320,0.28785556,0.00000000,0.10624980,0.25447826,1.38075594,2.51976199
3.72486243,2.88585409,0.28222678,0.00000000,0.10101855,0.24716537,1.36486997,2.52201547
3.73086543,2.87781756,0.27707170,0.00000000,0.09575754,0.23927316,1.34966180,2.52669652
3.73686843,2.87382328,0.27250533,0.00000000,0.09056869,0.23093781,1.33587702,2.53453141
3.74287144,2.87477556,0.26862656,0.00000000,0.08554870,0.22230429,1.32418107,2.54613893
3.74887444,2.88141773,0.26551526,0.00000000,0.08078656,0.21352212,1.31513858,2.56200306
3.75487744,2.89430031,0.26322986,0.00000000,0.07636136,0.20474088,1.30919606,2.58244937
3.76088044,2.91375465,0.26180537,0.00000000,0.07234039,0.19610564,1.30666849,2.60762612
3.76688344,2.93987293,0.26125211,0.00000000,0.06877770,0.18775243,1.30773015,2.63749103
3.77288644,2.97249585,0.26155494,0.00000000,0.06571294,0.17980406,1.31240988,2.67180447
3.77888944,3.01120834,0.26267328,0.00000000,0.06317074,0.17236634,1.32059067,2.71012949
3.78489245,3.05534416,0.26454173,0.00000000,0.06116050,0.16552497,1.33201376,2.75183901
3.79089545,3.10399911,0.26707143,0.00000000,0.05967656,0.15934319,1.34628679,2.79613003
3.79689845,3.15605307,0.27015208,0.00000000,0.05869884,0.15386019,1.36289591,2.84204467
3.80290145,3.21020001,0.27365457,0.00000000,0.05819389,0.14909058,1.38122136,2.88849740
3.80890445,3.26498562,0.27743420,0.00000000,0.05811618,0.14502468,1.40055617,2.93430782
3.81490745,3.31885111,0.28133450,0.00000000,0.05840983,0.14162974,1.42012747,2.97823791
3.82091046,3.37018220,0.28519137,0.00000000,0.05901053,0.13885208,1.43911976,3.01903259
3.82691346,3.41736154,0.28883773,0.00000000,0.05984769,0.13661993,1.45669972,3.05546238
3.83291646,3.45882301,0.29210826,0.00000000,0.06084667,0.13484694,1.47204174,3.08636660
3.83891946,3.49310588,0.29484441,0.00000000,0.06193117,0.13343618,1.48435357,3.11069567
3.84492246,3.51890709,0.29689929,0.00000000,0.06302559,0.13228448,1.49290135,3.12755095
3.85092546,3.53512952,0.29814244,0.00000000,0.06405729,0.13128691,1.49703328,3.13622057
3.85692846,3.54092457,0.29846431,0.00000000,0.06495879,0.13034122,1.49620120,3.13620991
3.86293147,3.53572712,0.29778020,0.00000000,0.06566973,0.12935212,1.48997939,3.12726536
3.86893447,3.51928172,0.29603366,0.00000000,0.06613857,0.12823518,1.47807998,3.10939027
3.87493747,3.49165848,0.29319906,0.00000000,0.06632404,0.12692020,1.46036439,3.08285246
3.88094047,3.45325831,0.28928338,0.00000000,0.06619620,0.12535403,1.43685035,3.04818267
3.88694347,3.40480688,0.28432694,0.00000000,0.06573713,0.12350267,1.40771434,3.00616394
3.89294647,3.34733771,0.27840319,0.00000000,0.06494130,0.12135255,1.37328930,2.95781220
3.89894947,3.28216498,0.27161747,0.00000000,0.06381550,0.11891115,1.33405767,2.90434893
3.90495248,3.21084720,0.26410476,0.00000000,0.06237838,0.11620677,1.29064012,2.84716675
3.91095548,3.13514344,0.25602651,0.00000000,0.06065976,0.11328767,1.24378045,2.78778966
3.91695848,3.05696389,0.24756665,0.00000000,0.05869952,0.11022045,1.19432726,2.72782950
3.92296148,2.97831705,0.23892692,0.00000000,0.05654630,0.10708800,1.14321317,2.66894062
3.92896448,2.90125576,0.23032170,0.00000000,0.05425603,0.10398692,1.09143247,2.61277466
3.93496748,2.82782445,0.22197247,0.00000000,0.05189027,0.10102464,1.04001808,2.56093767
3.94097049,2.76000965,0.21410222,0.00000000,0.04951447,0.09831632,0.99001870,2.51495102
3.94697349,2.69969573,0.20692980,0.00000000,0.04719632,0.09598163,0.94247699,2.47621807
3.95297649,2.64862728,0.20066462,0.00000000,0.04500397,0.09414160,0.89840938,2.44599749
3.95897949,2.60837924,0.19550163,0.00000000,0.04300442,0.09291546,0.85878818,2.42538418
3.96498249,2.58033518,0.19161692,0.00000000,0.04126203,0.09241771,0.82452632,2.41529806
3.97098549,2.56567382,0.18916390,0.00000000,0.03983710,0.09275544,0.79646472,2.41648049
3.97698849,2.56536320,0.18827013,0.00000000,0.03878462,0.09402582,0.77536253,2.42949765
3.98299150,2.58016143,0.18903496,0.00000000,0.03815320,0.09631399,0.76188974,2.45474972
3.98899450,2.61062277,0.19152785,0.00000000,0.03798406,0.09969110,0.75662200,2.49248451
3.99499750,2.65710728,0.19578736,0.00000000,0.03831032,0.10421278,0.76003700,2.54281359
4.00100050,2.71979241,0.20182088,0.00000000,0.03915622,0.10991781,0.77251196,2.60572934
4.00700350,2.79868467,0.20960491,0.00000000,0.04053667,0.11682704,0.79432163,2.68112094
4.01300650,2.89362995,0.21908587,0.00000000,0.04245675,0.12494264,0.82563622,2.76878764
4.01900950,3.00432104,0.23018139,0.00000000,0.04491146,0.13424757,0.86651892,2.86844804
4.02501251,3.13030166,0.24278205,0.00000000,0.04788552,0.14470528,0.91692272,2.97974432
4.03101551,3.27096631,0.25675337,0.00000000,0.05135329,0.15625972,0.97668630,3.10224091
4.03701851,3.42555629,0.27193814,0.00000000,0.05527891,0.16883560,1.04552918,3.23541769
4.04302151,3.59315229,0.28815906,0.00000000,0.05961655,0.18233897,1.12304647,3.37865822
4.04902451,3.77266464,0.30522150,0.00000000,0.06431080,0.19665808,1.20870348,3.53123408
4.05502751,3.96282269,0.32291655,0.00000000,0.06929737,0.21166463,1.30183104,3.69228678
4.06103052,4.16216494,0.34102417,0.00000000,0.07450389,0.22721531,1.40162215,3.86080917
4.06703352,4.36903185,0.35931658,0.00000000,0.07985104,0.24315375,1.50713087,4.03562827
4.07303652,4.58156310,0.37756171,0.00000000,0.08525381,0.25931280,1.61727418,4.21539166
4.07903952,4.79770103,0.39552680,0.00000000,0.09062308,0.27551705,1.73083759,4.39855936
4.08504252,5.01520153,0.41298200,0.00000000,0.09586730,0.29158577,1.84648526,4.58340303
4.09104552,5.23165348,0.42970397,0.00000000,0.10089441,0.30733592,1.96277481,4.76801367
4.09704852,5.44450700,0.44547950,0.00000000,0.10561386,0.32258535,2.07817721,4.95031876
4.10305153,5.65111050,0.46010881,0.00000000,0.10993868,0.33715608,2.19110159,5.12810900
4.10905453,5.84875567,0.47340876,0.00000000,0.11378757,0.35087744,2.29992452,5.29907433
4.11505753,6.03472925,0.48521569,0.00000000,0.11708690,0.36358916,2.40302310,5.46084817
4.12106053,6.20636962,0.49538780,0.00000000,0.11977260,0.37514411,2.49881090,5.61105840
4.12706353,6.36112617,0.50380717,0.00000000,0.12179175,0.38541077,2.58577537,5.74738301
4.13306653,6.49661893,0.51038111,0.00000000,0.12310401,0.39427526,2.66251558,5.86760806
4.13906953,6.61069600,0.51504304,0.00000000,0.12368260,0.40164295,2.72777845,5.96968543
4.14507254,6.70148623,0.51775268,0.00000000,0.12351492,0.40743951,2.78049219,6.05178772
4.15107554,6.76744505,0.51849578,0.00000000,0.12260280,0.41161156,2.81979538,6.11235790
4.15707854,6.80739132,0.51728314,0.00000000,0.12096227,0.41412679,2.84506043,6.15015144
4.16308154,6.82053406,0.51414923,0.00000000,0.11862293,0.41497367,2.85591025,6.16426924
4.16908454,6.80648787,0.50915039,0.00000000,0.11562691,0.41416079,2.85222757,6.15418000
4.17508754,6.76527697,0.50236265,0.00000000,0.11202752,0.41171598,2.83415633,6.11973141
4.18109055,6.69732790,0.49387937,0.00000000,0.10788759,0.40768509,2.80209517,6.06114991
4.18709355,6.60345184,0.48380870,0.00000000,0.10327750,0.40213077,2.75668341,5.97902963
4.19309655,6.48481762,0.47227113,0.00000000,0.09827323,0.39513112,2.69878018,5.87431131
4.19909955,6.34291706,0.45939694,0.00000000,0.09295415,0.38677837,2.62943776,5.74825253
4.20510255,6.17952446,0.44532397,0.00000000,0.08740099,0.37717761,2.54987030,5.60239120
4.21110555,5.99665209,0.43019549,0.00000000,0.08169374,0.36644555,2.46141943,5.43850373
4.21710855,5.79650356,0.41415831,0.00000000,0.07590984,0.35470945,2.36551823,5.25856026
4.22311156,5.58142689,0.39736118,0.00000000,0.07012246,0.34210605,2.26365504,5.06467844
4.22911456,5.35386868,0.37995341,0.00000000,0.06439913,0.32878048,2.15733839,4.85907774
4.23511756,5.11633077,0.36208369,0.00000000,0.05880059,0.31488531,2.04806451,4.64403560
4.24112056,4.87133015,0.34389911,0.00000000,0.05337997,0.30057940,1.93728811,4.42184661
4.24712356,4.62136281,0.32554429,0.00000000,0.04818225,0.28602670,1.82639729,4.19478569
4.25312656,4.36887180,0.30716058,0.00000000,0.04324401,0.27139489,1.71669300,3.96507563
4.25912956,4.11621944,0.28888530,0.00000000,0.03859352,0.25685381,1.60937309,3.73485924
4.26513257,3.86566338,0.27085096,0.00000000,0.03425094,0.24257364,1.50552084,3.50617620
4.27113557,3.61933639,0.25318436,0.00000000,0.03022885,0.22872286,1.40609761,3.28094407
4.27713857,3.37922903,0.23600575,0.00000000,0.02653286,0.21546602,1.31193901,3.06094334
4.28314157,3.14717511,0.21942776,0.00000000,0.02316235,0.20296119,1.22375397,2.84780583
4.28914457,2.92483915,0.20355438,0.00000000,0.02011137,0.19135739,1.14212591,2.64300595
4.29514757,2.71370573,0.18847980,0.00000000,0.01736943,0.18079181,1.06751541,2.44785445
4.30115058,2.51507044,0.17428727,0.00000000,0.01492245,0.17138707,1.00026365,2.26349408
4.30715358,2.33003220,0.16104806,0.00000000,0.01275356,0.16324855,0.94059616,2.09089704
4.31315658,2.15948729,0.14882036,0.00000000,0.01084391,0.15646190,0.88862648,1.93086378
4.31915958,2.00412498,0.13764847,0.00000000,0.00917342,0.15109076,0.84435964,1.78402336
4.32516258,1.86442521,0.12756210,0.00000000,0.00772141,0.14717497,0.80769525,1.65083506
4.33116558,1.74065866,0.11857591,0.00000000,0.00646715,0.14472917,0.77843065,1.53159161
4.33716858,1.63288942,0.11068938,0.00000000,0.00539030,0.14374199,0.75626412,1.42642395
4.34317159,1.54098079,0.10388698,0.00000000,0.00447135,0.14417590,0.74079876,1.33530775
4.34917459,1.46460431,0.09813869,0.00000000,0.00369183,0.14596770,0.73154742,1.25807176
4.35517759,1.40325223,0.09340084,0.00000000,0.00303455,0.14902980,0.72793903,1.19440800
4.36118059,1.35625336,0.08961731,0.00000000,0.00248375,0.15325213,0.72932701,1.14388384
4.36718359,1.32279225,0.08672107,0.00000000,0.00202516,0.15850483,0.73499972,1.10595562
4.37318659,1.30193112,0.08463601,0.00000000,0.00164602,0.16464150,0.74419346,1.07998381
4.37918959,1.29263430,0.08327893,0.00000000,0.00133514,0.17150307,0.75610777,1.06524910
4.38519260,1.29379428,0.08256182,0.00000000,0.00108280,0.17892205,0.76992309,1.06096913
4.39119560,1.30425867,0.08239419,0.00000000,0.00088076,0.18672707,0.78482023,1.06631531
4.39719860,1.32285716,0.08268541,0.00000000,0.00072218,0.19474756,0.80000126,1.08042918
4.40320160,1.34842761,0.08334713,0.00000000,0.00060160,0.20281836,0.81471112,1.10243774
4.40920460,1.37984033,0.08429540,0.00000000,0.00051487,0.21078416,0.82825917,1.13146732
4.41520760,1.41601979,0.08545279,0.00000000,0.00045917,0.21850348,0.84003978,1.16665564
4.42121061,1.45596305,0.08675012,0.00000000,0.00043296,0.22585211,0.84955127,1.20716165
4.42721361,1.49875439,0.08812797,0.00000000,0.00043599,0.23272586,0.85641212,1.25217312
4.43321661,1.54357595,0.08953776,0.00000000,0.00046938,0.23904255,0.86037404,1.30091207
4.43921961,1.58971420,0.09094248,0.00000000,0.00053559,0.24474309,0.86133109,1.35263805
4.44522261,1.63656246,0.09231709,0.00000000,0.00063859,0.24979171,0.85932440,1.40664976
4.45122561,1.68361983,0.09364842,0.00000000,0.00078386,0.25417532,0.85454255,1.46228546
4.45722861,1.73048711,0.09493476,0.00000000,0.00097855,0.25790209,0.84731714,1.51892268
4.46323162,1.77686036,0.09618515,0.00000000,0.00123155,0.26099928,0.83811415,1.57597771
4.46923462,1.82252287,0.09741828,0.00000000,0.00155361,0.26351061,0.82752114,1.63290566
4.47523762,1.86733630,0.09866132,0.00000000,0.00195742,0.26549306,0.81623086,1.68920137
4.48124062,1.91123174,0.09994841,0.00000000,0.00245766,0.26701362,0.80502194,1.74440155
4.48724362,1.95420122,0.10131919,0.00000000,0.00307108,0.26814577,0.79473737,1.79808850
4.49324662,1.99629023,0.10281722,0.00000000,0.00381638,0.26896619,0.78626132,1.84989521
4.49924962,2.03759142,0.10448851,0.00000000,0.00471424,0.26955167,0.78049526,1.89951179
4.50525263,2.07823950,0.10638001,0.00000000,0.00578702,0.26997630,0.77833389,1.94669275
4.51125563,2.11840731,0.10853841,0.00000000,0.00705862,0.27030924,0.78064167,1.99126466
4.51725863,2.15830272,0.11100897,0.00000000,0.00855401,0.27061286,0.78823032,2.03313338
4.52326163,2.19816582,0.11383459,0.00000000,0.01029881,0.27094157,0.80183793,2.07229021
4.52926463,2.23826599,0.11705508,0.00000000,0.01231870,0.27134103,0.82210997,2.10881615
4.53526763,2.27889832,0.12070666,0.00000000,0.01463866,0.27184802,0.84958254,2.14288357
4.54127064,2.32037887,0.12482157,0.00000000,0.01728219,0.27249067,0.88466806,2.17475474
4.54727364,2.36303845,0.12942791,0.00000000,0.02027039,0.27328915,0.92764364,2.20477680
4.55327664,2.40721473,0.13454953,0.00000000,0.02362098,0.27425671,0.97864226,2.23337309
4.55927964,2.45324261,0.14020604,0.00000000,0.02734726,0.27540088,1.03764686,2.26103084
4.56528264,2.50144324,0.14641284,0.00000000,0.03145707,0.27672497,1.10448744,2.28828568
4.57128564,2.55211185,0.15318116,0.00000000,0.03595179,0.27822963,1.17884128,2.31570351
4.57728864,2.60550517,0.16051799,0.00000000,0.04082540,0.27991443,1.26023633,2.34386054
4.58329165,2.66182898,0.16842597,0.00000000,0.04606370,0.28177950,1.34805772,2.37332247
4.58929465,2.72122671,0.17690315,0.00000000,0.05164362,0.28382702,1.44155742,2.40462383
4.59529765,2.78376966,0.18594262,0.00000000,0.05753287,0.28606273,1.53986692,2.43824846
4.60130065,2.84944969,0.19553196,0.00000000,0.06368974,0.28849715,1.64201282,2.47461227
4.60730365,2.91817480,0.20565263,0.00000000,0.07006326,0.29114672,1.74693485,2.51404877
4.61330665,2.98976803,0.21627919,0.00000000,0.07659366,0.29403462,1.85350621,2.55679835
4.61930965,3.06396975,0.22737851,0.00000000,0.08321315,0.29719138,1.96055553,2.60300145
4.62531266,3.14044333,0.23890888,0.00000000,0.08984704,0.30065508,2.06689001,2.65269580
4.63131566,3.21878369,0.25081924,0.00000000,0.09641517,0.30447126,2.17131907,2.70581766
4.63731866,3.29852827,0.26304847,0.00000000,0.10283358,0.30869228,2.27267779,2.76220648
4.64332166,3.37916970,0.27552482,0.00000000,0.10901648,0.31337636,2.36984943,2.82161259
4.64932466,3.46016918,0.28816570,0.00000000,0.11487833,0.31858600,2.46178643,2.88370704
4.65532766,3.54096983,0.30087758,0.00000000,0.12033605,0.32438600,2.54752909,2.94809276
4.66133067,3.62100905,0.31355647,0.00000000,0.12531122,0.33084090,2.62622161,3.01431619
4.66733367,3.69972918,0.32608857,0.00000000,0.12973228,0.33801205,2.69712483,3.08187864
4.67333667,3.77658574,0.33835149,0.00000000,0.13353658,0.34595425,2.75962561,3.15024651
4.67933967,3.85105301,0.35021583,0.00000000,0.13667218,0.35471213,2.81324249,3.21885997
4.68534267,3.92262671,0.36154717,0.00000000,0.13909944,0.36431641,2.85762800,3.28713982
4.69134567,3.99082393,0.37220838,0.00000000,0.14079226,0.37478012,2.89256751,3.35449223
4.69734867,4.05518066,0.38206232,0.00000000,0.14173895,0.38609515,2.91797521,3.42031167
4.70335168,4.11524765,0.39097467,0.00000000,0.14194273,0.39822911,2.93388750,3.48398241
4.70935468,4.17058524,0.39881701,0.00000000,0.14142184,0.41112288,2.94045453,3.54487889
4.71535768,4.22075821,0.40546984,0.00000000,0.14020924,0.42468903,2.93793040,3.60236599
4.72136068,4.26533161,0.41082562,0.00000000,0.13835199,0.43881118,2.92666252,3.65579963
4.72736368,4.30386849,0.41479165,0.00000000,0.13591030,0.45334461,2.90708100,3.70452869
4.73336668,4.33593041,0.41729262,0.00000000,0.13295629,0.46811811,2.87968813,3.74789890
4.73936968,4.36108131,0.41827292,0.00000000,0.12957253,0.48293714,2.84504883,3.78525923
4.74537269,4.37889519,0.41769847,0.00000000,0.12585043,0.49758825,2.80378184,3.81597119
4.75137569,4.38896766,0.41555800,0.00000000,0.12188848,0.51184468,2.75655210,3.83942128
4.75737869,4.39093103,0.41186394,0.00000000,0.11779047,0.52547296,2.70406415,3.85503623
4.76338169,4.38447240,0.40665255,0.00000000,0.11366364,0.53824020,2.64705629,3.86230085
4.76938469,4.36935368,0.39998362,0.00000000,0.10961682,0.54992177,2.58629528,3.86077750
4.77538769,4.34543243,0.39193948,0.00000000,0.10575862,0.56030908,2.52257115,3.85012643
4.78139070,4.31268196,0.38262348,0.00000000,0.10219568,0.56921699,2.45669161,3.83012560
4.78739370,4.27120922,0.37215792,0.00000000,0.09903082,0.57649041,2.38947564,3.80068876
4.79339670,4.22126877,0.36068146,0.00000000,0.09636143,0.58200990,2.32174569,3.76188044
4.79939970,4.16327158,0.34834621,0.00000000,0.09427764,0.58569579,2.25431838,3.71392646
4.80540270,4.09778720,0.33531430,0.00000000,0.09286072,0.58751061,2.18799316,3.65721883
4.81140570,4.02553858,0.32175438,0.00000000,0.09218133,0.58745969,2.12353919,3.59231425
4.81740870,3.94738903,0.30783780,0.00000000,0.09229790,0.58558987,2.06168035,3.51992557
4.82341171,3.86432130,0.29373484,0.00000000,0.09325499,0.58198637,2.00307884,3.44090604
4.82941471,3.77740946,0.27961095,0.00000000,0.09508173,0.57676793,1.94831791,3.35622687
4.83541771,3.68778449,0.26562318,0.00000000,0.09779035,0.57008064,1.89788450,3.26694855
4.84142071,3.59659535,0.25191690,0.00000000,0.10137494,0.56209057,1.85215261,3.17418745
4.84742371,3.50496719,0.23862289,0.00000000,0.10581039,0.55297587,1.81136850,3.07907894
4.85342671,3.41395914,0.22585494,0.00000000,0.11105171,0.54291861,1.77563861,2.98273908
4.85942971,3.32452389,0.21370805,0.00000000,0.11703366,0.53209687,1.74492134,2.88622681
4.86543272,3.23747148,0.20225717,0.00000000,0.12367099,0.52067759,1.71902352,2.79050849
4.87143572,3.15343929,0.19155669,0.00000000,0.13085907,0.50881042,1.69760221,2.69642702
4.87743872,3.07287027,0.18164056,0.00000000,0.13847530,0.49662302,1.68017236,2.60467692
4.88344172,2.99600061,0.17252308,0.00000000,0.14638102,0.48421790,1.66612053,2.51578692
4.88944472,2.92285772,0.16420030,0.00000000,0.15442408,0.47167101,1.65472432,2.43011087
4.89544772,2.85326886,0.15665192,0.00000000,0.16244208,0.45903199,1.64517722,2.34782753
4.90145073,2.78687978,0.14984367,0.00000000,0.17026605,0.44632603,1.63661794,2.26894890
4.90745373,2.72318263,0.14372995,0.00000000,0.17772469,0.43355703,1.62816309,2.19333680
4.91345673,2.66155143,0.13825673,0.00000000,0.18464878,0.42071196,1.61894188,2.12072640
4.91945973,2.60128313,0.13336446,0.00000000,0.19087591,0.40776588,1.60813132,2.05075532
4.92546273,2.54164215,0.12899086,0.00000000,0.19625506,0.39468739,1.59499030,1.98299667
4.93146573,2.48190580,0.12507365,0.00000000,0.20065103,0.38144409,1.57889106,1.91699401
4.93746873,2.42140832,0.12155281,0.00000000,0.20394853,0.36800774,1.55934639,1.85229630
4.94347174,2.35958114,0.11837254,0.00000000,0.20605563,0.35435881,1.53603154,1.78849113
4.94947474,2.29598759,0.11548281,0.00000000,0.20690655,0.34049016,1.50879960,1.72523444
4.95547774,2.23035028,0.11284032,0.00000000,0.20646364,0.32640976,1.47768981,1.66227533
4.96148074,2.16257021,0.11040908,0.00000000,0.20471836,0.31214231,1.44292847,1.59947519
4.96748374,2.09273708,0.10816047,0.00000000,0.20169136,0.29772984,1.40492247,1.53682022
4.97348674,2.02113056,0.10607298,0.00000000,0.19743164,0.28323123,1.36424589,1.47442742
4.97948974,1.94821327,0.10413148,0.00000000,0.19201468,0.26872097,1.32162043,1.41254408
4.98549275,1.87461607,0.10232640,0.00000000,0.18553985,0.25428711,1.27789076,1.35154134
4.99149575,1.80111714,0.10065259,0.00000000,0.17812711,0.24002885,1.23399595,1.29190272
4.99749875,1.72861626,0.09910826,0.00000000,0.16991314,0.22605372,1.19093844,1.23420851
5.00350175,1.65810576,0.09769379,0.00000000,0.16104711,0.21247481,1.14975207,1.17911729
5.00950475,1.59064004,0.09641076,0.00000000,0.15168634,0.19940800,1.11147035,1.12734570
5.01550775,1.52730486,0.09526105,0.00000000,0.14199183,0.18696945,1.07709658,1.07964747
5.02151076,1.46918801,0.09424616,0.00000000,0.13212412,0.17527343,1.04757674,1.03679291
5.02751376,1.41735224,0.09336680,0.00000000,0.12223932,0.16443054,1.02377602,0.99954937
5.03351676,1.37281125,0.09262265,0.00000000,0.11248574,0.15454623,1.00645985,0.96866347
5.03951976,1.33650920,0.09201235,0.00000000,0.10300096,0.14571976,0.99627940,0.94484527
5.04552276,1.30930376,0.09153374,0.00000000,0.09390950,0.13804332,0.99376197,0.92875450
5.05152576,1.29195251,0.09118417,0.00000000,0.08532123,0.13160137,0.99930569,0.92098876
5.05752876,1.28510231,0.09096095,0.00000000,0.07733020,0.12647000,1.01317828,0.92207323
5.06353177,1.28928087,0.09086186,0.00000000,0.07001426,0.12271619,1.03551914,0.93245172
5.06953477,1.30488993,0.09088559,0.00000000,0.06343501,0.12039698,1.06634383,0.95247824
5.07553777,1.33219925,0.09103219,0.00000000,0.05763829,0.11955835,1.10555037,0.98240892
5.08154077,1.37134084,0.09130333,0.00000000,0.05265497,0.12023382,1.15292621,1.02239368
5.08754377,1.42230282,0.09170245,0.00000000,0.04850194,0.12244281,1.20815521,1.07246748
5.09354677,1.48492280,0.09223467,0.00000000,0.04518336,0.12618871,1.27082406,1.13254104
5.09954977,1.55888060,0.09290662,0.00000000,0.04269179,0.13145684,1.34042751,1.20239114
5.10555278,1.64369071,0.09372591,0.00000000,0.04100951,0.13821233,1.41637232,1.28165091
5.11155578,1.73869496,0.09470053,0.00000000,0.04010959,0.14639813,1.49797987,1.36980063
5.11755878,1.84305622,0.09583807,0.00000000,0.03995693,0.15593325,1.58448767,1.46615986
5.12356178,1.95575404,0.09714477,0.00000000,0.04050918,0.16671150,1.67505024,1.56988173
5.12956478,2.07558346,0.09862458,0.00000000,0.04171745,0.17860084,1.76874007,1.67995043
5.13556778,2.20115796,0.10027815,0.00000000,0.04352698,0.19144343,1.86454929,1.79518279
5.14157079,2.33091758,0.10210185,0.00000000,0.04587762,0.20505665,1.96139309,1.91423502
5.14757379,2.46314331,0.10408702,0.00000000,0.04870433,0.21923508,2.05811547,2.03561505
5.15357679,2.59597798,0.10621922,0.00000000,0.05193760,0.23375345,2.15349830,2.15770122
5.15957979,2.72745431,0.10847788,0.00000000,0.05550392,0.24837064,2.24627403,2.27876732
5.16558279,2.85552960,0.11083610,0.00000000,0.05932633,0.26283451,2.33514248,2.39701380
5.17158579,2.97812676,0.11326084,0.00000000,0.06332505,0.27688755,2.41879178,2.51060463
5.17758879,3.09318048,0.11571337,0.00000000,0.06741827,0.29027311,2.49592317,2.61770883
5.18359180,3.19868727,0.11815013,0.00000000,0.07152306,0.30274197,2.56527901,2.71654530
5.18959480,3.29275743,0.12052379,0.00000000,0.07555645,0.31405898,2.62567324,2.80542946
5.19559780,3.37366706,0.12278467,0.00000000,0.07943673,0.32400960,2.67602314,2.88281979
5.20160080,3.43990790,0.12488233,0.00000000,0.08308475,0.33240588,2.71538095,2.94736240
5.20760380,3.49023272,0.12676734,0.00000000,0.08642540,0.33909182,2.74296394,2.99793161
5.21360680,3.52369429,0.12839310,0.00000000,0.08938910,0.34394771,2.75818152,3.03366482
5.21960980,3.53967599,0.12971761,0.00000000,0.09191334,0.34689341,2.76065775,3.05398986
5.22561281,3.53791247,0.13070513,0.00000000,0.09394403,0.34789029,2.75024820,3.05864361
5.23161581,3.51849934,0.13132771,0.00000000,0.09543681,0.34694184,2.72704980,3.04768094
5.23761881,3.48189134,0.13156626,0.00000000,0.09635818,0.34409303,2.69140323,3.02147335
5.24362181,3.42888866,0.13141146,0.00000000,0.09668626,0.33942816,2.64388715,2.98069737
5.24962481,3.36061224,0.13086406,0.00000000,0.09641139,0.33306771,2.58530448,2.92631308
5.25562781,3.27846868,0.12993485,0.00000000,0.09553630,0.32516407,2.51666092,2.85953366
5.26163082,3.18410641,0.12864413,0.00000000,0.09407599,0.31589635,2.43913661,2.78178720
5.26763382,3.07936484,0.12702078,0.00000000,0.09205718,0.30546471,2.35405181,2.69467229
5.27363682,2.96621847,0.12510083,0.00000000,0.08951748,0.29408422,2.26282822,2.59990929
5.27963982,2.84671839,0.12292585,0.00000000,0.08650420,0.28197853,2.16694727,2.49928919
5.28564282,2.72293322,0.12054096,0.00000000,0.08307292,0.26937377,2.06790727,2.39462200
5.29164582,2.59689185,0.11799279,0.00000000,0.07928576,0.25649256,1.96718096,2.28768660
5.29764882,2.47052995,0.11532734,0.00000000,0.07520958,0.24354862,1.86617536,2.18018385
5.30365183,2.34564210,0.11258800,0.00000000,0.07091402,0.23074192,1.76619532,2.07369447
5.30965483,2.22384093,0.10981367,0.00000000,0.06646959,0.21825457,1.66841209,1.96964305
5.31565783,2.10652444,0.10703722,0.00000000,0.06194574,0.20624751,1.57383814,1.86926899
5.32166083,1.99485220,0.10428434,0.00000000,0.05740912,0.19485795,1.48330878,1.77360513
5.32766383,1.88973067,0.10157273,0.00000000,0.05292200,0.18419775,1.39747118,1.68346432
5.33366683,1.79180775,0.09891186,0.00000000,0.04854087,0.17435249,1.31678071,1.59943384
5.33966983,1.70147586,0.09630309,0.00000000,0.04431543,0.16538132,1.24150447,1.52187735
5.34567284,1.61888310,0.09374029,0.00000000,0.04028773,0.15731756,1.17173131,1.45094382
5.35167584,1.54395138,0.09121086,0.00000000,0.03649173,0.15016980,1.10738762,1.38658250
5.35767884,1.47640032,0.08869703,0.00000000,0.03295305,0.14392365,1.04825780,1.32856315
5.36368184,1.41577573,0.08617747,0.00000000,0.02968911,0.13854385,0.99400816,1.27650023
5.36968484,1.36148126,0.08362896,0.00000000,0.02670943,0.13397678,0.94421315,1.22988007
5.37568784,1.31281187,0.08102813,0.00000000,0.02401621,0.13015327,0.89838249,1.18808983
5.38169085,1.26898778,0.07835319,0.00000000,0.02160505,0.12699153,0.85598803,1.15044704
5.38769385,1.22918777,0.07558541,0.00000000,0.01946585,0.12440030,0.81648926,1.11622883
5.39369685,1.19258066,0.07271040,0.00000000,0.01758374,0.12228193,0.77935650,1.08469982
5.39969985,1.15835407,0.06971916,0.00000000,0.01594015,0.12053550,0.74409094,1.05513783
5.40570285,1.12573975,0.06660867,0.00000000,0.01451375,0.11905981,0.71024109,1.02685680
5.41170585,1.09403489,0.06338219,0.00000000,0.01328150,0.11775610,0.67741523,0.99922634
5.41770885,1.06261906,0.06004924,0.00000000,0.01221951,0.11653071,0.64528978,0.97168764
5.42371186,1.03096663,0.05662514,0.00000000,0.01130394,0.11529719,0.61361368,0.94376541
5.42971486,0.99865459,0.05313038,0.00000000,0.01051165,0.11397831,0.58220900,0.91507585
5.43571786,0.96536614,0.04958968,0.00000000,0.00982086,0.11250746,0.55096835,0.88533079
5.44172086,0.93089003,0.04603092,0.00000000,0.00921156,0.11082978,0.51984938,0.85433811
5.44772386,0.89511649,0.04248392,0.00000000,0.00866594,0.10890277,0.48886722,0.82199888
5.45372686,0.85802984,0.03897927,0.00000000,0.00816851,0.10669654,0.45808527,0.78830144
5.45972986,0.81969874,0.03554715,0.00000000,0.00770629,0.10419358,0.42760512,0.75331316
5.46573287,0.78026443,0.03221622,0.00000000,0.00726877,0.10138822,0.39755606,0.71717021
5.47173587,0.73992773,0.02901271,0.00000000,0.00684780,0.09828573,0.36808487,0.68006594
5.47773887,0.69893541,0.02595962,0.00000000,0.00643750,0.09490112,0.33934617,0.64223845
5.48374187,0.65756645,0.02307621,0.00000000,0.00603396,0.09125781,0.31149374,0.60395795
5.48974487,0.61611875,0.02037756,0.00000000,0.00563505,0.08738604,0.28467315,0.56551420
5.49574787,0.57489676,0.01787447,0.00000000,0.00524009,0.08332135,0.25901577,0.52720476
5.50175088,0.53420036,0.01557347,0.00000000,0.00484958,0.07910296,0.23463420,0.48932413
5.50775388,0.49431532,0.01347700,0.00000000,0.00446493,0.07477221,0.21161927,0.45215433
5.51375688,0.45550537,0.01158372,0.00000000,0.00408816,0.07037121,0.19003835,0.41595694
5.51975988,0.41800626,0.00988902,0.00000000,0.00372167,0.06594151,0.16993496,0.38096682
5.52576288,0.38202149,0.00838543,0.00000000,0.00336805,0.06152307,0.15132944,0.34738755
5.53176588,0.34771984,0.00706328,0.00000000,0.00302988,0.05715333,0.13422061,0.31538854
5.53776888,0.31523453,0.00591117,0.00000000,0.00270959,0.05286663,0.11858801,0.28510365
5.54377189,0.28466380,0.00491663,0.00000000,0.00240940,0.04869367,0.10439478,0.25663132
5.54977489,0.25607267,0.00406655,0.00000000,0.00213125,0.04466129,0.09159082,0.23003587
5.55577789,0.22949576,0.00334777,0.00000000,0.00187679,0.04079236,0.08011611,0.20534977
5.56178089,0.20494078,0.00274743,0.00000000,0.00164737,0.03710588,0.06990408,0.18257680
5.56778389,0.18239255,0.00225340,0.00000000,0.00144414,0.03361710,0.06088493,0.16169562
5.57378689,0.16181736,0.00185456,0.00000000,0.00126807,0.03033788,0.05298871,0.14266380
5.57978989,0.14316738,0.00154109,0.00000000,0.00112009,0.02727701,0.04614827,0.12542187
5.58579290,0.12638507,0.00130465,0.00000000,0.00100118,0.02444059,0.04030186,0.10989744
5.59179590,0.11140738,0.00113852,0.00000000,0.00091245,0.02183251,0.03539549,0.09600910
5.59779890,0.09816968,0.00103774,0.00000000,0.00085532,0.01945489,0.03138496,0.08367002
5.60380190,0.08660929,0.00099917,0.00000000,0.00083163,0.01730846,0.02823759,0.07279125
5.60980490,0.07666869,0.00102153,0.00000000,0.00084369,0.01539305,0.02593359,0.06328461
5.61580790,0.06829817,0.00110538,0.00000000,0.00089447,0.01370794,0.02446721,0.05506510
5.62181091,0.06145800,0.00125315,0.00000000,0.00098761,0.01225222,0.02384742,0.04805294
5.62781391,0.05612018,0.00146905,0.00000000,0.00112753,0.01102510,0.02409832,0.04217513
5.63381691,0.05226956,0.00175901,0.00000000,0.00131942,0.01002619,0.02525913,0.03736665
5.63981991,0.04990443,0.00213052,0.00000000,0.00156930,0.00925566,0.02738379,0.03357119
5.64582291,0.04903655,0.00259255,0.00000000,0.00188390,0.00871439,0.03054003,0.03074161
5.65182591,0.04969055,0.00315525,0.00000000,0.00227064,0.00840404,0.03480808,0.02883997
5.65782891,0.05190277,0.00382975,0.00000000,0.00273749,0.00832704,0.04027869,0.02783732
5.66383192,0.05571948,0.00462785,0.00000000,0.00329278,0.00848647,0.04705076,0.02771318
5.66983492,0.06119445,0.00556163,0.00000000,0.00394497,0.00888589,0.05522834,0.02845473
5.67583792,0.06838609,0.00664304,0.00000000,0.00470243,0.00952911,0.06491722,0.03005592
5.68184092,0.07735399,0.00788345,0.00000000,0.00557305,0.01041985,0.07622101,0.03251626
5.68784392,0.08815521,0.00929311,0.00000000,0.00656398,0.01156138,0.08923694,0.03583965
5.69384692,0.10084025,0.01088065,0.00000000,0.00768122,0.01295609,0.10405154,0.04003309
5.69984992,0.11544899,0.01265255,0.00000000,0.00892924,0.01460506,0.12073620,0.04510541
5.70585293,0.13200685,0.01461259,0.00000000,0.01031067,0.01650765,0.13934319,0.05106620
5.71185593,0.15052128,0.01676147,0.00000000,0.01182593,0.01866112,0.15990194,0.05792488
5.71785893,0.17097893,0.01909631,0.00000000,0.01347295,0.02106033,0.18241629,0.06569002
5.72386193,0.19334364,0.02161048,0.00000000,0.01524700,0.02369758,0.20686266,0.07436913
5.72986493,0.21755570,0.02429340,0.00000000,0.01714055,0.02656251,0.23318955,0.08396877
5.73586793,0.24353225,0.02713056,0.00000000,0.01914327,0.02964226,0.26131849,0.09449519
5.74187094,0.27116920,0.03010375,0.00000000,0.02124216,0.03292177,0.29114661,0.10595546
5.74787394,0.30034465,0.03319144,0.00000000,0.02342179,0.03638426,0.32255092,0.11835900
5.75387694,0.33092370,0.03636934,0.00000000,0.02566472,0.04001195,0.35539412,0.13171964
5.75987994,0.36276458,0.03961120,0.00000000,0.02795195,0.04378686,0.38953188,0.14605780
5.76588294,0.39572583,0.04288974,0.00000000,0.03026359,0.04769182,0.42482127,0.16140297
5.77188594,0.42967406,0.04617763,0.00000000,0.03257953,0.05171154,0.46112978,0.17779601
5.77788894,0.46449202,0.04944869,0.00000000,0.03488019,0.05583368,0.49834466,0.19529121
5.78389195,0.50008613,0.05267893,0.00000000,0.03714726,0.06004986,0.53638160,0.21395780
5.78989495,0.53639323,0.05584768,0.00000000,0.03936447,0.06435656,0.57519240,0.23388057
5.79589795,0.57338558,0.05893852,0.00000000,0.04151816,0.06875576,0.61477071,0.25515946
5.80190095,0.61107382,0.06194000,0.00000000,0.04359786,0.07325530,0.65515527,0.27790776
5.80790395,0.64950717,0.06484621,0.00000000,0.04559660,0.07786883,0.69643000,0.30224884
5.81390695,0.68877062,0.06765689,0.00000000,0.04751105,0.08261535,0.73872059,0.32831120
5.81990995,0.72897880,0.07037736,0.00000000,0.04934145,0.08751832,0.78218724,0.35622191
5.82591296,0.77026649,0.07301792,0.00000000,0.05109134,0.09260418,0.82701350,0.38609838
5.83191596,0.81277615,0.07559304,0.00000000,0.05276695,0.09790054,0.87339156,0.41803891
5.83791896,0.85664252,0.07812013,0.00000000,0.05437653,0.10343395,0.92150431,0.45211201
5.84392196,0.90197543,0.08061803,0.00000000,0.05592938,0.10922731,0.97150501,0.48834532
5.84992496,0.94884121,0.08310537,0.00000000,0.05743484,0.11529720,1.02349561,0.52671426
5.85592796,0.99724411,0.08559871,0.00000000,0.05890120,0.12165108,1.07750475,0.56713145
5.86193097,1.04710865,0.08811077,0.00000000,0.06033458,0.12828468,1.13346694,0.60943727
5.86793397,1.09826419,0.09064864,0.00000000,0.06173798,0.13517969,1.19120422,0.65339243
5.87393697,1.15043289,0.09321237,0.00000000,0.06311035,0.14230189,1.25041172,0.69867314
5.87993997,1.20322214,0.09579372,0.00000000,0.06444600,0.14959995,1.31064824,0.74486953
5.88594297,1.25612230,0.09837543,0.00000000,0.06573418,0.15700495,1.37133316,0.79148778
5.89194597,1.30851050,0.10093093,0.00000000,0.06695905,0.16443081,1.43175017,0.83795625
5.89794897,1.35966077,0.10342462,0.00000000,0.06809988,0.17177561,1.49105837,0.88363579
5.90395198,1.40876045,0.10581261,0.00000000,0.06913169,0.17892381,1.54831082,0.92783413
5.90995498,1.45493264,0.10804410,0.00000000,0.07002607,0.18574942,1.60247989,0.96982403
5.91595798,1.49726385,0.11006317,0.00000000,0.07075236,0.19211988,1.65248889,1.00886464
5.92196098,1.53483581,0.11181098,0.00000000,0.07127900,0.19790061,1.69724841,1.04422536
5.92796398,1.56676012,0.11322822,0.00000000,0.07157499,0.20295995,1.73569614,1.07521129
5.93396698,1.59221410,0.11425784,0.00000000,0.07161146,0.20717440,1.76683815,1.10118910
5.93996998,1.61047628,0.11484769,0.00000000,0.07136315,0.21043374,1.78978969,1.12161236
5.94597299,1.62095964,0.11495313,0.00000000,0.07080984,0.21264593,1.80381364,1.13604503
5.95197599,1.62324115,0.11453932,0.00000000,0.06993748,0.21374145,1.80835458,1.14418206
5.95797899,1.61708589,0.11358323,0.00000000,0.06873921,0.21367698,1.80306681,1.14586606
5.96398199,1.60246466,0.11207511,0.00000000,0.06721591,0.21243799,1.78783489,1.14109926
5.96998499,1.57956416,0.11001945,0.00000000,0.06537654,0.21004046,1.76278559,1.13004999
5.97598799,1.54878907,0.10743531,0.00000000,0.06323807,0.20653128,1.72829074,1.11305345
5.98199100,1.51075588,0.10435610,0.00000000,0.06082502,0.20198754,1.68496069,1.09060640
5.98799400,1.46627879,0.10082871,0.00000000,0.05816879,0.19651465,1.63362879,1.06335624
5.99399700,1.41634814,0.09691212,0.00000000,0.05530662,0.19024333,1.57532751,1.03208443
6.00000000,1.36210241,0.09267558,0.00000000,0.05228033,0.18332569,1.51125743,0.99768526
