energy_ev,total_up,Ag_p_up,Ag_d_up,Cu_p_up,Cu_d_up,N_s_up,N_p_up,Se_s_up,Se_p_up
-6.00000000,9.66073731,1.04204953,6.47281081,0.76307716,0.54189435,0.00310013,0.05719050,0.06850619,2.11315298
-5.99399700,10.16286424,1.04440957,6.85224607,0.79050272,0.57234966,0.00314717,0.06173145,0.07355603,2.18687778
-5.98799400,10.67206264,1.04711288,7.23710053,0.81904085,0.60326524,0.00320603,0.06634739,0.07874599,2.26094312
-5.98199100,11.18284812,1.05004631,7.62346824,0.84826992,0.63426943,0.00327703,0.07098468,0.08401058,2.33441784
-5.97598799,11.68901228,1.05301704,8.00695921,0.87769416,0.66494807,0.00335991,0.07558719,0.08927619,2.40622973
-5.96998499,12.18375061,1.05576052,8.38278321,0.90675568,0.69485368,0.00345385,0.08009765,0.09446267,2.47519148
-5.96398199,12.65982402,1.05795236,8.74585517,0.93485040,0.72351691,0.00355748,0.08445916,0.09948521,2.54003379
-5.95797899,13.10974819,1.05922355,9.09091879,0.96134723,0.75045947,0.00366892,0.08861677,0.10425664,2.59944413
-5.95197599,13.52600385,1.05917812,9.41268404,0.98560985,0.77520835,0.00378583,0.09251915,0.10868981,2.65210949
-5.94597299,13.90125941,1.05741233,9.70597338,1.00702016,0.79731049,0.00390555,0.09612024,0.11270033,2.69676125
-5.93996998,14.22859724,1.05353439,9.96587124,1.02500234,0.81634754,0.00402511,0.09938082,0.11620911,2.73222011
-5.93396698,14.50173419,1.04718376,10.18787079,1.03904651,0.83194988,0.00414142,0.10227000,0.11914502,2.75743898
-5.92796398,14.71522755,1.03804891,10.36801263,1.04873083,0.84380944,0.00425136,0.10476649,0.12144724,2.77154203
-5.92196098,14.86465811,1.02588293,10.50300981,1.05374113,0.85169075,0.00435188,0.10685968,0.12306736,2.77385817
-5.91595798,14.94678340,1.01051622,10.59035471,1.05388707,0.85543975,0.00444017,0.10855046,0.12397113,2.76394749
-5.90995498,14.95965514,0.99186576,10.62840393,1.04911418,0.85499003,0.00451371,0.10985176,0.12413964,2.74161981
-5.90395198,14.90269725,0.96994070,10.61643816,1.03951114,0.85036634,0.00457040,0.11078877,0.12357012,2.70694453
-5.89794897,14.77674173,0.94484417,10.55469546,1.02531207,0.84168517,0.00460866,0.11139887,0.12227607,2.66025177
-5.89194597,14.58402232,0.91677142,10.44437692,1.00689372,0.82915252,0.00462745,0.11173127,0.12028699,2.60212491
-5.88594297,14.32812673,0.88600456,10.28762519,0.98476762,0.81305906,0.00462634,0.11184634,0.11764741,2.53338506
-5.87993997,14.01391047,0.85290428,10.08747696,0.95956765,0.79377283,0.00460552,0.11181468,0.11441558,2.45506850
-5.87393697,13.64737598,0.81789913,9.84779153,0.93203349,0.77172986,0.00456581,0.11171594,0.11066169,2.36839807
-5.86793397,13.23552223,0.78147286,9.57315822,0.90299064,0.74742324,0.00450863,0.11163746,0.10646575,2.27474989
-5.86193097,12.78617029,0.74415045,9.26878583,0.87332781,0.72139080,0.00443594,0.11167265,0.10191524,2.17561673
-5.85592796,12.30777117,0.70648349,8.94037794,0.84397247,0.69420221,0.00435022,0.11191933,0.09710263,2.07256949
-5.84992496,11.80920198,0.66903534,8.59399773,0.81586551,0.66644554,0.00425437,0.11247781,0.09212280,1.96721805
-5.84392196,11.29955661,0.63236670,8.23592655,0.78993574,0.63871396,0.00415166,0.11344898,0.08707057,1.86117282
-5.83791896,10.78793676,0.59702188,7.87251979,0.76707510,0.61159284,0.00404560,0.11493227,0.08203831,1.75600797
-5.83191596,10.28324874,0.56351627,7.51006421,0.74811519,0.58564741,0.00393988,0.11702358,0.07711374,1.65322736
-5.82591296,9.79401069,0.53232502,7.15463991,0.73380582,0.56141141,0.00383828,0.11981314,0.07237802,1.55423376
-5.81990995,9.32817455,0.50387327,6.81199048,0.72479591,0.53937683,0.00374456,0.12338343,0.06790411,1.46030204
-5.81390695,8.89296624,0.47852799,6.48740403,0.72161731,0.51998469,0.00366239,0.12780706,0.06375543,1.37255663
-5.80790395,8.49474691,0.45659137,6.18560774,0.72467159,0.50361727,0.00359527,0.13314471,0.05998493,1.29195344
-5.80190095,8.13889753,0.43829576,5.91067805,0.73422014,0.49059152,0.00354646,0.13944318,0.05663436,1.21926634
-5.79589795,7.82972840,0.42380024,5.66596817,0.75037753,0.48115382,0.00351891,0.14673356,0.05373396,1.15507821
-5.78989495,7.57041470,0.41318855,5.45405412,0.77310823,0.47547614,0.00351521,0.15502947,0.05130242,1.09977638
-5.78389195,7.36295863,0.40646847,5.27670027,0.80222661,0.47365346,0.00353756,0.16432569,0.04934708,1.05355233
-5.77788894,7.20817798,0.40357258,5.13484447,0.83740010,0.47570255,0.00358773,0.17459687,0.04786443,1.01640539
-5.77188594,7.10572094,0.40436023,5.02860284,0.87815543,0.48156217,0.00366700,0.18579672,0.04684073,0.98815029
-5.76588294,7.05410590,0.40862085,4.95729354,0.92388786,0.49109457,0.00377620,0.19785746,0.04625293,0.96842805
-5.75987994,7.05078503,0.41607841,4.91947845,0.97387303,0.50408830,0.00391568,0.21068979,0.04606959,0.95672019
-5.75387694,7.09222969,0.42639712,4.91302132,1.02728145,0.52026249,0.00408527,0.22418329,0.04625210,0.95236564
-5.74787394,7.17403544,0.43918828,4.93516056,1.08319529,0.53927236,0.00428435,0.23820739,0.04675582,0.95458022
-5.74187094,7.29104392,0.45401820,4.98259440,1.14062712,0.56071606,0.00451181,0.25261279,0.04753139,0.96247807
-5.73586793,7.43747858,0.47041710,5.05157604,1.19854050,0.58414272,0.00476612,0.26723356,0.04852604,0.97509475
-5.72986493,7.60709110,0.48788900,5.13801605,1.25587184,0.60906157,0.00504530,0.28188970,0.04968496,0.99141143
-5.72386193,7.79331474,0.50592220,5.23758938,1.31155325,0.63495206,0.00534698,0.29639026,0.05095258,1.01037965
-5.71785893,7.98942112,0.52400044,5.34584394,1.36453583,0.66127473,0.00566842,0.31053695,0.05227390,1.03094623
-5.71185593,8.18867670,0.54161425,5.45830824,1.41381299,0.68748262,0.00600658,0.32412813,0.05359569,1.05207755
-5.70585293,8.38449524,0.55827234,5.57059529,1.45844318,0.71303306,0.00635811,0.33696316,0.05486768,1.07278284
-5.69984992,8.57058288,0.57351279,5.67850040,1.49757137,0.73739942,0.00671946,0.34884698,0.05604356,1.09213580
-5.69384692,8.74107236,0.58691354,5.77809074,1.53044901,0.76008273,0.00708690,0.35959476,0.05708193,1.10929410
-5.68784392,8.89064377,0.59810215,5.86578477,1.55645144,0.78062272,0.00745660,0.36903658,0.05794707,1.12351631
-5.68184092,9.01462901,0.60676421,5.93842009,1.57509267,0.79860812,0.00782469,0.37702192,0.05860953,1.13417575
-5.67583792,9.10909818,0.61265046,5.99330861,1.58603678,0.81368587,0.00818736,0.38342384,0.05904658,1.14077123
-5.66983492,9.17092628,0.61558217,6.02827820,1.58910561,0.82556917,0.00854091,0.38814281,0.05924253,1.14293415
-5.66383192,9.19783916,0.61545479,6.04170057,1.58428256,0.83404399,0.00888191,0.39110984,0.05918877,1.14043221
-5.65782891,9.18843854,0.61223967,6.03250526,1.57171227,0.83897396,0.00920724,0.39228909,0.05888373,1.13316957
-5.65182591,9.14220591,0.60598388,6.00018008,1.55169615,0.84030365,0.00951423,0.39167962,0.05833267,1.12118370
-5.64582291,9.05948626,0.59680826,5.94475865,1.52468401,0.83805996,0.00980076,0.38931628,0.05754730,1.10463914
-5.63981991,8.94145250,0.58490372,5.86679576,1.49126195,0.83235176,0.01006536,0.38526983,0.05654531,1.08381857
-5.63381691,8.79005237,0.57052607,5.76733188,1.45213705,0.82336780,0.01030735,0.37964600,0.05534981,1.05911166
-5.62781391,8.60793960,0.55398963,5.64784780,1.40811929,0.81137285,0.01052685,0.37258381,0.05398863,1.03100200
-5.62181091,8.39839168,0.53565981,5.51021122,1.36010150,0.79670230,0.01072495,0.36425292,0.05249364,1.00005292
-5.61580790,8.16521679,0.51594517,5.35661651,1.30903790,0.77975535,0.01090366,0.35485027,0.05089999,0.96689242
-5.60980490,7.91265246,0.49528911,5.18951956,1.25592212,0.76098680,0.01106602,0.34459600,0.04924535,0.93219795
-5.60380190,7.64525887,0.47416147,5.01156939,1.20176536,0.74089792,0.01121598,0.33372882,0.04756918,0.89668138
-5.59779890,7.36780948,0.45305057,4.82553821,1.14757545,0.72002634,0.01135846,0.32250089,0.04591195,0.86107462
-5.59179590,7.08518186,0.43245557,4.63425176,1.09433745,0.69893529,0.01149913,0.31117246,0.04431444,0.82611616
-5.58579290,6.80225121,0.41287959,4.44052163,1.04299637,0.67820246,0.01164438,0.30000631,0.04281707,0.79253892
-5.57978989,6.52378908,0.39482359,4.24708104,0.99444225,0.65840864,0.01180103,0.28926214,0.04145923,0.76105940
-5.57378689,6.25436942,0.37878106,4.05652574,0.94949815,0.64012638,0.01197617,0.27919118,0.04027867,0.73236835
-5.56778389,5.99828371,0.36523357,3.87126123,0.90891084,0.62390892,0.01217690,0.27003095,0.03931092,0.70712287
-5.56178089,5.75946683,0.35464692,3.69345735,0.87334440,0.61027956,0.01241001,0.26200047,0.03858876,0.68593987
-5.55577789,5.54143460,0.34746802,3.52501133,0.84337631,0.59972171,0.01268170,0.25529583,0.03814169,0.66939077
-5.54977489,5.34723386,0.34412202,3.36751960,0.81949598,0.59266971,0.01299729,0.25008647,0.03799546,0.65799720
-5.54377189,5.17940530,0.34500981,3.22225907,0.80210506,0.58950070,0.01336094,0.24651191,0.03817158,0.65222750
-5.53776888,5.03995915,0.35050534,3.09017765,0.79151921,0.59052763,0.01377536,0.24467926,0.03868698,0.65249379
-5.53176588,4.93036321,0.36095287,2.97189399,0.78797082,0.59599344,0.01424160,0.24466141,0.03955358,0.65914929
-5.52576288,4.85154272,0.37666377,2.86770595,0.79161220,0.60606672,0.01475890,0.24649595,0.04077801,0.67248591
-5.51975988,4.80389108,0.39791276,2.77760712,0.80251874,0.62083860,0.01532457,0.25018479,0.04236132,0.69273157
-5.51375688,4.78729030,0.42493361,2.70131038,0.82069184,0.64032131,0.01593394,0.25569454,0.04429880,0.72004756
-5.50775388,4.80113999,0.45791412,2.63827767,0.84606127,0.66444803,0.01658046,0.26295763,0.04657991,0.75452556
-5.50175088,4.84439359,0.49699060,2.58775455,0.87848675,0.69307430,0.01725577,0.27187407,0.04918827,0.79618441
-5.49574787,4.91560029,0.54224180,2.54880831,0.91775900,0.72598083,0.01794991,0.28231386,0.05210172,0.84496690
-5.48974487,5.01295143,0.59368252,2.52036842,0.96360003,0.76287761,0.01865161,0.29412008,0.05529262,0.90073635
-5.48374187,5.13433001,0.65125729,2.50126777,1.01566320,0.80340934,0.01934862,0.30711240,0.05872815,0.96327355
-5.47773887,5.27736189,0.71483411,2.49028362,1.07353316,0.84716191,0.02002806,0.32109113,0.06237079,1.03227399
-5.47173587,5.43946772,0.78419890,2.48617682,1.13672611,0.89366989,0.02067685,0.33584165,0.06617889,1.10734587
-5.46573287,5.61791444,0.85905082,2.48772849,1.20469075,0.94242485,0.02128211,0.35113913,0.07010742,1.18800900
-5.45972986,5.80986549,0.93899881,2.49377294,1.27681032,0.99288426,0.02183160,0.36675340,0.07410872,1.27369498
-5.45372686,6.01242909,1.02355984,2.50322633,1.35240611,1.04448096,0.02231410,0.38245401,0.07813339,1.36374887
-5.44772386,6.22270406,1.11215900,2.51511050,1.43074270,1.09663283,0.02271975,0.39801518,0.08213121,1.45743262
-5.44172086,6.43782295,1.20413185,2.52857162,1.51103517,1.14875271,0.02304035,0.41322070,0.08605216,1.55393044
-5.43571786,6.65499229,1.29872910,2.54289376,1.59245846,1.20025826,0.02326963,0.42786868,0.08984733,1.65235620
-5.42971486,6.87153037,1.39512391,2.55750755,1.67415876,1.25058180,0.02340338,0.44177591,0.09346991,1.75176309
-5.42371186,7.08490249,1.49242166,2.57199429,1.75526700,1.29917989,0.02343953,0.45478204,0.09687617,1.85115539
-5.41770885,7.29275444,1.58967238,2.58608629,1.83491411,1.34554278,0.02337823,0.46675320,0.10002626,1.94950239
-5.41170585,7.49294463,1.68588552,2.59966409,1.91224778,1.38920347,0.02322173,0.47758539,0.10288508,2.04575425
-5.40570285,7.68357531,1.78004697,2.61275139,1.98645036,1.42974658,0.02297430,0.48720726,0.10542297,2.13885975
-5.39969985,7.86302343,1.87113795,2.62550866,2.05675738,1.46681672,0.02264211,0.49558251,0.10761631,2.22778535
-5.39369685,8.02997125,1.95815540,2.63822607,2.12247611,1.50012662,0.02223294,0.50271184,0.10944814,2.31153554
-5.38769385,8.18343683,2.04013334,2.65131657,2.18300367,1.52946469,0.02175607,0.50863431,0.11090845,2.38917366
-5.38169085,8.32280374,2.11616473,2.66530938,2.23784401,1.55470198,0.02122196,0.51342827,0.11199462,2.45984299
-5.37568784,8.44784935,2.18542309,2.68084419,2.28662310,1.57579841,0.02064207,0.51721170,0.11271151,2.52278726
-5.36968484,8.55877023,2.24718334,2.69866601,2.32910174,1.59280790,0.02002858,0.52014192,0.11307161,2.57737008
-5.36368184,8.65620295,2.30084093,2.71962003,2.36518537,1.60588227,0.01939424,0.52241462,0.11309497,2.62309255
-5.35767884,8.74123799,2.34592884,2.74464603,2.39493022,1.61527334,0.01875216,0.52426213,0.11280904,2.65960826
-5.35167584,8.81542432,2.38213141,2.77477112,2.41854550,1.62133310,0.01811557,0.52595073,0.11224831,2.68673506
-5.34567284,8.88076202,2.40929461,2.81109987,2.43639090,1.62451125,0.01749778,0.52777703,0.11145391,2.70446292
-5.33966983,8.93968021,2.42743193,2.85480043,2.44896940,1.62534998,0.01691193,0.53006319,0.11047289,2.71295715
-5.33366683,8.99499810,2.43672552,2.90708548,2.45691500,1.62447548,0.01637090,0.53315101,0.10935747,2.71255665
-5.32766383,9.04986734,2.43752226,2.96918713,2.46097550,1.62258604,0.01588720,0.53739479,0.10816401,2.70376672
-5.32166083,9.10769465,2.43032443,3.04232487,2.46199054,1.62043657,0.01547279,0.54315295,0.10695185,2.68724635
-5.31565783,9.17204484,2.41577523,3.12766643,2.46086529,1.61881964,0.01513892,0.55077857,0.10578190,2.66379006
-5.30965483,9.24652539,2.39463924,3.22628187,2.45854052,1.61854331,0.01489603,0.56060900,0.10471520,2.63430461
-5.30365183,9.33465528,2.36777840,3.33909169,2.45595985,1.62040619,0.01475349,0.57295466,0.10381118,2.59978112
-5.29764882,9.43972182,2.33612426,3.46681056,2.45403548,1.62517053,0.01471946,0.58808757,0.10312600,2.56126355
-5.29164582,9.56463098,2.30064743,3.60988895,2.45361351,1.63353418,0.01480065,0.60622988,0.10271069,2.51981459
-5.28564282,9.71175726,2.26232543,3.76845519,2.45544053,1.64610254,0.01500212,0.62754294,0.10260944,2.47648024
-5.27963982,9.88280052,2.22211014,3.94226145,2.46013279,1.66336183,0.01532704,0.65211736,0.10285789,2.43225456
-5.27363682,10.07865743,2.18089639,4.13063670,2.46814968,1.68565487,0.01577654,0.67996482,0.10348165,2.38804609
-5.26763382,10.29931518,2.13949294,4.33245056,2.47977289,1.71316089,0.01634950,0.71101188,0.10449503,2.34464756
-5.26163082,10.54377473,2.09859731,4.54609101,2.49509250,1.74588039,0.01704245,0.74509650,0.10590008,2.30271025
-5.25562781,10.81001005,2.05877558,4.76945908,2.51400117,1.78362636,0.01784946,0.78196764,0.10768604,2.26272436
-5.24962481,11.09496815,2.02044816,4.99998274,2.53619691,1.82602259,0.01876216,0.82128812,0.10982916,2.22500629
-5.24362181,11.39461288,1.98388229,5.23465118,2.56119476,1.87250963,0.01976976,0.86264102,0.11229309,2.18969378
-5.23761881,11.70401355,1.94919159,5.47007012,2.58834726,1.92235854,0.02085923,0.90553951,0.11502964,2.15674885
-5.23161581,12.01747664,1.91634266,5.70253708,2.61687281,1.97469228,0.02201548,0.94943989,0.11798003,2.12596887
-5.22561281,12.32871666,1.88516839,5.92813475,2.64589097,2.02851386,0.02322165,0.99375747,0.12107667,2.09700487
-5.21960980,12.63105993,1.85538728,6.14283943,2.67446291,2.08274044,0.02445950,1.03788465,0.12424518,2.06938642
-5.21360680,12.91767271,1.82662759,6.34264028,2.70163524,2.13624170,0.02570977,1.08121048,0.12740681,2.04255165
-5.20760380,13.18180362,1.79845517,6.52366466,2.72648476,2.18788083,0.02695271,1.12314081,0.13048102,2.01588099
-5.20160080,13.41702911,1.77040329,6.68230379,2.74816201,2.23655630,0.02816851,1.16311805,0.13338814,1.98873276
-5.19559780,13.61749025,1.74200294,6.81533344,2.76593111,2.28124210,0.02933779,1.20063962,0.13605209,1.96047883
-5.18959480,13.77810913,1.71281190,6.92002351,2.77920373,2.32102474,0.03044214,1.23527404,0.13840282,1.93053848
-5.18359180,13.89477424,1.68244120,6.99423167,2.78756518,2.35513495,0.03146450,1.26667385,0.14037865,1.89840879
-5.17758879,13.96448557,1.65057737,7.03647632,2.79079126,2.38297244,0.03238959,1.29458466,0.14192809,1.86369010
-5.17158579,13.98545226,1.61699962,7.04598534,2.78885460,2.40412266,0.03320423,1.31884972,0.14301137,1.82610522
-5.16558279,13.95713823,1.58159104,7.02271846,2.78192026,2.41836459,0.03389760,1.33940985,0.14360136,1.78551179
-5.15957979,13.88025384,1.54434346,6.96736208,2.77033070,2.42566926,0.03446141,1.35629855,0.14368401,1.74190723
-5.15357679,13.75669483,1.50535595,6.88129714,2.75458092,2.42618941,0.03488998,1.36963271,0.14325822,1.69542637
-5.14757379,13.58943224,1.46482723,6.76654161,2.73528517,2.42024071,0.03518021,1.37959931,0.14233522,1.64633215
-5.14157079,13.38235998,1.42304276,6.62567086,2.71313717,2.40827609,0.03533153,1.38643892,0.14093743,1.59500020
-5.13556778,13.14010859,1.38035742,6.46171979,2.68886612,2.39085445,0.03534575,1.39042693,0.13909693,1.54189847
-5.12956478,12.86783549,1.33717492,6.27807174,2.66319102,2.36860582,0.03522678,1.39185368,0.13685371,1.48756300
-5.12356178,12.57100317,1.29392534,6.07833954,2.63677602,2.34219501,0.03498044,1.39100453,0.13425358,1.43257158
-5.11755878,12.25515661,1.25104212,5.86624433,2.61018937,2.31228572,0.03461416,1.38814117,0.13134606,1.37751665
-5.11155578,11.92571160,1.20893986,5.64549769,2.58386840,2.27950731,0.03413662,1.38348526,0.12818233,1.32297892
-5.10555278,11.58776390,1.16799414,5.41969217,2.55809254,2.24442587,0.03355750,1.37720531,0.12481324,1.26950308
-5.09954977,11.24592817,1.12852447,5.19220468,2.53296592,2.20752120,0.03288720,1.36940760,0.12128755,1.21757684
-5.09354677,10.90421336,1.09078124,4.96611637,2.50841061,2.16917079,0.03213649,1.36013173,0.11765056,1.16761403
-5.08754377,10.56593895,1.05493713,4.74415149,2.48417070,2.12964137,0.03131636,1.34935085,0.11394297,1.11994265
-5.08154077,10.23369416,1.02108334,4.52863683,2.45982718,2.08908833,0.03043773,1.33697674,0.11020020,1.07479796
-5.07553777,9.90933956,0.98923078,4.32148203,2.43482248,2.04756270,0.02951133,1.32286923,0.10645214,1.03232088
-5.06953477,9.59404843,0.95931571,4.12417998,2.40849335,2.00502481,0.02854750,1.30684938,0.10272323,0.99256132
-5.06353177,9.28838295,0.93120956,3.93782583,2.38011020,1.96136383,0.02755614,1.28871563,0.09903289,0.95548605
-5.05752876,8.99239891,0.90473216,3.76315176,2.34892058,1.91642152,0.02654655,1.26826186,0.09539628,0.92099042
-5.05152576,8.70577111,0.87966751,3.60057465,2.31419438,1.87001882,0.02552743,1.24529627,0.09182527,0.88891314
-5.04552276,8.42793103,0.85578126,3.45025274,2.27526836,1.82198344,0.02450679,1.21965996,0.08832956,0.85905311
-5.03951976,8.15820822,0.83283884,3.31214757,2.23158755,1.77217694,0.02349194,1.19124410,0.08491784,0.83118746
-5.03351676,7.89596683,0.81062327,3.18608703,2.18274139,1.72051967,0.02248948,1.16000472,0.08159897,0.80508972
-5.02751376,7.64072965,0.78895190,3.07182603,2.12849280,1.66701213,0.02150524,1.12597418,0.07838305,0.78054734
-5.02151076,7.39228282,0.76769102,2.96910111,2.06879892,1.61175179,0.02054436,1.08926888,0.07528232,0.75737754
-5.01550775,7.15075604,0.74676791,2.87767605,2.00382248,1.55494440,0.01961123,1.05009267,0.07231183,0.73544099
-5.00950475,6.91667419,0.72617960,2.79737635,1.93393357,1.49690934,0.01870954,1.00873582,0.06948986,0.71465255
-5.00350175,6.69097847,0.70599815,2.72811067,1.85970194,1.43807882,0.01784230,0.96556972,0.06683801,0.69498885
-4.99749875,6.47501632,0.68637204,2.66987867,1.78188039,1.37899111,0.01701187,0.92103760,0.06438109,0.67649223
-4.99149575,6.27050136,0.66752384,2.62276500,1.70138039,1.32027815,0.01622001,0.87564173,0.06214654,0.65927108
-4.98549275,6.07944594,0.64974414,2.58692029,1.61924114,1.26264816,0.01546794,0.82992790,0.06016370,0.64349656
-4.97948974,5.90407027,0.63338198,2.56253055,1.53659380,1.20686423,0.01475635,0.78446786,0.05846284,0.62939589
-4.97348674,5.74669293,0.61883236,2.54977723,1.45462255,1.15371980,0.01408552,0.73984055,0.05707386,0.61724255
-4.96748374,5.60960876,0.60652100,2.54879045,1.37452424,1.10401199,0.01345537,0.69661318,0.05602497,0.60734372
-4.96148074,5.49496035,0.59688724,2.55959864,1.29746833,1.05851408,0.01286546,0.65532270,0.05534126,0.60002555
-4.95547774,5.40460959,0.59036543,2.58207788,1.22455884,1.01794818,0.01231512,0.61645872,0.05504321,0.59561691
-4.94947474,5.34001589,0.58736576,2.61590436,1.15679947,0.98295893,0.01180346,0.58044839,0.05514528,0.59443205
-4.94347174,5.30212706,0.58825496,2.66051324,1.09506337,0.95408961,0.01132940,0.54764379,0.05565467,0.59675308
-4.93746873,5.29128845,0.59333784,2.71506709,1.04006817,0.93176105,0.01089170,0.51831235,0.05657018,0.60281286
-4.93146573,5.30717496,0.60284016,2.77843632,0.99235720,0.91625445,0.01048898,0.49263051,0.05788140,0.61277898
-4.92546273,5.34874966,0.61689358,2.84919362,0.95228714,0.90769854,0.01011970,0.47068074,0.05956821,0.62673953
-4.91945973,5.41425135,0.63552334,2.92562376,0.92002221,0.90606149,0.00978219,0.45245197,0.06160054,0.64469128
-4.91345673,5.50121243,0.65863909,3.00574893,0.89553498,0.91114802,0.00947460,0.43784325,0.06393863,0.66653081
-4.90745373,5.60650661,0.68602953,3.08736945,0.87861333,0.92260167,0.00919491,0.42667044,0.06653355,0.69204903
-4.90145073,5.72642527,0.71736093,3.16811816,0.86887320,0.93991233,0.00894093,0.41867561,0.06932827,0.72092951
-4.89544772,5.85677933,0.75217995,3.24552673,0.86577645,0.96242881,0.00871027,0.41353858,0.07225889,0.75275068
-4.88944472,5.99302292,0.78992085,3.31710072,0.86865318,0.98937602,0.00850038,0.41089034,0.07525640,0.78699216
-4.88344172,6.13039363,0.82991678,3.38040011,0.87672753,1.01987640,0.00830853,0.41032765,0.07824855,0.82304504
-4.87743872,6.26406371,0.87141516,3.43312149,0.88914611,1.05297478,0.00813190,0.41142828,0.08116203,0.86022581
-4.87143572,6.38929594,0.91359658,3.47317797,0.90500818,1.08766602,0.00796761,0.41376643,0.08392468,0.89779364
-4.86543272,6.50159753,0.95559669,3.49877275,0.92339633,1.12292449,0.00781276,0.41692763,0.08646776,0.93497041
-4.85942971,6.59686581,0.99653028,3.50846297,0.94340690,1.15773440,0.00766453,0.42052273,0.08872819,0.97096274
-4.85342671,6.67151955,1.03551685,3.50121051,0.96417889,1.19111996,0.00752027,0.42420033,0.09065050,1.00498528
-4.84742371,6.72261063,1.07170655,3.47641735,0.98492066,1.22217438,0.00737754,0.42765744,0.09218866,1.03628435
-4.84142071,6.74791170,1.10430558,3.43394394,1.00493326,1.25008668,0.00723428,0.43064791,0.09330745,1.06416103
-4.83541771,6.74597659,1.13259998,3.37410975,1.02362988,1.27416531,0.00708877,0.43298840,0.09398351,1.08799265
-4.82941471,6.71617160,1.15597694,3.29767621,1.04055052,1.29385799,0.00693979,0.43456178,0.09420590,1.10725198
-4.82341171,6.65867705,1.17394256,3.20581321,1.05537166,1.30876694,0.00678663,0.43531801,0.09397621,1.12152323
-4.81740870,6.57446017,1.18613554,3.10005113,1.06791053,1.31865904,0.00662913,0.43527245,0.09330822,1.13051416
-4.81140570,6.46522145,1.19233598,2.98222091,1.07812399,1.32347095,0.00646770,0.43450195,0.09222707,1.13406392
-4.80540270,6.33331786,1.19246923,2.85438543,1.08610210,1.32330890,0.00630330,0.43313891,0.09076810,1.13214630
-4.79939970,6.18166738,1.18660433,2.71876574,1.09205700,1.31844362,0.00613748,0.43136383,0.08897535,1.12486821
-4.79339670,6.01364000,1.17494753,2.57766558,1.09630757,1.30930072,0.00597228,0.42939663,0.08689978,1.11246372
-4.78739370,5.83294067,1.15783099,2.43339791,1.09926073,1.29644736,0.00581025,0.42748742,0.08459741,1.09528388
-4.78139070,5.64349000,1.13569739,2.28821652,1.10139044,1.28057588,0.00565439,0.42590705,0.08212731,1.07378287
-4.77538769,5.44930815,1.10908121,2.14425564,1.10321539,1.26248536,0.00550813,0.42493815,0.07954971,1.04850135
-4.76938469,5.25440696,1.07858756,2.00347971,1.10527668,1.24306218,0.00537523,0.42486688,0.07692417,1.02004754
-4.76338169,5.06269469,1.04486970,1.86764476,1.10811643,1.22326039,0.00525984,0.42597595,0.07430799,0.98907731
-4.75737869,4.87789671,1.00860616,1.73827247,1.11225859,1.20408289,0.00516638,0.42853912,0.07175479,0.95627378
-4.75137569,4.70349445,0.97047855,1.61663672,1.11819274,1.18656417,0.00509955,0.43281747,0.06931346,0.92232770
-4.74537269,4.54268372,0.93115103,1.50376240,1.12636160,1.17175514,0.00506434,0.43905736,0.06702734,0.88791911
-4.73936968,4.39835243,0.89125217,1.40043511,1.13715291,1.16071052,0.00506595,0.44749017,0.06493379,0.85370114
-4.73336668,4.27307641,0.85135991,1.30722028,1.15089557,1.15447878,0.00510977,0.45833357,0.06306391,0.82028633
-4.72736368,4.16913127,0.81198996,1.22448967,1.16786028,1.15409464,0.00520135,0.47179406,0.06144267,0.78823592
-4.72136068,4.08851710,0.77358793,1.15245314,1.18826403,1.16057384,0.00534636,0.48807041,0.06008913,0.75805218
-4.71535768,4.03299233,0.73652515,1.09119328,1.21227787,1.17490934,0.00555043,0.50735752,0.05901688,0.73017369
-4.70935468,4.00411270,0.70109798,1.04070069,1.24003713,1.19806865,0.00581911,0.52985017,0.05823456,0.70497348
-4.70335168,4.00327088,0.66753024,1.00090781,1.27165279,1.23099111,0.00615771,0.55574621,0.05774647,0.68275954
-4.69734867,4.03173264,0.63597821,0.97171939,1.30722299,1.27458447,0.00657106,0.58524863,0.05755316,0.66377730
-4.69134567,4.09066572,0.60653770,0.95303791,1.34684340,1.32971979,0.00706341,0.61856611,0.05765198,0.64821348
-4.68534267,4.18115804,0.57925235,0.94478291,1.39061520,1.39722408,0.00763808,0.65591160,0.05803762,0.63620084
-4.67933967,4.30422284,0.55412269,0.94690323,1.43864976,1.47786997,0.00829729,0.69749877,0.05870249,0.62782306
-4.67333667,4.46078915,0.53111522,0.95938175,1.49106920,1.57236210,0.00904185,0.74353624,0.05963706,0.62311960
-4.66733367,4.65167708,0.51017099,0.98223269,1.54800230,1.68132032,0.00987094,0.79421943,0.06083008,0.62208973
-4.66133067,4.87755862,0.49121330,1.01549170,1.60957569,1.80525972,0.01078182,0.84972060,0.06226870,0.62469582
-4.65532766,5.13890555,0.47415417,1.05919950,1.67590052,1.94456838,0.01176966,0.91017718,0.06393853,0.63086546
-4.64932466,5.43592738,0.45889941,1.11338007,1.74705538,2.09948351,0.01282739,0.97567898,0.06582360,0.64049254
-4.64332166,5.76850292,0.44535225,1.17801474,1.82306628,2.27006736,0.01394559,1.04625516,0.06790632,0.65343739
-4.63731866,6.13610996,0.43341565,1.25301357,1.90388523,2.45618432,0.01511252,1.12186146,0.07016739,0.66952620
-4.63131566,6.53775804,0.42299346,1.33818576,1.98936885,2.65748075,0.01631415,1.20236885,0.07258574,0.68855007
-4.62531266,6.97192960,0.41399069,1.43321089,2.07925885,2.87336937,0.01753440,1.28755418,0.07513847,0.71026409
-4.61930965,7.43653459,0.40631321,1.53761266,2.17316597,3.10301971,0.01875539,1.37709391,0.07780089,0.73438694
-4.61330665,7.92888341,0.39986720,1.65073695,2.27055922,3.34535621,0.01995785,1.47056149,0.08054658,0.76060138
-4.60730365,8.44568235,0.39455874,1.77173582,2.37076166,3.59906512,0.02112153,1.56742911,0.08334758,0.78855600
-4.60130065,8.98305459,0.39029378,1.89955880,2.47295401,3.86261106,0.02222582,1.66707411,0.08617466,0.81786867
-4.59529765,9.53658885,0.38697865,2.03295266,2.57618662,4.13426360,0.02325024,1.76879026,0.08899768,0.84813174
-4.58929465,10.10141605,0.38452139,2.17047053,2.67939996,4.41213362,0.02417517,1.87180372,0.09178613,0.87891922
-4.58329165,10.67231296,0.38283390,2.31049061,2.78145343,4.69421871,0.02498240,1.97529338,0.09450976,0.90979578
-4.57728864,11.24383024,0.38183478,2.45124456,2.88116124,4.97845630,0.02565577,2.07841478,0.09713922,0.94032743
-4.57128564,11.81044054,0.38145295,2.59085506,2.97733420,5.26278245,0.02618170,2.18032671,0.09964697,0.97009350
-4.56528264,12.36670111,0.38163166,2.72738146,3.06882528,5.54519405,0.02654968,2.28021925,0.10200811,0.99869958
-4.55927964,12.90742413,0.38233273,2.85887212,3.15457678,5.82381155,0.02675267,2.37734206,0.10420132,1.02579070
-4.55327664,13.42784701,0.38354071,2.98342162,3.23366658,6.09693919,0.02678732,2.47103125,0.10620979,1.05106433
-4.54727364,13.92379465,0.38526665,3.09923061,3.30535088,6.36311975,0.02665412,2.56073355,0.10802209,1.07428236
-4.54127064,14.39182555,0.38755113,3.20466576,3.36910095,6.62118065,0.02635742,2.64602641,0.10963301,1.09528169
-4.53526763,14.82935393,0.39046626,3.29831746,3.42463162,6.87026885,0.02590527,2.72663256,0.11104421,1.11398249
-4.52926463,15.23474118,0.39411648,3.37905247,3.47191962,7.10987218,0.02530918,2.80242841,0.11226468,1.13039397
-4.52326163,15.60735102,0.39863786,3.44605912,3.51121052,7.33982543,0.02458372,2.87344515,0.11331104,1.14461702
-4.51725863,15.94756443,0.40419583,3.49888302,3.54301323,7.56030029,0.02374606,2.93986261,0.11420743,1.15684356
-4.51125563,16.25675235,0.41098140,3.53745116,3.56808232,7.77177900,0.02281545,3.00199564,0.11498526,1.16735242
-4.50525263,16.53720618,0.41920572,3.56208339,3.58738829,7.97501228,0.02181256,3.06027350,0.11568246,1.17650188
-4.49924962,16.79202809,0.42909326,3.57349022,3.60207731,8.17096314,0.02075895,3.11521315,0.11634250,1.18471891
-4.49324662,17.02498517,0.44087387,3.57275686,3.61342204,8.36073881,0.01967635,3.16738751,0.11701306,1.19248558
-4.48724362,17.24033351,0.45477377,3.56131388,3.62276577,8.54551362,0.01858614,3.21739011,0.11774438,1.20032298
-4.48124062,17.44261927,0.47100601,3.54089543,3.63146256,8.72644639,0.01750876,3.26579788,0.11858735,1.20877330
-4.47523762,17.63646562,0.48976067,3.51348658,3.64081607,8.90459606,0.01646321,3.31313378,0.11959148,1.21838067
-4.46923462,17.82635446,0.51119517,3.48126159,3.65202005,9.08083945,0.01546665,3.35983120,0.12080265,1.22967136
-4.46323162,18.01641259,0.53542511,3.44651552,3.66610321,9.25579524,0.01453406,3.40620179,0.12226093,1.24313421
-4.45722861,18.21021148,0.56251595,3.41159155,3.68388101,9.42975771,0.01367795,3.45240844,0.12399843,1.25920175
-4.45122561,18.41058924,0.59247591,3.37880662,3.70591647,9.60264353,0.01290824,3.49844485,0.12603736,1.27823283
-4.44522261,18.61950224,0.62525038,3.35037805,3.73249185,9.77395447,0.01223214,3.54412264,0.12838831,1.30049729
-4.43921961,18.83791237,0.66071798,3.32835339,3.76359219,9.94275786,0.01165416,3.58906693,0.13104896,1.32616305
-4.43321661,19.06571459,0.69868857,3.31454594,3.79890140,10.10768619,0.01117615,3.63272057,0.13400319,1.35528630
-4.42721361,19.30170712,0.73890316,3.31047774,3.83781087,10.26695607,0.01079745,3.67435712,0.13722073,1.38780475
-4.42121061,19.54360510,0.78103590,3.31733167,3.87943998,10.41840618,0.01051505,3.71310197,0.14065733,1.42353449
-4.41520760,19.78809672,0.82469800,3.33591401,3.92266751,10.55955291,0.01032377,3.74796078,0.14425549,1.46217033
-4.40920460,20.03093884,0.86944345,3.36662822,3.96617230,10.68766147,0.01021657,3.77785412,0.14794579,1.50328978
-4.40320160,20.26708790,0.91477658,3.40946052,4.00848131,10.79982985,0.01018479,3.80165673,0.15164870,1.54636043
-4.39719860,20.49086048,0.96016098,3.46397753,4.04802296,10.89308230,0.01021842,3.81823972,0.15527687,1.59075075
-4.39119560,20.69611704,1.00502982,3.52933571,4.08318341,10.96446870,0.01030646,3.82651399,0.15873783,1.63574387
-4.38519260,20.87646163,1.04879707,3.60430232,4.11236347,11.01116586,0.01043718,3.82547290,0.16193692,1.68055416
-4.37918959,21.02545013,1.09086951,3.68728708,4.13403391,11.03057702,0.01059844,3.81423250,0.16478047,1.72434610
-4.37318659,21.13679966,1.13065912,3.77638380,4.14678715,11.02042562,0.01077803,3.79206761,0.16717900,1.76625501
-4.36718359,21.20459184,1.16759568,3.86942070,4.14938337,10.97883997,0.01096393,3.75844231,0.16905034,1.80540917
-4.36118059,21.22346360,1.20113909,3.96401817,4.14078979,10.90442585,0.01114464,3.71303374,0.17032263,1.84095271
-4.35517759,21.18877956,1.23079135,4.05765244,4.12021180,10.79632444,0.01130938,3.65574833,0.17093696,1.87206861
-4.34917459,21.09678107,1.25610776,4.14772359,4.08711530,10.65425388,0.01144844,3.58673001,0.17084964,1.89800134
-4.34317159,20.94470826,1.27670707,4.23162587,4.04123992,10.47853330,0.01155328,3.50636029,0.17003397,1.91807832
-4.33716858,20.73089199,1.29228045,4.30681872,3.98260317,10.27008882,0.01161681,3.41525046,0.16848154,1.93172959
-4.33116558,20.45481414,1.30259886,4.37089622,3.91149591,10.03044185,0.01163350,3.31422647,0.16620284,1.93850518
-4.32516258,20.11713535,1.30751876,4.42165310,3.82846972,9.76168045,0.01159945,3.20430733,0.16322736,1.93808938
-4.31915958,19.71969045,1.30698587,4.45714530,3.73431724,9.46641517,0.01151250,3.08667812,0.15960302,1.93031159
-4.31315658,19.26545252,1.30103680,4.47574317,3.63004639,9.14772133,0.01137219,2.96265871,0.15539511,1.91515318
-4.30715358,18.75846735,1.28979856,4.47617559,3.51684981,8.80906971,0.01117977,2.83366970,0.15068460,1.89275007
-4.30115058,18.20376075,1.27348571,4.45756362,3.39607058,8.45424813,0.01093804,2.70119658,0.14556605,1.86339083
-4.29514757,17.60722145,1.25239534,4.41944239,3.26916554,8.08727656,0.01065126,2.56675360,0.14014511,1.82751024
-4.28914457,16.97546320,1.22689969,4.36177060,3.13766734,7.71231801,0.01032497,2.43184841,0.13453571,1.78567836
-4.28314157,16.31566966,1.19743688,4.28492726,3.00314626,7.33358795,0.00996575,2.29794842,0.12885698,1.73858547
-4.27713857,15.63542627,1.16449969,4.18969578,2.86717284,6.95526434,0.00958098,2.16644985,0.12323007,1.68702319
-4.27113557,14.94254328,1.12862280,4.07723607,2.73128211,6.58140063,0.00917862,2.03865000,0.11777493,1.63186240
-4.26513257,14.24487468,1.09036890,3.94904574,2.59694019,6.21584355,0.00876688,1.91572325,0.11260711,1.57402864
-4.25912956,13.55013749,1.05031411,3.80691181,2.46551389,5.86215754,0.00835396,1.79870125,0.10783469,1.51447586
-4.25312656,12.86573631,1.00903311,3.65285498,2.33824387,5.52355726,0.00794782,1.68845724,0.10355539,1.45415935
-4.24712356,12.19859773,0.96708459,3.48906850,2.21622188,5.20284962,0.00755589,1.58569477,0.09985396,1.39400883
-4.24112056,11.55501922,0.92499758,3.31785399,2.10037232,4.90238632,0.00718486,1.49094062,0.09679995,1.33490271
-4.23511756,10.94053691,0.88325909,3.14155675,1.99143862,4.62402798,0.00684050,1.40454200,0.09444575,1.27764430
-4.22911456,10.35981606,0.84230360,2.96250278,1.88997451,4.36912042,0.00652750,1.32666762,0.09282521,1.22294106
-4.22311156,9.81656775,0.80250472,2.78294004,1.79634057,4.13848368,0.00624937,1.25731271,0.09195257,1.17138745
-4.21710855,9.31349440,0.76416948,2.60498557,1.71070586,3.93241405,0.00600833,1.19630752,0.09182206,1.12345207
-4.21110555,8.85226603,0.72753527,2.43058058,1.63305481,3.75069895,0.00580537,1.14332926,0.09240785,1.07946959
-4.20510255,8.43352804,0.69276965,2.26145444,1.56319917,3.59264460,0.00564019,1.09791701,0.09366469,1.03963761
-4.19909955,8.05694030,0.65997282,2.09909848,1.50079447,3.45711550,0.00551133,1.05948936,0.09552898,1.00401859
-4.19309655,7.72124619,0.62918270,1.94475011,1.44536090,3.34258506,0.00541622,1.02736438,0.09792035,0.97254668
-4.18709355,7.42436891,0.60038224,1.79938680,1.39630756,3.24719574,0.00535136,1.00078143,0.10074382,0.94503899
-4.18109055,7.16353153,0.57350844,1.66372971,1.35295960,3.16882711,0.00531246,0.97892438,0.10389227,0.92121092
-4.17508754,6.93539596,0.54846270,1.53825567,1.31458701,3.10516974,0.00529462,0.96094548,0.10724940,0.90069462
-4.16908454,6.73621536,0.52512193,1.42321644,1.28043430,3.05380256,0.00529255,0.94598948,0.11069293,0.88305989
-4.16308154,6.56199379,0.50334966,1.31866366,1.24974964,3.01227115,0.00530072,0.93321711,0.11409801,0.86783642
-4.15707854,6.40864670,0.48300673,1.22447767,1.22181256,2.97816425,0.00531364,0.92182732,0.11734076,0.85453660
-4.15107554,6.27215558,0.46396100,1.14039866,1.19595889,2.94918584,0.00532596,0.91107757,0.12030181,0.84267753
-4.14507254,6.14871072,0.44609544,1.06605827,1.17160211,2.92322016,0.00533272,0.90030153,0.12286965,0.83180169
-4.13906953,6.03483621,0.42931450,1.00101015,1.14825007,2.89838750,0.00532945,0.88892364,0.12494384,0.82149509
-4.13306653,5.92749259,0.41354822,0.94475808,1.12551657,2.87308856,0.00531235,0.87646999,0.12643773,0.81140233
-4.12706353,5.82415354,0.39875415,0.89678053,1.10312731,2.84603623,0.00527831,0.86257532,0.12728087,0.80123796
-4.12106053,5.72285424,0.38491705,0.85655082,1.08092015,2.81627356,0.00522507,0.84698585,0.12742076,0.79079385
-4.11505753,5.62221068,0.37204640,0.82355256,1.05883976,2.78317795,0.00515116,0.82955814,0.12682401,0.77994235
-4.10905453,5.52141064,0.36017222,0.79728998,1.03692721,2.74645170,0.00505599,0.81025398,0.12547693,0.76863540
-4.10305153,5.42017840,0.34933922,0.77729358,1.01530519,2.70610019,0.00493972,0.78913181,0.12338535,0.75689974
-4.09704852,5.31871658,0.33960015,0.76312146,0.99415974,2.66239905,0.00480328,0.76633515,0.12057386,0.74482896
-4.09104552,5.21762979,0.33100843,0.75435699,0.97371972,2.61585273,0.00464825,0.74207870,0.11708446,0.73257272
-4.08504252,5.11783521,0.32361084,0.75060387,0.95423511,2.56714671,0.00447677,0.71663287,0.11297466,0.72032408
-4.07903952,5.02046598,0.31744064,0.75147940,0.93595554,2.51709629,0.00429142,0.69030743,0.10831514,0.70830579
-4.07303652,4.92677333,0.31251163,0.75660706,0.91911009,2.46659464,0.00409509,0.66343519,0.10318708,0.69675620
-4.06703352,4.83803298,0.30881350,0.76560941,0.90388959,2.41656287,0.00389086,0.63635643,0.09767932,0.68591578
-4.06103052,4.75546104,0.30630870,0.77810215,0.89043229,2.36790458,0.00368189,0.60940461,0.09188541,0.67601491
-4.05502751,4.68014332,0.30493115,0.79368997,0.87881355,2.32146693,0.00347130,0.58289411,0.08590066,0.66726350
-4.04902451,4.61298149,0.30458675,0.81196487,0.86904005,2.27800974,0.00326206,0.55711031,0.07981942,0.65984293
-4.04302151,4.55465745,0.30515563,0.83250701,0.86104863,2.23818366,0.00305695,0.53230219,0.07373253,0.65390062
-4.03701851,4.50561677,0.30649606,0.85488827,0.85470951,2.20251757,0.00285843,0.50867765,0.06772514,0.64954715
-4.03101551,4.46607008,0.30844968,0.87867811,0.84983369,2.17141508,0.00266866,0.48640143,0.06187487,0.64685602
-4.02501251,4.43601061,0.31084782,0.90345158,0.84618362,2.14515907,0.00248943,0.46559538,0.05625044,0.64586557
-4.01900950,4.41524478,0.31351833,0.92879848,0.84348654,2.12392307,0.00232217,0.44634081,0.05091067,0.64658288
-4.01300650,4.40343224,0.31629280,0.95433344,0.84144941,2.10778761,0.00216797,0.42868246,0.04590399,0.64898882
-4.00700350,4.40013126,0.31901337,0.97970567,0.83977442,2.09675970,0.00202757,0.41263354,0.04126817,0.65304405
-4.00100050,4.40484539,0.32153911,1.00460810,0.83817416,2.09079340,0.00190142,0.39818156,0.03703063,0.65869506
-3.99499750,4.41706740,0.32375138,1.02878487,0.83638551,2.08980959,0.00178974,0.38529420,0.03320884,0.66587993
-3.98899450,4.43631739,0.32555790,1.05203693,0.83418142,2.09371328,0.00169249,0.37392503,0.02981107,0.67453328
-3.98299150,4.46217232,0.32689556,1.07422526,0.83138012,2.10240713,0.00160952,0.36401857,0.02683727,0.68459010
-3.97698849,4.49428554,0.32773155,1.09527163,0.82785123,2.11580046,0.00154055,0.35551450,0.02428008,0.69598823
-3.97098549,4.53239577,0.32806313,1.11515697,0.82351882,2.13381322,0.00148523,0.34835088,0.02212583,0.70866952
-3.96498249,4.57632588,0.32791583,1.13391771,0.81836129,2.15637522,0.00144320,0.34246629,0.02035565,0.72257974
-3.95897949,4.62597306,0.32734061,1.15164044,0.81240857,2.18342122,0.00141411,0.33780087,0.01894647,0.73766747
-3.95297649,4.68129245,0.32640983,1.16845552,0.80573698,2.21488273,0.00139768,0.33429654,0.01787195,0.75388238
-3.94697349,4.74227688,0.32521273,1.18453033,0.79846235,2.25067806,0.00139368,0.33189646,0.01710336,0.77117322
-3.94097049,4.80893577,0.32385036,1.20006274,0.79073217,2.29070186,0.00140201,0.33054397,0.01661039,0.78948608
-3.93496748,4.88127585,0.32243065,1.21527548,0.78271733,2.33481567,0.00142268,0.33018133,0.01636178,0.80876323
-3.92896448,4.95928649,0.32106358,1.23041169,0.77460412,2.38284089,0.00145583,0.33074839,0.01632595,0.82894292
-3.92296148,5.04293145,0.31985701,1.24573213,0.76658716,2.43455519,0.00150174,0.33218151,0.01647153,0.84996037
-3.91695848,5.13214834,0.31891316,1.26151395,0.75886353,2.48969312,0.00156084,0.33441281,0.01676779,0.87175015
-3.91095548,5.22685614,0.31832603,1.27805092,0.75162847,2.54795144,0.00163371,0.33736996,0.01718504,0.89424972
-3.90495248,5.32697024,0.31817969,1.29565474,0.74507277,2.60899894,0.00172107,0.34097639,0.01769504,0.91740410
-3.89894947,5.43242371,0.31854758,1.31465685,0.73938173,2.67249045,0.00182376,0.34515221,0.01827126,0.94117133
-3.89294647,5.54319261,0.31949261,1.33541005,0.73473555,2.73808415,0.00194277,0.34981542,0.01888925,0.96552817
-3.88694347,5.65932285,0.32106806,1.35828912,0.73131075,2.80546100,0.00207918,0.35488366,0.01952688,0.99047566
-3.88094047,5.78095572,0.32331890,1.38368971,0.72928224,2.87434518,0.00223418,0.36027606,0.02016460,1.01604387
-3.87493747,5.90834925,0.32628365,1.41202472,0.72882562,2.94452396,0.00240899,0.36591533,0.02078567,1.04229546
-3.86893447,6.04189272,0.32999620,1.44371779,0.73011914,3.01586581,0.00260488,0.37172966,0.02137633,1.06932740
-3.86293147,6.18211231,0.33448772,1.47919335,0.73334493,3.08833540,0.00282312,0.37765453,0.02192593,1.09727070
-3.85692846,6.32966631,0.33978822,1.51886335,0.73868915,3.16200468,0.00306494,0.38363418,0.02242701,1.12628772
-3.85092546,6.48532929,0.34592778,1.56311072,0.74634082,3.23705916,0.00333148,0.38962263,0.02287529,1.15656720
-3.84492246,6.64996541,0.35293728,1.61227031,0.75648910,3.31379906,0.00362375,0.39558437,0.02326956,1.18831697
-3.83891946,6.82449178,0.36084855,1.66660780,0.76931907,3.39263527,0.00394261,0.40149444,0.02361157,1.22175466
-3.83291646,7.00983369,0.36969397,1.72629780,0.78500605,3.47408030,0.00428869,0.40733814,0.02390576,1.25709687
-3.82691346,7.20687394,0.37950554,1.79140232,0.80370883,3.55873466,0.00466237,0.41311027,0.02415890,1.29454732
-3.82091046,7.41639903,0.39031335,1.86185076,0.82556181,3.64726933,0.00506370,0.41881395,0.02437977,1.33428446
-3.81490745,7.63904510,0.40214378,1.93742282,0.85066679,3.74040499,0.00549244,0.42445916,0.02457861,1.37644941
-3.80890445,7.87524642,0.41501731,2.01773548,0.87908450,3.83888898,0.00594792,0.43006097,0.02476668,1.42113465
-3.80290145,8.12518917,0.42894609,2.10223516,0.91082657,3.94347059,0.00642911,0.43563757,0.02495567,1.46837412
-3.79689845,8.38877283,0.44393154,2.19019587,0.94584812,4.05487562,0.00693452,0.44120816,0.02515717,1.51813524
-3.79089545,8.66558082,0.45996181,2.28072379,0.98404155,4.17378085,0.00746221,0.44679069,0.02538214,1.57031315
-3.78489245,8.95486185,0.47700950,2.37276870,1.02523182,4.30078894,0.00800975,0.45239961,0.02564037,1.62472747
-3.77888944,9.25552243,0.49502947,2.46514192,1.06917339,4.43640463,0.00857425,0.45804357,0.02594001,1.68112164
-3.77288644,9.56613089,0.51395702,2.55654051,1.11554921,4.58101239,0.00915230,0.46372319,0.02628720,1.73916481
-3.76688344,9.88493236,0.53370636,2.64557681,1.16397179,4.73485635,0.00974001,0.46942894,0.02668572,1.79845624
-3.76088044,10.20987409,0.55416959,2.73081234,1.21398639,4.89802290,0.01033301,0.47513924,0.02713677,1.85853177
-3.75487744,10.53864002,0.57521610,2.81079488,1.26507648,5.07042637,0.01092645,0.48081875,0.02763887,1.91887223
-3.74887444,10.86869328,0.59669258,2.88409726,1.31667116,5.25179860,0.01151505,0.48641715,0.02818778,1.97891334
-3.74287144,11.19732530,0.61842360,2.94935640,1.36815460,5.44168262,0.01209312,0.49186828,0.02877664,2.03805675
-3.73686843,11.52170991,0.64021287,3.00531119,1.41887719,5.63943104,0.01265466,0.49708991,0.02939612,2.09568179
-3.73086543,11.83896106,0.66184517,3.05083769,1.46816813,5.84420965,0.01319338,0.50198417,0.03003472,2.15115768
-3.72486243,12.14619250,0.68308902,3.08498055,1.51534917,6.05500618,0.01370281,0.50643872,0.03067913,2.20385570
-3.71885943,12.44057783,0.70370000,3.10697929,1.55974914,6.27064447,0.01417644,0.51032867,0.03131466,2.25316118
-3.71285643,12.71940936,0.72342480,3.11628876,1.60071873,6.48980372,0.01460781,0.51351934,0.03192570,2.29848495
-3.70685343,12.98015424,0.74200585,3.11259304,1.63764527,6.71104237,0.01499066,0.51586978,0.03249629,2.33927410
-3.70085043,13.22050605,0.75918642,3.09581240,1.66996686,6.93282573,0.01531911,0.51723685,0.03301063,2.37502175
-3.69484742,13.43843036,0.77471615,3.06610322,1.69718550,7.15355643,0.01558780,0.51747999,0.03345359,2.40527583
-3.68884442,13.63220281,0.78835675,3.02385102,1.71887865,7.37160630,0.01579206,0.51646623,0.03381125,2.42964665
-3.68284142,13.80043815,0.79988772,2.96965699,1.73470897,7.58534842,0.01592809,0.51407535,0.03407133,2.44781308
-3.67683842,13.94210936,0.80911186,2.90431863,1.74443173,7.79318786,0.01599310,0.51020495,0.03422361,2.45952753
-3.67083542,14.05655587,0.81586044,2.82880536,1.74789964,7.99358974,0.01598546,0.50477511,0.03426022,2.46461936
-3.66483242,14.14348076,0.81999765,2.74422998,1.74506508,8.18510363,0.01590482,0.49773249,0.03417593,2.46299696
-3.65882941,14.20293706,0.82142438,2.65181715,1.73597941,8.36638328,0.01575217,0.48905356,0.03396825,2.45464841
-3.65282641,14.23530397,0.82008094,2.55287005,1.72078961,8.53620149,0.01552994,0.47874676,0.03363749,2.43964076
-3.64682341,14.24125453,0.81594884,2.44873629,1.69973243,8.69345988,0.01524195,0.46685356,0.03318673,2.41811820
-3.64082041,14.22171641,0.80905139,2.34077442,1.67312617,8.83719421,0.01489343,0.45344828,0.03262166,2.39029891
-3.63481741,14.17782866,0.79945320,2.23032195,1.64136065,8.96657608,0.01449093,0.43863658,0.03195040,2.35647117
-3.62881441,14.11089680,0.78725868,2.11866612,1.60488582,9.08091213,0.01404222,0.42255293,0.03118318,2.31698856
-3.62281141,14.02234938,0.77260950,2.00701806,1.56419942,9.17964225,0.01355615,0.40535686,0.03033202,2.27226457
-3.61680840,13.91369869,0.75568130,1.89649115,1.51983434,9.26233828,0.01304245,0.38722846,0.02941041,2.22276688
-3.61080540,13.78650830,0.73667979,1.78808420,1.47234616,9.32870448,0.01251159,0.36836319,0.02843285,2.16901131
-3.60480240,13.64236929,0.71583633,1.68266954,1.42230136,9.37858106,0.01197450,0.34896630,0.02741454,2.11155569
-3.59879940,13.48288669,0.69340338,1.58098632,1.37026662,9.41195139,0.01144238,0.32924714,0.02637098,2.05099366
-3.59279640,13.30967645,0.66964988,1.48363874,1.31679953,9.42895311,0.01092650,0.30941358,0.02531767,1.98794856
-3.58679340,13.12437265,0.64485674,1.39109906,1.26244091,9.42989291,0.01043791,0.28966683,0.02426983,1.92306730
-3.58079040,12.92864364,0.61931270,1.30371481,1.20770889,9.41526383,0.00998730,0.27019681,0.02324217,1.85701423
-3.57478739,12.72421481,0.59331058,1.22171956,1.15309469,9.38576368,0.00958475,0.25117826,0.02224877,1.79046498
-3.56878439,12.51289529,0.56714399,1.14524660,1.09905999,9.34231255,0.00923959,0.23276775,0.02130294,1.72410008
-3.56278139,12.29660503,0.54110463,1.07434464,1.04603579,9.28606722,0.00896022,0.21510148,0.02041725,1.65859837
-3.55677839,12.07739888,0.51548007,1.00899465,0.99442233,9.21842981,0.00875401,0.19829411,0.01960354,1.59463007
-3.55077539,11.85748384,0.49055200,0.94912717,0.94458991,9.14104866,0.00862713,0.18243842,0.01887299,1.53284945
-3.54477239,11.63922650,0.46659495,0.89463905,0.89688023,9.05580911,0.00858455,0.16760567,0.01823628,1.47388714
-3.53876938,11.42514792,0.44387528,0.84540911,0.85160793,8.96481289,0.00862989,0.15384680,0.01770371,1.41834211
-3.53276638,11.21790423,0.42265041,0.80131206,0.80906208,8.87034510,0.00876542,0.14119398,0.01728537,1.36677333
-3.52676338,11.02025218,0.40316817,0.76223014,0.76950738,8.77482893,0.00899204,0.12966267,0.01699134,1.31969148
-3.52076038,10.83499999,0.38566609,0.72806221,0.73318486,8.68076876,0.00930927,0.11925385,0.01683179,1.27755073
-3.51475738,10.66494500,0.37037067,0.69873007,0.70031199,8.59068361,0.00971525,0.10995637,0.01681711,1.24074093
-3.50875438,10.51280058,0.35749636,0.67418195,0.67108222,8.50703321,0.01020678,0.10174929,0.01695801,1.20958061
-3.50275138,10.38111582,0.34724429,0.65439327,0.64566390,8.43214020,0.01077939,0.09460400,0.01726554,1.18431088
-3.49674837,10.27219197,0.33980071,0.63936483,0.62419861,8.36811190,0.01142740,0.08848619,0.01775103,1.16509071
-3.49074537,10.18800022,0.33533496,0.62911879,0.60679917,8.31676577,0.01214400,0.08335751,0.01842604,1.15199377
-3.48474237,10.13010534,0.33399712,0.62369265,0.59354737,8.27956249,0.01292142,0.07917692,0.01930214,1.14500701
-3.47873937,10.09959961,0.33591529,0.62313180,0.58449157,8.25755031,0.01375101,0.07590166,0.02039075,1.14403118
-3.47273637,10.09705090,0.34119253,0.62748100,0.57964441,8.25132390,0.01462346,0.07348799,0.02170280,1.14888330
-3.46673337,10.12246796,0.34990347,0.63677523,0.57898071,8.26100016,0.01552894,0.07189159,0.02324842,1.15930100
-3.46073037,10.17528521,0.36209083,0.65103035,0.58243576,8.28621253,0.01645735,0.07106764,0.02503655,1.17494878
-3.45472736,10.25436794,0.37776183,0.67023403,0.58990408,8.32612438,0.01739855,0.07097081,0.02707456,1.19542571
-3.44872436,10.35803802,0.39688471,0.69433721,0.60123874,8.37946100,0.01834258,0.07155502,0.02936778,1.22027450
-3.44272136,10.48411888,0.41938546,0.72324654,0.61625135,8.44455874,0.01927993,0.07277309,0.03191916,1.24899157
-3.43671836,10.62999761,0.44514501,0.75681800,0.63471265,8.51942894,0.02020175,0.07457640,0.03472883,1.28103762
-3.43071536,10.79270119,0.47399700,0.79485197,0.65635385,8.60183354,0.02110016,0.07691448,0.03779379,1.31584853
-3.42471236,10.96898324,0.50572638,0.83708984,0.68086870,8.68936868,0.02196840,0.07973471,0.04110761,1.35284599
-3.41870935,11.15541722,0.54006892,0.88321241,0.70791614,8.77955234,0.02280108,0.08298209,0.04466027,1.39144769
-3.41270635,11.34849203,0.57671198,0.93284003,0.73712374,8.86991203,0.02359425,0.08659910,0.04843800,1.43107669
-3.40670335,11.54470586,0.61529642,0.98553450,0.76809172,8.95806864,0.02434557,0.09052573,0.05242331,1.47116976
-3.40070035,11.74065474,0.65541990,1.04080274,0.80039762,9.04181278,0.02505431,0.09469972,0.05659507,1.51118456
-3.39469735,11.93311241,0.69664165,1.09810211,0.83360158,9.11917100,0.02572129,0.09905684,0.06092873,1.55060550
-3.38869435,12.11909925,0.73848849,1.15684720,0.86725212,9.18845921,0.02634883,0.10353151,0.06539661,1.58894835
-3.38269135,12.29593820,0.78046221,1.21641804,0.90089241,9.24832212,0.02694052,0.10805744,0.06996832,1.62576370
-3.37668834,12.46129684,0.82204806,1.27616936,0.93406697,9.29775772,0.02750099,0.11256851,0.07461124,1.66063919
-3.37068534,12.61321535,0.86272420,1.33544074,0.96632865,9.33612704,0.02803560,0.11699976,0.07929108,1.69320094
-3.36468234,12.75012070,0.90197183,1.39356745,0.99724587,9.36314968,0.02855008,0.12128845,0.08397253,1.72311422
-3.35867934,12.87082809,0.93928565,1.44989156,1.02640984,9.37888671,0.02905014,0.12537525,0.08861985,1.75008359
-3.35267634,12.97453119,0.97418450,1.50377323,1.05344182,9.38371240,0.02954102,0.12920542,0.09319761,1.77385276
-3.34667334,13.06078299,1.00622162,1.55460181,1.07799999,9.37827721,0.03002718,0.13273005,0.09767132,1.79420442
-3.34067034,13.12946917,1.03499442,1.60180650,1.09978605,9.36346405,0.03051184,0.13590720,0.10200812,1.81096007
-3.33466733,13.18077625,1.06015329,1.64486645,1.11855116,9.34034033,0.03099671,0.13870300,0.10617745,1.82398022
-3.32866433,13.21515638,1.08140935,1.68332007,1.13410116,9.31010796,0.03148174,0.14109268,0.11015162,1.83316480
-3.32266133,13.23329078,1.09854080,1.71677333,1.14630085,9.27405340,0.03196499,0.14306138,0.11390644,1.83845410
-3.31665833,13.23605334,1.11139773,1.74490707,1.15507730,9.23349964,0.03244259,0.14460486,0.11742175,1.83983000
-3.31065533,13.22447584,1.11990538,1.76748305,1.16042197,9.18976145,0.03290884,0.14573000,0.12068190,1.83731761
-3.30465233,13.19971565,1.12406566,1.78434881,1.16239160,9.14410543,0.03335640,0.14645501,0.12367619,1.83098712
-3.29864932,13.16302669,1.12395710,1.79544112,1.16110786,9.09771533,0.03377664,0.14680953,0.12639927,1.82095572
-3.29264632,13.11573383,1.11973308,1.80078807,1.15675558,9.05166347,0.03416006,0.14683438,0.12885139,1.80738937
-3.28664332,13.05921076,1.11161859,1.80050965,1.14957981,9.00688842,0.03449681,0.14658108,0.13103868,1.79050422
-3.28064032,12.99486110,1.09990550,1.79481668,1.13988140,8.96417887,0.03477724,0.14611110,0.13297319,1.77056734
-3.27463732,12.92410198,1.08494650,1.78400821,1.12801145,8.92416358,0.03499254,0.14549485,0.13467291,1.74789655
-3.26863432,12.84834959,1.06714781,1.76846695,1.11436445,8.88730684,0.03513529,0.14481036,0.13616158,1.72285898
-3.26263132,12.76900575,1.04696076,1.74865303,1.09937031,8.85390914,0.03520005,0.14414175,0.13746837,1.69586822
-3.25662831,12.68744466,1.02487236,1.72509574,1.08348531,8.82411212,0.03518379,0.14357737,0.13862735,1.66737969
-3.25062531,12.60499900,1.00139503,1.69838331,1.06718215,8.79790736,0.03508630,0.14320777,0.13967675,1.63788424
-3.24462231,12.52294464,0.97705552,1.66915091,1.05093910,8.77514809,0.03491039,0.14312338,0.14065804,1.60789979
-3.23861931,12.44248353,0.95238328,1.63806673,1.03522863,8.75556315,0.03466201,0.14341209,0.14161475,1.57796108
-3.23261631,12.36472442,0.92789840,1.60581654,1.02050552,8.73877246,0.03435013,0.14415660,0.14259115,1.54860765
-3.22661331,12.29066139,0.90409935,1.57308695,1.00719484,8.72430336,0.03398657,0.14543176,0.14363070,1.52037037
-3.22061031,12.22115069,0.88145077,1.54054780,0.99568001,8.71160714,0.03358555,0.14730189,0.14477444,1.49375678
-3.21460730,12.15688643,0.86037169,1.50883420,0.98629138,8.70007532,0.03316324,0.14981812,0.14605921,1.46923589
-3.20860430,12.09837612,0.84122438,1.47852870,0.97929562,8.68905529,0.03273706,0.15301597,0.14751595,1.44722284
-3.20260130,12.04591756,0.82430433,1.45014443,0.97488628,8.67786495,0.03232504,0.15691318,0.14916796,1.42806426
-3.19659830,11.99957830,0.80983175,1.42410972,0.97317610,8.66580637,0.03194505,0.16150786,0.15102939,1.41202488
-3.19059530,11.95917956,0.79794483,1.40075500,0.97419140,8.65217830,0.03161407,0.16677718,0.15310390,1.39927625
-3.18459230,11.92428627,0.78869533,1.38030253,0.97786877,8.63628787,0.03134747,0.17267664,0.15538363,1.38988800
-3.17858929,11.89420470,0.78204664,1.36285962,0.98405475,8.61746155,0.03115838,0.17913993,0.15784852,1.38382258
-3.17258629,11.86798932,0.77787465,1.34841567,0.99250828,8.59505583,0.03105716,0.18607963,0.16046613,1.38093350
-3.16658329,11.84445967,0.77597149,1.33684339,1.00290648,8.56846786,0.03105102,0.19338858,0.16319184,1.38096785
-3.16058029,11.82222805,0.77605221,1.32790425,1.01485345,8.53714649,0.03114370,0.20094207,0.16596963,1.38357282
-3.15457729,11.79973801,0.77776420,1.32125814,1.02789210,8.50060396,0.03133541,0.20860081,0.16873335,1.38830640
-3.14857429,11.77531296,0.78069924,1.31647678,1.04151867,8.45842837,0.03162289,0.21621453,0.17140840,1.39465186
-3.14257129,11.74721379,0.78440762,1.31306062,1.05519945,8.41029698,0.03199952,0.22362622,0.17391394,1.40203547
-3.13656828,11.71370346,0.78841392,1.31045833,1.06838919,8.35599004,0.03245573,0.23067680,0.17616539,1.40984689
-3.13056528,11.67311622,0.79223387,1.30808820,1.08055043,8.29540486,0.03297935,0.23721004,0.17807720,1.41746124
-3.12456228,11.62392838,0.79539150,1.30536051,1.09117296,8.22856939,0.03355611,0.24307766,0.17956585,1.42426201
-3.11855928,11.56482740,0.79743598,1.30169993,1.09979260,8.15565461,0.03417023,0.24814419,0.18055277,1.42966363
-3.11255628,11.49477588,0.79795735,1.29656686,1.10600842,8.07698465,0.03480492,0.25229163,0.18096728,1.43313288
-3.10655328,11.41306693,0.79660058,1.28947699,1.10949761,7.99304378,0.03544298,0.25542350,0.18074928,1.43420788
-3.10055028,11.31936808,0.79307720,1.28001809,1.11002731,7.90447925,0.03606726,0.25746816,0.17985158,1.43251404
-3.09454727,11.21375088,0.78717427,1.26786345,1.10746280,7.81209910,0.03666117,0.25838136,0.17824186,1.42777611
-3.08854427,11.09670438,0.77876006,1.25278148,1.10177165,7.71686428,0.03720903,0.25814767,0.17590404,1.41982583
-3.08254127,10.96913144,0.76778652,1.23464116,1.09302365,7.61987478,0.03769637,0.25678095,0.17283913,1.40860495
-3.07653827,10.83232759,0.75428840,1.21341326,1.08138654,7.52234970,0.03811018,0.25432366,0.16906543,1.39416352
-3.07053527,10.68794337,0.73837914,1.18916752,1.06711765,7.42560161,0.03843904,0.25084521,0.16461813,1.37665374
-3.06453227,10.53793181,0.72024395,1.16206600,1.05055209,7.33100603,0.03867319,0.24643930,0.15954829,1.35631971
-3.05852926,10.38448363,0.70013037,1.13235334,1.03208789,7.23996719,0.03880457,0.24122042,0.15392127,1.33348378
-3.05252626,10.22995351,0.67833701,1.10034421,1.01216900,7.15388146,0.03882679,0.23531972,0.14781474,1.30853032
-3.04652326,10.07678115,0.65520086,1.06640903,0.99126690,7.07410018,0.03873507,0.22888045,0.14131624,1.28188773
-3.04052026,9.92741108,0.63108404,1.03095849,0.96986180,7.00189376,0.03852622,0.22205311,0.13452056,1.25400972
-3.03451726,9.78421546,0.60636046,0.99442769,0.94842431,6.93841892,0.03819855,0.21499065,0.12752688,1.22535679
-3.02851426,9.64942338,0.58140296,0.95726066,0.92739842,6.88469064,0.03775186,0.20784382,0.12043593,1.19637871
-3.02251126,9.52506023,0.55657165,0.91989589,0.90718656,6.84156055,0.03718739,0.20075700,0.11334730,1.16749894
-3.01650825,9.41289977,0.53220365,0.88275335,0.88813735,6.80970279,0.03650783,0.19386453,0.10635682,1.13910145
-3.01050525,9.31443065,0.50860469,0.84622348,0.87053654,6.78960817,0.03571732,0.18728776,0.09955435,1.11152046
-3.00450225,9.23083862,0.48604271,0.81065834,0.85460123,6.78158694,0.03482145,0.18113294,0.09302186,1.08503346
-2.99849925,9.16300434,0.46474364,0.77636514,0.84047773,6.78578005,0.03382730,0.17548988,0.08683195,1.05985730
-2.99249625,9.11151627,0.44488920,0.74360211,0.82824262,6.80217830,0.03274342,0.17043142,0.08104681,1.03614759
-2.98649325,9.07669690,0.42661664,0.71257653,0.81790695,6.83064831,0.03157980,0.16601368,0.07571763,1.01400086
-2.98049025,9.05864028,0.41002034,0.68344490,0.80942312,6.87096399,0.03034780,0.16227701,0.07088440,0.99345920
-2.97448724,9.05725833,0.39515473,0.65631477,0.80269371,6.92284190,0.02906008,0.15924742,0.06657616,0.97451685
-2.96848424,9.07233267,0.38203850,0.63124803,0.79758198,6.98597860,0.02773041,0.15693846,0.06281156,0.95712823
-2.96248124,9.10356919,0.37065947,0.60826536,0.79392302,7.06008833,0.02637347,0.15535333,0.05959964,0.94121668
-2.95647824,9.15065224,0.36098012,0.58735135,0.79153526,7.14493895,0.02500464,0.15448711,0.05694093,0.92668358
-2.95047524,9.21329551,0.35294306,0.56846006,0.79023145,7.24038455,0.02363968,0.15432884,0.05482856,0.91341714
-2.94447224,9.29128729,0.34647649,0.55152077,0.78982880,7.34639329,0.02229442,0.15486351,0.05324950,0.90130047
-2.93846923,9.38452786,0.34149922,0.53644356,0.79015774,7.46306900,0.02098446,0.15607368,0.05218574,0.89021867
-2.93246623,9.49305762,0.33792504,0.52312453,0.79106895,7.59066579,0.01972484,0.15794076,0.05161543,0.88006455
-2.92646323,9.61707479,0.33566641,0.51145058,0.79243862,7.72959491,0.01852974,0.16044574,0.05151384,0.87074293
-2.92046023,9.75694224,0.33463724,0.50130354,0.79417164,7.88042353,0.01741221,0.16356960,0.05185425,0.86217346
-2.91445723,9.91318350,0.33475483,0.49256364,0.79620298,8.04386561,0.01638395,0.16729316,0.05260856,0.85429196
-2.90845423,10.08646840,0.33594095,0.48511222,0.79849718,8.22076507,0.01545517,0.17159661,0.05374781,0.84705051
-2.90245123,10.27758925,0.33812206,0.47883386,0.80104628,8.41207187,0.01463450,0.17645860,0.05524241,0.84041636
-2.89644822,10.48742893,0.34122886,0.47361771,0.80386651,8.61881197,0.01392896,0.18185518,0.05706232,0.83436998
-2.89044522,10.71692226,0.34519527,0.46935829,0.80699387,8.84205221,0.01334402,0.18775849,0.05917699,0.82890249
-2.88444222,10.96701257,0.34995693,0.46595582,0.81047912,9.08286120,0.01288372,0.19413551,0.06155531,0.82401268
-2.87843922,11.23860513,0.35544945,0.46331606,0.81438235,9.34226780,0.01255084,0.20094672,0.06416543,0.81970398
-2.87243622,11.53251949,0.36160658,0.46134992,0.81876754,9.62121840,0.01234710,0.20814512,0.06697458,0.81598148
-2.86643322,11.84944246,0.36835843,0.45997278,0.82369729,9.92053454,0.01227341,0.21567533,0.06994897,0.81284930
-2.86043022,12.18988345,0.37562991,0.45910381,0.82922805,10.24087210,0.01233014,0.22347315,0.07305369,0.81030836
-2.85442721,12.55413380,0.38333954,0.45866527,0.83540588,10.58268353,0.01251729,0.23146548,0.07625282,0.80835475
-2.84842421,12.94223137,0.39139872,0.45858186,0.84226295,10.94618405,0.01283479,0.23957072,0.07950958,0.80697866
-2.84242121,13.35393149,0.39971160,0.45878032,0.84981489,11.33132305,0.01328258,0.24769953,0.08278666,0.80616395
-2.83641821,13.78868498,0.40817554,0.45918913,0.85805891,11.73776119,0.01386078,0.25575623,0.08604672,0.80588821
-2.83041521,14.24562374,0.41668218,0.45973856,0.86697269,12.16485393,0.01456975,0.26364042,0.08925300,0.80612338
-2.82441221,14.72355401,0.42511912,0.46036092,0.87651414,12.61164176,0.01541002,0.27124914,0.09237004,0.80683679
-2.81840920,15.22095710,0.43337220,0.46099100,0.88662172,13.07684702,0.01638225,0.27847925,0.09536450,0.80799233
-2.81240620,15.73599719,0.44132813,0.46156676,0.89721543,13.55887738,0.01748705,0.28523002,0.09820602,0.80955197
-2.80640320,16.26653538,0.44887752,0.46203008,0.90819835,14.05583538,0.01872478,0.29140585,0.10086808,0.81147715
-2.80040020,16.81014923,0.45591806,0.46232765,0.91945848,14.56553342,0.02009532,0.29691893,0.10332872,0.81373021
-2.79439720,17.36415674,0.46235773,0.46241177,0.93087104,15.08551377,0.02159774,0.30169189,0.10557125,0.81627554
-2.78839420,17.92564370,0.46811784,0.46224108,0.94230094,15.61307248,0.02323008,0.30566000,0.10758476,0.81908062
-2.78239120,18.49149349,0.47313579,0.46178115,0.95360544,16.14528661,0.02498901,0.30877322,0.10936436,0.82211663
-2.77638819,19.05841844,0.47736729,0.46100482,0.96463702,16.67904399,0.02686960,0.31099768,0.11091130,0.82535891
-2.77038519,19.62299200,0.48078811,0.45989235,0.97524620,17.21107483,0.02886514,0.31231662,0.11223274,0.82878701
-2.76438219,20.18168136,0.48339500,0.45843121,0.98528459,17.73798467,0.03096702,0.31273083,0.11334134,0.83238457
-2.75837919,20.73088019,0.48520597,0.45661571,0.99460785,18.25628840,0.03316464,0.31225844,0.11425454,0.83613905
-2.75237619,21.26694175,0.48625975,0.45444637,1.00307877,18.76244511,0.03544551,0.31093408,0.11499372,0.84004135
-2.74637319,21.78621245,0.48661454,0.45192914,1.01057034,19.25289382,0.03779537,0.30880757,0.11558311,0.84408542
-2.74037019,22.28506653,0.48634606,0.44907456,1.01696887,19.72409037,0.04019846,0.30594200,0.11604866,0.84826811
-2.73436718,22.75994238,0.48554507,0.44589690,1.02217709,20.17254544,0.04263782,0.30241150,0.11641688,0.85258912
-2.72836418,23.20738126,0.48431448,0.44241345,1.02611724,20.59486436,0.04509578,0.29829869,0.11671361,0.85705137
-2.72236118,23.62406877,0.48276614,0.43864393,1.02873409,20.98778866,0.04755440,0.29369193,0.11696304,0.86166170
-2.71635818,24.00687964,0.48101766,0.43461024,1.02999778,21.34823963,0.04999603,0.28868258,0.11718677,0.86643204
-2.71035518,24.35292584,0.47918927,0.43033647,1.02990651,21.67336378,0.05240388,0.28336234,0.11740317,0.87138095
-2.70435218,24.65960757,0.47740089,0.42584925,1.02848884,21.96057980,0.05476259,0.27782080,0.11762693,0.87653555
-2.69834917,24.92466662,0.47576973,0.42117849,1.02580548,22.20762656,0.05705874,0.27214325,0.11786897,0.88193374
-2.69234617,25.14624047,0.47440833,0.41635828,1.02195052,22.41261079,0.05928132,0.26640901,0.11813656,0.88762652
-2.68634317,25.32291579,0.47342312,0.41142814,1.01705187,22.57405348,0.06142218,0.26069007,0.11843374,0.89368035
-2.68034017,25.45377870,0.47291374,0.40643425,1.01127068,22.69093304,0.06347626,0.25505020,0.11876199,0.90017911
-2.67433717,25.53845960,0.47297272,0.40143071,1.00479982,22.76272338,0.06544180,0.24954459,0.11912102,0.90722571
-2.66833417,25.57716943,0.47368579,0.39648057,0.99786101,22.78942476,0.06732035,0.24421978,0.11950975,0.91494289
-2.66233117,25.57072464,0.47513247,0.39165662,0.99070077,22.77158528,0.06911669,0.23911399,0.11992727,0.92347300
-2.65632816,25.52055793,0.47738684,0.38704156,0.98358504,22.71031068,0.07083858,0.23425767,0.12037374,0.93297663
-2.65032516,25.42871218,0.48051837,0.38272767,0.97679250,22.60726062,0.07249635,0.22967422,0.12085125,0.94362980
-2.64432216,25.29781544,0.48459249,0.37881576,0.97060681,22.46462979,0.07410241,0.22538075,0.12136440,0.95561970
-2.63831916,25.13103554,0.48967085,0.37541330,0.96530769,22.28511256,0.07567062,0.22138886,0.12192067,0.96913879
-2.63231616,24.93201360,0.49581097,0.37263183,0.96116148,22.07185072,0.07721558,0.21770525,0.12253051,0.98437752
-2.62631316,24.70477692,0.50306525,0.37058361,0.95841104,21.82836443,0.07875181,0.21433222,0.12320708,1.00151552
-2.62031016,24.45363234,0.51147921,0.36937756,0.95726577,21.55846729,0.08029296,0.21126797,0.12396568,1.02071182
-2.61430715,24.18304289,0.52108898,0.36911474,0.95789185,21.26616731,0.08185098,0.20850665,0.12482290,1.04209419
-2.60830415,23.89749104,0.53191799,0.36988348,0.96040340,20.95555651,0.08343526,0.20603830,0.12579549,1.06574814
-2.60230115,23.60133329,0.54397312,0.37175434,0.96485468,20.63069247,0.08505191,0.20384856,0.12689908,1.09170609
-2.59629815,23.29865166,0.55724040,0.37477525,0.97123412,20.29547617,0.08670309,0.20191839,0.12814672,1.11993717
-2.59029515,22.99310804,0.57168048,0.37896697,0.97946026,19.95353066,0.08838641,0.20022368,0.12954746,1.15033840
-2.58429215,22.68780829,0.58722434,0.38431927,0.98938002,19.60808593,0.09009456,0.19873502,0.13110492,1.18272763
-2.57828914,22.38518251,0.60376928,0.39078793,1.00076952,19.26187511,0.09181502,0.19741756,0.13281614,1.21683893
-2.57228614,22.08688816,0.62117586,0.39829287,1.01333759,18.91704724,0.09353006,0.19623113,0.13467057,1.25232081
-2.56628314,21.79374176,0.63926580,0.40671758,1.02673197,18.57510140,0.09521683,0.19513065,0.13664940,1.28873771
-2.56028014,21.50568400,0.65782143,0.41590991,1.04054795,18.23684640,0.09684778,0.19406681,0.13872540,1.32557492
-2.55427714,21.22178199,0.67658667,0.42568439,1.05433956,17.90238895,0.09839120,0.19298719,0.14086301,1.36224709
-2.54827414,20.94027039,0.69526990,0.43582598,1.06763257,17.57115253,0.09981203,0.19183762,0.14301904,1.39811018
-2.54227114,20.65863172,0.71354871,0.44609516,1.07993919,17.24192726,0.10107287,0.19056391,0.14514371,1.43247666
-2.53626813,20.37371396,0.73107645,0.45623437,1.09077375,16.91294998,0.10213510,0.18911377,0.14718218,1.46463343
-2.53026513,20.08188175,0.74749061,0.46597534,1.09966896,16.58201190,0.10296018,0.18743898,0.14907638,1.49386204
-2.52426213,19.77919545,0.76242260,0.47504733,1.10619196,16.24658983,0.10351104,0.18549755,0.15076716,1.51946033
-2.51825913,19.46161096,0.77550870,0.48318570,1.10995976,15.90399555,0.10375350,0.18325589,0.15219665,1.54076473
-2.51225613,19.12519165,0.78640179,0.49014068,1.11065328,15.55153687,0.10365764,0.18069085,0.15331069,1.55717241
-2.50625313,18.76632284,0.79478322,0.49568586,1.10802961,15.18668297,0.10319917,0.17779155,0.15406123,1.56816229
-2.50025013,18.38191909,0.80037457,0.49962612,1.10193199,14.80722628,0.10236061,0.17456081,0.15440869,1.57331403
-2.49424712,17.96961438,0.80294849,0.50180463,1.09229702,14.41143309,0.10113229,0.17101626,0.15432400,1.57232427
-2.48824412,17.52792605,0.80233834,0.50210868,1.07915904,13.99817558,0.09951307,0.16719090,0.15379042,1.56501938
-2.48224112,17.05638453,0.79844602,0.50047403,1.06265124,13.56703860,0.09751087,0.16313316,0.15280489,1.55136420
-2.47623812,16.55562230,0.79124775,0.49688767,1.04300378,13.11839587,0.09514282,0.15890652,0.15137898,1.53146629
-2.47023512,16.02741770,0.78079731,0.49138883,1.02053868,12.65345172,0.09243504,0.15458841,0.14953935,1.50557573
-2.46423212,15.47469110,0.76722682,0.48406828,0.99566191,12.17424615,0.08942220,0.15026878,0.14732769,1.47408021
-2.45822911,14.90145351,0.75074468,0.47506584,0.96885278,11.68362285,0.08614666,0.14604811,0.14480018,1.43749580
-2.45222611,14.31270964,0.73163101,0.46456637,0.94065106,11.18516153,0.08265735,0.14203499,0.14202651,1.39645375
-2.44622311,13.71431985,0.71023052,0.45279431,0.91164233,10.68307775,0.07900847,0.13834337,0.13908840,1.35168378
-2.44022011,13.11282704,0.68694324,0.44000700,0.88244188,10.18209489,0.07525787,0.13508959,0.13607785,1.30399458
-2.43421711,12.51525612,0.66221330,0.42648718,0.85367774,9.68729410,0.07146545,0.13238911,0.13309503,1.25425226
-2.42821411,11.92889465,0.63651636,0.41253479,0.82597346,9.20394889,0.06769139,0.13035329,0.13024603,1.20335752
-2.42221111,11.36106402,0.61034598,0.39845860,0.79993094,8.73735179,0.06399442,0.12908599,0.12764035,1.15222241
-2.41620810,10.81889043,0.58419959,0.38456778,0.77611399,8.29264032,0.06043021,0.12868039,0.12538850,1.10174735
-2.41020510,10.30908473,0.55856442,0.37116388,0.75503299,7.87462949,0.05704987,0.12921594,0.12359950,1.05279932
-2.40420210,9.83773934,0.53390398,0.35853341,0.73713112,7.48765739,0.05389870,0.13075548,0.12237852,1.00619169
-2.39819910,9.41014960,0.51064544,0.34694132,0.72277246,7.13544954,0.05101507,0.13334284,0.12182470,0.96266636
-2.39219610,9.03066528,0.48916843,0.33662547,0.71223239,6.82100681,0.04842975,0.13700070,0.12202912,0.92287868
-2.38619310,8.70257674,0.46979551,0.32779237,0.70569044,6.54652019,0.04616542,0.14172905,0.12307312,0.88738531
-2.38019010,8.42803854,0.45278459,0.32061420,0.70322585,6.31331471,0.04423655,0.14750415,0.12502681,0.85663541
-2.37418709,8.20803170,0.43832357,0.31522710,0.70481585,6.12182353,0.04264953,0.15427807,0.12794795,0.83096513
-2.36818409,8.04236450,0.42652717,0.31173089,0.71033690,5.97159173,0.04140315,0.16197894,0.13188118,0.81059539
-2.36218109,7.92971014,0.41743619,0.31018985,0.71956864,5.86130864,0.04048927,0.17051184,0.13685758,0.79563287
-2.35617809,7.86767844,0.41101890,0.31063475,0.73220062,5.78886635,0.03989377,0.17976044,0.14289451,0.78607392
-2.35017509,7.85291798,0.40717475,0.31306578,0.74784153,5.75144134,0.03959757,0.18958932,0.14999592,0.78181120
-2.34417209,7.88124381,0.40573992,0.31745621,0.76603071,5.74559549,0.03957788,0.19984694,0.15815287,0.78264260
-2.33816908,7.94778592,0.40649471,0.32375665,0.78625165,5.76739256,0.03980940,0.21036933,0.16734439,0.78828216
-2.33216608,8.04715260,0.40917229,0.33189953,0.80794705,5.81252557,0.04026558,0.22098424,0.17753861,0.79837243
-2.32616308,8.17360311,0.41346862,0.34180377,0.83053497,5.87645074,0.04091982,0.23151586,0.18869410,0.81249795
-2.32016008,8.32122377,0.41905311,0.35337911,0.85342569,5.95452344,0.04174655,0.24178976,0.20076139,0.83019925
-2.31415708,8.48410173,0.42557962,0.36653024,0.87603861,6.04213195,0.04272218,0.25163811,0.21368459,0.85098702
-2.30815408,8.65649106,0.43269741,0.38116017,0.89781876,6.13482476,0.04382585,0.26090488,0.22740301,0.87435592
-2.30215108,8.83296587,0.44006176,0.39717295,0.91825231,6.22842776,0.04503998,0.26945085,0.24185275,0.89979757
-2.29614807,9.00855600,0.44734379,0.41447550,0.93688060,6.31914792,0.04635057,0.27715830,0.25696814,0.92681248
-2.29014507,9.17886125,0.45423916,0.43297844,0.95331222,6.40366048,0.04774732,0.28393512,0.27268298,0.95492036
-2.28414207,9.34014082,0.46047555,0.45259593,0.96723273,6.47917737,0.04922342,0.28971821,0.28893144,0.98366870
-2.27813907,9.48937568,0.46581850,0.47324468,0.97841167,6.54349510,0.05077522,0.29447596,0.30564856,1.01263937
-2.27213607,9.62430223,0.47007559,0.49484194,0.98670671,6.59502097,0.05240164,0.29820974,0.32277042,1.04145311
-2.26613307,9.74341696,0.47309898,0.51730292,0.99206483,6.63277722,0.05410346,0.30095425,0.34023378,1.06977198
-2.26013007,9.84595258,0.47478615,0.54053758,0.99452048,6.65638366,0.05588249,0.30277668,0.35797528,1.09729972
-2.25412706,9.93182743,0.47507911,0.56444721,0.99419106,6.66601961,0.05774065,0.30377477,0.37593029,1.12378046
-2.24812406,10.00157088,0.47396213,0.58892097,0.99126974,6.66236734,0.05967905,0.30407365,0.39403131,1.14899582
-2.24212106,10.05622849,0.47145835,0.61383269,0.98601633,6.64653934,0.06169712,0.30382174,0.41220630,1.17276091
-2.23611806,10.09725151,0.46762539,0.63903822,0.97874633,6.61999277,0.06379183,0.30318576,0.43037671,1.19491966
-2.23011506,10.12637613,0.46255034,0.66437361,0.96981907,6.58443482,0.06595698,0.30234505,0.44845580,1.21533993
-2.22411206,10.14549805,0.45634456,0.68965429,0.95962518,6.54172295,0.06818277,0.30148547,0.46634696,1.23390884
-2.21810905,10.15654852,0.44913831,0.71467555,0.94857432,6.49376451,0.07045545,0.30079318,0.48394264,1.25052884
-2.21210605,10.16137749,0.44107579,0.73921437,0.93708346,6.44241989,0.07275735,0.30044839,0.50112375,1.26511487
-2.20610305,10.16164956,0.43231065,0.76303259,0.92556637,6.38941349,0.07506696,0.30061959,0.51775986,1.27759289
-2.20010005,10.15875736,0.42300215,0.78588154,0.91442481,6.33625619,0.07735933,0.30145833,0.53371016,1.28790007
-2.19409705,10.15375629,0.41331223,0.80750788,0.90404154,6.28418247,0.07960673,0.30309491,0.54882539,1.29598661
-2.18809405,10.14732320,0.40340333,0.82766052,0.89477552,6.23410478,0.08177934,0.30563502,0.56295072,1.30181918
-2.18209105,10.13974050,0.39343707,0.84609826,0.88695924,6.18658653,0.08384617,0.30915760,0.57592933,1.30538569
-2.17608804,10.13090557,0.38357371,0.86259794,0.88089818,6.14183446,0.08577609,0.31371392,0.58760695,1.30670119
-2.17008504,10.12036404,0.37397211,0.87696255,0.87687204,6.09970997,0.08753880,0.31932792,0.59783672,1.30581423
-2.16408204,10.10736401,0.36479009,0.88902902,0.87513739,6.05975804,0.08910591,0.32599766,0.60648462,1.30281330
-2.15807904,10.09092750,0.35618501,0.89867515,0.87593142,6.02125158,0.09045181,0.33369788,0.61343470,1.29783263
-2.15207604,10.06993383,0.34831414,0.90582532,0.87947595,5.98324810,0.09155456,0.34238339,0.61859429,1.29105684
-2.14607304,10.04320969,0.34133482,0.91045466,0.88598140,5.94465521,0.09239655,0.35199306,0.62189844,1.28272372
-2.14007004,10.00961975,0.33540400,0.91259125,0.89564984,5.90430095,0.09296499,0.36245414,0.62331367,1.27312468
-2.13406703,9.96815209,0.33067708,0.91231631,0.90867676,5.86100489,0.09325217,0.37368668,0.62284052,1.26260251
-2.12806403,9.91799292,0.32730595,0.90976206,0.92525091,5.81364586,0.09325559,0.38560761,0.62051476,1.25154605
-2.12206103,9.85858595,0.32543601,0.90510744,0.94555189,5.76122279,0.09297777,0.39813435,0.61640715,1.24038178
-2.11605803,9.78967267,0.32520245,0.89857170,0.96974532,5.70290539,0.09242594,0.41118761,0.61062171,1.22956232
-2.11005503,9.71131121,0.32672556,0.89040611,0.99797531,5.63807235,0.09161152,0.42469322,0.60329240,1.21955221
-2.10405203,9.62387278,0.33010548,0.88088412,1.03035471,5.56633535,0.09054948,0.43858293,0.59457850,1.21081139
-2.09804902,9.52801619,0.33541650,0.87029046,1.06695314,5.48754832,0.08925763,0.45279396,0.58465874,1.20377699
-2.09204602,9.42464240,0.34270113,0.85890957,1.10778359,5.40180220,0.08775575,0.46726766,0.57372461,1.19884428
-2.08604302,9.31483240,0.35196441,0.84701411,1.15278821,5.30940627,0.08606484,0.48194705,0.56197302,1.19634763
-2.08004002,9.19977284,0.36316874,0.83485384,1.20182414,5.21085819,0.08420632,0.49677370,0.54959887,1.19654241
-2.07403702,9.08067447,0.37622950,0.82264571,1.25465053,5.10680508,0.08220128,0.51168419,0.53678776,1.19958895
-2.06803402,8.95868921,0.39101200,0.81056552,1.31091752,4.99799891,0.08006992,0.52660640,0.52370935,1.20553925
-2.06203102,8.83483158,0.40732992,0.79874157,1.37015848,4.88524932,0.07783101,0.54145603,0.51051167,1.21432753
-2.05602801,8.70990983,0.42494554,0.78725079,1.43178627,4.76937721,0.07550157,0.55613373,0.49731669,1.22576516
-2.05002501,8.58447183,0.44357197,0.77611734,1.49509434,4.65117218,0.07309662,0.57052316,0.48421739,1.23954055
-2.04402201,8.45876925,0.46287748,0.76531404,1.55926334,4.53135639,0.07062915,0.58449027,0.47127649,1.25522423
-2.03801901,8.33274290,0.48249187,0.75476630,1.62337345,4.41055707,0.06811021,0.59788397,0.45852675,1.27227926
-2.03201601,8.20603028,0.50201487,0.74435851,1.68642244,4.28928892,0.06554903,0.61053839,0.44597306,1.29007660
-2.02601301,8.07799491,0.52102619,0.73394249,1.74734911,4.16794707,0.06295340,0.62227669,0.43359582,1.30791503
-2.02001001,7.94777593,0.53909709,0.72334757,1.80506148,4.04681050,0.06032994,0.63291626,0.42135568,1.32504496
-2.01400700,7.81435451,0.55580287,0.71239171,1.85846859,3.92605492,0.05768458,0.64227521,0.40919917,1.34069495
-2.00800400,7.67663305,0.57073593,0.70089308,1.90651472,3.80577351,0.05502290,0.65017978,0.39706485,1.35410005
-2.00200100,7.53352184,0.58351872,0.68868146,1.94821447,3.68600367,0.05235057,0.65647222,0.38488979,1.36453063
-1.99599800,7.38402775,0.59381621,0.67560887,1.98268699,3.56675709,0.04967370,0.66101876,0.37261572,1.37132037
-1.98999500,7.22733911,0.60134708,0.66155881,2.00918779,3.44805076,0.04699916,0.66371712,0.36019471,1.37389225
-1.98399200,7.06290128,0.60589332,0.64645360,2.02713640,3.32993629,0.04433476,0.66450313,0.34759405,1.37178120
-1.97798899,6.89047828,0.60730773,0.63025960,2.03613833,3.21252531,0.04168948,0.66335598,0.33479995,1.36465260
-1.97198599,6.71019636,0.60551888,0.61298984,2.03600042,3.09600887,0.03907348,0.66030165,0.32181999,1.35231563
-1.96598299,6.52256713,0.60053342,0.59470416,2.02673829,2.98066955,0.03649810,0.65541449,0.30868425,1.33473098
-1.95997999,6.32848866,0.59243558,0.57550675,2.00857582,2.86688543,0.03397581,0.64881642,0.29544501,1.31201264
-1.95397699,6.12922488,0.58138381,0.55554150,1.98193635,2.75512566,0.03152004,0.64067413,0.28217523,1.28442387
-1.94797399,5.92636472,0.56760498,0.53498521,1.94742623,2.64593807,0.02914501,0.63119398,0.26896585,1.25236748
-1.94197099,5.72176369,0.55138602,0.51403938,1.90581144,2.53993002,0.02686550,0.62061525,0.25592220,1.21637125
-1.93596798,5.51747187,0.53306387,0.49292091,1.85798855,2.43774365,0.02469667,0.60920170,0.24315974,1.17706909
-1.92996498,5.31565276,0.51301386,0.47185230,1.80495155,2.34002782,0.02265380,0.59723224,0.23079938,1.13517912
-1.92396198,5.11849809,0.49163721,0.45105201,1.74775631,2.24740838,0.02075209,0.58499092,0.21896277,1.09147967
-1.91795898,4.92814370,0.46934828,0.43072540,1.68748441,2.16045931,0.01900655,0.57275702,0.20776769,1.04678434
-1.91195598,4.74659141,0.44656196,0.41105681,1.62520827,2.07967646,0.01743180,0.56079558,0.19732386,1.00191744
-1.90595298,4.57564115,0.42368192,0.39220317,1.56195916,2.00545591,0.01604204,0.54934901,0.18772936,0.95769061
-1.89994997,4.41683697,0.40108997,0.37428937,1.49869961,1.93807828,0.01485101,0.53863007,0.17906782,0.91488174
-1.89394697,4.27142935,0.37913714,0.35740565,1.43630134,1.87770005,0.01387197,0.52881669,0.17140638,0.87421687
-1.88794397,4.14035523,0.35813655,0.34160697,1.37552953,1.82435237,0.01311778,0.52004867,0.16479450,0.83635547
-1.88194097,4.02423592,0.33835835,0.32691435,1.31703376,1.77794734,0.01260094,0.51242651,0.15926366,0.80187964
-1.87593797,3.92339212,0.32002678,0.31331790,1.26134561,1.73829131,0.01233369,0.50601220,0.15482771,0.77128697
-1.86993497,3.83787381,0.30331931,0.30078135,1.20888258,1.70510409,0.01232807,0.50083191,0.15148391,0.74498725
-1.86393197,3.76750252,0.28836763,0.28924769,1.15995740,1.67804290,0.01259603,0.49688028,0.14921435,0.72330249
-1.85792896,3.71192239,0.27526046,0.27864537,1.11479197,1.65672930,0.01314942,0.49412593,0.14798780,0.70646981
-1.85192596,3.67065637,0.26404770,0.26889500,1.07353437,1.64077746,0.01400004,0.49251793,0.14776164,0.69464674
-1.84592296,3.64316345,0.25474574,0.25991564,1.03627790,1.62982186,0.01515950,0.49199262,0.14848381,0.68791820
-1.83991996,3.62889346,0.24734355,0.25163078,1.00308058,1.62354279,0.01663919,0.49248054,0.15009460,0.68630461
-1.83391696,3.62733582,0.24180918,0.24397335,0.97398386,1.62168794,0.01844998,0.49391293,0.15252831,0.68977040
-1.82791396,3.63805932,0.23809633,0.23688962,0.94902938,1.62408896,0.02060198,0.49622748,0.15571451,0.69823257
-1.82191096,3.66074102,0.23615078,0.23034190,0.92827275,1.63067188,0.02310417,0.49937313,0.15957900,0.71156866
-1.81590795,3.69518253,0.23591623,0.22430980,0.91179357,1.64146091,0.02596391,0.50331347,0.16404451,0.72962385
-1.80990495,3.74131326,0.23733946,0.21879014,0.89970124,1.65657523,0.02918644,0.50802891,0.16903096,0.75221691
-1.80390195,3.79918064,0.24037457,0.21379562,0.89213629,1.67621921,0.03277430,0.51351723,0.17445565,0.77914486
-1.79789895,3.86892830,0.24498612,0.20935232,0.88926727,1.70066629,0.03672664,0.51979282,0.18023315,0.81018628
-1.79189595,3.95076369,0.25115111,0.20549634,0.89128339,1.73023764,0.04103862,0.52688445,0.18627522,0.84510323
-1.78589295,4.04491714,0.25885974,0.20226968,0.89838357,1.76527646,0.04570070,0.53483197,0.19249067,0.88364198
-1.77988994,4.15159482,0.26811498,0.19971586,0.91076236,1.80611943,0.05069800,0.54368188,0.19878539,0.92553262
-1.77388694,4.27092820,0.27893087,0.19787531,0.92859365,1.85306657,0.05600979,0.55348227,0.20506259,0.97048777
-1.76788394,4.40292286,0.29132982,0.19678098,0.95201302,1.90635112,0.06160895,0.56427720,0.21122322,1.01820060
-1.76188094,4.54740939,0.30533883,0.19645437,0.98109967,1.96611080,0.06746168,0.57610091,0.21716676,1.06834252
-1.75587794,4.70399899,0.32098500,0.19690214,1.01585893,2.03236189,0.07352732,0.58897221,0.22279230,1.12056056
-1.74987494,4.87204615,0.33829039,0.19811350,1.05620619,2.10497748,0.07975837,0.60288911,0.22799990,1.17447508
-1.74387194,5.05062073,0.35726656,0.20005853,1.10195329,2.18367077,0.08610079,0.61782431,0.23269234,1.22967772
-1.73786893,5.23849081,0.37790900,0.20268743,1.15279807,2.26798458,0.09249454,0.63372151,0.23677697,1.28573025
-1.73186593,5.43411807,0.40019186,0.20593076,1.20831773,2.35728753,0.09887430,0.65049291,0.24016781,1.34216429
-1.72586293,5.63566618,0.42406317,0.20970065,1.26796673,2.45077727,0.10517063,0.66801809,0.24278769,1.39848243
-1.71985993,5.84102288,0.44944096,0.21389284,1.33107949,2.54749110,0.11131120,0.68614440,0.24457044,1.45416087
-1.71385693,6.04783546,0.47621060,0.21838951,1.39687816,2.64632356,0.11722242,0.70468887,0.24546288,1.50865382
-1.70785393,6.25355915,0.50422355,0.22306273,1.46448558,2.74605075,0.12283119,0.72344190,0.24542669,1.56139990
-1.70185093,6.45551724,0.53329778,0.22777839,1.53294308,2.84536077,0.12806684,0.74217236,0.24443999,1.61183053
-1.69584792,6.65097142,0.56322013,0.23240046,1.60123304,2.94288919,0.13286315,0.76063431,0.24249850,1.65938033
-1.68984492,6.83720023,0.59375053,0.23679534,1.66830528,3.03725865,0.13716049,0.77857492,0.23961637,1.70349952
-1.68384192,7.01158322,0.62462812,0.24083625,1.73310676,3.12712114,0.14090782,0.79574354,0.23582648,1.74366794
-1.67783892,7.17168802,0.65557923,0.24440744,1.79461346,3.21120162,0.14406467,0.81190136,0.23118031,1.77941044
-1.67183592,7.31535716,0.68632685,0.24740802,1.85186341,3.28834142,0.14660295,0.82683146,0.22574730,1.81031316
-1.66583292,7.44079149,0.71660130,0.24975547,1.90398948,3.35753977,0.14850841,0.84034876,0.21961379,1.83604001
-1.65982991,7.54662671,0.74615165,0.25138849,1.95025074,3.41799187,0.14978191,0.85230938,0.21288146,1.85634880
-1.65382691,7.63199971,0.77475735,0.25226930,1.99006092,3.46912197,0.15044020,0.86261895,0.20566548,1.87110615
-1.64782391,7.69660169,0.80223950,0.25238525,2.02301279,3.51060992,0.15051635,0.87123947,0.19809226,1.88030035
-1.64182091,7.74071495,0.82847098,0.25174961,2.04889713,3.54241000,0.15005966,0.87819418,0.19029705,1.88405156
-1.63581791,7.76523126,0.85338506,0.25040175,2.06771538,3.56476086,0.14913509,0.88357020,0.18242124,1.88261838
-1.62981491,7.77164972,0.87698164,0.24840638,2.07968511,3.57818584,0.14782228,0.88751872,0.17460970,1.87640021
-1.62381191,7.76205313,0.89933072,0.24585221,2.08523781,3.58348319,0.14621390,0.89025234,0.16700793,1.86593499
-1.61780890,7.73906252,0.92057274,0.24284972,2.08500875,3.58170608,0.14441376,0.89203979,0.15975934,1.85189176
-1.61180590,7.70577029,0.94091534,0.23952843,2.07981906,3.57413280,0.14253432,0.89319798,0.15300260,1.83505808
-1.60580290,7.66565338,0.96062663,0.23603338,2.07065056,3.56222760,0.14069393,0.89408160,0.14686902,1.81632229
-1.59979990,7.62246884,0.98002496,0.23252120,2.05861388,3.54759359,0.13901374,0.89507063,0.14148024,1.79665105
-1.59379690,7.58013476,0.99946535,0.22915569,2.04491129,3.53191893,0.13761435,0.89655622,0.13694594,1.77706254
-1.58779390,7.54260046,1.01932334,0.22610303,2.03079516,3.51691811,0.13661241,0.89892543,0.13336188,1.75859631
-1.58179090,7.51371033,1.03997649,0.22352681,2.01752392,3.50427053,0.13611706,0.90254550,0.13080814,1.74228067
-1.57578789,7.49706626,1.06178468,0.22158298,2.00631688,3.49555840,0.13622657,0.90774822,0.12934761,1.72909878
-1.56978489,7.49589358,1.08506978,0.22041479,1.99830971,3.49220652,0.13702498,0.91481509,0.12902472,1.71995468
-1.56378189,7.51291586,1.11009589,0.22014796,1.99451226,3.49542602,0.13857917,0.92396388,0.12986454,1.71564068
-1.55777889,7.55024325,1.13705095,0.22088621,1.99577022,3.50616453,0.14093613,0.93533722,0.13187210,1.71680731
-1.55177589,7.60927914,1.16603073,0.22270724,2.00273209,3.52506463,0.14412089,0.94899353,0.13503216,1.72393720
-1.54577289,7.69064893,1.19702607,0.22565937,2.01582270,3.55243240,0.14813479,0.96490098,0.13930926,1.73732395
-1.53976988,7.79415410,1.22991406,0.22975892,2.03522416,3.58821748,0.15295454,0.98293447,0.14464824,1.75705707
-1.53376688,7.91875387,1.26445373,0.23498848,2.06086514,3.63200548,0.15853187,1.00287599,0.15097511,1.78301366
-1.52776388,8.06257574,1.30028669,0.24129615,2.09241863,3.68302325,0.16479396,1.02441832,0.15819842,1.81485733
-1.52176088,8.22295489,1.33694272,0.24859584,2.12930854,3.74015700,0.17164461,1.04717195,0.16621102,1.85204468
-1.51575788,8.39650169,1.37385034,0.25676854,2.17072478,3.80198271,0.17896609,1.07067507,0.17489227,1.89383910
-1.50975488,8.57919528,1.41035199,0.26566482,2.21564641,3.86680784,0.18662179,1.09440631,0.18411058,1.93933166
-1.50375188,8.76650014,1.44572321,0.27510823,2.26287219,3.93272284,0.19445945,1.11779976,0.19372634,1.98746828
-1.49774887,8.95350185,1.47919526,0.28489972,2.31105744,3.99766078,0.20231503,1.14026188,0.20359512,2.03708234
-1.49174587,9.13505746,1.50998011,0.29482289,2.35875608,4.05946281,0.21001700,1.16118969,0.21357096,2.08693149
-1.48574287,9.30595514,1.53729684,0.30464996,2.40446657,4.11594729,0.21739098,1.17998966,0.22350982,2.13573734
-1.47973987,9.46107786,1.56039848,0.31414822,2.44668017,4.16498000,0.22426459,1.19609674,0.23327287,2.18222655
-1.47373687,9.59556506,1.57859800,0.32308681,2.48392996,4.20454313,0.23047233,1.20899288,0.24272971,2.22517177
-1.46773387,9.70496695,1.59129263,0.33124361,2.51483913,4.23280044,0.23586036,1.21822445,0.25176116,2.26343088
-1.46173087,9.78538606,1.59798534,0.33841189,2.53816677,4.24815656,0.24029094,1.22341801,0.26026172,2.29598306
-1.45572786,9.83360096,1.59830272,0.34440671,2.55284971,4.24930831,0.24364651,1.22429385,0.26814140,2.32196043
-1.44972486,9.84716829,1.59200861,0.34907056,2.55803906,4.23528644,0.24583311,1.22067693,0.27532706,2.34067394
-1.44372186,9.82449941,1.57901291,0.35227833,2.55312999,4.20548639,0.24678315,1.21250476,0.28176299,2.35163285
-1.43771886,9.76490943,1.55937535,0.35394109,2.53778390,4.15968733,0.24645735,1.19983191,0.28741086,2.35455693
-1.43171586,9.66863719,1.53330416,0.35400895,2.51194201,4.09805893,0.24484583,1.18283107,0.29224903,2.34938126
-1.42571286,9.53683578,1.50114974,0.35247245,2.47583008,4.02115586,0.24196831,1.16179039,0.29627119,2.33625350
-1.41970985,9.37153451,1.46339377,0.34936283,2.42995376,3.92990053,0.23787335,1.13710730,0.29948457,2.31552402
-1.41370685,9.17557395,1.42063411,0.34475092,2.37508509,3.82555481,0.23263678,1.10927881,0.30190769,2.28772945
-1.40770385,8.95251687,1.37356639,0.33874477,2.31224026,3.70968200,0.22635936,1.07888873,0.30356785,2.25357043
-1.40170085,8.70653849,1.32296295,0.33148616,2.24264966,3.58410055,0.21916357,1.04659189,0.30449853,2.21388476
-1.39569785,8.44230021,1.26964990,0.32314609,2.16772114,3.45083119,0.21119004,1.01309619,0.30473678,2.16961691
-1.38969485,8.16481138,1.21448340,0.31391943,2.08899780,3.31203941,0.20259330,0.97914269,0.30432084,2.12178548
-1.38369185,7.87928405,1.15832588,0.30401888,2.00811191,3.16997529,0.19353738,0.94548456,0.30328801,2.07144953
-1.37768884,7.59098534,1.10202307,0.29366861,1.92673633,3.02691258,0.18419117,0.91286553,0.30167299,2.01967544
-1.37168584,7.30509255,1.04638263,0.28309762,1.84653530,2.88508898,0.17472378,0.88199841,0.29950668,1.96750510
-1.36568284,7.02655505,0.99215500,0.27253319,1.76911620,2.74664932,0.16530009,0.85354442,0.29681551,1.91592677
-1.35967984,6.75996732,0.94001712,0.26219456,1.69598378,2.61359341,0.15607652,0.82809409,0.29362135,1.86584923
-1.35367684,6.50945634,0.89055920,0.25228709,1.62849841,2.48772955,0.14719721,0.80615010,0.28994191,1.81808009
-1.34767384,6.27858625,0.84427504,0.24299705,1.56783955,2.37063529,0.13879072,0.78811279,0.28579160,1.77330852
-1.34167084,6.07028237,0.80155587,0.23448716,1.51497556,2.26362576,0.13096730,0.77426868,0.28118278,1.73209285
-1.33566783,5.88677610,0.76268771,0.22689306,1.47064063,2.16773053,0.12381671,0.76478248,0.27612723,1.69485292
-1.32966483,5.72957131,0.72785215,0.22032070,1.43531934,2.08367904,0.11740685,0.75969263,0.27063781,1.66186731
-1.32366183,5.59943250,0.69713026,0.21484478,1.40923923,2.01189476,0.11178296,0.75891069,0.26473015,1.63327493
-1.31765883,5.49639415,0.67050930,0.21050820,1.39237135,1.95249780,0.10696755,0.76222454,0.25842417,1.60908083
-1.31165583,5.41979026,0.64789173,0.20732244,1.38443859,1.90531562,0.10296093,0.76930525,0.25174546,1.58916562
-1.30565283,5.36830260,0.62910618,0.20526900,1.38493126,1.86990123,0.09974244,0.77971741,0.24472633,1.57329809
-1.29964982,5.34002562,0.61391971,0.20430152,1.39312939,1.84555802,0.09727217,0.79293268,0.23740647,1.56115035
-1.29364682,5.33254585,0.60205096,0.20434884,1.40813075,1.83137049,0.09549317,0.80834606,0.22983324,1.55231491
-1.28764382,5.34303302,0.59318353,0.20531853,1.42888371,1.82623959,0.09433412,0.82529435,0.22206141,1.54632323
-1.28164082,5.36834002,0.58697929,0.20710098,1.45422367,1.82892180,0.09371224,0.84307634,0.21415259,1.54266487
-1.27563782,5.40510859,0.58309089,0.20957383,1.48291195,1.83807053,0.09353656,0.86097397,0.20617412,1.54080690
-1.26963482,5.44987751,0.58117331,0.21260657,1.51367572,1.85227863,0.09371115,0.87827383,0.19819769,1.54021279
-1.26363182,5.49918983,0.58089395,0.21606514,1.54524788,1.87012076,0.09413852,0.89428835,0.19029764,1.54036040
-1.25762881,5.54969598,0.58194111,0.21981643,1.57640527,1.89019431,0.09472287,0.90837587,0.18254895,1.54075838
-1.25162581,5.59824957,0.58403054,0.22373255,1.60600437,1.91115760,0.09537320,0.91995912,0.17502527,1.54096066
-1.24562281,5.64199288,0.58691015,0.22769457,1.63301307,1.93176440,0.09600609,0.92854129,0.16779673,1.54057854
-1.23961981,5.67842957,0.59036267,0.23159588,1.65653775,1.95089351,0.09654821,0.93371941,0.16092794,1.53929022
-1.23361681,5.70548245,0.59420663,0.23534484,1.67584479,1.96757286,0.09693833,0.93519442,0.15447609,1.53684727
-1.22761381,5.72153486,0.59829547,0.23886681,1.69037601,1.98099740,0.09712888,0.93277775,0.14848922,1.53307828
-1.22161081,5.72545475,0.60251544,0.24210541,1.69975774,1.99054045,0.09708695,0.92639428,0.14300492,1.52788944
-1.21560780,5.71660124,0.60678214,0.24502314,1.70380340,1.99575843,0.09679472,0.91608157,0.13804925,1.52126221
-1.20960480,5.69481433,0.61103646,0.24760118,1.70250990,1.99638927,0.09624941,0.90198562,0.13363617,1.51324850
-1.20360180,5.66038888,0.61523999,0.24983867,1.69604823,1.99234468,0.09546257,0.88435327,0.12976731,1.50396347
-1.19759880,5.61403461,0.61937031,0.25175129,1.68474889,1.98369733,0.09445893,0.86352186,0.12643230,1.49357649
-1.19159580,5.55682474,0.62341657,0.25336945,1.66908310,1.97066343,0.09327482,0.83990644,0.12360940,1.48230081
-1.18559280,5.49013564,0.62737558,0.25473601,1.64964061,1.95358202,0.09195611,0.81398522,0.12126664,1.47038239
-1.17958979,5.41558072,0.63124859,0.25590381,1.62710530,1.93289183,0.09055598,0.78628386,0.11936323,1.45808836
-1.17358679,5.33494135,0.63503902,0.25693299,1.60222949,1.90910703,0.08913237,0.75735920,0.11785138,1.44569582
-1.16758379,5.25009776,0.63875102,0.25788832,1.57580805,1.88279268,0.08774542,0.72778306,0.11667822,1.43348122
-1.16158079,5.16296262,0.64238910,0.25883652,1.54865325,1.85454118,0.08645489,0.69812670,0.11578793,1.42171082
-1.15557779,5.07541931,0.64595840,0.25984382,1.52157102,1.82495017,0.08531760,0.66894632,0.11512395,1.41063247
-1.14957479,4.98926691,0.64946577,0.26097364,1.49533944,1.79460280,0.08438521,0.64077012,0.11463102,1.40046885
-1.14357179,4.90617296,0.65292113,0.26228461,1.47068964,1.76405079,0.08370212,0.61408710,0.11425724,1.39141231
-1.13756878,4.82763478,0.65633911,0.26382883,1.44828972,1.73380034,0.08330379,0.58933783,0.11395574,1.38362122
-1.13156578,4.75494960,0.65974052,0.26565048,1.42873138,1.70430127,0.08321546,0.56690722,0.11368619,1.37721777
-1.12556278,4.68919316,0.66315340,0.26778474,1.41251958,1.67593900,0.08345124,0.54711925,0.11341585,1.37228697
-1.11955978,4.63120632,0.66661358,0.27025695,1.40006483,1.64902939,0.08401368,0.53023364,0.11312027,1.36887675
-1.11355678,4.58158878,0.67016437,0.27308213,1.39167790,1.62381599,0.08489374,0.51644414,0.11278356,1.36699883
-1.10755378,4.54069890,0.67385536,0.27626472,1.38756673,1.60046937,0.08607122,0.50587837,0.11239823,1.36663009
-1.10155078,4.50865874,0.67774030,0.27979847,1.38783521,1.57908826,0.08751558,0.49859894,0.11196460,1.36771447
-1.09554777,4.48536308,0.68187403,0.28366670,1.39248350,1.55970192,0.08918700,0.49460562,0.11148996,1.37016486
-1.08954477,4.47049185,0.68630868,0.28784254,1.40140987,1.54227371,0.09103787,0.49383839,0.11098728,1.37386517
-1.08354177,4.46352504,0.69108917,0.29228949,1.41441365,1.52670537,0.09301438,0.49618122,0.11047385,1.37867243
-1.07753877,4.46375964,0.69624841,0.29696204,1.43119949,1.51284202,0.09505827,0.50146643,0.10996967,1.38441872
-1.07153577,4.47032838,0.70180245,0.30180648,1.45138281,1.50047756,0.09710869,0.50947960,0.10949584,1.39091327
-1.06553277,4.48221994,0.70774573,0.30676182,1.47449653,1.48936070,0.09910405,0.51996493,0.10907300,1.39794450
-1.05952976,4.49830062,0.71404709,0.31176091,1.49999914,1.47920125,0.10098375,0.53263112,0.10871982,1.40528229
-1.05352676,4.51733764,0.72064642,0.31673158,1.52728430,1.46967703,0.10268984,0.54715763,0.10845178,1.41268049
-1.04752376,4.53802389,0.72745262,0.32159806,1.55569201,1.46044122,0.10416853,0.56320147,0.10828010,1.41987981
-1.04152076,4.55900430,0.73434279,0.32628242,1.58452137,1.45113019,0.10537139,0.58040434,0.10821105,1.42661116
-1.03551776,4.57890367,0.74116299,0.33070617,1.61304489,1.44137180,0.10625640,0.59840020,0.10824549,1.43259954
-1.02951476,4.59635571,0.74773055,0.33479196,1.64052419,1.43079425,0.10678874,0.61682305,0.10837881,1.43756851
-1.02351176,4.61003299,0.75383799,0.33846529,1.66622686,1.41903505,0.10694126,0.63531484,0.10860111,1.44124523
-1.01750875,4.61867720,0.75925839,0.34165629,1.68944405,1.40575035,0.10669480,0.65353326,0.10889776,1.44336597
-1.01150575,4.62112899,0.76375211,0.34430146,1.70950830,1.39062405,0.10603821,0.67115929,0.10925004,1.44368212
-1.00550275,4.61635662,0.76707461,0.34634529,1.72581111,1.37337676,0.10496819,0.68790406,0.10963613,1.44196645
-0.99949975,4.60348246,0.76898500,0.34774180,1.73781951,1.35377412,0.10348896,0.70351489,0.11003212,1.43801944
-0.99349675,4.58180628,0.76925505,0.34845579,1.74509101,1.33163419,0.10161181,0.71778021,0.11041310,1.43167556
-0.98749375,4.55082465,0.76767821,0.34846395,1.74728627,1.30683385,0.09935448,0.73053305,0.11075426,1.42280918
-0.98149075,4.51024531,0.76407832,0.34775550,1.74417898,1.27931362,0.09674056,0.74165306,0.11103194,1.41133992
-0.97548774,4.45999618,0.75831752,0.34633263,1.73566238,1.24908097,0.09379872,0.75106679,0.11122451,1.39723726
-0.96948474,4.40022834,0.75030319,0.34421046,1.72175209,1.21621181,0.09056206,0.75874638,0.11131322,1.38052412
-0.96348174,4.33131298,0.73999341,0.34141670,1.70258526,1.18085007,0.08706729,0.76470659,0.11128277,1.36127944
-0.95747874,4.25383255,0.72740093,0.33799091,1.67841590,1.14320548,0.08335409,0.76900052,0.11112177,1.33963949
-0.95147574,4.16856650,0.71259537,0.33398341,1.64960667,1.10354950,0.07946437,0.77171414,0.11082306,1.31579807
-0.94547274,4.07647246,0.69570364,0.32945405,1.61661771,1.06220975,0.07544156,0.77296011,0.11038380,1.29000554
-0.93946973,3.97866398,0.67690864,0.32447065,1.57999289,1.01956295,0.07133005,0.77287129,0.10980552,1.26256688
-0.93346673,3.87638593,0.65644633,0.31910745,1.54034438,0.97602686,0.06717451,0.77159426,0.10909405,1.23383888
-0.92746373,3.77098892,0.63460135,0.31344353,1.49833621,0.93205159,0.06301934,0.76928346,0.10825946,1.20422678
-0.92146073,3.66390417,0.61170155,0.30756130,1.45466771,0.88811040,0.05890813,0.76609614,0.10731589,1.17418046
-0.91545773,3.55661969,0.58811150,0.30154516,1.41005756,0.84469070,0.05488314,0.76218859,0.10628155,1.14419049
-0.90945473,3.45065904,0.56422554,0.29548045,1.36522910,0.80228519,0.05098481,0.75771372,0.10517866,1.11478415
-0.90345173,3.34756312,0.54046048,0.28945256,1.32089750,0.76138380,0.04725134,0.75282015,0.10403349,1.08652162
-0.89744872,3.24887523,0.51724829,0.28354637,1.27775908,0.72246626,0.04371828,0.74765268,0.10287649,1.05999220
-0.89144572,3.15612940,0.49502900,0.27784596,1.23648286,0.68599568,0.04041810,0.74235396,0.10174240,1.03581065
-0.88544272,3.07084127,0.47424396,0.27243444,1.19770445,0.65241298,0.03737992,0.73706713,0.10067038,1.01461344
-0.87943972,2.99450080,0.45532954,0.26739393,1.16202182,0.62213228,0.03462915,0.73193891,0.09970418,0.99705455
-0.87343672,2.92856553,0.43871136,0.26280553,1.12999267,0.59553690,0.03218722,0.72712273,0.09889206,0.98380064
-0.86743372,2.87445317,0.42479892,0.25874914,1.10213289,0.57297600,0.03007134,0.72278143,0.09828670,0.97552505
-0.86143072,2.83353209,0.41398063,0.25530314,1.07891531,0.55476144,0.02829430,0.71908905,0.09794481,0.97290042
-0.85542771,2.80710853,0.40661911,0.25254367,1.06076852,0.54116475,0.02686427,0.71623134,0.09792648,0.97658942
-0.84942471,2.79640960,0.40304649,0.25054352,1.04807490,0.53241403,0.02578469,0.71440465,0.09829421,0.98723351
-0.84342171,2.80256139,0.40355983,0.24937060,1.04116763,0.52869047,0.02505411,0.71381311,0.09911166,1.00543943
-0.83741871,2.82656209,0.40841632,0.24908596,1.04032655,0.53012460,0.02466619,0.71466409,0.10044192,1.03176361
-0.83141571,2.86925062,0.41782832,0.24974138,1.04577253,0.53679209,0.02460960,0.71716199,0.10234557,1.06669464
-0.82541271,2.93127165,0.43195825,0.25137666,1.05766092,0.54870940,0.02486816,0.72150087,0.10487839,1.11063428
-0.81940970,3.01303851,0.45091328,0.25401681,1.07607405,0.56582927,0.02542086,0.72785611,0.10808884,1.16387762
-0.81340670,3.11469607,0.47474011,0.25766909,1.10101360,0.58803645,0.02624208,0.73637590,0.11201539,1.22659328
-0.80740370,3.23608565,0.50341996,0.26232037,1.13239340,0.61514404,0.02730185,0.74717288,0.11668392,1.29880449
-0.80140070,3.37671464,0.53686399,0.26793486,1.17003330,0.64689074,0.02856625,0.76031670,0.12210509,1.38037235
-0.79539770,3.53573319,0.57490953,0.27445242,1.21365495,0.68293943,0.02999786,0.77582806,0.12827205,1.47098209
-0.78939470,3.71192016,0.61731744,0.28178767,1.26288015,0.72287747,0.03155632,0.79367458,0.13515849,1.57013358
-0.78339170,3.90368053,0.66377080,0.28983007,1.31723217,0.76621910,0.03319911,0.81376894,0.14271720,1.67713705
-0.77738869,4.10905536,0.71387538,0.29844506,1.37614058,0.81241002,0.03488223,0.83596942,0.15087924,1.79111470
-0.77138569,4.32574535,0.76716200,0.30747625,1.43894954,0.86083438,0.03656120,0.86008287,0.15955390,1.91100873
-0.76538269,4.55114783,0.82309100,0.31674875,1.50492958,0.91082422,0.03819190,0.88587001,0.16862942,2.03559613
-0.75937969,4.78240654,0.88105895,0.32607348,1.57329239,0.96167106,0.03973166,0.91305256,0.17797447,2.16351000
-0.75337669,5.01647281,0.94040741,0.33525234,1.64320819,1.01263944,0.04114019,0.94132188,0.18744061,2.29326705
-0.74737369,5.25017581,1.00043386,0.34408407,1.71382469,1.06298213,0.04238058,0.97034857,0.19686541,2.42330033
-0.74137069,5.48029932,1.06040434,0.35237054,1.78428692,1.11195623,0.04342023,0.99979223,0.20607632,2.55199637
-0.73536768,5.70366183,1.11956762,0.35992313,1.85375687,1.15883982,0.04423165,1.02931096,0.21489515,2.67773507
-0.72936468,5.91719668,1.17717046,0.36656903,1.92143194,1.20294846,0.04479313,1.05856994,0.22314290,2.79893097
-0.72336168,6.11802892,1.23247344,0.37215710,1.98656136,1.24365078,0.04508929,1.08724851,0.23064496,2.91407424
-0.71735868,6.30354567,1.28476694,0.37656306,2.04845975,1.28038285,0.04511138,1.11504566,0.23723624,3.02176961
-0.71135568,6.47145727,1.33338665,0.37969366,2.10651733,1.31266038,0.04485745,1.14168345,0.24276625,3.12077184
-0.70535268,6.61984690,1.37772818,0.38148990,2.16020637,1.34008880,0.04433222,1.16690862,0.24710372,3.21001601
-0.69934967,6.74720708,1.41726020,0.38192882,2.20908395,1.36237040,0.04354684,1.19049230,0.25014076,3.28864179
-0.69334667,6.85246220,1.45153575,0.38102415,2.25279107,1.37930875,0.04251839,1.21222846,0.25179624,3.35601051
-0.68734367,6.93497678,1.48020129,0.37882555,2.29104868,1.39081008,0.04126924,1.23193115,0.25201833,3.41171474
-0.68134067,6.99455020,1.50300333,0.37541664,2.32365124,1.39688183,0.03982627,1.24943148,0.25078607,3.45558002
-0.67533767,7.03139897,1.51979226,0.37091190,2.35045852,1.39762854,0.03821994,1.26457457,0.24810992,3.48765923
-0.66933467,7.04612825,1.53052357,0.36545265,2.37138671,1.39324539,0.03648338,1.27721717,0.24403129,3.50821986
-0.66333167,7.03969480,1.53525624,0.35920222,2.38639943,1.38400980,0.03465137,1.28722653,0.23862108,3.51772540
-0.65732866,7.01336366,1.53414854,0.35234062,2.39549979,1.37027144,0.03275937,1.29448057,0.23197729,3.51681165
-0.65132566,6.96866090,1.52745143,0.34505896,2.39872390,1.35244128,0.03084261,1.29886996,0.22422184,3.50625946
-0.64532266,6.90732473,1.51549980,0.33755379,2.39613658,1.33097998,0.02893521,1.30030184,0.21549677,3.48696513
-0.63931966,6.83125717,1.49870193,0.33002161,2.38782939,1.30638614,0.02706954,1.29870526,0.20595993,3.45990992
-0.63331666,6.74247771,1.47752756,0.32265376,2.37392120,1.27918469,0.02527551,1.29403788,0.19578040,3.42612988
-0.62731366,6.64308057,1.45249487,0.31563180,2.35456106,1.24991592,0.02358021,1.28629362,0.18513383,3.38668713
-0.62131066,6.53519620,1.42415703,0.30912353,2.32993294,1.21912521,0.02200754,1.27551064,0.17419777,3.34264366
-0.61530765,6.42095756,1.39308851,0.30327974,2.30026190,1.18735364,0.02057805,1.26177893,0.16314737,3.29503816
-0.60930465,6.30247105,1.35987176,0.29823167,2.26582093,1.15512972,0.01930892,1.24524701,0.15215136,3.24486647
-0.60330165,6.18179192,1.32508448,0.29408915,2.22693773,1.12296215,0.01821399,1.22612701,0.14136853,3.19306586
-0.59729865,6.06090347,1.28928802,0.29093952,2.18400059,1.09133353,0.01730396,1.20469763,0.13094486,3.14050307
-0.59129565,5.94169928,1.25301705,0.28884708,2.13746277,1.06069522,0.01658657,1.18130450,0.12101118,3.08796589
-0.58529265,5.82596779,1.21677079,0.28785307,2.08784467,1.03146290,0.01606694,1.15635772,0.11168154,3.03615806
-0.57928964,5.71537839,1.18100601,0.28797619,2.03573334,1.00401304,0.01574780,1.13032652,0.10305216,2.98569676
-0.57328664,5.61146849,1.14613183,0.28921331,1.98177903,0.97868008,0.01562982,1.10373104,0.09520101,2.93711248
-0.56728364,5.51563098,1.11250635,0.29154058,1.92668869,0.95575415,0.01571187,1.07713147,0.08818787,2.89085047
-0.56128064,5.42910209,1.08043515,0.29491464,1.87121649,0.93547940,0.01599123,1.05111517,0.08205490,2.84727338
-0.55527764,5.35294944,1.05017132,0.29927402,1.81615161,0.91805281,0.01646382,1.02628206,0.07682760,2.80666471
-0.54927464,5.28806062,1.02191705,0.30454062,1.76230377,0.90362351,0.01712429,1.00322905,0.07251594,2.76923252
-0.54327164,5.23513276,0.99582638,0.31062125,1.71048698,0.89229249,0.01796611,0.98253426,0.06911588,2.73511339
-0.53726863,5.19466347,0.97200891,0.31740933,1.66150214,0.88411284,0.01898161,0.96474153,0.06661088,2.70437624
-0.53126563,5.16694384,0.95053407,0.32478662,1.61611924,0.87909044,0.02016194,0.95034607,0.06497351,2.67702609
-0.52526263,5.15205428,0.93143574,0.33262509,1.57505973,0.87718514,0.02149704,0.93978167,0.06416707,2.65300777
-0.51925963,5.14986339,0.91471681,0.34078890,1.53897975,0.87831243,0.02297554,0.93341008,0.06414714,2.63220957
-0.51325663,5.16003076,0.90035345,0.34913656,1.50845484,0.88234563,0.02458472,0.93151280,0.06486304,2.61446705
-0.50725363,5.18201365,0.88829891,0.35752324,1.48396652,0.88911854,0.02631044,0.93428557,0.06625916,2.59956721
-0.50125063,5.21507797,0.87848662,0.36580318,1.46589135,0.89842863,0.02813709,0.94183550,0.06827617,2.58725300
-0.49524762,5.25831325,0.87083251,0.37383222,1.45449254,0.91004062,0.03004760,0.95418098,0.07085207,2.57722856
-0.48924462,5.31065171,0.86523653,0.38147048,1.44991456,0.92369049,0.03202351,0.97125396,0.07392309,2.56916507
-0.48324162,5.37089066,0.86158348,0.38858499,1.45218069,0.93908990,0.03404507,0.99290448,0.07742452,2.56270749
-0.47723862,5.43771801,0.85974325,0.39505226,1.46119359,0.95593090,0.03609145,1.01890701,0.08129129,2.55748210
-0.47123562,5.50974011,0.85957057,0.40076082,1.47673889,0.97389091,0.03814097,1.04896824,0.08545856,2.55310481
-0.46523262,5.58551127,0.86090467,0.40561350,1.49849160,0.99263791,0.04017146,1.08273586,0.08986218,2.54919021
-0.45922961,5.66356412,0.86356897,0.40952945,1.52602519,1.01183588,0.04216059,1.11980796,0.09443909,2.54536115
-0.45322661,5.74244022,0.86737110,0.41244587,1.55882300,1.03115023,0.04408637,1.15974268,0.09912765,2.54125868
-0.44722361,5.82072006,0.87210351,0.41431931,1.59629174,1.05025334,0.04592757,1.20206771,0.10386799,2.53655202
-0.44122061,5.89705173,0.87754491,0.41512653,1.63777676,1.06883015,0.04766424,1.24628948,0.10860232,2.53094835
-0.43521761,5.97017773,0.88346251,0.41486496,1.68257843,1.08658352,0.04927822,1.29190171,0.11327529,2.52420194
-0.42921461,6.03895912,0.88961539,0.41355262,1.72996945,1.10323953,0.05075359,1.33839333,0.11783432,2.51612241
-0.42321161,6.10239651,0.89575875,0.41122754,1.77921232,1.11855242,0.05207715,1.38525552,0.12222999,2.50658153
-0.41720860,6.15964742,0.90164917,0.40794684,1.82957662,1.13230912,0.05323877,1.43198802,0.12641645,2.49551844
-0.41120560,6.21003932,0.90705046,0.40378520,1.88035535,1.14433320,0.05423170,1.47810459,0.13035182,2.48294264
-0.40520260,6.25307815,0.91174006,0.39883300,1.93087989,1.15448815,0.05505278,1.52313780,0.13399862,2.46893479
-0.39919960,6.28845173,0.91551555,0.39319411,1.98053305,1.16267974,0.05570253,1.56664308,0.13732421,2.45364478
-0.39319660,6.31602803,0.91820101,0.38698326,2.02875963,1.16885732,0.05618511,1.60820226,0.14030108,2.43728713
-0.38719360,6.33584790,0.91965274,0.38032319,2.07507421,1.17301398,0.05650814,1.64742649,0.14290723,2.42013360
-0.38119060,6.34811254,0.91976410,0.37334154,2.11906579,1.17518543,0.05668247,1.68395883,0.14512635,2.40250320
-0.37518759,6.35316582,0.91846911,0.36616757,2.16039928,1.17544756,0.05672170,1.71747644,0.14694793,2.38474965
-0.36918459,6.35147184,0.91574447,0.35892882,2.19881373,1.17391261,0.05664173,1.74769239,0.14836722,2.36724689
-0.36318159,6.34358865,0.91160996,0.35174773,2.23411755,1.17072413,0.05646012,1.77435725,0.14938508,2.35037293
-0.35717859,6.33013887,0.90612701,0.34473833,2.26618115,1.16605085,0.05619547,1.79726052,0.15000768,2.33449287
-0.35117559,6.31177865,0.89939546,0.33800320,2.29492748,1.16007958,0.05586673,1.81623177,0.15024606,2.31994162
-0.34517259,6.28916626,0.89154881,0.33163059,2.32032118,1.15300767,0.05549250,1.83114177,0.15011554,2.30700728
-0.33916958,6.26293195,0.88274793,0.32569208,2.34235705,1.14503510,0.05509046,1.84190351,0.14963513,2.29591591
-0.33316658,6.23365076,0.87317378,0.32024067,2.36104886,1.13635690,0.05467676,1.84847323,0.14882680,2.28681858
-0.32716358,6.20181992,0.86301941,0.31530952,2.37641913,1.12715603,0.05426563,1.85085155,0.14771482,2.27978144
-0.32116058,6.16784234,0.85248179,0.31091142,2.38849084,1.11759743,0.05386902,1.84908459,0.14632504,2.27477947
-0.31515758,6.13201736,0.84175381,0.30703895,2.39728162,1.10782334,0.05349649,1.84326533,0.14468438,2.27169440
-0.30915458,6.09453985,0.83101696,0.30366552,2.40280106,1.09795040,0.05315520,1.83353500,0.14282029,2.27031719
-0.30315158,6.05550785,0.82043523,0.30074707,2.40505126,1.08806863,0.05285010,1.82008453,0.14076050,2.27035510
-0.29714857,6.01493879,0.81015024,0.29822467,2.40403088,1.07824240,0.05258422,1.80315597,0.13853286,2.27144328
-0.29114557,5.97279362,0.80027823,0.29602759,2.39974223,1.06851339,0.05235920,1.78304374,0.13616532,2.27316039
-0.28514257,5.92900756,0.79090876,0.29407700,2.39220120,1.05890538,0.05217577,1.76009540,0.13368617,2.27504775
-0.27913957,5.88352576,0.78210519,0.29228993,2.38144915,1.04943048,0.05203443,1.73471193,0.13112433,2.27663106
-0.27313657,5.83634169,0.77390700,0.29058352,2.36756586,1.04009649,0.05193604,1.70734694,0.12850976,2.27744379
-0.26713357,5.78753579,0.76633339,0.28887905,2.35068272,1.03091488,0.05188246,1.67850480,0.12587391,2.27705102
-0.26113057,5.73731163,0.75938824,0.28710586,2.33099487,1.02190870,0.05187707,1.64873729,0.12325010,2.27507252
-0.25512756,5.68602705,0.75306568,0.28520477,2.30877128,1.01312003,0.05192512,1.61863851,0.12067396,2.27120403
-0.24912456,5.63421785,0.74735606,0.28313085,2.28436182,1.00461624,0.05203407,1.58883797,0.11818349,2.26523536
-0.24312156,5.58261180,0.74225176,0.28085551,2.25820048,0.99649459,0.05221355,1.55999170,0.11581919,2.25706467
-0.23711856,5.53213158,0.73775246,0.27836761,2.23080414,0.98888484,0.05247528,1.53277136,0.11362370,2.24670782
-0.23111556,5.48388568,0.73386942,0.27567385,2.20276645,0.98194942,0.05283269,1.50785153,0.11164135,2.23430261
-0.22511256,5.43914703,0.73062853,0.27279807,2.17474694,0.97588116,0.05330042,1.48589548,0.10991735,2.22010743
-0.21910955,5.39931994,0.72807184,0.26977994,2.14745554,0.97089845,0.05389358,1.46753962,0.10849675,2.20449458
-0.21310655,5.36589680,0.72625753,0.26667276,2.12163306,0.96723818,0.05462695,1.45337722,0.10742316,2.18793850
-0.20710355,5.34040628,0.72525824,0.26354082,2.09802849,0.96514660,0.05551407,1.44394202,0.10673727,2.17099976
-0.20110055,5.32435587,0.72515799,0.26045633,2.07737421,0.96486867,0.05656629,1.43969218,0.10647532,2.15430552
-0.19509755,5.31917158,0.72604783,0.25749619,2.06036027,0.96663644,0.05779189,1.44099546,0.10666753,2.13852767
-0.18909455,5.32613807,0.72802052,0.25473880,2.04760906,0.97065716,0.05919526,1.44811608,0.10733656,2.12435991
-0.18309155,5.34634259,0.73116466,0.25226103,2.03965168,0.97710166,0.06077623,1.46120412,0.10849614,2.11249481
-0.17708854,5.38062577,0.73555875,0.25013561,2.03690736,0.98609386,0.06252955,1.48028788,0.11015001,2.10360240
-0.17108554,5.42954219,0.74126532,0.24842903,2.03966690,0.99770188,0.06444465,1.50526970,0.11229109,2.09831104
-0.16508254,5.49333300,0.74832594,0.24720001,2.04808114,1.01193141,0.06650562,1.53592571,0.11490114,2.09719184
-0.15907954,5.57191229,0.75675710,0.24649867,2.06215519,1.02872169,0.06869141,1.57190953,0.11795073,2.10074706
-0.15307654,5.66486819,0.76654741,0.24636631,2.08174862,1.04794444,0.07097630,1.61276015,0.12139979,2.10940304
-0.14707354,5.77147883,0.77765638,0.24683577,2.10658180,1.06940590,0.07333060,1.65791365,0.12519856,2.12350782
-0.14107054,5.89074239,0.79001469,0.24793243,2.13624820,1.09285185,0.07572152,1.70671866,0.12928895,2.14333305
-0.13506753,6.02141994,0.80352608,0.24967547,2.17023177,1.11797550,0.07811422,1.75845496,0.13360631,2.16907984
-0.12906453,6.16208859,0.81807072,0.25207946,2.20792890,1.14442784,0.08047292,1.81235447,0.13808149,2.20088776
-0.12306153,6.31120234,0.83350982,0.25515610,2.24867357,1.17182995,0.08276210,1.86762417,0.14264308,2.23884588
-0.11705853,6.46715722,0.84969114,0.25891583,2.29176454,1.19978667,0.08494762,1.92346967,0.14721979,2.28300478
-0.11105553,6.62835710,0.86645517,0.26336932,2.33649308,1.22790093,0.08699784,1.97911881,0.15174278,2.33338828
-0.10505253,6.79327646,0.88364140,0.26852855,2.38216982,1.25578797,0.08888458,2.03384399,0.15614784,2.39000354
-0.09904952,6.96051661,0.90109435,0.27440754,2.42814925,1.28308872,0.09058389,2.08698260,0.16037738,2.45284848
-0.09304652,7.12885193,0.91866898,0.28102247,2.47385066,1.30948167,0.09207666,2.13795422,0.16438198,2.52191548
-0.08704352,7.29726354,0.93623497,0.28839130,2.51877418,1.33469251,0.09334901,2.18627420,0.16812158,2.59719057
-0.08104052,7.46495814,0.95367976,0.29653276,2.56251135,1.35850115,0.09439236,2.23156264,0.17156612,2.67864772
-0.07503752,7.63137085,0.97090987,0.30546484,2.60474946,1.38074570,0.09520334,2.27354857,0.17469571,2.76623814
-0.06903452,7.79615181,0.98785068,0.31520278,2.64526960,1.40132313,0.09578348,2.31206896,0.17750019,2.85987484
-0.06303152,7.95913701,1.00444441,0.32575659,2.68393860,1.42018684,0.09613861,2.34706269,0.17997830,2.95941325
-0.05702851,8.12030511,1.02064661,0.33712843,2.72069543,1.43734106,0.09627816,2.37855979,0.18213629,3.06462879
-0.05102551,8.27972271,1.03642131,0.34930975,2.75553295,1.45283264,0.09621433,2.40666649,0.18398629,3.17519300
-0.04502251,8.43748132,1.05173513,0.36227847,2.78847632,1.46674066,0.09596117,2.43154689,0.18554436,3.29064962
-0.03901951,8.59362996,1.06655096,0.37599635,2.81955944,1.47916453,0.09553360,2.45340230,0.18682848,3.41039258
-0.03301651,8.74810748,1.08082151,0.39040673,2.84880097,1.49021127,0.09494653,2.47244929,0.18785651,3.53364760
-0.02701351,8.90067911,1.09448330,0.40543262,2.87618166,1.49998294,0.09421397,2.48889780,0.18864433,3.65945925
-0.02101051,9.05088117,1.10745160,0.42097557,2.90162443,1.50856466,0.09334831,2.50293043,0.18920421,3.78668487
-0.01500750,9.19797794,1.11961684,0.43691512,2.92497861,1.51601430,0.09235978,2.51468419,0.18954357,3.91399676
-0.00900450,9.34093348,1.13084269,0.45310905,2.94600952,1.52235415,0.09125601,2.52423557,0.18966419,4.03989330
-0.00300150,9.47840094,1.14096619,0.46939451,2.96439412,1.52756533,0.09004189,2.53159003,0.18956190,4.16271943
0.00300150,9.60873028,1.14980012,0.48558995,2.97972311,1.53158496,0.08871958,2.53667628,0.18922676,4.28069625
0.00900450,9.72999476,1.15713733,0.50149778,2.99150965,1.53430651,0.08728873,2.53934575,0.18864380,4.39195900
0.01500750,9.84003519,1.16275721,0.51690787,2.99920401,1.53558301,0.08574690,2.53937732,0.18779410,4.49460216
0.02101051,9.93651993,1.16643368,0.53160159,3.00221369,1.53523309,0.08409009,2.53648692,0.18665631,4.58672999
0.02701351,10.01701798,1.16794446,0.54535640,2.99992763,1.53304934,0.08231346,2.53034161,0.18520836,4.66651042
0.03301651,10.07908153,1.16708106,0.55795081,2.99174340,1.52880853,0.08041206,2.52057720,0.18342941,4.73222996
0.03901951,10.12033407,1.16365885,0.56916947,2.97709565,1.52228299,0.07838159,2.50681857,0.18130166,4.78234733
0.04502251,10.13855986,1.15752678,0.57880846,2.95548448,1.51325271,0.07621918,2.48870153,0.17881223,4.81554330
0.05102551,10.13179072,1.14857600,0.58668026,2.92650213,1.50151727,0.07392410,2.46589514,0.17595468,4.83076470
0.05702851,10.09838622,1.13674703,0.59261864,2.88985658,1.48690712,0.07149831,2.43812332,0.17273028,4.82726066
0.06303152,10.03710402,1.12203502,0.59648301,2.84539106,1.46929370,0.06894694,2.40518471,0.16914890,4.80460961
0.06903452,9.94715756,1.10449295,0.59816228,2.79309843,1.44859791,0.06627857,2.36696987,0.16522943,4.76273607
0.07503752,9.82825922,1.08423236,0.59757810,2.73313000,1.42479667,0.06350537,2.32347513,0.16099978,4.70191685
0.08104052,9.68064776,1.06142206,0.59468730,2.66579839,1.39792726,0.06064306,2.27481234,0.15649642,4.62277645
0.08704352,9.50509951,1.03628451,0.58948367,2.59157475,1.36808961,0.05771066,2.22121443,0.15176357,4.52627252
0.09304652,9.30292379,1.00909057,0.58199878,2.51108030,1.33544635,0.05473012,2.16303653,0.14685201,4.41367198
0.09904952,9.07594331,0.98015260,0.57230205,2.42507316,1.30022095,0.05172583,2.10075268,0.14181759,4.28651940
0.10505253,8.82646101,0.94981665,0.56049994,2.33443092,1.26269398,0.04872400,2.03494854,0.13671967,4.14659887
0.11105553,8.55721507,0.91845405,0.54673431,2.24013006,1.22319796,0.04575198,1.96631036,0.13161938,3.99589116
0.11705853,8.27132396,0.88645281,0.53118001,2.14322291,1.18211093,0.04283749,1.89561083,0.12657792,3.83652791
0.12306153,7.97222368,0.85420933,0.51404175,2.04481328,1.13984906,0.04000794,1.82369236,0.12165489,3.67074429
0.12906453,7.66359919,0.82212069,0.49555022,1.94603150,1.09685865,0.03728965,1.75144840,0.11690682,3.50083183
0.13506753,7.34931189,0.79057784,0.47595773,1.84800974,1.05360765,0.03470719,1.67980362,0.11238584,3.32909268
0.14107054,7.03332525,0.75995974,0.45553332,1.75185826,1.01057701,0.03228275,1.60969328,0.10813859,3.15779638
0.14707354,6.71963004,0.73062860,0.43455754,1.65864321,0.96825198,0.03003563,1.54204276,0.10420535,2.98914016
0.15307654,6.41217086,0.70292619,0.41331693,1.56936636,0.92711358,0.02798177,1.47774750,0.10061939,2.82521344
0.15907954,6.11477553,0.67717101,0.39209852,1.48494721,0.88763031,0.02613341,1.41765408,0.09740658,2.66796691
0.16508254,5.83108852,0.65365627,0.37118437,1.40620766,0.85025022,0.02449887,1.36254274,0.09458516,2.51918676
0.17108554,5.56450980,0.63264841,0.35084627,1.33385950,0.81539353,0.02308243,1.31311185,0.09216569,2.38047400
0.17708854,5.31814035,0.61438604,0.33134091,1.26849478,0.78344577,0.02188430,1.26996461,0.09015113,2.25322910
0.18309155,5.09473531,0.59907891,0.31290556,1.21057922,0.75475171,0.02090073,1.23359830,0.08853708,2.13864187
0.18909455,4.89666586,0.58690703,0.29575435,1.16044856,0.72961002,0.02012416,1.20439635,0.08731206,2.03768645
0.19509755,4.72589064,0.57801957,0.28007536,1.11830804,0.70826895,0.01954351,1.18262336,0.08645787,1.95112117
0.20110055,4.58393722,0.57253360,0.26602853,1.08423477,0.69092298,0.01914453,1.16842324,0.08595010,1.87949305
0.20710355,4.47189405,0.57053262,0.25374439,1.05818304,0.67771062,0.01891026,1.16182049,0.08575860,1.82314648
0.21310655,4.39041290,0.57206496,0.24332373,1.03999225,0.66871338,0.01882145,1.16272460,0.08584808,1.78223561
0.21910955,4.33972125,0.57714207,0.23483798,1.02939739,0.66395598,0.01885717,1.17093738,0.08617878,1.75673976
0.22511256,4.31964399,0.58573695,0.22833041,1.02604155,0.66340769,0.01899533,1.18616307,0.08670720,1.74648124
0.23111556,4.32963317,0.59778262,0.22381785,1.02949019,0.66698486,0.01921328,1.20802079,0.08738693,1.75114458
0.23711856,4.36880412,0.61317109,0.22129297,1.03924662,0.67455437,0.01948843,1.23605882,0.08816957,1.77029637
0.24312156,4.43597620,0.63175273,0.22072672,1.05476801,0.68593801,0.01979878,1.26977033,0.08900569,1.80340471
0.24912456,4.52971586,0.65333617,0.22207101,1.07548148,0.70091739,0.02012351,1.30860963,0.08984586,1.84985717
0.25512756,4.64837996,0.67768904,0.22526121,1.10079950,0.71923931,0.02044344,1.35200843,0.09064179,1.90897664
0.26113057,4.79015702,0.70453931,0.23021853,1.13013394,0.74062120,0.02074149,1.39939133,0.09134735,1.98003389
0.26713357,4.95310447,0.73357750,0.23685196,1.16290835,0.76475654,0.02100300,1.45018978,0.09191967,2.06225658
0.27313657,5.13518036,0.76445968,0.24505983,1.19856775,0.79131990,0.02121601,1.50385384,0.09232014,2.15483417
0.27913957,5.33426820,0.79681121,0.25473081,1.23658583,0.81997148,0.02137139,1.55986135,0.09251531,2.25691874
0.28514257,5.54819449,0.83023126,0.26574450,1.27646916,0.85036108,0.02146291,1.61772391,0.09247766,2.36762192
0.29114557,5.77473898,0.86429805,0.27797143,1.31775854,0.88213138,0.02148716,1.67698972,0.09218618,2.48600870
0.29714857,6.01163843,0.89857466,0.29127288,1.36002764,0.91492056,0.02144344,1.73724305,0.09162681,2.61108882
0.30315158,6.25658518,0.93261557,0.30550033,1.40287935,0.94836441,0.02133348,1.79810070,0.09079258,2.74180709
0.30915458,6.50722253,0.96597359,0.32049493,1.44594034,0.98209796,0.02116111,1.85920598,0.08968365,2.87703408
0.31515758,6.76113902,0.99820736,0.33608712,1.48885450,1.01575702,0.02093193,1.92022055,0.08830702,3.01555856
0.32116058,7.01586441,1.02888909,0.35209645,1.53127618,1.04897965,0.02065285,1.98081520,0.08667611,3.15608333
0.32716358,7.26886948,1.05761272,0.36833204,1.57286372,1.08140792,0.02033167,2.04066028,0.08481013,3.29722581
0.33316658,7.51757222,1.08400196,0.38459355,1.61327441,1.11269015,0.01997667,2.09941662,0.08273332,3.43752456
0.33916958,7.75935205,1.10771849,0.40067294,1.65216116,1.14248378,0.01959616,2.15672797,0.08047405,3.57545258
0.34517259,7.99157338,1.12846965,0.41635698,1.68917167,1.17045889,0.01919813,2.21221557,0.07806386,3.70943769
0.35117559,8.21161888,1.14601572,0.43143058,1.72395024,1.19630262,0.01878995,2.26547557,0.07553643,3.83788995
0.35717859,8.41693212,1.16017632,0.44568077,1.75614237,1.21972413,0.01837813,2.31607954,0.07292657,3.95923544
0.36318159,8.60506836,1.17083564,0.45890130,1.78540200,1.24046014,0.01796813,2.36357845,0.07026919,4.07195515
0.36918459,8.77375118,1.17794631,0.47089759,1.81140091,1.25828070,0.01756424,2.40750974,0.06759843,4.17462736
0.37518759,8.92093250,1.18153141,0.48149190,1.83383973,1.27299498,0.01716962,2.44740742,0.06494671,4.26597142
0.38119060,9.04485231,1.18168458,0.49052831,1.85245981,1.28445656,0.01678630,2.48281431,0.06234406,4.34489070
0.38719360,9.14409480,1.17856791,0.49787738,1.86705495,1.29256795,0.01641527,2.51329593,0.05981737,4.41051204
0.39319660,9.21763698,1.17240760,0.50344017,1.87748216,1.29728402,0.01605663,2.53845499,0.05738995,4.46221955
0.39919960,9.26488658,1.16348718,0.50715137,1.88367049,1.29861378,0.01570978,2.55794548,0.05508106,4.49968033
0.40520260,9.28570609,1.15213878,0.50898129,1.88562713,1.29662055,0.01537357,2.57148562,0.05290567,4.52286048
0.41120560,9.28042095,1.13873225,0.50893666,1.88344015,1.29142008,0.01504651,2.57886857,0.05087430,4.53202983
0.41720860,9.24981032,1.12366284,0.50706010,1.87727744,1.28317679,0.01472693,2.57997043,0.04899297,4.52775493
0.42321161,9.19508037,1.10733769,0.50342826,1.86738176,1.27209800,0.01441313,2.57475475,0.04726332,4.51087997
0.42921461,9.11782081,1.09016180,0.49814865,1.85406185,1.25842657,0.01410352,2.56327356,0.04568277,4.48249647
0.43521761,9.01994648,1.07252405,0.49135543,1.83768017,1.24243205,0.01379668,2.54566468,0.04424481,4.44390293
0.44122061,8.90362676,1.05478386,0.48320420,1.81863785,1.22440085,0.01349142,2.52214564,0.04293943,4.39655636
0.44722361,8.77120637,1.03725926,0.47386615,1.79735752,1.20462598,0.01318678,2.49300468,0.04175352,4.34201795
0.45322661,8.62512163,1.02021679,0.46352186,1.77426529,1.18339675,0.01288206,2.45858932,0.04067144,4.28189572
0.45922961,8.46781648,1.00386381,0.45235501,1.74977274,1.16098907,0.01257672,2.41929356,0.03967559,4.21778684
0.46523262,8.30166248,0.98834360,0.44054632,1.72426001,1.13765683,0.01227038,2.37554420,0.03874702,4.15122244
0.47123562,8.12888689,0.97373339,0.42826804,1.69806106,1.11362476,0.01196270,2.32778742,0.03786610,4.08361755
0.47723862,7.95151215,0.96004545,0.41567920,1.67145188,1.08908327,0.01165337,2.27647619,0.03701317,4.01622842
0.48324162,7.77130944,0.94723116,0.40292180,1.64464231,1.06418527,0.01134200,2.22205933,0.03616911,3.95011891
0.48924462,7.58976789,0.93518770,0.39011818,1.61777194,1.03904535,0.01102813,2.16497256,0.03531602,3.88613715
0.49524762,7.40808029,0.92376698,0.37736945,1.59091007,1.01374106,0.01071118,2.10563202,0.03443770,3.82490310
0.50125063,7.22714469,0.91278633,0.36475517,1.56405979,0.98831623,0.01039042,2.04443014,0.03352013,3.76680672
0.50725363,7.04758079,0.90204024,0.35233400,1.53716567,0.96278612,0.01006508,1.98173398,0.03255189,3.71201622
0.51325663,6.86975881,0.89131255,0.34014542,1.51012446,0.93714377,0.00973428,1.91788555,0.03152440,3.66049513
0.51925963,6.69383805,0.88038844,0.32821211,1.48279803,0.91136739,0.00939717,1.85320386,0.03043211,3.61202654
0.52526263,6.51981188,0.86906543,0.31654293,1.45502764,0.88542802,0.00905297,1.78798804,0.02927258,3.56624254
0.53126563,6.34755587,0.85716312,0.30513619,1.42664861,0.85929716,0.00870103,1.72252102,0.02804644,3.52265702
0.53726863,6.17687559,0.84453092,0.29398302,1.39750445,0.83295378,0.00834093,1.65707316,0.02675719,3.48069961
0.54327164,6.00755101,0.83105371,0.28307061,1.36745957,0.80639021,0.00797254,1.59190544,0.02541101,3.43974894
0.54927464,5.83937518,0.81665513,0.27238511,1.33640989,0.77961684,0.00759607,1.52727161,0.02401638,3.39916370
0.55527764,5.67218490,0.80129851,0.26191403,1.30429079,0.75266507,0.00721213,1.46341916,0.02258372,3.35831001
0.56128064,5.50588258,0.78498558,0.25164816,1.27108216,0.72558861,0.00682169,1.40058893,0.02112491,3.31658440
0.56728364,5.34044843,0.76775328,0.24158270,1.23681022,0.69846305,0.00642617,1.33901331,0.01965282,3.27343177
0.57328664,5.17594360,0.74966883,0.23171790,1.20154646,0.67138377,0.00602731,1.27891328,0.01818085,3.22835834
0.57928964,5.01250483,0.73082378,0.22205899,1.16540373,0.64446248,0.00562721,1.22049442,0.01672242,3.18093964
0.58529265,4.85033233,0.71132719,0.21261565,1.12853008,0.61782259,0.00522823,1.16394232,0.01529058,3.13082435
0.59129565,4.68967230,0.69129866,0.20340101,1.09110088,0.59159377,0.00483290,1.10941783,0.01389756,3.07773440
0.59729865,4.53079641,0.67086150,0.19443040,1.05330969,0.56590607,0.00444385,1.05705241,0.01255449,3.02146237
0.60330165,4.37397987,0.65013644,0.18571992,1.01535873,0.54088410,0.00406372,1.00694416,0.01127110,2.96186696
0.60930465,4.21948034,0.62923636,0.17728497,0.97744938,0.51664131,0.00369507,0.95915475,0.01005556,2.89886741
0.61530765,4.06751899,0.60826196,0.16913891,0.93977348,0.49327508,0.00334030,0.91370759,0.00891430,2.83243748
0.62131066,3.91826523,0.58729880,0.16129184,0.90250562,0.47086263,0.00300156,0.87058736,0.00785205,2.76259972
0.62731366,3.77182602,0.56641561,0.15374973,0.86579707,0.44945798,0.00268071,0.82974107,0.00687177,2.68942025
0.63331666,3.62824017,0.54566381,0.14651382,0.82977141,0.42909018,0.00237925,0.79108051,0.00597480,2.61300448
0.63931966,3.48747782,0.52507816,0.13958035,0.79452197,0.40976277,0.00209832,0.75448608,0.00516091,2.53349368
0.64532266,3.34944482,0.50467846,0.13294068,0.76011119,0.39145447,0.00183866,0.71981179,0.00442855,2.45106247
0.65132566,3.21399152,0.48447187,0.12658167,0.72657167,0.37412103,0.00160063,0.68689110,0.00377497,2.36591692
0.65732866,3.08092497,0.46445582,0.12048633,0.69390868,0.35769804,0.00138423,0.65554343,0.00319645,2.27829325
0.66333167,2.95002380,0.44462121,0.11463470,0.66210404,0.34210462,0.00118912,0.62558095,0.00268852,2.18845668
0.66933467,2.82105460,0.42495567,0.10900485,0.63112079,0.32724758,0.00101464,0.59681536,0.00224615,2.09670025
0.67533767,2.69378875,0.40544664,0.10357396,0.60090855,0.31302607,0.00085990,0.56906435,0.00186394,2.00334341
0.68134067,2.56801879,0.38608423,0.09831939,0.57140905,0.29933622,0.00072379,0.54215755,0.00153634,1.90873015
0.68734367,2.44357330,0.36686354,0.09321969,0.54256166,0.28607578,0.00060504,0.51594162,0.00125775,1.81322656
0.69334667,2.32032969,0.34778659,0.08825548,0.51430848,0.27314833,0.00050229,0.49028448,0.00102269,1.71721778
0.69934967,2.19822414,0.32886359,0.08341024,0.48659887,0.26046709,0.00041409,0.46507844,0.00082592,1.62110422
0.70535268,2.07725847,0.31011361,0.07867083,0.45939319,0.24795799,0.00033900,0.44024217,0.00066246,1.52529726
0.71135568,1.95750352,0.29156477,0.07402787,0.43266558,0.23556209,0.00027559,0.41572160,0.00052773,1.43021434
0.71735868,1.83909922,0.27325379,0.06947589,0.40640576,0.22323708,0.00022247,0.39148966,0.00041753,1.33627356
0.72336168,1.72225123,0.25522514,0.06501329,0.38061981,0.21095804,0.00017833,0.36754509,0.00032808,1.24388811
0.72936468,1.60722461,0.23752977,0.06064212,0.35532992,0.19871732,0.00014194,0.34391023,0.00025603,1.15346037
0.73536768,1.49433480,0.22022356,0.05636769,0.33057336,0.18652372,0.00011217,0.32062818,0.00019843,1.06537612
0.74137069,1.38393651,0.20336548,0.05219810,0.30640051,0.17440095,0.00008802,0.29775925,0.00015273,0.97999877
0.74737369,1.27641099,0.18701573,0.04814359,0.28287234,0.16238557,0.00006858,0.27537709,0.00011675,0.89766398
0.75337669,1.17215230,0.17123377,0.04421593,0.26005746,0.15052450,0.00005306,0.25356449,0.00008863,0.81867465
0.75937969,1.07155339,0.15607643,0.04042771,0.23802879,0.13887227,0.00004075,0.23240923,0.00006682,0.74329653
0.76538269,0.97499232,0.14159616,0.03679170,0.21686021,0.12748811,0.00003108,0.21199992,0.00005003,0.67175451
0.77138569,0.88281944,0.12783945,0.03332016,0.19662326,0.11643307,0.00002354,0.19242224,0.00003720,0.60422977
0.77738869,0.79534594,0.11484550,0.03002433,0.17738400,0.10576728,0.00001769,0.17375547,0.00002747,0.54085778
0.78339170,0.71283421,0.10264521,0.02691392,0.15920037,0.09554747,0.00001321,0.15606959,0.00002015,0.48172740
0.78939470,0.63549036,0.09126043,0.02399672,0.14211986,0.08582482,0.00000979,0.13942296,0.00001467,0.42688091
0.79539770,0.56345901,0.08070358,0.02127831,0.12617780,0.07664324,0.00000720,0.12386060,0.00001061,0.37631511
0.80140070,0.49682065,0.07097759,0.01876192,0.11139626,0.06803809,0.00000526,0.10941318,0.00000762,0.32998341
0.80740370,0.43559129,0.06207610,0.01644832,0.09778348,0.06003536,0.00000382,0.09609664,0.00000544,0.28779888
0.81340670,0.37972452,0.05398401,0.01433589,0.08533386,0.05265137,0.00000275,0.08391235,0.00000385,0.24963814
0.81940970,0.32911555,0.04667823,0.01242071,0.07402857,0.04589282,0.00000197,0.07284794,0.00000271,0.21534595
0.82541271,0.28360712,0.04012863,0.01069682,0.06383649,0.03975730,0.00000140,0.06287850,0.00000189,0.18474039
0.83141571,0.24299682,0.03429915,0.00915640,0.05471567,0.03423407,0.00000098,0.05396822,0.00000131,0.15761842
0.83741871,0.20704547,0.02914903,0.00779014,0.04661492,0.02930515,0.00000069,0.04607231,0.00000090,0.13376174
0.84342171,0.17548620,0.02463405,0.00658753,0.03947574,0.02494658,0.00000048,0.03913907,0.00000062,0.11294267
0.84942471,0.14803389,0.02070777,0.00553723,0.03323426,0.02112976,0.00000033,0.03311218,0.00000042,0.09492993
0.85542771,0.12439454,0.01732279,0.00462742,0.02782323,0.01782296,0.00000023,0.02793284,0.00000028,0.07949429
0.86143072,0.10427438,0.01443188,0.00384611,0.02317391,0.01499266,0.00000015,0.02354199,0.00000019,0.06641378
0.86743372,0.08738836,0.01198896,0.00318146,0.01921794,0.01260499,0.00000010,0.01988231,0.00000013,0.05547851
0.87343672,0.07346799,0.00995008,0.00262208,0.01588891,0.01062698,0.00000007,0.01690012,0.00000008,0.04649499
0.87943972,0.06226817,0.00827410,0.00215725,0.01312385,0.00902770,0.00000005,0.01454701,0.00000005,0.03928993
0.88544272,0.05357322,0.00692334,0.00177720,0.01086442,0.00777925,0.00000003,0.01278126,0.00000004,0.03371342
0.89144572,0.04720176,0.00586401,0.00147322,0.00905789,0.00685765,0.00000002,0.01156900,0.00000002,0.02964166
0.89744872,0.04301068,0.00506650,0.00123791,0.00765797,0.00624344,0.00000001,0.01088507,0.00000001,0.02697907
0.90345173,0.04089813,0.00450554,0.00106525,0.00662529,0.00592224,0.00000001,0.01071373,0.00000001,0.02565996
0.90945473,0.04080552,0.00416023,0.00095071,0.00592784,0.00588505,0.00000001,0.01104898,0.00000001,0.02564966
0.91545773,0.04271868,0.00401396,0.00089141,0.00554112,0.00612844,0.00000000,0.01189473,0.00000000,0.02694521
0.92146073,0.04666815,0.00405420,0.00088610,0.00544820,0.00665464,0.00000000,0.01326466,0.00000000,0.02957570
0.92746373,0.05272869,0.00427222,0.00093532,0.00563958,0.00747134,0.00000000,0.01518194,0.00000000,0.03360203
0.93346673,0.06101793,0.00466277,0.00104139,0.00611301,0.00859153,0.00000000,0.01767864,0.00000000,0.03911633
0.93946973,0.07169436,0.00522364,0.00120850,0.00687310,0.01003311,0.00000000,0.02079499,0.00000000,0.04624092
0.94547274,0.08495440,0.00595524,0.00144270,0.00793090,0.01181838,0.00000000,0.02457842,0.00000000,0.05512675
0.95147574,0.10102885,0.00686011,0.00175197,0.00930332,0.01397347,0.00000000,0.02908246,0.00000000,0.06595130
0.95747874,0.12017841,0.00794244,0.00214617,0.01101245,0.01652759,0.00000000,0.03436539,0.00000000,0.07891596
0.96348174,0.14268847,0.00920759,0.00263707,0.01308481,0.01951225,0.00000000,0.04048888,0.00000000,0.09424276
0.96948474,0.16886314,0.01066158,0.00323825,0.01555044,0.02296033,0.00000000,0.04751636,0.00000000,0.11217040
0.97548774,0.19901843,0.01231068,0.00396505,0.01844185,0.02690505,0.00000000,0.05551139,0.00000000,0.13294974
0.98149075,0.23347481,0.01416098,0.00483442,0.02179293,0.03137898,0.00000000,0.06453600,0.00000000,0.15683848
0.98749375,0.27254906,0.01621800,0.00586474,0.02563767,0.03641285,0.00000000,0.07464891,0.00000000,0.18409531
0.99349675,0.31654567,0.01848643,0.00707560,0.03000881,0.04203448,0.00000000,0.08590385,0.00000000,0.21497342
0.99949975,0.36574787,0.02096982,0.00848749,0.03493640,0.04826758,0.00000000,0.09834793,0.00000000,0.24971358
1.00550275,0.42040845,0.02367045,0.01012146,0.04044631,0.05513071,0.00000000,0.11202010,0.00000000,0.28853684
1.01150575,0.48074072,0.02658923,0.01199870,0.04655873,0.06263619,0.00000000,0.12694976,0.00000000,0.33163709
1.01750875,0.54690975,0.02972562,0.01414011,0.05328666,0.07078920,0.00000000,0.14315560,0.00000000,0.37917370
1.02351176,0.61902418,0.03307765,0.01656575,0.06063455,0.07958698,0.00000000,0.16064456,0.00000000,0.43126436
1.02951476,0.69712895,0.03664205,0.01929436,0.06859697,0.08901816,0.00000000,0.17941112,0.00000000,0.48797852
1.03551776,0.78119909,0.04041428,0.02234274,0.07715761,0.09906240,0.00000000,0.19943679,0.00000000,0.54933158
1.04152076,0.87113493,0.04438869,0.02572521,0.08628845,0.10969010,0.00000000,0.22068985,0.00000000,0.61528008
1.04752376,0.96675893,0.04855865,0.02945304,0.09594925,0.12086249,0.00000000,0.24312533,0.00000000,0.68571825
1.05352676,1.06781418,0.05291661,0.03353396,0.10608743,0.13253188,0.00000000,0.26668520,0.00000000,0.76047588
1.05952976,1.17396480,0.05745415,0.03797162,0.11663835,0.14464221,0.00000000,0.29129877,0.00000000,0.83931783
1.06553277,1.28479819,0.06216200,0.04276525,0.12752602,0.15712976,0.00000000,0.31688323,0.00000000,0.92194522
1.07153577,1.39982909,0.06702991,0.04790923,0.13866417,0.16992415,0.00000000,0.34334428,0.00000000,1.00799822
1.07753877,1.51850527,0.07204647,0.05339293,0.14995779,0.18294949,0.00000000,0.37057685,0.00000000,1.09706044
1.08354177,1.64021477,0.07719884,0.05920054,0.16130504,0.19612562,0.00000000,0.39846588,0.00000000,1.18866478
1.08954477,1.76429427,0.08247238,0.06531100,0.17259939,0.20936954,0.00000000,0.42688700,0.00000000,1.28230047
1.09554777,1.89003833,0.08785021,0.07169814,0.18373213,0.22259673,0.00000000,0.45570727,0.00000000,1.37742108
1.10155078,2.01670923,0.09331271,0.07833080,0.19459485,0.23572262,0.00000000,0.48478587,0.00000000,1.47345315
1.10755378,2.14354685,0.09883704,0.08517314,0.20508211,0.24866384,0.00000000,0.51397460,0.00000000,1.56980514
1.11355678,2.26977849,0.10439659,0.09218505,0.21509396,0.26133942,0.00000000,0.54311854,0.00000000,1.66587626
1.11955978,2.39462808,0.10996056,0.09932252,0.22453831,0.27367183,0.00000000,0.57205653,0.00000000,1.76106506
1.12556278,2.51732474,0.11549360,0.10653825,0.23333298,0.28558781,0.00000000,0.60062170,0.00000000,1.85477720
1.13156578,2.63711033,0.12095561,0.11378218,0.24140748,0.29701899,0.00000000,0.62864212,0.00000000,1.94643252
1.13756878,2.75324605,0.12630167,0.12100214,0.24870425,0.30790230,0.00000000,0.65594147,0.00000000,2.03547098
1.14357179,2.86501795,0.13148228,0.12814450,0.25517946,0.31818016,0.00000000,0.68233993,0.00000000,2.12135748
1.14957479,2.97174150,0.13644373,0.13515481,0.26080338,0.32780051,0.00000000,0.70765532,0.00000000,2.20358574
1.15557779,3.07276540,0.14112881,0.14197853,0.26556008,0.33671665,0.00000000,0.73170440,0.00000000,2.28168097
1.16158079,3.16747469,0.14547774,0.14856168,0.26944683,0.34488705,0.00000000,0.75430463,0.00000000,2.35520187
1.16758379,3.25529366,0.14942932,0.15485153,0.27247296,0.35227495,0.00000000,0.77527613,0.00000000,2.42374183
1.17358679,3.33568845,0.15292239,0.16079727,0.27465840,0.35884811,0.00000000,0.79444402,0.00000000,2.48692974
1.17958979,3.40816999,0.15589734,0.16635064,0.27603198,0.36457850,0.00000000,0.81164111,0.00000000,2.54443062
1.18559280,3.47229714,0.15829785,0.17146658,0.27662950,0.36944206,0.00000000,0.82671077,0.00000000,2.59594622
1.19159580,3.52768031,0.16007260,0.17610381,0.27649177,0.37341866,0.00000000,0.83951011,0.00000000,2.64121579
1.19759880,3.57398565,0.16117707,0.18022539,0.27566263,0.37649206,0.00000000,0.84991313,0.00000000,2.68001721
1.20360180,3.61093972,0.16157512,0.18379924,0.27418712,0.37865013,0.00000000,0.85781399,0.00000000,2.71216852
1.20960480,3.63833453,0.16124053,0.18679865,0.27210984,0.37988515,0.00000000,0.86313009,0.00000000,2.73752986
1.21560780,3.65603282,0.16015817,0.18920261,0.26947350,0.38019424,0.00000000,0.86580491,0.00000000,2.75600574
1.22161081,3.66397330,0.15832502,0.19099621,0.26631782,0.37957989,0.00000000,0.86581048,0.00000000,2.76754765
1.22761381,3.66217547,0.15575065,0.19217087,0.26267877,0.37805056,0.00000000,0.86314934,0.00000000,2.77215666
1.23361681,3.65074382,0.15245747,0.19272452,0.25858811,0.37562122,0.00000000,0.85785580,0.00000000,2.76988600
1.23961981,3.62987094,0.14848049,0.19266165,0.25407327,0.37231395,0.00000000,0.84999662,0.00000000,2.76084333
1.24562281,3.59983929,0.14386663,0.19199333,0.24915759,0.36815832,0.00000000,0.83967080,0.00000000,2.74519237
1.25162581,3.56102125,0.13867374,0.19073701,0.24386070,0.36319175,0.00000000,0.82700859,0.00000000,2.72315384
1.25762881,3.51387727,0.13296919,0.18891628,0.23819932,0.35745963,0.00000000,0.81216963,0.00000000,2.69500538
1.26363182,3.45895194,0.12682814,0.18656057,0.23218805,0.35101512,0.00000000,0.79534033,0.00000000,2.66108024
1.26963482,3.39686775,0.12033167,0.18370458,0.22584042,0.34391889,0.00000000,0.77673043,0.00000000,2.62176472
1.27563782,3.32831667,0.11356462,0.18038778,0.21916989,0.33623841,0.00000000,0.75656892,0.00000000,2.57749414
1.28164082,3.25404949,0.10661351,0.17665371,0.21219091,0.32804710,0.00000000,0.73509938,0.00000000,2.52874724
1.28764382,3.17486322,0.09956431,0.17254922,0.20491989,0.31942313,0.00000000,0.71257482,0.00000000,2.47603924
1.29364682,3.09158656,0.09250045,0.16812361,0.19737608,0.31044805,0.00000000,0.68925231,0.00000000,2.41991341
1.29964982,3.00506409,0.08550087,0.16342777,0.18958223,0.30120521,0.00000000,0.66538737,0.00000000,2.36093140
1.30565283,2.91613938,0.07863842,0.15851323,0.18156512,0.29177800,0.00000000,0.64122849,0.00000000,2.29966259
1.31165583,2.82563768,0.07197842,0.15343119,0.17335588,0.28224808,0.00000000,0.61701178,0.00000000,2.23667275
1.31765883,2.73434867,0.06557764,0.14823160,0.16498997,0.27269353,0.00000000,0.59295599,0.00000000,2.17251229
1.32366183,2.64300999,0.05948352,0.14296223,0.15650701,0.26318710,0.00000000,0.56925815,0.00000000,2.10770477
1.32966483,2.55229225,0.05373385,0.13766783,0.14795039,0.25379457,0.00000000,0.54608981,0.00000000,2.04273593
1.33566783,2.46278604,0.04835661,0.13238939,0.13936657,0.24457337,0.00000000,0.52359418,0.00000000,1.97804391
1.34167084,2.37499173,0.04337031,0.12716348,0.13080433,0.23557148,0.00000000,0.50188418,0.00000000,1.91401113
1.34767384,2.28931249,0.03878439,0.12202183,0.12231376,0.22682663,0.00000000,0.48104151,0.00000000,1.85095831
1.35367684,2.20605107,0.03460003,0.11699097,0.11394523,0.21836597,0.00000000,0.46111679,0.00000000,1.78914093
1.35967984,2.12541048,0.03081102,0.11209216,0.10574829,0.21020613,0.00000000,0.44213080,0.00000000,1.72874865
1.36568284,2.04749878,0.02740477,0.10734145,0.09777058,0.20235369,0.00000000,0.42407670,0.00000000,1.66990761
1.37168584,1.97233779,0.02436346,0.10274997,0.09005680,0.19480615,0.00000000,0.40692321,0.00000000,1.61268566
1.37768884,1.89987534,0.02166515,0.09832439,0.08264778,0.18755320,0.00000000,0.39061861,0.00000000,1.55710039
1.38369185,1.83000055,0.01928488,0.09406755,0.07557967,0.18057834,0.00000000,0.37509538,0.00000000,1.50312941
1.38969485,1.76256130,0.01719576,0.08997916,0.06888335,0.17386076,0.00000000,0.36027520,0.00000000,1.45072251
1.39569785,1.69738295,0.01536994,0.08605671,0.06258395,0.16737730,0.00000000,0.34607426,0.00000000,1.39981481
1.40170085,1.63428731,0.01377946,0.08229626,0.05670061,0.16110448,0.00000000,0.33240836,0.00000000,1.35034018
1.40770385,1.57311066,0.01239703,0.07869332,0.05124646,0.15502043,0.00000000,0.31919785,0.00000000,1.30224404
1.41370685,1.51371977,0.01119661,0.07524363,0.04622868,0.14910660,0.00000000,0.30637188,0.00000000,1.25549467
1.41970985,1.45602499,0.01015392,0.07194382,0.04164883,0.14334918,0.00000000,0.29387203,0.00000000,1.21009223
1.42571286,1.39998946,0.00924673,0.06879193,0.03750320,0.13774011,0.00000000,0.28165489,0.00000000,1.16607479
1.43171586,1.34563394,0.00845512,0.06578770,0.03378333,0.13227767,0.00000000,0.26969370,0.00000000,1.12352092
1.43771886,1.29303690,0.00776155,0.06293270,0.03047656,0.12696655,0.00000000,0.25797882,0.00000000,1.08254857
1.44372186,1.24232982,0.00715088,0.06023022,0.02756658,0.12181746,0.00000000,0.24651711,0.00000000,1.04331018
1.44972486,1.19368806,0.00661026,0.05768493,0.02503408,0.11684629,0.00000000,0.23533037,0.00000000,1.00598426
1.45572786,1.14731780,0.00612898,0.05530243,0.02285725,0.11207279,0.00000000,0.22445274,0.00000000,0.97076403
1.46173087,1.10343995,0.00569828,0.05308858,0.02101232,0.10751904,0.00000000,0.21392750,0.00000000,0.93784361
1.46773387,1.06227214,0.00531109,0.05104876,0.01947404,0.10320765,0.00000000,0.20380328,0.00000000,0.90740292
1.47373687,1.02400980,0.00496177,0.04918713,0.01821610,0.09915987,0.00000000,0.19413010,0.00000000,0.87959203
1.47973987,0.98880778,0.00464586,0.04750579,0.01721143,0.09539373,0.00000000,0.18495528,0.00000000,0.85451619
1.48574287,0.95676363,0.00435983,0.04600415,0.01643260,0.09192234,0.00000000,0.17631971,0.00000000,0.83222247
1.49174587,0.92790368,0.00410084,0.04467830,0.01585202,0.08875240,0.00000000,0.16825449,0.00000000,0.81268899
1.49774887,0.90217281,0.00386650,0.04352062,0.01544220,0.08588318,0.00000000,0.16077826,0.00000000,0.79581753
1.50375188,0.87942871,0.00365476,0.04251958,0.01517600,0.08330577,0.00000000,0.15389530,0.00000000,0.78143005
1.50975488,0.85944095,0.00346369,0.04165972,0.01502682,0.08100290,0.00000000,0.14759453,0.00000000,0.76926949
1.51575788,0.84189507,0.00329145,0.04092190,0.01496885,0.07894921,0.00000000,0.14184944,0.00000000,0.75900496
1.52176088,0.82640136,0.00313617,0.04028377,0.01497729,0.07711196,0.00000000,0.13661885,0.00000000,0.75024103
1.52776388,0.81250797,0.00299593,0.03972038,0.01502861,0.07545220,0.00000000,0.13184857,0.00000000,0.74253067
1.53376688,0.79971754,0.00286873,0.03920503,0.01510079,0.07392622,0.00000000,0.12747368,0.00000000,0.73539131
1.53976988,0.78750652,0.00275255,0.03871018,0.01517357,0.07248734,0.00000000,0.12342144,0.00000000,0.72832298
1.54577289,0.77534584,0.00264534,0.03820845,0.01522872,0.07108779,0.00000000,0.11961446,0.00000000,0.72082761
1.55177589,0.76272219,0.00254510,0.03767364,0.01525026,0.06968067,0.00000000,0.11597413,0.00000000,0.71242857
1.55777889,0.74915832,0.00244989,0.03708169,0.01522464,0.06822189,0.00000000,0.11242394,0.00000000,0.70268924
1.56378189,0.73423174,0.00235793,0.03641153,0.01514095,0.06667187,0.00000000,0.10889264,0.00000000,0.69122983
1.56978489,0.71759049,0.00226762,0.03564589,0.01499095,0.06499709,0.00000000,0.10531704,0.00000000,0.67774150
1.57578789,0.69896554,0.00217758,0.03477178,0.01476918,0.06317122,0.00000000,0.10164426,0.00000000,0.66199717
1.58179090,0.67817915,0.00208672,0.03378094,0.01447287,0.06117602,0.00000000,0.09783340,0.00000000,0.64385854
1.58779390,0.65514897,0.00199422,0.03266995,0.01410188,0.05900171,0.00000000,0.09385664,0.00000000,0.62327913
1.59379690,0.62988777,0.00189957,0.03144020,0.01365853,0.05664707,0.00000000,0.08969956,0.00000000,0.60030329
1.59979990,0.60249917,0.00180251,0.03009765,0.01314734,0.05411905,0.00000000,0.08536089,0.00000000,0.57506146
1.60580290,0.57316966,0.00170311,0.02865239,0.01257474,0.05143214,0.00000000,0.08085167,0.00000000,0.54776192
1.61180590,0.54215746,0.00160164,0.02711810,0.01194877,0.04860738,0.00000000,0.07619393,0.00000000,0.51867986
1.61780890,0.50977911,0.00149860,0.02551129,0.01127864,0.04567120,0.00000000,0.07141892,0.00000000,0.48814416
1.62381191,0.47639445,0.00139465,0.02385064,0.01057445,0.04265407,0.00000000,0.06656509,0.00000000,0.45652285
1.62981491,0.44239079,0.00129057,0.02215611,0.00984669,0.03958911,0.00000000,0.06167597,0.00000000,0.42420793
1.63581791,0.40816722,0.00118722,0.02044820,0.00910596,0.03651065,0.00000000,0.05679793,0.00000000,0.39160026
1.64182091,0.37411956,0.00108550,0.01874719,0.00836259,0.03345292,0.00000000,0.05197809,0.00000000,0.35909526
1.64782391,0.34062680,0.00098627,0.01707245,0.00762634,0.03044880,0.00000000,0.04726230,0.00000000,0.32707002
1.65382691,0.30803939,0.00089036,0.01544186,0.00690615,0.02752879,0.00000000,0.04269351,0.00000000,0.29587219
1.65982991,0.27666970,0.00079852,0.01387136,0.00620994,0.02472008,0.00000000,0.03831027,0.00000000,0.26581108
1.66583292,0.24678500,0.00071140,0.01237456,0.00554447,0.02204600,0.00000000,0.03414573,0.00000000,0.23715108
1.67183592,0.21860291,0.00062952,0.01096255,0.00491523,0.01952552,0.00000000,0.03022685,0.00000000,0.21010744
1.67783892,0.19228919,0.00055327,0.00964379,0.00432647,0.01717306,0.00000000,0.02657403,0.00000000,0.18484445
1.68384192,0.16795785,0.00048292,0.00842412,0.00378113,0.01499851,0.00000000,0.02320103,0.00000000,0.16147561
1.68984492,0.14567315,0.00041860,0.00730684,0.00328098,0.01300738,0.00000000,0.02011515,0.00000000,0.14006579
1.69584792,0.12545324,0.00036032,0.00629294,0.00282667,0.01120110,0.00000000,0.01731767,0.00000000,0.12063484
1.70185093,0.10727500,0.00030798,0.00538132,0.00241787,0.00957748,0.00000000,0.01480446,0.00000000,0.10316238
1.70785393,0.09107980,0.00026139,0.00456906,0.00205340,0.00813117,0.00000000,0.01256671,0.00000000,0.08759342
1.71385693,0.07677969,0.00022029,0.00385180,0.00173140,0.00685424,0.00000000,0.01059173,0.00000000,0.07384447
1.71985993,0.06426378,0.00018434,0.00322400,0.00144944,0.00573673,0.00000000,0.00886382,0.00000000,0.06180966
1.72586293,0.05340445,0.00015316,0.00267926,0.00120470,0.00476719,0.00000000,0.00736508,0.00000000,0.05136685
1.73186593,0.04406324,0.00012635,0.00221066,0.00099411,0.00393325,0.00000000,0.00607618,0.00000000,0.04238330
1.73786893,0.03609609,0.00010349,0.00181097,0.00081446,0.00322200,0.00000000,0.00497710,0.00000000,0.03472076
1.74387194,0.02935799,0.00008416,0.00147293,0.00066248,0.00262050,0.00000000,0.00404772,0.00000000,0.02823997
1.74987494,0.02370678,0.00006795,0.00118941,0.00053500,0.00211605,0.00000000,0.00326836,0.00000000,0.02280437
1.75587794,0.01900629,0.00005448,0.00095359,0.00042895,0.00169646,0.00000000,0.00262019,0.00000000,0.01828307
1.76188094,0.01512862,0.00004336,0.00075904,0.00034145,0.00135034,0.00000000,0.00208553,0.00000000,0.01455312
1.76788394,0.01195576,0.00003426,0.00059986,0.00026986,0.00106713,0.00000000,0.00164808,0.00000000,0.01150107
1.77388694,0.00938059,0.00002688,0.00047065,0.00021174,0.00083727,0.00000000,0.00129306,0.00000000,0.00902391
1.77988994,0.00730730,0.00002094,0.00036663,0.00016495,0.00065222,0.00000000,0.00100725,0.00000000,0.00702950
1.78589295,0.00565142,0.00001619,0.00028355,0.00012757,0.00050442,0.00000000,0.00077898,0.00000000,0.00543660
1.79189595,0.00433941,0.00001243,0.00021772,0.00009796,0.00038731,0.00000000,0.00059813,0.00000000,0.00417448
1.79789895,0.00330808,0.00000948,0.00016598,0.00007468,0.00029526,0.00000000,0.00045597,0.00000000,0.00318237
1.80390195,0.00250376,0.00000717,0.00012562,0.00005652,0.00022347,0.00000000,0.00034510,0.00000000,0.00240862
1.80990495,0.00188141,0.00000539,0.00009440,0.00004247,0.00016792,0.00000000,0.00025932,0.00000000,0.00180992
1.81590795,0.00140360,0.00000402,0.00007042,0.00003169,0.00012528,0.00000000,0.00019346,0.00000000,0.00135027
1.82191096,0.00103962,0.00000298,0.00005216,0.00002347,0.00009279,0.00000000,0.00014329,0.00000000,0.00100012
1.82791396,0.00076450,0.00000219,0.00003836,0.00001726,0.00006823,0.00000000,0.00010537,0.00000000,0.00073546
1.83391696,0.00055815,0.00000160,0.00002800,0.00001260,0.00004982,0.00000000,0.00007693,0.00000000,0.00053695
1.83991996,0.00040457,0.00000116,0.00002030,0.00000913,0.00003611,0.00000000,0.00005576,0.00000000,0.00038920
1.84592296,0.00029114,0.00000083,0.00001461,0.00000657,0.00002599,0.00000000,0.00004013,0.00000000,0.00028009
1.85192596,0.00020801,0.00000060,0.00001044,0.00000470,0.00001857,0.00000000,0.00002867,0.00000000,0.00020011
1.85792896,0.00014755,0.00000042,0.00000740,0.00000333,0.00001317,0.00000000,0.00002034,0.00000000,0.00014195
1.86393197,0.00010391,0.00000030,0.00000521,0.00000235,0.00000927,0.00000000,0.00001432,0.00000000,0.00009997
1.86993497,0.00007266,0.00000021,0.00000365,0.00000164,0.00000648,0.00000000,0.00001001,0.00000000,0.00006990
1.87593797,0.00005044,0.00000014,0.00000253,0.00000114,0.00000450,0.00000000,0.00000695,0.00000000,0.00004852
1.88194097,0.00003476,0.00000010,0.00000174,0.00000078,0.00000310,0.00000000,0.00000479,0.00000000,0.00003344
1.88794397,0.00002378,0.00000007,0.00000119,0.00000054,0.00000212,0.00000000,0.00000328,0.00000000,0.00002288
1.89394697,0.00001616,0.00000005,0.00000081,0.00000036,0.00000144,0.00000000,0.00000223,0.00000000,0.00001554
1.89994997,0.00001090,0.00000003,0.00000055,0.00000025,0.00000097,0.00000000,0.00000150,0.00000000,0.00001048
1.90595298,0.00000730,0.00000002,0.00000037,0.00000016,0.00000065,0.00000000,0.00000101,0.00000000,0.00000702
1.91195598,0.00000485,0.00000001,0.00000024,0.00000011,0.00000043,0.00000000,0.00000067,0.00000000,0.00000467
1.91795898,0.00000320,0.00000001,0.00000016,0.00000007,0.00000029,0.00000000,0.00000044,0.00000000,0.00000308
1.92396198,0.00000210,0.00000001,0.00000011,0.00000005,0.00000019,0.00000000,0.00000029,0.00000000,0.00000202
1.92996498,0.00000136,0.00000000,0.00000007,0.00000003,0.00000012,0.00000000,0.00000019,0.00000000,0.00000131
1.93596798,0.00000088,0.00000000,0.00000004,0.00000002,0.00000008,0.00000000,0.00000012,0.00000000,0.00000085
1.94197099,0.00000057,0.00000000,0.00000003,0.00000001,0.00000005,0.00000000,0.00000008,0.00000000,0.00000054
1.94797399,0.00000036,0.00000000,0.00000002,0.00000001,0.00000003,0.00000000,0.00000005,0.00000000,0.00000035
1.95397699,0.00000023,0.00000000,0.00000001,0.00000001,0.00000002,0.00000000,0.00000003,0.00000000,0.00000022
1.95997999,0.00000014,0.00000000,0.00000001,0.00000000,0.00000001,0.00000000,0.00000002,0.00000000,0.00000014
1.96598299,0.00000009,0.00000000,0.00000000,0.00000000,0.00000001,0.00000000,0.00000001,0.00000000,0.00000009
1.97198599,0.00000006,0.00000000,0.00000000,0.00000000,0.00000000,0.00000000,0.00000001,0.00000000,0.00000005
1.97798899,0.00000003,0.00000000,0.00000000,0.00000000,0.00000000,0.00000000,0.00000000,0.00000000,0.00000003
1.98399200,0.00000002,0.00000000,0.00000000,0.00000000,0.00000000,0.00000000,0.00000000,0.00000000,0.00000002
1.98999500,0.00000001,0.00000000,0.00000000,0.00000000,0.00000000,0.00000000,0.00000000,0.00000000,0.00000001
1.99599800,0.00000001,0.00000000,0.00000000,0.00000000,0.00000000,0.00000000,0.00000000,0.00000000,0.00000001
2.00200100,0.00000000,0.00000000,0.00000000,0.00000000,0.00000000,0.00000000,0.00000000,0.00000000,0.00000000
2.00800400,0.00000000,0.00000000,0.00000000,0.00000000,0.00000000,0.00000000,0.00000000,0.00000000,0.00000000
2.01400700,0.00000000,0.00000000,0.00000000,0.00000000,0.00000000,0.00000000,0.00000000,0.00000000,0.00000000
2.02001001,0.00000000,0.00000000,0.00000000,0.00000000,0.00000000,0.00000000,0.00000000,0.00000000,0.00000000
2.02601301,0.00000000,0.00000000,0.00000000,0.00000000,0.00000000,0.00000000,0.00000000,0.00000000,0.00000000
2.03201601,0.00000000,0.00000000,0.00000000,0.00000000,0.00000000,0.00000000,0.00000000,0.00000000,0.00000000
2.03801901,0.00000000,0.00000000,0.00000000,0.00000000,0.00000000,0.00000000,0.00000000,0.00000000,0.00000000
2.04402201,0.00000000,0.00000000,0.00000000,0.00000000,0.00000000,0.00000000,0.00000000,0.00000000,0.00000000
2.05002501,0.00000000,0.00000000,0.00000000,0.00000000,0.00000000,0.00000000,0.00000000,0.00000000,0.00000000
2.05602801,0.00000001,0.00000000,0.00000000,0.00000001,0.00000000,0.00000000,0.00000000,0.00000000,0.00000000
2.06203102,0.00000001,0.00000000,0.00000000,0.00000001,0.00000000,0.00000000,0.00000000,0.00000000,0.00000000
2.06803402,0.00000002,0.00000000,0.00000000,0.00000001,0.00000000,0.00000000,0.00000000,0.00000000,0.00000000
2.07403702,0.00000004,0.00000000,0.00000000,0.00000002,0.00000000,0.00000000,0.00000000,0.00000000,0.00000001
2.08004002,0.00000006,0.00000000,0.00000000,0.00000004,0.00000000,0.00000001,0.00000000,0.00000000,0.00000001
2.08604302,0.00000009,0.00000000,0.00000000,0.00000006,0.00000000,0.00000001,0.00000000,0.00000000,0.00000001
2.09204602,0.00000015,0.00000000,0.00000000,0.00000010,0.00000000,0.00000001,0.00000000,0.00000001,0.00000002
2.09804902,0.00000023,0.00000000,0.00000001,0.00000016,0.00000000,0.00000002,0.00000000,0.00000001,0.00000003
2.10405203,0.00000036,0.00000000,0.00000001,0.00000025,0.00000000,0.00000004,0.00000000,0.00000002,0.00000005
2.11005503,0.00000057,0.00000000,0.00000002,0.00000039,0.00000001,0.00000006,0.00000000,0.00000003,0.00000008
2.11605803,0.00000088,0.00000000,0.00000002,0.00000060,0.00000001,0.00000009,0.00000000,0.00000004,0.00000013
2.12206103,0.00000136,0.00000000,0.00000004,0.00000092,0.00000001,0.00000014,0.00000000,0.00000006,0.00000020
2.12806403,0.00000209,0.00000000,0.00000006,0.00000141,0.00000002,0.00000021,0.00000000,0.00000010,0.00000031
2.13406703,0.00000317,0.00000000,0.00000009,0.00000214,0.00000003,0.00000032,0.00000000,0.00000015,0.00000047
2.14007004,0.00000478,0.00000000,0.00000013,0.00000323,0.00000005,0.00000048,0.00000000,0.00000022,0.00000070
2.14607304,0.00000715,0.00000000,0.00000020,0.00000483,0.00000007,0.00000072,0.00000000,0.00000033,0.00000105
2.15207604,0.00001063,0.00000000,0.00000030,0.00000718,0.00000010,0.00000108,0.00000000,0.00000049,0.00000156
2.15807904,0.00001569,0.00000000,0.00000044,0.00001059,0.00000015,0.00000159,0.00000000,0.00000072,0.00000231
2.16408204,0.00002298,0.00000000,0.00000064,0.00001552,0.00000022,0.00000233,0.00000000,0.00000106,0.00000338
2.17008504,0.00003343,0.00000000,0.00000094,0.00002257,0.00000032,0.00000339,0.00000000,0.00000154,0.00000491
2.17608804,0.00004827,0.00000000,0.00000135,0.00003260,0.00000046,0.00000489,0.00000000,0.00000223,0.00000709
2.18209105,0.00006921,0.00000000,0.00000194,0.00004673,0.00000066,0.00000701,0.00000000,0.00000319,0.00001017
2.18809405,0.00009852,0.00000000,0.00000276,0.00006652,0.00000093,0.00000998,0.00000000,0.00000454,0.00001448
2.19409705,0.00013924,0.00000000,0.00000391,0.00009401,0.00000132,0.00001411,0.00000000,0.00000642,0.00002046
2.20010005,0.00019537,0.00000000,0.00000548,0.00013190,0.00000185,0.00001980,0.00000000,0.00000902,0.00002871
2.20610305,0.00027216,0.00000000,0.00000763,0.00018374,0.00000258,0.00002759,0.00000000,0.00001257,0.00003998
2.21210605,0.00037642,0.00000000,0.00001056,0.00025412,0.00000356,0.00003816,0.00000000,0.00001739,0.00005530
2.21810905,0.00051688,0.00000000,0.00001449,0.00034892,0.00000489,0.00005241,0.00000000,0.00002389,0.00007592
2.22411206,0.00070467,0.00000000,0.00001976,0.00047566,0.00000667,0.00007147,0.00000000,0.00003259,0.00010350
2.23011506,0.00095380,0.00000000,0.00002674,0.00064378,0.00000903,0.00009677,0.00000000,0.00004414,0.00014007
2.23611806,0.00128176,0.00000000,0.00003594,0.00086506,0.00001213,0.00013008,0.00000000,0.00005936,0.00018820
2.24212106,0.00171014,0.00000000,0.00004794,0.00115408,0.00001618,0.00017361,0.00000000,0.00007926,0.00025106
2.24812406,0.00226536,0.00000000,0.00006350,0.00152861,0.00002142,0.00023007,0.00000000,0.00010508,0.00033251
2.25412706,0.00297936,0.00000000,0.00008351,0.00201017,0.00002817,0.00030270,0.00000001,0.00013834,0.00043723
2.26013007,0.00389036,0.00000000,0.00010904,0.00262449,0.00003678,0.00039545,0.00000001,0.00018085,0.00057079
2.26613307,0.00504357,0.00000001,0.00014134,0.00340198,0.00004767,0.00051293,0.00000001,0.00023475,0.00073980
2.27213607,0.00649188,0.00000001,0.00018190,0.00437820,0.00006134,0.00066061,0.00000001,0.00030259,0.00095197
2.27813907,0.00829637,0.00000001,0.00023243,0.00559417,0.00007836,0.00084478,0.00000002,0.00038730,0.00121620
2.28414207,0.01052673,0.00000001,0.00029487,0.00709667,0.00009939,0.00107267,0.00000002,0.00049228,0.00154260
2.29014507,0.01326135,0.00000002,0.00037140,0.00893825,0.00012516,0.00135242,0.00000003,0.00062138,0.00194257
2.29614807,0.01658722,0.00000002,0.00046445,0.01117713,0.00015647,0.00169314,0.00000004,0.00077892,0.00242867
2.30215108,0.02059937,0.00000003,0.00057665,0.01387682,0.00019422,0.00210481,0.00000005,0.00096968,0.00301462
2.30815408,0.02539985,0.00000004,0.00071085,0.01710535,0.00023935,0.00259825,0.00000006,0.00119891,0.00371508
2.31415708,0.03109631,0.00000006,0.00087001,0.02093430,0.00029284,0.00318498,0.00000008,0.00147224,0.00454543
2.32016008,0.03779989,0.00000008,0.00105722,0.02543730,0.00035571,0.00387704,0.00000010,0.00179567,0.00552146
2.32616308,0.04562262,0.00000011,0.00127554,0.03068821,0.00042898,0.00468677,0.00000014,0.00217544,0.00665893
2.33216608,0.05467420,0.00000016,0.00152797,0.03675889,0.00051362,0.00562650,0.00000018,0.00261799,0.00797310
2.33816908,0.06505825,0.00000023,0.00181734,0.04371655,0.00061056,0.00670823,0.00000025,0.00312974,0.00947812
2.34417209,0.07686801,0.00000033,0.00214612,0.05162084,0.00072058,0.00794324,0.00000034,0.00371705,0.01118640
2.35017509,0.09018176,0.00000049,0.00251637,0.06052056,0.00084432,0.00934169,0.00000047,0.00438599,0.01310785
2.35617809,0.10505790,0.00000072,0.00292956,0.07045034,0.00098221,0.01091212,0.00000065,0.00514216,0.01524917
2.36218109,0.12153004,0.00000107,0.00338642,0.08142724,0.00113442,0.01266104,0.00000092,0.00599059,0.01761309
2.36818409,0.13960229,0.00000159,0.00388683,0.09344744,0.00130082,0.01459247,0.00000130,0.00693548,0.02019758
2.37418709,0.15924491,0.00000238,0.00442967,0.10648326,0.00148092,0.01670753,0.00000185,0.00798008,0.02299529
2.38019010,0.18039066,0.00000355,0.00501274,0.12048075,0.00167387,0.01900408,0.00000263,0.00912652,0.02599291
2.38619310,0.20293212,0.00000527,0.00563265,0.13535776,0.00187839,0.02147643,0.00000376,0.01037569,0.02917080
2.39219610,0.22672022,0.00000782,0.00628482,0.15100308,0.00209278,0.02411518,0.00000537,0.01172714,0.03250279
2.39819910,0.25156411,0.00001155,0.00696342,0.16727642,0.00231494,0.02690711,0.00000765,0.01317903,0.03595616
2.40420210,0.27723272,0.00001697,0.00766147,0.18400959,0.00254234,0.02983526,0.00001087,0.01472808,0.03949191
2.41020510,0.30345793,0.00002480,0.00837090,0.20100891,0.00277209,0.03287906,0.00001538,0.01636956,0.04306529
2.41620810,0.32993953,0.00003604,0.00908268,0.21805880,0.00300099,0.03601469,0.00002168,0.01809740,0.04662664
2.42221111,0.35635183,0.00005206,0.00978705,0.23492661,0.00322557,0.03921550,0.00003040,0.01990418,0.05012241
2.42821411,0.38235180,0.00007475,0.01047369,0.25136859,0.00344223,0.04245248,0.00004240,0.02178129,0.05349648
2.43421711,0.40758856,0.00010663,0.01113203,0.26713673,0.00364726,0.04569496,0.00005878,0.02371901,0.05669175
2.44022011,0.43171389,0.00015113,0.01175154,0.28198637,0.00383704,0.04891122,0.00008099,0.02570664,0.05965175
2.44622311,0.45439331,0.00021279,0.01232199,0.29568436,0.00400807,0.05206921,0.00011088,0.02773262,0.06232246
2.45222611,0.47531754,0.00029761,0.01283384,0.30801722,0.00415717,0.05513726,0.00015081,0.02978468,0.06465412
2.45822911,0.49421364,0.00041346,0.01327847,0.31879934,0.00428150,0.05808469,0.00020377,0.03184990,0.06660299
2.46423212,0.51085562,0.00057051,0.01364850,0.32788053,0.00437876,0.06088246,0.00027346,0.03391486,0.06813302
2.47023512,0.52507396,0.00078188,0.01393798,0.33515289,0.00444720,0.06350362,0.00036447,0.03596570,0.06921727
2.47623812,0.53676383,0.00106427,0.01414266,0.34055658,0.00448578,0.06592376,0.00048244,0.03798820,0.06983917
2.48224112,0.54589156,0.00143874,0.01426006,0.34408426,0.00449413,0.06812127,0.00063416,0.03996793,0.06999335
2.48824412,0.55249926,0.00193166,0.01428956,0.34578407,0.00447268,0.07007753,0.00082780,0.04189030,0.06968629
2.49424712,0.55670747,0.00257564,0.01423243,0.34576097,0.00442259,0.07177699,0.00107301,0.04374074,0.06893643
2.50025013,0.55871572,0.00341069,0.01409177,0.34417646,0.00434578,0.07320719,0.00138111,0.04550488,0.06777407
2.50625313,0.55880106,0.00448537,0.01387240,0.34124659,0.00424487,0.07435863,0.00176521,0.04716879,0.06624079
2.51225613,0.55731473,0.00585799,0.01358069,0.33723850,0.00412314,0.07522476,0.00224028,0.04871930,0.06438865
2.51825913,0.55467705,0.00759781,0.01322437,0.33246531,0.00398442,0.07580178,0.00282321,0.05014436,0.06227899
2.52426213,0.55137065,0.00978622,0.01281225,0.32727990,0.00383299,0.07608858,0.00353279,0.05143350,0.05998113
2.53026513,0.54793233,0.01251771,0.01235401,0.32206738,0.00367352,0.07608665,0.00438958,0.05257831,0.05757073
2.53626813,0.54494360,0.01590064,0.01185987,0.31723665,0.00351088,0.07580005,0.00541578,0.05357299,0.05512820
2.54227114,0.54302012,0.02005773,0.01134038,0.31321118,0.00335007,0.07523543,0.00663485,0.05441489,0.05273688
2.54827414,0.54280004,0.02512598,0.01080611,0.31041918,0.00319607,0.07440207,0.00807112,0.05510501,0.05048130
2.55427714,0.54493139,0.03125616,0.01026741,0.30928324,0.00305373,0.07331199,0.00974921,0.05564851,0.04844545
2.56028014,0.55005855,0.03861153,0.00973422,0.31020982,0.00292766,0.07198002,0.01169338,0.05605503,0.04671104
2.56628314,0.55880775,0.04736574,0.00921587,0.31357842,0.00282210,0.07042388,0.01392665,0.05633892,0.04535593
2.57228614,0.57177178,0.05769988,0.00872091,0.31973090,0.00274084,0.06866424,0.01646989,0.05651929,0.04445255
2.57828914,0.58949392,0.06979853,0.00825701,0.32896090,0.00268716,0.06672465,0.01934078,0.05661983,0.04406647
2.58429215,0.61245125,0.08384474,0.00783083,0.34150364,0.00266368,0.06463139,0.02255267,0.05666836,0.04425506
2.59029515,0.64103759,0.10001408,0.00744799,0.35752634,0.00267237,0.06241323,0.02611348,0.05669622,0.04506618
2.59629815,0.67554653,0.11846763,0.00711300,0.37711944,0.00271449,0.06010103,0.03002454,0.05673734,0.04653701
2.60230115,0.71615478,0.13934429,0.00682921,0.40028907,0.00279051,0.05772719,0.03427952,0.05682708,0.04869295
2.60830415,0.76290677,0.16275230,0.00659886,0.42695091,0.00290015,0.05532498,0.03886350,0.05700093,0.05154663
2.61430715,0.81570084,0.18876059,0.00642302,0.45692593,0.00304230,0.05292778,0.04375224,0.05729301,0.05509702
2.62031016,0.87427807,0.21738994,0.00630166,0.48993832,0.00321510,0.05056822,0.04891162,0.05773451,0.05932869
2.62631316,0.93821436,0.24860468,0.00623362,0.52561594,0.00341592,0.04827725,0.05429745,0.05835210,0.06421130
2.63231616,1.00691669,0.28230510,0.00621668,0.56349355,0.00364140,0.04608325,0.05985560,0.05916642,0.06969927
2.63831916,1.07962409,0.31832119,0.00624758,0.60301910,0.00388752,0.04401114,0.06552250,0.06019069,0.07573176
2.64432216,1.15541410,0.35640823,0.00632212,0.64356305,0.00414967,0.04208161,0.07122607,0.06142955,0.08223304
2.65032516,1.23321503,0.39624447,0.00643521,0.68443081,0.00442273,0.04031045,0.07688698,0.06287822,0.08911315
2.65632816,1.31182406,0.43743148,0.00658095,0.72487808,0.00470117,0.03870807,0.08242033,0.06452198,0.09626910
2.66233117,1.38993129,0.47949737,0.00675276,0.76412872,0.00497921,0.03727922,0.08773768,0.06633607,0.10358641
2.66833417,1.46614909,0.52190315,0.00694352,0.80139472,0.00525090,0.03602289,0.09274933,0.06828601,0.11094121
2.67433717,1.53904611,0.56405213,0.00714570,0.83589761,0.00551030,0.03493248,0.09736679,0.07032834,0.11820268
2.68034017,1.60718498,0.60530244,0.00735154,0.86689051,0.00575163,0.03399616,0.10150534,0.07241183,0.12523598
2.68634317,1.66916226,0.64498214,0.00755320,0.89368014,0.00596938,0.03319746,0.10508664,0.07447900,0.13190543
2.69234617,1.72364928,0.68240680,0.00774302,0.91564765,0.00615850,0.03251600,0.10804118,0.07646802,0.13807795
2.69834917,1.76943219,0.71689859,0.00791362,0.93226771,0.00631452,0.03192841,0.11031052,0.07831481,0.14362661
2.70435218,1.80544952,0.74780647,0.00805817,0.94312468,0.00643365,0.03140931,0.11184923,0.07995532,0.14843419
2.71035518,1.83082576,0.77452645,0.00817051,0.94792555,0.00651293,0.03093238,0.11262638,0.08132786,0.15239654
2.71635818,1.84489934,0.79652112,0.00824537,0.94650860,0.00655025,0.03047141,0.11262657,0.08237536,0.15542570
2.72236118,1.84724374,0.81333765,0.00827846,0.93884786,0.00654446,0.03000130,0.11185049,0.08304750,0.15745250
2.72836418,1.83768092,0.82462319,0.00826660,0.92505276,0.00649533,0.02949905,0.11031479,0.08330255,0.15842870
2.73436718,1.81628632,0.83013727,0.00820779,0.90536334,0.00640361,0.02894447,0.10805155,0.08310894,0.15832845
2.74037019,1.78338523,0.82976023,0.00810124,0.88014104,0.00627092,0.02832094,0.10510713,0.08244635,0.15714892
2.74637319,1.73954079,0.82349762,0.00794739,0.84985555,0.00609975,0.02761578,0.10154061,0.08130638,0.15491036
2.75237619,1.68553416,0.81148002,0.00774784,0.81506850,0.00589331,0.02682060,0.09742182,0.07969281,0.15165520
2.75837919,1.62233775,0.79395855,0.00750525,0.77641454,0.00565547,0.02593138,0.09282907,0.07762127,0.14744654
2.76438219,1.55108287,0.77129613,0.00722329,0.73458076,0.00539059,0.02494834,0.08784669,0.07511856,0.14236595
2.77038519,1.47302310,0.74395494,0.00690641,0.69028536,0.00510338,0.02387571,0.08256250,0.07222154,0.13651066
2.77638819,1.38949522,0.71248078,0.00655975,0.64425648,0.00479879,0.02272128,0.07706523,0.06897564,0.12999037
2.78239120,1.30187909,0.67748491,0.00618891,0.59721186,0.00448184,0.02149592,0.07144216,0.06543319,0.12292373
2.78839420,1.21155839,0.63962438,0.00579978,0.54984035,0.00415747,0.02021291,0.06577687,0.06165151,0.11543472
2.79439720,1.11988346,0.59958156,0.00539836,0.50278561,0.00383045,0.01888730,0.06014734,0.05769092,0.10764894
2.80040020,1.02813783,0.55804399,0.00499057,0.45663265,0.00350523,0.01753524,0.05462433,0.05361279,0.09969019
2.80640320,0.93750924,0.51568507,0.00458207,0.41189741,0.00318586,0.01617327,0.04927020,0.04947765,0.09167718
2.81240620,0.84906612,0.47314658,0.00417818,0.36901961,0.00287595,0.01481772,0.04413801,0.04534349,0.08372080
2.81840920,0.76373998,0.43102356,0.00378370,0.32835872,0.00257857,0.01348415,0.03927110,0.04126424,0.07592171
2.82441221,0.68231375,0.38985185,0.00340284,0.29019299,0.00229624,0.01218688,0.03470299,0.03728855,0.06836853
2.83041521,0.60541618,0.35009881,0.00303917,0.25472123,0.00203093,0.01093860,0.03045760,0.03345889,0.06113665
2.83641821,0.53352168,0.31215719,0.00269557,0.22206690,0.00178407,0.00975011,0.02654977,0.02981087,0.05428747
2.84242121,0.46695520,0.27634202,0.00237422,0.19228421,0.00155656,0.00863014,0.02298600,0.02637296,0.04786826
2.84842421,0.40590134,0.24289057,0.00207665,0.16536557,0.00134882,0.00758527,0.01976536,0.02316642,0.04191248
2.85442721,0.35041683,0.21196483,0.00180374,0.14125011,0.00116085,0.00662000,0.01688053,0.02020554,0.03644050
2.86043022,0.30044556,0.18365623,0.00155577,0.11983267,0.00099227,0.00573677,0.01431884,0.01749806,0.03146071
2.86643322,0.25583509,0.15799218,0.00133252,0.10097289,0.00084240,0.00493619,0.01206343,0.01504576,0.02697077
2.87243622,0.21635411,0.13494380,0.00113334,0.08450412,0.00071028,0.00421720,0.01009430,0.01284518,0.02295921
2.87843922,0.18170969,0.11443452,0.00095718,0.07024164,0.00059480,0.00357733,0.00838926,0.01088844,0.01940694
2.88444222,0.15156403,0.09634903,0.00080275,0.05799029,0.00049469,0.00301294,0.00692491,0.00916407,0.01628889
2.89044522,0.12554995,0.08054215,0.00066852,0.04755101,0.00040862,0.00251951,0.00567738,0.00765785,0.01357558
2.89644822,0.10328483,0.06684734,0.00055282,0.03872649,0.00033522,0.00209186,0.00462301,0.00635359,0.01123456
2.90245123,0.08438269,0.05508452,0.00045394,0.03132565,0.00027312,0.00172439,0.00373891,0.00523389,0.00923170
2.90845423,0.06846432,0.04506704,0.00037013,0.02516722,0.00022100,0.00141131,0.00300337,0.00428076,0.00753242
2.91445723,0.05516538,0.03660765,0.00029967,0.02008230,0.00017760,0.00114682,0.00239615,0.00347622,0.00610256
2.92046023,0.04414257,0.02952350,0.00024091,0.01591601,0.00014175,0.00092523,0.00189873,0.00280274,0.00490923
2.92646323,0.03507798,0.02363994,0.00019232,0.01252843,0.00011236,0.00074111,0.00149435,0.00224361,0.00392135
2.93246623,0.02768185,0.01879347,0.00015244,0.00979491,0.00008845,0.00058938,0.00116811,0.00178319,0.00311013
2.93846923,0.02169386,0.01483370,0.00011998,0.00760582,0.00006915,0.00046536,0.00090690,0.00140714,0.00244929
2.94447224,0.01688332,0.01162448,0.00009377,0.00586587,0.00005369,0.00036481,0.00069932,0.00110245,0.00191523
2.95047524,0.01304840,0.00904438,0.00007277,0.00449328,0.00004140,0.00028393,0.00053560,0.00085757,0.00148704
2.95647824,0.01001466,0.00698661,0.00005607,0.00341856,0.00003170,0.00021941,0.00040743,0.00066232,0.00114644
2.96248124,0.00763307,0.00535843,0.00004291,0.00258336,0.00002411,0.00016833,0.00030785,0.00050786,0.00087764
2.96848424,0.00577778,0.00408032,0.00003261,0.00193919,0.00001822,0.00012823,0.00023107,0.00038665,0.00066718
2.97448724,0.00434362,0.00308493,0.00002461,0.00144614,0.00001367,0.00009699,0.00017232,0.00029227,0.00050373
2.98049025,0.00324370,0.00231582,0.00001846,0.00107175,0.00001020,0.00007286,0.00012774,0.00021936,0.00037783
2.98649325,0.00240700,0.00172626,0.00001378,0.00078988,0.00000757,0.00005436,0.00009420,0.00016347,0.00028170
2.99249625,0.00177612,0.00127796,0.00001024,0.00057973,0.00000561,0.00004032,0.00006924,0.00012099,0.00020903
2.99849925,0.00130522,0.00093991,0.00000762,0.00042498,0.00000416,0.00002976,0.00005093,0.00008894,0.00015477
3.00450225,0.00095823,0.00068726,0.00000571,0.00031306,0.00000311,0.00002191,0.00003778,0.00006498,0.00011493
3.01050525,0.00070727,0.00050034,0.00000438,0.00023450,0.00000239,0.00001617,0.00002869,0.00004724,0.00008647
3.01650825,0.00053135,0.00036380,0.00000353,0.00018250,0.00000194,0.00001209,0.00002290,0.00003425,0.00006714
3.02251126,0.00041533,0.00026585,0.00000309,0.00015255,0.00000172,0.00000933,0.00001994,0.00002488,0.00005542
3.02851426,0.00034916,0.00019764,0.00000303,0.00014221,0.00000173,0.00000765,0.00001958,0.00001827,0.00005044
3.03451726,0.00032740,0.00015280,0.00000339,0.00015102,0.00000196,0.00000692,0.00002192,0.00001381,0.00005196
3.04052026,0.00034900,0.00012702,0.00000420,0.00018058,0.00000247,0.00000709,0.00002730,0.00001105,0.00006040
3.04652326,0.00041737,0.00011782,0.00000557,0.00023469,0.00000331,0.00000822,0.00003642,0.00000971,0.00007687
3.05252626,0.00054082,0.00012437,0.00000768,0.00031980,0.00000458,0.00001044,0.00005038,0.00000964,0.00010336
3.05852926,0.00073325,0.00014752,0.00001075,0.00044549,0.00000644,0.00001402,0.00007078,0.00001083,0.00014280
3.06453227,0.00101532,0.00018979,0.00001513,0.00062530,0.00000906,0.00001934,0.00009982,0.00001339,0.00019940
3.07053527,0.00141595,0.00025564,0.00002126,0.00087773,0.00001273,0.00002699,0.00014054,0.00001758,0.00027889
3.07653827,0.00197441,0.00035177,0.00002973,0.00122754,0.00001781,0.00003771,0.00019698,0.00002379,0.00038894
3.08254127,0.00274284,0.00048758,0.00004134,0.00170739,0.00002476,0.00005256,0.00027445,0.00003259,0.00053966
3.08854427,0.00378945,0.00067579,0.00005711,0.00235985,0.00003419,0.00007288,0.00037991,0.00004476,0.00074418
3.09454727,0.00520237,0.00093323,0.00007837,0.00323974,0.00004690,0.00010046,0.00052231,0.00006134,0.00101936
3.10055028,0.00709415,0.00128179,0.00010678,0.00441703,0.00006387,0.00013757,0.00071311,0.00008365,0.00138664
3.10655328,0.00960711,0.00174958,0.00014447,0.00598007,0.00008638,0.00018711,0.00096677,0.00011340,0.00187298
3.11255628,0.01291933,0.00237227,0.00019408,0.00803934,0.00011598,0.00025274,0.00130143,0.00015274,0.00251199
3.11855928,0.01725140,0.00319469,0.00025888,0.01073163,0.00015463,0.00033905,0.00173960,0.00020435,0.00334505
3.12456228,0.02287380,0.00427258,0.00034287,0.01422459,0.00020469,0.00045169,0.00230888,0.00027153,0.00442265
3.13056528,0.03011477,0.00567454,0.00045087,0.01872154,0.00026902,0.00059758,0.00304283,0.00035831,0.00580574
3.13656828,0.03936836,0.00748415,0.00058870,0.02446656,0.00035105,0.00078513,0.00398180,0.00046957,0.00756705
3.14257129,0.05110250,0.00980218,0.00076320,0.03174933,0.00045484,0.00102443,0.00517378,0.00061114,0.00979241
3.14857429,0.06586663,0.01274882,0.00098241,0.04090993,0.00058514,0.00132747,0.00667520,0.00078990,0.01258194
3.15457729,0.08429825,0.01646583,0.00125561,0.05234282,0.00074740,0.00170832,0.00855167,0.00101393,0.01605096
3.16058029,0.10712808,0.02111857,0.00159342,0.06650006,0.00094787,0.00218337,0.01087847,0.00129257,0.02033066
3.16658329,0.13518283,0.02689758,0.00200778,0.08389300,0.00119358,0.00277143,0.01374097,0.00163648,0.02556817
3.17258629,0.16938510,0.03401968,0.00251198,0.10509222,0.00149231,0.00349388,0.01723461,0.00205775,0.03192617
3.17858929,0.21074944,0.04272838,0.00312055,0.13072515,0.00185255,0.00437470,0.02146455,0.00256984,0.03958172
3.18459230,0.26037388,0.05329328,0.00384913,0.16147090,0.00228345,0.00544044,0.02654485,0.00318757,0.04872418
3.19059530,0.31942619,0.06600841,0.00471425,0.19805179,0.00279460,0.00672007,0.03259710,0.00392703,0.05955222
3.19659830,0.38912421,0.08118910,0.00573300,0.24122140,0.00339592,0.00824476,0.03974844,0.00480540,0.07226979
3.20260130,0.47070984,0.09916733,0.00692266,0.29174857,0.00409739,0.01004751,0.04812890,0.00584074,0.08708091
3.20860430,0.56541646,0.12028542,0.00830018,0.35039756,0.00490873,0.01216258,0.05786809,0.00705167,0.10418341
3.21460730,0.67442988,0.14488781,0.00988162,0.41790414,0.00583911,0.01462489,0.06909116,0.00845700,0.12376162
3.22061031,0.79884338,0.17331106,0.01168144,0.49494811,0.00689668,0.01746917,0.08191412,0.01007525,0.14597811
3.22661331,0.93960755,0.20587211,0.01371183,0.58212271,0.00808821,0.02072900,0.09643871,0.01192414,0.17096481
3.23261631,1.09747645,0.24285492,0.01598187,0.67990172,0.00941859,0.02443575,0.11274670,0.01402001,0.19881361
3.23861931,1.27295176,0.28449586,0.01849677,0.78860539,0.01089039,0.02861739,0.13089409,0.01637718,0.22956699
3.24462231,1.46622712,0.33096824,0.02125708,0.90836648,0.01250337,0.03329721,0.15090522,0.01900736,0.26320894
3.25062531,1.67713527,0.38236659,0.02425799,1.03909800,0.01425412,0.03849255,0.17276722,0.02191894,0.29965679
3.25662831,1.90510072,0.43869122,0.02748862,1.18046433,0.01613569,0.04421351,0.19642493,0.02511646,0.33875432
3.26263132,2.14910089,0.49983404,0.03093164,1.33185753,0.01813727,0.05046175,0.22177676,0.02860006,0.38026679
3.26863432,2.40763879,0.56556618,0.03456286,1.49238052,0.02024410,0.05722939,0.24867168,0.03236503,0.42387819
3.27463732,2.67872970,0.63552851,0.03835118,1.66083898,0.02243741,0.06449809,0.27690771,0.03640150,0.46919131
3.28064032,2.95990439,0.70922561,0.04225876,1.83574299,0.02469451,0.07223840,0.30623212,0.04069433,0.51573088
3.28664332,3.24823051,0.78602423,0.04624136,2.01531994,0.02698911,0.08040934,0.33634356,0.04522305,0.56294988
3.29264632,3.54035313,0.86515652,0.05024915,2.19753881,0.02929174,0.08895832,0.36689614,0.04996214,0.61023927
3.29864932,3.83255464,0.94572865,0.05422758,2.38014626,0.03157035,0.09782140,0.39750569,0.05488134,0.65694082
3.30465233,4.12083303,1.02673498,0.05811868,2.56071379,0.03379105,0.10692395,0.42775789,0.05994631,0.70236283
3.31065533,4.40099668,1.10707766,0.06186246,2.73669481,0.03591900,0.11618160,0.45721816,0.06511927,0.74579831
3.31665833,4.66877273,1.18559126,0.06539858,2.90548998,0.03791937,0.12550159,0.48544307,0.07035998,0.78654488
3.32266133,4.91992530,1.26107193,0.06866807,3.06451836,0.03975837,0.13478442,0.51199280,0.07562664,0.82392566
3.32866433,5.15037890,1.33230994,0.07161512,3.21129179,0.04140429,0.14392577,0.53644412,0.08087700,0.85731031
3.33466733,5.35634189,1.39812459,0.07418882,3.34348924,0.04282853,0.15281857,0.55840350,0.08606939,0.88613521
3.34067034,5.53442479,1.45740003,0.07634484,3.45902812,0.04400655,0.16135532,0.57751955,0.09116373,0.90992191
3.34667334,5.68174795,1.50912049,0.07804684,3.55612910,0.04491865,0.16943033,0.59349445,0.09612251,0.92829299
3.35267634,5.79603355,1.55240343,0.07926770,3.63337177,0.04555069,0.17694210,0.60609364,0.10091154,0.94098444
3.35867934,5.87567772,1.58652898,0.07999039,3.68973818,0.04589453,0.18379545,0.61515335,0.10550060,0.94785408
3.36468234,5.91979917,1.61096446,0.08020849,3.72464253,0.04594827,0.18990362,0.62058568,0.10986384,0.94888552
3.37068534,5.92826213,1.62538260,0.07992633,3.73794540,0.04571631,0.19519008,0.62238082,0.11398005,0.94418750
3.37668834,5.90167237,1.62967284,0.07915873,3.72995209,0.04520908,0.19959004,0.62060638,0.11783257,0.93398854
3.38269135,5.84134688,1.62394490,0.07793035,3.70139514,0.04444267,0.20305172,0.61540393,0.12140913,0.91862735
3.38869435,5.74925857,1.60852469,0.07627471,3.65340210,0.04343812,0.20553721,0.60698274,0.12470144,0.89853937
3.39469735,5.62795901,1.58394261,0.07423290,3.58745024,0.04222069,0.20702300,0.59561121,0.12770462,0.87424013
3.40070035,5.48048316,1.55091500,0.07185207,3.50531052,0.04081885,0.20750020,0.58160643,0.13041662,0.84630628
3.40670335,5.31024075,1.51031953,0.06918371,3.40898369,0.03926333,0.20697432,0.56532217,0.13283750,0.81535531
3.41270635,5.12089958,1.46316581,0.06628194,3.30063161,0.03758602,0.20546486,0.54713626,0.13496878,0.78202474
3.41870935,4.91626631,1.41056266,0.06320173,3.18250698,0.03581893,0.20300454,0.52743759,0.13681287,0.74695188
3.42471236,4.70016997,1.35368345,0.05999723,3.05688469,0.03399325,0.19963833,0.50661361,0.13837251,0.71075499
3.43071536,4.47635311,1.29373119,0.05672024,2.92599753,0.03213842,0.19542227,0.48503874,0.13965049,0.67401666
3.43671836,4.24837506,1.23190467,0.05341891,2.79197901,0.03028143,0.19042215,0.46306416,0.14064944,0.63726983
3.44272136,4.01953026,1.16936716,0.05013668,2.65681482,0.02844623,0.18471205,0.44100944,0.14137185,0.60098717
3.44872436,3.79278442,1.10721861,0.04691150,2.52230467,0.02665328,0.17837291,0.41915614,0.14182019,0.56557374
3.45472736,3.57072946,1.04647222,0.04377540,2.39003493,0.02491939,0.17149097,0.39774361,0.14199725,0.53136314
3.46073037,3.35555743,0.98803604,0.04075424,2.26136218,0.02325759,0.16415627,0.37696687,0.14190653,0.49861701
3.46673337,3.14905268,0.93269966,0.03786785,2.13740722,0.02167729,0.15646126,0.35697660,0.14155271,0.46752737
3.47273637,2.95260044,0.88112617,0.03513034,2.01905843,0.02018449,0.14849936,0.33788084,0.14094213,0.43822163
3.47873937,2.76720937,0.83384890,0.03255063,1.90698309,0.01878215,0.14036372,0.31974827,0.14008322,0.41076948
3.48474237,2.59354539,0.79127258,0.03013314,1.80164506,0.01747062,0.13214603,0.30261264,0.13898683,0.38519124
3.49074537,2.43197333,0.75367829,0.02787853,1.70332688,0.01624813,0.12393551,0.28647792,0.13766643,0.36146705
3.49674837,2.28260345,0.72123136,0.02578458,1.61215471,0.01511128,0.11581792,0.27132393,0.13613815,0.33954617
3.50275138,2.14533976,0.69399158,0.02384697,1.52812416,0.01405558,0.10787480,0.25711201,0.13442060,0.31935615
3.50875438,2.01992728,0.67192489,0.02206007,1.45112583,0.01307588,0.10018280,0.24379039,0.13253456,0.30081115
3.51475738,1.90599610,0.65491586,0.02041762,1.38096907,0.01216677,0.09281304,0.23129918,0.13050243,0.28381926
3.52076038,1.80310049,0.64278047,0.01891337,1.31740328,0.01132299,0.08583073,0.21957455,0.12834764,0.26828852
3.52676338,1.71075174,0.63527851,0.01754149,1.26013606,0.01053962,0.07929467,0.20855227,0.12609386,0.25413146
3.53276638,1.62844429,0.63212539,0.01629693,1.20884800,0.00981231,0.07325704,0.19817036,0.12376424,0.24126827
3.53876938,1.55567486,0.63300306,0.01517560,1.16320411,0.00913740,0.06776308,0.18837093,0.12138064,0.22962848
3.54477239,1.49195504,0.63756986,0.01417446,1.12286207,0.00851192,0.06285087,0.17910141,0.11896291,0.21915144
3.55077539,1.43681788,0.64546925,0.01329149,1.08747789,0.00793360,0.05855120,0.17031508,0.11652838,0.20978573
3.55677839,1.38981964,0.65633745,0.01252550,1.05670926,0.00740078,0.05488742,0.16197115,0.11409141,0.20148765
3.56278139,1.35053754,0.66981002,0.01187597,1.03021735,0.00691231,0.05187534,0.15403456,0.11166319,0.19421918
3.56878439,1.31856483,0.68552745,0.01134279,1.00766751,0.00646737,0.04952317,0.14647551,0.10925181,0.18794555
3.57478739,1.29350429,0.70313988,0.01092594,0.98872943,0.00606537,0.04783151,0.13926902,0.10686247,0.18263267
3.58079040,1.27496126,0.72231103,0.01062525,0.97307718,0.00570576,0.04679347,0.13239443,0.10449793,0.17824464
3.58679340,1.26253694,0.74272144,0.01044009,0.96038948,0.00538793,0.04639479,0.12583505,0.10215915,0.17474154
3.59279640,1.25582291,0.76407110,0.01036918,0.95035037,0.00511105,0.04661411,0.11957799,0.09984609,0.17207759
3.59879940,1.25439738,0.78608143,0.01041038,0.94265055,0.00487398,0.04742344,0.11361403,0.09755855,0.17019983
3.60480240,1.25782344,0.80849693,0.01056054,0.93698929,0.00467521,0.04878868,0.10793780,0.09529712,0.16904735
3.61080540,1.26564960,0.83108620,0.01081548,0.93307691,0.00451283,0.05067043,0.10254794,0.09306409,0.16855111
3.61680840,1.27741256,0.85364260,0.01117001,0.93063779,0.00438451,0.05302485,0.09744744,0.09086430,0.16863440
3.62281141,1.29264212,0.87598454,0.01161790,0.92941374,0.00428750,0.05580483,0.09264389,0.08870592,0.16921382
3.62881441,1.31086788,0.89795525,0.01215211,0.92916753,0.00421872,0.05896122,0.08814984,0.08660108,0.17020079
3.63481741,1.33162734,0.91942229,0.01276490,0.92968645,0.00417480,0.06244431,0.08398291,0.08456632,0.17150347
3.64082041,1.35447492,0.94027655,0.01344804,0.93078563,0.00415214,0.06620524,0.08016589,0.08262293,0.17302901
3.64682341,1.37899131,0.96043079,0.01419304,0.93231107,0.00414707,0.07019766,0.07672663,0.08079698,0.17468608
3.65282641,1.40479257,0.97981781,0.01499136,0.93414202,0.00415587,0.07437916,0.07369770,0.07911927,0.17638739
3.65882941,1.43153825,0.99838803,0.01583465,0.93619264,0.00417497,0.07871275,0.07111590,0.07762502,0.17805234
3.66483242,1.45893816,1.01610653,0.01671491,0.93841274,0.00420093,0.08316808,0.06902146,0.07635336,0.17960936
3.67083542,1.48675691,1.03294956,0.01762469,0.94078746,0.00423063,0.08772241,0.06745712,0.07534673,0.18099812
3.67683842,1.51481615,1.04890057,0.01855715,0.94333581,0.00426130,0.09236125,0.06646694,0.07464998,0.18217130
3.68284142,1.54299379,1.06394562,0.01950611,0.94610795,0.00429058,0.09707857,0.06609492,0.07430947,0.18309588
3.68884442,1.57122034,1.07806859,0.02046607,0.94918120,0.00431656,0.10187664,0.06638350,0.07437185,0.18375394
3.69484742,1.59947223,1.09124604,0.02143212,0.95265493,0.00433784,0.10676522,0.06737187,0.07488289,0.18414283
3.70085043,1.62776233,1.10344222,0.02239984,0.95664431,0.00435348,0.11176047,0.06909416,0.07588613,0.18427470
3.70685343,1.65612806,1.11460425,0.02336508,0.96127321,0.00436303,0.11688322,0.07157767,0.07742143,0.18417553
3.71285643,1.68461775,1.12465811,0.02432383,0.96666651,0.00436648,0.12215694,0.07484095,0.07952353,0.18388350
3.71885943,1.71327599,1.13350543,0.02527196,0.97294222,0.00436422,0.12760530,0.07889196,0.08222061,0.18344698
3.72486243,1.74212873,1.14102179,0.02620501,0.98020369,0.00435700,0.13324960,0.08372639,0.08553285,0.18292208
3.73086543,1.77116937,1.14705657,0.02711800,0.98853251,0.00434583,0.13910600,0.08932602,0.08947115,0.18237005
3.73686843,1.80034647,1.15143483,0.02800527,0.99798244,0.00433198,0.14518284,0.09565740,0.09403598,0.18185448
3.74287144,1.82955429,1.15396116,0.02886033,1.00857487,0.00431684,0.15147817,0.10267078,0.09921647,0.18143868
3.74887444,1.85862685,1.15442587,0.02967587,1.02029616,0.00430192,0.15797759,0.11029950,0.10498978,0.18118319
3.75487744,1.88733610,1.15261310,0.03044374,1.03309716,0.00428877,0.16465255,0.11845974,0.11132087,0.18114368
3.76088044,1.91539466,1.14831092,0.03115505,1.04689507,0.00427894,0.17145930,0.12705086,0.11816259,0.18136935
3.76688344,1.94246333,1.14132284,0.03180035,1.06157773,0.00427398,0.17833852,0.13595634,0.12545630,0.18190181
3.77288644,1.96816298,1.13148042,0.03236989,1.07701017,0.00427535,0.18521568,0.14504522,0.13313291,0.18277468
3.77888944,1.99209067,1.11865631,0.03285389,1.09304323,0.00428449,0.19200224,0.15417433,0.14111439,0.18401377
3.78489245,2.01383897,1.10277700,0.03324294,1.10952370,0.00430278,0.19859757,0.16319094,0.14931564,0.18563787
3.79089545,2.03301781,1.08383477,0.03352836,1.12630559,0.00433156,0.20489163,0.17193617,0.15764687,0.18766009
3.79689845,2.04927744,1.06189802,0.03370257,1.14326176,0.00437216,0.21076824,0.18024871,0.16601613,0.19008967
3.80290145,2.06233144,1.03711951,0.03375954,1.16029524,0.00442589,0.21610883,0.18796904,0.17433208,0.19293402
3.80890445,2.07197832,1.00974186,0.03369508,1.17734944,0.00449411,0.22079656,0.19494380,0.18250683,0.19620104
3.81490745,2.07812053,0.98010010,0.03350718,1.19441663,0.00457818,0.22472050,0.20103034,0.19045863,0.19990126
3.82091046,2.08077965,0.94862090,0.03319625,1.21154389,0.00467952,0.22777980,0.20610108,0.19811439,0.20404995
3.82691346,2.08010678,0.91581855,0.03276525,1.22883616,0.00479958,0.22988763,0.21004760,0.20541185,0.20866877
3.83291646,2.07638734,0.88228758,0.03221979,1.24645584,0.00493984,0.23097455,0.21278437,0.21230115,0.21378699
3.83891946,2.07003985,0.84869250,0.03156813,1.26461883,0.00510177,0.23099141,0.21425170,0.21874597,0.21944205
3.84492246,2.06160850,0.81575480,0.03082097,1.28358711,0.00528678,0.22991139,0.21441799,0.22472384,0.22567944
3.85092546,2.05174956,0.78423763,0.02999135,1.30365776,0.00549619,0.22773120,0.21328109,0.23022591,0.23255187
3.85692846,2.04121222,0.75492885,0.02909426,1.32514924,0.00573117,0.22447145,0.21086864,0.23525594,0.24011767
3.86293147,2.03081444,0.72862267,0.02814633,1.34838515,0.00599262,0.22017596,0.20723737,0.23982870,0.24843850
3.86893447,2.02141485,0.70610061,0.02716538,1.37367647,0.00628114,0.21491029,0.20247151,0.24396783,0.25757641
3.87493747,2.01388175,0.68811210,0.02616990,1.40130301,0.00659696,0.20875944,0.19668008,0.24770326,0.26759046
3.88094047,2.00906061,0.67535523,0.02517864,1.43149491,0.00693981,0.20182486,0.18999346,0.25106846,0.27853295
3.88694347,2.00774126,0.66845797,0.02421000,1.46441534,0.00730893,0.19422090,0.18255925,0.25409749,0.29044540
3.89294647,2.01062616,0.66796029,0.02328158,1.50014491,0.00770294,0.18607096,0.17453748,0.25682223,0.30335464
3.89894947,2.01830097,0.67429742,0.02240968,1.53866895,0.00811987,0.17750346,0.16609565,0.25926981,0.31726894
3.90495248,2.03120867,0.68778459,0.02160886,1.57986800,0.00855709,0.16864776,0.15740347,0.26146055,0.33217459
3.91095548,2.04962811,0.70860357,0.02089157,1.62351218,0.00901134,0.15963036,0.14862781,0.26340633,0.34803293
3.91695848,2.07365792,0.73679129,0.02026777,1.66925970,0.00947874,0.15057137,0.13992787,0.26510967,0.36477814
3.92296148,2.10320628,0.77223093,0.01974476,1.71665955,0.00995480,0.14158152,0.13145077,0.26656346,0.38231578
3.92896448,2.13798707,0.81464588,0.01932696,1.76515845,0.01043454,0.13275969,0.12332783,0.26775141,0.40052226
3.93496748,2.17752252,0.86359695,0.01901584,1.81411176,0.01091251,0.12419111,0.11567158,0.26864910,0.41924532
3.94097049,2.22115230,0.91848323,0.01880996,1.86279788,0.01138292,0.11594623,0.10857347,0.26922568,0.43830562
3.94697349,2.26804891,0.97854707,0.01870500,1.91043580,0.01183975,0.10808022,0.10210263,0.26944595,0.45749927
3.95297649,2.31723882,1.04288341,0.01869404,1.95620505,0.01227687,0.10063306,0.09630535,0.26927287,0.47660150
3.95897949,2.36762884,1.11045375,0.01876771,1.99926749,0.01268813,0.09363024,0.09120549,0.26867017,0.49537127
3.96498249,2.41803693,1.18010477,0.01891460,2.03879013,0.01306757,0.08708388,0.08680562,0.26760508,0.51355675
3.97098549,2.46722652,1.25059161,0.01912164,2.07396833,0.01340950,0.08099416,0.08308886,0.26605085,0.53090159
3.97698849,2.51394319,1.32060528,0.01937450,2.10404862,0.01370866,0.07535115,0.08002128,0.26398908,0.54715166
3.98299150,2.55695264,1.38880382,0.01965810,2.12835042,0.01396035,0.07013658,0.07755472,0.26141167,0.56206223
3.98899450,2.59507872,1.45384619,0.01995711,2.14628600,0.01416052,0.06532587,0.07562993,0.25832224,0.57540515
3.99499750,2.62723991,1.51442798,0.02025638,2.15737804,0.01430595,0.06088995,0.07417979,0.25473703,0.58697591
4.00100050,2.65248330,1.56931755,0.02054149,2.16127418,0.01439424,0.05679706,0.07313257,0.25068524,0.59660022
4.00700350,2.67001438,1.61739130,0.02079914,2.15775803,0.01442398,0.05301435,0.07241504,0.24620872,0.60413973
4.01300650,2.67922160,1.65766649,0.02101753,2.14675623,0.01439473,0.04950926,0.07195530,0.24136104,0.60949682
4.01900950,2.67969463,1.68933020,0.02118672,2.12834120,0.01430706,0.04625066,0.07168524,0.23620610,0.61261794
4.02501251,2.67123525,1.71176306,0.02129882,2.10272935,0.01416257,0.04320972,0.07154260,0.23081616,0.61349549
4.03101551,2.65386044,1.72455652,0.02134818,2.07027473,0.01396381,0.04036058,0.07147248,0.22526942,0.61216796
4.03701851,2.62779738,1.72752291,0.02133142,2.03145806,0.01371425,0.03768069,0.07142837,0.21964743,0.60871835
4.04302151,2.59347032,1.72069747,0.02124741,1.98687165,0.01341817,0.03515105,0.07137262,0.21403207,0.60327073
4.04902451,2.55147991,1.70433243,0.02109713,1.93720045,0.01308053,0.03275619,0.07127643,0.20850263,0.59598523
4.05502751,2.50257589,1.67888328,0.02088344,1.88319999,0.01270685,0.03048401,0.07111941,0.20313281,0.58705150
4.06103052,2.44762422,1.64498782,0.02061083,1.82567201,0.01230303,0.02832551,0.07088872,0.19798787,0.57668103
4.06703352,2.38757038,1.60343912,0.02028507,1.76543879,0.01187519,0.02627446,0.07057796,0.19312215,0.56509861
4.07303652,2.32340055,1.55515366,0.01991282,1.70331719,0.01142948,0.02432696,0.07018583,0.18857683,0.55253342
4.07903952,2.25610257,1.50113619,0.01950126,1.64009358,0.01097189,0.02248110,0.06971474,0.18437839,0.53921015
4.08504252,2.18662871,1.44244316,0.01905770,1.57650082,0.01050813,0.02073649,0.06916934,0.18053745,0.52534069
4.09104552,2.11586204,1.38014623,0.01858923,1.51319830,0.01004344,0.01909392,0.06855529,0.17704848,0.51111666
4.09704852,2.04458813,1.31529779,0.01810241,1.45075595,0.00958248,0.01755509,0.06787809,0.17389000,0.49670343
4.10305153,1.97347349,1.24889974,0.01760300,1.38964309,0.00912925,0.01612234,0.06714222,0.17102566,0.48223568
4.10905453,1.90305155,1.18187701,0.01709582,1.33022238,0.00868698,0.01479850,0.06635058,0.16840589,0.46781488
4.11505753,1.83371682,1.11505656,0.01658462,1.27274929,0.00825818,0.01358686,0.06550429,0.16597027,0.45350875
4.12106053,1.76572730,1.04915250,0.01607207,1.21737693,0.00784457,0.01249119,0.06460270,0.16365036,0.43935263
4.12706353,1.69921454,0.98475757,0.01555982,1.16416578,0.00744717,0.01151587,0.06364389,0.16137300,0.42535271
4.13306653,1.63420054,0.92234079,0.01504858,1.11309781,0.00706637,0.01066608,0.06262532,0.15906390,0.41149086
4.13906953,1.57062029,0.86225072,0.01453840,1.06409402,0.00670200,0.00994810,0.06154471,0.15665130,0.39773067
4.14507254,1.50834822,0.80472368,0.01402876,1.01703434,0.00635346,0.00936961,0.06040113,0.15406966,0.38402434
4.15107554,1.44722697,0.74989593,0.01351895,0.97177883,0.00601987,0.00894005,0.05919613,0.15126305,0.37032007
4.15707854,1.38709658,0.69781871,0.01300821,0.92818878,0.00570015,0.00867102,0.05793484,0.14818824,0.35656929
4.16308154,1.32782241,0.64847505,0.01249608,0.88614678,0.00539319,0.00857661,0.05662706,0.14481718,0.34273354
4.16908454,1.26932016,0.60179720,0.01198251,0.84557446,0.00509793,0.00867368,0.05528809,0.14113894,0.32879044
4.17508754,1.21157655,0.55768380,0.01146817,0.80644719,0.00481351,0.00898215,0.05393945,0.13716082,0.31473849
4.18109055,1.15466481,0.51601579,0.01095448,0.76880482,0.00453930,0.00952508,0.05260924,0.13290873,0.30060043
4.18709355,1.09875411,0.47667063,0.01044375,0.73275819,0.00427496,0.01032868,0.05133228,0.12842680,0.28642515
4.19309655,1.04411269,0.43953411,0.00993918,0.69849097,0.00402053,0.01142210,0.05014982,0.12377613,0.27228782
4.19909955,0.99110487,0.40450981,0.00944483,0.66625700,0.00377636,0.01283707,0.04910904,0.11903291,0.25828860
4.20510255,0.94018213,0.37152604,0.00896554,0.63637327,0.00354313,0.01460733,0.04826214,0.11428583,0.24454987
4.21110555,0.89186919,0.34054042,0.00850679,0.60920903,0.00332184,0.01676778,0.04766522,0.10963302,0.23121218
4.21710855,0.84674586,0.31154243,0.00807453,0.58517156,0.00311369,0.01935344,0.04737685,0.10517862,0.21842930
4.22311156,0.80542584,0.28455438,0.00767496,0.56468943,0.00292008,0.02239819,0.04745650,0.10102902,0.20636253
4.22911456,0.76853371,0.25963119,0.00731433,0.54819399,0.00274250,0.02593328,0.04796279,0.09728908,0.19517464
4.23511756,0.73668114,0.23685939,0.00699874,0.53610003,0.00258243,0.02998566,0.04895172,0.09405840,0.18502379
4.24112056,0.71044373,0.21635596,0.00673385,0.52878635,0.00244132,0.03457625,0.05047487,0.09142768,0.17605760
4.24712356,0.69033944,0.19826717,0.00652475,0.52657729,0.00232047,0.03971802,0.05257771,0.08947554,0.16840782
4.25312656,0.67680945,0.18276781,0.00637575,0.52972583,0.00222098,0.04541425,0.05529800,0.08826563,0.16218556
4.25912956,0.67020253,0.17006089,0.00629022,0.53839902,0.00214369,0.05165675,0.05866449,0.08784433,0.15747757
4.26513257,0.67076313,0.16037789,0.00627053,0.55266645,0.00208914,0.05842432,0.06269579,0.08823906,0.15434342
4.27113557,0.67862386,0.15397939,0.00631793,0.57249208,0.00205755,0.06568155,0.06739970,0.08945716,0.15281386
4.27713857,0.69380238,0.15115585,0.00643254,0.59772997,0.00204880,0.07337795,0.07277274,0.09148551,0.15289020
4.28314157,0.71620269,0.15222824,0.00661339,0.62812393,0.00206244,0.08144757,0.07880022,0.09429082,0.15454485
4.28914457,0.74562059,0.15754805,0.00685845,0.66331131,0.00209768,0.08980919,0.08545663,0.09782056,0.15772286
4.29514757,0.78175287,0.16749616,0.00716471,0.70283076,0.00215345,0.09836712,0.09270636,0.10200459,0.16234436
4.30115058,0.82420969,0.18248020,0.00752835,0.74613363,0.00222844,0.10701257,0.10050491,0.10675730,0.16830775
4.30715358,0.87252935,0.20292970,0.00794482,0.79259869,0.00232111,0.11562576,0.10880024,0.11198028,0.17549354
4.31315658,0.92619465,0.22928881,0.00840904,0.84154955,0.00242978,0.12407853,0.11753444,0.11756545,0.18376855
4.31915958,0.98464998,0.26200612,0.00891557,0.89227401,0.00255266,0.13223751,0.12664550,0.12339839,0.19299036
4.32516258,1.04731816,0.30152146,0.00945876,0.94404467,0.00268792,0.13996772,0.13606914,0.12936192,0.20301170
4.33116558,1.11361613,0.34824965,0.01003289,0.99613977,0.00283374,0.14713648,0.14574053,0.13533973,0.21368476
4.33716858,1.18296880,0.40256143,0.01063235,1.04786352,0.00298834,0.15361737,0.15559593,0.14121984,0.22486500
4.34317159,1.25482018,0.46476196,0.01125172,1.09856487,0.00315006,0.15929431,0.16557398,0.14689796,0.23641453
4.34917459,1.32864147,0.53506759,0.01188586,1.14765415,0.00331736,0.16406526,0.17561678,0.15228037,0.24820481
4.35517759,1.40393579,0.61358183,0.01252999,1.19461668,0.00348886,0.16784570,0.18567050,0.15728650,0.26011859
4.36118059,1.48023949,0.70027155,0.01317968,1.23902303,0.00366334,0.17057144,0.19568569,0.16185084,0.27205118
4.36718359,1.55712040,0.79494480,0.01383085,1.28053557,0.00383978,0.17220088,0.20561715,0.16592439,0.28391083
4.37318659,1.63417348,0.89723151,0.01447976,1.31891119,0.00401732,0.17271640,0.21542356,0.16947540,0.29561861
4.37918959,1.71101468,1.00656869,0.01512292,1.35400049,0.00419528,0.17212502,0.22506681,0.17248956,0.30710760
4.38519260,1.78727387,1.12219124,0.01575703,1.38574367,0.00437315,0.17045813,0.23451126,0.17496959,0.31832176
4.39119560,1.86258808,1.24312989,0.01637896,1.41416379,0.00455055,0.16777047,0.24372299,0.17693430,0.32921453
4.39719860,1.93659595,1.36821703,0.01698563,1.43935804,0.00472728,0.16413832,0.25266915,0.17841729,0.33974739
4.40320160,2.00893452,1.49610124,0.01757399,1.46148781,0.00490323,0.15965710,0.26131766,0.17946520,0.34988866
4.40920460,2.07923923,1.62527062,0.01814101,1.48076840,0.00507844,0.15443835,0.26963722,0.18013587,0.35961252
4.41520760,2.14714759,1.75408480,0.01868368,1.49745899,0.00525307,0.14860649,0.27759780,0.18049628,0.36889857
4.42121061,2.21230696,1.88081481,0.01919909,1.51185362,0.00542745,0.14229529,0.28517167,0.18062052,0.37773187
4.42721361,2.27438610,2.00368947,0.01968447,1.52427340,0.00560201,0.13564433,0.29233484,0.18058776,0.38610359
4.43321661,2.33309008,2.12094677,0.02013730,1.53506044,0.00577739,0.12879557,0.29906895,0.18048039,0.39401208
4.43921961,2.38817752,2.23088784,0.02055548,1.54457321,0.00595439,0.12189018,0.30536349,0.18038226,0.40146444
4.44522261,2.43947885,2.33193116,0.02093747,1.55318324,0.00613401,0.11506568,0.31121810,0.18037706,0.40847825
4.45122561,2.48691409,2.42266446,0.02128240,1.56127274,0.00631746,0.10845348,0.31664479,0.18054690,0.41508327
4.45722861,2.53050837,2.50189145,0.02159025,1.56923247,0.00650613,0.10217690,0.32166992,0.18097089,0.42132298
4.46323162,2.57040344,2.56867118,0.02186192,1.57745926,0.00670163,0.09634954,0.32633553,0.18172385,0.42725555
4.46923462,2.60686371,2.62234754,0.02209930,1.58635257,0.00690568,0.09107417,0.33069998,0.18287498,0.43295414
4.47523762,2.64027540,2.66256749,0.02230530,1.59630944,0.00712012,0.08644179,0.33483768,0.18448648,0.43850620
4.48124062,2.67113799,2.68928670,0.02248378,1.60771745,0.00734679,0.08253119,0.33883761,0.18661219,0.44401178
4.48724362,2.70004755,2.70276227,0.02263945,1.62094552,0.00758750,0.07940848,0.34280083,0.18929600,0.44958069
4.49324662,2.72767228,2.70353278,0.02277766,1.63633257,0.00784385,0.07712686,0.34683676,0.19257037,0.45532860
4.49924962,2.75472100,2.69238680,0.02290421,1.65417441,0.00811717,0.07572641,0.35105853,0.19645468,0.46137216
4.50525263,2.78190610,2.67032136,0.02302504,1.67470939,0.00840837,0.07523385,0.35557736,0.20095378,0.46782342
4.51125563,2.80990276,2.63849294,0.02314590,1.69810375,0.00871781,0.07566225,0.36049644,0.20605656,0.47478381
4.51725863,2.83930698,2.59816328,0.02327207,1.72443755,0.00904520,0.07701069,0.36590453,0.21173487,0.48233800
4.52326163,2.87059474,2.55064342,0.02340798,1.75369242,0.00938950,0.07926390,0.37186964,0.21794278,0.49054811
4.52926463,2.90408509,2.49723854,0.02355697,1.78574202,0.00974885,0.08239190,0.37843317,0.22461635,0.49944853
4.53526763,2.93990959,2.43919684,0.02372101,1.82034639,0.01012053,0.08634966,0.38560497,0.23167395,0.50904190
4.54127064,2.97799025,2.37766487,0.02390050,1.85715089,0.01050092,0.09107699,0.39335957,0.23901730,0.51929635
4.54727364,3.01802776,2.31365148,0.02409421,1.89569017,0.01088561,0.09649861,0.40163389,0.24653311,0.53014436
4.55327664,3.05950100,2.24800190,0.02429921,1.93539757,0.01126941,0.10252451,0.41032674,0.25409552,0.54148335
4.55927964,3.10167831,2.18138297,0.02451099,1.97561960,0.01164651,0.10905078,0.41930005,0.26156913,0.55317800
4.56528264,3.14364016,2.11427942,0.02472356,2.01563499,0.01201062,0.11596079,0.42838209,0.26881253,0.56506421
4.57128564,3.18431212,2.04700107,0.02492972,2.05467754,0.01235516,0.12312699,0.43737231,0.27568234,0.57695452
4.57728864,3.22250649,1.97969956,0.02512138,2.09196150,0.01267350,0.13041303,0.44604783,0.28203745,0.58864463
4.58329165,3.25697043,1.91239309,0.02528986,2.12670819,0.01295912,0.13767652,0.45417123,0.28774329,0.59992076
4.58929465,3.28643778,1.84499731,0.02542632,2.15817240,0.01320590,0.14477203,0.46149919,0.29267599,0.61056732
4.59529765,3.30968206,1.77735984,0.02552212,2.18566719,0.01340831,0.15155452,0.46779170,0.29672625,0.62037456
4.60130065,3.32556756,1.70929653,0.02556922,2.20858563,0.01356160,0.15788295,0.47282129,0.29980252,0.62914575
4.60730365,3.33309617,1.64062695,0.02556050,2.22641862,0.01366199,0.16362383,0.47638192,0.30183373,0.63670352
4.61330665,3.33144749,1.57120721,0.02549009,2.23876769,0.01370678,0.16865484,0.47829706,0.30277103,0.64289507
4.61930965,3.32001053,1.50095861,0.02535358,2.24535260,0.01369445,0.17286808,0.47842660,0.30258877,0.64759610
4.62531266,3.29840581,1.42989063,0.02514819,2.24601352,0.01362471,0.17617297,0.47667234,0.30128463,0.65071337
4.63131566,3.26649732,1.35811771,0.02487284,2.24070811,0.01349848,0.17849859,0.47298182,0.29887884,0.65218576
4.63731866,3.22439437,1.28586924,0.02452820,2.22950424,0.01331786,0.17979540,0.46735034,0.29541270,0.65198420
4.64332166,3.17244407,1.21349315,0.02411663,2.21256910,0.01308603,0.18003628,0.45982126,0.29094644,0.65011038
4.64932466,3.11121564,1.14145325,0.02364205,2.19015598,0.01280715,0.17921676,0.45048455,0.28555664,0.64659471
4.65532766,3.04147808,1.07032133,0.02310978,2.16258979,0.01248622,0.17735453,0.43947384,0.27933331,0.64149374
4.66133067,2.96417301,1.00076487,0.02252640,2.13025259,0.01212889,0.17448822,0.42696207,0.27237684,0.63488731
4.66733367,2.88038459,0.93353147,0.02189948,2.09357013,0.01174133,0.17067561,0.41315617,0.26479503,0.62687572
4.67333667,2.79130833,0.86943101,0.02123740,2.05300025,0.01133005,0.16599116,0.39829095,0.25670024,0.61757721
4.67933967,2.69822044,0.80931666,0.02054915,2.00902387,0.01090174,0.16052323,0.38262251,0.24820692,0.60712583
4.68534267,2.60244891,0.75406542,0.01984414,1.96213861,0.01046314,0.15437102,0.36642155,0.23942944,0.59566979
4.69134567,2.50534740,0.70455902,0.01913201,1.91285521,0.01002089,0.14764128,0.34996664,0.23048044,0.58337030
4.69734867,2.40827230,0.66166539,0.01842250,1.86169619,0.00958148,0.14044510,0.33353789,0.22146952,0.57040083
4.70335168,2.31256308,0.62622109,0.01772534,1.80919625,0.00915110,0.13289479,0.31741097,0.21250241,0.55694655
4.70935468,2.21952570,0.59901456,0.01705013,1.75590357,0.00873562,0.12510104,0.30185170,0.20368033,0.54320376
4.71535768,2.13041831,0.58077006,0.01640627,1.70238089,0.00834053,0.11717031,0.28711118,0.19509973,0.52937915
4.72136068,2.04643861,0.57213212,0.01580286,1.64920565,0.00797089,0.10920271,0.27342152,0.18685207,0.51568846
4.72736368,1.96871196,0.57364994,0.01524867,1.59696811,0.00763133,0.10129030,0.26099209,0.17902358,0.50235446
4.73336668,1.89827925,0.58576190,0.01475197,1.54626687,0.00732599,0.09351572,0.25000624,0.17169506,0.48960406
4.73936968,1.83608409,0.60877957,0.01432053,1.49770119,0.00705849,0.08595141,0.24061845,0.16494139,0.47766435
4.74537269,1.78295858,0.64287161,0.01396142,1.45186014,0.00683195,0.07865914,0.23295188,0.15883094,0.46675768
4.75137569,1.73960778,0.68804758,0.01368091,1.40930847,0.00664890,0.07168991,0.22709618,0.15342467,0.45709592
4.75737869,1.70659295,0.74414220,0.01348433,1.37057010,0.00651128,0.06508418,0.22310577,0.14877506,0.44887389
4.76338169,1.68431410,0.81080077,0.01337588,1.33610958,0.00642036,0.05887237,0.22099833,0.14492484,0.44226250
4.76938469,1.67299299,0.88746662,0.01335846,1.30631304,0.00637673,0.05307556,0.22075389,0.14190566,0.43740186
4.77538769,1.67265741,0.97337171,0.01343352,1.28146962,0.00638024,0.04770626,0.22231436,0.13973669,0.43439480
4.78139070,1.68312847,1.06753148,0.01360090,1.26175476,0.00642998,0.04276939,0.22558375,0.13842347,0.43330128
4.78739370,1.70401201,1.16874515,0.01385872,1.24721682,0.00652425,0.03826322,0.23042918,0.13795689,0.43413413
4.79339670,1.73469569,1.27560256,0.01420327,1.23776816,0.00666058,0.03418037,0.23668283,0.13831260,0.43685654
4.79939970,1.77435298,1.38649827,0.01462900,1.23318174,0.00683572,0.03050878,0.24414487,0.13945093,0.44138163
4.80540270,1.82195480,1.49965369,0.01512852,1.23309402,0.00704576,0.02723267,0.25258748,0.14131729,0.44757433
4.81140570,1.87628950,1.61314723,0.01569274,1.23701443,0.00728611,0.02433339,0.26175996,0.14384330,0.45525568
4.81740870,1.93599116,1.72495229,0.01631097,1.24434157,0.00755170,0.02179031,0.27139496,0.14694851,0.46420947
4.82341171,1.99957580,1.83298234,0.01697117,1.25438554,0.00783709,0.01958158,0.28121550,0.15054273,0.47419113
4.82941471,2.06548440,1.93514189,0.01766027,1.26639562,0.00813661,0.01768478,0.29094287,0.15452902,0.48493841
4.83541771,2.13213151,2.02938159,0.01836445,1.27959216,0.00844458,0.01607765,0.30030492,0.15880701,0.49618343
4.84142071,2.19795725,2.11375551,0.01906958,1.29320098,0.00875546,0.01473854,0.30904461,0.16327670,0.50766558
4.84742371,2.26148068,2.18647823,0.01976159,1.30648877,0.00906409,0.01364697,0.31692831,0.16784236,0.51914448
4.85342671,2.32135201,2.24597927,0.02042692,1.31879747,0.00936586,0.01278394,0.32375360,0.17241639,0.53041234
4.85942971,2.37640101,2.29095237,0.02105292,1.32957577,0.00965688,0.01213231,0.32935613,0.17692306,0.54130502
4.86543272,2.42567933,2.32039727,0.02162823,1.33840601,0.00993411,0.01167693,0.33361519,0.18130179,0.55171110
4.87143572,2.46849423,2.33365199,0.02214314,1.34502490,0.01019552,0.01140479,0.33645767,0.18550985,0.56157832
4.87743872,2.50443205,2.33041388,0.02258983,1.34933672,0.01044009,0.01130498,0.33786023,0.18952438,0.57091688
4.88344172,2.53336983,2.31074848,0.02296263,1.35141821,0.01066787,0.01136866,0.33784944,0.19334344,0.57979939
4.88944472,2.55547422,2.27508548,0.02325807,1.35151454,0.01087994,0.01158878,0.33649983,0.19698616,0.58835717
4.89544772,2.57118761,2.22420215,0.02347498,1.35002664,0.01107831,0.01195985,0.33392997,0.20049190,0.59677307
4.90145073,2.58120177,2.15919482,0.02361438,1.34749000,0.01126577,0.01247752,0.33029664,0.20391831,0.60527090
4.90745373,2.58642018,2.08143984,0.02367934,1.34454633,0.01144574,0.01313818,0.32578740,0.20733847,0.61410205
4.91345673,2.58791077,1.99254592,0.02367477,1.34190899,0.01162201,0.01393841,0.32061184,0.21083724,0.62352985
4.91945973,2.58685127,1.89429991,0.02360707,1.34032423,0.01179854,0.01487451,0.31499192,0.21450679,0.63381243
4.92546273,2.58446978,1.78860870,0.02348384,1.34052992,0.01197914,0.01594192,0.30915194,0.21844167,0.64518493
4.93146573,2.58198346,1.67743966,0.02331345,1.34321399,0.01216725,0.01713472,0.30330849,0.22273352,0.65784205
4.93746873,2.58053838,1.56276227,0.02310464,1.34897459,0.01236570,0.01844516,0.29766092,0.22746581,0.67192188
4.94347174,2.58115334,1.44649320,0.02286611,1.35828403,0.01257646,0.01986327,0.29238280,0.23270859,0.68749186
4.94947474,2.58467050,1.33044687,0.02260618,1.37145834,0.01280044,0.02137656,0.28761473,0.23851381,0.70453779
4.95547774,2.59171501,1.21629318,0.02233238,1.38863392,0.01303743,0.02296983,0.28345881,0.24491121,0.72295653
4.96148074,2.60266568,1.10552360,0.02205126,1.40975259,0.01328596,0.02462512,0.27997504,0.25190510,0.74255286
4.96748374,2.61763772,0.99942615,0.02176809,1.43455563,0.01354332,0.02632181,0.27717977,0.25947212,0.76304082
4.97348674,2.63647834,0.89906972,0.02148680,1.46258730,0.01380560,0.02803687,0.27504618,0.26756017,0.78404965
4.97948974,2.65877506,0.80529723,0.02120986,1.49320751,0.01406783,0.02974525,0.27350687,0.27608855,0.80513402
4.98549275,2.68387604,0.71872718,0.02093835,1.52561310,0.01432414,0.03142037,0.27245811,0.28494934,0.82578822
4.99149575,2.71092114,0.63976253,0.02067205,1.55886672,0.01456796,0.03303484,0.27176579,0.29400990,0.84546365
4.99749875,2.73888180,0.56860578,0.02040961,1.59193186,0.01479234,0.03456110,0.27127255,0.30311657,0.86358882
5.00350175,2.76660766,0.50527890,0.02014878,1.62371236,0.01499017,0.03597229,0.27080574,0.31209916,0.87959084
5.00950475,2.79287743,0.44964688,0.01988666,1.65309469,0.01515452,0.03724305,0.27018585,0.32077635,0.89291746
5.01550775,2.81645133,0.40144334,0.01962001,1.67899093,0.01527891,0.03835034,0.26923500,0.32896147,0.90305854
5.02151076,2.83612282,0.36029730,0.01934554,1.70038063,0.01535757,0.03927425,0.26778498,0.33646869,0.90956597
5.02751376,2.85076719,0.32575983,0.01906023,1.71634977,0.01538569,0.03999870,0.26568466,0.34311913,0.91207106
5.03351676,2.85938497,0.29732973,0.01876160,1.72612527,0.01535963,0.04051203,0.26280627,0.34874685,0.91029869
5.03951976,2.86113872,0.27447770,0.01844795,1.72910368,0.01527700,0.04080754,0.25905052,0.35320432,0.90407755
5.04552276,2.85538200,0.25666845,0.01811861,1.72487319,0.01513680,0.04088381,0.25435014,0.35636732,0.89334615
5.05152576,2.84167994,0.24338032,0.01777406,1.71322832,0.01493945,0.04074488,0.24867206,0.35813892,0.87815441
5.05752876,2.81982121,0.23412262,0.01741608,1.69417705,0.01468671,0.04040030,0.24201794,0.35845265,0.85866096
5.06353177,2.78982191,0.22845024,0.01704783,1.66794051,0.01438167,0.03986502,0.23442331,0.35727447,0.83512629
5.06953477,2.75192176,0.22597597,0.01667385,1.63494570,0.01402855,0.03915914,0.22595540,0.35460387,0.80790256
5.07553777,2.70657385,0.22638040,0.01630004,1.59581202,0.01363262,0.03830752,0.21670985,0.35047376,0.77742029
5.08154077,2.65442890,0.22941966,0.01593363,1.55133234,0.01319998,0.03733925,0.20680651,0.34494944,0.74417306
5.08754377,2.59631525,0.23493096,0.01558304,1.50244986,0.01273735,0.03628717,0.19638464,0.33812662,0.70870072
5.09354677,2.53321591,0.24283622,0.01525777,1.45023179,0.01225188,0.03518716,0.18559770,0.33012863,0.67157216
5.09954977,2.46624343,0.25314354,0.01496825,1.39584089,0.01175098,0.03407749,0.17460811,0.32110292,0.63336821
5.10555278,2.39661382,0.26594677,0.01472560,1.34050600,0.01124210,0.03299814,0.16358200,0.31121708,0.59466544
5.11155578,2.32561992,0.28142284,0.01454148,1.28549245,0.01073256,0.03199008,0.15268442,0.30065435,0.55602155
5.11755878,2.25460484,0.29982700,0.01442780,1.23207310,0.01022944,0.03109461,0.14207494,0.28960894,0.51796247
5.12356178,2.18493568,0.32148569,0.01439646,1.18150060,0.00973939,0.03035267,0.13190394,0.27828119,0.48097188
5.12956478,2.11797763,0.34678707,0.01445906,1.13498146,0.00926861,0.02980423,0.12230953,0.26687276,0.44548288
5.13556778,2.05506859,0.37616915,0.01462659,1.09365199,0.00882267,0.02948767,0.11341521,0.25558184,0.41187221
5.14157079,1.99749414,0.41010555,0.01490908,1.05855659,0.00840653,0.02943919,0.10532833,0.24459869,0.38045660
5.14757379,1.94646295,0.44908908,0.01531523,1.03062828,0.00802444,0.02969232,0.09813910,0.23410139,0.35149124
5.15357679,1.90308284,0.49361326,0.01585207,1.01067162,0.00767991,0.03027738,0.09192029,0.22425205,0.32517007
5.15957979,1.86833754,0.54415235,0.01652456,0.99934809,0.00737572,0.03122105,0.08672752,0.21519343,0.30162753
5.16558279,1.84306469,0.60114021,0.01733528,0.99716393,0.00711384,0.03254594,0.08259984,0.20704616,0.28094155
5.17158579,1.82793560,0.66494872,0.01828408,1.00446057,0.00689548,0.03427025,0.07956080,0.19990646,0.26313737
5.17758879,1.82343739,0.73586628,0.01936780,1.02140780,0.00672105,0.03640744,0.07761961,0.19384457,0.24819204
5.18359180,1.82985824,0.81407746,0.02058008,1.04799979,0.00659020,0.03896600,0.07677254,0.18890385,0.23603920
5.18959480,1.84727671,0.89964423,0.02191122,1.08405433,0.00650179,0.04194927,0.07700431,0.18510057,0.22657413
5.19559780,1.87555552,0.99248984,0.02334814,1.12921519,0.00645395,0.04535536,0.07828949,0.18242440,0.21965879
5.20160080,1.91434075,1.09238598,0.02487451,1.18295815,0.00644411,0.04917709,0.08059372,0.18083963,0.21512676
5.20760380,1.96306664,1.19894376,0.02647086,1.24460043,0.00646907,0.05340207,0.08387492,0.18028701,0.21278816
5.21360680,2.02096625,1.31160928,0.02811500,1.31331382,0.00652503,0.05801284,0.08808418,0.18068630,0.21243428
5.21960980,2.08708785,1.42966377,0.02978242,1.38814120,0.00660771,0.06298700,0.09316657,0.18193924,0.21384214
5.22561281,2.16031666,1.55222885,0.03144683,1.46801631,0.00671243,0.06829749,0.09906164,0.18393307,0.21677879
5.23161581,2.23940129,1.67827657,0.03308085,1.55178621,0.00683423,0.07391286,0.10570374,0.18654428,0.22100548
5.23761881,2.32298384,1.80664415,0.03465671,1.63823611,0.00696796,0.07979750,0.11302218,0.18964261,0.22628159
5.24362181,2.40963271,1.93605306,0.03614702,1.72611560,0.00710847,0.08591200,0.12094115,0.19309512,0.23236837
5.24962481,2.49787668,2.06513171,0.03752559,1.81416579,0.00725066,0.09221335,0.12937955,0.19677008,0.23903240
5.25562781,2.58623919,2.19244126,0.03876814,1.90114633,0.00738965,0.09865519,0.13825078,0.20054071,0.24604880
5.26163082,2.67327137,2.31650371,0.03985308,1.98586155,0.00752088,0.10518807,0.14746241,0.20428852,0.25320417
5.26763382,2.75758292,2.43583139,0.04076212,2.06718503,0.00764022,0.11175958,0.15691598,0.20790624,0.26029904
5.27363682,2.83786973,2.54895718,0.04148079,2.14408166,0.00774405,0.11831458,0.16650693,0.21130015,0.26715012
5.27963982,2.91293764,2.65446461,0.04199885,2.21562690,0.00782931,0.12479536,0.17612469,0.21439187,0.27359199
5.28564282,2.98172197,2.75101707,0.04231054,2.28102254,0.00789359,0.13114194,0.18565309,0.21711949,0.27947848
5.29164582,3.04330244,2.83738557,0.04241468,2.33960887,0.00793509,0.13729234,0.19497108,0.21943810,0.28468356
5.29764882,3.09691385,2.91247448,0.04231458,2.39087309,0.00795267,0.14318307,0.20395388,0.22131978,0.28910190
5.30365183,3.14195254,2.97534460,0.04201784,2.43445394,0.00794583,0.14874974,0.21247454,0.22275303,0.29264906
5.30965483,3.17797920,3.02523350,0.04153602,2.47014286,0.00791462,0.15392783,0.22040598,0.22374175,0.29526134
5.31565783,3.20471845,3.06157240,0.04088414,2.49788180,0.00785967,0.15865373,0.22762334,0.22430389,0.29689538
5.32166083,3.22205587,3.08399967,0.04008013,2.51775810,0.00778205,0.16286593,0.23400686,0.22446978,0.29752757
5.32766383,3.23003278,3.09237045,0.03914425,2.52999683,0.00768325,0.16650644,0.23944489,0.22428032,0.29715328
5.33366683,3.22883938,3.08676240,0.03809834,2.53495083,0.00756507,0.16952242,0.24383723,0.22378496,0.29578593
5.33966983,3.21880651,3.06747730,0.03696528,2.53308898,0.00742957,0.17186786,0.24709841,0.22303978,0.29345606
5.34567284,3.20039623,3.03503845,0.03576824,2.52498285,0.00727900,0.17350535,0.24916094,0.22210544,0.29021027
5.35167584,3.17419140,2.99018378,0.03453014,2.51129213,0.00711570,0.17440792,0.24997830,0.22104522,0.28611014
5.35767884,3.14088422,2.93385469,0.03327311,2.49274904,0.00694208,0.17456062,0.24952755,0.21992320,0.28123110
5.36368184,3.10126382,2.86718077,0.03201804,2.47014203,0.00676054,0.17396206,0.24781136,0.21880242,0.27566126
5.36968484,3.05620284,2.79146038,0.03078424,2.44429896,0.00657341,0.17262555,0.24485943,0.21774325,0.26950018
5.37568784,3.00664303,2.70813774,0.02958911,2.41607007,0.00638296,0.17057998,0.24072913,0.21680183,0.26285767
5.38169085,2.95357997,2.61877659,0.02844809,2.38631107,0.00619134,0.16787026,0.23550531,0.21602866,0.25585238
5.38769385,2.89804723,2.52503120,0.02737447,2.35586660,0.00600055,0.16455723,0.22929933,0.21546733,0.24861056
5.39369685,2.84109998,2.42861528,0.02637949,2.32555465,0.00581244,0.16071718,0.22224724,0.21515343,0.24126459
5.39969985,2.78379875,2.33126953,0.02547239,2.29615209,0.00562870,0.15644085,0.21450720,0.21511366,0.23395166
5.40570285,2.72719348,2.23472858,0.02466058,2.26838197,0.00545086,0.15183199,0.20625626,0.21536519,0.22681236
5.41170585,2.67230852,2.14068825,0.02394985,2.24290276,0.00528026,0.14700547,0.19768663,0.21591523,0.21998942
5.41770885,2.62012885,2.05077365,0.02334457,2.22030005,0.00511811,0.14208511,0.18900144,0.21676097,0.21362636
5.42371186,2.57158799,1.96650915,0.02284798,2.20108075,0.00496542,0.13720122,0.18041037,0.21788977,0.20786639
5.42971486,2.52755768,1.88929066,0.02246241,2.18566998,0.00482309,0.13248791,0.17212508,0.21927976,0.20285129
5.43571786,2.48883954,1.82036078,0.02218955,2.17441060,0.00469185,0.12808035,0.16435470,0.22090068,0.19872035
5.44172086,2.45615854,1.76078731,0.02203063,2.16756505,0.00457232,0.12411200,0.15730147,0.22271513,0.19560942
5.44772386,2.43015800,1.71144526,0.02198658,2.16531922,0.00446498,0.12071180,0.15115662,0.22468000,0.19364986
5.45372686,2.41139580,1.67300266,0.02205813,2.16778785,0.00437022,0.11800154,0.14609657,0.22674825,0.19296755
5.45972986,2.40034119,1.64591015,0.02224591,2.17502066,0.00428832,0.11609335,0.14227953,0.22887071,0.19368157
5.46573287,2.39737166,1.63039429,0.02255036,2.18700878,0.00421945,0.11508725,0.13984247,0.23099801,0.19590285
5.47173587,2.40276936,1.62645468,0.02297168,2.20369061,0.00416372,0.11506905,0.13889850,0.23308249,0.19973244
5.47773887,2.41671659,1.63386458,0.02350966,2.22495653,0.00412110,0.11610830,0.13953471,0.23507995,0.20525938
5.48374187,2.43928989,1.65217508,0.02416346,2.25065207,0.00409150,0.11825647,0.14181027,0.23695121,0.21255832
5.48974487,2.47045288,1.68072276,0.02493138,2.28057902,0.00407471,0.12154539,0.14575505,0.23866335,0.22168663
5.49574787,2.51004770,1.71864067,0.02581050,2.31449454,0.00407041,0.12598586,0.15136851,0.24019056,0.23268127
5.50175088,2.55778560,1.76487273,0.02679641,2.35210818,0.00407814,0.13156651,0.15861894,0.24151466,0.24555530
5.50775388,2.61323722,1.81819138,0.02788291,2.39307737,0.00409731,0.13825296,0.16744317,0.24262510,0.26029436
5.51375688,2.67582352,1.87721857,0.02906165,2.43700175,0.00412717,0.14598731,0.17774664,0.24351855,0.27685314
5.51975988,2.74480830,1.94045007,0.03032200,2.48341723,0.00416680,0.15468797,0.18940388,0.24419819,0.29515210
5.52576288,2.81929354,2.00628269,0.03165078,2.53179062,0.00421511,0.16425002,0.20225961,0.24467251,0.31507475
5.53176588,2.89821874,2.07304448,0.03303228,2.58151582,0.00427081,0.17454604,0.21613037,0.24495401,0.33646569
5.53776888,2.98036537,2.13902742,0.03444822,2.63191260,0.00433247,0.18542750,0.23080677,0.24505770,0.35912967
5.54377189,3.06436730,2.20252209,0.03587797,2.68222885,0.00439843,0.19672683,0.24605646,0.24499955,0.38283190
5.54977489,3.14872809,2.26185366,0.03729881,2.73164710,0.00446693,0.20826017,0.26162783,0.24479505,0.40729994
5.55577789,3.23184535,2.31541862,0.03868632,2.77929589,0.00453605,0.21983071,0.27725444,0.24445798,0.43222713
5.56178089,3.31204230,2.36172100,0.04001500,2.82426622,0.00460379,0.23123276,0.29266015,0.24399946,0.45727776
5.56778389,3.38760599,2.39940752,0.04125882,2.86563319,0.00466809,0.24225637,0.30756485,0.24342745,0.48209401
5.57378689,3.45683137,2.42730020,0.04239201,2.90248235,0.00472687,0.25269244,0.32169076,0.24274667,0.50630433
5.57978989,3.51807000,2.44442570,0.04338985,2.93394004,0.00477815,0.26233814,0.33476908,0.24195906,0.52953338
5.58579290,3.56978159,2.45004024,0.04422947,2.95920682,0.00482002,0.27100256,0.34654683,0.24106471,0.55141292
5.59179590,3.61058657,2.44364922,0.04489069,2.97759249,0.00485076,0.27851232,0.35679361,0.24006334,0.57159343
5.59779890,3.63931747,2.42502080,0.04535679,2.98855122,0.00486889,0.28471688,0.36530813,0.23895615,0.58975595
5.60380190,3.65506677,2.39419285,0.04561518,2.99171502,0.00487321,0.28949349,0.37192416,0.23774802,0.60562359
5.60980490,3.65722904,2.35147306,0.04565802,2.98692367,0.00486288,0.29275132,0.37651577,0.23644991,0.61897221
5.61580790,3.64553515,2.29743195,0.04548262,2.97424944,0.00483743,0.29443486,0.37900141,0.23508129,0.62963971
5.62181091,3.62007673,2.23288920,0.04509174,2.95401478,0.00479682,0.29452615,0.37934697,0.23367249,0.63753338
5.62781391,3.58131926,2.15889364,0.04449368,2.92680150,0.00474146,0.29304583,0.37756736,0.23226673,0.64263494
5.63381691,3.53010279,2.07669758,0.04370212,2.89345044,0.00467220,0.29005301,0.37372665,0.23092169,0.64500289
5.63981991,3.46762961,1.98772655,0.04273589,2.85505062,0.00459031,0.28564380,0.36793673,0.22971049,0.64477191
5.64582291,3.39543895,1.89354542,0.04161839,2.81291775,0.00449750,0.27994855,0.36035458,0.22872185,0.64214927
5.65182591,3.31536929,1.79582218,0.04037702,2.76856223,0.00439584,0.27312802,0.35117800,0.22805946,0.63740826
5.65782891,3.22950931,1.69629062,0.03904228,2.72364726,0.00428772,0.26536847,0.34064033,0.22784030,0.63087883
5.66383192,3.14013927,1.59671322,0.03764690,2.67993854,0.00417579,0.25687597,0.32900405,0.22819217,0.62293590
5.66983492,3.04966485,1.49884548,0.03622480,2.63924694,0.00406288,0.24787012,0.31655364,0.22925014,0.61398559
5.67583792,2.96054596,1.40440270,0.03481004,2.60336668,0.00395192,0.23857741,0.30358798,0.23115233,0.60445025
5.68184092,2.87522325,1.31503030,0.03343577,2.57401115,0.00384583,0.22922457,0.29041255,0.23403486,0.59475263
5.68784392,2.79604506,1.23227827,0.03213320,2.55274942,0.00374747,0.22003199,0.27733171,0.23802640,0.58530019
5.69384692,2.72519781,1.15758043,0.03093066,2.54094598,0.00365953,0.21120776,0.26464137,0.24324241,0.57647001
5.69984992,2.66464233,1.09223864,0.02985276,2.53970682,0.00358446,0.20294218,0.25262218,0.24977941,0.56859519
5.70585293,2.61605870,1.03741214,0.02891969,2.54983417,0.00352438,0.19540322,0.24153357,0.25770941,0.56195316
5.71185593,2.58080150,0.99411174,0.02814672,2.57179244,0.00348104,0.18873290,0.23160868,0.26707500,0.55675662
5.71785893,2.55986716,0.96319858,0.02754378,2.60568705,0.00345576,0.18304471,0.22305028,0.27788516,0.55314723
5.72386193,2.55387441,0.94538684,0.02711539,2.65125755,0.00344943,0.17842212,0.21602778,0.29011219,0.55119259
5.72986493,2.56305818,0.94124976,0.02686060,2.70788559,0.00346245,0.17491817,0.21067528,0.30368981,0.55088632
5.73586793,2.58727701,0.95122816,0.02677328,2.77461757,0.00349476,0.17255599,0.20709057,0.31851271,0.55215135
5.74187094,2.62603310,0.97564073,0.02684247,2.85020127,0.00354586,0.17133029,0.20533502,0.33443761,0.55484600
5.74787394,2.67850383,1.01469504,0.02705296,2.93313485,0.00361484,0.17120954,0.20543427,0.35128570,0.55877270
5.75387694,2.74358299,1.06849874,0.02738596,3.02172597,0.00370039,0.17213877,0.20737956,0.36884671,0.56368861
5.75987994,2.81992981,1.13706998,0.02781987,3.11415836,0.00380094,0.17404278,0.21112960,0.38688411,0.56931777
5.76588294,2.90602320,1.22034652,0.02833117,3.20856255,0.00391462,0.17682963,0.21661276,0.40514159,0.57536403
5.77188594,3.00021903,1.31819310,0.02889528,3.30308756,0.00403942,0.18039418,0.22372963,0.42335031,0.58152416
5.77788894,3.10080777,1.43040657,0.02948746,3.39596982,0.00417319,0.18462160,0.23235575,0.44123681,0.58750052
5.78389195,3.20607020,1.55671874,0.03008367,3.48559629,0.00431376,0.18939065,0.24234449,0.45853114,0.59301274
5.78989495,3.31432910,1.69679685,0.03066137,3.57055852,0.00445897,0.19457678,0.25353005,0.47497488,0.59780792
5.79589795,3.42399497,1.85024195,0.03120021,3.64969539,0.00460674,0.20005473,0.26573053,0.49032880,0.60166899
5.80190095,3.53360459,2.01658538,0.03168259,3.72212253,0.00475514,0.20570088,0.27875120,0.50437971,0.60442094
5.80790395,3.64185114,2.19528395,0.03209415,3.78724742,0.00490239,0.21139512,0.29238778,0.51694633,0.60593484
5.81390695,3.74760571,2.38571437,0.03242406,3.84476996,0.00504692,0.21702238,0.30643003,0.52788391,0.60612974
5.81990995,3.84992990,2.58716747,0.03266513,3.89466889,0.00518741,0.22247379,0.32066538,0.53708736,0.60497232
5.82591296,3.94808003,2.79884314,0.03281390,3.93717554,0.00532275,0.22764759,0.33488284,0.54449298,0.60247483
5.83191596,4.04150366,3.01984640,0.03287044,3.97273681,0.00545208,0.23244977,0.34887706,0.55007853,0.59869136
5.83791896,4.12982956,3.24918540,0.03283815,4.00196991,0.00557476,0.23679455,0.36245254,0.55386189,0.59371291
5.84392196,4.21285217,3.48577170,0.03272337,4.02561178,0.00569038,0.24060479,0.37542782,0.55589833,0.58766161
5.84992496,4.29051220,3.72842326,0.03253500,4.04446619,0.00579874,0.24381226,0.38763973,0.55627654,0.58068445
5.85592796,4.36287446,3.97587027,0.03228397,4.05935159,0.00589979,0.24635793,0.39894746,0.55511374,0.57294684
5.86193097,4.43010438,4.22676378,0.03198275,4.07105253,0.00599366,0.24819225,0.40923623,0.55255007,0.56462639
5.86793397,4.49244436,4.47968695,0.03164483,4.08027702,0.00608057,0.24927540,0.41842054,0.54874250,0.55590702
5.87393697,4.55019089,4.73316845,0.03128421,4.08762191,0.00616086,0.24957752,0.42644679,0.54385868,0.54697367
5.87993997,4.60367317,4.98569757,0.03091492,4.09354749,0.00623492,0.24907895,0.43329504,0.53807079,0.53800776
5.88594297,4.65323384,5.23574029,0.03055061,4.09836211,0.00630317,0.24777032,0.43897979,0.53154988,0.52918326
5.89194597,4.69921207,5.48175576,0.03020420,4.10221687,0.00636606,0.24565261,0.44354973,0.52446064,0.52066366
5.89794897,4.74192914,5.72221235,0.02988754,4.10510988,0.00642398,0.24273704,0.44708634,0.51695704,0.51259946
5.90395198,4.78167648,5.95560290,0.02961121,4.10689899,0.00647731,0.23904483,0.44970127,0.50917877,0.50512636
5.90995498,4.81870605,6.18045846,0.02938432,4.10732167,0.00652633,0.23460671,0.45153256,0.50124858,0.49836393
5.91595798,4.85322281,6.39536033,0.02921442,4.10602028,0.00657124,0.22946232,0.45273984,0.49327059,0.49241463
5.92196098,4.88537913,6.59895029,0.02910744,4.10257082,0.00661214,0.22365936,0.45349852,0.48532955,0.48736314
5.92796398,4.91527086,6.78993886,0.02906761,4.09651345,0.00664897,0.21725263,0.45399322,0.47749088,0.48327591
5.93396698,4.94293482,6.96711202,0.02909755,4.08738281,0.00668155,0.21030288,0.45441068,0.46980150,0.48020085
5.93996998,4.96834773,7.12933648,0.02919824,4.07473674,0.00670956,0.20287557,0.45493239,0.46229126,0.47816704
5.94597299,4.99142627,7.27556410,0.02936908,4.05818191,0.00673250,0.19503960,0.45572718,0.45497489,0.47718461
5.95197599,5.01202840,7.40483567,0.02960797,4.03739552,0.00674976,0.18686599,0.45694411,0.44785425,0.47724466
5.95797899,5.02995572,7.51628461,0.02991134,4.01214216,0.00676057,0.17842666,0.45870598,0.44092077,0.47831930
5.96398199,5.04495702,7.60914091,0.03027422,3.98228570,0.00676406,0.16979321,0.46110360,0.43415796,0.48036182
5.96998499,5.05673285,7.68273540,0.03069032,3.94779596,0.00675924,0.16103589,0.46419121,0.42754388,0.48330709
5.97598799,5.06494126,7.73650459,0.03115208,3.90875040,0.00674509,0.15222271,0.46798316,0.42105334,0.48707217
5.98199100,5.06920446,7.76999596,0.03165077,3.86533131,0.00672054,0.14341866,0.47245204,0.41465995,0.49155728
5.98799400,5.06911657,7.78287354,0.03217657,3.81781908,0.00668453,0.13468517,0.47752833,0.40833782,0.49664708
5.99399700,5.06425220,7.77492358,0.03271865,3.76658212,0.00663608,0.12607969,0.48310166,0.40206288,0.50221231
6.00000000,5.05417599,7.74605994,0.03326536,3.71206444,0.00657428,0.11765541,0.48902356,0.39581394,0.50811193
